発売日,メーカー,タイトル,ハード,容量(bit),ジャンル,価格,ジョブカテゴリ,カウント,⭐クロスレビュー(評価),👥クリエイターズ👨‍💼👨‍💻🎨,👨‍💼ディレクター,👨‍💻プログラマー,🎨デザイナー/美術,🎵音楽,📝シナリオ,💼プロデューサー,
1987-10-30,ハドソン,ビックリマンワールド(Vol.2),PCE,2M,ACT,"￥4,500","￥4,500代",0,-,,,,,,,,
1987-10-30,ハドソン,上海(Vol.4),PCE,1M,PZL,"￥4,500","￥4,500代",0,-,,,,,,,,
1987-11-21,ハドソン,THE功夫(Vol.1),PCE,2M,ACT,"￥4,500","￥4,500代",0,-,,,,,,,,
1987-11-30,ハドソン,カトちゃんケンちゃん(Vol.6),PCE,2M,ACT,"￥4,900","￥5,000代",0,-,,,,,,,,
1987-12-28,ハドソン,ビクトリーラン(Vol.3),PCE,2M,RCG,"￥4,500","￥4,500代",0,-,,,,,,,,
1988-01-22,ハドソン,邪聖剣ネクロマンサー(Vol.5),PCE,2M,RPG,"￥4,500","￥4,500代",0,-,,,,,,,,
1988-02-05,ナムコ,妖怪道中記,PCE,2M,ACT,"￥4,900","￥5,000代",0,-,,,デビル中村,水野一実|ナナチャン大石|木元昌洋|小森谷勇一郎|サラバジャ南|ホルスタイン安斎|カータン榊原,川田宏行,,,
1988-03-25,ハドソン,R-TYPEI(Vol.7),PCE,2M,SHT,"￥4,900","￥5,000代",0,35,,,,,,,,
1988-04-22,ハドソン,遊々人生(Vol.8),PCE,2M,ETC,"￥4,500","￥4,500代",0,-,,,,,,,,
1988-05-20,ナムコ,プロ野球ワールドスタジアム,PCE,2M,SPT,"￥4,900","￥5,000代",0,35,,,天内潤,,川元義徳,,,
1988-06-03,ハドソン,R-TYPEII(Vol.9),PCE,2M,SHT,"￥4,900","￥5,000代",0,35,,,,,,,,
1988-07-08,ハドソン,戦国麻雀(Vol.10),PCE,2M,ETC,"￥4,900","￥5,000代",0,-,,,,,,,,
1988-07-15,ナムコ,ギャラガ'88,PCE,2M,SHT,"￥4,900","￥5,000代",0,-,,,,,川田宏行,,,
1988-07-24,ハドソン,パワーリーグ(Vol.11),PCE,2M,SPT,"￥4,900","￥5,000代",0,31,,,,,,,,
1988-08-11,ナムコ,プロテニスワールドコート,PCE,2M,SPT,"￥4,900","￥5,000代",0,33,,,,,慶野由利子,,,
1988-08-30,ハドソン,魔神英雄伝ワタル(Vol.12),PCE,2M,ACT,"￥4,900","￥5,000代",0,-,,,,,,,,
1988-09-14,ナグザット,エイリアンクラッシュ,PCE,2M,ETC,"￥5,500","￥5,500代",0,33,,,,,迫田敏明[要出典],,,
1988-09-23,メサイヤ,ガイアの紋章,PCE,2M,SLG,"￥5,200","￥5,000代",0,-,,,,,,,,
1988-09-23,ビクター音楽産業,魔境伝説(Vol.1),PCE,2M,ACT,"￥5,200","￥5,000代",0,-,,,,,,,,
1988-10-14,NECアベニュー,ファンタジーゾーン,PCE,2M,SHT,"￥5,900","￥6,000代",0,-,,石井洋児,片木秀一,石井洋児|近藤正樹,川口博史,,,
1988-11-18,ハドソン,定吉七番(Vol.14),PCE,2M,ADV,"￥4,900","￥5,000代",0,-,,,,,,,,
1988-12-04,NEC-HE/ハドソン,CD-ROM2SYSTEMVer1.0,PCE,2M,SYS,"￥57,300","￥57,500代",0,-,,,,,,,,
1988-12-04,NEC-HE/ハドソン,CD-ROM2SYSTEMVer2.0,PCE,2M,SYS,"￥57,300","￥57,500代",0,-,,,,,,,,
1988-12-09,NECアベニュー,スペースハリアー,PCE,4M,SHT,"￥6,700","￥6,500代",0,-,,藤井睦弘(セガ・マークIII),三船敏(アーケード)|川竹英士(アーケード)|中裕司(セガ・マークIII),鈴木裕(アーケード)|麻生宏(アーケード)|津田知介(アーケード)|永田英朗(アーケード)|貞森康毅(セガ・マークIII),川口博史(アーケード)|鈴木裕(アーケード)|上保徳彦(セガ・マークIII),中裕司(セガ・マークIII)|藤井睦弘(セガ・マークIII)|百田浩司(セガ・マークIII),金成貫(アーケード)|中裕司(セガ・マークIII),
1988-12-16,ナムコ,ドラゴンスピリット,PCE,2M,SHT,"￥5,500","￥5,500代",0,32,,YOKO BOSS,田中京太,OJISAN TRIO PLUS 1|石川達也|MACCHAN|ARAKAWA DA!,細江慎治,,,
1988-12-22,ハドソン,あっぱれゲートボール(Vol.13),PCE,2M,SPT,"￥4,900","￥5,000代",0,-,,,,,,,,
1989-01-14,アイレム,ビジランテ(Vol.1),PCE,3M,ACT,"￥6,300","￥6,500代",0,30,,,,,,,,
1989-01-27,NECアベニュー,ソンソンII,PCE,2M,ACT,"￥5,400","￥5,500代",0,-,,,,,,,,
1989-02-09,ハドソン,ネクタリス(Vol.16),PCE,3M,SLG,"￥5,800","￥6,000代",0,31,,,,,,,,
1989-02-23,メサイヤ,モトローダー,PCE,2M,RCG,"￥5,200","￥5,000代",0,-,,,M.IWASHITA,大張正己,ガブリンサウンド,,白倉安昌,
1989-03-01,フェイス,はにい･いんざ･すかい,PCE,2M,SHT,"￥5,200","￥5,000代",0,30,,,こうもりだんしゃく|ながさわみきや,熊倉賢一|ばばあつし|おのでらこうじ,岩永敦子,,三金堂,
1989-03-03,データイースト,ウイニングショット,PCE,2M,SPT,"￥5,500","￥5,500代",0,-,,,,,,,,
1989-03-04,ハドソン,ダンジョンエクスプローラ(Vol.15),PCE,3M,A-PRG,"￥5,800","￥6,000代",0,-,,,,,,,,
1989-03-17,サンソフト,アウトライブ,PCE,2M,RPG,"￥5,600","￥5,500代",0,-,,,,,,,,
1989-03-18,メサイヤ,改造町人シュビビンマン,PCE,2M,ACT,"￥5,200","￥5,000代",0,-,,白倉安昌,,うらべ・すう,ガブリンサウンド,,土田俊郎,
1989-03-20,エイコム,P-47,PCE,2M,SHT,"￥5,200","￥5,000代",0,-,,,,,,,,
1989-03-23,パックインビデオ,F1PILOT,PCE,3M,RCG,"￥6,300","￥6,500代",0,-,,,,,,,,
1989-03-23,ビクター音楽産業,死霊戦線,PCE,2M,A-PRG,"￥5,500","￥5,500代",0,-,,,,,,,,
1989-03-28,メサイヤ,がんばれ!ゴルフボーイズ,PCE,2M,SPT,"￥5,300","￥5,500代",0,-,,,,,,,,
1989-03-31,パックインビデオ,ディープブルー海底神話,PCE,2M,SHT,"￥5,300","￥5,500代",0,-,,,,,,,,
1989-03-31,タイトー,究極タイガー,PCE,2M,SHT,"￥5,500","￥5,500代",0,33,,,弓削雅稔|上村建也,,弓削雅稔|上村建也,,,
1989-04-01,データイースト,魔界八犬伝SHADA,PCE,2M,RPG,"￥5,800","￥6,000代",0,-,,巌光生,T.OGAWA|T.SUZUKI|GUMON|K.KAMIMURA,M.RAI|T.ITO|巌光生,酒井省吾|岩崎正明|三浦孝史|濱田誠一|鈴木雄司|高濱祐輔,,,
1989-04-19,メサイヤ,エナジー,PCE,2M,ACT,"￥5,200","￥5,000代",0,-,,,,,,,,
1989-04-21,ナムコ,ワンダーモモ,PCE,2M,ACT,"￥6,800","￥7,000代",0,-,,,弓達公雄,,弓達公雄,,,
1989-04-27,ハドソン,凄ノ王伝説(Vol.17),PCE,4M,RPG,"￥6,500","￥6,500代",0,-,,,,,,,,
1989-05-25,ハドソン,パワーゴルフ(Vol.18),PCE,3M,SPT,"￥5,800","￥6,000代",0,-,,,,,,,,
1989-05-30,ナグザット,ナグザットオープン,PCE,3M,SPT,"￥6,300","￥6,500代",0,-,,,,,,,,
1989-05-30,ナグザット,ナグザットスタジアム,PCE,4M,SPT,"￥6,300","￥6,500代",0,-,,,,,,,,
1989-06-01,ナムコ,パックランド,PCE,2M,ACT,"￥5,200","￥5,000代",0,30,,,岸本好弘,佐藤誠市|根來司|小野浩,慶野由利子,,,
1989-06-19,ビデオシステム,わいわい麻雀,PCE,3M,ETC,"￥5,800","￥6,000代",0,-,,,,,,,,
1989-06-22,ヒューマン,ファイヤープロレスリングコンビネーションタッグ,PCE,3M,SPT,"￥6,300","￥6,500代",0,-,,,増田雅人|林徹,増田雅人|笹沢英昭|笹沢英昭|小林裕一|中島良一,橋本正樹,,,
1989-06-23,フェイス,サイバークロス,PCE,4M,ACT,"￥6,300","￥6,500代",0,-,,,,,,,,
1989-06-28,ビッグクラブ,神武伝承,PCE,4M,ACT,"￥6,700","￥6,500代",0,-,,,,,,,,
1989-06-30,タイトー,ニンジャウォーリアーズ,PCE,3M,ACT,"￥6,200","￥6,000代",0,-,,緒方正樹,永田喜久|岩崎雄二|わたべよしゆき|緒方正樹|佐々木大輔,辻野浩司|石川幸生,小倉久佳,辻野浩司,末角要次郎,
1989-07-07,ハドソン,ガンヘッド(Vol.19),PCE,3M,SHT,"￥6,200","￥6,000代",0,30,,,,,,,,
1989-07-07,ナムコ,ファイナルラップツイン,PCE,3M,RCG,"￥6,200","￥6,000代",0,30,,,,,細江慎治,,,
1989-07-14,NECアベニュー,サイドアーム,PCE,2M,SHT,"￥5,400","￥5,500代",0,-,,,,,,,,
1989-07-28,エイコム,武田信玄,PCE,2M,ACT,"￥5,600","￥5,500代",0,-,,,,,,,,
1989-08-04,マイクロキャビン,めぞん一刻,PCE,2M,ADV,"￥5,900","￥6,000代",0,-,,,,,周防義和,岡田惠和,,
1989-08-08,ハドソン,パワーリーグII(Vol.20),PCE,3M,SPT,"￥5,800","￥6,000代",0,31,,,,,,,,
1989-08-10,ナグザット,ブレイクイン,PCE,2M,ETC,"￥5,500","￥5,500代",0,30,,,,,,,,
1989-08-25,NECアベニュー,F1ドリーム,PCE,2M,RCG,"￥5,400","￥5,500代",0,-,,,,,松前真奈美,,,
1989-08-25,ビッグクラブ,ロックオン,PCE,4M,SHT,"￥6,700","￥6,500代",0,-,,,,,,,,
1989-09-01,データイースト,ならずもの戦闘部隊ブラッディウルフ,PCE,4M,ACT,"￥6,500","￥6,500代",0,-,,,,,,,,
1989-09-08,ナムコ,オーダイン,PCE,4M,SHT,"￥6,800","￥7,000代",0,-,,すなどりねこさん|ウォンウォン,スローロ田中,大石益也|小森谷勇一郎|安斎じゅんこ|インドリ中村,細江慎治,,中村雅哉,
1989-09-15,ハドソン,スーパー桃太郎電鉄(Vol.21),PCE,3M,ETC,"￥5,800","￥6,000代",0,-,,,,,,,,
1989-09-22,NECアベニュー,獣王記,PCE,4M,ACT,"￥5,800","￥6,000代",0,-,,,穂苅健一(AC)|浅井敏典(MD)|松田達夫(MD)|百田浩司(MD),内田誠(AC)|安原広和(AC)|NO NUKES(MD)|HAGA(AC)|梶本隆博(AC)|小玉理恵子(MD)|UDI(MD),中林亨(AC)|長井和彦(MD),,,
1989-09-29,NEC-HE,アーティストツール,PCE,2M,ETC,"￥5,800","￥6,000代",0,-,,,,,,,,
1989-09-29,メサイヤ,ダブルダンジョン,PCE,2M,RPG,"￥5,500","￥5,500代",0,-,,,,,,,,
1989-10-13,ナグザット,デジタルチャンプバトルボクシング,PCE,2M,SPT,"￥5,800","￥6,000代",0,-,,,,,,,,
1989-10-20,トンキンハウス,竜の子ファイター,PCE,3M,ACT,"￥5,600","￥5,500代",0,-,,,,,,,,
1989-10-31,ハドソン,ドラえもん迷宮大作戦(Vol.22),PCE,2M,ACT,"￥4,900","￥5,000代",0,-,,,,,,,,
1989-11-03,インテック,都留照人の実戦株式倍バイゲーム,PCE,2M,SLG,"￥9,800","￥10,000代",0,-,,,,,,,,
1989-11-17,ハドソン,ニュートピア(Vol.23),PCE,3M,A-PRG,"￥5,800","￥6,000代",0,-,,,,,,,,
1989-11-17,フェイス,麻雀学園東間宗四郎登場,PCE,4M,ETC,"￥7,980","￥8,000代",0,32,,,,,,,,
1989-11-22,サリオ,大地くんクライシス,PCE,3M,SLG,"￥6,400","￥6,500代",0,32,,TARO,MICHEL,YOSIMI SEKI|ISOBEE|ALICE|チャイコフ YANO|NAKAJIMA,TSUKUSHI,,TATSUYA SHIMAZU|YUZO NAKAKUKI,
1989-11-23,ビクター音楽産業,ジャックニクラウスチャンピオンシップゴルフ,PCE,2M,SPT,"￥6,200","￥6,000代",0,-,,,,,,,,
1989-11-25,タイトー,バリバリ伝説,PCE,3M,RCG,"￥6,600","￥6,500代",0,-,,,,,新田一郎,渡邊由自/渡辺麻実,,
1989-11-30,ハドソン,バトルエース,PCE,4M,SHT,"￥6,500","￥6,500代",0,-,,,,,前野知常,,,
1989-12-01,アイレム,Mr.HELIの大冒険(Vol.2),PCE,4M,SHT,"￥6,700","￥6,500代",0,-,,,,,,,,
1989-12-01,エイコム,USAプロバスケットボール,PCE,2M,SPT,"￥5,600","￥5,500代",0,-,,,,,,,,
1989-12-08,クリーム,ブルファイトリングの覇者,PCE,2M,SPT,"￥6,300","￥6,500代",0,-,,,,,,,,
1989-12-08,アスミック,忍SHINOBI,PCE,3M,ACT,"￥6,800","￥7,000代",0,-,,菅野豊,,,川上康広,,,
1989-12-15,ハドソン,PC原人(Vol.24),PCE,3M,ACT,"￥5,800","￥6,000代",0,-,,,,,,,,
1989-12-15,インテック,これがプロ野球'89,PCE,2M,SPT,"￥5,800","￥6,000代",0,-,,,,,,,,
1989-12-22,パックインビデオ,ナイトライダースペシャル,PCE,2M,RCG,"￥5,800","￥6,000代",0,-,,,,,,,,
1989-12-22,タイトー,ヘビーユニット,PCE,3M,SHT,"￥6,600","￥6,500代",0,-,,金子浩,いがらしすぐる|Y.YAMAUCHI|かとうたけお,まつおかけいすけ|たじまとくひさ|いちかわひでふみ|ふなつあやこ|おきもととしこ|A.YAZAKI,渡辺達也|あいずせいいち,,,
1989-12-22,サンソフト,弁慶外伝(Vol.2),PCE,3M,RPG,"￥6,200","￥6,000代",0,-,,,,,,,,
1989-12-23,ヒューマン,F1トリプルバトル,PCE,3M,RCG,"￥6,300","￥6,500代",0,-,,,,,,,,
1989-12-27,タイトー,ヴォルフィード,PCE,3M,PZL,"￥6,600","￥6,500代",0,30,,,こばやしよしのり|つかのとしあき|おきよういち,三辻富貴朗|三辻富貴朗|讃岐平|栗城源也,小倉久佳,,,
1990-01-19,UPL,アトミックロボキッド(Vol.1),PCE,4M,SHT,"￥6,700","￥6,500代",0,-,,,,,,,,
1990-01-26,メサイヤ,ガイフレーム,PCE,3M,SLG,"￥5,800","￥6,000代",0,-,,,,,,,,
1990-01-26,タイトー,タイトーチェイスH.Q.,PCE,3M,RCG,"￥6,600","￥6,500代",0,30,,,,酒匂弘幸,浅野孝已,,,
1990-01-26,ナグザット,逐電屋藤兵衛,PCE,4M,ADV,"￥6,700","￥6,500代",0,-,,,,ほほ梅麿,,藤木隻,,
1990-02-01,ニチブツ,麻雀刺客列伝麻雀ウォーズ,PCE,2M,ETC,"￥5,400","￥5,500代",0,-,,,,,,,,
1990-02-07,ビデオシステム,スーパーバレーボール,PCE,2M,SPT,"￥5,800","￥6,000代",0,-,,,,,,,,
1990-02-23,タイトー,ニュージーランドストーリー,PCE,3M,ACT,"￥6,600","￥6,500代",0,-,,,,,小倉久佳|山田靖子|渡部恭久,,,
1990-02-23,ハドソン,ブロディア(Vol.25),PCE,1M,PZL,"￥4,500","￥4,500代",0,-,,,,,,,,
1990-02-23,ビクター音楽産業,虎への道,PCE,3M,ACT,"￥6,700","￥6,500代",0,-,,リー・ウォン|藤原得郎,,,河本圭代|藤田晴美,,,
1990-02-23,メサイヤ,飛装騎兵カイザード,PCE,3M,SLG,"￥6,200","￥6,000代",0,-,,,,,,,,
1990-03-01,ナグザット,パラノイア,PCE,2M,SHT,"￥5,800","￥6,000代",0,-,,,,,,,,
1990-03-02,サンソフト,シティハンター,PCE,3M,ACT,"￥6,300","￥6,500代",0,-,,,,,,北条司,,
1990-03-02,タイトー,スペースインベーダーズ復活の日,PCE,2M,SHT,"￥5,900","￥6,000代",0,-,,,,,岩垂徳行,,,
1990-03-02,メサイヤ,謎のマスカレード,PCE,4M,ADV,"￥6,000","￥6,000代",0,-,,,,,,,,
1990-03-09,I.G.S.,サイバーコア,PCE,3M,SHT,"￥6,700","￥6,500代",0,-,,ひさとみけんじ,望月成|BOKEGI!,加藤清文|久保田覚|ゆもとまさしげ,村井俊夫|寺本昌弘,神山修一,よこやまことし,
1990-03-10,ナムコ,源平討魔伝,PCE,4M,ACT,"￥6,800","￥7,000代",0,32,,,大久保良一,阿部信彦|高橋由鬼夫|穴田悟,中潟憲雄,高橋由鬼夫|大久保良一|中潟憲雄,,
1990-03-16,メディアリング,倉庫番ワールド,PCE,1M,PZL,"￥5,400","￥5,500代",0,-,,,,,,,,
1990-03-23,パックインビデオ,アームドF,PCE,2M,SHT,"￥6,700","￥6,500代",0,-,,たなかたかのり,とみやまおさむ|ふじわらさとし,こばやしともあき|筒井久弥|くぼたしんじ,吉田健志,,,
1990-03-27,タイトー,奇々怪界,PCE,4M,ACT,"￥5,500","￥5,500代",0,-,,波多野幹夫,石田一朋|佐々木大輔,薮崎久也|西村年幸|三方一哉,小倉久佳(ZUNTATA),,,
1990-03-30,ハドソン,BEBALL(Vol.28),PCE,2M,ACT,"￥5,200","￥5,000代",0,-,,,,,,,,
1990-03-30,ビクター音楽産業,キングオブカジノ,PCE,2M,ETC,"￥6,200","￥6,000代",0,-,,,,,,,,
1990-03-30,データイースト,ドロップロックほらホラ,PCE,2M,ACT,"￥5,900","￥6,000代",0,-,,,,,,,,
1990-03-30,ナグザット,熱血高校ドッジボール部PC番外編,PCE,2M,SPT,"￥5,900","￥6,000代",0,-,,,,,,,,
1990-04-03,ナムコ,スプラッターハウス,PCE,4M,ACT,"￥6,800","￥7,000代",0,-,,横山茂,PSQGL,石田正則,田島勝朗|川元義徳,,水野一実,
1990-04-06,ナグザット,サイコチェイサー,PCE,2M,SHT,"￥5,800","￥6,000代",0,-,,,,,,,,
1990-04-06,ハドソン,魔動王グランゾート,PCE,4M,ACT,"￥6,500","￥6,500代",0,-,,,,スタジオ・ライブ|大河原邦男,田中公平,広井王子,,
1990-04-13,アスミック,パワードリフト,PCE,4M,RCG,"￥6,900","￥7,000代",0,-,,,,鈴木裕,川口博史,,,
1990-04-20,アスク講談社,ネクロスの要塞,PCE,4M,RPG,"￥6,800","￥7,000代",0,30,,,,,,,,
1990-04-27,ナムコ,バルンバ,PCE,4M,SHT,"￥6,800","￥7,000代",0,-,,,まつだこうじ|三好弘二|吉嶺豊彦,梶井健|宮串英明|MACOT.E|M.TAMURA|D.KIYASU,伊藤真樹子|西川浩史,,,
1990-04-27,ヒューマン,フォーメーションサッカーヒューマンカップ90,PCE,2M,SPT,"￥5,500","￥5,500代",0,30,,,,,,,,
1990-04-27,ハドソン,青いブリンク,PCE,3M,ACT,"￥6,200","￥6,000代",0,-,,,,,,,,
1990-05-25,ハドソン,マニアックプロレス(Vol.27),PCE,4M,SPT,"￥6,500","￥6,500代",0,-,,,,,,,,
1990-05-31,タイトー,ドンドコドン,PCE,3M,ACT,"￥5,800","￥6,000代",0,-,,,石田一朋|木下昌也,河上聖治|石川幸生|阿部幸雄|いしのみのり|沼田和博|五十嵐恒三|しのだてつや|V.A.P,高木正彦|山田靖子,,河上聖治|松本俊明|酒匂弘幸,
1990-06-02,I.G.S.,シンドバッド地底の大魔宮,PCE,3M,RPG,"￥6,700","￥6,500代",0,-,,すずきさとし|梅津真人,S.KONEOH|PAPANDA|MICRO FACTORY,とみたかしょうぞう|いまいあきこ|とみたかいずみ|N.URUSIBARA|H.OTA|加藤清文,村井俊夫,神山修一,ひさとみけんじ,
1990-06-15,ビクター音楽産業,ヴェイグス,PCE,3M,ACT,"￥6,700","￥6,500代",0,-,,もりくまなお,,もりくまなお|安住政敏|末弥純,メカノアソシエイツ,竹内誠|上坂哲,,
1990-06-22,NECアベニュー,ダウンロード,PCE,4M,SHT,"￥6,800","￥7,000代",0,-,,,,,,,,
1990-06-29,インテック,これがプロ野球'90,PCE,2M,SPT,"￥5,800","￥6,000代",0,-,,,,,,,,
1990-06-29,ナムコ,ゼビウスファードラウト伝説,PCE,2M,SHT,"￥5,800","￥6,000代",0,-,,仁井谷正充,國廣豊史,河野光|JANUS寺本|國廣豊史|NIPPON CHACHACHA,宮本昌知,,河野光,
1990-06-29,タイトー,パズニック,PCE,2M,PZL,"￥5,900","￥6,000代",0,-,,,,,,,,
1990-06-29,フェイス,麻雀学園MILD東間宗四郎登場,PCE,4M,ETC,"￥7,980","￥8,000代",0,-,,,,,,,,
1990-07-06,NEC-HE/ハドソン,CD-ROM2SYSTEMVer2.1,PCE,2M,SYS,"￥4,800","￥5,000代",0,-,,,,,,,,
1990-07-06,ハドソン,スーパースターソルジャー(Vol.30),PCE,4M,SHT,"￥6,500","￥6,500代",0,34,,,,,,,上領亘,
1990-07-06,タイトー,ラスタンサーガII,PCE,3M,ACT,"￥6,600","￥6,500代",0,-,,小林よしのり,小林よしのり|とみたかひであき|たかはしとおる|かざまひでお,西村年幸|西村年幸|讃岐平|河上聖治|栗城源也,八木下直人|高木正彦,,小林よしのり,
1990-07-06,アイレム,最後の忍道NINJASPIRIT(Vol.4),PCE,4M,ACT,"￥7,000","￥7,000代",0,32,,,,,,,,
1990-07-13,ナムコ,超絶倫人ベラボーマン,PCE,4M,ACT,"￥6,800","￥7,000代",0,-,,中潟憲雄,大久保良一,吉羽孝雄,中潟憲雄,,,
1990-07-20,ナグザット,デビルクラッシュ,PCE,3M,ETC,"￥6,300","￥6,500代",0,34,,,,,迫田敏明|塚本雅信,,,
1990-07-20,ハドソン,桃太郎伝説ターボ(Vol.29),PCE,3M,RPG,"￥5,800","￥6,000代",0,30,,,,,,,,
1990-07-27,アイレム,イメージファイト(Vol.3),PCE,4M,SHT,"￥7,000","￥7,000代",0,30,,,,,,,,
1990-07-27,パックインビデオ,ロードランナー失われた迷宮(ロストラビリンス),PCE,2M,PZL,"￥5,800","￥6,000代",0,-,,,,,,,,
1990-07-27,I.G.S.,ワールドビーチバレー,PCE,2M,SPT,"￥5,700","￥5,500代",0,-,,,,,,,,
1990-07-27,NECアベニュー,大魔界村,PCE,8M,ACT,"￥10,800","￥11,000代",0,32,,,小池ひろし|篠原雅嗣|上山真一|菅原伸育,藤原得郎|吉本伸一|山本尚司,河本圭代,,,
1990-08-03,タイトー,地獄めぐり,PCE,3M,ACT,"￥6,600","￥6,500代",0,-,,ささべやすまさ|藤原英裕,CRAZY-YOSHIKAWA|CREAMY TETSU,海道賢仁|鎗田準次|ながいひろやす,ピンチパンチ,,,
1990-08-09,ナムコ,ワルキューレの伝説,PCE,4M,ACT,"￥6,800","￥7,000代",0,-,,WAN WAN(岡本進一郎)|もっとでたかった コアクマン(大川さゆり),WAN WAN|ぐりずりぃ やまだ,冨士宏,川田宏行,,,
1990-08-10,テンゲン,クラックス,PCE,2M,PZL,"￥5,900","￥6,000代",0,30,,,デヴィッド・エーカース,マーク・スティーブン・ピアス,ブラッド・フラー,,,
1990-08-10,ハドソン,パワーリーグIII(Vol.31),PCE,3M,SPT,"￥5,800","￥6,000代",0,30,,,,,,,,
1990-08-10,ホームデータ,将棋初段一直線,PCE,2M,ETC,"￥6,700","￥6,500代",0,-,,,,,,,,
1990-08-10,サンソフト,麻雀悟空スペシャル,PCE,3M,ETC,"￥6,300","￥6,500代",0,30,,,,,,,,
1990-08-31,NECアベニュー,オペレーションウルフ,PCE,4M,SHT,"￥7,200","￥7,000代",0,-,,,,,,,,
1990-09-07,フェイス,はにい･おんざ･ろおど,PCE,3M,ACT,"￥6,400","￥6,500代",0,-,,,,,,,,
1990-09-07,ビクター音楽産業,暗黒伝説,PCE,2M,ACT,"￥6,200","￥6,000代",0,-,,,白谷守,明貴美加,すずきひろとし,,小森治信,
1990-09-14,ニチブツ,F1サーカス,PCE,4M,RCG,"￥6,900","￥7,000代",0,31,,,,,,,,
1990-09-14,トンキンハウス,関ヶ原,PCE,4M,SLG,"￥6,800","￥7,000代",0,-,,,,,,,,
1990-09-21,NECアベニュー,ダライアスプラス,PCE,6M,SHT,"￥9,800","￥10,000代",0,-,,河野敏男,長谷川健|くりやまたかし|とみおかひであき|菅原徹|笹谷ひでのり|橋本英樹,河野敏男|藤田朗|三方一哉|きたがわてつろう|わきたよしひろ|鎗田準次|石川幸生|五十嵐恒三|栗城源也|讃岐平|おがわみつる,たなかやすひこ|小倉久佳|八木下直人|なかむらつかさ|高橋英吉|高木正彦,,河野敏男,
1990-09-21,ハドソン,桃太郎活劇(Vol.32),PCE,4M,ACT,"￥6,500","￥6,500代",0,-,,,,,,,,
1990-09-28,NECアベニュー,アフターバーナーII,PCE,4M,SHT,"￥7,200","￥7,000代",0,-,,鈴木裕|浜垣博志,三船敏,鈴木裕,川口博史,,中山隼雄,
1990-09-28,UPL,ゴモラスピード(Vol.2),PCE,3M,ACT,"￥6,700","￥6,500代",0,-,,,,,,,,
1990-09-28,パックインビデオ,ダイハード,PCE,2M,ACT,"￥6,200","￥6,000代",0,-,,,,,,,,
1990-09-28,ナグザット,ダブルリング,PCE,3M,SHT,"￥6,300","￥6,500代",0,-,,,,,,,,
1990-09-28,ナムコ,ファイナルブラスター,PCE,3M,SHT,"￥6,800","￥7,000代",0,-,,,黒須一雄,佐藤誠市|横山茂|澤野和則|小野浩,大野木宜幸,,,
1990-10-12,サンソフト,BATMAN,PCE,4M,ACT,"￥6,500","￥6,500代",0,-,,,,,,,,
1990-10-12,トンキンハウス,サイバーナイト,PCE,4M,RPG,"￥6,800","￥7,000代",0,30,,みんみん宮田,POCHI NAKAMORI,水野良|グループSNE|大河原邦男,迫田敏明|宮本昌知|塚本雅信|ATARASHI|DAVID|竹内啓史,山本弘|グループSNE,浦井郁郎,
1990-10-19,ビデオシステム,ラビオレプススペシャル,PCE,3M,SHT,"￥6,800","￥7,000代",0,-,,,本田忠嗣,中村晋介,石田安俊|奥田健司,,,
1990-10-26,フェイス,琉球,PCE,2M,PZL,"￥5,400","￥5,500代",0,-,,,,,,,,
1990-11-02,ハドソン,エアロブラスターズ(Vol.33),PCE,4M,SHT,"￥6,500","￥6,500代",0,30,,,,,,,,
1990-11-09,トンキンハウス,カットビ宅配くん,PCE,4M,SPT,"￥6,780","￥7,000代",0,-,,,,,,,,
1990-11-23,メサイヤ,キックボール,PCE,3M,SPT,"￥6,200","￥6,000代",0,-,,,,,,,,
1990-12-07,NECアベニュー,サンダーブレード,PCE,4M,SHT,"￥7,200","￥7,000代",0,-,,,,,並木晃一,,,
1990-12-07,ナグザット,バーニングエンジェル,PCE,3M,SHT,"￥6,700","￥6,500代",0,-,,,,,,,,
1990-12-07,ハドソン,ボンバーマン(Vol.34),PCE,2M,ACT,"￥5,300","￥5,500代",0,-,,,,,,,,
1990-12-11,ナムコ,メルヘンメイズ,PCE,2M,ACT,"￥5,500","￥5,500代",0,-,,,山口雅司,中村伸武|竹矢吉孝|竹矢吉孝|MY|POP,川瀬知香,,,
1990-12-14,パックインビデオ,ZIPANG,PCE,2M,PZL,"￥6,200","￥6,000代",0,-,,,,,浦山秀彦|熊谷陽子,林海象|栗田教行,,
1990-12-14,メディアリング,スピンペア,PCE,2M,PZL,"￥5,900","￥6,000代",0,-,,,,,,,,
1990-12-14,タイトー,チャンピオンレスラー,PCE,3M,SPT,"￥6,600","￥6,500代",0,-,,村田武司,村田武司|TSUI KATO|CREAMY TETSU|堀本隆久,海道賢仁|前川浩之|海道賢仁|いしのみのり|藤田允|山田たかし|河本憲孝|はざまけんじ|川岸誠治|伏屋一勝|もりもとみなこ,大縫一行|きたむらひでひと,,,
1990-12-14,ビクター音楽産業,トイショップボーイズ,PCE,2M,SHT,"￥6,200","￥6,000代",0,-,,,,,,,,
1990-12-14,I.G.S.,バイオレントソルジャー,PCE,3M,SHT,"￥6,400","￥6,500代",0,-,,,,,,,,
1990-12-14,メサイヤ,ワラビー!!,PCE,3M,SPT,"￥6,500","￥6,500代",0,-,,,,,,,,
1990-12-14,NECアベニュー,大旋風,PCE,4M,SHT,"￥7,200","￥7,000代",0,-,,,,,太田理,,,
1990-12-19,フェイス,不思議の夢のアリス,PCE,3M,ACT,"￥6,400","￥6,500代",0,-,,,ながさわみきや,YASUSHI.O|ジャイアン JOE|ジャイアン JOE|まつくらちひろ,松平あこ,,三金堂,
1990-12-21,NECアベニュー,アウトラン,PCE,4M,RCG,"￥7,200","￥7,000代",0,-,,,三船敏(アーケード)|香川忠司(アーケード)|大江玲(アーケード)|中裕司(セガ・マークⅢ),鈴木裕(アーケード)|石井洋児(アーケード)|松浦稔(アーケード)|貞森康毅(セガ・マークⅢ),川口博史(アーケード)|上保徳彦(セガ・マークⅢ),,,
1990-12-21,フェイス,クロスワイバー,PCE,4M,ACT,"￥6,700","￥6,500代",0,-,,,,,,,,
1990-12-21,エイコム,天聖龍,PCE,3M,SHT,"￥7,200","￥7,000代",0,-,,,,,岡村静良|TECCHAN,,,
1990-12-21,ナグザット,魔界プリンスどらぼっちゃん,PCE,3M,ACT,"￥6,700","￥6,500代",0,-,,,,,,,,
1990-12-22,ハドソン,桃太郎伝説II(Vol.35),PCE,6M,RPG,"￥7,200","￥7,000代",0,30,,,,,,,,
1991-01-08,データイースト,オーバーライド,PCE,2M,SHT,"￥6,500","￥6,500代",0,31,,,,,,,,
1991-01-18,タイトー,カダッシュ,PCE,3M,A-PRG,"￥6,500","￥6,500代",0,-,,辻野浩司,堀崇真,辻野浩司|辻野浩司|仙波隆綱|加藤久和|五十嵐恒三|岩田吉弘|篠田徹也|小川貴之|今枝賢一,西賢二,,はせがわけいすけ,
1991-01-18,ハドソン,ジャッキーチェン(Vol.36),PCE,4M,ACT,"￥6,500","￥6,500代",0,-,,,,,,,,
1991-01-25,タイトー,S.C.I.,PCE,4M,RCG,"￥7,200","￥7,000代",0,-,,,George K-5|菊池優一|David Uematsu|さこかずのり,酒匂弘幸|堀内文雄|西川英治|山田たかし|おおまえこうじ|河本憲孝|川岸誠治|伏屋一勝|GOMACHAN|もりもとみなこ|五十嵐恒三|仙波隆綱|篠田徹也|小川貴之,ZUNTATA|浅野孝已(ゴダイゴ),,,
1991-02-15,タイトー,パラソルスター,PCE,3M,ACT,"￥6,600","￥6,500代",0,-,,鈴木治雄,鈴木治雄|かわのせら,内村語|LIGHT STONE|伊藤啓司|大原和浩,山田靖子|TURBO MIRA,内村語,西角友宏,
1991-02-22,ハドソン,オルディネス,PCE,8M,SHT,"￥9,800","￥10,000代",0,-,,今田真二,鈴木俊之,H.HARADA,星恵太,,,
1991-02-22,RIOT,パズルボーイ,PCE,2M,PZL,"￥6,400","￥6,500代",0,-,,,,,増子司,,,
1991-02-28,T.S.S.,デッドムーン,PCE,4M,SHT,"￥7,400","￥7,500代",0,-,,,,,,,,
1991-03-01,ヒューマン,ファイナルマッチテニス,PCE,2M,SPT,"￥5,700","￥5,500代",0,32,,,,,,,,
1991-03-08,メディアリング,ゼロヨンチャンプ,PCE,4M,RCG,"￥6,900","￥7,000代",0,-,,神長豊,上嶋満也|上坂和幹|水林準次|高松馨,神長豊|三好八太郎|井伊誠|安部直子|小滝佳治,佐々木筑柴,神長豊,松木吉彦|小林靖彦,
1991-03-15,ナムコ,おぼっちゃまくん,PCE,4M,ACT,"￥6,800","￥7,000代",0,-,,,,藤田宗克,宮原恵太,桶谷顕|桜井正明|真保裕一ほか,,
1991-03-15,ナグザット,タイタン,PCE,2M,PZL,"￥5,900","￥6,000代",0,-,,,,,,,,
1991-03-15,アイレム,レジェンドオブヒーロートンマ(Vol.5),PCE,4M,ACT,"￥7,000","￥7,000代",0,-,,,,,,,,
1991-03-21,ナムコ,プロ野球ワールドスタジアム'91,PCE,2M,SPT,"￥5,800","￥6,000代",0,-,,,,岸本好弘,,,,
1991-03-22,ナグザット,1943改,PCE,4M,SHT,"￥7,200","￥7,000代",0,-,,,BLBON,船水紀孝|DECHIKUN|佐藤直子|MIKI CHAN|河本憲孝|AHO NO SAKATA,坂口義弘|民谷淳子|松前真奈美|藤田晴美,,岡本吉起,
1991-03-29,ビクター音楽産業,TVスポーツフットボール,PCE,3M,SPT,"￥6,700","￥6,500代",0,-,,,,,,,,
1991-03-29,レーザーソフト,コラムス,PCE,1M,PZL,"￥6,400","￥6,500代",0,-,,,,ジェイ・ギールセン,上保徳彦,,,
1991-03-29,データイースト,サイレントデバッガーズ,PCE,4M,SHT,"￥6,800","￥7,000代",0,-,,A.KAWAI,笹本浩司,TDR WATANABE|68000 ISIRO,酒井省吾|岩崎正明|三浦孝史|高濱祐輔|鈴木雄司,,兼安時紀,
1991-03-29,メサイヤ,モトローダーII,PCE,3M,RCG,"￥6,500","￥6,500代",0,-,,,,,,,,
1991-04-05,ハドソン,ポピュラス(Vol.37),PCE,4M,SLG,"￥7,800","￥8,000代",0,-,,,,,,,,
1991-04-06,ユニポスト,サーカスライド,PCE,2M,PZL,"￥5,400","￥5,500代",0,-,,,,,,,,
1991-04-12,ナグザット,エターナルシティ都市転送計画,PCE,3M,SHT,"￥6,900","￥7,000代",0,-,,,,,,,,
1991-04-19,ハドソン,アドベンチャーアイランド(Vol.38),PCE,2M,ACT,"￥5,300","￥5,500代",0,-,,,,,,,,
1991-04-27,メサイヤ,改造町人シュビビンマン2～新たなる敵～,PCE,4M,ACT,"￥6,600","￥6,500代",0,-,,梅木克彦,後藤誠,斉藤智晴|うらべ・すう|斉藤智晴,葉山宏治,うらべ・すう,土田俊郎,
1991-05-24,マイクロキャビン,ハットリス,PCE,1M,PZL,"￥5,800","￥6,000代",0,-,,,,アレクセイ・パジトノフ|ウラジーミル・ポヒルコ,,,,
1991-06-21,ハドソン,パワーイレブン(Vol.39),PCE,3M,SPT,"￥5,800","￥6,000代",0,-,,,,,,,,
1991-07-05,ハドソン,ファイナルソルジャー(Vol.40),PCE,4M,SHT,"￥6,500","￥6,500代",0,-,,,,,,,,
1991-07-06,I.G.S.,トリッキー,PCE,2M,PZL,"￥6,700","￥6,500代",0,-,,,,,,,,
1991-07-12,ニチブツ,F1サーカス'91,PCE,4M,RCG,"￥6,900","￥7,000代",0,-,,,,,,,,
1991-07-19,ハドソン,PC原人2(Vol.41),PCE,4M,ACT,"￥6,500","￥6,500代",0,-,,,,,,,,
1991-07-19,アイレム,レーシング魂(Vol.6),PCE,4M,RCG,"￥7,000","￥7,000代",0,-,,,,,,,,
1991-07-21,フェイス,メタルストーカー,PCE,4M,SHT,"￥6,980","￥7,000代",0,-,,那須寛之,ながさわみきや|まるやまのぼる|あきやままさゆき,那須寛之|ひろき真冬,斉藤博人|たかはしのぞむ,,,
1991-08-02,ビクター音楽産業,スクウィーク,PCE,2M,PZL,"￥6,400","￥6,500代",0,-,,,,Laurent Arditi|Stephane Ducasse,,,,
1991-08-09,タイトー,はなたーかだか!?,PCE,4M,SHT,"￥7,200","￥7,000代",0,-,,,,,,,,
1991-08-09,ハドソン,パワーリーグ4(Vol.42),PCE,4M,SPT,"￥6,500","￥6,500代",0,-,,,,,,,,
1991-08-23,ハドソン,1941カウンターアタック,PCE,8M,SHT,"￥9,800","￥10,000代",0,-,,,,,,,,
1991-08-30,パックインビデオ,パワーゲイト,PCE,2M,SHT,"￥6,200","￥6,000代",0,-,,,,,,,,
1991-08-30,ヒューマン,ファイヤープロレスリング2ndBOUT,PCE,4M,SPT,"￥6,900","￥7,000代",0,-,,市瀬大輔|茶々丸,柳田文樹|かないまさとし|てしまてるゆき,笹沢英昭|市瀬大輔|小杉和則|阿部賢一,庭山博也|田中宏典|大谷哲司|山崎正通,,,
1991-09-06,NEC-HE,天の声バンク,PCE,1M,RAM,"￥3,880","￥4,000代",0,-,,,,,,,,
1991-09-20,タイトー,ヒットジアイス,PCE,3M,SPT,"￥6,800","￥7,000代",0,-,,,,,,,,
1991-09-20,ナムコ,ワールドジョッキー,PCE,2M,SPT,"￥5,800","￥6,000代",0,-,,,T.FUKUMOTO|宇田川治久|はなおかくみ,,小沢純子,,,
1991-09-27,メサイヤ,どらごんEGG!,PCE,4M,ACT,"￥6,500","￥6,500代",0,-,,,,,,,,
1991-09-27,ハドソン,ニュートピアII(Vol.43),PCE,6M,A-PRG,"￥7,200","￥7,000代",0,-,,,,,,,,
1991-09-27,NECアベニュー,森田将棋PC,PCE,4M,ETC,"￥7,200","￥7,000代",0,-,,,,,,,,
1991-10-04,アトラス,メソポタミア,PCE,4M,ACT,"￥6,800","￥7,000代",0,-,,,,,,,,
1991-10-18,ナムコ,ワールドサーキット,PCE,2M,RCG,"￥5,800","￥6,000代",0,-,,,,,,,,
1991-10-26,NEC-HE/ハドソン,スーパーシステムカードVer3.0,PCE,2M,SYS,"￥9,800","￥10,000代",0,-,,,,,,,KENJI KISAKI,
1991-11-08,フェイス,タイムクルーズⅡ,PCE,4M,ETC,"￥7,200","￥7,000代",0,-,,,,,,,,
1991-11-15,コナミ,グラディウス,PCE,2M,SHT,"￥6,000","￥6,000代",0,-,,,,,,,,
1991-11-15,パルソフト（クエスト）,マジカルチェイス,PCE,4M,SHT,"￥7,800","￥8,000代",0,-,,皆川裕史,TAT.P|ASM|MASA.H|M.OGAWA,SUGURU.T|皆川裕史,岩田匡治|崎元仁,,,
1991-11-22,ハドソン,雷電(Vol.44),PCE,6M,SHT,"￥7,200","￥7,000代",0,-,,,,,,,,
1991-11-29,ナグザット,コリューン,PCE,4M,SHT,"￥6,800","￥7,000代",0,-,,,高岡義晴,高岡義晴|もりけん,松下寿志|森島大祐,,,
1991-11-29,パックインビデオ,スーパーメタルクラッシャー,PCE,2M,SLG,"￥6,200","￥6,000代",0,-,,,,,,,,
1991-11-29,ニチブツ,ファイティングラン,PCE,4M,ACT,"￥6,900","￥7,000代",0,-,,KOTOBUKI,UME,KOTOBUKI|TERMI|ROBOTMAN|HORINO|KENJI,船場洋志,,,
1991-11-29,アスク講談社,モンスタープロレス,PCE,4M,SPT,"￥6,800","￥7,000代",0,-,,,,,,,,
1991-11-29,ホームデータ,将棋初心者無用,PCE,2M,ETC,"￥7,300","￥7,500代",0,-,,,,,,,,
1991-12-06,ハドソン,ドラえもんのび太のドラビアンナイト(Vol.46),PCE,4M,ACT,"￥5,800","￥6,000代",0,-,,,,,,,,
1991-12-06,ナグザット,バブルガムクラッシュ,PCE,4M,ADV,"￥7,200","￥7,000代",0,-,,,,園田健一|園田健一(PART1)|柿沼秀樹(PART1 - 3)|荒牧伸志(PART1 - 3),中沢武仁(第1・3話)|太田美知彦(第2話),鈴木敏充,,
1991-12-06,コナミ,沙羅曼蛇,PCE,4M,SHT,"￥6,000","￥6,000代",0,-,,,町口浩康|たけもとみつお|高取利明|みのわいくこ,町口浩康|櫻井潤|よしたかみき|ばんどういくこ,波多野よしあき(SE・プログラム)|東野美紀(作曲),,,
1991-12-13,NEC-HE,ゲンジ通信あげだま,PCE,4M,ACT,"￥5,800","￥6,000代",0,-,,,,水谷兼之介(原案)|辻初樹,佐橋俊彦,富田祐弘|さくまあきら,,
1991-12-13,メディアリング,スパイラルウェーブ,PCE,4M,RPG,"￥6,900","￥7,000代",0,-,,,,,,,,
1991-12-13,NHKエンタープライズ,にこにこぷん,PCE,4M,ACT,"￥6,500","￥6,500代",0,-,,,,,,,,
1991-12-13,ココナッツジャパン,バリスティックス,PCE,2M,SHT,"￥6,900","￥7,000代",0,-,,,,,ドン・デイヴィス,アラン・マッケルロイ,,
1991-12-20,ハドソン,スーパー桃太郎電鉄Ⅱ(Vol.45),PCE,6M,ETC,"￥6,800","￥7,000代",0,-,,,,,,,,
1991-12-27,ナムコ,ドラゴンセイバー,PCE,4M,SHT,"￥6,800","￥7,000代",0,-,,,"""ALL OR NOT""NISHIMAKI|""SHIOHIGALER""ITO",根来司|O!SUGI|石川達也|KIM 045|H.MIYSIMA|SHIGEMARU|MA.HA.HO|TEJIMA|NAKAMURA|WAGATUMA|YOSINAMI|YANAGIHARA,細江慎治,石川達也,ASINAGA BUCHO|YOKO BOSS,
1992-01-04,アイマックス,冒険男爵ドン,PCE,4M,SHT,"￥6,800","￥7,000代",0,-,,,,,,,,
1992-01-10,ナムコ,ちびまる子ちゃんクイズでピーヒャラ,PCE,4M,ETC,"￥6,800","￥7,000代",0,-,,,,,,,,
1992-01-17,タイトー,ミズバク大冒険,PCE,4M,ACT,"￥7,400","￥7,500代",0,-,,平松信宏|松本俊明,石田一朋|ながはらくさご|つねきよこうじ|黒沢孝,平松信宏|平松信宏|鯨井洋代|岩田吉弘|PEACOCK|V.A.P,海野和子|小倉久佳,,,
1992-01-24,ハドソン,忍者龍剣伝(Vol.47),PCE,4M,ACT,"￥6,500","￥6,500代",0,-,,,,,,,,
1992-01-31,NHKエンタープライズ,NHK大河ドラマ太平記,PCE,4M,SLG,"￥6,500","￥6,500代",0,-,,,,,,池端俊策 他,,
1992-01-31,トンキンハウス,サイバードッジ,PCE,4M,SPT,"￥6,800","￥7,000代",0,-,,,,,,,,
1992-02-21,コナミ,パロディウスだ!～神話からお笑いへ～,PCE,8M,SHT,"￥9,800","￥10,000代",0,-,,,徳田典,GAKINCHO|TOUYOU SYOUTAROU|三好威正|MORY-WANDAYU|MIKACHAN,村岡一樹,,,
1992-02-28,コナミ,出たな!!ツインビー,PCE,4M,SHT,"￥6,800","￥7,000代",0,-,,おおさわまさと,しもむらとおる,SHUZILOW.HA,前沢秀憲|山根ミチル|中島正恵,,,
1992-02-28,UPL,麻雀覇王伝カイザーズクエスト,PCE,4M,ETC,"￥7,200","￥7,000代",0,-,,,,,,,,
1992-03-06,メディアリング,トイレキッズ,PCE,4M,SHT,"￥6,900","￥7,000代",0,-,,井関靖典,POMOO PETARO,さとうひろ|HAGICHAN,T's MUSIC,,松木吉彦|菅原尚志,
1992-03-13,ココナッツジャパン,パチ夫君十番勝負,PCE,4M,ETC,"￥7,900","￥8,000代",0,-,,,,,,,,
1992-03-13,タイトー,極楽!中華大仙,PCE,3M,SHT,"￥6,800","￥7,000代",0,-,,,,,,,,
1992-04-03,ナグザット,熱血高校ドッジボール部PCサッカー編,PCE,4M,SPT,"￥6,900","￥7,000代",0,-,,豊嶋真人,宮串英明|松田康,井伊誠|AKKO-CHAN,西川浩史,,,
1992-04-07,ナムコ,源平討魔伝巻の弐,PCE,4M,ACT,"￥6,800","￥7,000代",0,-,,じぇいじぇい|ぱやぱや,東尾直樹|しるねた,守谷勝|吉田大也,がっぴー|奥山みよし|ひろよん,H.CHATANI,,
1992-06-05,ナムコ,ドルアーガの塔,PCE,4M,ACT,"￥6,800","￥7,000代",0,-,,,内藤智,遠藤雅伸|篠崎雄一郎,小沢純子,,,
1992-06-26,ハドソン,高橋名人の新冒険島(Vol.49),PCE,4M,ACT,"￥6,500","￥6,500代",0,-,,,,,,,,
1992-07-10,ハドソン,ソルジャーブレイド(Vol.50),PCE,4M,SHT,"￥6,500","￥6,500代",0,-,,,,,,,上領亘,
1992-07-24,タイトー,TATSUJINタツジン,PCE,4M,SHT,"￥7,200","￥7,000代",0,-,,,弓削雅稔,荻原直樹|清水由美子,弓削雅稔,,弓削雅稔,
1992-07-24,ビクター音楽産業,ストラテゴ,PCE,2M,ETC,"￥6,900","￥7,000代",0,-,,,,,,,,
1992-08-07,ハドソン,パワーリーグ5(Vol.51),PCE,6M,SPT,"￥6,800","￥7,000代",0,-,,,,,,,,
1992-09-25,ハドソン,炎の闘球児ドッジ弾平(Vol.52),PCE,4M,SPT,"￥6,500","￥6,500代",0,-,,,,,,,,
1992-10-02,アイレム,激写ボーイ(Vol.7),PCE,4M,ACT,"￥7,000","￥7,000代",0,31,,,,,,,,
1992-10-10,ハドソン,パワースポーツ(Vol.53),PCE,4M,SPT,"￥6,500","￥6,500代",0,-,,,,,,,,
1992-11-13,ヒューマン,ファイアープロレスリング3レジェンドバウト,PCE,8M,SPT,"￥7,900","￥8,000代",0,-,,,,,,小山内美江子・清水有生ほか,竹之下寛次,
1992-11-20,ハドソン,PC電人(Vol.54),PCE,4M,SHT,"￥6,500","￥6,500代",0,-,,,,,,,,
1992-11-27,ニチブツ,テラクレスタIIマンドラーの逆襲,PCE,4M,SHT,"￥6,900","￥7,000代",0,-,,,,,,,,
1992-12-04,ハドソン,桃太郎伝説外伝第一集(Vol.55),PCE,4M,RPG,"￥6,500","￥6,500代",0,-,,,,,,,,
1992-12-11,ハドソン,ボンバーマン'93(Vol.56),PCE,4M,ACT,"￥6,500","￥6,500代",0,-,,,,,,,,
1992-12-18,ニチブツ,F1サーカス'92,PCE,4M,RCG,"￥7,400","￥7,500代",0,-,,,,,,,,
1993-02-10,ハドソン,バトルロードランナー(Vol.57),PCE,2M,PZL,"￥5,800","￥6,000代",0,-,,,,,,,,
1993-02-19,ナグザット,つっぱり大相撲平成版,PCE,2M,SPT,"￥6,300","￥6,500代",0,-,,,,,,,,
1993-03-02,ハドソン,PC原人3(Vol.58),PCE,8M,ACT,"￥7,200","￥7,000代",0,-,,,,,,,,
1993-04-29,ビクター音楽産業,TVスポーツアイスホッケー,PCE,3M,SPT,"￥7,200","￥7,000代",0,-,,,,,,,,
1993-04-29,ビクター音楽産業,TVスポーツバスケットボール,PCE,4M,SPT,"￥7,200","￥7,000代",0,-,,,,,,,,
1993-05-14,ニチブツ,Jリーググレイテストイレブン,PCE,4M,SPT,"￥7,400","￥7,500代",0,-,,,,,,,,
1993-06-12,NEC-HE,ストリートファイターII',PCE,20M,ACT,"￥9,800","￥10,000代",0,34,,西谷亮,,西谷亮(NIN)|安田朗(AKIMAN),下村陽子|阿部功,,岡本吉起,
1993-06-25,ハドソン,パワーテニス(Vol.59),PCE,4M,SPT,"￥6,500","￥6,500代",0,-,,,,,,,,
1993-10-15,ハドソン,パワーリーグ'93(Vol.60),PCE,6M,SPT,"￥6,800","￥7,000代",0,-,,,,,,,,
1993-12-10,ハドソン,ボンバーマン'94(Vol.61),PCE,8M,ACT,"￥6,800","￥7,000代",0,-,,,,,,,,
1994-01-15,ヒューマン,フォーメーションサッカーオンJリーグ,PCE,4M,SPT,"￥6,500","￥6,500代",0,-,,,,,,,,
1994-03-12,NEC-HE,アーケードカードDUO,PCE,16M,RAM,"￥12,800","￥13,000代",0,-,,,,,,,,
1994-03-12,NEC-HE,アーケードカードPRO,PCE,18M,RAM,"￥17,800","￥18,000代",0,-,,,,,,,,
1994-12-16,NEC-HE,21エモンめざせホテル王,PCE,4M,ETC,"￥6,800","￥7,000代",0,-,,,,,,,,
1988-01-01,ハドソン,パワーリーグオールスターゴールドヒューカード,PCE,2M,SPT,非売品,非売品,0,-,,,,,,,,
1989-01-01,ハドソン,ガンヘッドスペシャルバージョン,PCE,3M,SHT,非売品,非売品,0,-,,,,,,,,
1990-03-16,NECアベニュー,ダライアスα,PCE,6M,SHT,非売品,非売品,0,-,,河野敏男,長谷川健|くりやまたかし|とみおかひであき|菅原徹|笹谷ひでのり|橋本英樹,河野敏男|藤田朗|三方一哉|きたがわてつろう|わきたよしひろ|鎗田準次|石川幸生|五十嵐恒三|栗城源也|讃岐平|おがわみつる,たなかやすひこ|小倉久佳|八木下直人|なかむらつかさ|高橋英吉|高木正彦,,河野敏男,
1990-01-01,ハドソン,ボンバーマンユーザーズバトル,PCE,2M,ACT,非売品,非売品,0,-,,,,,,,,
1990-01-01,ハドソン,スーパースターソルジャースペシャルバージョン,PCE,4M,SHT,非売品,非売品,0,-,,,,,,,,
1991-01-01,ハドソン,ファイナルソルジャースペシャルバージョン,PCE,4M,SHT,非売品,非売品,0,-,,,,,,,,
1992-01-01,ハドソン,ソルジャーブレイドスペシャルバージョン,PCE,4M,SHT,非売品,非売品,0,-,,,,,,,,
1992-01-01,ハドソン,ボンバーマン'93スペシャルバージョン,PCE,4M,ACT,非売品,非売品,0,-,,,,,,,,
1993-01-01,ハドソン,PC原人3体験版,PCE,6M,ACT,非売品,非売品,0,-,,,,,,,,
1991-12-26,GamesExpress,アイドル花札ファンクラブ,PCE,4M,ETC,"￥8,900","￥9,000代",0,-,,,,,,,,
1992-04-16,GamesExpress,究極麻雀アイドルグラフィック,PCE,4M,ETC,"￥8,900","￥9,000代",0,-,,,,,,,,
1992-07-13,GamesExpress,レディソード-略奪された10人の乙女-,PCE,8M,RPG,"￥9,800","￥10,000代",0,-,,,,,,,,
1992-09-14,GamesExpress,PCパチスロアイドルギャンブラー,PCE,4M,ETC,"￥8,900","￥9,000代",0,-,,,,,,,,
1992-12-24,GamesExpress,AVポーカーワールドギャンブラー,PCE,4M,ETC,"￥8,900","￥9,000代",0,-,,,,,,,,
1993-02-23,GamesExpress,ボディコンクエストII,PCE,4M,RPG,"￥8,900","￥9,000代",0,-,,,,,,,,
1993-10-08,GamesExpress,究極麻雀2スーパーアイドルグラフィック,PCE,4M,ETC,"￥8,900","￥9,000代",0,-,,,,,,,,
1993-01-01,GamesExpress,HACKERCDCARDGAMESEXPRESSCDCARD1993,PCE,32K,ETC,非売品,非売品,0,-,,,,,,,,
1994-03-26,GamesExpress,ストリップファイターII,PCE,8M,ACT,"￥9,800","￥10,000代",0,-,,,,,,,,
1994-05-13,GamesExpress,クイズ投稿写真,PCE,8M,ETC,"￥9,800","￥10,000代",0,-,,,,,,,,
1988-12-04,ハドソンNEC,ファイティング・ストリート💿,PCE💿CDROM,💿512MB,ACT,調査中,調査中,0,-,,西山隆志,こいけひろし|すがはらのぶやす,松本裕司(プランナー)|CRUSHER ICHI|DABADA ATSUSHI|BONSOIR YUKO|OGAN MIYUKI|BRAVO OYU|INNOCENT SAICHO,坂口由洋,,,
1988-12-04,ハドソン,No・Ri・Ko💿,PCE💿CDROM,💿512MB,ADV,調査中,調査中,0,-,,,,,,,,
1988-12-23,ハドソン,ビックリマン大事界💿,PCE💿CDROM,💿512MB,他,調査中,調査中,0,-,,,,,,,,
1989-03-31,ハドソン,コブラ黒竜王の伝説💿,PCE💿CDROM,💿512MB,ADV,調査中,調査中,0,-,,酒井啓行,飛田雅宏,秋元哲也|角谷篤志,中村暢之,島田良尚|長山豊|伝田由紀,,
1989-06-23,日本テレネット、NEC,ヴァリスII💿,PCE💿CDROM,💿512MB,ACT,調査中,調査中,0,-,,,,,,,,
1989-06-30,ハドソン,天外魔境ZIRIA💿,PCE💿CDROM,💿512MB,RPG,調査中,調査中,0,30,,広井王子,中田伸一|山森正和,辻野寅次郎,坂本龍一|小久保隆,あだちひろし|荒井弘二(Xbox 360:遥かなるジパング),大里幸夫|清水始|今井丈雄,
1989-08-31,ハドソンNEC,ワンダーボーイIIIモンスター・レアーMonsterLair💿,PCE💿CDROM,💿512MB,SHT,調査中,調査中,0,33,,,,,,,,
1989-09-14,日本テレネット,SUPERアルバトロス💿,PCE💿CDROM,💿512MB,SPT,調査中,調査中,0,-,,,,,,,,
1989-09-22,NECアベニュー,獣王記💿,PCE💿CDROM,💿512MB,ACT,調査中,調査中,0,-,,,穂苅健一(AC)|浅井敏典(MD)|松田達夫(MD)|百田浩司(MD),内田誠(AC)|安原広和(AC)|NO NUKES(MD)|HAGA(AC)|梶本隆博(AC)|小玉理恵子(MD)|UDI(MD),中林亨(AC)|長井和彦(MD),,,
1989-10-27,ビクター音楽産業,鏡の国のレジェンド💿,PCE💿CDROM,💿512MB,ADV,調査中,調査中,0,-,,島田良尚,松本建太,島田良尚|斉藤明宏|北村正,宮元真佐人,島田良尚,小森治信,
1989-10-27,NECアベニュー,ROM2KARAOKEVOLUME1💿,PCE💿CDROM,💿512MB,他,調査中,調査中,0,-,,,,,,,,
1989-10-27,NECアベニュー,ROM2KARAOKEVOLUME2💿,PCE💿CDROM,💿512MB,他,調査中,調査中,0,-,,,,,,,,
1989-11-24,ハドソン,ぎゅわんぶらあ自己中心派激闘36雀士💿,PCE💿CDROM,💿512MB,TBL,調査中,調査中,0,30,,,,,,,,
1989-12-15,NECアベニュー,サイドアーム・スペシャル💿,PCE💿CDROM,💿512MB,SHT,調査中,調査中,0,-,,,青木隆,船水紀孝|岡本吉起|竹中善則|河本憲孝|安田朗,森安也子,,,
1989-12-20,NECアベニュー,ROM2KARAOKEVOLUME3💿,PCE💿CDROM,💿512MB,他,調査中,調査中,0,-,,,,,,,,
1989-12-21,ハドソンNEC,イースI・II💿,PCE💿CDROM,💿512MB,ARPG,調査中,調査中,0,35,,,,,WAVE 44.1kHz(BGM)/22kHz(SE)|MIDI(SC-88以降)音源(BGM),,,
1989-12-22,メサイヤ,ROMROMスタジアム💿,PCE💿CDROM,💿512MB,SPT,調査中,調査中,0,-,,,,,,,,
1990-11-01,日本テレネット,レッド・アラートLastAlert💿,PCE💿CDROM,💿512MB,ACT,調査中,調査中,0,-,,,,,,,,
1990-01-19,NECアベニュー,ROM2KARAOKEVOLUME4💿,PCE💿CDROM,💿512MB,他,調査中,調査中,0,-,,,,,,,,
1990-02-23,ナグザット,西村京太郎ミステリー北斗星の女💿,PCE💿CDROM,💿512MB,ADV,調査中,調査中,0,-,,,,,,,,
1990-03-10,日本テレネット,ゴールデンアックス💿,PCE💿CDROM,💿512MB,ACT,調査中,調査中,0,-,,,,内田誠,中林亨|高田陽,,,
1990-03-16,NECアベニュー,スーパーダライアス💿,PCE💿CDROM,💿512MB,SHT,調査中,調査中,0,31,,河野敏男,長谷川健|くりやまたかし|とみおかひであき|菅原徹|笹谷ひでのり|橋本英樹,河野敏男|藤田朗|三方一哉|きたがわてつろう|わきたよしひろ|鎗田準次|石川幸生|五十嵐恒三|栗城源也|讃岐平|おがわみつる,たなかやすひこ|小倉久佳|八木下直人|なかむらつかさ|高橋英吉|高木正彦,,河野敏男,
1990-03-23,日本テレネットNEC,ファイナルゾーンII💿,PCE💿CDROM,💿512MB,ACT,調査中,調査中,0,-,,,,,,,,
1990-03-30,パック・イン・ビデオ,カルメン・サンディエゴを追え!世界編💿,PCE💿CDROM,💿512MB,ADV,調査中,調査中,0,-,,,,,,,,
1990-03-30,日本テレネット,コズミック・ファンタジー冒険少年ユウ💿,PCE💿CDROM,💿512MB,RPG,調査中,調査中,0,-,,,,,,,,
1990-03-30,ビクター音楽産業,ROM2カラオケVol.1すてきにスタンダード💿,PCE💿CDROM,💿512MB,他,調査中,調査中,0,-,,,,,,,,
1990-03-30,ビクター音楽産業,ROM2カラオケVol.2なっとくアイドル💿,PCE💿CDROM,💿512MB,他,調査中,調査中,0,-,,,,,,,,
1990-04-06,ビクター音楽産業,ROM2カラオケVol.3やっぱしバンド💿,PCE💿CDROM,💿512MB,他,調査中,調査中,0,-,,,,,,,,
1990-04-06,ビクター音楽産業,ROM2カラオケVol.4ちょいとおとな!?💿,PCE💿CDROM,💿512MB,他,調査中,調査中,0,-,,,,,,,,
1990-04-06,ビクター音楽産業,ROM2カラオケVol.5カラオケ幕の内💿,PCE💿CDROM,💿512MB,他,調査中,調査中,0,-,,,,,,,,
1990-04-13,ハドソン,上海II💿,PCE💿CDROM,💿512MB,PZL,調査中,調査中,0,-,,,,,,,,
1990-04-23,NECアベニュー,ROM2KARAOKEVOLUME5💿,PCE💿CDROM,💿512MB,他,調査中,調査中,0,-,,,,,,,,
1990-04-27,マイクロキャビン,スーパー大戦略💿,PCE💿CDROM,💿512MB,SLG,調査中,調査中,0,-,,,,,,,,
1990-04-27,日本テレネット,デス・ブリンガー💿,PCE💿CDROM,💿512MB,RPG,調査中,調査中,0,-,,,羽成正己,高井政彦|越智一裕|酉沢安施,小川史生|佐藤天平,,,
1990-06-15,ビクター音楽産業,ウルトラボックス創刊号💿,PCE💿CDROM,💿512MB,他,調査中,調査中,0,-,,,,,,,,
1990-06-29,ハドソン,うる星やつらSTAYWITHYOU💿,PCE💿CDROM,💿512MB,ADV,調査中,調査中,0,30,,島田周樹|高津敏之,菊池賢次|中田伸一,久保久,中橋望,高津敏之|チャーリー,清水始,
1990-06-29,メサイヤ,ソル・ビアンカ💿,PCE💿CDROM,💿512MB,RPG,調査中,調査中,0,-,,,,,,,,
1990-07-06,日本テレネット,迷宮のエルフィーネ💿,PCE💿CDROM,💿512MB,ADV,調査中,調査中,0,-,,,,,,,,
1990-08-24,ビクター音楽産業NEC,マジカルサウルスツアーMagicalDinosaurTour💿,PCE💿CDROM,💿512MB,他,調査中,調査中,0,-,,,,,,,,
1990-08-31,ブレイングレイ,ラスト・ハルマゲドン💿,PCE💿CDROM,💿512MB,RPG,調査中,調査中,0,-,,,渡辺裕志,飯島健男|武井一昌|小林功一郎|西塚耕一|中井覚,葉山宏治|猪瀬勝幸,飯島健男,,
1990-09-07,日本テレネットNEC,ヴァリスIII💿,PCE💿CDROM,💿512MB,ACT,調査中,調査中,0,-,,,,,,,,
1990-09-14,ハドソン,みつばち学園💿,PCE💿CDROM,💿512MB,ADV,調査中,調査中,0,-,,酒井啓行|松永智史,松永建太,松浦浩司,宮元真佐人,酒井啓行|長山豊,清水始,
1990-09-21,日本テレネット,レギオン💿,PCE💿CDROM,💿512MB,SHT,調査中,調査中,0,-,,,,,,,,
1990-09-28,ビクター音楽産業,ウルトラボックス第2号💿,PCE💿CDROM,💿512MB,他,調査中,調査中,0,-,,,,,,,,
1990-10-05,インテック,ザ・プロ野球💿,PCE💿CDROM,💿512MB,SPT,調査中,調査中,0,-,,,,,,,,
1990-10-09,日本テレネット,雀偵物語💿,PCE💿CDROM,💿512MB,TBL,調査中,調査中,0,-,,,,,,,,
1990-11-02,日本テレネット,デコボコ伝説走るワガマンマー💿,PCE💿CDROM,💿512MB,RCG,調査中,調査中,0,-,,,,,,,,
1990-11-23,ハドソンNEC,J.B.ハロルドシリーズマーダークラブ💿,PCE💿CDROM,💿512MB,ADV,調査中,調査中,0,-,,,,,,,浜田省吾,
1990-12-07,日本テレネット,アヴェンジャー💿,PCE💿CDROM,💿512MB,SHT,調査中,調査中,0,-,,,,,,,,
1990-12-07,メサイヤ,らんま1/2💿,PCE💿CDROM,💿512MB,ACT,調査中,調査中,0,-,,望月智充,,中嶋敦子|谷口宏美,和田薫,高橋留美子,,
1990-12-20,ヒューマンCRWorking Designs,バスティール💿,PCE💿CDROM,💿512MB,SLG,調査中,調査中,0,-,,,,,,,,
1990-12-28,ビクター音楽産業,ウルトラボックス第3号💿,PCE💿CDROM,💿512MB,他,調査中,調査中,0,-,,,,,,,,
1991-01-25,パック・イン・ビデオ,ガルクライトTDF2💿,PCE💿CDROM,💿512MB,SLG,調査中,調査中,0,-,,,,,,,,
1991-02-15,NECアベニュー,クイズアベニュー💿,PCE💿CDROM,💿512MB,QUIZ,調査中,調査中,0,-,,松田浩二,長谷川健,小森谷勇一郎|見田竜介,宮元真佐人,,多部田俊雄,
1991-02-15,マイクロキャビン,マスターオブモンスターズ💿,PCE💿CDROM,💿512MB,SLG,調査中,調査中,0,-,,,,,,,,
1991-03-15,メサイヤ,CYBERCITYOEDO808獣の属性💿,PCE💿CDROM,💿512MB,ADV,調査中,調査中,0,-,,山本哲也,斉藤満|高橋呉明|小林一美|柳謙一,青木勝志|渡部隆,山本敬一|本山淳弘|高木みゆき|山路敦司,斉藤満|浦畑達彦|六月十三,伊藤伸一|中村宏,
1991-03-22,ハドソンNEC,イースIII💿,PCE💿CDROM,💿512MB,ARPG,調査中,調査中,0,-,,,,,,,,
1991-03-22,工画堂スタジオ,魔晶伝紀ラ・ヴァルー💿,PCE💿CDROM,💿512MB,RPG,調査中,調査中,0,-,,,,,,,,
1991-03-22,サン電子,マンホール💿,PCE💿CDROM,💿512MB,ADV,調査中,調査中,0,33,,,,,,,,
1991-03-22,パック・イン・ビデオ,ロードスピリッツ💿,PCE💿CDROM,💿512MB,RCG,調査中,調査中,0,-,,,,,,,,
1991-03-29,日本テレネットNEC,エグザイル時の狭間へ💿,PCE💿CDROM,💿512MB,ARPG,調査中,調査中,0,-,,,,,,,,
1991-03-29,ナグザット,三国志英傑天下に臨む💿,PCE💿CDROM,💿512MB,SLG,調査中,調査中,0,-,,,,,,,,
1991-03-29,NECアベニュー,ダウンロード2💿,PCE💿CDROM,💿512MB,SHT,調査中,調査中,0,-,,,,,,,,
1991-04-05,日本テレネットWorking Designs,コズミックファンタジー2冒険少年バンCosmicFantasy2💿,PCE💿CDROM,💿512MB,RPG,調査中,調査中,0,-,,,,,,,,
1991-04-05,メサイヤ,エルディス💿,PCE💿CDROM,💿512MB,SHT,調査中,調査中,0,-,,山本哲也,高野務|松岡三郎,牧野紀夫,本山淳弘|高木みゆき|前田華代子|岩崎琢|山路敦|牧野紀夫,牧野紀夫,土田俊郎,
1991-04-05,アトラス,クイズまるごとTheワールド💿,PCE💿CDROM,💿512MB,QUIZ,調査中,調査中,0,-,,,,,中西ゆういちろう,鈴木光司|久保幸湖|谷井美佳|中村真夕,山崎宏太(朝日放送テレビ)|南雄大(朝日放送テレビ)|齋藤浩司(ヒューマックスシネマ)|若山佑介(ヒューマックスシネマ)|山口誠(47style),
1991-04-12,日本テレネット,ハイグレネーダー💿,PCE💿CDROM,💿512MB,SLG,調査中,調査中,0,-,,,,,,,,
1991-04-12,NECアベニュー,ヘルファイアーS💿,PCE💿CDROM,💿512MB,SHT,調査中,調査中,0,-,,,,,上村建也,,,
1991-04-19,ココナッツジャパン,パチ夫くん幻の伝説💿,PCE💿CDROM,💿512MB,TBL,調査中,調査中,0,-,,,,,,,,
1991-05-24,ビクター音楽産業,ウルトラボックス第4号💿,PCE💿CDROM,💿512MB,他,調査中,調査中,0,-,,,,,,,,
1991-05-31,ハドソンTTI,ポンピングワールドBusterBros.💿,PCE💿CDROM,💿512MB,ACT,調査中,調査中,0,-,,,,,,,,
1991-06-07,ハドソン,コブラII伝説の男💿,PCE💿CDROM,💿512MB,ADV,調査中,調査中,0,-,,酒井啓行,飛田雅宏,秋元哲也|角谷篤志,中村暢之,島田良尚|長山豊|伝田由紀,,
1991-06-07,データウエスト,ライザンバーII💿,PCE💿CDROM,💿512MB,SHT,調査中,調査中,0,-,,,みなみふみお|わしずよしゆき,中村一秀|五十嵐丈晴,斉藤康仁,,TEAM 50,
1991-06-21,IGS,魔笛伝説アストラリウス💿,PCE💿CDROM,💿512MB,RPG,調査中,調査中,0,-,,,,,,,,
1991-06-28,NECアベニューTTI,スプラッシュレイク💿,PCE💿CDROM,💿512MB,PZL,調査中,調査中,0,-,,,,,,,,
1991-06-28,インテック,戦国関東三国志💿,PCE💿CDROM,💿512MB,SLG,調査中,調査中,0,-,,長井筆公司,白鳥修|佐藤満,麻々凪博|戸高博之|広岡弥|戸高博之|うっかり伝七|ZUNKO|スパーキー魔神|小人 神・王,林家権タロー|芸春人|徳ベエ|メタルまんきち,,,
1991-07-12,ナグザット,精霊戦士スプリガン💿,PCE💿CDROM,💿512MB,SHT,調査中,調査中,0,-,,,外山雄一,中嶋和之,迫田敏明|竹内啓史|長尾亮利|田中勝己,,仁井谷正充,
1991-07-26,ビクター音楽産業NEC,シャーロック・ホームズの探偵講座💿,PCE💿CDROM,💿512MB,ADV,調査中,調査中,0,30,,ケネス・トローラ,フレッド・アレン,マイケル・マニング|キャサリン・トゥーテリアン,,ローリー・ローズ・バウマン|アニー・フォックス,ケネス・トローラ,
1991-07-26,NECアベニュー,大旋風カスタム💿,PCE💿CDROM,💿512MB,SHT,調査中,調査中,0,-,,,,,太田理,,,
1991-08-09,リバーヒルソフト,BURAI八玉の勇士伝説💿,PCE💿CDROM,💿512MB,RPG,調査中,調査中,0,-,,,,,,,,
1991-08-23,日本テレネット,ヴァリスIV💿,PCE💿CDROM,💿512MB,ACT,調査中,調査中,0,-,,,,,,,,
1991-08-30,ハドソン,聖竜伝説モンビット💿,PCE💿CDROM,💿512MB,RPG,調査中,調査中,0,30,,,,,,,,
1991-09-27,ビクター音楽産業,ウルトラボックス第5号💿,PCE💿CDROM,💿512MB,他,調査中,調査中,0,-,,,,,,,,
1991-10-11,NECアベニュー,クイズアベニューII💿,PCE💿CDROM,💿512MB,QUIZ,調査中,調査中,0,-,,,,,,,,
1991-10-25,日本物産,まーじゃんバニラシンドローム💿,PCE💿CDROM,💿512MB,TBL,調査中,調査中,0,-,,,,,,,,
1991-11-29,システムソフト,ロードオブウォーズ💿,PCE💿CDROM,💿512MB,SLG,調査中,調査中,0,-,,,,,,,,
1991-12-06,工画堂スタジオ,スーパーシュヴァルツシルト💿,PCE💿CDROM,💿512MB,SLG,調査中,調査中,0,-,,,,,,,,
1991-12-06,メサイヤ,らんま1/2とらわれの花嫁💿,PCE💿CDROM,💿512MB,ADV,調査中,調査中,0,-,,成田伸子,橋谷利幸|佐藤伸,テンキー|中嶋敦子|成田伸子,神津裕之,成田伸子,鈴木力|土田俊郎,
1991-12-13,ブレイングレイ,エフェラアンドジリオラジ・エンブレムフロムダークネス💿,PCE💿CDROM,💿512MB,ARPG,調査中,調査中,0,-,,,,土器手司|大貫健一|大畑晃一,,山本優,,
1991-12-13,インテック,太平記💿,PCE💿CDROM,💿512MB,SLG,調査中,調査中,0,-,,,,,,,,
1991-12-13,パック・イン・ビデオ,秘宝伝説クリスの冒険💿,PCE💿CDROM,💿512MB,ACT,調査中,調査中,0,-,,,,,,,,
1991-12-20,日本テレネット,なりトレザ・スゴロク'92💿,PCE💿CDROM,💿512MB,TBL,調査中,調査中,0,-,,,,,,,,
1991-12-27,タイトー,斬陽炎の時代💿,PCE💿CDROM,💿512MB,SLG,調査中,調査中,0,-,,,,,,,,
1992-01-24,NECアベニュー,マイト・アンド・マジック💿,PCE💿CDROM,💿512MB,RPG,調査中,調査中,0,-,,,,,,,,
1992-01-31,ビクター音楽産業,ウルトラボックス第6号💿,PCE💿CDROM,💿512MB,他,調査中,調査中,0,-,,,,,,,,
1992-02-21,IGS,IQPANIC💿,PCE💿CDROM,💿512MB,QUIZ,調査中,調査中,0,-,,,,,,,,
1992-02-28,メサイヤ,改造町人シュビビンマン3-異界のプリンセス💿,PCE💿CDROM,💿512MB,ACT,調査中,調査中,0,-,,,濱田信次|川上直哉|島尻雅人,鈴木政幸|斉藤智晴|有賀等|延東史朗|市丸雅彦|永井一成,葉山宏治,,土田俊郎,
1992-02-28,タイトー,ぎゅわんぶらあ自己中心派麻雀パズルコレクション💿,PCE💿CDROM,💿512MB,PZL,調査中,調査中,0,-,,,,,,,,
1992-02-28,アトラス,雀偵物語2宇宙探偵ディバン/出動編💿,PCE💿CDROM,💿512MB,TBL,調査中,調査中,0,-,,,,,,,,
1992-03-13,ビクター音楽産業NEC,ライジングサンLordsoftheRisingSun💿,PCE💿CDROM,💿512MB,SLG,調査中,調査中,0,-,,,,,,,,
1992-03-13,メサイヤ,魔物ハンター妖子魔界からの転校生💿,PCE💿CDROM,💿512MB,ADV,調査中,調査中,0,-,,,,,,,,
1992-03-20,パック・イン・ビデオ,マインスウィーパー💿,PCE💿CDROM,💿512MB,PZL,調査中,調査中,0,-,,,,,,,,
1992-03-27,パック・イン・ビデオ,川のぬし釣り自然派💿,PCE💿CDROM,💿512MB,RPG,調査中,調査中,0,-,,,,,,,,
1992-03-27,アトラス,クイズまるごとTheワールド2タイムマシンにおねがい!💿,PCE💿CDROM,💿512MB,QUIZ,調査中,調査中,0,-,,,,,中西ゆういちろう,鈴木光司|久保幸湖|谷井美佳|中村真夕,山崎宏太(朝日放送テレビ)|南雄大(朝日放送テレビ)|齋藤浩司(ヒューマックスシネマ)|若山佑介(ヒューマックスシネマ)|山口誠(47style),
1992-04-24,アトラス,雀偵物語2宇宙探偵ディバン/完結編💿,PCE💿CDROM,💿512MB,TBL,調査中,調査中,0,-,,,,,,,,
1992-07-10,ココナッツジャパン,カラーウォーズ💿,PCE💿CDROM,💿512MB,TBL,調査中,調査中,0,-,,,,,,,,
1992-07-17,ナグザット,サマーカーニバル'92アルザディック💿,PCE💿CDROM,💿512MB,SHT,調査中,調査中,0,-,,,,,,,,
1992-07-17,ハドソン,ロードス島戦記💿,PCE💿CDROM,💿512MB,RPG,調査中,調査中,0,-,,,,,,安田均(テーブルトークRPG),,
1992-09-18,ナグザット,ゼロウィング💿,PCE💿CDROM,💿512MB,SHT,調査中,調査中,0,-,,,,,上村建也|富沢敏明|弓削雅稔,,,
1992-10-02,ナグザット,スターモビール💿,PCE💿CDROM,💿512MB,PZL,調査中,調査中,0,-,,,,,,,,
1992-10-10,ハドソン,クイズ殿様の野望💿,PCE💿CDROM,💿512MB,QUIZ,調査中,調査中,0,-,,,松嶋延幸|中井一仁,飯島哲也|C.KANEMITSU|M.OKAZAKI|KITASAN|MARILYN HIGUCHI,松前真奈美|GIPS.PAPA,,岡本吉起,
1992-11-20,ナグザット,横山光輝真・三国志💿,PCE💿CDROM,💿512MB,SLG,調査中,調査中,0,-,,,,,,,,
1992-12-18,アスク講談社,上海IIIドラゴンズアイ💿,PCE💿CDROM,💿512MB,PZL,調査中,調査中,0,-,,,,,,,,
1993-02-12,日本テレネット,コズミック・ファンタジービジュアル集💿,PCE💿CDROM,💿512MB,他,調査中,調査中,0,-,,,,,,,,
1993-02-19,日本テレネット,ヴァリスビジュアル集💿,PCE💿CDROM,💿512MB,他,調査中,調査中,0,-,,,,,,,,
1993-02-26,タイトー,幻蒼大陸オーレリア💿,PCE💿CDROM,💿512MB,ARPG,調査中,調査中,0,-,,,,,,,,
1993-05-28,ビクター音楽産業TTI,シャーロック・ホームズの探偵講座IISherlockHolmes:ConsultingDetectiveVol.II💿,PCE💿CDROM,💿512MB,ADV,調査中,調査中,0,-,,,,,,,,
1993-05-28,ハドソン,クイズキャラバンカルトQ💿,PCE💿CDROM,💿512MB,QUIZ,調査中,調査中,0,-,,,,,,,,
1993-06-30,NECアベニュー,レインボーアイランド💿,PCE💿CDROM,💿512MB,ACT,調査中,調査中,0,-,,,藤末一郎|みきこうじ|おくのこうじ,三辻富貴朗|三辻富貴朗|讃岐平,相澤静夫|小倉久佳,三辻富貴朗,,
1991-10-25,ハドソンTTI,ドラゴンスレイヤー英雄伝説💿,PCE💿SCD,💿512MB,RPG,調査中,調査中,0,-,,,,,,,,
1991-10-25,日本テレネット,天使の詩💿,PCE💿SCD,💿512MB,RPG,調査中,調査中,0,31,,,,,,,,
1991-10-25,ハドソン,ポピュラスザ・プロミストランド💿,PCE💿SCD,💿512MB,SLG,調査中,調査中,0,-,,,,,,,,
1991-11-08,リバーヒルソフトTTI,プリンス・オブ・ペルシャ💿,PCE💿SCD,💿512MB,ACT,調査中,調査中,0,-,,,ジョーダン・メックナー,ジョーダン・メックナー,フランシス・メックナー,,ブライアン・エーラー,
1991-11-29,日本テレネット,レディファントム💿,PCE💿SCD,💿512MB,SLG,調査中,調査中,0,-,,中村光雄,清水昭博|木村こう姫|川出陽一,三橋幸雄|後藤正行,わかめ|さけ|村上慎吾|大坪弘人,三橋幸雄,羽成正己,
1991-12-20,アイレム,R-TYPECompleteCD💿,PCE💿SCD,💿512MB,SHT,調査中,調査中,0,-,,,SUM|MISACHIN,ABIKO|AKIO|YOSHIGE,石崎正人,,,
1991-12-20,ナグザット,熱血高校ドッジボール部CDサッカー編💿,PCE💿SCD,💿512MB,SPT,調査中,調査中,0,-,,,,,,,,
1992-02-07,日本テレネット,ブロウニング💿,PCE💿SCD,💿512MB,SHT,調査中,調査中,0,-,,,,,,,,
1992-02-21,ハドソンTTI,ゲートオブサンダー💿,PCE💿SCD,💿512MB,SHT,調査中,調査中,0,-,,,NINNIKI.NIN,METAL|SHELL|IDOL,ニック・ウッド,,,
1992-02-28,ヒューマン,ヒューマンスポーツフェスティバル💿,PCE💿SCD,💿512MB,SPT,調査中,調査中,0,-,,,,,,,,
1992-02-28,日本テレネット,未来少年コナン💿,PCE💿SCD,💿512MB,ACT,調査中,調査中,0,-,,,,宮崎駿|大塚康生,阿部海太郎,伊藤靖朗,,
1992-03-06,ナグザット,山村美紗サスペンス金盞花京絵皿殺人事件💿,PCE💿SCD,💿512MB,ADV,調査中,調査中,0,-,,,,,,,,
1992-03-13,パック・イン・ビデオ,HAWKF-123💿,PCE💿SCD,💿512MB,SHT,調査中,調査中,0,-,,,,,,,,
1992-03-19,日本テレネット,サイキック・ストーム💿,PCE💿SCD,💿512MB,SHT,調査中,調査中,0,-,,,,,,,,
1992-03-19,日本テレネット,夢幻戦士ヴァリス💿,PCE💿SCD,💿512MB,ACT,調査中,調査中,0,-,,林浩樹(グラフィック)|小川史生(音楽),秋篠雅弘,ウルフ・チーム|林浩樹,小川史生,林浩樹|三橋幸雄,林浩樹,
1992-03-26,ハドソン,天外魔境II卍MARU💿,PCE💿SCD,💿512MB,RPG,調査中,調査中,0,32,,桝田省治,岩崎啓眞|長谷川浩|藪芳昭|蝦名寿昌,広井王子(企画・監修)|辻野寅次郎(絵師・作画監督)|天城秀行,久石譲|福田裕彦,桝田省治(脚本・構成)|あだちひろし(翻案),清水始,
1992-03-27,NECアベニュー,フォゴットンワールド💿,PCE💿SCD,💿512MB,SHT,調査中,調査中,0,-,,,江川陽一|こじまのりこ|TAKEYO|山之内一雅,安田朗|西谷亮|船水紀孝|岡本吉起|栗原明美|TAKATA|SHINSYUDON|新谷さゆり|EMETARO,河本圭代|坂口由洋,,,
1992-03-27,ビクター音楽産業,シャドー・オブ・ザ・ビースト魔性の掟💿,PCE💿SCD,💿512MB,ACT,調査中,調査中,0,-,,,,,,,,
1992-03-27,日本テレネット,BABEL💿,PCE💿SCD,💿512MB,RPG,調査中,調査中,0,-,,,,,,,,
1992-04-01,マイクロワールド,ザ・デビスカップテニス💿,PCE💿SCD,💿512MB,SPT,調査中,調査中,0,-,,,,,,,,
1992-04-01,マイクロワールド,ビルダーランド💿,PCE💿SCD,💿512MB,PZL,調査中,調査中,0,-,,,,,,,,
1992-04-02,ハドソン,スーパー雷電💿,PCE💿SCD,💿512MB,SHT,調査中,調査中,0,-,,スタッフ参照,,,,,菅賢治|土屋敏男 ほか,
1992-04-03,メサイヤ,超時空要塞マクロス2036💿,PCE💿SCD,💿512MB,SHT,調査中,調査中,0,-,,,,,,,,
1992-04-24,ハドソン,スターパロジャー💿,PCE💿SCD,💿512MB,SHT,調査中,調査中,0,-,,,山下孝|杉本尚志,川田忠之|横山祥|古橋秀幸|山元健司,斎藤寛志|渡辺人,,青山英治,
1992-05-01,ライトスタッフTTI,テラフォーミングSydMead'sTerraforming💿,PCE💿SCD,💿512MB,SHT,調査中,調査中,0,-,,,,,,,,
1992-05-29,マイクロキャビン,キャンペーン版大戦略II💿,PCE💿SCD,💿512MB,SLG,調査中,調査中,0,-,,,,,,,,
1992-05-29,ハドソン,ドラえもんのび太のドラビアンナイト💿,PCE💿SCD,💿512MB,ACT,調査中,調査中,0,-,,,,,菊池俊輔,藤子・F・不二雄,,
1992-06-19,ハドソン,アドベンチャークイズカプコンワールドハテナの大冒険💿,PCE💿SCD,💿512MB,QUIZ,調査中,調査中,0,-,,,,,,,,
1992-06-25,リバーヒルソフト,トップをねらえ!GunBusterVOL.1💿,PCE💿SCD,💿512MB,ADV,調査中,調査中,0,-,,,,,,,,
1992-06-26,日本物産,F-1CIRCUSSPECIAL💿,PCE💿SCD,💿512MB,RCG,調査中,調査中,0,-,,,,,,,,
1992-06-26,ブレイングレイ,ジェノサイド💿,PCE💿SCD,💿512MB,ACT,調査中,調査中,0,-,,,,,,,,
1992-06-26,データウエスト,ライザンバーIII💿,PCE💿SCD,💿512MB,SHT,調査中,調査中,0,-,,,みなみふみお|わしずよしゆき,中村一秀|五十嵐丈晴,斉藤康仁,,TEAM 50,
1992-07-17,ビクター音楽産業,ソーサリアン💿,PCE💿SCD,💿512MB,ARPG,調査中,調査中,0,-,,,木屋善夫,木屋善夫|山根ともお|都築和彦|大浦孝浩|佐藤善美|古代彩乃|小林誠(マニュアルイラスト),古代祐三|石川三恵子|竹林令子|永田英哉,五十嵐哲也|富一成|山根ともお|都築和彦,加藤正幸,
1992-07-24,日本テレネット,ぽっぷ'nまじっく💿,PCE💿SCD,💿512MB,ACT,調査中,調査中,0,-,,,,,,,,
1992-07-31,マイクロワールドNEC,ザ・キックボクシングAndrePanzaKickBoxing💿,PCE💿SCD,💿512MB,SPT,調査中,調査中,0,-,,,,,,,,
1992-07-31,NECアベニュー,ボナンザブラザーズ💿,PCE💿SCD,💿512MB,ACT,調査中,調査中,0,-,,,,,並木晃一,,,
1992-08-07,NECアベニュー,ドラゴンナイトII💿,PCE💿SCD,💿512MB,RPG,調査中,調査中,0,-,,,,,,,,
1992-08-10,サン電子,クイズの星💿,PCE💿SCD,💿512MB,QUIZ,調査中,調査中,0,-,,北川正昭|JOE! JOE! JOE!,北川正昭|m.y.a|UTUGIUS祝進級,S.GIANTS,PHASE OUT,,吉田喜春,
1992-08-28,マイクロワールド,ベイビー・ジョー💿,PCE💿SCD,💿512MB,ACT,調査中,調査中,0,-,,,,,,,,
1992-08-29,ヒューマン,ファージアスの邪皇帝💿,PCE💿SCD,💿512MB,RPG,調査中,調査中,0,-,,,カイザー,阿部賢一,庭山博也|田中宏|米沢正弘|太谷哲司|山崎正通,矢野了也|高野希義|いいやんさんすー,,
1992-09-04,日本テレネット,TRAVELエプル💿,PCE💿SCD,💿512MB,ACT,調査中,調査中,0,-,,,,,,,,
1992-09-11,日本テレネット,F-1チームシミュレーションプロジェクトF💿,PCE💿SCD,💿512MB,SLG,調査中,調査中,0,-,,,,,,,,
1992-09-18,ビクター音楽産業TTI,ダンジョン・マスターセロンズ・クエストDungeonMaster💿,PCE💿SCD,💿512MB,RPG,調査中,調査中,0,30,,,,,,,,
1992-09-22,日本テレネットWorking Designs,エグザイルII邪念の事象Exile:WickedPhenomenon💿,PCE💿SCD,💿512MB,ARPG,調査中,調査中,0,-,,,,,,,,
1992-09-25,ビクター音楽産業TTI,LOOM💿,PCE💿SCD,💿512MB,ADV,調査中,調査中,0,-,,,,,作詞:Toshl 作曲:青木秀一,,Toshl,
1992-09-25,日本テレネット,コズミック・ファンタジー3冒険少年レイ💿,PCE💿SCD,💿512MB,RPG,調査中,調査中,0,-,,,,,,,,
1992-09-29,ビクター音楽産業TTI,シェイプシフター魔界英雄伝ShapeShifter💿,PCE💿SCD,💿512MB,ACT,調査中,調査中,0,-,,,,,,,,
1992-10-01,ソフィックス,YAWARA!💿,PCE💿SCD,💿512MB,ADV,調査中,調査中,0,-,,,,兼森義則|兼森義則|君塚勝教,森英治,井上敏樹,,
1992-10-02,メサイヤ,らんま1/2打倒、元祖無差別格闘流!💿,PCE💿SCD,💿512MB,ACT,調査中,調査中,0,-,,南浩史,高橋呉明|小林一美|南浩史,,本山淳弘|高木みゆき|前田華代子|岩崎琢,南浩史,土田俊郎,
1992-10-09,インテック,ザ・プロ野球SUPER💿,PCE💿SCD,💿512MB,SPT,調査中,調査中,0,-,,,,,,,,
1992-10-09,マイクロワールド,スライムワールド💿,PCE💿SCD,💿512MB,ACT,調査中,調査中,0,-,,,,,,,,
1992-10-23,日本テレネット,キアイダン00💿,PCE💿SCD,💿512MB,SHT,調査中,調査中,0,-,,CM ひげぴん|ORI,野上真一,CM ひげぴん|開田裕治,森永由美子|猫乃あまえ♂|吉川雄次,久保基史,佐々木哲哉|小川史生,
1992-10-23,ハドソン,銀河お嬢様伝説ユナ💿,PCE💿SCD,💿512MB,ADV,調査中,調査中,0,-,,,,,,明貴美加,,
1992-10-23,コナミ,スナッチャー💿,PCE💿SCD,💿512MB,ADV,調査中,調査中,0,33,,小島秀夫,足立敏哉,小島秀夫|木下富晴|太田良彦,碇子正広,小島秀夫,桐田富和|春木豊,
1992-11-20,データウエスト,サイキック・ディテクティヴ・シリーズVol.3アヤ💿,PCE💿SCD,💿512MB,ADV,調査中,調査中,0,-,,,,,,,,
1992-11-27,テイチク,ゴッドパニック至上最強軍団💿,PCE💿SCD,💿512MB,SHT,調査中,調査中,0,-,,,,,,,,
1992-11-27,サンソフト,レミングス💿,PCE💿SCD,💿512MB,PZL,調査中,調査中,0,-,,,デイブ・ジョーンズ(英語版),ゲイリー・ティモンズ|スコット・ジョンストン,ブライアン・ジョンストン|ティム・ライト(英語版),,,
1992-12-04,工画堂スタジオ,スーパーシュヴァルツシルト2💿,PCE💿SCD,💿512MB,SLG,調査中,調査中,0,-,,,,,,,,
1992-12-04,メサイヤ,超時空要塞マクロス永遠のラヴソング💿,PCE💿SCD,💿512MB,SLG,調査中,調査中,0,-,,,,,,,,
1992-12-04,メディアリング,TECMOWORLDCUPスーパーサッカー💿,PCE💿SCD,💿512MB,SPT,調査中,調査中,0,-,,,,,,,,
1992-12-11,ナグザット,ダウンタウン熱血行進曲それゆけ大運動会💿,PCE💿SCD,💿512MB,ACT,調査中,調査中,0,-,,関本弘之,南波靖一郎|松本康宏|熊谷慎太郎,根立克行(キャラ担当)|東郷和代(背景担当),澤和雄,,,
1992-12-11,ナグザット,ネクスザール💿,PCE💿SCD,💿512MB,SHT,調査中,調査中,0,-,,,,,,,,
1992-12-18,アイレム,イメージファイトII💿,PCE💿SCD,💿512MB,SHT,調査中,調査中,0,-,,,KAN-CHAN,YAMASHI|NABE,冷牟田卓志|木村浩,,おかだこうぞう|吉岡基行,
1992-12-18,コナミ,グラディウスII-GOFERの野望-💿,PCE💿SCD,💿512MB,SHT,調査中,調査中,0,-,,町口浩康,高取利明|筒井久一郎|T.HORIMOTO|鈴木彰|藤井龍夫,M.YOSHIKATA|芦田裕行|M.IWAMOTO|A.NONAMI|角和邦昭,コナミ矩形波倶楽部|田坂真二|古川元亮|深見誠一|松原健一,,,
1992-12-18,ナグザット,スーパーリアル麻雀スペシャルミキ・カスミ・ショウコの思い出より💿,PCE💿SCD,💿512MB,TBL,調査中,調査中,0,-,,,,,,,,
1992-12-18,ナグザット,パステルLime💿,PCE💿SCD,💿512MB,ADV,調査中,調査中,0,-,,,,,,,,
1992-12-18,リバーヒルソフト,ブライII闇皇帝の逆襲💿,PCE💿SCD,💿512MB,RPG,調査中,調査中,0,-,,,,,,,,
1992-12-18,メサイヤ,モトローダーMC💿,PCE💿SCD,💿512MB,RCG,調査中,調査中,0,-,,,,,,,,
1992-12-22,ヒューマン,宇宙戦艦ヤマト💿,PCE💿SCD,💿512MB,SLG,調査中,調査中,0,-,,,,岡迫亘弘|松本零士|スタジオぬえ,宮川泰,藤川桂介|田村丸|山本暎一,,
1992-12-22,ココナッツジャパン,パチ夫くん笑う宇宙💿,PCE💿SCD,💿512MB,TBL,調査中,調査中,0,-,,,,,,,,
1992-12-23,ハドソン,ドラゴンスレイヤー英雄伝説II💿,PCE💿SCD,💿512MB,RPG,調査中,調査中,0,-,,,,,,,,
1992-12-25,ハドソン,井上麻美この星にたったひとりのキミ💿,PCE💿SCD,💿512MB,ADV,調査中,調査中,0,-,,,,,,,,
1992-12-25,NECアベニュー,ゲイングランドSX💿,PCE💿SCD,💿512MB,ACT,調査中,調査中,0,-,,,大岡良樹,マック・オースティン|ヤン・ワット|EIRO,高田陽|林克洋,,,
1992-12-25,日本テレネット,サークI・II💿,PCE💿SCD,💿512MB,ARPG,調査中,調査中,0,-,,中津泰彦,中津泰彦|青木正二郎,中津泰彦|陣内靖弘|瀬田哲也|百鬼丸|樋口恵津子,瓜田幸治,中津泰彦|陣内靖弘|瀬田哲也,中津泰彦,
1992-12-25,メサイヤ,超兄貴💿,PCE💿SCD,💿512MB,SHT,調査中,調査中,0,-,,,濱田信次,永井一成,葉山宏治,,土田俊郎,
1992-12-28,光栄,スーパー麻雀大会💿,PCE💿SCD,💿512MB,TBL,調査中,調査中,0,-,,,,,若桑比織,,シブサワ・コウ,
1993-01-08,メサイヤ,魔物ハンター妖子〜遠き呼び声〜💿,PCE💿SCD,💿512MB,ADV,調査中,調査中,0,-,,,,,,,,
1993-01-14,ハドソンTTI,シムアース💿,PCE💿SCD,💿512MB,SLG,調査中,調査中,0,-,,,ダニエル・ゴールドマン|ポール・シュミット,フレッド・ハスラム|ウィル・ライト|ケイトリン・ミシェルデイトン|ピーター・ミシェルデイトン|ジェニー・マーティン|スーザン・グリーン,ヒース・ペーターソン,,スティーヴ・ベッカート,
1993-01-22,NECホームエレクトロニクス,メタモジュピター💿,PCE💿SCD,💿512MB,SHT,調査中,調査中,0,-,,,,,,,,
1993-01-29,ハドソン,ふしぎの海のナディア💿,PCE💿SCD,💿512MB,ADV,調査中,調査中,0,-,,,,貞本義行,鷺巣詩郎,大川久男|梅野かおる,,
1993-02-12,ハドソンTTI,コットンCotton:FantasticNightDreams💿,PCE💿SCD,💿512MB,SHT,調査中,調査中,0,-,,,,,,,,
1993-02-26,ハドソンTTI,クレストオブウルフRiotZone💿,PCE💿SCD,💿512MB,ACT,調査中,調査中,0,-,,,,,,,,
1993-02-26,NECアベニュー,ホラーストーリー💿,PCE💿SCD,💿512MB,ACT,調査中,調査中,0,-,,,,,,,,
1993-02-26,日本テレネット,ポリス・コネクション💿,PCE💿SCD,💿512MB,TBL,調査中,調査中,0,-,,,,,,,,
1993-02-27,光栄,信長の野望・武将風雲録💿,PCE💿SCD,💿512MB,SLG,調査中,調査中,0,-,,,,,菅野よう子,,シブサワ・コウ,
1993-03-05,メディアリング,ゼロヨンチャンプII💿,PCE💿SCD,💿512MB,RCG,調査中,調査中,0,-,,,,,,,,
1993-03-12,ナグザット,双截龍IITHEREVENGE💿,PCE💿SCD,💿512MB,ACT,調査中,調査中,0,-,,,,,,,,
1993-03-19,キングレコード,CDBATTLE光の勇者たち💿,PCE💿SCD,💿512MB,他,調査中,調査中,0,-,,,,,,,,
1993-03-19,マイクロワールド,ジム・パワー💿,PCE💿SCD,💿512MB,ACT,調査中,調査中,0,-,,,,,,,,
1993-03-26,ハドソンTTI,ダンジョンエクスプローラーII💿,PCE💿SCD,💿512MB,ARPG,調査中,調査中,0,-,,松永智史,白谷守|鈴木規生|小島卓也,上田和敏|松沢運生|岡田寿夫|草彅琢仁,コンポジラ|T'sミュージック|BANG HEADS,野村郁朋,青山英治,
1993-03-26,アイレム,英雄三国志💿,PCE💿SCD,💿512MB,SLG,調査中,調査中,0,-,,,,,,,,
1993-03-26,日本テレネット,天使の詩II堕天使の選択💿,PCE💿SCD,💿512MB,RPG,調査中,調査中,0,-,,,,,,,,
1993-03-26,リバーヒルソフト,トップをねらえ!GunBusterVOL.2💿,PCE💿SCD,💿512MB,ADV,調査中,調査中,0,-,,,,,,,,
1993-03-26,ナグザット,フォーセットアムール💿,PCE💿SCD,💿512MB,ACT,調査中,調査中,0,-,,,高橋聖人,宍倉典幸|牧野竜一,大島俊一,安部淳也,福田雅之,
1993-03-26,NECホームエレクトロニクス,ムーンライトレディ💿,PCE💿SCD,💿512MB,ADV,調査中,調査中,0,-,,かえるさん|西田晴幸|坂井志保,清水昭博|熊田浩司,国府方政男|西田晴幸|As'まりあ|ねことむ,長谷部潤,かえるさん,高垣信宏,
1993-03-30,ヒューマン,ラプラスの魔💿,PCE💿SCD,💿512MB,RPG,調査中,調査中,0,-,,,,,,,,
1993-03-31,NECアベニュー,CALII💿,PCE💿SCD,💿512MB,ADV,調査中,調査中,0,-,,山中拓也,,おぐち|田辺謙司,増子津可燦|高梨康治|Funta7|RegaSound|岩田賢治,待田堂子|永井真吾|竹内利光|望月真理子,山中拓也,
1993-04-16,ライトスタッフ,フィーンドハンター💿,PCE💿SCD,💿512MB,ARPG,調査中,調査中,0,-,,,田名網正,木村明広,澤下禎,飯淳,,
1993-04-23,ハドソンTTI,ウィンズオブサンダーLordsofThunder💿,PCE💿SCD,💿512MB,SHT,調査中,調査中,0,-,,,,,,,,
1993-04-23,アトラス,雀偵物語3セイバーエンジェル💿,PCE💿SCD,💿512MB,TBL,調査中,調査中,0,-,,,,,,,,
1993-06-11,アートディンク,A列車で行こうIII💿,PCE💿SCD,💿512MB,SLG,調査中,調査中,0,-,,,,,,,,
1993-07-10,ハドソン,天外魔境風雲カブキ伝💿,PCE💿SCD,💿512MB,RPG,調査中,調査中,0,33,,竹部隆司(監督)|藤原茂樹(演出),小坂恭洋,広井王子(企画・監修)|辻野寅次郎(絵師)|久保久(美術監督),田中公平,荒井弘二,和気正則|三井啓介|小林正樹,
1993-07-16,アスク講談社,1552天下大乱💿,PCE💿SCD,💿512MB,SLG,調査中,調査中,0,-,,,,,,,,
1993-07-23,ナグザット,WIZARDRYI・II💿,PCE💿SCD,💿512MB,RPG,調査中,調査中,0,-,,,,,,,,
1993-07-23,ナグザット,サマーカーニバル'93ネクスザールスペシャル💿,PCE💿SCD,💿512MB,SHT,調査中,調査中,0,-,,,,,,,,
1993-07-23,マイクロネット,ブラックホールアサルト💿,PCE💿SCD,💿512MB,ACT,調査中,調査中,0,-,,,,,,,,
1993-07-23,マイクロキャビン,ミスティックフォーミュラ💿,PCE💿SCD,💿512MB,ACT,調査中,調査中,0,-,,,,,,,,
1993-07-30,ハドソン,CD電人ロカビリー天国💿,PCE💿SCD,💿512MB,SHT,調査中,調査中,0,-,,松永智史|伊井人,高野務,僕久保|中村純|もらおかもら|あだちひろし|青木コブ太|阿部K助,佐藤真一郎|平木登直,,青山英治|小林正樹,
1993-07-30,NECアベニュー,卒業〜Graduation〜💿,PCE💿SCD,💿512MB,SLG,調査中,調査中,0,-,,,,竹井正樹,なし,,,
1993-07-30,NECホームエレクトロニクス,眠れぬ夜の小さなお話💿,PCE💿SCD,💿512MB,ADV,調査中,調査中,0,-,,,,野村誠司,原由子,森絵都,,
1993-08-06,データウエスト,サイキック・ディテクティヴ・シリーズVol.4オルゴール💿,PCE💿SCD,💿512MB,ADV,調査中,調査中,0,-,,,,,,,,
1993-08-06,インテック,チャンピオンシップラリー💿,PCE💿SCD,💿512MB,RCG,調査中,調査中,0,-,,,,,,,,
1993-08-06,メサイヤ,ラングリッサー光輝の末裔💿,PCE💿SCD,💿512MB,SLG,調査中,調査中,0,-,,,,,,,,
1993-09-24,ナグザット,麻雀クリニックスペシャル💿,PCE💿SCD,💿512MB,TBL,調査中,調査中,0,-,,,,,,,,
1993-09-24,パック・イン・ビデオ,メタルエンジェル💿,PCE💿SCD,💿512MB,SLG,調査中,調査中,0,-,,,,,,,,
1993-09-30,光栄,蒼き狼と白き牝鹿・元朝秘史💿,PCE💿SCD,💿512MB,SLG,調査中,調査中,0,-,,,,,大島ミチル,,シブサワ・コウ,
1993-09-30,リバーヒルソフト,機動警察パトレイバーグリフォン篇💿,PCE💿SCD,💿512MB,ADV,調査中,調査中,0,-,,,,,,,,
1993-09-30,NECアベニュー,麻雀オンザビーチ💿,PCE💿SCD,💿512MB,TBL,調査中,調査中,0,-,,山下賢一,小座間隆,遊人,,,石原幸男,
1993-09-30,バンプレスト,幽☆遊☆白書闇勝負!!暗黒武術会💿,PCE💿SCD,💿512MB,SHT,調査中,調査中,0,-,,JIPPAHITOKARAGE,まきこうせい|田村毅|さいとうしゅういち|わだやすゆき|塩住誠,守谷淳一|わたなべゆうじ|なかむらとしろう|西山彰則|高尾伸治|雪野和哉|KATTAA,みしまともみ,,,
1993-10-02,光栄,三國志III💿,PCE💿SCD,💿512MB,SLG,調査中,調査中,0,-,,,,,向谷実,,シブサワ・コウ,
1993-10-22,トンキンハウス,シルフィア💿,PCE💿SCD,💿512MB,SHT,調査中,調査中,0,-,,永妻淳一,野上真一,子猫ネコ|佐藤典司|高島俊介|寺本耕二|掘田英雄|水元省二|島崎亜矢,竹内啓史|嶋崎聡|田中勝己|長尾英之助|松島剛史,,浦井郁郎,
1993-10-22,レイ・フォース,スタートリング・オデッセイ💿,PCE💿SCD,💿512MB,RPG,調査中,調査中,0,-,,,,,,,,
1993-10-29,ハドソン,マイト・アンド・マジックIII💿,PCE💿SCD,💿512MB,RPG,調査中,調査中,0,-,,,,,,,,
1993-10-29,コナミ,悪魔城ドラキュラX血の輪廻💿,PCE💿SCD,💿512MB,ACT,調査中,調査中,0,-,,萩原徹,,,荘司朗|中村圭三|佐野朋子|斎藤幹雄,,山田善朗,
1993-10-29,インテック,GALAXY刑事GAYVAN💿,PCE💿SCD,💿512MB,ACT,調査中,調査中,0,-,,,,,,,,
1993-10-29,NECホームエレクトロニクス,マジクール💿,PCE💿SCD,💿512MB,ARPG,調査中,調査中,0,-,,森山豊治|槇原文彦,,織田武士,牧野信博,森山豊治,庭山博也,
1993-11-19,ライトスタッフ,ソードマスター💿,PCE💿SCD,💿512MB,SLG,調査中,調査中,0,-,,,,,,,,
1993-11-19,ビクター音楽産業,ルイン神の遺産💿,PCE💿SCD,💿512MB,ARPG,調査中,調査中,0,-,,,,,,,,
1993-11-26,ナグザット,クイズDE学園祭💿,PCE💿SCD,💿512MB,QUIZ,調査中,調査中,0,-,,,神無月らい,FIX|もりけん,米田克哉,もりけん,,
1993-11-26,ヒューマン,ただいま勇者募集中💿,PCE💿SCD,💿512MB,TBL,調査中,調査中,0,-,,,,,,,,
1993-11-26,リバーヒルソフト,フェイスボール💿,PCE💿SCD,💿512MB,ACT,調査中,調査中,0,-,,,,,,,,
1993-12-03,工画堂スタジオ,機装ルーガ💿,PCE💿SCD,💿512MB,SLG,調査中,調査中,0,-,,,,,,,,
1993-12-10,日本物産,伊賀忍伝凱王💿,PCE💿SCD,💿512MB,ACT,調査中,調査中,0,-,,,,,,,,
1993-12-10,パック・イン・ビデオ,オーロラクエストおたくの星座INANOTHERWORLD💿,PCE💿SCD,💿512MB,RPG,調査中,調査中,0,-,,,,,,,,
1993-12-10,徳間書店インターメディア,秘密の花園💿,PCE💿SCD,💿512MB,ADV,調査中,調査中,0,-,,,,,,,,
1993-12-11,光栄,信長の野望・全国版💿,PCE💿SCD,💿512MB,SLG,調査中,調査中,0,-,,,,,菅野よう子,,シブサワ・コウ,
1993-12-17,ナグザット,スーパーリアル麻雀PIVカスタム💿,PCE💿SCD,💿512MB,TBL,調査中,調査中,0,-,,,,,,,,
1993-12-17,コナミ,マーシャルチャンピオン💿,PCE💿SCD,💿512MB,ACT,調査中,調査中,0,-,,HEINE KEN,,HEINE KEN|赤坂嘉紀|SURUGANOKAMI MADAOW|ひじまみさと,仲野順也|すぎさわけいじ,,KANON PACHELBEL,
1993-12-17,ナグザット,闇の血族〜遥かなる記憶〜💿,PCE💿SCD,💿512MB,ADV,調査中,調査中,0,-,,,,,,,,
1993-12-19,ライトスタッフ,フラッシュハイダース💿,PCE💿SCD,💿512MB,ACT,調査中,調査中,0,-,,,佐野敬之,チキンヘッド|赤石龍彌,澤下禎,山本剛,,
1993-12-22,ハドソン,イースIVTheDawnofYs💿,PCE💿SCD,💿512MB,ARPG,調査中,調査中,0,-,,,,,,,,
1993-12-23,NECアベニュー,スーパーダライアスII💿,PCE💿SCD,💿512MB,SHT,調査中,調査中,0,-,,藤原英裕,大槻朗|中村辰男|廿楽昌志|征矢野伸二,藤原英裕|仙波隆綱|菊池正美|仙波隆綱|加藤久和,小倉久佳,,藤原英裕,
1993-12-24,日本物産,セクシーアイドル麻雀💿,PCE💿SCD,💿512MB,TBL,調査中,調査中,0,-,,,,,,,,
1993-12-24,ナグザット,ダウンタウン熱血物語💿,PCE💿SCD,💿512MB,ACT,調査中,調査中,0,-,,関本弘之|吉田晄浩|W.S.LITTLE,谷本敦|熊谷慎太郎|ふくはらげんえい|SHIN,白戸政男,澤和雄,,,
1993-12-25,アトラス,真・女神転生💿,PCE💿SCD,💿512MB,RPG,調査中,調査中,0,-,,岡田耕始,佐藤雅美|岡田耕始|國枝剛|高木秀俊,伊藤龍太郎|藤岡一樹|しまだよしあき|鈴木一也(遊企画)|佐藤佐和子|村上哲也|片岡いずみ|高島志郎|金子一馬,増子司,鈴木一也|伊藤龍太郎,新野洋右,
1994-01-03,ハドソン,爆笑吉本新喜劇・今日はこれぐらいにしといたる!💿,PCE💿SCD,💿512MB,ACT,調査中,調査中,0,-,,,,,,,,
1994-01-07,アイレム,ソル・モナージュ💿,PCE💿SCD,💿512MB,RPG,調査中,調査中,0,-,,さとうしゅう,やまもとしゅんいち,さとうしゅう|風上旬,平嶋理経,さとうしゅう,Moto,
1994-01-28,NECホームエレクトロニクス,エメラルドドラゴン💿,PCE💿SCD,💿512MB,RPG,調査中,調査中,0,-,,,,,,,,
1994-01-28,インテック,格闘覇王伝説アルガノス💿,PCE💿SCD,💿512MB,ACT,調査中,調査中,0,-,,,,,,,,
1994-02-10,レイ・フォース,スターブレイカー💿,PCE💿SCD,💿512MB,RPG,調査中,調査中,0,-,,寺岡大介|渡部高志,三枝直樹,坂田文彦|中沢一登,中村暢之,坂田文彦,坂田文彦,
1994-02-18,NECホームエレクトロニクス,風の伝説ザナドゥ💿,PCE💿SCD,💿512MB,ARPG,調査中,調査中,0,-,,,,,,,,
1994-02-25,パック・イン・ビデオ,パラディオン💿,PCE💿SCD,💿512MB,SLG,調査中,調査中,0,-,,,,,,,,
1994-02-25,ナグザット,麻雀レモンエンジェル💿,PCE💿SCD,💿512MB,TBL,調査中,調査中,0,-,,,,BOKU NO SEIJA|NAI,藤井健一(K.FUJI)|中嶋孝志(T.NAKAJIMA),,,
1994-02-26,東宝TTI,ゴジラ爆闘烈伝Godzilla💿,PCE💿SCD,💿512MB,ACT,調査中,調査中,0,-,,,,,,,,
1994-03-04,ナグザット,WIZARDRYIII・IV💿,PCE💿SCD,💿512MB,RPG,調査中,調査中,0,-,,,,,,,,
1994-03-04,アートディンク,THEATLASルネッサンスボイジャー💿,PCE💿SCD,💿512MB,SLG,調査中,調査中,0,-,,,,,,,,
1994-03-04,ハドソン,パワーゴルフ2ゴルファー💿,PCE💿SCD,💿512MB,SPT,調査中,調査中,0,-,,,,,,,,
1994-03-25,NECアベニュー,CALIII完結編💿,PCE💿SCD,💿512MB,ADV,調査中,調査中,0,-,,,,,,,,
1994-03-25,リバーヒルソフト,プリンセス・ミネルバ💿,PCE💿SCD,💿512MB,RPG,調査中,調査中,0,-,,池本浩司,福田淳|横山欣也,石田走|松本文夫|井上博明,岩谷弘明,舞阪洸,鈴木理香,
1994-03-30,マイクロキャビン,フレイCDサーク外伝💿,PCE💿SCD,💿512MB,ACT,調査中,調査中,0,-,,中津泰彦,中津泰彦,柳島秀行|中津泰彦|末永仁志|谷口恵津子|ここまひ,新田忠弘,中津泰彦,,
1994-03-30,NECアベニュー,モンスターメーカー闇の竜騎士💿,PCE💿SCD,💿512MB,RPG,調査中,調査中,0,-,,,,,,,,
1994-04-15,ココナッツジャパン,パチ夫くん3パチスロ＆パチンコ💿,PCE💿SCD,💿512MB,TBL,調査中,調査中,0,-,,迫井政行(第12話まで),,冨士原良|小松真梨子|橋本浩一(第12話まで)|長友望己(第13話以降),横山克|橋口佳奈,リベル・エンタテインメント,沖田多久磨,
1994-04-22,ソニー・ミュージックエンタテインメント,爆伝アンバランスゾーン💿,PCE💿SCD,💿512MB,ADV,調査中,調査中,0,-,,,,,,,,
1994-04-22,NECアベニュー,ぷよぷよCD💿,PCE💿SCD,💿512MB,PZL,調査中,調査中,0,-,,,,,,,,
1994-04-28,ナグザット,風霧💿,PCE💿SCD,💿512MB,ACT,調査中,調査中,0,-,,,,,,,,
1994-04-28,徳間書店インターメディア,初恋物語💿,PCE💿SCD,💿512MB,SLG,調査中,調査中,0,-,,,,,,,,
1994-05-20,ハドソンTTI,超英雄伝説ダイナスティックヒーローTheDynasticHero💿,PCE💿SCD,💿512MB,ARPG,調査中,調査中,0,-,,,,,,,,
1994-05-27,コナミ,ときめきメモリアル💿,PCE💿SCD,💿512MB,SLG,調査中,調査中,0,-,,永田義明,,立石流牙|小倉雅史,Metal Yuhki|村井聖夜|莊司朗|Sanoppi|中村地獄車,五十嵐孝司,桐田富和,
1994-06-10,日本テレネット,コズミックファンタジー4銀河少年伝説突入編💿,PCE💿SCD,💿512MB,RPG,調査中,調査中,0,-,,,,,,,,
1994-06-17,パック・イン・ビデオ,KO世紀ビースト三獣士ガイア復活完結編💿,PCE💿SCD,💿512MB,RPG,調査中,調査中,0,-,,,,,,,,
1994-06-17,インテック,ザ・プロ野球SUPER'94💿,PCE💿SCD,💿512MB,SPT,調査中,調査中,0,-,,,,,,,,
1994-06-17,NECアベニュー,天地を喰らう💿,PCE💿SCD,💿512MB,ACT,調査中,調査中,0,-,,,,,,,,
1994-06-17,NECホームエレクトロニクス,ブランディッシュ💿,PCE💿SCD,💿512MB,ARPG,調査中,調査中,0,-,,,,,,,,
1994-07-08,NECホームエレクトロニクス,3×3EYES三只眼變成💿,PCE💿SCD,💿512MB,ADV,調査中,調査中,0,-,,,,,,,,
1994-07-08,ヒューマン,バスティール2💿,PCE💿SCD,💿512MB,SLG,調査中,調査中,0,-,,,,,,,,
1994-07-15,アートディンク,栄冠は君に高校野球全国大会💿,PCE💿SCD,💿512MB,SLG,調査中,調査中,0,-,,,,,,,,
1994-07-15,NECアベニュー,チキチキボーイズ💿,PCE💿SCD,💿512MB,ACT,調査中,調査中,0,-,,船水紀孝|岡本吉起,BLBON|MEIJIN|SAIKOU YUKI,Bully Duck|新谷さゆり|中山郁夫|たなべまゆみ,高岡宏光,,,
1994-07-22,TGL,アドヴァンストV.G.💿,PCE💿SCD,💿512MB,ACT,調査中,調査中,0,-,,,,木村貴宏|雨宮まこと,山本はるきち,服部理子,,
1994-07-22,NECアベニュー,ドラゴンナイトIII💿,PCE💿SCD,💿512MB,RPG,調査中,調査中,0,-,,,,,,,,
1994-07-29,バンプレスト,GS美神💿,PCE💿SCD,💿512MB,ADV,調査中,調査中,0,-,,,,青山充,佐橋俊彦,椎名高志,,
1994-07-29,ハドソン,ネオ・ネクタリス💿,PCE💿SCD,💿512MB,SLG,調査中,調査中,0,30,,,,,,,,
1994-08-05,ナグザット,スーパーリアル麻雀PII・IIIカスタム💿,PCE💿SCD,💿512MB,TBL,調査中,調査中,0,-,,,,,,,,
1994-08-05,日本物産,聖戦士伝承・雀卓の騎士💿,PCE💿SCD,💿512MB,TBL,調査中,調査中,0,-,,,,,,,,
1994-08-05,バンプレスト,美少女戦士セーラームーン💿,PCE💿SCD,💿512MB,ADV,調査中,調査中,0,-,,,,,,,,
1994-08-12,NECホームエレクトロニクス,ぽっぷるメイル💿,PCE💿SCD,💿512MB,ARPG,調査中,調査中,0,-,,木屋善夫,永嶋純,今井浩之|塩田雄一|田中久仁彦,石川三恵子|白川篤史,,加藤正幸,
1994-08-26,ビクターエンタテインメント,アルシャーク💿,PCE💿SCD,💿512MB,RPG,調査中,調査中,0,-,,,田名網正,飯淳|佐藤淳|青柳久|木村明広,佐藤天平,飯淳,,
1994-09-16,日本物産,セクシーアイドル麻雀まーじゃんファッション物語💿,PCE💿SCD,💿512MB,TBL,調査中,調査中,0,-,,,,,,,,
1994-09-22,NECアベニュー,誕生Debut💿,PCE💿SCD,💿512MB,SLG,調査中,調査中,0,-,,,,,なし,,,
1994-09-23,ソフィックス,YAWARA!2💿,PCE💿SCD,💿512MB,ADV,調査中,調査中,0,-,,,,兼森義則|兼森義則|君塚勝教,森英治,井上敏樹,,
1994-09-30,NECホームエレクトロニクス,サークIII💿,PCE💿SCD,💿512MB,ARPG,調査中,調査中,0,-,,中津泰彦,中津泰彦|青木正二郎,中津泰彦|陣内靖弘|瀬田哲也|百鬼丸|樋口恵津子,瓜田幸治,中津泰彦|陣内靖弘|瀬田哲也,中津泰彦,
1994-09-30,マイクロキャビン,ドラゴンハーフ💿,PCE💿SCD,💿512MB,TBL,調査中,調査中,0,-,,,,児山昌弘,,見田竜介,,
1994-09-30,NECホームエレクトロニクス,女神天国💿,PCE💿SCD,💿512MB,RPG,調査中,調査中,0,-,,,,,,,,
1994-10-21,レイ・フォース,スタートリング・オデッセイII魔竜戦争💿,PCE💿SCD,💿512MB,RPG,調査中,調査中,0,-,,,,,,,,
1994-10-21,NECアベニュー,バステッド💿,PCE💿SCD,💿512MB,ARPG,調査中,調査中,0,-,,,,,,,,
1994-10-28,ココナッツジャパン,卒業写真/美姫💿,PCE💿SCD,💿512MB,ADV,調査中,調査中,0,-,,,,,無し(PC98/X68k/MSX)/あり(PCE),,,
1994-10-28,ハドソン,ブラッド・ギア💿,PCE💿SCD,💿512MB,ACT,調査中,調査中,0,-,,,,,,,,
1994-11-05,ハドソン,ハイパーウォーズ💿,PCE💿SCD,💿512MB,SLG,調査中,調査中,0,-,,,,,,,,
1994-11-11,バンダイ,ドラゴンボールZ偉大なる孫悟空伝説💿,PCE💿SCD,💿512MB,ACT,調査中,調査中,0,-,,小峯徳司,清水邦彦|川合淳一|鈴木永康,鈴木永康|志田直俊,島村孝一,小山高生,浅沼誠,
1994-11-18,徳間書店インターメディア,電脳天使デジタルアンジュ💿,PCE💿SCD,💿512MB,ADV,調査中,調査中,0,-,,,,,,,,
1994-11-25,NECアベニュー,クイズアベニューIII💿,PCE💿SCD,💿512MB,QUIZ,調査中,調査中,0,-,,,,,,,,
1994-11-25,NECホームエレクトロニクス,ゲッツェンディーナー💿,PCE💿SCD,💿512MB,ACT,調査中,調査中,0,-,,富一成,富一成|武田信孝|本田宏治,吉成曜|福岡英典|守岡英行|赤井孝美,大熊謙一,,沢村武伺|武田康広|松原文彦,
1994-11-25,日本テレネット,コズミックファンタジー4銀河少年伝説激闘編💿,PCE💿SCD,💿512MB,RPG,調査中,調査中,0,-,,,,,,,,
1994-11-25,バンプレスト,美少女戦士セーラームーンcollection💿,PCE💿SCD,💿512MB,他,調査中,調査中,0,-,,,,,,,,
1994-12-09,フジコム,カードエンジェルス💿,PCE💿SCD,💿512MB,TBL,調査中,調査中,0,-,,,,,,,,
1994-12-16,ハドソン,ロードス島戦記II💿,PCE💿SCD,💿512MB,RPG,調査中,調査中,0,-,,,,,,,,
1994-12-22,ライトスタッフ,アルナムの牙獣族十二神徒伝説💿,PCE💿SCD,💿512MB,RPG,調査中,調査中,0,-,,木村明広,春名弘|桜井健一|手島義晶|中路健一,木村明広|西塚耕一|青柳久|金丸宏之|木村明広,澤下禎|川島伸二|日野由紀子,澤下禎|青柳久|金丸宏之|松本康志|北澤誠|木村明広,,
1994-12-22,ハドソン,ボンバーマンぱにっくボンバー💿,PCE💿SCD,💿512MB,PZL,調査中,調査中,0,-,,日比進,竹内久徳,竹内久徳|横山祥|横山祥|田口真之|藤波勝,須合真樹|竹間淳,,豊嶋真人,
1994-12-23,NECホームエレクトロニクス,Jリーグトリメンダスサッカー'94💿,PCE💿SCD,💿512MB,SPT,調査中,調査中,0,-,,,,,,,,
1994-12-23,NECアベニュー,卒業II〜NeoGeneration〜💿,PCE💿SCD,💿512MB,SLG,調査中,調査中,0,-,,,,,なし,,,
1994-12-29,ビクター音楽産業,とらべらーず伝説をぶっとばせ💿,PCE💿SCD,💿512MB,RPG,調査中,調査中,0,-,,,,,,,,
1995-01-03,NECホームエレクトロニクス,プリンセスメーカー1💿,PCE💿SCD,💿512MB,SLG,調査中,調査中,0,-,,,,赤井孝美,FM音源(PC-98|MSX2|X68000)|PSG音源(MSX2)|MIDI音源(PC/AT|X68000),,,
1995-01-20,パック・イン・ビデオ,メタルエンジェル2💿,PCE💿SCD,💿512MB,SLG,調査中,調査中,0,-,,,,,,,,
1995-01-31,日本物産,セクシーアイドル麻雀野球拳の詩💿,PCE💿SCD,💿512MB,TBL,調査中,調査中,0,-,,,,,,,,
1995-02-24,日本コンピュータシステム,愛・超兄貴💿,PCE💿SCD,💿512MB,SHT,調査中,調査中,0,-,,,濱田信次,永井一成,葉山宏治,,土田俊郎,
1995-02-24,NECアベニュー,姐(あねさん)💿,PCE💿SCD,💿512MB,ACT,調査中,調査中,0,-,,,,延東史朗|永井一成|延東史朗|はやしひろし,葉山宏治,,,
1995-03-03,ナグザット,スーパーリアル麻雀P・Vカスタム💿,PCE💿SCD,💿512MB,TBL,調査中,調査中,0,-,,,,,,,,
1995-03-17,NECホームエレクトロニクス,ソリッドフォース💿,PCE💿SCD,💿512MB,SLG,調査中,調査中,0,-,,,,,,,,
1995-03-31,NECアベニュー,ドラゴンナイト＆グラフィティ💿,PCE💿SCD,💿512MB,RPG,調査中,調査中,0,-,,,,,,,,
1995-04-07,ヒューマン,フォーメーションサッカー95dellaセリエA💿,PCE💿SCD,💿512MB,SPT,調査中,調査中,0,-,,,,,,,,
1995-04-28,日本物産,スロット勝負師💿,PCE💿SCD,💿512MB,TBL,調査中,調査中,0,-,,,,,,,,
1995-05-19,NECホームエレクトロニクス,レッスルエンジェルス・ダブルインパクト団体経営編＆新人デビュー編💿,PCE💿SCD,💿512MB,SPT,調査中,調査中,0,-,,,,,,,,
1995-05-26,NECホームエレクトロニクス,機装ルーガII💿,PCE💿SCD,💿512MB,SLG,調査中,調査中,0,-,,,,,,,,
1995-05-26,ハドソン,空想科学世界ガリバーボーイ💿,PCE💿SCD,💿512MB,RPG,調査中,調査中,0,30,,芦田豊雄,,芦田豊雄|神志那弘志|工藤誉寿治|井上邦彦,田中公平,広井王子|芦田豊雄,,
1995-05-26,NECアベニュー,天地無用!魎皇鬼💿,PCE💿SCD,💿512MB,ADV,調査中,調査中,0,-,,,,梶島正樹|寺岡賢司|小田武士|崎本さゆり|梶島正樹(オリジナル)|堀内博之|梶島正樹(オリジナル)|辻武司|ヤスダスズヒト(協力)|猪股雅美(アニメーション),平野義久,梶島正樹,,
1995-06-16,パック・イン・ビデオ,熱血レジェンドベースボーラー💿,PCE💿SCD,💿512MB,RPG,調査中,調査中,0,-,,,,,,,常田大希,
1995-06-16,NECホームエレクトロニクス,プリンセスメーカー2💿,PCE💿SCD,💿512MB,SLG,調査中,調査中,0,-,,,,赤井孝美,梶原正裕,,,
1995-06-23,NECアベニュー,レニーブラスター💿,PCE💿SCD,💿512MB,ACT,調査中,調査中,0,-,,上野真一,かじやすゆき,末弥純,森田広志,殿勝裕子,小座間隆,
1995-06-30,日本ファルコム,風の伝説ザナドゥII💿,PCE💿SCD,💿512MB,ARPG,調査中,調査中,0,-,,,,,,,,
1995-06-30,ハドソン,銀河お嬢様伝説ユナ2永遠のプリンセス💿,PCE💿SCD,💿512MB,ADV,調査中,調査中,0,-,,,,,,,,
1995-07-28,NECアベニュー,あすか120%マキシマバーニングフェスト💿,PCE💿SCD,💿512MB,ACT,調査中,調査中,0,-,,,,,,,,
1995-07-28,NECアベニュー,スペースインベーダージ・オリジナルゲーム💿,PCE💿SCD,💿512MB,SHT,調査中,調査中,0,30,,,,,,,,
1995-08-04,ハドソン,百物語〜ほんとにあった怖い話〜💿,PCE💿SCD,💿512MB,他,調査中,調査中,0,-,,西谷衆一郎,後藤誠,鈴木茂|増田祐司,阪本志崇,,井上佳典,
1995-08-11,NECホームエレクトロニクス,プライベート・アイ・ドル💿,PCE💿SCD,💿512MB,ADV,調査中,調査中,0,-,,,,,,,,
1995-08-11,ナグザット,マージャン・ソードプリンセス・クエスト外伝💿,PCE💿SCD,💿512MB,TBL,調査中,調査中,0,-,,,,,,,,
1995-09-22,フジコム,真怨霊戦記💿,PCE💿SCD,💿512MB,ADV,調査中,調査中,0,-,,,,,,,,
1995-09-29,ライトスタッフ,ザ・ティーヴィーショー💿,PCE💿SCD,💿512MB,ACT,調査中,調査中,0,-,,,,,,,,
1995-10-13,NECホームエレクトロニクス,リンダキューブ💿,PCE💿SCD,💿512MB,RPG,調査中,調査中,0,-,,安藤誠,長谷川浩,桝田省治|CANNABIS,樹原涼子|島村考一,桝田省治|稲本義彦|広瀬絵美,松原文彦|高橋孝造,
1995-10-27,セタ,将棋データベース棋友💿,PCE💿SCD,💿512MB,TBL,調査中,調査中,0,-,,,,,,,,
1995-11-23,NECアベニュー,同級生💿,PCE💿SCD,💿512MB,ADV,調査中,調査中,0,-,,,,,,,,
1995-12-22,ハドソン,聖夜物語💿,PCE💿SCD,💿512MB,RPG,調査中,調査中,0,-,,,,,,,,
1996-03-22,TGL,スチーム・ハーツ💿,PCE💿SCD,💿512MB,SHT,調査中,調査中,0,-,,,,,,,,
1996-03-29,NECインターチャネル,ぷよぷよCD通💿,PCE💿SCD,💿512MB,PZL,調査中,調査中,0,-,,,,,,,,
1996-05-31,徳間書店インターメディア,ヴァージン・ドリーム💿,PCE💿SCD,💿512MB,SLG,調査中,調査中,0,-,,,,,,,,
1996-06-28,NECホームエレクトロニクス,GO!GO!バーディーチャンス💿,PCE💿SCD,💿512MB,SPT,調査中,調査中,0,-,,,,,,,,
1996-07-12,NECインターチャネル,DE・JA💿,PCE💿SCD,不明,ADV,調査中,調査中,0,-,,,,,,,,
1996-07-26,NECホームエレクトロニクス,バザールでござーるのゲームでござーる💿,PCE💿SCD,💿512MB,PZL,調査中,調査中,0,-,,,,,,,,
1997-03-28,NECホームエレクトロニクス,はたらく☆少女てきぱきワーキン・ラブ💿,PCE💿SCD,💿512MB,SLG,調査中,調査中,0,-,,,,,,,,
1999-06-03,NECホームエレクトロニクス,デッド・オブ・ザ・ブレイン1＆2💿,PCE💿SCD,💿512MB,ADV,調査中,調査中,0,-,,,,荻原しょう子|中野彰子|荻原しょう子,岩崎元是,まいた菜穂,,
1988-10-29,セガ,スーパーサンダーブレード,MD,4M,SHT,"￥5,800","￥6,000代",0,31,,,,,並木晃一,,,
1988-10-29,セガ,スペースハリアーII,MD,4M,SHT,"￥5,800","￥6,000代",0,30,,,,,,,,
1988-11-27,セガ,獣王記,MD,4M,ACT,"￥5,800","￥6,000代",0,-,,,穂苅健一(AC)|浅井敏典(MD)|松田達夫(MD)|百田浩司(MD),内田誠(AC)|安原広和(AC)|NO NUKES(MD)|HAGA(AC)|梶本隆博(AC)|小玉理恵子(MD)|UDI(MD),中林亨(AC)|長井和彦(MD),,,
1988-12-24,セガ,おそ松くんはちゃめちゃ劇場,MD,2M,ACT,"￥5,500","￥5,500代",0,-,,,,,,,,
1989-02-10,セガ,アレックスキッド天空魔城,MD,2M,ACT,"￥5,500","￥5,500代",0,-,,林田浩太郎,中裕司,林田浩太郎|安原広和|小玉理恵子|大島直人|湯田高志|小林陽子|山口恭史,鎌谷千佳子|上保徳彦|長井和彦,,,
1989-03-21,セガ,ファンタシースターII還らざる時の終わりに,MD,6M,RPG,"￥8,000","￥8,000代",11,-,,青木千恵子,中裕司,小玉理恵子|大島直人|山口恭史|柴田和幸|米田仁士,上保徳彦,青木千恵子,中裕司,
1989-04-22,セガ,スーパーリーグ,MD,4M,SPT,"￥5,800","￥6,000代",0,-,,,,,,,,
1989-04-29,セガ,スーパー大戦略,MD,4M,SLG,"￥6,800","￥7,000代",0,31,,,,,,,,
1989-06-15,テクノソフト,サンダーフォースIIMD,MD,4M,SHT,"￥6,800","￥7,000代",0,-,,,,,,,,
1989-07-01,セガ,北斗の拳新世紀末救世主伝説,MD,4M,ACT,"￥6,000","￥6,000代",0,-,,,,,フランク・ワイルドホーン,高橋亜子,,
1989-07-29,セガ,ワールドカップサッカー,MD,2M,SPT,"￥5,500","￥5,500代",0,-,,,,,,,,
1989-08-03,セガ,大魔界村,MD,5M,ACT,"￥6,800","￥7,000代",8,31,,,小池ひろし|篠原雅嗣|上山真一|菅原伸育,藤原得郎|吉本伸一|山本尚司,河本圭代,,,
1989-09-09,セガ,尾崎直道のスーパーマスターズ,MD,4M,SPT,"￥6,000","￥6,000代",0,-,,,,,,,,
1989-10-06,アスミック,スーパーハイドライド,MD,4M,RPG,"￥7,900","￥8,000代",0,-,,,,,,,,
1989-10-06,セガ,スーパーハングオン,MD,4M,RCG,"￥6,000","￥6,000代",0,-,,浜垣博志,,,林克洋|並木晃一,,,
1989-10-21,セガ,ランボーIII,MD,2M,ACT,"￥5,500","￥5,500代",0,-,,,,,,,,
1989-11-18,セガ,フォゴットンワールズ,MD,4M,SHT,"￥6,000","￥6,000代",0,-,,,江川陽一|こじまのりこ|TAKEYO|山之内一雅,安田朗|西谷亮|船水紀孝|岡本吉起|栗原明美|TAKATA|SHINSYUDON|新谷さゆり|EMETARO,河本圭代|坂口由洋,,,
1989-11-25,セガ,孔雀王2幻影城,MD,4M,ACT,"￥6,000","￥6,000代",0,-,,,,越智博之(1)|摩砂雪(2)|岸田隆宏(3)|小池健|阿部恒,,荻野真,,
1989-12-02,セガ,ザ・スーパー忍,MD,4M,ACT,"￥6,000","￥6,000代",0,-,,,溝口松秀|KOTTSU,大場規勝|静岡太郎|湯田高志|清宮敦嗣,古代祐三,,山本圭一,
1989-12-09,セガ,TATSUJIN,MD,4M,SHT,"￥6,000","￥6,000代",0,-,,,弓削雅稔,荻原直樹|清水由美子,弓削雅稔,,弓削雅稔,
1989-12-14,セガ,マージャンCOP竜白狼の野望,MD,2M,TBL,"￥5,500","￥5,500代",0,-,,,,,,,,
1989-12-15,テクノソフト,ヘルツォーク・ツヴァイ,MD,4M,SLG,"￥6,800","￥7,000代",0,-,,,岩永孝,福田泉|マーク・ウィリアム・エリクセン,新井直介|大谷智巳,,,
1989-12-16,セガ,ヴァーミリオン,MD,5M,RPG,"￥8,500","￥8,500代",0,-,,,,,,,,
1989-12-23,マイクロネット,カース,MD,4M,SHT,"￥6,800","￥7,000代",0,-,,,,,,,,
1989-12-23,セガ,ゴールデンアックス,MD,4M,ACT,"￥6,000","￥6,000代",8,31,,,,内田誠,中林亨|高田陽,,,
1990-01-01,セガ,メガアンサー,MD,4M,ETC,"￥34,000","￥34,000代",0,-,,,,,,,,
1990-01-13,セガ,ズーム,MD,2M,PZL,"￥5,500","￥5,500代",0,-,,,,,,,,
1990-01-30,メサイヤ,史上最大の倉庫番,MD,2M,PZL,"￥5,200","￥5,000代",0,-,,,,,,,,
1990-02-24,セガ,ソーサリアン,MD,4M,RPG,"￥7,000","￥7,000代",0,-,,,木屋善夫,木屋善夫|山根ともお|都築和彦|大浦孝浩|佐藤善美|古代彩乃|小林誠(マニュアルイラスト),古代祐三|石川三恵子|竹林令子|永田英哉,五十嵐哲也|富一成|山根ともお|都築和彦,加藤正幸,
1990-03-02,セガ,スーパーリアルバスケットボール,MD,4M,SPT,"￥6,000","￥6,000代",0,-,,,,,,,,
1990-03-03,タイトー,ザ・ニュージーランドストーリー,MD,4M,ACT,"￥6,800","￥7,000代",0,-,,,,,,,,
1990-03-09,アスミック,エアダイバー,MD,4M,SHT,"￥6,800","￥7,000代",0,-,,,,,,,,
1990-03-16,メサイヤ,重装機兵レイノス,MD,4M,SHT,"￥6,200","￥6,000代",0,-,,,,,,,,
1990-03-23,電波新聞社,アフターバーナーII,MD,4M,SHT,"￥6,900","￥7,000代",0,-,,鈴木裕|浜垣博志,三船敏,鈴木裕,川口博史,,中山隼雄,
1990-03-23,タイトー,ファイナルブロー,MD,4M,SPT,"￥6,800","￥7,000代",0,-,,,藤末一郎|木下昌也|大野木雄一|いしわたたかゆき,石川幸生|沼田和博|野村明生,ZUNTATA SOUND TEAM,,,
1990-04-07,セガ,ダーウィン4081,MD,4M,SHT,"￥6,000","￥6,000代",0,-,,,,,,,,
1990-04-21,セガ,時の継承者ファンタシースターIII,MD,6M,RPG,"￥8,700","￥8,500代",0,-,,佐伯広人|ヤン・ワット,SWEEPER|塚本一成,尾崎豊中|せがわまさき,竹内出穂,佐伯広人,塚本一成,
1990-04-27,シグマ商事,サイオブレード,MD,5M,ADV,"￥8,500","￥8,500代",0,-,,横山英二,西脇健太郎|小田芳郁,中島健二|中島健二|三浦かよ子|YOSHINORI MASUDA|AKIMICHI MORIBE|早瀬孝子,長谷川和伯|富田茂,TEAM RACCOON,横山俊朗,
1990-05-19,セガ,DJボーイ,MD,4M,ACT,"￥6,000","￥6,000代",0,-,,,,,,,,
1990-05-26,セガ,ウィップラッシュ惑星ボルテガスの謎,MD,4M,SHT,"￥6,000","￥6,000代",0,-,,,,,,,,
1990-06-08,サンソフト,TEL・TELまあじゃん,MD,2M,TBL,"￥5,800","￥6,000代",0,-,,,,,,,,
1990-06-08,テクノソフト,サンダーフォースIII,MD,4M,SHT,"￥6,800","￥7,000代",0,31,,,,,,,,
1990-06-23,セガ,大旋風,MD,4M,SHT,"￥6,000","￥6,000代",0,30,,,,,太田理,,,
1990-06-30,セガ,ゴーストバスターズ,MD,4M,ACT,"￥6,000","￥6,000代",0,-,,,,,エルマー・バーンスタイン,ダン・エイクロイド|ハロルド・ライミス,,
1990-06-30,セガ,コラムス,MD,1M,PZL,"￥5,500","￥5,500代",13,-,,,,ジェイ・ギールセン,上保徳彦,,,
1990-07-14,セガ,ESWAT,MD,4M,ACT,"￥6,000","￥6,000代",0,-,,,,,,,,
1990-07-20,ナムコ,フェリオス,MD,4M,SHT,"￥5,800","￥6,000代",0,-,,,,,川元義徳,,,
1990-07-27,サンソフト,バットマン,MD,4M,ACT,"￥6,500","￥6,500代",0,-,,,,,,,,
1990-07-28,セガ,サイバーボール,MD,4M,SPT,"￥6,000","￥6,000代",0,-,,,,,,,,
1990-08-09,セガ,スーパーモナコGP,MD,4M,RCG,"￥6,000","￥6,000代",6,34,,,,小口久雄,並木晃一,,,
1990-08-10,タイトー,ラスタンサーガII,MD,4M,ACT,"￥6,800","￥7,000代",0,-,,小林よしのり,小林よしのり|とみたかひであき|たかはしとおる|かざまひでお,西村年幸|西村年幸|讃岐平|河上聖治|栗城源也,八木下直人|高木正彦,,小林よしのり,
1990-08-10,シグマ商事,四天明王,MD,4M,ACT,"￥6,200","￥6,000代",0,-,,,,,,,,
1990-08-25,セガ,マイケルジャクソンズムーンウォーカー,MD,4M,ACT,"￥6,000","￥6,000代",10,-,,,,マイケル・ジャクソン,中林亨,,,
1990-08-26,ユニパック,XDR,MD,4M,SHT,"￥6,800","￥7,000代",0,-,,,,,,,,
1990-09-07,ホット・ビィ,インセクターX,MD,4M,SHT,"￥6,800","￥7,000代",0,-,,,,,,,,
1990-09-07,ナムコ,クラックス,MD,2M,PZL,"￥4,900","￥5,000代",0,-,,,デヴィッド・エーカース,マーク・スティーブン・ピアス,ブラッド・フラー,,,
1990-09-07,タイトー,スペースインベーダー90,MD,2M,SHT,"￥5,900","￥6,000代",0,-,,,,,,,,
1990-09-28,メサイヤ,ヘルファイアー,MD,4M,SHT,"￥6,800","￥7,000代",0,-,,,,,上村建也,,,
1990-09-29,セガ,ストライダー飛竜,MD,8M,ACT,"￥7,000","￥7,000代",0,-,,,やまうちとしひろ|小松多恵|みきとしひこ|桑名正|金子清巳,四井浩一|藤原得郎|吉本伸一|坂下眞司|栗原明美,民谷淳子,,,
1990-10-05,タイトー,レインボーアイランドエキストラ,MD,4M,ACT,"￥6,800","￥7,000代",0,-,,,藤末一郎|みきこうじ|おくのこうじ,三辻富貴朗|三辻富貴朗|讃岐平,相澤静夫|小倉久佳,三辻富貴朗,,
1990-10-12,ウルフチーム,FZ戦記AXIS(アクシス),MD,4M,ACT,"￥6,800","￥7,000代",0,-,,,,,,,,
1990-10-12,サンリツ電気,ファットマン,MD,5M,ACT,"￥7,800","￥8,000代",0,-,,,,,,,,
1990-10-19,ナムコ,バーニングフォース,MD,4M,SHT,"￥5,800","￥6,000代",0,-,,,,,川元義徳,,,
1990-10-20,セガ,アローフラッシュ,MD,4M,SHT,"￥6,000","￥6,000代",0,-,,,,,,,,
1990-10-21,サンソフト,TEL・TELスタジアム,MD,4M,SPT,"￥6,500","￥6,500代",0,-,,,竹内昭人|ふじいひろかつ|メ メ|あんどうはつえ,AKIRA|AME,VIAL MUSIC,,,
1990-10-27,セガ,ダイナマイトデューク,MD,4M,ACT,"￥6,000","￥6,000代",0,-,,,,,,,,
1990-11-02,東亜プラン,鮫!鮫!鮫!,MD,4M,SHT,"￥6,500","￥6,500代",0,31,,弓削雅稔,弓削雅稔,岩渕孝悦|中岡慎太郎,弓削雅稔,,,
1990-11-16,ウルフチーム,グラナダ,MD,4M,SHT,"￥6,800","￥7,000代",0,-,,,,,,,,
1990-11-21,セガ,アイラブミッキーマウスふしぎのお城大冒険,MD,4M,ACT,"￥4,800","￥5,000代",10,30,,山本恵美子(メガドライブ)|吉田芳雄(マスターシステム|ゲームギア),SATMAN(メガドライブ)|KOTTU(メガドライブ)|MUIMUI(メガドライブ)|ORE(メガドライブ)|庄司卓(マスターシステム|ゲームギア),山本恵美子|吉田芳雄(マスターシステム|ゲームギア)|Michel Koba(マスターシステム|ゲームギア)|遠藤智三(マスターシステム|ゲームギア)|湯田高志(メガドライブ)|MIKARIN(メガドライブ)|LA-RIE(メガドライブ)| MACCOCHAN(メガドライブ)|川口貴子(マスターシステム|ゲームギア)|KYUUZOU F.(マスターシステム|ゲームギア),神谷重徳,,Stephan L. Butler|ORE(メガドライブ),
1990-11-22,ナムコ,メガパネル,MD,2M,PZL,"￥4,900","￥5,000代",0,-,,,PRIMON,乗松聡,田島勝朗,,,
1990-11-25,マイクロネット,ジャンクション,MD,4M,PZL,"￥6,000","￥6,000代",0,-,,,,,,,,
1990-12-01,セガ,シャドーダンサーザ・シークレット・オブ・シノビ,MD,4M,ACT,"￥6,000","￥6,000代",0,-,,,,,,,,
1990-12-12,アスミック,キューティー鈴木のリングサイドエンジェル,MD,4M,SPT,"￥6,800","￥7,000代",0,-,,,なかみちさえこ,NARISAWA|A AND K,森彰彦,,たかさきかずゆき,
1990-12-14,トレコ,アトミックロボキッド,MD,4M,ACT,"￥6,800","￥7,000代",0,-,,,新井利男,藤沢勉|藤沢勉|たじまとくひさ,メカノアソシエイツ,,,
1990-12-14,テクノソフト,エレメンタルマスター,MD,4M,SHT,"￥6,800","￥7,000代",0,-,,,,,,,,
1990-12-14,ゲームアーツ,ぎゅわんぶらあ自己中心派片山まさゆきの麻雀道場,MD,4M,TBL,"￥6,800","￥7,000代",0,-,,,,,,,,
1990-12-15,セガ,まじかるハットのぶっとびターボ!大冒険,MD,4M,ACT,"￥5,800","￥6,000代",0,-,,,,,,,,
1990-12-18,ナムコ,デンジャラスシード,MD,4M,SHT,"￥5,800","￥6,000代",0,-,,H.SHIMA,A.SAM|S.SHIMIZU,S.SHIMIZU|篠崎雄一郎|篠崎雄一郎|佐々木茂雄|福岡充,奈雲美徳,,,
1990-12-20,セガ,クラックダウン,MD,4M,ACT,"￥6,000","￥6,000代",0,-,,,,,川上泰広,,,
1990-12-20,タイトー,ダライアスII,MD,8M,SHT,"￥8,900","￥9,000代",0,-,,藤原英裕,大槻朗|中村辰男|廿楽昌志|征矢野伸二,藤原英裕|仙波隆綱|菊池正美|仙波隆綱|加藤久和,小倉久佳,,藤原英裕,
1990-12-21,メサイヤ,スタークルーザー,MD,4M,ADV,"￥7,300","￥7,500代",0,-,,,吉村功成|久原信広|宮園武志,吉村功成,山中季哉,吉村功成|宮園武志,,
1990-12-21,テンゲン,ハードドライビン,MD,2M,RCG,"￥5,900","￥6,000代",0,30,,,マックス・ベヘンスキー|ステファニー・モット,リック・モンクリーフ|エリック・ダーフィー|マックス・ベヘンスキー|ジェド・マーゴリン|ステファニー・モット|サム・コムストック|クリス・モーザー|デボラ・ショート,ドン・ディークナイテ,,,
1990-12-21,東亜プラン,武者アレスタ,MD,4M,SHT,"￥6,800","￥7,000代",0,-,,,外山雄一|弓恭羅,コンパイル|中島和之,迫田敏明,,仁井谷正充,
1990-12-22,セガ,モンスターレア,MD,4M,ACT,"￥6,000","￥6,000代",0,-,,西澤龍一,星崎直樹,石塚理恵|鈴子裕美,坂本慎一,,,
1990-12-26,テレネット,ガイアレス,MD,8M,SHT,"￥8,400","￥8,500代",0,-,,,,,,,三並達也,
1990-12-26,東宝,ヘビーユニットメガドライブスペシャル,MD,4M,SHT,"￥6,500","￥6,500代",0,-,,,,,,,,
1991-01-01,日刊スポーツ/データサプライズ/ＶＡＮ,日刊スポーツプロ野球VAN,MD,4M,SPT,"￥7,000","￥7,000代",0,-,,,,,,,,
1991-01-03,セガ,ゲイングランド,MD,4M,ACT,"￥6,000","￥6,000代",0,-,,,大岡良樹,マック・オースティン|ヤン・ワット|EIRO,高田陽|林克洋,,,
1991-01-25,タイトー,ヴォルフィード,MD,2M,ACT,"￥4,900","￥5,000代",0,-,,,こばやしよしのり|つかのとしあき|おきよういち,三辻富貴朗|三辻富貴朗|讃岐平|栗城源也,小倉久佳,,,
1991-01-25,メサイヤ,ジノーグ,MD,4M,SHT,"￥6,500","￥6,500代",0,-,,高杉学,HALLOWEEN|MOIYAH,瀧沢久己|中井覚,岩垂徳行|おおばあきえ,,鈴木英夫,
1991-01-31,カネコ,エアロブラスターズ,MD,4M,SHT,"￥6,000","￥6,000代",0,-,,,五十風さとし|竹内久徳,松岡けいすけ|尾鼻直人|T.KONAKAWA,渡辺達也,,金子浩,
1991-02-01,ビデオシステム,スーパーバレーボール,MD,2M,SPT,"￥5,800","￥6,000代",0,-,,,,,,,,
1991-02-08,ナムコ,レッスルボール,MD,4M,SPT,"￥5,800","￥6,000代",7,-,,,,,,,,
1991-02-15,セガ,バトルゴルファー唯,MD,4M,SPT,"￥6,000","￥6,000代",0,-,,,鈴木宗太郎|青木司,きんちゃん68000|しゅみれちゃん|ANO清水|まっぴらくん|ひとりん.はがいたい,K.NAKAYAMA|けんたくん.やった!|まるやまけい|長尾優進,きんちゃん68000,,
1991-02-22,トレコ,究極タイガー,MD,5M,SHT,"￥7,500","￥7,500代",0,-,,,弓削雅稔|上村建也,,弓削雅稔|上村建也,,,
1991-02-24,マイクロネット,シーザーの野望,MD,8M,SLG,"￥8,800","￥9,000代",0,-,,,,,,,,
1991-03-01,セガ,ジョー・モンタナフットボール,MD,4M,SPT,"￥6,000","￥6,000代",0,-,,,,,,,,
1991-03-01,セガ,ディックトレイシー,MD,4M,ACT,"￥6,000","￥6,000代",0,-,,,,,,,,
1991-03-08,セガ,バハムート戦記,MD,4M,SLG,"￥6,800","￥7,000代",0,-,,,むうみん|倉谷遣一,むうみん|倉谷遣一|塩谷博明,MUCHO&Comp.,,,
1991-03-19,ナムコ,ふしぎの海のナディア,MD,8M,ADV,"￥6,500","￥6,500代",0,-,,,,貞本義行,鷺巣詩郎,大川久男|梅野かおる,,
1991-03-22,テレネット,ヴァリスIII,MD,8M,ACT,"￥8,400","￥8,500代",0,-,,,,,,,,
1991-03-22,メサイヤ,魔物ハンター妖子第7の警鐘,MD,4M,ACT,"￥6,500","￥6,500代",0,-,,,,,,,,
1991-03-29,セガ,シャイニング＆ザ・ダクネス,MD,8M,RPG,"￥8,700","￥8,500代",16,31,,内藤寛,,吉田英博|玉木美孝,吉村政彦,高橋宏之,高橋宏之,
1991-03-29,九娯貿易,スーパーエアーウルフ,MD,4M,SHT,"￥6,800","￥7,000代",0,-,,,,,,,,
1991-03-29,データイースト,ミッドナイトレジスタンス,MD,8M,ACT,"￥7,800","￥8,000代",0,-,,,にしむらゆういち|はなだなおや|おおともゆうじ|TAC.H,秋林浩司|安達智生|皆川一巳|大西富士美|海宝吉成,原あづさ|吉田博昭|木内達也|こまつひとみ,,,
1991-03-29,ウルフチーム,斬夜叉円舞曲,MD,4M,SLG,"￥8,500","￥8,500代",0,-,,,,,,,,
1991-03-29,テレネット,雀偵物語,MD,8M,TBL,"￥8,400","￥8,500代",0,-,,,,,,,,
1991-04-05,アスミック,ヴェリテックス,MD,4M,SHT,"￥6,800","￥7,000代",0,-,,,,,,,,
1991-04-26,メサイヤ,ラングリッサー,MD,4M,SLG,"￥7,300","￥7,500代",8,-,,,,,,,,
1991-04-26,ビスコ,ワードナの森SPECIAL,MD,4M,ACT,"￥6,300","￥6,500代",0,-,,,和田悦拓,,太田理,,,
1991-04-26,ホット・ビィ,火激,MD,5M,ACT,"￥7,700","￥7,500代",0,-,,金子浩,おいかわかずゆき|さいぐさひろゆき|なりたのぶゆき|かとうたけお,金子浩,あいずせいいち,,,
1991-04-27,サンソフト,紫禁城,MD,4M,PZL,"￥6,500","￥6,500代",0,-,,,,,,,,
1991-04-29,セガ,三国志列伝乱世の英雄たち,MD,8M,SLG,"￥8,700","￥8,500代",0,-,,,,,,,,
1991-05-17,セガ,ボナンザブラザーズ,MD,4M,ACT,"￥6,000","￥6,000代",0,-,,,,,並木晃一,,,
1991-05-31,東亜プラン,ゼロウイング,MD,8M,SHT,"￥8,000","￥8,000代",0,-,,,,,上村建也|富沢敏明|弓削雅稔,,,
1991-05-31,タイトー,ファイアームスタング,MD,4M,SHT,"￥6,800","￥7,000代",0,-,,,,,HIDE-KAZ,,,
1991-06-14,ウルフチーム,アークス・オデッセイ,MD,8M,ACT,"￥8,500","￥8,500代",0,-,,,,,,,,
1991-06-17,セガ,アドバンスド大戦略ドイツ電撃作戦,MD,8M,SLG,"￥8,700","￥8,500代",8,33,,,,,,,,
1991-06-22,講談社総研,ブルーアルマナック,MD,8M,RPG,"￥8,700","￥8,500代",0,-,,,,,,,,
1991-06-26,タイトー,サンダーフォックス,MD,8M,ACT,"￥8,500","￥8,500代",0,-,,,,前川浩之|河本憲孝|西川禎一|もりもとみなこ|はざまけんじ|おまえこうじ|やまだたかし|川岸誠治,海野和子,,,
1991-06-28,セガ,エイリアンストーム,MD,4M,ACT,"￥6,000","￥6,000代",0,-,,,,,,,,
1991-06-28,タイトー,セイントソード,MD,4M,ACT,"￥6,800","￥7,000代",0,-,,,,,アダム・ジャノタ・ブゾフスキ,ローズ・グラス,,
1991-06-28,ヒューマン,ファステスト・ワン,MD,4M,RCG,"￥7,500","￥7,500代",0,-,,,,,,,,
1991-06-28,ナムコ,マーベルランド,MD,8M,ACT,"￥7,000","￥7,000代",0,-,,CHITOSE,田中京太,ときた洸一,石井悦夫,CHITOSE,岡本進一郎|K.MATSUOKA,
1991-06-28,セガ,レッスルウォー,MD,4M,SPT,"￥6,000","￥6,000代",0,-,,,,,,,,
1991-07-06,マイクロネット,雷電伝説,MD,8M,SHT,"￥8,800","￥9,000代",0,-,,濱田均,K.KONDO|川口哲也|S.MORI,川口哲也|T.WADA|M.KOMAZAWA|T.MATSUZAWA|H.MATSUO,佐藤亜希羅,,濱田均,
1991-07-12,ナムコ,球界道中記,MD,4M,SPT,"￥6,000","￥6,000代",0,-,,,,,川田宏行,,,
1991-07-19,トレコ,ストリートスマート,MD,4M,ACT,"￥6,800","￥7,000代",0,-,,,,,,,,
1991-07-26,セガ,ソニック・ザ・ヘッジホッグ,MD,4M,ACT,"￥6,000","￥6,000代",23,33,,,,大島直人(オリジナルデザイン:クラシックソニック)|上川祐司(アドベンチャー以降:モダンソニック),,,,
1991-07-26,東芝EMI,マスター・オブ・モンスターズ,MD,4M,SLG,"￥7,800","￥8,000代",0,-,,,,,,,,
1991-08-02,セガ,ベア・ナックル怒りの鉄拳,MD,4M,ACT,"￥6,000","￥6,000代",0,-,,大場規勝,百田浩司|LITTLE SUN,大場規勝|ちのひろあき|清宮敦嗣|福田ひろみ|NANDEMO|UDI,古代祐三,,百田浩司,
1991-08-02,テレネット,空牙,MD,8M,SHT,"￥8,400","￥8,500代",0,-,,,MIN|MYA|HAL|HMD,小林ひろのり|T.A|大西富士美|小泉隆秀|青山きんや|NABESIMA|長尾園美|榎本和美|社本千佳|かわむらまこと|INOPITA|松田淳,吉田博昭|原あずさ|木内達也|FUSE|小松ひとみ|JOE KAMINKOW,,,
1991-08-02,ウルフチーム,超闘竜烈伝ディノランド,MD,4M,ACT,"￥6,800","￥7,000代",0,-,,,,,,,,
1991-08-06,ナムコ,メガトラックス,MD,4M,RCG,"￥6,000","￥6,000代",0,-,,,,,,,,
1991-08-09,セガ,アウトラン,MD,8M,RCG,"￥7,000","￥7,000代",0,30,,,三船敏(アーケード)|香川忠司(アーケード)|大江玲(アーケード)|中裕司(セガ・マークⅢ),鈴木裕(アーケード)|石井洋児(アーケード)|松浦稔(アーケード)|貞森康毅(セガ・マークⅢ),川口博史(アーケード)|上保徳彦(セガ・マークⅢ),,,
1991-08-09,セガ,ポピュラス,MD,4M,SLG,"￥6,000","￥6,000代",0,30,,,,,,,,
1991-08-30,セガ,ジュエルマスター,MD,4M,ACT,"￥6,000","￥6,000代",0,-,,,,,,,,
1991-08-30,セガ,プロ野球スーパーリーグ'91,MD,4M,SPT,"￥6,800","￥7,000代",0,-,,,,,,,,
1991-09-13,ＣＲＩ,ギャラクシーフォースII,MD,8M,SHT,"￥8,400","￥8,500代",0,-,,,,,林克洋|並木晃一,,,
1991-09-20,ウルフチーム,エル・ヴィエント,MD,8M,ACT,"￥8,500","￥8,500代",0,-,,,,,,,,
1991-09-20,セガ,レンタヒーロー,MD,8M,RPG,"￥8,700","￥8,500代",0,-,,,岡安啓司|板井克倫,岡安啓司|伊崎和宏,川口博史|光吉猛修,ありかわゆきのぶ,,
1991-09-27,タイトー,マスターオブウエポン,MD,4M,SHT,"￥6,800","￥7,000代",0,-,,島本享司,島本享司|村田武司|阿部哲士|近藤勝裕,石川幸生,小倉久佳|渡部恭久,,島本享司,
1991-09-27,セガ,戦場の狼II,MD,8M,SHT,"￥7,000","￥7,000代",0,-,,,赤堀雅行|T.OHTA|まついよしひろ,岡野正衛|藤原得郎|木嶋美紀|西尾仁志|はやしたかし|かくたゆかり|木佐貫久司|M.NONAKA|小林美保|Y.KATAYAMA,後藤真奈美,,,
1991-09-30,ＵＰＬ,宇宙戦艦ゴモラ,MD,8M,SHT,"￥7,500","￥7,500代",0,-,,,イトサム・マタルカ,藤沢勉|藤沢勉|青山きんや,長島義夫,,,
1991-10-10,テクノソフト,デビルクラッシュMD,MD,4M,ACT,"￥6,800","￥7,000代",0,-,,,,,,,,
1991-10-11,セガ,ソード・オブ・ソダン,MD,4M,ACT,"￥6,000","￥6,000代",0,-,,,,,,,,
1991-10-18,セガ,スパイダーマン,MD,4M,ACT,"￥6,000","￥6,000代",0,-,,,,,,,,
1991-10-25,セガ,ワンダーボーイVモンスターワールドIII,MD,5M,ACT,"￥7,000","￥7,000代",0,-,,平田豊|清水芳久,栗原孝典,盛岡三奈|栗原浩美|なかやまともこ|大空真紀,坂本慎一,,,
1991-10-25,タイトー,魔王連獅子,MD,4M,ACT,"￥6,800","￥7,000代",0,-,,細田邦治,植木正好,WAO IWAO|片岡真喜男|細田邦治|ユー・ジェウ|片岡真喜男|池畑和義|かんのいちろう|ふくにしまさたか|NO MORE KATOH|平岩ひろかず,KANEDA,,,
1991-10-31,ホームデータ,将棋の星,MD,2M,TBL,"￥6,700","￥6,500代",0,-,,,,,,,,
1991-11-01,セガ,ブロックアウト,MD,4M,PZL,"￥6,000","￥6,000代",0,-,,,,,,,,
1991-11-01,テレネット,ワンダラーズフロムイース,MD,8M,RPG,"￥8,700","￥8,500代",0,-,,,,,,,,
1991-11-02,ホームデータ,ドラゴンズアイプラス上海III,MD,2M,PZL,"￥5,800","￥6,000代",0,-,,,,,,,,
1991-11-03,セガ,ゲーム図書館,MD,1M,ETC,"￥12,800","￥13,000代",0,-,,,,,,,,
1991-11-04,セガ,パターゴルフ(ゲーム図書館),MD,不明,SPT,調査中,調査中,0,-,,,,,,,,
1991-11-05,セガ,16t(ゲーム図書館),MD,2M,ACT,調査中,調査中,0,-,,,,,,,,
1991-11-06,セガ,アウォーグ(ゲーム図書館),MD,不明,ACT,調査中,調査中,0,-,,,,,,,,
1991-11-07,セガ,キスショット(ゲーム図書館),MD,不明,TBL,調査中,調査中,0,-,,,,,,,,
1991-11-08,セガ,コラムス(ゲーム図書館),MD,不明,PZL,調査中,調査中,0,-,,,,,,,,
1991-11-09,セガ,ソニックイレイザー(ゲーム図書館),MD,2M,PZL,調査中,調査中,0,-,,,,,,,,
1991-11-10,セガ,テディボーイブルース(ゲーム図書館),MD,不明,ACT,調査中,調査中,0,-,,,,,,,,
1991-11-11,セガ,どきどきペンギンランド(ゲーム図書館),MD,2M,PZL,調査中,調査中,0,-,,,,,,,,
1991-11-12,セガ,ハイパーマーブル(ゲーム図書館),MD,2M,ACT,調査中,調査中,0,-,,,,,,,,
1991-11-13,セガ,パドルファイター(ゲーム図書館),MD,不明,SPT,調査中,調査中,0,-,,,,,,,,
1991-11-14,セガ,ピラミッドマジック(ゲーム図書館),MD,2M,PZL,調査中,調査中,0,-,,,,,,,,
1991-11-15,タイトー,ルナーク,MD,4M,ACT,"￥6,800","￥7,000代",0,-,,HIDE CHAN,菅原徹|MUSCLE SATO|八木正樹|安河内寿男|田中宏幸|こうやまゆういち,藪崎久也|菊地康彦|五十嵐恒三|藤原英裕|仙波隆綱|加藤久和|藪崎久也,渡部恭久,,藤原英裕,
1991-11-15,セガ,ピラミッドマジックSpecia(ゲーム図書館),MD,不明,PZL,調査中,調査中,0,-,,,,,,,,
1991-11-16,セガ,ピラミッドマジックII(ゲーム図書館),MD,2M,PZL,調査中,調査中,0,-,,,,,,,,
1991-11-17,セガ,ピラミッドマジックIII(ゲーム図書館),MD,2M,PZL,調査中,調査中,0,-,,,,,,,,
1991-11-18,セガ,ファンタシースターIIテキストアドベンチャーアーミアの冒険(ゲーム図書館),MD,2M,ADV,調査中,調査中,0,-,,,,,,,,
1991-11-19,ナムコ,ローリングサンダー2,MD,8M,ACT,"￥7,000","￥7,000代",0,-,,根来司,二階堂和行,桑原弘,佐宗綾子,,,
1991-11-19,セガ,ファンタシースターIIテキストアドベンチャーアンナの冒険(ゲーム図書館),MD,不明,ADV,調査中,調査中,0,-,,,,,,,,
1991-11-20,セガ,ファンタシースターIIテキストアドベンチャーカインズの冒険(ゲーム図書館),MD,2M,ADV,調査中,調査中,0,-,,,,,,,,
1991-11-21,セガ,ファンタシースターIIテキストアドベンチャーシルカの冒険(ゲーム図書館),MD,2M,ADV,調査中,調査中,0,-,,,,,,,,
1991-11-22,セガ,ファンタジアミッキーマウス・マジック,MD,4M,ACT,"￥4,800","￥5,000代",0,-,,,,,,,,
1991-11-22,セガ,ファンタシースターIIテキストアドベンチャーネイの冒険(ゲーム図書館),MD,不明,ADV,調査中,調査中,0,-,,,,,,,,
1991-11-23,セガ,ファンタシースターIIテキストアドベンチャーヒューイの冒険(ゲーム図書館),MD,2M,ADV,調査中,調査中,0,-,,,,,,,,
1991-11-24,セガ,ファンタシースターIIテキストアドベンチャーユーシスの冒険(ゲーム図書館),MD,不明,ADV,調査中,調査中,0,-,,,,,,,,
1991-11-25,セガ,ファンタシースターIIテキストアドベンチャールドガーの冒険(ゲーム図書館),MD,不明,ADV,調査中,調査中,0,-,,,,,,,,
1991-11-26,セガ,フリッキー(ゲーム図書館),MD,1M,ACT,調査中,調査中,0,-,,,,,,,,
1991-11-27,セガ,メガマインド(ゲーム図書館),MD,2M,PZL,調査中,調査中,0,-,,,,,,,,
1991-11-28,セガ,メダルシティ(ゲーム図書館),MD,不明,TBL,調査中,調査中,0,-,,,,,,,,
1991-11-29,テレネット,ビースト・ウォリアーズ,MD,8M,ACT,"￥8,400","￥8,500代",0,-,,,,,,,,
1991-11-29,アスミック,乱世の覇者,MD,8M,SLG,"￥9,800","￥10,000代",0,-,,,,,,,,
1991-11-29,セガ,リドルワイアード(ゲーム図書館),MD,不明,TBL,調査中,調査中,0,-,,,,,,,,
1991-11-30,セガ,ロボットバトラー(ゲーム図書館),MD,不明,ACT,調査中,調査中,0,-,,,,,,,,
1991-12-01,セガ,死の迷宮(ゲーム図書館),MD,1M,RPG,調査中,調査中,0,-,,,,,,,,
1991-12-05,セガ,忍者武雷伝説,MD,8M,SLG,"￥8,700","￥8,500代",0,-,,,,,,,,
1991-12-06,テレネット,エグザイル時の狭間へ,MD,8M,RPG,"￥8,900","￥9,000代",0,-,,,,,,,,
1991-12-06,トレコ,ファイティングマスターズ,MD,4M,ACT,"￥6,800","￥7,000代",6,-,,,,,,,,
1991-12-13,セガ,太平記,MD,8M,SLG,"￥8,700","￥8,500代",0,-,,,,,,,,
1991-12-20,日本物産,F1サーカスMD,MD,4M,RCG,"￥7,500","￥7,500代",0,-,,,,,,,,
1991-12-20,セガ,アイラブドナルドダックグルジア王の秘宝,MD,4M,ACT,"￥4,800","￥5,000代",0,-,,山本恵美子,SATMAN|MUMUI|山本圭一|百田浩司|服部隆一|大森正人|佐藤達也,山本恵美子|湯田高志|RICE|MIKARIN,神谷重徳,,Jim Simmons,
1991-12-20,PALSOFT,アンデッドライン,MD,8M,SHT,"￥8,800","￥9,000代",0,-,,内藤時浩,山本風太郎,内藤時浩|蜂谷孝宏|新村英明|鈴木英津子,長谷川和伯,,,
1991-12-20,ＩＧＳ,ダーナ女神誕生,MD,8M,ACT,"￥8,900","￥9,000代",0,-,,,,,,,,
1991-12-20,トレコ,タスクフォースハリアーEX,MD,8M,SHT,"￥8,500","￥8,500代",0,-,,,,,HIDE-KAZ,,,
1991-12-20,PALSOFT,ダブルドラゴンII,MD,4M,ACT,"￥8,800","￥9,000代",0,-,,,,,,,,
1991-12-20,光栄,信長の野望武将風雲録,MD,8M,SLG,"￥11,800","￥12,000代",0,-,,,,,菅野よう子,,シブサワ・コウ,
1991-12-20,バリエ,中島悟監修F-1GRANDPRIX,MD,8M,RCG,"￥7,800","￥8,000代",0,-,,,,,,,,
1991-12-26,光栄,三國志II,MD,8M,SLG,"￥14,800","￥15,000代",0,-,,,,,向谷実,,シブサワ・コウ,
1991-12-27,セガ,ゴールデンアックスII,MD,4M,ACT,"￥6,000","￥6,000代",0,-,,,TAKUBON|K.KOBA,藤井一馬|川口博之|REW|尾崎豊中|SANT,幡谷尚史,,,
1991-12-27,テレネット,夢幻戦士ヴァリス,MD,8M,ACT,"￥8,400","￥8,500代",0,-,,林浩樹(グラフィック)|小川史生(音楽),秋篠雅弘,ウルフ・チーム|林浩樹,小川史生,林浩樹|三橋幸雄,林浩樹,
1992-01-14,サンソフト,スーパーファンタジーゾーン,MD,8M,SHT,"￥6,800","￥7,000代",0,-,,,KAWA-CHAN|KEROYON,AKIRA|ひろせまさのり|ほそえかずひと,小高直樹|瀬谷辰宇|原伸幸,,,
1992-01-14,ナムコ,ちびまる子ちゃんわくわくショッピング,MD,4M,TBL,"￥6,000","￥6,000代",0,-,,,,,,,,
1992-01-24,セガ,ジョー・モンタナIIスポーツトークフットボール,MD,8M,SPT,"￥6,800","￥7,000代",0,-,,,,,,,,
1992-01-31,セガ,JuJu伝説,MD,4M,ACT,"￥6,000","￥6,000代",0,-,,,佐久間明|西澤孝|青木司,北原春樹|かきうちひろ|藤咲淳一|松原順,あおきゆうさく|北原幸憩,,,
1992-01-31,シムス,テクモワールドカップ'92,MD,2M,SPT,"￥6,200","￥6,000代",0,-,,,,,,,,
1992-01-31,カネコ,ワニワニWorld,MD,4M,ACT,"￥6,600","￥6,500代",0,-,,,,,,,,
1992-02-07,メサイヤ,ソーサルキングダム,MD,8M,RPG,"￥8,800","￥9,000代",0,-,,,,,,,,
1992-02-14,テレネット,SDヴァリス,MD,4M,ACT,"￥6,800","￥7,000代",0,-,,,,,,,,
1992-02-14,テレネット,港のトレイジア,MD,8M,RPG,"￥8,900","￥9,000代",0,-,,,,,,,,
1992-02-28,データイースト,クルードバスター,MD,8M,ACT,"￥7,800","￥8,000代",0,-,,,井上隆明|秋山宗一,大谷明|皆川一巳|長尾園美|海宝吉成|栗原映子|大江真徳|野田伸二|北原智江|藤原仁美|社本千佳|榎本和美,原あづさ|吉田博昭|木内達也,,堀田巌,
1992-02-28,テンゲン,ロードブラスターズ,MD,4M,RCG,"￥6,800","￥7,000代",0,-,,,ボニー・スミスソン|ロバート・ウェザビー,,ブラッド・フラー(英語版),,,
1992-03-06,ビック東海,バトルマニア,MD,4M,SHT,"￥6,800","￥7,000代",0,-,,TAKAYAN THE BARBARIAN,PROPELLER WADO|SABOTEN CUCTUS|TAKAYAN,DORO-P|PORTEN,濱田やすゆき,,,
1992-03-13,セガ,トージャム＆アール,MD,8M,ACT,"￥6,800","￥7,000代",0,-,,,,,,,,
1992-03-13,ホット・ビィ,鋼鉄帝国,MD,8M,SHT,"￥7,800","￥8,000代",0,-,,N.YAMAGUCHI|佐武義訓,,西健介|初谷諭,溝口功|窪寺義明|岩垂徳行,,朝長彰教,
1992-03-20,セガ,バックアップRAMカートリッジ,MD,不明,ETC,"￥6,300","￥6,500代",0,-,,,,,,,,
1992-03-20,セガ,シャイニング・フォース神々の遺産,MD,12M,SLG,"￥8,700","￥8,500代",24,-,,田口泰宏|折茂賢司,田口泰宏|田川佳紀|内藤寛|小寺春樹,高橋宏之|吉田英博|玉木美孝,吉村政彦,和智正喜|玉木美孝|高橋宏之,高橋宏之,
1992-03-27,セガ,アートアライブ,MD,1M,TBL,"￥3,800","￥4,000代",0,-,,,,,,,,
1992-03-27,ヒューマン,サンダープロレスリング列伝,MD,4M,SPT,"￥7,400","￥7,500代",0,-,,,いといまさし|Y.KATSUMATA,ZIGGY SANO|きたむらただあき|小杉和則|江南直緒|H.SANO|畑朗宏|小滝佳治,さいとうたけし,,,
1992-03-27,ビクター音産,シャドー･オブ･ザ･ビースト魔性の掟,MD,8M,ACT,"￥8,800","￥9,000代",0,-,,,,,,,,
1992-03-27,ＭＣＷ,ストームロード,MD,4M,ACT,"￥6,800","￥7,000代",0,-,,,,,,,,
1992-03-27,セガ,ターボアウトラン,MD,4M,RCG,"￥6,000","￥6,000代",0,-,,浜垣博志,,三船敏[注釈 1],川口博史|高木保浩[注釈 2],,,
1992-03-27,テンゲン,ピットファイター,MD,8M,ACT,"￥7,800","￥8,000代",0,-,,ゲイリー・スターク|マーク・ステファン・ピース,ゲイリー・スターク|ポール・クィン,ゲイリー・スターク|マーク・ステファン・ピース|ニコラス・スターン,ジョン・ポール,,ジェリー・モモダ,
1992-04-10,セガ,A列車で行こうMD,MD,4M,SLG,"￥6,800","￥7,000代",0,-,,,,,,,,
1992-04-24,ゲームアーツ,アリシアドラグーン,MD,8M,ACT,"￥7,800","￥8,000代",0,-,,,本間直純|原田修,上坂哲|幡池裕行|上村眞理子,笠谷文人|青島信幸|石母田守|園田容子|さとうまりこ,須永有三|神田善美,,
1992-04-24,ホット・ビィ,バッドオーメン,MD,4M,TBL,"￥6,800","￥7,000代",0,-,,,,,,,,
1992-04-24,セガ,まじかる☆タルるートくん,MD,4M,ACT,"￥3,880","￥4,000代",9,-,,山内重保,,大倉雅彦,横山菁児,江川達也,,
1992-04-29,光栄,大航海時代,MD,8M,SLG,"￥11,800","￥12,000代",0,-,,,,,,,,
1992-04-30,ＭＣＷ,スライムワールド,MD,4M,ACT,"￥6,800","￥7,000代",0,30,,,,,,,,
1992-05-15,バリエ,中島悟監修F1HEROMD,MD,8M,RCG,"￥7,800","￥8,000代",0,-,,,,,,,,
1992-05-28,マイクロネット,シーザーの野望II,MD,8M,SLG,"￥8,800","￥9,000代",0,-,,,,,,,,
1992-05-29,セガ,カメレオンキッド,MD,8M,ACT,"￥6,800","￥7,000代",0,-,,,,,,,,
1992-06-12,テレネット,グランドスラム,MD,4M,SPT,"￥6,800","￥7,000代",0,-,,,,,,,,
1992-06-19,ソフトビジョン,TOPPROGOLF,MD,8M,SPT,"￥8,500","￥8,500代",0,-,,,,,,,,
1992-06-19,ＣＲＩ,スピードボール2,MD,4M,SPT,"￥6,800","￥7,000代",0,30,,,,,,,,
1992-06-25,光栄,ロイヤルブラッド,MD,8M,SLG,"￥9,800","￥10,000代",0,-,,,,,伊藤ヨシユキ|新田真澄,,シブサワ・コウ,
1992-06-26,テンゲン,ペーパーボーイ,MD,4M,ACT,"￥6,800","￥7,000代",0,-,,,ジョン・サルウィッツ,デイヴ・ラルストン,ハル・キャノン|アール・ヴィッカーズ,,,
1992-06-26,セガ,闘技王キングコロッサス,MD,8M,RPG,"￥5,800","￥6,000代",0,-,,,,,,,,
1992-07-10,セガ,デビッド・ロビンソンバスケットボール,MD,4M,SPT,"￥4,800","￥5,000代",0,-,,,,,,,,
1992-07-10,セガ,炎の闘球児ドッジ弾平,MD,4M,SPT,"￥3,800","￥4,000代",0,-,,,,はしもとかつみ|郷敏治,勝又隆一,こしたてつひろ,,
1992-07-17,セガ,アイルトン・セナスーパーモナコGPII,MD,8M,RCG,"￥7,800","￥8,000代",11,-,,DOHNATTENNO,浜野隆弘|若山雅弘,KAKI|小玉理恵子|津川一吉,上保徳彦|小黒晴代,,SHIMACHAN,
1992-07-17,メサイヤ,グレイランサー,MD,8M,SHT,"￥8,300","￥8,500代",0,-,,,,,,,,
1992-07-24,セガ,オリンピックゴールド,MD,4M,SPT,"￥4,800","￥5,000代",0,-,,,,,,,,
1992-07-24,テクノソフト,サンダーフォースIV,MD,8M,SHT,"￥8,800","￥9,000代",5,-,,,,,,,,
1992-07-24,ＣＲＩ,ダイナブラザーズ,MD,8M,SLG,"￥8,800","￥9,000代",0,-,,,,,,,,
1992-07-24,ＷＡＳ,ツインクルテール,MD,8M,SHT,"￥7,800","￥8,000代",0,-,,,,,,,,
1992-08-04,ナムコ,スプラッターハウスPART2,MD,8M,ACT,"￥5,800","￥6,000代",0,-,,100 TARO,おおほりはるお,A CHAN|GYOEE〜! MIYACHAN|ながやまたいじ,金田栄子,,PAPAYA PAYAPAYA,
1992-08-07,セガ,ひょっこりひょうたん島大統領をめざせ,MD,4M,TBL,"￥4,800","￥5,000代",0,-,,,,,,,,
1992-08-07,セガ,修羅の門,MD,8M,SLG,"￥6,000","￥6,000代",0,-,,,,,,,,
1992-08-07,PALSOFT,熱血高校ドッジボール部サッカー編MD,MD,4M,SPT,"￥8,800","￥9,000代",0,-,,,,,,,,
1992-09-24,光栄,提督の決断,MD,8M,SLG,"￥14,800","￥15,000代",0,-,,,,,宮川泰,シブサワ・コウ,シブサワ・コウ,
1992-09-26,ホット・ビィ,キングサーモン,MD,4M,SLG,"￥6,800","￥7,000代",0,-,,,,,,,,
1992-10-16,データイースト,チェルノブ,MD,8M,ACT,"￥7,800","￥8,000代",0,-,,,井上隆明|秋山宗一|HAGA,野老雅典|J.S|MIX MAN|RITSU.T,原あづさ|吉田博昭|木内達也|TENNO,,,
1992-10-16,セガ,チキチキボーイズ,MD,8M,ACT,"￥6,000","￥6,000代",0,-,,船水紀孝|岡本吉起,BLBON|MEIJIN|SAIKOU YUKI,Bully Duck|新谷さゆり|中山郁夫|たなべまゆみ,高岡宏光,,,
1992-10-23,メサイヤ,ヴィクセン357,MD,8M,SLG,"￥8,800","￥9,000代",0,-,,,,,,,,
1992-10-23,タイトー,スーパーH.Q.,MD,4M,RCG,"￥6,800","￥7,000代",0,-,,,,,,,,
1992-10-23,マーバ,機動警察パトレイバー98式起動せよ!,MD,4M,ADV,"￥7,800","￥8,000代",0,-,,,,,,,,
1992-10-30,セガ,クライング亜生命戦争,MD,8M,SHT,"￥6,800","￥7,000代",0,-,,,,,,,,
1992-10-30,セガ,ホリフィールドボクシング,MD,4M,SPT,"￥7,800","￥8,000代",0,-,,,,,,,,
1992-10-30,セガ,ランドストーカー皇帝の財宝,MD,16M,RPG,"￥8,700","￥8,500代",15,33,,折茂賢司|内藤寛,内藤寛,玉木美孝,武内基朗,西垣伸哉,,
1992-11-01,光栄,エアーマネジメント大空に賭ける,MD,8M,SLG,"￥11,800","￥12,000代",0,-,,,,,,,,
1992-11-08,光栄,三國志III,MD,12M,SLG,"￥14,800","￥15,000代",0,-,,,,,向谷実,,シブサワ・コウ,
1992-11-20,ＥＡＶ,プロフットボール,MD,4M,SPT,"￥6,800","￥7,000代",0,-,,,,,,,,
1992-11-20,ＥＡＶ,プロホッケー,MD,4M,SPT,"￥6,800","￥7,000代",0,-,,,,,,,,
1992-11-20,サンソフト,レミングス,MD,8M,PZL,"￥7,800","￥8,000代",0,-,,,デイブ・ジョーンズ(英語版),ゲイリー・ティモンズ|スコット・ジョンストン,ブライアン・ジョンストン|ティム・ライト(英語版),,,
1992-11-20,ＥＡＶ,ロードラッシュ,MD,8M,RCG,"￥7,800","￥8,000代",0,-,,,,,,,,
1992-11-21,セガ,ソニック・ザ・ヘッジホッグ2,MD,8M,ACT,"￥6,800","￥7,000代",19,30,,吉井正晴(メガドライブ),山本正伸(メガドライブ)|中裕司(メガドライブ)|TOSHIYAN(マスターシステム|ゲームギア),安原広和(メガドライブ)|山口恭史(メガドライブ)|遠藤智三(マスターシステム|ゲームギア),中村正人(メガドライブ)|幡谷尚史(マスターシステム|ゲームギア)|尾形雅史(マスターシステム|ゲームギア)|澤田朋伯(マスターシステム|ゲームギア),,中山隼雄|中裕司(メガドライブ)|豊田信夫(メガドライブ),
1992-12-11,データイースト,サイドポケット,MD,8M,TBL,"￥7,800","￥8,000代",0,-,,,,,,,,
1992-12-11,カネコ,パワーアスリート,MD,8M,ACT,"￥8,500","￥8,500代",0,-,,,,,,,,
1992-12-11,テンゲン,ランパート,MD,4M,SLG,"￥6,800","￥7,000代",0,-,,,ジョン・サルウィッツ,ジョン・サルウィッツ|デヴィッド・ラルストン,ブラッド・フラー|ドン・ディークナイテ,,リンダ・ベンツァー,
1992-12-11,バリエ,中島悟監修F-1スーパーライセンス,MD,8M,RCG,"￥9,000","￥9,000代",0,-,,,,,,,,
1992-12-18,テンゲン,R.B.I.4.ベースボール,MD,8M,SPT,"￥7,800","￥8,000代",0,-,,,,,,,,
1992-12-18,セガ,アイラブミッキー＆ドナルドふしぎなマジックボックス,MD,8M,ACT,"￥6,800","￥7,000代",0,36,,,,,,,,
1992-12-18,Ｓ・Ｉ,パチンコクーニャン,MD,8M,TBL,"￥8,500","￥8,500代",0,-,,,,,,,,
1992-12-18,セガ,ぷよぷよ,MD,4M,PZL,"￥4,800","￥5,000代",52,-,,,,,,,,
1992-12-22,コナミ,T.M.N.T.リターンオブザシュレッダー,MD,8M,ACT,"￥6,800","￥7,000代",0,-,,大山秀樹,鈴木弦,MORIYAMA 25,泉陸奥彦|東野美紀,,,
1992-12-25,セガ,タズマニア,MD,8M,ACT,"￥6,800","￥7,000代",0,-,,,,,J・エリック・シュミット | リチャード・ストーン | マーク・ワッターズ | ドン・デイヴィス |スティーブ・バースティン|ジョン・ギーヴン|カール・ジョンソン|ハーヴェイ・コーエン|ジェリー・グラント,ワーナー・ブラザース|ルーニー・テューンズ,アート・ウィテロ,
1992-12-26,ＥＡＶ,ドリームチームUSA,MD,8M,SPT,"￥7,800","￥8,000代",0,-,,,,,,,,
1993-01-14,セガ,ベア・ナックルII死闘への鎮魂歌,MD,16M,ACT,"￥7,800","￥8,000代",10,-,,,河野明敏,CADMIX|内村語|古代彩乃|市川幹人|古代彩乃|有賀ヒトシ|斉藤智晴,古代祐三|川島基宏,,,
1993-01-16,光栄,ヨーロッパ戦線,MD,8M,SLG,"￥12,800","￥13,000代",0,-,,,,,大野雄二,,シブサワ・コウ,
1993-01-29,ＭＣＷ,ザ・キックボクシング,MD,8M,SPT,"￥8,500","￥8,500代",0,-,,,,,,,,
1993-02-12,ＥＡＶ,F22インターセプター,MD,8M,SHT,"￥8,900","￥9,000代",0,-,,,,,,,,
1993-02-19,セガ,バットマン・リターンズ,MD,8M,ACT,"￥6,800","￥7,000代",0,-,,,,,ダニー・エルフマン,ボブ・ケイン,,
1993-02-19,ＥＡＶ,邪神ドラクソス,MD,8M,ACT,"￥8,900","￥9,000代",0,-,,,,,,,,
1993-02-26,セガ,G-LOC,MD,8M,SHT,"￥6,800","￥7,000代",0,-,,,,,,,,
1993-02-26,小学館プロ／ゲームアーツ,Jリーグチャンピオンサッカー,MD,4M,SPT,"￥6,800","￥7,000代",0,-,,,,,,,,
1993-02-26,セガ,マジンサーガ,MD,8M,ACT,"￥6,800","￥7,000代",0,-,,,,,,,,
1993-03-19,ナムコ,スプラッターハウスPART3,MD,16M,ACT,"￥6,800","￥7,000代",0,-,,Naga! Yama!,おおほりはるお,下間正巳|Gyoee! Miyazaki|Daiya.Y,金田栄子,,下間正巳|Papaya Payapaya,
1993-03-25,光栄,蒼き狼と白き牝鹿元朝秘史,MD,10M,SLG,"￥11,800","￥12,000代",0,-,,,,,大島ミチル,,シブサワ・コウ,
1993-03-26,ＰＣＭ,GODS,MD,8M,ACT,"￥8,800","￥9,000代",0,-,,,,,,,DREAMS COME TRUE,
1993-03-26,シムス,OutRun2019,MD,8M,RCG,"￥8,800","￥9,000代",0,-,,,,,,,,
1993-03-26,セガ,ドラえもん夢どろぼうと7人のゴザンス,MD,4M,ACT,"￥6,800","￥7,000代",0,-,,石井達也,小野寺正,久礼深雪|林宏樹|高梨誠|渡辺明美|高橋章|斉藤智晴|延東史郎,島村孝一,,渡部雅人,
1993-03-26,セガ,バトルトード,MD,4M,ACT,"￥6,800","￥7,000代",0,-,,,クリス・スタンパー|マーク・ベターリッジ,ティム・スタンパー(英語版)|クリス・スタンパー(英語版)|ケヴィン・ベイリス,デビッド・ワイズ,,ジョエル・ホッホバーグ,
1993-04-02,ＥＡＶ,NBAプロバスケットボールブルズVSレイカーズ,MD,8M,SPT,"￥8,900","￥9,000代",0,-,,,,,,,,
1993-04-09,マーバ,ウルトラマン,MD,4M,ACT,"￥5,800","￥6,000代",0,-,,,,,,金城哲夫 ほか,,
1993-04-16,ＥＡＶ,PGAツアーゴルフII,MD,8M,SPT,"￥9,800","￥10,000代",0,-,,,,,,,,
1993-04-23,ＥＡＶ,デザートストライク湾岸作戦,MD,8M,SHT,"￥8,900","￥9,000代",0,-,,,,,,,,
1993-04-23,ナムコ,ボールジャックス,MD,2M,SPT,"￥6,000","￥6,000代",0,-,,,,,,,,
1993-04-23,ＣＲＩ,メガロマニア,MD,8M,SLG,"￥8,800","￥9,000代",0,-,,,,,,,,
1993-04-23,セガ,餓狼伝説宿命の戦い,MD,12M,ACT,"￥8,800","￥9,000代",9,-,,,,,,,,
1993-04-29,ＥＡＶ,ゾウ!ゾウ!ゾウ!レスキュー大作戦,MD,4M,ACT,"￥8,900","￥9,000代",0,-,,,,,,,,
1993-05-14,テンゲン,007・死闘,MD,4M,ACT,"￥6,800","￥7,000代",0,-,,,,,".mw-parser-output .hlist dl|.mw-parser-output .hlist ol|.mw-parser-output .hlist ul{margin:0;padding:0}.mw-parser-output .hlist dd|.mw-parser-output .hlist dt|.mw-parser-output .hlist li{margin:0;display:inline-block;word-break:keep-all}.mw-parser-output .hlist.inline|.mw-parser-output .hlist.inline dl|.mw-parser-output .hlist.inline ol|.mw-parser-output .hlist.inline ul|.mw-parser-output .hlist dl dl|.mw-parser-output .hlist dl ol|.mw-parser-output .hlist dl ul|.mw-parser-output .hlist ol dl|.mw-parser-output .hlist ol ol|.mw-parser-output .hlist ol ul|.mw-parser-output .hlist ul dl|.mw-parser-output .hlist ul ol|.mw-parser-output .hlist ul ul{display:inline}.mw-parser-output .hlist .mw-empty-li{display:none}.mw-parser-output .hlist dt::after{content:"": ""}.mw-parser-output .hlist dd:after|.mw-parser-output .hlist li:after{content:"" ·\a0 "";font-weight:bold}.mw-parser-output .hlist-pipe dd:after|.mw-parser-output .hlist-pipe li:after{content:"" |\a0 "";font-weight:normal}.mw-parser-output .hlist-hyphen dd:after|.mw-parser-output .hlist-hyphen li:after{content:"" -\a0 "";font-weight:normal}.mw-parser-output .hlist-comma dd:after|.mw-parser-output .hlist-comma li:after{content:""|"";font-weight:normal}.mw-parser-output .hlist-slash dd:after|.mw-parser-output .hlist-slash li:after{content:"" /\a0 "";font-weight:normal}.mw-parser-output .hlist dd:last-child:after|.mw-parser-output .hlist dt:last-child:after|.mw-parser-output .hlist li:last-child:after{content:none}.mw-parser-output .hlist dd dd:first-child:before|.mw-parser-output .hlist dd dt:first-child:before|.mw-parser-output .hlist dd li:first-child:before|.mw-parser-output .hlist dt dd:first-child:before|.mw-parser-output .hlist dt dt:first-child:before|.mw-parser-output .hlist dt li:first-child:before|.mw-parser-output .hlist li dd:first-child:before|.mw-parser-output .hlist li dt:first-child:before|.mw-parser-output .hlist li li:first-child:before{content:""("";font-weight:normal}.mw-parser-output .hlist dd dd:last-child:after|.mw-parser-output .hlist dd dt:last-child:after|.mw-parser-output .hlist dd li:last-child:after|.mw-parser-output .hlist dt dd:last-child:after|.mw-parser-output .hlist dt dt:last-child:after|.mw-parser-output .hlist dt li:last-child:after|.mw-parser-output .hlist li dd:last-child:after|.mw-parser-output .hlist li dt:last-child:after|.mw-parser-output .hlist li li:last-child:after{content:"")\a0 "";font-weight:normal}.mw-parser-output .hlist ol{counter-reset:listitem}.mw-parser-output .hlist ol>li{counter-increment:listitem}.mw-parser-output .hlist ol>li:before{content:"" ""counter(listitem)""\a0 ""}.mw-parser-output .hlist dd ol>li:first-child:before|.mw-parser-output .hlist dt ol>li:first-child:before|.mw-parser-output .hlist li ol>li:first-child:before{content:""(""counter(listitem)""\a0 ""}ポール・マッカートニーリンダ・マッカートニー",,ジョージ・マーティン,
1993-05-28,セガ,エクスランザー,MD,8M,SHT,"￥7,800","￥8,000代",0,-,,,,,,,,
1993-05-28,テンゲン,スノーブラザーズ,MD,8M,ACT,"￥7,800","￥8,000代",0,-,,,,,太田理,,,
1993-05-28,光栄,太閤立志伝,MD,10M,SLG,"￥11,800","￥12,000代",0,-,,,,,大島ミチル,,シブサワ・コウ,
1993-06-04,ＥＡＶ,LHXアタックチョッパー,MD,8M,SHT,"￥6,800","￥7,000代",0,-,,,,,,,,
1993-06-09,ＥＡＶ,ジェームスポンドIIコードネーム・ロボコッド,MD,4M,ACT,"￥6,900","￥7,000代",0,-,,,,,,,,
1993-06-11,テンゲン,スラップファイト,MD,8M,SHT,"￥7,800","￥8,000代",0,-,,,,,弓削雅稔,,,
1993-06-18,セガ,Jリーグプロストライカー,MD,8M,SPT,"￥8,800","￥9,000代",8,-,,,,,,,,
1993-06-18,ＥＡＶ,パワーモンガー,MD,8M,SLG,"￥8,900","￥9,000代",0,-,,,ピーター・モリニュー|グレン・コープス(英語版)|ケヴィン・ドンキン,ゲイリー・カー|サイモン・ハンター,チャールズ・キャレット,,,
1993-06-25,Ｓ・Ｉ,TOPPROGOLF2,MD,8M,SPT,"￥8,500","￥8,500代",0,-,,,,,,,,
1993-06-25,Ｓ・Ｉ,エリミネートダウン,MD,8M,SHT,"￥8,500","￥8,500代",0,-,,,,,,,,
1993-06-25,セガ,ゴールデンアックスIII,MD,8M,ACT,"￥6,800","￥7,000代",0,-,,,TAKUBON,藤井一馬|飯塚隆|WARUKATTA|岡田茂|杵村史朗,幡谷尚史|前田龍之|小黒晴代|澤田朋伯,,,
1993-06-25,テンゲン,スティールタロンズ,MD,4M,SHT,"￥6,800","￥7,000代",0,-,,,,,,,,
1993-07-23,セガ,ザ・スーパー忍II,MD,8M,ACT,"￥6,800","￥7,000代",0,-,,伊藤知行|松橋武,青木司|矢島利明|大井章雄,なかざわなおひさ|岩沢一之|荻窪勝彦|平間広行|森屋英明|原正憲,長尾優進|村崎弘史|秋山森彦,,高見富夫|兼安時紀,
1993-07-23,ＥＡＶ,ロードラッシュII,MD,8M,RCG,"￥8,900","￥9,000代",0,-,,,,,,,,
1993-07-30,ＥＡＶ,NBAプレイオフブルズVSブレイザーズ,MD,8M,SPT,"￥8,900","￥9,000代",0,-,,,,,,,,
1993-07-30,セガ,エコー・ザ・ドルフィン,MD,8M,ACT,"￥6,800","￥7,000代",7,31,,,,,,,E. Ettore Annunziata,
1993-07-30,講談社総研,騎士伝説,MD,10M,SLG,"￥9,800","￥10,000代",0,-,,,,,,,,
1993-08-06,コナミ,ロケットナイトアドベンチャーズ,MD,8M,ACT,"￥7,800","￥8,000代",0,-,,中里伸也,堀尾健一郎,中里伸也|さとうしおり|高野泰,大内正徳|畑亜貴|安達昌宣|小林裕|山根ミチル,,桐田富和,
1993-08-10,ＥＡＶ,ウィザード・オブ・イモータル,MD,16M,ACT,"￥9,800","￥10,000代",0,-,,,,,,,,
1993-08-13,テンゲン,マーブルマッドネス,MD,4M,ACT,"￥6,800","￥7,000代",0,-,,,ボブ・フラナガン,マーク・サーニー,ハル・カノン|ブラッド・フラー,,,
1993-08-20,ＥＡＶ,キリング・ゲームショー,MD,8M,ACT,"￥8,900","￥9,000代",0,-,,,,,,,,
1993-08-27,セガ,ジュラシック・パーク,MD,16M,ACT,"￥6,800","￥7,000代",0,-,,,,,,『Jurassic Park Adventures: Survivor』(2001年) 『Jurassic Park Adventures: Prey』(2001年) 『Jurassic Park Adventures: Flyers』(2002),,
1993-09-03,セガ,ああ播磨灘,MD,16M,ACT,"￥7,800","￥8,000代",0,-,,長田紀生,,新井豊,天野正道,さだやす圭,,
1993-09-10,セガ,ガンスターヒーローズ,MD,8M,ACT,"￥6,800","￥7,000代",9,-,,,八井田満|菅波秀幸,菊池哲彦|井内洋,半沢紀夫,,,
1993-09-10,ＥＡＶ,ミュータントリーグ・フットボール,MD,8M,SPT,"￥8,900","￥9,000代",0,-,,,,,,,,
1993-09-15,光栄,信長の野望全国版,MD,4M,SLG,"￥8,800","￥9,000代",0,-,,,,,菅野よう子,,シブサワ・コウ,
1993-09-17,テンゲン,ガントレット,MD,8M,ACT,"￥7,800","￥8,000代",0,-,,,,,,,,
1993-09-23,セガ,マクドナルドトレジャーランド・アドベンチャー,MD,8M,ACT,"￥6,800","￥7,000代",0,-,,,,,,,,
1993-09-24,ＥＡＶ,ジョーダンVSバードONEonONE,MD,8M,SPT,"￥8,900","￥9,000代",0,-,,,,,,,,
1993-09-28,カプコン,ストリートファイターIIダッシュプラス,MD,24M,ACT,"￥9,800","￥10,000代",19,30,,,,安田朗(AKIMAN),下村陽子|阿部功,,岡本吉起,
1993-10-01,セガ,シャイニング・フォースII古えの封印,MD,16M,SLG,"￥8,800","￥9,000代",22,-,,高橋秀五|田口泰宏,田口泰宏|高橋秀五|小寺春樹|沼屋賢司|山本豊|田中つかさ,SUEZEN,武内基朗,高橋宏之|久末律子|清水秀二,高橋宏之,
1993-10-15,セガ,コラムスIII対決!コラムスワールド,MD,4M,PZL,"￥4,800","￥5,000代",0,-,,,,,,,,
1993-10-29,セガ,ペブルビーチの波涛,MD,12M,SPT,"￥8,800","￥9,000代",0,-,,横山英二,加藤英治,中島健二,冨田茂,,横山俊朗,
1993-11-05,セガ,パーティクイズMEGAQ,MD,8M,TBL,"￥6,800","￥7,000代",0,-,,,,,,,,
1993-11-05,セガ,雀皇登竜門,MD,8M,TBL,"￥6,800","￥7,000代",0,-,,,,,,,,
1993-11-12,セガ,アラジン,MD,16M,ACT,"￥7,800","￥8,000代",10,35,,,,,,,,
1993-11-19,ＥＡＶ,スペースファンキーB.O.B.,MD,8M,ACT,"￥8,900","￥9,000代",0,-,,,,,,,,
1993-11-19,タイトー,フリントストーン,MD,4M,ACT,"￥3,880","￥4,000代",0,-,,,,,,,,
1993-11-26,テンゲン,MiG-29,MD,8M,SHT,"￥7,800","￥8,000代",0,-,,,,,,,,
1993-11-26,セガ,キング・オブ・ザ・モンスターズ,MD,8M,ACT,"￥6,800","￥7,000代",0,-,,,,,田中敬一|西田和弘,,,
1993-11-26,テクモ,テクモスーパーボウル,MD,8M,SPT,"￥8,900","￥9,000代",0,-,,,,,,,,
1993-12-03,コナミ,T.M.N.T.トーナメントファイターズ,MD,16M,ACT,"￥8,800","￥9,000代",0,-,,大山秀樹,鈴木弦,MORIYAMA 25,泉陸奥彦|東野美紀,,,
1993-12-03,ＣＲＩ,ダイナブラザース2,MD,16M,SLG,"￥8,800","￥9,000代",0,-,,,,,,,,
1993-12-10,セガ,ソニックスピンボール,MD,8M,TBL,"￥6,800","￥7,000代",0,-,,ロジャー・ヘクター,デニス・コブル|リー・アクター|ケン・ローズ|スティーブ・ウォーター|ジェイソン・プラム|アール・ストラットン|デイヴ・サナー|スコット・チャンドラー,ピーター・モラウィエク|ホイト・ウン|ジョン・ダガン,バリー・ブルム|ブライアン・コバーン|ハワード・ドロシン|OUI MULTIMEDIA,,菅野豊,
1993-12-10,テンゲン,ドラゴンズリベンジ,MD,8M,ACT,"￥7,800","￥8,000代",0,-,,,,,,,,
1993-12-10,コナミ,リーサルエンフォーサーズ,MD,16M,SHT,"￥9,800","￥10,000代",0,-,,波多野よしあき,波多野よしあき,スティーヴ・ジョンソン,福井健一郎,,,
1993-12-17,セガ,Jリーグプロストライカー完全版,MD,8M,SPT,"￥8,800","￥9,000代",7,-,,,,,,,,
1993-12-17,ＥＡＶ,ジャングルストライク受け継がれた狂気,MD,16M,SHT,"￥8,900","￥9,000代",0,-,,,,,,,,
1993-12-17,セガ,ファンタシースター千年紀の終りに,MD,24M,RPG,"￥8,800","￥9,000代",22,-,,小玉理恵子|吉田徹,円藤義秋|山本大輔,吉田徹|津川一吉|吉田徹|西山彰則|森司|小玉理恵子,竹内出穂|中垣斉己,西山彰則,,
1993-12-17,ビスコ,ブギウギ・ボーリング,MD,4M,SPT,"￥6,800","￥7,000代",0,-,,,,,,,,
1993-12-17,ビクターＥ,メタルファング,MD,4M,SHT,"￥6,800","￥7,000代",0,-,,,,,,,,
1993-12-17,T＆Eソフト,遥かなるオーガスタ,MD,12M,SPT,"￥8,800","￥9,000代",0,-,,横山英二,加藤英治,中島健二,冨田茂,,横山俊朗,
1993-12-24,ビック東海,バトルマニア大吟醸,MD,8M,SHT,"￥7,800","￥8,000代",0,-,,,,,,,,
1993-12-25,テンゲン,オーサムポッサム,MD,16M,ACT,"￥8,800","￥9,000代",0,-,,,,,,,,
1993-12-26,ＥＡＶ,クルーボール,MD,4M,ACT,"￥6,800","￥7,000代",0,-,,,,,,,,
1993-12-29,サンソフト,フラッシュバック,MD,12M,ACT,"￥8,000","￥8,000代",0,-,,,,,,,,
1993-12-29,講談社総研,魔天の創滅,MD,8M,RPG,"￥8,900","￥9,000代",0,-,,,,,,,,
1994-01-01,株式会社サンサン,サンサン,MD,不明,TBL,調査中,調査中,0,-,,,,,,,,
1994-01-14,ＥＡＶ,ジェネラル・カオス大混戦,MD,8M,SLG,"￥8,900","￥9,000代",0,-,,,,,,,,
1994-01-14,セガ,龍虎の拳,MD,16M,ACT,"￥8,800","￥9,000代",0,-,,,,,,,,
1994-01-28,セガ,デビルズコース,MD,12M,SPT,"￥8,800","￥9,000代",0,-,,,,,,リンジー・デヴリン,,
1994-01-28,セガ,幽☆遊☆白書外伝,MD,16M,ADV,"￥8,800","￥9,000代",0,-,,,,,,,,
1994-02-04,セガ,NFLフットボール'94,MD,16M,SPT,"￥8,800","￥9,000代",0,-,,,,,,,,
1994-02-11,セガ,ウィンターオリンピック,MD,16M,SPT,"￥7,800","￥8,000代",0,-,,,,,,,,
1994-02-18,ＥＡＶ,NFLプロフットボール'94,MD,16M,SPT,"￥9,800","￥10,000代",0,-,,,,,,,,
1994-02-18,光栄,エアーマネジメントII航空王をめざせ,MD,8M,SLG,"￥12,800","￥13,000代",0,-,,,,,岩崎琢,,シブサワ・コウ,
1994-02-18,セガ,エターナルチャンピオンズ,MD,24M,ACT,"￥7,800","￥8,000代",0,-,,,,,,,,
1994-02-18,ヴァージン,クールスポット,MD,8M,ACT,"￥8,000","￥8,000代",0,-,,,,,,,,
1994-02-25,アクレイム,T2ジ・アーケードゲーム,MD,8M,SHT,"￥8,800","￥9,000代",0,-,,,,,,,,
1994-02-25,テンゲン,デビスカップ,MD,8M,SPT,"￥7,800","￥8,000代",0,-,,,,,,,,
1994-02-25,セガ,ワイアラエの奇蹟,MD,12M,SPT,"￥8,800","￥9,000代",0,-,,横山英二,加藤英治,中島健二,冨田茂,,横山俊朗,
1994-02-25,光栄,信長の野望覇王伝,MD,16M,SLG,"￥12,800","￥13,000代",0,-,,,,,菅野よう子,,シブサワ・コウ,
1994-03-04,ＥＡＶ,2020年スーパーベースボール,MD,16M,SPT,"￥9,800","￥10,000代",0,-,,,,,,,,
1994-03-04,テクモ,テクモスーパーNBAバスケットボール,MD,8M,SPT,"￥8,900","￥9,000代",0,-,,,,,,,,
1994-03-04,コナミ,ハイパーダンクザ・プレイオフエディション,MD,16M,SPT,"￥8,800","￥9,000代",0,-,,,,,,,,
1994-03-11,マーバ,クレヨンしんちゃん嵐を呼ぶ園児,MD,16M,ACT,"￥8,800","￥9,000代",0,-,,,,尾形和正|田中康介|牛村憲彦,富樫則彦,,,
1994-03-18,セガ,バーチャレーシング,MD,16M,RCG,"￥9,800","￥10,000代",19,33,,鈴木裕,鈴木裕,名越稔洋,光吉猛修,,,
1994-03-18,コナミ,バンパイアキラー,MD,8M,ACT,"￥7,800","￥8,000代",0,-,,,,,山根ミチル,,桐田富和,
1994-03-18,セガ,ベアナックルIII,MD,24M,ACT,"￥7,800","￥8,000代",8,-,,YUI,百田浩司,WANTER|ZOZO|清宮敦嗣,古代祐三|川島基宏,,OSSIY|NORIYUKI,
1994-03-25,アクレイム,WWFロイヤルランブル,MD,16M,SPT,"￥8,900","￥9,000代",0,-,,,,,,,,
1994-03-25,テンゲン,ヴイ・ファイヴ,MD,8M,SHT,"￥7,800","￥8,000代",0,-,,高野健一,岩倉聖治|池田恒基,直良有祐|山口幹雄,弓削雅稔,,,
1994-03-25,ビック東海,タイムドミネーター,MD,8M,ACT,"￥7,800","￥8,000代",0,-,,,,,,,,
1994-04-01,セガ,タントアール,MD,16M,TBL,"￥7,800","￥8,000代",0,-,,,,,,,,
1994-04-01,バンダイ,ドラゴンボールZ武勇列伝,MD,16M,ACT,"￥8,800","￥9,000代",8,-,,,,森下孝三|蛭田成一,天岸真志,,宮河恭夫|清水泰臣|鈴木敏弘,
1994-04-01,セガ,モンスターワールドIV,MD,12M,ACT,"￥8,800","￥9,000代",0,-,,西澤龍一,H.TOHYAMA,大空真紀,渡辺人,,,
1994-04-02,セガ,ファンタシースター復刻版,MD,4M,RPG,"￥4,800","￥5,000代",0,-,,,,,,,,
1994-04-22,データイースト,キャプテンラング,MD,8M,ACT,"￥6,800","￥7,000代",0,-,,,,大谷明|さとうむつのり,清水絵美|岩崎正明,,,
1994-04-29,アクレイム,NBAJAM,MD,16M,SPT,"￥8,800","￥9,000代",0,-,,,,,,,,
1994-05-13,セガ,アウトランナーズ,MD,16M,RCG,"￥7,800","￥8,000代",0,-,,,,,中村隆之|光吉猛修|川口博史,,,
1994-05-20,セガ,ウィンブルドン,MD,8M,SPT,"￥6,800","￥7,000代",0,-,,,,,,,,
1994-05-27,ＥＡＶ,F117ステルスオペレーション:ナイトストーム,MD,16M,SLG,"￥9,800","￥10,000代",0,-,,,,,,,,
1994-05-27,セガ,グレイテストヘビーウェイツ,MD,16M,SPT,"￥7,800","￥8,000代",0,-,,,,,,,,
1994-05-27,セガ,ソニック・ザ・ヘッジホッグ3,MD,16M,ACT,"￥5,800","￥6,000代",17,-,,安原広和,中裕司|浜野隆弘|山元雅信,安原広和|よしだひさよし|飯塚隆|湯田高志|青木國武|横川聡,ブラッド・バクサー|ロバート・グリーン・ブルックス(英語版)|ダリル・ロス|ジェフ・グレース|ダグ・グリグスビー3世|シロッコ|マイケル・ジャクソン(クレジットなし)|瀬上純,,中山隼雄|中裕司,
1994-05-27,アクレイム,モータルコンバット,MD,16M,ACT,"￥7,800","￥8,000代",0,-,,,,エド・ブーン|ジョン・トビアス,ダン・フォーデン,,,
1994-05-28,ヴァージン,ロボコップVSターミネーター,MD,16M,ACT,"￥8,900","￥9,000代",0,-,,,,,,,,
1994-06-10,ＥＡＶ,FIFAインターナショナルサッカー,MD,16M,SPT,"￥9,800","￥10,000代",0,-,,,,,,,,
1994-06-17,セガ,新創世紀ラグナセンティ,MD,16M,RPG,"￥8,000","￥8,000代",6,-,,,,,,,,
1994-06-24,ヴァージン,チャックロックII,MD,8M,ACT,"￥8,000","￥8,000代",0,-,,,,,,,,
1994-06-24,アクレイム,チャンピオンズワールドクラスサッカー,MD,8M,SPT,"￥7,800","￥8,000代",0,-,,,,,,,,
1994-06-24,セガ,ロードモナーク・とことん戦闘伝説,MD,16M,SLG,"￥8,800","￥9,000代",0,-,,,,,,,,
1994-06-24,タカラ,餓狼伝説2新たなる闘い,MD,24M,ACT,"￥9,800","￥10,000代",0,-,,,,塚本高史|白井影二,清水敏夫|おさかようこ|北村芳彦|幡谷正彦,,川崎英吉,
1994-06-24,光栄,大航海時代II,MD,16M,SLG,"￥11,800","￥12,000代",0,-,,,,,菅野よう子,,シブサワ・コウ,
1994-06-25,カプコン,スーパーストリートファイターIITHENEWCHALLENGERS,MD,40M,ACT,"￥10,900","￥11,000代",12,31,,西谷亮,,西谷亮(NIN)|安田朗(AKIMAN),下村陽子|阿部功,,岡本吉起,
1994-07-01,ＥＡＶ,NBAプロバスケットボール'94,MD,16M,SPT,"￥9,800","￥10,000代",0,-,,,,,,,,
1994-07-08,マーバ,美少女戦士セーラームーン,MD,16M,ACT,"￥8,800","￥9,000代",0,-,,,,,,,,
1994-07-15,セガ,Jリーグプロストライカー2,MD,16M,SPT,"￥7,800","￥8,000代",0,-,,,,,,,,
1994-07-22,セガ,ハイブリッド・フロント,MD,16M,SLG,"￥8,800","￥9,000代",0,-,,,,角田純悦|末弥純|青井邦夫,幡谷尚史|白津順子,,,
1994-07-22,セガ,パルスマン,MD,16M,ACT,"￥7,800","￥8,000代",0,-,,杉森建|田尻智,増田順一|太田健程|西橋倫治|太田智道,杉森建|田尻智|杉森建|藤原基史|にしだあつこ,増田順一,たにぐちりょうすけ,,
1994-08-05,セガ,ダイナマイトヘッディー,MD,16M,ACT,"￥6,800","￥7,000代",0,-,,麻生宏(MD),前川正人(MD),木村幸一(MD)|荻野誠(MD),鈴木勝彦(MD)|山田耕治(MD)|畑亜貴(MD)|半沢紀雄(MD)|松平あこ(GG),,木村幸一(MD)|鋒山元茂(GG),
1994-08-12,サンソフト,パノラマコットン,MD,20M,SHT,"￥9,500","￥9,500代",0,-,,田村英樹,,田村英樹|Motoi Saito|伊藤しのぶ,平田健一,,,
1994-08-26,セガ,エコー・ザ・ドルフィン2,MD,16M,ACT,"￥6,800","￥7,000代",0,-,,,,,,,E. Ettore Annunziata,
1994-08-26,メサイヤ,ラングリッサー2,MD,16M,SLG,"￥9,800","￥10,000代",16,-,,,,,,,,
1994-09-09,アクレイム,モータルコンバットII究極神拳,MD,24M,ACT,"￥8,800","￥9,000代",0,-,,,,,,,,
1994-09-15,コナミ,魂斗羅ザ・ハードコア,MD,16M,ACT,"￥9,000","￥9,000代",0,-,,中里伸也,みやおかけんじ,梅津泰臣,小林でび|荘司朗|みやおかけんじ|山根ミチル|山岡晃|谷口博史,中里伸也,桐田富和,
1994-09-16,セガ,ドラゴンスレイヤー英雄伝説,MD,16M,RPG,"￥8,800","￥9,000代",0,-,,,,,,,,
1994-09-23,コナミ,スパークスターロケットナイトアドベンチャーズ2,MD,8M,ACT,"￥8,800","￥9,000代",0,31,,,,,,,,
1994-09-30,セガ,幽☆遊☆白書魔強統一戦,MD,24M,ACT,"￥8,800","￥9,000代",8,-,,菊地徹彦,右京雅生|八井田満,菊地徹彦|荻野誠,村田智|鈴木勝彦|畑亜貴|半沢紀雄,,,
1994-10-21,カプコン,ロックマンメガワールド,MD,16M,ACT,"￥8,500","￥8,500代",0,-,,,,,,,,
1994-10-28,セガ,ソニック＆ナックルズ,MD,16M,ACT,"￥7,800","￥8,000代",7,30,,安原広和,中裕司|浜野隆弘|山元雅信,安原広和|よしだひさよし|飯塚隆|湯田高志|青木國武|横川聡,en:Howard Drossin|瀬上純,,中山隼雄|中裕司|豊田信夫,
1994-10-28,セガ,ソニック＆ナックルズ+その他,MD,18M,ACT,調査中,調査中,0,-,,,,,,,,
1994-10-28,セガ,ソニック＆ナックルズ+ソニック1,MD,20M,ACT,調査中,調査中,0,-,,,,,,,,
1994-10-28,セガ,ソニック＆ナックルズ+ソニック2,MD,26M,ACT,調査中,調査中,0,-,,,,,,,,
1994-10-28,セガ,ソニック＆ナックルズ+ソニック3,MD,32M,ACT,調査中,調査中,0,-,,,,,,,,
1994-11-18,アトラス,豪血寺一族,MD,24M,ACT,"￥9,800","￥10,000代",0,-,,,,,,,,
1994-11-19,セガ,サムライスピリッツ,MD,24M,ACT,"￥8,800","￥9,000代",0,-,,,,,,,,
1994-12-02,コンパイル,ぷよぷよ通,MD,16M,PZL,"￥6,800","￥7,000代",12,-,,,,,,,,
1994-12-03,セガ,DOOM,MD(32X),16M,SHT,"￥7,800","￥8,000代",0,30,,,ジョン・D・カーマック|ジョン・ロメロ|デイブ・テイラー,ジョン・ロメロ|トム・ホール|サンディ・ピーターセン|エイドリアン・カーマック|ケヴィン・クラウド,ボビー・プリンス,,,
1994-12-03,セガ,スターウォーズ・アーケード,MD(32X),24M,SHT,"￥8,800","￥9,000代",0,-,,,,,,,,
1994-12-03,セガ,スペースハリアー,MD(32X),16M,SHT,"￥4,980","￥5,000代",0,-,,藤井睦弘(セガ・マークIII),三船敏(アーケード)|川竹英士(アーケード)|中裕司(セガ・マークIII),鈴木裕(アーケード)|麻生宏(アーケード)|津田知介(アーケード)|永田英朗(アーケード)|貞森康毅(セガ・マークIII),川口博史(アーケード)|鈴木裕(アーケード)|上保徳彦(セガ・マークIII),中裕司(セガ・マークIII)|藤井睦弘(セガ・マークIII)|百田浩司(セガ・マークIII),金成貫(アーケード)|中裕司(セガ・マークIII),
1994-12-09,セガ,ストーリー・オブ・トア光を継ぐ者,MD,24M,RPG,"￥8,800","￥9,000代",0,-,,,高橋幸生|小山英樹|河野明敏,内村語|古代彩乃|有賀ヒトシ,古代祐三,小川珠里,古代祐三,
1994-12-09,ヴァージン,ライオンキング,MD,24M,ACT,"￥7,800","￥8,000代",0,-,,,,,ハンス・ジマー,なし,,
1994-12-16,アルトロン,トムとジェリー,MD,8M,ACT,"￥8,800","￥9,000代",0,-,,,,,,,,
1994-12-16,アクレイム,ナイジェルマンセル・インディカー,MD,16M,RCG,"￥7,800","￥8,000代",0,-,,,,,,,,
1994-12-16,セガ,バーチャレーシングデラックス,MD(32X),24M,RCG,"￥8,800","￥9,000代",0,-,,,,,,,,
1994-12-16,カプコン,ミッキーとミニーマジカルアドベンチャー2,MD,16M,ACT,"￥7,800","￥8,000代",0,-,,,篠原雅嗣,,友澤眞,,ノア・ダッドレー|ゲーリー・グレイパー,
1994-12-20,テクモ,テクモスーパーボウル2スペシャルエディション,MD,16M,SPT,"￥9,980","￥10,000代",0,-,,,,,,,,
1995-01-13,セガ,アフターバーナー・コンプリート,MD(32X),16M,SHT,"￥4,980","￥5,000代",0,-,,,,,,,,
1995-01-13,セガ,イチダントアール,MD,16M,TBL,"￥6,800","￥7,000代",0,31,,,,,,,,
1995-01-20,セガ,ドラゴンスレイヤー英雄伝説II,MD,16M,RPG,"￥8,800","￥9,000代",0,-,,,,,,,,
1995-01-27,セガ,サイバーブロール,MD(32X),24M,ACT,"￥7,800","￥8,000代",0,-,,,,,,,,
1995-02-17,セガ,リスター・ザ・シューティングスター,MD,16M,ACT,"￥6,800","￥7,000代",0,-,,,金子博政|吉田茂|ひらいなおみ|松本卓也,西野陽|新村岳史|三宅拓巳|上川祐司,佐々木朋子,,麻生宏|押谷眞|石井洋児|金成実,
1995-02-24,セガ,GOLFMAGAZINEPRESENTS36GREATHOLESSTARRINGFREDCOUPLES,MD(32X),24M,SPT,"￥8,800","￥9,000代",0,-,,,,,,,,
1995-02-24,アクレイム,NBAJAMトーナメントエディション,MD,24M,SPT,"￥8,800","￥9,000代",0,-,,,,,,,,
1995-02-24,アクレイム,NFLクォーターバッククラブ'95,MD,24M,SPT,"￥8,800","￥9,000代",0,-,,,,,,,,
1995-02-24,セガ,エイリアンソルジャー,MD,16M,ACT,"￥6,800","￥7,000代",0,-,,,菅波秀幸,進藤要,半沢紀雄,,菅波秀幸,
1995-02-24,セガ,メタルヘッド,MD(32X),24M,ACT,"￥7,800","￥8,000代",0,-,,,,,,,,
1995-03-17,セガ,サージングオーラ,MD,16M,RPG,"￥8,800","￥9,000代",0,-,,,,いのまたむつみ,,林田浩太郎,,
1995-03-24,セガ,TEMPO,MD(32X),24M,ACT,"￥7,800","￥8,000代",0,-,,,,,,,,
1995-03-31,セガ,ミッキーマニア,MD,16M,ACT,"￥7,800","￥8,000代",0,30,,,,,,,,
1995-04-21,セガ,カオティクス,MD(32X),24M,ACT,"￥7,800","￥8,000代",0,-,,小林正英|中村篤彦|なかざわなおひさ,岡本浩|矢島利明,福津浩|三浦桂介|小野健一|工藤稜|三宅拓巳|石渡爾奈|星野一幸|ソエジマヤスフミ,白津順子|南波真理子,,麻生宏|押谷眞|マイク・ラーセン,
1995-04-26,セガ,ステラアサルト,MD(32X),16M,SHT,"￥7,800","￥8,000代",0,-,,,,,,,,
1995-04-28,バンダイ,テレビアニメ・スラムダンク強豪真っ向対決!,MD,16M,SPT,"￥8,800","￥9,000代",0,-,,,,,,,,
1995-04-28,アクレイム,トゥルーライズ,MD,16M,ACT,"￥7,800","￥8,000代",0,-,,,,,ブラッド・フィーデル,クロード・ジディ|シモン・ミシェル|ディディエ・カミンカ,,
1995-05-19,アクレイム,モータルコンバットII究極神拳,MD(32X),32M,ACT,"￥9,800","￥10,000代",0,-,,,,,,,,
1995-05-26,アクレイム,マキシマムカーネイジ,MD,16M,ACT,"￥7,800","￥8,000代",0,-,,,,,,,,
1995-05-26,セガ,ライトクルセイダー,MD,16M,ACT,"￥7,800","￥8,000代",0,-,,,石田和彦|前川正人,井内洋|荻野誠|進藤要|木村幸一,畑亜貴,,,
1995-07-14,アクレイム,NFLクォーターバッククラブ'95,MD(32X),24M,SPT,"￥8,800","￥9,000代",0,-,,,,,,,,
1995-07-14,セガ,パラスコード,MD(32X),16M,SHT,"￥7,800","￥8,000代",0,-,,,,,,,,
1995-07-21,セガ,超球界ミラクルナイン,MD,16M,SPT,"￥7,800","￥8,000代",0,-,,,,,,,,
1995-07-28,光栄,三國志IV,MD(32X),32M,SLG,"￥14,800","￥15,000代",0,-,,,,,長生淳|久保田邦夫,,シブサワ・コウ,
1995-08-04,セガ,プロストライカーファイナルステージ,MD,16M,SPT,"￥7,800","￥8,000代",0,-,,,,,,,,
1995-09-01,アクレイム,NBAジャム・トーナメントエディション,MD(32X),32M,SPT,"￥9,800","￥10,000代",0,-,,,,,,,,
1995-09-01,アクレイム,WWFRAW,MD(32X),32M,SPT,"￥9,800","￥10,000代",0,-,,,,,Lil Wayne,エド・コスキー|RAW構成作家,ビンス・マクマホン|ケビン・ダン|トリプルH,
1995-09-01,セガ,コミックスゾーン,MD,16M,ACT,"￥7,800","￥8,000代",0,30,,エイドリアン・スティーブンス,エイドリアン・スティーブンス,ピーター・モラウィエク|ピーター・モラウィエク|トニー・デズニーガ(英語版)|アレックス・ニーニョ(英語版),ハワード・ドロシン,,マイケル・ウォーリス,
1995-09-01,アクレイム,ジャスティスリーグ,MD,24M,ACT,"￥8,800","￥9,000代",0,-,,,,,ダニー・エルフマン,DCコミックス,,
1995-09-01,アクレイム,ジャッジ・ドレッド,MD,16M,ACT,"￥7,800","￥8,000代",0,-,,,,,アラン・シルヴェストリ,キャラクター創造|ジョン・ワグナー|カルロス・エスクエラ,,
1995-09-22,セガ,ジ・ウーズ,MD,8M,ACT,"￥5,800","￥6,000代",0,-,,,デイヴ・サナー,ジェイソン・クオ|スティーグ・ヘドランド(英語版)|デイヴ・サナー|ボブ・スティール|ジョン・デュガン,ハワード・ドロシン,,マイケル・ウォーリス,
1995-10-20,セガ,バーチャファイター,MD(32X),32M,ACT,"￥7,800","￥8,000代",0,30,,鈴木裕,池淵徹,石井精一,中村隆之,,鈴木裕,
1995-10-27,アクレイム,バットマンフォーエヴァー,MD,24M,ACT,"￥8,800","￥9,000代",0,-,,,,,エリオット・ゴールデンサール,キャラクター創造|ボブ・ケイン,,
1995-10-27,アクレイム,フォアマンフォーリアル,MD,24M,SPT,"￥8,800","￥9,000代",0,-,,,,,,,,
1995-12-22,セガ,ぺぺんがPENGO,MD,8M,ACT,"￥4,980","￥5,000代",0,-,,,,,,,,
1995-12-31,アクレイム,WWFRAW,MD,24M,SPT,"￥8,800","￥9,000代",0,-,,,,,Lil Wayne,エド・コスキー|RAW構成作家,ビンス・マクマホン|ケビン・ダン|トリプルH,
1995-12-31,アクレイム,バーチャルバート,MD,16M,ACT,"￥8,800","￥9,000代",0,-,,,,,,,,
1996-03-22,コンパイル,魔導物語I,MD,16M,RPG,"￥7,800","￥8,000代",0,-,,,,,,,,
1991-12-12,ウルフチーム,ソル・フィース💿,MD💿CD,💿540MB,-,調査中,調査中,0,-,,,谷裕紀彦,浜田忠司|山本利雄,桜庭統,おおつやまちしお,秋篠雅弘,
1991-12-12,マイクロネット,ヘビーノバ💿,MD💿CD,💿540MB,-,調査中,調査中,0,-,,,,,,,,
1991-12-14,シュールド・ウェーブ,ノスタルジア1907💿,MD💿CD,💿540MB,-,調査中,調査中,0,-,,,,,,,,
1991-12-20,ウルフチーム,アーネスト・エバンス💿,MD💿CD,💿540MB,-,調査中,調査中,0,-,,,,,,,,
1991-12-20,セガ,惑星ウッドストックファンキーホラーバンド💿,MD💿CD,💿540MB,-,調査中,調査中,0,-,,,,,,,,
1991-12-28,ゲームアーツ,天下布武英雄たちの咆哮💿,MD💿CD,💿540MB,-,調査中,調査中,0,-,,宮路武,大畑和幸|浜田憲一,上村眞理子|毛利彰,青島伸幸|石母田守|KASS|園田容子|西隆宏,上坂哲,宮路洋一,
1992-02-18,ウルフチーム,精霊神世紀フェイエリア💿,MD💿CD,💿540MB,-,調査中,調査中,0,-,,,,,,,,
1992-03-27,日本テレネット,コズミックファンタジーストーリーズ💿,MD💿CD,💿540MB,-,調査中,調査中,0,-,,,,,,,,
1992-04-17,日本テレネット,デスブリンガー秘められた紋章💿,MD💿CD,💿540MB,-,調査中,調査中,0,-,,,,,,,スピッツ|高橋信彦|笹路正徳|土方隆行,
1992-05-29,ウルフチーム,アイルロード💿,MD💿CD,💿540MB,-,調査中,調査中,0,-,,,,,,,,
1992-05-29,セガ,クイズスクランブルスペシャル💿,MD💿CD,💿540MB,-,調査中,調査中,0,-,,,,,,,,
1992-06-19,日本テレネット,魔法の少女シルキーリップ💿,MD💿CD,💿540MB,-,調査中,調査中,0,-,,遠藤正二朗,大竹リップ♡,木下崇,梅津貴陽,遠藤正二朗,小川史生,
1992-06-26,ゲームアーツ,ルナザ・シルバースター💿,MD💿CD,💿540MB,-,調査中,調査中,11,-,,,,窪岡俊之,溝口功|岩垂徳行|藤岡央|窪寺義明|渋谷道玄,重馬敬,宮路洋一,
1992-07-31,ホット・ビィ,デトネイター・オーガン💿,MD💿CD,💿540MB,-,調査中,調査中,0,-,,,,菊池通隆|幡池裕行[注 1]|柿沼秀樹[注 2]|山根公利[注 2]|阿久津潤一[注 2]|夢野れい[注 2],平沢進,柿沼秀樹,,
1992-08-07,ビクター,プリンス・オブ・ペルシャ💿,MD💿CD,💿540MB,-,調査中,調査中,0,-,,,ジョーダン・メックナー,ジョーダン・メックナー,フランシス・メックナー,,ブライアン・エーラー,
1992-08-28,ウルフチーム,サンダーストームFX💿,MD💿CD,💿540MB,-,調査中,調査中,0,-,,,,,,,,
1992-09-11,セガ,ブライ八玉の勇士伝説💿,MD💿CD,💿540MB,-,調査中,調査中,0,-,,,,,,,,
1992-09-25,セガ,ライズ・オブ・ザ・ドラゴン💿,MD💿CD,💿540MB,-,調査中,調査中,0,30,,ジェフ・タネル(英語版),ダリウス・ルーカス|リチャード・レイル|ケヴィン・ライアン,ジェフ・タネル|ランディ・ダルシャム|ロバート・カラコール,ドン・ラタルスキー(英語版)|クリストファー・スティーブンス(英語版),ジェリー・ラトレル|デヴィッド・セラ,,
1992-09-25,ビクター,ワンダードッグ💿,MD💿CD,💿540MB,-,調査中,調査中,0,-,,,,高橋沙妃,DÉ DÉ MOUSE|ミト,野島伸司,,
1992-10-23,マイクロネット,ブラックホールアサルト💿,MD💿CD,💿540MB,-,調査中,調査中,0,-,,,,,,,,
1992-10-30,セガ,プロ野球スーパーリーグCD💿,MD💿CD,💿540MB,-,調査中,調査中,0,-,,,,,,,,
1992-11-13,ウルフチーム,タイムギャル💿,MD💿CD,💿540MB,-,調査中,調査中,0,-,,,くりやまたかし,藤原英裕|今沢哲男|我妻宏,今村善雄,,,
1992-11-27,コンパイル,電忍アレスタ💿,MD💿CD,💿540MB,-,調査中,調査中,0,-,,渡辺孝行,TAKIN|山下孝一|広野隆行,渡辺孝行|龍王院弘|大西伸一|高島俊介|渡辺孝行,田中勝巳|嶋崎聡,,仁井谷正充,
1992-12-18,セガ,アフターバーナー3💿,MD💿CD,💿540MB,-,調査中,調査中,0,-,,鈴木裕|浜垣博志,三船敏,鈴木裕,川口博史,,中山隼雄,
1992-12-18,ウルフチーム,ロードブラスターFX💿,MD💿CD,💿540MB,-,調査中,調査中,0,32,,岸本良久,熊谷慎太郎,高山秀樹|稲野義信,,,,
1992-12-18,ゲームアーツ,ぎゅわんぶらあ自己中心派2激闘!東京マージャンランド編💿,MD💿CD,💿540MB,-,調査中,調査中,6,30,,,,,,,,
1992-12-25,ウルフチーム,天舞メガCDスペシャル💿,MD💿CD,💿540MB,-,調査中,調査中,0,-,,,,,,,,
1992-12-25,シムス,カプコンのクイズ殿様の野望💿,MD💿CD,💿540MB,-,調査中,調査中,0,-,,,松嶋延幸|中井一仁,飯島哲也|C.KANEMITSU|M.OKAZAKI|KITASAN|MARILYN HIGUCHI,松前真奈美|GIPS.PAPA,,岡本吉起,
1992-01-04,ビクター,ワンダーメガコレクション💿,MD💿CD,💿540MB,-,調査中,調査中,0,-,,,,,,,,
1992-07-26,BMGビクター,SING!!セガゲームミュージックPresentedbyB.B.クィーンズ💿,MD💿CD,💿540MB,-,調査中,調査中,0,-,,,,,,,,
1993-01-03,データウエスト,サイキック・ディテクティブ・シリーズVol.3AYA💿,MD💿CD,💿540MB,-,調査中,調査中,0,-,,,,,,,,
1993-01-29,ゲームアーツ,ゆみみみっくす💿,MD💿CD,💿540MB,-,調査中,調査中,0,-,,岡部博明,小山洋幸|坂本順一|瀬川佳久|金井秀樹|工藤直樹|渡谷光浩,竹本泉,上條有|國島憲一|松田明男,竹本泉,宮路洋一|上坂哲,
1993-03-12,セガ,シムアース💿,MD💿CD,💿540MB,-,調査中,調査中,0,-,,,ダニエル・ゴールドマン|ポール・シュミット,フレッド・ハスラム|ウィル・ライト|ケイトリン・ミシェルデイトン|ピーター・ミシェルデイトン|ジェニー・マーティン|スーザン・グリーン,ヒース・ペーターソン,,スティーヴ・ベッカート,
1993-03-12,タイトー,ニンジャウォーリアーズ💿,MD💿CD,💿540MB,-,調査中,調査中,0,-,,緒方正樹,永田喜久|岩崎雄二|わたべよしゆき|緒方正樹|佐々木大輔,辻野浩司|石川幸生,小倉久佳,辻野浩司,末角要次郎,
1993-03-19,ビクター,ウルフチャイルド💿,MD💿CD,💿540MB,-,調査中,調査中,0,-,,,,,,,,
1993-03-26,ビクター,ジャガーXJ220💿,MD💿CD,💿540MB,-,調査中,調査中,0,-,,,,キース・ヘルフェット,,,,
1993-03-30,ウルフチーム,アネット再び💿,MD💿CD,💿540MB,-,調査中,調査中,0,-,,,,,,,,
1993-04-02,セガ,ファイナルファイトCD💿,MD💿CD,💿540MB,-,調査中,調査中,0,-,,,,,,,,
1993-04-23,コーエー,三國志3💿,MD💿CD,💿540MB,-,調査中,調査中,0,-,,,,,菅野よう子,,シブサワ・コウ,
1993-04-23,セガ,セガクラシックアーケードコレクション💿,MD💿CD,💿540MB,-,調査中,調査中,0,-,,,,,,,,
1993-04-23,セガ,スイッチ💿,MD💿CD,💿540MB,-,調査中,調査中,0,30,,,,,,,,
1993-04-23,メサイヤ,らんま1/2白蘭愛歌💿,MD💿CD,💿540MB,-,調査中,調査中,0,-,,岩崎秀雄|鈴木茂,小林一美|鈴木茂,菅原真由美|中山智純|北京黒犬|ZAZZIE|押見充利,飯塚博|高木みゆき|前田華代子,鈴木茂|川久保雄一,菅沼孝夫|盛武源|土田俊郎,
1993-05-28,ウルフチーム,デバステイター💿,MD💿CD,💿540MB,-,調査中,調査中,0,-,,,,,,,,
1993-05-28,タイトー,ナイトストライカー💿,MD💿CD,💿540MB,-,調査中,調査中,0,-,,海道賢仁,菅原徹|橋本英樹|つかのとしあき|津森康男|きたばやしたかし,関口忍|のむらあきお,高木正彦,,菅原徹,
1993-05-28,マイクロキャビン,幻影都市ILLUSIONCITY💿,MD💿CD,💿540MB,-,調査中,調査中,0,-,,中津泰彦,,中津泰彦|百鬼丸|陣内靖弘|橘田幸雄,新田忠弘|福田康文|瓜田幸治,加藤雅史,,
1993-06-25,セガ,メガシュヴァルツシルト💿,MD💿CD,💿540MB,-,調査中,調査中,0,-,,,,,,,,
1993-06-25,日本テレネット,Aランクサンダー誕生編💿,MD💿CD,💿540MB,-,調査中,調査中,0,-,,遠藤正二朗,粕谷智昭,遠藤正二朗|韮沢靖|後藤正行,小川史生|三好敏彦|近藤昭雄|平沢悦章|福島尚哉|YUJI,遠藤正二朗,小川史生,
1993-07-16,セガ,ダイナミックカントリークラブ💿,MD💿CD,💿540MB,-,調査中,調査中,0,-,,,,,,,,
1993-07-23,ウルフチーム,アークス1・2・3💿,MD💿CD,💿540MB,-,調査中,調査中,0,-,,,,,,,,
1993-07-23,セガ,聖魔伝説サザンアイズ💿,MD💿CD,💿540MB,-,調査中,調査中,8,-,,,,,,,,
1993-07-30,ゲームアーツ,シルフィード💿,MD💿CD,💿540MB,-,調査中,調査中,15,31,,,,,,,,
1993-07-30,ヒューマン,バリ・アーム💿,MD💿CD,💿540MB,-,調査中,調査中,0,-,,,,,,,,
1993-07-30,日本テレネット,サイボーグ009💿,MD💿CD,💿540MB,-,調査中,調査中,0,-,,,,牧由尚,KEN THE 390,亀田真二郎,,
1993-08-06,セガ,江川卓のスーパーリーグCD💿,MD💿CD,💿540MB,-,調査中,調査中,0,-,,,,,,,,
1993-08-06,ビクター,慶応遊撃隊💿,MD💿CD,💿540MB,-,調査中,調査中,0,-,,,,,,,,
1993-08-27,ビクター,雀豪ワールドカップ💿,MD💿CD,💿540MB,-,調査中,調査中,0,-,,,,,,,,
1993-09-17,コーエー,ウイニングポスト💿,MD💿CD,💿540MB,-,調査中,調査中,0,-,,,,,山崎洋一|新井智詞,,シブサワ・コウ,
1993-09-17,セガ,笑ゥせぇるすまん💿,MD💿CD,💿540MB,-,調査中,調査中,0,-,,,,岡迫亘弘|鈴木藤雄,田中公平,藤子不二雄Ⓐ,,
1993-09-17,ビクター,サンダーホーク💿,MD💿CD,💿540MB,-,調査中,調査中,0,-,,,,,,,,
1993-09-23,セガ,ソニック・ザ・ヘッジホッグCD💿,MD💿CD,💿540MB,-,調査中,調査中,0,32,,大島直人,山本啓一|溝口松秀|松岡雄一|佐藤達也|矢北法孝,ちのひろあき|小野健一|横山雄一郎|見吉隆夫|西野陽|川口博之|星野一幸,日本・欧州版|尾形雅史|幡谷尚史|北米版|スペンサー・ニールセン|デヴィッド・ヤング|スターリング,,中山隼雄金成貫|押谷眞,
1993-09-23,ビクター,モンキー・アイランドユーレイ海賊大騒動!💿,MD💿CD,💿540MB,-,調査中,調査中,0,-,,,,,,,,
1993-09-24,コーエー,蒼き狼と白き牝鹿元朝秘史💿,MD💿CD,💿540MB,-,調査中,調査中,0,-,,,,,大島ミチル,,シブサワ・コウ,
1993-10-22,シムス,ヴァイ流星の鎧💿,MD💿CD,💿540MB,-,調査中,調査中,0,-,,,,,,,,
1993-10-29,コナミ,リーサルエンフォーサーズ💿,MD💿CD,💿540MB,-,調査中,調査中,0,-,,波多野よしあき,波多野よしあき,スティーヴ・ジョンソン,福井健一郎,,,
1993-11-12,セガ,ダークウィザード蘇りし闇の魔導士💿,MD💿CD,💿540MB,-,調査中,調査中,0,-,,,,,,,,
1993-11-19,セガ,アルスラーン戦記💿,MD💿CD,💿540MB,-,調査中,調査中,0,-,,,,神村幸子|小木曽伸吾(チーフ)|田澤湖|渡邊和夫,岩代太郎,田中芳樹|荒川弘,,
1993-11-19,セガ,ナイトトラップ💿,MD💿CD,💿540MB,-,調査中,調査中,9,33,,,,,,,,
1993-11-26,サンドストーム,アルシャーク💿,MD💿CD,💿540MB,-,調査中,調査中,0,-,,,田名網正,飯淳|佐藤淳|青柳久|木村明広,佐藤天平,飯淳,,
1993-11-26,CSK総合研究所,マイト・アンド・マジック3💿,MD💿CD,💿540MB,-,調査中,調査中,0,-,,,,,,,,
1993-11-26,マイクロネット,ザ・サードワールドウォー💿,MD💿CD,💿540MB,-,調査中,調査中,0,-,,M.カトー,M.カトー|堀川謙太郎|池田貴之|常田稔|SKELETON,をたぼう|奈良岡勇一郎|本間仁|小田桐孝一|のむやん,田中遊梦|PIRATA|KAPPA|ファンダンゴ,,村上晶彦,
1993-12-10,セガ,夢見館の物語💿,MD💿CD,💿540MB,-,調査中,調査中,7,32,,デヴィッド・プラスコン,,S.S.D.,野見祐二,,デヴィッド・S・ストーン,
1993-12-10,データウエスト,サイキック・ディテクティブ・シリーズVol.4オルゴール💿,MD💿CD,💿540MB,-,調査中,調査中,0,-,,,,,,,,
1993-12-28,サミー,戦国伝承💿,MD💿CD,💿540MB,-,調査中,調査中,0,-,,,,,山手安生|清水敏夫,,,
1994-01-28,セガ,いしいひさいちの大政界💿,MD💿CD,💿540MB,-,調査中,調査中,0,-,,石井達也,島軒惣兵工|石黒雄一,石井達也|赤桐裕二|いしいひさいち,高山博彦,大蔵圭一,大岡良樹|渡辺雅人,
1994-02-25,シムス,真・女神転生💿,MD💿CD,💿540MB,-,調査中,調査中,0,-,,岡田耕始,佐藤雅美|岡田耕始|國枝剛|高木秀俊,伊藤龍太郎|藤岡一樹|しまだよしあき|鈴木一也(遊企画)|佐藤佐和子|村上哲也|片岡いずみ|高島志郎|金子一馬,増子司,鈴木一也|伊藤龍太郎,新野洋右,
1994-02-25,ビクター,マイクロコズム💿,MD💿CD,💿540MB,-,調査中,調査中,0,-,,,,,,,,
1994-03-18,セガ,ゲームのかんづめVOL.1💿,MD💿CD,💿540MB,-,調査中,調査中,0,-,,,,,,,,
1994-03-18,セガ,ゲームのかんづめVOL.2💿,MD💿CD,💿540MB,-,調査中,調査中,0,-,,,,,,,,
1994-03-18,日本物産,F1サーカスCD💿,MD💿CD,💿540MB,-,調査中,調査中,0,-,,,,,,,,
1994-03-18,ビクター,ハイムドール💿,MD💿CD,💿540MB,-,調査中,調査中,0,-,,,,,,,,
1994-03-25,コーエー,信長の野望覇王伝💿,MD💿CD,💿540MB,-,調査中,調査中,0,-,,,,,菅野よう子,,シブサワ・コウ,
1994-03-25,セガ,AX-101💿,MD💿CD,💿540MB,-,調査中,調査中,0,-,,,,,,,,
1994-03-25,セガ,ウイングコマンダー💿,MD💿CD,💿540MB,-,調査中,調査中,0,-,,,,,,,,
1994-03-25,ビクター,ダンジョン・マスター2スカルキープ💿,MD💿CD,💿540MB,-,調査中,調査中,0,-,,,,,,,,
1994-04-01,セガ,ぽっぷるメイル💿,MD💿CD,💿540MB,-,調査中,調査中,0,-,,木屋善夫,永嶋純,今井浩之|塩田雄一|田中久仁彦,石川三恵子|白川篤史,,加藤正幸,
1994-04-15,ゲームアーツ,うる星やつらディアマイフレンズ💿,MD💿CD,💿540MB,-,調査中,調査中,0,-,,上坂哲,岡部博明|工藤直樹|金井秀樹|渡谷光浩|中村博史,中嶋敦子|押木賢,大熊謙一,上坂哲|須永有三|月島とほる,宮路洋一|菅沼孝夫,
1994-04-15,マイクロネット,バトルファンタジー💿,MD💿CD,💿540MB,-,調査中,調査中,0,-,,,,,,,,
1994-04-22,ソニー,爆伝アンバランスゾーン💿,MD💿CD,💿540MB,-,調査中,調査中,0,-,,,,,,,,
1994-04-22,ポニーキャニオン,アイ・オブ・ザ・ビホルダー💿,MD💿CD,💿540MB,-,調査中,調査中,0,-,,ブルット・W・スペリー(英語版),フィリップ・W・ゴロー,フィリップ・W・ゴロー|イーディ・ララモア|ポール・S・ムードラ|ジョセフ・ボスティック|リック・パークス|アーロン・E・パウエル|ジョセフ・B・ヒューイット4世,ポール・S・ムードラ,イーディ・ララモア,,
1994-04-23,セガ,ヘブンリーシンフォニー💿,MD💿CD,💿540MB,-,調査中,調査中,6,-,,,,,,,,
1994-05-13,東映ビデオ,仮面ライダーZO💿,MD💿CD,💿540MB,-,調査中,調査中,0,-,,,,,川村栄二,石ノ森章太郎,,
1994-05-20,セガ,ロードス島戦記英雄戦争💿,MD💿CD,💿540MB,-,調査中,調査中,7,-,,,,,,,,
1994-06-03,アクレイムジャパン,モータルコンバット完全版💿,MD💿CD,💿540MB,-,調査中,調査中,0,-,,,,,,,,
1994-06-03,セガ,ドラゴンズレア💿,MD💿CD,💿540MB,-,調査中,調査中,0,-,,,マイケル・クナウアー|ヴィンス・リー,リック・ダイアー|ビクター・ペンマン|マーティ・フォールガー|ダーリーン・ウォディントン|ドン・ブルース,クリストファー・ストーン,,,
1994-06-24,アクレイムジャパン,WWFマニア・ツアー💿,MD💿CD,💿540MB,-,調査中,調査中,0,-,,,,,,,,
1994-07-22,セガ,シャイニング・フォースCD💿,MD💿CD,💿540MB,-,調査中,調査中,13,-,,,,,,,,
1994-07-29,ビクター,シャドー・オブ・ザ・ビースト2獣神の呪縛💿,MD💿CD,💿540MB,-,調査中,調査中,0,-,,,,,,,,
1994-09-22,ビクター,スター・ウォーズレベルアサルト💿,MD💿CD,💿540MB,-,調査中,調査中,0,-,,,,,,,,
1994-09-30,セガ,ジュラシック・パーク💿,MD💿CD,💿540MB,-,調査中,調査中,0,31,,,,,,『Jurassic Park Adventures: Survivor』(2001年) 『Jurassic Park Adventures: Prey』(2001年) 『Jurassic Park Adventures: Flyers』(2002),,
1994-09-30,テクモ,キャプテン翼💿,MD💿CD,💿540MB,-,調査中,調査中,0,-,,,,,,高橋陽一,,
1994-09-30,ビクター,バトルコープス💿,MD💿CD,💿540MB,-,調査中,調査中,0,-,,,,,,,,
1994-10-28,ナムコ,スターブレード💿,MD💿CD,💿540MB,-,調査中,調査中,0,-,,中谷始,松浦則政|斉藤仁人|大森靖,柳川渉,細江慎治,,澤野和則|山田昌紀,
1994-11-11,セガ,アフターハルマゲドン外伝魔獣闘将伝エクリプス💿,MD💿CD,💿540MB,-,調査中,調査中,0,-,,,,,,,,
1994-11-25,コナミ,リーサルエンフォーサーズ2ザ・ウエスタン💿,MD💿CD,💿540MB,-,調査中,調査中,0,-,,波多野よしあき,波多野よしあき,スティーヴ・ジョンソン,福井健一郎,,,
1994-12-20,アクレイムジャパン,NBAジャム💿,MD💿CD,💿540MB,-,調査中,調査中,0,-,,,ショーン・リプタク,マーク・ターメル|トニー・ゴスキー|ジョン・カールトン|サル・ディヴィタ|ジェイミー・リベット,ジョナサン・ヘイ,,,
1994-12-22,ゲームアーツ,ルナエターナルブルー💿,MD💿CD,💿540MB,-,調査中,調査中,8,-,,小山洋幸,小山洋幸,安住政敏|前田真宏|拔山敏弘,岩垂徳行|溝口功,重馬敬,,
1994-12-22,セガ,トムキャットアレイ💿,MD💿CD,💿540MB,-,調査中,調査中,0,-,,,,,,,,
1994-12-22,ビクター,ソウルスター💿,MD💿CD,💿540MB,-,調査中,調査中,0,-,,,,,,,,
1995-02-24,セガ,エコー・ザ・ドルフィンCD💿,MD💿CD,💿540MB,-,調査中,調査中,0,-,,,,,,,,
1995-02-24,ビクター,大封神伝💿,MD💿CD,💿540MB,-,調査中,調査中,0,-,,,,,,,,
1995-03-24,セガ,ダブルスイッチ💿,MD💿CD,💿540MB,-,調査中,調査中,0,-,,,,,,,,
1995-03-24,セガ,プライズファイター💿,MD💿CD,💿540MB,-,調査中,調査中,0,-,,,,,,,,
1995-03-31,ビクター,餓狼伝説スペシャル💿,MD💿CD,💿540MB,-,調査中,調査中,0,-,,,,塚本高史,清水敏夫|山田泰正|北村芳彦,,川崎英吉,
1995-09-01,セガ,ファーレンハイト💿,MD💿CD,💿540MB,-,調査中,調査中,0,-,,,,,,,,
1995-12-22,セガ,サージカルストライク💿,MD💿CD,💿540MB,-,調査中,調査中,0,-,,,,,,,,
1996-02-23,コンパイル,シャドウラン💿,MD💿CD,💿540MB,-,調査中,調査中,0,-,,,,,,,,
1990-11-21,任天堂,スーパーマリオワールド,SFC,4M,ACT,"￥8,000","￥8,000代",355,34,,手塚卓志,中郷俊彦,日野重文,近藤浩治,,山内溥|宮本茂,
1990-11-21,任天堂,F-ZERO,SFC,4M,RCG,"￥7,000","￥7,000代",90,37,,清水一伸,西田泰也,清水一伸|今村孝矢,神吉由美子|石田尚人,,山内溥|宮本茂,
1990-12-01,ケムコ,ボンバザル,SFC,4M,PZL,"￥6,500","￥6,500代",0,-,,,ロス・グッドレー,デヴィッド・ビショップ|アンソニー・クラウザー,ロス・グッドレー,,,
1990-12-16,エニックス,アクトレイザー,SFC,8M,ACT,"￥8,000","￥8,000代",40,-,,橋本昌哉,橋本昌哉|いまいゆき,古代彩乃|高井政彦|今井秋芳|横田幸次|七條たかし,古代祐三,宮崎友好,曽根康征,
1990-12-16,イマジニア,ポピュラス,SFC,4M,SLG,"￥8,800","￥9,000代",0,31,,,,,,,,
1990-12-21,カプコン,ファイナルファイト,SFC,8M,ACT,"￥8,500","￥8,500代",0,-,,,金子清巳|上山真一|Tomiyan|Yokoyan,西谷亮|安田朗,藤田晴美|藤田靖明|松前真奈美|坂口由洋|下村陽子|高岡宏光|民谷淳子,,岡本吉起,
1990-12-21,コナミ,グラディウスⅢ,SFC,4M,SHT,"￥7,800","￥8,000代",0,33,,,橋本和久|徳田典|松花賢和|高浜元,三好威正|H.MORII|すえながみかよ,村岡一樹|上原和彦|上高治巳|森本ゆきえ,,,
1990-12-21,任天堂,パイロットウイングス,SFC,4M,SPT,"￥8,000","￥8,000代",48,-,,杉山直,加藤周平|矢嶋肇|河越巧,スージー|森直樹,近藤浩治|岡素世,,宮本茂,
1990-12-29,バンプレスト,SDザ・グレイトバトル,SFC,6M,ACT,"￥8,200","￥8,000代",0,-,,,,,,,,
1991-02-23,HAL研究所,ジャンボ尾崎のホールインワン,SFC,8M,SPT,"￥8,900","￥9,000代",0,-,,,,,,,,
1991-03-20,ジャレコ,BIGRUN,SFC,8M,RCG,"￥8,700","￥8,500代",0,-,,,,,,,,
1991-03-29,タイトー,ダライアスツイン,SFC,8M,SHT,"￥8,500","￥8,500代",0,-,,山崎こうじ,みなみやすたか|おぐらみつお|のぐちじゅんいちろう,山崎こうじ|宮永佳祐|川石徹|斎藤慎|わきたよしひろ,相澤静夫,,西角友宏|高橋章二,
1991-04-05,T＆Eソフト,遙かなるオーガスタ,SFC,8M,SPT,"￥9,800","￥10,000代",0,30,,横山英二,加藤英治,中島健二,冨田茂,,横山俊朗,
1991-04-06,バンダイ,ウルトラマン,SFC,4M,ACT,"￥7,800","￥8,000代",0,30,,,,,,金城哲夫 ほか,,
1991-04-26,任天堂,シムシティ,SFC,4M,SLG,"￥8,000","￥8,000代",90,33,,,,,,,,
1991-05-17,ジャレコ,スーパープロフェッショナルベースボール,SFC,8M,SPT,"￥8,700","￥8,500代",0,-,,,,,,,,
1991-05-24,ケムコ,ドラッケン,SFC,8M,RPG,"￥8,500","￥8,500代",0,-,,,,ステファン・バウデット|リチャード・ボテット|マイケル・ロイヤー|ローレン・サルメロン|ドミニク・ジルー|フレデリック・バスク,チャールズ・カレ,フランソワ・マルスラ=フロワドヴァル,,
1991-05-28,セタ,ガデュリン,SFC,8M,RPG,"￥8,800","￥9,000代",0,-,,,,富永真理|近永健一|加藤直之(ゲストメカ),加藤みちあき,島田満,,
1991-06-21,トンキンハウス,イースⅢワンダラーズフロムイース,SFC,8M,RPG,"￥8,800","￥9,000代",0,-,,,,,,,,
1991-07-02,セタ,スーパースタジアム,SFC,8M,SPT,"￥8,800","￥9,000代",0,-,,,,,,,,
1991-07-06,バンダイ,機動戦士ガンダムF91フォーミュラー戦記0122,SFC,8M,SLG,"￥9,500","￥9,500代",0,-,,,,川元利浩|大河原邦男,富樫則彦,,,
1991-07-12,カルチャーブレーン,スーパーウルトラベースボール,SFC,4M,SPT,"￥8,800","￥9,000代",0,-,,,,,,,,
1991-07-13,アイレム,スーパーアールタイプ,SFC,8M,SHT,"￥8,500","￥8,500代",0,-,,,,,,,,
1991-07-19,コナミ,がんばれゴエモンゆき姫救出絵巻,SFC,8M,ACT,"￥8,800","￥9,000代",0,-,,,梅崎重治|松岡伸浩|奥田康雄|下野俊典|吉田晃之,村木摂|藤本武史|小川公一|薬師寺健雄,上原和彦|上高治己,,,
1991-07-19,スクウェア,ファイナルファンタジーⅣ,SFC,8M,RPG,"￥8,800","￥9,000代",143,36,,坂口博信,成田賢,時田貴司|天野喜孝,植松伸夫,時田貴司,宮本雅史,
1991-07-20,バンプレスト,バトルドッジボール闘球大激突,SFC,8M,SPT,"￥9,600","￥9,500代",0,-,,,,,,,,
1991-07-26,カプコン,エリア88,SFC,8M,SHT,"￥8,500","￥8,500代",0,-,,,,岡田敏靖|神志那弘志|佐藤道明,三宅一徳,大野木寛|野村祐一,,
1991-08-09,エピック・ソニーレコード,白熱プロ野球ガンバリーグ,SFC,8M,SPT,"￥8,500","￥8,500代",0,30,,,,,,,,
1991-08-23,セタ,初段森田将棋,SFC,4M,TBL,"￥8,800","￥9,000代",0,-,,,,,,,,
1991-08-30,トンキンハウス,スーパーテニスワールドサーキット,SFC,4M,SPT,"￥7,800","￥8,000代",0,-,,,,,,,,
1991-08-31,HAL研究所,ハイパーゾーン,SFC,8M,SHT,"￥8,500","￥8,500代",0,-,,,,,石川淳,,,
1991-09-13,エピック・ソニーレコード,ジェリーボーイ,SFC,8M,ACT,"￥8,500","￥8,500代",0,-,,田尻智,マーク・フリント,田尻智|杉森建|とみさわ昭仁|杉森建|MUCHO TANAKA,福田裕彦,田尻智|杉森建,清本浩,
1991-09-15,光栄,スーパー三國志Ⅱ,SFC,8M,SLG,"￥14,800","￥15,000代",0,-,,,,,向谷実,,シブサワ・コウ,
1991-09-20,イマジニア,プロサッカー,SFC,4M,SPT,"￥8,000","￥8,000代",0,-,,,,,,,,
1991-10-04,カプコン,超魔界村,SFC,8M,ACT,"￥8,500","￥8,500代",0,-,,,篠原雅嗣|まついよしひろ,三並達也|山添公雄|松下進,山口真理,,藤原得郎,
1991-10-25,ジャレコ,SUPERE.D.F.,SFC,8M,SHT,"￥8,700","￥8,500代",0,-,,,,,,,,
1991-10-29,スクウェア,ファイナルファンタジーⅣイージータイプ,SFC,8M,RPG,"￥9,000","￥9,000代",0,31,,坂口博信,成田賢,時田貴司|天野喜孝,植松伸夫,時田貴司,宮本雅史,
1991-10-31,コナミ,悪魔城ドラキュラ,SFC,8M,ACT,"￥8,800","￥9,000代",0,-,,赤松仁司,岡出光弘,戸隠のりやす,山下絹代|寺島里恵,,永田昭彦,
1991-11-21,任天堂,ゼルダの伝説神々のトライフォース,SFC,8M,ARPG,"￥8,000","￥8,000代",116,39,,手塚卓志,中郷俊彦|副島康成|森田和明,富田聡一郎|今村孝矢|有本正直|渡辺剛,近藤浩治,田邊賢輔,山内溥|宮本茂,
1991-11-29,東映動画,雷電伝説,SFC,8M,SHT,"￥8,700","￥8,500代",0,-,,濱田均,K.KONDO|川口哲也|S.MORI,川口哲也|T.WADA|M.KOMAZAWA|T.MATSUZAWA|H.MATSUO,佐藤亜希羅,,濱田均,
1991-12-06,データイースト,JOE＆MAC戦え原始人,SFC,8M,ACT,"￥8,500","￥8,500代",0,-,,,,,,,,
1991-12-13,ナムコ,スーパーワギャンランド,SFC,8M,ACT,"￥8,300","￥8,500代",0,30,,,,,,,,
1991-12-13,ケムコ,ラグーン,SFC,8M,RPG,"￥8,500","￥8,500代",0,-,,,,,,,,
1991-12-13,ヒューマン,スーパーフォーメーションサッカー,SFC,4M,SPT,"￥7,700","￥7,500代",0,31,,,,,,,,
1991-12-13,エポック社,ちびまる子ちゃん「はりきり365日」の巻,SFC,4M,TBL,"￥8,800","￥9,000代",0,-,,,,,,,,
1991-12-18,サンソフト,レミングス,SFC,8M,PZL,"￥8,500","￥8,500代",0,35,,,デイブ・ジョーンズ(英語版),ゲイリー・ティモンズ|スコット・ジョンストン,ブライアン・ジョンストン|ティム・ライト(英語版),,,
1991-12-20,ビクターエンタテインメント,ダンジョンマスター,SFC,8M,RPG,"￥9,800","￥10,000代",0,30,,,,,,,,
1991-12-20,アスミック,ディメンションフォース,SFC,8M,SHT,"￥8,500","￥8,500代",0,-,,,,,,,,
1991-12-20,ヒューマン,スーパーファイヤープロレスリング,SFC,8M,SPT,"￥8,500","￥8,500代",0,-,,,根津重昭|吉田秀司|野村弘治,増田雅人|市瀬大輔|きたむららだあき|茶々丸|高岡謙次|高岡謙次|門間毅,庭山博也|田中宏典|山崎正通|大谷哲司|鈴木啓史,,林徹,
1991-12-21,エンジェル,SDガンダム外伝ナイトガンダム物語大いなる遺産,SFC,8M,RPG,"￥9,500","￥9,500代",0,-,,,,,,,,
1991-12-21,光栄,スーパー信長の野望武将風雲録,SFC,8M,SLG,"￥11,800","￥12,000代",0,-,,,,,菅野よう子,,シブサワ・コウ,
1991-12-27,ナツメ,反省ザルジローくんの大冒険,SFC,4M,ACT,"￥7,000","￥7,000代",0,-,,,,,,,,
1991-12-27,東芝EMI,サンダースピリッツ,SFC,8M,SHT,"￥8,600","￥8,500代",0,-,,,,,,,,
1991-12-28,カルチャーブレーン,スーパーチャイニーズワールド,SFC,8M,RPG,"￥8,800","￥9,000代",0,-,,阿迦手観屋夢之助,たちばなあきら,しいなつかさ|かわはらひとみ|ましばけいこ,沢彰記,さとうけんたろう,阿迦手観屋夢之助,
1991-12-29,イマジニア,シムアース,SFC,6M,SLG,"￥9,600","￥9,500代",0,-,,,ダニエル・ゴールドマン|ポール・シュミット,フレッド・ハスラム|ウィル・ライト|ケイトリン・ミシェルデイトン|ピーター・ミシェルデイトン|ジェニー・マーティン|スーザン・グリーン,ヒース・ペーターソン,,スティーヴ・ベッカート,
1991-12-29,バンプレスト,バトルコマンダー八武衆修羅の兵法,SFC,8M,SLG,"￥9,800","￥10,000代",0,-,,,,,,,,
1992-01-11,ハドソン,高橋名人の大冒険島,SFC,8M,ACT,"￥8,500","￥8,500代",0,-,,KYON KYON,鈴木俊之|酒井誠,平井隆之|すごうともこ|鈴木多恵子|Y.ASAKURA|日下純,古代祐三,西澤龍一,植山幹郎|門脇光弘,
1992-01-17,イマジニア,プロフットボール,SFC,4M,SPT,"￥7,900","￥8,000代",0,-,,,,,,,,
1992-01-25,バンダイ,ドラゴンボールZ超サイヤ伝説,SFC,8M,RPG,"￥9,500","￥9,500代",0,-,,荻野目洋|A.K,しみずかずや,,高野充彦,,田中信行|浅沼誠|橋本名人,
1992-01-28,スクウェア,ロマンシングサ・ガ,SFC,8M,RPG,"￥9,500","￥9,500代",98,31,,河津秋敏,小久保啓三|吉枝悟|穴澤友樹|赤尾実,河津秋敏|小林智美|代島学|高井浩,伊藤賢治,河津秋敏,宮本雅史,
1992-01-31,エニックス,ソウルブレイダー,SFC,8M,RPG,"￥8,800","￥9,000代",0,32,,橋本昌哉,橋本昌哉,横田幸次|高井政彦|松室剛|眞島真太郎,タケカワユキヒデ,宮崎友好,曽根康征,
1992-02-14,エポック社,ドラゴンスレイヤー英雄伝説,SFC,8M,RPG,"￥9,800","￥10,000代",0,-,,,,,,,,
1992-02-21,セタ,エキゾースト・ヒート,SFC,8M,RCG,"￥8,900","￥9,000代",0,-,,,,,,,,
1992-02-28,アイ・ジー・エス,ロケッティア,SFC,8M,ACT,"￥8,900","￥9,000代",0,-,,,,,ジェームズ・ホーナー,デイブ・スティーブンス(英語版),,
1992-02-28,コナミ,魂斗羅スピリッツ,SFC,8M,ACT,"￥8,500","￥8,500代",0,-,,中里伸也,八井田満|菅波秀幸,中里伸也|猿田雅之,柳沢美紀|安達昌宣|岩瀬立飛,,北上一三,
1992-03-06,データイースト,スーパーバーディラッシュ,SFC,8M,SPT,"￥8,800","￥9,000代",0,-,,,,,,,,
1992-03-07,チュンソフト,弟切草,SFC,8M,ADV,"￥8,800","￥9,000代",0,-,,,,,,,,
1992-03-19,タカラ,新世紀GPXサイバーフォーミュラ,SFC,8M,RCG,"￥8,800","￥9,000代",0,-,,,,いのまたむつみ(原案)|吉松孝博|河森正治|いのまたむつみ(原案)|久行宏和,佐橋俊彦,矢立肇,,
1992-03-19,ビクターエンタテインメント,R.P.M.Racing,SFC,4M,RCG,"￥8,800","￥9,000代",0,-,,,,,,,,
1992-03-19,光栄,スーパー伊忍道打倒信長,SFC,10M,RPG,"￥11,800","￥12,000代",0,-,,,,,若桑比織,,シブサワ・コウ,
1992-03-20,アスミック,超攻合神サーディオン,SFC,8M,ACT,"￥8,800","￥9,000代",0,-,,おかもとひろし,田中衛,神田善美|カトキハジメ|森木靖泰,田中公平,,小川真司,
1992-03-20,カプコン,ファイナルファイトガイ,SFC,8M,ACT,"￥8,500","￥8,500代",0,-,,,金子清巳|上山真一|Tomiyan|Yokoyan,西谷亮|安田朗,藤田晴美|藤田靖明|松前真奈美|坂口由洋|下村陽子|高岡宏光|民谷淳子,,岡本吉起,
1992-03-27,アスキー,SMASH・T.V.,SFC,4M,ACT,"￥7,800","￥8,000代",0,31,,,マーク・ターメル,ユージン・P・ジャーヴィス|ジョン・トビアス(英語版)|ティム・コマン,ジョン・ヘイ,,,
1992-03-27,ジャレコ,ラッシングビート,SFC,8M,ACT,"￥8,700","￥8,500代",0,-,,,PANIC YUMA,倉持亮一|倉持伸幸|前川恵一|渡辺忠彦|高橋将人,高芝泰彦|伊勢村篤義,,,
1992-03-27,日本コンピュータシステム,らんま1／2町内激闘篇,SFC,8M,ACT,"￥8,800","￥9,000代",0,-,,山本克利,山本克利,只隈圭介|只隈圭介|有賀ヒトシ|斉藤智晴,榎木淳|赤堀正直,,土田俊郎,
1992-03-27,バンプレスト,ザ・グレイトバトルⅡラストファイターツイン,SFC,8M,ACT,"￥8,200","￥8,000代",0,-,,,,,富樫則彦,,,
1992-03-27,レーザーソフト,スーパーヴァリス赤き月の乙女,SFC,8M,ACT,"￥8,500","￥8,500代",0,-,,,,,,,,
1992-03-27,ケムコ,トップレーサー,SFC,4M,RCG,"￥7,800","￥8,000代",0,-,,,,,,,,
1992-03-27,ナグザット,バトルグランプリ,SFC,8M,RCG,"￥8,500","￥8,500代",0,-,,,,,,,,
1992-03-27,HAL研究所,カードマスターリムサリアの封印,SFC,8M,RPG,"￥8,900","￥9,000代",0,-,,橋口茂|MAT SUTAKE,,,石川淳|安藤浩和,橋口茂|葛西重忍,,
1992-03-27,アテナ,S.T.G.(エスティージー),SFC,8M,SHT,"￥8,900","￥9,000代",0,-,,玉井広宣,,,佐々木彰太郎,玉井広宣,中村栄,
1992-03-27,タイトー,ハットトリックヒーロー,SFC,4M,SPT,"￥8,000","￥8,000代",0,-,,,中村辰男|岩崎雄二|征矢野伸二|ながはらくさご|つねきよこうじ|黒沢孝,こぼりたけし|こぼりたけし|関本努|平松信宏|PEACOCK,小倉久佳|渡部恭久,,,
1992-03-27,ナムコ,スーパーファミスタ,SFC,8M,SPT,"￥7,900","￥8,000代",0,-,,岸本好弘,佐々木英隆,島本昌弘|柳沢直幹,川元義徳,,永島洋武,
1992-03-28,バンダイ,まじかる☆タルるートくんMAGICADVENTURE,SFC,4M,ACT,"￥8,000","￥8,000代",0,-,,,,,,,,
1992-04-03,ポニーキャニオン,ウルティマⅥ偽りの予言者,SFC,8M,RPG,"￥9,800","￥10,000代",0,-,,,,,,,,
1992-04-05,光栄,エアーマネジメント大空に賭ける,SFC,8M,SLG,"￥11,800","￥12,000代",0,-,,,,,,,,
1992-04-05,ツクダオリジナル,オセロワールド,SFC,8M,TBL,"￥8,700","￥8,500代",0,-,,,,,,,,
1992-04-10,T＆Eソフト,ペブルビーチの波濤,SFC,8M,SPT,"￥9,800","￥10,000代",0,-,,横山英二,加藤英治,中島健二,冨田茂,,横山俊朗,
1992-04-21,データム・ポリスター,豪槍神雷伝説武者,SFC,8M,ACT,"￥8,800","￥9,000代",0,-,,,杉浦史博,DINO RIDER|中林勝則,飛鳥川清子,,岡田隆|富川亜紀子|浅和綾子,
1992-04-24,シグマ商事,摩訶摩訶,SFC,8M,RPG,"￥8,700","￥8,500代",0,-,,えびたいしょう,,おびゃななほど|相原コージ,知久光康,戸田博史,,
1992-04-24,データイースト,ヘラクレスの栄光Ⅲ神々の沈黙,SFC,8M,RPG,"￥8,800","￥9,000代",0,-,,,,,,,,
1992-04-24,アクレイムジャパン,WWFスーパーレッスルマニア,SFC,8M,SPT,"￥8,800","￥9,000代",0,-,,,,,,,,
1992-04-24,ジャレコ,スーパーカップサッカー,SFC,8M,SPT,"￥9,000","￥9,000代",0,-,,,,,,,,
1992-04-28,ホット・ビィ,スーパー上海ドラゴンズアイ,SFC,8M,PZL,"￥7,800","￥8,000代",0,-,,,,,,,,
1992-04-28,ビデオシステム,F-1GRANDPRIX,SFC,8M,RCG,"￥9,700","￥9,500代",0,-,,,,,板村直樹,,S.NOZAKI,
1992-04-28,東宝,スーパーアレスタ,SFC,8M,SHT,"￥8,700","￥8,500代",0,32,,,広野隆行,広野隆行|寺本耕二,竹内啓史|長尾亮利|田中勝己,,角田純一|竹野雅人|谷田貴史,
1992-04-28,ソフエル,拳闘王ワールドチャンピオン,SFC,4M,SPT,"￥8,000","￥8,000代",0,-,,,,,,,,
1992-05-01,サミー,バトルブレイズ,SFC,8M,ACT,"￥8,700","￥8,500代",0,-,,,,,,,,
1992-05-23,バンダイ,甲竜伝説ヴィルガスト消えた少女,SFC,8M,RPG,"￥9,000","￥9,000代",0,-,,,,,,,,
1992-05-29,カプコン,マジックソード,SFC,8M,ACT,"￥8,500","￥8,500代",0,-,,,江川陽一|綱崎裕三|岡田成司|Y.ORONISHI,大西嘉美|貞本友思|岡本吉起|栗原明美|きたやまけいこ|E.NISHIHARA|貞本友思,後藤真奈美,,,
1992-05-29,ウルフ・チーム,斬Ⅱスピリッツ,SFC,8M,SLG,"￥9,800","￥10,000代",0,-,,,,,,,,
1992-06-10,カプコン,ストリートファイターⅡ,SFC,16M,ACT,"￥9,800","￥10,000代",290,35,,西谷亮,,西谷亮(NIN)|安田朗(AKIMAN),下村陽子|阿部功,,岡本吉起,
1992-06-19,HAL研究所,スーパーダンクショット,SFC,8M,SPT,"￥8,600","￥8,500代",0,-,,,,,,,,
1992-06-19,アイマックス,スーパー将棋,SFC,8M,TBL,"￥8,800","￥9,000代",0,-,,,,,,,,
1992-06-26,タイトー,キャメルトライ,SFC,8M,ACT,"￥8,500","￥8,500代",0,-,,,,海道賢仁,PINCH-PUNCH,,海道賢仁,
1992-06-26,エンジェル,横山光輝三国志,SFC,8M,SLG,"￥9,500","￥9,500代",0,-,,,,荒木伸吾|姫野美智,西村麻聡,横山光輝,,
1992-06-26,キングレコード,アストラルバウト,SFC,8M,SPT,"￥9,030","￥9,000代",0,-,,,,,,,,
1992-06-26,ケイ・アミューズメントリース,甲子園2,SFC,8M,SPT,"￥8,900","￥9,000代",0,-,,,,,,,,
1992-07-03,日本コンピュータシステム,プリンスオブペルシャ,SFC,8M,ACT,"￥8,800","￥9,000代",0,-,,,ジョーダン・メックナー,ジョーダン・メックナー,フランシス・メックナー,,ブライアン・エーラー,
1992-07-03,パック・イン・ビデオ,スーパーオフロード,SFC,4M,RCG,"￥6,900","￥7,000代",0,-,,,,,,,,
1992-07-03,トンキンハウス,LightFantasy,SFC,8M,RPG,"￥8,900","￥9,000代",0,-,,,,,,,,
1992-07-03,コナミ,パロディウスだ!神話からお笑いへ,SFC,8M,SHT,"￥8,500","￥8,500代",0,-,,,徳田典,GAKINCHO|TOUYOU SYOUTAROU|三好威正|MORY-WANDAYU|MIKACHAN,村岡一樹,,,
1992-07-03,アテナ,スーパーボウリング,SFC,4M,SPT,"￥8,300","￥8,500代",0,-,,,,,,,,
1992-07-03,イマジニア,PGAツアーゴルフ,SFC,4M,SPT,"￥8,500","￥8,500代",0,-,,,,,,,,
1992-07-10,タイトー,ゆうゆのクイズでGO!GO!,SFC,8M,ETC,"￥8,500","￥8,500代",0,-,,藤田司,渋谷康洋|川元和彦,越中登|木下昌也|沼田和博|森田雅子,河本圭代,,,
1992-07-10,東映動画,北斗の拳5天魔流星伝哀・絶章,SFC,8M,RPG,"￥8,900","￥9,000代",0,-,,,,,フランク・ワイルドホーン,高橋亜子,,
1992-07-14,任天堂,マリオペイント,SFC,8M,ETC,"￥9,800","￥10,000代",0,35,,松岡洋史,寺本憲明|今井賢治|中嶋健之|久保田源治,松岡洋史,田中宏和|吉富亮二|戸高一生,,横井軍平,
1992-07-17,アイレム,ダイナウォーズ恐竜王国への大冒険,SFC,8M,ACT,"￥8,800","￥9,000代",0,-,,,,,,,,
1992-07-17,エピック・ソニーレコード,HOOK,SFC,8M,ACT,"￥8,500","￥8,500代",0,-,,,,,,,,
1992-07-17,ロジーク,鈴木亜久里のF1スーパードライビング,SFC,8M,RCG,"￥8,800","￥9,000代",0,-,,,,,,,,
1992-07-17,テクモ,キャプテン翼Ⅲ皇帝の挑戦,SFC,8M,SPT,"￥8,900","￥9,000代",0,31,,,,,,,,
1992-07-17,ココナッツジャパンエンターテイメント,パチンコウォーズ,SFC,8M,TBL,"￥9,500","￥9,500代",0,-,,,,,,,,
1992-07-23,ナムコ,サンドラの大冒険ワルキューレとの出逢い,SFC,8M,ACT,"￥8,300","￥8,500代",0,-,,,,冨士宏,富樫則彦,,,
1992-07-24,コナミ,T.M.N.T.タートルズインタイム,SFC,8M,ACT,"￥8,500","￥8,500代",0,30,,Gen Suzuki(AC)|Yorozuya Juggling Group(SFC),K. Takabayashi| Y. Furukawa(AC)|奥田康雄|下野俊典|中川栄治|森平茂樹(SFC),Masami Inafuku| M. Moriyama| Soichiro Kitai(AC)|Kumiko Ogawa| 橋本征貢| Hiromi Sumida(SFC),泉陸奥彦|小倉努(AC)|上原和彦|上高治己(SFC),,,
1992-07-24,東芝EMI,サイバリオン,SFC,8M,ACT,"￥8,600","￥8,500代",0,-,,,藤末一郎|石井岳,三辻富貴朗|三辻富貴朗|讃岐平|藤田允|栗城源也|利光直子|永井寛保,渡部恭久(AC)|松尾早人(SFC),,,
1992-07-24,日本物産,スーパーエフワンサーカス(01),SFC,8M,RCG,"￥8,800","￥9,000代",0,-,,,,,,,,
1992-07-24,アトラス,ブレイゾン,SFC,8M,SHT,"￥8,500","￥8,500代",0,-,,,,,,,,
1992-07-24,ハドソン,アースライト,SFC,8M,SLG,"￥8,500","￥8,500代",0,-,,,,,前野知常,,,
1992-07-24,サミー,ウルティメイトフットボール,SFC,8M,SPT,"￥8,700","￥8,500代",0,-,,,,,,,,
1992-07-28,ユタカ,3×3EYES(サザンアイズ)聖魔降臨伝,SFC,8M,RPG,"￥9,500","￥9,500代",0,-,,,,,,,,
1992-07-31,アトラス,機甲警察メタルジャック,SFC,8M,ACT,"￥8,800","￥9,000代",0,-,,,,内田順久|牧野行洋,岩崎文紀,矢立肇,,
1992-07-31,カルチャーブレーン,飛龍の拳Sゴールデンファイター,SFC,12M,ACT,"￥9,700","￥9,500代",0,-,,,,,,,,
1992-07-31,タカラ,キング・オブ・ザ・モンスターズ,SFC,8M,ACT,"￥8,800","￥9,000代",0,-,,,,,田中敬一|西田和弘,,,
1992-07-31,サンソフト,炎の闘球児ドッジ弾平,SFC,8M,SPT,"￥8,500","￥8,500代",0,-,,,,はしもとかつみ|郷敏治,勝又隆一,こしたてつひろ,,
1992-08-05,光栄,スーパー大航海時代,SFC,8M,SLG,"￥11,800","￥12,000代",0,-,,,,,菅野よう子,,フクザワ・エイジ,
1992-08-07,アスキー,スピンディジーワールド,SFC,8M,ACT,"￥8,800","￥9,000代",0,-,,,,,,,,
1992-08-07,カプコン,スーパーパン,SFC,8M,ACT,"￥7,500","￥7,500代",0,-,,,,宮本茂,近藤浩治,,竹田玄洋,
1992-08-07,BPS,パイプドリーム,SFC,4M,PZL,"￥7,500","￥7,500代",0,-,,アキラ・レッドマー,アキラ・レッドマー|ステファン・L・バトラー,アキラ・レッドマー|ステファン・L・バトラー|ゲイリー・ウィニック|マーク・J・フェラーリ|スティーヴ・パーセル|マイク・エバート|エリック・ジョンストン,ジョン・デール,,,
1992-08-07,テクノスジャパン,初代熱血硬派くにおくん,SFC,8M,RPG,"￥8,900","￥9,000代",0,-,,,もりしんいち|なんばやすいちろう|すやなおき|熊谷慎太郎|松本康宏,澤田典宏|津田昇|岸本良久|石黒誠一郎|根立克行|せきかわじゅんいちろう|澤田典宏,井上晃|平沢道也|浦部拓,,瀧邦夫,
1992-08-07,ケムコ,ファランクス,SFC,8M,SHT,"￥8,900","￥9,000代",0,-,,,,,,,,
1992-08-07,ジャレコ,スーパープロフェッショナルベースボールⅡ,SFC,8M,SPT,"￥9,000","￥9,000代",0,-,,,,,,,,
1992-08-07,ハドソン,スーパー桃太郎電鉄Ⅱ,SFC,8M,TBL,"￥8,800","￥9,000代",0,-,,さくまあきら|飛田雅宏,青山光(青山公士),土居孝幸,関口和之,,浦敏治,
1992-08-11,アルトロン,ホーム・アローン,SFC,4M,ACT,"￥8,800","￥9,000代",0,-,,,,,ジョン・ウィリアムズ,ジョン・ヒューズ,,
1992-08-21,ユタカ,キン肉マンDIRTYCHALLENGER,SFC,4M,ACT,"￥7,800","￥8,000代",0,-,,,,,富樫則彦,,,
1992-08-22,アイマックス,スーパー麻雀,SFC,4M,TBL,"￥8,000","￥8,000代",0,-,,,,,,,,
1992-08-27,任天堂,スーパーマリオカート,SFC,4M,RCG,"￥8,900","￥9,000代",382,32,,杉山直|紺野秀樹,木村雅人|矢嶋肇|山本健二,杉山直|森直樹|小田部羊一|MIE YOSHIMURA|小泉歓晃,岡素世|阪東太郎,,山内溥|宮本茂,
1992-08-28,バンプレスト,CBキャラウォーズ失われたギャーグ,SFC,8M,ACT,"￥8,500","￥8,500代",0,-,,七條たかし,塩谷博光|古田哲也,七條たかし|藤岡英俊|若月康雄|早川直行|七條たかし,安西史孝,,じっぱひとからげ,
1992-08-28,マイクロアカデミー,ウルトラベースボール実名版,SFC,4M,SPT,"￥8,800","￥9,000代",0,-,,,,,,,,
1992-09-11,コナミ,アクスレイ,SFC,8M,SHT,"￥8,800","￥9,000代",0,-,,,上田英生,小玉紀年|矢田凡成|難波和宏,工藤太郎,,北上一三,
1992-09-11,テイチク,アクロバットミッション,SFC,8M,SHT,"￥8,800","￥9,000代",0,-,,,新井利男,金子むつお|神菊かおる|青山きんや|金子むつお|富沢みのる,長島義夫|西川ひろし,,,
1992-09-12,エンジェル,SD機動戦士ガンダムV作戦始動,SFC,4M,ACT,"￥7,800","￥8,000代",0,-,,,,,,,,
1992-09-12,光栄,スーパー麻雀大会,SFC,4M,TBL,"￥9,800","￥10,000代",0,-,,,,,若桑比織,,シブサワ・コウ,
1992-09-18,ユタカ,SDガンダムXスーパーガチャポンワールド,SFC,8M,SLG,"￥9,500","￥9,500代",0,-,,,,,,,,
1992-09-18,T＆Eソフト,ワイアラエの奇蹟,SFC,8M,SPT,"￥9,800","￥10,000代",0,-,,横山英二,加藤英治,中島健二,冨田茂,,横山俊朗,
1992-09-24,光栄,提督の決断,SFC,10M,SLG,"￥14,800","￥15,000代",0,-,,,,,宮川泰,シブサワ・コウ,シブサワ・コウ,
1992-09-25,タイトー,ソニックブラストマン,SFC,8M,ACT,"￥8,500","￥8,500代",0,-,,,,,,,,
1992-09-25,アスキー,大戦略エキスパート,SFC,8M,SLG,"￥9,800","￥10,000代",0,-,,,,,,,,
1992-09-25,徳間書店インターメディアカンパニー,銀河英雄伝説,SFC,8M,SLG,"￥9,800","￥10,000代",0,-,,,,,,,,
1992-09-25,パルソフト,ぎゅわんぶらあ自己中心派麻雀皇位戦,SFC,4M,TBL,"￥8,800","￥9,000代",0,-,,,,,,,,
1992-09-27,エニックス,ドラゴンクエストV天空の花嫁,SFC,12M,RPG,"￥9,600","￥9,500代",280,36,,山名学,桝田賢一|成田東吾,堀井雄二|鳥山明,すぎやまこういち,堀井雄二,千田幸信,
1992-09-29,ナムコ,スカイミッション,SFC,4M,SLG,"￥8,300","￥8,500代",0,-,,,スティーヴ・ヒューズ,ジェレミー・カンター|ステファン・トムソン,ジョージ・サンガー,,ケン・ロブ,
1992-10-09,エポック社,ロードモナーク,SFC,4M,SLG,"￥8,800","￥9,000代",0,-,,,,,,,,
1992-10-16,テクノスジャパン,リターン・オブ・双截龍,SFC,8M,ACT,"￥8,600","￥8,500代",0,-,,,,,,,,
1992-10-22,光栄,スーパーロイヤルブラッド,SFC,8M,SLG,"￥9,800","￥10,000代",0,-,,,,,伊藤ヨシユキ|新田真澄,,シブサワ・コウ,
1992-10-23,ミサワエンターテインメント,アダムスファミリー,SFC,8M,ACT,"￥8,800","￥9,000代",0,-,,,,,,,,
1992-10-23,日本物産,スーパーF-1サーカスリミテッド,SFC,8M,RCG,"￥9,200","￥9,000代",0,-,,,,,,,,
1992-10-29,ナムコ,コズモギャングザビデオ,SFC,8M,SHT,"￥7,900","￥8,000代",0,-,,,伊藤なおき,見城こうじ|いからしたつや,荒川美恵,,,
1992-10-30,アトラス,真・女神転生,SFC,12M,RPG,"￥9,800","￥10,000代",0,36,,岡田耕始,佐藤雅美|岡田耕始|國枝剛|高木秀俊,伊藤龍太郎|藤岡一樹|しまだよしあき|鈴木一也(遊企画)|佐藤佐和子|村上哲也|片岡いずみ|高島志郎|金子一馬,増子司,鈴木一也|伊藤龍太郎,新野洋右,
1992-10-30,トンキンハウス,サイバーナイト,SFC,8M,RPG,"￥8,900","￥9,000代",0,-,,みんみん宮田,POCHI NAKAMORI,水野良|グループSNE|大河原邦男,迫田敏明|宮本昌知|塚本雅信|ATARASHI|DAVID|竹内啓史,山本弘|グループSNE,浦井郁郎,
1992-11-06,ヒロ,スーパーリニアボール,SFC,4M,ACT,"￥8,000","￥8,000代",0,-,,,,,,,,
1992-11-08,光栄,三國志Ⅲ,SFC,12M,SLG,"￥14,800","￥15,000代",0,-,,,,,向谷実,,シブサワ・コウ,
1992-11-13,アスミック,レナス古代機械の記憶,SFC,12M,RPG,"￥9,600","￥9,500代",0,-,,柴尾英令,のむらこうへい,加藤龍勇|後藤啓介|今井修司,田中公平,柴尾英令,岡本博|小川真司,
1992-11-13,ココナッツジャパンエンターテイメント,スーパーSWIV,SFC,8M,SHT,"￥9,500","￥9,500代",0,-,,,ロナルド・ピケット・ウィーサリック,ネド・ラングマン,デヴィッド・ウィテカー(英語版),,,
1992-11-20,カプコン,ミッキーのマジカルアドベンチャー,SFC,8M,ACT,"￥8,500","￥8,500代",0,30,,,篠原雅嗣,山本尚司|大西淑文|石原雄二,山口真理|西村達也,,ノア・ダッドリー,
1992-11-20,東映動画,北斗の拳6激闘伝承拳覇王への道,SFC,12M,ACT,"￥8,900","￥9,000代",0,-,,,,,フランク・ワイルドホーン,高橋亜子,,
1992-11-20,レーザーソフト,対決!!ブラスナンバーズ,SFC,8M,ACT,"￥8,500","￥8,500代",0,-,,,,,,,,
1992-11-20,トミー,アメリカ横断ウルトラクイズ,SFC,8M,ETC,"￥8,700","￥8,500代",0,-,,,,,,,高橋靖二(第12回 - 第16回)|篠崎安雄(第12回・第13回)|城朋子(“今世紀最後”)|※全てCP,
1992-11-20,ヒューマン,ヒューマン・グランプリ,SFC,8M,RCG,"￥9,700","￥9,500代",0,-,,,,,,,,
1992-11-20,アスキー,ウィザードリィV災渦の中心,SFC,8M,RPG,"￥9,800","￥10,000代",0,-,,,,,,,,
1992-11-20,バンプレスト,ヒーロー戦記プロジェクトオリュンポス,SFC,12M,RPG,"￥9,600","￥9,500代",0,-,,,渡邊猛|庄真宏|大西康成,阪田雅彦|大河原邦男,田中伸一|山根昇,阪田雅彦|森田康楠,山田俊彦,
1992-11-21,データム・ポリスター,CACOMAKNIGHT(カコマナイト),SFC,4M,PZL,"￥7,800","￥8,000代",0,-,,,,,,,,
1992-11-27,アイレム,ガンフォース,SFC,4M,ACT,"￥8,300","￥8,500代",0,-,,,,,木村浩,,,
1992-11-27,KANEKO,パワーアスリート,SFC,8M,ACT,"￥8,500","￥8,500代",0,-,,,,,,,,
1992-11-27,タカラ,餓狼伝説宿命の闘い,SFC,12M,ACT,"￥9,800","￥10,000代",0,-,,,,,,,,
1992-11-27,ビクターエンタテインメント,アウター・ワールド,SFC,8M,ACT,"￥8,800","￥9,000代",0,30,,,エリック・シャイ,エリック・シャイ(英語版)|エリック・シャイ,ジーン・フランソワ・フレータス,,,
1992-11-27,やのまん,ソング・マスター,SFC,8M,RPG,"￥9,000","￥9,000代",0,-,,,おおくぼしょうご|ROWDY HERDY|AKI2,AKI|拔山敏弘,田中剛|COZY,石井一豊|SAY,日野晃博|石井一豊,
1992-11-27,サミー,バルバロッサ,SFC,8M,SLG,"￥9,800","￥10,000代",0,-,,,,,,,,
1992-11-27,ジャレコ,ロイヤルコンクエスト,SFC,4M,SLG,"￥8,500","￥8,500代",0,30,,,,,,,,
1992-11-27,ケイ・アミューズメントリース,あしたのジョー,SFC,8M,SPT,"￥8,900","￥9,000代",0,-,,竹内啓雄|大賀俊二|西久保瑞穂,,,荒木一郎,高森朝雄,,
1992-11-27,トンキンハウス,バレーボールTwin,SFC,8M,SPT,"￥8,900","￥9,000代",0,-,,,,,,,,
1992-12-04,ケイ・アミューズメントリース,ミステリーサークル,SFC,8M,PZL,"￥8,300","￥8,500代",0,-,,,,,,,,
1992-12-04,アイレム,メジャータイトル,SFC,8M,SPT,"￥8,800","￥9,000代",0,30,,,,,,,,
1992-12-04,東宝,芹沢信雄のバーディトライ,SFC,8M,SPT,"￥9,600","￥9,500代",0,-,,,,,,,,
1992-12-04,ホット・ビィ,スーパーブラックバス,SFC,8M,SPT,"￥9,800","￥10,000代",0,-,,,,,,,,
1992-12-06,スクウェア,ファイナルファンタジーV,SFC,16M,RPG,"￥9,800","￥10,000代",245,34,,坂口博信,成田賢,伊藤裕之|天野喜孝,植松伸夫,坂口博信|北瀬佳範|(リレー方式),,
1992-12-11,カルチャーブレーン,飛龍の拳Sハイパーバージョン,SFC,12M,ACT,"￥9,700","￥9,500代",0,-,,,,,,,,
1992-12-11,RIOT,PsychoDream(サイコドリーム),SFC,8M,ACT,"￥8,900","￥9,000代",0,-,,,,,,,,
1992-12-11,サンソフト,弁慶外伝沙の章,SFC,12M,RPG,"￥9,600","￥9,500代",0,-,,,,,,,,
1992-12-11,エピック・ソニーレコード,白熱プロ野球ガンバリーグ'93,SFC,12M,SPT,"￥9,500","￥9,500代",0,-,,,,,,,,
1992-12-11,タカラ,大相撲魂,SFC,8M,SPT,"￥9,000","￥9,000代",0,-,,,,,,,,
1992-12-11,バンプレスト,バトルサッカーフィールドの覇者,SFC,8M,SPT,"￥9,500","￥9,500代",0,-,,,,,,,,
1992-12-11,ココナッツジャパンエンターテイメント,パチ夫くんスペシャル,SFC,8M,TBL,"￥9,800","￥10,000代",0,-,,,,,,,,
1992-12-14,ビック東海,機動装甲ダイオン,SFC,8M,SHT,"￥8,500","￥8,500代",0,-,,,今井盛徳,はやかわよう|村田護郎|杉田篤彦,佐藤天平,,きのしたかずあき,
1992-12-18,データイースト,戦え原始人2ルーキーの大冒険,SFC,4M,ACT,"￥8,000","￥8,000代",0,-,,,,,,,,
1992-12-18,コナミ,タイニー・トゥーンアドベンチャーズ,SFC,8M,ACT,"￥8,000","￥8,000代",0,-,,,,,ブルース・ブロートン,ポール・ディニ,,
1992-12-18,日本コンピュータシステム,重装機兵ヴァルケン,SFC,8M,ACT,"￥8,800","￥9,000代",0,32,,,,,,,,
1992-12-18,ビクターエンタテインメント,スーパー・スター・ウォーズ,SFC,8M,ACT,"￥8,800","￥9,000代",0,-,,,,,,,,
1992-12-18,BPS,スーパーテトリス2+ボンブリス,SFC,8M,PZL,"￥8,500","￥8,500代",0,-,,,,,,,,
1992-12-18,バリエ,中嶋悟監修SUPERF1HERO,SFC,8M,RCG,"￥8,900","￥9,000代",0,-,,,,,,,,
1992-12-18,ユタカ,SDガンダム外伝2円卓の騎士,SFC,8M,RPG,"￥9,500","￥9,500代",0,-,,,,ファイアーおかもと,上村みゆき,ギヤマンまつなが|ファイアーおかもと,バーサル騎士鈴木,
1992-12-18,ソフエル,フライングヒーローぶぎゅるーの大冒険,SFC,8M,SHT,"￥8,800","￥9,000代",0,-,,,,,田中光人,,,
1992-12-18,ヘクト,ステルス,SFC,8M,SLG,"￥9,700","￥9,500代",0,-,,,,,,,,
1992-12-18,ナムコ,スーパー大相撲熱戦大一番,SFC,8M,SPT,"￥8,800","￥9,000代",0,-,,,,,,,,
1992-12-18,パック・イン・ビデオ,アメージングテニス,SFC,8M,SPT,"￥8,800","￥9,000代",0,-,,,,,,,,
1992-12-18,ナグザット,ナグザットスーパーピンボール邪鬼破壊,SFC,8M,TBL,"￥8,500","￥8,500代",0,-,,,,,,,,
1992-12-18,日本物産,スーパーニチブツマージャン(03),SFC,8M,TBL,"￥8,800","￥9,000代",0,-,,,,,,,,
1992-12-19,スクウェア,半熟英雄ああ、世界よ半熟なれ,SFC,8M,SLG,"￥9,500","￥9,500代",0,30,,,,,,,,
1992-12-21,ゲームプラン21,46億年物語はるかなるエデンへ,SFC,12M,ACT,"￥9,600","￥9,500代",0,-,,,,,,,,
1992-12-22,サンソフト,LOONEYTUNESロードランナーVSワイリーコヨーテ,SFC,8M,ACT,"￥8,600","￥8,500代",0,-,,,,,,,,
1992-12-22,ジャレコ,ラッシング・ビート乱複製都市,SFC,12M,ACT,"￥9,600","￥9,500代",0,-,,,吉田明広|大原健志|猪ヶ倉康雄|竹内史郎,星和明|倉持亮一|倉持伸幸|渡辺忠彦|前川恵一|渡部輝彦|高橋将人,伊勢村篤義|内田哉,,,
1992-12-22,タカラ,少年アシベゴマちゃんのゆうえんち大冒険,SFC,4M,ACT,"￥7,800","￥8,000代",0,-,,,,,,,,
1992-12-22,ナツメ,奇々怪界謎の黒マント,SFC,8M,ACT,"￥8,500","￥8,500代",0,-,,,いしはらかずひこ,あさりよしとお|谷口俊一|にしやまともゆき,岩月博之,服部嘉人,,
1992-12-23,テクノスジャパン,コンバットライブス,SFC,12M,ACT,"￥9,300","￥9,500代",0,-,,谷本敦|富山徳之,西村成孝,緒方孝治,山根一央,,,
1992-12-25,日本コンピュータシステム,らんま1／2爆烈乱闘篇,SFC,12M,ACT,"￥9,600","￥9,500代",0,-,,,山本克利|樋口幸弘,有賀ヒトシ|桜井正則|小沢努|只隈圭介,岡本智郎,松田明生,菅沼孝夫|盛武源|土田俊郎,
1992-12-25,テクモ,テクモスーパーNBAバスケットボール,SFC,8M,SPT,"￥8,900","￥9,000代",0,-,,,,,,,,
1992-12-25,ヒューマン,スーパーファイヤープロレスリング2,SFC,8M,SPT,"￥8,500","￥8,500代",0,-,,吉田秀司,野村弘治|渡邊肇|内山隆博|坂上公一,浅古大輔|増田雅人|高岡謙次|大内啓輔|門間毅|喜多功治郎|市川宏,庭山博也|山崎正通|田中宏典,,,
1992-12-25,ビデオシステム,スーパーバレーⅡ,SFC,8M,SPT,"￥8,900","￥9,000代",0,-,,,,,,,,
1992-12-25,ミサワエンターテインメント,SUPERKICKOFF(スーパーキックオフ),SFC,4M,SPT,"￥7,700","￥7,500代",0,-,,,,,,,,
1992-12-25,アイ・ジー・エス,哭きの竜麻雀飛翔伝,SFC,8M,TBL,"￥9,800","￥10,000代",0,-,,,,,,,,
1992-12-25,タイトー,大爆笑人生劇場,SFC,8M,TBL,"￥8,500","￥8,500代",0,-,,高橋章二,さとうふじひこ|はながたたかし|イトウわりゅー|カタナまさる,なかだしんじ|くろさわきょうこ|タイガーかとう|長尾隆史|加藤誠|伊藤啓司|もぎきよこ|川石徹|明石佳久|大原和浩|園田誠|金子陽子|斎藤慎,わたなべよしお,,,
1992-12-28,ヨネザワ,史上最強のクイズ王決定戦SUPER,SFC,8M,ETC,"￥8,900","￥9,000代",0,-,,,,,,,,
1992-12-28,メルダック,THEKINGOFRALLYパリ・モスクワ・ペキン,SFC,8M,RCG,"￥8,800","￥9,000代",0,-,,,,,,,,
1993-01-03,ハドソン,エルファリア,SFC,12M,RPG,"￥9,500","￥9,500代",0,31,,桶谷正剛,桶谷正剛,上田和敏|寺岡大介|宮城拳|刈部雅章|松下進,三枝成彰|T'S MUSIC|滝本利昭,あだちひろし,青山英治|小林雅樹,
1993-01-08,アイ・ジー・エス,エイリアンVSプレデター,SFC,8M,ACT,"￥9,800","￥10,000代",0,-,,,,,,,,
1993-01-14,アイ・ジー・エス,BURAI八玉の勇士伝説(ブライ),SFC,8M,RPG,"￥9,800","￥10,000代",0,-,,,,,,,,
1993-01-16,光栄,ヨーロッパ戦線,SFC,12M,SLG,"￥12,800","￥13,000代",0,-,,,,,大野雄二,,シブサワ・コウ,
1993-01-22,データム・ポリスター,負けるな!魔剣道,SFC,8M,ACT,"￥8,800","￥9,000代",0,-,,,石指武|さいとうやすのり,よこやまあさこ|石指武,和久田貴浩,,,
1993-01-22,ロジーク,マイト・アンド・マジックBOOK2,SFC,8M,RPG,"￥8,800","￥9,000代",0,-,,,,,,,,
1993-01-22,イマジニア,ポピュラス2,SFC,10M,SLG,"￥9,800","￥10,000代",0,-,,,,,,,,
1993-01-22,ヒューマン,ドラゴンズ・アース,SFC,8M,SLG,"￥8,500","￥8,500代",0,-,,,,,,,,
1993-01-25,ユタカ,うしおととら,SFC,8M,ACT,"￥8,800","￥9,000代",0,-,,,,松原徳弘|森智子,瀬川英史,井上敏樹|米村正二|岸本みゆき,,
1993-01-29,ベック,スーパービックリマン,SFC,8M,ACT,"￥7,800","￥8,000代",0,-,,貝澤幸男,,青山充,有澤孝紀,,,
1993-01-29,アクレイムジャパン,クリスティーワールド,SFC,4M,ACT,"￥8,000","￥8,000代",0,-,,,,,,,,
1993-01-29,バップ,Q*bert3,SFC,4M,PZL,"￥7,000","￥7,000代",0,-,,,ワーレン・デイビス,ワーレン・デイビス|ジェフリー・P・リー|テリー・ドゥーアーザフ,デヴィッド・ティール,,,
1993-01-29,パック・イン・ビデオ,スーパー倉庫番,SFC,4M,PZL,"￥7,800","￥8,000代",0,-,,,,,,,,
1993-01-29,やのまん,信長公記,SFC,8M,SLG,"￥12,500","￥12,500代",0,-,,,,,,,,
1993-01-29,ナムコ,ナムコットオープン,SFC,8M,SPT,"￥8,800","￥9,000代",0,31,,,,,,,,
1993-01-29,ミサワエンターテインメント,ワールドクラスラグビー,SFC,4M,SPT,"￥7,900","￥8,000代",0,-,,,,,,,,
1993-02-05,バンダイ,ゲゲゲの鬼太郎復活!!天魔大王,SFC,8M,ACT,"￥8,800","￥9,000代",0,-,,林広幸,宍戸隆,笠浪膝呼|寺田一洋|馬場博年|水木しげる|馬場博年|笠浪慎二,小松邦博|伊藤康広|浜田智之,,,
1993-02-12,EAV,プロフットボール'93,SFC,8M,SPT,"￥8,900","￥9,000代",0,30,,,,,,,,
1993-02-19,エポック社,ドラえもんのび太と妖精の国,SFC,4M,ACT,"￥8,000","￥8,000代",0,-,,堀越丈広|葭原智,今井敏彦|池田慎一|佐藤久志,加藤栄吾|おきやまじゅん|ますやまゆういち|うさみせいじ,小川寿夫|沓掛隆志|松島友子,,沓掛隆志,
1993-02-19,トミー,ウォーリーをさがせ!絵本の国の大冒険,SFC,8M,ADV,"￥9,500","￥9,500代",0,-,,,,,,,,
1993-02-19,アスミック,鋼鉄の騎士,SFC,8M,SLG,"￥9,800","￥10,000代",0,-,,,,,,,,
1993-02-19,POW,喜国雅彦の雀闘士銅鑼王,SFC,8M,TBL,"￥8,900","￥9,000代",0,-,,,,,,,,
1993-02-21,任天堂,スターフォックス,SFC,8M,SHT,"￥9,800","￥10,000代",80,34,,江口勝也,ディラン・カスバート|ジャイルズ・ゴダード|クリスター・ウォンベル,今村孝矢,平澤創,,山内溥|宮本茂,
1993-02-26,アクレイムジャパン,バートの不思議な夢の大冒険,SFC,8M,ACT,"￥8,800","￥9,000代",0,-,,,,,,,,
1993-02-26,コナミ,バットマンリターンズ,SFC,8M,ACT,"￥8,800","￥9,000代",0,31,,,,,ダニー・エルフマン,ボブ・ケイン,,
1993-02-26,ビクターエンタテインメント,バトルテック,SFC,8M,ACT,"￥9,800","￥10,000代",0,-,,,,,,,,
1993-02-26,ナムコ,コズモギャングザパズル,SFC,4M,PZL,"￥7,900","￥8,000代",0,-,,見城こうじ,,,荒川美恵,,,
1993-02-26,ビデオシステム,F-1GRANDPRIXPARTⅡ,SFC,12M,RCG,"￥9,800","￥10,000代",0,-,,,,,,,,
1993-02-26,サンソフト,Xak(サーク),SFC,12M,RPG,"￥9,600","￥9,500代",0,-,,大津正徳,山田浩司|三曽田明|中津泰彦|山川富士男|永井勝也,柳島秀行|谷口恵津子,新田忠弘|笹井りゅうじ,,,
1993-02-26,イマジニア,シムアント,SFC,8M,SLG,"￥12,800","￥13,000代",0,-,,,Mac版|ウィル・ライト|ジャスティン・マコーミック|ミック・フォーリー|IBM版|ダニエル・ゴールドマン|Amiga版|ブライアン・コンラッド,ウィル・ライト|ジャスティン・マコーミック|ジェニー・マーティン|スーザン・グリーン|マフィー・ヴァサレ|マット・サルコーニ,マシュー・ベラルド|スティーヴ・ヘールズ|ジャック・ソートン|クリス・シャルト,,ドン・ウォルターズ,
1993-02-26,エンジェル,織田信長覇王の軍団,SFC,8M,SLG,"￥9,500","￥9,500代",0,-,,,,,,,,
1993-02-26,光栄,リーディングカンパニー,SFC,8M,SLG,"￥12,800","￥13,000代",0,-,,,,,,,,
1993-02-26,EAV,NBAプロバスケットボールブルズVSブレイザーズ,SFC,8M,SPT,"￥8,900","￥9,000代",0,-,,,,,,,,
1993-03-05,ヘクト,イーハトーヴォ物語,SFC,8M,ADV,"￥9,700","￥9,500代",0,-,,つるやじゅん,ふくやままさかつ,おだちひろよ,多和田吏,まわたりせいいちろう,関雅行,
1993-03-05,セタ,エキゾースト・ヒートF1ドライバーへの軌跡,SFC,8M,RCG,"￥9,800","￥10,000代",0,-,,,,,,,,
1993-03-05,コブラチーム,ジョジョの奇妙な冒険,SFC,8M,RPG,"￥9,500","￥9,500代",0,-,,,,,,,,
1993-03-05,サンソフト,アルバートオデッセイ,SFC,8M,RPG,"￥9,600","￥9,500代",0,-,,,渥美博明,AKIRA.M/B.B|Y.OIDA|鈴木のぶひで|後藤まもる,小高直樹,,渥美博明,
1993-03-05,データイースト,METALMAX2,SFC,8M,RPG,"￥9,500","￥9,500代",0,31,,吉田穂積|兼安時紀,菅原康弘|福島純|田内智樹,宮岡寛|きむらはじめ|とみさわ昭仁|山本貴嗣,門倉聡,,桝田省治,
1993-03-05,エレクトロ・ブレイン・ジャパン,スーパーキックボクシング,SFC,8M,SPT,"￥8,800","￥9,000代",0,-,,,,,,,,
1993-03-05,T＆Eソフト,デビルズコース,SFC,8M,SPT,"￥9,800","￥10,000代",0,-,,,,,,リンジー・デヴリン,,
1993-03-05,トミー,モノポリー,SFC,8M,TBL,"￥9,700","￥9,500代",0,30,,,,チャールズ・B・ダロウ (en) ,,,,
1993-03-12,ヘクト,カリフォルニアゲームズⅡ,SFC,8M,ACT,"￥8,800","￥9,000代",0,-,,,,,,,,
1993-03-12,マイクロワールド,EDONO牙(エドノキバ),SFC,8M,ACT,"￥8,900","￥9,000代",0,-,,,,,,,,
1993-03-12,クエスト,伝説のオウガバトル,SFC,16M,SLG,"￥9,600","￥9,500代",0,33,,松野泰己,森岡伸夫|佐藤孝|小川昌也,松野泰己|吉田明彦|皆川裕史,岩田匡治|崎元仁|松尾早人,,徳川誠,
1993-03-12,ケイ・アミューズメントリース,2020年スーパーベースボール,SFC,12M,SPT,"￥8,900","￥9,000代",0,-,,,,,,,,
1993-03-12,ナムコ,スーパーファミスタ2,SFC,8M,SPT,"￥7,900","￥8,000代",0,-,,岸本好弘,佐々木英隆,島本昌弘|林幸人|我妻吉則|ほどのゆきお,川元義徳,,,
1993-03-19,インフォコム,ナイジェル・マンセルF1チャレンジ,SFC,8M,RCG,"￥8,800","￥9,000代",0,-,,,,,,,,
1993-03-19,ナグザット,超魔界大戦!どらぼっちゃん,SFC,8M,RPG,"￥8,800","￥9,000代",0,-,,,,,,,,
1993-03-19,ポニーキャニオン,ジャングルウォーズ2古代魔法アティモスの謎,SFC,12M,RPG,"￥9,500","￥9,500代",0,-,,さくまあきら(監修),富沢賢一|瓦吹隆|なりたりゅういち,木村初|富沢賢一|土居孝幸,岡本智郎,木村初,有元和彦,
1993-03-19,アテナ,バイオメタル,SFC,8M,SHT,"￥8,980","￥9,000代",0,-,,,,,,,,
1993-03-19,ジャレコ,USAICEHOCKEY,SFC,8M,SPT,"￥9,000","￥9,000代",0,-,,,,,,,,
1993-03-20,バンダイ,ドラゴンボールZ超武闘伝,SFC,16M,ACT,"￥9,800","￥10,000代",145,-,,島田晋作|久保田昭史,まるこパパ|まるこ,清水厚二|竹花欣也|玉井裕和|高橋雅行|荒井翔子|しいのせいいちろう|いいだしんいち,山本健司|さばくまゆき,,鈴木敏弘,
1993-03-25,ナムコ,スーパーワギャンランド2,SFC,8M,ACT,"￥8,300","￥8,500代",0,-,,,,,,,,
1993-03-25,光栄,スーパー蒼き狼と白き牝鹿元朝秘史,SFC,12M,SLG,"￥11,800","￥12,000代",0,-,,,,,大島ミチル,,シブサワ・コウ,
1993-03-26,ケムコ,ブルースブラザース,SFC,4M,ACT,"￥7,800","￥8,000代",0,-,,,,,,,,
1993-03-26,ジャレコ,DEADDANCE(デッドダンス),SFC,16M,ACT,"￥9,700","￥9,500代",0,-,,あらいゆき,Byontar Nottengham|かせけんいち,あらいゆき|前川恵一|倉持伸幸,高芝泰彦|石田傑,青木浩司,,
1993-03-26,バンダイ,ウルトラセブン,SFC,8M,ACT,"￥8,800","￥9,000代",0,-,,,,,,金城哲夫 ほか,,
1993-03-26,バンプレスト,ザ・グレイトバトルⅢ,SFC,10M,ACT,"￥8,700","￥8,500代",0,-,,山田俊彦|奈良直志,小林俊一|小林秀樹|佐々木勇二郎|白井一之|岩崎哲史,竹矢吉孝|桑村英樹|納谷江司|山根一記|折笠圭介|高杉よしみ,富樫則彦,,ひろむ,
1993-03-26,ヴィジット,ザ・心理ゲーム悪魔のココロジー,SFC,8M,ETC,"￥9,800","￥10,000代",0,-,,,,,,,,
1993-03-26,ウルフ・チーム,ノイギーア海と風の鼓動,SFC,8M,RPG,"￥9,800","￥10,000代",0,-,,,,,,,,
1993-03-26,EAV,デザートストライク湾岸作戦,SFC,8M,SHT,"￥8,900","￥9,000代",0,-,,,,,,,,
1993-03-26,コナミ,Pop'nツインビー,SFC,8M,SHT,"￥8,900","￥9,000代",0,-,,,松岡伸浩|吉田晃之|奥谷友春,藤本武史|岸本方彰|山内円|薬師寺健雄|橋本征貢,上原和彦|碇子正広|井上秀登|冨田朋也|安慶名伸行|中島正恵|三木彩子,,,
1993-03-26,イマジニア,パワーモンガー魔将の謀略,SFC,8M,SLG,"￥12,800","￥13,000代",0,-,,,,,,,大瀧詠一,
1993-03-26,テクモ,つっぱり大相撲立身出世編,SFC,8M,SPT,"￥9,000","￥9,000代",0,-,,,,,,,,
1993-03-26,マイクロワールド,インターナショナル・テニスツアー,SFC,8M,SPT,"￥8,900","￥9,000代",0,-,,,,,,,,
1993-04-02,光栄,エアーマネジメントⅡ航空王をめざせ,SFC,8M,SLG,"￥12,800","￥13,000代",0,-,,,,,岩崎琢,,シブサワ・コウ,
1993-04-03,カプコン,ブレスオブファイア竜の戦士,SFC,12M,RPG,"￥9,800","￥10,000代",0,-,,,金子清巳|こじまのりこ|三膳正,竹中善則|河野禎則|池原実|稲船敬二|松村ひろのり,藤田靖明|山口真理|藤井美苗|下村陽子,,,
1993-04-03,テクモ,キャプテン翼Ⅳプロのライバルたち,SFC,12M,SPT,"￥9,700","￥9,500代",0,-,,,,,,,,
1993-04-07,光栄,太閤立志伝,SFC,12M,SLG,"￥11,800","￥12,000代",0,-,,,,,大島ミチル,,シブサワ・コウ,
1993-04-09,ココナッツジャパンエンターテイメント,アクションパチ夫,SFC,8M,ACT,"￥9,500","￥9,500代",0,-,,,,,,,,
1993-04-16,アイマックス,デュアルオーブ聖霊珠伝説,SFC,12M,RPG,"￥9,700","￥9,500代",0,-,,,,,,北角浩一,宗清紀之,
1993-04-16,ビデオシステム,The麻雀・闘牌伝,SFC,8M,TBL,"￥8,900","￥9,000代",0,-,,,,,,,,
1993-04-23,ジャレコ,怒りの要塞,SFC,8M,ACT,"￥8,700","￥8,500代",0,-,,,,,,,,
1993-04-23,パック・イン・ビデオ,スーパーバトルタンク,SFC,4M,ACT,"￥7,800","￥8,000代",0,-,,,,,,,,
1993-04-23,ゲームプラン21,エルナード,SFC,12M,RPG,"￥9,600","￥9,500代",0,-,,今田真二,すみたたけお,今田真二|鈴木俊之|日下純|鈴木多恵子|増田晴彦,山貫憲彦,,みつもりこうじ|丸山茂樹,
1993-04-23,ユタカ,龍騎兵団ダンザルブ,SFC,8M,RPG,"￥9,500","￥9,500代",0,-,,,氷見元生|伊藤真也,氷見元生|庵野秀明|鶴巻和哉|大畑浩一|夢野レイ,西澤洋,飯島健男,飯島健男|赤井孝美,
1993-04-28,ハドソン,スーパーボンバーマン,SFC,4M,ACT,"￥7,800","￥8,000代",0,30,,植山幹郎,酒井誠,酒井誠|平井隆之,竹間淳|濱田智之,,青山英治|小林正樹,
1993-04-28,サミー,スーパーダンクスター,SFC,8M,SPT,"￥7,900","￥8,000代",0,-,,,,,,,,
1993-05-14,エポック社,バーコードバトラー戦記スーパー戦士出撃せよ!,SFC,4M,ETC,"￥7,680","￥7,500代",0,-,,,,,,,,
1993-05-14,BPS,対局囲碁ゴライアス,SFC,8M,TBL,"￥14,800","￥15,000代",0,-,,,,,,,,
1993-05-21,アクレイムジャパン,NBAオールスターチャレンジ,SFC,8M,SPT,"￥8,800","￥9,000代",0,-,,,,,,,,
1993-05-22,カプコン,ファイナルファイト2,SFC,10M,ACT,"￥9,000","￥9,000代",0,-,,,金子清巳|赤堀雅行,三並達也|たなべまゆみ|濱貴詞|鵜飼敏|山添公雄,藤田靖明|山口真理|岩井由紀|山本節生|竹原裕子|西村達也,,藤原得郎,
1993-05-28,ヒューマン,セプテントリオン,SFC,8M,ACT,"￥8,500","￥8,500代",0,32,,吉田秀司,阿部浩之|三浦義弘,木邨圭太|岩下英幸|青柳健二|實取正敏|門間毅,那珂裕之|新倉耕二,木邨圭太,,
1993-05-28,ケイエスエス,パチンコ物語パチスロもあるでよ!!,SFC,8M,TBL,"￥9,800","￥10,000代",0,31,,,,,,,,
1993-06-04,エポック社,ドラゴンスレイヤー英雄伝説Ⅱ,SFC,12M,RPG,"￥9,800","￥10,000代",0,-,,,,,,,,
1993-06-11,日本物産,コスモポリスギャリバン,SFC,8M,ACT,"￥8,800","￥9,000代",0,-,,藤原茂樹,つちいえとしお,藤原茂樹|なかがわきょうこ,吉田健志,,,
1993-06-11,ヒューマン,スーパーフォーメーションサッカー2,SFC,4M,SPT,"￥8,500","￥8,500代",0,30,,,,,,,,
1993-06-11,アテナ,プロ麻雀極,SFC,4M,TBL,"￥9,600","￥9,500代",0,-,,,,,,,,
1993-06-18,ビック東海,神聖紀オデッセリア,SFC,12M,RPG,"￥9,500","￥9,500代",0,-,,うめはらきみお,,,佐藤天平,,,
1993-06-18,セタ,早指し二段森田将棋,SFC,4M,TBL,"￥14,800","￥15,000代",0,-,,,,,,,,
1993-06-21,任天堂,スペースバズーカ,SFC,8M,SHT,"￥6,500","￥6,500代",0,-,,村松敏孝,成広通|西井利弘|山内修|いぬいただし|あべこういち,村松敏孝|大西直孝,辻横由佳,松本久美子,横井軍平,
1993-06-21,任天堂,スーパースコープ6(スーパースコープ付属カセット),SFC,8M,SHT,"￥9,800","￥10,000代",0,-,,,,,,,,
1993-06-25,アルトロン,トムとジェリー,SFC,4M,ACT,"￥8,900","￥9,000代",0,-,,,,,,,,
1993-06-25,コナミ,ドラゴンズマジック,SFC,4M,ACT,"￥8,800","￥9,000代",0,-,,,マイケル・クナウアー|ヴィンス・リー,リック・ダイアー|ビクター・ペンマン|マーティ・フォールガー|ダーリーン・ウォディントン|ドン・ブルース,クリストファー・ストーン,,,
1993-06-25,システムサコム,激突弾丸自動車決戦バトルモービル,SFC,8M,ACT,"￥8,800","￥9,000代",0,-,,,,,,,,
1993-06-25,バンダイ,マジンガーZ,SFC,8M,ACT,"￥8,800","￥9,000代",0,-,,,,羽根章悦→森下圭介[注釈 1],渡辺宙明,永井豪とダイナミックプロ,,
1993-06-25,アトラス,GP-1,SFC,8M,RCG,"￥8,800","￥9,000代",0,-,,,,,,,,
1993-06-25,セタ,シルヴァ・サーガⅡ,SFC,16M,RPG,"￥9,800","￥10,000代",0,30,,,,,,,,
1993-06-25,タイトー,エストポリス伝記,SFC,8M,RPG,"￥8,900","￥9,000代",0,-,,宮田正英,受田直之,まつもとともなり,塩生康範|ざいつあき|くろだなおみ,宮田正英,,
1993-06-25,ウルフ・チーム,三国志正史天舞スピリッツ,SFC,12M,SLG,"￥12,800","￥13,000代",0,-,,,,,,,,
1993-06-25,ナムコ,スーパーファミリーテニス,SFC,8M,SPT,"￥7,900","￥8,000代",0,-,,,,,,,,
1993-07-02,ケムコ,ファーストサムライ魔狂人伝説,SFC,4M,ACT,"￥7,800","￥8,000代",0,-,,,,,,,,
1993-07-09,ユタカ,仮面ライダーSD出撃ライダーマシン,SFC,8M,ACT,"￥8,800","￥9,000代",0,-,,,,,,,,
1993-07-09,アクレイムジャパン,エイリアン3,SFC,8M,ACT,"￥8,800","￥9,000代",0,-,,,,,エリオット・ゴールデンサール,キャラクター創造|ダン・オバノン|ロナルド・シャセット,,
1993-07-09,BPS,ヨッシーのクッキー,SFC,4M,PZL,"￥6,600","￥6,500代",0,-,,山本雅央|山上仁志|たかさごたつひろ|RYOJIN,ヂュー・リー|よしかわのなえ|山本雄一,日野重文|松本千恵子|いのうえみか,生田ノブヤ|佐藤亜希羅|TSUTOMU|西坂紀子,,横井軍平,
1993-07-09,アクレイムジャパン,スーパーハイインパクト,SFC,8M,SPT,"￥8,800","￥9,000代",0,-,,,,,,,,
1993-07-11,カプコン,ストリートファイターⅡターボ,SFC,20M,ACT,"￥9,980","￥10,000代",210,36,,,,安田朗(AKIMAN),下村陽子|阿部功,,岡本吉起,
1993-07-14,任天堂,スーパーマリオコレクション,SFC,16M,ACT,"￥9,800","￥10,000代",212,32,,手塚卓志,中郷俊彦,日野重文|森直樹|富田聡一郎|臼井健太,近藤浩治,,宮本茂,
1993-07-14,任天堂,ヨッシーのロードハンティング,SFC,8M,SHT,"￥6,500","￥6,500代",0,-,,岩田聡,,,西村善樹|上村みゆき|徳永康,,宮本茂,
1993-07-16,アイマックス,デスブレイド,SFC,12M,ACT,"￥9,700","￥9,500代",0,-,,,,,,,,
1993-07-16,キャラクターソフト,サンリオワールドスマッシュボール!,SFC,2M,ACT,"￥6,980","￥7,000代",0,-,,,,,,,,
1993-07-16,コナミ,摩陀羅2,SFC,12M,RPG,"￥9,800","￥10,000代",0,-,,,,,,,,
1993-07-16,アスミック,スーパーエアダイバー,SFC,4M,SLG,"￥8,900","￥9,000代",0,-,,,,,,,,
1993-07-16,ヴァージンゲーム,マジックジョンソンのスーパースラムダンク,SFC,8M,SPT,"￥8,900","￥9,000代",0,-,,,,,,,,
1993-07-16,ココナッツジャパンエンターテイメント,ワールド・サッカー,SFC,4M,SPT,"￥9,500","￥9,500代",0,-,,,,,,,,
1993-07-16,日本コンピュータシステム,全日本プロレス,SFC,16M,SPT,"￥9,900","￥10,000代",0,-,,,,,,,,
1993-07-23,東芝EMI,スーパーバック・トゥ・ザ・フューチャー2,SFC,8M,ACT,"￥9,000","￥9,000代",0,-,,,,,,,,
1993-07-23,ビクターエンタテインメント,スーパー・ジェームスポンドⅡ,SFC,8M,ACT,"￥8,800","￥9,000代",0,-,,,,,,,,
1993-07-23,ホット・ビィ,バズー!魔法世界,SFC,12M,RPG,"￥9,800","￥10,000代",0,-,,,,山田章博,,瑞澄計都,,
1993-07-23,アスキー,ウイングコマンダー,SFC,8M,SHT,"￥9,800","￥10,000代",0,-,,,,,,,,
1993-07-23,イマジニア,メガロマニア時空大戦略,SFC,8M,SLG,"￥12,800","￥13,000代",0,-,,,,,,,,
1993-07-23,バンプレスト,第3次スーパーロボット大戦,SFC,12M,SLG,"￥9,800","￥10,000代",0,31,,阪田雅彦,庄真宏|渡邊猛,戸田篤樹|山岸望|坂木和史|知見浩之|谷博之|糸洲文恵|本田透|西村英樹|宮下加代子,田中伸一,阪田雅彦,じっぱひとからげ,
1993-07-23,アクレイムジャパン,WWFロイヤルランブル,SFC,16M,SPT,"￥9,800","￥10,000代",0,-,,,,,,,,
1993-07-23,バンプレスト,バトルドッジボールⅡ,SFC,12M,SPT,"￥9,600","￥9,500代",0,-,,田中憲一|下道隆,,,末村謙之輔,,,
1993-07-29,日本物産,スーパーF1サーカス2,SFC,12M,RCG,"￥9,500","￥9,500代",0,-,,,,,,,,
1993-07-30,アイレム,ニトロパンクスマイトヘッズ,SFC,8M,ACT,"￥8,800","￥9,000代",0,-,,,,,,,,
1993-07-30,バリエ,パティームーン,SFC,8M,ACT,"￥8,900","￥9,000代",0,-,,,,,,,,
1993-07-30,バンダイ,クレヨンしんちゃん嵐を呼ぶ園児,SFC,12M,ACT,"￥9,500","￥9,500代",0,-,,,,尾形和正|田中康介|牛村憲彦,富樫則彦,,,
1993-07-30,ベック,宇宙の騎士テッカマンブレード,SFC,8M,ACT,"￥8,800","￥9,000代",0,-,,,,TOlllO(設定)|佐野浩敏(原案協力)|佐山善則|中原れい,和田薫,,,
1993-07-30,ビデオシステム,ソニックウイングス,SFC,10M,SHT,"￥8,900","￥9,000代",0,-,,,,"中村晋介|.mw-parser-output ruby.large{font-size:250%}.mw-parser-output ruby.large>rt|.mw-parser-output ruby.large>rtc{font-size:.3em}.mw-parser-output ruby>rt|.mw-parser-output ruby>rtc{font-feature-settings:""ruby""1}.mw-parser-output ruby.yomigana>rt{font-feature-settings:""ruby""0}六鹿(ナントカ)文彦|横山浩子",耕三寺巡(AC)|板村直樹(SFC),,,
1993-07-30,ジャレコ,美少女雀士スーチーパイ,SFC,16M,TBL,"￥9,700","￥9,500代",0,-,,,,,,,,
1993-07-30,タイトー,大爆笑人生劇場ドキドキ青春編,SFC,10M,TBL,"￥8,800","￥9,000代",0,-,,高橋章二,さとうふじひこ|はながたたかし|イトウわりゅー|カタナまさる,なかだしんじ|くろさわきょうこ|タイガーかとう|長尾隆史|加藤誠|伊藤啓司|もぎきよこ|川石徹|明石佳久|大原和浩|園田誠|金子陽子|斎藤慎,わたなべよしお,,,
1993-08-05,光栄,スーパー信長の野望・全国版,SFC,4M,SLG,"￥8,800","￥9,000代",0,-,,,,,菅野よう子,,シブサワ・コウ,
1993-08-06,スクウェア,聖剣伝説2,SFC,16M,RPG,"￥9,800","￥10,000代",150,33,,石井浩一,ナーシャ・ジベリ,田中弘道|石井浩一|石井浩一|磯野宏夫,菊田裕樹,田中弘道,田中弘道,
1993-08-06,T＆Eソフト,ソード・ワールドSFC,SFC,12M,RPG,"￥9,800","￥10,000代",0,-,,,,,,,,
1993-08-06,テクノスジャパン,くにおくんのドッジボールだよ全員集合!,SFC,12M,SPT,"￥9,600","￥9,500代",0,-,,吉田晄浩,佐藤博|金久保勇|N.UEDA|森真一,並木毅|中津英一朗,澤和雄|飯塚千晶|上原麗子|片岡清美,,,
1993-08-06,ナムコ,Jリーグサッカープライムゴール,SFC,8M,SPT,"￥8,500","￥8,500代",0,-,,,,,,,,
1993-08-06,ハドソン,スーパーパワーリーグ,SFC,12M,SPT,"￥9,500","￥9,500代",0,-,,,,,,,,
1993-08-06,ヒューマン,ヒューマンベースボール,SFC,8M,SPT,"￥8,600","￥8,500代",0,-,,,,,,,,
1993-08-06,ポニーキャニオン,大仁田厚「FMW」キミは時代よる熱くなれるか,SFC,12M,SPT,"￥9,800","￥10,000代",0,-,,,,,,,,
1993-08-10,アイマックス,スーパー競馬,SFC,8M,ETC,"￥9,700","￥9,500代",0,-,,,,,,,,
1993-08-12,サンソフト,ワールドヒーローズ,SFC,16M,ACT,"￥9,800","￥10,000代",0,-,,,,,,,,
1993-08-20,アルトロン,スーパースラップショット,SFC,4M,SPT,"￥8,500","￥8,500代",0,-,,,,,,,,
1993-08-27,エンジェル,美少女戦士セーラームーン,SFC,12M,ACT,"￥9,800","￥10,000代",0,-,,,,,,,,
1993-08-27,任天堂,マリオとワリオ,SFC,8M,ACT,"￥6,800","￥7,000代",0,-,,田尻智,西橋倫治|増田順一,田尻智|杉森建|藤原基史,増田順一,,加納誠|石原恒和|横井軍平(ゼネラルマネージャー),
1993-08-27,ヘクト,サラブレッドブリーダー,SFC,8M,ETC,"￥9,700","￥9,500代",0,-,,,,,,,,
1993-08-27,エニックス,樹帝戦紀,SFC,12M,SLG,"￥9,600","￥9,500代",0,32,,,,,,,,
1993-08-27,アクレイムジャパン,MVPベースボール,SFC,8M,SPT,"￥8,800","￥9,000代",0,-,,,,,,,,
1993-08-27,ケムコ,XZONE,SFC,4M,SPT,"￥6,500","￥6,500代",0,-,,,,,,,,
1993-08-27,バンダイ,DESTRUCTIVE(デストラクティブ),SFC,4M,SPT,"￥6,800","￥7,000代",0,-,,,,,,,,
1993-09-03,トンキンハウス,スーパータリカン,SFC,4M,ACT,"￥7,500","￥7,500代",0,-,,,ホルガー・シュミット,,クリス・ヒュルスベック,,,
1993-09-10,コブラチーム,サンダーバード国際救助隊出動せよ,SFC,8M,ACT,"￥8,800","￥9,000代",0,-,,,,,,,,
1993-09-10,イマジニア,ラスベガスドリーム,SFC,8M,ETC,"￥9,800","￥10,000代",0,-,,安部卓,向井純|おだのりひろ|山本剛,やまなかたいへい|おおのさとし|安部卓|斎藤明宏|まるやませいじ,松前公高,,斎藤明宏,
1993-09-10,光栄,ウイニングポスト,SFC,16M,ETC,"￥12,800","￥13,000代",0,-,,,,,山崎洋一|新井智詞,,シブサワ・コウ,
1993-09-10,スクウェア,ミスティッククエスト,SFC,4M,RPG,"￥7,900","￥8,000代",0,-,,井出康二,近藤勝裕,森田正徳,笹井隆司|川上泰広,藤岡千尋|前川嘉彦|テッド・ウールゼイ,,
1993-09-14,バリエ,新日本プロレスリング超戦士IN闘強導夢,SFC,16M,SPT,"￥9,800","￥10,000代",0,-,,,,,,,,
1993-09-17,ユタカ,課長島耕作スーパービジネスアドベンチャー,SFC,8M,ADV,"￥9,800","￥10,000代",0,-,,,,,,,,
1993-09-17,コナミ,NFLフットボール,SFC,8M,SPT,"￥9,000","￥9,000代",0,-,,,,,,,,
1993-09-17,フォーラム,ファイナルセット,SFC,8M,SPT,"￥8,500","￥8,500代",0,-,,,,,ロス・ヴァネリ,ラウル・イングリス,,
1993-09-19,チュンソフト,トルネコの大冒険不思議のダンジョン,SFC,12M,RPG,"￥9,600","￥9,500代",80,32,,福沢正,山森丈範|福田裕二,福沢正|麻野一哉|長畑成一郎|鳥山明,すぎやまこういち,,中村光一,
1993-09-22,データイースト,戦国伝承,SFC,8M,ACT,"￥8,800","￥9,000代",0,-,,,,,山手安生|清水敏夫,,,
1993-09-22,T＆Eソフト,マスターズ遙かなるオーガスタ2,SFC,12M,SPT,"￥9,900","￥10,000代",0,-,,横山英二,加藤英治,中島健二,冨田茂,,横山俊朗,
1993-09-23,エンジェル,SD機動戦士ガンダム2,SFC,8M,ACT,"￥8,800","￥9,000代",0,-,,,,,,,,
1993-09-23,バナレックス,GS美神除霊師はナイスバディ(ゴーストスイーパー美神),SFC,8M,ACT,"￥8,800","￥9,000代",0,-,,,,,,,,
1993-09-24,タイトー,ダライアスフォース,SFC,8M,SHT,"￥8,800","￥9,000代",0,-,,黒木伸章,みずのまさる|いとうかずたか|まゆずみたかし,黒木伸章|谷沢康夫|おかだともあき|H.OKAMOTO,草津きよし|わたなべよしお|田辺裕紀彦,,高橋章二,
1993-09-24,パック・イン・ビデオ,GO!GO!ドッジリーグ,SFC,4M,SPT,"￥7,800","￥8,000代",0,-,,,,,,,,
1993-09-24,ナグザット,本格麻雀徹萬,SFC,4M,TBL,"￥7,800","￥8,000代",0,-,,,,,,,,
1993-09-30,徳間書店インターメディアカンパニー,東尾修監修スーパープロ野球スタジアム,SFC,4M,SPT,"￥8,900","￥9,000代",0,-,,,,,,,,
1993-10-01,やのまん,TRINEA-トリネア-,SFC,16M,RPG,"￥9,800","￥10,000代",0,-,,,,,,,OLIVIA,
1993-10-01,アルトロン,レッド・オクトーバー,SFC,4M,SHT,"￥8,800","￥9,000代",0,-,,,,,ベイジル・ポールドゥリス,トム・クランシー|『レッド・オクトーバーを追え』,,
1993-10-01,ジャレコ,スーパー3Dベースボール,SFC,12M,SPT,"￥12,800","￥13,000代",0,-,,,,,,,,
1993-10-08,T＆Eソフト,バイキングの大迷惑,SFC,8M,ACT,"￥8,800","￥9,000代",0,32,,,,,,,,
1993-10-08,キングレコード,スーパー競走馬風のシルフィード,SFC,8M,ETC,"￥9,300","￥9,500代",0,-,,,,,,,,
1993-10-15,ナムコ,スズカエイトアワーズ,SFC,8M,RCG,"￥8,800","￥9,000代",0,-,,,,,,,,
1993-10-21,ココナッツジャパンエンターテイメント,スーパーカジノシーザースパレス,SFC,4M,ETC,"￥8,900","￥9,000代",0,-,,,,,,,,
1993-10-22,タカラ,ミラクルガールズともみとみかげの不思議世界の大冒険,SFC,8M,ACT,"￥8,800","￥9,000代",0,-,,,,,,,,
1993-10-22,サミー,ARCUSSPIRITS(アークス・スピリッツ),SFC,10M,RPG,"￥8,900","￥9,000代",0,-,,,,,,,,
1993-10-22,東宝、小学館プロダクション,らんま1／2朱猫団的秘宝,SFC,12M,RPG,"￥9,800","￥10,000代",0,-,,賀川邦彦,富沢賢一|瓦吹隆,みとこうたろう|内藤剛,岡本智郎,きさらぎしょう,盛武源|角田純一|竹野雅人|頼経康史,
1993-10-29,エニックス,アクトレイザー2沈黙への聖戦,SFC,12M,ACT,"￥9,300","￥9,500代",0,-,,橋本昌哉,橋本昌哉|いまいゆき,古代彩乃|高井政彦|今井秋芳|横田幸次|七條たかし,古代祐三,宮崎友好,曽根康征,
1993-10-29,ケイ・アミューズメントリース,龍虎の拳,SFC,16M,ACT,"￥9,800","￥10,000代",0,-,,,,,,,,
1993-10-29,タカラ,装甲騎兵ボトムズザ・バトリングロード,SFC,8M,ACT,"￥9,800","￥10,000代",0,-,,,,,,,,
1993-10-29,ビクターエンタテインメント,クラシック・ロード,SFC,8M,ETC,"￥9,800","￥10,000代",0,-,,,,,,,,
1993-10-29,カルチャーブレーン,スーパーチャイニーズワールド2,SFC,16M,RPG,"￥9,800","￥10,000代",0,-,,阿迦手観屋夢之助,,阿迦手観屋夢之助,沢彰記,,阿迦手観屋夢之助,
1993-10-29,バンプレスト、ザムス,超時空要塞マクロススクランブルバルキリー,SFC,8M,SHT,"￥8,800","￥9,000代",0,-,,,,,,,,
1993-10-29,エピック・ソニーレコード,ユートピア,SFC,4M,SLG,"￥9,500","￥9,500代",0,-,,,,,,,,
1993-10-29,エポック社,はた山ハッチのパロ野球ニュース!実名版,SFC,8M,SPT,"￥9,800","￥10,000代",0,-,,,,,,,,
1993-10-29,ミサワエンターテインメント,ジミーコナーズのプロテニスツアー,SFC,4M,SPT,"￥8,900","￥9,000代",0,-,,,,,,,,
1993-10-29,日本物産,スーパーニチブツマージャン2全国制覇篇,SFC,16M,TBL,"￥9,800","￥10,000代",0,-,,,,,,,,
1993-10-29,ポニーキャニオン,将棋風林火山,SFC,8M,TBL,"￥8,800","￥9,000代",0,-,,,,,,,,
1993-11-05,テクモ,アクタリオン,SFC,8M,RPG,"￥8,900","￥9,000代",0,-,,,,倉花千夏|石田可奈(原案)|石田可奈|丸藤広貴|河森正治(アクエリオン)|ブリュネ・スタニスラス|高倉武史,菅野よう子|大塚彩子,河森正治|サテライト,,
1993-11-05,パック・イン・ビデオ,ファイナルノックアウト,SFC,8M,SPT,"￥8,800","￥9,000代",0,-,,,,,,,,
1993-11-12,バンダイ,仮面ライダー,SFC,12M,ACT,"￥9,800","￥10,000代",0,-,,,,,菊池俊輔,伊上勝 他,平山亨・阿部征司|(第53 - 98話),
1993-11-12,エピック・ソニーレコード,SolsticeⅡ(ソルスティス2),SFC,8M,PZL,"￥9,500","￥9,500代",0,-,,,,,,,,
1993-11-12,ロジーク,ファイナル・ストレッチ,SFC,12M,RCG,"￥9,800","￥10,000代",0,-,,,,,,,,
1993-11-12,イマジニア,若貴大相撲夢の兄弟対決,SFC,8M,SPT,"￥9,800","￥10,000代",0,-,,,,,,,,
1993-11-12,トミー,スーパーUNO,SFC,8M,TBL,"￥8,500","￥8,500代",0,-,,,,,,,,
1993-11-19,東芝EMI,バトルマスター究極の戦士たち,SFC,16M,ACT,"￥9,800","￥10,000代",0,-,,,,,,,,
1993-11-19,トンキンハウス,イースIVMaskofTheSun,SFC,12M,RPG,"￥9,800","￥10,000代",0,-,,,,,,,,
1993-11-19,ココナッツジャパンエンターテイメント,パチスロラブストーリー,SFC,8M,TBL,"￥9,800","￥10,000代",0,-,,,,,,,,
1993-11-19,バリエ,遊人雀獣学園,SFC,8M,TBL,"￥8,900","￥9,000代",0,-,,,,,,,,
1993-11-23,マイクロネット,RIDDICKBOWEBOXING(リディック･ボウボクシング),SFC,4M,SPT,"￥8,400","￥8,500代",0,-,,,,,,,,
1993-11-26,アスキー,アルディライトフット,SFC,8M,ACT,"￥9,800","￥10,000代",0,-,,,,,,,,
1993-11-26,カプコン,アラジン,SFC,10M,ACT,"￥9,000","￥9,000代",0,31,,,,,,,,
1993-11-26,タカラ,餓狼伝説2,SFC,20M,ACT,"￥9,980","￥10,000代",0,-,,,,塚本高史|白井影二,清水敏夫|おさかようこ|北村芳彦|幡谷正彦,,川崎英吉,
1993-11-26,トミー,アクセルブリッド,SFC,16M,ACT,"￥9,800","￥10,000代",0,-,,,,,,,,
1993-11-26,徳間書店,ヤダモンワンダランドドリーム,SFC,8M,ADV,"￥8,800","￥9,000代",0,-,,,,,,,,
1993-11-26,タイトー,スーパーH.Q.クリミナルチェイサー,SFC,8M,RCG,"￥8,900","￥9,000代",0,-,,,,,,,,
1993-11-26,やのまん,アレサ(ARETHA),SFC,16M,RPG,"￥9,800","￥10,000代",0,-,,,,,,,,
1993-11-26,アスミック,F-15スーパーストライクイーグル,SFC,8M,SLG,"￥9,600","￥9,500代",0,-,,,,,,,,
1993-11-26,サミー,ダイナミックスタジアム,SFC,8M,SPT,"￥8,500","￥8,500代",0,-,,,,,,,,
1993-11-26,ジャレコ,武田修宏のスーパーカップサッカー,SFC,4M,SPT,"￥9,500","￥9,500代",0,-,,,,,,,,
1993-11-26,ソフエル,鬼塚勝也スーパーバーチャルボクシング,SFC,8M,SPT,"￥9,800","￥10,000代",0,-,,,,,,,,
1993-11-26,テクモ,テクモスーパーボウル,SFC,12M,SPT,"￥9,800","￥10,000代",0,31,,,,,,,,
1993-11-26,データイースト,ABCマンデーナイトフットボール,SFC,8M,SPT,"￥9,000","￥9,000代",0,-,,,,,,,,
1993-11-26,サミー,実戦パチスロ必勝法,SFC,4M,TBL,"￥9,500","￥9,500代",0,-,,,,,,,,
1993-11-27,エニックス,ガイア幻想紀,SFC,16M,RPG,"￥9,800","￥10,000代",0,-,,橋本昌哉,橋本昌哉|北ノ原昭,宮崎友好|萩尾望都,川崎康宏,大原まり子,曽根康征,
1993-11-30,バンプレスト、ザムス,Soul＆Sword(ソウルアンドソード),SFC,12M,RPG,"￥9,800","￥10,000代",0,-,,,,,,,,
1993-12-02,アイマックス,スーパー麻雀2本格4人打ち,SFC,4M,TBL,"￥8,800","￥9,000代",0,-,,,,,,,,
1993-12-03,コナミ,T.M.N.T.ミュータントウォーリアーズ,SFC,16M,ACT,"￥9,800","￥10,000代",0,-,,,,,Genesis/MD|東野美紀|SNES/SFC|上原和彦|井上秀人|上高治己|NES|兼田潤一郎|西垣綾子,,,
1993-12-03,EAV,NBAプロバスケットボール'94ブルズVSサンズ,SFC,8M,SPT,"￥9,800","￥10,000代",0,-,,,,,,,,
1993-12-03,タイトー,スーパー究極ハリキリスタジアム,SFC,12M,SPT,"￥9,500","￥9,500代",0,-,,,,,,,,
1993-12-03,POW,喜国雅彦の雀闘士銅鑼王2,SFC,8M,TBL,"￥8,900","￥9,000代",0,-,,,,,,,,
1993-12-09,光栄,信長の野望・覇王伝,SFC,16M,SLG,"￥12,800","￥13,000代",0,-,,,,,菅野よう子,,シブサワ・コウ,
1993-12-10,アクティビジョンジャパン,プロック,SFC,8M,ACT,"￥8,900","￥9,000代",0,-,,,,,,,,
1993-12-10,ヴァージンゲーム,クールスポット,SFC,8M,ACT,"￥8,900","￥9,000代",0,-,,,,,,,,
1993-12-10,ミサワエンターテインメント,競馬エイトスペシャル(秘)馬券購入術,SFC,8M,ETC,"￥9,000","￥9,000代",0,-,,,,,,,,
1993-12-10,バンプレスト,す～ぱ～ぷよぷよ,SFC,8M,PZL,"￥8,200","￥8,000代",170,-,,,,,,,,
1993-12-10,スクウェア,ロマンシングサ・ガ2,SFC,16M,RPG,"￥9,900","￥10,000代",117,-,,河津秋敏,穴澤友樹,河津秋敏|小林智美|高井浩,伊藤賢治,河津秋敏,水野哲夫,
1993-12-10,アイレム,R-TYPEⅢ(アールタイプ3),SFC,16M,SHT,"￥9,800","￥10,000代",0,-,,,SUM|MISACHIN,ABIKO|AKIO|YOSHIGE,石崎正人,,,
1993-12-10,エピック・ソニーレコード,白熱プロ野球'94ガンバリーグ3,SFC,8M,SPT,"￥8,900","￥9,000代",0,-,,,,,,,,
1993-12-10,アスミック,決戦!ドカポン王国Ⅳ伝説の勇者たち,SFC,8M,TBL,"￥8,900","￥9,000代",0,-,,,,,,,,
1993-12-17,エポック社,ドラえもん2のび太のトイズランド大冒険,SFC,8M,ACT,"￥8,000","￥8,000代",0,-,,堀越丈広|星野重和|高橋直樹,あそうまさあき|いとうしん|池田慎一|今井敏彦|梅木元博|佐藤久志,加藤栄吾|おきやまじゅん|ますやまゆういち|井上崇|長谷川香織,小川寿夫|堀江正幸|沓掛隆志|松島友子,,沓掛隆志,
1993-12-17,カプコン,ロックマンX,SFC,12M,ACT,"￥9,500","￥9,500代",0,-,,,,稲船敬二|田崎一軌|吉川達哉|加治勇人,岩井由紀,,藤原得郎,
1993-12-17,ジャレコ,ラッシング・ビート修羅,SFC,16M,ACT,"￥9,700","￥9,500代",0,-,,星和明|おおたしげゆき,吉田明広|大原健志|あきやまのぼる,倉持伸幸|前川恵一,伊勢村篤義|鈴木康行,,TEAM PURE HEART,
1993-12-17,スクウェア,アルカエスト,SFC,8M,ACT,"￥8,800","￥9,000代",0,-,,角田敦,菅浩秋,角田敦|吉川仁志|橋口茂|若山強|石田聡|能登谷哲也,石川淳,,,
1993-12-17,バンダイ,ドラゴンボールZ超武闘伝2,SFC,16M,ACT,"￥9,800","￥10,000代",120,-,,島田晋作,まるこ父|JCパジャマズ|まるこ,久保田昭史|田島昭司|清水厚二|竹花欣也|玉井裕和|高橋雅行|荒井翔子|M.柏木|ボージャック鈴木|ザンギャそば|TAKO仙人|服部大三郎,山本健司|SWITCH・E|くまたろう,小山高生|植竹須美男,鈴木敏弘,
1993-12-17,ビクターエンタテインメント,スーパー・スター・ウォーズ帝国の逆襲,SFC,12M,ACT,"￥9,800","￥10,000代",0,-,,,,,,,,
1993-12-17,アスキー,ワンダラスマジック,SFC,16M,RPG,"￥9,800","￥10,000代",0,-,,,,,,,,
1993-12-17,インテック,歴史大河RPG夢幻の如く,SFC,12M,RPG,"￥9,800","￥10,000代",0,-,,,,,,,,
1993-12-17,イマジニアズーム,ドラッキーの草やきう,SFC,16M,SPT,"￥9,800","￥10,000代",0,-,,,,,,,,
1993-12-17,テクノスジャパン,ダウンタウン熱血べーすぼーる物語,SFC,12M,SPT,"￥9,800","￥10,000代",0,-,,関本弘之,南波靖一郎|酢屋直樹|西村成孝|福原元栄|大日方忠道|松本康宏|T.SAITO|Y.OKADA|吉田まさかず,並木毅|白井誠|中津英一朗|泉山武久|金物昌人,CUBE|飯塚千晶|上原麗子|片岡清美,,,
1993-12-17,ココナッツジャパンエンターテイメント,パチンコウォーズ2,SFC,8M,TBL,"￥9,800","￥10,000代",0,-,,,,,,,,
1993-12-17,ヘクト,ホーリーストライカー,SFC,8M,TBL,"￥8,800","￥9,000代",0,-,,,,,,,,
1993-12-18,エニックス,ドラゴンクエストⅠ・Ⅱ,SFC,12M,RPG,"￥9,600","￥9,500代",120,35,,,,,,,,
1993-12-22,アイレム,がんばれ大工の源さん,SFC,8M,ACT,"￥8,900","￥9,000代",0,-,,,,,,,Max Matsuura,
1993-12-22,EAV,スペース・ファンキーB.O.B.,SFC,8M,ACT,"￥8,900","￥9,000代",0,-,,,,,,,,
1993-12-22,コナミ,がんばれゴエモン2奇天烈将軍マッギネス,SFC,16M,ACT,"￥9,800","￥10,000代",0,31,,蛭子悦延,蛭子悦延|山口誠|丸山修|奥谷友春|岸和田聡|梅崎重治,小川公一|小川公一|薬師寺健雄|堀江浩司|山内円|近藤哲哉|濱垣和恵,上原和彦|冨田朋也|安慶名伸行,,梅崎重治,
1993-12-22,サンソフト,フラッシュバック,SFC,16M,ACT,"￥9,600","￥9,500代",0,33,,,,,,,,
1993-12-22,タカラ,キング・オブ・ザ・モンスターズ2,SFC,16M,ACT,"￥9,800","￥10,000代",0,-,,,,,田中敬一|清水敏夫|北村芳彦,,,
1993-12-22,ケイエスエス,BINGBING!BINGO(ビンビンビンゴ),SFC,8M,ETC,"￥8,900","￥9,000代",0,-,,,,,,,,
1993-12-22,サンソフト,へべれけのぽぷーん,SFC,8M,PZL,"￥8,200","￥8,000代",0,-,,,,,,,,
1993-12-22,ケムコ,トップレーサー2,SFC,8M,RCG,"￥8,500","￥8,500代",0,-,,,,,,,,
1993-12-22,東宝,超ゴジラ,SFC,12M,SLG,"￥9,800","￥10,000代",0,-,,,,加藤直之,蓮谷通治|横山じゅんこ,,竹野雅人|角田純一|谷口清悟|蓮谷通治|MIS,
1993-12-22,ナムコ,幽☆遊☆白書,SFC,16M,SLG,"￥9,600","￥9,500代",0,-,,,,,やまだ豊,三嶋龍朗,,
1993-12-22,日本テレネット,エースをねらえ!,SFC,8M,SPT,"￥9,400","￥9,500代",0,-,,,,,,,,
1993-12-24,アクレイムジャパン,モータルコンバット,SFC,16M,ACT,"￥9,800","￥10,000代",0,30,,,,エド・ブーン|ジョン・トビアス,ダン・フォーデン,,,
1993-12-24,東映動画,北斗の拳7聖剣列伝伝承者への道,SFC,20M,ACT,"￥9,700","￥9,500代",0,-,,,,,フランク・ワイルドホーン,高橋亜子,,
1993-12-24,アルトロン,リトルマジック,SFC,4M,PZL,"￥8,900","￥9,000代",0,-,,,,,,,,
1993-12-24,BPS,テトリス武闘外伝,SFC,8M,PZL,"￥8,000","￥8,000代",0,-,,,,,,,,
1993-12-24,ヒューマン,ヒューマングランプリ2,SFC,8M,RCG,"￥9,500","￥9,500代",0,-,,,,,,,,
1993-12-24,ソフエル,モンスターメーカー3,SFC,16M,RPG,"￥9,800","￥10,000代",0,-,,,,,,,,
1993-12-24,ハドソン,新桃太郎伝説,SFC,16M,RPG,"￥9,800","￥10,000代",0,-,,さくまあきら,三上哲|青山光(青山公士)|若林哲也,土居孝幸,関口和之,,,
1993-12-24,EAV,NFLプロフットボール'94,SFC,8M,SPT,"￥9,800","￥10,000代",0,-,,,,,,,,
1993-12-25,マジファクト,美神伝説Zoku,SFC,16M,ACT,"￥9,800","￥10,000代",0,-,,,,,,,,
1993-12-28,やのまん,サッカーキッド,SFC,10M,ACT,"￥8,800","￥9,000代",0,-,,,,,,,,
1993-12-28,日本コンピュータシステム,全日本プロレスダッシュ世界最強タッグ,SFC,16M,SPT,"￥9,800","￥10,000代",0,-,,,,,,,,
1993-12-29,バンダイ,美少女戦士セーラームーンR,SFC,16M,ACT,"￥9,800","￥10,000代",0,-,,佐藤順一 → 幾原邦彦 → 五十嵐卓哉,,(※ 作画チーフ)|只野和子 → 伊藤郁子 → 爲我井克美,有澤孝紀,武内直子,,
1993-12-29,エンジェル,横山光輝三国志Ⅱ,SFC,12M,SLG,"￥9,800","￥10,000代",0,-,,,,,,,,
1993-12-29,ヒューマン,スーパーファイヤープロレスリング3ファイナルバウト,SFC,12M,SPT,"￥9,700","￥9,500代",0,30,,,,,,小山内美江子・清水有生ほか,竹之下寛次,
1994-01-03,ナムコ,ロックンロールレーシング,SFC,8M,RCG,"￥7,900","￥8,000代",0,-,,,,,,,,
1994-01-07,コナミ,ツインビーレインボーベルアドベンチャー,SFC,8M,ACT,"￥9,000","￥9,000代",0,-,,神戸良治,南方章宏|柴田裕治|吉田晃之|上中直人,Shuzilow.HA|福田裕貴|中川潤,松原健一|森本ゆきえ|三木彩子,,,
1994-01-07,日本コンピュータシステム,バトルトードインバトルマニアック,SFC,8M,ACT,"￥9,800","￥10,000代",0,-,,,,,,,,
1994-01-07,ミサワエンターテインメント,ワールドクラスラグビー2国内激闘編'93,SFC,8M,SPT,"￥9,300","￥9,500代",0,-,,,,,,,,
1994-01-08,メルダック,スーパーピンボールビハインドザマスク,SFC,8M,TBL,"￥9,800","￥10,000代",0,-,,,,,,,,
1994-01-14,バップ,必勝777ファイターパチスロ竜宮伝説,SFC,4M,TBL,"￥9,500","￥9,500代",0,-,,,,,,,,
1994-01-21,BPS,スーパーテトリス2+ボンブリス限定版,SFC,8M,PZL,"￥8,500","￥8,500代",0,-,,,,,,,,
1994-01-21,任天堂,ファイアーエムブレム紋章の謎,SFC,24M,SLG,"￥9,800","￥10,000代",78,36,,寺崎啓祐,成広通,加賀昭三|小屋勝義,辻横由佳,加賀昭三,横井軍平,
1994-01-28,コブラチーム,バスタード!暗黒の破壊神,SFC,12M,ACT,"￥9,800","￥10,000代",0,-,,,,,,,,
1994-01-28,タイトー,ザ・ニンジャウォーリアーズアゲイン,SFC,12M,ACT,"￥9,300","￥9,500代",0,-,,,宮部寿保,谷口俊一|谷口俊一|新保孝|わだしんや,岩月博之|楯直樹,,,
1994-01-28,バンプレスト,ザ・グレイトバトル外伝2祭だワッショイ,SFC,10M,ACT,"￥9,500","￥9,500代",0,-,,,,,,,,
1994-01-28,エニックス,ブレインロード,SFC,12M,RPG,"￥9,600","￥9,500代",0,30,,,すみたたけお,今田真二|神村幸子,赤堀正直,鈴木俊之,菊本裕智,
1994-01-28,バンプレスト,ガイアセイバーヒーロー最大の作戦,SFC,12M,RPG,"￥9,800","￥10,000代",0,-,,,,,,,,
1994-01-28,アスミック,鋼鉄の騎士2砂漠のロンメル軍団,SFC,12M,SLG,"￥12,800","￥13,000代",0,-,,,,,,,,
1994-01-28,アトラス,魔神転生,SFC,12M,SLG,"￥9,800","￥10,000代",0,-,,,,,,,,
1994-02-04,アルトロン,オリビアのミステリー,SFC,8M,PZL,"￥9,800","￥10,000代",0,-,,,,,,,,
1994-02-04,ヒューマン,スーパーファイヤープロレスリング3イージータイプ,SFC,12M,SPT,"￥7,900","￥8,000代",0,-,,,,,,小山内美江子・清水有生ほか,竹之下寛次,
1994-02-04,アスク講談社,伊藤果六段の将棋道場,SFC,8M,TBL,"￥9,600","￥9,500代",0,-,,,,,,,,
1994-02-10,イマジニア,ウルフェンシュタイン3D,SFC,12M,ACT,"￥9,800","￥10,000代",0,32,,,,,,,,
1994-02-11,ココナッツジャパンエンターテイメント,バーチャルウォーズ,SFC,8M,ACT,"￥11,000","￥11,000代",0,-,,,,,ジョン・ワイマン,スティーヴン・キング|『芝刈り機の男』,,
1994-02-11,東芝EMI,ソード・マニアック,SFC,8M,ACT,"￥8,800","￥9,000代",0,-,,もりしまなおき|はかまだのぶゆき|小山英二,藤島聡,小山英二|中井覚,松尾早人|崎元仁| サイコソニック(英語版),,大橋良彦|梅木克彦,
1994-02-11,ウルフ・チーム,緋王伝魔物達との誓い,SFC,12M,SLG,"￥11,800","￥12,000代",0,-,,,,,,,,
1994-02-11,光栄,トップマネジメントⅡ,SFC,12M,SLG,"￥14,800","￥15,000代",0,-,,,,,,チャン・ウンミ|キム・ジョンヒ|イム・ジョンミン|パク・スルギ|ユ・スジ|ユン・ヤンウン,グレッグ・リー|ソン・ジョンハン|ユ・ヘミン,
1994-02-11,EAV,スーパーヅガンハコテン城からの招待状,SFC,8M,TBL,"￥8,800","￥9,000代",0,-,,,,,,,,
1994-02-18,エピック・ソニーレコード,迦楼羅王(カルラオウ),SFC,8M,ACT,"￥8,900","￥9,000代",0,-,,,,,,,,
1994-02-18,データイースト,戦え原始人3主役はやっぱりJOE＆MAC,SFC,8M,ACT,"￥8,500","￥8,500代",0,-,,,,,,,,
1994-02-18,バンプレスト、ザムス,鉄腕アトム,SFC,10M,ACT,"￥9,000","￥9,000代",0,-,,,,,,,,
1994-02-18,アスキー,ダービースタリオンⅡ,SFC,16M,ETC,"￥12,800","￥13,000代",0,33,,,,,,,,
1994-02-18,セタ,デザートファイター,SFC,8M,SLG,"￥9,800","￥10,000代",0,-,,,,,,,,
1994-02-25,キングレコード,総合格闘技アストラルバウト2,SFC,12M,ACT,"￥9,700","￥9,500代",0,-,,,,,,,,
1994-02-25,ベック,サイボーグ009,SFC,8M,ACT,"￥8,800","￥9,000代",0,-,,,,牧由尚,KEN THE 390,亀田真二郎,,
1994-02-25,メルダック,宇宙レースアストロゴー!ゴー!,SFC,8M,RCG,"￥9,800","￥10,000代",0,-,,,,,,,,
1994-02-25,アクレイムジャパン,T-2ザ・アーケードゲーム,SFC,8M,SHT,"￥8,900","￥9,000代",0,-,,,,,,,,
1994-02-25,光栄,大航海時代Ⅱ,SFC,16M,SLG,"￥11,800","￥12,000代",0,-,,,,,菅野よう子,,シブサワ・コウ,
1994-02-25,パック・イン・ビデオ,ラモス瑠偉のワールドワイドサッカー,SFC,8M,SPT,"￥9,500","￥9,500代",0,-,,,,,,,,
1994-02-25,ビーアイ,ストバスヤロウ将,SFC,8M,SPT,"￥9,000","￥9,000代",0,-,,,,,,,,
1994-02-25,カロッツェリアジャパン,パチスロランドぱちぱちコインの伝説,SFC,4M,TBL,"￥9,800","￥10,000代",0,-,,,,,,,,
1994-02-26,エニックス,いただきストリート2ネオンサインはバラ色に,SFC,12M,TBL,"￥9,800","￥10,000代",0,34,,,,堀井雄二|大川清介,筒美京平|すぎやまこういち(street15のみ),,,
1994-02-28,日本物産,スーパー本命GⅠ制覇,SFC,12M,ETC,"￥9,800","￥10,000代",0,-,,,,,,,,
1994-03-04,カプコン,ザ・キングオブドラゴンズ,SFC,16M,ACT,"￥9,800","￥10,000代",0,-,,,,,下村陽子|里村由紀|西垣俊,,,
1994-03-04,イマジニア,スーパーループス,SFC,4M,PZL,"￥8,900","￥9,000代",0,-,,,,,,,,
1994-03-04,アトラス,カブキロックス,SFC,12M,RPG,"￥9,800","￥10,000代",0,-,,,,,,,,
1994-03-04,EAV,ジーコサッカー,SFC,8M,SPT,"￥9,800","￥10,000代",0,-,,,,,,,,
1994-03-04,ナムコ,スーパーファミスタ3,SFC,8M,SPT,"￥8,800","￥9,000代",0,-,,,,きっしい|三瓶山|しましま,DONALD KAWAGEN|GAKO KOJIMARO,,,
1994-03-11,サンソフト,すごいへべれけ,SFC,10M,ACT,"￥8,900","￥9,000代",0,-,,,,,,,,
1994-03-11,バンダイ,機動戦士Vガンダム,SFC,12M,ACT,"￥9,800","￥10,000代",0,-,,,,逢坂浩司|大河原邦男|カトキハジメ|石垣純哉|佐野浩敏(デザイン協力)[注 1],千住明,矢立肇|富野由悠季,,
1994-03-11,カルチャーブレーン,ファーストクィーンオルニック戦記,SFC,8M,RPG,"￥9,800","￥10,000代",0,-,,,,,,,,
1994-03-11,イマジニア,ギャラクシーロボ,SFC,12M,SLG,"￥9,800","￥10,000代",0,-,,,,,,,,
1994-03-11,日本テレネット、ウルフ・チーム,斬IIIスピリッツ,SFC,16M,SLG,"￥12,800","￥13,000代",0,-,,,,,,,,
1994-03-11,コナミ,実況パワフルプロ野球'94,SFC,16M,SPT,"￥9,000","￥9,000代",0,34,,,,,,,赤田勲,
1994-03-11,コナミ,リーサルエンフォーサーズ,SFC,16M,SPT,"￥9,800","￥10,000代",0,-,,波多野よしあき,波多野よしあき,スティーヴ・ジョンソン,福井健一郎,,,
1994-03-18,タイトー,ソニックブラストマンⅡ,SFC,12M,ACT,"￥9,500","￥9,500代",0,-,,,,,,,,
1994-03-18,アスミック,ダービージョッキー騎手王への道,SFC,8M,ETC,"￥9,800","￥10,000代",0,-,,,,,,,,
1994-03-18,ジャレコ,きんぎょ注意報!とびだせ!ゲーム学園,SFC,16M,ETC,"￥9,800","￥10,000代",0,-,,,,,,,,
1994-03-18,アトラス,真・女神転生Ⅱ,SFC,16M,RPG,"￥9,990","￥10,000代",0,33,,,,,,,,
1994-03-18,カプコン,アイ・オブ・ザ・ビホルダー,SFC,8M,RPG,"￥12,800","￥13,000代",0,-,,ブルット・W・スペリー(英語版),フィリップ・W・ゴロー,フィリップ・W・ゴロー|イーディ・ララモア|ポール・S・ムードラ|ジョセフ・ボスティック|リック・パークス|アーロン・E・パウエル|ジョセフ・B・ヒューイット4世,ポール・S・ムードラ,イーディ・ララモア,,
1994-03-18,ショウエイシステム,イデアの日,SFC,16M,RPG,"￥9,700","￥9,500代",0,-,,たけくらたかし,さとうしろう|高山智博|よくらはるえ|にしもとくにこ|にしもとつとむ,相原コージ|しみずちえこ,知久光康(J-WALK),相原コージ,まついこうじ,
1994-03-18,光栄,独立戦争,SFC,10M,SLG,"￥11,800","￥12,000代",0,-,,,,,,,,
1994-03-18,ナグザット,スーパーナグザットオープンゴルフで勝負だどらぼっちゃん,SFC,8M,SPT,"￥9,500","￥9,500代",0,-,,,,,,,,
1994-03-18,ハドソン,Jリーグスーパーサッカー,SFC,12M,SPT,"￥9,500","￥9,500代",0,-,,,,,,,,
1994-03-18,タカラ,スーパー人生ゲーム,SFC,10M,TBL,"￥9,800","￥10,000代",0,-,,,,,,,,
1994-03-18,データイースト,サイド・ポケット,SFC,8M,TBL,"￥8,500","￥8,500代",0,-,,,,,,,,
1994-03-18,バンプレスト、ザムス,あさめしまえにゃんこ,SFC,8M,TBL,"￥8,800","￥9,000代",0,-,,,,,,,,
1994-03-18,パック・イン・ビデオ,ぎゅわんぶらあ自己中心派2ドラポンクエスト,SFC,8M,TBL,"￥8,900","￥9,000代",0,-,,,,,,,,
1994-03-19,任天堂,スーパーメトロイド,SFC,24M,ACT,"￥9,800","￥10,000代",71,32,,坂本賀勇,,松岡洋史|真下雅彦|木村浩之|大澤徹|山根知美,山本健誌|濱野美奈子,,横井軍平(ゼネラルマネージャー)|加納誠,
1994-03-25,アスキー,メルファンドストーリーズ,SFC,12M,ACT,"￥9,800","￥10,000代",0,-,,,,,,,,
1994-03-25,イマジニア,スペースエース,SFC,8M,ACT,"￥9,800","￥10,000代",0,-,,,,,,,,
1994-03-25,エニックス,南国少年パプワくん,SFC,8M,ACT,"￥8,800","￥9,000代",0,-,,,,武内啓,中村暢之,柴田亜美,,
1994-03-25,ケムコ,スーパートロールアイランド,SFC,4M,ACT,"￥8,900","￥9,000代",0,-,,,,,,,,
1994-03-25,ナムコ,ザブルークリスタルロッド,SFC,16M,ADV,"￥9,800","￥10,000代",0,-,,,,遠藤雅伸|篠崎雄一郎,小沢純子,遠藤雅伸,,
1994-03-25,日本コンピュータシステム,あらいぐまラスカル,SFC,8M,PZL,"￥8,900","￥9,000代",0,-,,,,遠藤政治,渡辺岳夫,トーマス・スターリング・ノース|『はるかなるわがラスカル』,,
1994-03-25,キャラクターソフト,けろけろけろっぴの冒険日記,SFC,4M,RPG,"￥6,980","￥7,000代",0,-,,,,,,,,
1994-03-25,データイースト,シャドウラン,SFC,10M,RPG,"￥9,800","￥10,000代",0,31,,,,,,,,
1994-03-25,バンプレスト,剣勇伝説ヤイバ(YAIBA),SFC,12M,RPG,"￥9,800","￥10,000代",0,-,,,,,,,,
1994-03-25,タイトー,スペースインベーダーTHEORIGINALGAME,SFC,4M,SHT,"￥4,980","￥5,000代",0,-,,,,,,,,
1994-03-25,バンプレスト,スーパーロボット大戦EX,SFC,12M,SLG,"￥9,800","￥10,000代",37,-,,阪田雅彦,庄真宏,福地仁|守谷淳一|レイアップ,細井一司|田中伸一|山根昇,阪田雅彦,じっぱひとからげ,
1994-03-25,アクレイムジャパン,チャンピオンズワールドクラスサッカー,SFC,8M,SPT,"￥8,900","￥9,000代",0,-,,,,,,,,
1994-03-25,カプコン,ロックマンズサッカー,SFC,10M,SPT,"￥9,000","￥9,000代",0,-,,,谷口蛙,三並達也,岡本智郎|富沢賢一|富樫則彦,,藤原得郎,
1994-03-25,ヨネザワ,スーパーホッケー'94,SFC,8M,SPT,"￥8,900","￥9,000代",0,-,,,,,,,,
1994-03-25,セタ,スーパーリアル麻雀PIV,SFC,16M,TBL,"￥9,800","￥10,000代",0,-,,,,,,,,
1994-03-25,ナグザット,スーパー五目ならべ連珠,SFC,8M,TBL,"￥8,800","￥9,000代",0,-,,,,,,,,
1994-03-26,バンダイ,テレビアニメスラムダンク四強激突!!,SFC,12M,SPT,"￥9,800","￥10,000代",0,-,,西沢信孝,,佐藤正樹,増田隆宣(第69話まで)|BMF(第70話以降),井上雄彦,,
1994-03-30,カプコン,マッスルボマー,SFC,24M,SPT,"￥9,980","￥10,000代",0,-,,,松嶋延幸,佐渡敬|原哲夫(キャラクターデザイン)[注 1],泉谷雅樹|梶野俊夫|西垣俊|水月陵|大内伸弘,,,
1994-03-30,コナミ,真・麻雀,SFC,4M,TBL,"￥9,000","￥9,000代",0,-,,,,,,,,
1994-03-31,日本物産,アンドレ・アガシテニス,SFC,4M,SPT,"￥8,800","￥9,000代",0,-,,,,,,,,
1994-04-01,フォーラム,スーパーインディチャンプ,SFC,8M,RCG,"￥9,200","￥9,000代",0,-,,,,,,,,
1994-04-01,バップ,スーパーダブル役満,SFC,4M,TBL,"￥9,000","￥9,000代",0,-,,,,,ナオト・インティライミ(作詞・作曲),,,
1994-04-02,スクウェア,ファイナルファンタジーⅥ,SFC,24M,RPG,"￥11,400","￥11,500代",255,37,,北瀬佳範,成田賢,天野喜孝,植松伸夫,坂口博信(原案)|北瀬佳範|野島一成,坂口博信,
1994-04-06,光栄,項劉記,SFC,12M,SLG,"￥12,800","￥13,000代",0,-,,,,,長谷川智樹,,シブサワ・コウ,
1994-04-08,ダイナミック企画,紫炎ザ・ブレイドチェイサー,SFC,16M,ACT,"￥9,600","￥9,500代",0,-,,,,,,,,
1994-04-08,EAV,NHLプロホッケー'94,SFC,8M,SPT,"￥9,800","￥10,000代",0,-,,,,,,,,
1994-04-08,ナグザット,スーパー囲碁碁王,SFC,4M,TBL,"￥14,800","￥15,000代",0,-,,,,,,,,
1994-04-15,アルトロン,ピンクパンサー,SFC,8M,ACT,"￥9,500","￥9,500代",0,-,,,,,クリストフ・ベック|ヘンリー・マンシーニ(テーマ曲),レン・ブラム|スティーヴ・マーティン,,
1994-04-15,バンダイ,ろくでなしBLUES対決!東京四天王,SFC,12M,ACT,"￥9,800","￥10,000代",0,-,,,,,,,,
1994-04-15,ヘクト,夢迷宮きぐるみ大冒険,SFC,8M,RPG,"￥9,800","￥10,000代",0,-,,,,,,,,
1994-04-22,ビデオシステム,F-1GRANDPRIXPARTⅢ,SFC,16M,RCG,"￥9,900","￥10,000代",0,-,,,,,,,,
1994-04-22,データム・ポリスター,メルヘンアドベンチャーコットン100%,SFC,16M,SHT,"￥9,300","￥9,500代",0,-,,,,,,,,
1994-04-22,ベック,機動警察パトレイバー,SFC,12M,SLG,"￥9,800","￥10,000代",0,-,,,,ゆうきまさみ(原案)|高田明美|出渕裕|高田明美|出渕裕|佐山善則,,押井守|横手美智子|伊藤和典他,,
1994-04-28,東宝、小学館プロダクション,らんま1／2超技乱舞篇,SFC,20M,ACT,"￥9,980","￥10,000代",0,-,,賀川邦彦,瓦吹隆|富沢賢一|坪井哲央,丸哲郎|丸哲郎|中林勝則|竹村浩,岡本智郎,木村初,盛武源|角田純一|竹野雅人|頼経康史,
1994-04-28,ハドソン,スーパーボンバーマン2,SFC,8M,ACT,"￥8,500","￥8,500代",0,-,,KYON KYON,清本哲郎|B.HANAWA|鈴木俊之,平井隆之|平井隆之|沼宮内純也|日下純,福田裕彦,,RAOH SHIMADA,
1994-04-28,アテナ,笑っていいとも!タモリンピック,SFC,8M,ETC,"￥9,500","￥9,500代",0,-,,,,樋上いたる|門之園恵美|池田和美,折戸伸治|戸越まごめ|麻枝准,志茂文彦,馬場隆博,
1994-04-28,ヴァージンゲーム,ダイナマイト・ザ・ラスベガス,SFC,8M,ETC,"￥8,900","￥9,000代",0,-,,,,,,,,
1994-04-28,タカラ,平成イヌ物語バウポップンスマッシュ!!,SFC,4M,SPT,"￥7,800","￥8,000代",0,-,,,,,,,,
1994-04-28,日本物産,スーパーパチスロマージャン,SFC,8M,TBL,"￥9,500","￥9,500代",0,-,,,,,,,,
1994-04-28,バンプレスト、ザムス,フォーチュン・クエストダイスをころがせ!,SFC,8M,TBL,"￥9,800","￥10,000代",0,-,,,,,,深沢美潮,,
1994-04-29,テクノスジャパン,新・熱血硬派くにおたちの挽歌,SFC,16M,ACT,"￥9,800","￥10,000代",0,-,,,山彦寛子,岸本未来|早川直行|桂木龍|松井龍作|ダップ|中村孝子,山根一史,横倉廣,富山徳之,
1994-04-29,日本テレネット,ダークキングダム,SFC,12M,RPG,"￥9,800","￥10,000代",0,-,,,岩附宏和 山本雅康(tool) 後藤洋平(tool),折原綱義|土屋広継|牧由尚,,,大友美智男,
1994-04-29,アクレイムジャパン,NBAJAM(ジャム),SFC,16M,SPT,"￥9,800","￥10,000代",0,-,,,,,,,,
1994-04-29,アスク講談社,ナイスDEショット,SFC,12M,SPT,"￥9,800","￥10,000代",0,-,,,,,,大場つぐみ,,
1994-05-01,エポック社,Jリーグエキサイトステージ'94,SFC,12M,SPT,"￥9,800","￥10,000代",0,31,,,,,,,,
1994-05-13,ビーアイ,伊達公子のバーチャルテニス,SFC,8M,SPT,"￥9,000","￥9,000代",0,-,,,,,,,,
1994-05-20,ココナッツジャパンエンターテイメント,パチ夫くんSPECIAL2,SFC,8M,TBL,"￥9,980","￥10,000代",0,-,,,,,,,,
1994-05-27,データイースト,ファイターズヒストリー,SFC,20M,ACT,"￥9,800","￥10,000代",0,-,,,,,,,,
1994-05-27,バンダイ,クレヨンしんちゃん2大魔王の逆襲,SFC,4M,ACT,"￥6,800","￥7,000代",0,-,,,,尾形和正|田中庸介|牛村憲彦,,,,
1994-05-27,ケイエスエス,競馬予想馬券錬金術,SFC,4M,ETC,"￥9,500","￥9,500代",0,-,,,,,,,,
1994-05-27,テクノスジャパン,くにおのおでん,SFC,4M,PZL,"￥6,900","￥7,000代",0,-,,,,,,,,
1994-05-27,BPS,ドリフトキング首都高バトル'94土屋圭市＆坂東正明,SFC,12M,RCG,"￥9,800","￥10,000代",0,-,,,,,,,,
1994-05-27,パック・イン・ビデオ,スーパーバトルタンク2,SFC,16M,SHT,"￥9,800","￥10,000代",0,-,,,,,,,,
1994-05-27,バンダイ,SDガンダムGX,SFC,8M,SLG,"￥9,800","￥10,000代",0,-,,,,,,,,
1994-06-04,任天堂,ワイルドトラックス,SFC,8M,RCG,"￥9,800","￥10,000代",0,32,,菱田達也,ジャイルズ・ゴダード|木村真人|山本健二|コリン・リード,高橋伸也|森直樹|黒梅知明|今村孝矢,天宅しのぶ,,宮本茂,
1994-06-08,ヘクト,サラブレッドブリーダーⅡ,SFC,16M,ETC,"￥12,800","￥13,000代",0,-,,,,,,,,
1994-06-10,カプコン,ナイツオブザラウンド,SFC,12M,ACT,"￥9,500","￥9,500代",0,-,,,綱崎裕三,,阿部功,,,
1994-06-10,ナムコ,幽☆遊☆白書2格闘の章,SFC,16M,ACT,"￥9,600","￥9,500代",0,-,,,,,,,,
1994-06-10,日本ファルコム,ぽっぷるメイル,SFC,8M,ACT,"￥8,800","￥9,000代",0,-,,木屋善夫,永嶋純,今井浩之|塩田雄一|田中久仁彦,石川三恵子|白川篤史,,加藤正幸,
1994-06-14,任天堂,スーパーゲームボーイ,SFC,2M,ETC,"￥7,000","￥7,000代",0,-,,,,,,,,
1994-06-17,カルチャーブレーン,SD飛龍の拳,SFC,16M,ACT,"￥9,800","￥10,000代",0,-,,,,,,,,
1994-06-17,ナツメ,奇々怪界-月夜草子-,SFC,12M,ACT,"￥9,500","￥9,500代",0,-,,,,藤川純一,岩月博之|山下絹代|大橋春男|やまおあすか,,,
1994-06-17,パック・イン・ビデオ,やまねこバブジーの大冒険,SFC,16M,ACT,"￥9,800","￥10,000代",0,-,,,,,,,,
1994-06-17,日本物産,スーパー4WDTHEBAJA(バハ),SFC,8M,RCG,"￥8,800","￥9,000代",0,-,,,,,,,,
1994-06-17,EAV,ウルティマ外伝黒騎士の陰謀,SFC,8M,RPG,"￥9,800","￥10,000代",0,-,,,,,,,,
1994-06-17,ココナッツジャパンエンターテイメント,ワールドカップストライカー,SFC,8M,SPT,"￥9,980","￥10,000代",0,-,,,,,,,,
1994-06-17,ヒューマン,スーパーフォーメーションサッカー'94,SFC,8M,SPT,"￥9,800","￥10,000代",0,-,,,,,,,,
1994-06-17,ビクターエンタテインメント,FIFAインターナショナル・サッカー,SFC,8M,SPT,"￥9,800","￥10,000代",0,-,,,,,,,,
1994-06-17,アイマックス,スーパー将棋2,SFC,12M,TBL,"￥9,800","￥10,000代",0,-,,,,,,,,
1994-06-24,サンソフト,バックス・バニーはちゃめちゃ大冒険,SFC,12M,ACT,"￥9,200","￥9,000代",0,-,,,,,ナオト・インティライミ(作詞・作曲),,,
1994-06-24,ジャレコ,ジュラシック・パーク,SFC,16M,ACT,"￥9,800","￥10,000代",0,-,,,,,,『Jurassic Park Adventures: Survivor』(2001年) 『Jurassic Park Adventures: Prey』(2001年) 『Jurassic Park Adventures: Flyers』(2002),,
1994-06-24,DEN'Z,ジグザグキャットダチョウ倶楽部も大騒ぎダ,SFC,12M,PZL,"￥9,500","￥9,500代",0,-,,佐藤良一|藤井大輔,はやしさとし|まつざわつよし,おおかわまこと|永井満夫|佐藤良一|藤井大輔|きずはじめ|ながせよういち,稲田昌子,佐藤良一,おおかわまこと|ダチョウ倶楽部,
1994-06-24,バンプレスト,スレイヤーズ,SFC,12M,RPG,"￥9,800","￥10,000代",0,-,,,,,,,,
1994-06-24,パック・イン・ビデオ,スーパードッグファイト,SFC,16M,SHT,"￥9,800","￥10,000代",0,-,,,,,,,,
1994-06-24,イマジニア,スーパービリヤード,SFC,8M,TBL,"￥9,800","￥10,000代",0,-,,,,,,,,
1994-06-25,カプコン,スーパーストリートファイターⅡ,SFC,32M,ACT,"￥10,900","￥11,000代",129,30,,,,,,,,
1994-06-25,光栄,ブランディッシュ,SFC,12M,RPG,"￥10,800","￥11,000代",0,-,,,,,,,,
1994-06-25,日本コンピュータシステム,全日本プロレスファイトだポン!,SFC,8M,SPT,"￥9,800","￥10,000代",0,-,,,,,,,,
1994-06-28,ヒューマン,テコンドー,SFC,8M,SPT,"￥8,900","￥9,000代",0,-,,,,,,,,
1994-07-01,ザウルス,ワールドヒーローズ2,SFC,24M,ACT,"￥9,980","￥10,000代",0,-,,,,,,,,
1994-07-01,POW,遊人のふりふりガールズ,SFC,8M,TBL,"￥8,900","￥9,000代",0,-,,,,,,,,
1994-07-08,ハドソン,美女と野獣,SFC,8M,ACT,"￥8,500","￥8,500代",0,-,,,,,,,,
1994-07-08,BPS,テトリスフラッシュ,SFC,8M,PZL,"￥8,000","￥8,000代",0,-,,山本雅央|山上仁志,,,高野充彦|上村みゆき,,横井軍平,
1994-07-08,エニックス,スラップスティック,SFC,12M,RPG,"￥9,600","￥9,500代",0,-,,,,,,,,
1994-07-08,イマジニアズーム,ドラッキーのAりーぐさっかー,SFC,12M,SPT,"￥9,800","￥10,000代",0,-,,,,,,,,
1994-07-08,パック・イン・ビデオ,つり太郎,SFC,8M,SPT,"￥9,800","￥10,000代",0,-,,,,,,,,
1994-07-15,アスミック,バトルZEQUE伝(ゼクウ),SFC,12M,ACT,"￥9,800","￥10,000代",0,-,,,,,,,,
1994-07-15,ヴァージンゲーム,ジャングルブック,SFC,16M,ACT,"￥9,800","￥10,000代",0,-,,,,,,,,
1994-07-15,データム・ポリスター,キーパー,SFC,4M,PZL,"￥7,200","￥7,000代",0,-,,,,,,,,
1994-07-15,バンダイ,美少女戦士セーラームーンSこんどはパズルでおしおきよ!,SFC,4M,PZL,"￥6,800","￥7,000代",0,-,,,,,,,,
1994-07-15,日本物産,スーパーF1サーカス3,SFC,16M,RCG,"￥9,900","￥10,000代",0,-,,,,,,,,
1994-07-15,T＆Eソフト,ソード・ワールドSFC2いにしえの巨人伝説,SFC,16M,RPG,"￥9,900","￥10,000代",0,-,,,,,,,,
1994-07-15,ビクターエンタテインメント,サンサーラ・ナーガ2,SFC,12M,RPG,"￥9,800","￥10,000代",0,-,,押井守,松木善勝|山木光人|いちやまたまき,永井努|柿之本ゆう|桜玉吉,川井憲次,伊藤和典,吉岡賢,
1994-07-15,ポニーキャニオン,歌舞伎町リーチ麻雀東風戦,SFC,4M,TBL,"￥8,800","￥9,000代",0,-,,,,,,,,
1994-07-15,魔法,パチスロ研究,SFC,4M,TBL,"￥9,500","￥9,500代",0,-,,,,,,,,
1994-07-22,カプコン,グーフィーとマックス海賊島の大冒険,SFC,4M,ACT,"￥7,800","￥8,000代",0,-,,,,,,,,
1994-07-22,ハドソン,超原人,SFC,12M,ACT,"￥8,800","￥9,000代",0,-,,吉川昇一,荒居弘之|白谷守,吉川昇一|青木コブ太,西澤正明|植木啓示|末村謙之輔,,宮本徳人,
1994-07-22,ホリ電機,ジグソーパーティ,SFC,8M,PZL,"￥8,200","￥8,000代",0,-,,,,,,,,
1994-07-22,メディアリング,ゼロヨンチャンプRR,SFC,16M,RCG,"￥9,980","￥10,000代",0,-,,,,,M・M・キーラヴァーニ,S・S・ラージャマウリ|サーイ・マーダヴ・ブッラ(英語版)(台詞),,
1994-07-22,ヒューマン,ファイプロ女子オールスタードリームスラム,SFC,16M,SPT,"￥9,500","￥9,500代",0,-,,,,,,,,
1994-07-22,アテナ,プロ麻雀極Ⅱ,SFC,4M,TBL,"￥9,800","￥10,000代",0,-,,,,,,,,
1994-07-28,カルチャーブレーン,スーパーウルトラベースボール2,SFC,4M,SPT,"￥9,800","￥10,000代",0,-,,,,,,,,
1994-07-29,インフォコム,ズールのゆめぼうけん,SFC,8M,ACT,"￥8,800","￥9,000代",0,-,,,,,,,,
1994-07-29,タカラ,餓狼伝説SPECIAL,SFC,32M,ACT,"￥10,900","￥11,000代",0,-,,,,塚本高史,清水敏夫|山田泰正|北村芳彦,,川崎英吉,
1994-07-29,T＆Eソフト,ロードランナーツインジャスティとリバティの大冒険,SFC,8M,PZL,"￥8,800","￥9,000代",0,-,,,,,ナオト・インティライミ(作詞・作曲),,,
1994-07-29,日本テレネット,天使の詩白き翼の祈り,SFC,12M,RPG,"￥9,980","￥10,000代",0,-,,,,,,,,
1994-07-29,サンソフト,ワールドカップUSA'94,SFC,12M,SPT,"￥9,800","￥10,000代",0,-,,,,,,,,
1994-07-29,タイトー,ハットトリックヒーロー2,SFC,8M,SPT,"￥8,900","￥9,000代",0,-,,,中村辰男|岩崎雄二|征矢野伸二|ながはらくさご|つねきよこうじ|黒沢孝,こぼりたけし|こぼりたけし|関本努|平松信宏|PEACOCK,小倉久佳|渡部恭久,,,
1994-07-29,魔法,甲子園3,SFC,12M,SPT,"￥9,800","￥10,000代",0,-,,,,,,,,
1994-07-29,アイマックス,スーパーパチンコ,SFC,8M,TBL,"￥9,800","￥10,000代",0,-,,,,,,,,
1994-07-29,ケイエスエス,パチスロ物語ユニバーサル・スペシャル,SFC,8M,TBL,"￥9,800","￥10,000代",0,-,,,,,,,,
1994-07-29,日本物産,スーパーニチブツマージャン3吉本劇場篇,SFC,16M,TBL,"￥10,800","￥11,000代",0,-,,,,,,,,
1994-08-03,ハドソン,スーパーパワーリーグ2,SFC,20M,SPT,"￥9,800","￥10,000代",0,-,,,,,,,,
1994-08-05,ケムコ,G2ジェノサイド,SFC,16M,ACT,"￥9,800","￥10,000代",0,-,,,,,,,,
1994-08-05,ジャレコ,すーぱー忍者くん,SFC,8M,ACT,"￥7,900","￥8,000代",0,-,,,,,,,,
1994-08-05,アルトロン,アリョールうごく絵Ver2.0,SFC,8M,PZL,"￥9,800","￥10,000代",0,-,,,,,,,,
1994-08-05,タカラ,魔法ぽいぽいぽいっと!,SFC,8M,PZL,"￥8,800","￥9,000代",0,-,,,,,,,,
1994-08-05,バンプレスト,鬼神降臨伝ONI,SFC,12M,RPG,"￥9,800","￥10,000代",0,-,,,,,,,,
1994-08-05,アイマックス,スーパー高校野球一球入魂,SFC,8M,SPT,"￥9,800","￥10,000代",0,-,,,,,,,,
1994-08-05,ナムコ,Jリーグサッカープライムゴール2,SFC,12M,SPT,"￥8,800","￥9,000代",0,-,,,,,,,,
1994-08-05,アイマックス,スーパー花札,SFC,4M,TBL,"￥8,800","￥9,000代",0,-,,,,,,,,
1994-08-05,ココナッツジャパンエンターテイメント,PinballPINBALL,SFC,8M,TBL,"￥9,980","￥10,000代",0,-,,,,,,,,
1994-08-12,タイトー,ザ・フリントストーンズ,SFC,8M,ACT,"￥8,500","￥8,500代",0,-,,,,,,,,
1994-08-12,サンソフト,レミングス2,SFC,16M,PZL,"￥9,800","￥10,000代",0,-,,,,,,,,
1994-08-12,ナツメ,WILDGUNS(ワイルドガンズ),SFC,8M,SHT,"￥9,200","￥9,000代",0,-,,,,,,,,
1994-08-12,光栄,スーパー三國志,SFC,8M,SLG,"￥9,800","￥10,000代",0,-,,,,,菅野よう子,,シブサワ・コウ,
1994-08-12,タイトー,スーパー究極ハリキリスタジアム2,SFC,12M,SPT,"￥9,500","￥9,500代",0,-,,,,,,,,
1994-08-12,バリエ,新日本プロレスリング'94バトルフィールドIN闘強導夢,SFC,20M,SPT,"￥11,800","￥12,000代",0,-,,,,,,,,
1994-08-12,ヒューマン,スーパーファイナルマッチテニス,SFC,8M,SPT,"￥8,900","￥9,000代",0,-,,,,,,,,
1994-08-12,テクノスジャパン,ポパイいじわる魔女シーハッグの巻,SFC,12M,TBL,"￥9,500","￥9,500代",0,-,,,,,,,,
1994-08-19,シャノアール,麻雀悟空天竺,SFC,4M,TBL,"￥9,800","￥10,000代",0,-,,,,,,,,
1994-08-19,バップ,必勝777ファイターⅡパチスロ(秘)情報,SFC,4M,TBL,"￥9,500","￥9,500代",0,-,,,,,,,,
1994-08-26,ヴィジット,アップルシードプロメテウスの神託,SFC,16M,ACT,"￥9,800","￥10,000代",0,-,,,,,,,,
1994-08-26,カルチャーブレーン,押忍!!空手部,SFC,24M,ACT,"￥10,800","￥11,000代",0,-,,,,,,,,
1994-08-26,ケムコ,スーパードラッケン,SFC,16M,ACT,"￥9,800","￥10,000代",0,-,,,戸野文雄|増野宏之|たにおさむ,すえだきみなり,小松真理,ひらはらしょうこ,道浦忍,
1994-08-26,ショウエイシステム,松村邦洋伝最強の歴史をぬりかえろ!,SFC,24M,ACT,"￥9,900","￥10,000代",0,-,,たけくらたかし,高山智博|よくらはるえ|にしもとくにこ|にしもとつとむ,,,,まついこうじ,
1994-08-26,ナムコ,ハロー!パックマン,SFC,12M,ACT,"￥8,300","￥8,500代",0,-,,,,,田島勝朗,,水野一実,
1994-08-26,トンキンハウス,サイバーナイトⅡ地球帝国の野望,SFC,16M,RPG,"￥9,900","￥10,000代",0,-,,かわいやすゆき,まさきたかきよ,水野良|松浦まさふみ,酒井能克|酒井恭子,山本弘,浦井郁郎,
1994-08-26,ケイエスエス,横綱物語,SFC,8M,SPT,"￥9,800","￥10,000代",0,-,,,,,,,,
1994-08-27,任天堂,MOTHER2ギーグの逆襲(マザー2),SFC,24M,RPG,"￥9,800","￥10,000代",0,-,,,,,,,,
1994-08-31,キャラクターソフト,サンリオ上海,SFC,4M,PZL,"￥6,980","￥7,000代",0,-,,,,,,,,
1994-08-31,サンソフト,へべれけのおいしいパズルはいりませんか,SFC,10M,PZL,"￥8,900","￥9,000代",0,-,,,,,,,,
1994-09-02,スクウェア,ライブ・ア・ライブ,SFC,16M,RPG,"￥9,900","￥10,000代",0,-,,時田貴司,深谷文明,小林よしのり|青山剛昌|藤原芳秀|石渡治|皆川亮二|島本和彦|田村由美,下村陽子,時田貴司|井上信行,,
1994-09-09,ヒューマン,ザ・ファイヤーメン,SFC,8M,ACT,"￥9,300","￥9,500代",0,-,,,藤井伸宏,いしづかたいち|しみずゆういち|徳森英二|よしおかまさゆき,前田英人|伊藤このみ|田中宏典|那珂裕之,,,
1994-09-09,ビクターエンタテインメント,チョップリフターⅢ,SFC,4M,SHT,"￥7,800","￥8,000代",0,-,,,,ダン・ゴーリン,,,,
1994-09-15,コナミ,スパークスター,SFC,8M,ACT,"￥9,800","￥10,000代",0,-,,,,,,,,
1994-09-15,サンソフト,上海Ⅲ,SFC,8M,PZL,"￥8,900","￥9,000代",0,-,,,,,,,,
1994-09-16,アスミック,おでかけレスタ～れれれのれ,SFC,8M,ACT,"￥8,900","￥9,000代",0,-,,,,,,,,
1994-09-16,カロッツェリアジャパン,リーディングジョッキー,SFC,4M,ETC,"￥9,800","￥10,000代",0,-,,,,,,,,
1994-09-16,サミー,実戦パチスロ必勝法2,SFC,8M,TBL,"￥9,980","￥10,000代",0,-,,,,,,,,
1994-09-18,バンダイ,ジャングルの王者ターちゃん世界漫遊大格闘の巻,SFC,8M,ACT,"￥8,800","￥9,000代",0,-,,,,,,,,
1994-09-20,アテナ,描いて・作って・遊べるデザエモン,SFC,4M,ETC,"￥12,900","￥13,000代",0,-,,,,,,,,
1994-09-21,任天堂,カービィボウル,SFC,12M,ACT,"￥7,900","￥8,000代",0,-,,齋藤崇,阿部哲也|郡司照幸|乙黒誠二|高橋芳美|金井誠|三津原敏|中島圭,菱田達也|高橋伸也|橋口茂|橋倉正|三浦和弥,安藤浩和,,山内溥|宮本茂|清水隆雄,
1994-09-22,タカラ,サムライスピリッツ,SFC,32M,ACT,"￥10,900","￥11,000代",0,-,,,,,,,,
1994-09-22,ナムコ,リブルラブル,SFC,4M,ACT,"￥6,300","￥6,500代",0,-,,,黒須一雄,岩谷徹|佐藤誠市,大野木宜幸|小沢純子,,岩谷徹,
1994-09-22,バリエ,中嶋悟監修F-1HERO'94,SFC,8M,RCG,"￥9,800","￥10,000代",0,-,,,,,,,,
1994-09-22,アスキー,ウィザップ!暗黒の王,SFC,16M,RPG,"￥9,900","￥10,000代",0,-,,,,,,,,
1994-09-22,キングレコード,ラリー・ニクソン・スーパー・バスフィッシング,SFC,12M,SPT,"￥9,800","￥10,000代",0,-,,,,,,,,
1994-09-22,ヒューマン,スーパーフォーメーションサッカー'94ワールドカップファイナルデータ,SFC,8M,SPT,"￥9,800","￥10,000代",0,-,,,,,,,,
1994-09-22,イマジニア,本家花札,SFC,8M,TBL,"￥9,800","￥10,000代",0,-,,,,,,,,
1994-09-23,バンプレスト,ゴーストチェイサー電精,SFC,16M,ACT,"￥9,800","￥10,000代",0,-,,,大矢晋一,山岸望|坂木和史,山根昇,,川島利文,
1994-09-23,光栄,アンジェリーク,SFC,16M,SLG,"￥9,800","￥10,000代",0,-,,,,,,,,
1994-09-23,スターフィッシュデータ,スーパーブラックバス2,SFC,16M,SPT,"￥9,800","￥10,000代",0,-,,,,,,,,
1994-09-23,ビック東海,TOKORO'Sマージャン,SFC,8M,TBL,"￥9,500","￥9,500代",0,-,,,,,,,,
1994-09-23,四次元,麻雀戦国物語,SFC,8M,TBL,"￥9,300","￥9,500代",0,-,,,,,,,,
1994-09-29,バンダイ,ドラゴンボールZ超武闘伝3,SFC,16M,ACT,"￥9,800","￥10,000代",90,-,,,TNK|MOTOR-OM|まるこぱぱ,SOBA|ぬーぴー|J DESIGNS|ポチっと犬じろう|NAKANOKUN|ひでさん,山本健司|AMAYANG|CHATRASCH|SWITCH.E,,磯貝健夫,
1994-09-30,アクレイムジャパン,クラッシュ・ダミー,SFC,8M,ACT,"￥8,900","￥9,000代",0,-,,,,,,,,
1994-09-30,アクレイムジャパン,バーチャルバート,SFC,16M,ACT,"￥9,800","￥10,000代",0,-,,,,,,,,
1994-09-30,イマジニア,競馬エイトスペシャル2,SFC,8M,ETC,"￥9,980","￥10,000代",0,-,,,,,,,,
1994-09-30,コナミ,タイニー・トゥーンアドベンチャーズ～ドタバタ大運動会～,SFC,8M,ETC,"￥9,000","￥9,000代",0,-,,,,,,,,
1994-09-30,日本コンピュータシステム,バイク大好き!走り屋魂,SFC,4M,RCG,"￥9,600","￥9,500代",0,-,,,,,,,,
1994-09-30,ヒューマン,ヒューマングランプリ3F1トリプルバトル,SFC,16M,RCG,"￥10,500","￥10,500代",0,-,,,,,,,,
1994-09-30,アスキー,ダウン・ザ・ワールド,SFC,16M,RPG,"￥9,800","￥10,000代",0,-,,かわのひろみつ,かわのひろみつ|すずきひさし|いのうえたくみ|たかとりみつはる|なかやませいじ|わたなべたくや,杉山一郎|なかやませいじ|松下進,ジェフ・ファイファー|ロブ・ファイファー,康珍化,浜村弘一|金田剛|吉田穂積,
1994-09-30,ジャレコ,天龍源一郎のプロレスレヴォリューション,SFC,16M,SPT,"￥9,800","￥10,000代",0,-,,,,,,,,
1994-09-30,DEN'Z,バークレーのパワーダンク,SFC,12M,SPT,"￥9,200","￥9,000代",0,-,,,,,,,,
1994-09-30,光栄,麻雀大会Ⅱ,SFC,8M,TBL,"￥9,800","￥10,000代",0,-,,,,,,,シブサワ・コウ,
1994-10-07,セタ,ノスフェラトゥ,SFC,16M,ACT,"￥9,800","￥10,000代",0,-,,,,,,,,
1994-10-07,ソフエル,MR.NUTZ,SFC,8M,ACT,"￥8,800","￥9,000代",0,-,,,,,,,,
1994-10-07,アスミック,シヴィライゼーション世界七大文明,SFC,12M,SLG,"￥12,800","￥13,000代",0,-,,,,,,,,
1994-10-14,アトラス,豪血寺一族,SFC,24M,ACT,"￥10,500","￥10,500代",0,-,,,,,,,,
1994-10-14,DEN'Z,UFO仮面ヤキソバンケストラーの黒い陰謀,SFC,8M,ACT,"￥5,890","￥6,000代",0,-,,,,,,,,
1994-10-15,POW,パチンコファン勝利宣言,SFC,8M,TBL,"￥9,800","￥10,000代",0,-,,,,,,,,
1994-10-16,ナツメ,下野正希のFishingToBassing,SFC,8M,SPT,"￥9,800","￥10,000代",0,-,,,,,,,,
1994-10-19,魔法,はらぺこバッカ,SFC,2M,PZL,"￥4,980","￥5,000代",0,-,,,,,,,,
1994-10-21,カプコン,デモンズ・ブレイゾン魔界村紋章編,SFC,16M,ACT,"￥9,800","￥10,000代",0,-,,宮崎亮,,岩尾賢一,堀山俊彦,,藤原得郎,
1994-10-21,ケムコ,キッドクラウンのクレイジーチェイス,SFC,8M,ACT,"￥8,800","￥9,000代",0,-,,,しんどうこういち|かねゆききくお|まつおやすあき|T.MASUMURA,佐々木晃,ふるたしんいち|古田瑶子|折重由美子|ムジカ・プレスト,寺田憲史,,
1994-10-21,ナムコ,スーパーファミリーサーキット,SFC,8M,RCG,"￥8,800","￥9,000代",0,-,,,,,,,,
1994-10-21,データイースト,ヘラクレスの栄光IV神々からの贈り物,SFC,16M,RPG,"￥9,900","￥10,000代",0,-,,,,,,,,
1994-10-21,テクノスジャパン,船木誠勝HYBRIDWRESTLER闘技伝承,SFC,16M,SPT,"￥9,800","￥10,000代",0,-,,,,,,,,
1994-10-21,トンキンハウス,スーパーラグビー,SFC,8M,SPT,"￥9,000","￥9,000代",0,-,,,,,,,,
1994-10-21,サンソフト,必殺パチンココレクション,SFC,8M,TBL,"￥9,800","￥10,000代",0,-,,,,,ナオト・インティライミ(作詞・作曲),,,
1994-10-21,ナグザット,本格麻雀徹萬Ⅱ,SFC,4M,TBL,"￥8,900","￥9,000代",0,-,,,,,,,,
1994-10-28,アルトロン,化学者ハリーの波乱万丈,SFC,4M,ACT,"￥8,900","￥9,000代",0,-,,,,,,,,
1994-10-28,サンソフト,少年忍者サスケ,SFC,12M,ACT,"￥9,800","￥10,000代",0,-,,,,,,,,
1994-10-28,BPS,爆投ドッチャーズバンプス島は大さわぎ,SFC,8M,ACT,"￥8,500","￥8,500代",0,-,,,,,,,,
1994-10-28,ココナッツジャパンエンターテイメント,スーパーカジノ2,SFC,4M,ETC,"￥9,800","￥10,000代",0,-,,,,,,,,
1994-10-28,イマジニアズーム,ドラッキーのパズルツアー'94,SFC,4M,PZL,"￥8,200","￥8,000代",0,-,,,,,,,,
1994-10-28,アトラス,真・女神転生if…,SFC,16M,RPG,"￥9,990","￥10,000代",0,-,,岡田耕始,佐藤雅実|迎一彌|金田直美|矢部直也,伊藤龍太郎|藤岡一樹|礒貝正吾|藤木真一|細野雄士|橋野桂|金子一馬|佐藤佐和子|村上哲也|岩崎智美|片岡いずみ|池永美奈子|野口暁,増子司,,横山秀幸,
1994-10-28,日本クラリービジネス,イルバニアンの城,SFC,16M,SLG,"￥9,980","￥10,000代",0,-,,,,,,,,
1994-10-28,やのまん,フェーダ(FEDA)エンブレムオブジャスティス,SFC,20M,SLG,"￥9,990","￥10,000代",0,-,,,,,,,,
1994-10-28,テクモ,テクモスーパーベースボール,SFC,12M,SPT,"￥9,800","￥10,000代",0,-,,,,,,,,
1994-10-28,パック・イン・ビデオ,マルチプレイバレーボール,SFC,8M,SPT,"￥8,900","￥9,000代",0,-,,,,,,,,
1994-10-28,ユタカ,DEARBOYS,SFC,12M,SPT,"￥9,800","￥10,000代",0,-,,,,加野晃,井上日徳,八神ひろき,,
1994-10-28,ケイエスエス,卒業番外篇ねぇ麻雀しよ!,SFC,8M,TBL,"￥9,800","￥10,000代",0,-,,,,,,,,
1994-10-28,タイトー,本格派囲碁碁聖,SFC,8M,TBL,"￥14,800","￥15,000代",0,-,,,,,,,,
1994-10-28,日本テレネット,SANKYOFever!フィーバー!,SFC,8M,TBL,"￥9,800","￥10,000代",0,-,,,,,,,,
1994-11-11,アクレイムジャパン,モータルコンバットⅡ究極神拳,SFC,24M,ACT,"￥11,800","￥12,000代",0,-,,,,,,,,
1994-11-11,カプコン,ミッキーとミニーマジカルアドベンチャー2,SFC,16M,ACT,"￥9,500","￥9,500代",0,-,,,篠原雅嗣,,友澤眞,,ノア・ダッドレー|ゲーリー・グレイパー,
1994-11-11,ジャレコ,ファイヤー・ファイティング,SFC,8M,ACT,"￥9,890","￥10,000代",0,-,,,大原健志|秋山望,松田信|前川恵一|さとうひろき,緒方貴宏,,,
1994-11-11,バンダイ,ゴン,SFC,8M,ACT,"￥8,800","￥9,000代",0,-,,,,,,,,
1994-11-11,コナミ,実況ワールドサッカーPERFECTELEVEN,SFC,16M,SPT,"￥9,980","￥10,000代",0,-,,,,,,,,
1994-11-18,ハドソン,鋼HAGANE,SFC,16M,ACT,"￥9,500","￥9,500代",0,-,,,,,,,,
1994-11-18,バンダイ,パニックインなかよしワールド,SFC,4M,ACT,"￥6,800","￥7,000代",0,-,,,,,,,,
1994-11-18,四次元,花の慶次-雲のかなたに-,SFC,16M,ACT,"￥9,800","￥10,000代",0,-,,,,,,,,
1994-11-18,ココナッツジャパンエンターテイメント,中野浩一監修競輪王,SFC,4M,ETC,"￥9,980","￥10,000代",0,-,,,,,,,,
1994-11-18,コナミ,ツヨシしっかりしなさい対戦ぱずるだま,SFC,8M,PZL,"￥8,500","￥8,500代",0,-,,,,,,,,
1994-11-18,アトラス,GP-1RS(ラピッドストリーム),SFC,12M,RCG,"￥9,800","￥10,000代",0,-,,,,,,,,
1994-11-18,アスク講談社,マグナブラバン遍歴の勇者,SFC,12M,RPG,"￥9,800","￥10,000代",0,-,,水足淳一,すずきよういち,杉浦俊朗|村瀬修功,佐藤天平,高山克彦,小山秀一,
1994-11-18,ポニーキャニオン,ウルティマⅦザ・ブラックゲート,SFC,8M,RPG,"￥9,800","￥10,000代",0,-,,,,,,,,
1994-11-18,ナムコ,ミリティア,SFC,12M,SLG,"￥8,800","￥9,000代",0,-,,,中村隆徳,,柴野浩美,大場惑,,
1994-11-18,ヒューマン,ドリームバスケットボールDUNK＆HOOP,SFC,12M,SPT,"￥9,600","￥9,500代",0,-,,,,,,,,
1994-11-18,ソフエル,モンスターメーカーキッズ王様になりたい,SFC,8M,TBL,"￥9,200","￥9,000代",0,-,,,,,,,,
1994-11-18,日本物産,スーパー五目・将棋定跡研究篇,SFC,8M,TBL,"￥9,500","￥9,500代",0,-,,,,,,,,
1994-11-18,バップ,パチンコ(秘)必勝法,SFC,8M,TBL,"￥9,800","￥10,000代",0,-,,,,,,,,
1994-11-18,バリエ,遊人雀獣学園2,SFC,16M,TBL,"￥9,800","￥10,000代",0,-,,,,,,,,
1994-11-25,チュンソフト,かまいたちの夜,SFC,24M,ADV,"￥10,800","￥11,000代",70,30,,麻野一哉,斉藤昌快|二位真裕|山田信洋|小川一美|中島康雄|大森田不可止,小泉冬彦|落合信也|佐々木真治|佐藤圭子|長谷川薫|原田久美子,加藤恒太|中嶋康二郎,我孫子武丸,中村光一,
1994-11-25,トミー,なるほど!ザ・ワールド,SFC,12M,ETC,"￥9,500","￥9,500代",0,-,,,,,,,王東順,
1994-11-25,ビクターエンタテインメント,ノンタンといっしょくるくるぱずる,SFC,4M,PZL,"￥7,800","￥8,000代",0,-,,,,,,,,
1994-11-25,コナミ,極上パロディウス,SFC,16M,SHT,"￥9,800","￥10,000代",0,-,,,徳田典|もりとめやすゆき,Shuzilow.HA|あさりよしとお,深見誠一|宮脇聡子|妹尾和浩,,,
1994-11-25,ジャレコ,武田修宏のスーパーリーグサッカー,SFC,8M,SPT,"￥9,800","￥10,000代",0,-,,,,,,,,
1994-11-25,バンプレスト,バトルサッカー2,SFC,12M,SPT,"￥8,800","￥9,000代",0,-,,,,,,,,
1994-11-25,四次元,全国高校サッカー,SFC,8M,SPT,"￥9,800","￥10,000代",0,-,,,,,,,,
1994-11-25,アイマックス,スーパー麻雀3辛口,SFC,8M,TBL,"￥9,800","￥10,000代",0,-,,,,,,,,
1994-11-25,ココナッツジャパンエンターテイメント,元祖パチスロ日本一,SFC,8M,TBL,"￥9,980","￥10,000代",0,-,,,,,,,,
1994-11-25,タイトー,大爆笑人生劇場大江戸日記,SFC,8M,TBL,"￥9,000","￥9,000代",0,-,,西角友宏,たじませいいち|いとうわりゅー|みずの,くろさわきょうこ|さかべゆかり|東京省,わたなべよしお|草津きよし,,,
1994-11-25,ヒューマン,ただいま勇者募集中おかわり,SFC,16M,TBL,"￥9,900","￥10,000代",0,-,,,,,,,,
1994-11-26,任天堂,スーパードンキーコング,SFC,32M,ACT,"￥9,800","￥10,000代",300,31,,ティム・スタンパー,クリス・サザーランド|ブレンダン・ガン,グレッグ・メイレス|スティーヴ・メイルズ|ケヴィン・ベイリス|マーク・スティーヴンソン,デヴィッド・ワイズ|イーブリン・フィッシャー|ロビン・ビーンランド,,,
1994-12-02,イマジニア,制服伝説プリティファイター,SFC,16M,ACT,"￥9,980","￥10,000代",0,-,,大須賀篤,荻原務,黒田愛美|中村鉄嗣,森彰彦,,飯田祥一,
1994-12-02,UBIソフト,ストリートレーサー,SFC,8M,RCG,"￥9,200","￥9,000代",0,-,,,,,,,,
1994-12-02,カプコン,ブレスオブファイアⅡ使命の子,SFC,20M,RPG,"￥9,980","￥10,000代",0,-,,,,,,,,
1994-12-02,テイチク,ザ・ラストバトル,SFC,16M,RPG,"￥9,800","￥10,000代",0,-,,山口健司,富沢賢一,木村初|土居孝幸,岡本智郎,木村初|石川雅之|長崎剛志,高野泰博,
1994-12-02,やのまん,アレサⅡ(ARETHA2)アリエルの不思議な旅,SFC,16M,RPG,"￥9,900","￥10,000代",0,-,,,,,,,,
1994-12-02,アスミック,ドカポン3・2・1嵐を呼ぶ友情,SFC,12M,TBL,"￥9,600","￥9,500代",0,-,,,,,,,,
1994-12-09,ヴァージンゲーム,ライオン・キング,SFC,24M,ACT,"￥9,980","￥10,000代",0,-,,,,,ハンス・ジマー,なし,,
1994-12-09,東宝,ゴジラ怪獣大決戦,SFC,24M,ACT,"￥9,980","￥10,000代",0,-,,森永由美子,ひげぴん|宮崎和久|中村巧,吉良かつや|ひげぴん|横沼公理|横沼公理|永田竜也|梅田健志|有吉陽平,森永由美子|安田拓也|吉川雄二,,角田純一|竹野雅人,
1994-12-09,エニックス,ワンダープロジェクトJ機械の少年ピーノ,SFC,24M,ADV,"￥11,800","￥12,000代",0,-,,米田喬,山彦寛子|返町孝|塩谷博光,米田喬|川元利弘,森彰彦,米田喬,藤本広貴,
1994-12-09,タカラ,牌砦,SFC,8M,PZL,"￥8,800","￥9,000代",0,-,,,,,,,,
1994-12-09,イマジニア,バトルクロス,SFC,8M,RCG,"￥9,800","￥10,000代",0,-,,,,,,,,
1994-12-09,パック・イン・ビデオ,ヴォルテックス,SFC,4M,SHT,"￥9,900","￥10,000代",0,-,,,,,,,,
1994-12-09,光栄,三國志Ⅳ,SFC,24M,SLG,"￥14,800","￥15,000代",0,-,,,,,長生淳|久保田邦夫,,シブサワ・コウ,
1994-12-09,テクモ,キャプテン翼V覇者の称号カンピオーネ,SFC,16M,SPT,"￥9,980","￥10,000代",0,-,,,,,,,,
1994-12-09,テクノスジャパン,すごろクエスト++-ダイスニクス-,SFC,16M,TBL,"￥9,900","￥10,000代",0,-,,,高橋満,scirocco,澤和雄,,白戸政男,
1994-12-09,ハドソン,スーパー桃太郎電鉄Ⅲ,SFC,8M,TBL,"￥9,500","￥9,500代",0,-,,さくまあきら|友野信彦|浅野耕一郎,楊裕治|中谷伸司|駒井一夫,土居孝幸,関口和之,,浦敏治,
1994-12-16,エポック社,ドラえもん3のび太と時の宝玉,SFC,12M,ACT,"￥9,500","￥9,500代",0,-,,葭原智|桑原悟,中川徹|しらいはじめ|うらぐちひろき,安部淳也|宍倉典幸|今入昭治|ちわたみちよ|ほんだみちひろ,濱田智之,田島大輔,沓掛隆志,
1994-12-16,エンジェル,美少女戦士セーラームーンS場外乱闘!?主役争奪戦,SFC,20M,ACT,"￥9,980","￥10,000代",0,-,,,,,,,,
1994-12-16,カプコン,ロックマンX2,SFC,12M,ACT,"￥9,800","￥10,000代",0,-,,,,つげしょう|津田祥寿|稲船敬二|加治勇人,岩井由紀,,藤原得郎,
1994-12-16,コナミ,がんばれゴエモン3獅子重禄兵衛のからくり卍固め,SFC,16M,ACT,"￥9,800","￥10,000代",0,32,,蛭子悦延,蛭子悦延|山口誠|丸山修,小川公一|ゴエ3制作委員会|小川公一|堀江浩司|山内円,上原和彦|森本ゆきえ|高橋紀子,小川公一|ゴエ3制作委員会,梅崎重治,
1994-12-16,トミー,ミッキーの東京ディズニーランド大冒険,SFC,12M,ACT,"￥9,800","￥10,000代",0,-,,,,,益子重徳|鈴木陽子|桐岡麻季,,,
1994-12-16,ナムコ,ワギャンパラダイス,SFC,12M,ACT,"￥8,800","￥9,000代",0,30,,,,,,,,
1994-12-16,アイマックス,どっすん!岩石バトル,SFC,8M,PZL,"￥8,800","￥9,000代",0,-,,,,,,,,
1994-12-16,BPS,スーパーテトリス3,SFC,8M,PZL,"￥8,500","￥8,500代",0,-,,小栗真一|松中太郎,おおたのぶかず,原典史|高取雅好|かつのかずとく,後藤重満,,しいなあきら,
1994-12-16,四次元,スーパースネーキー,SFC,4M,PZL,"￥7,800","￥8,000代",0,-,,,,,,,,
1994-12-16,アクレイムジャパン,ナイジェルマンセル・インディカー,SFC,8M,RCG,"￥10,900","￥11,000代",0,-,,,,,,,,
1994-12-16,ココナッツジャパンエンターテイメント,FULLPOWER,SFC,16M,RCG,"￥11,000","￥11,000代",0,-,,,,,,,,
1994-12-16,EAV,海釣り名人～スズキ編～,SFC,8M,SPT,"￥9,800","￥10,000代",0,-,,,,,,,,
1994-12-16,EAV,NBALIVE'95,SFC,12M,SPT,"￥9,800","￥10,000代",0,-,,,,,,,,
1994-12-16,イマジニア,スーパーレッスルエンジェルス,SFC,12M,SPT,"￥9,980","￥10,000代",0,-,,,,,なし,,,
1994-12-16,ケイエスエス,蒼き伝説シュート!,SFC,12M,SPT,"￥10,800","￥11,000代",0,-,,西尾大介,,荒木伸吾|姫野美智|秋山由樹子,Command S.inc,大島司,,
1994-12-16,ナグザット,スーパーフィッシングビッグファイト,SFC,12M,SPT,"￥9,800","￥10,000代",0,-,,,,,,,,
1994-12-16,パック・イン・ビデオ,スキーパラダイスWITHスノーボード,SFC,8M,SPT,"￥8,900","￥9,000代",0,-,,,,,,,,
1994-12-16,アスク講談社,ビッグ一撃!パチスロ大攻略,SFC,4M,TBL,"￥9,800","￥10,000代",0,-,,,,,,,,
1994-12-16,ココナッツジャパンエンターテイメント,花札王,SFC,4M,TBL,"￥8,980","￥9,000代",0,-,,,,,,,,
1994-12-16,日本物産,祇園花,SFC,8M,TBL,"￥7,980","￥8,000代",0,-,,,,,,,,
1994-12-16,POW,必勝!パチスロファン,SFC,8M,TBL,"￥9,800","￥10,000代",0,-,,,,,,,,
1994-12-16,ボトムアップ,スーパー詰将棋1000,SFC,4M,TBL,"￥9,800","￥10,000代",0,-,,,,,,,,
1994-12-17,バンプレスト,ザ・グレイトバトルⅣ,SFC,12M,ACT,"￥9,600","￥9,500代",0,-,,,,,,,,
1994-12-20,テクモ,テクモスーパーボウルⅡSPECIALEDITION,SFC,16M,SPT,"￥9,980","￥10,000代",0,-,,,,,,,,
1994-12-21,ザウルス,龍虎の拳2,SFC,32M,ACT,"￥10,900","￥11,000代",0,-,,,,,,,,
1994-12-21,ツクダオリジナル,岡本綾子とマッチプレイゴルフコ･オリナゴルフクラブINハワイ,SFC,8M,SPT,"￥9,700","￥9,500代",0,-,,,,,,,,
1994-12-22,ケムコ,アニマル武乱伝ブルータル,SFC,16M,ACT,"￥9,800","￥10,000代",0,-,,,,,,,,
1994-12-22,T＆Eソフト,ライズオブザロボッツ,SFC,32M,ACT,"￥10,900","￥11,000代",0,-,,,,,,,,
1994-12-22,東宝,ポコニャン!へんぽこりんアドベンチャー,SFC,8M,ACT,"￥8,800","￥9,000代",0,-,,,,,,,,
1994-12-22,ヴァージンゲーム,バトルジョッキー,SFC,8M,ETC,"￥9,800","￥10,000代",0,-,,,,,,,,
1994-12-22,サンソフト,はしれへべれけ,SFC,10M,RCG,"￥9,500","￥9,500代",0,-,,,,,,,,
1994-12-22,ハドソン,大貝獣物語,SFC,24M,RPG,"￥10,900","￥11,000代",0,-,,藤原茂樹,若林哲也,中田伸一|及川英紀|桑原司|野中俊也|多田知美,六土開正,原裕朗|野中俊也,藤原茂樹,
1994-12-22,バンダイ,覇王大系リューナイトトロード･オブ･パラディン,SFC,12M,RPG,"￥9,800","￥10,000代",0,-,,,,,,,,
1994-12-22,サンソフト,アルバートオデッセイ2邪神の胎動,SFC,16M,SLG,"￥9,980","￥10,000代",0,-,,,,,,,,
1994-12-22,ナムコ,幽☆遊☆白書特別篇,SFC,16M,SLG,"￥9,800","￥10,000代",0,-,,,,,,,,
1994-12-22,日本コンピュータシステム,パワーオブザハイアード,SFC,12M,SLG,"￥9,800","￥10,000代",0,-,,,松沢高広,百瀬成寿|藤岡勝利|長谷川努,天現寺広尾|窪寺義明|藤岡央|曳地正則|遠藤智博,,薮崎久也,
1994-12-22,ビクターエンタテインメント,スーパー・キャッスルズ,SFC,8M,SLG,"￥9,800","￥10,000代",0,-,,,,,,,,
1994-12-22,イマジニア,サンスポフィッシング渓流王,SFC,10M,SPT,"￥9,980","￥10,000代",0,-,,,,,,,,
1994-12-22,カルチャーブレーン,ウルトラベースボール実名版2,SFC,8M,SPT,"￥9,800","￥10,000代",0,-,,,,,,,,
1994-12-22,ヒューマン,スーパーファイヤープロレスリングスペシャル,SFC,32M,SPT,"￥11,500","￥11,500代",0,-,,,,,,,,
1994-12-22,ヴァージンゲーム,本格将棋風雲児龍王,SFC,8M,TBL,"￥9,800","￥10,000代",0,-,,,,,,,,
1994-12-22,エンジェル,横山光輝三国志盤戯スゴロク英雄記,SFC,12M,TBL,"￥9,800","￥10,000代",0,-,,,,,,,,
1994-12-22,ココナッツジャパンエンターテイメント,元祖パチンコ王,SFC,8M,TBL,"￥9,980","￥10,000代",0,-,,,,,,,,
1994-12-22,ヘクト,麻雀倶楽部,SFC,2M,TBL,"￥4,980","￥5,000代",0,-,,,,,,,,
1994-12-23,TNN,海腹川背,SFC,8M,ACT,"￥9,800","￥10,000代",0,-,,酒井潔,酒井潔,近藤敏信,中野雅仁|本山淳弘|立川伸治,,樋口秀夫|酒井悦夫|外崎希世至,
1994-12-23,バンプレスト,GOGOACKMAN,SFC,10M,ACT,"￥9,000","￥9,000代",0,-,,,,,,,,
1994-12-23,ジャレコ,JWP女子プロレスピュア・レッスル・クイーンズ,SFC,16M,SPT,"￥9,800","￥10,000代",0,-,,,,,,,,
1994-12-23,ジャレコ,スーパー燃えろ!!プロ野球,SFC,12M,SPT,"￥9,800","￥10,000代",0,-,,,,,,,,
1994-12-23,日本物産,パチスロ勝負師(ギャンブラー),SFC,8M,TBL,"￥8,980","￥9,000代",0,-,,,,,,,,
1994-12-27,エポック社,ルパン三世伝説の秘宝を追え!,SFC,12M,ACT,"￥9,800","￥10,000代",0,-,,沢田幸一|桑原悟|菅原和昭,梅木元博|伊藤伸|日向圭一|阿曽政昭|今井敏彦|池田慎一|佐藤久志|今井裕行,大塚康生,小川寿夫,,沓掛隆志,
1994-12-27,バンダイ,機動武闘伝Gガンダム,SFC,16M,ACT,"￥9,800","￥10,000代",0,-,,,,逢坂浩司|島本和彦(協力)|大河原邦男|カトキハジメ|山根公利,田中公平,矢立肇|富野由悠季|(『機動戦士ガンダム』より),,
1994-12-29,アイマックス,デュアルオーブⅡ,SFC,24M,RPG,"￥10,800","￥11,000代",0,-,,,,,,北角浩一,宗清紀之,
1994-12-30,J・ウイング,スーパーヅガン2ツカンポファイター,SFC,12M,TBL,"￥9,980","￥10,000代",0,-,,,,,,,,
1995-01-01,カタパルト,XBAND,SFC,16M,ETC,"￥6,800","￥7,000代",0,-,,,,,,,,
1995-01-03,カプコン,X-MEN,SFC,16M,ACT,"￥9,980","￥10,000代",0,-,,,,,,,,
1995-01-03,カプコン,ボンカーズ-ハリウッド大作戦!,SFC,8M,ACT,"￥8,500","￥8,500代",0,-,,,,,マーク・ワターズ,グレッグ・ワイズマン,,
1995-01-03,カルチャーブレーン,スーパーチャイニーズファイター,SFC,16M,ACT,"￥9,800","￥10,000代",0,-,,,,,,,,
1995-01-03,ナムコ,パックインタイム,SFC,8M,ACT,"￥7,900","￥8,000代",0,-,,オリビエ・ゴゲル,アラン・ギュイ,シリル・フォンテーヌ|フランソワ・リマッソン,フレデリック・モット,,ティエリー・ロビン,
1995-01-03,ハドソン,高橋名人の大冒険島Ⅱ,SFC,12M,ACT,"￥9,500","￥9,500代",0,-,,,,,,,,
1995-01-03,マジファクト,YOGIBEAR,SFC,8M,ACT,"￥8,800","￥9,000代",0,-,,,,,,,,
1995-01-13,タイトー,パズルボブル,SFC,4M,PZL,"￥6,800","￥7,000代",0,-,,,津森康男,中久木成一|木下一洋|木下一洋|こまいりょうた|神谷美和,海野和子|山田靖子,,,
1995-01-13,イマジニア,ギャラクシーウォーズ,SFC,2M,SHT,"￥5,980","￥6,000代",0,-,,,,,,,,
1995-01-13,ヒューマン,わくわくスキーわんだあシュプール,SFC,8M,SPT,"￥9,600","￥9,500代",0,-,,,,,,,,
1995-01-13,アスク講談社,実戦!麻雀指南,SFC,8M,TBL,"￥9,800","￥10,000代",0,-,,,,,,,,
1995-01-13,ヴァージンゲーム,雀遊記悟空乱打,SFC,8M,TBL,"￥8,900","￥9,000代",0,-,,,,,,,,
1995-01-20,アスキー,ダービースタリオンⅢ,SFC,32M,ETC,"￥12,800","￥13,000代",120,34,,,,,,,,
1995-01-20,BPS,マイケル・アンドレッティインディカーチャレンジ,SFC,8M,RCG,"￥9,800","￥10,000代",0,-,,,,,,,,
1995-01-20,バリエ,スターダストスープレックス,SFC,24M,SPT,"￥9,980","￥10,000代",0,-,,,,,,,,
1995-01-27,アクレイムジャパン,ウルヴァリン,SFC,16M,ACT,"￥10,900","￥11,000代",0,-,,,,,,,,
1995-01-27,アスミック,鋼鉄の騎士3突撃ヨーロッパ戦線,SFC,12M,SLG,"￥12,800","￥13,000代",0,-,,,,,,,,
1995-01-27,カロッツェリアジャパン,みらくるカジノパラダイス,SFC,8M,TBL,"￥9,800","￥10,000代",0,-,,,,,,,,
1995-01-27,ケイエスエス,パチンコ物語2名古屋シャチホコの帝王,SFC,12M,TBL,"￥9,800","￥10,000代",0,-,,,,,,,,
1995-01-27,ビデオシステム,キテレツ大百科超時空すごろく,SFC,10M,TBL,"￥8,900","￥9,000代",0,-,,,,,,藤子・F・不二雄,,
1995-02-03,イマジニア,放課後inBeppin女学院,SFC,12M,SLG,"￥9,980","￥10,000代",0,-,,,,,,,,
1995-02-10,ポッポ,アイアンコマンドー鋼鉄の戦士,SFC,10M,ACT,"￥9,800","￥10,000代",0,-,,,,,,,,
1995-02-10,ヴィジット,ザ・心理ゲーム2マジカルトリップ,SFC,8M,ETC,"￥8,800","￥9,000代",0,-,,,,,,,,
1995-02-10,カロッツェリアジャパン,ジャムズ,SFC,4M,PZL,"￥7,800","￥8,000代",0,-,,,,,,,,
1995-02-10,DEN'Z,だるま道場,SFC,8M,PZL,"￥8,800","￥9,000代",0,-,,永井満夫|服部明美|なかじゅんたつや,,,,,おおかわまこと,
1995-02-10,バンダイ,機動戦士ガンダムクロスディメンション0079,SFC,12M,SLG,"￥9,800","￥10,000代",0,-,,,,,,,,
1995-02-10,タイトー,さいばらりえこのまあじゃんほうろうき,SFC,4M,TBL,"￥9,800","￥10,000代",0,-,,,,,,西原理恵子,,
1995-02-13,任天堂,BS-Xそれは名前を盗まれた街の物語,SFC,8M,ETC,"￥18,000","￥18,000代",0,-,,,,,,,,
1995-02-17,データイースト,ファイターズヒストリー溝口危機一髪,SFC,24M,ACT,"￥9,900","￥10,000代",0,-,,,,,,,,
1995-02-17,バンダイ,ヤムヤム,SFC,12M,ACT,"￥9,800","￥10,000代",0,-,,,,,フランク・デ・ヴォール,ローレンス・ロマン,,
1995-02-17,ビクターエンタテインメント,タイムコップ,SFC,16M,ACT,"￥9,800","￥10,000代",0,-,,,,,マーク・アイシャム,マイク・リチャードソン|マーク・ヴァーヘイデン,,
1995-02-17,光栄,提督の決断Ⅱ,SFC,24M,SLG,"￥14,800","￥15,000代",0,-,,,,,,,,
1995-02-17,バップ,柏木重孝のTOPWATERBASSING(トップウォーターバッシング),SFC,16M,SPT,"￥14,800","￥15,000代",0,-,,,,,,,,
1995-02-17,アルトロン,チェスマスター,SFC,4M,TBL,"￥9,800","￥10,000代",0,-,,,,,,,,
1995-02-17,サミー,銀玉親方の実戦パチンコ必勝法,SFC,12M,TBL,"￥10,500","￥10,500代",0,-,,,,,,,,
1995-02-19,アトラス,魔神転生Ⅱスパイラルネメシス,SFC,24M,SLG,"￥10,800","￥11,000代",0,-,,,,,,,,
1995-02-24,ビクターエンタテインメント,クラシック・ロードⅡ,SFC,16M,ETC,"￥12,800","￥13,000代",0,-,,,,,,,,
1995-02-24,ベック,TurfMemories,SFC,16M,ETC,"￥11,600","￥11,500代",0,-,,,,,,,,
1995-02-24,バンダイ,美少女戦士セーラームーンSくるっくりん,SFC,4M,PZL,"￥6,800","￥7,000代",0,-,,,,,,,,
1995-02-24,BPS,ドリフトキング首都高バトル2,SFC,12M,RCG,"￥9,800","￥10,000代",0,-,,,,,,,,
1995-02-24,ビスコ,スーパードリフトアウト,SFC,16M,RCG,"￥9,980","￥10,000代",0,-,,,,,,,,
1995-02-24,タイトー,エストポリス伝記Ⅱ,SFC,20M,RPG,"￥9,980","￥10,000代",0,30,,宮田正英,すずきあきひろ,くるがみ龍|安藤謙次,塩生康範,宮田正英,,
1995-02-24,スクウェア,FRONTMISSION(フロントミッション),SFC,24M,SLG,"￥11,400","￥11,500代",0,31,,岩崎秀雄,大矢哲也|小山田衛|国吉徹|松澤高広,天野喜孝,下村陽子|松枝賀子,岩崎秀雄,土田俊郎|橋本真司,
1995-02-24,バリエ,NAGELIBRE静寂の水深,SFC,12M,SLG,"￥9,800","￥10,000代",0,-,,中嶌彩姫,谷雅人|ガク,岡本稔,高浜祐輔|志知道彦,,,
1995-02-24,バンプレスト,ファーランドストーリー,SFC,16M,SLG,"￥10,800","￥11,000代",0,-,,,,,,,,
1995-02-24,アクレイムジャパン,NFLクォーターバッククラブ'95,SFC,24M,SPT,"￥11,800","￥12,000代",0,-,,,,,,,,
1995-02-24,アクレイムジャパン,NBAJAMトーナメントエディション,SFC,24M,SPT,"￥11,800","￥12,000代",0,-,,,,,,,,
1995-02-24,コナミ,実況パワフルプロ野球2,SFC,20M,SPT,"￥9,980","￥10,000代",0,31,,,,,,,,
1995-02-24,バンダイ,テレビアニメスラムダンク2IH予選完全版!!,SFC,24M,SPT,"￥10,800","￥11,000代",0,-,,,,,,,,
1995-02-24,ショウエイシステム,HEIWAパチンコワールド,SFC,12M,TBL,"￥9,900","￥10,000代",0,-,,,,,仲里幸広,,,
1995-02-24,バンプレスト,バトルピンボール,SFC,10M,TBL,"￥6,800","￥7,000代",0,-,,,,,,,,
1995-02-24,ヘクト,将棋倶楽部,SFC,2M,TBL,"￥8,800","￥9,000代",0,-,,,,,,,,
1995-02-25,インテック,おとぼけ忍者コロシアム,SFC,8M,ACT,"￥8,800","￥9,000代",0,-,,,,,,,,
1995-02-25,徳間書店インターメディアカンパニー,永遠のフィレーナ,SFC,12M,RPG,"￥9,800","￥10,000代",0,-,,,,小泉謙三,,首藤剛志,,
1995-03-01,ハドソン,スーパーボンバーマンぱにっくボンバーW,SFC,8M,PZL,"￥8,900","￥9,000代",0,-,,豊嶋真人,落合雄一,藤原茂樹|水野祥司,竹間淳|小谷野謙一|崎元仁,,松永智史|堀尾孝文,
1995-03-03,バリエ,アンダーカバーコップス,SFC,16M,ACT,"￥9,800","￥10,000代",0,-,,,,,冷牟田卓志,,,
1995-03-03,アスミック,スーパーエアダイバー2,SFC,10M,SHT,"￥9,800","￥10,000代",0,-,,,,,,,,
1995-03-03,ナムコ,スーパーファミスタ4,SFC,16M,SPT,"￥9,500","￥9,500代",0,-,,,,石田太輔|岸本好弘(きっしい)|しましま〜〜〜,中川浩二|堀込高樹|ずん,,,
1995-03-04,アトラス,ラストバイブルⅢ,SFC,24M,ACT,"￥10,800","￥11,000代",0,-,,,,,,,,
1995-03-04,ツクダオリジナル,スーパーマッドチャンプ,SFC,12M,RCG,"￥9,600","￥9,500代",0,-,,,,,,,,
1995-03-10,パック・イン・ビデオ,マジカルポップン,SFC,16M,ACT,"￥9,800","￥10,000代",0,-,,,谷広幸,谷広幸|中嶋秀敏|田尻一直|保屋野潤|赤井孝美,石橋一郎,,和田康宏|原昭太郎,
1995-03-11,スクウェア,クロノ・トリガー,SFC,32M,RPG,"￥11,400","￥11,500代",203,34,,北瀬佳範|時田貴司|松井聡彦,小久保啓三|樋口勝久,鳥山明|野村哲也|直良有祐|本根康之,光田康典|植松伸夫|松枝賀子,堀井雄二(監修)|加藤正人,坂口博信(EP)|青木和彦,
1995-03-17,エポック社,スパイダーマンリーサルフォーズ,SFC,12M,ACT,"￥9,800","￥10,000代",0,-,,,,,,,,
1995-03-17,カプコン,キャプテンコマンドー,SFC,16M,ACT,"￥9,800","￥10,000代",0,-,,,江川陽一|横山顕広|上野智弘|吉住延也,安田朗|大野純一|栗原明美|おうじよしあき|中村会里,泉谷雅樹,,,
1995-03-17,データム・ポリスター,負けるな!魔剣道2決めろ!妖怪総理大臣,SFC,16M,ACT,"￥9,500","￥9,500代",0,-,,,,,,,,
1995-03-17,バップ,スプリンター物語めざせ一攫千金,SFC,12M,ETC,"￥12,800","￥13,000代",0,-,,,,,,,,
1995-03-17,BPS,スーパーボンブリス,SFC,4M,PZL,"￥7,500","￥7,500代",0,-,,,,,,,,
1995-03-17,ビック東海,おらがランド主催ベストファーマー収穫祭,SFC,4M,PZL,"￥7,800","￥8,000代",0,-,,,,,,,,
1995-03-17,バンプレスト,バトルレーサーズ,SFC,8M,RCG,"￥9,800","￥10,000代",0,-,,山田俊彦|金谷明,田端紀行,熊倉賢一,林克洋,,下道隆,
1995-03-17,エニックス,熱血大陸バーニングヒーローズ,SFC,16M,RPG,"￥10,800","￥11,000代",0,-,,,渡辺紀之|菊地正彦|佃皇治|地場衛,佐野一直|横塚英一郎|田村純一|竹浪秀行,榎木淳|赤堀正直,田村純一,菊本裕智|斉藤陽介,
1995-03-17,徳間書店インターメディアカンパニー,ラブクエスト,SFC,12M,RPG,"￥9,800","￥10,000代",0,-,,なかむらふみお,おおかわひろき|かとうみえこ|みとおさむ|さわだたけし|なかがわひろゆき,弓月光|まがたたかゆき,みゃ～んすずき|もりかわこうじ,イワタカヅト,山森尚,
1995-03-17,バンプレスト,第4次スーパーロボット大戦,SFC,24M,SLG,"￥12,800","￥13,000代",38,31,,阪田雅彦,庄真宏,戸田篤樹,山根昇|藤本大輔,阪田雅彦,じっぱひとからげ,
1995-03-17,ハドソン,Jリーグスーパーサッカー'95実況スタジアム,SFC,16M,SPT,"￥9,980","￥10,000代",0,-,,,,,,,,
1995-03-17,ビクターエンタテインメント,スーパー雀豪,SFC,8M,TBL,"￥9,800","￥10,000代",0,-,,,,,,,,
1995-03-17,メルダック,スーパーピンボール2ザ・アメージングオデッセイ,SFC,12M,TBL,"￥9,800","￥10,000代",0,-,,,,,,,,
1995-03-18,光栄,ウイニングポスト2,SFC,24M,ETC,"￥12,800","￥13,000代",0,-,,,,,タケカワユキヒデ|新井智詞|山崎洋一|楠瀬誠志郎|小西貴雄,,シブサワ・コウ,
1995-03-21,テクモ,TURFHERO,SFC,16M,ETC,"￥12,800","￥13,000代",0,-,,,,,,,,
1995-03-24,カプコン,ロックマン7宿命の対決!,SFC,16M,ACT,"￥9,800","￥10,000代",0,-,,,,,,,,
1995-03-24,ナムコ,幽☆遊☆白書FINAL魔界最強列伝,SFC,24M,ACT,"￥9,800","￥10,000代",0,-,,,,,,,,
1995-03-24,バンダイ,ドラゴンボールZ超悟空伝突撃編,SFC,16M,ADV,"￥10,800","￥11,000代",0,-,,島田晋作,干焼蝦仁|蓮蓉寿桃,竹花欣也|清水厚二|うりぼう|玉井裕和|荒井翔子|柴田正伸|そば|MIP,山本健司,,鈴木敏弘,
1995-03-24,テイチク,スーパー馬券王'95,SFC,8M,ETC,"￥9,980","￥10,000代",0,-,,,,,,,,
1995-03-24,パック・イン・ビデオ,ジ・アトラス,SFC,16M,SLG,"￥10,800","￥11,000代",0,-,,,,,,,,
1995-03-24,イマジニア,高速思考将棋皇,SFC,8M,TBL,"￥12,800","￥13,000代",0,-,,,,,,,,
1995-03-24,サンソフト,必殺パチンココレクション2,SFC,16M,TBL,"￥9,980","￥10,000代",0,-,,,,,,,,
1995-03-25,光栄,エミットvol.1時の迷子,SFC,24M,ETC,"￥11,800","￥12,000代",0,-,,,,,,,,
1995-03-25,光栄,エミットvol.2命がけの旅,SFC,24M,ETC,"￥11,800","￥12,000代",0,-,,,,,,,,
1995-03-25,光栄,エミットvol.3私にさよならを,SFC,24M,ETC,"￥11,800","￥12,000代",0,-,,,,,,,,
1995-03-30,光栄,復刻版スーパー三國志Ⅱ,SFC,8M,SLG,"￥9,800","￥10,000代",0,-,,,,,,,,
1995-03-30,日本テレネット,京楽・三洋・豊丸Parlor!パーラー!(パーラーパーラー),SFC,16M,TBL,"￥11,800","￥12,000代",0,-,,,,,,,,
1995-03-31,カプコン,ミッキーマニア,SFC,16M,ACT,"￥9,500","￥9,500代",0,-,,,,,,,,
1995-03-31,サンソフト,であえ殿様あっぱれ一番,SFC,12M,ACT,"￥9,800","￥10,000代",0,-,,,,,,,,
1995-03-31,トミー,エスパークス異次空からの来訪者,SFC,12M,ACT,"￥9,500","￥9,500代",0,-,,,,,,,,
1995-03-31,アスキー,RPGツクールSUPERDANTE,SFC,8M,ETC,"￥9,800","￥10,000代",0,31,,,,,,,,
1995-03-31,バリエ,最高速思考将棋・麻雀,SFC,4M,ETC,"￥9,800","￥10,000代",0,-,,,,,,,,
1995-03-31,アトラス,旧約・女神転生,SFC,16M,RPG,"￥10,800","￥11,000代",0,-,,,,,MACCO(サウンドコンポジション)|YMOH.S(サウンドコンポーザー),,,
1995-03-31,TNN,史上最強リーグセリエAAceStriker,SFC,12M,SPT,"￥9,980","￥10,000代",0,-,,,,,,,,
1995-03-31,ヒューマン,スーパーフォーメーションサッカー'95dellaセリエA,SFC,12M,SPT,"￥9,980","￥10,000代",0,-,,,,,,,,
1995-03-31,イマジニア,近代麻雀スペシャル,SFC,8M,TBL,"￥9,800","￥10,000代",0,-,,,,,,,,
1995-03-31,トミー,ザ・モノポリーゲーム2,SFC,12M,TBL,"￥11,500","￥11,500代",0,30,,,,,,,,
1995-03-31,トミー,羽生名人のおもしろ将棋,SFC,8M,TBL,"￥12,000","￥12,000代",0,-,,,,,,,,
1995-04-01,タイトー,レディーストーカー過去からの挑戦,SFC,20M,RPG,"￥9,980","￥10,000代",0,-,,西垣伸也,内藤寬,玉木美孝|吉田英博|平下陽二郎,菅井えり,西垣伸也|田川佳紀,,
1995-04-07,日本コンピュータシステム,全日本プロレス23・4武闘館,SFC,24M,SPT,"￥10,080","￥10,000代",0,-,,進藤恭佐,菱川裕,石塚輝,水谷郁|岩月博之|大橋春男|山下絹代,,石塚輝,
1995-04-10,リコー,Getinthehole(レーザーバーディー付属カセット),SFC,12M,SPT,"￥46,800","￥47,000代",0,-,,,,,,,,
1995-04-14,ココナッツジャパンエンターテイメント,RESARCANAディアーナ・レイ占いの迷宮,SFC,8M,ETC,"￥9,500","￥9,500代",0,-,,,,,,,,
1995-04-14,日本物産,ぱずるんでス!,SFC,8M,PZL,"￥8,980","￥9,000代",0,-,,,,,,,,
1995-04-21,エンジェル,なつきクライシスバトル,SFC,24M,ACT,"￥10,800","￥11,000代",0,-,,,,藤川太|島村秀一,,鶴田洋久,,
1995-04-21,エニックス,魔法陣グルグル,SFC,16M,RPG,"￥10,800","￥11,000代",0,-,,,,,,,,
1995-04-21,やのまん,アレサ外伝リジョイスアレサ王国の彼方,SFC,16M,RPG,"￥9,900","￥10,000代",0,-,,,,,,,,
1995-04-21,ユタカ,真・聖刻ラ・ワース,SFC,12M,RPG,"￥9,800","￥10,000代",0,-,,,,,,,,
1995-04-21,バンダイ,ママレード・ボーイ,SFC,8M,SLG,"￥9,800","￥10,000代",0,-,,矢部秋則,,馬越嘉彦,奥慶一,,,
1995-04-21,ベック,新SD戦国伝大将軍列伝,SFC,12M,SLG,"￥9,800","￥10,000代",0,-,,とどろきよしふみ,石神宏紀|おおのかつお|鈴木敏弘|あべかくま|カイザー,山田大夏|横井孝二|今石進,平沢道也|佐々木筑柴,平松昭彦|ますだけんいち,飯田和憲,
1995-04-21,EAV,タクティカルサッカー,SFC,12M,SPT,"￥9,800","￥10,000代",0,-,,,,,,,,
1995-04-21,セタ,スーパーリアル麻雀PVパラダイスオールスター4人打ち,SFC,12M,TBL,"￥9,800","￥10,000代",0,-,,,,,,,,
1995-04-21,POW,宮路社長のパチンコファン勝利宣言2,SFC,8M,TBL,"￥9,800","￥10,000代",0,-,,,,,,,,
1995-04-21,ボトムアップ,スーパートランプコレクション,SFC,4M,TBL,"￥8,900","￥9,000代",0,-,,,,,,,,
1995-04-28,アクレイムジャパン,トゥルーライズ,SFC,16M,ACT,"￥10,900","￥11,000代",0,-,,,,,ブラッド・フィーデル,クロード・ジディ|シモン・ミシェル|ディディエ・カミンカ,,
1995-04-28,ハドソン,スーパーボンバーマン3,SFC,12M,ACT,"￥8,900","￥9,000代",0,-,,藤原茂樹,青山光(青山公士)|三上哲|増田竜一,渡辺達光|水野祥司|吉見直人,竹間淳|星恵太,,,
1995-04-28,ケムコ,ストーンプロテクターズ,SFC,16M,ACT,"￥9,800","￥10,000代",0,-,,,,,,,,
1995-04-28,メディアリング,3次元格闘ボールズ,SFC,8M,ACT,"￥9,800","￥10,000代",0,-,,,,,,,,
1995-04-28,ヴィジット,タロットミステリー,SFC,8M,ETC,"￥9,800","￥10,000代",0,-,,,,,,,,
1995-04-28,ケムコ,プラネットチャンプTG3000,SFC,8M,RCG,"￥9,500","￥9,500代",0,-,,,,,,,,
1995-04-28,エポック社,Jリーグエキサイトステージ'95,SFC,12M,SPT,"￥9,800","￥10,000代",0,34,,,,,,,,
1995-04-28,パック・イン・ビデオ,川のぬし釣り2,SFC,12M,SPT,"￥10,800","￥11,000代",0,31,,,,,林克洋|菅井健司,,,
1995-04-28,ヘクト,シミュレーションプロ野球,SFC,16M,SPT,"￥12,800","￥13,000代",0,-,,,,,,,,
1995-04-28,アスキー,牌勢麻雀凌駕,SFC,8M,TBL,"￥12,800","￥13,000代",0,-,,,,,,,,
1995-04-28,ギャップス,初段位認定初段プロ麻雀,SFC,4M,TBL,"￥9,800","￥10,000代",0,-,,,,,,,,
1995-04-28,バンプレスト,スーパーパチンコ大戦,SFC,4M,TBL,"￥6,900","￥7,000代",0,-,,,,,,,,
1995-05-19,三井不動産、電通,スヌーピーコンサート,SFC,16M,ACT,"￥9,800","￥10,000代",0,-,,清水一伸,鈴木彦孝|住知之|かわしまこういち,高橋英子|清水一伸|小山隆,田中宏和|濱野美奈子,,たかみひろお,
1995-05-19,ライトスタッフ,バトルタイクーン,SFC,24M,ACT,"￥10,980","￥11,000代",0,-,,,佐野敬之,チキンヘッド|赤石龍彌,澤下禎,山本剛,,
1995-05-19,アイマックス,スーパー競馬2,SFC,12M,ETC,"￥11,800","￥12,000代",0,-,,,,,,,,
1995-05-19,EAV,シンジケート,SFC,8M,SLG,"￥9,800","￥10,000代",0,-,,,,,,,,
1995-05-26,アクレイムジャパン,ウォーロック,SFC,16M,ACT,"￥10,900","￥11,000代",0,-,,,,,,,,
1995-05-26,アクレイムジャパン,スターゲイト,SFC,16M,ACT,"￥10,900","￥11,000代",0,-,,,,,,,,
1995-05-26,DEN'Z,スパークワールド,SFC,4M,ACT,"￥8,500","￥8,500代",0,-,,,,,,,,
1995-05-26,ビクターエンタテインメント,グール・パトロール,SFC,8M,ACT,"￥8,800","￥9,000代",0,-,,,,,,,,
1995-05-26,カルチャーブレーン,コンピュータ脳力解析ウルトラ馬券,SFC,8M,ETC,"￥12,800","￥13,000代",0,-,,,,,,,,
1995-05-26,日本物産,ニチブツアーケードクラシックス,SFC,4M,ETC,"￥5,980","￥6,000代",0,-,,,,,,,,
1995-05-26,バンプレスト,す～ぱ～なぞぷよルルーのルー,SFC,8M,PZL,"￥9,200","￥9,000代",0,-,,,,,,,,
1995-05-26,イマジニア,シムシティ2000,SFC,16M,SLG,"￥12,800","￥13,000代",0,-,,,,,,,,
1995-05-26,セタ,早指し二段森田将棋2,SFC,4M,TBL,"￥14,900","￥15,000代",0,-,,,,,,,,
1995-05-26,バップ,パチンコ連チャン天国スーパーCRスペシャル,SFC,4M,TBL,"￥9,800","￥10,000代",0,-,,,,,,,,
1995-06-02,J・ウイング,真髄対局囲碁碁仙人,SFC,8M,TBL,"￥15,500","￥15,500代",0,-,,,,,,,,
1995-06-09,角川書店,妖怪バスタールカの大冒険,SFC,8M,ACT,"￥8,800","￥9,000代",0,-,,,,,,,,
1995-06-09,ハドソン,エルファリアⅡ,SFC,16M,RPG,"￥9,980","￥10,000代",0,-,,小崎整|桶谷正剛,桶谷正剛|さとうまさと,松下進,タケカワユキヒデ,あだちひろし|刈部雅章,和気正則|小林雅樹,
1995-06-10,DEN'Z,本家・SANKYOFEVER実機シミュレーション,SFC,12M,TBL,"￥10,800","￥11,000代",0,-,,,,,,,,
1995-06-16,アテナ,夜光虫,SFC,16M,ADV,"￥10,800","￥11,000代",0,-,,,,,,,,
1995-06-23,イマジニア,Mr.Do!(ミスタードゥ),SFC,2M,ACT,"￥5,980","￥6,000代",0,-,,,,上田和敏,,,,
1995-06-23,ケムコ,Pマン,SFC,8M,ACT,"￥9,200","￥9,000代",0,-,,,,,,,,
1995-06-23,タカラ,アースワーム・ジム,SFC,24M,ACT,"￥9,800","￥10,000代",0,30,,,,,,,,
1995-06-23,ビクターエンタテインメント,スーパー・スター・ウォーズジェダイの復讐,SFC,16M,ACT,"￥10,800","￥11,000代",0,-,,,,,,,,
1995-06-23,イマジニア,実戦競艇,SFC,12M,ETC,"￥11,800","￥12,000代",0,-,,,,,,,,
1995-06-23,バンダイ,ルインアーム,SFC,20M,RPG,"￥10,800","￥11,000代",0,-,,,,,,,,
1995-06-23,ビック東海,プリンセス・ミネルバ,SFC,16M,RPG,"￥9,900","￥10,000代",0,-,,池本浩司,福田淳|横山欣也,石田走|松本文夫|井上博明,岩谷弘明,舞阪洸,鈴木理香,
1995-06-23,ケイエスエス,西陣パチンコ物語,SFC,8M,TBL,"￥10,800","￥11,000代",0,-,,,,,,,,
1995-06-23,パック・イン・ビデオ,トランプアイランド,SFC,4M,TBL,"￥8,900","￥9,000代",0,-,,,,,,,,
1995-06-30,日本物産,スーパー競艇,SFC,10M,ETC,"￥9,500","￥9,500代",0,-,,,,,,,,
1995-06-30,ヴァージンインタラクティブ,CircuitUSA(サーキットUSA),SFC,16M,RCG,"￥9,800","￥10,000代",0,-,,,,,,,,
1995-06-30,バンダイ,とっても!ラッキーマンラッキークッキールーレットで突撃～!!,SFC,8M,RPG,"￥8,800","￥9,000代",0,-,,,,,,,,
1995-06-30,バンプレスト,グランヒストリア幻史世界記,SFC,16M,RPG,"￥11,400","￥11,500代",0,-,,,,福地仁,武内基朗,會川昇|南原順,場崎順一|田中憲一|なかむらともあき,
1995-06-30,光栄,復刻版提督の決断,SFC,10M,SLG,"￥9,800","￥10,000代",0,-,,,,,,,,
1995-06-30,サミー,ガメラギャオス撃滅作戦,SFC,12M,SLG,"￥9,980","￥10,000代",0,-,,,,,,,,
1995-06-30,徳間書店インターメディアカンパニー,リトルマスター～虹色の魔石～,SFC,16M,SLG,"￥9,900","￥10,000代",0,-,,川野忠仁,武田寧,川野忠仁|山本浩史|関本努|後藤滋,やまだゆうじ,川野忠仁,川野忠仁|中村文雄|真形隆之,
1995-06-30,日本コンピュータシステム,デアラングリッサー,SFC,16M,SLG,"￥10,800","￥11,000代",0,31,,,,,,,,
1995-06-30,アクレイムジャパン,大物ブラックバスフィッシング人造湖編,SFC,16M,SPT,"￥12,800","￥13,000代",0,-,,,,,,,,
1995-06-30,バリエ,新日本プロレスリング公認'95闘強導夢BATTLE7,SFC,24M,SPT,"￥11,800","￥12,000代",0,-,,,,,,,,
1995-06-30,ヒューマン,スーパーファイヤープロレスリングクイーンズスペシャル,SFC,24M,SPT,"￥11,400","￥11,500代",0,-,,高橋大輔,小林伸隆,高橋大輔|田村季章,奥村弥生,,,
1995-06-30,アテナ,プロ麻雀極Ⅲ,SFC,8M,TBL,"￥9,800","￥10,000代",0,-,,,,,,,,
1995-07-07,バップ,真・一攫千金,SFC,8M,ETC,"￥9,800","￥10,000代",0,-,,,,,,,,
1995-07-07,日本物産,スーパーF1サーカス外伝,SFC,10M,RCG,"￥9,900","￥10,000代",0,-,,,,,,,,
1995-07-07,アウトリガー工房,史記英雄伝,SFC,12M,RPG,"￥10,800","￥11,000代",0,-,,,,,,,,
1995-07-07,ハドソン,キャラバンシューティングコレクション,SFC,4M,SHT,"￥6,800","￥7,000代",0,-,,,,,,,,
1995-07-07,BPS,できたてハイスクール,SFC,16M,SLG,"￥9,990","￥10,000代",0,-,,,,,なし,,,
1995-07-07,カロッツェリアジャパン,パチンコチャレンジャー,SFC,8M,TBL,"￥9,800","￥10,000代",0,-,,,,,,,,
1995-07-07,サミー,実戦パチスロ必勝法クラシック,SFC,8M,TBL,"￥9,500","￥9,500代",0,-,,,,,,,,
1995-07-14,ポニーキャニオン,ピットフォールマヤの大冒険,SFC,16M,ACT,"￥9,800","￥10,000代",0,-,,,,,ナオト・インティライミ(作詞・作曲),,,
1995-07-14,アイマックス,スーパー競輪,SFC,12M,ETC,"￥9,800","￥10,000代",0,-,,,,,,,,
1995-07-14,日本物産,攻略カジノバー,SFC,8M,ETC,"￥7,800","￥8,000代",0,-,,,,,,,,
1995-07-14,アトラス,KAT'SRUN全日本Kカー選手権,SFC,24M,RCG,"￥10,800","￥11,000代",0,-,,,,,,,,
1995-07-14,エニックス,ミスティックアーク,SFC,32M,RPG,"￥11,800","￥12,000代",0,-,,,すみたたけお,今田真二|鈴木俊之|平井隆之|わたなべおさむ|山田章博|米田仁士,森彰彦,,菊本裕智|斉藤陽介,
1995-07-14,ビック東海,ラプラスの魔,SFC,16M,RPG,"￥9,900","￥10,000代",0,-,,,,,,,,
1995-07-14,魔法,甲子園4,SFC,16M,SPT,"￥9,800","￥10,000代",0,-,,,,,,,,
1995-07-14,POW,4人将棋,SFC,4M,TBL,"￥9,800","￥10,000代",0,-,,,,,,,,
1995-07-21,コナミ,悪魔城ドラキュラXX,SFC,16M,ACT,"￥9,800","￥10,000代",0,-,,山下和之,,山田章博,木村雅彦|上高治己|冨田朋也|岩田昌成,,樹下國昭,
1995-07-21,テイジイエル(TGL),スーパーヴァリアブル・ジオ,SFC,24M,ACT,"￥9,980","￥10,000代",0,-,,,,木村貴宏|雨宮まこと,山本はるきち,服部理子,,
1995-07-21,バンプレスト,GOGOACKMAN2,SFC,12M,ACT,"￥9,500","￥9,500代",0,-,,,,,,,,
1995-07-21,NGP,武豊G1メモリー,SFC,24M,ETC,"￥12,800","￥13,000代",0,-,,,,,,,,
1995-07-21,東宝、小学館プロダクション,らんま1／2奥義邪暗拳,SFC,8M,PZL,"￥8,800","￥9,000代",0,-,,,,,,,,
1995-07-21,テクノスジャパン,ダンクエスト魔神封印の伝説,SFC,16M,RPG,"￥9,900","￥10,000代",0,-,,,,,,,,
1995-07-21,アスク講談社,ビッグ一撃パチスロ大攻略2ユニバーサル・コレクション,SFC,12M,TBL,"￥10,800","￥11,000代",0,-,,,,,,,,
1995-07-21,魔法,将棋最強,SFC,8M,TBL,"￥14,800","￥15,000代",0,-,,,,,,,,
1995-07-28,カルチャーブレーン,忍たま乱太郎,SFC,12M,ACT,"￥9,800","￥10,000代",0,-,,,,藤森雅也(第1期 - 第21期)|新山恵美子(第22期 - )[注 1],馬飼野康二,尼子騒兵衛,,
1995-07-28,ハドソン,超原人2,SFC,12M,ACT,"￥8,900","￥9,000代",0,-,,吉川昇一,白谷守,吉川昇一|松澤運生|青木コブ太,中村暢之,,宮本徳人,
1995-07-28,ビクターエンタテインメント,インディ・ジョーンズ,SFC,16M,ACT,"￥10,800","￥11,000代",0,-,,,,,,,,
1995-07-28,サンソフト,ポポイっとへべれけ,SFC,4M,PZL,"￥8,900","￥9,000代",0,-,,,,,,,,
1995-07-28,ポニーキャニオン,ウルティマ恐竜帝国,SFC,12M,RPG,"￥9,800","￥10,000代",0,-,,,,,,,,
1995-07-28,メディアワークス,エメラルドドラゴン,SFC,16M,RPG,"￥9,800","￥10,000代",0,-,,,,,,,,
1995-07-28,イマジニア,就職ゲーム,SFC,12M,SLG,"￥11,800","￥12,000代",0,-,,松田隆,鈴木陽一,藤岡勝利,佐藤天平,高山克彦,飯田祥一,
1995-07-28,ユーメディア,キャリアエース,SFC,16M,SLG,"￥12,800","￥13,000代",0,-,,,,,,,,
1995-07-28,アルトロン,バスマスターズクラシック,SFC,12M,SPT,"￥11,800","￥12,000代",0,-,,,,,,,,
1995-07-28,ユタカ,ウルトラリーグ燃えろ!サッカー大決戦!!,SFC,12M,SPT,"￥9,800","￥10,000代",0,-,,,,,,,,
1995-07-28,日本物産,麻雀繁盛記,SFC,4M,TBL,"￥6,800","￥7,000代",0,-,,,,,,,,
1995-08-04,ハドソン,鬼神童子ZENKI烈闘雷伝,SFC,16M,ACT,"￥9,800","￥10,000代",0,-,,,,,,,,
1995-08-04,バンプレスト,学校であった怖い話,SFC,24M,ADV,"￥11,800","￥12,000代",0,-,,飯島健男,伊藤真也,飯島健男|岡山憲一|喜久川馨|中島まゆみ|矢野史子,渡部陽子,飯島健男,飯島健男,
1995-08-04,BPS,超魔法大陸WOZZ(ウォズ),SFC,24M,RPG,"￥10,800","￥11,000代",0,-,,,,,,,,
1995-08-04,ヴァージンインタラクティブ,稲妻サーブだ!スーパービーチバレー,SFC,8M,SPT,"￥9,800","￥10,000代",0,-,,,,,,,,
1995-08-04,ナムコ,Jリーグサッカープライムゴール3,SFC,16M,SPT,"￥9,800","￥10,000代",0,-,,,,,,,,
1995-08-05,任天堂,スーパーマリオヨッシーアイランド,SFC,16M,ACT,"￥9,800","￥10,000代",177,33,,手塚卓志|中郷俊彦|日野重文|紺野秀樹,,日野重文|野上恒|飯村正宏|黒梅知明,近藤浩治,,宮本茂,
1995-08-10,ハドソン,スーパーパワーリーグ3,SFC,24M,SPT,"￥9,980","￥10,000代",0,-,,,,,,小山内美江子・清水有生ほか,竹之下寛次,
1995-08-11,エポック社,ドナルドダックの魔法のぼうし,SFC,12M,ACT,"￥9,800","￥10,000代",0,-,,,,,,,,
1995-08-11,ケムコ,ブラックソーン復讐の黒き棘,SFC,8M,ACT,"￥9,400","￥9,500代",0,-,,,フランク・ピアス・ジュニア|パトリック・ワイヤット(英語版),ロナルド・ミラー・シニア|ロマン・ケニー|スチュアート・ローズ|ジェーソン・マグネス|ロナルド・ミラー・シニア|サムワイズ・ディディエ,グレン・スタッフォード,ミッキー・ネイルソン|ロナルド・ミラー・シニア|フランク・ピアス・ジュニア,ロナルド・ミラー・シニア|マシュー・フィンドリー,
1995-08-11,テクモ,忍者龍剣伝巴,SFC,12M,ACT,"￥7,980","￥8,000代",0,-,,吉沢秀雄,,加藤正人|河内厚典|他,山岸継司|新田竜一|HAKASE,吉沢秀雄,,
1995-08-11,バンプレスト,すーぱーぐっすんおよよ,SFC,12M,PZL,"￥9,980","￥10,000代",0,-,,,,,冷牟田卓志,,,
1995-08-11,光栄,ブランディッシュ2,SFC,24M,RPG,"￥10,800","￥11,000代",0,30,,,,,,,,
1995-08-11,カプコン,天地を喰らう三国志群雄伝,SFC,12M,SLG,"￥12,800","￥13,000代",0,-,,,,,,,,
1995-08-11,ココナッツジャパンエンターテイメント,ファイティングベースボール,SFC,8M,SPT,"￥9,400","￥9,500代",0,-,,,,,,,,
1995-08-11,ケイエスエス,武宮正樹九段の囲碁大将,SFC,4M,TBL,"￥14,800","￥15,000代",0,-,,,,,,,,
1995-08-11,サンソフト,ゲームの達人,SFC,16M,TBL,"￥12,800","￥13,000代",0,-,,,,,,,,
1995-08-25,ケイエスエス,魔獣王,SFC,12M,ACT,"￥10,800","￥11,000代",0,-,,古橋秀幸,荘埜毅明|杉本尚志,福島了|古橋秀幸|河野満|青木千恵,遠藤智博|飯塚博,,加藤功,
1995-08-25,ユーメディア,ころんらんど,SFC,8M,ACT,"￥6,800","￥7,000代",0,-,,,,,,,,
1995-08-25,ヴィジット,ザ・心理ゲーム3,SFC,8M,ETC,"￥9,800","￥10,000代",0,-,,,,,,,,
1995-08-25,ヒューマン,ヒューマングランプリ4F1ドリームバトル,SFC,16M,RCG,"￥11,400","￥11,500代",0,-,,,,,,,,
1995-08-25,サミー,実戦!バスフィッシング必勝法INUSA,SFC,12M,SPT,"￥9,800","￥10,000代",0,-,,,,,,,,
1995-08-25,トンキンハウス,松方弘樹のスーパートローリング,SFC,16M,SPT,"￥9,900","￥10,000代",0,-,,,,,,,,
1995-08-25,日本テレネット,京楽・三洋・豊丸・大一・マルホンParlor!パーラー!2(パーラーパーラー2),SFC,16M,TBL,"￥11,800","￥12,000代",0,-,,,,,,,,
1995-09-01,バンプレスト,バトルロボット烈伝,SFC,24M,SLG,"￥12,800","￥13,000代",0,-,,,長田剛,松本剛|石垣純哉|逢坂浩司,芦沢英志|紫ナコ|三垣敦史,松本剛,石川肇,
1995-09-01,アスキー,柿木将棋,SFC,12M,TBL,"￥12,800","￥13,000代",0,-,,,,,,,,
1995-09-08,パイオニアLDC,バウンティ・ソード,SFC,24M,SLG,"￥11,400","￥11,500代",0,-,,,,,,,,
1995-09-08,タカラ,スーパー人生ゲーム2,SFC,10M,TBL,"￥9,800","￥10,000代",0,-,,,,,,,,
1995-09-14,ヒューマン,クロックタワー,SFC,24M,ADV,"￥11,400","￥11,500代",0,31,,河野一二三,薗田直樹|AKABO|藤井伸宏,飯島章嘉|貴山由妃,新倉浩司,,市崎裕康,
1995-09-14,任天堂,マリオのスーパーピクロス,SFC,8M,PZL,"￥7,900","￥8,000代",0,31,,石原恒和,寺本憲明|緒方旗生,目黒徳親|石原恒和|黒岩誠司,上野利幸,,川口孝司|中山誠,
1995-09-14,サミー,桜井章一の雀鬼流麻雀必勝法,SFC,8M,TBL,"￥9,980","￥10,000代",0,-,,,,,,,,
1995-09-15,バンプレスト,スーパー鉄球ファイト!,SFC,10M,ACT,"￥9,000","￥9,000代",0,-,,,,,,,,
1995-09-15,エポック社,アリスのペイントアドベンチャー,SFC,8M,ADV,"￥8,800","￥9,000代",0,-,,,,,,,,
1995-09-15,エポック社,セント・アンドリュース栄光と歴史のオールドコース,SFC,12M,SPT,"￥9,800","￥10,000代",0,-,,,,,,,,
1995-09-15,バップ,必勝777ファイターⅢ黒竜王の復活,SFC,8M,TBL,"￥10,800","￥11,000代",0,-,,,,,,,,
1995-09-22,日本コンピュータシステム,超兄貴爆烈乱闘篇,SFC,16M,ACT,"￥11,800","￥12,000代",0,-,,,,,,,,
1995-09-22,バンダイ,ドラゴンボールZ超悟空伝覚醒編,SFC,16M,ADV,"￥10,800","￥11,000代",0,-,,島田晋作,干焼蝦仁|蓮蓉寿桃,竹花欣也|清水厚二|金子孝治|玉井裕和|荒井翔子|そば|MIP|ぬーぴー|E.S.E.,山本健司,,鈴木敏弘,
1995-09-22,バンプレスト,四柱推命学入門真桃源郷,SFC,12M,ETC,"￥11,800","￥12,000代",0,-,,,,,,,,
1995-09-22,バンプレスト,陣牌,SFC,4M,PZL,"￥7,800","￥8,000代",0,-,,,,,,,,
1995-09-22,ヘクト,新・将棋倶楽部,SFC,4M,PZL,"￥12,800","￥13,000代",0,-,,,,,,,,
1995-09-22,エンジェル,美少女戦士セーラームーン～AnotherStory～,SFC,24M,RPG,"￥11,800","￥12,000代",0,-,,,,,,,有澤孝紀,
1995-09-22,EAV,ジャングルストライク,SFC,16M,SHT,"￥9,900","￥10,000代",0,-,,,,,,,,
1995-09-22,コナミ,実況ワールドサッカー2FIGHTINGELEVEN,SFC,24M,SPT,"￥9,980","￥10,000代",0,-,,,,,,,,
1995-09-22,バリエ,朝日新聞連載加藤一二三九段将棋心技流,SFC,8M,TBL,"￥12,300","￥12,500代",0,-,,,,,,,,
1995-09-29,ヴァージンインタラクティブ,美食戦隊薔薇野郎,SFC,16M,ACT,"￥9,800","￥10,000代",0,-,,,藤島聡,斎藤智晴|延東史朗|山崎友幸|斎藤智晴|延東史朗|山崎友幸,おがわいっこう,,柏木章|野中市郎|梅木克彦,
1995-09-29,エニックス,ハーメルンのバイオリン弾き,SFC,12M,ACT,"￥9,600","￥9,500代",0,-,,,,中嶋敦子,田中公平,今川泰宏,,
1995-09-29,アスミック,ダービージョッキー2,SFC,12M,ETC,"￥9,800","￥10,000代",0,-,,,,,,,,
1995-09-29,ケイエスエス,ウェディングピーチ,SFC,8M,ETC,"￥9,800","￥10,000代",0,-,,,,只野和子,長谷川智樹|神津裕之,富田祐弘|谷沢直|テンユウ,,
1995-09-29,KANEKO,全日本GT選手権,SFC,16M,RCG,"￥9,980","￥10,000代",0,-,,,,,,,,
1995-09-29,アスキー,ウィザードリィⅥ禁断の魔筆,SFC,24M,RPG,"￥12,800","￥13,000代",0,-,,,,,,,,
1995-09-29,データイースト,METALMAXRETURNS(メタルマックス･リターンズ),SFC,32M,RPG,"￥12,800","￥13,000代",0,-,,,,,,,,
1995-09-29,東宝,火の皇子ヤマトタケル,SFC,24M,RPG,"￥10,800","￥11,000代",0,-,,,,,,,,
1995-09-29,トミー,魔法騎士レイアース,SFC,12M,RPG,"￥9,800","￥10,000代",0,-,,,,石田敦子|山根理宏(モンスター)|門之園恵美,松尾早人,CLAMP,,
1995-09-29,ナグザット,ホーリーアンブレラドンデラの無謀!!,SFC,20M,RPG,"￥9,800","￥10,000代",0,-,,,,,,,,
1995-09-29,バンプレスト,ヴェルヌ・ワールド,SFC,20M,RPG,"￥11,800","￥12,000代",0,-,,,,,,,,
1995-09-29,アスキー,サージェント・サンダース・コンバット!,SFC,12M,SLG,"￥12,800","￥13,000代",0,-,,,,,,,,
1995-09-29,ケイエスエス,平安風雲伝,SFC,12M,SLG,"￥11,800","￥12,000代",0,-,,,,政田拡志|森本幸雄|新田真一|服部嘉人|梶原秀一,山下絹代|倉橋真也|水谷郁,森本幸雄,高野秀夫,
1995-09-29,パック・イン・ビデオ,AⅢS.V.,SFC,16M,SLG,"￥10,800","￥11,000代",0,-,,,,,,,,
1995-09-29,コナミ,NBA実況バスケットウイニングダンク,SFC,24M,SPT,"￥10,800","￥11,000代",0,30,,,,,,,,
1995-09-29,エニックス,常勝麻雀天牌,SFC,8M,TBL,"￥8,900","￥9,000代",0,-,,,,,,,,
1995-09-29,エンジェル,ノーマーク爆牌党史上最強の雀士達,SFC,12M,TBL,"￥10,800","￥11,000代",0,-,,,,,,,,
1995-09-29,ショウエイシステム,HEIWAパチンコワールド2,SFC,24M,TBL,"￥10,800","￥11,000代",0,-,,,,,仲里幸広,,,
1995-09-30,スクウェア,聖剣伝説3,SFC,32M,RPG,"￥11,400","￥11,500代",80,-,,田中弘道,吉枝悟|村田琢|斉藤正明|宮川義之|小方悟史|鈴木秀典|守屋俊|鈴木和夫,石井浩一|結城信輝|磯野宏夫,菊田裕樹,,鶴園哲久,
1995-10-06,ユタカ,すぱぽ～ん,SFC,4M,ACT,"￥5,800","￥6,000代",0,-,,,,,,,,
1995-10-06,ビック東海,神聖紀オデッセリアⅡ,SFC,24M,RPG,"￥10,800","￥11,000代",0,-,,うめはらきみお,佐藤孝保|蛭田浩二,,玉山文人|益子重徳,,,
1995-10-06,クエスト,タクティクスオウガ,SFC,24M,SLG,"￥11,400","￥11,500代",50,34,,松野泰己,,皆川裕史|吉田明彦,岩田匡治|崎元仁,松野泰己,,
1995-10-06,BPS,激闘バーニングプロレス,SFC,20M,SPT,"￥10,800","￥11,000代",0,-,,,,,,,,
1995-10-13,バンプレスト,ハイパーイリア,SFC,12M,ACT,"￥9,600","￥9,500代",0,-,,,,,,,,
1995-10-13,サンソフト,ゲームの鉄人THE上海,SFC,16M,PZL,"￥9,980","￥10,000代",0,-,,,,,,,,
1995-10-20,キングレコード,RINGSアストラルバウト3,SFC,16M,ACT,"￥9,800","￥10,000代",0,-,,,,,,,,
1995-10-20,データイースト,マジカルドロップ,SFC,8M,PZL,"￥8,500","￥8,500代",0,-,,,,,,,,
1995-10-20,エニックス,天地創造,SFC,32M,RPG,"￥11,800","￥12,000代",0,30,,,,,,,,
1995-10-20,アイマックス,スーパー花札2,SFC,8M,TBL,"￥9,800","￥10,000代",0,-,,,,,,,,
1995-10-27,アクレイムジャパン,ジャスティス・リーグ,SFC,20M,ACT,"￥11,800","￥12,000代",0,-,,,,,,,,
1995-10-27,アクレイムジャパン,ジャッジ・ドレッド,SFC,16M,ACT,"￥10,900","￥11,000代",0,-,,,,,アラン・シルヴェストリ,キャラクター創造|ジョン・ワグナー|カルロス・エスクエラ,,
1995-10-27,アクレイムジャパン,バットマンフォーエヴァー,SFC,24M,ACT,"￥11,800","￥12,000代",0,-,,,,,エリオット・ゴールデンサール,キャラクター創造|ボブ・ケイン,,
1995-10-27,マジファクト,ガンガンガンチャン,SFC,8M,ACT,"￥8,800","￥9,000代",0,-,,,,,,,,
1995-10-27,任天堂,パネルでポン,SFC,8M,PZL,"￥5,800","￥6,000代",0,-,,,,,,,,
1995-10-27,ビデオシステム,SDF-1グランプリ,SFC,16M,RCG,"￥10,900","￥11,000代",0,-,,,,,,,,
1995-10-27,タカラ,魔天伝説戦慄のオーパーツ,SFC,24M,RPG,"￥10,800","￥11,000代",0,-,,,,,,,,
1995-10-27,トンキンハウス,LightFantasyⅡ(ライトファンタジー2),SFC,16M,RPG,"￥9,900","￥10,000代",0,-,,,,,,,,
1995-10-27,ハドソン,クリスタルビーンズフロムダンジョンエクスプローラー,SFC,12M,RPG,"￥9,500","￥9,500代",0,-,,,,,,,,
1995-10-27,バンプレスト,天地無用!げ～む編,SFC,16M,SLG,"￥10,800","￥11,000代",0,-,,,,,,,,
1995-10-27,アクレイムジャパン,フォアマンフォーリアル,SFC,24M,SPT,"￥11,800","￥12,000代",0,-,,,,,,,,
1995-10-27,カルチャーブレーン,ウルトラベースボール実名版3,SFC,12M,SPT,"￥9,800","￥10,000代",0,-,,,,,,,,
1995-10-27,バンダイ,テレビアニメスラムダンクSDヒートアップ!!,SFC,12M,SPT,"￥9,800","￥10,000代",0,-,,,,,,,,
1995-10-27,ポニーキャニオン,白いリングへTwinkleLittleStar,SFC,12M,SPT,"￥9,980","￥10,000代",0,-,,,,,,,,
1995-10-27,ケイエスエス,パチスロ物語パル工業スペシャル,SFC,10M,TBL,"￥10,800","￥11,000代",0,-,,,,,,,,
1995-10-27,ベック,真哭きの竜麻雀飛翔伝,SFC,8M,TBL,"￥8,900","￥9,000代",0,-,,,,,,,,
1995-11-02,エンジェル,紺碧の艦隊,SFC,12M,SLG,"￥10,800","￥11,000代",0,-,,,,,,,,
1995-11-02,サンソフト,必殺パチンココレクション3,SFC,16M,TBL,"￥9,980","￥10,000代",0,-,,,,,,,,
1995-11-10,ヴィジット,全国縦断ウルトラ心理ゲーム,SFC,8M,ETC,"￥9,800","￥10,000代",0,-,,,,,,,,
1995-11-11,スクウェア,ロマンシングサ・ガ3,SFC,32M,RPG,"￥11,400","￥11,500代",130,34,,リマスター|杉村幸子|河津秋敏(総合ディレクター),,河津秋敏|小林智美リマスター|真島真太郎,伊藤賢治,河津秋敏,岡宮道生リマスター|市川雅統,
1995-11-17,ヴァージンインタラクティブ,レンダリング・レンジャーR2,SFC,16M,ACT,"￥10,800","￥11,000代",0,-,,,,en:Manfred Trenz|Jørgen Trolle Ørberg|Stephan Lethaus|Tobias J. Richter,Jesper Olsen|Stefan Kramer,,Thomas Brockhage,
1995-11-17,POW,ブロックくずし,SFC,4M,ACT,"￥5,980","￥6,000代",0,-,,,,,,,,
1995-11-17,徳間書店,新スタートレックザ・ネクストジェネレーション(大いなる遺産IFDの謎を追え),SFC,20M,ADV,"￥9,800","￥10,000代",0,-,,,,,,,,
1995-11-17,サンソフト,上海万里の長城,SFC,8M,PZL,"￥9,800","￥10,000代",0,-,,,,,,,,
1995-11-17,ユタカ,ロゴス・パニックごあいさつ,SFC,10M,PZL,"￥9,800","￥10,000代",0,-,,,,,,,,
1995-11-17,バンダイ,キャプテン翼Jザ･ウェイ･トゥ･ワールド･ユース,SFC,16M,SPT,"￥9,800","￥10,000代",0,-,,,,,,,,
1995-11-17,四次元,全国高校サッカー2,SFC,8M,SPT,"￥9,800","￥10,000代",0,-,,,,,,,,
1995-11-21,任天堂,スーパードンキーコング2,SFC,32M,ACT,"￥9,800","￥10,000代",221,32,,,クリス・サザーランド,グレッグ・メイレス|アンドリュー・コラード|スティーヴ・メイレス,デビッド・ワイズ,リー・ラブデー(英語版),グレッグ・メイレス(英語版),
1995-11-24,ハドソン,鬼神童子ZENKI電影雷舞,SFC,16M,ACT,"￥9,980","￥10,000代",0,-,,,,,,,,
1995-11-24,バンダイ,MIGHTYMORPHINPOWERRANGERS,SFC,16M,ACT,"￥9,800","￥10,000代",0,-,,,,,,,,
1995-11-24,パック・イン・ビデオ,魔女たちの眠り,SFC,24M,ADV,"￥10,800","￥11,000代",0,-,,長嶋健,小春日のどか|本田登|井上亮,富田千穂|荒木雅子,松平あこ|田中利明,笠原邦暁|濱島真理|尾崎宏之,金沢十三男,
1995-11-24,カロッツェリアジャパン,リーディングジョッキー2,SFC,8M,ETC,"￥9,800","￥10,000代",0,-,,,,,,,,
1995-11-24,タカラ,スーパー億万長者ゲーム,SFC,8M,TBL,"￥9,800","￥10,000代",0,-,,,,,,,,
1995-11-25,メディアリング,ゼロヨンチャンプRR-Z,SFC,24M,RCG,"￥11,900","￥12,000代",0,-,,,,,M・M・キーラヴァーニ,S・S・ラージャマウリ|サーイ・マーダヴ・ブッラ(英語版)(台詞),,
1995-12-01,カプコン,ロックマンX3,SFC,16M,ACT,"￥9,800","￥10,000代",0,-,,稲船敬二,,稲船敬二|加治勇人|吉川達哉|小牧信介|伊藤和司,山下絹代,,藤原得郎,
1995-12-01,コナミ,ちびまる子ちゃんめざせ!南のアイランド!!,SFC,16M,ACT,"￥9,000","￥9,000代",0,-,,シリーズ監督:|石崎すすむ(第1期第1話 - 第34話)|棚橋一徳(第1期第35話-第116話),,重国勇二(第1期第1話 - 第113話)|河内日出夫(第1期第114話 - 第142話)|船越英之(第2期)|中原久文(第2期第1話 - 第132話[注 3]),中村暢之|川原伸司(第2期第1話 - 74話),富永淳一|田嶋久子|髙橋幹子|石山優子|熊谷那美|平岡秀章|鈴谷梨乃|松島恵利子|加賀未恵|田中孝晃,,
1995-12-01,サンソフト,おーちゃんのお絵かきロジック,SFC,4M,PZL,"￥6,980","￥7,000代",0,-,,,,,,,,
1995-12-01,チュンソフト,不思議のダンジョン2風来のシレン,SFC,32M,RPG,"￥11,800","￥12,000代",0,38,,,,,,,,
1995-12-01,アイマックス,B.B.GUN(ボールバレットガン),SFC,12M,SLG,"￥11,800","￥12,000代",0,-,,,,,,,,
1995-12-01,アクレイムジャパン,BIGHURTベースボール,SFC,24M,SPT,"￥11,800","￥12,000代",0,-,,,,,,,,
1995-12-01,アスミック,ドカポン外伝炎のオーディション,SFC,8M,TBL,"￥8,800","￥9,000代",0,-,,,,,,,,
1995-12-01,ココナッツジャパンエンターテイメント,パチ夫くんSPECIAL3,SFC,8M,TBL,"￥10,800","￥11,000代",0,-,,,,,,,,
1995-12-08,カプコン,ミッキーとドナルドマジカルアドベンチャー3,SFC,16M,ACT,"￥9,800","￥10,000代",0,-,,,,,山口真理|西村達也,,,
1995-12-08,ツクダオリジナル,アメリカンバトルドーム,SFC,8M,ACT,"￥9,800","￥10,000代",0,-,,,,,,,,
1995-12-08,コンパイル,す～ぱ～ぷよぷよ通,SFC,16M,PZL,"￥8,800","￥9,000代",0,-,,,,,,,,
1995-12-08,徳間書店,クロックワークス,SFC,4M,PZL,"￥7,800","￥8,000代",0,-,,,,,,,,
1995-12-08,バンダイ,美少女戦士セーラームーンSuperSふわふわパニック,SFC,8M,PZL,"￥7,980","￥8,000代",0,-,,,,,,,,
1995-12-08,光栄,アンジェリークプレミアムBOX,SFC,16M,SLG,"￥9,800","￥10,000代",0,-,,,,,,,,
1995-12-08,T＆Eソフト,MASTERSNew遙かなるオーガスタ3,SFC,16M,SPT,"￥11,800","￥12,000代",0,-,,,,,,,,
1995-12-08,ハドソン,スーパー桃太郎電鉄DX,SFC,16M,TBL,"￥9,500","￥9,500代",0,30,,さくまあきら(監督)|友野信彦,中道雅史|安田哲章|楊裕治,土居孝幸,関口和之,,浦敏治,
1995-12-09,エニックス,ドラゴンクエストVI幻の大地,SFC,32M,RPG,"￥11,400","￥11,500代",320,34,,山名学,山名学,堀井雄二|鳥山明|中鶴勝祥|眞島真太郎,すぎやまこういち,堀井雄二,千田幸信,
1995-12-15,エポック社,ドラえもん4のび太と月の王国,SFC,12M,ACT,"￥9,500","￥9,500代",0,-,,桑原悟|嶋田由美子|中込彰|並木亮,小林貴樹,松野誠一|とよさわやすき,冨井昭次|遠藤稔|五十嵐真理|大高亮,,沢田幸一,
1995-12-15,日本物産,ニチブツアーケードクラシックス2平安京エイリアン,SFC,4M,ACT,"￥5,980","￥6,000代",0,-,,,,,,,,
1995-12-15,バンプレスト,GOGOACKMAN3,SFC,16M,ACT,"￥9,800","￥10,000代",0,-,,,,,,,,
1995-12-15,光栄,エミットバリューセット,SFC,不明,ETC,"￥19,800","￥20,000代",0,-,,,,,,,,
1995-12-15,ナムコ,テイルズオブファンタジア,SFC,48M,RPG,"￥11,800","￥12,000代",0,-,,菊池栄二,,藤島康介|松竹徳幸,埜邑紀見男,金月龍之介,横山茂|原口洋一,
1995-12-15,コナミ,実況おしゃべりパロディウス,SFC,24M,SHT,"￥9,980","￥10,000代",0,32,,松岡伸浩,松岡伸浩,あさりよしとお,岩田昌成|冨田朋也|三木彩子|上西隆仁|安慶名伸行,,梅崎重治,
1995-12-15,EAV,テーマパーク,SFC,16M,SLG,"￥11,800","￥12,000代",0,31,,,,,,,,
1995-12-15,タカラ,プリンセスメーカーLegendofAnotherWorld,SFC,16M,SLG,"￥9,980","￥10,000代",0,-,,,,赤井孝美,FM音源(PC-98|MSX2|X68000)|PSG音源(MSX2)|MIDI音源(PC/AT|X68000),,,
1995-12-15,BPS,聖獣魔伝ビースト＆ブレイド,SFC,24M,SLG,"￥11,000","￥11,000代",0,-,,,,,,,,
1995-12-15,NGP,JBザ・スーパーバス,SFC,24M,SPT,"￥11,800","￥12,000代",0,-,,,,,,,,
1995-12-15,スターフィッシュデータ,スーパーブラックバス3,SFC,32M,SPT,"￥11,800","￥12,000代",0,-,,,,,,,,
1995-12-15,データイースト,もってけOh!ドロボー,SFC,12M,TBL,"￥9,800","￥10,000代",0,-,,,,,,,,
1995-12-15,バンダイ,商人よ、大志を抱け!!,SFC,12M,TBL,"￥9,800","￥10,000代",0,-,,,,,,,,
1995-12-15,BOSSコミュニケーションズ,本家・SANKYOFEVER実機シミュレーション2,SFC,12M,TBL,"￥10,800","￥11,000代",0,-,,,,,,,,
1995-12-20,ケイエスエス,水木しげるの妖怪百鬼夜行,SFC,16M,TBL,"￥11,800","￥12,000代",0,-,,,,,,,,
1995-12-22,カプコン,ファイナルファイトタフ,SFC,24M,ACT,"￥9,980","￥10,000代",0,-,,,,,北嶋克成,,藤原得郎,
1995-12-22,コナミ,がんばれゴエモンきらきら道中僕がダンサーになった理由.,SFC,24M,ACT,"￥9,980","￥10,000代",0,-,,蛭子悦延,蛭子悦延|山口誠|丸山修|奥谷友春,小川公一|小川公一|山内円|濱垣和恵|大橋慶子|松本留美子|なりたかな,上原和彦|森本ゆきえ|冨田朋也|木村雅彦|安慶名伸行,小川公一,梅崎重治,
1995-12-22,バップ,黄龍の耳,SFC,8M,ACT,"￥9,980","￥10,000代",0,-,,,,ゴトウマサユキ,,寺田憲史,,
1995-12-22,バンプレスト,3×3EYES(サザンアイズ)獣魔奉還,SFC,16M,ACT,"￥10,800","￥11,000代",0,-,,,,,,,,
1995-12-22,バンプレスト,ザ・グレイトバトルV,SFC,12M,ACT,"￥9,800","￥10,000代",0,-,,,小林俊一|佐々木勇二郎,中川泰久|ひらのなおみ|かいほうかずゆき|岩井直樹|笹島薫|くしぶちのりかず|こばやしりえこ|むらかみただひろ|くらはしつとむ,富樫則彦|末村謙之輔,,,
1995-12-22,イマジニア,月面のアヌビス,SFC,24M,ADV,"￥11,800","￥12,000代",0,-,,浦本昌宏|志羽貴,PON高橋|木村信明|NOB,石岡信寛|江良哲智|道園重成|古野裕一,天現寺広尾|窪寺義明|藤岡央|飯塚博|柴田浩明|岩田昇|遠藤智博,志羽貴|石岡信寛|江良哲智|津田浩一,飯田祥一,
1995-12-22,イマジニア,ざくろの味,SFC,16M,ADV,"￥11,800","￥12,000代",0,-,,大須賀篤,スタジオ・クリップス|戦う坊さん,菅田具視|りんだ,禎清宏,聖咲奇,飯田祥一,
1995-12-22,角川書店,ロードス島戦記,SFC,24M,RPG,"￥10,800","￥11,000代",0,-,,,,,,安田均(テーブルトークRPG),,
1995-12-22,カルチャーブレーン,スーパーチャイニーズワールド3,SFC,12M,RPG,"￥9,800","￥10,000代",0,-,,阿迦手観屋夢之助,,,沢彰記,かずゆきまる,阿迦手観屋夢之助,
1995-12-22,ハドソン,天外魔境ZERO,SFC,40M,RPG,"￥9,980","￥10,000代",0,-,,広井王子(企画・監修)|竹部隆司(監督),青山光(メインプログラム),辻野寅次郎(絵師)|久保久(美術監督),笹川敏幸|田中公平(天神・水貴のテーマ)|田中あや(ゲーム内のカラオケ楽曲),荒井弘二,,
1995-12-22,バンダイ,SDガンダムGNEXT,SFC,12M,SLG,"￥12,800","￥13,000代",0,-,,,,,,,,
1995-12-22,バンプレスト,戦国の覇者天下布武への道,SFC,16M,SLG,"￥12,800","￥13,000代",0,-,,,,,,,,
1995-12-22,バンプレスト,ファーランドストーリー2,SFC,24M,SLG,"￥12,800","￥13,000代",0,-,,,,,,,,
1995-12-22,パック・イン・ビデオ,バトルサブマリン,SFC,8M,SLG,"￥9,800","￥10,000代",0,-,,,,,,,,
1995-12-22,テクモ,テクモスーパーボウルⅢFINALEDITION,SFC,16M,SPT,"￥12,800","￥13,000代",0,30,,,,,,,,
1995-12-22,ヒューマン,スーパーファイヤープロレスリングX,SFC,32M,SPT,"￥11,900","￥12,000代",0,-,,山崎正通,三浦義広,山崎正通|田島弘喜|露崎尊幸|島崎洋一郎,志倉千代丸,,,
1995-12-22,ヴァージンインタラクティブ,将棋三昧,SFC,8M,TBL,"￥9,800","￥10,000代",0,-,,,,,,,,
1995-12-27,ハドソン,最強高田延彦,SFC,24M,SPT,"￥10,900","￥11,000代",0,-,,,,,,,,
1995-12-28,光栄,三國志英傑伝,SFC,24M,SLG,"￥12,800","￥13,000代",0,-,,,,,吉田明永,,フクザワ・エイジ,
1995-12-29,日本ファルコム,イースV失われた砂の都ケフィン,SFC,24M,RPG,"￥12,800","￥13,000代",0,-,,,,,,糸井賢,,
1995-12-29,アイマックス,スーパー将棋3棋太平,SFC,12M,TBL,"￥12,800","￥13,000代",0,-,,,,,,,,
1995-12-29,タイトー,大爆笑人生劇場ずっこけサラリーマン編,SFC,16M,TBL,"￥9,800","￥10,000代",0,-,,,草津きよし,ふくやまきょうこ|はただまなぶ|すずきしんいち|東京省,草津きよし|わたなべよしお|たなべよしひこ,,高橋章二,
1995-12-29,日本テレネット,京楽・三洋・豊丸・奥村・大一・マルホンParlor!パーラー!ⅣCR(パーラーパーラー4),SFC,16M,TBL,"￥11,800","￥12,000代",0,-,,,,,,,,
1995-12-29,BPS,対局囲碁韋駄天,SFC,8M,TBL,"￥14,800","￥15,000代",0,-,,,,,,,,
1996-01-12,徳間書店インターメディアカンパニー,魔導物語はなまる大幼稚園児,SFC,16M,RPG,"￥9,900","￥10,000代",0,-,,,,,,,,
1996-01-19,バンプレスト,的中競馬塾,SFC,8M,ETC,"￥9,980","￥10,000代",0,-,,,,,,,,
1996-01-19,パック・イン・ビデオ,磯釣り離島編,SFC,16M,SPT,"￥10,800","￥11,000代",0,-,,,,,,,,
1996-01-19,日本テレネット,京楽・三洋・豊丸・奥村・太陽Parlor!パーラー!3(パーラーパーラー3),SFC,24M,TBL,"￥11,800","￥12,000代",0,-,,,,,,,,
1996-01-26,バンダイ,SDガンダムPowerFormationPuzzle,SFC,8M,PZL,"￥8,800","￥9,000代",0,-,,,,,,,,
1996-01-26,データム・ポリスター,MADARASAGA幼稚園戦記まだら,SFC,16M,RPG,"￥9,800","￥10,000代",0,-,,,,,,,,
1996-01-26,ケイエスエス,無人島物語,SFC,16M,SLG,"￥12,800","￥13,000代",0,-,,下瀬貴祐,小林眞,佐藤茂夫,佐藤智志,勝部真琴,高野秀夫,
1996-01-26,光栄,信長の野望天翔記,SFC,24M,SLG,"￥12,800","￥13,000代",0,-,,,,,,,,
1996-01-26,バンプレスト,スーパー野球道,SFC,12M,SPT,"￥12,800","￥13,000代",0,-,,,,,,,,
1996-01-26,カロッツェリアジャパン,平成軍人将棋,SFC,4M,TBL,"￥9,800","￥10,000代",0,-,,,,,,,,
1996-01-26,ヘクト,囲碁倶楽部,SFC,8M,TBL,"￥12,800","￥13,000代",0,-,,,,,,,,
1996-01-31,アスキー,RPGツクール2,SFC,16M,ETC,"￥12,800","￥13,000代",0,31,,,,,,,,
1996-02-02,バンプレスト,幕末降臨伝ONI,SFC,32M,RPG,"￥12,800","￥13,000代",0,-,,,,,,,,
1996-02-09,コナミ,ときめきメモリアル伝説の樹の下で,SFC,32M,SLG,"￥9,980","￥10,000代",0,-,,永田義明,,立石流牙|小倉雅史,Metal Yuhki|村井聖夜|莊司朗|Sanoppi|中村地獄車,五十嵐孝司,桐田富和,
1996-02-09,スクウェア,バハムートラグーン,SFC,32M,SLG,"￥11,400","￥11,500代",47,-,,野島一成,村上和久|小野宏史,佐々木等,松枝賀子,鳥山求,野村匡,
1996-02-09,魔法,将棋最強Ⅱ実戦対局編,SFC,4M,TBL,"￥10,800","￥11,000代",0,-,,,,,,,,
1996-02-16,アトラス,プロ棋士人生シミュレーション将棋の花道,SFC,8M,TBL,"￥12,800","￥13,000代",0,-,,,,,,,,
1996-02-23,スクウェア,ガンハザード,SFC,24M,ACT,"￥11,400","￥11,500代",0,-,,鈴木英夫,鈴木英夫,天野喜孝,植松伸夫|光田康典|仲野順也|濱渦正志,,前田靖幸|橋本真司,
1996-02-23,アスク講談社,バトルテック3050,SFC,12M,SHT,"￥9,800","￥10,000代",0,-,,,,,,,,
1996-02-23,ハドソン,鬼神童子ZENKI天地鳴動,SFC,16M,TBL,"￥9,980","￥10,000代",0,-,,,,,,,,
1996-02-29,コナミ,実況パワフルプロ野球3,SFC,24M,SPT,"￥7,500","￥7,500代",0,30,,,,,,,,
1996-02-29,ナムコ,スーパーファミスタ5,SFC,20M,SPT,"￥6,980","￥7,000代",38,-,,,,岸本好弘|島本昌弘,堀込高樹,,,
1996-03-01,バンプレスト,晦-つきこもり-,SFC,32M,ADV,"￥7,800","￥8,000代",0,-,,喜久川馨,五反田成高,喜久川馨|濱本浩志|中島まゆみ|朝桐三喜|岡山憲一|平田慎弥|藤田正美|矢野史子,堀口貴史,早川奈津子|古川猛|川上俊則|小嶋早紀子|大池叙子,飯島健男,
1996-03-01,ハドソン,鮫亀+キャラカセット(付属品BSMC-ZS5J-JPN),SFC,20M,PZL,"￥8,980","￥9,000代",0,-,,,,,,,,
1996-03-01,アクレイムジャパン,レボリューションX,SFC,16M,SHT,"￥11,800","￥12,000代",0,-,,,,,クリストファー・レナーツ,,アシーナ・ウィッカム|ロバート・M・ウィリアムズ・ジュニア,
1996-03-01,イマジニア,ドゥーム(DOOM),SFC,16M,SHT,"￥12,800","￥13,000代",0,-,,,ジョン・D・カーマック|ジョン・ロメロ|デイブ・テイラー,ジョン・ロメロ|トム・ホール|サンディ・ピーターセン|エイドリアン・カーマック|ケヴィン・クラウド,ボビー・プリンス,,,
1996-03-01,バンダイ,機動戦士ZガンダムAwaytoTheNewtype,SFC,24M,SLG,"￥11,800","￥12,000代",0,-,,,,,,,,
1996-03-01,アクレイムジャパン,NFLクォーターバッククラブ'96,SFC,24M,SPT,"￥11,800","￥12,000代",0,-,,,,,,,,
1996-03-01,アクレイムジャパン,レッスルマニア・ジ・アーケードゲーム,SFC,24M,SPT,"￥11,800","￥12,000代",0,-,,,,,,,,
1996-03-08,コンパイル,す～ぱ～ぷよぷよ通リミックス,SFC,16M,PZL,"￥6,800","￥7,000代",0,-,,,,,,,,
1996-03-08,エンジェル,銀河戦国群雄伝ライ,SFC,16M,SLG,"￥10,800","￥11,000代",0,-,,,,高鉾誠|寺岡賢司,和田薫,真鍋譲治,,
1996-03-08,サミー,実戦パチンコ必勝法!2,SFC,12M,TBL,"￥7,800","￥8,000代",0,-,,,,,,,,
1996-03-09,任天堂,スーパーマリオRPG,SFC,32M,RPG,"￥7,500","￥7,500代",147,32,,藤岡千尋|前川嘉彦,深谷文明|青山伸一|武藤竜|吉岡光生,太田顕喜|工藤太郎|松原啓介|松村靖|長谷部裕之|皆葉英夫|加藤清文|波多江由布子|倉島一幸|高橋伸也,下村陽子,,山内溥|宮本茂,
1996-03-15,アスキー,ダービースタリオン96,SFC,24M,ETC,"￥12,800","￥13,000代",110,30,,,,,,,,
1996-03-15,BPS,峠・伝説最速バトル,SFC,24M,RCG,"￥10,800","￥11,000代",0,-,,,,,,,,
1996-03-15,光栄,ブランディッシュ2エキスパート,SFC,24M,RPG,"￥8,800","￥9,000代",0,-,,,,,,,,
1996-03-15,タイトー,カオスシード風水回廊記,SFC,20M,SLG,"￥9,980","￥10,000代",0,-,,,小倉唯克,柏木准一|船戸明里,塩生康範|林克洋|中島享生,宮田正英,高田誠,
1996-03-21,任天堂,星のカービィスーパーデラックス,SFC,32M,ACT,"￥7,500","￥7,500代",110,-,,桜井政博,,若山強|小澤和|竹下裕生|望月哲也,石川淳|宮川弾,,山内溥|岩田聡|宮本茂,
1996-03-22,ハドソン,ドレミファンタジーミロンのドキドキ大冒険,SFC,16M,ACT,"￥6,800","￥7,000代",0,-,,三上由起子,小坂恭洋|永田淳夫|高島哲治,川田忠之|印南好司|水野祥司|吉見直人|佐藤梢[注釈 1],竹間淳,,藤原茂樹|澤口岳志,
1996-03-22,ユタカ,NEWヤッターマン難題かんだいヤジロベエ,SFC,12M,ACT,"￥8,800","￥9,000代",0,-,,,,,,,,
1996-03-22,コナミ,実況競馬シミュレーションステイブルスター厩舎物語,SFC,32M,ETC,"￥11,800","￥12,000代",0,-,,,,,,,,
1996-03-22,光栄,イースVエキスパート,SFC,24M,RPG,"￥11,800","￥12,000代",0,-,,,,,,糸井賢,,
1996-03-22,バンプレスト,スーパーロボット大戦外伝魔装機神,SFC,24M,SLG,"￥7,800","￥8,000代",0,-,,,,,,,,
1996-03-22,魔法,96全国高校サッカー選手権,SFC,12M,SPT,"￥7,800","￥8,000代",0,-,,,,,,,,
1996-03-22,アスク講談社,林海峯九段の囲碁大道,SFC,12M,TBL,"￥14,800","￥15,000代",0,-,,,,,,,,
1996-03-22,バップ,ギャンブル放浪記,SFC,8M,TBL,"￥8,500","￥8,500代",0,-,,,,,,,,
1996-03-29,エンジェル,美少女戦士セーラームーンSuperS全員参加!!主役争奪戦,SFC,24M,ACT,"￥7,980","￥8,000代",0,-,,,,,,,,
1996-03-29,カルチャーブレーン,忍たま乱太郎2,SFC,8M,ACT,"￥7,800","￥8,000代",0,-,,,,,池頼広,浦沢義雄,,
1996-03-29,バンダイ,新機動戦記ガンダムWEndlessDuel,SFC,16M,ACT,"￥7,500","￥7,500代",0,-,,,宮部寿保|小室裕達,谷口俊一|谷口俊一|鈴木邦夫,岩月博之|大橋春男,,牛村憲彦,
1996-03-29,バンダイ,ドラゴンボールZHyperDimension,SFC,24M,ACT,"￥7,800","￥8,000代",0,-,,,,,高野充彦,,磯貝健夫|鈴木敏弘,
1996-03-29,バンダイ,マップ＆コレクション(SDガンダムGNEXT専用),SFC,4M,ETC,"￥3,800","￥4,000代",0,-,,,,,,,,
1996-03-29,コナミ,それいけエビス丸からくり迷路,SFC,8M,PZL,"￥5,800","￥6,000代",0,-,,,小川光章,,,,,
1996-03-29,イマジニア,GTレーシング,SFC,16M,RCG,"￥10,800","￥11,000代",0,-,,,,,,,,
1996-03-29,光栄,アンジェリークヴォイス・ファンタジー,SFC,24M,SLG,"￥9,800","￥10,000代",0,-,,,,,,,,
1996-03-29,ケイエスエス,美少女レスラー列伝ブリザードYuki乱入,SFC,20M,SPT,"￥8,000","￥8,000代",0,-,,,,,,,,
1996-03-29,ヒューマン,スーパーファイヤープロレスリングXプレミアム,SFC,32M,SPT,"￥8,000","￥8,000代",0,-,,山崎正通,三浦義広,山崎正通|田島弘喜|露崎尊幸|島崎洋一郎,志倉千代丸,,,
1996-03-29,ヒューマン,スーパーフォーメーションサッカー'96WCE,SFC,12M,SPT,"￥7,500","￥7,500代",0,-,,,,,,,,
1996-03-29,日本テレネット,京楽・三洋・マルホンParlor!パーラー!5(パーラーパーラー5),SFC,12M,TBL,"￥10,800","￥11,000代",0,-,,,,,,,,
1996-04-05,スクウェア,ルドラの秘宝,SFC,32M,RPG,"￥8,000","￥8,000代",0,-,,井出康二,五藤聖高,雨宮慶太,笹井隆司,井出康二|河原勝吉|京念秀史,,
1996-04-05,サミー,実戦パチスロ必勝法!山佐伝説,SFC,8M,TBL,"￥6,900","￥7,000代",0,-,,,,,,,,
1996-04-12,アスキー,音楽ツクールかなでーる,SFC,8M,ETC,"￥9,980","￥10,000代",0,-,,,,,,,,
1996-04-12,エニックス,魔法陣グルグル2,SFC,24M,RPG,"￥8,000","￥8,000代",0,-,,,,,,,,
1996-04-19,J・ウイング,蓬莱学園の冒険!転校生スクランブル,SFC,16M,RPG,"￥7,980","￥8,000代",0,-,,,,,,,,
1996-04-26,カプコン,トイ・ストーリー,SFC,32M,ACT,"￥7,500","￥7,500代",0,-,,,,,ランディ・ニューマン,ジョス・ウィードン|アンドリュー・スタントン|ジョエル・コーエン|アレック・ソコロウ,,
1996-04-26,ハドソン,スーパーボンバーマン4,SFC,16M,ACT,"￥7,777","￥8,000代",36,-,,藤原伸介|今田真二,すみたたけお,平井隆之|水野祥司|吉見直人,竹間淳|福田裕彦(編曲)|星恵太(2曲),,小崎整,
1996-04-26,ナグザット,Jumpin'Derby(ジャンピンダービー),SFC,16M,ETC,"￥9,800","￥10,000代",0,-,,,,,,,,
1996-04-26,日本物産,スーパー競艇2,SFC,8M,ETC,"￥8,500","￥8,500代",0,-,,,,,,,,
1996-04-26,POW,一発逆転!!競馬・競輪・競艇,SFC,8M,ETC,"￥9,800","￥10,000代",0,-,,,,,,,,
1996-04-26,エポック社,Jリーグエキサイトステージ'96,SFC,16M,SPT,"￥7,980","￥8,000代",0,-,,,,,,,,
1996-04-26,ショウエイシステム,HEIWAパチンコワールド3,SFC,24M,TBL,"￥7,800","￥8,000代",0,-,,,,,仲里幸広,,,
1996-04-26,日本テレネット,Parlor!Mini(パーラーミニ),SFC,8M,TBL,"￥4,900","￥5,000代",0,-,,,,,,,,
1996-05-14,任天堂,ファイアーエムブレム聖戦の系譜,SFC,32M,SLG,"￥7,500","￥7,500代",43,-,,,,,,加賀昭三,,
1996-05-24,バンプレスト,すーぱーぐっすんおよよ2,SFC,16M,PZL,"￥7,800","￥8,000代",0,-,,,,,冷牟田卓志,,,
1996-05-24,スクウェア,トレジャーハンターG,SFC,24M,RPG,"￥7,900","￥8,000代",0,-,,米光一成,山藤武志|平健次郎|阿部真一,米光一成|牛久宏治,岩田匡治|迫田敏明|崎元仁|他,米光一成,,
1996-05-24,パイオニアLDC,ごきんじょ冒険隊,SFC,24M,RPG,"￥7,980","￥8,000代",0,-,,,,須藤真澄,,黒田洋介,,
1996-05-31,ユタカ,すぱぽーんDX,SFC,8M,ACT,"￥5,800","￥6,000代",0,-,,,,,,,,
1996-05-31,アスキー,サウンドノベルツクール,SFC,24M,ETC,"￥8,200","￥8,000代",0,-,,池田国人|高見大三郎,笹瑞穂|小嶋俊晴,今正史,有坂光弘,寺田憲史(サンプルゲーム),川村篤,
1996-05-31,エニックス,ダークハーフ,SFC,24M,RPG,"￥8,000","￥8,000代",0,-,,西澤龍一|坂本慎一,,平田豊|大空真紀|木脇哲治,濱田智之,安田尚樹,渡辺泰仁,
1996-05-31,キングレコード,フィッシング甲子園,SFC,16M,SPT,"￥9,800","￥10,000代",0,-,,,,,,,,
1996-06-01,ハドソン,Jリーグ'96ドリームスタジアム,SFC,20M,SPT,"￥7,980","￥8,000代",0,-,,,,,,,,
1996-06-14,タカラ,アラビアンナイト砂漠の精霊王,SFC,24M,RPG,"￥7,800","￥8,000代",0,-,,河西貴則|木村昭彦,河西貴則,川上俊則|久保聡宏,根本一郎|田村大輔|堀口貴史,早川奈津子,中野隆幸,
1996-06-14,アスキー,ベストショットプロゴルフ,SFC,32M,SLG,"￥8,200","￥8,000代",0,-,,,,,,,,
1996-06-28,バンダイ,スーファミターボ専用SDウルトラバトルウルトラマン伝説,SFC,12M,ACT,"￥3,980","￥4,000代",0,-,,,,,,,,
1996-06-28,バンダイ,スーファミターボ専用SDウルトラバトルセブン伝説,SFC,12M,ACT,"￥3,980","￥4,000代",0,-,,,,,,,,
1996-06-28,バンダイ,スーファミターボ専用ぽいぽい忍者ワールド,SFC,12M,ACT,"￥3,980","￥4,000代",0,-,,,,,,,,
1996-06-28,バンダイ,スーファミターボ,SFC,2M,ETC,"￥3,980","￥4,000代",0,-,,,,,,,,
1996-06-28,カルチャーブレーン,パズル忍たま乱太郎忍術学園パズル大会の段,SFC,4M,PZL,"￥6,980","￥7,000代",0,-,,,,,,,,
1996-06-28,コンパイル,す～ぱ～なぞぷよ通ルルーの鉄腕繁盛記,SFC,12M,PZL,"￥9,800","￥10,000代",0,-,,,,,,,,
1996-06-28,バンダイ,空想科学世界ガリバーボーイ,SFC,12M,RPG,"￥7,800","￥8,000代",0,-,,芦田豊雄,,芦田豊雄|神志那弘志|工藤誉寿治|井上邦彦,田中公平,広井王子|芦田豊雄,,
1996-06-28,バンプレスト,トラバース,SFC,32M,RPG,"￥7,800","￥8,000代",0,-,,,,,,,,
1996-06-28,ケイエスエス,西陣パチンコ物語2,SFC,16M,TBL,"￥10,800","￥11,000代",0,-,,,,,,,,
1996-06-28,日本テレネット,Parlor!Mini2(パーラーミニ2),SFC,8M,TBL,"￥4,900","￥5,000代",0,-,,,,,,,,
1996-07-19,エニックス,スターオーシャン,SFC,48M,RPG,"￥8,500","￥8,500代",0,-,,浅沼穣,五反田義治,則本真樹|MEIMU,桜庭統,五反田義治,山岸功典,
1996-07-19,コナミ,実況パワフルプロ野球'96開幕版,SFC,24M,SPT,"￥7,500","￥7,500代",0,-,,,,,,,,
1996-07-19,パック・イン・ビデオ,海のぬし釣り,SFC,16M,SPT,"￥7,800","￥8,000代",0,-,,,,,,,,
1996-07-19,バンダイ,スーファミターボ専用ゲゲゲの鬼太郎妖怪ドンジャラ,SFC,12M,TBL,"￥3,980","￥4,000代",0,-,,,,,,,,
1996-07-19,ボトムアップ,スーパートランプコレクション2,SFC,4M,TBL,"￥5,800","￥6,000代",0,-,,,,,,,,
1996-07-26,アスミック,レナスⅡ封印の使徒,SFC,32M,RPG,"￥9,980","￥10,000代",0,-,,柴尾英令,楫泰行,加藤洋之|後藤啓介,田中公平,柴尾英令,岡本博|小川真司,
1996-07-26,ナグザット,スプリガン・パワード,SFC,8M,SHT,"￥9,800","￥10,000代",0,-,,,,,,,,
1996-07-26,イマジニア,シムシティJr.,SFC,16M,SLG,"￥8,200","￥8,000代",0,-,,,ダニエル・ブロウニング|ジョン・ルイス,オーロラ・デザイン|ジェニー・マーティン,ジョーイ・エデルマン,,クレア・カーティン,
1996-07-26,タイトー,エナジーブレイカー,SFC,24M,SLG,"￥7,980","￥8,000代",0,-,,,わたなべおさむ,内藤泰弘,中島享生|塩生康範,角田哲信|みやさかたかし,,
1996-07-26,ハドソン,アースライトルナ・ストライク,SFC,24M,SLG,"￥7,980","￥8,000代",0,-,,うめずひろあき,平野二郎|垣崎正司,皆川浩治|塩飽利昭|大河原邦男,黒岩東彦|川崎康宏,,堀尾孝文|永井知彦,
1996-07-26,バンダイ,スーファミターボ専用SDガンダムジェネレーション一年戦争記,SFC,12M,SLG,"￥3,980","￥4,000代",0,-,,,,,,,,
1996-07-26,バンダイ,スーファミターボ専用SDガンダムジェネレーショングリプス戦記,SFC,12M,SLG,"￥3,980","￥4,000代",0,-,,,,,,,,
1996-07-26,バリエ,テーブルゲーム大集合!将棋・麻雀・花札・トゥーサイド,SFC,8M,TBL,"￥6,800","￥7,000代",0,-,,,,,,,,
1996-08-02,ハドソン,大貝獣物語Ⅱ,SFC,40M,RPG,"￥8,200","￥8,000代",0,-,,三井啓介|澤口岳志,中川徹,宍倉典幸|田島大輔|松井淳|渡辺英嗣,六土開正,原裕朗|さわふじたけし|野中俊也,井上佳典,
1996-08-09,カルチャーブレーン,忍たま乱太郎すぺしゃる,SFC,4M,ACT,"￥8,800","￥9,000代",0,-,,,,,,,,
1996-08-09,トミー,赤ずきんチャチャ,SFC,12M,RPG,"￥7,800","￥8,000代",0,-,,,,渡辺はじめ,佐橋俊彦|手塚理,,,
1996-08-09,パック・イン・ビデオ,牧場物語,SFC,16M,SLG,"￥7,800","￥8,000代",0,-,,,山楯知巳|井上浩史,和田康宏|宮越節子|高橋健|故山研二,田中剛,,和田康宏,
1996-08-09,ハドソン,スーパーパワーリーグ4,SFC,16M,SPT,"￥7,980","￥8,000代",0,-,,,,,,,,
1996-08-23,バンダイ,スーファミターボ専用激走戦隊カーレンジャー全開!レーサー戦士,SFC,12M,ACT,"￥3,980","￥4,000代",0,-,,,,,,,,
1996-08-23,バンダイ,スーファミターボ専用SDガンダムジェネレーションアクシズ戦記,SFC,12M,SLG,"￥3,980","￥4,000代",0,-,,,,,,,,
1996-08-23,バンダイ,スーファミターボ専用SDガンダムジェネレーションバビロニア建国戦記,SFC,12M,SLG,"￥3,980","￥4,000代",0,-,,,,,,,,
1996-08-24,ヘクト,古田敦也のシミュレーションプロ野球2,SFC,16M,SPT,"￥8,000","￥8,000代",0,-,,,,,,,,
1996-08-30,アクレイムジャパン,ナンバーズパラダイス,SFC,4M,ETC,"￥8,800","￥9,000代",0,-,,,,,,,,
1996-08-30,アスキー,大戦略エキスパートWWⅡ,SFC,16M,SLG,"￥9,800","￥10,000代",0,-,,,,,,,,
1996-08-30,サンソフト,必殺パチンココレクション4,SFC,16M,TBL,"￥9,980","￥10,000代",0,-,,,,,,,,
1996-08-30,BOSSコミュニケーションズ,本家・SANKYOFEVER実機シミュレーション3,SFC,8M,TBL,"￥7,480","￥7,500代",0,-,,,,,,,,
1996-09-13,コナミ,実況パワープロレスリング'96,SFC,32M,SPT,"￥7,980","￥8,000代",0,-,,薬師寺健雄,下野俊典,薬師寺健雄|矢内一則,安慶名伸行,,福井博幸,
1996-09-13,T＆Eソフト,ペブルビーチの波濤Newトーナメントエディション,SFC,16M,SPT,"￥8,000","￥8,000代",0,-,,,,,,,,
1996-09-20,データイースト,マジカルドロップ2,SFC,16M,PZL,"￥7,800","￥8,000代",0,-,,,,,,,,
1996-09-20,アスキー,ウィザードリィ・外伝Ⅳ胎魔の鼓動,SFC,32M,RPG,"￥8,000","￥8,000代",0,-,,,,,,,,
1996-09-27,バンダイ,スーファミターボ専用クレヨンしんちゃん長ぐつドボン,SFC,12M,PZL,"￥3,980","￥4,000代",0,-,,,,,,,,
1996-09-27,バンダイ,スーファミターボ専用美少女戦士セーラームーンセーラースターズふわふわパニック2,SFC,16M,PZL,"￥3,980","￥4,000代",0,-,,,,,,,,
1996-09-27,パック・イン・ビデオ,モンスタニア,SFC,24M,RPG,"￥7,800","￥8,000代",0,-,,,,,,,,
1996-09-27,バンダイ,スーファミターボ専用SDガンダムジェネレーションコロニー格闘記,SFC,12M,SLG,"￥3,980","￥4,000代",0,-,,,,,,,,
1996-09-27,バンダイ,スーファミターボ専用SDガンダムジェネレーションザンスカール戦記,SFC,12M,SLG,"￥3,980","￥4,000代",0,-,,,,,,,,
1996-09-27,日本テレネット,Parlor!Mini3(パーラーミニ3),SFC,8M,TBL,"￥4,900","￥5,000代",0,-,,,,,,,,
1996-09-27,日本物産,スーパーニチブツマージャン4基礎研究編,SFC,8M,TBL,"￥7,500","￥7,500代",0,-,,,,,,,,
1996-10-04,光栄,ウイニングポスト2プログラム'96,SFC,24M,ETC,"￥9,800","￥10,000代",0,-,,,,,,,,
1996-10-18,カプコン,マーヴルスーパーヒーローズウォーオブザジェム,SFC,16M,ACT,"￥7,800","￥8,000代",0,-,,,,,大久保高嶺|北嶋克成,,,
1996-10-18,ヘクト,サラブレッドブリーダーⅢ,SFC,16M,ETC,"￥8,200","￥8,000代",0,-,,,,,,,,
1996-10-25,アスキー,タワードリーム,SFC,16M,TBL,"￥8,000","￥8,000代",0,-,,,,宮岡寛|折尾一則|柳澤健二|桜玉吉(キャラクターデザイン),斉藤ノブ,,塩崎剛三,
1996-10-26,任天堂,マーヴェラスもうひとつの宝島,SFC,24M,ADV,"￥6,800","￥7,000代",0,-,,小野塚英二,副島康成,小野塚英二,尾崎裕一,,上村雅之,
1996-11-23,任天堂,スーパードンキーコング3謎のクレミス島,SFC,32M,ACT,"￥6,800","￥7,000代",177,-,,,マーク・ウィルソン,アンドリュー・コラード|ポール・ウェイバー|マーク・スティーヴンソン,イーブリン・フィッシャー|デビッド・ワイズ,,アンドリュー・コラード,
1996-11-29,ボトムアップ,VS.コレクション,SFC,4M,ETC,"￥6,980","￥7,000代",0,-,,,,,,,宮崎鉄平|金佐智絵|鈴木浩史|工藤江美子|桐谷太一|三浦淳(CP),
1996-11-29,タカラ,スーパー人生ゲーム3,SFC,16M,TBL,"￥5,980","￥6,000代",0,-,,,,,,,,
1996-11-29,日本テレネット,Parlor!Mini4(パーラーミニ4),SFC,12M,TBL,"￥5,800","￥6,000代",0,-,,,,,,,,
1996-11-29,日本物産,ニチブツコレクション1,SFC,16M,TBL,"￥7,980","￥8,000代",0,-,,,,,,,,
1996-12-06,エニックス,ドラゴンクエストⅢそして伝説へ…,SFC,32M,RPG,"￥8,700","￥8,500代",140,-,,中村光一,内藤寬,鳥山明,すぎやまこういち,堀井雄二,千田幸信,
1996-12-06,ハドソン,桃太郎電鉄HAPPY,SFC,24M,TBL,"￥8,300","￥8,500代",0,-,,さくまあきら(監督),安田哲章|吉岡孝展|中道雅史,土居孝幸,関口和之|宮路一昭,,浦敏治,
1996-12-19,ボトムアップ,すごろく銀河戦記,SFC,8M,TBL,"￥6,980","￥7,000代",0,-,,,,,,,,
1996-12-20,カプコン,ストリートファイターZERO2,SFC,32M,ACT,"￥7,800","￥8,000代",0,-,,,,,,,,
1996-12-20,カプコン,ドナルドダックのマウイマラード,SFC,24M,ACT,"￥7,500","￥7,500代",0,-,,,,,,,,
1996-12-20,カプコン,ピノキオ,SFC,24M,ACT,"￥7,500","￥7,500代",0,-,,,,,,,,
1996-12-20,T＆Eソフト,Cu-On-PaSFC(クオンパ),SFC,8M,PZL,"￥6,800","￥7,000代",0,-,,,,,,,,
1996-12-20,イマジニア,G.O.D目覚めよと呼ぶ声が聴こえ,SFC,24M,RPG,"￥7,980","￥8,000代",0,-,,伝田由紀,小田典広,小松信夫|江川達也|斉藤明宏,松崎雄一|松前真奈美|松前公高,鴻上尚史|戸田山雅司,斉藤明宏|岡比呂志,
1996-12-20,ハドソン,ボンバーマンビーダマン,SFC,8M,SHT,"￥5,980","￥6,000代",0,-,,川田忠之(川田名人),白谷守|すずきのりお,水野祥司,貫田顕勇 相原真人,,いのうえよしのり,
1996-12-20,アスキー,ミニ四駆シャイニングスコーピオンレッツ＆ゴー!!,SFC,32M,SLG,"￥8,800","￥9,000代",58,-,,,,,,,,
1996-12-20,ケイエスエス,西陣パチンコ3,SFC,12M,TBL,"￥7,800","￥8,000代",0,-,,,,,,,,
1996-12-27,ヴァージンインタラクティブ,マスク,SFC,16M,ACT,"￥9,800","￥10,000代",0,-,,,,,,,,
1996-12-27,バンプレスト,ドラゴンナイト4,SFC,24M,SLG,"￥7,980","￥8,000代",0,-,,,,,無し,,,
1996-12-27,日本物産,ニチブツコレクション2,SFC,12M,TBL,"￥7,980","￥8,000代",0,-,,,,,,,,
1997-01-15,タイトー,アルカノイド-DohItAgain-,SFC,4M,ACT,"￥4,980","￥5,000代",0,-,,,,,,,,
1997-01-17,T＆Eソフト,BUSHI青龍伝二人の勇者,SFC,24M,RPG,"￥7,980","￥8,000代",0,-,,,曽我部仙史,田尻智|一之瀬剛|松島賢二|杉森建|藤原基史,増田順一,松島賢二,吉川泰生,
1997-01-17,カルチャーブレーン,プロ野球スター,SFC,8M,SPT,"￥6,800","￥7,000代",0,-,,,,,,,,
1997-01-31,アスキー,ピキーニャ!,SFC,16M,PZL,"￥6,800","￥7,000代",0,-,,,,,,,,
1997-01-31,アスキー,ガンプル,SFC,24M,RPG,"￥8,000","￥8,000代",0,-,,,,,,,,
1997-01-31,アスキー,ミランドラ,SFC,24M,RPG,"￥7,800","￥8,000代",0,-,,,,,,,,
1997-02-21,任天堂,糸井重里のバス釣りNo.1,SFC,32M,SPT,"￥7,800","￥8,000代",0,-,,ふるみまさと|あいかわきょういち,たきぐちあきお|おのせけんいち|たかはしごろう|三津原敏|高橋芳美|みずしまけんいち,斉藤明宏,池上正,,岩田聡|小関昭彦|大和聡,
1997-02-28,カルチャーブレーン,忍たま乱太郎3,SFC,8M,ACT,"￥6,980","￥7,000代",0,-,,,,,,,,
1997-02-28,ハドソン,スーパーボンバーマン5,SFC,16M,ACT,"￥6,980","￥7,000代",0,-,,小崎整,外山裕樹|Mittu Takahashi|飛澤正人,佐々木伸|水野祥司|吉見直人|佐藤梢,竹間淳|福田裕彦|松前公高(編曲),,和気正則,
1997-03-07,コナミ,アニマニアクス,SFC,8M,ACT,"￥5,800","￥6,000代",0,-,,,,,リチャード・ストーン|カール・ジョンソン|スティーヴン・バーンスタイン|ジュリー・バーンスタイン|ゴードン・グッドウィン,スティーヴン・スピルバーグ,,
1997-03-07,日本シスコン,パチスロ完全攻略ユニバーサル新台入荷Vol.1,SFC,4M,TBL,"￥5,980","￥6,000代",0,-,,,,,,,,
1997-03-14,KSS,キャスパー,SFC,8M,ACT,"￥4,980","￥5,000代",0,-,,,,,,,,
1997-03-14,バップ,スーパーダブル役満Ⅱ,SFC,4M,TBL,"￥7,500","￥7,500代",0,-,,,,,ナオト・インティライミ(作詞・作曲),,,
1997-03-15,サミー,実戦パチスロ必勝法!TWIN,SFC,4M,TBL,"￥5,980","￥6,000代",0,-,,,,,,,,
1997-03-20,コナミ,実況パワフルプロ野球3'97春,SFC,24M,SPT,"￥6,800","￥7,000代",0,-,,,,,,,,
1997-03-28,アスキー,ソリッドランナー,SFC,24M,RPG,"￥8,000","￥8,000代",0,-,,わたなべまこと,木村俊章,冨田佳寿|沖一,田中光人|迫田敏明,ORCA,池田浩一,
1997-03-28,アスキー,ダークロウMeaningofDeath,SFC,32M,RPG,"￥8,000","￥8,000代",0,-,,,,,,,,
1997-03-28,日本テレネット,Parlor!Mini5(パーラーミニ5),SFC,8M,TBL,"￥4,900","￥5,000代",0,-,,,,,,,,
1997-04-18,カルチャーブレーン,プロ麻雀兵(つわもの),SFC,4M,TBL,"￥6,980","￥7,000代",0,-,,,,,,,,
1997-04-25,ココナッツジャパンエンターテイメント,プロ野球熱闘ぱずるスタジアム,SFC,4M,PZL,"￥7,800","￥8,000代",0,-,,,,,,,,
1997-05-30,日本テレネット,Parlor!Mini6(パーラーミニ6),SFC,8M,TBL,"￥4,980","￥5,000代",0,-,,,,,,,,
1997-08-01,ビクターインタラクティブ(パックインソフト),ふね太郎,SFC,16M,SPT,"￥7,800","￥8,000代",0,-,,,,,,,,
1997-08-29,日本テレネット,Parlor!Mini7(パーラーミニ7),SFC,8M,TBL,"￥4,900","￥5,000代",0,-,,,,,,,,
1997-09-12,サミー,実戦パチスロ必勝法!Twinvol.2,SFC,4M,TBL,"￥5,980","￥6,000代",0,-,,,,,,,,
1997-09-30,任天堂,SFメモリカセット,SFC,32M,ETC,"￥3,980","￥4,000代",0,-,,,,,,,,
1997-12-19,ハドソン,爆球連発!!スーパービーダマン,SFC,16M,SHT,"￥4,980","￥5,000代",0,-,,,,池上太郎|友杉達也|今石進|斉藤まさかつ,渡部チェル,,,
1998-01-01,NTTデータ,JRAPAT(NDSF付属カセット),SFC,8M,ETC,"￥12,000","￥12,000代",0,-,,,,,,,,
1998-01-30,任天堂,スーパーゲームボーイ2,SFC,4M,ETC,"￥5,800","￥6,000代",0,-,,,,,,,,
1998-01-30,日本テレネット,HEIWAParlor!Mini8パチンコ実機シミュレーションゲーム,SFC,8M,TBL,"￥5,200","￥5,000代",0,-,,,,,,,,
1998-03-19,コナミ,実況パワフルプロ野球BASIC'98,SFC,24M,SPT,"￥5,800","￥6,000代",0,-,,,,,,,,
1998-03-27,任天堂,星のカービィ3,SFC,32M,ACT,"￥4,800","￥5,000代",36,-,,,,,,,,
1998-04-24,カプコン,ロックマン＆フォルテ,SFC,32M,ACT,"￥5,800","￥6,000代",0,-,,,篠原雅嗣|清水睦民|桑名正,鶴逸人|竹村学|有賀ヒトシ|岩本佳浩|出月こーじ,堀山俊彦|水田直志|海田明里,,稲船敬二,
1998-05-23,任天堂,平成新・鬼ヶ島前編,SFC,24M,ADV,"￥3,800","￥4,000代",0,-,,,,,,,,
1998-05-23,任天堂,平成新・鬼ヶ島後編,SFC,24M,ADV,"￥3,800","￥4,000代",0,-,,,,,,,,
1998-05-23,任天堂,レッキングクルー'98,SFC,16M,PZL,"￥3,800","￥4,000代",0,-,,高橋英子,なかしまなるみ|荒木泰介|かとうひろたか,高橋英子|えのきのりゆき|渡辺直樹|こやまたかし|かじがやれいこ,田中宏和,,菱田達也,
1998-08-25,任天堂,ダービースタリオン98,SFC,24M,ETC,"￥6,000","￥6,000代",0,-,,,,,,,,
1998-12-04,任天堂,ミニ四駆レッツ＆ゴー!!POWERWGP2,SFC,16M,RPG,"￥3,800","￥4,000代",0,-,,,,,,,,
1999-06-25,任天堂,POWER倉庫番,SFC,8M,PZL,"￥4,200","￥4,000代",0,-,,,,,,,,
1999-06-25,任天堂,カービィのきらきらきっず,SFC,16M,PZL,"￥4,200","￥4,000代",0,-,,山上仁志,迫田勝弘,小澤和|能登谷哲也,石川淳|安藤浩和,,岩田聡|菅浩秋,
1999-06-25,任天堂,すってはっくん,SFC,24M,PZL,"￥4,200","￥4,000代",0,-,,中田雅康,原啓二,田中伸明|田中伸明|橘田望美,中塚章人,,上村雅之,
1999-12-01,NTTデータ,JRAPATワイド対応(NDSF付属カセット),SFC,8M,ETC,不明,不明,0,-,,,,,,,,
2000-01-21,任天堂,ファイアーエムブレムトラキア776,SFC,32M,SLG,"￥5,200","￥5,000代",0,-,,,成広通,加賀昭三|広田麻由美,辻横由佳|松本敦子,加賀昭三|堀川将之,出石武宏,
2000-11-29,任天堂,メタルスレイダーグローリーディレクターズカットプリライト版,SFC,24M,ADV,"￥5,780","￥6,000代",0,-,,,,,,,,
1983-07-15,任天堂,ドンキーコング,FC,128K,ACT,"￥4,500","￥4,500代",88,-,,宮本茂,駒野目裕久|飯沼実|西田充裕|村田泰裕(AC) |中郷俊彦(FC),宮本茂,兼岡行男,,山内溥|横井軍平(AC)|上村雅之(FC),
1983-07-15,任天堂,ドンキーコングJr.,FC,128K,ACT,"￥4,500","￥4,500代",0,-,,,緒方旗生(AC)|中郷俊彦(FC),宮本茂|宮本茂|坂本賀勇,兼岡行男,,横井軍平|岡田智(AC)|上村雅之(FC)|山内溥,
1983-07-15,任天堂,ポパイ,FC,128K,ACT,"￥4,500","￥4,500代",0,-,,,,,,,,
1983-08-27,任天堂,五目ならべ連珠,FC,128K,TBL,"￥4,500","￥4,500代",0,-,,,,,兼岡行男,,,
1983-08-27,任天堂,麻雀,FC,128K,TBL,"￥4,500","￥4,500代",213,-,,,,,,,,
1983-09-09,任天堂,マリオブラザーズ,FC,128K,ACT,"￥4,500","￥4,500代",163,-,,,,宮本茂,兼岡行男,,山内溥|横井軍平,
1983-11-22,任天堂,ポパイの英語遊び,FC,128K,ETC,"￥4,500","￥4,500代",0,-,,,,,,,宮本茂,
1983-12-07,任天堂,ベースボール,FC,128K,SPT,"￥4,500","￥4,500代",235,-,,,,,,,,
1983-12-12,任天堂,ドンキーコングJr.の算数遊び,FC,128K,ETC,"￥4,500","￥4,500代",0,-,,,中郷俊彦,宮本茂,兼岡行男,,山内溥|上村雅之,
1984-01-14,任天堂,テニス,FC,128K,SPT,"￥4,500","￥4,500代",156,-,,,,,,,,
1984-02-02,任天堂,ピンボール,FC,128K,TBL,"￥4,500","￥4,500代",0,-,,,,,,,,
1984-02-18,任天堂,ワイルドガンマン,FC,128K,SHT,"￥4,500","￥4,500代",0,-,,,,,,,,
1984-04-21,任天堂,ダックハント,FC,128K,SHT,"￥4,500","￥4,500代",0,-,,,,清武博二,田中宏和,,横井軍平,
1984-05-01,任天堂,ゴルフ,FC,128K,SPT,"￥4,500","￥4,500代",246,-,,,,,,,,
1984-06-12,任天堂,ホーガンズアレイ,FC,128K,SHT,"￥4,500","￥4,500代",0,-,,,,,,,,
1984-06-21,任天堂,ファミリーベーシック,FC,256K,ETC,"￥14,800","￥15,000代",0,-,,,,,,,,
1984-07-04,任天堂,ドンキーコング3,FC,128K,SHT,"￥4,500","￥4,500代",0,-,,,,宮本茂|宮本茂|坂本賀勇,田中宏和,,山内博|横井軍平|岡田智,
1984-07-28,ハドソン,ナッツ＆ミルク,FC,128K,ACT,"￥4,500","￥4,500代",0,-,,,菊田昌昭|野沢勝広,菊田昌昭,,,,
1984-07-31,ハドソン,ロードランナー,FC,128K,PZL,"￥4,500","￥4,500代",110,-,,,,ダグラス・E・スミス,,,,
1984-09-07,ナムコ,ギャラクシアン,FC,128K,SHT,"￥4,500","￥4,500代",0,-,,,田城幸一,澤野和則(企画)|石村繁一(基板設計)|山下正|中馬義明|小野浩,石村繁一|安江正樹|甲斐敏夫,,,
1984-10-05,任天堂,デビルワールド,FC,128K,ACT,"￥4,500","￥4,500代",0,-,,宮本茂,湯上裕之,手塚卓志,中塚章人|近藤浩治,,山内溥|宮本茂,
1984-11-02,任天堂,4人打ち麻雀,FC,128K,TBL,"￥4,500","￥4,500代",145,-,,,,,,,,
1984-11-02,任天堂,F1レース,FC,128K,RCG,"￥4,500","￥4,500代",152,-,,,,,,,,
1984-11-02,ナムコ,パックマン,FC,128K,ACT,"￥4,500","￥4,500代",0,-,,,舟木茂雄,岩谷徹|山下正,石村繁一|甲斐敏夫,,,
1984-11-08,ナムコ,ゼビウス,FC,256K,SHT,"￥4,900","￥5,000代",127,-,,,遠藤雅伸|深谷正一|小島伸一,遠藤雅伸|池上正寿|佐藤誠市|岡本進一郎|遠山茂樹|遠藤雅伸|小野浩|山下正,慶野由利子,,,
1984-11-14,任天堂,アーバンチャンピオン,FC,128K,ACT,"￥4,500","￥4,500代",0,-,,,,加納誠,田中宏和,,山内博|横井軍平,
1984-11-14,ナムコ,マッピー,FC,128K,ACT,"￥4,500","￥4,500代",0,-,,,大野木宜幸|黒須一雄,佐藤英治(企画)|佐藤茂(基板設計)|小野浩(ドットデザイン),大野木宜幸,,,
1984-11-22,任天堂,クルクルランド,FC,128K,PZL,"￥4,500","￥4,500代",0,-,,,,加納誠|加納誠|清武博二,中塚章人,,山内博|横井軍平,
1984-11-30,任天堂,エキサイトバイク,FC,128K,RCG,"￥5,500","￥5,500代",157,-,,宮本茂,中郷俊彦,前田実|手塚卓志,中塚章人,,山内溥|宮本茂,
1985-01-22,任天堂,バルーンファイト,FC,128K,ACT,"￥4,500","￥4,500代",0,-,,,中郷俊彦| 副島康成(AC)|岩田聡(FC),坂本賀勇,田中宏和,,山内溥|横井軍平,
1985-01-30,任天堂,アイスクライマー,FC,128K,ACT,"￥4,500","￥4,500代",100,-,,三木研次,森田和明|中郷俊彦,宮本茂|杉山直,中塚章人,,山内溥|上村雅之,
1985-02-11,ジャレコ,エクセリオン,FC,128K,SHT,"￥4,500","￥4,500代",0,-,,,,,,,,
1985-02-21,任天堂,ファミリーベーシックV3,FC,256K,ETC,"￥9,800","￥10,000代",0,-,,,,,,,,
1985-02-22,ハドソン,バンゲリングベイ,FC,128K,SHT,"￥4,900","￥5,000代",0,-,,,,ウィル・ライト,,,,
1985-03-14,ナムコ,ギャラガ,FC,128K,SHT,"￥4,500","￥4,500代",0,-,,,小川徹,横山茂,大野木宜幸,,,
1985-04-04,ジャレコ,フォーメーションZ,FC,128K,SHT,"￥4,500","￥4,500代",0,-,,,,,渥美徳弘,,,
1985-04-09,任天堂,サッカー,FC,256K,SPT,"￥4,900","￥5,000代",153,-,,,,,,,,
1985-04-17,タイトー,スペースインベーダー,FC,128K,SHT,"￥4,500","￥4,500代",0,-,,,西角友宏,西角友宏,亀井道行,,,
1985-04-17,ハドソン,チャンピオンシップロードランナー,FC,128K,PZL,"￥4,900","￥5,000代",0,-,,,,ダグラス・E・スミス,,,,
1985-04-22,コナミ,イーアルカンフー,FC,128K,ACT,"￥4,500","￥4,500代",0,-,,,,,東野美紀,,,
1985-04-22,コナミ,けっきょく南極大冒険,FC,128K,ACT,"￥4,500","￥4,500代",0,-,,,,,,,,
1985-05-10,ジャレコ,忍者くん魔城の冒険,FC,128K,ACT,"￥4,500","￥4,500代",0,-,,,西澤龍一|藤沢勉,西澤龍一|藤沢勉,,,,
1985-05-24,タイトー,ちゃっくんぽっぷ,FC,128K,PZL,"￥4,500","￥4,500代",0,-,,,,,今村善雄,,,
1985-06-04,ナムコ,ディグダグ,FC,128K,ACT,"￥4,500","￥4,500代",0,-,,,さかいとしお|深谷正一,池上まさとし,慶野由利子,,,
1985-06-14,デービーソフト,フラッピー,FC,256K,PZL,"￥5,500","￥5,500代",0,-,,,,,,,,
1985-06-18,任天堂,レッキングクルー,FC,256K,ACT,"￥5,500","￥5,500代",0,-,,岡田智,中村俊之|TOMOYO-chan|YASE SOBAJIMA|AKINA-chan,坂本賀勇|坂本賀勇|加納誠,田中宏和,,山内溥|横井軍平,
1985-06-21,任天堂,スパルタンX,FC,256K,ACT,"￥4,900","￥5,000代",142,-,,,,,キース・モリソン,エドワード・タン|ジョニー・リー,,
1985-06-21,コナミ,ハイパーオリンピック,FC,128K,SPT,"￥4,500","￥4,500代",0,-,,,森下繁,,福武茂,,石原祥吉,
1985-06-21,コナミ,ハイパーオリンピック殿様版(限定発売),FC,256K,SPT,"￥4,500","￥4,500代",0,-,,,,,,,,
1985-06-25,ハドソン,スターフォース,FC,128K,SHT,"￥4,900","￥5,000代",0,-,,,,,増子司|坂本慎一(ドライバー・効果音のみ),,,
1985-06-28,タイトー,エレベーターアクション,FC,256K,ACT,"￥4,900","￥5,000代",0,-,,,,,今村善雄,,,
1985-07-01,ジャレコ,フィールドコンバット,FC,128K,ACT,"￥4,500","￥4,500代",0,-,,,,,,,,
1985-07-11,コナミ,ロードファイター,FC,128K,RCG,"￥4,500","￥4,500代",0,-,,,,,佐々木嘉則,,,
1985-07-12,ナムコ,ワープマン,FC,128K,ACT,"￥4,500","￥4,500代",0,-,,,深谷正一|大森田不可止,小野浩,慶野由利子|小沢純子|大野木宜幸,,,
1985-07-18,アイレム,ジッピーレース,FC,128K,RCG,"￥4,500","￥4,500代",0,-,,,,,高木一郎,,,
1985-07-18,エニックス,ドアドア,FC,128K,PZL,"￥4,900","￥5,000代",0,-,,,,中村光一,,,,
1985-07-25,サンソフト,スーパーアラビアン,FC,128K,ACT,"￥4,500","￥4,500代",0,-,,,,,,,,
1985-07-26,任天堂,ブロック,FC,256K,ETC,"￥4,800","￥5,000代",0,-,,,,,,,,
1985-08-01,タイトー,フロントライン,FC,128K,ACT,"￥4,500","￥4,500代",0,-,,,,,,,,
1985-08-01,セタ,本将棋内藤九段将棋秘伝,FC,128K,TBL,"￥4,500","￥4,500代",0,-,,,,,,,,
1985-08-06,ナムコ,ドルアーガの塔,FC,256K,ACT,"￥4,900","￥5,000代",0,-,,,内藤智,遠藤雅伸|篠崎雄一郎,小沢純子,,,
1985-08-09,アスキー,アストロロボSASA,FC,256K,ACT,"￥5,500","￥5,500代",0,-,,,,,,,,
1985-08-13,任天堂,ジャイロ,FC,256K,ETC,"￥5,800","￥6,000代",0,-,,,,,,,,
1985-08-28,アスキー,ゲイモス,FC,256K,SHT,"￥5,500","￥5,500代",0,-,,,,,,,,
1985-08-30,アイレム,10ヤードファイト,FC,128K,SPT,"￥4,900","￥5,000代",0,-,,,,,,,,
1985-09-09,ナムコ,バトルシティー,FC,128K,ACT,"￥4,500","￥4,500代",0,-,,,大久保良一,兵藤岳史|小野浩,小沢純子,,,
1985-09-13,任天堂,スーパーマリオブラザーズ,FC,256K,ACT,"￥4,900","￥5,000代",681,-,,宮本茂,中郷俊彦|森田和明|西田泰也,宮本茂|宮本茂|手塚卓志,近藤浩治,,山内溥|池田宏|宮本茂,
1985-09-20,ハドソン,プーヤン,FC,128K,ACT,"￥4,900","￥5,000代",0,-,,藤原得郎,,藤原得郎,,,,
1985-09-27,コナミ,ハイパースポーツ,FC,128K,SPT,"￥4,500","￥4,500代",0,-,,,町口浩康,,福武茂,,石原祥吉,
1985-09-27,ジャレコ,シティコネクション,FC,128K,RCG,"￥4,900","￥5,000代",0,-,,,,,,,,
1985-10-04,サンソフト,ルート16ターボ,FC,256K,RCG,"￥4,900","￥5,000代",0,-,,,,,,,,
1985-10-15,ハドソン,チャレンジャー,FC,256K,ACT,"￥4,900","￥5,000代",0,-,,,,,,,,
1985-11-08,バンダイ,キン肉マンマッスルタッグマッチ,FC,128K,ACT,"￥4,900","￥5,000代",105,-,,,,,,,仲田隆司,
1985-11-14,タイトー,スカイデストロイヤー,FC,128K,SHT,"￥4,500","￥4,500代",0,-,,,,,,,,
1985-11-15,ポニーキャニオン,おにゃんこTOWN,FC,256K,ACT,"￥4,900","￥5,000代",0,-,,,,,,,,
1985-11-15,ジャレコ,忍者じゃじゃ丸くん,FC,128K,ACT,"￥4,900","￥5,000代",100,-,,,,,,,関雅行,
1985-11-21,東芝ＥＭＩ,パチコン,FC,256K,TBL,"￥4,900","￥5,000代",0,-,,,,,,,,
1985-11-21,ナムコ,パックランド,FC,256K,ACT,"￥4,500","￥4,500代",0,-,,,岸本好弘,佐藤誠市|根來司|小野浩,慶野由利子,,,
1985-11-21,任天堂,マッハライダー,FC,256K,RCG,"￥4,900","￥5,000代",0,-,,,,,金指英樹,,,
1985-11-27,ナムコ,バーガータイム,FC,128K,ACT,"￥4,500","￥4,500代",0,-,,,,,,,,
1985-11-28,サンソフト,いっき,FC,128K,ACT,"￥4,900","￥5,000代",0,-,,,,,小井洋明,,,
1985-11-29,エニックス,ポートピア連続殺人事件,FC,256K,ADV,"￥5,500","￥5,500代",0,-,,堀井雄二,堀井雄二,堀井雄二,,堀井雄二,,
1985-12-05,ソフトプロ,カラテカ,FC,128K,ACT,"￥4,900","￥5,000代",0,-,,,,,,,,
1985-12-05,ポニーキャニオン,ルナーボール,FC,128K,TBL,"￥4,900","￥5,000代",0,-,,仁井谷正充,新谷憲司,新谷憲司,宮本昌知,,,
1985-12-06,ナムコ,スターラスター,FC,256K,SHT,"￥4,900","￥5,000代",0,-,,,,岡本進一郎|遠山茂樹,川田宏行,,,
1985-12-06,アイレム,スペランカー,FC,256K,ACT,"￥4,900","￥5,000代",0,-,,,,ティム・マーティン,,,,
1985-12-07,デービーソフト,高機動戦闘メカヴォルガードⅡ,FC,256K,ACT,"￥4,900","￥5,000代",0,-,,,,,斉藤康仁,,,
1985-12-10,ナムコ,超時空要塞マクロス,FC,128K,ACT,"￥4,500","￥4,500代",0,-,,石黒昇,,美樹本晴彦|宮武一貴|河森正治,羽田健太郎,山口宏,,
1985-12-11,カプコン,1942,FC,256K,SHT,"￥4,900","￥5,000代",0,-,,,,,,,,
1985-12-11,ケムコ,ダウボーイ,FC,256K,ACT,"￥5,300","￥5,500代",0,-,,,,ケン・コーテス,,,,
1985-12-14,アスキー,ボコスカウォーズ,FC,256K,RPG,"￥5,500","￥5,500代",0,-,,,,住井浩司,,,,
1985-12-14,デービーソフト,頭脳戦艦ガル,FC,256K,SHT,"￥4,900","￥5,000代",0,-,,,ボス大森|ナンデ西村,バッキー松野|テツ加倉,斉藤康仁,,ベティ林,
1985-12-16,バンダイ,オバケのQ太郎ワンワンパニック,FC,256K,ACT,"￥4,900","￥5,000代",0,-,,,,,,,,
1985-12-19,スクウェア,テグザー,FC,256K,ACT,"￥5,500","￥5,500代",0,-,,,,五代響|上坂哲,五代響,,,
1985-12-19,ハドソン,バイナリィランド,FC,128K,PZL,"￥4,900","￥5,000代",0,-,,,菊田昌昭,菊田昌昭,,,,
1985-12-19,ハドソン,ボンバーマン,FC,128K,ACT,"￥4,900","￥5,000代",80,-,,,,,,,,
1985-12-21,徳間書店,エグゼドエグゼス,FC,256K,SHT,"￥5,200","￥5,000代",0,-,,,青木隆,岡本吉起,河本圭代,,,
1985-12-21,徳間書店,ロットロット,FC,256K,PZL,"￥5,200","￥5,000代",0,-,,,,,,,,
1985-12-25,アスキー,ぺんぎんくんWARS,FC,256K,ACT,"￥5,500","￥5,500代",0,-,,,,藤沢勉,,,,
1986-01-04,コナミ,ツインビー,FC,256K,SHT,"￥4,900","￥5,000代",100,-,,,青山和浩,青山和浩,福武茂|佐々木嘉則,,廣下宏治,
1986-02-08,カプコン,ソンソン,FC,256K,ACT,"￥4,900","￥5,000代",0,-,,,藤中博和,岡本吉起,河本圭代|森安也子,,,
1986-02-21,コナミ,グーニーズ,FC,256K,ACT,"￥4,900","￥5,000代",0,-,,,,,デイヴ・グルーシン,クリス・コロンバス,,
1986-03-01,東映動画,バルトロン,FC,256K,SHT,"￥4,900","￥5,000代",0,-,,,,,,,,
1986-03-04,ソフトプロ,サーカスチャーリー,FC,128K,ACT,"￥4,900","￥5,000代",0,-,,,,,,,,
1986-03-05,ハドソン,忍者ハットリくん忍者は修行でござるの巻,FC,256K,ACT,"￥4,900","￥5,000代",150,-,,,,,,,,
1986-03-13,タイトー,ジャイロダイン,FC,256K,SHT,"￥4,900","￥5,000代",0,-,,,,,弓削雅稔,,,
1986-03-18,東芝ＥＭＩ,ハイドライドスペシャル,FC,256K,RPG,"￥4,900","￥5,000代",0,-,,,,,,,,
1986-03-19,日本物産,マグマックス,FC,256K,SHT,"￥4,900","￥5,000代",0,-,,藤原茂樹,,藤原茂樹,山田良一,,,
1986-04-02,ナムコ,タッグチームプロレスリング,FC,256K,ACT,"￥4,900","￥5,000代",0,-,,,,,,,,
1986-04-17,ジャレコ,アーガス,FC,256K,SHT,"￥4,900","￥5,000代",0,-,,,中里民雄,,坂本慎一,,,
1986-04-17,サンソフト,アトランチスの謎,FC,256K,ACT,"￥4,900","￥5,000代",0,-,,,竹内昭人|酒井敦史,竹内昭人,小高直樹,,,
1986-04-17,バンダイ,ゲゲゲの鬼太郎妖怪大魔境,FC,256K,ACT,"￥4,900","￥5,000代",125,-,,,,,,,,
1986-04-18,タイトー,影の伝説,FC,256K,ACT,"￥4,900","￥5,000代",0,-,,,,,小倉久佳,,,
1986-04-19,ナムコ,ディグダグⅡ,FC,256K,ACT,"￥4,500","￥4,500代",0,-,,,,,慶野由利子|小沢純子,,,
1986-04-24,テクモ,マイティボンジャック,FC,256K,ACT,"￥4,980","￥5,000代",0,-,,,,,増子司|蓮谷通治,,,
1986-04-25,コナミ,グラディウス,FC,256K,ACT,"￥4,900","￥5,000代",100,-,,,,,,,,
1986-04-25,東京書籍,けいさんゲームさんすう1年,FC,256K,ETC,"￥4,900","￥5,000代",0,-,,,,,,,,
1986-04-25,東京書籍,けいさんゲーム算数2年,FC,256K,ETC,"￥4,900","￥5,000代",0,-,,,,,,,,
1986-04-25,東京書籍,けいさんゲーム算数3年,FC,256K,ETC,"￥4,900","￥5,000代",0,-,,,,,,,,
1986-04-26,ケムコ,スパイVSスパイ,FC,256K,ACT,"￥4,900","￥5,000代",0,-,,,,マイケル・J・リーデル,,,,
1986-05-19,日本物産,セクロス,FC,256K,ACT,"￥4,900","￥5,000代",0,-,,山下要介,,山下要介,,,,
1986-05-27,エニックス,ドラゴンクエスト,FC,256K,RPG,"￥5,500","￥5,500代",150,-,,中村光一,チュンソフト,鳥山明|榎本一夫|土居孝幸,すぎやまこういち,堀井雄二,千田幸信,
1986-06-03,東芝ＥＭＩ,バードウィーク,FC,128K,ACT,"￥4,900","￥5,000代",0,-,,,,,,,,
1986-06-03,データイースト,Bウイング(ビーウイング),FC,256K,SHT,"￥4,900","￥5,000代",0,-,,,,,,,,
1986-06-13,ハドソン,スターソルジャー,FC,256K,SHT,"￥4,900","￥5,000代",100,-,,,野沢勝広,山本次行,国本剛章,,,
1986-06-13,カプコン,魔界村,FC,1M,ACT,"￥5,500","￥5,500代",164,-,,,有馬俊夫,藤原得郎,森安也子,,,
1986-06-19,ナムコ,スーパーチャイニーズ,FC,256K,ACT,"￥3,900","￥4,000代",0,-,,,,,,,,
1986-06-26,アイレム,スクーン,FC,256K,ACT,"￥4,900","￥5,000代",0,-,,,,,,,,
1986-06-26,ジャレコ,チョップリフター,FC,256K,ACT,"￥4,900","￥5,000代",0,-,,,,ダン・ゴーリン,,,,
1986-07-03,サンソフト,東海道五十三次,FC,256K,ACT,"￥4,900","￥5,000代",0,-,,,,,,,,
1986-07-18,ナムコ,バベルの塔,FC,256K,PZL,"￥3,900","￥4,000代",0,-,,,,,,,,
1986-07-30,コナミ,がんばれゴエモン！からくり道中,FC,1M,ACT,"￥5,300","￥5,500代",0,-,,,梅崎重治|青山和浩,橋本和久,寺島里恵,,,
1986-07-30,テクモ,ソロモンの鍵,FC,256K,PZL,"￥4,900","￥5,000代",0,-,,,,,,,,
1986-08-01,ナムコ,ワルキューレの冒険時の鍵の伝説,FC,256K,RPG,"￥3,900","￥4,000代",0,-,,S.MACCO,A.WACHI,冨士宏,川田宏行,,,
1986-08-08,タイトー,六三四の剣ただいま修行中,FC,256K,SPT,"￥4,900","￥5,000代",0,-,,,宮成のぼる,,,,,
1986-08-10,東映動画,北斗の拳,FC,256K,ACT,"￥4,900","￥5,000代",0,-,,,,,フランク・ワイルドホーン,高橋亜子,,
1986-08-22,ジャレコ,じゃじゃ丸の大冒険,FC,256K,ACT,"￥4,900","￥5,000代",0,-,,,,,,,,
1986-08-22,ナムコ,スカイキッド,FC,256K,ACT,"￥3,900","￥4,000代",0,-,,,弓達公雄,永島洋武,小沢純子,,,
1986-08-28,バンダイ,機動戦士Zガンダムホットスクランブル,FC,1M,SHT,"￥5,500","￥5,500代",0,-,,遠藤雅伸,しまおかひろし|やまもとこういち,遠藤雅伸|内藤智|大河原邦男|藤田一己|永野護|小林誠,ニール・セダカ,富野由悠季,,
1986-09-03,SNK,ASO,FC,256K,SHT,"￥4,900","￥5,000代",0,-,,,,,,,,
1986-09-05,ポニーキャニオン,スーパーピットフォール,FC,1M,ACT,"￥5,500","￥5,500代",0,-,,,,,,,,
1986-09-08,ビクター音楽産業,バナナ,FC,256K,PZL,"￥4,900","￥5,000代",0,-,,,,,,,,
1986-09-12,ハドソン,高橋名人の冒険島,FC,256K,ACT,"￥4,900","￥5,000代",105,-,,,,,,,,
1986-09-18,スクウェア,キングスナイト,FC,256K,SHT,"￥4,900","￥5,000代",0,-,,,Workss,,植松伸夫,,,
1986-09-19,ナムコ,スーパーゼビウスガンプの謎,FC,1M,SHT,"￥4,900","￥5,000代",0,-,,,,横山茂|小野浩(監修|一部作業),,,,
1986-09-22,徳間書店,ゴーストバスターズ,FC,256K,ACT,"￥4,500","￥4,500代",0,-,,,,,エルマー・バーンスタイン,ダン・エイクロイド|ハロルド・ライミス,,
1986-09-26,ケムコ,スペースハンター,FC,256K,ADV,"￥4,900","￥5,000代",0,-,,,道浦忍|戸野文雄,,増野宏之,,,
1986-09-27,日本物産,テラクレスタ,FC,1M,SHT,"￥4,900","￥5,000代",0,-,,,,藤原茂樹,吉田健志,,,
1986-09-27,カプコン,戦場の狼,FC,1M,ACT,"￥5,500","￥5,500代",116,-,,,,藤原得郎,河本圭代,,,
1986-10-08,データイースト,バギーポッパー,FC,256K,RCG,"￥4,900","￥5,000代",0,-,,,,,,,,
1986-10-23,ジャレコ,うる星やつらラムのウェディングベル,FC,256K,ACT,"￥4,900","￥5,000代",0,-,,,,,,,,
1986-10-30,東京書籍,けいさんゲーム算数4年,FC,256K,ETC,"￥4,900","￥5,000代",0,-,,,,,,,,
1986-10-30,東京書籍,けいさんゲーム算数5・6年少数・分数のまとめ,FC,256K,ETC,"￥4,900","￥5,000代",0,-,,,,,,,,
1986-10-31,ジャレコ,ミシシッピー殺人事件,FC,1M,ADV,"￥5,200","￥5,000代",0,-,,,,アダム・ベリン|ヒラリー・ミルス,エド・ボガス(英語版),ロブ・スウィガート,ブラッド・フレガー(英語版),
1986-11-11,テクモ,スーパースターフォース時空歴の秘密,FC,1M,SHT,"￥5,300","￥5,500代",0,-,,,,,斎藤幹雄,,,
1986-11-12,バンダイ,ファミリートレーナーシリーズ1アスレチックワールド,FC,256K,SPT,"￥8,500","￥8,500代",0,-,,,,,,,,
1986-11-13,河田,Othello(オセロ),FC,256K,TBL,"￥4,900","￥5,000代",0,-,,,,,中西ゆういちろう,鈴木光司|久保幸湖|谷井美佳|中村真夕,山崎宏太(朝日放送テレビ)|南雄大(朝日放送テレビ)|齋藤浩司(ヒューマックスシネマ)|若山佑介(ヒューマックスシネマ)|山口誠(47style),
1986-11-13,ハドソン,迷宮組曲ミロンの大冒険,FC,256K,ACT,"￥4,900","￥5,000代",0,-,,,笹川敏幸,笹川敏幸,国本剛章|井上大介,笹川敏幸,,
1986-11-21,ビック東海,アイギーナの予言バルバルークの伝説より,FC,1M,ACT,"￥5,300","￥5,500代",0,-,,,,,,,,
1986-11-21,バップ,元祖西遊記スーパーモンキー大冒険,FC,256K,RPG,"￥4,900","￥5,000代",0,-,,,,高瀬俊一|中島薫,,,,
1986-11-21,東映動画,長靴をはいた猫世界一周80日大冒険,FC,256K,ACT,"￥4,900","￥5,000代",0,-,,,,,宇野誠一郎,シャルル・ペロー,,
1986-11-26,ナムコ,マッピーランド,FC,1M,ACT,"￥3,900","￥4,000代",0,-,,,,,,,,
1986-11-26,ケイアミューズメントリース,怒IKARI,FC,1M,ACT,"￥5,500","￥5,500代",0,-,,,,伊集桂子,,,,
1986-11-27,バンダイ,ドラゴンボール神龍の謎,FC,1M,ACT,"￥5,300","￥5,500代",125,-,,,,,,,,
1986-11-28,アスキー,キャッスルエクセレント,FC,256K,PZL,"￥4,900","￥5,000代",0,-,,,,吉田功|めるへんめーかー,,,,
1986-12-01,バンダイ,ファミリートレーナーシリーズ2ランニングスタジアム,FC,256K,SPT,"￥4,900","￥5,000代",0,-,,,,,,,,
1986-12-05,ポニーキャニオン,タイガーヘリ,FC,256K,SHT,"￥4,900","￥5,000代",0,-,,,,,上村建也,,,
1986-12-05,東芝ＥＭＩ,ディーヴァストーリー6ナーサティアの玉座,FC,1M,SLG,"￥5,500","￥5,500代",0,-,,,,,,,,
1986-12-05,タカラ,戦え超ロボット生命体トランスフォーマーコンボイの謎,FC,256K,ACT,"￥4,900","￥5,000代",0,-,,,,,,,,
1986-12-06,ユース,ホッターマンの地底探険,FC,256K,ACT,"￥4,900","￥5,000代",0,-,,,,,,,,
1986-12-10,タイトー,たけしの挑戦状,FC,1M,ADV,"￥5,300","￥5,500代",80,-,,福津浩(ノバ),森永英一郎(ノバ),ビートたけし,,ビートたけし,富士本淳(セタ)|宮成昇(アルュメ),
1986-12-10,ナムコ,プロ野球ファミリースタジアム,FC,512K,SPT,"￥3,900","￥4,000代",205,-,,,,岸本好弘|HIE(小野浩)|くんちゃん(小野泰),中潟憲雄,,永島洋武,
1986-12-11,トーワチキ,シャーロックホームズ伯爵令嬢誘拐事件,FC,1M,ADV,"￥5,000","￥5,000代",0,-,,,AYA|NEAR|MAKOTO,M.KUBOTA,,,,
1986-12-12,ハドソン,ドラえもん,FC,1M,ACT,"￥5,500","￥5,500代",115,-,,,,,,,,
1986-12-15,アイレム,魔鐘,FC,1M,RPG,"￥5,300","￥5,500代",0,-,,スコット津村|ロスふたみ|やまのじゅん|マハヴィシュヌ,R.NAGASU,R.NAGASU|水足淳一,粕川由伸,,,
1986-12-16,ナムコ,メトロクロス,FC,256K,ACT,"￥3,900","￥4,000代",0,-,,,田中京太,岡本達郎|小野浩|粕川由紀|北原聡,大野木宜幸,,,
1986-12-18,コナミ,キングコング2怒りのメガトンパンチ,FC,1M,ACT,"￥5,300","￥5,500代",0,-,,,山田善朗|MU-CHAN,霜出健治,坂元信也|寺島里恵|山下絹代|禎清宏,,,
1986-12-18,サンソフト,マドゥーラの翼,FC,256K,ACT,"￥4,900","￥5,000代",0,-,,,,もりけん,小高直樹,,,
1986-12-18,CBSソニー,聖飢魔Ⅱ悪魔の逆襲！,FC,256K,ACT,"￥4,900","￥5,000代",0,-,,,,,,,,
1986-12-20,デービーソフト,レイラ,FC,1M,ACT,"￥5,300","￥5,500代",0,-,,,,,,,,
1986-12-23,アスキー,コスモジェネシス,FC,256K,SLG,"￥4,900","￥5,000代",0,-,,,,,,,,
1986-12-24,カプコン,闘いの挽歌,FC,1M,ACT,"￥5,500","￥5,500代",0,-,,,江川陽一,西山隆志,森安也子,,,
1986-12-26,タイトー,アルカノイド,FC,256K,ETC,"￥5,400","￥5,500代",0,30,,,,,,,,
1986-12-26,日本物産,クレイジークライマー,FC,1M,ACT,"￥5,300","￥5,500代",0,-,,,,藤原茂樹,,,,
1986-12-26,ケムコ,時空の旅人,FC,1M,ADV,"￥4,900","￥5,000代",0,-,,,,,国吉良一,眉村卓|(『とらえられたスクールバス』より),,
1987-01-04,コナミ,火の鳥鳳凰編我王の冒険,FC,1M,ACT,"￥5,300","￥5,500代",0,-,,LOVELY HIDEKI,LOVELY HIDEKI,霜出健治,水谷郁|前沢秀憲|山下絹代,,,
1987-01-07,ナムコ,ドラゴンバスター,FC,1M,ACT,"￥4,900","￥5,000代",0,-,,,是枝ひろき,佐藤英治,慶野由利子,,,
1987-01-07,徳間書店,ラビリンス魔王の迷宮,FC,1M,ACT,"￥4,900","￥5,000代",0,-,,,,,トレヴァー・ジョーンズ,テリー・ジョーンズ,,
1987-01-26,エニックス,ドラゴンクエストⅡ悪霊の神々,FC,1M,RPG,"￥5,500","￥5,500代",241,38,,中村光一,中村光一,堀井雄二|鳥山明,すぎやまこういち,堀井雄二,千田幸信,
1987-02-01,バンダイ,ファミリートレーナーシリーズ3エアロビスタジオ,FC,256K,SPT,"￥5,800","￥6,000代",0,-,,,,,,,,
1987-02-06,ホットビィ,ザ・ブラックバス,FC,1M,ETC,"￥5,300","￥5,500代",0,-,,,,,,,,
1987-02-10,リコーエレメックス,新人類,FC,256K,ACT,"￥4,900","￥5,000代",0,-,,,,,,,,
1987-02-14,カルチャーブレーン,飛龍の拳奥義の書,FC,1M,ACT,"￥5,500","￥5,500代",0,-,,,,,,,,
1987-02-27,バンダイ,ポケットザウルス十王剣の謎,FC,1M,ACT,"￥5,500","￥5,500代",0,-,,,,,,,,
1987-03-05,トンキンハウス,ファミリーシンセいきなりミュージシャン,FC,256K,ETC,"￥4,900","￥5,000代",0,-,,,,,,,,
1987-03-06,ハドソン,ミッキーマウス不思議の国の大冒険,FC,256K,ACT,"￥4,900","￥5,000代",0,-,,菊田昌昭,三上哲|黒田尚樹|菊田昌昭,山本次行|松浦浩司|輪島智美,国本剛章,,,
1987-03-06,ポニーキャニオン,LawoftheWest西部の掟,FC,1M,ADV,"￥5,500","￥5,500代",0,-,,,,,,,,
1987-03-14,東宝,タッチミステリーオブトライアングル,FC,1M,ADV,"￥4,900","￥5,000代",0,-,,,,,,,,
1987-03-17,ビクター音楽産業,花のスター街道,FC,1M,ACT,"￥5,300","￥5,500代",0,-,,,,,,,,
1987-03-18,コナミ,グーニーズ2フラッテリー最後の挑戦,FC,1M,ADV,"￥4,900","￥5,000代",0,-,,,,,寺島里恵,,,
1987-03-25,タカラ,失われたメッセージロストワードオブジェニー,FC,1M,ACT,"￥5,500","￥5,500代",0,-,,,,,,,,
1987-03-27,ケムコ,南国指令！！スパイVSスパイ,FC,1M,ACT,"￥4,900","￥5,000代",0,-,,,マイケル・J・リーデル,,,,,
1987-04-02,ナムコ,さんまの名探偵,FC,1M,ADV,"￥4,900","￥5,000代",0,34,,,普川隆志,SKELETON HIE SAN|瀧上園枝,慶野由利子|小沢純子,兵藤岳史,,
1987-04-14,セタ,森田将棋,FC,1M,TBL,"￥5,500","￥5,500代",0,-,,,,,,,,
1987-04-14,カプコン,魔界島七つの島の大冒険,FC,1M,ACT,"￥4,980","￥5,000代",0,-,,,小林成光,黒川真圭,藤田晴美,,,
1987-04-15,テクノスジャパン,熱血硬派くにおくん,FC,1M,ACT,"￥5,300","￥5,500代",0,-,,岸本良久,富山徳之|熊谷慎太郎|佐藤博|西村成孝,緒方孝治|斉藤伸一|向井久美子|白戸政男,澤和雄,,,
1987-04-17,テクモ,アルゴスの戦士はちゃめちゃ大進撃,FC,1M,ACT,"￥4,980","￥5,000代",0,-,,,,,,,,
1987-04-17,東映動画,北斗の拳2世紀末救世主伝説,FC,1M,ACT,"￥5,300","￥5,500代",0,-,,,,,,,,
1987-04-24,ナムコ,ファミリージョッキー,FC,256K,SPT,"￥3,900","￥4,000代",0,31,,,T.FUKUMOTO|宇田川治久|はなおかくみ,,小沢純子,,,
1987-05-01,バンダイ,ファミリートレーナーシリーズ4ジョギングレース,FC,256K,SPT,"￥4,900","￥5,000代",0,-,,,,,,,,
1987-05-19,ジャレコ,妖怪倶楽部,FC,1M,ACT,"￥4,900","￥5,000代",0,-,,,,爬沼晻,村田幸史,,,
1987-05-24,東芝ＥＭＩ,ダイナマイトボウル,FC,256K,SPT,"￥4,900","￥5,000代",0,-,,,,,,,,
1987-06-01,アスキー,北海道連鎖殺人オホーツクに消ゆ,FC,2M,ADV,"￥5,800","￥6,000代",0,-,,,上野利幸,本山重人|のせみのる,,堀井雄二,塩崎剛三,
1987-06-05,SNK,アテナ,FC,1M,ACT,"￥5,500","￥5,500代",0,-,,,,,,,,
1987-06-05,ハドソン,高橋名人のBUGってハニー,FC,1M,ACT,"￥5,500","￥5,500代",0,-,,,,,国本剛章(7曲担当),,,
1987-06-12,データイースト,闘人魔境伝ヘラクレスの栄光,FC,1M,RPG,"￥5,300","￥5,500代",0,-,,,,,,,,
1987-06-19,ナムコ,ファミリーボクシング,FC,512K,SPT,"￥4,900","￥5,000代",0,30,,,,,,,,
1987-06-20,デービーソフト,うっでいぽこ,FC,1M,ACT,"￥5,500","￥5,500代",0,31,,,小林貴樹|松井文也,高殿収,斉藤康仁,,吉田めぐみ,
1987-06-26,ジャレコ,燃えろ！！プロ野球,FC,1M,SPT,"￥5,500","￥5,500代",158,32,,,おおたのぶかず,田中哲次,村田幸史|林音人,,関雅行,
1987-06-26,ジャレコ,燃えろ！！プロ野球(黒),FC,1M,SPT,"￥5,500","￥5,500代",0,-,,,おおたのぶかず,田中哲次,村田幸史|林音人,,関雅行,
1987-06-27,エピックソニー,所さんのまもるもせめるも,FC,256K,ACT,"￥4,900","￥5,000代",0,-,,長崎行男,ハル研究所,島武実|所ジョージ,澤和雄,,所ジョージ|北島肇,
1987-06-30,タイトー,未来神話ジャーヴァス,FC,2M,RPG,"￥5,500","￥5,500代",0,-,,,,,,,,
1987-07-03,ハイスコアメディアワーク,ゾンビハンター,FC,1M,RPG,"￥4,900","￥5,000代",0,-,,,,,,,,
1987-07-07,コナミ,月風魔伝,FC,1M,ACT,"￥4,900","￥5,000代",0,-,,,橋本和久|青山和浩|山下和之|風仁美|徳田典|小川光章,米田朗,前沢秀憲,,,
1987-07-10,日本物産,ブービーキッズ,FC,1M,ACT,"￥4,900","￥5,000代",0,-,,藤原茂樹,,藤原茂樹,吉田健志|船場洋志,,,
1987-07-16,ハドソン,ヘクター'87,FC,1M,SHT,"￥5,000","￥5,000代",0,-,,小山俊典,小山俊典|永田淳夫|KINCHAN|CHARLEY NAKATA,奥村恵|高津敏之|野中和彦|SUGATA MORIMOTO|YASUAKI KUWAHARA|桑原司|YAMACHAM!|増尾隆幸(パッケージデザイン),国本剛章,,,
1987-07-17,ナムコ,ドラゴンスレイヤーⅣ,FC,1M,RPG,"￥4,900","￥5,000代",0,-,,,秋葉紀好|木屋善夫,大浦孝浩|都築和彦|古代彩乃,古代祐三|石川三恵子,立川敏男|木屋善夫|畠山孝一|大浦孝浩|秋葉紀好,加藤正幸,
1987-07-18,ケイアミューズメントリース,ジャンボウ,FC,1M,ETC,"￥4,980","￥5,000代",0,-,,,,,,,,
1987-07-20,サンソフト,ファンタジーゾーン,FC,1M,SHT,"￥5,300","￥5,500代",0,34,,石井洋児,片木秀一,石井洋児|近藤正樹,川口博史,,,
1987-07-22,ユース,バツ＆テリー魔境の鉄人レース,FC,1M,ACT,"￥5,300","￥5,500代",0,-,,,,,,,,
1987-07-30,バンダイ,カラオケスタジオ基本セット,FC,1M,ETC,"￥7,500","￥7,500代",0,-,,,,,,,,
1987-07-30,ビック東海,チェスターフィールド暗黒神への挑戦,FC,1M,RPG,"￥5,300","￥5,500代",0,-,,,,,,,,
1987-07-31,バンダイ,ファミリートレーナーシリーズ5迷路大作戦,FC,1M,SPT,"￥4,900","￥5,000代",0,-,,,,,,,,
1987-08-07,スクウェア,ハイウェイスター,FC,1M,RCG,"￥4,500","￥4,500代",0,32,,,,,,,,
1987-08-07,ハドソン,ボンバーキング,FC,1M,ACT,"￥5,500","￥5,500代",0,-,,おおたひろし,笹川敏幸|おかだひろゆき,竹森得泰|山本次行|松浦浩司|輪島智美|桑原美生|増尾隆幸(パッケージデザイン),井上大介|国本剛章,,,
1987-08-07,キングレコード,ミラクルロピット2100年の冒険,FC,1M,ACT,"￥4,900","￥5,000代",0,-,,,,,,,,
1987-08-10,トーワチキ,エルナークの財宝,FC,1M,ACT,"￥5,300","￥5,500代",0,-,,,,,,,,
1987-08-10,バンダイ,聖闘士星矢黄金伝説,FC,1M,RPG,"￥5,500","￥5,500代",0,-,,,,,,,,
1987-08-11,ナムコ,ファミリーマージャン,FC,1M,TBL,"￥3,900","￥4,000代",0,-,,,,,吉田健志,,,
1987-08-11,BPS,囲碁九路盤対局,FC,256K,TBL,"￥5,500","￥5,500代",0,-,,,,,,,,
1987-08-11,サンソフト,天下のご意見番水戸黄門,FC,1M,ADV,"￥5,300","￥5,500代",0,-,,,,,,,,
1987-08-11,コナミ,魔城伝説Ⅱ大魔司教ガリウス,FC,1M,ACT,"￥4,900","￥5,000代",0,-,,きたもとしんじ,きたもとしんじ|岸和田聡|徳田典,T.UEYAMA|くぼゆうさく,前沢秀憲|坂元信也|藤尾敦|禎清宏|山下絹代,,,
1987-08-17,HAL研究所,エアーフォートレス,FC,1M,ACT,"￥5,300","￥5,500代",0,-,,,,,,,,
1987-08-21,徳間書店,夢幻戦士ヴァリスthefantasicsoldier,FC,1M,ACT,"￥5,500","￥5,500代",0,-,,,,,,,,
1987-08-28,タカラ,光の戦士フォトン惑星ゾルディアスの戦い,FC,1M,ADV,"￥5,500","￥5,500代",0,-,,,,,,,,
1987-08-31,バンダイ,ファミリートレーナーシリーズ6マンハッタンポリス,FC,1M,SPT,"￥4,900","￥5,000代",0,-,,,,,,,,
1987-09-03,カルチャーブレーン,シェラザードアラビアンドリーム,FC,1M,RPG,"￥5,500","￥5,500代",0,-,,,,,,,,
1987-09-05,東芝ＥＭＩ,ゾイド中央大陸の戦い,FC,1M,RPG,"￥5,300","￥5,500代",0,-,,,,,,,,
1987-09-11,東映動画,SWAT,FC,1M,ADV,"￥5,300","￥5,500代",0,-,,,,,,,,
1987-09-11,ナムコ,デジタルデビル物語女神転生,FC,1M,RPG,"￥4,900","￥5,000代",0,31,,,,北爪宏幸|江崎稔,増子司,,,
1987-09-18,アイレム,スペランカーⅡ勇者への挑戦,FC,1M,ACT,"￥5,300","￥5,500代",0,-,,,,,,,,
1987-09-18,テクモ,つっぱり大相撲,FC,256K,ACT,"￥4,900","￥5,000代",0,-,,,猪瀬祥希,吉沢秀雄,山岸継司,,,
1987-09-22,ジャレコ,バイオ戦士DANインクリーザーとの闘い,FC,1M,ACT,"￥4,900","￥5,000代",0,-,,,,爬沼庵,増子司,,,
1987-09-24,HAL研究所,スターゲイト,FC,128K,SHT,"￥3,900","￥4,000代",0,-,,,,,,,,
1987-09-24,カプコン,井出洋介名人の実践麻雀,FC,1M,TBL,"￥6,500","￥6,500代",0,-,,,,,,,,
1987-09-25,タイトー,キョンシーズ2,FC,1M,RPG,"￥5,500","￥5,500代",0,-,,,,,,,,
1987-09-25,コナミ,沙羅曼蛇,FC,1M,ACT,"￥4,900","￥5,000代",0,-,,,町口浩康|たけもとみつお|高取利明|みのわいくこ,町口浩康|櫻井潤|よしたかみき|ばんどういくこ,波多野よしあき(SE・プログラム)|東野美紀(作曲),,,
1987-10-01,HAL研究所,ミリピート巨大昆虫の逆襲,FC,128K,SHT,"￥3,900","￥4,000代",0,-,,,,,,,,
1987-10-01,トンキンハウス,ロマンシア,FC,1M,RPG,"￥5,300","￥5,500代",0,-,,,木屋善夫|秋葉紀好,木屋善夫|山根朝郎,阿部隆人|古代祐三,五十嵐哲也,,
1987-10-02,アイレム,快傑ヤンチャ丸,FC,2M,ACT,"￥5,500","￥5,500代",0,-,,,,,,,,
1987-10-09,ポニーキャニオン,ウルティマ～恐怖のエクソダス～,FC,2M,RPG,"￥5,900","￥6,000代",0,32,,,,,,,,
1987-10-13,ジャレコ,エスパ冒険隊魔王の砦,FC,2M,ACT,"￥5,300","￥5,500代",0,-,,,,,坂本慎一,,,
1987-10-20,ケムコ,インドラの光,FC,1M,RPG,"￥5,300","￥5,500代",0,-,,しみずげんぞう,,すえだきみなり|てらざわようこ,増野宏之,,道浦忍,
1987-10-23,タイトー,ミネルバトンサーガラゴンの復活,FC,1M,RPG,"￥5,500","￥5,500代",0,-,,,森田和郎,米田仁士,大山曜|津田治彦,羅門祐人,,
1987-10-23,アスキー,覇邪の封印,FC,1M,RPG,"￥5,800","￥6,000代",0,-,,,,,堺香子,阿賀伸宏|鬼良あきら,,
1987-10-26,ハドソン,桃太郎伝説,FC,2M,RPG,"￥5,800","￥6,000代",100,32,,さくまあきら,,土居孝幸,関口和之|国本剛章(金太郎の村の曲とレベルアップ時のジングル),,,
1987-10-27,ホットビィ,星をみるひと,FC,1M,RPG,"￥5,300","￥5,500代",0,-,,,,,,,,
1987-10-28,バンダイ,カラオケスタジオ専用カセットトップヒット20Vol.1,FC,2M,ETC,"￥3,980","￥4,000代",0,-,,,,,,,,
1987-10-30,ナムコ,サイドポケット,FC,1M,SPT,"￥3,900","￥4,000代",0,-,,,,,,,,
1987-10-30,HAL研究所,ジャウスト,FC,128K,ACT,"￥3,900","￥4,000代",0,-,,,ビル・プフツェンロイター,ジョン・ニューカマー(英語版)|ジャン・ヘンドリクス|パイソン・アンゲロ(英語版),ティム・マーフィ|ジョン・コトラリク(音声),,,
1987-10-30,サンソフト,上海,FC,1M,PZL,"￥5,300","￥5,500代",0,-,,,,,,,,
1987-11-01,任天堂,マイクタイソンパンチアウト,FC,1M,SPT,"￥5,500","￥5,500代",0,30,,,,宮本茂,,,竹田玄洋,
1987-11-06,ナムコ,ルパン三世パンドラの遺産,FC,1M,ACT,"￥3,900","￥4,000代",0,-,,,宇田川治久|はなおかくみ,,,,,
1987-11-06,ジャレコ,宇宙船コスモキャリア,FC,1M,SLG,"￥4,900","￥5,000代",0,-,,,,,,,,
1987-11-13,日本物産,アルテリオス,FC,1M,RPG,"￥5,500","￥5,500代",0,-,,,,,,,,
1987-11-16,ハドソン,ファザナドゥ,FC,2M,RPG,"￥5,900","￥6,000代",0,-,,,奥野仁|小山俊典,岡本敏郎,作曲:竹間ジュン|プログラミング:滝本利昭,,,
1987-11-27,バンダイ,ファミリートレーナーシリーズ7ファミトレ大運動会,FC,256K,SPT,"￥4,900","￥5,000代",0,-,,,,,,,,
1987-11-27,ナムコ,時空勇伝デビアス,FC,1M,RPG,"￥4,900","￥5,000代",0,-,,,,,,,,
1987-12-04,ビクター音楽産業,アウトランダーズ,FC,1M,RPG,"￥5,300","￥5,500代",0,-,,,,浜崎博嗣,,真鍋譲治,,
1987-12-04,ナムコ,スターウォーズ(ナムコ製),FC,1M,ACT,"￥4,900","￥5,000代",0,30,,,岸本好弘,WAN WAN|SHIMADA,川田宏行,,中村雅哉,
1987-12-04,コナミ,ドラゴンスクロール蘇りし魔竜,FC,1M,RPG,"￥5,300","￥5,500代",0,-,,,,,,,,
1987-12-04,パックインビデオ,ランボー,FC,1M,ACT,"￥5,300","￥5,500代",0,-,,,,,ジェリー・ゴールドスミス,ディヴィッド・マレル|『一人だけの軍隊』,,
1987-12-07,スクウェア,JJ(ジェイジェイ),FC,1M,SHT,"￥4,500","￥4,500代",0,-,,,,,,,,
1987-12-09,データイースト,ゴルフ倶楽部バーディラッシュ,FC,1M,SPT,"￥5,500","￥5,500代",0,-,,,,,,,,
1987-12-11,コナミ,トップガン,FC,1M,SHT,"￥5,300","￥5,500代",0,-,,,,,,,,
1987-12-11,ナムコ,ファミリーテニス,FC,512K,SPT,"￥3,900","￥4,000代",0,-,,,弓達公雄,永島洋武,小沢純子,,中村雅哉,
1987-12-11,タイトー,京都龍の寺殺人事件山村美紗サスペンスシリーズ,FC,1M,ADV,"￥5,500","￥5,500代",0,-,,,,,,,,
1987-12-12,デービーソフト,鉄道王,FC,256K,ETC,"￥4,900","￥5,000代",0,34,,,,,,,,
1987-12-15,任天堂,銀河の三人,FC,1M,RPG,"￥5,000","￥5,000代",0,-,,,,,,,,
1987-12-16,コナミ,エキサイティングボクシング,FC,1M,ACT,"￥7,980","￥8,000代",0,-,,,,,,,,
1987-12-17,カプコン,ロックマン,FC,1M,ACT,"￥5,300","￥5,500代",120,-,,,,,,,,
1987-12-18,ナムコ,カルノフ,FC,1M,ACT,"￥4,900","￥5,000代",0,-,,,,,,,,
1987-12-18,ケイアミューズメントリース,スティックハンター,FC,1M,SPT,"￥5,500","￥5,500代",0,-,,,,,,,,
1987-12-18,タイトー,タイトーグランプリ栄光へのライセンス,FC,1M,RCG,"￥5,500","￥5,500代",0,-,,,,,,,,
1987-12-18,スクウェア,ファイナルファンタジー,FC,2M,RPG,"￥5,900","￥6,000代",0,34,,坂口博信,ナーシャ・ジベリ,田中弘道|河津秋敏|天野喜孝,植松伸夫,寺田憲史|河津秋敏,宮本雅史,
1987-12-18,ココナッツジャパン,目指せパチプロパチ夫くん,FC,1M,TBL,"￥5,500","￥5,500代",0,31,,,,,,,,
1987-12-22,アスキー,ウィザードリィ,FC,1M,RPG,"￥5,800","￥6,000代",0,33,,,,,,,,
1987-12-22,バンダイ,ゲゲゲの鬼太郎2妖怪軍団の挑戦,FC,1M,RPG,"￥5,500","￥5,500代",0,-,,,,,,,,
1987-12-22,ナムコ,プロ野球ファミリースタジアム87年度版,FC,512K,SPT,"￥3,900","￥4,000代",130,-,,,,,,,,
1987-12-22,コナミ,メタルギア,FC,1M,ACT,"￥5,300","￥5,500代",0,-,,,福井博幸|大塚友則,小島秀夫|たばたまさみ|ふじもとあずさ,水谷郁|たけのうちしげひろ|古川元亮,,,
1987-12-25,東芝ＥＭＩ,マグナム危機一髪エンパイアシティー1931,FC,1M,SHT,"￥5,300","￥5,500代",0,-,,,,,,,,
1987-12-26,ポニーキャニオン,アタックアニマル学園,FC,1M,SHT,"￥5,500","￥5,500代",0,-,,はっとりやすお,TSUHKAI SQUASH YAROH,にしたにあや|ふじもりあつし,はっとりやすお,,,
1987-12-26,ケムコ,スーパーマン,FC,1M,ACT,"￥5,500","￥5,500代",0,-,,,,,,,,
1987-12-28,バンダイ,ファミリートレーナーシリーズ8突撃！風雲たけし城,FC,256K,SPT,"￥4,900","￥5,000代",0,-,,,,,,,,
1988-01-06,ナムコ,ファミリーサーキット,FC,1M,RCG,"￥3,900","￥4,000代",0,32,,,遠藤雅伸|もろぼしはずれ,遠藤雅伸,大野木宜幸,,今成一雄,
1988-01-07,HAL研究所,ソフトハウス連続殺人事件殺意の階層,FC,2M,ADV,"￥5,900","￥6,000代",0,-,,,,,,,,
1988-01-14,コナミ,コナミワイワイワールド,FC,1M,ACT,"￥5,500","￥5,500代",0,30,,,青山和浩|徳田典|小川光章,月仲本|日下進,坂元信也|松尾重政|藤尾敦,,,
1988-01-22,東映動画,スケバン刑事Ⅲ,FC,1M,ACT,"￥5,300","￥5,500代",0,-,,,,,新田一郎,土屋斗紀雄|橋本以蔵|我妻正義|武上純希|神戸一彦,石原隆|中曽根千治|手塚治,
1988-01-23,サンソフト,リップルアイランド,FC,1M,ADV,"￥4,900","￥5,000代",0,-,,,酒井敦史|東谷浩明,KIRITAN|もりけん|HIDECHAN|CHAPPY,小高直樹|RYU,,,
1988-01-29,データイースト,ドナルドランド,FC,1M,ACT,"￥5,500","￥5,500代",0,-,,中本博通,石井誠一|GUMON|R.IJYUIN,棈松和哉|TAKAYUKI.M|T.NAGAOKA|かんだあきら|MOTOKO.N,S.KAMIZONO|三浦孝史|酒井省吾,,兼安時紀,
1988-02-01,HAL研究所,ジャンボ尾崎のホールインワンプロフェッシュナル,FC,1M,SPT,"￥5,600","￥5,500代",0,-,,,,,,,,
1988-02-01,CBSソニー,パリダカールラリースペシャル,FC,1M,RCG,"￥5,300","￥5,500代",0,-,,,,,,,,
1988-02-03,バンダイ,仮面ライダー倶楽部,FC,1M,ACT,"￥5,500","￥5,500代",0,-,,,,,,,,
1988-02-05,アイレム,ガーディック外伝,FC,1M,SHT,"￥5,500","￥5,500代",0,30,,仁井谷正充,広野隆行,寺本耕二|頼近直純|加藤直之,宮本昌知|山藤武志,,,
1988-02-09,コナミ,魂斗羅(コントラ),FC,1M,ACT,"￥5,300","￥5,500代",0,-,,,,,,,大瀧詠一,
1988-02-10,エニックス,ドラゴンクエストⅢそして伝説へ…,FC,2M,RPG,"￥5,900","￥6,000代",380,38,,中村光一,内藤寬,鳥山明,すぎやまこういち,堀井雄二,千田幸信,
1988-02-18,バンダイ,カラオケスタジオ専用カセットトップヒット20Vol.2,FC,2M,ETC,"￥3,980","￥4,000代",0,-,,,,,,,,
1988-02-18,イマジニア,松本亨の株式必勝学,FC,2M,SLG,"￥9,800","￥10,000代",0,30,,,,山科けいすけ,,松本亨,,
1988-02-26,データイースト,探偵神宮寺三郎横浜港連続殺人事件,FC,1M,ADV,"￥5,500","￥5,500代",0,-,,佐原稔英,梅木元博|今井敏彦,寺田克也,中神紀之|K.SUZUKI|宮田やすお,RABBIT HOUSE GROUP4,,
1988-02-26,コナミ,鉄腕アトム,FC,1M,ACT,"￥5,500","￥5,500代",0,-,,,,,,,,
1988-03-04,ポニーキャニオン,ボールブレイザー(ルーカスフィルムゲーム),FC,1M,ACT,"￥5,500","￥5,500代",0,-,,,,,,,,
1988-03-08,タイトー,アルカノイドⅡ,FC,512K,ETC,"￥5,900","￥6,000代",0,-,,,,,,,,
1988-03-10,パックインビデオ,シュワルツネッガーのプレデター,FC,1M,ACT,"￥5,500","￥5,500代",0,-,,,,,,,,
1988-03-17,ビクター音楽産業,釣りキチ三平ブルーマーリン編,FC,1M,ETC,"￥5,500","￥5,500代",0,-,,,,,,,,
1988-03-17,ナムコ,ローリングサンダー,FC,1M,ACT,"￥5,500","￥5,500代",0,-,,,,,,,,
1988-03-18,アイレム,ナポレオン戦記,FC,1M,SLG,"￥5,500","￥5,500代",0,-,,,,,,,,
1988-03-18,光栄,信長の野望全国版,FC,2M,SLG,"￥9,800","￥10,000代",0,-,,,,,菅野よう子,,シブサワ・コウ,
1988-03-18,ポニーキャニオン,谷川浩司の将棋指南Ⅱ名人への道,FC,1M,TBL,"￥5,500","￥5,500代",0,-,,,,,,,,
1988-03-24,SNK,ファイティングゴルフ,FC,1M,SPT,"￥5,500","￥5,500代",0,-,,,,,,,,
1988-03-26,ビック東海,ゴルゴ13第一章神々の黄昏,FC,1M,ACT,"￥5,700","￥5,500代",0,-,,ANGELA,八木としやす,吉川昇一|吉川昇一|佐藤博幸,蓮谷通治,倉本奈緒,さいとう・たかを,
1988-03-28,イマジニア,愛の伝説オリュンポスの戦い,FC,1M,RPG,"￥5,300","￥5,500代",0,-,,,,,,,,
1988-03-28,ホットビィ,武田信玄,FC,1M,SLG,"￥5,800","￥6,000代",0,-,,,,,,,,
1988-03-29,アスキー,フリートコマンダー,FC,256K,SLG,"￥5,500","￥5,500代",0,-,,,,,,,,
1988-03-29,タイトー,不動明王伝,FC,2M,ACT,"￥5,900","￥6,000代",0,-,,,,,,,,
1988-03-30,データイースト,ビーバップハイスクール高校生極楽伝説,FC,1M,ADV,"￥5,800","￥6,000代",0,-,,,,,,,,
1988-04-05,ナムコ,独眼竜政宗,FC,1M,SLG,"￥5,500","￥5,500代",0,-,,,,,,,,
1988-04-08,東宝,ジーキル博士の彷魔が刻,FC,1M,ACT,"￥5,300","￥5,500代",0,-,,,,,蓮谷通治,,,
1988-04-08,テクノスジャパン,双截龍(ダブルドラゴン),FC,1M,ACT,"￥5,800","￥6,000代",0,31,,,,,,,,
1988-04-15,ジャレコ,燃えろ！！プロテニス,FC,1M,SPT,"￥5,500","￥5,500代",0,-,,,,樋上いたる|門之園恵美|池田和美,折戸伸治|戸越まごめ|麻枝准,志茂文彦,馬場隆博,
1988-04-16,ケイアミューズメントリース,怒ⅡDOGOSOKEN,FC,2M,ACT,"￥5,500","￥5,500代",0,-,,,,,,,,
1988-04-28,トンキンハウス,エリュシオン,FC,1M,RPG,"￥5,500","￥5,500代",0,-,,,,,,,,
1988-04-28,テクモ,キャプテン翼,FC,1M,SPT,"￥5,500","￥5,500代",0,32,,,,,,高橋陽一,,
1988-04-28,ケムコ,砂漠の狐戦車戦略,FC,1M,SLG,"￥5,500","￥5,500代",0,-,,,,,,,,
1988-05-01,トーワチキ,名探偵ホームズ霧のロンドン殺人事件,FC,2M,ADV,"￥6,000","￥6,000代",0,-,,,,,,,,
1988-05-13,スクウェア,ディープダンジョンⅢ勇士への旅,FC,2M,RPG,"￥5,900","￥6,000代",0,-,,,,,,,,
1988-05-20,東映動画,仮面の忍者赤影,FC,1M,ACT,"￥5,300","￥5,500代",0,-,,石崎すすむ,,金山明博,知久光康,菅良幸|井上敏樹|照井啓司|渡辺麻実,,
1988-05-27,ヘクト,将軍(SHOGUN),FC,1M,SLG,"￥5,800","￥6,000代",0,-,,,,,モーリス・ジャール,エリック・バーコビッチ,エリック・バーコビッチ|ベン・チャップマン|ジェームズ・クラベル|ケリー・フェルザーン,
1988-05-27,ハドソン,サラダの国のトマト姫,FC,1M,ADV,"￥5,900","￥6,000代",0,-,,,,,,,,
1988-05-27,ナムコ,ナムコクラシック,FC,2M,SPT,"￥5,900","￥6,000代",0,30,,,,,,,,
1988-05-27,ユーピーエル,忍者くん阿修羅の章,FC,1M,ACT,"￥5,300","￥5,500代",0,-,,,西澤龍一|藤沢勉,西澤龍一|藤沢勉,,,,
1988-05-30,バンダイ,聖闘士星矢黄金伝説完結編,FC,1M,RPG,"￥5,800","￥6,000代",0,-,,,,,,,,
1988-06-03,日本物産,コスモポリスギャリバン,FC,1M,ACT,"￥5,900","￥6,000代",0,-,,藤原茂樹,つちいえとしお,藤原茂樹|なかがわきょうこ,吉田健志,,,
1988-06-17,サンソフト,超惑星戦記メタファイト,FC,1M,SHT,"￥5,300","￥5,500代",0,32,,東谷浩明|北角浩一,さだけんじ|かじたけんじ,さだけんじ|岩田義明|駕屋ひろゆき|リチャード・ロビンス,小高直樹,,,
1988-06-20,カプコン,1943,FC,1M,SHT,"￥5,300","￥5,500代",0,-,,,,,,,,
1988-06-24,ケムコ,真田十勇士,FC,1M,RPG,"￥5,600","￥5,500代",0,30,,,,,,,,
1988-06-24,ナムコ,妖怪道中記,FC,1M,ACT,"￥4,900","￥5,000代",0,30,,,デビル中村,水野一実|ナナチャン大石|木元昌洋|小森谷勇一郎|サラバジャ南|ホルスタイン安斎|カータン榊原,川田宏行,,,
1988-06-28,タイトー,究極ハリキリスタジアム,FC,1M,SPT,"￥5,500","￥5,500代",0,-,,,,,,,,
1988-07-14,BPS,スーパーブラックオニキス,FC,2M,RPG,"￥5,900","￥6,000代",0,-,,,ボブ・ラザフォード|小林孝志|リチャード・チャールズ・ロジャース|坂本隆志,ヘンク・ブラウアー・ロジャース|ハンス・ヤンセン,,松方哲也,,
1988-07-15,コナミ,じゃりん子チエばくだん娘のし幸せさがし,FC,1M,ADV,"￥5,800","￥6,000代",0,-,,,,,,,,
1988-07-15,アスキー,ベストプレープロ野球,FC,1M,SLG,"￥5,800","￥6,000代",0,30,,,,,,,,
1988-07-15,ジャレコ,伝説の騎士エルロンド,FC,1M,ACT,"￥5,500","￥5,500代",0,-,,,,,デビッド・ワイズ,,,
1988-07-20,カプコン,ヒットラーの復活トップシークレット,FC,2M,ACT,"￥5,900","￥6,000代",0,-,,,,,,,,
1988-07-21,ボーステック,めぞん一刻,FC,2M,ADV,"￥5,900","￥6,000代",0,-,,,,,周防義和,岡田惠和,,
1988-07-22,ナムコ,カイの冒険,FC,1M,ACT,"￥3,900","￥4,000代",0,-,,遠藤雅伸,内藤智,遠藤雅伸|篠崎雄一郎|ときた洸一,小沢純子,遠藤雅伸,,
1988-07-22,ビック東海,カケフくんのジャンプ天国スピード地獄,FC,1M,ACT,"￥5,300","￥5,500代",0,-,,はせがわとしひさ,BIG HIT MACHIYA|河村知彦,はせがわとしひさ,蓮谷道治,,藤原明|曽我栄蔵,
1988-07-26,タイトー,レインボーアイランド,FC,1M,ACT,"￥5,500","￥5,500代",0,-,,,藤末一郎|みきこうじ|おくのこうじ,三辻富貴朗|三辻富貴朗|讃岐平,相澤静夫|小倉久佳,三辻富貴朗,,
1988-07-26,テクノスジャパン,熱血高校ドッジボール部,FC,1M,SPT,"￥5,800","￥6,000代",0,31,,,,,,,,
1988-07-29,SNK,グレートタンク,FC,1M,SHT,"￥5,500","￥5,500代",0,-,,,かねだゆきお,なかいとしゆき|小畑浩二|藤原秀樹|かわさきいさむ|かまだおさむ|さとうじゅんこ,ゆあさまさかず|田中敬一|西田和弘,,川崎英吉,
1988-07-29,ナムコ,三国志中原の覇者,FC,1M,SLG,"￥6,900","￥7,000代",0,-,,,,,,,,
1988-07-29,カルチャーブレーン,飛龍の拳Ⅱドラゴンの翼,FC,1M,ACT,"￥5,500","￥5,500代",0,-,,,,,,,,
1988-07-30,バップ,スーパーリアルベースボール'88,FC,1M,SPT,"￥5,500","￥5,500代",0,-,,,,,,,,
1988-08-03,東京書籍,太陽の神殿アステカⅡ,FC,2M,ADV,"￥5,900","￥6,000代",0,-,,加藤正幸,橋本昌哉,山根ともお|横山宏,阿部隆人,宮本恒之,,
1988-08-09,HAL研究所,エッガーランド迷宮の復活,FC,1M,PZL,"￥5,600","￥5,500代",0,-,,,,,,,,
1988-08-10,ソフエル,ザ・マネーゲーム,FC,1M,SLG,"￥5,900","￥6,000代",0,-,,,篠原正義|高橋範道|杉坂浩一|ドラゴン高橋|土津完保|山本忠行,山口裕司|山㟁栄一,大藤由美子(日本版)|村井俊夫(北米版),松沢博,,
1988-08-10,バンダイ,闘将！！拉麺男炸裂超人一○二芸,FC,1M,ADV,"￥5,800","￥6,000代",0,-,,明比正行,,山口泰弘,奥慶一,ゆでたまご,,
1988-08-10,ジャレコ,燃えろ！！プロ野球'88決定版,FC,2M,SPT,"￥5,800","￥6,000代",0,-,,,,,,,,
1988-08-11,サンソフト,水戸黄門Ⅱ世界漫遊記,FC,1M,ADV,"￥5,500","￥5,500代",0,-,,,,,,,,
1988-08-12,データイースト,サッカーリーグウィナーズカップ,FC,1M,SPT,"￥5,800","￥6,000代",0,-,,,,,,,,
1988-08-12,バンダイ,ドラゴンボール大魔王復活,FC,1M,RPG,"￥5,800","￥6,000代",0,-,,荻野目洋,しみずかずや,あきこ|ゆうこ|かつら|やすえ,安達春樹|ペルー,,,
1988-08-12,ナムコ,ファイナルラップ,FC,1M,RCG,"￥5,200","￥5,000代",0,-,,,,,細江慎治,,,
1988-08-12,任天堂,ファミコンウォーズ,FC,1M,SLG,"￥5,500","￥5,500代",0,33,,,,,,,,
1988-08-12,コナミ,マッドシティ,FC,1M,ACT,"￥5,500","￥5,500代",0,-,,,,,トーマス・ニューマン,トム・マシューズ,,
1988-08-19,アイレム,不如帰(ほととぎす),FC,2M,SLG,"￥6,500","￥6,500代",0,-,,,,,,,,
1988-08-23,ココナッツジャパン,スーパーピンボール,FC,1M,ETC,"￥5,800","￥6,000代",0,-,,,,,,,,
1988-08-26,ビクター音楽産業,イース,FC,2M,RPG,"￥6,200","￥6,000代",0,30,,,,,,,,
1988-08-26,バップ,スーパーダイナミックバトミントン,FC,256K,SPT,"￥4,900","￥5,000代",0,-,,,,,,,,
1988-08-26,ハドソン,亀の恩返し,FC,1M,SHT,"￥5,500","￥5,500代",0,-,,,,,高山博彦,,,
1988-09-02,SNK,ファミコン名人戦,FC,1M,TBL,"￥5,900","￥6,000代",0,-,,,,,,,,
1988-09-13,ジャレコ,マニアックマンション,FC,2M,ADV,"￥5,500","￥5,500代",0,-,,,ロン・ギルバート|デヴィッド・フォックス|カール・メイ,ロン・ギルバート|ゲイリー・ウィニック(英語版)|ゲイリー・ウィニック,クリス・グリッグス|デヴィッド・ローレンス,ロン・ギルバート|ゲイリー・ウィニック,,
1988-09-16,コナミ,コナミックスポーツインソウル,FC,1M,SPT,"￥5,500","￥5,500代",0,-,,,,,,,,
1988-09-16,ポニーキャニオン,霊幻道士,FC,2M,ACT,"￥5,900","￥6,000代",0,-,,,,,アンダース・ネルソン|メロディ・バンク,バリー・ウォン(黄炳耀)[注釈 1]|シートゥ・チャホン,,
1988-09-21,ポニーキャニオン,孔雀王,FC,2M,ADV,"￥5,800","￥6,000代",0,-,,,,越智博之(1)|摩砂雪(2)|岸田隆宏(3)|小池健|阿部恒,,荻野真,,
1988-09-22,ケムコ,ドナルドダック,FC,1M,ETC,"￥5,800","￥6,000代",0,-,,,,,,,,
1988-09-27,セタ,エイトアイズ,FC,1M,ACT,"￥5,800","￥6,000代",0,-,,,,,レノン=マッカートニー,,ジョージ・マーティン,
1988-09-27,ナムコ,えりかとさとるの夢冒険,FC,1M,ADV,"￥4,900","￥5,000代",0,-,,,,,高山博彦,,,
1988-09-30,エピックソニー,VIVALASVEGAS,FC,1M,TBL,"￥5,900","￥6,000代",0,-,,,,,,,,
1988-09-30,パックインビデオ,ナイトライダー,FC,512K,RCG,"￥5,500","￥5,500代",0,-,,,,,,,,
1988-10-01,アスキー,ベストプレープロ野球新データ,FC,1M,SLG,"￥5,800","￥6,000代",0,-,,,,,,,,
1988-10-11,ボーステック,大戦略,FC,1M,SLG,"￥5,900","￥6,000代",0,-,,,,,,,,
1988-10-18,ホットビィ,ザ・ブラックバスⅡ,FC,1M,ETC,"￥5,800","￥6,000代",0,-,,,,,,,,
1988-10-21,データイースト,コブラコマンド,FC,1M,SHT,"￥5,800","￥6,000代",0,-,,,,,,,,
1988-10-21,ナムコ,源平討魔伝,FC,1M,RPG,"￥4,900","￥5,000代",0,-,,,大久保良一,阿部信彦|高橋由鬼夫|穴田悟,中潟憲雄,高橋由鬼夫|大久保良一|中潟憲雄,,
1988-10-23,任天堂,スーパーマリオブラザーズ3,FC,2M,ACT,"￥6,500","￥6,500代",384,35,,宮本茂|手塚卓志,中郷俊彦,宮本茂|手塚卓志|手塚卓志|紺野秀樹|木村浩之,近藤浩治,,宮本茂,
1988-10-28,ヘクト,アメリカ大統領選挙,FC,1M,SLG,"￥9,800","￥10,000代",0,-,,,,,,,,
1988-10-30,光栄,三國志,FC,2M,SLG,"￥9,800","￥10,000代",0,-,,,,,,,,
1988-11-10,ナツメ,東方見文録,FC,1M,ADV,"￥5,800","￥6,000代",0,-,,,キャプテンつぼはち,太田螢一,HANA YAMUCHA,ウルトラかんさい|KONAN,,
1988-11-11,ケイアミューズメントリース,アメリカンフットボールタッチダウンフィーバー,FC,1M,SPT,"￥5,500","￥5,500代",0,-,,,,,,,,
1988-11-11,アスミック,ぎゅわんぶらあ自己中心派,FC,2M,TBL,"￥5,900","￥6,000代",0,-,,,,,,,,
1988-11-11,ジャレコ,西遊記ワールド,FC,1M,ACT,"￥5,500","￥5,500代",0,-,,,,,,,,
1988-11-16,アテナ,ファミリークイズ4人はライバル,FC,1M,ETC,"￥5,800","￥6,000代",0,-,,,,,,,,
1988-11-18,ナムコ,貝獣物語,FC,1M,RPG,"￥5,500","￥5,500代",0,-,,,スタジオD51,バースデイ|フロッピー野中,六土開正,バースデイ,,
1988-11-22,ケムコ,ディジャブ悪魔は本当にやって来た,FC,1M,ADV,"￥9,800","￥10,000代",0,30,,,,,,,,
1988-11-22,ジャレコ,燃えろ！！ジュニアバスケットTWOONTWO,FC,1M,SPT,"￥5,500","￥5,500代",0,-,,,,,,,,
1988-11-25,タイトー,たけしの戦国風雲児,FC,1M,ETC,"￥5,800","￥6,000代",0,-,,,,,,,,
1988-11-25,ナムコ,ファミリーマージャンⅡ上海への道,FC,1M,TBL,"￥4,900","￥5,000代",0,-,,,,,,,,
1988-11-29,ジャレコ,中国占星術,FC,1M,ETC,"￥5,900","￥6,000代",0,-,,,,,,,,
1988-12-02,サンソフト,エイリアンシンドローム,FC,1M,ACT,"￥5,500","￥5,500代",0,-,,,,,中林亨,,,
1988-12-02,ハドソン,桃太郎電鉄,FC,2M,TBL,"￥5,800","￥6,000代",0,-,,さくまあきら,,飯塚裕之|土居孝幸,関口和之,桝田省治|こいでたく|まつもとたづ,,
1988-12-02,ビック東海,突然！マッチョマン,FC,1M,ACT,"￥5,500","￥5,500代",0,-,,,おかだひろゆき,竹森得泰|風間浩|MACKEY UENO,横山清|安藤童太,,いのうえあきお,
1988-12-02,スクウェア,半熟英雄,FC,1M,SLG,"￥5,800","￥6,000代",0,-,,,,,,,,
1988-12-09,ナムコ,キングオブキングス,FC,1M,SLG,"￥5,900","￥6,000代",0,30,,,,,,,,
1988-12-09,東宝,ゴジラ,FC,1M,SLG,"￥5,800","￥6,000代",0,-,,,,,,,,
1988-12-09,バリエ,中嶋悟監修F-1ヒーロー,FC,1M,RCG,"￥5,900","￥6,000代",0,-,,,,,,,,
1988-12-09,テクモ,忍者龍剣伝,FC,1M,ACT,"￥5,500","￥5,500代",0,-,,,,,斎藤幹雄,,,
1988-12-10,インダクショウンプロディース,89電脳九星占いbyGingukan,FC,2M,ETC,"￥9,800","￥10,000代",0,-,,,,,,,,
1988-12-13,東映動画,ファイティングロード,FC,1M,ACT,"￥6,200","￥6,000代",0,-,,,,,,,,
1988-12-16,ビクター音楽産業,かぐや姫伝説,FC,2M,ADV,"￥5,900","￥6,000代",0,-,,,SPRING FIELD,富沢千夏,美羅亜樹,松本貢,本多慧,
1988-12-16,徳間書店,キャプテンシルバー,FC,1M,ACT,"￥5,500","￥5,500代",0,-,,,,,,,,
1988-12-16,コナミ,グラディウスⅡ,FC,1M,ACT,"￥5,900","￥6,000代",0,31,,,橋本和久|徳田典|松花賢和|高浜元,三好威正|H.MORII|すえながみかよ,村岡一樹|上原和彦|上高治巳|森本ゆきえ,,,
1988-12-16,ケイアミューズメントリース,ザトライアスロン,FC,1M,RCG,"￥5,600","￥5,500代",0,-,,,,,,,,
1988-12-16,タイトー,究極ハリキリスタジアム'88選手新データバージョン,FC,1M,SPT,"￥5,500","￥5,500代",0,-,,,,,,,,
1988-12-17,東京書籍,サイクルレースロードマン～激走！！日本一周4000km～,FC,1M,RCG,"￥5,500","￥5,500代",0,-,,,,,,,,
1988-12-17,バリエ,トップライダー,FC,1M,RCG,"￥9,800","￥10,000代",0,-,,,,,,,,
1988-12-17,スクウェア,ファイナルファンタジーⅡ,FC,2M,RPG,"￥6,500","￥6,500代",76,35,,坂口博信,ナーシャ・ジベリ,田中弘道|青木和彦|天野喜孝,植松伸夫,寺田憲史,宮本雅史,
1988-12-20,バンダイ,ファミリートレーナーシリーズ9風雲たけし城二,FC,256K,SPT,"￥4,900","￥5,000代",0,-,,,,,,,,
1988-12-20,サンソフト,ファンタジーゾーンⅡオパオパの涙,FC,1M,SHT,"￥5,500","￥5,500代",0,-,,,,,上保徳彦,,,
1988-12-20,ナムコ,プロ野球ファミリースタジアム'88年度版,FC,1M,SPT,"￥4,900","￥5,000代",109,-,,,,,,,,
1988-12-20,HAL研究所,ローラーボール,FC,1M,TBL,"￥5,600","￥5,500代",0,-,,,,,,,,
1988-12-21,ケムコ,銀河英雄伝説わが征くは星の大海,FC,1M,SLG,"￥5,900","￥6,000代",0,-,,,,本木久年|清水恵蔵|久米一成|田中精美|池田裕治|高橋英樹|清水恵蔵|清水恵蔵(全編)|今泉賢一(「汚名」),,河中志摩夫,,
1988-12-22,BPS,テトリス,FC,256K,PZL,"￥4,900","￥5,000代",181,-,,,,,,,,
1988-12-23,ジャレコ,燃えろ！！プロサッカー,FC,2M,SPT,"￥5,800","￥6,000代",0,-,,,,,,,,
1988-12-24,タイトー,アキラ,FC,1M,ADV,"￥6,800","￥7,000代",0,-,,,,,,,,
1988-12-24,九娯貿易,エアーウルフ,FC,1M,ACT,"￥5,900","￥6,000代",0,-,,,,,,,,
1988-12-24,フジテレビ,小公子セディ(ファミコンドラマ),FC,2M,ADV,"￥5,900","￥6,000代",0,-,,,,,,,,
1988-12-24,カプコン,プロ野球？殺人事件！,FC,2M,ADV,"￥5,900","￥6,000代",0,-,,西山隆志,,貞本友思|河野浩行|貞本友思|稲船敬二,殿村裕誠,,,
1988-12-24,カプコン,ロックマン2Dr.ワイリーの謎,FC,2M,ACT,"￥5,800","￥6,000代",151,-,,北村玲,松嶋延幸,北村玲|岸本泰明|稲船敬二|富田直哉|北村玲,立石孝|松前真奈美|坂口由洋,,藤原得郎,
1988-12-26,SNK,ゲバラ,FC,1M,SHT,"￥5,500","￥5,500代",0,-,,,,,,,,
1989-01-04,コナミ,がんばれゴエモン2,FC,1M,ACT,"￥5,500","￥5,500代",0,-,,,青山和浩|小川光章|蛭子悦延,日下進|西村汁子|汾陽桂太,村田幸史|山根ミチル,,,
1989-01-06,タカラ,スペースハリアー,FC,1M,SHT,"￥5,500","￥5,500代",0,-,,藤井睦弘(セガ・マークIII),三船敏(アーケード)|川竹英士(アーケード)|中裕司(セガ・マークIII),鈴木裕(アーケード)|麻生宏(アーケード)|津田知介(アーケード)|永田英朗(アーケード)|貞森康毅(セガ・マークIII),川口博史(アーケード)|鈴木裕(アーケード)|上保徳彦(セガ・マークIII),中裕司(セガ・マークIII)|藤井睦弘(セガ・マークIII)|百田浩司(セガ・マークIII),金成貫(アーケード)|中裕司(セガ・マークIII),
1989-01-06,ソフエル,100万$キッド幻の帝王編,FC,2M,TBL,"￥5,900","￥6,000代",0,-,,,,のむら ただお,村井俊夫,,,
1989-01-20,アイレム,西村京太郎ミステリーブルートレイン殺人事件,FC,1M,ADV,"￥6,500","￥6,500代",0,-,,,,,,,,
1989-01-20,SNK,里見八犬伝,FC,1M,RPG,"￥5,900","￥6,000代",0,-,,,,,,,,
1989-01-27,東芝ＥＭＩ,ゾイド2ゼネバスの逆襲,FC,2M,RPG,"￥5,900","￥6,000代",0,-,,,,,,,,
1989-01-27,コナミ,モトクロスチャンピオン,FC,1M,RCG,"￥5,500","￥5,500代",0,-,,,,,,,,
1989-01-27,ビック東海,電撃ビッグバン,FC,1M,ACT,"￥5,800","￥6,000代",0,-,,,久松のりひろ|成澤都美子|佐野まゆみ,かわむらはるひこ|かわむらはるひこ|ピータンやまぐち|きのしたかずあき,蓮谷道治,,,
1989-01-30,ココナッツジャパン,パチ夫くん2,FC,2M,TBL,"￥6,500","￥6,500代",0,-,,,,,,,,
1989-01-31,バンダイ,ファミリートレーナーシリーズ10来来キョンシーズベビーキョンシーのあみだ大冒険,FC,256K,SPT,"￥4,900","￥5,000代",0,-,,,,,,,,
1989-01-31,データイースト,ワールドグランプリPOLEtoFINISH(ポール・トゥ・フィニッシュ),FC,1M,RCG,"￥5,800","￥6,000代",0,-,,,,,,,,
1989-02-06,セタ,トムソーヤの冒険,FC,1M,ACT,"￥5,900","￥6,000代",0,-,,,,,,,,
1989-02-09,ナムコ,ワギャンランド,FC,1M,ACT,"￥4,900","￥5,000代",0,-,,,,,,,,
1989-02-10,サンソフト,赤龍王,FC,1M,ADV,"￥5,500","￥5,500代",0,-,,,,,,,,
1989-02-11,タイトー,京都花の密室殺人事件山村美紗サスペンスシリーズ,FC,1M,ADV,"￥5,900","￥6,000代",0,-,,,,,,,,
1989-02-15,バンダイ,ファミコンジャンプ英雄列伝,FC,2M,RPG,"￥6,500","￥6,500代",110,-,,東海林隆|かみやはるき|大久保悌伸,あさくさNABE|TRACY KAZUYA,荻野目洋,安達春樹|ペルー,杉本則之,橋本名人,
1989-02-17,ナムコ,ハイドライド3闇からの訪問者,FC,2M,RPG,"￥6,900","￥7,000代",0,-,,,,,,,,
1989-02-17,エピックソニー,飛ingヒーロー(フライングヒーロー),FC,1M,ACT,"￥5,500","￥5,500代",0,-,,,,,,,,
1989-02-20,バンダイ,スペースシャドー,FC,512K,SHT,"￥9,800","￥10,000代",0,-,,,,,,,,
1989-02-21,アスキー,ウィザードリィⅡリルガミンの遺産,FC,1M,RPG,"￥6,500","￥6,500代",0,32,,,,,,,,
1989-02-23,ユース,百鬼夜行,FC,1M,RPG,"￥6,200","￥6,000代",0,-,,,,,,,,
1989-02-28,コナミ,がんばれペナントレース！,FC,1M,SPT,"￥5,900","￥6,000代",0,-,,,上野雅弘|山村としき,荻窪一仁,藤尾敦,,,
1989-03-03,バンダイ,魁！男塾疾風一号生,FC,1M,ACT,"￥5,800","￥6,000代",0,-,,,,,,,,
1989-03-03,ナムコ,早打ちスーパー囲碁,FC,256K,TBL,"￥5,900","￥6,000代",0,-,,,,,,,,
1989-03-17,キングレコード,ジーザス恐怖のバイオモンスター,FC,2M,ADV,"￥5,900","￥6,000代",0,-,,,,,,,,
1989-03-17,タイトー,爆笑！！人生劇場,FC,2M,TBL,"￥5,900","￥6,000代",0,-,,,,,,,,
1989-03-24,ナムコ,ファミリーピンボール,FC,1M,TBL,"￥4,900","￥5,000代",0,-,,,,,,,,
1989-03-24,トンキンハウス,暗黒神話ヤマトタケル伝説,FC,2M,ADV,"￥5,900","￥6,000代",0,-,,,,,,,,
1989-03-28,ジャレコ,じゃじゃ丸忍法帳,FC,1M,RPG,"￥5,800","￥6,000代",0,-,,,かずひろ,二条院翁|えいさく,岡村静良,,,
1989-03-28,データイースト,ペナントリーグホームランナイター,FC,1M,SPT,"￥5,800","￥6,000代",0,-,,,,,,,,
1989-03-30,サンソフト,アフターバーナー,FC,1M,SHT,"￥6,200","￥6,000代",0,-,,,,,,,,
1989-03-31,タイトー,オペレーションウルフ,FC,1M,SHT,"￥5,900","￥6,000代",0,-,,,,,,,,
1989-03-31,ケムコ,シャドウゲイト,FC,1M,ADV,"￥6,200","￥6,000代",0,-,,デヴィッド・マーシュ|カール・ローロフス,,,,,スコット・バーフィールド,
1989-03-31,イマジニア,松本亨の株式必勝学Ⅱ,FC,2M,SLG,"￥9,800","￥10,000代",0,-,,,,山科けいすけ,澤和雄,松本亨,,
1989-04-07,トーワチキ,ガーフィールドの一週間,FC,1M,ACT,"￥5,500","￥5,500代",0,-,,,イトイ・マサシ,,,,,
1989-04-14,ナムコ,ドラゴンスピリット新たなる伝説,FC,1M,SHT,"￥5,200","￥5,000代",0,-,,YOKO BOSS,田中京太,OJISAN TRIO PLUS 1|石川達也|MACCHAN|ARAKAWA DA!,細江慎治,,,
1989-04-18,ナムコ,マインドシーカー,FC,1M,ETC,"￥6,500","￥6,500代",0,-,,,,鈴木浩司,,,岩谷徹,
1989-04-20,光栄,蒼き狼と白き牝鹿ジンギスカン,FC,2M,SLG,"￥9,800","￥10,000代",0,-,,,,,菅野よう子,,シブサワ・コウ,
1989-04-25,テクノスジャパン,ダウンタウン熱血物語,FC,1M,ACT,"￥5,900","￥6,000代",0,-,,関本弘之|吉田晄浩|W.S.LITTLE,谷本敦|熊谷慎太郎|ふくはらげんえい|SHIN,白戸政男,澤和雄,,,
1989-04-25,ナムコ,デビルマン,FC,1M,ADV,"￥5,500","￥5,500代",0,-,,,,小松原一男|神志那弘志,三沢郷,永井豪,,
1989-04-27,ナムコ,ドラゴンバスターⅡ闇の封印,FC,1M,ACT,"￥5,200","￥5,000代",0,-,,,,,,,,
1989-04-28,アイレム,HOLYDIVER(ホーリーダイヴァー),FC,1M,ACT,"￥5,500","￥5,500代",0,-,,,,,,,,
1989-04-28,日本物産,KEIBASIMULATION本命(競馬シュミレーション本命),FC,1M,SLG,"￥9,800","￥10,000代",0,-,,,,,,,,
1989-05-01,トーワチキ,名探偵ホームズMからの挑戦状,FC,2M,ADV,"￥6,000","￥6,000代",0,-,,,,,,,,
1989-05-02,ヘクト,株式道場実践編,FC,2M,SLG,"￥9,800","￥10,000代",0,-,,,,,,,,
1989-05-12,コナミ,激亀忍者伝,FC,1M,ACT,"￥5,800","￥6,000代",0,-,,,,,船橋淳(FC)|Kris Hatlelid(MS-DOS)|Tony Williams(AST/C64),,,
1989-05-19,SNK,めざせ三冠王ベースボールスター,FC,1M,SPT,"￥5,900","￥6,000代",0,31,,,,,,,,
1989-05-19,カプコン,天地を喰らう,FC,2M,RPG,"￥5,900","￥6,000代",0,-,,,,,,,,
1989-05-26,カルチャーブレーン,スーパーチャイニーズ2ドラゴンキッド,FC,1M,RPG,"￥5,900","￥6,000代",0,-,,,,,,,,
1989-05-26,ソフエル,帰って来た！軍人将棋なんやそれ？,FC,1M,TBL,"￥5,500","￥5,500代",0,-,,,,,,,,
1989-06-23,ナムコ,ラサール石井のチャイルズクエスト,FC,1M,RPG,"￥5,500","￥5,500代",0,-,,,,,小沢純子,,ラサール石井,
1989-06-25,バンダイ,SDガンダムワールドガチャポン戦士2カプセル戦記,FC,1M,SLG,"￥6,800","￥7,000代",0,-,,,,,,,,
1989-06-27,ナムコ,クインティ,FC,1M,ACT,"￥4,900","￥5,000代",0,-,,田尻智,新改裕二,田尻智|杉森建,増田順一,,田尻智,
1989-06-30,セタ,マーダークラブ,FC,1M,ADV,"￥6,800","￥7,000代",0,-,,,,,,,,
1989-06-30,ケイアミューズメントリース,脱獄PRISONERSOFWAR,FC,1M,ACT,"￥5,600","￥5,500代",0,-,,,西田和弘,前田義久|藤原秀樹|かまだおさむ,田中敬一|おさかようこ|西田和弘,,ごとうあきら,
1989-07-13,ジャレコ,新燃えろプロ野球,FC,2M,SPT,"￥6,300","￥6,500代",0,-,,,,,,,,
1989-07-14,ナムコ,ドラゴンニンジャ,FC,1M,ACT,"￥5,800","￥6,000代",0,-,,,,,,,,
1989-07-14,ケムコ,ホワイトライオン伝説ピラミットの彼方に,FC,1M,RPG,"￥5,900","￥6,000代",0,-,,,,,,,,
1989-07-14,ヘクト,囲碁指南,FC,256K,TBL,"￥5,800","￥6,000代",0,-,,,,,,,,
1989-07-18,カプコン,ウィロー,FC,1M,RPG,"￥5,900","￥6,000代",0,-,,,,,ジェームズ・ホーナー,ボブ・ドルマン,,
1989-07-18,シグマ商事,必殺道場破り,FC,1M,ACT,"￥6,500","￥6,500代",0,-,,,,,,,,
1989-07-21,ナムコ,ケルナグール,FC,1M,ACT,"￥4,900","￥5,000代",0,-,,,内藤智,遠藤雅伸,大野木宜幸,,,
1989-07-21,ハイスコアメディアワーク,ファリア封印の剣,FC,1M,RPG,"￥6,200","￥6,000代",0,-,,,,,,,,
1989-07-21,タイトー,究極ハリキリスタジアム平成元年版,FC,1M,SPT,"￥6,800","￥7,000代",0,-,,,,,,,,
1989-07-21,ビック東海,全米プロバスケット,FC,1M,SPT,"￥5,800","￥6,000代",0,-,,,,,,,,
1989-07-25,トンキンハウス,パーフェクトボウリング,FC,1M,SPT,"￥5,500","￥5,500代",0,-,,,,,,,,
1989-07-25,任天堂,MOTHER(マザー),FC,2M,RPG,"￥6,500","￥6,500代",0,31,,,,,岩代太郎,大森立嗣|港岳彦,,
1989-07-25,バンダイ,美味しんぼ究極のメニュー三本勝負,FC,1M,ADV,"￥5,800","￥6,000代",0,-,,,,,,,,
1989-07-28,ナムコ,ファミスタ'89開幕版,FC,1M,SPT,"￥4,900","￥5,000代",0,-,,,,,,,,
1989-07-31,ナムコ,スプラッターハウスわんぱくグラフィティ,FC,1M,ACT,"￥4,900","￥5,000代",0,-,,,篠原伸之|MYT JUSO,ながやまたいじ|JUNCHA|BAGUCHAN|HIDEBOU,ANNA PURUNA,,JJ PAGE,
1989-08-04,コナミ,コズミックウォーズ,FC,1M,SLG,"￥6,500","￥6,500代",0,-,,,松岡伸浩|村田司朗|山根秀直,霜出健治|木下まり,前沢秀憲|上高治己,,,
1989-08-04,CBSソニー,究極タイガー,FC,1M,SHT,"￥5,900","￥6,000代",0,-,,,弓削雅稔|上村建也,,弓削雅稔|上村建也,,,
1989-08-08,東宝,燃えるお兄さん,FC,1M,ACT,"￥5,800","￥6,000代",0,-,,,,山田みちしろ,馬飼野康二,佐藤正,,
1989-08-08,バンダイ,名門第三野球部,FC,1M,SPT,"￥5,800","￥6,000代",0,-,,,,,,,,
1989-08-11,学習研究社,ムーランルージュ戦記メルヴィルの炎,FC,1M,SLG,"￥5,900","￥6,000代",0,-,,,,,,,,
1989-08-21,ホットビィ,武田信玄2スーパー戦国シュミレーションゲーム,FC,2M,SLG,"￥6,800","￥7,000代",0,-,,,,,,,,
1989-08-24,CBSソニー,キャプテンED(えど),FC,2M,SHT,"￥5,900","￥6,000代",0,-,,,,迫由里香,平野義久,真島ヒロ,,
1989-08-25,コナミ,レーサーミニ四駆ジャパンカップ,FC,1M,RCG,"￥5,900","￥6,000代",0,-,,,亀和田光|永田昭彦|近藤隆司,戸隠のりやす,船橋淳,,,
1989-08-25,データイースト,ロボコップ,FC,1M,ACT,"￥5,800","￥6,000代",0,-,,,,,ベイジル・ポールドゥリス,エドワード・ニューマイヤー|マイケル・マイナー,,
1989-09-01,テクモ,激闘プロレス！！闘魂伝説,FC,1M,ACT,"￥5,800","￥6,000代",0,-,,,,,,,,
1989-09-14,トーワチキ,アイドル八犬伝,FC,1M,ADV,"￥6,000","￥6,000代",0,-,,,大平浩|キャプテンつぼはち|吉川聡,近藤ゆたか,禎清宏|見里朝生,安藤尚彦,ウルトラかんさい|禎清宏,
1989-09-14,ポニーキャニオン,谷川浩司の将棋指南Ⅲ,FC,1M,TBL,"￥5,800","￥6,000代",0,-,,,,,,,,
1989-09-19,カプコン,マルサの女,FC,1M,ADV,"￥5,900","￥6,000代",0,-,,,,,本多俊之,伊丹十三,,
1989-09-20,ポニーキャニオン,ウルティマ聖者への道,FC,2M,RPG,"￥5,900","￥6,000代",0,31,,,,,,,,
1989-09-22,タイトー,中華大仙,FC,1M,SHT,"￥5,800","￥6,000代",0,-,,,,阿部幸雄|藤原英裕,,,,
1989-09-23,ココナッツジャパン,アメリカンドリーム(AMERICANDREAM),FC,1M,TBL,"￥5,900","￥6,000代",0,-,,,,,,,,
1989-09-29,パックインビデオ,サンダーバード,FC,1M,SHT,"￥5,500","￥5,500代",0,-,,,,,,,,
1989-09-29,コナミ,ツインビー3ポコポコ大魔王,FC,1M,SHT,"￥5,500","￥5,500代",0,-,,,T.ひぐち|井上秀登,Y.たかき|D.そうま|小玉紀年,藤尾敦|船内秀浩|鈴木勝彦,,,
1989-09-29,サンソフト,マハラジャ,FC,1M,ADV,"￥6,200","￥6,000代",0,-,,,,,,,,
1989-09-29,ケムコ,悪魔の招待状,FC,1M,ADV,"￥6,200","￥6,000代",0,-,,,,,,,,
1989-09-29,ユース,明治維新,FC,2M,RPG,"￥6,200","￥6,000代",0,-,,,,,,,,
1989-09-29,ジャレコ,落っことしパズルとんじゃん,FC,1M,PZL,"￥5,600","￥5,500代",0,-,,,,,,,,
1989-10-06,ケイアミューズメントリース,甲子園,FC,1M,SPT,"￥5,900","￥6,000代",0,-,,,,,,,,
1989-10-13,アスミック,ワールドスーパーテニス,FC,1M,SPT,"￥5,900","￥6,000代",0,-,,,,,,,,
1989-10-14,バリエ,ヴィナス戦記,FC,1M,SLG,"￥5,800","￥6,000代",0,-,,,,,久石譲,笹本祐一|安彦良和,,
1989-10-19,東映動画,北斗の拳3新世紀創造凄拳列伝,FC,2M,RPG,"￥6,200","￥6,000代",0,-,,,,,,,,
1989-10-27,トンキンハウス,ソフトボール天国,FC,1M,SPT,"￥5,800","￥6,000代",0,-,,,,,,,,
1989-10-27,バンダイ,ドラゴンボール3悟空伝,FC,1M,RPG,"￥6,800","￥7,000代",0,-,,,,,安達春樹,,,
1989-10-27,アイレム,メジャーリーグ,FC,1M,SPT,"￥6,000","￥6,000代",0,-,,,,,,,,
1989-10-27,カルチャーブレーン,超人ウルトラベースボール,FC,1M,SPT,"￥6,500","￥6,500代",0,-,,,,,,,,
1989-10-27,エピックソニー,田代まさしのプリンセスがいっぱい,FC,1M,ACT,"￥5,500","￥5,500代",0,-,,,,,,,,
1989-10-31,光栄,麻雀大会,FC,1M,TBL,"￥7,800","￥8,000代",0,-,,,,,,,シブサワ・コウ,
1989-11-07,HAL研究所,御存知弥次喜多珍道中,FC,2M,ADV,"￥6,800","￥7,000代",0,-,,,,,,,,
1989-11-10,テクノスジャパン,U.S.チャンピオンシップV'BALL,FC,1M,SPT,"￥5,900","￥6,000代",0,-,,,,,,,,
1989-11-10,ナツメ,ダンジョン＆マジックSWORDSOFELEMENT(ソードオブエレメント),FC,1M,RPG,"￥6,500","￥6,500代",0,-,,,,,,,,
1989-11-17,アイレム,激突四駆バトル,FC,1M,RCG,"￥4,800","￥5,000代",0,-,,二見浩司,さいとうひろ,岡野修身|BEBOLDER HIROSHIMA,御守郁子,,,
1989-11-17,九娯貿易,忍者COPサイゾウ,FC,1M,ACT,"￥5,900","￥6,000代",0,-,,,TARO MACHIDA,NORIPI SAGAMI|DANICHI OONO,YOKI SHINJYUKU,,,
1989-11-24,アスミック,コズミックイプシロン,FC,1M,SHT,"￥6,500","￥6,500代",0,-,,,Kazenoofuu,Wozl,Endooo,,,
1989-11-24,シグマ商事,ベガスコネクションカジノより愛をこめて,FC,2M,TBL,"￥9,600","￥9,500代",0,-,,,,,,,,
1989-11-24,ジャレコ,寺尾のどすこい大相撲,FC,1M,ACT,"￥5,900","￥6,000代",0,-,,,,,,,,
1989-11-25,タイトー,ゴルフッ子オープン,FC,1M,SPT,"￥5,900","￥6,000代",0,-,,,,,,,,
1989-11-30,スクウェア,スクウェアのトムソーヤ,FC,2M,RPG,"￥6,500","￥6,500代",0,-,,,安達景太郎|吉井清史|中村博史,ほしののぶゆき|伊藤裕之|みうらまさあき|星野雅紀|時田貴司,植松伸夫,小森豪人,,
1989-12-01,ビック東海,コンフリクト,FC,1M,SLG,"￥6,200","￥6,000代",0,-,,,,,,,,
1989-12-01,バップ,TAO(タオ)道,FC,1M,RPG,"￥5,500","￥5,500代",0,-,,,,,,,,
1989-12-01,ケムコ,ホステージ,FC,1M,ACT,"￥5,900","￥6,000代",0,-,,,,,アレクサンドル・デプラ,ロバート・クレイス,,
1989-12-01,パックインビデオ,未来戦史ライオス,FC,2M,SLG,"￥6,300","￥6,500代",0,-,,,,,,,,
1989-12-08,バンダイ,おそ松くんバックトゥザミーの出っ歯の巻,FC,1M,ADV,"￥5,800","￥6,000代",0,-,,,,,,,,
1989-12-08,アイジーエス,スーパーモグラたたきぽっくんモグラー,FC,256K,ACT,"￥6,900","￥7,000代",0,-,,,,,,,,
1989-12-08,タイトー,タイトーチェイスH.Q.,FC,1M,RCG,"￥5,900","￥6,000代",0,-,,,,酒匂弘幸,浅野孝已,,,
1989-12-08,東映動画,光と闇の戦い新里見八犬伝,FC,2M,RPG,"￥6,200","￥6,000代",0,-,,,,,,,,
1989-12-08,ハドソン,星霊狩り,FC,2M,ADV,"￥5,800","￥6,000代",0,-,,,,,,,,
1989-12-09,ポニーキャニオン,SUPERSTARプロレスリング,FC,1M,ACT,"￥5,900","￥6,000代",0,-,,,,,ミュージック・ビデオ 「Superstar」 - YouTube「I Don't Know」 - YouTube,,,
1989-12-15,ナツメ,アバドックス,FC,1M,SHT,"￥5,800","￥6,000代",0,-,,,,,,,,
1989-12-15,CBSソニー,かってにシロクマもりをすくえのまき,FC,1M,ADV,"￥5,900","￥6,000代",0,-,,,,,,,,
1989-12-15,カプコン,スウィートホーム,FC,2M,RPG,"￥6,500","￥6,500代",0,-,,,,,,,,
1989-12-15,コナミ,トップガンデュアルファイターズ,FC,1M,SHT,"￥6,000","￥6,000代",0,-,,,,,,,,
1989-12-15,ジャレコ,ピンボールクエスト,FC,1M,TBL,"￥5,600","￥5,500代",0,-,,,,,林安芸人,,,
1989-12-15,エポック社,ファミコン野球盤,FC,1M,SPT,"￥6,200","￥6,000代",0,-,,,,,,,,
1989-12-15,タイトー,フリップル,FC,256K,PZL,"￥3,900","￥4,000代",0,-,,,,,古川典裕,,,
1989-12-15,テクモ,激闘スタジアム,FC,1M,SPT,"￥5,500","￥5,500代",0,-,,,,,,,,
1989-12-15,アイレム,神仙伝,FC,2M,RPG,"￥6,300","￥6,500代",0,-,,,,,,,,
1989-12-19,ココナッツジャパン,ILOVEソフトボール,FC,1M,SPT,"￥6,500","￥6,500代",0,-,,,,,,,,
1989-12-19,ヘクト,エモやんの10倍プロ野球セリーグ編,FC,1M,SPT,"￥9,700","￥9,500代",0,-,,,,,,,,
1989-12-19,ポニーキャニオン,クォーターバックスクランブル,FC,1M,SPT,"￥5,900","￥6,000代",0,-,,,,,,,,
1989-12-19,ナムコ,ファミスタ'90,FC,1M,SPT,"￥5,800","￥6,000代",0,30,,,,,,,,
1989-12-20,ソフエル,ザ・マネーゲームⅡ兜町の奇跡,FC,1M,SLG,"￥5,900","￥6,000代",0,-,,,篠原正義|高橋範道|杉坂浩一|ドラゴン高橋|土津完保|山本忠行,山口裕司|山㟁栄一,大藤由美子(日本版)|村井俊夫(北米版),松沢博,,
1989-12-21,ジャレコ,ザロードオブキング,FC,1M,ACT,"￥5,600","￥5,500代",0,-,,竹森得泰,きんじょうさとる,竹森得泰|西村年幸|西村年幸|すごうともこ,横山清,,竹森得泰,
1989-12-22,エピックソニー,TMNETWORKLIVEINPOWERBOWL,FC,1M,ADV,"￥6,200","￥6,000代",0,-,,RYOTARO HASEGAWA,PARASOL TSUNAKAWA,HEADBAD KASAHARA|MUCHIUCHI KODAMA|DARK KOHJIRO|TOBOKETA OKAMOTO,TM NETWORK,HIROYUKI NAKADA,山元哲治,
1989-12-22,サンソフト,バットマン,FC,1M,ACT,"￥6,200","￥6,000代",0,-,,,,,,,,
1989-12-22,ナムコ,マッピーキッズ,FC,1M,ACT,"￥5,800","￥6,000代",0,-,,,,,岩永敦子,,,
1989-12-22,コナミ,悪魔城伝説,FC,2M,ACT,"￥6,500","￥6,500代",0,30,,赤松仁司,赤松仁司|たけもとみつお|奥田康雄|きたもとしんじ,I.Urata,船橋淳|森本幸恵|前沢秀憲|佐々木嘉則(欧米版),,,
1989-12-22,テクノスジャパン,双截龍ⅡTheRevenge,FC,1M,ACT,"￥5,900","￥6,000代",0,-,,,,,,,,
1989-12-23,データイースト,ヘラクレスの栄光Ⅱタイタンの滅亡,FC,2M,RPG,"￥5,900","￥6,000代",0,-,,,,,,,,
1989-12-23,ナツメ,中国雀士物語東風(トンフー),FC,1M,TBL,"￥5,800","￥6,000代",0,-,,,,,,,,
1989-12-25,アスミック,名門！多古西応援団,FC,1M,SLG,"￥6,500","￥6,500代",0,-,,,,,,,,
1989-12-27,ティーエスエス,スーパーラグビー,FC,1M,SPT,"￥5,900","￥6,000代",0,-,,,,,,,,
1990-01-05,コナミ,がんばれゴエモン外伝きえた黄金キセル,FC,2M,RPG,"￥6,980","￥7,000代",0,-,,,青山和浩|小川光章|山根秀直|亀和田光|近藤隆司,日下進|石原かずみち|寺田泰二|野崎助平|汾陽桂太,小倉努|場伶花|山根ミチル|上高治己|宮脇聡子,汾陽桂太,,
1990-01-06,HAL研究所,アドベンチャーズオブロロ,FC,256K,PZL,"￥4,900","￥5,000代",0,30,,,,,金指英樹,,,
1990-01-12,青木書店,囲碁名鑑,FC,256K,TBL,"￥9,680","￥9,500代",0,-,,,,,,,,
1990-01-26,カプコン,わんぱくダック夢冒険DUCKTALES,FC,1M,ACT,"￥5,800","￥6,000代",0,-,,,,,,,,
1990-02-02,ヘクト,キャデラック,FC,256K,PZL,"￥4,900","￥5,000代",0,-,,,,,,,,
1990-02-02,コナミ,SUPER魂斗羅(スーパーコントラ),FC,1M,ACT,"￥5,800","￥6,000代",0,-,,,,,,,,
1990-02-03,光栄,信長の野望戦国群雄伝,FC,2M,SLG,"￥11,800","￥12,000代",0,-,,,,,菅野よう子|山本光男,,シブサワ・コウ,
1990-02-06,東映動画,もっともあぶない刑事,FC,1M,ACT,"￥5,300","￥5,500代",0,-,,,,,都志見隆,柏原寛司,,
1990-02-11,エニックス,ドラゴンクエストⅣ導かれし者たち,FC,4M,RPG,"￥8,500","￥8,500代",310,37,,中村光一,内藤寬|山名学,鳥山明,すぎやまこういち,堀井雄二,千田幸信,
1990-02-23,ポニーキャニオン,アークティック,FC,1M,PZL,"￥5,500","￥5,500代",0,-,,,,,,,,
1990-02-23,エポック社,キテレツ大百科,FC,1M,ACT,"￥5,900","￥6,000代",0,-,,,,,,藤子・F・不二雄,,
1990-02-23,カプコン,デッドフォックス,FC,1M,ACT,"￥5,800","￥6,000代",0,-,,,,,下村陽子|民谷淳子,,,
1990-02-24,バンダイ,悪魔くん魔界の罠,FC,1M,RPG,"￥5,800","￥6,000代",0,-,,,,,,,,
1990-02-27,アテナ,ドラゴンユニット,FC,1M,ACT,"￥5,800","￥6,000代",0,-,,,,,,,,
1990-03-02,アイレム,西村京太郎ミステリースーパーエクスプレス殺人事件,FC,1M,ADV,"￥6,500","￥6,500代",0,-,,,,,,,,
1990-03-02,ホットビィ,プレジデントの選択,FC,2M,SLG,"￥9,800","￥10,000代",0,-,,,,,,,,
1990-03-02,データイースト,ヘビーバレル,FC,1M,ACT,"￥5,800","￥6,000代",0,-,,,,,,,,
1990-03-09,アスキー,ウィザードリィⅢダイヤモンドの騎士,FC,1M,RPG,"￥6,500","￥6,500代",0,32,,,,,,,,
1990-03-09,タイトー,ドンドコドン,FC,1M,ACT,"￥5,900","￥6,000代",0,-,,,石田一朋|木下昌也,河上聖治|石川幸生|阿部幸雄|いしのみのり|沼田和博|五十嵐恒三|しのだてつや|V.A.P,高木正彦|山田靖子,,河上聖治|松本俊明|酒匂弘幸,
1990-03-09,コナミ,モアイくん,FC,256K,ACT,"￥4,800","￥5,000代",0,-,,村木摂|梅崎重治,柴田裕治,岸本方彰,上高治己,,,
1990-03-16,アイレム,イメージファイト,FC,1M,SHT,"￥6,500","￥6,500代",0,-,,,,,石田雅彦,,,
1990-03-16,カプコン,仮面の忍者花丸,FC,1M,ACT,"￥5,800","￥6,000代",0,-,,,東尾直樹,,,,,
1990-03-16,ケイアミューズメントリース,怒Ⅲ,FC,1M,ACT,"￥5,600","￥5,500代",0,-,,,,かまだおさむ,幡谷希久子|田中敬一,,,
1990-03-23,ビクター音楽産業,サンサーラナーガ,FC,2M,RPG,"￥7,500","￥7,500代",0,-,,押井守,藤沢昇,桜玉吉,川井憲次|笠井治|原田昌亮|なかやましんじ,伊藤和典,小森治信,
1990-03-23,データイースト,バルダーダッシュ,FC,256K,ACT,"￥4,900","￥5,000代",0,-,,,ピーター・リエパ|クリストファー・グレー,ピーター・リエパ|クリストファー・グレー,,,,
1990-03-23,ハドソン,魔神英雄伝ワタル外伝,FC,2M,RPG,"￥6,800","￥7,000代",0,-,,税所義仁|西澤龍一,渡辺勉|石塚路志人,吉原正訓|盛岡三奈,坂本慎一,,青山英治|川田忠之,
1990-03-30,徳間書店,パワーサッカー,FC,256K,SPT,"￥4,900","￥5,000代",0,-,,,,,,,,
1990-03-30,アスキー,ベストプレープロ野球Ⅱ,FC,2M,SLG,"￥6,800","￥7,000代",0,-,,,,,,,,
1990-03-30,イマジニア,井崎脩五郎の競馬必勝学,FC,2M,ETC,"￥9,800","￥10,000代",0,-,,,,,,,,
1990-03-30,コナミ,魍魎戦記MADARA(魔陀羅マダラ),FC,2M,RPG,"￥8,500","￥8,500代",0,-,,,,,,,,
1990-04-06,アスミック,ディープダンジョンⅣ黒の妖術師,FC,2M,RPG,"￥6,500","￥6,500代",0,-,,,,,,,,
1990-04-06,ナムコ,デジタルデビル物語女神転生Ⅱ,FC,2M,RPG,"￥7,800","￥8,000代",0,33,,,,金子一馬,増子司,,,
1990-04-06,テクモ,忍者龍剣伝Ⅱ暗黒の邪神剣,FC,1M,ACT,"￥5,900","￥6,000代",0,-,,,,,,,,
1990-04-07,バンダイ,ウルトラマン倶楽部2帰ってきたウルトラマン倶楽部,FC,1M,RPG,"￥6,000","￥6,000代",0,-,,,,,,,,
1990-04-13,バリエ,ガンヘッド新たなる戦い,FC,1M,SLG,"￥6,500","￥6,500代",0,-,,,,,,,,
1990-04-13,コナミ,クォース,FC,256K,PZL,"￥4,900","￥5,000代",0,-,,,WADA 891006|石田和彦,井内洋|鮫島宗治|高野泰,半澤一雄,,,
1990-04-13,SNK,ゴッドスレイヤーはるか天空のソナタ,FC,2M,RPG,"￥7,600","￥7,500代",0,-,,河野和人,ぐうゆきお|おかださとる,前田義久,おさかようこ,冨田聖司,河野和人,
1990-04-20,バンプレスト,SDバトル大相撲平成ヒーロー場所,FC,1M,ACT,"￥6,300","￥6,500代",0,-,,,,,,,,
1990-04-20,タイトー,パワーブレイザー,FC,1M,ACT,"￥5,900","￥6,000代",0,-,,,岩佐俊和,,山下絹代,,,
1990-04-20,任天堂,ファイアーエムブレム暗黒竜と光の剣,FC,2M,SLG,"￥6,000","￥6,000代",0,-,,寺崎啓祐,たにまさはる|いまにしまさゆき|吉田康二|ふくらけい,加賀昭三|大澤徹|大西直孝|町田敏|村松敏孝,技術指導:田中宏和|作曲:馬場由佳,加賀昭三,横井軍平,
1990-04-20,日本物産,黒鉄ヒロシの予想大好き！勝馬伝説,FC,1M,ETC,"￥8,000","￥8,000代",0,-,,,,,,,,
1990-04-27,スクウェア,ファイナルファンタジーⅢ,FC,4M,RPG,"￥8,400","￥8,500代",140,36,,坂口博信,ナーシャ・ジベリ,田中弘道|青木和彦|天野喜孝,植松伸夫,寺田憲史,宮本雅史,
1990-05-11,ピクセル,影狼伝説,FC,1M,RPG,"￥6,200","￥6,000代",0,-,,,,,小倉久佳,,,
1990-05-18,ハドソン,キャッスルクエスト,FC,1M,ETC,"￥4,900","￥5,000代",0,-,,,,,,,,
1990-05-18,テクノスジャパン,熱血高校ドッジボール部サッカー編,FC,1M,SPT,"￥5,900","￥6,000代",0,-,,,とみやまひろこ|熊谷慎太郎|松本康裕,富山徳之|関本弘之|吉田晄浩|小山俊明|根立克行,澤和雄,,,
1990-05-25,ビクター音楽産業,イースⅡANCIENTYSVANISHEDTHEFINALCHAPTER,FC,4M,RPG,"￥7,500","￥7,500代",0,-,,,,,,,,
1990-05-25,ケイアミューズメントリース,馬券必勝学ゲートイン,FC,2M,SLG,"￥9,800","￥10,000代",0,-,,,,,,,,
1990-05-29,ジャレコ,じゃじゃ丸撃魔伝幻の金魔城,FC,1M,RPG,"￥5,900","￥6,000代",0,-,,,,,多和田吏,,,
1990-06-08,カプコン,チップとデールの大作戦,FC,1M,ACT,"￥5,800","￥6,000代",0,-,,,,,グレン・ダウム,,,
1990-06-15,ビスコ,ダッシュ野郎,FC,1M,RCG,"￥5,800","￥6,000代",0,-,,,和田悦拓,,太田理,,,
1990-06-23,ナムコ,バトルフリート,FC,1M,SLG,"￥5,900","￥6,000代",0,-,,,,,,,,
1990-06-23,ナツメ,ファイナルミッション,FC,1M,ACT,"￥5,800","￥6,000代",0,-,,,,,,,,
1990-06-29,光栄,水滸伝天命の誓い,FC,2M,SLG,"￥11,800","￥12,000代",0,-,,,,,木下伸司|三井一正|滝沢洋一,,シブサワ・コウ,
1990-06-29,ジャレコ,燃えろ！！柔道WARRIORS,FC,1M,SPT,"￥5,600","￥5,500代",0,-,,,,,,,,
1990-06-29,アイレム,迷宮島,FC,1M,PZL,"￥5,800","￥6,000代",0,-,,,にしけんじ|松本茂一,北浩也,石田雅彦,,,
1990-07-06,BPS,ハットリス,FC,1M,PZL,"￥5,500","￥5,500代",0,-,,,,アレクセイ・パジトノフ|ウラジーミル・ポヒルコ,,,,
1990-07-06,ホットビィ,パラメデス,FC,256K,PZL,"￥5,500","￥5,500代",0,-,,,,,,,,
1990-07-06,カルチャーブレーン,飛龍の拳Ⅲ五人の龍戦士,FC,1M,ACT,"￥6,300","￥6,500代",0,-,,,,,,,,
1990-07-07,バンプレスト,SDヒーロー総決戦倒せ悪の軍団,FC,1M,ACT,"￥6,300","￥6,500代",0,-,,飯野賢治,,青木健太,飯野賢治|平沢道也,三浦秀樹,,
1990-07-13,アテナ,wit's(ウイッツ),FC,1M,ACT,"￥5,800","￥6,000代",0,-,,,,,,,,
1990-07-20,テクモ,キャプテン翼Ⅱスーパーストライカー,FC,2M,SPT,"￥6,900","￥7,000代",0,31,,,,,山岸継司|斎藤幹雄|おかむらまゆこ,,,
1990-07-20,エピックソニー,ソルスティス三次元迷宮の狂獣,FC,1M,ACT,"￥5,900","￥6,000代",0,-,,,マイケル・ウェブ,マイケル・ウェブ|マーク・ウィルソン,ティム・フォリン,,ソルスティスチーム,
1990-07-20,日本物産,ニチブツマージャンⅢマージャンGメン,FC,1M,TBL,"￥6,400","￥6,500代",0,-,,,,,,,,
1990-07-20,タイトー,無頼戦士(ブライファイター),FC,256K,SHT,"￥5,900","￥6,000代",0,-,,,,,,,,
1990-07-20,アスミック,獣王記,FC,1M,ACT,"￥5,900","￥6,000代",0,-,,,穂苅健一(AC)|浅井敏典(MD)|松田達夫(MD)|百田浩司(MD),内田誠(AC)|安原広和(AC)|NO NUKES(MD)|HAGA(AC)|梶本隆博(AC)|小玉理恵子(MD)|UDI(MD),中林亨(AC)|長井和彦(MD),,,
1990-07-24,データイースト,ザ・ペナントリーグホームランナイター'90ペナントリーグ,FC,1M,SPT,"￥6,300","￥6,500代",0,-,,,,,,,,
1990-07-27,ビック東海,ゴルゴ13第二章イカロスの謎,FC,1M,ACT,"￥6,000","￥6,000代",0,-,,,もりもとりざえもん,いけだくにと|なかざわつとむ|やくしじみゆき|たかすぎよしみ,田崎寿子,,,
1990-07-27,ケイアミューズメントリース,ステッド遺跡惑星の野望,FC,1M,RPG,"￥5,900","￥6,000代",0,-,,,,,,,,
1990-07-27,任天堂,Dr.マリオ(ドクターマリオ),FC,256K,PZL,"￥4,900","￥5,000代",153,31,,,,岩佐裕子,加藤達也|堤博明|YUKI KANESAKA,稲垣理一郎・Boichi,,
1990-07-27,ハドソン,ビックリマンワールド激突聖戦士,FC,2M,RPG,"￥6,800","￥7,000代",0,-,,,,,,,,
1990-07-27,ジャレコ,燃えプロ！'90感動編,FC,2M,SPT,"￥6,500","￥6,500代",0,-,,,,,,,,
1990-07-31,学習研究社,MightandMagic(マイトアンドマジック),FC,2M,RPG,"￥8,500","￥8,500代",0,-,,,,,,,,
1990-08-03,ココナッツジャパン,ゲームパーティー,FC,1M,ETC,"￥6,500","￥6,500代",0,-,,,,,,,,
1990-08-03,ケムコ,ハッピーバースディバックス,FC,1M,ACT,"￥5,900","￥6,000代",0,-,,,,,,,,
1990-08-08,カプコン,2010ストリートファイター,FC,1M,ACT,"￥5,800","￥6,000代",0,-,,,松嶋延幸|吉田幸司,山本尚司,民谷淳子,,,
1990-08-08,アスキー,忍者らホイ！痛快うんがちょこ忍法伝,FC,4M,RPG,"￥7,800","￥8,000代",0,-,,さくまあきら,,土居孝幸,関口和之,,アイ アンド エス,
1990-08-10,ナツメ,闇の仕事人KAGE,FC,1M,ACT,"￥5,900","￥6,000代",0,-,,,いしはらかずひこ,谷口俊一,水谷郁|山西浩一,,,
1990-08-10,ソフエル,タイタン,FC,1M,ACT,"￥5,900","￥6,000代",0,-,,,,,,,,
1990-08-10,トーワチキ,ドラゴンファイター,FC,1M,ACT,"￥5,700","￥5,500代",0,-,,,,,アンソニー・サーシャハビッチ,,,
1990-08-10,バリエ,ぱられるワールド,FC,1M,PZL,"￥5,980","￥6,000代",0,-,,,,,,,,
1990-08-10,サンリツ電気,ピーパータイム,FC,256K,PZL,"￥4,900","￥5,000代",0,-,,,,,,,,
1990-08-10,サンソフト,ラフ,FC,1M,ACT,"￥5,500","￥5,500代",0,-,,,,,,,,
1990-08-10,パックインビデオ,川のぬし釣り,FC,1M,RPG,"￥6,300","￥6,500代",0,-,,,,,,,,
1990-08-10,アスミック,日本一の名監督,FC,2M,SPT,"￥6,800","￥7,000代",0,-,,,,,,,,
1990-08-11,バンダイ,SDガンダム外伝ナイトガンダム物語,FC,2M,RPG,"￥6,800","￥7,000代",0,-,,荻野目洋,,伴内弁太|島田晋作|粕谷小百合,安達春樹,,,
1990-08-11,トンキンハウス,ブロディアランド,FC,1M,PZL,"￥5,600","￥5,500代",0,-,,,,,,,,
1990-08-21,ポニーキャニオン,孔雀王Ⅱ,FC,1M,ADV,"￥6,800","￥7,000代",0,-,,,SEXY DYNAMITE|BENJO KOUROGI,小玉理恵子(PHENIX RIE)|UD1|川口貴子,鎌谷千佳子,,,
1990-08-24,サンソフト,上海Ⅱ,FC,1M,PZL,"￥5,500","￥5,500代",0,-,,,,,,,,
1990-08-24,クエスト,魔天童子,FC,1M,ACT,"￥6,500","￥6,500代",0,-,,,,,,,,
1990-08-30,ビクター音楽産業,雀豪,FC,2M,TBL,"￥6,700","￥6,500代",0,-,,,,,,,,
1990-08-31,クエスト,ダンジョンキッド,FC,1M,ETC,"￥6,500","￥6,500代",0,-,,,,,岩田匡治,,,
1990-09-07,HAL研究所,宇宙警備隊SDF,FC,1M,SHT,"￥6,900","￥7,000代",0,-,,,,,,,,
1990-09-08,バンプレスト,SD戦国武将列伝烈火のごとく天下を盗れ！,FC,1M,SLG,"￥6,800","￥7,000代",0,-,,,,,,,,
1990-09-08,ティーエスエス,ワールドボクシング,FC,1M,SPT,"￥5,900","￥6,000代",0,-,,,,,,,,
1990-09-14,エポック社,ドラえもんギガゾンビの逆襲,FC,2M,RPG,"￥6,800","￥7,000代",0,-,,堀江正幸,おいかわさとし|しのみやさとし|わたなべやすお,長崎剛志|いなざわともえ,沓掛隆志,レッドカンパニー|ポップハウス,浮洲博,
1990-09-14,データイースト,リトルマジック,FC,1M,SLG,"￥6,300","￥6,500代",0,-,,,,,,,,
1990-09-14,パックインビデオ,爆笑！スターものまね四天王,FC,1M,TBL,"￥6,200","￥6,000代",0,-,,,,,さいとうじゅんいち,,,
1990-09-15,光栄,維新の嵐,FC,2M,SLG,"￥11,800","￥12,000代",0,-,,,,,菅野よう子|山本光男,,シブサワ・コウ,
1990-09-21,タイトー,インセクターX,FC,1M,ACT,"￥5,900","￥6,000代",0,-,,,,,,,,
1990-09-21,ポニーキャニオン,田村光昭麻雀ゼミナール,FC,1M,TBL,"￥5,800","￥6,000代",0,-,,,,,,,,
1990-09-28,ケムコ,ノースアンドサウスわくわく南北戦争,FC,1M,SLG,"￥6,200","￥6,000代",0,-,,,,,,,,
1990-09-28,ジャレコ,マジックジョン,FC,1M,ACT,"￥5,600","￥5,500代",0,-,,,,川野一博|小宮山慶太,澤和雄|田崎寿子,,,
1990-09-28,カプコン,ロックマン3Dr.ワイリーの最期！？,FC,2M,ACT,"￥6,500","￥6,500代",108,-,,,桑名正,黒川真圭|稲船敬二|岸本泰明|岩崎あけみ|木嶋美紀,藤田靖明,,藤原得郎,
1990-09-28,データイースト,探偵神宮寺三郎時の過ぎゆくままに・・・,FC,1M,ADV,"￥4,900","￥5,000代",0,-,,吉田穂積,淵上和男,寺田克也,酒井省吾|浜田誠一|三浦孝史|鈴木雄司|高浜祐輔|山仲清二,野島一成,竹内倫,
1990-10-05,トンキンハウス,ガンナック,FC,1M,SHT,"￥6,000","￥6,000代",0,-,,,,,,,,
1990-10-12,テクノスジャパン,ダウンタウン熱血行進曲それゆけ大運動会,FC,1M,SPT,"￥6,200","￥6,000代",0,-,,関本弘之,南波靖一郎|松本康宏|熊谷慎太郎,根立克行(キャラ担当)|東郷和代(背景担当),澤和雄,,,
1990-10-19,東映動画,ブラッディウァリアーズシャンゴーの逆襲,FC,2M,RPG,"￥6,200","￥6,000代",0,-,,,,,,,,
1990-10-19,徳間書店,まじゃべんちゃー麻雀戦記,FC,1M,TBL,"￥5,800","￥6,000代",0,-,,,,,,,,
1990-10-19,コナミ,悪魔城すぺしゃるぼくドラキュラくん,FC,1M,ACT,"￥5,800","￥6,000代",0,-,,村田司朗,村田司朗|蛭子悦延|山本泰弘,吉本陽一|吉本陽一|藤岡謙治|矢内一則,田坂真二|宮脇聡子,,,
1990-10-21,ポニーキャニオン,シャッフルパックカフェ,FC,1M,SPT,"￥6,200","￥6,000代",0,-,,,,,,,,
1990-10-25,バンダイ,おえかキッズアンパンマンとおえかきしよう,FC,1M,ETC,"￥13,800","￥14,000代",0,-,,,,,,,,
1990-10-26,A-WAVE,アストロファング,FC,1M,RCG,"￥6,700","￥6,500代",0,-,,,,,,,,
1990-10-26,サンソフト,なんてったって！！ベースボール,FC,1M,SPT,"￥5,900","￥6,000代",0,-,,,,岩田義明,小高直樹,,,
1990-10-26,カプコン,水島新司の大甲子園,FC,2M,SLG,"￥6,500","￥6,500代",0,-,,,,,下村陽子,,,
1990-10-27,バンダイ,ドラゴンボールZ強襲！サイヤ人,FC,2M,RPG,"￥7,800","￥8,000代",0,-,,荻野目洋,しみずかずや|たかみやすし,荻野目洋,足立ハルキ,荻野目洋,バンダイ,
1990-10-27,ココナッツジャパン,パチ夫くん3帰ってきたパチ夫くん,FC,2M,TBL,"￥7,980","￥8,000代",0,33,,,,,,,川原慎(第1回 - 1996年12月)|佐藤哲也(1997年1月 - 2001年3月)|桜井卓也(2001年4月 - 最終回),
1990-11-02,九娯貿易,クロスファイヤー,FC,1M,ACT,"￥6,200","￥6,000代",0,-,,,,,,,,
1990-11-02,光栄,三國志Ⅱ,FC,2M,SLG,"￥11,800","￥12,000代",0,30,,,,,向谷実,,シブサワ・コウ,
1990-11-02,ヘクト,京都財テク殺人事件(山村美紗サスペンスシリーズ),FC,1M,ADV,"￥8,500","￥8,500代",0,-,,,,,,,,
1990-11-10,ユタカ,ラストハルマゲドン,FC,4M,ADV,"￥9,800","￥10,000代",0,-,,,渡辺裕志,飯島健男|武井一昌|小林功一郎|西塚耕一|中井覚,葉山宏治|猪瀬勝幸,飯島健男,,
1990-11-22,キャラクターソフト,サンリオカーニバル,FC,256K,PZL,"￥3,980","￥4,000代",0,-,,,,,,,,
1990-11-29,ジャレコ,ふしぎなブロビー-ブロバニアの危機-,FC,1M,ACT,"￥5,900","￥6,000代",0,-,,,デイヴィッド・クレイン|リック・ブース,デイヴィッド・クレイン(英語版)|ガリー・キッチン(英語版)|Jesse Kapili,Mark Van Hecke,,,
1990-11-30,テクモ,テクモボウル,FC,1M,SPT,"￥6,900","￥7,000代",0,-,,,,,,,,
1990-11-30,コナミ,パロディウスだ！,FC,1M,SHT,"￥5,800","￥6,000代",0,-,,,徳田典,GAKINCHO|TOUYOU SYOUTAROU|三好威正|MORY-WANDAYU|MIKACHAN,村岡一樹,,,
1990-11-30,エポック社,迷宮の達人大迷路,FC,1M,ACT,"￥5,800","￥6,000代",0,-,,,,,,,,
1990-12-07,コナミ,ティーンエージミュータントニンジャタートルズ,FC,2M,ACT,"￥7,000","￥7,000代",0,-,,,,,山根ミチル,,,
1990-12-07,アスミック,ぎゅわんぶらあ自己中心派2,FC,2M,TBL,"￥6,500","￥6,500代",0,-,,,,,,,,
1990-12-07,東宝,タイムズオブロア～失われたメダリオン,FC,1M,RPG,"￥5,300","￥5,500代",0,-,,,,,,,,
1990-12-07,テクモ,テクモワールドカップサッカー,FC,512K,SPT,"￥5,800","￥6,000代",0,-,,,,,,,,
1990-12-07,カプコン,パジャマヒーローNEMO,FC,1M,ACT,"￥6,200","￥6,000代",0,-,,,,,,,,
1990-12-07,ビスコ,グレートボクシングRUSHUP(ラッシュアップ),FC,1M,SPT,"￥6,800","￥7,000代",0,-,,,,,,,,
1990-12-07,ジャレコ,西遊記ワールドⅡ天上界の魔神,FC,1M,ACT,"￥5,600","￥5,500代",0,-,,,,,,,,
1990-12-07,フェイス,千代の富士の大銀杏,FC,1M,ACT,"￥5,800","￥6,000代",0,-,,,,,,,,
1990-12-08,ナムコ,ワギャンランド2,FC,2M,ACT,"￥5,800","￥6,000代",0,-,,,,,,,,
1990-12-12,光栄,ファミコントップマネジメント,FC,2M,SLG,"￥9,800","￥10,000代",0,-,,,,,,,,
1990-12-13,アスキー,ベストプレープロ野球'90,FC,2M,SLG,"￥6,800","￥7,000代",0,-,,,,,,,,
1990-12-14,ハドソン,KLAX(クラックス),FC,512K,PZL,"￥5,800","￥6,000代",0,-,,,,,,,,
1990-12-14,サンソフト,グレムリン2-新種誕生-,FC,1M,ACT,"￥6,500","￥6,500代",0,-,,,,,ジェリー・ゴールドスミス,チャーリー・ハース,,
1990-12-14,サミー工業,龍牙忍者クルセイダーズ,FC,1M,ACT,"￥5,500","￥5,500代",0,-,,,,,,,,
1990-12-14,ビック東海,まじかるキッズどろぴー,FC,1M,ACT,"￥6,000","￥6,000代",0,-,,,T.ISHIHARA|岡田覚|蛭田浩二,t.seki|S.KAGAWA,横山清|加瀬正紀,,,
1990-12-14,ジャレコ,メタルフレームサイバスター,FC,1M,ACT,"￥5,900","￥6,000代",0,-,,,,,,,,
1990-12-14,バンプレスト,必殺仕事人のさばる悪のある限り、仕事人の血が騒ぐ,FC,2M,ADV,"￥7,600","￥7,500代",0,-,,,,,,,,
1990-12-14,メルダック,暴れん坊天狗,FC,1M,ACT,"￥6,500","￥6,500代",0,-,,中潟憲雄,平松邦仁,大久保高嶺|吉羽孝雄|Shin-ichi Ogawa,中潟憲雄|大久保高嶺,,河副純一郎,
1990-12-19,アスミック,ジャンピンキッドジャックと豆の木ものがたり,FC,1M,ACT,"￥5,800","￥6,000代",0,-,,,,,,,,
1990-12-19,アイレム,パーマン,FC,1M,ACT,"￥5,500","￥5,500代",0,-,,,,,若草恵,渡辺歩,,
1990-12-20,アイジーエス,バトルスタジアム選抜プロ野球,FC,1M,SPT,"￥6,800","￥7,000代",0,-,,,,,,,,
1990-12-21,トミー,メカ生命体ゾイド黙示録,FC,1M,SLG,"￥6,700","￥6,500代",0,-,,,,,,,,
1990-12-21,アテナ,剣の達人ソードマスター,FC,1M,ACT,"￥5,900","￥6,000代",0,-,,,,,,,,
1990-12-21,ポニーキャニオン,バーズテイル知られざる物語,FC,2M,RPG,"￥6,800","￥7,000代",0,-,,,,,,,,
1990-12-21,ナムコ,ファミスタ'91,FC,1M,SPT,"￥4,900","￥5,000代",0,-,,,,,,,,
1990-12-21,データイースト,大怪獣デブラス,FC,1M,SLG,"￥6,500","￥6,500代",0,-,,そぎよういち,,みしまひろみ|むらたとしゆき|かわぐちしゅうじ,酒井省吾|桃井聖司|岩崎正明,神谷春輝,中本博通,
1990-12-21,パックインビデオ,地獄極楽丸,FC,1M,ACT,"￥6,200","￥6,000代",0,-,,,,,,,,
1990-12-22,バンダイ,SDガンダムガチャポン戦士3英雄戦記,FC,1M,SLG,"￥6,800","￥7,000代",0,-,,,,,,,,
1990-12-22,シグマ商事,ムサシの冒険,FC,1M,ACT,"￥6,500","￥6,500代",0,-,,,,吉田晶彦|ほりえとよじ,岩田匡治,ほりえとよじ,,
1990-12-26,HAL研究所,NEWゴーストバスターズ2,FC,1M,ACT,"￥5,900","￥6,000代",0,-,,,,,,,亀卦川佳史(制作プロデューサー),
1990-12-26,HAL研究所,アドベンチャーズオブロロⅡ,FC,1M,PZL,"￥5,900","￥6,000代",0,-,,,,,金指英樹,,,
1990-12-29,ココナッツジャパン,爆笑！愛の劇場,FC,1M,TBL,"￥7,300","￥7,500代",0,-,,,,,,,,
1991-01-04,ナムコ,じゅうべえくえすと,FC,2M,RPG,"￥7,800","￥8,000代",0,-,,,,,六土開正,,,
1991-01-05,コナミ,ワイワイワールド2SOS！パセリ城,FC,2M,ACT,"￥6,500","￥6,500代",0,-,,,青山和浩|小川光章|山口誠|吉田晃之,汾陽桂太|いしはらかずみち|福田裕貴,坂倉雄一|松原健一|宮脇聡子,,,
1991-01-25,ハドソン,ジャッキーチェン,FC,1M,ACT,"￥5,800","￥6,000代",0,-,,,,,,,,
1991-01-25,ナツメ,ドラドラドラ幸運を呼ぶゲーム,FC,1M,TBL,"￥5,800","￥6,000代",0,-,,,,,,,,
1991-01-25,コナミ,夢ペンギン物語,FC,1M,ACT,"￥5,800","￥6,000代",0,-,,,井上秀登|ひがしとしふみ,T.TAKAKI|しんどうまさみつ,鈴木勝彦|藤尾敦,,,
1991-01-30,アルトロン,ペーパーボーイ,FC,256K,ACT,"￥5,500","￥5,500代",0,-,,,ジョン・サルウィッツ,デイヴ・ラルストン,ハル・キャノン|アール・ヴィッカーズ,,,
1991-01-31,ヘクト,ゴルフグランドスラム,FC,1M,SPT,"￥9,700","￥9,500代",0,-,,,,,,,,
1991-02-08,データイースト,ダークロード,FC,2M,RPG,"￥6,800","￥7,000代",0,-,,,,,,,,
1991-02-08,アテナ,チャンピオンシップボーリング,FC,256K,SPT,"￥4,900","￥5,000代",0,-,,,,,,,,
1991-02-08,キングレコード,赤川次郎の幽霊列車,FC,2M,ADV,"￥6,800","￥7,000代",0,-,,,,,,長野洋|岡本喜八|松木ひろし|窪田篤人|渡邉祐介|長野洋|尾中洋一,,
1991-02-15,エポック社,パラソルヘンべえおとぎの国は大さわぎ！,FC,1M,ACT,"￥6,500","￥6,500代",0,-,,,,,,,,
1991-02-15,アイマックス,ファミコン将棋竜王戦,FC,1M,TBL,"￥6,500","￥6,500代",0,-,,,,,,,,
1991-02-15,バップ,マックスウォーリアー～惑星戒厳令～,FC,1M,SHT,"￥5,800","￥6,000代",0,-,,,,,,,,
1991-02-15,A-WAVE,ミニパット,FC,1M,SPT,"￥6,700","￥6,500代",0,-,,,,,,,,
1991-02-22,カプコン,井出洋介名人の実践麻雀Ⅱ,FC,2M,TBL,"￥8,500","￥8,500代",0,-,,,,,富樫則彦,,,
1991-02-22,テクノスジャパン,双截龍ⅢTheRosettaStone,FC,1M,ACT,"￥6,200","￥6,000代",0,-,,,,,,,,
1991-02-22,ビクター音楽産業,虹のシルクロード～ジグザグ冒険記～,FC,2M,RPG,"￥7,500","￥7,500代",0,-,,,,,,,,
1991-02-26,バリエ,グランドマスター,FC,2M,ACT,"￥6,500","￥6,500代",0,-,,,,,,,,
1991-02-28,サンソフト,なんてったってベースボール子ガメカセットOBオールスター編,FC,2M,SPT,"￥2,280","￥2,500代",0,-,,,,,,,,
1991-03-01,カルチャーブレーン,スーパーチャイニーズ3,FC,1M,RPG,"￥6,300","￥6,500代",0,-,,阿迦手観屋夢之助,たちばなあきら,しいなつかさ|かわはらひとみ|ましばけいこ,沢彰記,さとうけんたろう,阿迦手観屋夢之助,
1991-03-01,タイトー,究極ハリキリスタジアムⅢ,FC,1M,SPT,"￥6,900","￥7,000代",0,-,,,,,,,,
1991-03-08,ポニーキャニオン,AdvancedDungeon＆Dragonsヒーローオブランス,FC,1M,RPG,"￥6,800","￥7,000代",0,-,,,,,,,,
1991-03-08,ナムコ,ナムコット麻雀Ⅲマージャン天国,FC,1M,TBL,"￥4,900","￥5,000代",0,-,,,,,,,,
1991-03-15,コナミ,ガンサイト,FC,1M,SHT,"￥6,000","￥6,000代",0,-,,,,すめらぎ琥珀,あり,かずきふみ,,
1991-03-15,東宝,ふしぎの海のナディア,FC,1M,SLG,"￥6,500","￥6,500代",0,-,,,,貞本義行,鷺巣詩郎,大川久男|梅野かおる,,
1991-03-15,光栄,大航海時代,FC,4M,SLG,"￥11,800","￥12,000代",0,-,,,,,,,,
1991-03-21,ポニーキャニオン,AdvancedDungeon＆Dragonsヒルズファー,FC,2M,RPG,"￥7,800","￥8,000代",0,-,,,,,,,,
1991-03-21,アスキー,いただきストリート私のお店によってって,FC,1M,ETC,"￥6,800","￥7,000代",0,-,,,大森田不可止,堀井雄二|荒井清和,上野利幸,,,
1991-03-21,ポニーキャニオン,シャドウブレイン,FC,1M,RPG,"￥9,800","￥10,000代",0,-,,,,長沢英夫|今井修司|野田弘一|スクリーミング・マッド・ジョージ,中村一気|大野木宜幸|高見沢俊彦,千葉智宏|黒田洋介,小尾一介,
1991-03-21,バンダイ,まじかる☆タルるートくんFANTASTICWORLD(ファンタスティックワールド),FC,1M,ACT,"￥5,800","￥6,000代",0,-,,,,,LOVE PSYCHEDELICO,,,
1991-03-22,タイトー,爆笑！！人生劇場2,FC,1M,TBL,"￥5,900","￥6,000代",0,-,,,,,,,,
1991-03-26,バンダイ,おえかキッズアンパンマンのひらがなだいすき,FC,1M,ETC,"￥6,800","￥7,000代",0,-,,,,,,,,
1991-03-29,キャラクターソフト,けろけろけろっぴの大冒険,FC,256K,ACT,"￥3,980","￥4,000代",0,-,,,,,ナオト・インティライミ(作詞・作曲),,,
1991-03-29,ジャレコ,忍者じゃじゃ丸銀河大作戦,FC,1M,ACT,"￥5,800","￥6,000代",0,-,,,,,高芝泰彦|鈴木康行,,,
1991-03-29,東映動画,北斗の拳4七星覇拳伝北斗神拳の彼方へ,FC,2M,RPG,"￥6,500","￥6,500代",0,-,,,,,,,,
1991-04-02,データイースト,ロボコップ2,FC,1M,ACT,"￥6,500","￥6,500代",0,-,,,,,レナード・ローゼンマン,キャラクター創造|エドワード・ニューマイヤー|マイケル・マイナー,,
1991-04-05,アトラス,ニューヨークニャンキーズ,FC,1M,ACT,"￥6,200","￥6,000代",0,-,,,,,,,,
1991-04-05,テクモ,おぼっちゃまくん,FC,1M,ETC,"￥6,500","￥6,500代",0,-,,,,藤田宗克,宮原恵太,桶谷顕|桜井正明|真保裕一ほか,,
1991-04-05,カプコン,天地を喰らうⅡ諸葛孔明伝,FC,4M,RPG,"￥8,500","￥8,500代",0,-,,,上山真一,藤原得郎|岡本吉起|竹中善則,藤田靖明,,,
1991-04-12,徳間書店,ゴルビーのパイプライン大作戦,FC,256K,PZL,"￥4,900","￥5,000代",0,-,,,,若林賢人,迫田敏明,,,
1991-04-12,ビスコ,ツインイーグル,FC,1M,SHT,"￥5,800","￥6,000代",0,-,,,,K.SATO|玖村麻子|かさじまみゆき|たけだみつひろ,四元久|鈴木隆之|Conrad T. Kozawa,,富士本淳,
1991-04-21,アテナ,ファミリーブロック,FC,1M,ACT,"￥5,500","￥5,500代",0,-,,,,,,,,
1991-04-25,ヘクト,麻雀倶楽部永田町-総裁戦-,FC,4M,TBL,"￥9,700","￥9,500代",0,-,,つるやじゅん,さとうしょうじ,おだちひろよ|さかいゆきお,,,関雅行,
1991-04-26,サミー工業,ガンデック(GUN-DEC),FC,1M,ACT,"￥6,000","￥6,000代",0,-,,,,,,,,
1991-04-26,ホットビィ,オーバーホライゾン,FC,1M,SHT,"￥6,800","￥7,000代",0,-,,,,,,,,
1991-04-26,タイトー,タイトーバスケットボール,FC,1M,SPT,"￥5,900","￥6,000代",0,-,,,,,,,,
1991-04-26,セタ,マジックダーツ,FC,1M,TBL,"￥7,700","￥7,500代",0,-,,,,,,,,
1991-04-26,コナミ,ラグランジュポイント,FC,4M,RPG,"￥8,500","￥8,500代",0,-,,,,,,,,
1991-04-26,ハドソン,高橋名人の冒険島Ⅱ,FC,1M,ACT,"￥5,800","￥6,000代",0,-,,,,,,,,
1991-04-26,東映動画,紫禁城,FC,1M,PZL,"￥5,300","￥5,500代",0,-,,,,,,,,
1991-05-03,タケル,ココロン,FC,2M,ACT,"￥6,500","￥6,500代",0,-,,,,,,,,
1991-05-17,ホットビィ,パラメデスⅡ,FC,256K,PZL,"￥5,500","￥5,500代",0,-,,,,,,,,
1991-05-17,シグマ商事,ファジカルファイター,FC,1M,SHT,"￥6,200","￥6,000代",0,-,,,,,,,,
1991-05-23,光栄,ランペルール,FC,2M,SLG,"￥11,800","￥12,000代",0,-,,,,,石黒彰,,シブサワ・コウ,
1991-05-24,タイトー,テトラスター,FC,2M,SHT,"￥7,400","￥7,500代",0,-,,,,,,,,
1991-05-24,データイースト,メタルマックス,FC,2M,RPG,"￥7,800","￥8,000代",0,-,,吉田穂積|兼安時紀,菅原康弘|福島純|田内智樹,宮岡寛|きむらはじめ|とみさわ昭仁|山本貴嗣,門倉聡,,桝田省治,
1991-05-31,ヒューマン,エジプト,FC,256K,PZL,"￥3,800","￥4,000代",0,-,,,,,,,,
1991-05-31,サンソフト,なんてったってベースボール子ガメカセット'91開幕編,FC,2M,SPT,"￥2,280","￥2,500代",0,-,,,,,,,,
1991-06-21,テクモ,忍者龍剣伝Ⅲ～黄泉の方舟～,FC,1M,ACT,"￥6,200","￥6,000代",0,-,,,,,,,,
1991-06-21,カルチャーブレーン,飛龍の拳スペシャルファイティングウォーズ,FC,1M,ACT,"￥6,300","￥6,500代",0,-,,,,,,,,
1991-06-28,ポニーキャニオン,AdvancedDungeon＆Dragonsプールオブレイディアンス,FC,4M,RPG,"￥9,800","￥10,000代",0,-,,,,,,,,
1991-06-28,テクノスジャパン,すごろクエストダイスの戦士たち,FC,1M,ETC,"￥6,500","￥6,500代",0,-,,,かしわやひでとし|まえだてるひろ|佐藤博|松本康裕|ふくはらげんえい|もりしんいち,白戸政男,中野テルヲ|かめおかよしひろ|平沢道也,,,
1991-06-28,サミー工業,つっぱりウォーズ,FC,1M,ACT,"￥6,800","￥7,000代",0,-,,,,,,,,
1991-06-28,ハドソン,ボンバーマンⅡ,FC,1M,ACT,"￥5,800","￥6,000代",0,-,,,小坂恭洋,奥野仁|佐々木みか,竹間淳,,藤原茂樹,
1991-06-28,タカラ,超人狼戦記ウォーウルフ,FC,1M,ACT,"￥6,500","￥6,500代",0,-,,,,,,,,
1991-06-28,任天堂,新4人打ちマージャン役満天国,FC,2M,TBL,"￥6,300","￥6,500代",0,-,,,,,,,,
1991-07-05,バップ,ベースボールファイター,FC,2M,SPT,"￥7,800","￥8,000代",0,-,,,,,,,,
1991-07-05,ヘクト,囲碁指南'91,FC,1M,TBL,"￥6,800","￥7,000代",0,-,,,,,,,,
1991-07-19,タイトー,JuJu伝説,FC,1M,ACT,"￥6,800","￥7,000代",0,-,,,佐久間明|西澤孝|青木司,北原春樹|かきうちひろ|藤咲淳一|松原順,あおきゆうさく|北原幸憩,,,
1991-07-19,テクモ,キャッ党忍伝てやんでえ,FC,1M,ACT,"￥6,500","￥6,500代",0,-,,,,知心水(アニマロイドデザイン)|鈴木典孝(アニマロイド設定),川井憲次,関島真頼ほか,,
1991-07-19,パックインビデオ,ダイハード,FC,1M,ACT,"￥6,500","￥6,500代",0,-,,,,,,,,
1991-07-19,アイジーエス,パズニック,FC,256K,PZL,"￥4,900","￥5,000代",0,-,,,,,,,,
1991-07-19,ココナッツジャパン,パチンコ大作戦1,FC,1M,TBL,"￥5,900","￥6,000代",0,-,,,,,,,,
1991-07-19,ナムコ,ファミリーサーキット'91,FC,4M,RCG,"￥7,800","￥8,000代",0,30,,,,,,,,
1991-07-19,カプコン,リトルマーメイド-人魚姫-,FC,1M,ACT,"￥5,800","￥6,000代",0,-,,,,,,,,
1991-07-26,テクノスジャパン,ダウンタウンスペシャルくにおくんの時代劇だよ全員集合,FC,1M,ACT,"￥6,500","￥6,500代",0,-,,吉田晄浩,南波靖一郎(メインプログラマー)|大日方忠道(背景チェック担当)|松本康宏(メニュー周り担当)|森真一(ショップ周り担当),根立克行(キャラ担当)|東郷和代(背景担当),田崎寿子,,,
1991-07-31,Ｍ＆Ｍ,おたくの星座,FC,2M,RPG,"￥6,900","￥7,000代",0,-,,てんまんしげのり,あーぴーぱー,永井努|きむらひでのり|JIM BOY|江口寿史,笠井治|原田昌亮,本宮ひろ志|武田亨,武田亨,
1991-08-02,タイトー,SD刑事ブレイダー,FC,1M,ACT,"￥6,400","￥6,500代",0,-,,,,,,,,
1991-08-02,アイジーエス,ロボッ子ウォーズ,FC,2M,SHT,"￥6,900","￥7,000代",0,-,,,,,デイヴィッド・アーカンストーン,ジャクソン・バー,,
1991-08-03,アルトロン,スーパースプリント,FC,512K,RCG,"￥6,500","￥6,500代",0,-,,,,,,,,
1991-08-03,バンプレスト,マイライフマイラブぼくの夢わたしの願い,FC,2M,ETC,"￥9,600","￥9,500代",0,-,,,,,,,,
1991-08-09,アイジーエス,アルマジロ,FC,2M,ACT,"￥6,900","￥7,000代",0,-,,,,,,,,
1991-08-09,アテナ,DEBLOCK(デブロック),FC,256K,PZL,"￥4,980","￥5,000代",0,-,,,,,,,,
1991-08-09,バップ,ドキ！ドキ！遊園地～クレイジーランド大作戦～,FC,1M,ACT,"￥5,800","￥6,000代",0,-,,,,,,,,
1991-08-09,ケムコ,ドラゴンウォーズ,FC,2M,RPG,"￥6,800","￥7,000代",0,-,,,レベッカ・ハインマン,ポール・オコーナー|ブライアン・ファーゴ|トッド・J・キャマスタ,カート・ハイデン,,ブライアン・ファーゴ|ブルース・シュリックベルンド,
1991-08-09,アスク講談社,百の世界の物語,FC,1M,RPG,"￥6,200","￥6,000代",0,-,,高瀬俊一,MASAHIRO.A,わきあかつぐみ|鳥居雅博,浅川政夫,,ふたみひろし,
1991-08-10,バンダイ,ドラゴンボールZⅡ激神フリーザ！！,FC,2M,RPG,"￥8,200","￥8,000代",79,-,,杉本則之,しみずかずや,N.SUGIMOTO|T.EGUCHI|MUGARUTIE|SOBA,いちだたけし,杉本則之,,
1991-08-21,ポニーキャニオン,A列車で行こう,FC,1M,SLG,"￥7,800","￥8,000代",0,-,,,,,,,,
1991-08-27,コナミ,クライシスフォース,FC,1M,SHT,"￥6,000","￥6,000代",0,-,,,小川光章|山口誠,岸本方彰|片上史将,松原健一|まんのやすひこ|中馬淳,,,
1991-08-29,光栄,ロイヤルブラッド,FC,2M,SLG,"￥9,800","￥10,000代",0,-,,,,,伊藤ヨシユキ|新田真澄,,シブサワ・コウ,
1991-08-30,HAL研究所,メタルスレイダーグローリー,FC,4M,ADV,"￥8,900","￥9,000代",0,-,,☆よしみる,向井忠,☆よしみる|☆よしみる|おおのさとし,京田誠一,☆よしみる,,
1991-08-30,アイレム,快傑ヤンチャ丸2からくりランド,FC,1M,ACT,"￥5,800","￥6,000代",0,-,,,,,山崎憲司,,,
1991-09-13,ビスコ,ウエスタンキッズ,FC,2M,ACT,"￥7,800","￥8,000代",0,-,,うさみけいすけ,桑村英樹|斎藤潤,増田祐司|増田祐司|森賢一,岩田匡治,,秋山哲雄,
1991-09-13,アテナ,ゲームデザイナー養成ソフト絵描衛門(でざえもん),FC,1M,ETC,"￥9,800","￥10,000代",0,-,,,,,,,,
1991-09-20,エピックソニー,ドラゴンズレア,FC,1M,ACT,"￥5,900","￥6,000代",0,-,,,マイケル・クナウアー|ヴィンス・リー,リック・ダイアー|ビクター・ペンマン|マーティ・フォールガー|ダーリーン・ウォディントン|ドン・ブルース,クリストファー・ストーン,,,
1991-09-20,サンソフト,へべれけ,FC,1M,ACT,"￥6,200","￥6,000代",0,-,,,,,,,,
1991-09-20,任天堂,マリオオープンゴルフ,FC,2M,SPT,"￥5,825","￥6,000代",0,31,,,,,,,,
1991-09-27,ビクター音楽産業,イースⅢワンダラーズフロムイース,FC,2M,RPG,"￥7,500","￥7,500代",0,-,,,,,,,,
1991-09-27,アイレム,スパルタンX2,FC,1M,ACT,"￥5,500","￥5,500代",0,-,,,,西山隆志[注 1],,,津村建二,
1991-09-27,サンソフト,バトルフォーミュラ,FC,1M,ACT,"￥6,200","￥6,000代",0,-,,CHO MUSOU,北川正昭|野村雅仁|Y.AZUMA,塚田雅士|さとうひろゆき,小高直樹|原伸幸|瀬谷辰宇,,,
1991-09-27,バリエ,中嶋悟監修F-1ヒーロー2,FC,1M,RCG,"￥5,900","￥6,000代",0,-,,,,,,,,
1991-10-04,ナムコ,ちびまる子ちゃんうきうきショッピング,FC,1M,ETC,"￥5,800","￥6,000代",0,-,,シリーズ監督:|石崎すすむ(第1期第1話 - 第34話)|棚橋一徳(第1期第35話-第116話),,重国勇二(第1期第1話 - 第113話)|河内日出夫(第1期第114話 - 第142話)|船越英之(第2期)|中原久文(第2期第1話 - 第132話[注 3]),中村暢之|川原伸司(第2期第1話 - 74話),富永淳一|田嶋久子|髙橋幹子|石山優子|熊谷那美|平岡秀章|鈴谷梨乃|松島恵利子|加賀未恵|田中孝晃,,
1991-10-05,ユタカ,からくり剣豪伝ムサシロード～からくり人疾走る～,FC,1M,RPG,"￥6,800","￥7,000代",0,-,,,,,,,,
1991-10-12,バンダイ,SDガンダム外伝ナイトガンダム物語2光の騎士,FC,2M,RPG,"￥8,200","￥8,000代",0,-,,荻野目洋,,伴内弁太|島田晋作|高橋雅行,,,鈴木敏弘,
1991-10-25,ナツメ,カオスワールド,FC,2M,RPG,"￥7,000","￥7,000代",0,-,,,,,,,,
1991-10-25,シグマ商事,たいむゾーン,FC,1M,ACT,"￥6,200","￥6,000代",0,-,,,,,,,,
1991-10-26,エンジェル,特救指令ソルブレイン,FC,1M,ACT,"￥6,000","￥6,000代",0,-,,,,,瑞木薫,杉村升 他,宇都宮恭三 梶淳(テレビ朝日) 堀長文(東映),
1991-10-30,ヘクト,グレートディール,FC,1M,PZL,"￥6,800","￥7,000代",0,-,,,,,,,,
1991-11-01,トミー,モノポリー,FC,2M,TBL,"￥6,800","￥7,000代",0,-,,,,チャールズ・B・ダロウ (en) ,,,,
1991-11-15,ビクター音楽産業,スターウォーズ(ビクター製),FC,1M,ACT,"￥6,700","￥6,500代",0,-,,,アンドリュー・カーター,アキーラ・レドマー|ジョン・ノレス|ギャリー・ウィニック|リック・スタンド|ジョン・バーキー,マーシャル・パーカー,,アキーラ・レドマー|ハワード・フィリップス,
1991-11-15,テクモ,ラディア戦記黎明篇,FC,2M,RPG,"￥6,900","￥7,000代",0,-,,,,,,,,
1991-11-15,タカラ,少年アシベネパール大冒険の巻,FC,1M,ADV,"￥6,980","￥7,000代",0,-,,,,,,,,
1991-11-15,アイレム,大工の源さん,FC,1M,ACT,"￥6,500","￥6,500代",0,-,,,,,,,,
1991-11-15,ソフエル,地底戦空バゾルダー,FC,1M,SHT,"￥6,300","￥6,500代",0,-,,,水谷英治|永倉正明,倉本奈緒|有賀正祐|吉川昇一,安藤童太,倉本奈緒,石川佳幸,
1991-11-22,ココナッツジャパン,パチ夫くん4,FC,4M,TBL,"￥8,800","￥9,000代",0,-,,,,,,,,
1991-11-22,キャラクターソフト,みんなのたあ坊のなかよし大作戦,FC,256K,PZL,"￥3,980","￥4,000代",0,-,,,,,,,,
1991-11-22,ジャレコ,燃えプロ！最強編,FC,2M,SPT,"￥6,700","￥6,500代",0,-,,,,,,,,
1991-11-29,トミー,アメリカ横断ウルトラクイズ史上最大の戦い,FC,4M,TBL,"￥7,800","￥8,000代",0,-,,,,,,,,
1991-11-29,アイマックス,ファミコン囲碁入門,FC,1M,TBL,"￥6,500","￥6,500代",0,-,,,,,,,,
1991-11-29,コナミ,ランパート,FC,1M,SLG,"￥5,800","￥6,000代",0,-,,,ジョン・サルウィッツ,ジョン・サルウィッツ|デヴィッド・ラルストン,ブラッド・フラー|ドン・ディークナイテ,,リンダ・ベンツァー,
1991-12-06,東亜プラン,スノーブラザーズ,FC,1M,ACT,"￥6,500","￥6,500代",0,-,,,,,太田理,,,
1991-12-06,カプコン,ロックマン4新たなる野望！？,FC,4M,ACT,"￥7,800","￥8,000代",0,-,,,,,,,,
1991-12-06,ナムコ,平成天才バカボン,FC,1M,ACT,"￥5,800","￥6,000代",0,-,,,,岸義之,本間勇輔,赤塚不二夫,,
1991-12-13,ヨネザワ,ギミアぶれいく史上最強のクイズ王決定戦,FC,1M,TBL,"￥9,800","￥10,000代",0,-,,,,,,,,
1991-12-13,ジャレコ,つるピカハゲ丸めざせ！つるセコの証,FC,1M,ACT,"￥6,300","￥6,500代",0,-,,,,,,,,
1991-12-13,コナミ,ティーンエージミュータントニンジャタートルズ2ザ・マンハッタンプロジェクト,FC,2M,ACT,"￥6,900","￥7,000代",0,-,,,,,坂倉優一|冨田朋也|中村康三,,,
1991-12-13,テクモ,テクモスーパーボウル,FC,2M,SPT,"￥7,980","￥8,000代",0,-,,,,,,,,
1991-12-13,BPS,テトリス2+ボンブリス,FC,1M,PZL,"￥6,500","￥6,500代",0,30,,,,,,,,
1991-12-14,任天堂,ヨッシーのたまご,FC,1M,PZL,"￥4,757","￥5,000代",0,-,,田尻智,新改裕二|郡山昭仁,丸山傑規|杉森建,増田順一,,宮本茂,
1991-12-20,アスミック,アスミッくんランド,FC,1M,ACT,"￥6,300","￥6,500代",0,-,,,,,,,,
1991-12-20,アルトロン,アンタッチャブル,FC,1M,ETC,"￥6,800","￥7,000代",0,-,,,,,,,,
1991-12-20,サンソフト,ダイナマイトバットマン,FC,1M,ACT,"￥6,500","￥6,500代",0,-,,,,,,,,
1991-12-20,コナミ,タイニートゥーンアドベンチャーズ,FC,1M,ACT,"￥4,900","￥5,000代",0,-,,,,,ブルース・ブロートン,ポール・ディニ,,
1991-12-20,アイレム,パーマンPART2秘密結社マドー団をたおせ！,FC,2M,ACT,"￥5,500","￥5,500代",0,-,,,,,,,,
1991-12-20,日本コンピュータシステム,バトルトード,FC,2M,ACT,"￥6,500","￥6,500代",0,30,,,クリス・スタンパー|マーク・ベターリッジ,ティム・スタンパー(英語版)|クリス・スタンパー(英語版)|ケヴィン・ベイリス,デビッド・ワイズ,,ジョエル・ホッホバーグ,
1991-12-20,タカラ,バナナン王子の大冒険,FC,1M,ACT,"￥5,900","￥6,000代",0,-,,,,,,,,
1991-12-20,ナムコ,ファミスタ'92,FC,1M,SPT,"￥5,000","￥5,000代",0,-,,,,,,,,
1991-12-20,アスキー,ベスト競馬ダービースタリオン,FC,1M,SLG,"￥6,800","￥7,000代",0,32,,,,,,,,
1991-12-20,ソフエル,モンスターメーカー7つの秘宝,FC,2M,RPG,"￥6,800","￥7,000代",0,-,,,,,,,,
1991-12-20,ココナッツジャパン,東京パチスロアドベンチャー,FC,1M,TBL,"￥6,800","￥7,000代",0,-,,,,,,,,
1991-12-20,タイトー,爆笑！！人生劇場3,FC,2M,TBL,"￥6,400","￥6,500代",0,-,,,みずのまさる,なかたしんじ|くろさわきょうこ|なりたたけし,神尾憲一,,,
1991-12-21,ユタカ,SDガンダムガチャポン戦士4ニュータイプストーリー,FC,2M,SLG,"￥8,500","￥8,500代",0,-,,,,,,,,
1991-12-21,光栄,信長の野望武将風雲録,FC,4M,SLG,"￥11,800","￥12,000代",0,-,,,,,菅野よう子,,シブサワ・コウ,
1991-12-21,エンジェル,鳥人戦隊ジェットマン,FC,1M,ACT,"￥6,000","￥6,000代",0,-,,,,,KAZZ TOYAMA(外山和彦),井上敏樹 他,宇都宮恭三 梶淳(テレビ朝日) 鈴木武幸(東映),
1991-12-25,アトラス,チキチキマシン猛レース,FC,1M,ACT,"￥6,800","￥7,000代",0,-,,,,,Hoyt Curtin,Larz Bourne Dalton Sandifer Tom Dagenais Michael Maltese,ウィリアム・ハンナ ジョセフ・バーベラ,
1991-12-26,ヨネザワ,バトルストーム,FC,1M,SLG,"￥5,800","￥6,000代",0,-,,,,,,けいじま潤,,
1991-12-27,ホットビィ,ザ・ブルーマリーン,FC,1M,ETC,"￥6,300","￥6,500代",0,-,,,,,,,,
1991-12-27,エピックソニー,ハドソンホーク,FC,1M,ACT,"￥5,900","￥6,000代",0,-,,,,,マイケル・ケイメン|ロバート・クラフト,スティーヴン・E・デ・スーザ|ダニエル・ウォーターズ,,
1991-12-29,ユタカ,ウルトラマン倶楽部3またまた出撃！！ウルトラ兄弟,FC,2M,RPG,"￥7,800","￥8,000代",0,-,,,,,,,,
1991-12-29,バンダイ,ファミコンジャンプⅡ最強の7人,FC,4M,RPG,"￥8,500","￥8,500代",0,-,,中村光一,斉藤昌快|おきたかひろ,秋本治|荒木飛呂彦|江川達也|徳弘正也|鳥山明|宮下あきら|森田まさのり,門倉聡,折尾一則|石川文則,橋本真司,
1991-12-29,バンプレスト,第2次スーパーロボット大戦,FC,2M,RPG,"￥8,200","￥8,000代",0,31,,,庄真宏,阪田雅彦|知見浩之|阪田雅彦,田中伸一,,じっぱ ひとからげ,
1992-01-03,コナミ,がんばれゴエモン外伝2天下の財宝,FC,2M,RPG,"￥6,980","￥7,000代",0,-,,,山根秀直|丸山修|みやおかけんじ,神戸良治|丸尾純子|矢内一則,坂倉雄一|森本ゆきえ,汾陽桂太,,
1992-01-07,ジャレコ,ピザポップ,FC,1M,ACT,"￥6,300","￥6,500代",0,-,,,岩永研一,KAMEKICHI|萱島啓子|KING JOE,小酒井順哉,,,
1992-01-11,アイレム,太陽の勇者ファイバード,FC,1M,SHT,"￥6,800","￥7,000代",0,-,,,,植田均|大河原邦男,渡辺俊幸,矢立肇,,
1992-01-24,テクモ,ソロモンの鍵2クールミン島救出作戦,FC,1M,PZL,"￥6,200","￥6,000代",0,-,,,,,,,,
1992-01-24,ヘクト,ビジネスウォーズ最強の企業戦略M＆A,FC,2M,SLG,"￥9,700","￥9,500代",0,-,,,,,,,,
1992-01-25,ポニーキャニオン,バーズテイルⅡTHEDISTINYKNIGHT,FC,2M,RPG,"￥7,000","￥7,000代",0,-,,,,,,,,
1992-01-30,ヘクト,将棋名鑑'92,FC,2M,TBL,"￥6,800","￥7,000代",0,-,,,,,,,,
1992-01-31,サンソフト,ギミック,FC,2M,ACT,"￥6,200","￥6,000代",0,-,,,,,,,,
1992-01-31,タイトー,ドンドコドン2,FC,1M,ACT,"￥5,900","￥6,000代",0,-,,,石田一朋|木下昌也,河上聖治|石川幸生|阿部幸雄|いしのみのり|沼田和博|五十嵐恒三|しのだてつや|V.A.P,高木正彦|山田靖子,,河上聖治|松本俊明|酒匂弘幸,
1992-01-31,コナミ,バッキーオヘア,FC,1M,ACT,"￥5,800","￥6,000代",0,-,,,,,,,,
1992-02-07,日本物産,F-1サーカス,FC,2M,RCG,"￥6,600","￥6,500代",0,-,,,,,,,,
1992-02-07,テクノスジャパン,いけいけ熱血ホッケー部「すべってころんで大乱闘」,FC,1M,SPT,"￥6,200","￥6,000代",0,-,,,,,,,,
1992-02-14,アイマックス,ネイビーブルー,FC,1M,ETC,"￥5,900","￥6,000代",0,-,,,,,,,,
1992-02-21,ポニーキャニオン,AdvancedDungeon＆Dragonsドラゴンオブフレイム,FC,1M,RPG,"￥6,800","￥7,000代",0,-,,,,,,,,
1992-02-28,サミー工業,パズロット,FC,1M,PZL,"￥5,600","￥5,500代",0,-,,,,,,,,
1992-03-06,サミー工業,マジックキャンドル,FC,2M,RPG,"￥7,800","￥8,000代",0,-,,,,,,,,
1992-03-06,タカラ,伝染るんです。かわうそハワイへ行く,FC,1M,ACT,"￥6,800","￥7,000代",0,-,,,,,,,,
1992-03-10,ヘクト,囲碁指南'92,FC,1M,TBL,"￥6,800","￥7,000代",0,-,,,,,,,,
1992-03-13,ナムコ,ナムコクラシックⅡ,FC,2M,SPT,"￥5,900","￥6,000代",0,-,,,,,,,,
1992-03-14,任天堂,ファイアーエムブレム外伝,FC,2M,SLG,"￥6,600","￥6,500代",0,-,,加賀昭三,いまにしまさゆき|たじまつねやす|吉田康二|ふくらけい|しみずまさひろ,加賀昭三|町田敏|村松敏孝|大西直孝,辻横由佳,,横井軍平,
1992-03-19,タイトー,究極ハリキリ甲子園,FC,1M,SPT,"￥6,900","￥7,000代",0,-,,,,,,,,
1992-03-20,ハドソン,SUPER桃太郎電鉄,FC,2M,ETC,"￥5,800","￥6,000代",0,-,,さくまあきら,飛田雅宏,土居孝幸,関口和之,,すずきとよじ,
1992-03-20,エンジェル,それいけ！アンパンマンみんなでハイキングゲーム！,FC,1M,ETC,"￥6,000","￥6,000代",0,-,,,,,,,,
1992-03-27,エピックソニー,HOOK,FC,1M,ACT,"￥5,900","￥6,000代",0,-,,,,,,,,
1992-03-27,ホットビィ,WWFレッスルマニアチャレンジ,FC,1M,ACT,"￥5,300","￥5,500代",0,-,,,,,,,,
1992-03-27,キャラクターソフト,ハローキティワールド,FC,1M,ACT,"￥4,800","￥5,000代",0,-,,坂本賀勇,小野寺正|鈴木英夫|安間基夫,杉野憲一,田中宏和,,横井軍平,
1992-03-27,ジャレコ,プラズマボール,FC,1M,ACT,"￥6,300","￥6,500代",0,-,,,,,,,,
1992-03-28,サンソフト,炎の闘球児ドッジ弾平,FC,1M,SPT,"￥6,500","￥6,500代",0,-,,,,はしもとかつみ|郷敏治,勝又隆一,こしたてつひろ,,
1992-04-17,タカラ,ひらけ！ポンキッキ,FC,256K,ACT,"￥4,980","￥5,000代",0,-,,,,,,,五社英雄|太地恒夫|野田宏一郎|大島正|藤田洋一|ほか,
1992-04-17,ココナッツジャパン,舛添要一朝までファミコン,FC,4M,ADV,"￥7,980","￥8,000代",0,-,,,,,,,舛添要一,
1992-04-24,科研,エキサイティングラリー,FC,1M,RCG,"￥5,900","￥6,000代",0,-,,,,,,,,
1992-04-24,タイトー,わんぱくコックンのグルメワールド,FC,1M,ACT,"￥5,900","￥6,000代",0,-,,,,,,,,
1992-04-24,アイレム,重力装甲メタルストーム,FC,1M,ACT,"￥6,500","￥6,500代",0,-,,みやたけんご,やましたひかる,沼山定光|転清,わたなべとおる,,ふたみひろし,
1992-04-25,ユタカ,ひょっこりひょうたん島なぞのかいぞくせん,FC,1M,ADV,"￥6,000","￥6,000代",0,-,,須藤典彦[注 1],,松原徳弘|亀田祥倫,やまだ豊,青山剛昌,,
1992-05-20,日本物産,麻雀大戦,FC,2M,TBL,"￥6,600","￥6,500代",0,-,,,,,,,,
1992-05-29,ヘクト,クイズプロジェクトQ,FC,2M,TBL,"￥6,800","￥7,000代",0,-,,,,,,,,
1992-06-05,カプコン,CAPCOMバルセロナ'92,FC,1M,SPT,"￥6,500","￥6,500代",0,-,,,,,,,,
1992-06-10,ナムコ,三国志Ⅱ覇王の大陸,FC,2M,SLG,"￥6,900","￥7,000代",0,-,,,,,天岸真志,,,
1992-06-19,バンダイ,まじかる☆タルるートくん2まほうだいぼうけん,FC,1M,ACT,"￥5,800","￥6,000代",0,-,,,,,,,,
1992-06-26,コナミ,エスパードリーム2新たなる戦い,FC,2M,RPG,"￥6,800","￥7,000代",0,30,,,,,,,,
1992-06-26,パックインビデオ,ターミネーター2,FC,1M,ACT,"￥6,500","￥6,500代",0,-,,,,,ブラッド・フィーデル,ジェームズ・キャメロン|ウィリアム・ウィッシャー,,
1992-06-26,テクノスジャパン,びっくり熱血新記録はるかなる金メダル,FC,1M,SPT,"￥6,500","￥6,500代",0,-,,,高橋充|さかがみたかゆき,白戸政男|坪谷衛,澤和雄|平沢道也,,,
1992-06-26,アイジーエス,陰謀の惑星シャンカラ,FC,1M,SLG,"￥9,700","￥9,500代",0,-,,,,,,,,
1992-06-26,タイトー,聖鈴伝説リックル,FC,2M,ACT,"￥6,800","￥7,000代",0,-,,吉本伸一,知花司|David BoØwy,中村幽子,横山喜次|鞠川雪映,吉本伸一|David BoØwy,吉本伸一|転清,
1992-07-03,ジーオーワン,THEGOLF'92(ザゴルフ92),FC,1M,SPT,"￥6,900","￥7,000代",0,-,,,,,,,,
1992-07-10,ココナッツジャパン,パチンコ大作戦2,FC,1M,TBL,"￥6,900","￥7,000代",0,-,,,,,,,,
1992-07-17,ナグザット,SummerCarnical'92烈火(サマーカーニバル),FC,1M,SHT,"￥4,980","￥5,000代",0,-,,,,,,,,
1992-07-17,キャラクターソフト,サンリオカップポンポンバレー,FC,256K,SPT,"￥3,980","￥4,000代",0,-,,,,,,,,
1992-07-17,カプコン,レッドアリーマーⅡ,FC,1M,ACT,"￥5,800","￥6,000代",0,-,,,うえやまこうじ,宮崎亮|京谷有紀,里村由紀,,,
1992-07-17,トミー,三つ目がとおる,FC,1M,ACT,"￥6,500","￥6,500代",0,-,,,,清山滋崇|宇田川一彦|山根公利,渡辺俊幸,手塚治虫(原作)|藤澤勇希(脚本),,
1992-07-24,セタ,シルヴァサーガ,FC,2M,RPG,"￥7,800","￥8,000代",0,-,,,,,,,,
1992-07-24,ジャレコ,闘魂倶楽部,FC,1M,ACT,"￥6,300","￥6,500代",0,-,,,廣田公男,もりもとゆきお|たきのあつみ|やまだけんいち,水谷郁,,,
1992-07-29,ユタカ,魔法のプリンセスミンキーモモリメンバードリーム,FC,1M,ACT,"￥6,000","￥6,000代",0,-,,,,,,,,
1992-07-31,ハドソン,高橋名人の冒険島Ⅲ,FC,1M,ACT,"￥5,800","￥6,000代",0,-,,,,,,,,
1992-08-07,パックインビデオ,エイセスアイアンイーグルⅢ,FC,2M,SHT,"￥7,400","￥7,500代",0,-,,,デニス・キャスウェル|ジェフ・A・レファーツ,クリストファー・シェン,リチャード・マイルス・ブーガー,,スティーヴン・アクリッチ|ジョー・イバラ|トム・スローパー,
1992-08-07,バンダイ,ドラゴンボールZⅢ烈戦人造人間,FC,2M,RPG,"￥7,800","￥8,000代",0,-,,,,,,,,
1992-08-07,タイトー,フリントストーンTHERESCUEOFDINO＆HOPPY,FC,1M,ACT,"￥6,800","￥7,000代",0,-,,,,,,,,
1992-08-28,ヘクト,ムーンクリスタル,FC,2M,ACT,"￥7,800","￥8,000代",0,-,,,まつもとともなり,おだちひろよ,多和田吏,おだちひろよ,,
1992-08-28,ヨネザワ,ギミアぶれいく史上最強のクイズ王決定戦2,FC,2M,TBL,"￥6,800","￥7,000代",0,-,,,,,,,,
1992-08-29,アスキー,ダービースタリオン全国版,FC,1M,ETC,"￥7,200","￥7,000代",0,-,,,,,,,,
1992-09-14,任天堂,スーパーマリオUSA,FC,1M,ACT,"￥4,900","￥5,000代",0,-,,田邊賢輔,中郷俊彦|竹谷康範|岩脇敏夫|森田和明|たかくらたつのり,杉山直,近藤浩治,,山内溥|宮本茂,
1992-09-18,ココナッツジャパン,1999ほれ、みたことか！世紀末,FC,2M,ETC,"￥7,300","￥7,500代",0,-,,,,,澤和雄,,,
1992-09-22,ナムコ,ナムコプリズムゾーンドリームマスター,FC,2M,RPG,"￥5,800","￥6,000代",0,-,,,,バースデイ|野中俊也,六土開正,バースデイ,,
1992-09-25,ジャレコ,ゴール(GOAL),FC,1M,SPT,"￥6,300","￥6,500代",0,-,,,,,,,,
1992-09-25,ケムコ,ミッキーマウスⅢ夢ふうせん,FC,1M,ACT,"￥5,900","￥6,000代",0,-,,須藤典彦[注 1],,松原徳弘|亀田祥倫,やまだ豊,青山剛昌,,
1992-09-29,タイトー,キャプテンセイバー,FC,1M,ACT,"￥5,900","￥6,000代",0,-,,,,,,,,
1992-10-09,バンプレスト,シャッフルファイト,FC,2M,ETC,"￥7,600","￥7,500代",0,-,,佳丈祐子,伊藤真也,頓宮勝弘|おやまやすなが|ひろせゆたか|おやまやすなが,渡部陽子,,,
1992-10-16,BPS,スポット,FC,1M,ETC,"￥5,500","￥5,500代",0,-,,,,,,,,
1992-10-16,アスキー,ベストプレープロ野球スペシャル,FC,2M,SLG,"￥7,500","￥7,500代",0,-,,,,,,,,
1992-10-22,ナムコ,トップストライカー,FC,1M,SPT,"￥5,800","￥6,000代",0,-,,,,,,,,
1992-10-23,バンダイ,SDガンダム外伝ナイトガンダム物語3伝説の騎士団,FC,2M,RPG,"￥7,800","￥8,000代",0,-,,島田晋作,,伴内弁太|島田晋作,,,高橋則夫|鈴木敏弘,
1992-10-30,日本コンピュータシステム,ダブルムーン伝説,FC,4M,RPG,"￥7,900","￥8,000代",0,-,,E.Kanai,T.Hino,大貫昌幸|草彅琢仁,,,土田俊郎,
1992-11-06,エンジェル,恐竜戦隊ジュウレンジャー,FC,1M,ACT,"￥6,000","￥6,000代",0,-,,,,,吉田明彦,杉村升 他,宇都宮恭三 梶淳(テレビ朝日) 鈴木武幸 白倉伸一郎(東映),
1992-11-13,アルトロン,トムとジェリー,FC,1M,ACT,"￥6,800","￥7,000代",0,-,,,,,,,,
1992-11-13,ココナッツジャパン,フェラーリGRANDPRIXCHALLENGE,FC,1M,RCG,"￥7,300","￥7,500代",0,-,,,,,,,,
1992-11-20,トミー,コロンブス黄金の夜明け,FC,1M,RPG,"￥7,500","￥7,500代",0,-,,,,,,,,
1992-11-21,任天堂,ヨッシーのクッキー,FC,1M,PZL,"￥4,757","￥5,000代",0,-,,山本雅央|山上仁志|たかさごたつひろ|RYOJIN,ヂュー・リー|よしかわのなえ|山本雄一,日野重文|松本千恵子|いのうえみか,生田ノブヤ|佐藤亜希羅|TSUTOMU|西坂紀子,,横井軍平,
1992-11-27,コナミ,タイニートゥーンアドベンチャー2モンタナランドへようこそ,FC,1M,ACT,"￥4,900","￥5,000代",0,-,,,,,,,,
1992-11-27,ヘクト,囲碁指南'93,FC,1M,TBL,"￥6,800","￥7,000代",0,-,,,,,,,,
1992-12-04,バップ,ちいさなおばけアッチコッチソッチ,FC,1M,PZL,"￥6,800","￥7,000代",0,-,,,,河内日出夫,池毅,「小さなおばけシリーズ」|(角野栄子(作)・佐々木洋子(絵)),,
1992-12-04,カプコン,ロックマン5ブルースの罠！？,FC,2M,ACT,"￥7,800","￥8,000代",0,-,,,,,,,,
1992-12-04,ヘクト,将棋名鑑'93,FC,2M,TBL,"￥6,800","￥7,000代",0,-,,,,,,,,
1992-12-08,ナムコ,ワギャンランド3,FC,2M,ACT,"￥5,800","￥6,000代",0,-,,,,,,,,
1992-12-11,ヒロ,キョロちゃんランド,FC,1M,ACT,"￥5,800","￥6,000代",0,-,,,,,,,,
1992-12-11,キャラクターソフト,ハローキティのおはなばたけ,FC,256K,ACT,"￥3,980","￥4,000代",0,-,,,,,,,,
1992-12-11,ジャレコ,妖精物語ロッドランド,FC,1M,ACT,"￥6,500","￥6,500代",0,-,,,,森谷忠明|衛藤浩二,多和田吏,,,
1992-12-15,エニックス,ジャストブリード,FC,4M,RPG,"￥9,700","￥9,500代",0,-,,,森田和郎,森田和郎|安野隆志|高田裕三,田中公平,佐藤克之,川口貴雄|山本秀樹|渡辺泰仁,
1992-12-18,サンソフト,バーコードワールド,FC,1M,ACT,"￥7,200","￥7,000代",0,-,,河合正人|北川正昭,沓掛隆志|寺島徹|島村誠司|堀越丈広|葭原智|T.MATSUSHIMA|M.YOSHIDA,,,,前田道裕|吉田喜春,
1992-12-22,ユタカ,SDガンダムガチャポン戦士5バトルオブユニバーサルセンチュリー,FC,1M,SLG,"￥6,800","￥7,000代",0,-,,,,,,,,
1992-12-22,ナムコ,ファミスタ'93,FC,1M,SPT,"￥4,900","￥5,000代",0,-,,,,,,,,
1992-12-23,テクノスジャパン,熱血格闘伝説,FC,1M,ACT,"￥6,500","￥6,500代",0,-,,,あべひでゆき,大竹剛,澤和雄|平沢道也|浦部拓,,,
1992-12-25,エンジェル,ウルトラマン倶楽部怪獣大決戦,FC,1M,ACT,"￥6,800","￥7,000代",0,-,,,,,,,,
1992-12-25,バンプレスト,グレイトバトルサイバー,FC,1M,ACT,"￥7,300","￥7,500代",0,-,,,DARTS'MAN SIOCHI,こはたまさと|萱島啓子|荒木雅子|岡本みちと,小酒井順哉,早川芳樹,山田俊彦,
1992-12-25,サミー工業,嗚呼！野球人生一直線,FC,4M,ETC,"￥7,300","￥7,500代",0,-,,,,,,,,
1992-12-29,バンダイ,[データック]ドラゴンボールZ激闘天下一武道会,FC,2M,ACT,"￥7,800","￥8,000代",0,-,,,,,,,,
1993-01-14,キャラクターソフト,サンリオカーニバル2,FC,256K,PZL,"￥3,980","￥4,000代",0,-,,,,,,,,
1993-01-15,カプコン,ワイリー＆ライトのロックボードザッツパラダイス,FC,2M,TBL,"￥6,500","￥6,500代",0,-,,,,竹中善則|稲船敬二|岩崎あけみ,里村由紀,,,
1993-01-22,エンジェル,仮面ライダーSDグランショッカーの野望,FC,1M,ETC,"￥6,500","￥6,500代",0,-,,保光峰之,なかしまゆうじ,島田晋作|保光峰之|島田晋作|保光峰之|あらいみゆき,YAMADA,,服部大三郎,
1993-01-29,コナミ,F-1センセーション,FC,1M,RCG,"￥5,800","￥6,000代",0,-,,近藤隆司,柴田裕治,矢内一則,冨田朋也|中馬淳,,,
1993-02-05,コナミ,悪魔城ドラキュラ,FC,1M,ACT,"￥3,900","￥4,000代",0,32,,赤松仁司,岡出光弘,戸隠のりやす,山下絹代|寺島里恵,,永田昭彦,
1993-02-19,キャラクターソフト,けろけろけろっぴの大冒険2ドーナツ池はおおさわぎ,FC,1M,ACT,"￥5,400","￥5,500代",0,-,,,,,,,,
1993-02-19,バンプレスト,バトルベースボール,FC,4M,SPT,"￥8,600","￥8,500代",0,-,,田中憲一|さかたでんそう,岩永研一|田端紀行,萱島啓子|諸星三千代,松平あこ,,下道隆,
1993-02-26,コナミ,バイオミラクルぼくってウパ,FC,1M,ACT,"￥3,900","￥4,000代",0,-,,,山田善朗|H.EDA|村田司朗|奥田康雄|風仁美,霜出健治|ふなびきひろこ,深見誠一|藤尾敦|中村康三|きのうちかおり|西垣綾子|村田幸史|倉橋裕子,,,
1993-03-05,タイトー,バブルボブル2,FC,1M,ACT,"￥5,900","￥6,000代",0,-,,しおかわたかし,ひざけんいち,明石佳久|タイガーかわの|市角博継|明石佳久,神尾憲一,,,
1993-03-05,ジャレコ,めざせ！トッププロ～グリーンに賭ける夢～,FC,2M,SPT,"￥6,500","￥6,500代",0,-,,,,,,,,
1993-03-06,ジャレコ,USAアイスホッケーinFC,FC,1M,SPT,"￥6,300","￥6,500代",0,-,,,,,,,,
1993-03-12,ビクター音楽産業,スターウォーズ帝国の逆襲(ビクター製),FC,2M,ACT,"￥7,900","￥8,000代",0,-,,,,,,,,
1993-03-19,サンソフト,ぴょこたんの大迷路,FC,1M,ADV,"￥6,000","￥6,000代",0,-,,,,,,,,
1993-03-19,ヨネザワ,カジノダービー,FC,1M,ETC,"￥5,500","￥5,500代",0,-,,,,,,,,
1993-03-23,任天堂,星のカービィ夢の泉の物語,FC,4M,ACT,"￥6,300","￥6,500代",100,33,,桜井政博,菅浩秋,桜井政博,安藤浩和|石川淳,,山内溥|岩田聡|宮本茂|清水隆雄,
1993-03-25,光栄,蒼き狼と白き牝鹿元朝秘史,FC,4M,SLG,"￥11,800","￥12,000代",0,-,,,,,大島ミチル,,シブサワ・コウ,
1993-03-26,コナミ,もえろツインビーシナモン博士を救え,FC,1M,SHT,"￥3,900","￥4,000代",0,-,,,青山和浩|村田司朗,MADAM YANYAN|木下まり,禎清宏,,,
1993-03-26,アイレム,愛先生のOSHIETEわたしの星,FC,2M,ETC,"￥12,800","￥13,000代",0,-,,,,,,,,
1993-03-26,サンソフト,炎の闘球児ドッジ弾平2,FC,2M,SPT,"￥6,800","￥7,000代",0,-,,,,はしもとかつみ|郷敏治,勝又隆一,こしたてつひろ,,
1993-03-30,アイレム,快傑ヤンチャ丸3対決！ゾウリンゲン,FC,1M,ACT,"￥6,500","￥6,500代",0,-,,,,,山崎憲司,,,
1993-04-23,バンダイ,[データック]SDガンダムガンダムウォーズ,FC,2M,SLG,"￥2,800","￥3,000代",0,-,,,,,,,火星人,
1993-04-23,バンダイ,[データック]ウルトラマン倶楽部スポ根ファイト,FC,2M,SPT,"￥2,800","￥3,000代",0,-,,,,,,,,
1993-04-23,テクノスジャパン,くにおくんの熱血サッカーリーグ,FC,1M,SPT,"￥6,500","￥6,500代",0,-,,,高橋充|さかがみたかゆき,甲斐浩二|坪谷衛,澤和雄|浦部拓,,,
1993-04-23,タイトー,ジェットソン,FC,1M,ACT,"￥6,800","￥7,000代",0,-,,,,,,,,
1993-04-23,カプコン,ダックテイルズ2,FC,1M,ACT,"￥5,800","￥6,000代",0,-,,,,ティモシー・M・モーエン,ドミニク・ルイス,カール・バークス|ジーマン・メイゴン|マット・ヤングバーグ|フランシスコ・アンゴネス,,
1993-04-28,ヨネザワ,ゴリラーマン,FC,4M,ETC,"￥6,900","￥7,000代",0,-,,,,,,,,
1993-05-21,任天堂,ジョイメカファイト,FC,2M,ACT,"￥4,900","￥5,000代",0,-,,林田宏一,林田宏一|江渡浩一郎,原田典幸|柳川絵奈|影山悦子|仲川尚秀,清水英明,,,
1993-06-11,ココナッツジャパン,パチ夫くん5Jrの挑戦,FC,2M,TBL,"￥8,500","￥8,500代",0,-,,,,,,,,
1993-06-11,カプコン,マイティファイナルファイト,FC,1M,ACT,"￥6,500","￥6,500代",0,-,,,,,,,,
1993-06-19,アイジーエス,JリーグファイティングサッカーTHEKINGOFACESTRIKERS,FC,1M,SPT,"￥7,900","￥8,000代",0,-,,,,,,,,
1993-07-09,ユタカ,うしおととら深淵の大妖,FC,1M,RPG,"￥7,800","￥8,000代",0,-,,,,,,,,
1993-07-23,徳間書店,ぷよぷよ,FC,1M,PZL,"￥5,900","￥6,000代",0,-,,,,,,,,
1993-07-30,ハドソン,FC原人,FC,2M,ACT,"￥5,800","￥6,000代",0,-,,,,,増子司,,,
1993-07-30,エンジェル,甲竜伝説ヴィルガスト外伝,FC,1M,RPG,"￥8,000","￥8,000代",0,-,,,,,,,,
1993-08-06,バンダイ,ドラゴンボールZ外伝サイヤ人絶滅計画,FC,2M,RPG,"￥7,800","￥8,000代",90,-,,たじましょうじ|杉本則之,,たかはしまさゆき,上村みゆき|さばくまゆき|いちだたけし|天岸真志,小山高生,大久保悌伸,
1993-08-27,バンダイ,[データック]クレヨンしんちゃんオイラとポイポイ,FC,1M,PZL,"￥2,600","￥2,500代",0,-,,,,,,,,
1993-08-27,バンダイ,クレヨンしんちゃんオイラとポイポイ,FC,2M,PZL,"￥5,800","￥6,000代",0,-,,,,,,,,
1993-09-17,ココナッツジャパン,パチスロアドベンチャー2そろっ太くんのパチスロ探偵団,FC,1M,TBL,"￥6,900","￥7,000代",0,-,,,,,,,,
1993-09-21,任天堂,テトリスフラッシュ,FC,1M,PZL,"￥5,900","￥6,000代",0,-,,山本雅央|山上仁志,,,高野充彦|上村みゆき,,横井軍平,
1993-10-22,バンダイ,[データック]幽☆遊☆白書爆闘暗黒武術会,FC,2M,ACT,"￥2,800","￥3,000代",0,-,,,,,,,,
1993-10-22,アイレム,大工の源さん2赤毛のダンの逆襲,FC,2M,ACT,"￥6,800","￥7,000代",0,-,,,,,,,,
1993-10-29,バンダイ,ろくでなしBLUES,FC,2M,RPG,"￥7,800","￥8,000代",0,-,,,,,安川午朗,秦建日子|猪原健太|尾崎悟史,,
1993-11-05,カプコン,ロックマン6史上最大の闘い,FC,4M,ACT,"￥7,800","￥8,000代",0,-,,,,,,,,
1993-11-12,ビーアイ,[データック]バトルラッシュ,FC,2M,ACT,"￥2,800","￥3,000代",0,-,,,,,,,,
1993-11-26,タカラ,RPG人生ゲーム,FC,2M,ETC,"￥7,800","￥8,000代",0,-,,,,,,,,
1993-12-01,キャラクターソフト,けろっぴとけろりーぬのスプラッシュボム,FC,1M,ACT,"￥4,980","￥5,000代",0,-,,,,,,,,
1993-12-01,ナムコ,ファミスタ'94,FC,1M,SPT,"￥3,900","￥4,000代",0,-,,,,,,,,
1993-12-10,カプコン,チップとデールの大作戦2,FC,1M,ACT,"￥5,800","￥6,000代",0,-,,,,,藤井美苗|あかまつあきひろ|おおいたさちこ,,藤原得郎,
1993-12-10,ユタカ,なかよしといっしょ,FC,1M,ADV,"￥7,800","￥8,000代",0,-,,,,,,,,
1993-12-17,ヘクト,囲碁指南'94,FC,1M,TBL,"￥6,800","￥7,000代",0,-,,,,,,,,
1993-12-17,ハドソン,桃太郎伝説外伝,FC,4M,RPG,"￥6,800","￥7,000代",0,-,,さくまあきら,,土居孝幸,関口和之,さくまあきら(貧乏神伝説|浦島伝説)|山口宏(夜叉姫伝説),,
1993-12-17,テクノスジャパン,熱血！すとりーとバスケットがんばれDUNKHEROES,FC,1M,SPT,"￥6,500","￥6,500代",0,-,,,,,,,,
1994-02-19,任天堂,ゼルダの伝説1,FC,1M,ADV,"￥4,900","￥5,000代",0,-,,宮本茂|手塚卓志,中郷俊彦|副島康成|I.MARUI,宮本茂|手塚卓志|宮本茂|手塚卓志,近藤浩治,照井啓司,山内溥|宮本茂,
1994-02-19,任天堂,ワリオの森,FC,2M,PZL,"￥4,900","￥5,000代",0,-,,三木研次,鈴木広宣|片山誠,富田聡一郎|飯村雅弘|大西直孝,天宅しのぶ|岡素世,,三木研次,
1994-02-27,スクウェア,ファイナルファンタジーⅠ・Ⅱ,FC,4M,RPG,"￥6,800","￥7,000代",0,-,,,,,,,,
1994-04-22,バンダイ,[データック]J-LEAGUEスーパートッププレイヤーズ,FC,2M,SPT,"￥2,800","￥3,000代",0,-,,,,,,,,
1994-05-13,ココナッツジャパン,パチスロアドベンチャー3ビタオシー7見参,FC,1M,TBL,"￥7,900","￥8,000代",0,-,,,,,,,,
1994-05-27,エレクトロニックアーツ・ビクター,Jリーグウイニングゴール,FC,1M,SPT,"￥7,980","￥8,000代",0,-,,,,,,,,
1994-06-24,ハドソン,高橋名人の冒険島Ⅳ,FC,2M,ACT,"￥5,800","￥6,000代",0,-,,,,,,,,
1989-03-01,NHK/コナミ/東京書籍,NHK学園スペーススクール小学校の算数4年生上,FC,不明,ETC,"￥18,000","￥18,000代",0,-,,,,,,,,
1989-03-01,NHK/コナミ/東京書籍,NHK学園スペーススクール小学校の算数4年生下,FC,不明,ETC,"￥18,000","￥18,000代",0,-,,,,,,,,
1989-03-01,NHK/コナミ/東京書籍,NHK学園スペーススクール小学校の算数5年生上,FC,不明,ETC,"￥18,000","￥18,000代",0,-,,,,,,,,
1989-03-01,NHK/コナミ/東京書籍,NHK学園スペーススクール小学校の算数5年生下,FC,不明,ETC,"￥18,000","￥18,000代",0,-,,,,,,,,
1989-03-01,NHK/コナミ/東京書籍,NHK学園スペーススクール小学校の算数6年生上,FC,不明,ETC,"￥18,000","￥18,000代",0,-,,,,,,,,
1989-03-01,NHK/コナミ/東京書籍,NHK学園スペーススクール小学校の算数6年生下,FC,不明,ETC,"￥18,000","￥18,000代",0,-,,,,,,,,
1988-07-25,不明,JRA-PAT,FC,不明,ETC,"￥19,800","￥20,000代",0,-,,,,,,,,
1988-07-25,不明,野村のファミコントレード,FC,不明,ETC,不明,不明,0,-,,,,,,,,
1988-07-25,不明,野村のファミコントレード(V2),FC,不明,ETC,不明,不明,0,-,,,,,,,,
1988-07-25,不明,新日本のファミコンホームトレード,FC,不明,ETC,不明,不明,0,-,,,,,,,,
1988-07-25,不明,住友ホームライン,FC,不明,ETC,不明,不明,0,-,,,,,,,,
1988-07-25,不明,ファミコンフィットネス,FC,不明,ETC,不明,不明,0,-,,,,,,,,
1988-07-25,福武書店,スタディボックス,FC,不明,ETC,不明,不明,0,-,,,,,,,,
1986-02-21,任天堂,ゴルフ💾,FC💾DS,💾512K,SPT,"￥2,500","￥2,500代",0,-,,,,,,,,
1986-02-21,任天堂,サッカー💾,FC💾DS,💾512K,SPT,"￥2,500","￥2,500代",0,-,,,,,,,,
1986-02-21,任天堂,スーパーマリオブラザーズ💾,FC💾DS,💾512K,ACT,"￥2,500","￥2,500代",0,-,,宮本茂,中郷俊彦|森田和明|西田泰也,宮本茂|宮本茂|手塚卓志,近藤浩治,,山内溥|池田宏|宮本茂,
1986-02-21,任天堂,ゼルダの伝説💾,FC💾DS,💾1M,ARPG,"￥2,600","￥2,500代",169,-,,宮本茂|手塚卓志,中郷俊彦|副島康成|I.MARUI,宮本茂|手塚卓志|宮本茂|手塚卓志,近藤浩治,照井啓司,山内溥|宮本茂,
1986-02-21,任天堂,テニス💾,FC💾DS,💾512K,SPT,"￥2,500","￥2,500代",0,-,,,,,,,,
1986-02-21,任天堂,ベースボール💾,FC💾DS,💾512K,SPT,"￥2,500","￥2,500代",0,-,,,,,,,,
1986-02-21,任天堂,麻雀(二人用)💾,FC💾DS,💾512K,TBL,"￥2,500","￥2,500代",0,-,,,,,,,,
1986-04-14,任天堂,謎の村雨城💾,FC💾DS,💾1M,ACT,"￥2,600","￥2,500代",61,-,,前田実,,前田実|KEI HONMA,近藤浩治,,加藤圭三,
1986-06-03,任天堂,スーパーマリオブラザーズ2💾,FC💾DS,💾512K,ACT,"￥2,600","￥2,500代",265,-,,手塚卓志|宮本茂,中郷俊彦|森田和明,手塚卓志|宮本茂|手塚卓志|宮本茂,近藤浩治,,山内溥,
1986-07-21,任天堂,バレーボール💾,FC💾DS,💾512K,SPT,"￥2,500","￥2,500代",198,-,,,,,,,,
1986-07-30,アスキー,涙の倉庫番スペシャル💾,FC💾DS,💾1M,PZL,"￥2,980","￥3,000代",0,-,,,,今林宏行,,,,
1986-08-06,任天堂,メトロイド💾,FC💾DS,💾1M,ACT,"￥2,600","￥2,500代",104,-,,岡田智|山本雅央|加納誠,湯上裕之|傍島やせ|仙石敏男|N.SHIOTANI|M.HOUDAI,坂本賀勇|松岡洋史|清武博二|加納誠,田中宏和,加納誠,横井軍平,
1986-08-27,ロイヤル工業,アイアムアティーチャースーパーマリオのセーター💾,FC💾DS,💾1M,ETC,"￥2,900","￥3,000代",0,-,,,,,,,,
1986-09-19,ポニーキャニオン,子猫物語💾,FC💾DS,💾1M,ACT,"￥2,900","￥3,000代",0,-,,,,,坂本龍一,畑正憲,,
1986-09-26,ロイヤル工業,アイアムアティーチャー手あみのきそ💾,FC💾DS,💾1M,ETC,"￥2,900","￥3,000代",0,-,,,,,,,,
1986-09-26,コナミ,悪魔城ドラキュラ💾,FC💾DS,💾1M,ACT,"￥2,980","￥3,000代",0,34,,赤松仁司,岡出光弘,戸隠のりやす,山下絹代|寺島里恵,,永田昭彦,
1986-10-13,河田,Othello(オセロ)💾,FC💾DS,💾512K,TBL,"￥2,980","￥3,000代",0,-,,,,,中西ゆういちろう,鈴木光司|久保幸湖|谷井美佳|中村真夕,山崎宏太(朝日放送テレビ)|南雄大(朝日放送テレビ)|齋藤浩司(ヒューマックスシネマ)|若山佑介(ヒューマックスシネマ)|山口誠(47style),
1986-10-21,任天堂,プロレス💾,FC💾DS,💾512K,SPT,"￥2,500","￥2,500代",142,30,,,,,,,,
1986-11-06,イマジニア,銀河伝承galaxyodyssey💾,FC💾DS,💾1M,ARPG,"￥5,000","￥5,000代",0,-,,,,,,,,
1986-11-19,HAL研究所,ガルフォース💾,FC💾DS,💾1M,SHT,"￥2,980","￥3,000代",0,-,,,,,,,,
1986-11-20,サンソフト,デット・ゾーン💾,FC💾DS,💾1M,ADV,"￥2,980","￥3,000代",0,-,,,こまだよしあき,もりけん,小高直樹,,北角浩一,
1986-11-21,コナミ,もえろツインビーシナモン博士を救え💾,FC💾DS,💾1M,SHT,"￥3,000","￥3,000代",0,-,,,青山和浩|村田司朗,MADAM YANYAN|木下まり,禎清宏,,,
1986-11-28,アイレム,きね子💾,FC💾DS,💾1M,PZL,"￥3,300","￥3,500代",0,33,,,,種子田定登,,,,
1986-11-28,ポニーキャニオン,ザナック💾,FC💾DS,💾512K,SHT,"￥2,900","￥3,000代",0,31,,,,,,,,
1986-12-12,サンソフト,知能ゲームシリーズアディアンの杖💾,FC💾DS,💾1M,ETC,"￥4,900","￥5,000代",0,-,,,,,,,,
1986-12-13,コナミ,謎の壁ブロックくずし💾,FC💾DS,💾1M,TBL,"￥2,980","￥3,000代",0,-,,,松岡伸治|青山和浩,神戸良治|霜出健治|きのしたまり|深沢由美子|難波和宏,前沢秀憲|船橋淳|竹安弘,,,
1986-12-15,スクウェア,水晶の龍💾,FC💾DS,💾1M,ADV,"￥3,400","￥3,500代",0,-,,,,佐藤元,植松伸夫,,,
1986-12-17,ソフトプロ,ブリーダー💾,FC💾DS,💾1M,ACT,"￥2,980","￥3,000代",0,-,,,,,,,,
1986-12-19,ジャレコ,ナイト・ロアー魔城の狼男💾,FC💾DS,💾1M,ACT,"￥3,200","￥3,000代",0,-,,,クリス・スタンパー|ジョン・ラスバリー,クリス・スタンパー|ティム・スタンパー|ティム・スタンパー|キャロル・スタンパー,,,,
1986-12-19,任天堂,光神話パルテナの鏡💾,FC💾DS,💾1M,ACT,"￥2,600","￥2,500代",109,-,,岡田智,BAN BAN|YOSHIKAWA|TOGAWA,大澤徹|松岡洋史|加納誠,田中宏和,大澤徹,横井軍平,
1986-12-19,スクウェア,魔洞戦記ディープダンジョン💾,FC💾DS,💾1M,RPG,"￥3,400","￥3,500代",0,-,,,,,,,,
1986-12-20,イマジニア,消えたプリンセス💾,FC💾DS,💾1M,ADV,"￥5,000","￥5,000代",0,-,,,堀本幸男,堀本れい子,やじろべえつの,デーモン飯田橋,デーモン飯田橋,
1986-12-25,アスキー,プロフェッショナル麻雀悟空💾,FC💾DS,💾1M,TBL,"￥2,980","￥3,000代",0,-,,,,,,,,
1986-12-26,コトブキシステム,エレクトシャン💾,FC💾DS,💾1M,ACT,"￥2,980","￥3,000代",0,-,,,,,,,,
1987-01-14,任天堂,リンクの冒険💾,FC💾DS,💾1M,ARPG,"￥2,600","￥2,500代",161,36,,杉山直|山村康久,森田和明|西山達夫|笠松栄弘|西田泰也|中郷俊彦,清水一伸,中塚章人,,山内溥|宮本茂,
1987-01-29,バンダイ,ウルトラマン怪獣帝国の逆襲💾,FC💾DS,💾1M,ACT,"￥3,300","￥3,500代",0,-,,,,,,,,
1987-01-29,HAL研究所,エッガーランド💾,FC💾DS,💾1M,PZL,"￥2,900","￥3,000代",0,-,,,,,,,,
1987-02-06,サンソフト,ナゾラーランド増刊号💾,FC💾DS,💾1M,ETC,"￥2,980","￥3,000代",0,-,,,,,,,,
1987-02-15,アイレム,きね子2💾,FC💾DS,💾1M,PZL,￥500,￥500代,0,-,,,,種子田定登,,,,
1987-02-20,コナミ,エスパードリーム💾,FC💾DS,💾1M,ARPG,"￥2,980","￥3,000代",0,-,,,きたもとしんじ|岸和田聡,風仁美|PRETTY MIYUKI,山下絹代,,,
1987-02-21,任天堂,ゴルフJAPANコース💾,FC💾DS,💾1M,SPT,"￥3,500","￥3,500代",74,-,,,,,,,,
1987-03-03,サンソフト,メルヘンヴェール💾,FC💾DS,💾1M,ARPG,"￥3,200","￥3,000代",0,-,,佐藤浩一,堀本幸男,堀本幸男|いしいたつや|いしいみゆき,佐藤浩一,,,
1987-03-05,アイレム,スーパーロードランナー💾,FC💾DS,💾1M,ACT,"￥3,100","￥3,000代",0,-,,,,,,,,
1987-03-12,スクウェア,とびだせ大作戦💾,FC💾DS,💾1M,ACT,"￥3,400","￥3,500代",0,-,,,ナーシャ・ジベリ,坂口博信,植松伸夫,,,
1987-03-27,ポニーキャニオン,ウインターゲームズ💾,FC💾DS,💾1M,SPT,"￥2,900","￥3,000代",0,-,,,,,,,,
1987-03-27,アスキー,オトッキー💾,FC💾DS,💾1M,SHT,"￥3,500","￥3,500代",0,-,,,デジタルエンタテインメント,岩井俊雄,,,,
1987-03-27,サンソフト,知能ゲームシリーズ2スーパーボーイアラン💾,FC💾DS,💾1M,ETC,"￥4,900","￥5,000代",0,-,,,,,,,,
1987-03-27,サンソフト,知能ゲームシリーズ3地底大陸オルドーラ💾,FC💾DS,💾1M,ETC,"￥4,900","￥5,000代",0,-,,,,,,,,
1987-03-28,バンダイ,ダーティペアプロジェクトエデン💾,FC💾DS,💾1M,ACT,"￥3,300","￥3,500代",0,-,,,,,,,,
1987-04-03,スクウェア,アップルタウン物語littlecomputerpeople💾,FC💾DS,💾1M,SLG,"￥3,400","￥3,500代",0,-,,,,,,,,
1987-04-10,コナミ,グリーンベレー💾,FC💾DS,💾1M,SHT,"￥2,980","￥3,000代",0,-,,,,,,,,
1987-04-10,ソフエル,ココナワールド💾,FC💾DS,💾1M,ACT,"￥2,980","￥3,000代",0,-,,ほりまさと,H.KUMATANI|もとむらいえのり|たけちまさみつ,なかがわおさむ,どいこうじ|Y.TSUJI|村井俊夫,K.INAMI,ひさとみけんじ,
1987-04-10,ボースティック,レリクス暗黒要塞💾,FC💾DS,💾1M,ACT,"￥4,200","￥4,000代",0,-,,,,,,,,
1987-04-15,ジャレコ,風雲少林拳💾,FC💾DS,💾1M,ACT,"￥3,200","￥3,000代",0,-,,,,,,,,
1987-04-24,コナミ,愛戦士ニコル💾,FC💾DS,💾1M,ARPG,"￥2,980","￥3,000代",0,-,,,,,コナミ矩形波倶楽部,,,
1987-04-24,データイースト,探偵神宮寺三郎新宿中央公園殺人事件💾,FC💾DS,💾1M,ADV,"￥3,300","￥3,500代",0,-,,,,,,,,
1987-05-01,バンダイ,キン肉マンキン肉星王位争奪戦💾,FC💾DS,💾1M,ACT,"￥3,300","￥3,500代",0,-,,,,増田雅人,,,,
1987-05-01,スクウェア,ハオ君の不思議な旅💾,FC💾DS,💾1M,ACT,"￥3,400","￥3,500代",0,-,,,長谷川浩|草津きよし,,平野洋一郎|草津きよし|カズミ,長谷川浩|草津きよし,,
1987-05-19,イマジニア,聖剣サイコカリバー魔獣の森伝説💾,FC💾DS,💾1M,ARPG,"￥4,900","￥5,000代",0,-,,,,,,,,
1987-05-25,カプコン,セクションZ💾,FC💾DS,💾1M,SHT,"￥2,980","￥3,000代",0,-,,,有馬俊夫,西山隆志,河本圭代,,,
1987-05-25,バンダイ,プロゴルファー猿影のトーナメント💾,FC💾DS,💾1M,SPT,"￥3,300","￥3,500代",0,-,,,,,,,,
1987-05-30,任天堂,スマッシュピンポン💾,FC💾DS,💾512K,SPT,"￥2,500","￥2,500代",0,-,,,AC 井上正廣,,,,,
1987-05-30,コナミ,迷宮寺院ダババ💾,FC💾DS,💾1M,PZL,"￥2,980","￥3,000代",0,31,,,松岡伸治|PUUSAN|OBOCHAN,吉本陽一,坂元信也|寺島里恵|禎清宏,,,
1987-05-30,スクウェア,勇士の紋章ディープダンジョン💾,FC💾DS,💾1M,RPG,"￥3,400","￥3,500代",0,-,,,,,,,,
1987-06-02,イーストキューブ,リフレクトワールド💾,FC💾DS,💾1M,S-RPG,"￥3,200","￥3,000代",0,-,,,,,,,,
1987-06-12,サンソフト,ナゾラーランド第2号💾,FC💾DS,💾1M,ETC,"￥2,980","￥3,000代",0,-,,,,,,,,
1987-06-14,任天堂,ゴルフUSコース💾,FC💾DS,💾1M,SPT,"￥3,500","￥3,500代",56,-,,,,,,,,
1987-06-19,ポニーキャニオン,ドクター・カオス地獄の扉💾,FC💾DS,💾1M,ACT,"￥2,900","￥3,000代",0,-,,,,,,,,
1987-06-19,スコーピオンソフト,マイケルEnglish大冒険💾,FC💾DS,💾1M,ETC,"￥2,980","￥3,000代",0,-,,,,,,,,
1987-06-26,コナミ,エキサイティングビリヤード💾,FC💾DS,💾1M,SPT,"￥2,980","￥3,000代",0,32,,,山田善朗,三品善徳|TATEIWA,藤尾敦,,,
1987-07-03,スクウェア,磁界少年メットマグDOGからの挑戦状💾,FC💾DS,💾1M,ACT,"￥3,400","￥3,500代",0,-,,,,,,,,
1987-07-10,フジテレビ,夢工場ドキドキパニック💾,FC💾DS,💾1M,ACT,"￥2,600","￥2,500代",0,31,,田邊賢輔,中郷俊彦|竹谷康範|岩脇敏夫|森田和明|TOMICHAN|笠松栄弘|N.AKIIRA|西山達夫,杉山直|フジテレビ,近藤浩治,,宮本茂,
1987-07-24,コナミ,エキサイティングバスケット💾,FC💾DS,💾1M,SPT,"￥2,980","￥3,000代",0,-,,,,,,,,
1987-07-24,スクウェア,クレオパトラの魔宝💾,FC💾DS,💾1M,RPG,"￥3,300","￥3,500代",0,-,,田中弘道,SUMI|T.IMAI,中田浩美|伊藤博美|たなかりょうこ|みうらまさあき|時田貴司|星野雅紀,植松伸夫,雪ノ浦美樹|ほしののぶゆき,,
1987-07-24,学習研究社,タイタニックミステリー蒼の戦慄💾,FC💾DS,💾1M,ADV,"￥3,200","￥3,000代",0,-,,,,,,,,
1987-07-31,ジャレコ,モンティのドキドキ大脱走💾,FC💾DS,💾1M,ACT,"￥3,200","￥3,000代",0,-,,,,,,,,
1987-08-01,アイレム,スーパーロードランナーⅡ💾,FC💾DS,💾1M,ACT,￥500,￥500代,0,-,,,,,,,,
1987-08-03,アイレム,麻雀家族💾,FC💾DS,💾1M,TBL,"￥3,300","￥3,500代",0,-,,,,,,,,
1987-08-11,コナミ,アルマナの奇跡💾,FC💾DS,💾1M,ACT,"￥2,980","￥3,000代",0,-,,,,,山下絹代,,,
1987-08-12,BPS,囲碁九路盤対局💾,FC💾DS,💾1M,TBL,"￥3,500","￥3,500代",0,33,,,,,,,,
1987-08-28,コナミ,ドラキュラⅡ呪いの封印💾,FC💾DS,💾1M,ACT,"￥2,980","￥3,000代",0,-,,赤松仁司,松岡伸浩|桑原やすお,戸隠のりやす,松原健一|寺島里恵|村田幸史,,,
1987-08-28,タカラ,トランスフォーマーザ・ヘッドマスターズ💾,FC💾DS,💾1M,ACT,"￥3,300","￥3,500代",0,-,,佐々木勝利,,まがみばん,石田勝範,金田益実,,
1987-08-28,タイトー,奇々怪界怒涛編💾,FC💾DS,💾1M,ACT,"￥3,800","￥4,000代",0,-,,,,,,,,
1987-09-04,任天堂,ふぁみこんむかし話新・鬼ヶ島(前編)💾,FC💾DS,💾2M,ADV,"￥2,600","￥2,500代",0,30,,,,,,,,
1987-09-30,任天堂,ふぁみこんむかし話新・鬼ヶ島(後編)💾,FC💾DS,💾2M,ADV,"￥2,500","￥2,500代",0,-,,,,,,,,
1987-10-02,スクウェア,カリーンの剣💾,FC💾DS,💾1M,ARPG,"￥3,300","￥3,500代",0,-,,,,,,,,
1987-10-02,ソフトプロ,パルサーの光💾,FC💾DS,💾1M,SHT,"￥2,980","￥3,000代",0,-,,,,,,,,
1987-10-09,ボースティック,トップルジップ💾,FC💾DS,💾1M,SHT,"￥4,200","￥4,000代",0,-,,,,,,,,
1987-10-21,コナミ,ファルシオン💾,FC💾DS,💾1M,SHT,"￥2,980","￥3,000代",0,-,,,,,,,,
1987-10-23,アイレム,妖怪屋敷💾,FC💾DS,💾1M,ACT,"￥3,100","￥3,000代",0,-,,,,,,,,
1987-10-30,タイトー,バブルボブル💾,FC💾DS,💾1M,ACT,"￥3,500","￥3,500代",0,-,,,藤末一郎|NISHIYORI,三辻富貴朗,君島正,,,
1987-10-30,任天堂,ファミコングランプリF1レース💾,FC💾DS,💾1M,RCG,"￥3,500","￥3,500代",0,-,,,,,,,,
1987-10-30,トンキンハウス,ファミリーコンポーザー💾,FC💾DS,💾1M,ETC,"￥2,980","￥3,000代",0,-,,,,,,,,
1987-11-13,ポニーキャニオン,谷川浩司の将棋指南Ⅱ名人への道💾,FC💾DS,💾1M,TBL,"￥3,000","￥3,000代",0,-,,,,,,,,
1987-11-20,バップ,キックチャレンジャーエアフット野菜の国の足戦士💾,FC💾DS,💾1M,ACT,"￥3,300","￥3,500代",0,-,,,,,,,,
1987-11-20,バンダイ,SDガンダムワールドガチャポン戦士スクランブルウォーズ💾,FC💾DS,💾1M,SLG,"￥3,300","￥3,500代",0,-,,,,,,,,
1987-12-01,任天堂,アイドルホットライン中山美穂のトキメキハイスクール💾,FC💾DS,💾1M,ADV,"￥3,500","￥3,500代",0,-,,,,,,,,
1987-12-04,データイースト,サンタクロースの宝箱💾,FC💾DS,💾1M,ETC,"￥3,300","￥3,500代",0,-,,,,,,,,
1987-12-04,コナミ,ドレミッコ💾,FC💾DS,💾1M,ETC,"￥8,980","￥9,000代",0,-,,,,,,,,
1987-12-08,コナミ,エキサイティングベースボール💾,FC💾DS,💾1M,SPT,"￥2,980","￥3,000代",0,-,,,,,,,,
1987-12-12,ソフエル,極楽遊戯(げーむてんごく)💾,FC💾DS,💾1M,ETC,"￥3,300","￥3,500代",0,-,,,,,,,,
1987-12-18,バンダイ,ウルトラマン2出撃科特隊💾,FC💾DS,💾1M,ACT,"￥3,300","￥3,500代",0,-,,,,,,,,
1987-12-18,サンソフト,ナゾラーランドスペシャルクイズ王を探せ💾,FC💾DS,💾1M,ETC,"￥2,980","￥3,000代",0,-,,,,,,,,
1988-01-21,任天堂,アイスホッケー💾,FC💾DS,💾512K,SPT,"￥2,500","￥2,500代",0,-,,,,,,,,
1988-01-27,カプコン,ガンスモーク💾,FC💾DS,💾1M,SHT,"￥3,300","￥3,500代",0,-,,,青木隆,岡本吉起|岡本吉起|船水紀孝|倉本幸代,森安也子,,,
1988-02-01,HAL研究所,ファイヤーバム💾,FC💾DS,💾1M,ARPG,"￥3,300","￥3,500代",0,-,,PIKIO MIDORIKAWA,向井忠,PIKIO MIDORIKAWA|☆よしみる,金指英樹,,河副純一郎,
1988-02-16,コナミ,エキサイティングサッカー💾,FC💾DS,💾1M,SPT,"￥3,300","￥3,500代",0,-,,,,,,,,
1988-02-26,タイトー,レプリカート💾,FC💾DS,💾1M,ACT,"￥3,500","￥3,500代",0,-,,HIROSHI,WATANABE CYCLING KID|SAKATA NO KINTOKI|MEERKAT,くすもとひろき|くすもとひろき|園田健一,さかたつよし|HIROSHI,,くすもとひろき,
1988-03-03,ジャレコ,ドルイド恐怖の扉💾,FC💾DS,💾1M,ACT,"￥3,200","￥3,000代",0,-,,,,,,,,
1988-03-04,ソフトプロ,19(ヌイーゼン)💾,FC💾DS,💾1M,SHT,"￥2,980","￥3,000代",0,-,,,,,,,,
1988-03-11,コナミ,ツインビー💾,FC💾DS,💾512K,SHT,￥500,￥500代,0,-,,,青山和浩,青山和浩,福武茂|佐々木嘉則,,廣下宏治,
1988-03-11,サンソフト,ナゾラーランド第3号💾,FC💾DS,💾1M,ETC,"￥2,980","￥3,000代",0,-,,,,,,,,
1988-03-25,バンダイ,おもいっきり探偵団覇悪怒組魔天郎の挑戦状💾,FC💾DS,💾1M,ACT,"￥3,300","￥3,500代",0,-,,,,,,,,
1988-03-25,タイトー,ワードナの森💾,FC💾DS,💾1M,ACT,"￥3,300","￥3,500代",0,-,,,和田悦拓,,太田理,,,
1988-03-31,ボースティック,アスピック(ASPIC)魔蛇王の呪い💾,FC💾DS,💾1M,ARPG,"￥3,300","￥3,500代",0,-,,,,,,,,
1988-04-08,任天堂,ドンキーコング💾,FC💾DS,💾512K,ACT,￥500,￥500代,0,-,,宮本茂,駒野目裕久|飯沼実|西田充裕|村田泰裕(AC) |中郷俊彦(FC),宮本茂,兼岡行男,,山内溥|横井軍平(AC)|上村雅之(FC),
1988-04-14,任天堂,3DホットラリーファミコングランプリⅡ💾,FC💾DS,💾1M,RCG,"￥3,500","￥3,500代",0,-,,,MIYA AOKI|岩田聡|菅浩秋|金井誠|清水隆雄|西田泰也,清水一伸|菱田達也,金指英樹|菅浩秋|岡素世,,宮本茂,
1988-04-15,バンダイ,仮面ライダーBLACK対決シャドームーン💾,FC💾DS,💾1M,ACT,"￥3,300","￥3,500代",0,-,,,,,,,,
1988-04-22,コナミ,バイオミラクルぼくってウパ💾,FC💾DS,💾1M,ACT,"￥3,300","￥3,500代",0,-,,,山田善朗|H.EDA|村田司朗|奥田康雄|風仁美,霜出健治|ふなびきひろこ,深見誠一|藤尾敦|中村康三|きのうちかおり|西垣綾子|村田幸史|倉橋裕子,,,
1988-04-22,ジャレコ,風雲少林拳暗黒の魔王💾,FC💾DS,💾1M,ACT,"￥3,200","￥3,000代",0,-,,,,,,,,
1988-04-27,任天堂,ファミコン探偵倶楽部消えた後継者(前編)💾,FC💾DS,💾2M,ADV,"￥2,600","￥2,500代",0,-,,岡田智,ひとし,坂本賀勇|田中哲次,ひろみ,大澤徹|長井正広,横井軍平,
1988-05-02,コナミ,ファイナルコマンドー赤い要塞💾,FC💾DS,💾1M,SHT,"￥3,300","￥3,500代",0,-,,,辻本英之|岡崎博道,中村健吾,田坂真二,,廣下宏治,
1988-05-14,コナミ,グーニーズ💾,FC💾DS,💾512K,ACT,￥500,￥500代,0,-,,,,,デイヴ・グルーシン,クリス・コロンバス,,
1988-06-14,任天堂,ファミコン探偵倶楽部消えた後継者(後編)💾,FC💾DS,💾2M,ADV,"￥2,600","￥2,500代",0,-,,岡田智,ひとし,坂本賀勇|田中哲次,ひろみ,大澤徹|長井正広,横井軍平,
1988-06-20,ユース,ファイヤーロック💾,FC💾DS,💾1M,ACT,"￥3,400","￥3,500代",0,-,,,,,,,,
1988-06-21,コナミ,リサの妖精伝説💾,FC💾DS,💾1M,ADV,"￥3,500","￥3,500代",0,-,,,松岡伸浩|村田司朗,霜出健治,坂元信也|前沢秀憲|藤尾敦|禎清宏|村田司朗|森本ゆきえ|山根ミチル,すみじぃーひろみ,,
1988-07-12,スクウェア,ムーンボールマジック💾,FC💾DS,💾1M,ETC,￥500,￥500代,0,-,,たかさきかずゆき,マーク・フリント,牧野紀夫,佐藤浩一,たかさきかずゆき,たかさきかずゆき,
1988-07-12,スクウェア,亜空戦記ライジン💾,FC💾DS,💾1M,A-STH,￥500,￥500代,0,-,,,かわかみようじ,加藤雅史|加藤雅史|いまいゆき,,,,
1988-07-19,東映動画,遠山の金さんすぺえす帆Mr.GOLD💾,FC💾DS,💾1M,ADV,"￥3,400","￥3,500代",0,-,,,,,,,,
1988-07-19,任天堂,ドンキーコングJr💾,FC💾DS,💾512K,ACT,￥500,￥500代,0,-,,,緒方旗生(AC)|中郷俊彦(FC),宮本茂|宮本茂|坂本賀勇,兼岡行男,,横井軍平|岡田智(AC)|上村雅之(FC)|山内溥,
1988-07-22,データイースト,カラテチャンプ(KARATECHAMP)💾,FC💾DS,💾1M,ACT,"￥3,300","￥3,500代",0,-,,,,,,,,
1988-07-22,コナミ,コナミックアイスホッケー💾,FC💾DS,💾1M,SPT,"￥3,300","￥3,500代",0,-,,,,,,,,
1988-07-29,ジャレコ,らじかるぼんばー地雷くん💾,FC💾DS,💾1M,ETC,"￥3,200","￥3,000代",0,-,,,,,,,,
1988-08-05,ソフトプロ,爆闘士パットンくん💾,FC💾DS,💾1M,ACT,"￥2,980","￥3,000代",0,-,,,,,,,,
1988-08-10,パック・イン・ビデオ,シルヴィアーナ愛いっぱいの冒険者💾,FC💾DS,💾1M,RPG,"￥3,500","￥3,500代",0,-,,,,,,,,
1988-08-10,ポニーキャニオン,谷川浩司の将棋指南Ⅱ新版つめ将棋次の一手💾,FC💾DS,💾512K,TBL,￥500,￥500代,0,-,,,,,,,,
1988-08-10,ジャレコ,ビッグチャレンジ!柔道選手権💾,FC💾DS,💾1M,SPT,"￥3,200","￥3,000代",0,-,,,,,,,,
1988-08-19,コナミ,コナミックテニス💾,FC💾DS,💾1M,SPT,"￥3,300","￥3,500代",0,-,,,,,,,,
1988-08-20,HAL研究所,エッガーランド創造への旅立ち💾,FC💾DS,💾1M,PZL,￥500,￥500代,0,-,,,,,,,,
1988-09-02,ポニーキャニオン,魔塔の崩壊💾,FC💾DS,💾1M,ACT,"￥3,000","￥3,000代",0,-,,,,,,,,
1988-09-13,タイトー,キック＆ラン💾,FC💾DS,💾1M,SPT,"￥3,300","￥3,500代",0,-,,,,,,,,
1988-10-04,東芝EMI,パチコン💾,FC💾DS,💾512K,ETC,￥500,￥500代,0,-,,,,,,,,
1988-10-21,ポニーキャニオン,ダンディーゼウオンの復活💾,FC💾DS,💾1M,RPG,"￥3,000","￥3,000代",0,-,,,,,,,,
1988-10-21,ジャレコ,ビッグチャレンジ!ドッグファイトスピリッツ💾,FC💾DS,💾1M,SHT,"￥3,200","￥3,000代",0,-,,,,,,,,
1988-10-22,バンダイ,ウルトラマン倶楽部地球奪還作戦💾,FC💾DS,💾1M,RPG,"￥3,300","￥3,500代",0,-,,,,,,,,
1988-10-28,タイトー,遊メイズ💾,FC💾DS,💾1M,ETC,"￥3,300","￥3,500代",0,-,,,,,高木正彦,,,
1988-11-15,カプコン,サムライソード💾,FC💾DS,💾1M,ADV,"￥3,300","￥3,500代",0,-,,,有馬俊夫|吉田幸司,,下村陽子,,,
1988-11-18,任天堂,アイスクライマー💾,FC💾DS,💾512K,ACT,￥500,￥500代,0,-,,三木研次,森田和明|中郷俊彦,宮本茂|杉山直,中塚章人,,山内溥|上村雅之,
1988-11-18,コナミ,ジャイラス💾,FC💾DS,💾1M,SHT,"￥3,300","￥3,500代",0,-,,,有馬俊夫|大山秀樹,岡本吉起|岡本吉起,井上正廣,,,
1988-11-18,データイースト,パチンコGP(グランプリ)💾,FC💾DS,💾1M,ETC,"￥3,300","￥3,500代",0,-,,,,,,,,
1988-11-29,バンダイ,じゃあまん探偵団魔隣組丸秘ジゴマ捜査ファイル💾,FC💾DS,💾1M,ADV,"￥3,300","￥3,500代",0,-,,,,,,,,
1988-11-30,任天堂,帰ってきたマリオブラザーズ💾,FC💾DS,💾1M,ACT,￥400,￥500代,0,-,,,,宮本茂,兼岡行男,,山内溥|横井軍平,
1988-12-09,任天堂,VSエキサイトバイク💾,FC💾DS,💾1M,RCG,"￥2,500","￥2,500代",0,-,,宮本茂,中郷俊彦,前田実|手塚卓志,中塚章人,,山内溥|宮本茂,
1988-12-09,サンソフト,なんきんのアドベンチャー💾,FC💾DS,💾1M,ADV,"￥3,200","￥3,000代",0,-,,,,,,,,
1988-12-09,データイースト,探偵神宮寺三郎危険な二人(前編)💾,FC💾DS,💾2M,ADV,"￥3,300","￥3,500代",0,-,,,,,,,,
1988-12-23,スコーピオンソフト,タロット占い💾,FC💾DS,💾1M,ETC,"￥2,980","￥3,000代",0,-,,,,,,,,
1989-01-14,タイトー,ハレーウォーズ💾,FC💾DS,💾1M,SHT,"￥3,500","￥3,500代",0,-,,,,三辻富貴朗,小倉久佳,,,
1989-01-24,バンダイ,機動警察パトレイバー第2小隊出動せよ!💾,FC💾DS,💾1M,ACT,"￥3,300","￥3,500代",0,-,,,,,,,,
1989-02-03,任天堂,レッキングクルー💾,FC💾DS,💾512K,ACT,￥500,￥500代,0,-,,岡田智,中村俊之|TOMOYO-chan|YASE SOBAJIMA|AKINA-chan,坂本賀勇|坂本賀勇|加納誠,田中宏和,,山内溥|横井軍平,
1989-02-10,データイースト,探偵神宮寺三郎危険な二人(後編)💾,FC💾DS,💾2M,ADV,"￥3,300","￥3,500代",0,-,,,,,,,,
1989-02-16,コトブキシステム,ロジャーラビット💾,FC💾DS,💾1M,PZL,"￥3,500","￥3,500代",0,-,,,,,アラン・シルヴェストリ,ゲイリー・K・ウルフ(英語版),,
1989-02-23,バンダイ,タマ＆フレンズ3丁目大冒険💾,FC💾DS,💾1M,ACT,"￥3,300","￥3,500代",0,-,,,,,,,,
1989-03-03,バンダイ,SDガンダムワールドガチャポン戦士スクランブルウォーズマップコレクション💾,FC💾DS,💾1M,SLG,￥500,￥500代,0,-,,,,,,,,
1989-03-20,ポニーキャニオン,光GENJIローラーパニック💾,FC💾DS,💾1M,ADV,"￥3,200","￥3,000代",0,-,,,,,澤和雄,,,
1989-03-28,ジャレコ,ビッグチャレンジ!ガンファイター💾,FC💾DS,💾1M,SHT,"￥3,200","￥3,000代",0,-,,,,,,,,
1989-04-28,ソフトプロ,フェアリーテイル💾,FC💾DS,💾1M,RPG,"￥3,200","￥3,000代",0,-,,,,,,,,
1989-05-19,パック・イン・ビデオ,パット・パット・ゴルフ💾,FC💾DS,💾1M,SPT,"￥3,500","￥3,500代",0,-,,,,,,,,
1989-05-23,任天堂,ファミコン探偵倶楽部Ⅱうしろに立つ少女(前編)💾,FC💾DS,💾2M,ADV,"￥2,600","￥2,500代",0,-,,,,,,,,
1989-05-30,任天堂,ピンボール💾,FC💾DS,💾512K,ETC,￥500,￥500代,0,-,,,,,,,,
1989-06-23,ジャレコ,ビッグチャレンジ!GOGOボーリング💾,FC💾DS,💾1M,SPT,"￥3,200","￥3,000代",0,-,,,,,,,,
1989-06-30,任天堂,ファミコン探偵倶楽部Ⅱうしろに立つ少女(後編)💾,FC💾DS,💾2M,ADV,"￥2,600","￥2,500代",0,-,,,,,,,,
1989-08-11,徳間書店,マグマプロジェクトハッカー💾,FC💾DS,💾1M,RPG,"￥3,500","￥3,500代",0,-,,,,,,,,
1989-09-23,データイースト,バーガータイム💾,FC💾DS,💾512K,ACT,￥500,￥500代,0,-,,,,,,,,
1989-10-14,任天堂,遊遊記ふぁみこんむかし話(前編)💾,FC💾DS,💾2M,ADV,"￥2,600","￥2,500代",0,-,,,,,,,,
1989-10-20,パック・イン・ビデオ,かっとび!童児💾,FC💾DS,💾1M,SPT,"￥3,500","￥3,500代",0,-,,,,,,,,
1989-11-14,任天堂,遊遊記ふぁみこんむかし話(後編)💾,FC💾DS,💾2M,ADV,"￥2,600","￥2,500代",0,-,,,,,,,,
1989-11-24,アテナ,LUTTER(リュッター)💾,FC💾DS,💾1M,ARPG,￥500,￥500代,0,-,,,,,,,,
1990-03-23,徳間書店,香港💾,FC💾DS,💾512K,TBL,"￥2,980","￥3,000代",0,-,,,,,,,,
1990-04-24,ハドソン,ボンバーマン💾,FC💾DS,💾512K,ACT,￥500,￥500代,0,-,,,,,,,,
1990-05-18,ナムコ,ゼビウス💾,FC💾DS,💾512K,SHT,￥500,￥500代,0,-,,,遠藤雅伸|深谷正一|小島伸一,遠藤雅伸|池上正寿|佐藤誠市|岡本進一郎|遠山茂樹|遠藤雅伸|小野浩|山下正,慶野由利子,,,
1990-05-18,ナムコ,パックマン💾,FC💾DS,💾512K,ACT,￥500,￥500代,0,-,,,舟木茂雄,岩谷徹|山下正,石村繁一|甲斐敏夫,,,
1990-06-05,任天堂,ナイトムーブ💾,FC💾DS,💾512K,PZL,"￥2,600","￥2,500代",0,-,,,,アレクセイ・パジトノフ,田中宏和,,,
1990-06-22,ナムコ,ギャラガ💾,FC💾DS,💾512K,SHT,￥500,￥500代,0,-,,,小川徹,横山茂,大野木宜幸,,,
1990-07-20,ナムコ,ギャラクシアン💾,FC💾DS,💾512K,SHT,￥500,￥500代,0,-,,,田城幸一,澤野和則(企画)|石村繁一(基板設計)|山下正|中馬義明|小野浩,石村繁一|安江正樹|甲斐敏夫,,,
1990-07-20,ナムコ,ディグダグ💾,FC💾DS,💾512K,ACT,￥500,￥500代,0,-,,,さかいとしお|深谷正一,池上まさとし,慶野由利子,,,
1990-08-31,ナムコ,ディグダグⅡ💾,FC💾DS,💾512K,ACT,￥500,￥500代,0,-,,,,,慶野由利子|小沢純子,,,
1990-09-07,任天堂,バックギャモン💾,FC💾DS,💾512K,PZL,"￥2,600","￥2,500代",0,-,,,,,,,,
1990-10-19,徳間書店,パニックスペース💾,FC💾DS,💾1M,PZL,￥500,￥500代,0,-,,,,,,,,
1990-11-16,アトラス,パズルボーイズ💾,FC💾DS,💾1M,PZL,￥500,￥500代,0,-,,,,,増子司,,,
1990-12-07,ヒロ,石道(isido)💾,FC💾DS,💾1M,PZL,￥500,￥500代,0,-,,,,,,,,
1991-01-25,テクモ,ソロモンの鍵💾,FC💾DS,💾512K,ACT,￥500,￥500代,0,-,,,,,,,,
1991-02-22,徳間書店,オール1ファミマガDiskVol.3💾,FC💾DS,💾512K,PZL,￥500,￥500代,0,-,,,,,,,,
1991-04-19,徳間書店,クロックス💾,FC💾DS,💾512K,PZL,￥500,￥500代,0,-,,,,,,,,
1991-07-26,任天堂,タイムツイスト(前編)💾,FC💾DS,💾2M,ADV,"￥2,600","￥2,500代",0,-,,,,,,,,
1991-07-26,任天堂,タイムツイスト(後編)💾,FC💾DS,💾2M,ADV,"￥2,600","￥2,500代",0,-,,,,,,,,
1991-10-25,徳間書店,ぷよぷよ💾,FC💾DS,💾1M,PZL,￥500,￥500代,0,-,,,,,,,,
1992-04-28,任天堂,クルクルランド💾,FC💾DS,💾512K,PZL,￥500,￥500代,0,-,,,,加納誠|加納誠|清武博二,中塚章人,,山内博|横井軍平,
1992-12-22,徳間書店,じゃんけんディスク城💾,FC💾DS,💾1M,PZL,￥500,￥500代,0,-,,,,,,,,
