発売日,メーカー,タイトル,⭐クロスレビュー(評価),容量(bit),ジャンル,価格,価格帯,売り上げ本数,ハード,👥クリエイターズ,👨‍💼ディレクター,👨‍💻プログラマー,🎨デザイナー/美術,🎵音楽,📝シナリオ,💼プロデューサー,カセットカラー,ラベル,「対戦」といえば？,「ハイスコア」といえば？,「クリアできなかった」といえば？,
1983-07-15,任天堂,ドンキーコング,-,1,ACT,"￥4,500","￥4,500代",88,1,,宮本茂,駒野目裕久|飯沼実|西田充裕|村田泰裕(AC) |中郷俊彦(FC),宮本茂,兼岡行男,,山内溥|横井軍平(AC)|上村雅之(FC),🟥赤,AC移植,-,19位,-,
1983-07-15,任天堂,ドンキーコングJr.,-,1,ACT,"￥4,500","￥4,500代",0,1,,,緒方旗生(AC)|中郷俊彦(FC),宮本茂|宮本茂|坂本賀勇,兼岡行男,,横井軍平|岡田智(AC)|上村雅之(FC)|山内溥,⬜白,AC移植,-,-,-,
1983-07-15,任天堂,ポパイ,-,1,ACT,"￥4,500","￥4,500代",0,1,,,,,,,,-,-,-,-,-,
1983-08-27,任天堂,五目ならべ連珠,-,1,TBL,"￥4,500","￥4,500代",0,1,,,,,兼岡行男,,,◾黒,-,-,-,-,
1983-08-27,任天堂,麻雀,-,1,TBL,"￥4,500","￥4,500代",213,1,,,,,,,,-,-,-,-,-,
1983-09-09,任天堂,マリオブラザーズ,-,1,ACT,"￥4,500","￥4,500代",163,1,,,,宮本茂,兼岡行男,,山内溥|横井軍平,🟨黄,対戦+AC移植,01位,10位,-,
1983-11-22,任天堂,ポパイの英語遊び,-,1,ETC,"￥4,500","￥4,500代",0,1,,,,,,,宮本茂,-,-,-,-,-,
1983-12-07,任天堂,ベースボール,-,1,SPT,"￥4,500","￥4,500代",235,1,,,,,,,,🟦青,対戦,12位,-,-,
1983-12-12,任天堂,ドンキーコングJr.の算数遊び,-,1,ETC,"￥4,500","￥4,500代",0,1,,,中郷俊彦,宮本茂,兼岡行男,,山内溥|上村雅之,-,-,-,-,-,
1984-01-14,任天堂,テニス,-,1,SPT,"￥4,500","￥4,500代",156,1,,,,,,,,-,対戦,16位,-,-,
1984-02-02,任天堂,ピンボール,-,1,TBL,"￥4,500","￥4,500代",0,1,,,,,,,,🟨黄,-,-,08位,-,
1984-02-18,任天堂,ワイルドガンマン,-,1,SHT,"￥4,500","￥4,500代",0,1,,,,,,,,-,-,-,-,-,
1984-04-21,任天堂,ダックハント,-,1,SHT,"￥4,500","￥4,500代",0,1,,,,清武博二,田中宏和,,横井軍平,-,-,-,-,-,
1984-05-01,任天堂,ゴルフ,-,1,SPT,"￥4,500","￥4,500代",246,1,,,,,,,,🟦青,-,-,-,-,
1984-06-12,任天堂,ホーガンズアレイ,-,1,SHT,"￥4,500","￥4,500代",0,1,,,,,,,,-,-,-,-,-,
1984-06-21,任天堂,ファミリーベーシック,-,2,ETC,"￥14,800","￥15,000代",0,1,,,,,,,,-,-,-,-,-,
1984-07-04,任天堂,ドンキーコング3,-,1,SHT,"￥4,500","￥4,500代",0,1,,,,宮本茂|宮本茂|坂本賀勇,田中宏和,,山内博(エグゼクティブ・プロデューサー)|横井軍平|岡田智,🟥赤,-,-,-,-,
1984-07-28,ハドソン,ナッツ＆ミルク,-,1,ACT,"￥4,500","￥4,500代",0,1,,,菊田昌昭|野沢勝広,菊田昌昭,,,,🟦青,-,-,-,-,
1984-07-31,ハドソン,ロードランナー,-,1,PZL,"￥4,500","￥4,500代",110,1,,,,ダグラス・E・スミス,,,,🟨黄,PC移植,-,-,-,
1984-09-07,ナムコ,ギャラクシアン,-,1,SHT,"￥4,500","￥4,500代",0,1,,,田城幸一,澤野和則(企画)|石村繁一(基板設計)|山下正|中馬義明|小野浩,石村繁一|安江正樹|甲斐敏夫,,,-,AC移植,-,-,-,
1984-10-05,任天堂,デビルワールド,-,1,ACT,"￥4,500","￥4,500代",0,1,,宮本茂,湯上裕之,手塚卓志,中塚章人|近藤浩治,,山内溥(エグゼクティブ・プロデューサー)|宮本茂,🟦青,-,-,-,-,
1984-11-02,任天堂,4人打ち麻雀,-,1,TBL,"￥4,500","￥4,500代",145,1,,,,,,,,-,-,-,-,-,
1984-11-02,任天堂,F1レース,-,1,RCG,"￥4,500","￥4,500代",152,1,,,,,,,,-,-,-,-,-,
1984-11-02,ナムコ,パックマン,-,1,ACT,"￥4,500","￥4,500代",0,1,,,舟木茂雄,岩谷徹|山下正,石村繁一|甲斐敏夫,,,-,AC移植,-,18位,-,
1984-11-08,ナムコ,ゼビウス,-,2,SHT,"￥4,900","￥5,000代",127,1,,,遠藤雅伸|深谷正一|小島伸一,遠藤雅伸|池上正寿|佐藤誠市|岡本進一郎|遠山茂樹|遠藤雅伸|小野浩|山下正,慶野由利子,,,◾黒,AC移植,-,03位,-,
1984-11-14,任天堂,アーバンチャンピオン,-,1,ACT,"￥4,500","￥4,500代",0,1,,,,加納誠,田中宏和,,山内博(エグゼクティブ・プロデューサー)|横井軍平,🟦青,対戦,05位,-,-,
1984-11-14,ナムコ,マッピー,-,1,ACT,"￥4,500","￥4,500代",0,1,,,大野木宜幸|黒須一雄,佐藤英治(企画)|佐藤茂(基板設計)|小野浩(ドットデザイン),大野木宜幸,,,-,-,-,-,-,
1984-11-22,任天堂,クルクルランド,-,1,PZL,"￥4,500","￥4,500代",0,1,,,,加納誠|加納誠|清武博二,中塚章人,,山内博(エグゼクティブ・プロデューサー)|横井軍平,-,-,-,-,-,
1984-11-30,任天堂,エキサイトバイク,-,1,RCG,"￥5,500","￥5,500代",157,1,,宮本茂,中郷俊彦,前田実|手塚卓志,中塚章人,,山内溥|宮本茂,🟥赤,-,-,-,-,
1985-01-22,任天堂,バルーンファイト,-,1,ACT,"￥4,500","￥4,500代",0,1,,,中郷俊彦| 副島康成(AC)|岩田聡(FC),坂本賀勇,田中宏和,,山内溥|横井軍平,⬜白,対戦,07位,11位,-,
1985-01-30,任天堂,アイスクライマー,-,1,ACT,"￥4,500","￥4,500代",100,1,,三木研次,森田和明|中郷俊彦,宮本茂|杉山直,中塚章人,,山内溥|上村雅之,🟦青,対戦,06位,19位,-,
1985-02-11,ジャレコ,エクセリオン,-,1,SHT,"￥4,500","￥4,500代",0,1,,,,,,,,-,-,-,-,-,
1985-02-21,任天堂,ファミリーベーシックV3,-,2,ETC,"￥9,800","￥10,000代",0,1,,,,,,,,-,-,-,-,-,
1985-02-22,ハドソン,バンゲリングベイ,-,1,SHT,"￥4,900","￥5,000代",0,1,,,,ウィル・ライト,,,,◾黒,-,-,-,20位,
1985-03-14,ナムコ,ギャラガ,-,1,SHT,"￥4,500","￥4,500代",0,1,,,小川徹,横山茂,大野木宜幸,,,-,AC移植,-,14位,-,
1985-04-04,ジャレコ,フォーメーションZ,-,1,SHT,"￥4,500","￥4,500代",0,1,,,,,渥美徳弘,,,-,AC移植,-,-,-,
1985-04-09,任天堂,サッカー,-,2,SPT,"￥4,900","￥5,000代",153,1,,,,,,,,-,-,-,-,-,
1985-04-17,タイトー,スペースインベーダー,-,1,SHT,"￥4,500","￥4,500代",0,1,,,西角友宏,西角友宏,亀井道行,,,-,AC移植,-,-,-,
1985-04-17,ハドソン,チャンピオンシップロードランナー,-,1,PZL,"￥4,900","￥5,000代",0,1,,,,ダグラス・E・スミス,,,,⬜白,-,-,-,13位,
1985-04-22,コナミ,イーアルカンフー,-,1,ACT,"￥4,500","￥4,500代",0,1,,,,,東野美紀,,,-,対戦+AC移植,14位,-,-,
1985-04-22,コナミ,けっきょく南極大冒険,-,1,ACT,"￥4,500","￥4,500代",0,1,,,,,,,,-,-,-,-,-,
1985-05-10,ジャレコ,忍者くん魔城の冒険,-,1,ACT,"￥4,500","￥4,500代",0,1,,,西澤龍一|藤沢勉,西澤龍一|藤沢勉,,,,-,AC移植,-,-,-,
1985-05-24,タイトー,ちゃっくんぽっぷ,-,1,PZL,"￥4,500","￥4,500代",0,1,,,,,今村善雄,,,-,AC移植,-,-,-,
1985-06-04,ナムコ,ディグダグ,-,1,ACT,"￥4,500","￥4,500代",0,1,,,さかいとしお|深谷正一,池上まさとし,慶野由利子,,,-,AC移植,-,-,-,
1985-06-14,デービーソフト,フラッピー,-,2,PZL,"￥5,500","￥5,500代",0,1,,,,,,,,🟨黄,-,-,-,-,
1985-06-18,任天堂,レッキングクルー,-,2,ACT,"￥5,500","￥5,500代",0,1,,岡田智,中村俊之|TOMOYO-chan|YASE SOBAJIMA|AKINA-chan,坂本賀勇|坂本賀勇|加納誠,田中宏和,,山内溥(エグゼクティブ・プロデューサー)|横井軍平,-,-,-,-,-,
1985-06-21,任天堂,スパルタンX,-,2,ACT,"￥4,900","￥5,000代",142,1,,,,,キース・モリソン,エドワード・タン|ジョニー・リー,,-,AC移植,-,-,-,
1985-06-21,コナミ,ハイパーオリンピック,-,1,SPT,"￥4,500","￥4,500代",0,1,,,森下繁,,福武茂,,石原祥吉,-,AC移植,-,-,-,
1985-06-21,コナミ,ハイパーオリンピック殿様版(限定発売),-,2,SPT,"￥4,500","￥4,500代",0,1,,,,,,,,-,AC移植,-,-,-,
1985-06-25,ハドソン,スターフォース,-,1,SHT,"￥4,900","￥5,000代",0,1,,,,,増子司|坂本慎一(ドライバー・効果音のみ),,,🟦青,AC移植,-,04位,-,
1985-06-28,タイトー,エレベーターアクション,-,2,ACT,"￥4,900","￥5,000代",0,1,,,,,今村善雄,,,-,AC移植,-,-,-,
1985-07-01,ジャレコ,フィールドコンバット,-,1,ACT,"￥4,500","￥4,500代",0,1,,,,,,,,-,AC移植,-,-,-,
1985-07-11,コナミ,ロードファイター,-,1,RCG,"￥4,500","￥4,500代",0,1,,,,,佐々木嘉則,,,-,-,-,-,-,
1985-07-12,ナムコ,ワープマン,-,1,ACT,"￥4,500","￥4,500代",0,1,,,深谷正一|大森田不可止,小野浩,慶野由利子|小沢純子|大野木宜幸,,,-,-,-,-,-,
1985-07-18,アイレム,ジッピーレース,-,1,RCG,"￥4,500","￥4,500代",0,1,,,,,高木一郎,,,-,-,-,-,-,
1985-07-18,エニックス,ドアドア,-,1,PZL,"￥4,900","￥5,000代",0,1,,,,中村光一,,,,-,-,-,-,-,
1985-07-25,サンソフト,スーパーアラビアン,-,1,ACT,"￥4,500","￥4,500代",0,1,,,,,,,,-,-,-,-,-,
1985-07-26,任天堂,ブロック,-,2,ETC,"￥4,800","￥5,000代",0,1,,,,,,,,-,-,-,-,-,
1985-08-01,タイトー,フロントライン,-,1,ACT,"￥4,500","￥4,500代",0,1,,,,,,,,-,-,-,-,-,
1985-08-01,セタ,本将棋内藤九段将棋秘伝,-,1,TBL,"￥4,500","￥4,500代",0,1,,,,,,,,-,-,-,-,-,
1985-08-06,ナムコ,ドルアーガの塔,-,2,ACT,"￥4,900","￥5,000代",0,1,,,内藤智,遠藤雅伸|篠崎雄一郎,小沢純子,,,-,-,-,-,17位,
1985-08-09,アスキー,アストロロボSASA,-,2,ACT,"￥5,500","￥5,500代",0,1,,,,,,,,-,-,-,-,-,
1985-08-13,任天堂,ジャイロ,-,2,ETC,"￥5,800","￥6,000代",0,1,,,,,,,,-,-,-,-,-,
1985-08-28,アスキー,ゲイモス,-,2,SHT,"￥5,500","￥5,500代",0,1,,,,,,,,-,-,-,-,-,
1985-08-30,アイレム,10ヤードファイト,-,1,SPT,"￥4,900","￥5,000代",0,1,,,,,,,,-,-,-,-,-,
1985-09-09,ナムコ,バトルシティー,-,1,ACT,"￥4,500","￥4,500代",0,1,,,大久保良一,兵藤岳史|小野浩,小沢純子,,,-,-,-,-,-,
1985-09-13,任天堂,スーパーマリオブラザーズ,-,2,ACT,"￥4,900","￥5,000代",681,1,,宮本茂,中郷俊彦|森田和明|西田泰也,宮本茂|宮本茂|手塚卓志,近藤浩治,,山内溥|池田宏|宮本茂,🟨黄,-,-,06位,-,
1985-09-20,ハドソン,プーヤン,-,1,ACT,"￥4,900","￥5,000代",0,1,,藤原得郎,,藤原得郎,,,,⬜白,-,-,-,-,
1985-09-27,コナミ,ハイパースポーツ,-,1,SPT,"￥4,500","￥4,500代",0,1,,,町口浩康,,福武茂,,石原祥吉,-,-,-,-,-,
1985-09-27,ジャレコ,シティコネクション,-,1,RCG,"￥4,900","￥5,000代",0,1,,,,,,,,🟨黄,-,-,-,-,
1985-10-04,サンソフト,ルート16ターボ,-,2,RCG,"￥4,900","￥5,000代",0,1,,,,,,,,-,-,-,-,-,
1985-10-15,ハドソン,チャレンジャー,-,2,ACT,"￥4,900","￥5,000代",0,1,,,,,,,,-,-,-,-,15位,
1985-11-08,バンダイ,キン肉マンマッスルタッグマッチ,-,1,ACT,"￥4,900","￥5,000代",105,1,,,,,,,仲田隆司,🟥赤,対戦,09位,-,-,
1985-11-14,タイトー,スカイデストロイヤー,-,1,SHT,"￥4,500","￥4,500代",0,1,,,,,,,,-,-,-,-,-,
1985-11-15,ポニーキャニオン,おにゃんこTOWN,-,2,ACT,"￥4,900","￥5,000代",0,1,,,,,,,,-,-,-,-,-,
1985-11-15,ジャレコ,忍者じゃじゃ丸くん,-,1,ACT,"￥4,900","￥5,000代",100,1,,,,,,,関雅行,🟥赤,-,-,-,-,
1985-11-21,東芝ＥＭＩ,パチコン,-,2,TBL,"￥4,900","￥5,000代",0,1,,,,,,,,🟨黄,-,-,-,-,
1985-11-21,ナムコ,パックランド,-,2,ACT,"￥4,500","￥4,500代",0,1,,,岸本好弘,佐藤誠市|根來司|小野浩,慶野由利子,,,-,AC移植,-,-,-,
1985-11-21,任天堂,マッハライダー,-,2,RCG,"￥4,900","￥5,000代",0,1,,,,,金指英樹,,,🟦青,-,-,-,-,
1985-11-27,ナムコ,バーガータイム,-,1,ACT,"￥4,500","￥4,500代",0,1,,,,,,,,-,-,-,-,-,
1985-11-28,サンソフト,いっき,-,1,ACT,"￥4,900","￥5,000代",0,1,,,,,小井洋明,,,⬜白,-,-,-,-,
1985-11-29,エニックス,ポートピア連続殺人事件,-,2,ADV,"￥5,500","￥5,500代",0,1,,堀井雄二,堀井雄二,堀井雄二,,堀井雄二,,◾黒,-,-,-,-,
1985-12-05,ソフトプロ,カラテカ,-,1,ACT,"￥4,900","￥5,000代",0,1,,,,,,,,-,-,-,-,-,
1985-12-05,ポニーキャニオン,ルナーボール,-,1,TBL,"￥4,900","￥5,000代",0,1,,仁井谷正充,新谷憲司,新谷憲司,宮本昌知,,,🟨黄,-,-,-,-,
1985-12-06,ナムコ,スターラスター,-,2,SHT,"￥4,900","￥5,000代",0,1,,,,岡本進一郎|遠山茂樹,川田宏行,,,-,-,-,-,-,
1985-12-06,アイレム,スペランカー,-,2,ACT,"￥4,900","￥5,000代",0,1,,,,ティム・マーティン,,,,⬜白,-,-,-,07位,
1985-12-07,デービーソフト,高機動戦闘メカヴォルガードⅡ,-,2,ACT,"￥4,900","￥5,000代",0,1,,,,,斉藤康仁,,,-,-,-,-,-,
1985-12-10,ナムコ,超時空要塞マクロス,-,1,ACT,"￥4,500","￥4,500代",0,1,,石黒昇,,美樹本晴彦|宮武一貴|河森正治,羽田健太郎,山口宏,,-,-,-,-,-,
1985-12-11,カプコン,1942,-,2,SHT,"￥4,900","￥5,000代",0,1,,,,,,,,-,-,-,-,-,
1985-12-11,ケムコ,ダウボーイ,-,2,ACT,"￥5,300","￥5,500代",0,1,,,,ケン・コーテス,,,,🟦青,-,-,-,-,
1985-12-14,アスキー,ボコスカウォーズ,-,2,RPG,"￥5,500","￥5,500代",0,1,,,,住井浩司,,,,-,-,-,-,-,
1985-12-14,デービーソフト,頭脳戦艦ガル,-,2,SHT,"￥4,900","￥5,000代",0,1,,,ボス大森|ナンデ西村,バッキー松野|テツ加倉,斉藤康仁,,ベティ林,⬜白,-,-,-,-,
1985-12-16,バンダイ,オバケのQ太郎ワンワンパニック,-,2,ACT,"￥4,900","￥5,000代",0,1,,,,,,,,🟨黄,-,-,-,08位,
1985-12-19,スクウェア,テグザー,-,2,ACT,"￥5,500","￥5,500代",0,1,,,,五代響|上坂哲,五代響,,,⬜白,-,-,-,-,
1985-12-19,ハドソン,バイナリィランド,-,1,PZL,"￥4,900","￥5,000代",0,1,,,菊田昌昭,菊田昌昭,,,,-,-,-,-,-,
1985-12-19,ハドソン,ボンバーマン,-,1,ACT,"￥4,900","￥5,000代",80,1,,,,,,,,◾黒,対戦,19位,15位,-,
1985-12-21,徳間書店,エグゼドエグゼス,-,2,SHT,"￥5,200","￥5,000代",0,1,,,青木隆,岡本吉起,河本圭代,,,🟨黄,-,-,-,-,
1985-12-21,徳間書店,ロットロット,-,2,PZL,"￥5,200","￥5,000代",0,1,,,,,,,,🟥赤,-,-,-,-,
1985-12-25,アスキー,ぺんぎんくんWARS,-,2,ACT,"￥5,500","￥5,500代",0,1,,,,藤沢勉,,,,-,-,-,-,-,
1986-01-04,コナミ,ツインビー,-,2,SHT,"￥4,900","￥5,000代",100,1,,,青山和浩,青山和浩,福武茂|佐々木嘉則,,廣下宏治,-,-,-,09位,-,
1986-02-08,カプコン,ソンソン,-,2,ACT,"￥4,900","￥5,000代",0,1,,,藤中博和,岡本吉起,河本圭代|森安也子,,,🟥赤,-,-,-,-,
1986-02-21,コナミ,グーニーズ,-,2,ACT,"￥4,900","￥5,000代",0,1,,,,,デイヴ・グルーシン,クリス・コロンバス,,-,-,-,-,-,
1986-03-01,東映動画,バルトロン,-,2,SHT,"￥4,900","￥5,000代",0,1,,,,,,,,-,-,-,-,-,
1986-03-04,ソフトプロ,サーカスチャーリー,-,1,ACT,"￥4,900","￥5,000代",0,1,,,,,,,,-,-,-,-,-,
1986-03-05,ハドソン,忍者ハットリくん忍者は修行でござるの巻,-,2,ACT,"￥4,900","￥5,000代",150,1,,,,,,,,-,-,-,-,-,
1986-03-13,タイトー,ジャイロダイン,-,2,SHT,"￥4,900","￥5,000代",0,1,,,,,弓削雅稔,,,-,-,-,-,-,
1986-03-18,東芝ＥＭＩ,ハイドライドスペシャル,-,2,RPG,"￥4,900","￥5,000代",0,1,,,,,,,,⬜白,-,-,-,-,
1986-03-19,日本物産,マグマックス,-,2,SHT,"￥4,900","￥5,000代",0,1,,藤原茂樹,,藤原茂樹,山田良一,,,-,-,-,-,-,
1986-04-02,ナムコ,タッグチームプロレスリング,-,2,ACT,"￥4,900","￥5,000代",0,1,,,,,,,,-,-,-,-,-,
1986-04-17,ジャレコ,アーガス,-,2,SHT,"￥4,900","￥5,000代",0,1,,,中里民雄,,坂本慎一,,,-,-,-,-,-,
1986-04-17,サンソフト,アトランチスの謎,-,2,ACT,"￥4,900","￥5,000代",0,1,,,竹内昭人|酒井敦史,竹内昭人,小高直樹,,,⬜白,-,-,-,12位,
1986-04-17,バンダイ,ゲゲゲの鬼太郎妖怪大魔境,-,2,ACT,"￥4,900","￥5,000代",125,1,,,,,,,,-,-,-,-,-,
1986-04-18,タイトー,影の伝説,-,2,ACT,"￥4,900","￥5,000代",0,1,,,,,小倉久佳,,,◾黒,-,-,-,-,
1986-04-19,ナムコ,ディグダグⅡ,-,2,ACT,"￥4,500","￥4,500代",0,1,,,,,慶野由利子|小沢純子,,,-,-,-,-,-,
1986-04-24,テクモ,マイティボンジャック,-,2,ACT,"￥4,980","￥5,000代",0,1,,,,,増子司|蓮谷通治,,,🟨黄,-,-,-,06位,
1986-04-25,コナミ,グラディウス,-,2,ACT,"￥4,900","￥5,000代",100,1,,,,,,,,◾黒,-,-,05位,-,
1986-04-25,東京書籍,けいさんゲームさんすう1年,-,2,ETC,"￥4,900","￥5,000代",0,1,,,,,,,,-,-,-,-,-,
1986-04-25,東京書籍,けいさんゲーム算数2年,-,2,ETC,"￥4,900","￥5,000代",0,1,,,,,,,,-,-,-,-,-,
1986-04-25,東京書籍,けいさんゲーム算数3年,-,2,ETC,"￥4,900","￥5,000代",0,1,,,,,,,,-,-,-,-,-,
1986-04-26,ケムコ,スパイVSスパイ,-,2,ACT,"￥4,900","￥5,000代",0,1,,,,マイケル・J・リーデル,,,,🟦青,対戦,08位,-,-,
1986-05-19,日本物産,セクロス,-,2,ACT,"￥4,900","￥5,000代",0,1,,山下要介,,山下要介,,,,-,-,-,-,-,
1986-05-27,エニックス,ドラゴンクエスト,-,2,RPG,"￥5,500","￥5,500代",150,1,,中村光一,チュンソフト,鳥山明|榎本一夫|土居孝幸,すぎやまこういち,堀井雄二,千田幸信,◾黒,-,-,-,-,
1986-06-03,東芝ＥＭＩ,バードウィーク,-,1,ACT,"￥4,900","￥5,000代",0,1,,,,,,,,-,-,-,-,-,
1986-06-03,データイースト,Bウイング(ビーウイング),-,2,SHT,"￥4,900","￥5,000代",0,1,,,,,,,,🟨黄,-,-,-,-,
1986-06-13,ハドソン,スターソルジャー,-,2,SHT,"￥4,900","￥5,000代",100,1,,,野沢勝広,山本次行,国本剛章,,,◾黒,-,-,01位,-,
1986-06-13,カプコン,魔界村,-,4,ACT,"￥5,500","￥5,500代",164,1,,,有馬俊夫,藤原得郎,森安也子,,,◾黒,-,-,-,02位,
1986-06-19,ナムコ,スーパーチャイニーズ,-,2,ACT,"￥3,900","￥4,000代",0,1,,,,,,,,-,-,-,-,-,
1986-06-26,アイレム,スクーン,-,2,ACT,"￥4,900","￥5,000代",0,1,,,,,,,,-,-,-,-,-,
1986-06-26,ジャレコ,チョップリフター,-,2,ACT,"￥4,900","￥5,000代",0,1,,,,ダン・ゴーリン,,,,-,-,-,-,-,
1986-07-03,サンソフト,東海道五十三次,-,2,ACT,"￥4,900","￥5,000代",0,1,,,,,,,,-,-,-,-,-,
1986-07-18,ナムコ,バベルの塔,-,2,PZL,"￥3,900","￥4,000代",0,1,,,,,,,,-,-,-,-,-,
1986-07-30,コナミ,がんばれゴエモン！からくり道中,-,4,ACT,"￥5,300","￥5,500代",0,1,,,梅崎重治|青山和浩,橋本和久,寺島里恵,,,-,-,-,-,-,
1986-07-30,テクモ,ソロモンの鍵,-,2,PZL,"￥4,900","￥5,000代",0,1,,,,,,,,🟨黄,-,-,-,-,
1986-08-01,ナムコ,ワルキューレの冒険時の鍵の伝説,-,2,RPG,"￥3,900","￥4,000代",0,1,,S.MACCO,A.WACHI,冨士宏,川田宏行,,,-,-,-,-,-,
1986-08-08,タイトー,六三四の剣ただいま修行中,-,2,SPT,"￥4,900","￥5,000代",0,1,,,宮成のぼる,,,,,-,対戦,13位,-,-,
1986-08-10,東映動画,北斗の拳,-,2,ACT,"￥4,900","￥5,000代",0,1,,,,,フランク・ワイルドホーン,高橋亜子,,-,-,-,-,-,
1986-08-22,ジャレコ,じゃじゃ丸の大冒険,-,2,ACT,"￥4,900","￥5,000代",0,1,,,,,,,,-,-,-,-,-,
1986-08-22,ナムコ,スカイキッド,-,2,ACT,"￥3,900","￥4,000代",0,1,,,弓達公雄,永島洋武,小沢純子,,,-,-,-,-,-,
1986-08-28,バンダイ,機動戦士Zガンダムホットスクランブル,-,4,SHT,"￥5,500","￥5,500代",0,1,,遠藤雅伸,しまおかひろし|やまもとこういち,遠藤雅伸|内藤智|大河原邦男|藤田一己|永野護|小林誠,ニール・セダカ,富野由悠季,,-,-,-,-,-,
1986-09-03,SNK,ASO,-,2,SHT,"￥4,900","￥5,000代",0,1,,,,,,,,-,-,-,-,-,
1986-09-05,ポニーキャニオン,スーパーピットフォール,-,4,ACT,"￥5,500","￥5,500代",0,1,,,,,,,,-,-,-,-,-,
1986-09-08,ビクター音楽産業,バナナ,-,2,PZL,"￥4,900","￥5,000代",0,1,,,,,,,,-,-,-,-,-,
1986-09-12,ハドソン,高橋名人の冒険島,-,2,ACT,"￥4,900","￥5,000代",105,1,,,,,,,,⬜白,-,-,-,03位,
1986-09-18,スクウェア,キングスナイト,-,2,SHT,"￥4,900","￥5,000代",0,1,,,Workss,,植松伸夫,,,-,-,-,-,-,
1986-09-19,ナムコ,スーパーゼビウスガンプの謎,-,4,SHT,"￥4,900","￥5,000代",0,1,,,,横山茂|小野浩(監修|一部作業),,,,-,-,-,-,-,
1986-09-22,徳間書店,ゴーストバスターズ,-,2,ACT,"￥4,500","￥4,500代",0,1,,,,,エルマー・バーンスタイン,ダン・エイクロイド|ハロルド・ライミス,,-,-,-,-,-,
1986-09-26,ケムコ,スペースハンター,-,2,ADV,"￥4,900","￥5,000代",0,1,,,道浦忍|戸野文雄,,増野宏之,,,-,-,-,-,-,
1986-09-27,日本物産,テラクレスタ,-,4,SHT,"￥4,900","￥5,000代",0,1,,,,藤原茂樹,吉田健志,,,-,-,-,-,-,
1986-09-27,カプコン,戦場の狼,-,4,ACT,"￥5,500","￥5,500代",116,1,,,,藤原得郎,河本圭代,,,-,-,-,-,-,
1986-10-08,データイースト,バギーポッパー,-,2,RCG,"￥4,900","￥5,000代",0,1,,,,,,,,-,-,-,-,-,
1986-10-23,ジャレコ,うる星やつらラムのウェディングベル,-,2,ACT,"￥4,900","￥5,000代",0,1,,,,,,,,-,-,-,-,-,
1986-10-30,東京書籍,けいさんゲーム算数4年,-,2,ETC,"￥4,900","￥5,000代",0,1,,,,,,,,-,-,-,-,-,
1986-10-30,東京書籍,けいさんゲーム算数5・6年少数・分数のまとめ,-,2,ETC,"￥4,900","￥5,000代",0,1,,,,,,,,-,-,-,-,-,
1986-10-31,ジャレコ,ミシシッピー殺人事件,-,4,ADV,"￥5,200","￥5,000代",0,1,,,,アダム・ベリン|ヒラリー・ミルス,エド・ボガス(英語版),ロブ・スウィガート,ブラッド・フレガー(英語版),🟦青,-,-,-,15位,
1986-11-11,テクモ,スーパースターフォース時空歴の秘密,-,4,SHT,"￥5,300","￥5,500代",0,1,,,,,斎藤幹雄,,,-,-,-,-,-,
1986-11-12,バンダイ,ファミリートレーナーシリーズ1アスレチックワールド,-,2,SPT,"￥8,500","￥8,500代",0,1,,,,,,,,-,-,-,-,-,
1986-11-13,河田,Othello(オセロ),-,2,TBL,"￥4,900","￥5,000代",0,1,,,,,中西ゆういちろう,鈴木光司|久保幸湖|谷井美佳|中村真夕,山崎宏太(朝日放送テレビ)|南雄大(朝日放送テレビ)|齋藤浩司(ヒューマックスシネマ)|若山佑介(ヒューマックスシネマ)|山口誠(47style),-,-,-,-,-,
1986-11-13,ハドソン,迷宮組曲ミロンの大冒険,-,2,ACT,"￥4,900","￥5,000代",0,1,,,笹川敏幸,笹川敏幸,国本剛章|井上大介,笹川敏幸,,🟨黄,-,-,-,-,
1986-11-21,ビック東海,アイギーナの予言バルバルークの伝説より,-,4,ACT,"￥5,300","￥5,500代",0,1,,,,,,,,-,-,-,-,-,
1986-11-21,バップ,元祖西遊記スーパーモンキー大冒険,-,2,RPG,"￥4,900","￥5,000代",0,1,,,,高瀬俊一|中島薫,,,,-,-,-,-,-,
1986-11-21,東映動画,長靴をはいた猫世界一周80日大冒険,-,2,ACT,"￥4,900","￥5,000代",0,1,,,,,宇野誠一郎,シャルル・ペロー,,🟥赤,-,-,-,-,
1986-11-26,ナムコ,マッピーランド,-,4,ACT,"￥3,900","￥4,000代",0,1,,,,,,,,-,-,-,-,-,
1986-11-26,ケイアミューズメントリース,怒IKARI,-,4,ACT,"￥5,500","￥5,500代",0,1,,,,伊集桂子,,,,-,-,-,-,-,
1986-11-27,バンダイ,ドラゴンボール神龍の謎,-,4,ACT,"￥5,300","￥5,500代",125,1,,,,,,,,🟦青,-,-,-,11位,
1986-11-28,アスキー,キャッスルエクセレント,-,2,PZL,"￥4,900","￥5,000代",0,1,,,,吉田功|めるへんめーかー,,,,-,-,-,-,-,
1986-12-01,バンダイ,ファミリートレーナーシリーズ2ランニングスタジアム,-,2,SPT,"￥4,900","￥5,000代",0,1,,,,,,,,-,-,-,-,-,
1986-12-05,ポニーキャニオン,タイガーヘリ,-,2,SHT,"￥4,900","￥5,000代",0,1,,,,,上村建也,,,-,-,-,-,-,
1986-12-05,東芝ＥＭＩ,ディーヴァストーリー6ナーサティアの玉座,-,4,SLG,"￥5,500","￥5,500代",0,1,,,,,,,,-,-,-,-,-,
1986-12-05,タカラ,戦え超ロボット生命体トランスフォーマーコンボイの謎,-,2,ACT,"￥4,900","￥5,000代",0,1,,,,,,,,◾黒,-,-,-,04位,
1986-12-06,ユース,ホッターマンの地底探険,-,2,ACT,"￥4,900","￥5,000代",0,1,,,,,,,,-,-,-,-,-,
1986-12-10,タイトー,たけしの挑戦状,-,4,ADV,"￥5,300","￥5,500代",80,1,,福津浩(ノバ),森永英一郎(ノバ),ビートたけし,,ビートたけし,富士本淳(セタ)|宮成昇(アルュメ),-,-,-,-,01位,
1986-12-10,ナムコ,プロ野球ファミリースタジアム,-,3,SPT,"￥3,900","￥4,000代",205,1,,,,岸本好弘|HIE(小野浩)|くんちゃん(小野泰),中潟憲雄,,永島洋武,-,対戦,03位,-,-,
1986-12-11,トーワチキ,シャーロックホームズ伯爵令嬢誘拐事件,-,4,ADV,"￥5,000","￥5,000代",0,1,,,AYA|NEAR|MAKOTO,M.KUBOTA,,,,-,-,-,-,-,
1986-12-12,ハドソン,ドラえもん,-,4,ACT,"￥5,500","￥5,500代",115,1,,,,,,,,⬜白,-,-,-,-,
1986-12-15,アイレム,魔鐘,-,4,RPG,"￥5,300","￥5,500代",0,1,,スコット津村|ロスふたみ|やまのじゅん|マハヴィシュヌ,R.NAGASU,R.NAGASU|水足淳一,粕川由伸,,,-,-,-,-,-,
1986-12-16,ナムコ,メトロクロス,-,2,ACT,"￥3,900","￥4,000代",0,1,,,田中京太,岡本達郎|小野浩|粕川由紀|北原聡,大野木宜幸,,,-,-,-,-,-,
1986-12-18,コナミ,キングコング2怒りのメガトンパンチ,-,4,ACT,"￥5,300","￥5,500代",0,1,,,山田善朗|MU-CHAN,霜出健治,坂元信也|寺島里恵|山下絹代|禎清宏,,,-,-,-,-,-,
1986-12-18,サンソフト,マドゥーラの翼,-,2,ACT,"￥4,900","￥5,000代",0,1,,,,もりけん,小高直樹,,,-,-,-,-,-,
1986-12-18,CBSソニー,聖飢魔Ⅱ悪魔の逆襲！,-,2,ACT,"￥4,900","￥5,000代",0,1,,,,,,,,-,-,-,-,-,
1986-12-20,デービーソフト,レイラ,-,4,ACT,"￥5,300","￥5,500代",0,1,,,,,,,,-,-,-,-,-,
1986-12-23,アスキー,コスモジェネシス,-,2,SLG,"￥4,900","￥5,000代",0,1,,,,,,,,-,-,-,-,-,
1986-12-24,カプコン,闘いの挽歌,-,4,ACT,"￥5,500","￥5,500代",0,1,,,江川陽一,西山隆志,森安也子,,,🟨黄,-,-,-,-,
1986-12-26,タイトー,アルカノイド,30,2,ETC,"￥5,400","￥5,500代",0,1,,,,,,,,-,-,-,-,-,
1986-12-26,日本物産,クレイジークライマー,-,4,ACT,"￥5,300","￥5,500代",0,1,,,,藤原茂樹,,,,-,-,-,-,-,
1986-12-26,ケムコ,時空の旅人,-,4,ADV,"￥4,900","￥5,000代",0,1,,,,,国吉良一,眉村卓|(『とらえられたスクールバス』より),,-,-,-,-,-,
1987-01-04,コナミ,火の鳥鳳凰編我王の冒険,-,4,ACT,"￥5,300","￥5,500代",0,1,,LOVELY HIDEKI,LOVELY HIDEKI,霜出健治,水谷郁|前沢秀憲|山下絹代,,,-,-,-,-,-,
1987-01-07,ナムコ,ドラゴンバスター,-,4,ACT,"￥4,900","￥5,000代",0,1,,,是枝ひろき,佐藤英治,慶野由利子,,,-,-,-,-,-,
1987-01-07,徳間書店,ラビリンス魔王の迷宮,-,4,ACT,"￥4,900","￥5,000代",0,1,,,,,トレヴァー・ジョーンズ,テリー・ジョーンズ,,-,-,-,-,-,
1987-01-26,エニックス,ドラゴンクエストⅡ悪霊の神々,38,4,RPG,"￥5,500","￥5,500代",241,1,,中村光一,中村光一,堀井雄二|鳥山明,すぎやまこういち,堀井雄二,千田幸信,◾黒,-,-,-,10位,
1987-02-01,バンダイ,ファミリートレーナーシリーズ3エアロビスタジオ,-,2,SPT,"￥5,800","￥6,000代",0,1,,,,,,,,-,-,-,-,-,
1987-02-06,ホットビィ,ザ・ブラックバス,-,4,ETC,"￥5,300","￥5,500代",0,1,,,,,,,,-,-,-,-,-,
1987-02-10,リコーエレメックス,新人類,-,2,ACT,"￥4,900","￥5,000代",0,1,,,,,,,,🟥赤,-,-,-,-,
1987-02-14,カルチャーブレーン,飛龍の拳奥義の書,-,4,ACT,"￥5,500","￥5,500代",0,1,,,,,,,,-,-,-,-,-,
1987-02-27,バンダイ,ポケットザウルス十王剣の謎,-,4,ACT,"￥5,500","￥5,500代",0,1,,,,,,,,🟨黄,-,-,-,-,
1987-03-05,トンキンハウス,ファミリーシンセいきなりミュージシャン,-,2,ETC,"￥4,900","￥5,000代",0,1,,,,,,,,-,-,-,-,-,
1987-03-06,ハドソン,ミッキーマウス不思議の国の大冒険,-,2,ACT,"￥4,900","￥5,000代",0,1,,菊田昌昭,三上哲|黒田尚樹|菊田昌昭,山本次行|松浦浩司|輪島智美,国本剛章,,,⬜白,-,-,-,-,
1987-03-06,ポニーキャニオン,LawoftheWest西部の掟,-,4,ADV,"￥5,500","￥5,500代",0,1,,,,,,,,-,-,-,-,-,
1987-03-14,東宝,タッチミステリーオブトライアングル,-,4,ADV,"￥4,900","￥5,000代",0,1,,,,,,,,-,-,-,-,-,
1987-03-17,ビクター音楽産業,花のスター街道,-,4,ACT,"￥5,300","￥5,500代",0,1,,,,,,,,-,-,-,-,-,
1987-03-18,コナミ,グーニーズ2フラッテリー最後の挑戦,-,4,ADV,"￥4,900","￥5,000代",0,1,,,,,寺島里恵,,,-,-,-,-,-,
1987-03-25,タカラ,失われたメッセージロストワードオブジェニー,-,4,ACT,"￥5,500","￥5,500代",0,1,,,,,,,,-,-,-,-,-,
1987-03-27,ケムコ,南国指令！！スパイVSスパイ,-,4,ACT,"￥4,900","￥5,000代",0,1,,,マイケル・J・リーデル,,,,,-,-,-,-,-,
1987-04-02,ナムコ,さんまの名探偵,34,4,ADV,"￥4,900","￥5,000代",0,1,,,普川隆志,SKELETON HIE SAN|瀧上園枝,慶野由利子|小沢純子,兵藤岳史,,-,-,-,-,-,
1987-04-14,セタ,森田将棋,-,4,TBL,"￥5,500","￥5,500代",0,1,,,,,,,,-,-,-,-,-,
1987-04-14,カプコン,魔界島七つの島の大冒険,-,4,ACT,"￥4,980","￥5,000代",0,1,,,小林成光,黒川真圭,藤田晴美,,,🟦青,-,-,-,-,
1987-04-15,テクノスジャパン,熱血硬派くにおくん,-,4,ACT,"￥5,300","￥5,500代",0,1,,岸本良久,富山徳之|熊谷慎太郎|佐藤博|西村成孝,緒方孝治|斉藤伸一|向井久美子|白戸政男,澤和雄,,,🟥赤,-,-,-,-,
1987-04-17,テクモ,アルゴスの戦士はちゃめちゃ大進撃,-,4,ACT,"￥4,980","￥5,000代",0,1,,,,,,,,-,-,-,-,-,
1987-04-17,東映動画,北斗の拳2世紀末救世主伝説,-,4,ACT,"￥5,300","￥5,500代",0,1,,,,,,,,-,-,-,-,-,
1987-04-24,ナムコ,ファミリージョッキー,31,2,SPT,"￥3,900","￥4,000代",0,1,,,T.FUKUMOTO|宇田川治久|はなおかくみ,,小沢純子,,,-,-,-,-,-,
1987-05-01,バンダイ,ファミリートレーナーシリーズ4ジョギングレース,-,2,SPT,"￥4,900","￥5,000代",0,1,,,,,,,,-,-,-,-,-,
1987-05-19,ジャレコ,妖怪倶楽部,-,4,ACT,"￥4,900","￥5,000代",0,1,,,,爬沼晻,村田幸史,,,-,-,-,-,-,
1987-05-24,東芝ＥＭＩ,ダイナマイトボウル,-,2,SPT,"￥4,900","￥5,000代",0,1,,,,,,,,-,-,-,-,-,
1987-06-01,アスキー,北海道連鎖殺人オホーツクに消ゆ,-,5,ADV,"￥5,800","￥6,000代",0,1,,,上野利幸,本山重人|のせみのる,,堀井雄二,塩崎剛三,◾黒,-,-,-,-,
1987-06-05,SNK,アテナ,-,4,ACT,"￥5,500","￥5,500代",0,1,,,,,,,,-,-,-,-,-,
1987-06-05,ハドソン,高橋名人のBUGってハニー,-,4,ACT,"￥5,500","￥5,500代",0,1,,,,,国本剛章(7曲担当),,,-,-,-,-,-,
1987-06-12,データイースト,闘人魔境伝ヘラクレスの栄光,-,4,RPG,"￥5,300","￥5,500代",0,1,,,,,,,,🟦青,-,-,-,-,
1987-06-19,ナムコ,ファミリーボクシング,30,3,SPT,"￥4,900","￥5,000代",0,1,,,,,,,,-,-,-,-,-,
1987-06-20,デービーソフト,うっでいぽこ,31,4,ACT,"￥5,500","￥5,500代",0,1,,,小林貴樹|松井文也,高殿収,斉藤康仁,,吉田めぐみ,🟨黄,-,-,-,-,
1987-06-26,ジャレコ,燃えろ！！プロ野球,32,4,SPT,"￥5,500","￥5,500代",158,1,,,おおたのぶかず,田中哲次,村田幸史|林音人,,関雅行,🟥赤,-,-,-,-,
1987-06-26,ジャレコ,燃えろ！！プロ野球(黒),-,4,SPT,"￥5,500","￥5,500代",0,1,,,おおたのぶかず,田中哲次,村田幸史|林音人,,関雅行,◾黒,-,-,-,-,
1987-06-27,エピックソニー,所さんのまもるもせめるも,-,2,ACT,"￥4,900","￥5,000代",0,1,,長崎行男,ハル研究所,島武実|所ジョージ,澤和雄,,所ジョージ|北島肇,🟨黄,-,-,-,-,
1987-06-30,タイトー,未来神話ジャーヴァス,-,5,RPG,"￥5,500","￥5,500代",0,1,,,,,,,,-,-,-,-,-,
1987-07-03,ハイスコアメディアワーク,ゾンビハンター,-,4,RPG,"￥4,900","￥5,000代",0,1,,,,,,,,-,-,-,02位,-,
1987-07-07,コナミ,月風魔伝,-,4,ACT,"￥4,900","￥5,000代",0,1,,,橋本和久|青山和浩|山下和之|風仁美|徳田典|小川光章,米田朗,前沢秀憲,,,-,-,-,-,-,
1987-07-10,日本物産,ブービーキッズ,-,4,ACT,"￥4,900","￥5,000代",0,1,,藤原茂樹,,藤原茂樹,吉田健志|船場洋志,,,-,-,-,-,-,
1987-07-16,ハドソン,ヘクター'87,-,4,SHT,"￥5,000","￥5,000代",0,1,,小山俊典,小山俊典|永田淳夫|KINCHAN|CHARLEY NAKATA,奥村恵|高津敏之|野中和彦|SUGATA MORIMOTO|YASUAKI KUWAHARA|桑原司|YAMACHAM!|増尾隆幸(パッケージデザイン),国本剛章,,,-,-,-,13位,-,
1987-07-17,ナムコ,ドラゴンスレイヤーⅣ,-,4,RPG,"￥4,900","￥5,000代",0,1,,,秋葉紀好|木屋善夫,大浦孝浩|都築和彦|古代彩乃,古代祐三|石川三恵子,立川敏男|木屋善夫|畠山孝一|大浦孝浩|秋葉紀好,加藤正幸,-,-,-,-,-,
1987-07-18,ケイアミューズメントリース,ジャンボウ,-,4,ETC,"￥4,980","￥5,000代",0,1,,,,,,,,-,-,-,-,-,
1987-07-20,サンソフト,ファンタジーゾーン,34,4,SHT,"￥5,300","￥5,500代",0,1,,石井洋児,片木秀一,石井洋児|近藤正樹,川口博史,,,⬜白,-,-,-,-,
1987-07-22,ユース,バツ＆テリー魔境の鉄人レース,-,4,ACT,"￥5,300","￥5,500代",0,1,,,,,,,,-,-,-,-,-,
1987-07-30,バンダイ,カラオケスタジオ基本セット,-,4,ETC,"￥7,500","￥7,500代",0,1,,,,,,,,-,-,-,-,-,
1987-07-30,ビック東海,チェスターフィールド暗黒神への挑戦,-,4,RPG,"￥5,300","￥5,500代",0,1,,,,,,,,-,-,-,-,-,
1987-07-31,バンダイ,ファミリートレーナーシリーズ5迷路大作戦,-,4,SPT,"￥4,900","￥5,000代",0,1,,,,,,,,-,-,-,-,-,
1987-08-07,スクウェア,ハイウェイスター,32,4,RCG,"￥4,500","￥4,500代",0,1,,,,,,,,-,-,-,-,-,
1987-08-07,ハドソン,ボンバーキング,-,4,ACT,"￥5,500","￥5,500代",0,1,,おおたひろし,笹川敏幸|おかだひろゆき,竹森得泰|山本次行|松浦浩司|輪島智美|桑原美生|増尾隆幸(パッケージデザイン),井上大介|国本剛章,,,🟥赤,-,-,-,-,
1987-08-07,キングレコード,ミラクルロピット2100年の冒険,-,4,ACT,"￥4,900","￥5,000代",0,1,,,,,,,,-,-,-,-,-,
1987-08-10,トーワチキ,エルナークの財宝,-,4,ACT,"￥5,300","￥5,500代",0,1,,,,,,,,-,-,-,-,19位,
1987-08-10,バンダイ,聖闘士星矢黄金伝説,-,4,RPG,"￥5,500","￥5,500代",0,1,,,,,,,,🟦青,-,-,-,-,
1987-08-11,ナムコ,ファミリーマージャン,-,4,TBL,"￥3,900","￥4,000代",0,1,,,,,吉田健志,,,-,-,-,-,-,
1987-08-11,BPS,囲碁九路盤対局,-,2,TBL,"￥5,500","￥5,500代",0,1,,,,,,,,-,-,-,-,-,
1987-08-11,サンソフト,天下のご意見番水戸黄門,-,4,ADV,"￥5,300","￥5,500代",0,1,,,,,,,,-,-,-,-,-,
1987-08-11,コナミ,魔城伝説Ⅱ大魔司教ガリウス,-,4,ACT,"￥4,900","￥5,000代",0,1,,きたもとしんじ,きたもとしんじ|岸和田聡|徳田典,T.UEYAMA|くぼゆうさく,前沢秀憲|坂元信也|藤尾敦|禎清宏|山下絹代,,,-,-,-,-,-,
1987-08-17,HAL研究所,エアーフォートレス,-,4,ACT,"￥5,300","￥5,500代",0,1,,,,,,,,-,-,-,-,-,
1987-08-21,徳間書店,夢幻戦士ヴァリスthefantasicsoldier,-,4,ACT,"￥5,500","￥5,500代",0,1,,,,,,,,-,-,-,-,-,
1987-08-28,タカラ,光の戦士フォトン惑星ゾルディアスの戦い,-,4,ADV,"￥5,500","￥5,500代",0,1,,,,,,,,-,-,-,-,-,
1987-08-31,バンダイ,ファミリートレーナーシリーズ6マンハッタンポリス,-,4,SPT,"￥4,900","￥5,000代",0,1,,,,,,,,-,-,-,-,-,
1987-09-03,カルチャーブレーン,シェラザードアラビアンドリーム,-,4,RPG,"￥5,500","￥5,500代",0,1,,,,,,,,-,-,-,-,-,
1987-09-05,東芝ＥＭＩ,ゾイド中央大陸の戦い,-,4,RPG,"￥5,300","￥5,500代",0,1,,,,,,,,🟥赤,-,-,-,-,
1987-09-11,東映動画,SWAT,-,4,ADV,"￥5,300","￥5,500代",0,1,,,,,,,,-,-,-,-,-,
1987-09-11,ナムコ,デジタルデビル物語女神転生,31,4,RPG,"￥4,900","￥5,000代",0,1,,,,北爪宏幸|江崎稔,増子司,,,-,-,-,-,-,
1987-09-18,アイレム,スペランカーⅡ勇者への挑戦,-,4,ACT,"￥5,300","￥5,500代",0,1,,,,,,,,-,-,-,-,-,
1987-09-18,テクモ,つっぱり大相撲,-,2,ACT,"￥4,900","￥5,000代",0,1,,,猪瀬祥希,吉沢秀雄,山岸継司,,,-,-,-,-,-,
1987-09-22,ジャレコ,バイオ戦士DANインクリーザーとの闘い,-,4,ACT,"￥4,900","￥5,000代",0,1,,,,爬沼庵,増子司,,,-,-,-,-,-,
1987-09-24,HAL研究所,スターゲイト,-,1,SHT,"￥3,900","￥4,000代",0,1,,,,,,,,-,-,-,-,-,
1987-09-24,カプコン,井出洋介名人の実践麻雀,-,4,TBL,"￥6,500","￥6,500代",0,1,,,,,,,,-,-,-,-,-,
1987-09-25,タイトー,キョンシーズ2,-,4,RPG,"￥5,500","￥5,500代",0,1,,,,,,,,-,-,-,-,-,
1987-09-25,コナミ,沙羅曼蛇,-,4,ACT,"￥4,900","￥5,000代",0,1,,,町口浩康|たけもとみつお|高取利明|みのわいくこ,町口浩康|櫻井潤|よしたかみき|ばんどういくこ,波多野よしあき(SE・プログラム)|東野美紀(作曲),,,🟦青,-,-,-,-,
1987-10-01,HAL研究所,ミリピート巨大昆虫の逆襲,-,1,SHT,"￥3,900","￥4,000代",0,1,,,,,,,,-,-,-,-,-,
1987-10-01,トンキンハウス,ロマンシア,-,4,RPG,"￥5,300","￥5,500代",0,1,,,木屋善夫|秋葉紀好,木屋善夫|山根朝郎,阿部隆人|古代祐三,五十嵐哲也,,-,-,-,-,-,
1987-10-02,アイレム,快傑ヤンチャ丸,-,5,ACT,"￥5,500","￥5,500代",0,1,,,,,,,,-,-,-,-,-,
1987-10-09,ポニーキャニオン,ウルティマ～恐怖のエクソダス～,32,5,RPG,"￥5,900","￥6,000代",0,1,,,,,,,,-,-,-,-,-,
1987-10-13,ジャレコ,エスパ冒険隊魔王の砦,-,5,ACT,"￥5,300","￥5,500代",0,1,,,,,坂本慎一,,,-,-,-,-,-,
1987-10-20,ケムコ,インドラの光,-,4,RPG,"￥5,300","￥5,500代",0,1,,しみずげんぞう,,すえだきみなり|てらざわようこ,増野宏之,,道浦忍,-,-,-,-,-,
1987-10-23,タイトー,ミネルバトンサーガラゴンの復活,-,4,RPG,"￥5,500","￥5,500代",0,1,,,森田和郎,米田仁士,大山曜|津田治彦,羅門祐人,,-,-,-,-,-,
1987-10-23,アスキー,覇邪の封印,-,4,RPG,"￥5,800","￥6,000代",0,1,,,,,堺香子,阿賀伸宏|鬼良あきら,,-,-,-,-,-,
1987-10-26,ハドソン,桃太郎伝説,32,5,RPG,"￥5,800","￥6,000代",100,1,,さくまあきら,,土居孝幸,関口和之|国本剛章(金太郎の村の曲とレベルアップ時のジングル),,,⬜白,-,-,-,-,
1987-10-27,ホットビィ,星をみるひと,-,4,RPG,"￥5,300","￥5,500代",0,1,,,,,,,,-,-,-,-,18位,
1987-10-28,バンダイ,カラオケスタジオ専用カセットトップヒット20Vol.1,-,5,ETC,"￥3,980","￥4,000代",0,1,,,,,,,,-,-,-,-,-,
1987-10-30,ナムコ,サイドポケット,-,4,SPT,"￥3,900","￥4,000代",0,1,,,,,,,,-,-,-,-,-,
1987-10-30,HAL研究所,ジャウスト,-,1,ACT,"￥3,900","￥4,000代",0,1,,,ビル・プフツェンロイター,ジョン・ニューカマー(英語版)|ジャン・ヘンドリクス|パイソン・アンゲロ(英語版),ティム・マーフィ|ジョン・コトラリク(音声),,,-,-,-,-,-,
1987-10-30,サンソフト,上海,-,4,PZL,"￥5,300","￥5,500代",0,1,,,,,,,,-,-,-,-,-,
1987-11-01,任天堂,マイクタイソンパンチアウト,30,4,SPT,"￥5,500","￥5,500代",0,1,,,,宮本茂,,,竹田玄洋,-,-,-,-,-,
1987-11-06,ナムコ,ルパン三世パンドラの遺産,-,4,ACT,"￥3,900","￥4,000代",0,1,,,宇田川治久|はなおかくみ,,,,,-,-,-,-,-,
1987-11-06,ジャレコ,宇宙船コスモキャリア,-,4,SLG,"￥4,900","￥5,000代",0,1,,,,,,,,-,-,-,-,-,
1987-11-13,日本物産,アルテリオス,-,4,RPG,"￥5,500","￥5,500代",0,1,,,,,,,,-,-,-,-,-,
1987-11-16,ハドソン,ファザナドゥ,-,5,ARPG,"￥5,900","￥6,000代",0,1,,,奥野仁|小山俊典,岡本敏郎,作曲:竹間ジュン|プログラミング:滝本利昭,,,-,-,-,-,-,
1987-11-27,バンダイ,ファミリートレーナーシリーズ7ファミトレ大運動会,-,2,SPT,"￥4,900","￥5,000代",0,1,,,,,,,,-,-,-,-,-,
1987-11-27,ナムコ,時空勇伝デビアス,-,4,RPG,"￥4,900","￥5,000代",0,1,,,,,,,,-,-,-,-,-,
1987-12-04,ビクター音楽産業,アウトランダーズ,-,4,RPG,"￥5,300","￥5,500代",0,1,,,,浜崎博嗣,,真鍋譲治,,-,-,-,-,-,
1987-12-04,ナムコ,スターウォーズ(ナムコ製),30,4,ACT,"￥4,900","￥5,000代",0,1,,,岸本好弘,WAN WAN|SHIMADA,川田宏行,,中村雅哉,-,-,-,-,-,
1987-12-04,コナミ,ドラゴンスクロール蘇りし魔竜,-,4,RPG,"￥5,300","￥5,500代",0,1,,,,,,,,-,-,-,-,-,
1987-12-04,パックインビデオ,ランボー,-,4,ACT,"￥5,300","￥5,500代",0,1,,,,,ジェリー・ゴールドスミス,ディヴィッド・マレル|『一人だけの軍隊』,,-,-,-,-,-,
1987-12-07,スクウェア,JJ(ジェイジェイ),-,4,SHT,"￥4,500","￥4,500代",0,1,,,,,,,,-,-,-,-,-,
1987-12-09,データイースト,ゴルフ倶楽部バーディラッシュ,-,4,SPT,"￥5,500","￥5,500代",0,1,,,,,,,,-,-,-,-,-,
1987-12-11,コナミ,トップガン,-,4,SHT,"￥5,300","￥5,500代",0,1,,,,,,,,-,-,-,-,-,
1987-12-11,ナムコ,ファミリーテニス,-,3,SPT,"￥3,900","￥4,000代",0,1,,,弓達公雄,永島洋武,小沢純子,,中村雅哉,-,対戦,-,-,-,
1987-12-11,タイトー,京都龍の寺殺人事件山村美紗サスペンスシリーズ,-,4,ADV,"￥5,500","￥5,500代",0,1,,,,,,,,-,-,-,-,-,
1987-12-12,デービーソフト,鉄道王,34,2,ETC,"￥4,900","￥5,000代",0,1,,,,,,,,-,-,-,-,-,
1987-12-15,任天堂,銀河の三人,-,4,RPG,"￥5,000","￥5,000代",0,1,,,,,,,,🟦青,-,-,-,-,
1987-12-16,コナミ,エキサイティングボクシング,-,4,ACT,"￥7,980","￥8,000代",0,1,,,,,,,,-,-,-,-,-,
1987-12-17,カプコン,ロックマン,-,4,ACT,"￥5,300","￥5,500代",120,1,,,,,,,,🟦青,-,-,-,-,
1987-12-18,ナムコ,カルノフ,-,4,ACT,"￥4,900","￥5,000代",0,1,,,,,,,,-,-,-,-,-,
1987-12-18,ケイアミューズメントリース,スティックハンター,-,4,SPT,"￥5,500","￥5,500代",0,1,,,,,,,,-,-,-,-,-,
1987-12-18,タイトー,タイトーグランプリ栄光へのライセンス,-,4,RCG,"￥5,500","￥5,500代",0,1,,,,,,,,-,-,-,-,-,
1987-12-18,スクウェア,ファイナルファンタジー,34,5,RPG,"￥5,900","￥6,000代",0,1,,坂口博信,ナーシャ・ジベリ,田中弘道|河津秋敏|天野喜孝,植松伸夫,寺田憲史|河津秋敏,宮本雅史,⬜白,-,-,-,-,
1987-12-18,ココナッツジャパン,目指せパチプロパチ夫くん,31,4,TBL,"￥5,500","￥5,500代",0,1,,,,,,,,-,-,-,-,-,
1987-12-22,アスキー,ウィザードリィ,33,4,RPG,"￥5,800","￥6,000代",0,1,,,,,,,,◾黒,-,-,-,-,
1987-12-22,バンダイ,ゲゲゲの鬼太郎2妖怪軍団の挑戦,-,4,RPG,"￥5,500","￥5,500代",0,1,,,,,,,,-,-,-,-,-,
1987-12-22,ナムコ,プロ野球ファミリースタジアム87年度版,-,3,SPT,"￥3,900","￥4,000代",130,1,,,,,,,,-,-,-,-,-,
1987-12-22,コナミ,メタルギア,-,4,ACT,"￥5,300","￥5,500代",0,1,,,福井博幸|大塚友則,小島秀夫|たばたまさみ|ふじもとあずさ,水谷郁|たけのうちしげひろ|古川元亮,,,-,-,-,-,-,
1987-12-25,東芝ＥＭＩ,マグナム危機一髪エンパイアシティー1931,-,4,SHT,"￥5,300","￥5,500代",0,1,,,,,,,,-,-,-,-,-,
1987-12-26,ポニーキャニオン,アタックアニマル学園,-,4,SHT,"￥5,500","￥5,500代",0,1,,はっとりやすお,TSUHKAI SQUASH YAROH,にしたにあや|ふじもりあつし,はっとりやすお,,,-,-,-,-,-,
1987-12-26,ケムコ,スーパーマン,-,4,ACT,"￥5,500","￥5,500代",0,1,,,,,,,,-,-,-,-,-,
1987-12-28,バンダイ,ファミリートレーナーシリーズ8突撃！風雲たけし城,-,2,SPT,"￥4,900","￥5,000代",0,1,,,,,,,,-,-,-,-,-,
1988-01-06,ナムコ,ファミリーサーキット,32,4,RCG,"￥3,900","￥4,000代",0,1,,,遠藤雅伸|もろぼしはずれ,遠藤雅伸,大野木宜幸,,今成一雄,-,-,-,-,-,
1988-01-07,HAL研究所,ソフトハウス連続殺人事件殺意の階層,-,5,ADV,"￥5,900","￥6,000代",0,1,,,,,,,,-,-,-,-,-,
1988-01-14,コナミ,コナミワイワイワールド,30,4,ACT,"￥5,500","￥5,500代",0,1,,,青山和浩|徳田典|小川光章,月仲本|日下進,坂元信也|松尾重政|藤尾敦,,,-,-,-,-,-,
1988-01-22,東映動画,スケバン刑事Ⅲ,-,4,ACT,"￥5,300","￥5,500代",0,1,,,,,新田一郎,土屋斗紀雄|橋本以蔵|我妻正義|武上純希|神戸一彦,石原隆|中曽根千治|手塚治,-,-,-,-,-,
1988-01-23,サンソフト,リップルアイランド,-,4,ADV,"￥4,900","￥5,000代",0,1,,,酒井敦史|東谷浩明,KIRITAN|もりけん|HIDECHAN|CHAPPY,小高直樹|RYU,,,-,-,-,-,-,
1988-01-29,データイースト,ドナルドランド,-,4,ACT,"￥5,500","￥5,500代",0,1,,中本博通,石井誠一|GUMON|R.IJYUIN,棈松和哉|TAKAYUKI.M|T.NAGAOKA|かんだあきら|MOTOKO.N,S.KAMIZONO|三浦孝史|酒井省吾,,兼安時紀,🟥赤,-,-,-,-,
1988-02-01,HAL研究所,ジャンボ尾崎のホールインワンプロフェッシュナル,-,4,SPT,"￥5,600","￥5,500代",0,1,,,,,,,,-,-,-,-,-,
1988-02-01,CBSソニー,パリダカールラリースペシャル,-,4,RCG,"￥5,300","￥5,500代",0,1,,,,,,,,-,-,-,-,-,
1988-02-03,バンダイ,仮面ライダー倶楽部,-,4,ACT,"￥5,500","￥5,500代",0,1,,,,,,,,-,-,-,-,09位,
1988-02-05,アイレム,ガーディック外伝,30,4,SHT,"￥5,500","￥5,500代",0,1,,仁井谷正充,広野隆行,寺本耕二|頼近直純|加藤直之,宮本昌知|山藤武志,,,-,-,-,-,-,
1988-02-09,コナミ,魂斗羅(コントラ),-,4,ACT,"￥5,300","￥5,500代",0,1,,,,,,,大瀧詠一,-,-,-,-,-,
1988-02-10,エニックス,ドラゴンクエストⅢそして伝説へ…,38,5,RPG,"￥5,900","￥6,000代",380,1,,中村光一,内藤寬,鳥山明,すぎやまこういち,堀井雄二,千田幸信,◾黒,-,-,-,-,
1988-02-18,バンダイ,カラオケスタジオ専用カセットトップヒット20Vol.2,-,5,ETC,"￥3,980","￥4,000代",0,1,,,,,,,,-,-,-,-,-,
1988-02-18,イマジニア,松本亨の株式必勝学,30,5,SLG,"￥9,800","￥10,000代",0,1,,,,山科けいすけ,,松本亨,,-,-,-,-,-,
1988-02-26,データイースト,探偵神宮寺三郎横浜港連続殺人事件,-,4,ADV,"￥5,500","￥5,500代",0,1,,佐原稔英,梅木元博|今井敏彦,寺田克也,中神紀之|K.SUZUKI|宮田やすお,RABBIT HOUSE GROUP4,,-,-,-,-,-,
1988-02-26,コナミ,鉄腕アトム,-,4,ACT,"￥5,500","￥5,500代",0,1,,,,,,,,-,-,-,-,-,
1988-03-04,ポニーキャニオン,ボールブレイザー(ルーカスフィルムゲーム),-,4,ACT,"￥5,500","￥5,500代",0,1,,,,,,,,-,-,-,-,-,
1988-03-08,タイトー,アルカノイドⅡ,-,3,ETC,"￥5,900","￥6,000代",0,1,,,,,,,,-,-,-,-,-,
1988-03-10,パックインビデオ,シュワルツネッガーのプレデター,-,4,ACT,"￥5,500","￥5,500代",0,1,,,,,,,,-,-,-,-,-,
1988-03-17,ビクター音楽産業,釣りキチ三平ブルーマーリン編,-,4,ETC,"￥5,500","￥5,500代",0,1,,,,,,,,-,-,-,-,-,
1988-03-17,ナムコ,ローリングサンダー,-,4,ACT,"￥5,500","￥5,500代",0,1,,,,,,,,-,-,-,-,-,
1988-03-18,アイレム,ナポレオン戦記,-,4,SLG,"￥5,500","￥5,500代",0,1,,,,,,,,-,-,-,-,-,
1988-03-18,光栄,信長の野望全国版,-,5,SLG,"￥9,800","￥10,000代",0,1,,,,,菅野よう子,,シブサワ・コウ,-,-,-,-,-,
1988-03-18,ポニーキャニオン,谷川浩司の将棋指南Ⅱ名人への道,-,4,TBL,"￥5,500","￥5,500代",0,1,,,,,,,,-,-,-,-,-,
1988-03-24,SNK,ファイティングゴルフ,-,4,SPT,"￥5,500","￥5,500代",0,1,,,,,,,,-,-,-,-,-,
1988-03-26,ビック東海,ゴルゴ13第一章神々の黄昏,-,4,ACT,"￥5,700","￥5,500代",0,1,,ANGELA,八木としやす,吉川昇一|吉川昇一|佐藤博幸,蓮谷通治,倉本奈緒,さいとう・たかを,-,-,-,-,-,
1988-03-28,イマジニア,愛の伝説オリュンポスの戦い,-,4,RPG,"￥5,300","￥5,500代",0,1,,,,,,,,-,-,-,-,-,
1988-03-28,ホットビィ,武田信玄,-,4,SLG,"￥5,800","￥6,000代",0,1,,,,,,,,-,-,-,-,-,
1988-03-29,アスキー,フリートコマンダー,-,2,SLG,"￥5,500","￥5,500代",0,1,,,,,,,,-,-,-,-,-,
1988-03-29,タイトー,不動明王伝,-,5,ACT,"￥5,900","￥6,000代",0,1,,,,,,,,-,-,-,-,-,
1988-03-30,データイースト,ビーバップハイスクール高校生極楽伝説,-,4,ADV,"￥5,800","￥6,000代",0,1,,,,,,,,-,-,-,-,-,
1988-04-05,ナムコ,独眼竜政宗,-,4,SLG,"￥5,500","￥5,500代",0,1,,,,,,,,-,-,-,-,-,
1988-04-08,東宝,ジーキル博士の彷魔が刻,-,4,ACT,"￥5,300","￥5,500代",0,1,,,,,蓮谷通治,,,-,-,-,-,-,
1988-04-08,テクノスジャパン,双截龍(ダブルドラゴン),31,4,ACT,"￥5,800","￥6,000代",0,1,,,,,,,,-,-,-,-,-,
1988-04-15,ジャレコ,燃えろ！！プロテニス,-,4,SPT,"￥5,500","￥5,500代",0,1,,,,樋上いたる|門之園恵美|池田和美,折戸伸治|戸越まごめ|麻枝准,志茂文彦,馬場隆博,-,-,-,-,-,
1988-04-16,ケイアミューズメントリース,怒ⅡDOGOSOKEN,-,5,ACT,"￥5,500","￥5,500代",0,1,,,,,,,,-,-,-,-,-,
1988-04-28,トンキンハウス,エリュシオン,-,4,RPG,"￥5,500","￥5,500代",0,1,,,,,,,,-,-,-,-,-,
1988-04-28,テクモ,キャプテン翼,32,4,SPT,"￥5,500","￥5,500代",0,1,,,,,,高橋陽一,,🟥赤,-,-,-,-,
1988-04-28,ケムコ,砂漠の狐戦車戦略,-,4,SLG,"￥5,500","￥5,500代",0,1,,,,,,,,-,-,-,-,-,
1988-05-01,トーワチキ,名探偵ホームズ霧のロンドン殺人事件,-,5,ADV,"￥6,000","￥6,000代",0,1,,,,,,,,-,-,-,-,-,
1988-05-13,スクウェア,ディープダンジョンⅢ勇士への旅,-,5,RPG,"￥5,900","￥6,000代",0,1,,,,,,,,-,-,-,-,-,
1988-05-20,東映動画,仮面の忍者赤影,-,4,ACT,"￥5,300","￥5,500代",0,1,,石崎すすむ,,金山明博,知久光康,菅良幸|井上敏樹|照井啓司|渡辺麻実,,-,-,-,-,-,
1988-05-27,ヘクト,将軍(SHOGUN),-,4,SLG,"￥5,800","￥6,000代",0,1,,,,,モーリス・ジャール,エリック・バーコビッチ,エリック・バーコビッチ|ベン・チャップマン|ジェームズ・クラベル|ケリー・フェルザーン,-,-,-,-,-,
1988-05-27,ハドソン,サラダの国のトマト姫,-,4,ADV,"￥5,900","￥6,000代",0,1,,,,,,,,-,-,-,-,-,
1988-05-27,ナムコ,ナムコクラシック,30,5,SPT,"￥5,900","￥6,000代",0,1,,,,,,,,-,-,-,-,-,
1988-05-27,ユーピーエル,忍者くん阿修羅の章,-,4,ACT,"￥5,300","￥5,500代",0,1,,,西澤龍一|藤沢勉,西澤龍一|藤沢勉,,,,🟥赤,-,-,-,-,
1988-05-30,バンダイ,聖闘士星矢黄金伝説完結編,-,4,RPG,"￥5,800","￥6,000代",0,1,,,,,,,,🟦青,-,-,-,-,
1988-06-03,日本物産,コスモポリスギャリバン,-,4,ACT,"￥5,900","￥6,000代",0,1,,藤原茂樹,つちいえとしお,藤原茂樹|なかがわきょうこ,吉田健志,,,-,-,-,-,-,
1988-06-17,サンソフト,超惑星戦記メタファイト,32,4,SHT,"￥5,300","￥5,500代",0,1,,東谷浩明|北角浩一,さだけんじ|かじたけんじ,さだけんじ|岩田義明|駕屋ひろゆき|リチャード・ロビンス,小高直樹,,,-,-,-,-,-,
1988-06-20,カプコン,1943,-,4,SHT,"￥5,300","￥5,500代",0,1,,,,,,,,-,-,-,-,-,
1988-06-24,ケムコ,真田十勇士,30,4,RPG,"￥5,600","￥5,500代",0,1,,,,,,,,-,-,-,-,-,
1988-06-24,ナムコ,妖怪道中記,30,4,ACT,"￥4,900","￥5,000代",0,1,,,デビル中村,水野一実|ナナチャン大石|木元昌洋|小森谷勇一郎|サラバジャ南|ホルスタイン安斎|カータン榊原,川田宏行,,,-,-,-,-,-,
1988-06-28,タイトー,究極ハリキリスタジアム,-,4,SPT,"￥5,500","￥5,500代",0,1,,,,,,,,-,-,-,-,-,
1988-07-14,BPS,スーパーブラックオニキス,-,5,RPG,"￥5,900","￥6,000代",0,1,,,ボブ・ラザフォード|小林孝志|リチャード・チャールズ・ロジャース|坂本隆志,ヘンク・ブラウアー・ロジャース|ハンス・ヤンセン,,松方哲也,,-,-,-,-,-,
1988-07-15,コナミ,じゃりん子チエばくだん娘のし幸せさがし,-,4,ADV,"￥5,800","￥6,000代",0,1,,,,,,,,-,-,-,-,-,
1988-07-15,アスキー,ベストプレープロ野球,30,4,SLG,"￥5,800","￥6,000代",0,1,,,,,,,,-,-,-,-,-,
1988-07-15,ジャレコ,伝説の騎士エルロンド,-,4,ACT,"￥5,500","￥5,500代",0,1,,,,,デビッド・ワイズ,,,-,-,-,-,-,
1988-07-20,カプコン,ヒットラーの復活トップシークレット,-,5,ACT,"￥5,900","￥6,000代",0,1,,,,,,,,-,-,-,-,-,
1988-07-21,ボーステック,めぞん一刻,-,5,ADV,"￥5,900","￥6,000代",0,1,,,,,周防義和,岡田惠和,,-,-,-,-,-,
1988-07-22,ナムコ,カイの冒険,-,4,ACT,"￥3,900","￥4,000代",0,1,,遠藤雅伸,内藤智,遠藤雅伸|篠崎雄一郎|ときた洸一,小沢純子,遠藤雅伸,,-,-,-,-,-,
1988-07-22,ビック東海,カケフくんのジャンプ天国スピード地獄,-,4,ACT,"￥5,300","￥5,500代",0,1,,はせがわとしひさ,BIG HIT MACHIYA|河村知彦,はせがわとしひさ,蓮谷道治,,藤原明|曽我栄蔵,-,-,-,-,-,
1988-07-26,タイトー,レインボーアイランド,-,4,ACT,"￥5,500","￥5,500代",0,1,,,藤末一郎|みきこうじ|おくのこうじ,三辻富貴朗|三辻富貴朗|讃岐平,相澤静夫|小倉久佳,三辻富貴朗,,-,-,-,-,-,
1988-07-26,テクノスジャパン,熱血高校ドッジボール部,31,4,SPT,"￥5,800","￥6,000代",0,1,,,,,,,,-,対戦,10位,-,-,
1988-07-29,SNK,グレートタンク,-,4,SHT,"￥5,500","￥5,500代",0,1,,,かねだゆきお,なかいとしゆき|小畑浩二|藤原秀樹|かわさきいさむ|かまだおさむ|さとうじゅんこ,ゆあさまさかず|田中敬一|西田和弘,,川崎英吉,-,-,-,-,-,
1988-07-29,ナムコ,三国志中原の覇者,-,4,SLG,"￥6,900","￥7,000代",0,1,,,,,,,,-,-,-,-,-,
1988-07-29,カルチャーブレーン,飛龍の拳Ⅱドラゴンの翼,-,4,ACT,"￥5,500","￥5,500代",0,1,,,,,,,,-,-,-,-,-,
1988-07-30,バップ,スーパーリアルベースボール'88,-,4,SPT,"￥5,500","￥5,500代",0,1,,,,,,,,-,-,-,-,-,
1988-08-03,東京書籍,太陽の神殿アステカⅡ,-,5,ADV,"￥5,900","￥6,000代",0,1,,加藤正幸,橋本昌哉,山根ともお|横山宏,阿部隆人,宮本恒之,,-,-,-,-,-,
1988-08-09,HAL研究所,エッガーランド迷宮の復活,-,4,PZL,"￥5,600","￥5,500代",0,1,,,,,,,,-,-,-,-,-,
1988-08-10,ソフエル,ザ・マネーゲーム,-,4,SLG,"￥5,900","￥6,000代",0,1,,,篠原正義|高橋範道|杉坂浩一|ドラゴン高橋|土津完保|山本忠行,山口裕司|山㟁栄一,大藤由美子(日本版)|村井俊夫(北米版),松沢博,,-,-,-,-,-,
1988-08-10,バンダイ,闘将！！拉麺男炸裂超人一○二芸,-,4,ADV,"￥5,800","￥6,000代",0,1,,明比正行,,山口泰弘,奥慶一,ゆでたまご,,-,-,-,-,-,
1988-08-10,ジャレコ,燃えろ！！プロ野球'88決定版,-,5,SPT,"￥5,800","￥6,000代",0,1,,,,,,,,-,-,-,-,-,
1988-08-11,サンソフト,水戸黄門Ⅱ世界漫遊記,-,4,ADV,"￥5,500","￥5,500代",0,1,,,,,,,,-,-,-,-,-,
1988-08-12,データイースト,サッカーリーグウィナーズカップ,-,4,SPT,"￥5,800","￥6,000代",0,1,,,,,,,,-,-,-,-,-,
1988-08-12,バンダイ,ドラゴンボール大魔王復活,-,4,RPG,"￥5,800","￥6,000代",0,1,,荻野目洋,しみずかずや,あきこ|ゆうこ|かつら|やすえ,安達春樹|ペルー,,,-,-,-,-,-,
1988-08-12,ナムコ,ファイナルラップ,-,4,RCG,"￥5,200","￥5,000代",0,1,,,,,細江慎治,,,-,-,-,-,-,
1988-08-12,任天堂,ファミコンウォーズ,33,4,SLG,"￥5,500","￥5,500代",0,1,,,,,,,,-,-,-,-,-,
1988-08-12,コナミ,マッドシティ,-,4,ACT,"￥5,500","￥5,500代",0,1,,,,,トーマス・ニューマン,トム・マシューズ,,-,-,-,-,-,
1988-08-19,アイレム,不如帰(ほととぎす),-,5,SLG,"￥6,500","￥6,500代",0,1,,,,,,,,-,-,-,-,-,
1988-08-23,ココナッツジャパン,スーパーピンボール,-,4,ETC,"￥5,800","￥6,000代",0,1,,,,,,,,-,-,-,-,-,
1988-08-26,ビクター音楽産業,イース,30,5,RPG,"￥6,200","￥6,000代",0,1,,,,,,,,-,-,-,-,-,
1988-08-26,バップ,スーパーダイナミックバトミントン,-,2,SPT,"￥4,900","￥5,000代",0,1,,,,,,,,-,-,-,-,-,
1988-08-26,ハドソン,亀の恩返し,-,4,SHT,"￥5,500","￥5,500代",0,1,,,,,高山博彦,,,-,-,-,-,-,
1988-09-02,SNK,ファミコン名人戦,-,4,TBL,"￥5,900","￥6,000代",0,1,,,,,,,,-,-,-,-,-,
1988-09-13,ジャレコ,マニアックマンション,-,5,ADV,"￥5,500","￥5,500代",0,1,,,ロン・ギルバート|デヴィッド・フォックス|カール・メイ,ロン・ギルバート|ゲイリー・ウィニック(英語版)|ゲイリー・ウィニック,クリス・グリッグス|デヴィッド・ローレンス,ロン・ギルバート|ゲイリー・ウィニック,,-,-,-,-,-,
1988-09-16,コナミ,コナミックスポーツインソウル,-,4,SPT,"￥5,500","￥5,500代",0,1,,,,,,,,-,-,-,-,-,
1988-09-16,ポニーキャニオン,霊幻道士,-,5,ACT,"￥5,900","￥6,000代",0,1,,,,,アンダース・ネルソン|メロディ・バンク,バリー・ウォン(黄炳耀)[注釈 1]|シートゥ・チャホン,,-,-,-,-,-,
1988-09-21,ポニーキャニオン,孔雀王,-,5,ADV,"￥5,800","￥6,000代",0,1,,,,越智博之(1)|摩砂雪(2)|岸田隆宏(3)|小池健|阿部恒,,荻野真,,-,-,-,-,-,
1988-09-22,ケムコ,ドナルドダック,-,4,ETC,"￥5,800","￥6,000代",0,1,,,,,,,,-,-,-,-,-,
1988-09-27,セタ,エイトアイズ,-,4,ACT,"￥5,800","￥6,000代",0,1,,,,,レノン=マッカートニー,,ジョージ・マーティン,-,-,-,-,-,
1988-09-27,ナムコ,えりかとさとるの夢冒険,-,4,ADV,"￥4,900","￥5,000代",0,1,,,,,高山博彦,,,-,-,-,-,-,
1988-09-30,エピックソニー,VIVALASVEGAS,-,4,TBL,"￥5,900","￥6,000代",0,1,,,,,,,,-,-,-,-,-,
1988-09-30,パックインビデオ,ナイトライダー,-,3,RCG,"￥5,500","￥5,500代",0,1,,,,,,,,-,-,-,-,-,
1988-10-01,アスキー,ベストプレープロ野球新データ,-,4,SLG,"￥5,800","￥6,000代",0,1,,,,,,,,-,-,-,-,-,
1988-10-11,ボーステック,大戦略,-,4,SLG,"￥5,900","￥6,000代",0,1,,,,,,,,-,-,-,-,-,
1988-10-18,ホットビィ,ザ・ブラックバスⅡ,-,4,ETC,"￥5,800","￥6,000代",0,1,,,,,,,,-,-,-,-,-,
1988-10-21,データイースト,コブラコマンド,-,4,SHT,"￥5,800","￥6,000代",0,1,,,,,,,,-,-,-,-,-,
1988-10-21,ナムコ,源平討魔伝,-,4,RPG,"￥4,900","￥5,000代",0,1,,,大久保良一,阿部信彦|高橋由鬼夫|穴田悟,中潟憲雄,高橋由鬼夫|大久保良一|中潟憲雄,,-,-,-,-,-,
1988-10-23,任天堂,スーパーマリオブラザーズ3,35,5,ACT,"￥6,500","￥6,500代",384,1,,宮本茂|手塚卓志,中郷俊彦,宮本茂|手塚卓志|手塚卓志|紺野秀樹|木村浩之,近藤浩治,,宮本茂,🟨黄,対戦,18位,16位,-,
1988-10-28,ヘクト,アメリカ大統領選挙,-,4,SLG,"￥9,800","￥10,000代",0,1,,,,,,,,-,-,-,-,-,
1988-10-30,光栄,三國志,-,5,SLG,"￥9,800","￥10,000代",0,1,,,,,,,,-,-,-,-,-,
1988-11-10,ナツメ,東方見文録,-,4,ADV,"￥5,800","￥6,000代",0,1,,,キャプテンつぼはち,太田螢一,HANA YAMUCHA,ウルトラかんさい|KONAN,,-,-,-,-,-,
1988-11-11,ケイアミューズメントリース,アメリカンフットボールタッチダウンフィーバー,-,4,SPT,"￥5,500","￥5,500代",0,1,,,,,,,,-,-,-,-,-,
1988-11-11,アスミック,ぎゅわんぶらあ自己中心派,-,5,TBL,"￥5,900","￥6,000代",0,1,,,,,,,,-,-,-,-,-,
1988-11-11,ジャレコ,西遊記ワールド,-,4,ACT,"￥5,500","￥5,500代",0,1,,,,,,,,-,-,-,-,-,
1988-11-16,アテナ,ファミリークイズ4人はライバル,-,4,ETC,"￥5,800","￥6,000代",0,1,,,,,,,,-,-,-,-,-,
1988-11-18,ナムコ,貝獣物語,-,4,RPG,"￥5,500","￥5,500代",0,1,,,スタジオD51,バースデイ|フロッピー野中,六土開正,バースデイ,,-,-,-,-,-,
1988-11-22,ケムコ,ディジャブ悪魔は本当にやって来た,30,4,ADV,"￥9,800","￥10,000代",0,1,,,,,,,,-,-,-,-,-,
1988-11-22,ジャレコ,燃えろ！！ジュニアバスケットTWOONTWO,-,4,SPT,"￥5,500","￥5,500代",0,1,,,,,,,,-,-,-,-,-,
1988-11-25,タイトー,たけしの戦国風雲児,-,4,ETC,"￥5,800","￥6,000代",0,1,,,,,,,,-,-,-,-,-,
1988-11-25,ナムコ,ファミリーマージャンⅡ上海への道,-,4,TBL,"￥4,900","￥5,000代",0,1,,,,,,,,-,-,-,-,-,
1988-11-29,ジャレコ,中国占星術,-,4,ETC,"￥5,900","￥6,000代",0,1,,,,,,,,-,-,-,-,-,
1988-12-02,サンソフト,エイリアンシンドローム,-,4,ACT,"￥5,500","￥5,500代",0,1,,,,,中林亨,,,-,-,-,-,-,
1988-12-02,ハドソン,桃太郎電鉄,-,5,TBL,"￥5,800","￥6,000代",0,1,,さくまあきら,,飯塚裕之|土居孝幸,関口和之,桝田省治|こいでたく|まつもとたづ,,-,-,-,-,-,
1988-12-02,ビック東海,突然！マッチョマン,-,4,ACT,"￥5,500","￥5,500代",0,1,,,おかだひろゆき,竹森得泰|風間浩|MACKEY UENO,横山清|安藤童太,,いのうえあきお,-,-,-,-,-,
1988-12-02,スクウェア,半熟英雄,-,4,SLG,"￥5,800","￥6,000代",0,1,,,,,,,,-,-,-,-,-,
1988-12-09,ナムコ,キングオブキングス,30,4,SLG,"￥5,900","￥6,000代",0,1,,,,,,,,-,-,-,-,-,
1988-12-09,東宝,ゴジラ,-,4,SLG,"￥5,800","￥6,000代",0,1,,,,,,,,-,-,-,-,-,
1988-12-09,バリエ,中嶋悟監修F-1ヒーロー,-,4,RCG,"￥5,900","￥6,000代",0,1,,,,,,,,-,-,-,-,-,
1988-12-09,テクモ,忍者龍剣伝,-,4,ACT,"￥5,500","￥5,500代",0,1,,,,,斎藤幹雄,,,⬜白,-,-,-,14位,
1988-12-10,インダクショウンプロディース,89電脳九星占いbyGingukan,-,5,ETC,"￥9,800","￥10,000代",0,1,,,,,,,,-,-,-,-,-,
1988-12-13,東映動画,ファイティングロード,-,4,ACT,"￥6,200","￥6,000代",0,1,,,,,,,,-,-,-,-,-,
1988-12-16,ビクター音楽産業,かぐや姫伝説,-,5,ADV,"￥5,900","￥6,000代",0,1,,,SPRING FIELD,富沢千夏,美羅亜樹,松本貢,本多慧,-,-,-,-,-,
1988-12-16,徳間書店,キャプテンシルバー,-,4,ACT,"￥5,500","￥5,500代",0,1,,,,,,,,-,-,-,-,-,
1988-12-16,コナミ,グラディウスⅡ,31,4,ACT,"￥5,900","￥6,000代",0,1,,,橋本和久|徳田典|松花賢和|高浜元,三好威正|H.MORII|すえながみかよ,村岡一樹|上原和彦|上高治巳|森本ゆきえ,,,-,-,-,-,-,
1988-12-16,ケイアミューズメントリース,ザトライアスロン,-,4,RCG,"￥5,600","￥5,500代",0,1,,,,,,,,-,-,-,-,-,
1988-12-16,タイトー,究極ハリキリスタジアム'88選手新データバージョン,-,4,SPT,"￥5,500","￥5,500代",0,1,,,,,,,,-,-,-,-,-,
1988-12-17,東京書籍,サイクルレースロードマン～激走！！日本一周4000km～,-,4,RCG,"￥5,500","￥5,500代",0,1,,,,,,,,-,-,-,-,-,
1988-12-17,バリエ,トップライダー,-,4,RCG,"￥9,800","￥10,000代",0,1,,,,,,,,-,-,-,-,-,
1988-12-17,スクウェア,ファイナルファンタジーⅡ,35,5,RPG,"￥6,500","￥6,500代",76,1,,坂口博信,ナーシャ・ジベリ,田中弘道|青木和彦|天野喜孝,植松伸夫,寺田憲史,宮本雅史,⬜白,-,-,-,-,
1988-12-20,バンダイ,ファミリートレーナーシリーズ9風雲たけし城二,-,2,SPT,"￥4,900","￥5,000代",0,1,,,,,,,,-,-,-,-,-,
1988-12-20,サンソフト,ファンタジーゾーンⅡオパオパの涙,-,4,SHT,"￥5,500","￥5,500代",0,1,,,,,上保徳彦,,,-,-,-,-,-,
1988-12-20,ナムコ,プロ野球ファミリースタジアム'88年度版,-,4,SPT,"￥4,900","￥5,000代",109,1,,,,,,,,-,-,-,-,-,
1988-12-20,HAL研究所,ローラーボール,-,4,TBL,"￥5,600","￥5,500代",0,1,,,,,,,,-,-,-,-,-,
1988-12-21,ケムコ,銀河英雄伝説わが征くは星の大海,-,4,SLG,"￥5,900","￥6,000代",0,1,,,,本木久年|清水恵蔵|久米一成|田中精美|池田裕治|高橋英樹|清水恵蔵|清水恵蔵(全編)|今泉賢一(「汚名」),,河中志摩夫,,-,-,-,-,-,
1988-12-22,BPS,テトリス,-,2,PZL,"￥4,900","￥5,000代",181,1,,,,,,,,-,-,-,07位,-,
1988-12-23,ジャレコ,燃えろ！！プロサッカー,-,5,SPT,"￥5,800","￥6,000代",0,1,,,,,,,,-,-,-,-,-,
1988-12-24,タイトー,アキラ,-,4,ADV,"￥6,800","￥7,000代",0,1,,,,,,,,-,-,-,-,-,
1988-12-24,九娯貿易,エアーウルフ,-,4,ACT,"￥5,900","￥6,000代",0,1,,,,,,,,-,-,-,-,-,
1988-12-24,フジテレビ,小公子セディ(ファミコンドラマ),-,5,ADV,"￥5,900","￥6,000代",0,1,,,,,,,,-,-,-,-,-,
1988-12-24,カプコン,プロ野球？殺人事件！,-,5,ADV,"￥5,900","￥6,000代",0,1,,西山隆志,,貞本友思|河野浩行|貞本友思|稲船敬二,殿村裕誠,,,-,-,-,-,-,
1988-12-24,カプコン,ロックマン2Dr.ワイリーの謎,-,5,ACT,"￥5,800","￥6,000代",151,1,,北村玲,松嶋延幸,北村玲|岸本泰明|稲船敬二|富田直哉|北村玲,立石孝|松前真奈美|坂口由洋,,藤原得郎,🟥赤,-,-,-,-,
1988-12-26,SNK,ゲバラ,-,4,SHT,"￥5,500","￥5,500代",0,1,,,,,,,,-,-,-,-,-,
1989-01-04,コナミ,がんばれゴエモン2,-,4,ACT,"￥5,500","￥5,500代",0,1,,,青山和浩|小川光章|蛭子悦延,日下進|西村汁子|汾陽桂太,村田幸史|山根ミチル,,,-,-,-,-,-,
1989-01-06,タカラ,スペースハリアー,-,4,SHT,"￥5,500","￥5,500代",0,1,,藤井睦弘(セガ・マークIII),三船敏(アーケード)|川竹英士(アーケード)|中裕司(セガ・マークIII),鈴木裕(アーケード)|麻生宏(アーケード)|津田知介(アーケード)|永田英朗(アーケード)|貞森康毅(セガ・マークIII),川口博史(アーケード)|鈴木裕(アーケード)|上保徳彦(セガ・マークIII),中裕司(セガ・マークIII)|藤井睦弘(セガ・マークIII)|百田浩司(セガ・マークIII),金成貫(アーケード)|中裕司(セガ・マークIII),-,-,-,-,-,
1989-01-06,ソフエル,100万$キッド幻の帝王編,-,5,TBL,"￥5,900","￥6,000代",0,1,,,,のむら ただお,村井俊夫,,,-,-,-,-,-,
1989-01-20,アイレム,西村京太郎ミステリーブルートレイン殺人事件,-,4,ADV,"￥6,500","￥6,500代",0,1,,,,,,,,-,-,-,-,-,
1989-01-20,SNK,里見八犬伝,-,4,RPG,"￥5,900","￥6,000代",0,1,,,,,,,,-,-,-,-,-,
1989-01-27,東芝ＥＭＩ,ゾイド2ゼネバスの逆襲,-,5,RPG,"￥5,900","￥6,000代",0,1,,,,,,,,-,-,-,-,-,
1989-01-27,コナミ,モトクロスチャンピオン,-,4,RCG,"￥5,500","￥5,500代",0,1,,,,,,,,-,-,-,-,-,
1989-01-27,ビック東海,電撃ビッグバン,-,4,ACT,"￥5,800","￥6,000代",0,1,,,久松のりひろ|成澤都美子|佐野まゆみ,かわむらはるひこ|かわむらはるひこ|ピータンやまぐち|きのしたかずあき,蓮谷道治,,,-,-,-,-,-,
1989-01-30,ココナッツジャパン,パチ夫くん2,-,5,TBL,"￥6,500","￥6,500代",0,1,,,,,,,,-,-,-,-,-,
1989-01-31,バンダイ,ファミリートレーナーシリーズ10来来キョンシーズベビーキョンシーのあみだ大冒険,-,2,SPT,"￥4,900","￥5,000代",0,1,,,,,,,,-,-,-,-,-,
1989-01-31,データイースト,ワールドグランプリPOLEtoFINISH(ポール・トゥ・フィニッシュ),-,4,RCG,"￥5,800","￥6,000代",0,1,,,,,,,,-,-,-,-,-,
1989-02-06,セタ,トムソーヤの冒険,-,4,ACT,"￥5,900","￥6,000代",0,1,,,,,,,,-,-,-,-,-,
1989-02-09,ナムコ,ワギャンランド,-,4,ACT,"￥4,900","￥5,000代",0,1,,,,,,,,-,-,-,-,-,
1989-02-10,サンソフト,赤龍王,-,4,ADV,"￥5,500","￥5,500代",0,1,,,,,,,,-,-,-,-,-,
1989-02-11,タイトー,京都花の密室殺人事件山村美紗サスペンスシリーズ,-,4,ADV,"￥5,900","￥6,000代",0,1,,,,,,,,-,-,-,-,-,
1989-02-15,バンダイ,ファミコンジャンプ英雄列伝,-,5,RPG,"￥6,500","￥6,500代",110,1,,東海林隆|かみやはるき|大久保悌伸,あさくさNABE|TRACY KAZUYA,荻野目洋,安達春樹|ペルー,杉本則之,橋本名人,◾黒,-,-,-,-,
1989-02-17,ナムコ,ハイドライド3闇からの訪問者,-,5,RPG,"￥6,900","￥7,000代",0,1,,,,,,,,-,-,-,-,-,
1989-02-17,エピックソニー,飛ingヒーロー(フライングヒーロー),-,4,ACT,"￥5,500","￥5,500代",0,1,,,,,,,,-,-,-,-,-,
1989-02-20,バンダイ,スペースシャドー,-,3,SHT,"￥9,800","￥10,000代",0,1,,,,,,,,-,-,-,-,-,
1989-02-21,アスキー,ウィザードリィⅡリルガミンの遺産,32,4,RPG,"￥6,500","￥6,500代",0,1,,,,,,,,-,-,-,-,-,
1989-02-23,ユース,百鬼夜行,-,4,RPG,"￥6,200","￥6,000代",0,1,,,,,,,,-,-,-,-,-,
1989-02-28,コナミ,がんばれペナントレース！,-,4,SPT,"￥5,900","￥6,000代",0,1,,,上野雅弘|山村としき,荻窪一仁,藤尾敦,,,-,-,-,-,-,
1989-03-03,バンダイ,魁！男塾疾風一号生,-,4,ACT,"￥5,800","￥6,000代",0,1,,,,,,,,-,-,-,-,-,
1989-03-03,ナムコ,早打ちスーパー囲碁,-,2,TBL,"￥5,900","￥6,000代",0,1,,,,,,,,-,-,-,-,-,
1989-03-17,キングレコード,ジーザス恐怖のバイオモンスター,-,5,ADV,"￥5,900","￥6,000代",0,1,,,,,,,,-,-,-,-,-,
1989-03-17,タイトー,爆笑！！人生劇場,-,5,TBL,"￥5,900","￥6,000代",0,1,,,,,,,,-,-,-,-,-,
1989-03-24,ナムコ,ファミリーピンボール,-,4,TBL,"￥4,900","￥5,000代",0,1,,,,,,,,-,-,-,-,-,
1989-03-24,トンキンハウス,暗黒神話ヤマトタケル伝説,-,5,ADV,"￥5,900","￥6,000代",0,1,,,,,,,,-,-,-,-,-,
1989-03-28,ジャレコ,じゃじゃ丸忍法帳,-,4,RPG,"￥5,800","￥6,000代",0,1,,,かずひろ,二条院翁|えいさく,岡村静良,,,-,-,-,-,-,
1989-03-28,データイースト,ペナントリーグホームランナイター,-,4,SPT,"￥5,800","￥6,000代",0,1,,,,,,,,-,-,-,-,-,
1989-03-30,サンソフト,アフターバーナー,-,4,SHT,"￥6,200","￥6,000代",0,1,,,,,,,,-,-,-,-,-,
1989-03-31,タイトー,オペレーションウルフ,-,4,SHT,"￥5,900","￥6,000代",0,1,,,,,,,,-,-,-,-,-,
1989-03-31,ケムコ,シャドウゲイト,-,4,ADV,"￥6,200","￥6,000代",0,1,,デヴィッド・マーシュ|カール・ローロフス,,,,,スコット・バーフィールド,-,-,-,-,-,
1989-03-31,イマジニア,松本亨の株式必勝学Ⅱ,-,5,SLG,"￥9,800","￥10,000代",0,1,,,,山科けいすけ,澤和雄,松本亨,,-,-,-,-,-,
1989-04-07,トーワチキ,ガーフィールドの一週間,-,4,ACT,"￥5,500","￥5,500代",0,1,,,イトイ・マサシ,,,,,-,-,-,-,-,
1989-04-14,ナムコ,ドラゴンスピリット新たなる伝説,-,4,SHT,"￥5,200","￥5,000代",0,1,,YOKO BOSS,田中京太,OJISAN TRIO PLUS 1|石川達也|MACCHAN|ARAKAWA DA!,細江慎治,,,-,-,-,-,-,
1989-04-18,ナムコ,マインドシーカー,-,4,ETC,"￥6,500","￥6,500代",0,1,,,,鈴木浩司,,,岩谷徹,-,-,-,-,-,
1989-04-20,光栄,蒼き狼と白き牝鹿ジンギスカン,-,5,SLG,"￥9,800","￥10,000代",0,1,,,,,菅野よう子,,シブサワ・コウ,-,-,-,-,-,
1989-04-25,テクノスジャパン,ラベル,-,4,ACT,"￥5,900","￥6,000代",0,1,,,,,,,,-,-,-,-,-,
1989-04-25,ナムコ,デビルマン,-,4,ADV,"￥5,500","￥5,500代",0,1,,,,小松原一男|神志那弘志,三沢郷,永井豪,,-,-,-,-,-,
1989-04-27,ナムコ,ドラゴンバスターⅡ闇の封印,-,4,ACT,"￥5,200","￥5,000代",0,1,,,,,,,,-,-,-,-,-,
1989-04-28,アイレム,HOLYDIVER(ホーリーダイヴァー),-,4,ACT,"￥5,500","￥5,500代",0,1,,,,,,,,-,-,-,-,-,
1989-04-28,日本物産,KEIBASIMULATION本命(競馬シュミレーション本命),-,4,SLG,"￥9,800","￥10,000代",0,1,,,,,,,,-,-,-,-,-,
1989-05-01,トーワチキ,名探偵ホームズMからの挑戦状,-,5,ADV,"￥6,000","￥6,000代",0,1,,,,,,,,-,-,-,-,-,
1989-05-02,ヘクト,株式道場実践編,-,5,SLG,"￥9,800","￥10,000代",0,1,,,,,,,,-,-,-,-,-,
1989-05-12,コナミ,激亀忍者伝,-,4,ACT,"￥5,800","￥6,000代",0,1,,,,,船橋淳(FC)|Kris Hatlelid(MS-DOS)|Tony Williams(AST/C64),,,-,-,-,-,-,
1989-05-19,SNK,めざせ三冠王ベースボールスター,31,4,SPT,"￥5,900","￥6,000代",0,1,,,,,,,,-,-,-,-,-,
1989-05-19,カプコン,天地を喰らう,-,5,RPG,"￥5,900","￥6,000代",0,1,,,,,,,,-,-,-,-,-,
1989-05-26,カルチャーブレーン,スーパーチャイニーズ2ドラゴンキッド,-,4,RPG,"￥5,900","￥6,000代",0,1,,,,,,,,-,-,-,-,-,
1989-05-26,ソフエル,帰って来た！軍人将棋なんやそれ？,-,4,TBL,"￥5,500","￥5,500代",0,1,,,,,,,,-,-,-,-,-,
1989-06-23,ナムコ,ラサール石井のチャイルズクエスト,-,4,RPG,"￥5,500","￥5,500代",0,1,,,,,小沢純子,,ラサール石井,-,-,-,-,-,
1989-06-25,バンダイ,SDガンダムワールドガチャポン戦士2カプセル戦記,-,4,SLG,"￥6,800","￥7,000代",0,1,,,,,,,,◾黒,対戦,15位,-,-,
1989-06-27,ナムコ,クインティ,-,4,ACT,"￥4,900","￥5,000代",0,1,,田尻智,新改裕二,田尻智|杉森建,増田順一,,田尻智,-,-,-,-,-,
1989-06-30,セタ,マーダークラブ,-,4,ADV,"￥6,800","￥7,000代",0,1,,,,,,,,-,-,-,-,-,
1989-06-30,ケイアミューズメントリース,脱獄PRISONERSOFWAR,-,4,ACT,"￥5,600","￥5,500代",0,1,,,西田和弘,前田義久|藤原秀樹|かまだおさむ,田中敬一|おさかようこ|西田和弘,,ごとうあきら,-,-,-,-,-,
1989-07-13,ジャレコ,新燃えろプロ野球,-,5,SPT,"￥6,300","￥6,500代",0,1,,,,,,,,-,-,-,-,-,
1989-07-14,ナムコ,ドラゴンニンジャ,-,4,ACT,"￥5,800","￥6,000代",0,1,,,,,,,,-,-,-,-,-,
1989-07-14,ケムコ,ホワイトライオン伝説ピラミットの彼方に,-,4,RPG,"￥5,900","￥6,000代",0,1,,,,,,,,-,-,-,-,-,
1989-07-14,ヘクト,囲碁指南,-,2,TBL,"￥5,800","￥6,000代",0,1,,,,,,,,-,-,-,-,-,
1989-07-18,カプコン,ウィロー,-,4,RPG,"￥5,900","￥6,000代",0,1,,,,,ジェームズ・ホーナー,ボブ・ドルマン,,-,-,-,-,-,
1989-07-18,シグマ商事,必殺道場破り,-,4,ACT,"￥6,500","￥6,500代",0,1,,,,,,,,-,-,-,-,-,
1989-07-21,ナムコ,ケルナグール,-,4,ACT,"￥4,900","￥5,000代",0,1,,,内藤智,遠藤雅伸,大野木宜幸,,,-,対戦,16位,-,-,
1989-07-21,ハイスコアメディアワーク,ファリア封印の剣,-,4,RPG,"￥6,200","￥6,000代",0,1,,,,,,,,-,-,-,-,-,
1989-07-21,タイトー,究極ハリキリスタジアム平成元年版,-,4,SPT,"￥6,800","￥7,000代",0,1,,,,,,,,-,-,-,-,-,
1989-07-21,ビック東海,全米プロバスケット,-,4,SPT,"￥5,800","￥6,000代",0,1,,,,,,,,-,-,-,-,-,
1989-07-25,トンキンハウス,パーフェクトボウリング,-,4,SPT,"￥5,500","￥5,500代",0,1,,,,,,,,-,-,-,-,-,
1989-07-25,任天堂,MOTHER(マザー),31,5,RPG,"￥6,500","￥6,500代",0,1,,,,,岩代太郎,大森立嗣|港岳彦,,🟥赤,-,-,-,-,
1989-07-25,バンダイ,美味しんぼ究極のメニュー三本勝負,-,4,ADV,"￥5,800","￥6,000代",0,1,,,,,,,,-,-,-,-,-,
1989-07-28,ナムコ,ファミスタ'89開幕版,-,4,SPT,"￥4,900","￥5,000代",0,1,,,,,,,,-,-,-,-,-,
1989-07-31,ナムコ,スプラッターハウスわんぱくグラフィティ,-,4,ACT,"￥4,900","￥5,000代",0,1,,,篠原伸之|MYT JUSO,ながやまたいじ|JUNCHA|BAGUCHAN|HIDEBOU,ANNA PURUNA,,JJ PAGE,-,-,-,-,-,
1989-08-04,コナミ,コズミックウォーズ,-,4,SLG,"￥6,500","￥6,500代",0,1,,,松岡伸浩|村田司朗|山根秀直,霜出健治|木下まり,前沢秀憲|上高治己,,,-,-,-,-,-,
1989-08-04,CBSソニー,究極タイガー,-,4,SHT,"￥5,900","￥6,000代",0,1,,,弓削雅稔|上村建也,,弓削雅稔|上村建也,,,-,-,-,-,-,
1989-08-08,東宝,燃えるお兄さん,-,4,ACT,"￥5,800","￥6,000代",0,1,,,,山田みちしろ,馬飼野康二,佐藤正,,-,-,-,-,-,
1989-08-08,バンダイ,名門第三野球部,-,4,SPT,"￥5,800","￥6,000代",0,1,,,,,,,,-,-,-,-,-,
1989-08-11,学習研究社,ムーランルージュ戦記メルヴィルの炎,-,4,SLG,"￥5,900","￥6,000代",0,1,,,,,,,,-,-,-,-,-,
1989-08-21,ホットビィ,武田信玄2スーパー戦国シュミレーションゲーム,-,5,SLG,"￥6,800","￥7,000代",0,1,,,,,,,,-,-,-,-,-,
1989-08-24,CBSソニー,キャプテンED(えど),-,5,SHT,"￥5,900","￥6,000代",0,1,,,,迫由里香,平野義久,真島ヒロ,,-,-,-,-,-,
1989-08-25,コナミ,レーサーミニ四駆ジャパンカップ,-,4,RCG,"￥5,900","￥6,000代",0,1,,,亀和田光|永田昭彦|近藤隆司,戸隠のりやす,船橋淳,,,-,-,-,-,-,
1989-08-25,データイースト,ロボコップ,-,4,ACT,"￥5,800","￥6,000代",0,1,,,,,ベイジル・ポールドゥリス,エドワード・ニューマイヤー|マイケル・マイナー,,-,-,-,-,-,
1989-09-01,テクモ,激闘プロレス！！闘魂伝説,-,4,ACT,"￥5,800","￥6,000代",0,1,,,,,,,,-,-,-,-,-,
1989-09-14,トーワチキ,アイドル八犬伝,-,4,ADV,"￥6,000","￥6,000代",0,1,,,大平浩|キャプテンつぼはち|吉川聡,近藤ゆたか,禎清宏|見里朝生,安藤尚彦,ウルトラかんさい|禎清宏,-,-,-,-,-,
1989-09-14,ポニーキャニオン,谷川浩司の将棋指南Ⅲ,-,4,TBL,"￥5,800","￥6,000代",0,1,,,,,,,,-,-,-,-,-,
1989-09-19,カプコン,マルサの女,-,4,ADV,"￥5,900","￥6,000代",0,1,,,,,本多俊之,伊丹十三,,-,-,-,-,-,
1989-09-20,ポニーキャニオン,ウルティマ聖者への道,31,5,RPG,"￥5,900","￥6,000代",0,1,,,,,,,,-,-,-,-,-,
1989-09-22,タイトー,中華大仙,-,4,SHT,"￥5,800","￥6,000代",0,1,,,,阿部幸雄|藤原英裕,,,,-,-,-,-,-,
1989-09-23,ココナッツジャパン,アメリカンドリーム(AMERICANDREAM),-,4,TBL,"￥5,900","￥6,000代",0,1,,,,,,,,-,-,-,-,-,
1989-09-29,パックインビデオ,サンダーバード,-,4,SHT,"￥5,500","￥5,500代",0,1,,,,,,,,-,-,-,-,-,
1989-09-29,コナミ,ツインビー3ポコポコ大魔王,-,4,SHT,"￥5,500","￥5,500代",0,1,,,T.ひぐち|井上秀登,Y.たかき|D.そうま|小玉紀年,藤尾敦|船内秀浩|鈴木勝彦,,,-,-,-,-,-,
1989-09-29,サンソフト,マハラジャ,-,4,ADV,"￥6,200","￥6,000代",0,1,,,,,,,,-,-,-,-,-,
1989-09-29,ケムコ,悪魔の招待状,-,4,ADV,"￥6,200","￥6,000代",0,1,,,,,,,,-,-,-,-,-,
1989-09-29,ユース,明治維新,-,5,RPG,"￥6,200","￥6,000代",0,1,,,,,,,,-,-,-,-,-,
1989-09-29,ジャレコ,落っことしパズルとんじゃん,-,4,PZL,"￥5,600","￥5,500代",0,1,,,,,,,,-,-,-,-,-,
1989-10-06,ケイアミューズメントリース,甲子園,-,4,SPT,"￥5,900","￥6,000代",0,1,,,,,,,,-,-,-,-,-,
1989-10-13,アスミック,ワールドスーパーテニス,-,4,SPT,"￥5,900","￥6,000代",0,1,,,,,,,,-,-,-,-,-,
1989-10-14,バリエ,ヴィナス戦記,-,4,SLG,"￥5,800","￥6,000代",0,1,,,,,久石譲,笹本祐一|安彦良和,,-,-,-,-,-,
1989-10-19,東映動画,北斗の拳3新世紀創造凄拳列伝,-,5,RPG,"￥6,200","￥6,000代",0,1,,,,,,,,-,-,-,-,-,
1989-10-27,トンキンハウス,ソフトボール天国,-,4,SPT,"￥5,800","￥6,000代",0,1,,,,,,,,-,-,-,-,-,
1989-10-27,バンダイ,ドラゴンボール3悟空伝,-,4,RPG,"￥6,800","￥7,000代",0,1,,,,,安達春樹,,,-,-,-,-,-,
1989-10-27,アイレム,メジャーリーグ,-,4,SPT,"￥6,000","￥6,000代",0,1,,,,,,,,-,-,-,-,-,
1989-10-27,カルチャーブレーン,超人ウルトラベースボール,-,4,SPT,"￥6,500","￥6,500代",0,1,,,,,,,,-,-,-,-,-,
1989-10-27,エピックソニー,田代まさしのプリンセスがいっぱい,-,4,ACT,"￥5,500","￥5,500代",0,1,,,,,,,,-,-,-,-,-,
1989-10-31,光栄,麻雀大会,-,4,TBL,"￥7,800","￥8,000代",0,1,,,,,,,シブサワ・コウ,-,-,-,-,-,
1989-11-07,HAL研究所,御存知弥次喜多珍道中,-,5,ADV,"￥6,800","￥7,000代",0,1,,,,,,,,-,-,-,-,-,
1989-11-10,テクノスジャパン,U.S.チャンピオンシップV'BALL,-,4,SPT,"￥5,900","￥6,000代",0,1,,,,,,,,-,-,-,-,-,
1989-11-10,ナツメ,ダンジョン＆マジックSWORDSOFELEMENT(ソードオブエレメント),-,4,RPG,"￥6,500","￥6,500代",0,1,,,,,,,,-,-,-,-,-,
1989-11-17,アイレム,激突四駆バトル,-,4,RCG,"￥4,800","￥5,000代",0,1,,二見浩司,さいとうひろ,岡野修身|BEBOLDER HIROSHIMA,御守郁子,,,-,-,-,-,-,
1989-11-17,九娯貿易,忍者COPサイゾウ,-,4,ACT,"￥5,900","￥6,000代",0,1,,,TARO MACHIDA,NORIPI SAGAMI|DANICHI OONO,YOKI SHINJYUKU,,,-,-,-,-,-,
1989-11-24,アスミック,コズミックイプシロン,-,4,SHT,"￥6,500","￥6,500代",0,1,,,Kazenoofuu,Wozl,Endooo,,,-,-,-,-,-,
1989-11-24,シグマ商事,ベガスコネクションカジノより愛をこめて,-,5,TBL,"￥9,600","￥9,500代",0,1,,,,,,,,-,-,-,-,-,
1989-11-24,ジャレコ,寺尾のどすこい大相撲,-,4,ACT,"￥5,900","￥6,000代",0,1,,,,,,,,-,-,-,-,-,
1989-11-25,タイトー,ゴルフッ子オープン,-,4,SPT,"￥5,900","￥6,000代",0,1,,,,,,,,-,-,-,-,-,
1989-11-30,スクウェア,スクウェアのトムソーヤ,-,5,RPG,"￥6,500","￥6,500代",0,1,,,安達景太郎|吉井清史|中村博史,ほしののぶゆき|伊藤裕之|みうらまさあき|星野雅紀|時田貴司,植松伸夫,小森豪人,,-,-,-,-,-,
1989-12-01,ビック東海,コンフリクト,-,4,SLG,"￥6,200","￥6,000代",0,1,,,,,,,,-,-,-,-,-,
1989-12-01,バップ,TAO(タオ)道,-,4,RPG,"￥5,500","￥5,500代",0,1,,,,,,,,-,-,-,-,-,
1989-12-01,ケムコ,ホステージ,-,4,ACT,"￥5,900","￥6,000代",0,1,,,,,アレクサンドル・デプラ,ロバート・クレイス,,-,-,-,-,-,
1989-12-01,パックインビデオ,未来戦史ライオス,-,5,SLG,"￥6,300","￥6,500代",0,1,,,,,,,,-,-,-,-,-,
1989-12-08,バンダイ,おそ松くんバックトゥザミーの出っ歯の巻,-,4,ADV,"￥5,800","￥6,000代",0,1,,,,,,,,-,-,-,-,-,
1989-12-08,アイジーエス,スーパーモグラたたきぽっくんモグラー,-,2,ACT,"￥6,900","￥7,000代",0,1,,,,,,,,-,-,-,-,-,
1989-12-08,タイトー,タイトーチェイスH.Q.,-,4,RCG,"￥5,900","￥6,000代",0,1,,,,酒匂弘幸,浅野孝已,,,-,-,-,-,-,
1989-12-08,東映動画,光と闇の戦い新里見八犬伝,-,5,RPG,"￥6,200","￥6,000代",0,1,,,,,,,,-,-,-,-,-,
1989-12-08,ハドソン,星霊狩り,-,5,ADV,"￥5,800","￥6,000代",0,1,,,,,,,,-,-,-,-,-,
1989-12-09,ポニーキャニオン,SUPERSTARプロレスリング,-,4,ACT,"￥5,900","￥6,000代",0,1,,,,,ミュージック・ビデオ 「Superstar」 - YouTube「I Don't Know」 - YouTube,,,-,-,-,-,-,
1989-12-15,ナツメ,アバドックス,-,4,SHT,"￥5,800","￥6,000代",0,1,,,,,,,,-,-,-,-,-,
1989-12-15,CBSソニー,かってにシロクマもりをすくえのまき,-,4,ADV,"￥5,900","￥6,000代",0,1,,,,,,,,-,-,-,-,-,
1989-12-15,カプコン,スウィートホーム,-,5,RPG,"￥6,500","￥6,500代",0,1,,,,,,,,-,-,-,-,-,
1989-12-15,コナミ,トップガンデュアルファイターズ,-,4,SHT,"￥6,000","￥6,000代",0,1,,,,,,,,-,-,-,-,-,
1989-12-15,ジャレコ,ピンボールクエスト,-,4,TBL,"￥5,600","￥5,500代",0,1,,,,,林安芸人,,,-,-,-,-,-,
1989-12-15,エポック社,ファミコン野球盤,-,4,SPT,"￥6,200","￥6,000代",0,1,,,,,,,,-,-,-,-,-,
1989-12-15,タイトー,フリップル,-,2,PZL,"￥3,900","￥4,000代",0,1,,,,,古川典裕,,,-,-,-,-,-,
1989-12-15,テクモ,激闘スタジアム,-,4,SPT,"￥5,500","￥5,500代",0,1,,,,,,,,-,-,-,-,-,
1989-12-15,アイレム,神仙伝,-,5,RPG,"￥6,300","￥6,500代",0,1,,,,,,,,-,-,-,-,-,
1989-12-19,ココナッツジャパン,ILOVEソフトボール,-,4,SPT,"￥6,500","￥6,500代",0,1,,,,,,,,-,-,-,-,-,
1989-12-19,ヘクト,エモやんの10倍プロ野球セリーグ編,-,4,SPT,"￥9,700","￥9,500代",0,1,,,,,,,,-,-,-,-,-,
1989-12-19,ポニーキャニオン,クォーターバックスクランブル,-,4,SPT,"￥5,900","￥6,000代",0,1,,,,,,,,-,-,-,-,-,
1989-12-19,ナムコ,ファミスタ'90,30,4,SPT,"￥5,800","￥6,000代",0,1,,,,,,,,-,-,-,-,-,
1989-12-20,ソフエル,ザ・マネーゲームⅡ兜町の奇跡,-,4,SLG,"￥5,900","￥6,000代",0,1,,,篠原正義|高橋範道|杉坂浩一|ドラゴン高橋|土津完保|山本忠行,山口裕司|山㟁栄一,大藤由美子(日本版)|村井俊夫(北米版),松沢博,,-,-,-,-,-,
1989-12-21,ジャレコ,ザロードオブキング,-,4,ACT,"￥5,600","￥5,500代",0,1,,竹森得泰,きんじょうさとる,竹森得泰|西村年幸|西村年幸|すごうともこ,横山清,,竹森得泰,-,-,-,-,-,
1989-12-22,エピックソニー,TMNETWORKLIVEINPOWERBOWL,-,4,ADV,"￥6,200","￥6,000代",0,1,,RYOTARO HASEGAWA,PARASOL TSUNAKAWA,HEADBAD KASAHARA|MUCHIUCHI KODAMA|DARK KOHJIRO|TOBOKETA OKAMOTO,TM NETWORK,HIROYUKI NAKADA,山元哲治,-,-,-,-,-,
1989-12-22,サンソフト,バットマン,-,4,ACT,"￥6,200","￥6,000代",0,1,,,,,,,,-,-,-,-,-,
1989-12-22,ナムコ,マッピーキッズ,-,4,ACT,"￥5,800","￥6,000代",0,1,,,,,岩永敦子,,,-,-,-,-,-,
1989-12-22,コナミ,悪魔城伝説,30,5,ACT,"￥6,500","￥6,500代",0,1,,赤松仁司,赤松仁司|たけもとみつお|奥田康雄|きたもとしんじ,I.Urata,船橋淳|森本幸恵|前沢秀憲|佐々木嘉則(欧米版),,,-,-,-,-,-,
1989-12-22,テクノスジャパン,双截龍ⅡTheRevenge,-,4,ACT,"￥5,900","￥6,000代",0,1,,,,,,,,-,-,-,-,-,
1989-12-23,データイースト,ヘラクレスの栄光Ⅱタイタンの滅亡,-,5,RPG,"￥5,900","￥6,000代",0,1,,,,,,,,-,-,-,-,-,
1989-12-23,ナツメ,中国雀士物語東風(トンフー),-,4,TBL,"￥5,800","￥6,000代",0,1,,,,,,,,-,-,-,-,-,
1989-12-25,アスミック,名門！多古西応援団,-,4,SLG,"￥6,500","￥6,500代",0,1,,,,,,,,-,-,-,-,-,
1989-12-27,ティーエスエス,スーパーラグビー,-,4,SPT,"￥5,900","￥6,000代",0,1,,,,,,,,-,-,-,-,-,
1990-01-05,コナミ,がんばれゴエモン外伝きえた黄金キセル,-,5,RPG,"￥6,980","￥7,000代",0,1,,,青山和浩|小川光章|山根秀直|亀和田光|近藤隆司,日下進|石原かずみち|寺田泰二|野崎助平|汾陽桂太,小倉努|場伶花|山根ミチル|上高治己|宮脇聡子,汾陽桂太,,-,-,-,-,-,
1990-01-06,HAL研究所,アドベンチャーズオブロロ,30,2,PZL,"￥4,900","￥5,000代",0,1,,,,,金指英樹,,,-,-,-,-,-,
1990-01-12,青木書店,囲碁名鑑,-,2,TBL,"￥9,680","￥9,500代",0,1,,,,,,,,-,-,-,-,-,
1990-01-26,カプコン,わんぱくダック夢冒険DUCKTALES,-,4,ACT,"￥5,800","￥6,000代",0,1,,,,,,,,-,-,-,-,-,
1990-02-02,ヘクト,キャデラック,-,2,PZL,"￥4,900","￥5,000代",0,1,,,,,,,,-,-,-,-,-,
1990-02-02,コナミ,SUPER魂斗羅(スーパーコントラ),-,4,ACT,"￥5,800","￥6,000代",0,1,,,,,,,,-,-,-,-,-,
1990-02-03,光栄,信長の野望戦国群雄伝,-,5,SLG,"￥11,800","￥12,000代",0,1,,,,,菅野よう子|山本光男,,シブサワ・コウ,-,-,-,-,-,
1990-02-06,東映動画,もっともあぶない刑事,-,4,ACT,"￥5,300","￥5,500代",0,1,,,,,都志見隆,柏原寛司,,-,-,-,-,-,
1990-02-11,エニックス,ドラゴンクエストⅣ導かれし者たち,37,6,RPG,"￥8,500","￥8,500代",310,1,,中村光一,内藤寬|山名学,鳥山明,すぎやまこういち,堀井雄二,千田幸信,◾黒,-,-,-,-,
1990-02-23,ポニーキャニオン,アークティック,-,4,PZL,"￥5,500","￥5,500代",0,1,,,,,,,,-,-,-,-,-,
1990-02-23,エポック社,キテレツ大百科,-,4,ACT,"￥5,900","￥6,000代",0,1,,,,,,藤子・F・不二雄,,-,-,-,-,-,
1990-02-23,カプコン,デッドフォックス,-,4,ACT,"￥5,800","￥6,000代",0,1,,,,,下村陽子|民谷淳子,,,-,-,-,-,-,
1990-02-24,バンダイ,悪魔くん魔界の罠,-,4,RPG,"￥5,800","￥6,000代",0,1,,,,,,,,-,-,-,-,-,
1990-02-27,アテナ,ドラゴンユニット,-,4,ACT,"￥5,800","￥6,000代",0,1,,,,,,,,-,-,-,-,-,
1990-03-02,アイレム,西村京太郎ミステリースーパーエクスプレス殺人事件,-,4,ADV,"￥6,500","￥6,500代",0,1,,,,,,,,-,-,-,-,-,
1990-03-02,ホットビィ,プレジデントの選択,-,5,SLG,"￥9,800","￥10,000代",0,1,,,,,,,,-,-,-,-,-,
1990-03-02,データイースト,ヘビーバレル,-,4,ACT,"￥5,800","￥6,000代",0,1,,,,,,,,-,-,-,-,-,
1990-03-09,アスキー,ウィザードリィⅢダイヤモンドの騎士,32,4,RPG,"￥6,500","￥6,500代",0,1,,,,,,,,-,-,-,-,-,
1990-03-09,タイトー,ドンドコドン,-,4,ACT,"￥5,900","￥6,000代",0,1,,,石田一朋|木下昌也,河上聖治|石川幸生|阿部幸雄|いしのみのり|沼田和博|五十嵐恒三|しのだてつや|V.A.P,高木正彦|山田靖子,,河上聖治|松本俊明|酒匂弘幸,-,-,-,-,-,
1990-03-09,コナミ,モアイくん,-,2,ACT,"￥4,800","￥5,000代",0,1,,村木摂|梅崎重治,柴田裕治,岸本方彰,上高治己,,,-,-,-,-,-,
1990-03-16,アイレム,イメージファイト,-,4,SHT,"￥6,500","￥6,500代",0,1,,,,,石田雅彦,,,-,-,-,-,-,
1990-03-16,カプコン,仮面の忍者花丸,-,4,ACT,"￥5,800","￥6,000代",0,1,,,東尾直樹,,,,,-,-,-,-,-,
1990-03-16,ケイアミューズメントリース,怒Ⅲ,-,4,ACT,"￥5,600","￥5,500代",0,1,,,,かまだおさむ,幡谷希久子|田中敬一,,,-,-,-,-,-,
1990-03-23,ビクター音楽産業,サンサーラナーガ,-,5,RPG,"￥7,500","￥7,500代",0,1,,押井守,藤沢昇,桜玉吉,川井憲次|笠井治|原田昌亮|なかやましんじ,伊藤和典,小森治信,-,-,-,-,-,
1990-03-23,データイースト,バルダーダッシュ,-,2,ACT,"￥4,900","￥5,000代",0,1,,,ピーター・リエパ|クリストファー・グレー,ピーター・リエパ|クリストファー・グレー,,,,-,-,-,-,-,
1990-03-23,ハドソン,魔神英雄伝ワタル外伝,-,5,RPG,"￥6,800","￥7,000代",0,1,,税所義仁|西澤龍一,渡辺勉|石塚路志人,吉原正訓|盛岡三奈,坂本慎一,,青山英治|川田忠之,-,-,-,-,-,
1990-03-30,徳間書店,パワーサッカー,-,2,SPT,"￥4,900","￥5,000代",0,1,,,,,,,,-,-,-,-,-,
1990-03-30,アスキー,ベストプレープロ野球Ⅱ,-,5,SLG,"￥6,800","￥7,000代",0,1,,,,,,,,-,-,-,-,-,
1990-03-30,イマジニア,井崎脩五郎の競馬必勝学,-,5,ETC,"￥9,800","￥10,000代",0,1,,,,,,,,-,-,-,-,-,
1990-03-30,コナミ,魍魎戦記MADARA(魔陀羅マダラ),-,5,RPG,"￥8,500","￥8,500代",0,1,,,,,,,,-,-,-,-,-,
1990-04-06,アスミック,ディープダンジョンⅣ黒の妖術師,-,5,RPG,"￥6,500","￥6,500代",0,1,,,,,,,,-,-,-,-,-,
1990-04-06,ナムコ,デジタルデビル物語女神転生Ⅱ,33,5,RPG,"￥7,800","￥8,000代",0,1,,,,金子一馬,増子司,,,-,-,-,-,-,
1990-04-06,テクモ,忍者龍剣伝Ⅱ暗黒の邪神剣,-,4,ACT,"￥5,900","￥6,000代",0,1,,,,,,,,-,-,-,-,-,
1990-04-07,バンダイ,ウルトラマン倶楽部2帰ってきたウルトラマン倶楽部,-,4,RPG,"￥6,000","￥6,000代",0,1,,,,,,,,-,-,-,-,-,
1990-04-13,バリエ,ガンヘッド新たなる戦い,-,4,SLG,"￥6,500","￥6,500代",0,1,,,,,,,,-,-,-,-,-,
1990-04-13,コナミ,クォース,-,2,PZL,"￥4,900","￥5,000代",0,1,,,WADA 891006|石田和彦,井内洋|鮫島宗治|高野泰,半澤一雄,,,-,-,-,-,-,
1990-04-13,SNK,ゴッドスレイヤーはるか天空のソナタ,-,5,RPG,"￥7,600","￥7,500代",0,1,,河野和人,ぐうゆきお|おかださとる,前田義久,おさかようこ,冨田聖司,河野和人,-,-,-,-,-,
1990-04-20,バンプレスト,SDバトル大相撲平成ヒーロー場所,-,4,ACT,"￥6,300","￥6,500代",0,1,,,,,,,,-,-,-,-,-,
1990-04-20,タイトー,パワーブレイザー,-,4,ACT,"￥5,900","￥6,000代",0,1,,,岩佐俊和,,山下絹代,,,-,-,-,-,-,
1990-04-20,任天堂,ファイアーエムブレム暗黒竜と光の剣,-,5,SLG,"￥6,000","￥6,000代",0,1,,寺崎啓祐,たにまさはる|いまにしまさゆき|吉田康二|ふくらけい,加賀昭三|大澤徹|大西直孝|町田敏|村松敏孝,技術指導:田中宏和|作曲:馬場由佳,加賀昭三,横井軍平,◾黒,-,-,-,-,
1990-04-20,日本物産,黒鉄ヒロシの予想大好き！勝馬伝説,-,4,ETC,"￥8,000","￥8,000代",0,1,,,,,,,,-,-,-,-,-,
1990-04-27,スクウェア,ファイナルファンタジーⅢ,36,6,RPG,"￥8,400","￥8,500代",140,1,,坂口博信,ナーシャ・ジベリ,田中弘道|青木和彦|天野喜孝,植松伸夫,寺田憲史,宮本雅史,⬜白,-,-,-,-,
1990-05-11,ピクセル,影狼伝説,-,4,RPG,"￥6,200","￥6,000代",0,1,,,,,小倉久佳,,,-,-,-,-,-,
1990-05-18,ハドソン,キャッスルクエスト,-,4,ETC,"￥4,900","￥5,000代",0,1,,,,,,,,-,-,-,-,-,
1990-05-18,テクノスジャパン,熱血高校ドッジボール部サッカー編,-,4,SPT,"￥5,900","￥6,000代",0,1,,,とみやまひろこ|熊谷慎太郎|松本康裕,富山徳之|関本弘之|吉田晄浩|小山俊明|根立克行,澤和雄,,,-,-,-,-,-,
1990-05-25,ビクター音楽産業,イースⅡANCIENTYSVANISHEDTHEFINALCHAPTER,-,6,RPG,"￥7,500","￥7,500代",0,1,,,,,,,,-,-,-,-,-,
1990-05-25,ケイアミューズメントリース,馬券必勝学ゲートイン,-,5,SLG,"￥9,800","￥10,000代",0,1,,,,,,,,-,-,-,-,-,
1990-05-29,ジャレコ,じゃじゃ丸撃魔伝幻の金魔城,-,4,RPG,"￥5,900","￥6,000代",0,1,,,,,多和田吏,,,-,-,-,-,-,
1990-06-08,カプコン,チップとデールの大作戦,-,4,ACT,"￥5,800","￥6,000代",0,1,,,,,グレン・ダウム,,,-,-,-,-,-,
1990-06-15,ビスコ,ダッシュ野郎,-,4,RCG,"￥5,800","￥6,000代",0,1,,,和田悦拓,,太田理,,,-,-,-,-,-,
1990-06-23,ナムコ,バトルフリート,-,4,SLG,"￥5,900","￥6,000代",0,1,,,,,,,,-,-,-,-,-,
1990-06-23,ナツメ,ファイナルミッション,-,4,ACT,"￥5,800","￥6,000代",0,1,,,,,,,,-,-,-,-,-,
1990-06-29,光栄,水滸伝天命の誓い,-,5,SLG,"￥11,800","￥12,000代",0,1,,,,,木下伸司|三井一正|滝沢洋一,,シブサワ・コウ,-,-,-,-,-,
1990-06-29,ジャレコ,燃えろ！！柔道WARRIORS,-,4,SPT,"￥5,600","￥5,500代",0,1,,,,,,,,-,-,-,-,-,
1990-06-29,アイレム,迷宮島,-,4,PZL,"￥5,800","￥6,000代",0,1,,,にしけんじ|松本茂一,北浩也,石田雅彦,,,-,-,-,-,-,
1990-07-06,BPS,ハットリス,-,4,PZL,"￥5,500","￥5,500代",0,1,,,,アレクセイ・パジトノフ|ウラジーミル・ポヒルコ,,,,-,-,-,-,-,
1990-07-06,ホットビィ,パラメデス,-,2,PZL,"￥5,500","￥5,500代",0,1,,,,,,,,-,-,-,-,-,
1990-07-06,カルチャーブレーン,飛龍の拳Ⅲ五人の龍戦士,-,4,ACT,"￥6,300","￥6,500代",0,1,,,,,,,,-,-,-,-,-,
1990-07-07,バンプレスト,SDヒーロー総決戦倒せ悪の軍団,-,4,ACT,"￥6,300","￥6,500代",0,1,,飯野賢治,,青木健太,飯野賢治|平沢道也,三浦秀樹,,-,-,-,-,-,
1990-07-13,アテナ,wit's(ウイッツ),-,4,ACT,"￥5,800","￥6,000代",0,1,,,,,,,,-,-,-,-,-,
1990-07-20,テクモ,キャプテン翼Ⅱスーパーストライカー,31,5,SPT,"￥6,900","￥7,000代",0,1,,,,,山岸継司|斎藤幹雄|おかむらまゆこ,,,🟥赤,-,-,-,-,
1990-07-20,エピックソニー,ソルスティス三次元迷宮の狂獣,-,4,ACT,"￥5,900","￥6,000代",0,1,,,マイケル・ウェブ,マイケル・ウェブ|マーク・ウィルソン,ティム・フォリン,,ソルスティスチーム,-,-,-,-,-,
1990-07-20,日本物産,ニチブツマージャンⅢマージャンGメン,-,4,TBL,"￥6,400","￥6,500代",0,1,,,,,,,,-,-,-,-,-,
1990-07-20,タイトー,無頼戦士(ブライファイター),-,2,SHT,"￥5,900","￥6,000代",0,1,,,,,,,,-,-,-,-,-,
1990-07-20,アスミック,獣王記,-,4,ACT,"￥5,900","￥6,000代",0,1,,,穂苅健一(AC)|浅井敏典(MD)|松田達夫(MD)|百田浩司(MD),内田誠(AC)|安原広和(AC)|NO NUKES(MD)|HAGA(AC)|梶本隆博(AC)|小玉理恵子(MD)|UDI(MD),中林亨(AC)|長井和彦(MD),,,-,-,-,-,-,
1990-07-24,データイースト,ザ・ペナントリーグホームランナイター'90ペナントリーグ,-,4,SPT,"￥6,300","￥6,500代",0,1,,,,,,,,-,-,-,-,-,
1990-07-27,ビック東海,ゴルゴ13第二章イカロスの謎,-,4,ACT,"￥6,000","￥6,000代",0,1,,,もりもとりざえもん,いけだくにと|なかざわつとむ|やくしじみゆき|たかすぎよしみ,田崎寿子,,,-,-,-,-,-,
1990-07-27,ケイアミューズメントリース,ステッド遺跡惑星の野望,-,4,RPG,"￥5,900","￥6,000代",0,1,,,,,,,,-,-,-,-,-,
1990-07-27,任天堂,Dr.マリオ(ドクターマリオ),31,2,PZL,"￥4,900","￥5,000代",153,1,,,,岩佐裕子,加藤達也|堤博明|YUKI KANESAKA,稲垣理一郎・Boichi,,⬜白,対戦,11位,12位,-,
1990-07-27,ハドソン,ビックリマンワールド激突聖戦士,-,5,RPG,"￥6,800","￥7,000代",0,1,,,,,,,,-,-,-,-,-,
1990-07-27,ジャレコ,燃えプロ！'90感動編,-,5,SPT,"￥6,500","￥6,500代",0,1,,,,,,,,-,-,-,-,-,
1990-07-31,学習研究社,MightandMagic(マイトアンドマジック),-,5,RPG,"￥8,500","￥8,500代",0,1,,,,,,,,-,-,-,-,-,
1990-08-03,ココナッツジャパン,ゲームパーティー,-,4,ETC,"￥6,500","￥6,500代",0,1,,,,,,,,-,-,-,-,-,
1990-08-03,ケムコ,ハッピーバースディバックス,-,4,ACT,"￥5,900","￥6,000代",0,1,,,,,,,,-,-,-,-,-,
1990-08-08,カプコン,2010ストリートファイター,-,4,ACT,"￥5,800","￥6,000代",0,1,,,松嶋延幸|吉田幸司,山本尚司,民谷淳子,,,-,-,-,-,-,
1990-08-08,アスキー,忍者らホイ！痛快うんがちょこ忍法伝,-,6,RPG,"￥7,800","￥8,000代",0,1,,さくまあきら,,土居孝幸,関口和之,,アイ アンド エス,-,-,-,-,-,
1990-08-10,ナツメ,闇の仕事人KAGE,-,4,ACT,"￥5,900","￥6,000代",0,1,,,いしはらかずひこ,谷口俊一,水谷郁|山西浩一,,,-,-,-,-,-,
1990-08-10,ソフエル,タイタン,-,4,ACT,"￥5,900","￥6,000代",0,1,,,,,,,,-,-,-,-,-,
1990-08-10,トーワチキ,ドラゴンファイター,-,4,ACT,"￥5,700","￥5,500代",0,1,,,,,アンソニー・サーシャハビッチ,,,-,-,-,-,-,
1990-08-10,バリエ,ぱられるワールド,-,4,PZL,"￥5,980","￥6,000代",0,1,,,,,,,,-,-,-,-,-,
1990-08-10,サンリツ電気,ピーパータイム,-,2,PZL,"￥4,900","￥5,000代",0,1,,,,,,,,-,-,-,-,-,
1990-08-10,サンソフト,ラフ,-,4,ACT,"￥5,500","￥5,500代",0,1,,,,,,,,-,-,-,-,-,
1990-08-10,パックインビデオ,川のぬし釣り,-,4,RPG,"￥6,300","￥6,500代",0,1,,,,,,,,-,-,-,-,-,
1990-08-10,アスミック,日本一の名監督,-,5,SPT,"￥6,800","￥7,000代",0,1,,,,,,,,-,-,-,-,-,
1990-08-11,バンダイ,SDガンダム外伝ナイトガンダム物語,-,5,RPG,"￥6,800","￥7,000代",0,1,,荻野目洋,,伴内弁太|島田晋作|粕谷小百合,安達春樹,,,-,-,-,-,-,
1990-08-11,トンキンハウス,ブロディアランド,-,4,PZL,"￥5,600","￥5,500代",0,1,,,,,,,,-,-,-,-,-,
1990-08-21,ポニーキャニオン,孔雀王Ⅱ,-,4,ADV,"￥6,800","￥7,000代",0,1,,,SEXY DYNAMITE|BENJO KOUROGI,小玉理恵子(PHENIX RIE)|UD1|川口貴子,鎌谷千佳子,,,-,-,-,-,-,
1990-08-24,サンソフト,上海Ⅱ,-,4,PZL,"￥5,500","￥5,500代",0,1,,,,,,,,-,-,-,-,-,
1990-08-24,クエスト,魔天童子,-,4,ACT,"￥6,500","￥6,500代",0,1,,,,,,,,-,-,-,-,-,
1990-08-30,ビクター音楽産業,雀豪,-,5,TBL,"￥6,700","￥6,500代",0,1,,,,,,,,-,-,-,-,-,
1990-08-31,クエスト,ダンジョンキッド,-,4,ETC,"￥6,500","￥6,500代",0,1,,,,,岩田匡治,,,-,-,-,-,-,
1990-09-07,HAL研究所,宇宙警備隊SDF,-,4,SHT,"￥6,900","￥7,000代",0,1,,,,,,,,-,-,-,-,-,
1990-09-08,バンプレスト,SD戦国武将列伝烈火のごとく天下を盗れ！,-,4,SLG,"￥6,800","￥7,000代",0,1,,,,,,,,-,-,-,-,-,
1990-09-08,ティーエスエス,ワールドボクシング,-,4,SPT,"￥5,900","￥6,000代",0,1,,,,,,,,-,-,-,-,-,
1990-09-14,エポック社,ドラえもんギガゾンビの逆襲,-,5,RPG,"￥6,800","￥7,000代",0,1,,堀江正幸,おいかわさとし|しのみやさとし|わたなべやすお,長崎剛志|いなざわともえ,沓掛隆志,レッドカンパニー|ポップハウス,浮洲博,-,-,-,-,-,
1990-09-14,データイースト,リトルマジック,-,4,SLG,"￥6,300","￥6,500代",0,1,,,,,,,,-,-,-,-,-,
1990-09-14,パックインビデオ,爆笑！スターものまね四天王,-,4,TBL,"￥6,200","￥6,000代",0,1,,,,,さいとうじゅんいち,,,-,-,-,-,-,
1990-09-15,光栄,維新の嵐,-,5,SLG,"￥11,800","￥12,000代",0,1,,,,,菅野よう子|山本光男,,シブサワ・コウ,-,-,-,-,-,
1990-09-21,タイトー,インセクターX,-,4,ACT,"￥5,900","￥6,000代",0,1,,,,,,,,-,-,-,-,-,
1990-09-21,ポニーキャニオン,田村光昭麻雀ゼミナール,-,4,TBL,"￥5,800","￥6,000代",0,1,,,,,,,,-,-,-,-,-,
1990-09-28,ケムコ,ノースアンドサウスわくわく南北戦争,-,4,SLG,"￥6,200","￥6,000代",0,1,,,,,,,,-,-,-,-,-,
1990-09-28,ジャレコ,マジックジョン,-,4,ACT,"￥5,600","￥5,500代",0,1,,,,川野一博|小宮山慶太,澤和雄|田崎寿子,,,-,-,-,-,-,
1990-09-28,カプコン,ロックマン3Dr.ワイリーの最期！？,-,5,ACT,"￥6,500","￥6,500代",108,1,,,桑名正,黒川真圭|稲船敬二|岸本泰明|岩崎あけみ|木嶋美紀,藤田靖明,,藤原得郎,-,-,-,-,-,
1990-09-28,データイースト,探偵神宮寺三郎時の過ぎゆくままに・・・,-,4,ADV,"￥4,900","￥5,000代",0,1,,吉田穂積,淵上和男,寺田克也,酒井省吾|浜田誠一|三浦孝史|鈴木雄司|高浜祐輔|山仲清二,野島一成,竹内倫,-,-,-,-,-,
1990-10-05,トンキンハウス,ガンナック,-,4,SHT,"￥6,000","￥6,000代",0,1,,,,,,,,-,-,-,-,-,
1990-10-12,テクノスジャパン,ダウンタウン熱血行進曲それゆけ大運動会,-,4,SPT,"￥6,200","￥6,000代",0,1,,関本弘之,南波靖一郎|松本康宏|熊谷慎太郎,根立克行(キャラ担当)|東郷和代(背景担当),澤和雄,,,-,対戦,02位,-,-,
1990-10-19,東映動画,ブラッディウァリアーズシャンゴーの逆襲,-,5,RPG,"￥6,200","￥6,000代",0,1,,,,,,,,-,-,-,-,-,
1990-10-19,徳間書店,まじゃべんちゃー麻雀戦記,-,4,TBL,"￥5,800","￥6,000代",0,1,,,,,,,,-,-,-,-,-,
1990-10-19,コナミ,悪魔城すぺしゃるぼくドラキュラくん,-,4,ACT,"￥5,800","￥6,000代",0,1,,村田司朗,村田司朗|蛭子悦延|山本泰弘,吉本陽一|吉本陽一|藤岡謙治|矢内一則,田坂真二|宮脇聡子,,,-,-,-,-,-,
1990-10-21,ポニーキャニオン,シャッフルパックカフェ,-,4,SPT,"￥6,200","￥6,000代",0,1,,,,,,,,-,-,-,-,-,
1990-10-25,バンダイ,おえかキッズアンパンマンとおえかきしよう,-,4,ETC,"￥13,800","￥14,000代",0,1,,,,,,,,-,-,-,-,-,
1990-10-26,A-WAVE,アストロファング,-,4,RCG,"￥6,700","￥6,500代",0,1,,,,,,,,-,-,-,-,-,
1990-10-26,サンソフト,なんてったって！！ベースボール,-,4,SPT,"￥5,900","￥6,000代",0,1,,,,岩田義明,小高直樹,,,-,-,-,-,-,
1990-10-26,カプコン,水島新司の大甲子園,-,5,SLG,"￥6,500","￥6,500代",0,1,,,,,下村陽子,,,-,-,-,-,-,
1990-10-27,バンダイ,ドラゴンボールZ強襲！サイヤ人,-,5,RPG,"￥7,800","￥8,000代",0,1,,荻野目洋,しみずかずや|たかみやすし,荻野目洋,足立ハルキ,荻野目洋,バンダイ,-,-,-,-,-,
1990-10-27,ココナッツジャパン,パチ夫くん3帰ってきたパチ夫くん,33,5,TBL,"￥7,980","￥8,000代",0,1,,,,,,,川原慎(第1回 - 1996年12月)|佐藤哲也(1997年1月 - 2001年3月)|桜井卓也(2001年4月 - 最終回),-,-,-,-,-,
1990-11-02,九娯貿易,クロスファイヤー,-,4,ACT,"￥6,200","￥6,000代",0,1,,,,,,,,-,-,-,-,-,
1990-11-02,光栄,三國志Ⅱ,30,5,SLG,"￥11,800","￥12,000代",0,1,,,,,向谷実,,シブサワ・コウ,-,-,-,-,-,
1990-11-02,ヘクト,京都財テク殺人事件(山村美紗サスペンスシリーズ),-,4,ADV,"￥8,500","￥8,500代",0,1,,,,,,,,-,-,-,-,-,
1990-11-10,ユタカ,ラストハルマゲドン,-,6,ADV,"￥9,800","￥10,000代",0,1,,,渡辺裕志,飯島健男|武井一昌|小林功一郎|西塚耕一|中井覚,葉山宏治|猪瀬勝幸,飯島健男,,-,-,-,-,-,
1990-11-22,キャラクターソフト,サンリオカーニバル,-,2,PZL,"￥3,980","￥4,000代",0,1,,,,,,,,-,-,-,-,-,
1990-11-29,ジャレコ,ふしぎなブロビー-ブロバニアの危機-,-,4,ACT,"￥5,900","￥6,000代",0,1,,,デイヴィッド・クレイン|リック・ブース,デイヴィッド・クレイン(英語版)|ガリー・キッチン(英語版)|Jesse Kapili,Mark Van Hecke,,,-,-,-,-,-,
1990-11-30,テクモ,テクモボウル,-,4,SPT,"￥6,900","￥7,000代",0,1,,,,,,,,-,-,-,-,-,
1990-11-30,コナミ,パロディウスだ！,-,4,SHT,"￥5,800","￥6,000代",0,1,,,徳田典,GAKINCHO|TOUYOU SYOUTAROU|三好威正|MORY-WANDAYU|MIKACHAN,村岡一樹,,,-,-,-,-,-,
1990-11-30,エポック社,迷宮の達人大迷路,-,4,ACT,"￥5,800","￥6,000代",0,1,,,,,,,,-,-,-,-,-,
1990-12-07,コナミ,ティーンエージミュータントニンジャタートルズ,-,5,ACT,"￥7,000","￥7,000代",0,1,,,,,山根ミチル,,,-,-,-,-,-,
1990-12-07,アスミック,ぎゅわんぶらあ自己中心派2,-,5,TBL,"￥6,500","￥6,500代",0,1,,,,,,,,-,-,-,-,-,
1990-12-07,東宝,タイムズオブロア～失われたメダリオン,-,4,RPG,"￥5,300","￥5,500代",0,1,,,,,,,,-,-,-,-,-,
1990-12-07,テクモ,テクモワールドカップサッカー,-,3,SPT,"￥5,800","￥6,000代",0,1,,,,,,,,-,-,-,-,-,
1990-12-07,カプコン,パジャマヒーローNEMO,-,4,ACT,"￥6,200","￥6,000代",0,1,,,,,,,,-,-,-,-,-,
1990-12-07,ビスコ,グレートボクシングRUSHUP(ラッシュアップ),-,4,SPT,"￥6,800","￥7,000代",0,1,,,,,,,,-,-,-,-,-,
1990-12-07,ジャレコ,西遊記ワールドⅡ天上界の魔神,-,4,ACT,"￥5,600","￥5,500代",0,1,,,,,,,,-,-,-,-,-,
1990-12-07,フェイス,千代の富士の大銀杏,-,4,ACT,"￥5,800","￥6,000代",0,1,,,,,,,,-,-,-,-,-,
1990-12-08,ナムコ,ワギャンランド2,-,5,ACT,"￥5,800","￥6,000代",0,1,,,,,,,,-,-,-,-,-,
1990-12-12,光栄,ファミコントップマネジメント,-,5,SLG,"￥9,800","￥10,000代",0,1,,,,,,,,-,-,-,-,-,
1990-12-13,アスキー,ベストプレープロ野球'90,-,5,SLG,"￥6,800","￥7,000代",0,1,,,,,,,,-,-,-,-,-,
1990-12-14,ハドソン,KLAX(クラックス),-,3,PZL,"￥5,800","￥6,000代",0,1,,,,,,,,-,-,-,-,-,
1990-12-14,サンソフト,グレムリン2-新種誕生-,-,4,ACT,"￥6,500","￥6,500代",0,1,,,,,ジェリー・ゴールドスミス,チャーリー・ハース,,-,-,-,-,-,
1990-12-14,サミー工業,龍牙忍者クルセイダーズ,-,4,ACT,"￥5,500","￥5,500代",0,1,,,,,,,,-,-,-,-,-,
1990-12-14,ビック東海,まじかるキッズどろぴー,-,4,ACT,"￥6,000","￥6,000代",0,1,,,T.ISHIHARA|岡田覚|蛭田浩二,t.seki|S.KAGAWA,横山清|加瀬正紀,,,-,-,-,-,-,
1990-12-14,ジャレコ,メタルフレームサイバスター,-,4,ACT,"￥5,900","￥6,000代",0,1,,,,,,,,-,-,-,-,-,
1990-12-14,バンプレスト,必殺仕事人のさばる悪のある限り、仕事人の血が騒ぐ,-,5,ADV,"￥7,600","￥7,500代",0,1,,,,,,,,-,-,-,-,-,
1990-12-14,メルダック,暴れん坊天狗,-,4,ACT,"￥6,500","￥6,500代",0,1,,中潟憲雄,平松邦仁,大久保高嶺|吉羽孝雄|Shin-ichi Ogawa,中潟憲雄|大久保高嶺,,河副純一郎,-,-,-,-,-,
1990-12-19,アスミック,ジャンピンキッドジャックと豆の木ものがたり,-,4,ACT,"￥5,800","￥6,000代",0,1,,,,,,,,-,-,-,-,-,
1990-12-19,アイレム,パーマン,-,4,ACT,"￥5,500","￥5,500代",0,1,,,,,若草恵,渡辺歩,,-,-,-,-,-,
1990-12-20,アイジーエス,バトルスタジアム選抜プロ野球,-,4,SPT,"￥6,800","￥7,000代",0,1,,,,,,,,-,-,-,-,-,
1990-12-21,トミー,メカ生命体ゾイド黙示録,-,4,SLG,"￥6,700","￥6,500代",0,1,,,,,,,,-,-,-,-,-,
1990-12-21,アテナ,剣の達人ソードマスター,-,4,ACT,"￥5,900","￥6,000代",0,1,,,,,,,,-,-,-,-,-,
1990-12-21,ポニーキャニオン,バーズテイル知られざる物語,-,5,RPG,"￥6,800","￥7,000代",0,1,,,,,,,,-,-,-,-,-,
1990-12-21,ナムコ,ファミスタ'91,-,4,SPT,"￥4,900","￥5,000代",0,1,,,,,,,,-,-,-,-,-,
1990-12-21,データイースト,大怪獣デブラス,-,4,SLG,"￥6,500","￥6,500代",0,1,,そぎよういち,,みしまひろみ|むらたとしゆき|かわぐちしゅうじ,酒井省吾|桃井聖司|岩崎正明,神谷春輝,中本博通,-,-,-,-,-,
1990-12-21,パックインビデオ,地獄極楽丸,-,4,ACT,"￥6,200","￥6,000代",0,1,,,,,,,,-,-,-,-,-,
1990-12-22,バンダイ,SDガンダムガチャポン戦士3英雄戦記,-,4,SLG,"￥6,800","￥7,000代",0,1,,,,,,,,-,-,-,-,-,
1990-12-22,シグマ商事,ムサシの冒険,-,4,ACT,"￥6,500","￥6,500代",0,1,,,,吉田晶彦|ほりえとよじ,岩田匡治,ほりえとよじ,,-,-,-,-,-,
1990-12-26,HAL研究所,NEWゴーストバスターズ2,-,4,ACT,"￥5,900","￥6,000代",0,1,,,,,,,亀卦川佳史(制作プロデューサー),-,-,-,-,-,
1990-12-26,HAL研究所,アドベンチャーズオブロロⅡ,-,4,PZL,"￥5,900","￥6,000代",0,1,,,,,金指英樹,,,-,-,-,-,-,
1990-12-29,ココナッツジャパン,爆笑！愛の劇場,-,4,TBL,"￥7,300","￥7,500代",0,1,,,,,,,,-,-,-,-,-,
1991-01-04,ナムコ,じゅうべえくえすと,-,5,RPG,"￥7,800","￥8,000代",0,1,,,,,六土開正,,,-,-,-,-,-,
1991-01-05,コナミ,ワイワイワールド2SOS！パセリ城,-,5,ACT,"￥6,500","￥6,500代",0,1,,,青山和浩|小川光章|山口誠|吉田晃之,汾陽桂太|いしはらかずみち|福田裕貴,坂倉雄一|松原健一|宮脇聡子,,,-,-,-,-,-,
1991-01-25,ハドソン,ジャッキーチェン,-,4,ACT,"￥5,800","￥6,000代",0,1,,,,,,,,-,-,-,-,-,
1991-01-25,ナツメ,ドラドラドラ幸運を呼ぶゲーム,-,4,TBL,"￥5,800","￥6,000代",0,1,,,,,,,,-,-,-,-,-,
1991-01-25,コナミ,夢ペンギン物語,-,4,ACT,"￥5,800","￥6,000代",0,1,,,井上秀登|ひがしとしふみ,T.TAKAKI|しんどうまさみつ,鈴木勝彦|藤尾敦,,,-,-,-,-,-,
1991-01-30,アルトロン,ペーパーボーイ,-,2,ACT,"￥5,500","￥5,500代",0,1,,,ジョン・サルウィッツ,デイヴ・ラルストン,ハル・キャノン|アール・ヴィッカーズ,,,-,-,-,-,-,
1991-01-31,ヘクト,ゴルフグランドスラム,-,4,SPT,"￥9,700","￥9,500代",0,1,,,,,,,,-,-,-,-,-,
1991-02-08,データイースト,ダークロード,-,5,RPG,"￥6,800","￥7,000代",0,1,,,,,,,,-,-,-,-,-,
1991-02-08,アテナ,チャンピオンシップボーリング,-,2,SPT,"￥4,900","￥5,000代",0,1,,,,,,,,-,-,-,-,-,
1991-02-08,キングレコード,赤川次郎の幽霊列車,-,5,ADV,"￥6,800","￥7,000代",0,1,,,,,,長野洋|岡本喜八|松木ひろし|窪田篤人|渡邉祐介|長野洋|尾中洋一,,-,-,-,-,-,
1991-02-15,エポック社,パラソルヘンべえおとぎの国は大さわぎ！,-,4,ACT,"￥6,500","￥6,500代",0,1,,,,,,,,-,-,-,-,-,
1991-02-15,アイマックス,ファミコン将棋竜王戦,-,4,TBL,"￥6,500","￥6,500代",0,1,,,,,,,,-,-,-,-,-,
1991-02-15,バップ,マックスウォーリアー～惑星戒厳令～,-,4,SHT,"￥5,800","￥6,000代",0,1,,,,,,,,-,-,-,-,-,
1991-02-15,A-WAVE,ミニパット,-,4,SPT,"￥6,700","￥6,500代",0,1,,,,,,,,-,-,-,-,-,
1991-02-22,カプコン,井出洋介名人の実践麻雀Ⅱ,-,5,TBL,"￥8,500","￥8,500代",0,1,,,,,富樫則彦,,,-,-,-,-,-,
1991-02-22,テクノスジャパン,双截龍ⅢTheRosettaStone,-,4,ACT,"￥6,200","￥6,000代",0,1,,,,,,,,-,-,-,-,-,
1991-02-22,ビクター音楽産業,虹のシルクロード～ジグザグ冒険記～,-,5,RPG,"￥7,500","￥7,500代",0,1,,,,,,,,-,-,-,-,-,
1991-02-26,バリエ,グランドマスター,-,5,ACT,"￥6,500","￥6,500代",0,1,,,,,,,,-,-,-,-,-,
1991-02-28,サンソフト,なんてったってベースボール子ガメカセットOBオールスター編,-,5,SPT,"￥2,280","￥2,500代",0,1,,,,,,,,-,-,-,-,-,
1991-03-01,カルチャーブレーン,スーパーチャイニーズ3,-,4,RPG,"￥6,300","￥6,500代",0,1,,阿迦手観屋夢之助,たちばなあきら,しいなつかさ|かわはらひとみ|ましばけいこ,沢彰記,さとうけんたろう,阿迦手観屋夢之助,-,-,-,-,-,
1991-03-01,タイトー,究極ハリキリスタジアムⅢ,-,4,SPT,"￥6,900","￥7,000代",0,1,,,,,,,,-,-,-,-,-,
1991-03-08,ポニーキャニオン,AdvancedDungeon＆Dragonsヒーローオブランス,-,4,RPG,"￥6,800","￥7,000代",0,1,,,,,,,,-,-,-,-,-,
1991-03-08,ナムコ,ナムコット麻雀Ⅲマージャン天国,-,4,TBL,"￥4,900","￥5,000代",0,1,,,,,,,,-,-,-,-,-,
1991-03-15,コナミ,ガンサイト,-,4,SHT,"￥6,000","￥6,000代",0,1,,,,すめらぎ琥珀,あり,かずきふみ,,-,-,-,-,-,
1991-03-15,東宝,ふしぎの海のナディア,-,4,SLG,"￥6,500","￥6,500代",0,1,,,,貞本義行,鷺巣詩郎,大川久男|梅野かおる,,-,-,-,-,-,
1991-03-15,光栄,大航海時代,-,6,SLG,"￥11,800","￥12,000代",0,1,,,,,,,,-,-,-,-,-,
1991-03-21,ポニーキャニオン,AdvancedDungeon＆Dragonsヒルズファー,-,5,RPG,"￥7,800","￥8,000代",0,1,,,,,,,,-,-,-,-,-,
1991-03-21,アスキー,いただきストリート私のお店によってって,-,4,ETC,"￥6,800","￥7,000代",0,1,,,大森田不可止,堀井雄二|荒井清和,上野利幸,,,-,-,-,-,-,
1991-03-21,ポニーキャニオン,シャドウブレイン,-,4,RPG,"￥9,800","￥10,000代",0,1,,,,長沢英夫|今井修司|野田弘一|スクリーミング・マッド・ジョージ,中村一気|大野木宜幸|高見沢俊彦,千葉智宏|黒田洋介,小尾一介,-,-,-,-,-,
1991-03-21,バンダイ,まじかる☆タルるートくんFANTASTICWORLD(ファンタスティックワールド),-,4,ACT,"￥5,800","￥6,000代",0,1,,,,,LOVE PSYCHEDELICO,,,🟦青,-,-,-,-,
1991-03-22,タイトー,爆笑！！人生劇場2,-,4,TBL,"￥5,900","￥6,000代",0,1,,,,,,,,-,-,-,-,-,
1991-03-26,バンダイ,おえかキッズアンパンマンのひらがなだいすき,-,4,ETC,"￥6,800","￥7,000代",0,1,,,,,,,,-,-,-,-,-,
1991-03-29,キャラクターソフト,けろけろけろっぴの大冒険,-,2,ACT,"￥3,980","￥4,000代",0,1,,,,,ナオト・インティライミ(作詞・作曲),,,-,-,-,-,-,
1991-03-29,ジャレコ,忍者じゃじゃ丸銀河大作戦,-,4,ACT,"￥5,800","￥6,000代",0,1,,,,,高芝泰彦|鈴木康行,,,-,-,-,-,-,
1991-03-29,東映動画,北斗の拳4七星覇拳伝北斗神拳の彼方へ,-,5,RPG,"￥6,500","￥6,500代",0,1,,,,,,,,-,-,-,-,-,
1991-04-02,データイースト,ロボコップ2,-,4,ACT,"￥6,500","￥6,500代",0,1,,,,,レナード・ローゼンマン,キャラクター創造|エドワード・ニューマイヤー|マイケル・マイナー,,-,-,-,-,-,
1991-04-05,アトラス,ニューヨークニャンキーズ,-,4,ACT,"￥6,200","￥6,000代",0,1,,,,,,,,-,-,-,-,-,
1991-04-05,テクモ,おぼっちゃまくん,-,4,ETC,"￥6,500","￥6,500代",0,1,,,,藤田宗克,宮原恵太,桶谷顕|桜井正明|真保裕一ほか,,-,-,-,-,-,
1991-04-05,カプコン,天地を喰らうⅡ諸葛孔明伝,-,6,RPG,"￥8,500","￥8,500代",0,1,,,上山真一,藤原得郎|岡本吉起|竹中善則,藤田靖明,,,-,-,-,-,-,
1991-04-12,徳間書店,ゴルビーのパイプライン大作戦,-,2,PZL,"￥4,900","￥5,000代",0,1,,,,若林賢人,迫田敏明,,,-,-,-,-,-,
1991-04-12,ビスコ,ツインイーグル,-,4,SHT,"￥5,800","￥6,000代",0,1,,,,K.SATO|玖村麻子|かさじまみゆき|たけだみつひろ,四元久|鈴木隆之|Conrad T. Kozawa,,富士本淳,-,-,-,-,-,
1991-04-21,アテナ,ファミリーブロック,-,4,ACT,"￥5,500","￥5,500代",0,1,,,,,,,,-,-,-,-,-,
1991-04-25,ヘクト,麻雀倶楽部永田町-総裁戦-,-,6,TBL,"￥9,700","￥9,500代",0,1,,つるやじゅん,さとうしょうじ,おだちひろよ|さかいゆきお,,,関雅行,-,-,-,-,-,
1991-04-26,サミー工業,ガンデック(GUN-DEC),-,4,ACT,"￥6,000","￥6,000代",0,1,,,,,,,,-,-,-,-,-,
1991-04-26,ホットビィ,オーバーホライゾン,-,4,SHT,"￥6,800","￥7,000代",0,1,,,,,,,,-,-,-,-,-,
1991-04-26,タイトー,タイトーバスケットボール,-,4,SPT,"￥5,900","￥6,000代",0,1,,,,,,,,-,-,-,-,-,
1991-04-26,セタ,マジックダーツ,-,4,TBL,"￥7,700","￥7,500代",0,1,,,,,,,,-,-,-,-,-,
1991-04-26,コナミ,ラグランジュポイント,-,6,RPG,"￥8,500","￥8,500代",0,1,,,,,,,,-,-,-,-,-,
1991-04-26,ハドソン,高橋名人の冒険島Ⅱ,-,4,ACT,"￥5,800","￥6,000代",0,1,,,,,,,,-,-,-,-,-,
1991-04-26,東映動画,紫禁城,-,4,PZL,"￥5,300","￥5,500代",0,1,,,,,,,,-,-,-,-,-,
1991-05-03,タケル,ココロン,-,5,ACT,"￥6,500","￥6,500代",0,1,,,,,,,,-,-,-,-,-,
1991-05-17,ホットビィ,パラメデスⅡ,-,2,PZL,"￥5,500","￥5,500代",0,1,,,,,,,,-,-,-,-,-,
1991-05-17,シグマ商事,ファジカルファイター,-,4,SHT,"￥6,200","￥6,000代",0,1,,,,,,,,-,-,-,-,-,
1991-05-23,光栄,ランペルール,-,5,SLG,"￥11,800","￥12,000代",0,1,,,,,石黒彰,,シブサワ・コウ,-,-,-,-,-,
1991-05-24,タイトー,テトラスター,-,5,SHT,"￥7,400","￥7,500代",0,1,,,,,,,,-,-,-,-,-,
1991-05-24,データイースト,メタルマックス,-,5,RPG,"￥7,800","￥8,000代",0,1,,吉田穂積|兼安時紀,菅原康弘|福島純|田内智樹,宮岡寛|きむらはじめ|とみさわ昭仁|山本貴嗣,門倉聡,,桝田省治,-,-,-,-,-,
1991-05-31,ヒューマン,エジプト,-,2,PZL,"￥3,800","￥4,000代",0,1,,,,,,,,-,-,-,-,-,
1991-05-31,サンソフト,なんてったってベースボール子ガメカセット'91開幕編,-,5,SPT,"￥2,280","￥2,500代",0,1,,,,,,,,-,-,-,-,-,
1991-06-21,テクモ,忍者龍剣伝Ⅲ～黄泉の方舟～,-,4,ACT,"￥6,200","￥6,000代",0,1,,,,,,,,-,-,-,-,-,
1991-06-21,カルチャーブレーン,飛龍の拳スペシャルファイティングウォーズ,-,4,ACT,"￥6,300","￥6,500代",0,1,,,,,,,,-,-,-,-,-,
1991-06-28,ポニーキャニオン,AdvancedDungeon＆Dragonsプールオブレイディアンス,-,6,RPG,"￥9,800","￥10,000代",0,1,,,,,,,,-,-,-,-,-,
1991-06-28,テクノスジャパン,すごろクエストダイスの戦士たち,-,4,ETC,"￥6,500","￥6,500代",0,1,,,かしわやひでとし|まえだてるひろ|佐藤博|松本康裕|ふくはらげんえい|もりしんいち,白戸政男,中野テルヲ|かめおかよしひろ|平沢道也,,,-,-,-,-,-,
1991-06-28,サミー工業,つっぱりウォーズ,-,4,ACT,"￥6,800","￥7,000代",0,1,,,,,,,,-,-,-,-,-,
1991-06-28,ハドソン,ボンバーマンⅡ,-,4,ACT,"￥5,800","￥6,000代",0,1,,,小坂恭洋,奥野仁|佐々木みか,竹間淳,,藤原茂樹,-,-,-,-,-,
1991-06-28,タカラ,超人狼戦記ウォーウルフ,-,4,ACT,"￥6,500","￥6,500代",0,1,,,,,,,,-,-,-,-,-,
1991-06-28,任天堂,新4人打ちマージャン役満天国,-,5,TBL,"￥6,300","￥6,500代",0,1,,,,,,,,-,-,-,-,-,
1991-07-05,バップ,ベースボールファイター,-,5,SPT,"￥7,800","￥8,000代",0,1,,,,,,,,-,-,-,-,-,
1991-07-05,ヘクト,囲碁指南'91,-,4,TBL,"￥6,800","￥7,000代",0,1,,,,,,,,-,-,-,-,-,
1991-07-19,タイトー,JuJu伝説,-,4,ACT,"￥6,800","￥7,000代",0,1,,,佐久間明|西澤孝|青木司,北原春樹|かきうちひろ|藤咲淳一|松原順,あおきゆうさく|北原幸憩,,,-,-,-,-,-,
1991-07-19,テクモ,キャッ党忍伝てやんでえ,-,4,ACT,"￥6,500","￥6,500代",0,1,,,,知心水(アニマロイドデザイン)|鈴木典孝(アニマロイド設定),川井憲次,関島真頼ほか,,-,-,-,-,-,
1991-07-19,パックインビデオ,ダイハード,-,4,ACT,"￥6,500","￥6,500代",0,1,,,,,,,,-,-,-,-,-,
1991-07-19,アイジーエス,パズニック,-,2,PZL,"￥4,900","￥5,000代",0,1,,,,,,,,-,-,-,-,-,
1991-07-19,ココナッツジャパン,パチンコ大作戦1,-,4,TBL,"￥5,900","￥6,000代",0,1,,,,,,,,-,-,-,-,-,
1991-07-19,ナムコ,ファミリーサーキット'91,30,6,RCG,"￥7,800","￥8,000代",0,1,,,,,,,,-,-,-,-,-,
1991-07-19,カプコン,リトルマーメイド-人魚姫-,-,4,ACT,"￥5,800","￥6,000代",0,1,,,,,,,,-,-,-,-,-,
1991-07-26,テクノスジャパン,ダウンタウンスペシャルくにおくんの時代劇だよ全員集合,-,4,ACT,"￥6,500","￥6,500代",0,1,,吉田晄浩,南波靖一郎(メインプログラマー)|大日方忠道(背景チェック担当)|松本康宏(メニュー周り担当)|森真一(ショップ周り担当),根立克行(キャラ担当)|東郷和代(背景担当),田崎寿子,,,-,-,-,-,-,
1991-07-31,Ｍ＆Ｍ,おたくの星座,-,5,RPG,"￥6,900","￥7,000代",0,1,,てんまんしげのり,あーぴーぱー,永井努|きむらひでのり|JIM BOY|江口寿史,笠井治|原田昌亮,本宮ひろ志|武田亨,武田亨,-,-,-,-,-,
1991-08-02,タイトー,SD刑事ブレイダー,-,4,ACT,"￥6,400","￥6,500代",0,1,,,,,,,,-,-,-,-,-,
1991-08-02,アイジーエス,ロボッ子ウォーズ,-,5,SHT,"￥6,900","￥7,000代",0,1,,,,,デイヴィッド・アーカンストーン,ジャクソン・バー,,-,-,-,-,-,
1991-08-03,アルトロン,スーパースプリント,-,3,RCG,"￥6,500","￥6,500代",0,1,,,,,,,,-,-,-,-,-,
1991-08-03,バンプレスト,マイライフマイラブぼくの夢わたしの願い,-,5,ETC,"￥9,600","￥9,500代",0,1,,,,,,,,-,-,-,-,-,
1991-08-09,アイジーエス,アルマジロ,-,5,ACT,"￥6,900","￥7,000代",0,1,,,,,,,,-,-,-,-,-,
1991-08-09,アテナ,DEBLOCK(デブロック),-,2,PZL,"￥4,980","￥5,000代",0,1,,,,,,,,-,-,-,-,-,
1991-08-09,バップ,ドキ！ドキ！遊園地～クレイジーランド大作戦～,-,4,ACT,"￥5,800","￥6,000代",0,1,,,,,,,,-,-,-,-,-,
1991-08-09,ケムコ,ドラゴンウォーズ,-,5,RPG,"￥6,800","￥7,000代",0,1,,,レベッカ・ハインマン,ポール・オコーナー|ブライアン・ファーゴ|トッド・J・キャマスタ,カート・ハイデン,,ブライアン・ファーゴ|ブルース・シュリックベルンド,-,-,-,-,-,
1991-08-09,アスク講談社,百の世界の物語,-,4,RPG,"￥6,200","￥6,000代",0,1,,高瀬俊一,MASAHIRO.A,わきあかつぐみ|鳥居雅博,浅川政夫,,ふたみひろし,-,-,-,-,-,
1991-08-10,バンダイ,ドラゴンボールZⅡ激神フリーザ！！,-,5,RPG,"￥8,200","￥8,000代",79,1,,杉本則之,しみずかずや,N.SUGIMOTO|T.EGUCHI|MUGARUTIE|SOBA,いちだたけし,杉本則之,,-,-,-,-,-,
1991-08-21,ポニーキャニオン,A列車で行こう,-,4,SLG,"￥7,800","￥8,000代",0,1,,,,,,,,-,-,-,-,-,
1991-08-27,コナミ,クライシスフォース,-,4,SHT,"￥6,000","￥6,000代",0,1,,,小川光章|山口誠,岸本方彰|片上史将,松原健一|まんのやすひこ|中馬淳,,,-,-,-,-,-,
1991-08-29,光栄,ロイヤルブラッド,-,5,SLG,"￥9,800","￥10,000代",0,1,,,,,伊藤ヨシユキ|新田真澄,,シブサワ・コウ,-,-,-,-,-,
1991-08-30,HAL研究所,メタルスレイダーグローリー,-,6,ADV,"￥8,900","￥9,000代",0,1,,☆よしみる,向井忠,☆よしみる|☆よしみる|おおのさとし,京田誠一,☆よしみる,,-,-,-,-,-,
1991-08-30,アイレム,快傑ヤンチャ丸2からくりランド,-,4,ACT,"￥5,800","￥6,000代",0,1,,,,,山崎憲司,,,-,-,-,-,-,
1991-09-13,ビスコ,ウエスタンキッズ,-,5,ACT,"￥7,800","￥8,000代",0,1,,うさみけいすけ,桑村英樹|斎藤潤,増田祐司|増田祐司|森賢一,岩田匡治,,秋山哲雄,-,-,-,-,-,
1991-09-13,アテナ,ゲームデザイナー養成ソフト絵描衛門(でざえもん),-,4,ETC,"￥9,800","￥10,000代",0,1,,,,,,,,-,-,-,-,-,
1991-09-20,エピックソニー,ドラゴンズレア,-,4,ACT,"￥5,900","￥6,000代",0,1,,,マイケル・クナウアー|ヴィンス・リー,リック・ダイアー|ビクター・ペンマン|マーティ・フォールガー|ダーリーン・ウォディントン|ドン・ブルース,クリストファー・ストーン,,,-,-,-,-,-,
1991-09-20,サンソフト,へべれけ,-,4,ACT,"￥6,200","￥6,000代",0,1,,,,,,,,-,-,-,-,-,
1991-09-20,任天堂,マリオオープンゴルフ,31,5,SPT,"￥5,825","￥6,000代",0,1,,,,,,,,-,-,-,-,-,
1991-09-27,ビクター音楽産業,イースⅢワンダラーズフロムイース,-,5,RPG,"￥7,500","￥7,500代",0,1,,,,,,,,-,-,-,-,-,
1991-09-27,アイレム,スパルタンX2,-,4,ACT,"￥5,500","￥5,500代",0,1,,,,西山隆志[注 1],,,津村建二,-,-,-,-,-,
1991-09-27,サンソフト,バトルフォーミュラ,-,4,ACT,"￥6,200","￥6,000代",0,1,,CHO MUSOU,北川正昭|野村雅仁|Y.AZUMA,塚田雅士|さとうひろゆき,小高直樹|原伸幸|瀬谷辰宇,,,-,-,-,-,-,
1991-09-27,バリエ,中嶋悟監修F-1ヒーロー2,-,4,RCG,"￥5,900","￥6,000代",0,1,,,,,,,,-,-,-,-,-,
1991-10-04,ナムコ,ちびまる子ちゃんうきうきショッピング,-,4,ETC,"￥5,800","￥6,000代",0,1,,シリーズ監督:|石崎すすむ(第1期第1話 - 第34話)|棚橋一徳(第1期第35話-第116話),,重国勇二(第1期第1話 - 第113話)|河内日出夫(第1期第114話 - 第142話)|船越英之(第2期)|中原久文(第2期第1話 - 第132話[注 3]),中村暢之|川原伸司(第2期第1話 - 74話),富永淳一|田嶋久子|髙橋幹子|石山優子|熊谷那美|平岡秀章|鈴谷梨乃|松島恵利子|加賀未恵|田中孝晃,,-,-,-,-,-,
1991-10-05,ユタカ,からくり剣豪伝ムサシロード～からくり人疾走る～,-,4,RPG,"￥6,800","￥7,000代",0,1,,,,,,,,-,-,-,-,-,
1991-10-12,バンダイ,SDガンダム外伝ナイトガンダム物語2光の騎士,-,5,RPG,"￥8,200","￥8,000代",0,1,,荻野目洋,,伴内弁太|島田晋作|高橋雅行,,,鈴木敏弘,-,-,-,-,-,
1991-10-25,ナツメ,カオスワールド,-,5,RPG,"￥7,000","￥7,000代",0,1,,,,,,,,-,-,-,-,-,
1991-10-25,シグマ商事,たいむゾーン,-,4,ACT,"￥6,200","￥6,000代",0,1,,,,,,,,-,-,-,-,-,
1991-10-26,エンジェル,特救指令ソルブレイン,-,4,ACT,"￥6,000","￥6,000代",0,1,,,,,瑞木薫,杉村升 他,宇都宮恭三 梶淳(テレビ朝日) 堀長文(東映),-,-,-,-,-,
1991-10-30,ヘクト,グレートディール,-,4,PZL,"￥6,800","￥7,000代",0,1,,,,,,,,-,-,-,-,-,
1991-11-01,トミー,モノポリー,-,5,TBL,"￥6,800","￥7,000代",0,1,,,,チャールズ・B・ダロウ (en) ,,,,-,-,-,-,-,
1991-11-15,ビクター音楽産業,スターウォーズ(ビクター製),-,4,ACT,"￥6,700","￥6,500代",0,1,,,アンドリュー・カーター,アキーラ・レドマー|ジョン・ノレス|ギャリー・ウィニック|リック・スタンド|ジョン・バーキー,マーシャル・パーカー,,アキーラ・レドマー|ハワード・フィリップス,-,-,-,-,-,
1991-11-15,テクモ,ラディア戦記黎明篇,-,5,RPG,"￥6,900","￥7,000代",0,1,,,,,,,,-,-,-,-,-,
1991-11-15,タカラ,少年アシベネパール大冒険の巻,-,4,ADV,"￥6,980","￥7,000代",0,1,,,,,,,,-,-,-,-,-,
1991-11-15,アイレム,大工の源さん,-,4,ACT,"￥6,500","￥6,500代",0,1,,,,,,,,-,-,-,-,-,
1991-11-15,ソフエル,地底戦空バゾルダー,-,4,SHT,"￥6,300","￥6,500代",0,1,,,水谷英治|永倉正明,倉本奈緒|有賀正祐|吉川昇一,安藤童太,倉本奈緒,石川佳幸,-,-,-,-,-,
1991-11-22,ココナッツジャパン,パチ夫くん4,-,6,TBL,"￥8,800","￥9,000代",0,1,,,,,,,,-,-,-,-,-,
1991-11-22,キャラクターソフト,みんなのたあ坊のなかよし大作戦,-,2,PZL,"￥3,980","￥4,000代",0,1,,,,,,,,-,-,-,-,-,
1991-11-22,ジャレコ,燃えプロ！最強編,-,5,SPT,"￥6,700","￥6,500代",0,1,,,,,,,,-,-,-,-,-,
1991-11-29,トミー,アメリカ横断ウルトラクイズ史上最大の戦い,-,6,TBL,"￥7,800","￥8,000代",0,1,,,,,,,,-,-,-,-,-,
1991-11-29,アイマックス,ファミコン囲碁入門,-,4,TBL,"￥6,500","￥6,500代",0,1,,,,,,,,-,-,-,-,-,
1991-11-29,コナミ,ランパート,-,4,SLG,"￥5,800","￥6,000代",0,1,,,ジョン・サルウィッツ,ジョン・サルウィッツ|デヴィッド・ラルストン,ブラッド・フラー|ドン・ディークナイテ,,リンダ・ベンツァー,-,-,-,-,-,
1991-12-06,東亜プラン,スノーブラザーズ,-,4,ACT,"￥6,500","￥6,500代",0,1,,,,,太田理,,,-,-,-,-,-,
1991-12-06,カプコン,ロックマン4新たなる野望！？,-,6,ACT,"￥7,800","￥8,000代",0,1,,,,,,,,-,-,-,-,-,
1991-12-06,ナムコ,平成天才バカボン,-,4,ACT,"￥5,800","￥6,000代",0,1,,,,岸義之,本間勇輔,赤塚不二夫,,-,-,-,-,-,
1991-12-13,ヨネザワ,ギミアぶれいく史上最強のクイズ王決定戦,-,4,TBL,"￥9,800","￥10,000代",0,1,,,,,,,,-,-,-,-,-,
1991-12-13,ジャレコ,つるピカハゲ丸めざせ！つるセコの証,-,4,ACT,"￥6,300","￥6,500代",0,1,,,,,,,,-,-,-,-,-,
1991-12-13,コナミ,ティーンエージミュータントニンジャタートルズ2ザ・マンハッタンプロジェクト,-,5,ACT,"￥6,900","￥7,000代",0,1,,,,,坂倉優一|冨田朋也|中村康三,,,-,-,-,-,-,
1991-12-13,テクモ,テクモスーパーボウル,-,5,SPT,"￥7,980","￥8,000代",0,1,,,,,,,,-,-,-,-,-,
1991-12-13,BPS,テトリス2+ボンブリス,30,4,PZL,"￥6,500","￥6,500代",0,1,,,,,,,,-,-,-,-,-,
1991-12-14,任天堂,ヨッシーのたまご,-,4,PZL,"￥4,757","￥5,000代",0,1,,田尻智,新改裕二|郡山昭仁,丸山傑規|杉森建,増田順一,,宮本茂,-,-,-,16位,-,
1991-12-20,アスミック,アスミッくんランド,-,4,ACT,"￥6,300","￥6,500代",0,1,,,,,,,,-,-,-,-,-,
1991-12-20,アルトロン,アンタッチャブル,-,4,ETC,"￥6,800","￥7,000代",0,1,,,,,,,,-,-,-,-,-,
1991-12-20,サンソフト,ダイナマイトバットマン,-,4,ACT,"￥6,500","￥6,500代",0,1,,,,,,,,-,-,-,-,-,
1991-12-20,コナミ,タイニートゥーンアドベンチャーズ,-,4,ACT,"￥4,900","￥5,000代",0,1,,,,,ブルース・ブロートン,ポール・ディニ,,-,-,-,-,-,
1991-12-20,アイレム,パーマンPART2秘密結社マドー団をたおせ！,-,5,ACT,"￥5,500","￥5,500代",0,1,,,,,,,,-,-,-,-,-,
1991-12-20,日本コンピュータシステム,バトルトード,30,5,ACT,"￥6,500","￥6,500代",0,1,,,クリス・スタンパー|マーク・ベターリッジ,ティム・スタンパー(英語版)|クリス・スタンパー(英語版)|ケヴィン・ベイリス,デビッド・ワイズ,,ジョエル・ホッホバーグ,-,-,-,-,-,
1991-12-20,タカラ,バナナン王子の大冒険,-,4,ACT,"￥5,900","￥6,000代",0,1,,,,,,,,-,-,-,-,-,
1991-12-20,ナムコ,ファミスタ'92,-,4,SPT,"￥5,000","￥5,000代",0,1,,,,,,,,-,-,-,-,-,
1991-12-20,アスキー,ベスト競馬ダービースタリオン,32,4,SLG,"￥6,800","￥7,000代",0,1,,,,,,,,-,-,-,-,-,
1991-12-20,ソフエル,モンスターメーカー7つの秘宝,-,5,RPG,"￥6,800","￥7,000代",0,1,,,,,,,,-,-,-,-,-,
1991-12-20,ココナッツジャパン,東京パチスロアドベンチャー,-,4,TBL,"￥6,800","￥7,000代",0,1,,,,,,,,-,-,-,-,-,
1991-12-20,タイトー,爆笑！！人生劇場3,-,5,TBL,"￥6,400","￥6,500代",0,1,,,みずのまさる,なかたしんじ|くろさわきょうこ|なりたたけし,神尾憲一,,,-,-,-,-,-,
1991-12-21,ユタカ,SDガンダムガチャポン戦士4ニュータイプストーリー,-,5,SLG,"￥8,500","￥8,500代",0,1,,,,,,,,-,-,-,-,-,
1991-12-21,光栄,信長の野望武将風雲録,-,6,SLG,"￥11,800","￥12,000代",0,1,,,,,菅野よう子,,シブサワ・コウ,-,-,-,-,-,
1991-12-21,エンジェル,鳥人戦隊ジェットマン,-,4,ACT,"￥6,000","￥6,000代",0,1,,,,,KAZZ TOYAMA(外山和彦),井上敏樹 他,宇都宮恭三 梶淳(テレビ朝日) 鈴木武幸(東映),-,-,-,-,-,
1991-12-25,アトラス,チキチキマシン猛レース,-,4,ACT,"￥6,800","￥7,000代",0,1,,,,,Hoyt Curtin,Larz Bourne Dalton Sandifer Tom Dagenais Michael Maltese,ウィリアム・ハンナ ジョセフ・バーベラ,-,-,-,-,-,
1991-12-26,ヨネザワ,バトルストーム,-,4,SLG,"￥5,800","￥6,000代",0,1,,,,,,けいじま潤,,-,-,-,-,-,
1991-12-27,ホットビィ,ザ・ブルーマリーン,-,4,ETC,"￥6,300","￥6,500代",0,1,,,,,,,,-,-,-,-,-,
1991-12-27,エピックソニー,ハドソンホーク,-,4,ACT,"￥5,900","￥6,000代",0,1,,,,,マイケル・ケイメン|ロバート・クラフト,スティーヴン・E・デ・スーザ|ダニエル・ウォーターズ,,-,-,-,-,-,
1991-12-29,ユタカ,ウルトラマン倶楽部3またまた出撃！！ウルトラ兄弟,-,5,RPG,"￥7,800","￥8,000代",0,1,,,,,,,,-,-,-,-,-,
1991-12-29,バンダイ,ファミコンジャンプⅡ最強の7人,-,6,RPG,"￥8,500","￥8,500代",0,1,,中村光一,斉藤昌快|おきたかひろ,秋本治|荒木飛呂彦|江川達也|徳弘正也|鳥山明|宮下あきら|森田まさのり,門倉聡,折尾一則|石川文則,橋本真司,-,-,-,-,-,
1991-12-29,バンプレスト,第2次スーパーロボット大戦,31,5,RPG,"￥8,200","￥8,000代",0,1,,,庄真宏,阪田雅彦|知見浩之|阪田雅彦,田中伸一,,じっぱ ひとからげ,-,-,-,-,-,
1992-01-03,コナミ,がんばれゴエモン外伝2天下の財宝,-,5,RPG,"￥6,980","￥7,000代",0,1,,,山根秀直|丸山修|みやおかけんじ,神戸良治|丸尾純子|矢内一則,坂倉雄一|森本ゆきえ,汾陽桂太,,-,-,-,-,-,
1992-01-07,ジャレコ,ピザポップ,-,4,ACT,"￥6,300","￥6,500代",0,1,,,岩永研一,KAMEKICHI|萱島啓子|KING JOE,小酒井順哉,,,-,-,-,-,-,
1992-01-11,アイレム,太陽の勇者ファイバード,-,4,SHT,"￥6,800","￥7,000代",0,1,,,,植田均|大河原邦男,渡辺俊幸,矢立肇,,-,-,-,-,-,
1992-01-24,テクモ,ソロモンの鍵2クールミン島救出作戦,-,4,PZL,"￥6,200","￥6,000代",0,1,,,,,,,,-,-,-,-,-,
1992-01-24,ヘクト,ビジネスウォーズ最強の企業戦略M＆A,-,5,SLG,"￥9,700","￥9,500代",0,1,,,,,,,,-,-,-,-,-,
1992-01-25,ポニーキャニオン,バーズテイルⅡTHEDISTINYKNIGHT,-,5,RPG,"￥7,000","￥7,000代",0,1,,,,,,,,-,-,-,-,-,
1992-01-30,ヘクト,将棋名鑑'92,-,5,TBL,"￥6,800","￥7,000代",0,1,,,,,,,,-,-,-,-,-,
1992-01-31,サンソフト,ギミック,-,5,ACT,"￥6,200","￥6,000代",0,1,,,,,,,,-,-,-,-,-,
1992-01-31,タイトー,ドンドコドン2,-,4,ACT,"￥5,900","￥6,000代",0,1,,,石田一朋|木下昌也,河上聖治|石川幸生|阿部幸雄|いしのみのり|沼田和博|五十嵐恒三|しのだてつや|V.A.P,高木正彦|山田靖子,,河上聖治|松本俊明|酒匂弘幸,-,-,-,-,-,
1992-01-31,コナミ,バッキーオヘア,-,4,ACT,"￥5,800","￥6,000代",0,1,,,,,,,,-,-,-,-,-,
1992-02-07,日本物産,F-1サーカス,-,5,RCG,"￥6,600","￥6,500代",0,1,,,,,,,,-,-,-,-,-,
1992-02-07,テクノスジャパン,いけいけ熱血ホッケー部「すべってころんで大乱闘」,-,4,SPT,"￥6,200","￥6,000代",0,1,,,,,,,,-,-,-,-,-,
1992-02-14,アイマックス,ネイビーブルー,-,4,ETC,"￥5,900","￥6,000代",0,1,,,,,,,,-,-,-,-,-,
1992-02-21,ポニーキャニオン,AdvancedDungeon＆Dragonsドラゴンオブフレイム,-,4,RPG,"￥6,800","￥7,000代",0,1,,,,,,,,-,-,-,-,-,
1992-02-28,サミー工業,パズロット,-,4,PZL,"￥5,600","￥5,500代",0,1,,,,,,,,-,-,-,-,-,
1992-03-06,サミー工業,マジックキャンドル,-,5,RPG,"￥7,800","￥8,000代",0,1,,,,,,,,-,-,-,-,-,
1992-03-06,タカラ,伝染るんです。かわうそハワイへ行く,-,4,ACT,"￥6,800","￥7,000代",0,1,,,,,,,,-,-,-,-,-,
1992-03-10,ヘクト,囲碁指南'92,-,4,TBL,"￥6,800","￥7,000代",0,1,,,,,,,,-,-,-,-,-,
1992-03-13,ナムコ,ナムコクラシックⅡ,-,5,SPT,"￥5,900","￥6,000代",0,1,,,,,,,,-,-,-,-,-,
1992-03-14,任天堂,ファイアーエムブレム外伝,-,5,SLG,"￥6,600","￥6,500代",0,1,,加賀昭三,いまにしまさゆき|たじまつねやす|吉田康二|ふくらけい|しみずまさひろ,加賀昭三|町田敏|村松敏孝|大西直孝,辻横由佳,,横井軍平,-,-,-,-,-,
1992-03-19,タイトー,究極ハリキリ甲子園,-,4,SPT,"￥6,900","￥7,000代",0,1,,,,,,,,-,-,-,-,-,
1992-03-20,ハドソン,SUPER桃太郎電鉄,-,5,ETC,"￥5,800","￥6,000代",0,1,,さくまあきら,飛田雅宏,土居孝幸,関口和之,,すずきとよじ,-,-,-,-,-,
1992-03-20,エンジェル,それいけ！アンパンマンみんなでハイキングゲーム！,-,4,ETC,"￥6,000","￥6,000代",0,1,,,,,,,,-,-,-,-,-,
1992-03-27,エピックソニー,HOOK,-,4,ACT,"￥5,900","￥6,000代",0,1,,,,,,,,-,-,-,-,-,
1992-03-27,ホットビィ,WWFレッスルマニアチャレンジ,-,4,ACT,"￥5,300","￥5,500代",0,1,,,,,,,,-,-,-,-,-,
1992-03-27,キャラクターソフト,ハローキティワールド,-,4,ACT,"￥4,800","￥5,000代",0,1,,坂本賀勇,小野寺正|鈴木英夫|安間基夫,杉野憲一,田中宏和,,横井軍平,-,-,-,-,-,
1992-03-27,ジャレコ,プラズマボール,-,4,ACT,"￥6,300","￥6,500代",0,1,,,,,,,,-,-,-,-,-,
1992-03-28,サンソフト,炎の闘球児ドッジ弾平,-,4,SPT,"￥6,500","￥6,500代",0,1,,,,はしもとかつみ|郷敏治,勝又隆一,こしたてつひろ,,-,-,-,-,-,
1992-04-17,タカラ,ひらけ！ポンキッキ,-,2,ACT,"￥4,980","￥5,000代",0,1,,,,,,,五社英雄|太地恒夫|野田宏一郎|大島正|藤田洋一|ほか,-,-,-,-,-,
1992-04-17,ココナッツジャパン,舛添要一朝までファミコン,-,6,ADV,"￥7,980","￥8,000代",0,1,,,,,,,舛添要一,-,-,-,-,-,
1992-04-24,科研,エキサイティングラリー,-,4,RCG,"￥5,900","￥6,000代",0,1,,,,,,,,-,-,-,-,-,
1992-04-24,タイトー,わんぱくコックンのグルメワールド,-,4,ACT,"￥5,900","￥6,000代",0,1,,,,,,,,-,-,-,-,-,
1992-04-24,アイレム,重力装甲メタルストーム,-,4,ACT,"￥6,500","￥6,500代",0,1,,みやたけんご,やましたひかる,沼山定光|転清,わたなべとおる,,ふたみひろし,-,-,-,-,-,
1992-04-25,ユタカ,ひょっこりひょうたん島なぞのかいぞくせん,-,4,ADV,"￥6,000","￥6,000代",0,1,,須藤典彦[注 1],,松原徳弘|亀田祥倫,やまだ豊,青山剛昌,,-,-,-,-,-,
1992-05-20,日本物産,麻雀大戦,-,5,TBL,"￥6,600","￥6,500代",0,1,,,,,,,,-,-,-,-,-,
1992-05-29,ヘクト,クイズプロジェクトQ,-,5,TBL,"￥6,800","￥7,000代",0,1,,,,,,,,-,-,-,-,-,
1992-06-05,カプコン,CAPCOMバルセロナ'92,-,4,SPT,"￥6,500","￥6,500代",0,1,,,,,,,,-,-,-,-,-,
1992-06-10,ナムコ,三国志Ⅱ覇王の大陸,-,5,SLG,"￥6,900","￥7,000代",0,1,,,,,天岸真志,,,-,-,-,-,-,
1992-06-19,バンダイ,まじかる☆タルるートくん2まほうだいぼうけん,-,4,ACT,"￥5,800","￥6,000代",0,1,,,,,,,,-,-,-,-,-,
1992-06-26,コナミ,エスパードリーム2新たなる戦い,30,5,RPG,"￥6,800","￥7,000代",0,1,,,,,,,,-,-,-,-,-,
1992-06-26,パックインビデオ,ターミネーター2,-,4,ACT,"￥6,500","￥6,500代",0,1,,,,,ブラッド・フィーデル,ジェームズ・キャメロン|ウィリアム・ウィッシャー,,-,-,-,-,-,
1992-06-26,テクノスジャパン,びっくり熱血新記録はるかなる金メダル,-,4,SPT,"￥6,500","￥6,500代",0,1,,,高橋充|さかがみたかゆき,白戸政男|坪谷衛,澤和雄|平沢道也,,,-,-,-,-,-,
1992-06-26,アイジーエス,陰謀の惑星シャンカラ,-,4,SLG,"￥9,700","￥9,500代",0,1,,,,,,,,-,-,-,-,-,
1992-06-26,タイトー,聖鈴伝説リックル,-,5,ACT,"￥6,800","￥7,000代",0,1,,吉本伸一,知花司|David BoØwy,中村幽子,横山喜次|鞠川雪映,吉本伸一|David BoØwy,吉本伸一|転清,-,-,-,-,-,
1992-07-03,ジーオーワン,THEGOLF'92(ザゴルフ92),-,4,SPT,"￥6,900","￥7,000代",0,1,,,,,,,,-,-,-,-,-,
1992-07-10,ココナッツジャパン,パチンコ大作戦2,-,4,TBL,"￥6,900","￥7,000代",0,1,,,,,,,,-,-,-,-,-,
1992-07-17,ナグザット,SummerCarnical'92烈火(サマーカーニバル),-,4,SHT,"￥4,980","￥5,000代",0,1,,,,,,,,-,-,-,-,-,
1992-07-17,キャラクターソフト,サンリオカップポンポンバレー,-,2,SPT,"￥3,980","￥4,000代",0,1,,,,,,,,-,-,-,-,-,
1992-07-17,カプコン,レッドアリーマーⅡ,-,4,ACT,"￥5,800","￥6,000代",0,1,,,うえやまこうじ,宮崎亮|京谷有紀,里村由紀,,,-,-,-,-,-,
1992-07-17,トミー,三つ目がとおる,-,4,ACT,"￥6,500","￥6,500代",0,1,,,,清山滋崇|宇田川一彦|山根公利,渡辺俊幸,手塚治虫(原作)|藤澤勇希(脚本),,-,-,-,-,-,
1992-07-24,セタ,シルヴァサーガ,-,5,RPG,"￥7,800","￥8,000代",0,1,,,,,,,,-,-,-,-,-,
1992-07-24,ジャレコ,闘魂倶楽部,-,4,ACT,"￥6,300","￥6,500代",0,1,,,廣田公男,もりもとゆきお|たきのあつみ|やまだけんいち,水谷郁,,,-,-,-,-,-,
1992-07-29,ユタカ,魔法のプリンセスミンキーモモリメンバードリーム,-,4,ACT,"￥6,000","￥6,000代",0,1,,,,,,,,-,-,-,-,-,
1992-07-31,ハドソン,高橋名人の冒険島Ⅲ,-,4,ACT,"￥5,800","￥6,000代",0,1,,,,,,,,-,-,-,-,-,
1992-08-07,パックインビデオ,エイセスアイアンイーグルⅢ,-,5,SHT,"￥7,400","￥7,500代",0,1,,,デニス・キャスウェル|ジェフ・A・レファーツ,クリストファー・シェン,リチャード・マイルス・ブーガー,,スティーヴン・アクリッチ|ジョー・イバラ|トム・スローパー,-,-,-,-,-,
1992-08-07,バンダイ,ドラゴンボールZⅢ烈戦人造人間,-,5,RPG,"￥7,800","￥8,000代",0,1,,,,,,,,-,-,-,-,-,
1992-08-07,タイトー,フリントストーンTHERESCUEOFDINO＆HOPPY,-,4,ACT,"￥6,800","￥7,000代",0,1,,,,,,,,-,-,-,-,-,
1992-08-28,ヘクト,ムーンクリスタル,-,5,ACT,"￥7,800","￥8,000代",0,1,,,まつもとともなり,おだちひろよ,多和田吏,おだちひろよ,,-,-,-,-,-,
1992-08-28,ヨネザワ,ギミアぶれいく史上最強のクイズ王決定戦2,-,5,TBL,"￥6,800","￥7,000代",0,1,,,,,,,,-,-,-,-,-,
1992-08-29,アスキー,ダービースタリオン全国版,-,4,ETC,"￥7,200","￥7,000代",0,1,,,,,,,,-,-,-,-,-,
1992-09-14,任天堂,スーパーマリオUSA,-,4,ACT,"￥4,900","￥5,000代",0,1,,田邊賢輔,中郷俊彦|竹谷康範|岩脇敏夫|森田和明|たかくらたつのり,杉山直,近藤浩治,,山内溥|宮本茂,-,-,-,-,-,
1992-09-18,ココナッツジャパン,1999ほれ、みたことか！世紀末,-,5,ETC,"￥7,300","￥7,500代",0,1,,,,,澤和雄,,,-,-,-,-,-,
1992-09-22,ナムコ,ナムコプリズムゾーンドリームマスター,-,5,RPG,"￥5,800","￥6,000代",0,1,,,,バースデイ|野中俊也,六土開正,バースデイ,,-,-,-,-,-,
1992-09-25,ジャレコ,ゴール(GOAL),-,4,SPT,"￥6,300","￥6,500代",0,1,,,,,,,,-,-,-,-,-,
1992-09-25,ケムコ,ミッキーマウスⅢ夢ふうせん,-,4,ACT,"￥5,900","￥6,000代",0,1,,須藤典彦[注 1],,松原徳弘|亀田祥倫,やまだ豊,青山剛昌,,-,-,-,-,-,
1992-09-29,タイトー,キャプテンセイバー,-,4,ACT,"￥5,900","￥6,000代",0,1,,,,,,,,-,-,-,-,-,
1992-10-09,バンプレスト,シャッフルファイト,-,5,ETC,"￥7,600","￥7,500代",0,1,,佳丈祐子,伊藤真也,頓宮勝弘|おやまやすなが|ひろせゆたか|おやまやすなが,渡部陽子,,,-,-,-,-,-,
1992-10-16,BPS,スポット,-,4,ETC,"￥5,500","￥5,500代",0,1,,,,,,,,-,-,-,-,-,
1992-10-16,アスキー,ベストプレープロ野球スペシャル,-,5,SLG,"￥7,500","￥7,500代",0,1,,,,,,,,-,-,-,-,-,
1992-10-22,ナムコ,トップストライカー,-,4,SPT,"￥5,800","￥6,000代",0,1,,,,,,,,-,-,-,-,-,
1992-10-23,バンダイ,SDガンダム外伝ナイトガンダム物語3伝説の騎士団,-,5,RPG,"￥7,800","￥8,000代",0,1,,島田晋作,,伴内弁太|島田晋作,,,高橋則夫|鈴木敏弘,-,-,-,-,-,
1992-10-30,日本コンピュータシステム,ダブルムーン伝説,-,6,RPG,"￥7,900","￥8,000代",0,1,,E.Kanai,T.Hino,大貫昌幸|草彅琢仁,,,土田俊郎,-,-,-,-,-,
1992-11-06,エンジェル,恐竜戦隊ジュウレンジャー,-,4,ACT,"￥6,000","￥6,000代",0,1,,,,,吉田明彦,杉村升 他,宇都宮恭三 梶淳(テレビ朝日) 鈴木武幸 白倉伸一郎(東映),-,-,-,-,-,
1992-11-13,アルトロン,トムとジェリー,-,4,ACT,"￥6,800","￥7,000代",0,1,,,,,,,,-,-,-,-,-,
1992-11-13,ココナッツジャパン,フェラーリGRANDPRIXCHALLENGE,-,4,RCG,"￥7,300","￥7,500代",0,1,,,,,,,,-,-,-,-,-,
1992-11-20,トミー,コロンブス黄金の夜明け,-,4,RPG,"￥7,500","￥7,500代",0,1,,,,,,,,-,-,-,-,-,
1992-11-21,任天堂,ヨッシーのクッキー,-,4,PZL,"￥4,757","￥5,000代",0,1,,山本雅央|山上仁志|たかさごたつひろ|RYOJIN,ヂュー・リー|よしかわのなえ|山本雄一,日野重文|松本千恵子|いのうえみか,生田ノブヤ|佐藤亜希羅|TSUTOMU|西坂紀子,,横井軍平,-,対戦,20位,-,-,
1992-11-27,コナミ,タイニートゥーンアドベンチャー2モンタナランドへようこそ,-,4,ACT,"￥4,900","￥5,000代",0,1,,,,,,,,-,-,-,-,-,
1992-11-27,ヘクト,囲碁指南'93,-,4,TBL,"￥6,800","￥7,000代",0,1,,,,,,,,-,-,-,-,-,
1992-12-04,バップ,ちいさなおばけアッチコッチソッチ,-,4,PZL,"￥6,800","￥7,000代",0,1,,,,河内日出夫,池毅,「小さなおばけシリーズ」|(角野栄子(作)・佐々木洋子(絵)),,-,-,-,-,-,
1992-12-04,カプコン,ロックマン5ブルースの罠！？,-,5,ACT,"￥7,800","￥8,000代",0,1,,,,,,,,-,-,-,-,-,
1992-12-04,ヘクト,将棋名鑑'93,-,5,TBL,"￥6,800","￥7,000代",0,1,,,,,,,,-,-,-,-,-,
1992-12-08,ナムコ,ワギャンランド3,-,5,ACT,"￥5,800","￥6,000代",0,1,,,,,,,,-,-,-,-,-,
1992-12-11,ヒロ,キョロちゃんランド,-,4,ACT,"￥5,800","￥6,000代",0,1,,,,,,,,-,-,-,-,-,
1992-12-11,キャラクターソフト,ハローキティのおはなばたけ,-,2,ACT,"￥3,980","￥4,000代",0,1,,,,,,,,-,-,-,-,-,
1992-12-11,ジャレコ,妖精物語ロッドランド,-,4,ACT,"￥6,500","￥6,500代",0,1,,,,森谷忠明|衛藤浩二,多和田吏,,,-,-,-,-,-,
1992-12-15,エニックス,ジャストブリード,-,6,RPG,"￥9,700","￥9,500代",0,1,,,森田和郎,森田和郎|安野隆志|高田裕三,田中公平,佐藤克之,川口貴雄|山本秀樹|渡辺泰仁,-,-,-,-,-,
1992-12-18,サンソフト,バーコードワールド,-,4,ACT,"￥7,200","￥7,000代",0,1,,河合正人|北川正昭,沓掛隆志|寺島徹|島村誠司|堀越丈広|葭原智|T.MATSUSHIMA|M.YOSHIDA,,,,前田道裕|吉田喜春,-,-,-,-,-,
1992-12-22,ユタカ,SDガンダムガチャポン戦士5バトルオブユニバーサルセンチュリー,-,4,SLG,"￥6,800","￥7,000代",0,1,,,,,,,,-,-,-,-,-,
1992-12-22,ナムコ,ファミスタ'93,-,4,SPT,"￥4,900","￥5,000代",0,1,,,,,,,,-,-,-,-,-,
1992-12-23,テクノスジャパン,熱血格闘伝説,-,4,ACT,"￥6,500","￥6,500代",0,1,,,あべひでゆき,大竹剛,澤和雄|平沢道也|浦部拓,,,-,-,-,-,-,
1992-12-25,エンジェル,ウルトラマン倶楽部怪獣大決戦,-,4,ACT,"￥6,800","￥7,000代",0,1,,,,,,,,-,-,-,-,-,
1992-12-25,バンプレスト,グレイトバトルサイバー,-,4,ACT,"￥7,300","￥7,500代",0,1,,,DARTS'MAN SIOCHI,こはたまさと|萱島啓子|荒木雅子|岡本みちと,小酒井順哉,早川芳樹,山田俊彦,-,-,-,-,-,
1992-12-25,サミー工業,嗚呼！野球人生一直線,-,6,ETC,"￥7,300","￥7,500代",0,1,,,,,,,,-,-,-,-,-,
1992-12-29,バンダイ,[データック]ドラゴンボールZ激闘天下一武道会,-,5,ACT,"￥7,800","￥8,000代",0,1,,,,,,,,-,-,-,-,-,
1993-01-14,キャラクターソフト,サンリオカーニバル2,-,2,PZL,"￥3,980","￥4,000代",0,1,,,,,,,,-,-,-,-,-,
1993-01-15,カプコン,ワイリー＆ライトのロックボードザッツパラダイス,-,5,TBL,"￥6,500","￥6,500代",0,1,,,,竹中善則|稲船敬二|岩崎あけみ,里村由紀,,,-,-,-,-,-,
1993-01-22,エンジェル,仮面ライダーSDグランショッカーの野望,-,4,ETC,"￥6,500","￥6,500代",0,1,,保光峰之,なかしまゆうじ,島田晋作|保光峰之|島田晋作|保光峰之|あらいみゆき,YAMADA,,服部大三郎,-,-,-,-,-,
1993-01-29,コナミ,F-1センセーション,-,4,RCG,"￥5,800","￥6,000代",0,1,,近藤隆司,柴田裕治,矢内一則,冨田朋也|中馬淳,,,-,-,-,-,-,
1993-02-05,コナミ,悪魔城ドラキュラ,32,4,ACT,"￥3,900","￥4,000代",0,1,,赤松仁司,岡出光弘,戸隠のりやす,山下絹代|寺島里恵,,永田昭彦,-,-,-,-,-,
1993-02-19,キャラクターソフト,けろけろけろっぴの大冒険2ドーナツ池はおおさわぎ,-,4,ACT,"￥5,400","￥5,500代",0,1,,,,,,,,-,-,-,-,-,
1993-02-19,バンプレスト,バトルベースボール,-,6,SPT,"￥8,600","￥8,500代",0,1,,田中憲一|さかたでんそう,岩永研一|田端紀行,萱島啓子|諸星三千代,松平あこ,,下道隆,-,-,-,-,-,
1993-02-26,コナミ,バイオミラクルぼくってウパ,-,4,ACT,"￥3,900","￥4,000代",0,1,,,山田善朗|H.EDA|村田司朗|奥田康雄|風仁美,霜出健治|ふなびきひろこ,深見誠一|藤尾敦|中村康三|きのうちかおり|西垣綾子|村田幸史|倉橋裕子,,,-,-,-,-,-,
1993-03-05,タイトー,バブルボブル2,-,4,ACT,"￥5,900","￥6,000代",0,1,,しおかわたかし,ひざけんいち,明石佳久|タイガーかわの|市角博継|明石佳久,神尾憲一,,,-,-,-,-,-,
1993-03-05,ジャレコ,めざせ！トッププロ～グリーンに賭ける夢～,-,5,SPT,"￥6,500","￥6,500代",0,1,,,,,,,,-,-,-,-,-,
1993-03-06,ジャレコ,USAアイスホッケーinFC,-,4,SPT,"￥6,300","￥6,500代",0,1,,,,,,,,-,-,-,-,-,
1993-03-12,ビクター音楽産業,スターウォーズ帝国の逆襲(ビクター製),-,5,ACT,"￥7,900","￥8,000代",0,1,,,,,,,,-,-,-,-,-,
1993-03-19,サンソフト,ぴょこたんの大迷路,-,4,ADV,"￥6,000","￥6,000代",0,1,,,,,,,,-,-,-,-,-,
1993-03-19,ヨネザワ,カジノダービー,-,4,ETC,"￥5,500","￥5,500代",0,1,,,,,,,,-,-,-,-,-,
1993-03-23,任天堂,星のカービィ夢の泉の物語,33,6,ACT,"￥6,300","￥6,500代",100,1,,桜井政博,菅浩秋,桜井政博,安藤浩和|石川淳,,山内溥|岩田聡|宮本茂|清水隆雄,-,-,-,-,-,
1993-03-25,光栄,蒼き狼と白き牝鹿元朝秘史,-,6,SLG,"￥11,800","￥12,000代",0,1,,,,,大島ミチル,,シブサワ・コウ,-,-,-,-,-,
1993-03-26,コナミ,もえろツインビーシナモン博士を救え,-,4,SHT,"￥3,900","￥4,000代",0,1,,,青山和浩|村田司朗,MADAM YANYAN|木下まり,禎清宏,,,-,-,-,-,-,
1993-03-26,アイレム,愛先生のOSHIETEわたしの星,-,5,ETC,"￥12,800","￥13,000代",0,1,,,,,,,,-,-,-,-,-,
1993-03-26,サンソフト,炎の闘球児ドッジ弾平2,-,5,SPT,"￥6,800","￥7,000代",0,1,,,,はしもとかつみ|郷敏治,勝又隆一,こしたてつひろ,,-,-,-,-,-,
1993-03-30,アイレム,快傑ヤンチャ丸3対決！ゾウリンゲン,-,4,ACT,"￥6,500","￥6,500代",0,1,,,,,山崎憲司,,,-,-,-,-,-,
1993-04-23,バンダイ,[データック]SDガンダムガンダムウォーズ,-,5,SLG,"￥2,800","￥3,000代",0,1,,,,,,,火星人,-,-,-,-,-,
1993-04-23,バンダイ,[データック]ウルトラマン倶楽部スポ根ファイト,-,5,SPT,"￥2,800","￥3,000代",0,1,,,,,,,,-,-,-,-,-,
1993-04-23,テクノスジャパン,くにおくんの熱血サッカーリーグ,-,4,SPT,"￥6,500","￥6,500代",0,1,,,高橋充|さかがみたかゆき,甲斐浩二|坪谷衛,澤和雄|浦部拓,,,-,-,-,-,-,
1993-04-23,タイトー,ジェットソン,-,4,ACT,"￥6,800","￥7,000代",0,1,,,,,,,,-,-,-,-,-,
1993-04-23,カプコン,ダックテイルズ2,-,4,ACT,"￥5,800","￥6,000代",0,1,,,,ティモシー・M・モーエン,ドミニク・ルイス,カール・バークス|ジーマン・メイゴン|マット・ヤングバーグ|フランシスコ・アンゴネス,,-,-,-,-,-,
1993-04-28,ヨネザワ,ゴリラーマン,-,6,ETC,"￥6,900","￥7,000代",0,1,,,,,,,,-,-,-,-,-,
1993-05-21,任天堂,ジョイメカファイト,-,5,ACT,"￥4,900","￥5,000代",0,1,,林田宏一,林田宏一|江渡浩一郎,原田典幸|柳川絵奈|影山悦子|仲川尚秀,清水英明,,,🟦青,対戦,04位,-,-,
1993-06-11,ココナッツジャパン,パチ夫くん5Jrの挑戦,-,5,TBL,"￥8,500","￥8,500代",0,1,,,,,,,,-,-,-,-,-,
1993-06-11,カプコン,マイティファイナルファイト,-,4,ACT,"￥6,500","￥6,500代",0,1,,,,,,,,-,-,-,-,-,
1993-06-19,アイジーエス,JリーグファイティングサッカーTHEKINGOFACESTRIKERS,-,4,SPT,"￥7,900","￥8,000代",0,1,,,,,,,,-,-,-,-,-,
1993-07-09,ユタカ,うしおととら深淵の大妖,-,4,RPG,"￥7,800","￥8,000代",0,1,,,,,,,,-,-,-,-,-,
1993-07-23,徳間書店,ぷよぷよ,-,4,PZL,"￥5,900","￥6,000代",0,1,,,,,,,,-,-,-,-,-,
1993-07-30,ハドソン,FC原人,-,5,ACT,"￥5,800","￥6,000代",0,1,,,,,増子司,,,-,-,-,-,-,
1993-07-30,エンジェル,甲竜伝説ヴィルガスト外伝,-,4,RPG,"￥8,000","￥8,000代",0,1,,,,,,,,-,-,-,-,-,
1993-08-06,バンダイ,ドラゴンボールZ外伝サイヤ人絶滅計画,-,5,RPG,"￥7,800","￥8,000代",90,1,,たじましょうじ|杉本則之,,たかはしまさゆき,上村みゆき|さばくまゆき|いちだたけし|天岸真志,小山高生,大久保悌伸,-,-,-,-,-,
1993-08-27,バンダイ,[データック]クレヨンしんちゃんオイラとポイポイ,-,4,PZL,"￥2,600","￥2,500代",0,1,,,,,,,,-,-,-,-,-,
1993-08-27,バンダイ,クレヨンしんちゃんオイラとポイポイ,-,5,PZL,"￥5,800","￥6,000代",0,1,,,,,,,,-,-,-,-,-,
1993-09-17,ココナッツジャパン,パチスロアドベンチャー2そろっ太くんのパチスロ探偵団,-,4,TBL,"￥6,900","￥7,000代",0,1,,,,,,,,-,-,-,-,-,
1993-09-21,任天堂,テトリスフラッシュ,-,4,PZL,"￥5,900","￥6,000代",0,1,,山本雅央|山上仁志,,,高野充彦|上村みゆき,,横井軍平,-,-,-,-,-,
1993-10-22,バンダイ,[データック]幽☆遊☆白書爆闘暗黒武術会,-,5,ACT,"￥2,800","￥3,000代",0,1,,,,,,,,-,-,-,-,-,
1993-10-22,アイレム,大工の源さん2赤毛のダンの逆襲,-,5,ACT,"￥6,800","￥7,000代",0,1,,,,,,,,-,-,-,-,-,
1993-10-29,バンダイ,ろくでなしBLUES,-,5,RPG,"￥7,800","￥8,000代",0,1,,,,,安川午朗,秦建日子|猪原健太|尾崎悟史,,-,-,-,-,-,
1993-11-05,カプコン,ロックマン6史上最大の闘い,-,6,ACT,"￥7,800","￥8,000代",0,1,,,,,,,,🟨黄,-,-,-,-,
1993-11-12,ビーアイ,[データック]バトルラッシュ,-,5,ACT,"￥2,800","￥3,000代",0,1,,,,,,,,-,-,-,-,-,
1993-11-26,タカラ,RPG人生ゲーム,-,5,ETC,"￥7,800","￥8,000代",0,1,,,,,,,,-,-,-,-,-,
1993-12-01,キャラクターソフト,けろっぴとけろりーぬのスプラッシュボム,-,4,ACT,"￥4,980","￥5,000代",0,1,,,,,,,,-,-,-,-,-,
1993-12-01,ナムコ,ファミスタ'94,-,4,SPT,"￥3,900","￥4,000代",0,1,,,,,,,,-,-,-,-,-,
1993-12-10,カプコン,チップとデールの大作戦2,-,4,ACT,"￥5,800","￥6,000代",0,1,,,,,藤井美苗|あかまつあきひろ|おおいたさちこ,,藤原得郎,-,-,-,-,-,
1993-12-10,ユタカ,なかよしといっしょ,-,4,ADV,"￥7,800","￥8,000代",0,1,,,,,,,,-,-,-,-,-,
1993-12-17,ヘクト,囲碁指南'94,-,4,TBL,"￥6,800","￥7,000代",0,1,,,,,,,,-,-,-,-,-,
1993-12-17,ハドソン,桃太郎伝説外伝,-,6,RPG,"￥6,800","￥7,000代",0,1,,さくまあきら,,土居孝幸,関口和之,さくまあきら(貧乏神伝説|浦島伝説)|山口宏(夜叉姫伝説),,-,-,-,-,-,
1993-12-17,テクノスジャパン,熱血！すとりーとバスケットがんばれDUNKHEROES,-,4,SPT,"￥6,500","￥6,500代",0,1,,,,,,,,-,-,-,-,-,
1994-02-19,任天堂,ゼルダの伝説1,-,4,ADV,"￥4,900","￥5,000代",0,1,,宮本茂|手塚卓志,中郷俊彦|副島康成|I.MARUI,宮本茂|手塚卓志|宮本茂|手塚卓志,近藤浩治,照井啓司,山内溥|宮本茂,-,-,-,-,-,
1994-02-19,任天堂,ワリオの森,-,5,PZL,"￥4,900","￥5,000代",0,1,,三木研次,鈴木広宣|片山誠,富田聡一郎|飯村雅弘|大西直孝,天宅しのぶ|岡素世,,三木研次,-,-,-,-,-,
1994-02-27,スクウェア,ファイナルファンタジーⅠ・Ⅱ,-,6,RPG,"￥6,800","￥7,000代",0,1,,,,,,,,-,-,-,-,-,
1994-04-22,バンダイ,[データック]J-LEAGUEスーパートッププレイヤーズ,-,5,SPT,"￥2,800","￥3,000代",0,1,,,,,,,,-,-,-,-,-,
1994-05-13,ココナッツジャパン,パチスロアドベンチャー3ビタオシー7見参,-,4,TBL,"￥7,900","￥8,000代",0,1,,,,,,,,-,-,-,-,-,
1994-05-27,エレクトロニックアーツ・ビクター,Jリーグウイニングゴール,-,4,SPT,"￥7,980","￥8,000代",0,1,,,,,,,,-,-,-,-,-,
1994-06-24,ハドソン,高橋名人の冒険島Ⅳ,-,5,ACT,"￥5,800","￥6,000代",0,1,,,,,,,,-,-,-,-,-,
1989-03-01,NHK/コナミ/東京書籍,NHK学園スペーススクール小学校の算数4年生上,-,0,ETC,"￥18,000","￥18,000代",0,1,,,,,,,,-,-,-,-,-,
1989-03-01,NHK/コナミ/東京書籍,NHK学園スペーススクール小学校の算数4年生下,-,0,ETC,"￥18,000","￥18,000代",0,1,,,,,,,,-,-,-,-,-,
1989-03-01,NHK/コナミ/東京書籍,NHK学園スペーススクール小学校の算数5年生上,-,0,ETC,"￥18,000","￥18,000代",0,1,,,,,,,,-,-,-,-,-,
1989-03-01,NHK/コナミ/東京書籍,NHK学園スペーススクール小学校の算数5年生下,-,0,ETC,"￥18,000","￥18,000代",0,1,,,,,,,,-,-,-,-,-,
1989-03-01,NHK/コナミ/東京書籍,NHK学園スペーススクール小学校の算数6年生上,-,0,ETC,"￥18,000","￥18,000代",0,1,,,,,,,,-,-,-,-,-,
1989-03-01,NHK/コナミ/東京書籍,NHK学園スペーススクール小学校の算数6年生下,-,0,ETC,"￥18,000","￥18,000代",0,1,,,,,,,,-,-,-,-,-,
1988-07-25,不明,JRA-PAT,-,0,ETC,"￥19,800","￥20,000代",0,1,,,,,,,,-,-,-,-,-,
1988-07-25,不明,野村のファミコントレード,-,0,ETC,不明,不明,0,1,,,,,,,,-,-,-,-,-,
1988-07-25,不明,野村のファミコントレード(V2),-,0,ETC,不明,不明,0,1,,,,,,,,-,-,-,-,-,
1988-07-25,不明,新日本のファミコンホームトレード,-,0,ETC,不明,不明,0,1,,,,,,,,-,-,-,-,-,
1988-07-25,不明,住友ホームライン,-,0,ETC,不明,不明,0,1,,,,,,,,-,-,-,-,-,
1988-07-25,不明,ファミコンフィットネス,-,0,ETC,不明,不明,0,1,,,,,,,,-,-,-,-,-,
1988-07-25,福武書店,スタディボックス,-,0,ETC,不明,不明,0,1,,,,,,,,-,-,-,-,-,
1986-02-21,任天堂,ゴルフ💾,-,7,SPT,"￥2,500","￥2,500代",0,2,,,,,,,,-,-,-,-,-,
1986-02-21,任天堂,サッカー💾,-,7,SPT,"￥2,500","￥2,500代",0,2,,,,,,,,-,-,-,-,-,
1986-02-21,任天堂,スーパーマリオブラザーズ💾,-,7,ACT,"￥2,500","￥2,500代",0,2,,宮本茂,中郷俊彦|森田和明|西田泰也,宮本茂|宮本茂|手塚卓志,近藤浩治,,山内溥|池田宏|宮本茂,-,-,-,-,-,
1986-02-21,任天堂,ゼルダの伝説💾,-,8,ARPG,"￥2,600","￥2,500代",169,2,,宮本茂|手塚卓志,中郷俊彦|副島康成|I.MARUI,宮本茂|手塚卓志|宮本茂|手塚卓志,近藤浩治,照井啓司,山内溥|宮本茂,-,-,-,-,-,
1986-02-21,任天堂,テニス💾,-,7,SPT,"￥2,500","￥2,500代",0,2,,,,,,,,-,-,-,-,-,
1986-02-21,任天堂,ベースボール💾,-,7,SPT,"￥2,500","￥2,500代",0,2,,,,,,,,-,-,-,-,-,
1986-02-21,任天堂,麻雀(二人用)💾,-,7,TBL,"￥2,500","￥2,500代",0,2,,,,,,,,-,-,-,-,-,
1986-04-14,任天堂,謎の村雨城💾,-,8,ACT,"￥2,600","￥2,500代",61,2,,前田実,,前田実|KEI HONMA,近藤浩治,,加藤圭三,-,-,-,-,-,
1986-06-03,任天堂,スーパーマリオブラザーズ2💾,-,7,ACT,"￥2,600","￥2,500代",265,2,,手塚卓志|宮本茂,中郷俊彦|森田和明,手塚卓志|宮本茂|手塚卓志|宮本茂,近藤浩治,,山内溥,-,-,-,-,05位,
1986-07-21,任天堂,バレーボール💾,-,7,SPT,"￥2,500","￥2,500代",198,2,,,,,,,,-,-,-,-,-,
1986-07-30,アスキー,涙の倉庫番スペシャル💾,-,8,PZL,"￥2,980","￥3,000代",0,2,,,,今林宏行,,,,-,-,-,-,-,
1986-08-06,任天堂,メトロイド💾,-,8,ACT,"￥2,600","￥2,500代",104,2,,岡田智|山本雅央|加納誠,湯上裕之|傍島やせ|仙石敏男|N.SHIOTANI|M.HOUDAI,坂本賀勇|松岡洋史|清武博二|加納誠,田中宏和,加納誠,横井軍平,-,-,-,-,-,
1986-08-27,ロイヤル工業,アイアムアティーチャースーパーマリオのセーター💾,-,8,ETC,"￥2,900","￥3,000代",0,2,,,,,,,,-,-,-,-,-,
1986-09-19,ポニーキャニオン,子猫物語💾,-,8,ACT,"￥2,900","￥3,000代",0,2,,,,,坂本龍一,畑正憲,,-,-,-,-,-,
1986-09-26,ロイヤル工業,アイアムアティーチャー手あみのきそ💾,-,8,ETC,"￥2,900","￥3,000代",0,2,,,,,,,,-,-,-,-,-,
1986-09-26,コナミ,悪魔城ドラキュラ💾,34,8,ACT,"￥2,980","￥3,000代",0,2,,赤松仁司,岡出光弘,戸隠のりやす,山下絹代|寺島里恵,,永田昭彦,-,-,-,-,-,
1986-10-13,河田,Othello(オセロ)💾,-,7,TBL,"￥2,980","￥3,000代",0,2,,,,,中西ゆういちろう,鈴木光司|久保幸湖|谷井美佳|中村真夕,山崎宏太(朝日放送テレビ)|南雄大(朝日放送テレビ)|齋藤浩司(ヒューマックスシネマ)|若山佑介(ヒューマックスシネマ)|山口誠(47style),-,-,-,-,-,
1986-10-21,任天堂,プロレス💾,30,7,SPT,"￥2,500","￥2,500代",142,2,,,,,,,,-,-,-,-,-,
1986-11-06,イマジニア,銀河伝承galaxyodyssey💾,-,8,ARPG,"￥5,000","￥5,000代",0,2,,,,,,,,-,-,-,-,-,
1986-11-19,HAL研究所,ガルフォース💾,-,8,SHT,"￥2,980","￥3,000代",0,2,,,,,,,,-,-,-,-,-,
1986-11-20,サンソフト,デット・ゾーン💾,-,8,ADV,"￥2,980","￥3,000代",0,2,,,こまだよしあき,もりけん,小高直樹,,北角浩一,-,-,-,-,-,
1986-11-21,コナミ,もえろツインビーシナモン博士を救え💾,-,8,SHT,"￥3,000","￥3,000代",0,2,,,青山和浩|村田司朗,MADAM YANYAN|木下まり,禎清宏,,,-,-,-,-,-,
1986-11-28,アイレム,きね子💾,33,8,PZL,"￥3,300","￥3,500代",0,2,,,,種子田定登,,,,-,-,-,-,-,
1986-11-28,ポニーキャニオン,ザナック💾,31,7,SHT,"￥2,900","￥3,000代",0,2,,,,,,,,-,-,-,-,-,
1986-12-12,サンソフト,知能ゲームシリーズアディアンの杖💾,-,8,ETC,"￥4,900","￥5,000代",0,2,,,,,,,,-,-,-,-,-,
1986-12-13,コナミ,謎の壁ブロックくずし💾,-,8,TBL,"￥2,980","￥3,000代",0,2,,,松岡伸治|青山和浩,神戸良治|霜出健治|きのしたまり|深沢由美子|難波和宏,前沢秀憲|船橋淳|竹安弘,,,-,-,-,-,-,
1986-12-15,スクウェア,水晶の龍💾,-,8,ADV,"￥3,400","￥3,500代",0,2,,,,佐藤元,植松伸夫,,,-,-,-,-,-,
1986-12-17,ソフトプロ,ブリーダー💾,-,8,ACT,"￥2,980","￥3,000代",0,2,,,,,,,,-,-,-,-,-,
1986-12-19,ジャレコ,ナイト・ロアー魔城の狼男💾,-,8,ACT,"￥3,200","￥3,000代",0,2,,,クリス・スタンパー|ジョン・ラスバリー,クリス・スタンパー|ティム・スタンパー|ティム・スタンパー|キャロル・スタンパー,,,,-,-,-,-,-,
1986-12-19,任天堂,光神話パルテナの鏡💾,-,8,ACT,"￥2,600","￥2,500代",109,2,,岡田智,BAN BAN|YOSHIKAWA|TOGAWA,大澤徹|松岡洋史|加納誠,田中宏和,大澤徹,横井軍平,-,-,-,-,-,
1986-12-19,スクウェア,魔洞戦記ディープダンジョン💾,-,8,RPG,"￥3,400","￥3,500代",0,2,,,,,,,,-,-,-,-,-,
1986-12-20,イマジニア,消えたプリンセス💾,-,8,ADV,"￥5,000","￥5,000代",0,2,,,堀本幸男,堀本れい子,やじろべえつの,デーモン飯田橋,デーモン飯田橋,-,-,-,-,-,
1986-12-25,アスキー,プロフェッショナル麻雀悟空💾,-,8,TBL,"￥2,980","￥3,000代",0,2,,,,,,,,-,-,-,-,-,
1986-12-26,コトブキシステム,エレクトシャン💾,-,8,ACT,"￥2,980","￥3,000代",0,2,,,,,,,,-,-,-,-,-,
1987-01-14,任天堂,リンクの冒険💾,36,8,ARPG,"￥2,600","￥2,500代",161,2,,杉山直|山村康久,森田和明|西山達夫|笠松栄弘|西田泰也|中郷俊彦,清水一伸,中塚章人,,山内溥|宮本茂,-,-,-,-,-,
1987-01-29,バンダイ,ウルトラマン怪獣帝国の逆襲💾,-,8,ACT,"￥3,300","￥3,500代",0,2,,,,,,,,-,-,-,-,-,
1987-01-29,HAL研究所,エッガーランド💾,-,8,PZL,"￥2,900","￥3,000代",0,2,,,,,,,,-,-,-,-,-,
1987-02-06,サンソフト,ナゾラーランド増刊号💾,-,8,ETC,"￥2,980","￥3,000代",0,2,,,,,,,,-,-,-,-,-,
1987-02-15,アイレム,きね子2💾,-,8,PZL,￥500,￥500代,0,2,,,,種子田定登,,,,-,-,-,-,-,
1987-02-20,コナミ,エスパードリーム💾,-,8,ARPG,"￥2,980","￥3,000代",0,2,,,きたもとしんじ|岸和田聡,風仁美|PRETTY MIYUKI,山下絹代,,,-,-,-,-,-,
1987-02-21,任天堂,ゴルフJAPANコース💾,-,8,SPT,"￥3,500","￥3,500代",74,2,,,,,,,,-,-,-,-,-,
1987-03-03,サンソフト,メルヘンヴェール💾,-,8,ARPG,"￥3,200","￥3,000代",0,2,,佐藤浩一,堀本幸男,堀本幸男|いしいたつや|いしいみゆき,佐藤浩一,,,-,-,-,-,-,
1987-03-05,アイレム,スーパーロードランナー💾,-,8,ACT,"￥3,100","￥3,000代",0,2,,,,,,,,-,-,-,-,-,
1987-03-12,スクウェア,とびだせ大作戦💾,-,8,ACT,"￥3,400","￥3,500代",0,2,,,ナーシャ・ジベリ,坂口博信,植松伸夫,,,-,-,-,-,-,
1987-03-27,ポニーキャニオン,ウインターゲームズ💾,-,8,SPT,"￥2,900","￥3,000代",0,2,,,,,,,,-,-,-,-,-,
1987-03-27,アスキー,オトッキー💾,-,8,SHT,"￥3,500","￥3,500代",0,2,,,デジタルエンタテインメント,岩井俊雄,,,,-,-,-,-,-,
1987-03-27,サンソフト,知能ゲームシリーズ2スーパーボーイアラン💾,-,8,ETC,"￥4,900","￥5,000代",0,2,,,,,,,,-,-,-,-,-,
1987-03-27,サンソフト,知能ゲームシリーズ3地底大陸オルドーラ💾,-,8,ETC,"￥4,900","￥5,000代",0,2,,,,,,,,-,-,-,-,-,
1987-03-28,バンダイ,ダーティペアプロジェクトエデン💾,-,8,ACT,"￥3,300","￥3,500代",0,2,,,,,,,,-,-,-,-,-,
1987-04-03,スクウェア,アップルタウン物語littlecomputerpeople💾,-,8,SLG,"￥3,400","￥3,500代",0,2,,,,,,,,-,-,-,-,-,
1987-04-10,コナミ,グリーンベレー💾,-,8,SHT,"￥2,980","￥3,000代",0,2,,,,,,,,-,-,-,-,-,
1987-04-10,ソフエル,ココナワールド💾,-,8,ACT,"￥2,980","￥3,000代",0,2,,ほりまさと,H.KUMATANI|もとむらいえのり|たけちまさみつ,なかがわおさむ,どいこうじ|Y.TSUJI|村井俊夫,K.INAMI,ひさとみけんじ,-,-,-,-,-,
1987-04-10,ボースティック,レリクス暗黒要塞💾,-,8,ACT,"￥4,200","￥4,000代",0,2,,,,,,,,-,-,-,-,-,
1987-04-15,ジャレコ,風雲少林拳💾,-,8,ACT,"￥3,200","￥3,000代",0,2,,,,,,,,-,-,-,-,-,
1987-04-24,コナミ,愛戦士ニコル💾,-,8,ARPG,"￥2,980","￥3,000代",0,2,,,,,コナミ矩形波倶楽部,,,-,-,-,-,-,
1987-04-24,データイースト,探偵神宮寺三郎新宿中央公園殺人事件💾,-,8,ADV,"￥3,300","￥3,500代",0,2,,,,,,,,-,-,-,-,-,
1987-05-01,バンダイ,キン肉マンキン肉星王位争奪戦💾,-,8,ACT,"￥3,300","￥3,500代",0,2,,,,増田雅人,,,,-,対戦,-,-,-,
1987-05-01,スクウェア,ハオ君の不思議な旅💾,-,8,ACT,"￥3,400","￥3,500代",0,2,,,長谷川浩|草津きよし,,平野洋一郎|草津きよし|カズミ,長谷川浩|草津きよし,,-,-,-,-,-,
1987-05-19,イマジニア,聖剣サイコカリバー魔獣の森伝説💾,-,8,ARPG,"￥4,900","￥5,000代",0,2,,,,,,,,-,-,-,-,-,
1987-05-25,カプコン,セクションZ💾,-,8,SHT,"￥2,980","￥3,000代",0,2,,,有馬俊夫,西山隆志,河本圭代,,,-,-,-,-,-,
1987-05-25,バンダイ,プロゴルファー猿影のトーナメント💾,-,8,SPT,"￥3,300","￥3,500代",0,2,,,,,,,,-,-,-,-,-,
1987-05-30,任天堂,スマッシュピンポン💾,-,7,SPT,"￥2,500","￥2,500代",0,2,,,AC 井上正廣,,,,,-,-,-,-,-,
1987-05-30,コナミ,迷宮寺院ダババ💾,31,8,PZL,"￥2,980","￥3,000代",0,2,,,松岡伸治|PUUSAN|OBOCHAN,吉本陽一,坂元信也|寺島里恵|禎清宏,,,-,-,-,-,-,
1987-05-30,スクウェア,勇士の紋章ディープダンジョン💾,-,8,RPG,"￥3,400","￥3,500代",0,2,,,,,,,,-,-,-,-,-,
1987-06-02,イーストキューブ,リフレクトワールド💾,-,8,SRPG,"￥3,200","￥3,000代",0,2,,,,,,,,-,-,-,-,-,
1987-06-12,サンソフト,ナゾラーランド第2号💾,-,8,ETC,"￥2,980","￥3,000代",0,2,,,,,,,,-,-,-,-,-,
1987-06-14,任天堂,ゴルフUSコース💾,-,8,SPT,"￥3,500","￥3,500代",56,2,,,,,,,,-,-,-,-,-,
1987-06-19,ポニーキャニオン,ドクター・カオス地獄の扉💾,-,8,ACT,"￥2,900","￥3,000代",0,2,,,,,,,,-,-,-,-,-,
1987-06-19,スコーピオンソフト,マイケルEnglish大冒険💾,-,8,ETC,"￥2,980","￥3,000代",0,2,,,,,,,,-,-,-,-,-,
1987-06-26,コナミ,エキサイティングビリヤード💾,32,8,SPT,"￥2,980","￥3,000代",0,2,,,山田善朗,三品善徳|TATEIWA,藤尾敦,,,-,-,-,-,-,
1987-07-03,スクウェア,磁界少年メットマグDOGからの挑戦状💾,-,8,ACT,"￥3,400","￥3,500代",0,2,,,,,,,,-,-,-,-,-,
1987-07-10,フジテレビ,夢工場ドキドキパニック💾,31,8,ACT,"￥2,600","￥2,500代",0,2,,田邊賢輔,中郷俊彦|竹谷康範|岩脇敏夫|森田和明|TOMICHAN|笠松栄弘|N.AKIIRA|西山達夫,杉山直|フジテレビ,近藤浩治,,宮本茂,-,-,-,-,-,
1987-07-24,コナミ,エキサイティングバスケット💾,-,8,SPT,"￥2,980","￥3,000代",0,2,,,,,,,,-,-,-,-,-,
1987-07-24,スクウェア,クレオパトラの魔宝💾,-,8,RPG,"￥3,300","￥3,500代",0,2,,田中弘道,SUMI|T.IMAI,中田浩美|伊藤博美|たなかりょうこ|みうらまさあき|時田貴司|星野雅紀,植松伸夫,雪ノ浦美樹|ほしののぶゆき,,-,-,-,-,-,
1987-07-24,学習研究社,タイタニックミステリー蒼の戦慄💾,-,8,ADV,"￥3,200","￥3,000代",0,2,,,,,,,,-,-,-,-,-,
1987-07-31,ジャレコ,モンティのドキドキ大脱走💾,-,8,ACT,"￥3,200","￥3,000代",0,2,,,,,,,,-,-,-,-,-,
1987-08-01,アイレム,スーパーロードランナーⅡ💾,-,8,ACT,￥500,￥500代,0,2,,,,,,,,-,-,-,-,-,
1987-08-03,アイレム,麻雀家族💾,-,8,TBL,"￥3,300","￥3,500代",0,2,,,,,,,,-,-,-,-,-,
1987-08-11,コナミ,アルマナの奇跡💾,-,8,ACT,"￥2,980","￥3,000代",0,2,,,,,山下絹代,,,-,-,-,-,-,
1987-08-12,BPS,囲碁九路盤対局💾,33,8,TBL,"￥3,500","￥3,500代",0,2,,,,,,,,-,-,-,-,-,
1987-08-28,コナミ,ドラキュラⅡ呪いの封印💾,-,8,ACT,"￥2,980","￥3,000代",0,2,,赤松仁司,松岡伸浩|桑原やすお,戸隠のりやす,松原健一|寺島里恵|村田幸史,,,-,-,-,-,-,
1987-08-28,タカラ,トランスフォーマーザ・ヘッドマスターズ💾,-,8,ACT,"￥3,300","￥3,500代",0,2,,佐々木勝利,,まがみばん,石田勝範,金田益実,,-,-,-,-,-,
1987-08-28,タイトー,奇々怪界怒涛編💾,-,8,ACT,"￥3,800","￥4,000代",0,2,,,,,,,,-,-,-,-,-,
1987-09-04,任天堂,ふぁみこんむかし話新・鬼ヶ島(前編)💾,30,9,ADV,"￥2,600","￥2,500代",0,2,,,,,,,,-,-,-,-,-,
1987-09-30,任天堂,ふぁみこんむかし話新・鬼ヶ島(後編)💾,-,9,ADV,"￥2,500","￥2,500代",0,2,,,,,,,,-,-,-,-,-,
1987-10-02,スクウェア,カリーンの剣💾,-,8,ARPG,"￥3,300","￥3,500代",0,2,,,,,,,,-,-,-,-,-,
1987-10-02,ソフトプロ,パルサーの光💾,-,8,SHT,"￥2,980","￥3,000代",0,2,,,,,,,,-,-,-,-,-,
1987-10-09,ボースティック,トップルジップ💾,-,8,SHT,"￥4,200","￥4,000代",0,2,,,,,,,,-,-,-,-,-,
1987-10-21,コナミ,ファルシオン💾,-,8,SHT,"￥2,980","￥3,000代",0,2,,,,,,,,-,-,-,-,-,
1987-10-23,アイレム,妖怪屋敷💾,-,8,ACT,"￥3,100","￥3,000代",0,2,,,,,,,,-,-,-,-,-,
1987-10-30,タイトー,バブルボブル💾,-,8,ACT,"￥3,500","￥3,500代",0,2,,,藤末一郎|NISHIYORI,三辻富貴朗,君島正,,,-,-,-,-,-,
1987-10-30,任天堂,ファミコングランプリF1レース💾,-,8,RCG,"￥3,500","￥3,500代",0,2,,,,,,,,-,-,-,-,-,
1987-10-30,トンキンハウス,ファミリーコンポーザー💾,-,8,ETC,"￥2,980","￥3,000代",0,2,,,,,,,,-,-,-,-,-,
1987-11-13,ポニーキャニオン,谷川浩司の将棋指南Ⅱ名人への道💾,-,8,TBL,"￥3,000","￥3,000代",0,2,,,,,,,,-,-,-,-,-,
1987-11-20,バップ,キックチャレンジャーエアフット野菜の国の足戦士💾,-,8,ACT,"￥3,300","￥3,500代",0,2,,,,,,,,-,-,-,-,-,
1987-11-20,バンダイ,SDガンダムワールドガチャポン戦士スクランブルウォーズ💾,-,8,SLG,"￥3,300","￥3,500代",0,2,,,,,,,,-,-,-,-,-,
1987-12-01,任天堂,アイドルホットライン中山美穂のトキメキハイスクール💾,-,8,ADV,"￥3,500","￥3,500代",0,2,,,,,,,,-,-,-,-,-,
1987-12-04,データイースト,サンタクロースの宝箱💾,-,8,ETC,"￥3,300","￥3,500代",0,2,,,,,,,,-,-,-,-,-,
1987-12-04,コナミ,ドレミッコ💾,-,8,ETC,"￥8,980","￥9,000代",0,2,,,,,,,,-,-,-,-,-,
1987-12-08,コナミ,エキサイティングベースボール💾,-,8,SPT,"￥2,980","￥3,000代",0,2,,,,,,,,-,-,-,-,-,
1987-12-12,ソフエル,極楽遊戯(げーむてんごく)💾,-,8,ETC,"￥3,300","￥3,500代",0,2,,,,,,,,-,-,-,-,-,
1987-12-18,バンダイ,ウルトラマン2出撃科特隊💾,-,8,ACT,"￥3,300","￥3,500代",0,2,,,,,,,,-,-,-,-,-,
1987-12-18,サンソフト,ナゾラーランドスペシャルクイズ王を探せ💾,-,8,ETC,"￥2,980","￥3,000代",0,2,,,,,,,,-,-,-,-,-,
1988-01-21,任天堂,アイスホッケー💾,-,7,SPT,"￥2,500","￥2,500代",0,2,,,,,,,,-,-,-,-,-,
1988-01-27,カプコン,ガンスモーク💾,-,8,SHT,"￥3,300","￥3,500代",0,2,,,青木隆,岡本吉起|岡本吉起|船水紀孝|倉本幸代,森安也子,,,-,-,-,-,-,
1988-02-01,HAL研究所,ファイヤーバム💾,-,8,ARPG,"￥3,300","￥3,500代",0,2,,PIKIO MIDORIKAWA,向井忠,PIKIO MIDORIKAWA|☆よしみる,金指英樹,,河副純一郎,-,-,-,-,-,
1988-02-16,コナミ,エキサイティングサッカー💾,-,8,SPT,"￥3,300","￥3,500代",0,2,,,,,,,,-,-,-,-,-,
1988-02-26,タイトー,レプリカート💾,-,8,ACT,"￥3,500","￥3,500代",0,2,,HIROSHI,WATANABE CYCLING KID|SAKATA NO KINTOKI|MEERKAT,くすもとひろき|くすもとひろき|園田健一,さかたつよし|HIROSHI,,くすもとひろき,-,-,-,-,-,
1988-03-03,ジャレコ,ドルイド恐怖の扉💾,-,8,ACT,"￥3,200","￥3,000代",0,2,,,,,,,,-,-,-,-,-,
1988-03-04,ソフトプロ,19(ヌイーゼン)💾,-,8,SHT,"￥2,980","￥3,000代",0,2,,,,,,,,-,-,-,-,-,
1988-03-11,コナミ,ツインビー💾,-,7,SHT,￥500,￥500代,0,2,,,青山和浩,青山和浩,福武茂|佐々木嘉則,,廣下宏治,-,-,-,-,-,
1988-03-11,サンソフト,ナゾラーランド第3号💾,-,8,ETC,"￥2,980","￥3,000代",0,2,,,,,,,,-,-,-,-,-,
1988-03-25,バンダイ,おもいっきり探偵団覇悪怒組魔天郎の挑戦状💾,-,8,ACT,"￥3,300","￥3,500代",0,2,,,,,,,,-,-,-,-,-,
1988-03-25,タイトー,ワードナの森💾,-,8,ACT,"￥3,300","￥3,500代",0,2,,,和田悦拓,,太田理,,,-,-,-,-,-,
1988-03-31,ボースティック,アスピック(ASPIC)魔蛇王の呪い💾,-,8,ARPG,"￥3,300","￥3,500代",0,2,,,,,,,,-,-,-,-,-,
1988-04-08,任天堂,ドンキーコング💾,-,7,ACT,￥500,￥500代,0,2,,宮本茂,駒野目裕久|飯沼実|西田充裕|村田泰裕(AC) |中郷俊彦(FC),宮本茂,兼岡行男,,山内溥|横井軍平(AC)|上村雅之(FC),-,-,-,-,-,
1988-04-14,任天堂,3DホットラリーファミコングランプリⅡ💾,-,8,RCG,"￥3,500","￥3,500代",0,2,,,MIYA AOKI|岩田聡|菅浩秋|金井誠|清水隆雄|西田泰也,清水一伸|菱田達也,金指英樹|菅浩秋|岡素世,,宮本茂,-,-,-,-,-,
1988-04-15,バンダイ,仮面ライダーBLACK対決シャドームーン💾,-,8,ACT,"￥3,300","￥3,500代",0,2,,,,,,,,-,-,-,-,-,
1988-04-22,コナミ,バイオミラクルぼくってウパ💾,-,8,ACT,"￥3,300","￥3,500代",0,2,,,山田善朗|H.EDA|村田司朗|奥田康雄|風仁美,霜出健治|ふなびきひろこ,深見誠一|藤尾敦|中村康三|きのうちかおり|西垣綾子|村田幸史|倉橋裕子,,,-,-,-,-,-,
1988-04-22,ジャレコ,風雲少林拳暗黒の魔王💾,-,8,ACT,"￥3,200","￥3,000代",0,2,,,,,,,,-,-,-,-,-,
1988-04-27,任天堂,ファミコン探偵倶楽部消えた後継者(前編)💾,-,9,ADV,"￥2,600","￥2,500代",0,2,,岡田智,ひとし,坂本賀勇|田中哲次,ひろみ,大澤徹|長井正広,横井軍平,-,-,-,-,-,
1988-05-02,コナミ,ファイナルコマンドー赤い要塞💾,-,8,SHT,"￥3,300","￥3,500代",0,2,,,辻本英之|岡崎博道,中村健吾,田坂真二,,廣下宏治,-,-,-,-,-,
1988-05-14,コナミ,グーニーズ💾,-,7,ACT,￥500,￥500代,0,2,,,,,デイヴ・グルーシン,クリス・コロンバス,,-,-,-,-,-,
1988-06-14,任天堂,ファミコン探偵倶楽部消えた後継者(後編)💾,-,9,ADV,"￥2,600","￥2,500代",0,2,,岡田智,ひとし,坂本賀勇|田中哲次,ひろみ,大澤徹|長井正広,横井軍平,-,-,-,-,-,
1988-06-20,ユース,ファイヤーロック💾,-,8,ACT,"￥3,400","￥3,500代",0,2,,,,,,,,-,-,-,-,-,
1988-06-21,コナミ,リサの妖精伝説💾,-,8,ADV,"￥3,500","￥3,500代",0,2,,,松岡伸浩|村田司朗,霜出健治,坂元信也|前沢秀憲|藤尾敦|禎清宏|村田司朗|森本ゆきえ|山根ミチル,すみじぃーひろみ,,-,-,-,-,-,
1988-07-12,スクウェア,ムーンボールマジック💾,-,8,ETC,￥500,￥500代,0,2,,たかさきかずゆき,マーク・フリント,牧野紀夫,佐藤浩一,たかさきかずゆき,たかさきかずゆき,-,-,-,-,-,
1988-07-12,スクウェア,亜空戦記ライジン💾,-,8,A-STH,￥500,￥500代,0,2,,,かわかみようじ,加藤雅史|加藤雅史|いまいゆき,,,,-,-,-,-,-,
1988-07-19,東映動画,遠山の金さんすぺえす帆Mr.GOLD💾,-,8,ADV,"￥3,400","￥3,500代",0,2,,,,,,,,-,-,-,-,-,
1988-07-19,任天堂,ドンキーコングJr💾,-,7,ACT,￥500,￥500代,0,2,,,緒方旗生(AC)|中郷俊彦(FC),宮本茂|宮本茂|坂本賀勇,兼岡行男,,横井軍平|岡田智(AC)|上村雅之(FC)|山内溥,-,-,-,-,-,
1988-07-22,データイースト,カラテチャンプ(KARATECHAMP)💾,-,8,ACT,"￥3,300","￥3,500代",0,2,,,,,,,,-,-,-,-,-,
1988-07-22,コナミ,コナミックアイスホッケー💾,-,8,SPT,"￥3,300","￥3,500代",0,2,,,,,,,,-,-,-,-,-,
1988-07-29,ジャレコ,らじかるぼんばー地雷くん💾,-,8,ETC,"￥3,200","￥3,000代",0,2,,,,,,,,-,-,-,-,-,
1988-08-05,ソフトプロ,爆闘士パットンくん💾,-,8,ACT,"￥2,980","￥3,000代",0,2,,,,,,,,-,-,-,-,-,
1988-08-10,パック・イン・ビデオ,シルヴィアーナ愛いっぱいの冒険者💾,-,8,RPG,"￥3,500","￥3,500代",0,2,,,,,,,,-,-,-,-,-,
1988-08-10,ポニーキャニオン,谷川浩司の将棋指南Ⅱ新版つめ将棋次の一手💾,-,7,TBL,￥500,￥500代,0,2,,,,,,,,-,-,-,-,-,
1988-08-10,ジャレコ,ビッグチャレンジ!柔道選手権💾,-,8,SPT,"￥3,200","￥3,000代",0,2,,,,,,,,-,-,-,-,-,
1988-08-19,コナミ,コナミックテニス💾,-,8,SPT,"￥3,300","￥3,500代",0,2,,,,,,,,-,-,-,-,-,
1988-08-20,HAL研究所,エッガーランド創造への旅立ち💾,-,8,PZL,￥500,￥500代,0,2,,,,,,,,-,-,-,-,-,
1988-09-02,ポニーキャニオン,魔塔の崩壊💾,-,8,ACT,"￥3,000","￥3,000代",0,2,,,,,,,,-,-,-,-,-,
1988-09-13,タイトー,キック＆ラン💾,-,8,SPT,"￥3,300","￥3,500代",0,2,,,,,,,,-,-,-,-,-,
1988-10-04,東芝EMI,パチコン💾,-,7,ETC,￥500,￥500代,0,2,,,,,,,,-,-,-,-,-,
1988-10-21,ポニーキャニオン,ダンディーゼウオンの復活💾,-,8,RPG,"￥3,000","￥3,000代",0,2,,,,,,,,-,-,-,-,-,
1988-10-21,ジャレコ,ビッグチャレンジ!ドッグファイトスピリッツ💾,-,8,SHT,"￥3,200","￥3,000代",0,2,,,,,,,,-,-,-,-,-,
1988-10-22,バンダイ,ウルトラマン倶楽部地球奪還作戦💾,-,8,RPG,"￥3,300","￥3,500代",0,2,,,,,,,,-,-,-,-,-,
1988-10-28,タイトー,遊メイズ💾,-,8,ETC,"￥3,300","￥3,500代",0,2,,,,,高木正彦,,,-,-,-,-,-,
1988-11-15,カプコン,サムライソード💾,-,8,ADV,"￥3,300","￥3,500代",0,2,,,有馬俊夫|吉田幸司,,下村陽子,,,-,-,-,-,-,
1988-11-18,任天堂,アイスクライマー💾,-,7,ACT,￥500,￥500代,0,2,,三木研次,森田和明|中郷俊彦,宮本茂|杉山直,中塚章人,,山内溥|上村雅之,-,-,-,-,-,
1988-11-18,コナミ,ジャイラス💾,-,8,SHT,"￥3,300","￥3,500代",0,2,,,有馬俊夫|大山秀樹,岡本吉起|岡本吉起,井上正廣,,,-,-,-,-,-,
1988-11-18,データイースト,パチンコGP(グランプリ)💾,-,8,ETC,"￥3,300","￥3,500代",0,2,,,,,,,,-,-,-,-,-,
1988-11-29,バンダイ,じゃあまん探偵団魔隣組丸秘ジゴマ捜査ファイル💾,-,8,ADV,"￥3,300","￥3,500代",0,2,,,,,,,,-,-,-,-,-,
1988-11-30,任天堂,帰ってきたマリオブラザーズ💾,-,8,ACT,￥400,￥500代,0,2,,,,宮本茂,兼岡行男,,山内溥|横井軍平,-,-,-,-,-,
1988-12-09,任天堂,VSエキサイトバイク💾,-,8,RCG,"￥2,500","￥2,500代",0,2,,宮本茂,中郷俊彦,前田実|手塚卓志,中塚章人,,山内溥|宮本茂,-,-,-,-,-,
1988-12-09,サンソフト,なんきんのアドベンチャー💾,-,8,ADV,"￥3,200","￥3,000代",0,2,,,,,,,,-,-,-,-,-,
1988-12-09,データイースト,探偵神宮寺三郎危険な二人(前編)💾,-,9,ADV,"￥3,300","￥3,500代",0,2,,,,,,,,-,-,-,-,-,
1988-12-23,スコーピオンソフト,タロット占い💾,-,8,ETC,"￥2,980","￥3,000代",0,2,,,,,,,,-,-,-,-,-,
1989-01-14,タイトー,ハレーウォーズ💾,-,8,SHT,"￥3,500","￥3,500代",0,2,,,,三辻富貴朗,小倉久佳,,,-,-,-,-,-,
1989-01-24,バンダイ,機動警察パトレイバー第2小隊出動せよ!💾,-,8,ACT,"￥3,300","￥3,500代",0,2,,,,,,,,-,-,-,-,-,
1989-02-03,任天堂,レッキングクルー💾,-,7,ACT,￥500,￥500代,0,2,,岡田智,中村俊之|TOMOYO-chan|YASE SOBAJIMA|AKINA-chan,坂本賀勇|坂本賀勇|加納誠,田中宏和,,山内溥(エグゼクティブ・プロデューサー)|横井軍平,-,-,-,-,-,
1989-02-10,データイースト,探偵神宮寺三郎危険な二人(後編)💾,-,9,ADV,"￥3,300","￥3,500代",0,2,,,,,,,,-,-,-,-,-,
1989-02-16,コトブキシステム,ロジャーラビット💾,-,8,PZL,"￥3,500","￥3,500代",0,2,,,,,アラン・シルヴェストリ,ゲイリー・K・ウルフ(英語版),,-,-,-,-,-,
1989-02-23,バンダイ,タマ＆フレンズ3丁目大冒険💾,-,8,ACT,"￥3,300","￥3,500代",0,2,,,,,,,,-,-,-,-,-,
1989-03-03,バンダイ,SDガンダムワールドガチャポン戦士スクランブルウォーズマップコレクション💾,-,8,SLG,￥500,￥500代,0,2,,,,,,,,-,-,-,-,-,
1989-03-20,ポニーキャニオン,光GENJIローラーパニック💾,-,8,ADV,"￥3,200","￥3,000代",0,2,,,,,澤和雄,,,-,-,-,-,-,
1989-03-28,ジャレコ,ビッグチャレンジ!ガンファイター💾,-,8,SHT,"￥3,200","￥3,000代",0,2,,,,,,,,-,-,-,-,-,
1989-04-28,ソフトプロ,フェアリーテイル💾,-,8,RPG,"￥3,200","￥3,000代",0,2,,,,,,,,-,-,-,-,-,
1989-05-19,パック・イン・ビデオ,パット・パット・ゴルフ💾,-,8,SPT,"￥3,500","￥3,500代",0,2,,,,,,,,-,-,-,-,-,
1989-05-23,任天堂,ファミコン探偵倶楽部Ⅱうしろに立つ少女(前編)💾,-,9,ADV,"￥2,600","￥2,500代",0,2,,,,,,,,-,-,-,-,-,
1989-05-30,任天堂,ピンボール💾,-,7,ETC,￥500,￥500代,0,2,,,,,,,,-,-,-,-,-,
1989-06-23,ジャレコ,ビッグチャレンジ!GOGOボーリング💾,-,8,SPT,"￥3,200","￥3,000代",0,2,,,,,,,,-,-,-,-,-,
1989-06-30,任天堂,ファミコン探偵倶楽部Ⅱうしろに立つ少女(後編)💾,-,9,ADV,"￥2,600","￥2,500代",0,2,,,,,,,,-,-,-,-,-,
1989-08-11,徳間書店,マグマプロジェクトハッカー💾,-,8,RPG,"￥3,500","￥3,500代",0,2,,,,,,,,-,-,-,-,-,
1989-09-23,データイースト,バーガータイム💾,-,7,ACT,￥500,￥500代,0,2,,,,,,,,-,-,-,-,-,
1989-10-14,任天堂,遊遊記ふぁみこんむかし話(前編)💾,-,9,ADV,"￥2,600","￥2,500代",0,2,,,,,,,,-,-,-,-,-,
1989-10-20,パック・イン・ビデオ,かっとび!童児💾,-,8,SPT,"￥3,500","￥3,500代",0,2,,,,,,,,-,-,-,-,-,
1989-11-14,任天堂,遊遊記ふぁみこんむかし話(後編)💾,-,9,ADV,"￥2,600","￥2,500代",0,2,,,,,,,,-,-,-,-,-,
1989-11-24,アテナ,LUTTER(リュッター)💾,-,8,ARPG,￥500,￥500代,0,2,,,,,,,,-,-,-,-,-,
1990-03-23,徳間書店,香港💾,-,7,TBL,"￥2,980","￥3,000代",0,2,,,,,,,,-,-,-,-,-,
1990-04-24,ハドソン,ボンバーマン💾,-,7,ACT,￥500,￥500代,0,2,,,,,,,,-,-,-,-,-,
1990-05-18,ナムコ,ゼビウス💾,-,7,SHT,￥500,￥500代,0,2,,,遠藤雅伸|深谷正一|小島伸一,遠藤雅伸|池上正寿|佐藤誠市|岡本進一郎|遠山茂樹|遠藤雅伸|小野浩|山下正,慶野由利子,,,-,-,-,-,-,
1990-05-18,ナムコ,パックマン💾,-,7,ACT,￥500,￥500代,0,2,,,舟木茂雄,岩谷徹|山下正,石村繁一|甲斐敏夫,,,-,-,-,-,-,
1990-06-05,任天堂,ナイトムーブ💾,-,7,PZL,"￥2,600","￥2,500代",0,2,,,,アレクセイ・パジトノフ,田中宏和,,,-,-,-,-,-,
1990-06-22,ナムコ,ギャラガ💾,-,7,SHT,￥500,￥500代,0,2,,,小川徹,横山茂,大野木宜幸,,,-,-,-,-,-,
1990-07-20,ナムコ,ギャラクシアン💾,-,7,SHT,￥500,￥500代,0,2,,,田城幸一,澤野和則(企画)|石村繁一(基板設計)|山下正|中馬義明|小野浩,石村繁一|安江正樹|甲斐敏夫,,,-,-,-,-,-,
1990-07-20,ナムコ,ディグダグ💾,-,7,ACT,￥500,￥500代,0,2,,,さかいとしお|深谷正一,池上まさとし,慶野由利子,,,-,-,-,-,-,
1990-08-31,ナムコ,ディグダグⅡ💾,-,7,ACT,￥500,￥500代,0,2,,,,,慶野由利子|小沢純子,,,-,-,-,-,-,
1990-09-07,任天堂,バックギャモン💾,-,7,PZL,"￥2,600","￥2,500代",0,2,,,,,,,,-,-,-,-,-,
1990-10-19,徳間書店,パニックスペース💾,-,8,PZL,￥500,￥500代,0,2,,,,,,,,-,-,-,-,-,
1990-11-16,アトラス,パズルボーイズ💾,-,8,PZL,￥500,￥500代,0,2,,,,,増子司,,,-,-,-,-,-,
1990-12-07,ヒロ,石道(isido)💾,-,8,PZL,￥500,￥500代,0,2,,,,,,,,-,-,-,-,-,
1991-01-25,テクモ,ソロモンの鍵💾,-,7,ACT,￥500,￥500代,0,2,,,,,,,,-,-,-,-,-,
1991-02-22,徳間書店,オール1ファミマガDiskVol.3💾,-,7,PZL,￥500,￥500代,0,2,,,,,,,,-,-,-,-,-,
1991-04-19,徳間書店,クロックス💾,-,7,PZL,￥500,￥500代,0,2,,,,,,,,-,-,-,-,-,
1991-07-26,任天堂,タイムツイスト(前編)💾,-,9,ADV,"￥2,600","￥2,500代",0,2,,,,,,,,-,-,-,-,-,
1991-07-26,任天堂,タイムツイスト(後編)💾,-,9,ADV,"￥2,600","￥2,500代",0,2,,,,,,,,-,-,-,-,-,
1991-10-25,徳間書店,ぷよぷよ💾,-,8,PZL,￥500,￥500代,0,2,,,,,,,,-,-,-,-,-,
1992-04-28,任天堂,クルクルランド💾,-,7,PZL,￥500,￥500代,0,2,,,,加納誠|加納誠|清武博二,中塚章人,,山内博(エグゼクティブ・プロデューサー)|横井軍平,-,-,-,-,-,
1992-12-22,徳間書店,じゃんけんディスク城💾,-,8,PZL,￥500,￥500代,0,2,,,,,,,,-,-,-,-,-,
