発売日,ハード,タイトル,メモリ,容量(bit),価格,ジャンル,ジョブカテゴリ,カウント
1999-03-04,WS,GUNPEY,0,0,🚧,PZL,0,0
1999-03-04,WS,チョコボの不思議なダンジョン  for ワンダースワン,0,0,🚧,RPG,0,0
1999-03-04,WS,新日本プロレスリング闘魂烈伝,0,0,🚧,SPT,0,0
1999-03-04,WS,電車でGO!,0,0,🚧,ETC,0,0
1999-03-04,WS,ぷよぷよ通,0,0,🚧,PZL,0,0
1999-03-04,WS,ワンダースタジアム,0,0,🚧,SPT,0,0
1999-03-04,WS,信長の野望 for WonderSwan,0,0,🚧,SLG,0,0
1999-03-04,WS,麻雀登龍門,0,0,🚧,TBL,0,0
1999-03-04,WS,デジタルモンスター Ver.WonderSwan,0,0,🚧,SLG,0,0
1999-03-04,WS,海釣りに行こう！,0,0,🚧,SPT,0,0
1999-03-04,WS,語楽王 TANGO!,0,0,🚧,PZL,0,0
1999-03-04,WS,三國志 for WonderSwan,0,0,🚧,SLG,0,0
1999-03-04,WS,上海Pocket,0,0,🚧,PZL,0,0
1999-03-04,WS,ナイスオン,0,0,🚧,SPT,0,0
1999-03-04,WS,元祖じゃじゃ丸くん,0,0,🚧,ACT,0,0
1999-03-04,WS,子育てクイズどこでもマイエンジェル,0,0,🚧,QIZ,0,0
1999-03-04,WS,beatmania for WonderSwan,0,0,🚧,SLG,0,0
1999-03-04,WS,スーパーロボット大戦 COMPACT,0,0,🚧,RPG,0,0
1999-03-04,WS,メダロット・パーフェクトエディション（カブトバージョン）,0,0,🚧,RPG,0,0
1999-03-04,WS,メダロット・パーフェクトエディション（クワガタバージョン）,0,0,🚧,RPG,0,0
1999-03-04,WS,スペースインベーダー,0,0,🚧,SHT,0,0
1999-03-04,WS,ワンダースワンハンディーソナー,0,0,🚧,ETC,0,0
1999-03-04,WS,風のクロノア～Moonlight Museum～,0,0,🚧,PZL,0,0
1999-03-04,WS,SDガンダム エモーショナルジャム,0,0,🚧,SLG,0,0
1999-03-04,WS,ラストスタンド,0,0,🚧,RPG,0,0
1999-03-04,WS,カオスギア～導かれし者～,0,0,🚧,SLG,0,0
1999-03-04,WS,鉄拳カードチャレンジ,0,0,🚧,ACT,0,0
1999-03-04,WS,アンカーズ・フィールド,0,0,🚧,SLG,0,0
1999-03-04,WS,ヴァイツブレイド,0,0,🚧,RPG,0,0
1999-03-04,WS,トランプコレクション ボトムアップ的トランプ生活,0,0,🚧,TBL,0,0
1999-03-04,WS,パズルボブル,0,0,🚧,PZL,0,0
1999-03-04,WS,徹萬,0,0,🚧,TBL,0,0
1999-03-04,WS,新世紀エヴァンゲリオン シト育成,0,0,🚧,SLG,0,0
1999-03-04,WS,魔界村 for WonderSwan,0,0,🚧,ACT,0,0
1999-03-04,WS,クレイジークライマー,0,0,🚧,ACT,0,0
1999-03-04,WS,TERRORS,0,0,🚧,NOV,0,0
1999-03-04,WS,名探偵コナン　魔術師の挑戦状！,0,0,🚧,ADV,0,0
1999-03-04,WS,サッカーやろう！～Challenge The World～,0,0,🚧,SPT,0,0
1999-03-04,WS,Mobile Suit GUNDAM MSVS（エムエスバーサス）,0,0,🚧,SLG,0,0
1999-03-04,WS,競馬予想支援ソフト 予想進化論,0,0,🚧,ETC,0,0
1999-03-04,WS,ワンダースタジアム'99,0,0,🚧,SPT,0,0
1999-03-04,WS,格闘料理伝説ビストロレシピ～ワンダーバトル編～,0,0,🚧,RPG,0,0
1999-03-04,WS,ハロボッツ,0,0,🚧,RPG,0,0
1999-03-04,WS,プロ麻雀 極 for WonderSwan,0,0,🚧,TBL,0,0
1999-03-04,WS,電車でGO!2,0,0,🚧,ETC,0,0
1999-03-04,WS,マジカルドロップ for ワンダースワン,0,0,🚧,PZL,0,0
1999-03-04,WS,Engacho!(えんがちょ！)  for ワンダースワン,0,0,🚧,ETC,0,0
1999-03-04,WS,ロックマン＆フォルテ～未来からの挑戦者～,0,0,🚧,ACT,0,0
1999-03-04,WS,将棋登龍門,0,0,🚧,TBL,0,0
1999-03-04,WS,ミングルマグネット,0,0,🚧,PZL,0,0
1999-03-04,WS,Armored Unit,0,0,🚧,SLG,0,0
1999-03-04,WS,競争馬育成シミュレーション KEIBA,0,0,🚧,SLG,0,0
1999-03-04,WS,謎王 Pocket,0,0,🚧,QIZ,0,0
1999-03-04,WS,TURNTABLIST -DJバトル-,0,0,🚧,ACT,0,0
1999-03-04,WS,サイドポケット for WonderSwan,0,0,🚧,SPT,0,0
1999-03-04,WS,Kissより・・・ ～Seaside serenade～,0,0,🚧,ADV,0,0
1999-03-04,WS,カードキャプターさくら ～さくらとふしぎなクロウカード～,0,0,🚧,RPG,0,0
1999-03-04,WS,BUFFERS EVOLUTION,0,0,🚧,RCG,0,0
1999-03-04,WS,CLOCK TOWER  for WonderSwan,0,0,🚧,ADV,0,0
1999-03-04,WS,FEVER  for WondaerSwan,0,0,🚧,SLG,0,0
1999-03-04,WS,たれぱんだのぐんぺい,0,0,🚧,PZL,0,0
1999-03-04,WS,デジモンアドベンチャー アノードテイマー,0,0,🚧,RPG,0,0
1999-03-04,WS,卒業 for WonderSwan,0,0,🚧,SLG,0,0
1999-03-04,WS,伝記カードバトル  「妖符魔界」菊地秀行,0,0,🚧,ACT,0,0
1999-03-04,WS,D's Garage21公募ゲームたねをまく鳥,0,0,🚧,PZL,0,0
1999-03-04,WS,森田将棋 for WonderSwan,0,0,🚧,TBL,0,0
1999-03-04,WS,鉄人28号,0,0,🚧,ETC,0,0
1999-03-04,WS,SDガンダム ガシャポン戦記－エピソード１－,0,0,🚧,SLG,0,0
1999-03-04,WS,爆走デコトラ伝説  for WonderSwan,0,0,🚧,RCG,0,0
1999-03-04,WS,おーちゃんのお絵かきロジック,0,0,🚧,PZL,0,0
1999-03-04,WS,どこでもハムスター,0,0,🚧,ETC,0,0
1999-03-04,WS,五目並べ＆リバーシ  登龍門,0,0,🚧,TBL,0,0
1999-03-04,WS,デジモンアドベンチャー カソードテイマー,0,0,🚧,RPG,0,0
1999-03-04,WS,うずまき  ～電視怪奇篇～,0,0,🚧,NOV,0,0
1999-03-04,WS,超兄貴 男の魂札,0,0,🚧,RPG,0,0
1999-03-04,WS,花札しようよ,0,0,🚧,TBL,0,0
1999-03-04,WS,FISHING FREAKS  BASS RISE  FOR WONDER SWAN,0,0,🚧,SPT,0,0
1999-03-04,WS,仙界伝  ～TVアニメーション仙界伝封神演義より～,0,0,🚧,RPG,0,0
1999-03-04,WS,対局囲碁　平成棋院,0,0,🚧,TBL,0,0
1999-03-04,WS,誕生 ～ Debut ～ for WonderSwan,0,0,🚧,SLG,0,0
1999-03-04,WS,うずまき  ～呪いシミュレーション～,0,0,🚧,SLG,0,0
1999-03-04,WS,ラングリッサーミレニアム WS  ～The Last Century～,0,0,🚧,RPG,0,0
1999-03-04,WS,線脳 MILLENNIUM,0,0,🚧,PZL,0,0
1999-03-04,WS,ファイナルラップ2000,0,0,🚧,RCG,0,0
1999-03-04,WS,マクロス  ～トゥルー・ラブソング～,0,0,🚧,SLG,0,0
1999-03-04,WS,メタコミセラピー  ねぇ聞いて!,0,0,🚧,ETC,0,0
1999-03-04,WS,スーパーロボット大戦 COMPACT2 第1部　地上激動編,0,0,🚧,RPG,0,0
1999-03-04,WS,燃えろ!!プロ野球 ルーキーズ,0,0,🚧,SLG,0,0
1999-03-04,WS,ポケットファイター,0,0,🚧,ACT,0,0
1999-03-04,WS,三國志 II　for WonderSwan,0,0,🚧,SLG,0,0
1999-03-04,WS,スリザーリンク,0,0,🚧,PZL,0,0
1999-03-04,WS,ロードランナー  For WonderSwan,0,0,🚧,PZL,0,0
1999-03-04,WS,wuz↑b?(ワサビ)プロデュース  ストリートダンサー,0,0,🚧,ACT,0,0
1999-03-04,WS,ボカン伝説  ブタもおだてりゃドロンボー,0,0,🚧,RPG,0,0
1999-03-04,WS,デジタルパートナー,0,0,🚧,ETC,0,0
1999-03-04,WS,HUNTER×HUNTER  ～意志を継ぐ者～,0,0,🚧,RPG,0,0
1999-03-04,WS,グローカルヘキサイト,0,0,🚧,PZL,0,0
1999-03-04,WS,レインボーアイランド  ～パーティズ☆パーティ～,0,0,🚧,PZL,0,0
1999-03-04,WS,WonderWitch 専用カートリッジ,0,0,🚧,ETC,0,0
1999-03-04,WS,SDガンダム Gジェネレーション ギャザービート,0,0,🚧,SLG,0,0
1999-03-04,WS,From TV animation ONE PIECE ～めざせ海賊王！～,0,0,🚧,ADV,0,0
1999-03-04,WS,名探偵コナン  西の名探偵 最大の危機！？,0,0,🚧,ADV,0,0
1999-03-04,WS,デジモンアドベンチャー02  タッグテイマーズ,0,0,🚧,RPG,0,0
1999-03-04,WS,ロボットワークス（ワンダーボーグ付属カートリッジ）,0,0,🚧,ETC,0,0
1999-03-04,WS,リング∞  (インフィニティ),0,0,🚧,NOV,0,0
1999-03-04,WS,ファイヤープロレスリング  for WonderSwan,0,0,🚧,SPT,0,0
1999-03-04,WS,スーパーロボット大戦 COMPACT2 第２部：宇宙激震篇,0,0,🚧,RPG,0,0
1999-03-04,WS,はたらくチョコボ,0,0,🚧,SLG,0,0
1999-03-04,WS,トランプコレクション2,0,0,🚧,TBL,0,0
1999-03-04,WS,東京魔人學園符咒封録,0,0,🚧,ETC,0,0
1999-03-04,WS,GUNPEY EX,0,0,🚧,PZL,0,0
1999-03-04,WS,そろばんぐ,0,0,🚧,PZL,0,0
1999-03-04,WS,デジモンアドベンチャー02　ディーワンテイマーズ,0,0,🚧,RPG,0,0
1999-03-04,WS,ファイナルファンタジー ワンダースワン,0,0,🚧,RPG,0,0
1999-03-04,WS,ライムライダー・ケロリカン,0,0,🚧,ACT,0,0
1999-03-04,WS,どこでもハムスター３ おでかけサフラン,0,0,🚧,ETC,0,0
1999-03-04,WS,TERRORS 2,0,0,🚧,NOV,0,0
1999-03-04,WS,アナザヘヴン～memory of those days～,0,0,🚧,NOV,0,0
1999-03-04,WS,仙界伝 弐　　～TVアニメーション仙界伝封神演義より～,0,0,🚧,RPG,0,0
1999-03-04,WS,FLASH 恋人クン,0,0,🚧,PZL,0,0
1999-03-04,WS,スーパーロボット大戦 COMPACT2 第3部：銀河決戦篇,0,0,🚧,RPG,0,0
1999-03-04,WS,ワンダークラシック,0,0,🚧,SPT,0,0
1999-03-04,WS,With you ～みつめていたい～,0,0,🚧,ADV,0,0
1999-03-04,WS,ギルティギア プチ,0,0,🚧,ACT,0,0
1999-03-04,WS,機動戦士ガンダム  Vol.1 SIDE7,0,0,🚧,SLG,0,0
1999-03-04,WS,宇宙戦艦ヤマト,0,0,🚧,SLG,0,0
1999-03-04,WS,ウィザードリィ　シナリオ1 狂王の試練場,0,0,🚧,RPG,0,0
1999-03-04,WS,メモリーズオフ　フェスタ,0,0,🚧,ETC,0,0
1999-03-04,WS,SDガンダム英雄伝 騎士伝説,0,0,🚧,RPG,0,0
1999-03-04,WS,SDガンダム英雄伝 武者伝説,0,0,🚧,RPG,0,0
1999-03-04,WS,ダークアイズ　～バトルゲート～,0,0,🚧,RPG,0,0
1999-03-04,WS,WILD CARD,0,0,🚧,RPG,0,0
1999-03-04,WS,ミスタードリラー,0,0,🚧,ACT,0,0
1999-03-04,WS,名探偵コナン 夕暮れの皇女,0,0,🚧,ADV,0,0
1999-03-04,WS,HUNTER×HUNTER　～それぞれの決意～,0,0,🚧,ETC,0,0
1999-03-04,WS,三毛猫ホームズ ゴーストパニック,0,0,🚧,NOV,0,0
1999-03-04,WS,ファイナルファンタジーII,0,0,🚧,RPG,0,0
1999-03-04,WS,ポケットの中の Doraemon,0,0,🚧,ETC,0,0
1999-03-04,WS,落雀,0,0,🚧,PZL,0,0
1999-03-04,WS,幻想魔伝 最遊記 Retribution～陽のあたる場所で～,0,0,🚧,TBL,0,0
1999-03-04,WS,SDガンダム Gジェネレーション ギャザービート2,0,0,🚧,SLG,0,0
1999-03-04,WS,くるパラ,0,0,🚧,PZL,0,0
1999-03-04,WS,ウルトラマン 光の国の使者,0,0,🚧,ACT,0,0
1999-03-04,WS,東風荘,0,0,🚧,TBL,0,0
1999-03-04,WS,ブルーウイングブリッツ,0,0,🚧,RPG,0,0
1999-03-04,WS,デジモンテイマーズ デジモンメドレー,0,0,🚧,RPG,0,0
1999-03-04,WS,LAST ALIVE,0,0,🚧,NOV,0,0
1999-03-04,WS,機動戦士ガンダム Vol.2～JABURO～,0,0,🚧,SLG,0,0
1999-03-04,WS,HUNTER×HUNTER　～導かれし者～,0,0,🚧,ETC,0,0
1999-03-04,WS,From TV animation ONE PIECE ワンピース　～虹の島伝説～,0,0,🚧,ETC,0,0
1999-03-04,WS,STAR HEARTS ～星と大地の使者～,0,0,🚧,RPG,0,0
1999-03-04,WS,STAR HEARTS ～星と大地の使者～　体験版,0,0,🚧,RPG,0,0
1999-03-04,WS,ギルティギアプチ2,0,0,🚧,ACT,0,0
1999-03-04,WS,デジモンテイマーズ バトルスピリット,0,0,🚧,ACT,0,0
1999-03-04,WS,マリー＆エリー ～ふたりのアトリエ～,0,0,🚧,RPG,0,0
1999-03-04,WS,犬夜叉 ～かごめの戦国日記～,0,0,🚧,ADV,0,0
1999-03-04,WS,ファイナルラップスペシャル,0,0,🚧,RCG,0,0
1999-03-04,WS,スーパーロボット大戦 COMPACT For WonderSwanColor,0,0,🚧,RPG,0,0
1999-03-04,WS,Romancing Sa・Ga,0,0,🚧,RPG,0,0
1999-03-04,WS,XI[s?i]Little,0,0,🚧,PZL,0,0
1999-03-04,WS,デジモンテイマーズ ブレイブテイマー,0,0,🚧,RPG,0,0
1999-03-04,WS,From TV animation ONE PIECE ～トレジャーウォーズ～,0,0,🚧,ACT,0,0
1999-03-04,WS,RUN=DIM - Return to Earth -,0,0,🚧,SHT,0,0
1999-03-04,WS,半熟英雄 ～ああ、世界よ半熟なれ…!!～,0,0,🚧,RPG,0,0
1999-03-04,WS,SDガンダム OPERATION U.C.,0,0,🚧,ACT,0,0
1999-03-04,WS,ゴールデンアックス,0,0,🚧,ACT,0,0
1999-03-04,WS,キン肉マンII世 ドリームタッグマッチ,0,0,🚧,ACT,0,0
1999-03-04,WS,デジタルモンスター カードゲーム Ver.WonderSwanColor,0,0,🚧,ETC,0,0
1999-03-04,WS,魔界塔士 サ・ガ,0,0,🚧,RPG,0,0
1999-03-04,WS,ファイナルファンタジーIV,0,0,🚧,RPG,0,0
1999-03-04,WS,テトリス,0,0,🚧,PZL,0,0
1999-03-04,WS,デジモンテイマーズ バトルスピリット Ver.1.5,0,0,🚧,ACT,0,0
1999-03-04,WS,機動戦士ガンダム Vol.3 -A BAOA QU-,0,0,🚧,SLG,0,0
1999-03-04,WS,グランスタ クロニクル,0,0,🚧,RPG,0,0
1999-03-04,WS,X CARDOF FATE,0,0,🚧,ETC,0,0
1999-03-04,WS,アークザラッド ～機神復活～,0,0,🚧,RPG,0,0
1999-03-04,WS,From TV animation ONE PIECE グランドバトル スワンコロシアム,0,0,🚧,ACT,0,0
1999-03-04,WS,フロントミッション,0,0,🚧,SLG,0,0
1999-03-04,WS,約束の地 リヴィエラ,0,0,🚧,RPG,0,0
1999-03-04,WS,犬夜叉 風雲絵巻,0,0,🚧,ADV,0,0
1999-03-04,WS,デジタルモンスター ディープロジェクト,0,0,🚧,ADV,0,0
1999-03-04,WS,激闘！ クラッシュギアTURBO　ギアチャンピオンリーグ,0,0,🚧,ACT,0,0
1999-03-04,WS,シャーマンキング 未来への意志,0,0,🚧,RPG,0,0
1999-03-04,WS,SDガンダム GGENERATION モノアイ ガンダムズ,0,0,🚧,RPG,0,0
1999-03-04,WS,ナムコスーパーウォーズ,0,0,🚧,RPG,0,0
1999-03-04,WS,犬夜叉 かごめの夢日記,0,0,🚧,ADV,0,0
1999-03-04,WS,バトルスピリット デジモンフロンティア,0,0,🚧,ACT,0,0
1999-03-04,WS,From TV animation ONE PIECE トレジャーウォーズ2 バギーランドへようこそ,0,0,🚧,ACT,0,0
1999-03-04,WS,キン肉マンII世 超人聖戦史,0,0,🚧,RPG,0,0
1999-03-04,WS,ロックマン エグゼ WS,0,0,🚧,ACT,0,0
1999-03-04,WS,機動戦士ガンダムSEED,0,0,🚧,ACT,0,0
1999-03-04,WS,NARUTO -ナルト- 木ノ葉忍法帖,0,0,🚧,RPG,0,0
1999-03-04,WS,HUNTER×HUNTER G･I,0,0,🚧,RPG,0,0
1999-03-04,WS,機動戦士ガンダム ギレンの野望 特別編 蒼き星の覇者,0,0,🚧,SLG,0,0
1999-03-04,WS,スーパーロボット大戦 COMPACT3,0,0,🚧,RPG,0,0
1999-03-04,WS,聖闘士星矢 黄金伝説編　Perfect Edition,0,0,🚧,RPG,0,0
1999-03-04,WS,ロックマン エグゼ N1バトル,0,0,🚧,ACT,0,0
1999-03-04,WS,From TV animation ONE PIECE ～チョッパーの大冒険～,0,0,🚧,RPG,0,0
1999-03-04,WS,DRAGON BALL,0,0,🚧,RPG,0,0
1999-03-04,WS,JUDGEMENT SILVERSWORD -Rebirth Edition-,0,0,🚧,SHT,0,0
1999-03-04,WS,DicingKnight.（だいしんぐないと ピリオド）,0,0,🚧,ACT,0,0
1995-07-21,VB,ギャラクティック・ピンボール,0,0,🚧,ACT,0,0
1995-07-21,VB,テレロボクサー,0,0,🚧,SPT,0,0
1995-07-21,VB,マリオズテニス,0,0,🚧,SPT,0,0
1995-07-21,VB,レッドアラーム,0,0,🚧,SHT,0,0
1995-07-21,VB,とびだせ！ぱにボン,0,0,🚧,PZL,0,0
1995-07-21,VB,Ｔ＆Ｅ　ヴァーチャルゴルフ,0,0,🚧,SPT,0,0
1995-07-21,VB,バーチャルプロ野球’９５,0,0,🚧,SPT,0,0
1995-07-21,VB,バーティカルフォース,0,0,🚧,SHT,0,0
1995-07-21,VB,Ｖ－テトリス,0,0,🚧,PZL,0,0
1995-07-21,VB,スペーススカッシュ,0,0,🚧,ACT,0,0
1995-07-21,VB,マリオクラッシュ,0,0,🚧,ACT,0,0
1995-07-21,VB,ジャック・ブラザーズの迷路でヒーホー！,0,0,🚧,ACT,0,0
1995-07-21,VB,バーチャルフィッシング,0,0,🚧,SPT,0,0
1995-07-21,VB,インスマウスの館,0,0,🚧,ACT,0,0
1995-07-21,VB,スペースインベーダー,0,0,🚧,SHT,0,0
1995-07-21,VB,バーチャルボーイワリオランド アワゾンの秘宝,0,0,🚧,ACT,0,0
1995-07-21,VB,バーチャルＬＡＢ,0,0,🚧,PZL,0,0
1995-07-21,VB,ＳＤガンダム　ＤＩＭＥＮＳＩＯＮ　ＷＡＲ,0,0,🚧,SLG,0,0
1995-07-21,VB,バーチャルボウリング,0,0,🚧,SPT,0,0
1985-10-20,SMS,ボーダーライン,0,0,🚧,ACT,0,0
1985-10-20,SMS,サファリハンティング,0,0,🚧,ACT,0,0
1985-10-20,SMS,Ｎ-サブ,0,0,🚧,SHT,0,0
1985-10-20,SMS,麻雀,0,0,🚧,TBL,0,0
1985-10-20,SMS,チャンピオンゴルフ,0,0,🚧,SPT,0,0
1985-10-20,SMS,芹沢八段の詰将棋,0,0,🚧,TBL,0,0
1985-10-20,SMS,コンゴボンゴ,0,0,🚧,ACT,0,0
1985-10-20,SMS,ＹＡＭＡＴＯ,0,0,🚧,SHT,0,0
1985-10-20,SMS,チャンピオンテニス,0,0,🚧,SPT,0,0
1985-10-20,SMS,スタージャッカー,0,0,🚧,SHT,0,0
1985-10-20,SMS,チャンピオンベースボール,0,0,🚧,SPT,0,0
1985-10-20,SMS,シンドバットミステリー,0,0,🚧,ACT,0,0
1985-10-20,SMS,モナコＧＰ,0,0,🚧,RCG,0,0
1985-10-20,SMS,セガフリッパー,0,0,🚧,ACT,0,0
1985-10-20,SMS,ポップフレーマー,0,0,🚧,ACT,0,0
1985-10-20,SMS,パッカー,0,0,🚧,ACT,0,0
1985-10-20,SMS,セガ・ギャラガ,0,0,🚧,SHT,0,0
1985-10-20,SMS,スペーススラローム,0,0,🚧,SHT,0,0
1985-10-20,SMS,ジッピーレース,0,0,🚧,RCG,0,0
1985-10-20,SMS,パチンコ,0,0,🚧,ETC,0,0
1985-10-20,SMS,エクセリオン,0,0,🚧,SHT,0,0
1985-10-20,SMS,ゴルゴ１３,0,0,🚧,SHT,0,0
1985-10-20,SMS,オーガス,0,0,🚧,SHT,0,0
1985-10-20,SMS,パチンコII,0,0,🚧,ETC,0,0
1985-10-20,SMS,ホーム麻雀,0,0,🚧,TBL,0,0
1985-10-20,SMS,ロードランナー,0,0,🚧,ACT,0,0
1985-10-20,SMS,サファリレース,0,0,🚧,RCG,0,0
1985-10-20,SMS,チャンピオンボクシング,0,0,🚧,SPT,0,0
1985-10-20,SMS,チャンピオンサッカー,0,0,🚧,SPT,0,0
1985-10-20,SMS,ハッスルチューミー,0,0,🚧,ACT,0,0
1985-10-20,SMS,フリッキー,0,0,🚧,ACT,0,0
1985-10-20,SMS,ガールズガーデン,0,0,🚧,ACT,0,0
1985-10-20,SMS,ザクソン,0,0,🚧,SHT,0,0
1985-10-20,SMS,チャンピオンプロレス,0,0,🚧,SPT,0,0
1985-10-20,SMS,ＧＰワールド,0,0,🚧,RCG,0,0
1985-10-20,SMS,コナミの新入社員とおる君,0,0,🚧,ACT,0,0
1985-10-20,SMS,コナミのハイパースポーツ,0,0,🚧,SPT,0,0
1985-10-20,SMS,スターフォース,0,0,🚧,SHT,0,0
1985-10-20,SMS,オセロ,0,0,🚧,TBL,0,0
1985-10-20,SMS,スペースインベーダー,0,0,🚧,SHT,0,0
1985-10-20,SMS,ザ・キャッスル,0,0,🚧,ACT,0,0
1985-10-20,SMS,キューバート,0,0,🚧,ACT,0,0
1985-10-20,SMS,ガズラー,0,0,🚧,ACT,0,0
1985-10-20,SMS,スペースマウンテン,0,0,🚧,SHT,0,0
1985-10-20,SMS,三人麻雀,0,0,🚧,TBL,0,0
1985-10-20,SMS,チャレンジダービー,0,0,🚧,ACT,0,0
1985-10-20,SMS,岡本綾子のマッチプレーゴルフ,0,0,🚧,SPT,0,0
1985-10-20,SMS,スペースアーマー,0,0,🚧,SHT,0,0
1985-10-20,SMS,007ジェイムズボンド,0,0,🚧,ACT,0,0
1985-10-20,SMS,ミュージック(MUSIC),0,0,🚧,ETC,0,0
1985-10-20,SMS,テレビおえかき,0,0,🚧,ETC,0,0
1985-10-20,SMS,中学必修英単語(中学1年生用),0,0,🚧,ETC,0,0
1985-10-20,SMS,中学必修英作文(中学1年生用),0,0,🚧,ETC,0,0
1985-10-20,SMS,中学必修英文法(中学1年生用),0,0,🚧,ETC,0,0
1985-10-20,SMS,楽しい算数(小学4年生上),0,0,🚧,ETC,0,0
1985-10-20,SMS,化学(元素記号マスター),0,0,🚧,ETC,0,0
1985-10-20,SMS,日本史年表,0,0,🚧,ETC,0,0
1985-10-20,SMS,世界史年表,0,0,🚧,ETC,0,0
1985-10-20,SMS,中学必修英単語(中学2年生用),0,0,🚧,ETC,0,0
1985-10-20,SMS,中学必修英作文(中学2年生用),0,0,🚧,ETC,0,0
1985-10-20,SMS,中学必修英文法(中学2年生用),0,0,🚧,ETC,0,0
1985-10-20,SMS,楽しい算数(小学4年生下),0,0,🚧,ETC,0,0
1985-10-20,SMS,楽しい算数(小学5年生下),0,0,🚧,ETC,0,0
1985-10-20,SMS,楽しい算数(小学6年生下),0,0,🚧,ETC,0,0
1985-10-20,SMS,楽しい算数(小学5年生上),0,0,🚧,ETC,0,0
1985-10-20,SMS,楽しい算数(小学6年生上),0,0,🚧,ETC,0,0
1985-10-20,SMS,占いエンゼルキューティー,0,0,🚧,ETC,0,0
1985-10-20,SMS,物理(運動と力編),0,0,🚧,ETC,0,0
1985-10-20,SMS,物理(エネルギー編),0,0,🚧,ETC,0,0
1985-10-20,SMS,BASIC LEVELII,0,0,🚧,ETC,0,0
1985-10-20,SMS,BASIC LEVELIIB,0,0,🚧,ETC,0,0
1985-10-20,SMS,BASIC LEVELIIIA,0,0,🚧,ETC,0,0
1985-10-20,SMS,BASIC LEVELIIIB,0,0,🚧,ETC,0,0
1985-10-20,SMS,BASIC SK-III,0,0,🚧,ETC,0,0
1985-10-20,SMS,ホームベーシック,0,0,🚧,ETC,0,0
1985-10-20,SMS,ホームベーシック LEVELIIB,0,0,🚧,ETC,0,0
1985-10-20,SMS,モナコGP,0,0,🚧,RCG,0,0
1985-10-20,SMS,ジッピーレース,0,0,🚧,RCG,0,0
1985-10-20,SMS,チャンピオンボクシング,0,0,🚧,SPT,0,0
1985-10-20,SMS,スターフォース,0,0,🚧,SHT,0,0
1985-10-20,SMS,ドラゴン・ワン,0,0,🚧,ACT,0,0
1985-10-20,SMS,ズーム909,0,0,🚧,SHT,0,0
1985-10-20,SMS,チョップリフター,0,0,🚧,ACT,0,0
1985-10-20,SMS,ピットフォールII,0,0,🚧,ACT,0,0
1985-10-20,SMS,どきどきペンギンランド,0,0,🚧,PZL,0,0
1985-10-20,SMS,ドロール,0,0,🚧,ACT,0,0
1985-10-20,SMS,チャックンポップ,0,0,🚧,ACT,0,0
1985-10-20,SMS,バンクパニック,0,0,🚧,ACT,0,0
1985-10-20,SMS,ロックンボルト,0,0,🚧,PZL,0,0
1985-10-20,SMS,エレベーターアクション,0,0,🚧,ACT,0,0
1985-10-20,SMS,倉庫番,0,0,🚧,PZL,0,0
1985-10-20,SMS,チャンピオンシップロードランナー,0,0,🚧,ACT,0,0
1985-10-20,SMS,ヒーロー,0,0,🚧,ACT,0,0
1985-10-20,SMS,チャンピオンアイスホッケー,0,0,🚧,SPT,0,0
1985-10-20,SMS,ハングオンII,0,0,🚧,RCG,0,0
1985-10-20,SMS,ボンジャック,0,0,🚧,ACT,0,0
1985-10-20,SMS,ガルケーブ,0,0,🚧,SHT,0,0
1985-10-20,SMS,Ｃ-ＳＯ！,0,0,🚧,ACT,0,0
1985-10-20,SMS,忍者プリンセス,0,0,🚧,ACT,0,0
1985-10-20,SMS,スーパータンク,0,0,🚧,ACT,0,0
1985-10-20,SMS,チャンピオン剣道,0,0,🚧,SPT,0,0
1985-10-20,SMS,ワンダーボーイ,0,0,🚧,ACT,0,0
1985-10-20,SMS,チャンピオンビリヤード,0,0,🚧,SPT,0,0
1985-10-20,SMS,ザ・ブラックオニキス,0,0,🚧,RPG,0,0
1985-10-20,SMS,テディボーイブルース,0,0,🚧,ACT,0,0
1985-10-20,SMS,ハングオン,0,0,🚧,RCG,0,0
1985-10-20,SMS,グレートサッカー,0,0,🚧,SPT,0,0
1985-10-20,SMS,不思議のお城ピットポット,0,0,🚧,ACT,0,0
1985-10-20,SMS,グレートベースボール,0,0,🚧,SPT,0,0
1985-10-20,SMS,サテライト７,0,0,🚧,SHT,0,0
1985-10-20,SMS,アストロフラッシュ,0,0,🚧,SHT,0,0
1985-10-20,SMS,F-16 ファイティングファルコン,0,0,🚧,SHT,0,0
1985-10-20,SMS,グレートテニス,0,0,🚧,SPT,0,0
1985-10-20,SMS,青春スキャンダル,0,0,🚧,ACT,0,0
1985-10-20,SMS,コミカルマシンガンジョー,0,0,🚧,ACT,0,0
1985-10-20,SMS,ゴーストハウス,0,0,🚧,ACT,0,0
1985-10-20,SMS,スパイVSスパイ,0,0,🚧,ACT,0,0
1985-10-20,SMS,ウッディポップ 新人類のブロックくずし,0,0,🚧,ACT,0,0
1985-10-20,SMS,ファンタジーゾーン,0,0,🚧,SHT,0,0
1985-10-20,SMS,極悪同盟ダンプ松本,0,0,🚧,SPT,0,0
1985-10-20,SMS,北斗の拳,0,0,🚧,ACT,0,0
1985-10-20,SMS,アクションファイター,0,0,🚧,ACT,0,0
1985-10-20,SMS,ザ・サーキット,0,0,🚧,RCG,0,0
1985-10-20,SMS,アレックスキッドのミラクルワールド,0,0,🚧,ACT,0,0
1985-10-20,SMS,忍者,0,0,🚧,ACT,0,0
1985-10-20,SMS,阿修羅,0,0,🚧,ACT,0,0
1985-10-20,SMS,アストロウォリアー,0,0,🚧,SHT,0,0
1985-10-20,SMS,ハイスクール！奇面組,0,0,🚧,ADV,0,0
1985-10-20,SMS,グレートゴルフ,0,0,🚧,SPT,0,0
1985-10-20,SMS,スペースハリアー,0,0,🚧,SHT,0,0
1985-10-20,SMS,ダブルターゲット シンシアの眠り,0,0,🚧,ACT,0,0
1985-10-20,SMS,ロレッタの肖像,0,0,🚧,ADV,0,0
1985-10-20,SMS,スーパーワンダーボーイ,0,0,🚧,ACT,0,0
1985-10-20,SMS,グレートバレーボール,0,0,🚧,SPT,0,0
1985-10-20,SMS,グレートバスケットボール,0,0,🚧,SPT,0,0
1985-10-20,SMS,グレートフットボール,0,0,🚧,SPT,0,0
1985-10-20,SMS,スケバン刑事II 少女仮面伝説,0,0,🚧,ADV,0,0
1985-10-20,SMS,ロッキー,0,0,🚧,SPT,0,0
1985-10-20,SMS,魔界列伝,0,0,🚧,ACT,0,0
1985-10-20,SMS,エンデューロレーサー,0,0,🚧,RCG,0,0
1985-10-20,SMS,赤い光弾ジリオン,0,0,🚧,ACT,0,0
1985-10-20,SMS,アウトラン,0,0,🚧,RCG,0,0
1985-10-20,SMS,ワールドサッカー,0,0,🚧,SPT,0,0
1985-10-20,SMS,あんみつ姫,0,0,🚧,ADV,0,0
1985-10-20,SMS,ザ・プロ野球ペナントレース,0,0,🚧,SPT,0,0
1985-10-20,SMS,どきどきペンギンランド 宇宙大冒険,0,0,🚧,PZL,0,0
1985-10-20,SMS,ナスカ'88,0,0,🚧,ACT,0,0
1985-10-20,SMS,マスターズゴルフ,0,0,🚧,SPT,0,0
1985-10-20,SMS,ファンタジーゾーンII オパオパの涙,0,0,🚧,SHT,0,0
1985-10-20,SMS,覇邪の封印,0,0,🚧,RPG,0,0
1985-10-20,SMS,麻雀戦国時代,0,0,🚧,TBL,0,0
1985-10-20,SMS,エイリアンシンドローム,0,0,🚧,ACT,0,0
1985-10-20,SMS,ＳＤＩ,0,0,🚧,SHT,0,0
1985-10-20,SMS,ザクソン3D,0,0,🚧,SHT,0,0
1985-10-20,SMS,アレックスキッド BMXトライアル,0,0,🚧,RCG,0,0
1985-10-20,SMS,アフターバーナー,0,0,🚧,SHT,0,0
1985-10-20,SMS,トライフォーメーション,0,0,🚧,ACT,0,0
1985-10-20,SMS,ファンタシースター,0,0,🚧,RPG,0,0
1985-10-20,SMS,オパオパ,0,0,🚧,ACT,0,0
1985-10-20,SMS,ファミリーゲームズ,0,0,🚧,ETC,0,0
1985-10-20,SMS,メイズウォーカー,0,0,🚧,ACT,0,0
1985-10-20,SMS,スーパーワンダーボーイ モンスターワールド,0,0,🚧,ACT,0,0
1985-10-20,SMS,ギャラクティックプロテクター,0,0,🚧,SHT,0,0
1985-10-20,SMS,スペースハリアー3D,0,0,🚧,SHT,0,0
1985-10-20,SMS,アレスタ,0,0,🚧,SHT,0,0
1985-10-20,SMS,アレックスキッド ザ・ロストスターズ,0,0,🚧,ACT,0,0
1985-10-20,SMS,アルゴスの十字剣（サリオ発売）,0,0,🚧,ACT,0,0
1985-10-20,SMS,ブレードイーグル,0,0,🚧,SHT,0,0
1985-10-20,SMS,星をさがして・・・,0,0,🚧,ADV,0,0
1985-10-20,SMS,ソロモンの鍵 王女リヒタの涙（サリオ発売）,0,0,🚧,ACT,0,0
1985-10-20,SMS,天才バカボン,0,0,🚧,ADV,0,0
1985-10-20,SMS,剣聖伝,0,0,🚧,ACT,0,0
1985-10-20,SMS,ロード オブ ソード,0,0,🚧,RPG,0,0
1985-10-20,SMS,ＳＨＩＮＯＢＩ 忍,0,0,🚧,ACT,0,0
1985-10-20,SMS,キャプテンシルバー,0,0,🚧,ACT,0,0
1985-10-20,SMS,スーパーレーシング,0,0,🚧,RCG,0,0
1985-10-20,SMS,ファイナルバブルボブル,0,0,🚧,ACT,0,0
1985-10-20,SMS,め組レスキュー,0,0,🚧,ACT,0,0
1985-10-20,SMS,サンダーブレード,0,0,🚧,SHT,0,0
1985-10-20,SMS,魔王ゴルベリアス,0,0,🚧,ACT,0,0
1985-10-20,SMS,熱球甲子園,0,0,🚧,SPT,0,0
1985-10-20,SMS,孔雀王,0,0,🚧,ACT,0,0
1985-10-20,SMS,Ｒ－ＴＹＰＥ,0,0,🚧,SHT,0,0
1985-10-20,SMS,ダブルドラゴン,0,0,🚧,ACT,0,0
1985-10-20,SMS,イース,0,0,🚧,RPG,0,0
1985-10-20,SMS,スポーツパッドサッカー,0,0,🚧,SPT,0,0
1985-10-20,SMS,超音戦士ボーグマン,0,0,🚧,ACT,0,0
1985-10-20,SMS,ボンバーレイド,0,0,🚧,SHT,0,0
1988-10-29,SMD,スーパーサンダーブレード,0,0,🚧,SHT,0,0
1988-10-29,SMD,スペースハリアーII,0,0,🚧,SHT,0,0
1988-10-29,SMD,獣王記,0,0,🚧,ACT,0,0
1988-10-29,SMD,おそ松くん はちゃめちゃ劇場,0,0,🚧,ACT,0,0
1988-10-29,SMD,アレックスキッド 天空魔城,0,0,🚧,ACT,0,0
1988-10-29,SMD,ファンタシースターII 還らざる時の終わりに,0,0,🚧,RPG,0,0
1988-10-29,SMD,スーパーリーグ,0,0,🚧,SPT,0,0
1988-10-29,SMD,スーパー大戦略,0,0,🚧,SLG,0,0
1988-10-29,SMD,サンダーフォースII ＭＤ,0,0,🚧,SHT,0,0
1988-10-29,SMD,北斗の拳 新世紀末救世主伝説,0,0,🚧,ACT,0,0
1988-10-29,SMD,ワールドカップサッカー,0,0,🚧,SPT,0,0
1988-10-29,SMD,大魔界村,0,0,🚧,ACT,0,0
1988-10-29,SMD,尾崎直道のスーパーマスターズ,0,0,🚧,SPT,0,0
1988-10-29,SMD,スーパーハイドライド,0,0,🚧,RPG,0,0
1988-10-29,SMD,スーパーハングオン,0,0,🚧,RCG,0,0
1988-10-29,SMD,ランボーIII,0,0,🚧,ACT,0,0
1988-10-29,SMD,フォゴットンワールズ,0,0,🚧,SHT,0,0
1988-10-29,SMD,孔雀王２ 幻影城,0,0,🚧,ACT,0,0
1988-10-29,SMD,ザ・スーパー忍,0,0,🚧,ACT,0,0
1988-10-29,SMD,ＴＡＴＳＵＪＩＮ,0,0,🚧,SHT,0,0
1988-10-29,SMD,マージャンＣＯＰ竜 白狼の野望,0,0,🚧,TBL,0,0
1988-10-29,SMD,ヘルツォーク・ツヴァイ,0,0,🚧,SLG,0,0
1988-10-29,SMD,ヴァーミリオン,0,0,🚧,RPG,0,0
1988-10-29,SMD,カース,0,0,🚧,SHT,0,0
1988-10-29,SMD,ゴールデンアックス,0,0,🚧,ACT,0,0
1988-10-29,SMD,ズーム,0,0,🚧,PZL,0,0
1988-10-29,SMD,史上最大の倉庫番,0,0,🚧,PZL,0,0
1988-10-29,SMD,ソーサリアン,0,0,🚧,RPG,0,0
1988-10-29,SMD,スーパーリアルバスケットボール,0,0,🚧,SPT,0,0
1988-10-29,SMD,ザ・ニュージーランドストーリー,0,0,🚧,ACT,0,0
1988-10-29,SMD,エアダイバー,0,0,🚧,SHT,0,0
1988-10-29,SMD,重装騎兵レイノス,0,0,🚧,SHT,0,0
1988-10-29,SMD,アフターバーナーII,0,0,🚧,SHT,0,0
1988-10-29,SMD,ファイナルブロー,0,0,🚧,SPT,0,0
1988-10-29,SMD,ダーウィン４０８１,0,0,🚧,SHT,0,0
1988-10-29,SMD,時の継承者 ファンタシースターIII,0,0,🚧,RPG,0,0
1988-10-29,SMD,サイオブレード,0,0,🚧,ADV,0,0
1988-10-29,SMD,ＤＪボーイ,0,0,🚧,ACT,0,0
1988-10-29,SMD,ウィップラッシュ 惑星ボルテガスの謎,0,0,🚧,SHT,0,0
1988-10-29,SMD,ＴＥＬ・ＴＥＬまあじゃん,0,0,🚧,TBL,0,0
1988-10-29,SMD,サンダーフォースIII,0,0,🚧,SHT,0,0
1988-10-29,SMD,大旋風,0,0,🚧,SHT,0,0
1988-10-29,SMD,ゴーストバスターズ,0,0,🚧,ACT,0,0
1988-10-29,SMD,コラムス,0,0,🚧,PZL,0,0
1988-10-29,SMD,ＥＳＷＡＴ,0,0,🚧,ACT,0,0
1988-10-29,SMD,フェリオス,0,0,🚧,SHT,0,0
1988-10-29,SMD,バットマン,0,0,🚧,ACT,0,0
1988-10-29,SMD,サイバーボール,0,0,🚧,SPT,0,0
1988-10-29,SMD,スーパーモナコＧＰ,0,0,🚧,RCG,0,0
1988-10-29,SMD,ラスタンサーガII,0,0,🚧,ACT,0,0
1988-10-29,SMD,四天明王,0,0,🚧,ACT,0,0
1988-10-29,SMD,マイケルジャクソンズ ムーンウォーカー,0,0,🚧,ACT,0,0
1988-10-29,SMD,ＸＤＲ,0,0,🚧,SHT,0,0
1988-10-29,SMD,インセクターＸ,0,0,🚧,SHT,0,0
1988-10-29,SMD,クラックス,0,0,🚧,PZL,0,0
1988-10-29,SMD,スペースインベーダー９０,0,0,🚧,SHT,0,0
1988-10-29,SMD,ヘルファイアー,0,0,🚧,SHT,0,0
1988-10-29,SMD,ストライダー飛竜,0,0,🚧,ACT,0,0
1988-10-29,SMD,レインボーアイランド　エキストラ,0,0,🚧,ACT,0,0
1988-10-29,SMD,ＦＺ戦記ＡＸＩＳ　（アクシス）,0,0,🚧,ACT,0,0
1988-10-29,SMD,ファットマン,0,0,🚧,ACT,0,0
1988-10-29,SMD,バーニングフォース,0,0,🚧,SHT,0,0
1988-10-29,SMD,アローフラッシュ,0,0,🚧,SHT,0,0
1988-10-29,SMD,ＴＥＬ・ＴＥＬスタジアム,0,0,🚧,SPT,0,0
1988-10-29,SMD,ダイナマイトデューク,0,0,🚧,ACT,0,0
1988-10-29,SMD,鮫！鮫！鮫！,0,0,🚧,SHT,0,0
1988-10-29,SMD,グラナダ,0,0,🚧,SHT,0,0
1988-10-29,SMD,アイラブミッキーマウス ふしぎのお城大冒険,0,0,🚧,ACT,0,0
1988-10-29,SMD,メガパネル,0,0,🚧,PZL,0,0
1988-10-29,SMD,ジャンクション,0,0,🚧,PZL,0,0
1988-10-29,SMD,シャドーダンサー  ザ・シークレット・オブ・シノビ,0,0,🚧,ACT,0,0
1988-10-29,SMD,キューティー鈴木のリングサイドエンジェル,0,0,🚧,SPT,0,0
1988-10-29,SMD,アトミックロボキッド,0,0,🚧,ACT,0,0
1988-10-29,SMD,エレメンタルマスター,0,0,🚧,SHT,0,0
1988-10-29,SMD,ぎゅわんぶらあ自己中心派　片山まさゆきの麻雀道場,0,0,🚧,TBL,0,0
1988-10-29,SMD,まじかるハットのぶっとびターボ！大冒険,0,0,🚧,ACT,0,0
1988-10-29,SMD,デンジャラスシード,0,0,🚧,SHT,0,0
1988-10-29,SMD,クラックダウン,0,0,🚧,ACT,0,0
1988-10-29,SMD,ダライアスII,0,0,🚧,SHT,0,0
1988-10-29,SMD,スタークルーザー,0,0,🚧,ADV,0,0
1988-10-29,SMD,ハードドライビン,0,0,🚧,RCG,0,0
1988-10-29,SMD,武者アレスタ,0,0,🚧,SHT,0,0
1988-10-29,SMD,モンスターレア,0,0,🚧,ACT,0,0
1988-10-29,SMD,ガイアレス,0,0,🚧,SHT,0,0
1988-10-29,SMD,ヘビーユニット　メガドライブスペシャル,0,0,🚧,SHT,0,0
1988-10-29,SMD,ゲイングランド,0,0,🚧,ACT,0,0
1988-10-29,SMD,ヴォルフィード,0,0,🚧,ACT,0,0
1988-10-29,SMD,ジノーグ,0,0,🚧,SHT,0,0
1988-10-29,SMD,エアロブラスターズ,0,0,🚧,SHT,0,0
1988-10-29,SMD,スーパーバレーボール,0,0,🚧,SPT,0,0
1988-10-29,SMD,レッスルボール,0,0,🚧,SPT,0,0
1988-10-29,SMD,バトルゴルファー唯,0,0,🚧,SPT,0,0
1988-10-29,SMD,究極タイガー,0,0,🚧,SHT,0,0
1988-10-29,SMD,シーザーの野望,0,0,🚧,SLG,0,0
1988-10-29,SMD,ジョー・モンタナ フットボール,0,0,🚧,SPT,0,0
1988-10-29,SMD,ディックトレイシー,0,0,🚧,ACT,0,0
1988-10-29,SMD,バハムート戦記,0,0,🚧,SLG,0,0
1988-10-29,SMD,ふしぎの海のナディア,0,0,🚧,ADV,0,0
1988-10-29,SMD,ヴァリスIII,0,0,🚧,ACT,0,0
1988-10-29,SMD,魔物ハンター妖子 第７の警鐘,0,0,🚧,ACT,0,0
1988-10-29,SMD,シャイニング＆ザ・ダクネス,0,0,🚧,RPG,0,0
1988-10-29,SMD,スーパーエアーウルフ,0,0,🚧,SHT,0,0
1988-10-29,SMD,ミッドナイトレジスタンス,0,0,🚧,ACT,0,0
1988-10-29,SMD,斬 夜叉円舞曲,0,0,🚧,SLG,0,0
1988-10-29,SMD,雀偵物語,0,0,🚧,TBL,0,0
1988-10-29,SMD,ヴェリテックス,0,0,🚧,SHT,0,0
1988-10-29,SMD,ラングリッサー,0,0,🚧,SLG,0,0
1988-10-29,SMD,ワードナの森ＳＰＥＣＩＡＬ,0,0,🚧,ACT,0,0
1988-10-29,SMD,火激,0,0,🚧,ACT,0,0
1988-10-29,SMD,紫禁城,0,0,🚧,PZL,0,0
1988-10-29,SMD,三国志列伝 乱世の英雄たち,0,0,🚧,SLG,0,0
1988-10-29,SMD,ボナンザブラザーズ,0,0,🚧,ACT,0,0
1988-10-29,SMD,ゼロウイング,0,0,🚧,SHT,0,0
1988-10-29,SMD,ファイアームスタング,0,0,🚧,SHT,0,0
1988-10-29,SMD,アークス・オデッセイ,0,0,🚧,ACT,0,0
1988-10-29,SMD,アドバンスド大戦略 ドイツ電撃作戦,0,0,🚧,SLG,0,0
1988-10-29,SMD,ブルーアルマナック,0,0,🚧,RPG,0,0
1988-10-29,SMD,サンダーフォックス,0,0,🚧,ACT,0,0
1988-10-29,SMD,エイリアンストーム,0,0,🚧,ACT,0,0
1988-10-29,SMD,セイントソード,0,0,🚧,ACT,0,0
1988-10-29,SMD,ファステスト・ワン,0,0,🚧,RCG,0,0
1988-10-29,SMD,マーベルランド,0,0,🚧,ACT,0,0
1988-10-29,SMD,レッスルウォー,0,0,🚧,SPT,0,0
1988-10-29,SMD,雷電伝説,0,0,🚧,SHT,0,0
1988-10-29,SMD,球界道中記,0,0,🚧,SPT,0,0
1988-10-29,SMD,ストリートスマート,0,0,🚧,ACT,0,0
1988-10-29,SMD,ソニック・ザ・ヘッジホッグ,0,0,🚧,ACT,0,0
1988-10-29,SMD,マスター・オブ・モンスターズ,0,0,🚧,SLG,0,0
1988-10-29,SMD,ベア・ナックル 怒りの鉄拳,0,0,🚧,ACT,0,0
1988-10-29,SMD,空牙,0,0,🚧,SHT,0,0
1988-10-29,SMD,超闘竜烈伝ディノランド,0,0,🚧,ACT,0,0
1988-10-29,SMD,メガトラックス,0,0,🚧,RCG,0,0
1988-10-29,SMD,アウトラン,0,0,🚧,RCG,0,0
1988-10-29,SMD,ポピュラス,0,0,🚧,SLG,0,0
1988-10-29,SMD,ジュエルマスター,0,0,🚧,ACT,0,0
1988-10-29,SMD,プロ野球スーパーリーグ'９１,0,0,🚧,SPT,0,0
1988-10-29,SMD,ギャラクシーフォースII,0,0,🚧,SHT,0,0
1988-10-29,SMD,エル・ヴィエント,0,0,🚧,ACT,0,0
1988-10-29,SMD,レンタヒーロー,0,0,🚧,RPG,0,0
1988-10-29,SMD,マスターオブウエポン,0,0,🚧,SHT,0,0
1988-10-29,SMD,戦場の狼II,0,0,🚧,SHT,0,0
1988-10-29,SMD,宇宙戦艦ゴモラ,0,0,🚧,SHT,0,0
1988-10-29,SMD,デビルクラッシュＭＤ,0,0,🚧,ACT,0,0
1988-10-29,SMD,ソード・オブ・ソダン,0,0,🚧,ACT,0,0
1988-10-29,SMD,スパイダーマン,0,0,🚧,ACT,0,0
1988-10-29,SMD,ワンダーボーイV モンスターワールドIII,0,0,🚧,ACT,0,0
1988-10-29,SMD,魔王連獅子,0,0,🚧,ACT,0,0
1988-10-29,SMD,将棋の星,0,0,🚧,TBL,0,0
1988-10-29,SMD,ブロックアウト,0,0,🚧,PZL,0,0
1988-10-29,SMD,ワンダラーズ フロム イース,0,0,🚧,RPG,0,0
1988-10-29,SMD,ドラゴンズアイ プラス 上海III,0,0,🚧,PZL,0,0
1988-10-29,SMD,ルナーク,0,0,🚧,ACT,0,0
1988-10-29,SMD,ローリングサンダー２,0,0,🚧,ACT,0,0
1988-10-29,SMD,ファンタジア ミッキーマウス・マジック,0,0,🚧,ACT,0,0
1988-10-29,SMD,ビースト・ウォリアーズ,0,0,🚧,ACT,0,0
1988-10-29,SMD,乱世の覇者,0,0,🚧,SLG,0,0
1988-10-29,SMD,忍者武雷伝説,0,0,🚧,SLG,0,0
1988-10-29,SMD,エグザイル 時の狭間へ,0,0,🚧,RPG,0,0
1988-10-29,SMD,ファイティングマスターズ,0,0,🚧,ACT,0,0
1988-10-29,SMD,太平記,0,0,🚧,SLG,0,0
1988-10-29,SMD,Ｆ１サーカスＭＤ,0,0,🚧,RCG,0,0
1988-10-29,SMD,アイラブドナルドダック グルジア王の秘宝,0,0,🚧,ACT,0,0
1988-10-29,SMD,アンデッドライン,0,0,🚧,SHT,0,0
1988-10-29,SMD,ダーナ 女神誕生,0,0,🚧,ACT,0,0
1988-10-29,SMD,タスクフォースハリアーＥＸ,0,0,🚧,SHT,0,0
1988-10-29,SMD,ダブルドラゴンII,0,0,🚧,ACT,0,0
1988-10-29,SMD,信長の野望 武将風雲録,0,0,🚧,SLG,0,0
1988-10-29,SMD,中島悟監修　Ｆ-１ ＧＲＡＮＤ ＰＲＩＸ,0,0,🚧,RCG,0,0
1988-10-29,SMD,三國志II,0,0,🚧,SLG,0,0
1988-10-29,SMD,ゴールデンアックスII,0,0,🚧,ACT,0,0
1988-10-29,SMD,夢幻戦士ヴァリス,0,0,🚧,ACT,0,0
1988-10-29,SMD,ゲーム図書館,0,0,🚧,ETC,0,0
1988-10-29,SMD,パターゴルフ (ゲーム図書館),0,0,🚧,SPT,0,0
1988-10-29,SMD,１６ｔ (ゲーム図書館),0,0,🚧,ACT,0,0
1988-10-29,SMD,アウォーグ (ゲーム図書館),0,0,🚧,ACT,0,0
1988-10-29,SMD,キスショット (ゲーム図書館),0,0,🚧,TBL,0,0
1988-10-29,SMD,コラムス (ゲーム図書館),0,0,🚧,PZL,0,0
1988-10-29,SMD,ソニックイレイザー (ゲーム図書館),0,0,🚧,PZL,0,0
1988-10-29,SMD,テディボーイブルース (ゲーム図書館),0,0,🚧,ACT,0,0
1988-10-29,SMD,どきどきペンギンランド (ゲーム図書館),0,0,🚧,PZL,0,0
1988-10-29,SMD,ハイパーマーブル (ゲーム図書館),0,0,🚧,ACT,0,0
1988-10-29,SMD,パドルファイター (ゲーム図書館),0,0,🚧,SPT,0,0
1988-10-29,SMD,ピラミッドマジック (ゲーム図書館),0,0,🚧,PZL,0,0
1988-10-29,SMD,ピラミッドマジック Ｓｐｅｃｉａ (ゲーム図書館),0,0,🚧,PZL,0,0
1988-10-29,SMD,ピラミッドマジックII (ゲーム図書館),0,0,🚧,PZL,0,0
1988-10-29,SMD,ピラミッドマジックIII (ゲーム図書館),0,0,🚧,PZL,0,0
1988-10-29,SMD,ファンタシースターII テキストアドベンチャー アーミアの冒険 (ゲーム図書館),0,0,🚧,ADV,0,0
1988-10-29,SMD,ファンタシースターII テキストアドベンチャー アンナの冒険 (ゲーム図書館),0,0,🚧,ADV,0,0
1988-10-29,SMD,ファンタシースターII テキストアドベンチャー カインズの冒険 (ゲーム図書館),0,0,🚧,ADV,0,0
1988-10-29,SMD,ファンタシースターII テキストアドベンチャー シルカの冒険 (ゲーム図書館),0,0,🚧,ADV,0,0
1988-10-29,SMD,ファンタシースターII テキストアドベンチャー ネイの冒険 (ゲーム図書館),0,0,🚧,ADV,0,0
1988-10-29,SMD,ファンタシースターII テキストアドベンチャー ヒューイの冒険 (ゲーム図書館),0,0,🚧,ADV,0,0
1988-10-29,SMD,ファンタシースターII テキストアドベンチャー ユーシスの冒険 (ゲーム図書館),0,0,🚧,ADV,0,0
1988-10-29,SMD,ファンタシースターII テキストアドベンチャー ルドガーの冒険 (ゲーム図書館),0,0,🚧,ADV,0,0
1988-10-29,SMD,フリッキー (ゲーム図書館),0,0,🚧,ACT,0,0
1988-10-29,SMD,メガマインド (ゲーム図書館),0,0,🚧,PZL,0,0
1988-10-29,SMD,メダルシティ (ゲーム図書館),0,0,🚧,TBL,0,0
1988-10-29,SMD,リドルワイアード (ゲーム図書館),0,0,🚧,TBL,0,0
1988-10-29,SMD,ロボットバトラー (ゲーム図書館),0,0,🚧,ACT,0,0
1988-10-29,SMD,死の迷宮 (ゲーム図書館),0,0,🚧,RPG,0,0
1988-10-29,SMD,バックアップＲＡＭカートリッジ,0,0,🚧,ETC,0,0
1988-10-29,SMD,スーパーファンタジーゾーン,0,0,🚧,SHT,0,0
1988-10-29,SMD,ちびまる子ちゃん　わくわくショッピング,0,0,🚧,TBL,0,0
1988-10-29,SMD,ジョー・モンタナII スポーツトークフットボール,0,0,🚧,SPT,0,0
1988-10-29,SMD,ＪｕＪｕ伝説,0,0,🚧,ACT,0,0
1988-10-29,SMD,テクモワールドカップ'９２,0,0,🚧,SPT,0,0
1988-10-29,SMD,ワニワニＷｏｒｌｄ,0,0,🚧,ACT,0,0
1988-10-29,SMD,ソーサルキングダム,0,0,🚧,RPG,0,0
1988-10-29,SMD,ＳＤヴァリス,0,0,🚧,ACT,0,0
1988-10-29,SMD,港のトレイジア,0,0,🚧,RPG,0,0
1988-10-29,SMD,クルードバスター,0,0,🚧,ACT,0,0
1988-10-29,SMD,ロードブラスターズ,0,0,🚧,RCG,0,0
1988-10-29,SMD,バトルマニア,0,0,🚧,SHT,0,0
1988-10-29,SMD,トージャム＆アール,0,0,🚧,ACT,0,0
1988-10-29,SMD,鋼鉄帝国,0,0,🚧,SHT,0,0
1988-10-29,SMD,シャイニング・フォース 神々の遺産,0,0,🚧,SLG,0,0
1988-10-29,SMD,アートアライブ,0,0,🚧,TBL,0,0
1988-10-29,SMD,サンダープロレスリング列伝,0,0,🚧,SPT,0,0
1988-10-29,SMD,シャドー･オブ･ザ･ビースト　魔性の掟,0,0,🚧,ACT,0,0
1988-10-29,SMD,ストームロード,0,0,🚧,ACT,0,0
1988-10-29,SMD,ターボアウトラン,0,0,🚧,RCG,0,0
1988-10-29,SMD,ピットファイター,0,0,🚧,ACT,0,0
1988-10-29,SMD,Ａ列車で行こうＭＤ,0,0,🚧,SLG,0,0
1988-10-29,SMD,アリシアドラグーン,0,0,🚧,ACT,0,0
1988-10-29,SMD,バッドオーメン,0,0,🚧,TBL,0,0
1988-10-29,SMD,まじかる☆タルるートくん,0,0,🚧,ACT,0,0
1988-10-29,SMD,大航海時代,0,0,🚧,SLG,0,0
1988-10-29,SMD,スライムワールド,0,0,🚧,ACT,0,0
1988-10-29,SMD,中島悟監修 F1 HERO MD,0,0,🚧,RCG,0,0
1988-10-29,SMD,シーザーの野望II,0,0,🚧,SLG,0,0
1988-10-29,SMD,カメレオンキッド,0,0,🚧,ACT,0,0
1988-10-29,SMD,グランドスラム,0,0,🚧,SPT,0,0
1988-10-29,SMD,ＴＯＰ ＰＲＯ ＧＯＬＦ,0,0,🚧,SPT,0,0
1988-10-29,SMD,スピードボール２,0,0,🚧,SPT,0,0
1988-10-29,SMD,ロイヤルブラッド,0,0,🚧,SLG,0,0
1988-10-29,SMD,ペーパーボーイ,0,0,🚧,ACT,0,0
1988-10-29,SMD,闘技王キングコロッサス,0,0,🚧,RPG,0,0
1988-10-29,SMD,デビッド・ロビンソン バスケットボール,0,0,🚧,SPT,0,0
1988-10-29,SMD,炎の闘球児ドッジ弾平,0,0,🚧,SPT,0,0
1988-10-29,SMD,アイルトン・セナ スーパーモナコＧＰ II,0,0,🚧,RCG,0,0
1988-10-29,SMD,グレイランサー,0,0,🚧,SHT,0,0
1988-10-29,SMD,オリンピックゴールド,0,0,🚧,SPT,0,0
1988-10-29,SMD,サンダーフォースIV,0,0,🚧,SHT,0,0
1988-10-29,SMD,ダイナブラザーズ,0,0,🚧,SLG,0,0
1988-10-29,SMD,ツインクルテール,0,0,🚧,SHT,0,0
1988-10-29,SMD,スプラッターハウス PART2,0,0,🚧,ACT,0,0
1988-10-29,SMD,ひょっこりひょうたん島　大統領をめざせ,0,0,🚧,TBL,0,0
1988-10-29,SMD,修羅の門,0,0,🚧,SLG,0,0
1988-10-29,SMD,熱血高校ドッジボール部　サッカー編ＭＤ,0,0,🚧,SPT,0,0
1988-10-29,SMD,提督の決断,0,0,🚧,SLG,0,0
1988-10-29,SMD,キングサーモン,0,0,🚧,SLG,0,0
1988-10-29,SMD,チェルノブ,0,0,🚧,ACT,0,0
1988-10-29,SMD,チキチキボーイズ,0,0,🚧,ACT,0,0
1988-10-29,SMD,ヴィクセン３５７,0,0,🚧,SLG,0,0
1988-10-29,SMD,スーパーＨ.Ｑ.,0,0,🚧,RCG,0,0
1988-10-29,SMD,機動警察パトレイバー　９８式起動せよ！,0,0,🚧,ADV,0,0
1988-10-29,SMD,クライング 亜生命戦争,0,0,🚧,SHT,0,0
1988-10-29,SMD,ホリフィールドボクシング,0,0,🚧,SPT,0,0
1988-10-29,SMD,ランドストーカー 皇帝の財宝,0,0,🚧,RPG,0,0
1988-10-29,SMD,エアーマネジメント　大空に賭ける,0,0,🚧,SLG,0,0
1988-10-29,SMD,三國志III,0,0,🚧,SLG,0,0
1988-10-29,SMD,プロフットボール,0,0,🚧,SPT,0,0
1988-10-29,SMD,プロホッケー,0,0,🚧,SPT,0,0
1988-10-29,SMD,レミングス,0,0,🚧,PZL,0,0
1988-10-29,SMD,ロードラッシュ,0,0,🚧,RCG,0,0
1988-10-29,SMD,ソニック・ザ・ヘッジホッグ２,0,0,🚧,ACT,0,0
1988-10-29,SMD,サイドポケット,0,0,🚧,TBL,0,0
1988-10-29,SMD,パワーアスリート,0,0,🚧,ACT,0,0
1988-10-29,SMD,ランパート,0,0,🚧,SLG,0,0
1988-10-29,SMD,中島悟監修　F-1 スーパーライセンス,0,0,🚧,RCG,0,0
1988-10-29,SMD,Ｒ.Ｂ.Ｉ.４.ベースボール,0,0,🚧,SPT,0,0
1988-10-29,SMD,アイラブミッキー＆ドナルド ふしぎなマジックボックス,0,0,🚧,ACT,0,0
1988-10-29,SMD,パチンコクーニャン,0,0,🚧,TBL,0,0
1988-10-29,SMD,ぷよぷよ,0,0,🚧,PZL,0,0
1988-10-29,SMD,Ｔ.Ｍ.Ｎ.Ｔ.　リターン オブ ザ シュレッダー,0,0,🚧,ACT,0,0
1988-10-29,SMD,タズマニア,0,0,🚧,ACT,0,0
1988-10-29,SMD,ドリームチームＵＳＡ,0,0,🚧,SPT,0,0
1988-10-29,SMD,ベア・ナックルII 死闘への鎮魂歌,0,0,🚧,ACT,0,0
1988-10-29,SMD,ヨーロッパ戦線,0,0,🚧,SLG,0,0
1988-10-29,SMD,ザ・キックボクシング,0,0,🚧,SPT,0,0
1988-10-29,SMD,Ｆ２２インターセプター,0,0,🚧,SHT,0,0
1988-10-29,SMD,バットマン・リターンズ,0,0,🚧,ACT,0,0
1988-10-29,SMD,邪神ドラクソス,0,0,🚧,ACT,0,0
1988-10-29,SMD,Ｇ－ＬＯＣ,0,0,🚧,SHT,0,0
1988-10-29,SMD,Ｊリーグチャンピオンサッカー,0,0,🚧,SPT,0,0
1988-10-29,SMD,マジンサーガ,0,0,🚧,ACT,0,0
1988-10-29,SMD,スプラッターハウス PART3,0,0,🚧,ACT,0,0
1988-10-29,SMD,蒼き狼と白き牝鹿 元朝秘史,0,0,🚧,SLG,0,0
1988-10-29,SMD,ＧＯＤＳ,0,0,🚧,ACT,0,0
1988-10-29,SMD,ＯｕｔＲｕｎ ２０１９,0,0,🚧,RCG,0,0
1988-10-29,SMD,ドラえもん 夢どろぼうと７人のゴザンス,0,0,🚧,ACT,0,0
1988-10-29,SMD,バトルトード,0,0,🚧,ACT,0,0
1988-10-29,SMD,NBAプロバスケットボール　ブルズ ＶＳ レイカーズ,0,0,🚧,SPT,0,0
1988-10-29,SMD,ウルトラマン,0,0,🚧,ACT,0,0
1988-10-29,SMD,ＰＧＡツアーゴルフII,0,0,🚧,SPT,0,0
1988-10-29,SMD,デザートストライク 湾岸作戦,0,0,🚧,SHT,0,0
1988-10-29,SMD,ボールジャックス,0,0,🚧,SPT,0,0
1988-10-29,SMD,メガロマニア,0,0,🚧,SLG,0,0
1988-10-29,SMD,餓狼伝説 宿命の戦い,0,0,🚧,ACT,0,0
1988-10-29,SMD,ゾウ！ゾウ！ゾウ！　レスキュー大作戦,0,0,🚧,ACT,0,0
1988-10-29,SMD,００７・死闘,0,0,🚧,ACT,0,0
1988-10-29,SMD,エクスランザー,0,0,🚧,SHT,0,0
1988-10-29,SMD,スノーブラザーズ,0,0,🚧,ACT,0,0
1988-10-29,SMD,太閤立志伝,0,0,🚧,SLG,0,0
1988-10-29,SMD,ＬＨＸアタックチョッパー,0,0,🚧,SHT,0,0
1988-10-29,SMD,ジェームスポンドII　コードネーム・ロボコッド,0,0,🚧,ACT,0,0
1988-10-29,SMD,スラップファイト,0,0,🚧,SHT,0,0
1988-10-29,SMD,Ｊリーグプロストライカー,0,0,🚧,SPT,0,0
1988-10-29,SMD,パワーモンガー,0,0,🚧,SLG,0,0
1988-10-29,SMD,ＴＯＰ ＰＲＯ ＧＯＬＦ２,0,0,🚧,SPT,0,0
1988-10-29,SMD,エリミネートダウン,0,0,🚧,SHT,0,0
1988-10-29,SMD,ゴールデンアックスIII,0,0,🚧,ACT,0,0
1988-10-29,SMD,スティールタロンズ,0,0,🚧,SHT,0,0
1988-10-29,SMD,ザ・スーパー忍II,0,0,🚧,ACT,0,0
1988-10-29,SMD,ロードラッシュII,0,0,🚧,RCG,0,0
1988-10-29,SMD,NBAプレイオフ　ブルズ VS ブレイザーズ,0,0,🚧,SPT,0,0
1988-10-29,SMD,エコー・ザ・ドルフィン,0,0,🚧,ACT,0,0
1988-10-29,SMD,騎士伝説,0,0,🚧,SLG,0,0
1988-10-29,SMD,ロケットナイト　アドベンチャーズ,0,0,🚧,ACT,0,0
1988-10-29,SMD,ウィザード・オブ・イモータル,0,0,🚧,ACT,0,0
1988-10-29,SMD,マーブルマッドネス,0,0,🚧,ACT,0,0
1988-10-29,SMD,キリング・ゲームショー,0,0,🚧,ACT,0,0
1988-10-29,SMD,ジュラシック・パーク,0,0,🚧,ACT,0,0
1988-10-29,SMD,ああ播磨灘,0,0,🚧,ACT,0,0
1988-10-29,SMD,ガンスターヒーローズ,0,0,🚧,ACT,0,0
1988-10-29,SMD,ミュータントリーグ・フットボール,0,0,🚧,SPT,0,0
1988-10-29,SMD,信長の野望 全国版,0,0,🚧,SLG,0,0
1988-10-29,SMD,ガントレット,0,0,🚧,ACT,0,0
1988-10-29,SMD,マクドナルド トレジャーランド・アドベンチャー,0,0,🚧,ACT,0,0
1988-10-29,SMD,ジョーダン VS バード　ＯＮＥ ｏｎ ＯＮＥ,0,0,🚧,SPT,0,0
1988-10-29,SMD,ストリートファイターII　ダッシュプラス,0,0,🚧,ACT,0,0
1988-10-29,SMD,シャイニング・フォースII 古えの封印,0,0,🚧,SLG,0,0
1988-10-29,SMD,コラムスIII 対決！コラムスワールド,0,0,🚧,PZL,0,0
1988-10-29,SMD,ペブルビーチの波涛,0,0,🚧,SPT,0,0
1988-10-29,SMD,パーティクイズ ＭＥＧＡ Ｑ,0,0,🚧,TBL,0,0
1988-10-29,SMD,雀皇登竜門,0,0,🚧,TBL,0,0
1988-10-29,SMD,アラジン,0,0,🚧,ACT,0,0
1988-10-29,SMD,スペースファンキーＢ.Ｏ.Ｂ.,0,0,🚧,ACT,0,0
1988-10-29,SMD,フリントストーン,0,0,🚧,ACT,0,0
1988-10-29,SMD,ＭｉＧ-２９,0,0,🚧,SHT,0,0
1988-10-29,SMD,キング・オブ・ザ・モンスターズ,0,0,🚧,ACT,0,0
1988-10-29,SMD,テクモスーパーボウル,0,0,🚧,SPT,0,0
1988-10-29,SMD,Ｔ.Ｍ.Ｎ.Ｔ.　トーナメントファイターズ,0,0,🚧,ACT,0,0
1988-10-29,SMD,ダイナブラザース２,0,0,🚧,SLG,0,0
1988-10-29,SMD,ソニックスピンボール,0,0,🚧,TBL,0,0
1988-10-29,SMD,ドラゴンズリベンジ,0,0,🚧,ACT,0,0
1988-10-29,SMD,リーサルエンフォーサーズ,0,0,🚧,SHT,0,0
1988-10-29,SMD,Ｊリーグプロストライカー 完全版,0,0,🚧,SPT,0,0
1988-10-29,SMD,ジャングルストライク　受け継がれた狂気,0,0,🚧,SHT,0,0
1988-10-29,SMD,ファンタシースター 千年紀の終りに,0,0,🚧,RPG,0,0
1988-10-29,SMD,ブギウギ・ボーリング,0,0,🚧,SPT,0,0
1988-10-29,SMD,メタルファング,0,0,🚧,SHT,0,0
1988-10-29,SMD,遥かなるオーガスタ,0,0,🚧,SPT,0,0
1988-10-29,SMD,バトルマニア大吟醸,0,0,🚧,SHT,0,0
1988-10-29,SMD,オーサムポッサム,0,0,🚧,ACT,0,0
1988-10-29,SMD,クルーボール,0,0,🚧,ACT,0,0
1988-10-29,SMD,フラッシュバック,0,0,🚧,ACT,0,0
1988-10-29,SMD,魔天の創滅,0,0,🚧,RPG,0,0
1988-10-29,SMD,サンサン,0,0,🚧,TBL,0,0
1988-10-29,SMD,ジェネラル・カオス 大混戦,0,0,🚧,SLG,0,0
1988-10-29,SMD,龍虎の拳,0,0,🚧,ACT,0,0
1988-10-29,SMD,デビルズコース,0,0,🚧,SPT,0,0
1988-10-29,SMD,幽☆遊☆白書 外伝,0,0,🚧,ADV,0,0
1988-10-29,SMD,ＮＦＬ フットボール'９４,0,0,🚧,SPT,0,0
1988-10-29,SMD,ウィンターオリンピック,0,0,🚧,SPT,0,0
1988-10-29,SMD,NFL プロフットボール'94,0,0,🚧,SPT,0,0
1988-10-29,SMD,エアーマネジメントII　航空王をめざせ,0,0,🚧,SLG,0,0
1988-10-29,SMD,エターナルチャンピオンズ,0,0,🚧,ACT,0,0
1988-10-29,SMD,クールスポット,0,0,🚧,ACT,0,0
1988-10-29,SMD,Ｔ２ ジ・アーケードゲーム,0,0,🚧,SHT,0,0
1988-10-29,SMD,デビスカップ,0,0,🚧,SPT,0,0
1988-10-29,SMD,ワイアラエの奇蹟,0,0,🚧,SPT,0,0
1988-10-29,SMD,信長の野望 覇王伝,0,0,🚧,SLG,0,0
1988-10-29,SMD,2020年スーパーベースボール,0,0,🚧,SPT,0,0
1988-10-29,SMD,テクモ スーパーＮＢＡ　バスケットボール,0,0,🚧,SPT,0,0
1988-10-29,SMD,ハイパーダンク　ザ・プレイオフエディション,0,0,🚧,SPT,0,0
1988-10-29,SMD,クレヨンしんちゃん　嵐を呼ぶ園児,0,0,🚧,ACT,0,0
1988-10-29,SMD,バーチャレーシング,0,0,🚧,RCG,0,0
1988-10-29,SMD,バンパイアキラー,0,0,🚧,ACT,0,0
1988-10-29,SMD,ベアナックルIII,0,0,🚧,ACT,0,0
1988-10-29,SMD,ＷＷＦロイヤルランブル,0,0,🚧,SPT,0,0
1988-10-29,SMD,ヴイ・ファイヴ,0,0,🚧,SHT,0,0
1988-10-29,SMD,タイムドミネーター,0,0,🚧,ACT,0,0
1988-10-29,SMD,タントアール,0,0,🚧,TBL,0,0
1988-10-29,SMD,ドラゴンボールＺ 武勇列伝,0,0,🚧,ACT,0,0
1988-10-29,SMD,モンスターワールドIV,0,0,🚧,ACT,0,0
1988-10-29,SMD,ファンタシースター 復刻版,0,0,🚧,RPG,0,0
1988-10-29,SMD,キャプテンラング,0,0,🚧,ACT,0,0
1988-10-29,SMD,ＮＢＡ ＪＡＭ,0,0,🚧,SPT,0,0
1988-10-29,SMD,アウトランナーズ,0,0,🚧,RCG,0,0
1988-10-29,SMD,ウィンブルドン,0,0,🚧,SPT,0,0
1988-10-29,SMD,Ｆ１１７ステルス　オペレーション:ナイトストーム,0,0,🚧,SLG,0,0
1988-10-29,SMD,グレイテストヘビーウェイツ,0,0,🚧,SPT,0,0
1988-10-29,SMD,ソニック・ザ・ヘッジホッグ３,0,0,🚧,ACT,0,0
1988-10-29,SMD,モータルコンバット,0,0,🚧,ACT,0,0
1988-10-29,SMD,ロボコップ ＶＳターミネーター,0,0,🚧,ACT,0,0
1988-10-29,SMD,ＦＩＦＡ　インターナショナルサッカー,0,0,🚧,SPT,0,0
1988-10-29,SMD,新創世紀ラグナセンティ,0,0,🚧,RPG,0,0
1988-10-29,SMD,チャックロックII,0,0,🚧,ACT,0,0
1988-10-29,SMD,チャンピオンズ　ワールドクラスサッカー,0,0,🚧,SPT,0,0
1988-10-29,SMD,ロードモナーク・とことん戦闘伝説,0,0,🚧,SLG,0,0
1988-10-29,SMD,餓狼伝説２ 新たなる闘い,0,0,🚧,ACT,0,0
1988-10-29,SMD,大航海時代II,0,0,🚧,SLG,0,0
1988-10-29,SMD,スーパーストリートファイターII　THE NEW CHALLENGERS,0,0,🚧,ACT,0,0
1988-10-29,SMD,NBAプロバスケットボール'94,0,0,🚧,SPT,0,0
1988-10-29,SMD,美少女戦士セーラームーン,0,0,🚧,ACT,0,0
1988-10-29,SMD,Ｊリーグプロストライカー２,0,0,🚧,SPT,0,0
1988-10-29,SMD,ハイブリッド・フロント,0,0,🚧,SLG,0,0
1988-10-29,SMD,パルスマン,0,0,🚧,ACT,0,0
1988-10-29,SMD,ダイナマイトヘッディー,0,0,🚧,ACT,0,0
1988-10-29,SMD,パノラマコットン,0,0,🚧,SHT,0,0
1988-10-29,SMD,エコー・ザ・ドルフィン２,0,0,🚧,ACT,0,0
1988-10-29,SMD,ラングリッサー２,0,0,🚧,SLG,0,0
1988-10-29,SMD,モータルコンバットII 究極神拳,0,0,🚧,ACT,0,0
1988-10-29,SMD,魂斗羅ザ・ハードコア,0,0,🚧,ACT,0,0
1988-10-29,SMD,ドラゴンスレイヤー英雄伝説,0,0,🚧,RPG,0,0
1988-10-29,SMD,スパークスター　ロケットナイトアドベンチャーズ2,0,0,🚧,ACT,0,0
1988-10-29,SMD,幽☆遊☆白書 魔強統一戦,0,0,🚧,ACT,0,0
1988-10-29,SMD,ロックマンメガワールド,0,0,🚧,ACT,0,0
1988-10-29,SMD,ソニック＆ナックルズ,0,0,🚧,ACT,0,0
1988-10-29,SMD,ソニック＆ナックルズ　＋　その他,0,0,🚧,ACT,0,0
1988-10-29,SMD,ソニック＆ナックルズ　＋　ソニック１,0,0,🚧,ACT,0,0
1988-10-29,SMD,ソニック＆ナックルズ　＋　ソニック２,0,0,🚧,ACT,0,0
1988-10-29,SMD,ソニック＆ナックルズ　＋　ソニック３,0,0,🚧,ACT,0,0
1988-10-29,SMD,豪血寺一族,0,0,🚧,ACT,0,0
1988-10-29,SMD,サムライスピリッツ,0,0,🚧,ACT,0,0
1988-10-29,SMD,ぷよぷよ通,0,0,🚧,PZL,0,0
1988-10-29,SMD,ＤＯＯＭ,0,0,🚧,SHT,0,0
1988-10-29,SMD,スターウォーズ・アーケード,0,0,🚧,SHT,0,0
1988-10-29,SMD,スペースハリアー,0,0,🚧,SHT,0,0
1988-10-29,SMD,ストーリー・オブ・トア 光を継ぐ者,0,0,🚧,RPG,0,0
1988-10-29,SMD,ライオンキング,0,0,🚧,ACT,0,0
1988-10-29,SMD,トムとジェリー,0,0,🚧,ACT,0,0
1988-10-29,SMD,ナイジェルマンセル・インディカー,0,0,🚧,RCG,0,0
1988-10-29,SMD,バーチャレーシング デラックス,0,0,🚧,RCG,0,0
1988-10-29,SMD,ミッキーとミニー　マジカルアドベンチャー２,0,0,🚧,ACT,0,0
1988-10-29,SMD,テクモ スーパーボウル２　スペシャルエディション,0,0,🚧,SPT,0,0
1988-10-29,SMD,アフターバーナー・コンプリート,0,0,🚧,SHT,0,0
1988-10-29,SMD,イチダントアール,0,0,🚧,TBL,0,0
1988-10-29,SMD,ドラゴンスレイヤー英雄伝説II,0,0,🚧,RPG,0,0
1988-10-29,SMD,サイバーブロール,0,0,🚧,ACT,0,0
1988-10-29,SMD,リスター・ザ・シューティングスター,0,0,🚧,ACT,0,0
1988-10-29,SMD,GOLF MAGAZINE PRESENTS　36 GREAT HOLES STARRING FRED COUPLES,0,0,🚧,SPT,0,0
1988-10-29,SMD,ＮＢＡ ＪＡＭ　トーナメントエディション,0,0,🚧,SPT,0,0
1988-10-29,SMD,ＮＦＬ クォーターバッククラブ '95,0,0,🚧,SPT,0,0
1988-10-29,SMD,エイリアンソルジャー,0,0,🚧,ACT,0,0
1988-10-29,SMD,メタルヘッド,0,0,🚧,ACT,0,0
1988-10-29,SMD,サージングオーラ,0,0,🚧,RPG,0,0
1988-10-29,SMD,ＴＥＭＰＯ,0,0,🚧,ACT,0,0
1988-10-29,SMD,ミッキーマニア,0,0,🚧,ACT,0,0
1988-10-29,SMD,カオティクス,0,0,🚧,ACT,0,0
1988-10-29,SMD,ステラアサルト,0,0,🚧,SHT,0,0
1988-10-29,SMD,テレビアニメ・スラムダンク　強豪真っ向対決！,0,0,🚧,SPT,0,0
1988-10-29,SMD,トゥルーライズ,0,0,🚧,ACT,0,0
1988-10-29,SMD,モータルコンバットII　究極神拳,0,0,🚧,ACT,0,0
1988-10-29,SMD,マキシマムカーネイジ,0,0,🚧,ACT,0,0
1988-10-29,SMD,ライトクルセイダー,0,0,🚧,ACT,0,0
1988-10-29,SMD,ＮＦＬ クォーターバッククラブ '95,0,0,🚧,SPT,0,0
1988-10-29,SMD,パラスコード,0,0,🚧,SHT,0,0
1988-10-29,SMD,超球界ミラクルナイン,0,0,🚧,SPT,0,0
1988-10-29,SMD,三國志IV,0,0,🚧,SLG,0,0
1988-10-29,SMD,プロストライカー ファイナルステージ,0,0,🚧,SPT,0,0
1988-10-29,SMD,ＮＢＡジャム・トーナメントエディション,0,0,🚧,SPT,0,0
1988-10-29,SMD,ＷＷＦ ＲＡＷ,0,0,🚧,SPT,0,0
1988-10-29,SMD,コミックスゾーン,0,0,🚧,ACT,0,0
1988-10-29,SMD,ジャスティスリーグ,0,0,🚧,ACT,0,0
1988-10-29,SMD,ジャッジ・ドレッド,0,0,🚧,ACT,0,0
1988-10-29,SMD,ジ・ウーズ,0,0,🚧,ACT,0,0
1988-10-29,SMD,バーチャファイター,0,0,🚧,ACT,0,0
1988-10-29,SMD,バットマン フォーエヴァー,0,0,🚧,ACT,0,0
1988-10-29,SMD,フォアマン フォーリアル,0,0,🚧,SPT,0,0
1988-10-29,SMD,ぺぺんがＰＥＮＧＯ,0,0,🚧,ACT,0,0
1988-10-29,SMD,ＷＷＦ ＲＡＷ,0,0,🚧,SPT,0,0
1988-10-29,SMD,バーチャルバート,0,0,🚧,ACT,0,0
1988-10-29,SMD,魔導物語 I,0,0,🚧,RPG,0,0
1988-10-29,SMD,日刊スポーツ　プロ野球ＶＡＮ,0,0,🚧,SPT,0,0
1988-10-29,SMD,メガアンサー,0,0,🚧,ETC,0,0
1990-11-21,SFC,スーパーマリオワールド,0,0,🚧,ACT,0,0
1990-11-21,SFC,Ｆ－ＺＥＲＯ,0,0,🚧,RCG,0,0
1990-11-21,SFC,ボンバザル,0,0,🚧,PZL,0,0
1990-11-21,SFC,アクトレイザー,0,0,🚧,ACT,0,0
1990-11-21,SFC,ポピュラス,0,0,🚧,SLG,0,0
1990-11-21,SFC,ファイナルファイト,0,0,🚧,ACT,0,0
1990-11-21,SFC,グラディウスⅢ,0,0,🚧,SHT,0,0
1990-11-21,SFC,パイロットウイングス,0,0,🚧,SPT,0,0
1990-11-21,SFC,SDザ・グレイトバトル,0,0,🚧,ACT,0,0
1990-11-21,SFC,ジャンボ尾崎のホールインワン,0,0,🚧,SPT,0,0
1990-11-21,SFC,ＢＩＧ ＲＵＮ,0,0,🚧,RCG,0,0
1990-11-21,SFC,ダライアスツイン,0,0,🚧,SHT,0,0
1990-11-21,SFC,遙かなるオーガスタ,0,0,🚧,SPT,0,0
1990-11-21,SFC,ウルトラマン,0,0,🚧,ACT,0,0
1990-11-21,SFC,シムシティー,0,0,🚧,SLG,0,0
1990-11-21,SFC,スーパープロフェッショナルベースボール,0,0,🚧,SPT,0,0
1990-11-21,SFC,ドラッケン,0,0,🚧,RPG,0,0
1990-11-21,SFC,ガデュリン,0,0,🚧,RPG,0,0
1990-11-21,SFC,イースⅢ ワンダラーズ フロム イース,0,0,🚧,RPG,0,0
1990-11-21,SFC,スーパースタジアム,0,0,🚧,SPT,0,0
1990-11-21,SFC,機動戦士ガンダムＦ９１  フォーミュラー戦記０１２２,0,0,🚧,SLG,0,0
1990-11-21,SFC,スーパーウルトラベースボール,0,0,🚧,SPT,0,0
1990-11-21,SFC,スーパーアールタイプ,0,0,🚧,SHT,0,0
1990-11-21,SFC,がんばれゴエモン ゆき姫救出絵巻,0,0,🚧,ACT,0,0
1990-11-21,SFC,ファイナルファンタジーⅣ,0,0,🚧,RPG,0,0
1990-11-21,SFC,バトルドッジボール  闘球大激突,0,0,🚧,SPT,0,0
1990-11-21,SFC,エリア８８,0,0,🚧,SHT,0,0
1990-11-21,SFC,白熱プロ野球ガンバリーグ,0,0,🚧,SPT,0,0
1990-11-21,SFC,初段 森田将棋,0,0,🚧,TBL,0,0
1990-11-21,SFC,スーパーテニス ワールドサーキット,0,0,🚧,SPT,0,0
1990-11-21,SFC,ハイパーゾーン,0,0,🚧,SHT,0,0
1990-11-21,SFC,ジェリーボーイ,0,0,🚧,ACT,0,0
1990-11-21,SFC,スーパー三國志Ⅱ,0,0,🚧,SLG,0,0
1990-11-21,SFC,プロサッカー,0,0,🚧,SPT,0,0
1990-11-21,SFC,超魔界村,0,0,🚧,ACT,0,0
1990-11-21,SFC,ＳＵＰＥＲ Ｅ．Ｄ．Ｆ．,0,0,🚧,SHT,0,0
1990-11-21,SFC,ファイナルファンタジーⅣ イージータイプ,0,0,🚧,RPG,0,0
1990-11-21,SFC,悪魔城ドラキュラ,0,0,🚧,ACT,0,0
1990-11-21,SFC,ゼルダの伝説 神々のトライフォース,0,0,🚧,ARPG,0,0
1990-11-21,SFC,雷電伝説,0,0,🚧,SHT,0,0
1990-11-21,SFC,ＪＯＥ＆ＭＡＣ 戦え原始人,0,0,🚧,ACT,0,0
1990-11-21,SFC,スーパーワギャンランド,0,0,🚧,ACT,0,0
1990-11-21,SFC,ラグーン,0,0,🚧,RPG,0,0
1990-11-21,SFC,スーパーフォーメーションサッカー,0,0,🚧,SPT,0,0
1990-11-21,SFC,ちびまる子ちゃん「はりきり３６５日」の巻,0,0,🚧,TBL,0,0
1990-11-21,SFC,レミングス,0,0,🚧,PZL,0,0
1990-11-21,SFC,ダンジョン マスター,0,0,🚧,RPG,0,0
1990-11-21,SFC,ディメンションフォース,0,0,🚧,SHT,0,0
1990-11-21,SFC,スーパーファイヤープロレスリング,0,0,🚧,SPT,0,0
1990-11-21,SFC,ＳＤガンダム外伝 ナイトガンダム物語 大いなる遺産,0,0,🚧,RPG,0,0
1990-11-21,SFC,スーパー信長の野望 武将風雲録,0,0,🚧,SLG,0,0
1990-11-21,SFC,反省ザルジローくんの大冒険,0,0,🚧,ACT,0,0
1990-11-21,SFC,サンダースピリッツ,0,0,🚧,SHT,0,0
1990-11-21,SFC,スーパーチャイニーズワールド,0,0,🚧,RPG,0,0
1990-11-21,SFC,シムアース,0,0,🚧,SLG,0,0
1990-11-21,SFC,バトルコマンダー  八武衆修羅の兵法,0,0,🚧,SLG,0,0
1990-11-21,SFC,高橋名人の大冒険島,0,0,🚧,ACT,0,0
1990-11-21,SFC,プロフットボール,0,0,🚧,SPT,0,0
1990-11-21,SFC,ドラゴンボールZ 超サイヤ伝説,0,0,🚧,RPG,0,0
1990-11-21,SFC,ロマンシング サ・ガ,0,0,🚧,RPG,0,0
1990-11-21,SFC,ソウルブレイダー,0,0,🚧,RPG,0,0
1990-11-21,SFC,ドラゴンスレイヤー英雄伝説,0,0,🚧,RPG,0,0
1990-11-21,SFC,エキゾースト・ヒート,0,0,🚧,RCG,0,0
1990-11-21,SFC,ロケッティア,0,0,🚧,ACT,0,0
1990-11-21,SFC,魂斗羅スピリッツ,0,0,🚧,ACT,0,0
1990-11-21,SFC,スーパーバーディラッシュ,0,0,🚧,SPT,0,0
1990-11-21,SFC,弟切草,0,0,🚧,ADV,0,0
1990-11-21,SFC,新世紀ＧＰＸ サイバーフォーミュラ,0,0,🚧,RCG,0,0
1990-11-21,SFC,Ｒ．Ｐ．Ｍ．Ｒａｃｉｎｇ,0,0,🚧,RCG,0,0
1990-11-21,SFC,スーパー伊忍道 打倒信長,0,0,🚧,RPG,0,0
1990-11-21,SFC,超攻合神サーディオン,0,0,🚧,ACT,0,0
1990-11-21,SFC,ファイナルファイトガイ,0,0,🚧,ACT,0,0
1990-11-21,SFC,ＳＭＡＳＨ・Ｔ．Ｖ．,0,0,🚧,ACT,0,0
1990-11-21,SFC,ラッシング ビート,0,0,🚧,ACT,0,0
1990-11-21,SFC,らんま１／２ 町内激闘篇,0,0,🚧,ACT,0,0
1990-11-21,SFC,ザ・グレイトバトルⅡラストファイターツイン,0,0,🚧,ACT,0,0
1990-11-21,SFC,スーパーヴァリス 赤き月の乙女,0,0,🚧,ACT,0,0
1990-11-21,SFC,トップレーサー,0,0,🚧,RCG,0,0
1990-11-21,SFC,バトルグランプリ,0,0,🚧,RCG,0,0
1990-11-21,SFC,カードマスター　リムサリアの封印,0,0,🚧,RPG,0,0
1990-11-21,SFC,Ｓ．Ｔ．Ｇ．(エスティージー）,0,0,🚧,SHT,0,0
1990-11-21,SFC,ハットトリックヒーロー,0,0,🚧,SPT,0,0
1990-11-21,SFC,スーパーファミスタ,0,0,🚧,SPT,0,0
1990-11-21,SFC,まじかる☆タルるートくん　ＭＡＧＩＣ ＡＤＶＥＮＴＵＲＥ,0,0,🚧,ACT,0,0
1990-11-21,SFC,ウルティマⅥ　偽りの予言者,0,0,🚧,RPG,0,0
1990-11-21,SFC,エアーマネジメント 大空に賭ける,0,0,🚧,SLG,0,0
1990-11-21,SFC,オセロワールド,0,0,🚧,TBL,0,0
1990-11-21,SFC,ペブルビーチの波濤,0,0,🚧,SPT,0,0
1990-11-21,SFC,豪槍神雷伝説 武者,0,0,🚧,ACT,0,0
1990-11-21,SFC,摩訶摩訶,0,0,🚧,RPG,0,0
1990-11-21,SFC,ヘラクレスの栄光Ⅲ 神々の沈黙,0,0,🚧,RPG,0,0
1990-11-21,SFC,ＷＷＦスーパーレッスルマニア,0,0,🚧,SPT,0,0
1990-11-21,SFC,スーパーカップサッカー,0,0,🚧,SPT,0,0
1990-11-21,SFC,スーパー上海ドラゴンズアイ,0,0,🚧,PZL,0,0
1990-11-21,SFC,Ｆ－１ ＧＲＡＮＤ ＰＲＩＸ,0,0,🚧,RCG,0,0
1990-11-21,SFC,スーパーアレスタ,0,0,🚧,SHT,0,0
1990-11-21,SFC,拳闘王 ワールドチャンピオン,0,0,🚧,SPT,0,0
1990-11-21,SFC,バトルブレイズ,0,0,🚧,ACT,0,0
1990-11-21,SFC,甲竜伝説ヴィルガスト　消えた少女,0,0,🚧,RPG,0,0
1990-11-21,SFC,マジックソード,0,0,🚧,ACT,0,0
1990-11-21,SFC,斬Ⅱスピリッツ,0,0,🚧,SLG,0,0
1990-11-21,SFC,ストリートファイターⅡ,0,0,🚧,ACT,0,0
1990-11-21,SFC,スーパーダンクショット,0,0,🚧,SPT,0,0
1990-11-21,SFC,スーパー将棋,0,0,🚧,TBL,0,0
1990-11-21,SFC,キャメルトライ,0,0,🚧,ACT,0,0
1990-11-21,SFC,横山光輝 三国志,0,0,🚧,SLG,0,0
1990-11-21,SFC,アストラルバウト,0,0,🚧,SPT,0,0
1990-11-21,SFC,甲子園２,0,0,🚧,SPT,0,0
1990-11-21,SFC,プリンス オブ ペルシャ,0,0,🚧,ACT,0,0
1990-11-21,SFC,スーパーオフロード,0,0,🚧,RCG,0,0
1990-11-21,SFC,Ｌｉｇｈｔ Ｆａｎｔａｓｙ,0,0,🚧,RPG,0,0
1990-11-21,SFC,パロディウスだ！　神話からお笑いへ,0,0,🚧,SHT,0,0
1990-11-21,SFC,スーパーボウリング,0,0,🚧,SPT,0,0
1990-11-21,SFC,ＰＧＡツアーゴルフ,0,0,🚧,SPT,0,0
1990-11-21,SFC,ゆうゆのクイズでＧＯ！ＧＯ！,0,0,🚧,ETC,0,0
1990-11-21,SFC,北斗の拳５ 天魔流星伝 哀・絶章,0,0,🚧,RPG,0,0
1990-11-21,SFC,マリオペイント,0,0,🚧,ETC,0,0
1990-11-21,SFC,ダイナウォーズ　恐竜王国への大冒険,0,0,🚧,ACT,0,0
1990-11-21,SFC,ＨＯＯＫ,0,0,🚧,ACT,0,0
1990-11-21,SFC,鈴木亜久里のＦ１スーパードライビング,0,0,🚧,RCG,0,0
1990-11-21,SFC,キャプテン翼Ⅲ　皇帝の挑戦,0,0,🚧,SPT,0,0
1990-11-21,SFC,パチンコウォーズ,0,0,🚧,TBL,0,0
1990-11-21,SFC,サンドラの大冒険 ワルキューレとの出逢い,0,0,🚧,ACT,0,0
1990-11-21,SFC,Ｔ．Ｍ．Ｎ．Ｔ． タートルズインタイム,0,0,🚧,ACT,0,0
1990-11-21,SFC,サイバリオン,0,0,🚧,ACT,0,0
1990-11-21,SFC,スーパーエフワンサーカス (０１),0,0,🚧,RCG,0,0
1990-11-21,SFC,ブレイゾン,0,0,🚧,SHT,0,0
1990-11-21,SFC,アースライト,0,0,🚧,SLG,0,0
1990-11-21,SFC,ウルティメイトフットボール,0,0,🚧,SPT,0,0
1990-11-21,SFC,３×３ＥＹＥＳ(サザンアイズ) 聖魔降臨伝,0,0,🚧,RPG,0,0
1990-11-21,SFC,機甲警察メタルジャック,0,0,🚧,ACT,0,0
1990-11-21,SFC,飛龍の拳Sゴールデンファイター,0,0,🚧,ACT,0,0
1990-11-21,SFC,キング・オブ・ザ・モンスターズ,0,0,🚧,ACT,0,0
1990-11-21,SFC,炎の闘球児ドッジ弾平,0,0,🚧,SPT,0,0
1990-11-21,SFC,スーパー大航海時代,0,0,🚧,SLG,0,0
1990-11-21,SFC,スピンディジーワールド,0,0,🚧,ACT,0,0
1990-11-21,SFC,スーパーパン,0,0,🚧,ACT,0,0
1990-11-21,SFC,パイプドリーム,0,0,🚧,PZL,0,0
1990-11-21,SFC,初代熱血硬派くにおくん,0,0,🚧,RPG,0,0
1990-11-21,SFC,ファランクス,0,0,🚧,SHT,0,0
1990-11-21,SFC,スーパープロフェッショナルベースボールⅡ,0,0,🚧,SPT,0,0
1990-11-21,SFC,スーパー桃太郎電鉄Ⅱ,0,0,🚧,TBL,0,0
1990-11-21,SFC,ホーム・アローン,0,0,🚧,ACT,0,0
1990-11-21,SFC,キン肉マン ＤＩＲＴＹ ＣＨＡＬＬＥＮＧＥＲ,0,0,🚧,ACT,0,0
1990-11-21,SFC,スーパー麻雀,0,0,🚧,TBL,0,0
1990-11-21,SFC,スーパーマリオカート,0,0,🚧,RCG,0,0
1990-11-21,SFC,ＣＢキャラウォーズ　失われたギャーグ,0,0,🚧,ACT,0,0
1990-11-21,SFC,ウルトラベースボール実名版,0,0,🚧,SPT,0,0
1990-11-21,SFC,アクスレイ,0,0,🚧,SHT,0,0
1990-11-21,SFC,アクロバットミッション,0,0,🚧,SHT,0,0
1990-11-21,SFC,ＳＤ機動戦士ガンダム Ｖ作戦始動,0,0,🚧,ACT,0,0
1990-11-21,SFC,スーパー麻雀大会,0,0,🚧,TBL,0,0
1990-11-21,SFC,ＳＤガンダムＸ  スーパーガチャポンワールド,0,0,🚧,SLG,0,0
1990-11-21,SFC,ワイアラエの奇蹟,0,0,🚧,SPT,0,0
1990-11-21,SFC,提督の決断,0,0,🚧,SLG,0,0
1990-11-21,SFC,ソニックブラストマン,0,0,🚧,ACT,0,0
1990-11-21,SFC,大戦略エキスパート,0,0,🚧,SLG,0,0
1990-11-21,SFC,銀河英雄伝説,0,0,🚧,SLG,0,0
1990-11-21,SFC,ぎゅわんぶらあ自己中心派  麻雀皇位戦,0,0,🚧,TBL,0,0
1990-11-21,SFC,ドラゴンクエストV　天空の花嫁,0,0,🚧,RPG,0,0
1990-11-21,SFC,スカイミッション,0,0,🚧,SLG,0,0
1990-11-21,SFC,ロードモナーク,0,0,🚧,SLG,0,0
1990-11-21,SFC,リターン・オブ・双截龍,0,0,🚧,ACT,0,0
1990-11-21,SFC,スーパーロイヤルブラッド,0,0,🚧,SLG,0,0
1990-11-21,SFC,アダムスファミリー,0,0,🚧,ACT,0,0
1990-11-21,SFC,スーパーＦ－１サーカスリミテッド,0,0,🚧,RCG,0,0
1990-11-21,SFC,コズモギャング ザ ビデオ,0,0,🚧,SHT,0,0
1990-11-21,SFC,真・女神転生,0,0,🚧,RPG,0,0
1990-11-21,SFC,サイバーナイト,0,0,🚧,RPG,0,0
1990-11-21,SFC,スーパーリニアボール,0,0,🚧,ACT,0,0
1990-11-21,SFC,三國志Ⅲ,0,0,🚧,SLG,0,0
1990-11-21,SFC,レナス　古代機械の記憶,0,0,🚧,RPG,0,0
1990-11-21,SFC,スーパーＳＷＩＶ,0,0,🚧,SHT,0,0
1990-11-21,SFC,ミッキーのマジカルアドベンチャー,0,0,🚧,ACT,0,0
1990-11-21,SFC,北斗の拳６ 激闘伝承拳覇王への道,0,0,🚧,ACT,0,0
1990-11-21,SFC,対決！！ ブラスナンバーズ,0,0,🚧,ACT,0,0
1990-11-21,SFC,アメリカ横断ウルトラクイズ,0,0,🚧,ETC,0,0
1990-11-21,SFC,ヒューマン・グランプリ,0,0,🚧,RCG,0,0
1990-11-21,SFC,ウィザードリィＶ  災渦の中心,0,0,🚧,RPG,0,0
1990-11-21,SFC,ヒーロー戦記  プロジェクトオリュンポス,0,0,🚧,RPG,0,0
1990-11-21,SFC,ＣＡＣＯＭＡ ＫＮＩＧＨＴ （カコマナイト）,0,0,🚧,PZL,0,0
1990-11-21,SFC,ガンフォース,0,0,🚧,ACT,0,0
1990-11-21,SFC,パワーアスリート,0,0,🚧,ACT,0,0
1990-11-21,SFC,餓狼伝説　宿命の闘い,0,0,🚧,ACT,0,0
1990-11-21,SFC,アウター・ワールド,0,0,🚧,ACT,0,0
1990-11-21,SFC,ソング・マスター,0,0,🚧,RPG,0,0
1990-11-21,SFC,バルバロッサ,0,0,🚧,SLG,0,0
1990-11-21,SFC,ロイヤルコンクエスト,0,0,🚧,SLG,0,0
1990-11-21,SFC,あしたのジョー,0,0,🚧,SPT,0,0
1990-11-21,SFC,バレーボールＴｗｉｎ,0,0,🚧,SPT,0,0
1990-11-21,SFC,ミステリーサークル,0,0,🚧,PZL,0,0
1990-11-21,SFC,メジャータイトル,0,0,🚧,SPT,0,0
1990-11-21,SFC,芹沢信雄のバーディトライ,0,0,🚧,SPT,0,0
1990-11-21,SFC,スーパーブラックバス,0,0,🚧,SPT,0,0
1990-11-21,SFC,ファイナルファンタジーＶ,0,0,🚧,RPG,0,0
1990-11-21,SFC,飛龍の拳S  ハイパーバージョン,0,0,🚧,ACT,0,0
1990-11-21,SFC,Ｐｓｙｃｈｏ Ｄｒｅａｍ (サイコドリーム）,0,0,🚧,ACT,0,0
1990-11-21,SFC,弁慶外伝 沙の章,0,0,🚧,RPG,0,0
1990-11-21,SFC,白熱プロ野球ガンバリーグ’９３,0,0,🚧,SPT,0,0
1990-11-21,SFC,大相撲魂,0,0,🚧,SPT,0,0
1990-11-21,SFC,バトルサッカー フィールドの覇者,0,0,🚧,SPT,0,0
1990-11-21,SFC,パチ夫くんスペシャル,0,0,🚧,TBL,0,0
1990-11-21,SFC,機動装甲ダイオン,0,0,🚧,SHT,0,0
1990-11-21,SFC,戦え原始人２　ルーキーの大冒険,0,0,🚧,ACT,0,0
1990-11-21,SFC,タイニー・トゥーン アドベンチャーズ,0,0,🚧,ACT,0,0
1990-11-21,SFC,重装機兵ヴァルケン,0,0,🚧,ACT,0,0
1990-11-21,SFC,スーパー・スター・ウォーズ,0,0,🚧,ACT,0,0
1990-11-21,SFC,スーパーテトリス２+ボンブリス,0,0,🚧,PZL,0,0
1990-11-21,SFC,中嶋悟監修 ＳＵＰＥＲ Ｆ１ ＨＥＲＯ,0,0,🚧,RCG,0,0
1990-11-21,SFC,ＳＤガンダム外伝２ 円卓の騎士,0,0,🚧,RPG,0,0
1990-11-21,SFC,フライング ヒーロー  ぶぎゅるーの大冒険,0,0,🚧,SHT,0,0
1990-11-21,SFC,ステルス,0,0,🚧,SLG,0,0
1990-11-21,SFC,スーパー大相撲熱戦大一番,0,0,🚧,SPT,0,0
1990-11-21,SFC,アメージングテニス,0,0,🚧,SPT,0,0
1990-11-21,SFC,ナグザットスーパーピンボール 邪鬼破壊,0,0,🚧,TBL,0,0
1990-11-21,SFC,スーパーニチブツマージャン(03),0,0,🚧,TBL,0,0
1990-11-21,SFC,半熟英雄  ああ、世界よ半熟なれ,0,0,🚧,SLG,0,0
1990-11-21,SFC,４６億年物語  はるかなるエデンへ,0,0,🚧,ACT,0,0
1990-11-21,SFC,ＬＯＯＮＥＹ ＴＵＮＥＳ ロードランナーＶＳワイリーコヨーテ,0,0,🚧,ACT,0,0
1990-11-21,SFC,ラッシング・ビート乱 複製都市,0,0,🚧,ACT,0,0
1990-11-21,SFC,少年アシベ  ゴマちゃんのゆうえんち大冒険,0,0,🚧,ACT,0,0
1990-11-21,SFC,奇々怪界 謎の黒マント,0,0,🚧,ACT,0,0
1990-11-21,SFC,コンバットライブス,0,0,🚧,ACT,0,0
1990-11-21,SFC,らんま１／２ 爆烈乱闘篇,0,0,🚧,ACT,0,0
1990-11-21,SFC,テクモスーパーＮＢＡバスケットボール,0,0,🚧,SPT,0,0
1990-11-21,SFC,スーパーファイヤープロレスリング２,0,0,🚧,SPT,0,0
1990-11-21,SFC,スーパーバレーⅡ,0,0,🚧,SPT,0,0
1990-11-21,SFC,ＳＵＰＥＲ ＫＩＣＫ ＯＦＦ　（スーパーキックオフ）,0,0,🚧,SPT,0,0
1990-11-21,SFC,哭きの竜  麻雀飛翔伝,0,0,🚧,TBL,0,0
1990-11-21,SFC,大爆笑 人生劇場,0,0,🚧,TBL,0,0
1990-11-21,SFC,史上最強のクイズ王決定戦ＳＵＰＥＲ,0,0,🚧,ETC,0,0
1990-11-21,SFC,ＴＨＥ ＫＩＮＧ ＯＦ ＲＡＬＬＹ パリ・モスクワ・ペキン,0,0,🚧,RCG,0,0
1990-11-21,SFC,エルファリア,0,0,🚧,RPG,0,0
1990-11-21,SFC,エイリアンVSプレデター,0,0,🚧,ACT,0,0
1990-11-21,SFC,ＢＵＲＡＩ八玉の勇士伝説　（ブライ）,0,0,🚧,RPG,0,0
1990-11-21,SFC,ヨーロッパ戦線,0,0,🚧,SLG,0,0
1990-11-21,SFC,負けるな！魔剣道,0,0,🚧,ACT,0,0
1990-11-21,SFC,マイト・アンド・マジックＢＯＯＫ２,0,0,🚧,RPG,0,0
1990-11-21,SFC,ポピュラス２,0,0,🚧,SLG,0,0
1990-11-21,SFC,ドラゴンズ・アース,0,0,🚧,SLG,0,0
1990-11-21,SFC,うしおととら,0,0,🚧,ACT,0,0
1990-11-21,SFC,スーパービックリマン,0,0,🚧,ACT,0,0
1990-11-21,SFC,クリスティーワールド,0,0,🚧,ACT,0,0
1990-11-21,SFC,Ｑ＊ｂｅｒｔ３,0,0,🚧,PZL,0,0
1990-11-21,SFC,スーパー倉庫番,0,0,🚧,PZL,0,0
1990-11-21,SFC,信長公記,0,0,🚧,SLG,0,0
1990-11-21,SFC,ナムコットオープン,0,0,🚧,SPT,0,0
1990-11-21,SFC,ワールドクラスラグビー,0,0,🚧,SPT,0,0
1990-11-21,SFC,ゲゲゲの鬼太郎　復活！！天魔大王,0,0,🚧,ACT,0,0
1990-11-21,SFC,プロフットボール’９３,0,0,🚧,SPT,0,0
1990-11-21,SFC,ドラえもん のび太と妖精の国,0,0,🚧,ACT,0,0
1990-11-21,SFC,ウォーリーをさがせ！ 絵本の国の大冒険,0,0,🚧,ADV,0,0
1990-11-21,SFC,鋼鉄の騎士,0,0,🚧,SLG,0,0
1990-11-21,SFC,喜国雅彦の雀闘士 銅鑼王,0,0,🚧,TBL,0,0
1990-11-21,SFC,スターフォックス,0,0,🚧,SHT,0,0
1990-11-21,SFC,バートの不思議な夢の大冒険,0,0,🚧,ACT,0,0
1990-11-21,SFC,バットマンリターンズ,0,0,🚧,ACT,0,0
1990-11-21,SFC,コズモギャング ザ パズル,0,0,🚧,PZL,0,0
1990-11-21,SFC,Ｆ－１ ＧＲＡＮＤ ＰＲＩＸ ＰＡＲＴⅡ,0,0,🚧,RCG,0,0
1990-11-21,SFC,Ｘａｋ (サーク),0,0,🚧,RPG,0,0
1990-11-21,SFC,シムアント,0,0,🚧,SLG,0,0
1990-11-21,SFC,織田信長 覇王の軍団,0,0,🚧,SLG,0,0
1990-11-21,SFC,リーディングカンパニー,0,0,🚧,SLG,0,0
1990-11-21,SFC,バトルテック,0,0,🚧,ACT,0,0
1990-11-21,SFC,ＮＢＡプロバスケットボールブルズＶＳブレイザーズ,0,0,🚧,SPT,0,0
1990-11-21,SFC,イーハトーヴォ物語,0,0,🚧,ADV,0,0
1990-11-21,SFC,エキゾースト・ヒート Ｆ１ドライバーへの軌跡,0,0,🚧,RCG,0,0
1990-11-21,SFC,ジョジョの奇妙な冒険,0,0,🚧,RPG,0,0
1990-11-21,SFC,アルバートオデッセイ,0,0,🚧,RPG,0,0
1990-11-21,SFC,ＭＥＴＡＬ ＭＡＸ２,0,0,🚧,RPG,0,0
1990-11-21,SFC,スーパーキックボクシング,0,0,🚧,SPT,0,0
1990-11-21,SFC,デビルズコース,0,0,🚧,SPT,0,0
1990-11-21,SFC,モノポリー,0,0,🚧,TBL,0,0
1990-11-21,SFC,カリフォルニアゲームズⅡ,0,0,🚧,ACT,0,0
1990-11-21,SFC,EDONO牙 (エドノキバ),0,0,🚧,ACT,0,0
1990-11-21,SFC,伝説のオウガバトル,0,0,🚧,SLG,0,0
1990-11-21,SFC,２０２０年スーパーベースボール,0,0,🚧,SPT,0,0
1990-11-21,SFC,スーパーファミスタ２,0,0,🚧,SPT,0,0
1990-11-21,SFC,ナイジェル・マンセル Ｆ１チャレンジ,0,0,🚧,RCG,0,0
1990-11-21,SFC,超魔界大戦！　どらぼっちゃん,0,0,🚧,RPG,0,0
1990-11-21,SFC,ジャングルウォーズ２  古代魔法アティモスの謎,0,0,🚧,RPG,0,0
1990-11-21,SFC,バイオメタル,0,0,🚧,SHT,0,0
1990-11-21,SFC,ＵＳＡ ＩＣＥ ＨＯＣＫＥＹ,0,0,🚧,SPT,0,0
1990-11-21,SFC,ドラゴンボールＺ 超武闘伝,0,0,🚧,ACT,0,0
1990-11-21,SFC,スーパーワギャンランド２,0,0,🚧,ACT,0,0
1990-11-21,SFC,スーパー蒼き狼と白き牝鹿 元朝秘史,0,0,🚧,SLG,0,0
1990-11-21,SFC,ブルースブラザース,0,0,🚧,ACT,0,0
1990-11-21,SFC,ＤＥＡＤ ＤＡＮＣＥ (デッドダンス）,0,0,🚧,ACT,0,0
1990-11-21,SFC,ウルトラセブン,0,0,🚧,ACT,0,0
1990-11-21,SFC,ザ・グレイトバトルⅢ,0,0,🚧,ACT,0,0
1990-11-21,SFC,ザ・心理ゲーム 悪魔のココロジー,0,0,🚧,ETC,0,0
1990-11-21,SFC,ノイギーア  海と風の鼓動,0,0,🚧,RPG,0,0
1990-11-21,SFC,デザートストライク 湾岸作戦,0,0,🚧,SHT,0,0
1990-11-21,SFC,Ｐｏｐ’ｎツインビー,0,0,🚧,SHT,0,0
1990-11-21,SFC,パワーモンガー 魔将の謀略,0,0,🚧,SLG,0,0
1990-11-21,SFC,つっぱり大相撲 立身出世編,0,0,🚧,SPT,0,0
1990-11-21,SFC,インターナショナル・テニスツアー,0,0,🚧,SPT,0,0
1990-11-21,SFC,エアーマネジメントⅡ 航空王をめざせ,0,0,🚧,SLG,0,0
1990-11-21,SFC,ブレス オブ ファイア  竜の戦士,0,0,🚧,RPG,0,0
1990-11-21,SFC,キャプテン翼Ⅳ プロのライバルたち,0,0,🚧,SPT,0,0
1990-11-21,SFC,太閤立志伝,0,0,🚧,SLG,0,0
1990-11-21,SFC,アクションパチ夫,0,0,🚧,ACT,0,0
1990-11-21,SFC,デュアルオーブ  聖霊珠伝説,0,0,🚧,RPG,0,0
1990-11-21,SFC,Ｔｈｅ麻雀・闘牌伝,0,0,🚧,TBL,0,0
1990-11-21,SFC,怒りの要塞,0,0,🚧,ACT,0,0
1990-11-21,SFC,スーパーバトルタンク,0,0,🚧,ACT,0,0
1990-11-21,SFC,エルナード,0,0,🚧,RPG,0,0
1990-11-21,SFC,龍騎兵団ダンザルブ,0,0,🚧,RPG,0,0
1990-11-21,SFC,スーパーボンバーマン,0,0,🚧,ACT,0,0
1990-11-21,SFC,スーパーダンクスター,0,0,🚧,SPT,0,0
1990-11-21,SFC,バーコードバトラー戦記 スーパー戦士出撃せよ！,0,0,🚧,ETC,0,0
1990-11-21,SFC,対局囲碁ゴライアス,0,0,🚧,TBL,0,0
1990-11-21,SFC,ＮＢＡオールスターチャレンジ,0,0,🚧,SPT,0,0
1990-11-21,SFC,ファイナルファイト２,0,0,🚧,ACT,0,0
1990-11-21,SFC,セプテントリオン,0,0,🚧,ACT,0,0
1990-11-21,SFC,パチンコ物語 パチスロもあるでよ！！,0,0,🚧,TBL,0,0
1990-11-21,SFC,ドラゴンスレイヤー英雄伝説Ⅱ,0,0,🚧,RPG,0,0
1990-11-21,SFC,コスモポリスギャリバン,0,0,🚧,ACT,0,0
1990-11-21,SFC,スーパーフォーメーションサッカー２,0,0,🚧,SPT,0,0
1990-11-21,SFC,プロ麻雀 極,0,0,🚧,TBL,0,0
1990-11-21,SFC,神聖紀オデッセリア,0,0,🚧,RPG,0,0
1990-11-21,SFC,早指し二段 森田将棋,0,0,🚧,TBL,0,0
1990-11-21,SFC,スペースバズーカ,0,0,🚧,SHT,0,0
1990-11-21,SFC,スーパースコープ６(スーパースコープ付属カセット）,0,0,🚧,SHT,0,0
1990-11-21,SFC,トムとジェリー,0,0,🚧,ACT,0,0
1990-11-21,SFC,ドラゴンズ マジック,0,0,🚧,ACT,0,0
1990-11-21,SFC,激突弾丸自動車決戦 バトルモービル,0,0,🚧,ACT,0,0
1990-11-21,SFC,マジンガーＺ,0,0,🚧,ACT,0,0
1990-11-21,SFC,ＧＰ－１,0,0,🚧,RCG,0,0
1990-11-21,SFC,シルヴァ・サーガⅡ,0,0,🚧,RPG,0,0
1990-11-21,SFC,エストポリス伝記,0,0,🚧,RPG,0,0
1990-11-21,SFC,三国志正史 天舞スピリッツ,0,0,🚧,SLG,0,0
1990-11-21,SFC,スーパーファミリーテニス,0,0,🚧,SPT,0,0
1990-11-21,SFC,ファーストサムライ  魔狂人伝説,0,0,🚧,ACT,0,0
1990-11-21,SFC,仮面ライダーＳＤ 出撃ライダーマシン,0,0,🚧,ACT,0,0
1990-11-21,SFC,ヨッシーのクッキー,0,0,🚧,PZL,0,0
1990-11-21,SFC,エイリアン３,0,0,🚧,ACT,0,0
1990-11-21,SFC,スーパーハイインパクト,0,0,🚧,SPT,0,0
1990-11-21,SFC,ストリートファイターⅡターボ,0,0,🚧,ACT,0,0
1990-11-21,SFC,スーパーマリオコレクション,0,0,🚧,ACT,0,0
1990-11-21,SFC,ヨッシーのロードハンティング,0,0,🚧,SHT,0,0
1990-11-21,SFC,デスブレイド,0,0,🚧,ACT,0,0
1990-11-21,SFC,サンリオワールドスマッシュボール！,0,0,🚧,ACT,0,0
1990-11-21,SFC,摩陀羅２,0,0,🚧,RPG,0,0
1990-11-21,SFC,スーパーエアダイバー,0,0,🚧,SLG,0,0
1990-11-21,SFC,マジックジョンソンのスーパースラムダンク,0,0,🚧,SPT,0,0
1990-11-21,SFC,ワールド・サッカー,0,0,🚧,SPT,0,0
1990-11-21,SFC,全日本プロレス,0,0,🚧,SPT,0,0
1990-11-21,SFC,スーパーバック・トゥ・ザ・フューチャー２,0,0,🚧,ACT,0,0
1990-11-21,SFC,スーパー・ジェームスポンドⅡ,0,0,🚧,ACT,0,0
1990-11-21,SFC,バズー！魔法世界,0,0,🚧,RPG,0,0
1990-11-21,SFC,ウイングコマンダー,0,0,🚧,SHT,0,0
1990-11-21,SFC,メガロマニア 時空大戦略,0,0,🚧,SLG,0,0
1990-11-21,SFC,第３次スーパーロボット大戦,0,0,🚧,SLG,0,0
1990-11-21,SFC,ＷＷＦロイヤルランブル,0,0,🚧,SPT,0,0
1990-11-21,SFC,バトルドッジボールⅡ,0,0,🚧,SPT,0,0
1990-11-21,SFC,スーパーＦ１サーカス２,0,0,🚧,RCG,0,0
1990-11-21,SFC,ニトロパンクス マイトヘッズ,0,0,🚧,ACT,0,0
1990-11-21,SFC,パティームーン,0,0,🚧,ACT,0,0
1990-11-21,SFC,クレヨンしんちゃん 嵐を呼ぶ園児,0,0,🚧,ACT,0,0
1990-11-21,SFC,宇宙の騎士テッカマンブレード,0,0,🚧,ACT,0,0
1990-11-21,SFC,ソニックウイングス,0,0,🚧,SHT,0,0
1990-11-21,SFC,美少女雀士スーチーパイ,0,0,🚧,TBL,0,0
1990-11-21,SFC,大爆笑人生劇場 ドキドキ青春編,0,0,🚧,TBL,0,0
1990-11-21,SFC,スーパー信長の野望・全国版,0,0,🚧,SLG,0,0
1990-11-21,SFC,聖剣伝説２,0,0,🚧,RPG,0,0
1990-11-21,SFC,ソード・ワールドＳＦＣ,0,0,🚧,RPG,0,0
1990-11-21,SFC,くにおくんのドッジボールだよ全員集合！,0,0,🚧,SPT,0,0
1990-11-21,SFC,Ｊリーグサッカー プライムゴール,0,0,🚧,SPT,0,0
1990-11-21,SFC,スーパーパワーリーグ,0,0,🚧,SPT,0,0
1990-11-21,SFC,ヒューマンベースボール,0,0,🚧,SPT,0,0
1990-11-21,SFC,大仁田厚「ＦＭＷ」  キミは時代よる熱くなれるか,0,0,🚧,SPT,0,0
1990-11-21,SFC,スーパー競馬,0,0,🚧,ETC,0,0
1990-11-21,SFC,ワールドヒーローズ,0,0,🚧,ACT,0,0
1990-11-21,SFC,スーパースラップショット,0,0,🚧,SPT,0,0
1990-11-21,SFC,美少女戦士セーラームーン,0,0,🚧,ACT,0,0
1990-11-21,SFC,サラブレッドブリーダー,0,0,🚧,ETC,0,0
1990-11-21,SFC,マリオとワリオ,0,0,🚧,ACT,0,0
1990-11-21,SFC,樹帝戦紀,0,0,🚧,SLG,0,0
1990-11-21,SFC,ＭＶＰベースボール,0,0,🚧,SPT,0,0
1990-11-21,SFC,Ｘ ＺＯＮＥ,0,0,🚧,SPT,0,0
1990-11-21,SFC,ＤＥＳＴＲＵＣＴＩＶＥ  (デストラクティブ),0,0,🚧,SPT,0,0
1990-11-21,SFC,スーパータリカン,0,0,🚧,ACT,0,0
1990-11-21,SFC,サンダーバード　　国際救助隊出動せよ,0,0,🚧,ACT,0,0
1990-11-21,SFC,ラスベガスドリーム,0,0,🚧,ETC,0,0
1990-11-21,SFC,ウイニングポスト,0,0,🚧,ETC,0,0
1990-11-21,SFC,ミスティッククエスト,0,0,🚧,RPG,0,0
1990-11-21,SFC,新日本プロレスリング 超戦士 ＩＮ 闘強導夢,0,0,🚧,SPT,0,0
1990-11-21,SFC,課長 島耕作 スーパービジネスアドベンチャー,0,0,🚧,ADV,0,0
1990-11-21,SFC,ＮＦＬフットボール,0,0,🚧,SPT,0,0
1990-11-21,SFC,ファイナルセット,0,0,🚧,SPT,0,0
1990-11-21,SFC,トルネコの大冒険 不思議のダンジョン,0,0,🚧,RPG,0,0
1990-11-21,SFC,戦国伝承,0,0,🚧,ACT,0,0
1990-11-21,SFC,マスターズ 遙かなるオーガスタ２,0,0,🚧,SPT,0,0
1990-11-21,SFC,ＳＤ機動戦士ガンダム２,0,0,🚧,ACT,0,0
1990-11-21,SFC,ＧＳ美神 除霊師はナイスバディ (ゴーストスイーパー美神）,0,0,🚧,ACT,0,0
1990-11-21,SFC,ダライアスフォース,0,0,🚧,SHT,0,0
1990-11-21,SFC,ＧＯ！ＧＯ！ドッジリーグ,0,0,🚧,SPT,0,0
1990-11-21,SFC,本格麻雀 徹萬,0,0,🚧,TBL,0,0
1990-11-21,SFC,東尾修監修 スーパープロ野球スタジアム,0,0,🚧,SPT,0,0
1990-11-21,SFC,ＴＲＩＮＥＡ -トリネア-,0,0,🚧,RPG,0,0
1990-11-21,SFC,レッド・オクトーバー,0,0,🚧,SHT,0,0
1990-11-21,SFC,スーパー３Ｄベースボール,0,0,🚧,SPT,0,0
1990-11-21,SFC,バイキングの大迷惑,0,0,🚧,ACT,0,0
1990-11-21,SFC,スーパー競走馬 風のシルフィード,0,0,🚧,ETC,0,0
1990-11-21,SFC,スズカエイトアワーズ,0,0,🚧,RCG,0,0
1990-11-21,SFC,スーパーカジノ シーザースパレス,0,0,🚧,ETC,0,0
1990-11-21,SFC,ミラクルガールズ ともみとみかげの不思議世界の大冒険,0,0,🚧,ACT,0,0
1990-11-21,SFC,ＡＲＣＵＳ ＳＰＩＲＩＴＳ (アークス・スピリッツ),0,0,🚧,RPG,0,0
1990-11-21,SFC,らんま１／２ 朱猫団的秘宝,0,0,🚧,RPG,0,0
1990-11-21,SFC,アクトレイザー２ 沈黙への聖戦,0,0,🚧,ACT,0,0
1990-11-21,SFC,龍虎の拳,0,0,🚧,ACT,0,0
1990-11-21,SFC,装甲騎兵ボトムズ ザ・バトリングロード,0,0,🚧,ACT,0,0
1990-11-21,SFC,クラシック・ロード,0,0,🚧,ETC,0,0
1990-11-21,SFC,スーパーチャイニーズワールド２,0,0,🚧,RPG,0,0
1990-11-21,SFC,超時空要塞マクロス スクランブルバルキリー,0,0,🚧,SHT,0,0
1990-11-21,SFC,ユートピア,0,0,🚧,SLG,0,0
1990-11-21,SFC,はた山ハッチのパロ野球ニュース！実名版,0,0,🚧,SPT,0,0
1990-11-21,SFC,ジミーコナーズのプロテニスツアー,0,0,🚧,SPT,0,0
1990-11-21,SFC,スーパーニチブツマージャン２ 全国制覇篇,0,0,🚧,TBL,0,0
1990-11-21,SFC,将棋 風林火山,0,0,🚧,TBL,0,0
1990-11-21,SFC,アクタリオン,0,0,🚧,RPG,0,0
1990-11-21,SFC,ファイナルノックアウト,0,0,🚧,SPT,0,0
1990-11-21,SFC,仮面ライダー,0,0,🚧,ACT,0,0
1990-11-21,SFC,ＳｏｌｓｔｉｃｅⅡ(ソルスティス2),0,0,🚧,PZL,0,0
1990-11-21,SFC,ファイナル・ストレッチ,0,0,🚧,RCG,0,0
1990-11-21,SFC,若貴大相撲 夢の兄弟対決,0,0,🚧,SPT,0,0
1990-11-21,SFC,スーパーＵＮＯ,0,0,🚧,TBL,0,0
1990-11-21,SFC,バトルマスター 究極の戦士たち,0,0,🚧,ACT,0,0
1990-11-21,SFC,イースIV Ｍａｓｋ ｏｆ Ｔｈｅ Ｓｕｎ,0,0,🚧,RPG,0,0
1990-11-21,SFC,パチスロ ラブストーリー,0,0,🚧,TBL,0,0
1990-11-21,SFC,遊人 雀獣学園,0,0,🚧,TBL,0,0
1990-11-21,SFC,ＲＩＤＤＩＣＫ ＢＯＷＥ ＢＯＸＩＮＧ　（リディック･ボウ ボクシング）,0,0,🚧,SPT,0,0
1990-11-21,SFC,アルディライトフット,0,0,🚧,ACT,0,0
1990-11-21,SFC,アラジン,0,0,🚧,ACT,0,0
1990-11-21,SFC,餓狼伝説２,0,0,🚧,ACT,0,0
1990-11-21,SFC,アクセルブリッド,0,0,🚧,ACT,0,0
1990-11-21,SFC,ヤダモン ワンダランドドリーム,0,0,🚧,ADV,0,0
1990-11-21,SFC,スーパーＨ．Ｑ．クリミナルチェイサー,0,0,🚧,RCG,0,0
1990-11-21,SFC,アレサ(ＡＲＥＴＨＡ),0,0,🚧,RPG,0,0
1990-11-21,SFC,Ｆ－１５スーパーストライクイーグル,0,0,🚧,SLG,0,0
1990-11-21,SFC,ダイナミックスタジアム,0,0,🚧,SPT,0,0
1990-11-21,SFC,武田修宏のスーパーカップサッカー,0,0,🚧,SPT,0,0
1990-11-21,SFC,鬼塚勝也スーパーバーチャルボクシング,0,0,🚧,SPT,0,0
1990-11-21,SFC,テクモスーパーボウル,0,0,🚧,SPT,0,0
1990-11-21,SFC,ＡＢＣマンデーナイトフットボール,0,0,🚧,SPT,0,0
1990-11-21,SFC,実戦パチスロ必勝法,0,0,🚧,TBL,0,0
1990-11-21,SFC,ガイア幻想紀,0,0,🚧,RPG,0,0
1990-11-21,SFC,Ｓｏｕｌ＆Ｓｗｏｒｄ (ソウル アンド ソード),0,0,🚧,RPG,0,0
1990-11-21,SFC,スーパー麻雀２ 本格４人打ち,0,0,🚧,TBL,0,0
1990-11-21,SFC,Ｔ．Ｍ．Ｎ．Ｔ．ミュータントウォーリアーズ,0,0,🚧,ACT,0,0
1990-11-21,SFC,ＮＢＡプロバスケットボール’９４ ブルズＶＳサンズ,0,0,🚧,SPT,0,0
1990-11-21,SFC,スーパー究極ハリキリスタジアム,0,0,🚧,SPT,0,0
1990-11-21,SFC,喜国雅彦の雀闘士銅鑼王２,0,0,🚧,TBL,0,0
1990-11-21,SFC,信長の野望・覇王伝,0,0,🚧,SLG,0,0
1990-11-21,SFC,プロック,0,0,🚧,ACT,0,0
1990-11-21,SFC,クールスポット,0,0,🚧,ACT,0,0
1990-11-21,SFC,競馬エイトスペシャル (秘)馬券購入術,0,0,🚧,ETC,0,0
1990-11-21,SFC,す～ぱ～ぷよぷよ,0,0,🚧,PZL,0,0
1990-11-21,SFC,ロマンシング サ・ガ２,0,0,🚧,RPG,0,0
1990-11-21,SFC,Ｒ－ＴＹＰＥⅢ (アールタイプ3）,0,0,🚧,SHT,0,0
1990-11-21,SFC,白熱プロ野球’９４ガンバリーグ３,0,0,🚧,SPT,0,0
1990-11-21,SFC,決戦！ドカポン王国Ⅳ 伝説の勇者たち,0,0,🚧,TBL,0,0
1990-11-21,SFC,ドラえもん２ のび太のトイズランド大冒険,0,0,🚧,ACT,0,0
1990-11-21,SFC,ロックマンＸ,0,0,🚧,ACT,0,0
1990-11-21,SFC,ラッシング・ビート修羅,0,0,🚧,ACT,0,0
1990-11-21,SFC,アルカエスト,0,0,🚧,ACT,0,0
1990-11-21,SFC,ドラゴンボールZ 超武闘伝２,0,0,🚧,ACT,0,0
1990-11-21,SFC,スーパー・スター・ウォーズ帝国の逆襲,0,0,🚧,ACT,0,0
1990-11-21,SFC,ワンダラス マジック,0,0,🚧,RPG,0,0
1990-11-21,SFC,歴史大河RPG 夢幻の如く,0,0,🚧,RPG,0,0
1990-11-21,SFC,ドラッキーの草やきう,0,0,🚧,SPT,0,0
1990-11-21,SFC,ダウンタウン熱血べーすぼーる物語,0,0,🚧,SPT,0,0
1990-11-21,SFC,パチンコウォーズ２,0,0,🚧,TBL,0,0
1990-11-21,SFC,ホーリーストライカー,0,0,🚧,TBL,0,0
1990-11-21,SFC,ドラゴンクエストⅠ・Ⅱ,0,0,🚧,RPG,0,0
1990-11-21,SFC,がんばれ大工の源さん,0,0,🚧,ACT,0,0
1990-11-21,SFC,スペース・ファンキーＢ．Ｏ．Ｂ．,0,0,🚧,ACT,0,0
1990-11-21,SFC,がんばれゴエモン２ 奇天烈将軍マッギネス,0,0,🚧,ACT,0,0
1990-11-21,SFC,フラッシュバック,0,0,🚧,ACT,0,0
1990-11-21,SFC,キング・オブ・ザ・モンスターズ２,0,0,🚧,ACT,0,0
1990-11-21,SFC,ＢＩＮＧ ＢＩＮＧ！ＢＩＮＧＯ　（ビンビンビンゴ）,0,0,🚧,ETC,0,0
1990-11-21,SFC,へべれけのぽぷーん,0,0,🚧,PZL,0,0
1990-11-21,SFC,トップレーサー２,0,0,🚧,RCG,0,0
1990-11-21,SFC,超ゴジラ,0,0,🚧,SLG,0,0
1990-11-21,SFC,幽☆遊☆白書,0,0,🚧,SLG,0,0
1990-11-21,SFC,エースをねらえ！,0,0,🚧,SPT,0,0
1990-11-21,SFC,モータルコンバット,0,0,🚧,ACT,0,0
1990-11-21,SFC,北斗の拳７ 聖剣列伝 伝承者への道,0,0,🚧,ACT,0,0
1990-11-21,SFC,リトルマジック,0,0,🚧,PZL,0,0
1990-11-21,SFC,テトリス 武闘外伝,0,0,🚧,PZL,0,0
1990-11-21,SFC,ヒューマングランプリ２,0,0,🚧,RCG,0,0
1990-11-21,SFC,モンスターメーカー３,0,0,🚧,RPG,0,0
1990-11-21,SFC,新 桃太郎伝説,0,0,🚧,RPG,0,0
1990-11-21,SFC,NFL プロフットボール’９４,0,0,🚧,SPT,0,0
1990-11-21,SFC,美神伝説Ｚｏｋｕ,0,0,🚧,ACT,0,0
1990-11-21,SFC,サッカーキッド,0,0,🚧,ACT,0,0
1990-11-21,SFC,全日本プロレスダッシュ 世界最強タッグ,0,0,🚧,SPT,0,0
1990-11-21,SFC,美少女戦士セーラームーンＲ,0,0,🚧,ACT,0,0
1990-11-21,SFC,横山光輝 三国志Ⅱ,0,0,🚧,SLG,0,0
1990-11-21,SFC,スーパーファイヤープロレスリング３ ファイナルバウト,0,0,🚧,SPT,0,0
1990-11-21,SFC,ロックンロールレーシング,0,0,🚧,RCG,0,0
1990-11-21,SFC,ツインビー レインボーベルアドベンチャー,0,0,🚧,ACT,0,0
1990-11-21,SFC,バトルトード イン バトルマニアック,0,0,🚧,ACT,0,0
1990-11-21,SFC,ワールドクラスラグビー２ 国内激闘編’９３,0,0,🚧,SPT,0,0
1990-11-21,SFC,スーパーピンボール ビハインド ザ マスク,0,0,🚧,TBL,0,0
1990-11-21,SFC,必勝７７７ファイター パチスロ竜宮伝説,0,0,🚧,TBL,0,0
1990-11-21,SFC,スーパーテトリス２＋ボンブリス 限定版,0,0,🚧,PZL,0,0
1990-11-21,SFC,ファイアーエムブレム 紋章の謎,0,0,🚧,SLG,0,0
1990-11-21,SFC,バスタード！ 暗黒の破壊神,0,0,🚧,ACT,0,0
1990-11-21,SFC,ザ・ニンジャウォーリアーズ アゲイン,0,0,🚧,ACT,0,0
1990-11-21,SFC,ザ・グレイトバトル外伝２ 祭だワッショイ,0,0,🚧,ACT,0,0
1990-11-21,SFC,ブレインロード,0,0,🚧,RPG,0,0
1990-11-21,SFC,ガイアセイバー ヒーロー最大の作戦,0,0,🚧,RPG,0,0
1990-11-21,SFC,鋼鉄の騎士２ 砂漠のロンメル軍団,0,0,🚧,SLG,0,0
1990-11-21,SFC,魔神転生,0,0,🚧,SLG,0,0
1990-11-21,SFC,オリビアのミステリー,0,0,🚧,PZL,0,0
1990-11-21,SFC,スーパーファイヤープロレスリング３ イージータイプ,0,0,🚧,SPT,0,0
1990-11-21,SFC,伊藤果六段の将棋道場,0,0,🚧,TBL,0,0
1990-11-21,SFC,ウルフェンシュタイン３Ｄ,0,0,🚧,ACT,0,0
1990-11-21,SFC,バーチャルウォーズ,0,0,🚧,ACT,0,0
1990-11-21,SFC,ソード・マニアック,0,0,🚧,ACT,0,0
1990-11-21,SFC,緋王伝 魔物達との誓い,0,0,🚧,SLG,0,0
1990-11-21,SFC,トップマネジメントⅡ,0,0,🚧,SLG,0,0
1990-11-21,SFC,スーパーヅガン ハコテン城からの招待状,0,0,🚧,TBL,0,0
1990-11-21,SFC,迦楼羅王 (カルラオウ),0,0,🚧,ACT,0,0
1990-11-21,SFC,戦え原始人３ 主役はやっぱりＪＯＥ＆ＭＡＣ,0,0,🚧,ACT,0,0
1990-11-21,SFC,鉄腕アトム,0,0,🚧,ACT,0,0
1990-11-21,SFC,ダービースタリオンⅡ,0,0,🚧,ETC,0,0
1990-11-21,SFC,デザートファイター,0,0,🚧,SLG,0,0
1990-11-21,SFC,総合格闘技 アストラルバウト２,0,0,🚧,ACT,0,0
1990-11-21,SFC,サイボーグ００９,0,0,🚧,ACT,0,0
1990-11-21,SFC,宇宙レース アストロゴー！ゴー！,0,0,🚧,RCG,0,0
1990-11-21,SFC,Ｔ－２ ザ・アーケードゲーム,0,0,🚧,SHT,0,0
1990-11-21,SFC,大航海時代Ⅱ,0,0,🚧,SLG,0,0
1990-11-21,SFC,ラモス瑠偉のワールドワイドサッカー,0,0,🚧,SPT,0,0
1990-11-21,SFC,ストバスヤロウ将,0,0,🚧,SPT,0,0
1990-11-21,SFC,パチスロランド ぱちぱちコインの伝説,0,0,🚧,TBL,0,0
1990-11-21,SFC,いただきストリート２ ネオンサインはバラ色に,0,0,🚧,TBL,0,0
1990-11-21,SFC,スーパー本命 ＧⅠ制覇,0,0,🚧,ETC,0,0
1990-11-21,SFC,ザ・キングオブドラゴンズ,0,0,🚧,ACT,0,0
1990-11-21,SFC,スーパーループス,0,0,🚧,PZL,0,0
1990-11-21,SFC,カブキロックス,0,0,🚧,RPG,0,0
1990-11-21,SFC,ジーコ サッカー,0,0,🚧,SPT,0,0
1990-11-21,SFC,スーパーファミスタ３,0,0,🚧,SPT,0,0
1990-11-21,SFC,すごいへべれけ,0,0,🚧,ACT,0,0
1990-11-21,SFC,機動戦士Vガンダム,0,0,🚧,ACT,0,0
1990-11-21,SFC,ファーストクィーン オルニック戦記,0,0,🚧,RPG,0,0
1990-11-21,SFC,ギャラクシーロボ,0,0,🚧,SLG,0,0
1990-11-21,SFC,斬IIIスピリッツ,0,0,🚧,SLG,0,0
1990-11-21,SFC,実況パワフルプロ野球’９４,0,0,🚧,SPT,0,0
1990-11-21,SFC,リーサルエンフォーサーズ,0,0,🚧,SPT,0,0
1990-11-21,SFC,ソニックブラストマンⅡ,0,0,🚧,ACT,0,0
1990-11-21,SFC,ダービージョッキー　騎手王への道,0,0,🚧,ETC,0,0
1990-11-21,SFC,きんぎょ注意報！とびだせ！ゲーム学園,0,0,🚧,ETC,0,0
1990-11-21,SFC,真・女神転生Ⅱ,0,0,🚧,RPG,0,0
1990-11-21,SFC,アイ・オブ・ザ・ビホルダー,0,0,🚧,RPG,0,0
1990-11-21,SFC,イデアの日,0,0,🚧,RPG,0,0
1990-11-21,SFC,独立戦争,0,0,🚧,SLG,0,0
1990-11-21,SFC,スーパーナグザットオープン ゴルフで勝負だどらぼっちゃん,0,0,🚧,SPT,0,0
1990-11-21,SFC,Jリーグスーパーサッカー,0,0,🚧,SPT,0,0
1990-11-21,SFC,スーパー人生ゲーム,0,0,🚧,TBL,0,0
1990-11-21,SFC,サイド・ポケット,0,0,🚧,TBL,0,0
1990-11-21,SFC,あさめしまえにゃんこ,0,0,🚧,TBL,0,0
1990-11-21,SFC,ぎゅわんぶらあ自己中心派２ ドラポンクエスト,0,0,🚧,TBL,0,0
1990-11-21,SFC,スーパーメトロイド,0,0,🚧,ACT,0,0
1990-11-21,SFC,メルファンドストーリーズ,0,0,🚧,ACT,0,0
1990-11-21,SFC,スペースエース,0,0,🚧,ACT,0,0
1990-11-21,SFC,南国少年パプワくん,0,0,🚧,ACT,0,0
1990-11-21,SFC,スーパートロールアイランド,0,0,🚧,ACT,0,0
1990-11-21,SFC,ザ ブルークリスタルロッド,0,0,🚧,ADV,0,0
1990-11-21,SFC,あらいぐま ラスカル,0,0,🚧,PZL,0,0
1990-11-21,SFC,けろけろけろっぴの冒険日記,0,0,🚧,RPG,0,0
1990-11-21,SFC,シャドウラン,0,0,🚧,RPG,0,0
1990-11-21,SFC,剣勇伝説ヤイバ (YAIBA),0,0,🚧,RPG,0,0
1990-11-21,SFC,スペースインベーダー　ＴＨＥ ＯＲＩＧＩＮＡＬ ＧＡＭＥ,0,0,🚧,SHT,0,0
1990-11-21,SFC,スーパーロボット大戦ＥＸ,0,0,🚧,SLG,0,0
1990-11-21,SFC,チャンピオンズ ワールドクラスサッカー,0,0,🚧,SPT,0,0
1990-11-21,SFC,ロックマンズサッカー,0,0,🚧,SPT,0,0
1990-11-21,SFC,スーパーホッケー’９４,0,0,🚧,SPT,0,0
1990-11-21,SFC,スーパーリアル麻雀PIV,0,0,🚧,TBL,0,0
1990-11-21,SFC,スーパー五目ならべ 連珠,0,0,🚧,TBL,0,0
1990-11-21,SFC,テレビアニメ スラムダンク　四強激突！！,0,0,🚧,SPT,0,0
1990-11-21,SFC,マッスルボマー,0,0,🚧,SPT,0,0
1990-11-21,SFC,真・麻雀,0,0,🚧,TBL,0,0
1990-11-21,SFC,アンドレ・アガシ テニス,0,0,🚧,SPT,0,0
1990-11-21,SFC,スーパー インディ チャンプ,0,0,🚧,RCG,0,0
1990-11-21,SFC,スーパーダブル役満,0,0,🚧,TBL,0,0
1990-11-21,SFC,ファイナルファンタジーⅥ,0,0,🚧,RPG,0,0
1990-11-21,SFC,項劉記,0,0,🚧,SLG,0,0
1990-11-21,SFC,紫炎 ザ・ブレイドチェイサー,0,0,🚧,ACT,0,0
1990-11-21,SFC,NHL プロホッケー’９４,0,0,🚧,SPT,0,0
1990-11-21,SFC,スーパー囲碁 碁王,0,0,🚧,TBL,0,0
1990-11-21,SFC,ピンクパンサー,0,0,🚧,ACT,0,0
1990-11-21,SFC,ろくでなしＢＬＵＥＳ 対決！東京四天王,0,0,🚧,ACT,0,0
1990-11-21,SFC,夢迷宮 きぐるみ大冒険,0,0,🚧,RPG,0,0
1990-11-21,SFC,Ｆ－１ ＧＲＡＮＤ ＰＲＩＸ ＰＡＲＴⅢ,0,0,🚧,RCG,0,0
1990-11-21,SFC,メルヘンアドベンチャー コットン１００％,0,0,🚧,SHT,0,0
1990-11-21,SFC,機動警察パトレイバー,0,0,🚧,SLG,0,0
1990-11-21,SFC,らんま１／２ 超技乱舞篇,0,0,🚧,ACT,0,0
1990-11-21,SFC,スーパーボンバーマン２,0,0,🚧,ACT,0,0
1990-11-21,SFC,笑っていいとも！タモリンピック,0,0,🚧,ETC,0,0
1990-11-21,SFC,ダイナマイト・ザ・ラスベガス,0,0,🚧,ETC,0,0
1990-11-21,SFC,平成イヌ物語バウ ポップンスマッシュ！！,0,0,🚧,SPT,0,0
1990-11-21,SFC,スーパーパチスロマージャン,0,0,🚧,TBL,0,0
1990-11-21,SFC,フォーチュン・クエスト ダイスをころがせ！,0,0,🚧,TBL,0,0
1990-11-21,SFC,新・熱血硬派 くにおたちの挽歌,0,0,🚧,ACT,0,0
1990-11-21,SFC,ダークキングダム,0,0,🚧,RPG,0,0
1990-11-21,SFC,ＮＢＡ ＪＡＭ (ジャム),0,0,🚧,SPT,0,0
1990-11-21,SFC,ナイス ＤＥ ショット,0,0,🚧,SPT,0,0
1990-11-21,SFC,Ｊリーグエキサイトステージ’９４,0,0,🚧,SPT,0,0
1990-11-21,SFC,伊達公子のバーチャルテニス,0,0,🚧,SPT,0,0
1990-11-21,SFC,パチ夫くんＳＰＥＣＩＡＬ２,0,0,🚧,TBL,0,0
1990-11-21,SFC,ファイターズヒストリー,0,0,🚧,ACT,0,0
1990-11-21,SFC,クレヨンしんちゃん２ 大魔王の逆襲,0,0,🚧,ACT,0,0
1990-11-21,SFC,競馬予想 馬券錬金術,0,0,🚧,ETC,0,0
1990-11-21,SFC,くにおのおでん,0,0,🚧,PZL,0,0
1990-11-21,SFC,ドリフトキング　首都高バトル’９４ 土屋圭市＆坂東正明,0,0,🚧,RCG,0,0
1990-11-21,SFC,スーパーバトルタンク２,0,0,🚧,SHT,0,0
1990-11-21,SFC,ＳＤガンダムＧＸ,0,0,🚧,SLG,0,0
1990-11-21,SFC,ワイルドトラックス,0,0,🚧,RCG,0,0
1990-11-21,SFC,サラブレッドブリーダーⅡ,0,0,🚧,ETC,0,0
1990-11-21,SFC,ナイツ オブ ザ ラウンド,0,0,🚧,ACT,0,0
1990-11-21,SFC,幽☆遊☆白書２ 格闘の章,0,0,🚧,ACT,0,0
1990-11-21,SFC,ぽっぷるメイル,0,0,🚧,ACT,0,0
1990-11-21,SFC,スーパーゲームボーイ,0,0,🚧,ETC,0,0
1990-11-21,SFC,ＳＤ飛龍の拳,0,0,🚧,ACT,0,0
1990-11-21,SFC,奇々怪界-月夜草子-,0,0,🚧,ACT,0,0
1990-11-21,SFC,やまねこバブジーの大冒険,0,0,🚧,ACT,0,0
1990-11-21,SFC,スーパー４ＷＤ ＴＨＥ ＢＡＪＡ(バハ),0,0,🚧,RCG,0,0
1990-11-21,SFC,ウルティマ外伝 黒騎士の陰謀,0,0,🚧,RPG,0,0
1990-11-21,SFC,ワールドカップストライカー,0,0,🚧,SPT,0,0
1990-11-21,SFC,スーパーフォーメーションサッカー’９４,0,0,🚧,SPT,0,0
1990-11-21,SFC,ＦＩＦＡ インターナショナル・サッカー,0,0,🚧,SPT,0,0
1990-11-21,SFC,スーパー将棋２,0,0,🚧,TBL,0,0
1990-11-21,SFC,バックス・バニー はちゃめちゃ大冒険,0,0,🚧,ACT,0,0
1990-11-21,SFC,ジュラシック・パーク,0,0,🚧,ACT,0,0
1990-11-21,SFC,ジグザグキャット ダチョウ倶楽部も大騒ぎダ,0,0,🚧,PZL,0,0
1990-11-21,SFC,スレイヤーズ,0,0,🚧,RPG,0,0
1990-11-21,SFC,スーパードッグファイト,0,0,🚧,SHT,0,0
1990-11-21,SFC,スーパービリヤード,0,0,🚧,TBL,0,0
1990-11-21,SFC,スーパーストリートファイターⅡ,0,0,🚧,ACT,0,0
1990-11-21,SFC,ブランディッシュ,0,0,🚧,RPG,0,0
1990-11-21,SFC,全日本プロレス ファイトだポン！,0,0,🚧,SPT,0,0
1990-11-21,SFC,テコンドー,0,0,🚧,SPT,0,0
1990-11-21,SFC,ワールドヒーローズ２,0,0,🚧,ACT,0,0
1990-11-21,SFC,遊人のふりふりガールズ,0,0,🚧,TBL,0,0
1990-11-21,SFC,美女と野獣,0,0,🚧,ACT,0,0
1990-11-21,SFC,テトリスフラッシュ,0,0,🚧,PZL,0,0
1990-11-21,SFC,スラップスティック,0,0,🚧,RPG,0,0
1990-11-21,SFC,ドラッキーのAりーぐさっかー,0,0,🚧,SPT,0,0
1990-11-21,SFC,つり太郎,0,0,🚧,SPT,0,0
1990-11-21,SFC,バトルＺＥＱＵＥ伝(ゼクウ),0,0,🚧,ACT,0,0
1990-11-21,SFC,ジャングルブック,0,0,🚧,ACT,0,0
1990-11-21,SFC,キーパー,0,0,🚧,PZL,0,0
1990-11-21,SFC,美少女戦士セーラームーンＳ こんどはパズルでおしおきよ！,0,0,🚧,PZL,0,0
1990-11-21,SFC,スーパーＦ１サーカス３,0,0,🚧,RCG,0,0
1990-11-21,SFC,ソード・ワールドＳＦＣ２　いにしえの巨人伝説,0,0,🚧,RPG,0,0
1990-11-21,SFC,サンサーラ・ナーガ２,0,0,🚧,RPG,0,0
1990-11-21,SFC,歌舞伎町リーチ麻雀 東風戦,0,0,🚧,TBL,0,0
1990-11-21,SFC,パチスロ研究,0,0,🚧,TBL,0,0
1990-11-21,SFC,グーフィーとマックス 海賊島の大冒険,0,0,🚧,ACT,0,0
1990-11-21,SFC,超原人,0,0,🚧,ACT,0,0
1990-11-21,SFC,ジグソーパーティ,0,0,🚧,PZL,0,0
1990-11-21,SFC,ゼロヨンチャンプＲＲ,0,0,🚧,RCG,0,0
1990-11-21,SFC,ファイプロ女子オールスタードリームスラム,0,0,🚧,SPT,0,0
1990-11-21,SFC,プロ麻雀 極Ⅱ,0,0,🚧,TBL,0,0
1990-11-21,SFC,スーパーウルトラベースボール２,0,0,🚧,SPT,0,0
1990-11-21,SFC,ズールのゆめぼうけん,0,0,🚧,ACT,0,0
1990-11-21,SFC,餓狼伝説ＳＰＥＣＩＡＬ,0,0,🚧,ACT,0,0
1990-11-21,SFC,ロードランナーツイン ジャスティとリバティの大冒険,0,0,🚧,PZL,0,0
1990-11-21,SFC,天使の詩 白き翼の祈り,0,0,🚧,RPG,0,0
1990-11-21,SFC,ワールドカップUSA’９４,0,0,🚧,SPT,0,0
1990-11-21,SFC,ハットトリックヒーロー２,0,0,🚧,SPT,0,0
1990-11-21,SFC,甲子園３,0,0,🚧,SPT,0,0
1990-11-21,SFC,スーパーパチンコ,0,0,🚧,TBL,0,0
1990-11-21,SFC,パチスロ物語ユニバーサル・スペシャル,0,0,🚧,TBL,0,0
1990-11-21,SFC,スーパーニチブツマージャン３ 吉本劇場篇,0,0,🚧,TBL,0,0
1990-11-21,SFC,スーパーパワーリーグ２,0,0,🚧,SPT,0,0
1990-11-21,SFC,Ｇ２ ジェノサイド,0,0,🚧,ACT,0,0
1990-11-21,SFC,すーぱー忍者くん,0,0,🚧,ACT,0,0
1990-11-21,SFC,アリョール うごく絵Ver2.0,0,0,🚧,PZL,0,0
1990-11-21,SFC,魔法ぽいぽい ぽいっと！,0,0,🚧,PZL,0,0
1990-11-21,SFC,鬼神降臨伝ＯＮＩ,0,0,🚧,RPG,0,0
1990-11-21,SFC,スーパー高校野球 一球入魂,0,0,🚧,SPT,0,0
1990-11-21,SFC,Jリーグサッカー プライムゴール２,0,0,🚧,SPT,0,0
1990-11-21,SFC,スーパー花札,0,0,🚧,TBL,0,0
1990-11-21,SFC,Ｐｉｎｂａｌｌ ＰＩＮＢＡＬＬ,0,0,🚧,TBL,0,0
1990-11-21,SFC,ザ・フリントストーンズ,0,0,🚧,ACT,0,0
1990-11-21,SFC,レミングス２,0,0,🚧,PZL,0,0
1990-11-21,SFC,ＷＩＬＤ ＧＵＮＳ (ワイルド ガンズ),0,0,🚧,SHT,0,0
1990-11-21,SFC,スーパー三國志,0,0,🚧,SLG,0,0
1990-11-21,SFC,スーパー究極ハリキリスタジアム２,0,0,🚧,SPT,0,0
1990-11-21,SFC,新日本プロレスリング’９４ バトルフィールド ＩＮ 闘強導夢,0,0,🚧,SPT,0,0
1990-11-21,SFC,スーパーファイナルマッチテニス,0,0,🚧,SPT,0,0
1990-11-21,SFC,ポパイ いじわる魔女シーハッグの巻,0,0,🚧,TBL,0,0
1990-11-21,SFC,麻雀悟空 天竺,0,0,🚧,TBL,0,0
1990-11-21,SFC,必勝７７７ファイターⅡ パチスロ(秘)情報,0,0,🚧,TBL,0,0
1990-11-21,SFC,アップルシード プロメテウスの神託,0,0,🚧,ACT,0,0
1990-11-21,SFC,押忍！！ 空手部,0,0,🚧,ACT,0,0
1990-11-21,SFC,スーパードラッケン,0,0,🚧,ACT,0,0
1990-11-21,SFC,松村邦洋伝 最強の歴史をぬりかえろ！,0,0,🚧,ACT,0,0
1990-11-21,SFC,ハロー！パックマン,0,0,🚧,ACT,0,0
1990-11-21,SFC,サイバーナイトⅡ 地球帝国の野望,0,0,🚧,RPG,0,0
1990-11-21,SFC,横綱物語,0,0,🚧,SPT,0,0
1990-11-21,SFC,MOTHER２ ギーグの逆襲 (マザー２）,0,0,🚧,RPG,0,0
1990-11-21,SFC,サンリオ上海,0,0,🚧,PZL,0,0
1990-11-21,SFC,へべれけのおいしいパズルはいりませんか,0,0,🚧,PZL,0,0
1990-11-21,SFC,ライブ・ア・ライブ,0,0,🚧,RPG,0,0
1990-11-21,SFC,ザ・ファイヤーメン,0,0,🚧,ACT,0,0
1990-11-21,SFC,チョップリフターⅢ,0,0,🚧,SHT,0,0
1990-11-21,SFC,スパークスター,0,0,🚧,ACT,0,0
1990-11-21,SFC,上海Ⅲ,0,0,🚧,PZL,0,0
1990-11-21,SFC,おでかけレスタ～れれれのれ,0,0,🚧,ACT,0,0
1990-11-21,SFC,リーディングジョッキー,0,0,🚧,ETC,0,0
1990-11-21,SFC,実戦パチスロ必勝法２,0,0,🚧,TBL,0,0
1990-11-21,SFC,ジャングルの王者ターちゃん 世界漫遊大格闘の巻,0,0,🚧,ACT,0,0
1990-11-21,SFC,描いて・作って・遊べる デザエモン,0,0,🚧,ETC,0,0
1990-11-21,SFC,カービィボウル,0,0,🚧,ACT,0,0
1990-11-21,SFC,サムライスピリッツ,0,0,🚧,ACT,0,0
1990-11-21,SFC,リブルラブル,0,0,🚧,ACT,0,0
1990-11-21,SFC,中嶋悟監修 Ｆ－１ ＨＥＲＯ’９４,0,0,🚧,RCG,0,0
1990-11-21,SFC,ウィザップ！ 暗黒の王,0,0,🚧,RPG,0,0
1990-11-21,SFC,ラリー・ニクソン・スーパー・バスフィッシング,0,0,🚧,SPT,0,0
1990-11-21,SFC,スーパーフォーメーションサッカー’９４ ワールドカップファイナルデータ,0,0,🚧,SPT,0,0
1990-11-21,SFC,本家　花札,0,0,🚧,TBL,0,0
1990-11-21,SFC,ゴーストチェイサー 電精,0,0,🚧,ACT,0,0
1990-11-21,SFC,アンジェリーク,0,0,🚧,SLG,0,0
1990-11-21,SFC,スーパーブラックバス２,0,0,🚧,SPT,0,0
1990-11-21,SFC,ＴＯＫＯＲＯ’Ｓ マージャン,0,0,🚧,TBL,0,0
1990-11-21,SFC,麻雀戦国物語,0,0,🚧,TBL,0,0
1990-11-21,SFC,ドラゴンボールZ 超武闘伝３,0,0,🚧,ACT,0,0
1990-11-21,SFC,クラッシュ・ダミー,0,0,🚧,ACT,0,0
1990-11-21,SFC,バーチャルバート,0,0,🚧,ACT,0,0
1990-11-21,SFC,競馬エイトスペシャル２,0,0,🚧,ETC,0,0
1990-11-21,SFC,タイニー・トゥーンアドベンチャーズ～ドタバタ大運動会～,0,0,🚧,ETC,0,0
1990-11-21,SFC,バイク大好き！走り屋魂,0,0,🚧,RCG,0,0
1990-11-21,SFC,ヒューマングランプリ３ Ｆ１トリプルバトル,0,0,🚧,RCG,0,0
1990-11-21,SFC,ダウン・ザ・ワールド,0,0,🚧,RPG,0,0
1990-11-21,SFC,天龍源一郎のプロレスレヴォリューション,0,0,🚧,SPT,0,0
1990-11-21,SFC,バークレーのパワーダンク,0,0,🚧,SPT,0,0
1990-11-21,SFC,麻雀大会Ⅱ,0,0,🚧,TBL,0,0
1990-11-21,SFC,ノスフェラトゥ,0,0,🚧,ACT,0,0
1990-11-21,SFC,ＭＲ．ＮＵＴＺ,0,0,🚧,ACT,0,0
1990-11-21,SFC,シヴィライゼーション 世界七大文明,0,0,🚧,SLG,0,0
1990-11-21,SFC,豪血寺一族,0,0,🚧,ACT,0,0
1990-11-21,SFC,UFO仮面 ヤキソバン  ケストラーの黒い陰謀,0,0,🚧,ACT,0,0
1990-11-21,SFC,パチンコファン 勝利宣言,0,0,🚧,TBL,0,0
1990-11-21,SFC,下野正希のＦｉｓｈｉｎｇ Ｔｏ Ｂａｓｓｉｎｇ,0,0,🚧,SPT,0,0
1990-11-21,SFC,はらぺこバッカ,0,0,🚧,PZL,0,0
1990-11-21,SFC,デモンズ・ブレイゾン　魔界村紋章編,0,0,🚧,ACT,0,0
1990-11-21,SFC,キッドクラウンのクレイジーチェイス,0,0,🚧,ACT,0,0
1990-11-21,SFC,スーパーファミリーサーキット,0,0,🚧,RCG,0,0
1990-11-21,SFC,ヘラクレスの栄光IV 神々からの贈り物,0,0,🚧,RPG,0,0
1990-11-21,SFC,船木誠勝ＨＹＢＲＩＤ ＷＲＥＳＴＬＥＲ 闘技伝承,0,0,🚧,SPT,0,0
1990-11-21,SFC,スーパーラグビー,0,0,🚧,SPT,0,0
1990-11-21,SFC,必殺パチンココレクション,0,0,🚧,TBL,0,0
1990-11-21,SFC,本格麻雀 徹萬Ⅱ,0,0,🚧,TBL,0,0
1990-11-21,SFC,化学者ハリーの波乱万丈,0,0,🚧,ACT,0,0
1990-11-21,SFC,少年忍者サスケ,0,0,🚧,ACT,0,0
1990-11-21,SFC,爆投ドッチャーズ バンプス島は大さわぎ,0,0,🚧,ACT,0,0
1990-11-21,SFC,スーパーカジノ２,0,0,🚧,ETC,0,0
1990-11-21,SFC,ドラッキーのパズルツアー’９４,0,0,🚧,PZL,0,0
1990-11-21,SFC,真・女神転生if…,0,0,🚧,RPG,0,0
1990-11-21,SFC,イルバニアンの城,0,0,🚧,SLG,0,0
1990-11-21,SFC,フェーダ(ＦＥＤＡ) エンブレム オブ ジャスティス,0,0,🚧,SLG,0,0
1990-11-21,SFC,テクモスーパーベースボール,0,0,🚧,SPT,0,0
1990-11-21,SFC,マルチプレイバレーボール,0,0,🚧,SPT,0,0
1990-11-21,SFC,ＤＥＡＲ ＢＯＹＳ,0,0,🚧,SPT,0,0
1990-11-21,SFC,卒業番外篇 ねぇ麻雀しよ！,0,0,🚧,TBL,0,0
1990-11-21,SFC,本格派囲碁 碁聖,0,0,🚧,TBL,0,0
1990-11-21,SFC,ＳＡＮＫＹＯ Ｆｅｖｅｒ！フィーバー！,0,0,🚧,TBL,0,0
1990-11-21,SFC,モータルコンバットⅡ 究極神拳,0,0,🚧,ACT,0,0
1990-11-21,SFC,ミッキーとミニー マジカルアドベンチャー２,0,0,🚧,ACT,0,0
1990-11-21,SFC,ファイヤー・ファイティング,0,0,🚧,ACT,0,0
1990-11-21,SFC,ゴン,0,0,🚧,ACT,0,0
1990-11-21,SFC,実況ワールドサッカー ＰＥＲＦＥＣＴ ＥＬＥＶＥＮ,0,0,🚧,SPT,0,0
1990-11-21,SFC,鋼 ＨＡＧＡＮＥ,0,0,🚧,ACT,0,0
1990-11-21,SFC,パニックイン なかよしワールド,0,0,🚧,ACT,0,0
1990-11-21,SFC,花の慶次-雲のかなたに-,0,0,🚧,ACT,0,0
1990-11-21,SFC,中野浩一監修 競輪王,0,0,🚧,ETC,0,0
1990-11-21,SFC,ツヨシしっかりしなさい 対戦ぱずるだま,0,0,🚧,PZL,0,0
1990-11-21,SFC,ＧＰ－１ ＲＳ（ラピッドストリーム）,0,0,🚧,RCG,0,0
1990-11-21,SFC,マグナブラバン 遍歴の勇者,0,0,🚧,RPG,0,0
1990-11-21,SFC,ウルティマⅦ ザ・ブラックゲート,0,0,🚧,RPG,0,0
1990-11-21,SFC,ミリティア,0,0,🚧,SLG,0,0
1990-11-21,SFC,ドリームバスケットボール ＤＵＮＫ＆ＨＯＯＰ,0,0,🚧,SPT,0,0
1990-11-21,SFC,モンスターメーカーキッズ 王様になりたい,0,0,🚧,TBL,0,0
1990-11-21,SFC,スーパー五目・将棋 定跡研究篇,0,0,🚧,TBL,0,0
1990-11-21,SFC,パチンコ(秘)必勝法,0,0,🚧,TBL,0,0
1990-11-21,SFC,遊人 雀獣学園２,0,0,🚧,TBL,0,0
1990-11-21,SFC,かまいたちの夜,0,0,🚧,ADV,0,0
1990-11-21,SFC,なるほど！ザ・ワールド,0,0,🚧,ETC,0,0
1990-11-21,SFC,ノンタンといっしょ くるくるぱずる,0,0,🚧,PZL,0,0
1990-11-21,SFC,極上パロディウス,0,0,🚧,SHT,0,0
1990-11-21,SFC,武田修宏のスーパーリーグサッカー,0,0,🚧,SPT,0,0
1990-11-21,SFC,バトルサッカー２,0,0,🚧,SPT,0,0
1990-11-21,SFC,全国高校サッカー,0,0,🚧,SPT,0,0
1990-11-21,SFC,スーパー麻雀３ 辛口,0,0,🚧,TBL,0,0
1990-11-21,SFC,元祖パチスロ日本一,0,0,🚧,TBL,0,0
1990-11-21,SFC,大爆笑人生劇場 大江戸日記,0,0,🚧,TBL,0,0
1990-11-21,SFC,ただいま勇者募集中 おかわり,0,0,🚧,TBL,0,0
1990-11-21,SFC,スーパードンキーコング,0,0,🚧,ACT,0,0
1990-11-21,SFC,制服伝説 プリティファイター,0,0,🚧,ACT,0,0
1990-11-21,SFC,ストリートレーサー,0,0,🚧,RCG,0,0
1990-11-21,SFC,ブレス オブ ファイアⅡ 使命の子,0,0,🚧,RPG,0,0
1990-11-21,SFC,ザ・ラストバトル,0,0,🚧,RPG,0,0
1990-11-21,SFC,アレサⅡ(ＡＲＥＴＨＡ２) アリエルの不思議な旅,0,0,🚧,RPG,0,0
1990-11-21,SFC,ドカポン３・２・１ 嵐を呼ぶ友情,0,0,🚧,TBL,0,0
1990-11-21,SFC,ライオン・キング,0,0,🚧,ACT,0,0
1990-11-21,SFC,ゴジラ 怪獣大決戦,0,0,🚧,ACT,0,0
1990-11-21,SFC,ワンダープロジェクトJ 機械の少年ピーノ,0,0,🚧,ADV,0,0
1990-11-21,SFC,牌砦,0,0,🚧,PZL,0,0
1990-11-21,SFC,バトルクロス,0,0,🚧,RCG,0,0
1990-11-21,SFC,ヴォルテックス,0,0,🚧,SHT,0,0
1990-11-21,SFC,三國志Ⅳ,0,0,🚧,SLG,0,0
1990-11-21,SFC,キャプテン翼Ｖ 覇者の称号カンピオーネ,0,0,🚧,SPT,0,0
1990-11-21,SFC,すごろクエスト＋＋-ダイスニクス-,0,0,🚧,TBL,0,0
1990-11-21,SFC,スーパー桃太郎電鉄Ⅲ,0,0,🚧,TBL,0,0
1990-11-21,SFC,ドラえもん３  のび太と時の宝玉,0,0,🚧,ACT,0,0
1990-11-21,SFC,美少女戦士セーラームーンＳ 場外乱闘！？ 主役争奪戦,0,0,🚧,ACT,0,0
1990-11-21,SFC,ロックマンＸ２,0,0,🚧,ACT,0,0
1990-11-21,SFC,がんばれゴエモン３ 獅子重禄兵衛のからくり卍固め,0,0,🚧,ACT,0,0
1990-11-21,SFC,ミッキーの東京ディズニーランド大冒険,0,0,🚧,ACT,0,0
1990-11-21,SFC,ワギャンパラダイス,0,0,🚧,ACT,0,0
1990-11-21,SFC,どっすん！岩石バトル,0,0,🚧,PZL,0,0
1990-11-21,SFC,スーパーテトリス３,0,0,🚧,PZL,0,0
1990-11-21,SFC,スーパースネーキー,0,0,🚧,PZL,0,0
1990-11-21,SFC,ナイジェルマンセル・インディカー,0,0,🚧,RCG,0,0
1990-11-21,SFC,ＦＵＬＬ ＰＯＷＥＲ,0,0,🚧,RCG,0,0
1990-11-21,SFC,海釣り名人～スズキ編～,0,0,🚧,SPT,0,0
1990-11-21,SFC,ＮＢＡ ＬＩＶＥ’９５,0,0,🚧,SPT,0,0
1990-11-21,SFC,スーパーレッスルエンジェルス,0,0,🚧,SPT,0,0
1990-11-21,SFC,蒼き伝説 シュート！,0,0,🚧,SPT,0,0
1990-11-21,SFC,スーパーフィッシング ビッグファイト,0,0,🚧,SPT,0,0
1990-11-21,SFC,スキーパラダイスＷＩＴＨスノーボード,0,0,🚧,SPT,0,0
1990-11-21,SFC,ビッグ一撃！パチスロ大攻略,0,0,🚧,TBL,0,0
1990-11-21,SFC,花札王,0,0,🚧,TBL,0,0
1990-11-21,SFC,祇園花,0,0,🚧,TBL,0,0
1990-11-21,SFC,必勝！パチスロファン,0,0,🚧,TBL,0,0
1990-11-21,SFC,スーパー詰将棋１０００,0,0,🚧,TBL,0,0
1990-11-21,SFC,ザ・グレイトバトルⅣ,0,0,🚧,ACT,0,0
1990-11-21,SFC,テクモスーパーボウルⅡ ＳＰＥＣＩＡＬ ＥＤＩＴＩＯＮ,0,0,🚧,SPT,0,0
1990-11-21,SFC,龍虎の拳２,0,0,🚧,ACT,0,0
1990-11-21,SFC,岡本綾子とマッチプレイゴルフ　コ･オリナゴルフクラブINハワイ,0,0,🚧,SPT,0,0
1990-11-21,SFC,アニマル武乱伝 ブルータル,0,0,🚧,ACT,0,0
1990-11-21,SFC,ライズ オブ ザ ロボッツ,0,0,🚧,ACT,0,0
1990-11-21,SFC,ポコニャン！ へんぽこりんアドベンチャー,0,0,🚧,ACT,0,0
1990-11-21,SFC,バトルジョッキー,0,0,🚧,ETC,0,0
1990-11-21,SFC,はしれ へべれけ,0,0,🚧,RCG,0,0
1990-11-21,SFC,大貝獣物語,0,0,🚧,RPG,0,0
1990-11-21,SFC,覇王大系リューナイトト ロード･オブ･パラディン,0,0,🚧,RPG,0,0
1990-11-21,SFC,アルバートオデッセイ２ 邪神の胎動,0,0,🚧,SLG,0,0
1990-11-21,SFC,幽☆遊☆白書 特別篇,0,0,🚧,SLG,0,0
1990-11-21,SFC,パワー オブ ザ ハイアード,0,0,🚧,SLG,0,0
1990-11-21,SFC,スーパー・キャッスルズ,0,0,🚧,SLG,0,0
1990-11-21,SFC,サンスポフィッシング 渓流王,0,0,🚧,SPT,0,0
1990-11-21,SFC,ウルトラベースボール実名版２,0,0,🚧,SPT,0,0
1990-11-21,SFC,スーパーファイヤープロレスリング スペシャル,0,0,🚧,SPT,0,0
1990-11-21,SFC,本格将棋 風雲児龍王,0,0,🚧,TBL,0,0
1990-11-21,SFC,横山光輝 三国志盤戯 スゴロク英雄記,0,0,🚧,TBL,0,0
1990-11-21,SFC,元祖パチンコ王,0,0,🚧,TBL,0,0
1990-11-21,SFC,麻雀倶楽部,0,0,🚧,TBL,0,0
1990-11-21,SFC,海腹川背,0,0,🚧,ACT,0,0
1990-11-21,SFC,ＧＯ ＧＯ ＡＣＫＭＡＮ,0,0,🚧,ACT,0,0
1990-11-21,SFC,ＪＷＰ女子プロレス ピュア・レッスル・クイーンズ,0,0,🚧,SPT,0,0
1990-11-21,SFC,スーパー燃えろ！！ プロ野球,0,0,🚧,SPT,0,0
1990-11-21,SFC,パチスロ勝負師(ギャンブラー),0,0,🚧,TBL,0,0
1990-11-21,SFC,ルパン三世 伝説の秘宝を追え！,0,0,🚧,ACT,0,0
1990-11-21,SFC,機動武闘伝Ｇガンダム,0,0,🚧,ACT,0,0
1990-11-21,SFC,デュアルオーブⅡ,0,0,🚧,RPG,0,0
1990-11-21,SFC,スーパーヅガン２ ツカンポファイター,0,0,🚧,TBL,0,0
1990-11-21,SFC,Ｘ－ＭＥＮ,0,0,🚧,ACT,0,0
1990-11-21,SFC,ボンカーズ-ハリウッド大作戦！,0,0,🚧,ACT,0,0
1990-11-21,SFC,スーパーチャイニーズファイター,0,0,🚧,ACT,0,0
1990-11-21,SFC,パックインタイム,0,0,🚧,ACT,0,0
1990-11-21,SFC,高橋名人の大冒険島Ⅱ,0,0,🚧,ACT,0,0
1990-11-21,SFC,ＹＯＧＩ ＢＥＡＲ,0,0,🚧,ACT,0,0
1990-11-21,SFC,パズルボブル,0,0,🚧,PZL,0,0
1990-11-21,SFC,ギャラクシーウォーズ,0,0,🚧,SHT,0,0
1990-11-21,SFC,わくわくスキー わんだあシュプール,0,0,🚧,SPT,0,0
1990-11-21,SFC,実戦！麻雀指南,0,0,🚧,TBL,0,0
1990-11-21,SFC,雀遊記 悟空乱打,0,0,🚧,TBL,0,0
1990-11-21,SFC,ダービースタリオンⅢ,0,0,🚧,ETC,0,0
1990-11-21,SFC,マイケル・アンドレッティ インディカーチャレンジ,0,0,🚧,RCG,0,0
1990-11-21,SFC,スターダストスープレックス,0,0,🚧,SPT,0,0
1990-11-21,SFC,ウルヴァリン,0,0,🚧,ACT,0,0
1990-11-21,SFC,鋼鉄の騎士３　突撃ヨーロッパ戦線,0,0,🚧,SLG,0,0
1990-11-21,SFC,みらくるカジノパラダイス,0,0,🚧,TBL,0,0
1990-11-21,SFC,パチンコ物語２ 名古屋シャチホコの帝王,0,0,🚧,TBL,0,0
1990-11-21,SFC,キテレツ大百科 超時空すごろく,0,0,🚧,TBL,0,0
1990-11-21,SFC,放課後 ｉｎ Ｂｅｐｐｉｎ 女学院,0,0,🚧,SLG,0,0
1990-11-21,SFC,アイアンコマンドー 鋼鉄の戦士,0,0,🚧,ACT,0,0
1990-11-21,SFC,ザ・心理ゲーム２ マジカルトリップ,0,0,🚧,ETC,0,0
1990-11-21,SFC,ジャムズ,0,0,🚧,PZL,0,0
1990-11-21,SFC,だるま道場,0,0,🚧,PZL,0,0
1990-11-21,SFC,機動戦士ガンダム クロスディメンション００７９,0,0,🚧,SLG,0,0
1990-11-21,SFC,さいばらりえこのまあじゃんほうろうき,0,0,🚧,TBL,0,0
1990-11-21,SFC,ＢＳ－Ｘ  それは名前を盗まれた街の物語,0,0,🚧,ETC,0,0
1990-11-21,SFC,ファイターズヒストリー 溝口危機一髪,0,0,🚧,ACT,0,0
1990-11-21,SFC,ヤムヤム,0,0,🚧,ACT,0,0
1990-11-21,SFC,タイムコップ,0,0,🚧,ACT,0,0
1990-11-21,SFC,提督の決断Ⅱ,0,0,🚧,SLG,0,0
1990-11-21,SFC,柏木重孝のＴＯＰ ＷＡＴＥＲ ＢＡＳＳＩＮＧ (トップウォーターバッシング),0,0,🚧,SPT,0,0
1990-11-21,SFC,チェスマスター,0,0,🚧,TBL,0,0
1990-11-21,SFC,銀玉親方の実戦パチンコ必勝法,0,0,🚧,TBL,0,0
1990-11-21,SFC,魔神転生Ⅱ スパイラルネメシス,0,0,🚧,SLG,0,0
1990-11-21,SFC,クラシック・ロードⅡ,0,0,🚧,ETC,0,0
1990-11-21,SFC,Ｔｕｒｆ Ｍｅｍｏｒｉｅｓ,0,0,🚧,ETC,0,0
1990-11-21,SFC,美少女戦士セーラームーンS くるっくりん,0,0,🚧,PZL,0,0
1990-11-21,SFC,ドリフトキング　首都高バトル２,0,0,🚧,RCG,0,0
1990-11-21,SFC,スーパードリフトアウト,0,0,🚧,RCG,0,0
1990-11-21,SFC,エストポリス伝記Ⅱ,0,0,🚧,RPG,0,0
1990-11-21,SFC,ＦＲＯＮＴ ＭＩＳＳＩＯＮ　（フロントミッション）,0,0,🚧,SLG,0,0
1990-11-21,SFC,ＮＡＧＥ ＬＩＢＲＥ 静寂の水深,0,0,🚧,SLG,0,0
1990-11-21,SFC,ファーランドストーリー,0,0,🚧,SLG,0,0
1990-11-21,SFC,ＮＦＬ クォーターバッククラブ’９５,0,0,🚧,SPT,0,0
1990-11-21,SFC,ＮＢＡ ＪＡＭ トーナメントエディション,0,0,🚧,SPT,0,0
1990-11-21,SFC,実況パワフルプロ野球２,0,0,🚧,SPT,0,0
1990-11-21,SFC,テレビアニメ スラムダンク２　IH予選完全版！！,0,0,🚧,SPT,0,0
1990-11-21,SFC,ＨＥＩＷＡパチンコワールド,0,0,🚧,TBL,0,0
1990-11-21,SFC,バトルピンボール,0,0,🚧,TBL,0,0
1990-11-21,SFC,将棋倶楽部,0,0,🚧,TBL,0,0
1990-11-21,SFC,おとぼけ忍者コロシアム,0,0,🚧,ACT,0,0
1990-11-21,SFC,永遠のフィレーナ,0,0,🚧,RPG,0,0
1990-11-21,SFC,スーパーボンバーマン ぱにっくボンバーＷ,0,0,🚧,PZL,0,0
1990-11-21,SFC,アンダーカバーコップス,0,0,🚧,ACT,0,0
1990-11-21,SFC,スーパーエアダイバー２,0,0,🚧,SHT,0,0
1990-11-21,SFC,スーパーファミスタ４,0,0,🚧,SPT,0,0
1990-11-21,SFC,スーパーマッドチャンプ,0,0,🚧,RCG,0,0
1990-11-21,SFC,ラストバイブルⅢ,0,0,🚧,ACT,0,0
1990-11-21,SFC,マジカルポップン,0,0,🚧,ACT,0,0
1990-11-21,SFC,クロノ・トリガー,0,0,🚧,RPG,0,0
1990-11-21,SFC,スパイダーマン リーサルフォーズ,0,0,🚧,ACT,0,0
1990-11-21,SFC,キャプテンコマンドー,0,0,🚧,ACT,0,0
1990-11-21,SFC,負けるな！魔剣道２ 決めろ！妖怪総理大臣,0,0,🚧,ACT,0,0
1990-11-21,SFC,スプリンター物語 めざせ一攫千金,0,0,🚧,ETC,0,0
1990-11-21,SFC,スーパーボンブリス,0,0,🚧,PZL,0,0
1990-11-21,SFC,おらがランド主催 ベストファーマー収穫祭,0,0,🚧,PZL,0,0
1990-11-21,SFC,バトルレーサーズ,0,0,🚧,RCG,0,0
1990-11-21,SFC,熱血大陸バーニングヒーローズ,0,0,🚧,RPG,0,0
1990-11-21,SFC,ラブクエスト,0,0,🚧,RPG,0,0
1990-11-21,SFC,第４次スーパーロボット大戦,0,0,🚧,SLG,0,0
1990-11-21,SFC,Jリーグスーパーサッカー’９５ 実況スタジアム,0,0,🚧,SPT,0,0
1990-11-21,SFC,スーパー雀豪,0,0,🚧,TBL,0,0
1990-11-21,SFC,スーパーピンボール２ ザ・アメージングオデッセイ,0,0,🚧,TBL,0,0
1990-11-21,SFC,ウイニングポスト２,0,0,🚧,ETC,0,0
1990-11-21,SFC,ＴＵＲＦ ＨＥＲＯ,0,0,🚧,ETC,0,0
1990-11-21,SFC,ロックマン７ 宿命の対決！,0,0,🚧,ACT,0,0
1990-11-21,SFC,幽☆遊☆白書ＦＩＮＡＬ 魔界最強列伝,0,0,🚧,ACT,0,0
1990-11-21,SFC,ドラゴンボールＺ 超悟空伝 突撃編,0,0,🚧,ADV,0,0
1990-11-21,SFC,スーパー馬券王’９５,0,0,🚧,ETC,0,0
1990-11-21,SFC,ジ・アトラス,0,0,🚧,SLG,0,0
1990-11-21,SFC,高速思考 将棋皇,0,0,🚧,TBL,0,0
1990-11-21,SFC,必殺パチンココレクション２,0,0,🚧,TBL,0,0
1990-11-21,SFC,エミット ｖｏｌ．１ 時の迷子,0,0,🚧,ETC,0,0
1990-11-21,SFC,エミット ｖｏｌ．２ 命がけの旅,0,0,🚧,ETC,0,0
1990-11-21,SFC,エミット ｖｏｌ．３ 私にさよならを,0,0,🚧,ETC,0,0
1990-11-21,SFC,復刻版 スーパー三國志Ⅱ,0,0,🚧,SLG,0,0
1990-11-21,SFC,京楽・三洋・豊丸 Ｐａｒｌｏｒ！パーラー！　（パーラーパーラー）,0,0,🚧,TBL,0,0
1990-11-21,SFC,ミッキーマニア,0,0,🚧,ACT,0,0
1990-11-21,SFC,であえ殿様 あっぱれ一番,0,0,🚧,ACT,0,0
1990-11-21,SFC,エスパークス 異次空からの来訪者,0,0,🚧,ACT,0,0
1990-11-21,SFC,ＲＰＧツクール ＳＵＰＥＲ ＤＡＮＴＥ,0,0,🚧,ETC,0,0
1990-11-21,SFC,最高速思考 将棋・麻雀,0,0,🚧,ETC,0,0
1990-11-21,SFC,旧約・女神転生,0,0,🚧,RPG,0,0
1990-11-21,SFC,史上最強リーグ セリエＡ Ａｃｅ Ｓｔｒｉｋｅｒ,0,0,🚧,SPT,0,0
1990-11-21,SFC,スーパーフォーメーションサッカー’９５ ｄｅｌｌａ セリエＡ,0,0,🚧,SPT,0,0
1990-11-21,SFC,近代麻雀スペシャル,0,0,🚧,TBL,0,0
1990-11-21,SFC,ザ・モノポリーゲーム２,0,0,🚧,TBL,0,0
1990-11-21,SFC,羽生名人のおもしろ将棋,0,0,🚧,TBL,0,0
1990-11-21,SFC,レディーストーカー 過去からの挑戦,0,0,🚧,RPG,0,0
1990-11-21,SFC,全日本プロレス２ ３・４武闘館,0,0,🚧,SPT,0,0
1990-11-21,SFC,Ｇｅｔ ｉｎ ｔｈｅ ｈｏｌｅ (レーザーバーディー付属カセット）,0,0,🚧,SPT,0,0
1990-11-21,SFC,ＲＥＳ ＡＲＣＡＮＡ ディアーナ・レイ 占いの迷宮,0,0,🚧,ETC,0,0
1990-11-21,SFC,ぱずるんでス！,0,0,🚧,PZL,0,0
1990-11-21,SFC,なつきクライシスバトル,0,0,🚧,ACT,0,0
1990-11-21,SFC,魔法陣グルグル,0,0,🚧,RPG,0,0
1990-11-21,SFC,アレサ外伝 リジョイス アレサ王国の彼方,0,0,🚧,RPG,0,0
1990-11-21,SFC,真・聖刻 ラ・ワース,0,0,🚧,RPG,0,0
1990-11-21,SFC,ママレード・ボーイ,0,0,🚧,SLG,0,0
1990-11-21,SFC,新ＳＤ戦国伝 大将軍列伝,0,0,🚧,SLG,0,0
1990-11-21,SFC,タクティカルサッカー,0,0,🚧,SPT,0,0
1990-11-21,SFC,スーパーリアル麻雀PVパラダイス オールスター４人打ち,0,0,🚧,TBL,0,0
1990-11-21,SFC,宮路社長のパチンコファン勝利宣言２,0,0,🚧,TBL,0,0
1990-11-21,SFC,スーパートランプコレクション,0,0,🚧,TBL,0,0
1990-11-21,SFC,トゥルーライズ,0,0,🚧,ACT,0,0
1990-11-21,SFC,スーパーボンバーマン３,0,0,🚧,ACT,0,0
1990-11-21,SFC,ストーンプロテクターズ,0,0,🚧,ACT,0,0
1990-11-21,SFC,３次元格闘ボールズ,0,0,🚧,ACT,0,0
1990-11-21,SFC,タロットミステリー,0,0,🚧,ETC,0,0
1990-11-21,SFC,プラネットチャンプ　ＴＧ３０００,0,0,🚧,RCG,0,0
1990-11-21,SFC,Ｊリーグエキサイトステージ’９５,0,0,🚧,SPT,0,0
1990-11-21,SFC,川のぬし釣り２,0,0,🚧,SPT,0,0
1990-11-21,SFC,シミュレーションプロ野球,0,0,🚧,SPT,0,0
1990-11-21,SFC,牌勢麻雀 凌駕,0,0,🚧,TBL,0,0
1990-11-21,SFC,初段位認定 初段プロ麻雀,0,0,🚧,TBL,0,0
1990-11-21,SFC,スーパーパチンコ大戦,0,0,🚧,TBL,0,0
1990-11-21,SFC,スヌーピーコンサート,0,0,🚧,ACT,0,0
1990-11-21,SFC,バトルタイクーン,0,0,🚧,ACT,0,0
1990-11-21,SFC,スーパー競馬２,0,0,🚧,ETC,0,0
1990-11-21,SFC,シンジケート,0,0,🚧,SLG,0,0
1990-11-21,SFC,ウォーロック,0,0,🚧,ACT,0,0
1990-11-21,SFC,スターゲイト,0,0,🚧,ACT,0,0
1990-11-21,SFC,スパークワールド,0,0,🚧,ACT,0,0
1990-11-21,SFC,グール・パトロール,0,0,🚧,ACT,0,0
1990-11-21,SFC,コンピュータ脳力解析 ウルトラ馬券,0,0,🚧,ETC,0,0
1990-11-21,SFC,ニチブツ アーケードクラシックス,0,0,🚧,ETC,0,0
1990-11-21,SFC,す～ぱ～なぞぷよ ルルーのルー,0,0,🚧,PZL,0,0
1990-11-21,SFC,シムシティ２０００,0,0,🚧,SLG,0,0
1990-11-21,SFC,早指し二段 森田将棋２,0,0,🚧,TBL,0,0
1990-11-21,SFC,パチンコ連チャン天国 スーパーＣＲスペシャル,0,0,🚧,TBL,0,0
1990-11-21,SFC,真髄対局囲碁 碁仙人,0,0,🚧,TBL,0,0
1990-11-21,SFC,妖怪バスター ルカの大冒険,0,0,🚧,ACT,0,0
1990-11-21,SFC,エルファリアⅡ,0,0,🚧,RPG,0,0
1990-11-21,SFC,本家・ＳＡＮＫＹＯ ＦＥＶＥＲ 実機シミュレーション,0,0,🚧,TBL,0,0
1990-11-21,SFC,夜光虫,0,0,🚧,ADV,0,0
1990-11-21,SFC,Ｍｒ．Ｄｏ！　（ミスタードゥ）,0,0,🚧,ACT,0,0
1990-11-21,SFC,Ｐマン,0,0,🚧,ACT,0,0
1990-11-21,SFC,アースワーム・ジム,0,0,🚧,ACT,0,0
1990-11-21,SFC,スーパー・スター・ウォーズ ジェダイの復讐,0,0,🚧,ACT,0,0
1990-11-21,SFC,実戦競艇,0,0,🚧,ETC,0,0
1990-11-21,SFC,ルインアーム,0,0,🚧,RPG,0,0
1990-11-21,SFC,プリンセス・ミネルバ,0,0,🚧,RPG,0,0
1990-11-21,SFC,西陣パチンコ物語,0,0,🚧,TBL,0,0
1990-11-21,SFC,トランプアイランド,0,0,🚧,TBL,0,0
1990-11-21,SFC,スーパー競艇,0,0,🚧,ETC,0,0
1990-11-21,SFC,Ｃｉｒｃｕｉｔ ＵＳＡ　（サーキットＵＳＡ）,0,0,🚧,RCG,0,0
1990-11-21,SFC,とっても！ラッキーマン　ラッキークッキールーレットで突撃～！！,0,0,🚧,RPG,0,0
1990-11-21,SFC,グランヒストリア 幻史世界記,0,0,🚧,RPG,0,0
1990-11-21,SFC,復刻版 提督の決断,0,0,🚧,SLG,0,0
1990-11-21,SFC,ガメラ ギャオス撃滅作戦,0,0,🚧,SLG,0,0
1990-11-21,SFC,リトルマスター～虹色の魔石～,0,0,🚧,SLG,0,0
1990-11-21,SFC,デア ラングリッサー,0,0,🚧,SLG,0,0
1990-11-21,SFC,大物ブラックバスフィッシング人造湖編,0,0,🚧,SPT,0,0
1990-11-21,SFC,新日本プロレスリング公認’９５ 闘強導夢ＢＡＴＴＬＥ７,0,0,🚧,SPT,0,0
1990-11-21,SFC,スーパーファイヤープロレスリング クイーンズスペシャル,0,0,🚧,SPT,0,0
1990-11-21,SFC,プロ麻雀 極Ⅲ,0,0,🚧,TBL,0,0
1990-11-21,SFC,真・一攫千金,0,0,🚧,ETC,0,0
1990-11-21,SFC,スーパーＦ１サーカス外伝,0,0,🚧,RCG,0,0
1990-11-21,SFC,史記英雄伝,0,0,🚧,RPG,0,0
1990-11-21,SFC,キャラバンシューティングコレクション,0,0,🚧,SHT,0,0
1990-11-21,SFC,できたてハイスクール,0,0,🚧,SLG,0,0
1990-11-21,SFC,パチンコチャレンジャー,0,0,🚧,TBL,0,0
1990-11-21,SFC,実戦パチスロ必勝法クラシック,0,0,🚧,TBL,0,0
1990-11-21,SFC,ピットフォール マヤの大冒険,0,0,🚧,ACT,0,0
1990-11-21,SFC,スーパー競輪,0,0,🚧,ETC,0,0
1990-11-21,SFC,攻略カジノバー,0,0,🚧,ETC,0,0
1990-11-21,SFC,ＫＡＴ’Ｓ ＲＵＮ 全日本Kカー選手権,0,0,🚧,RCG,0,0
1990-11-21,SFC,ミスティックアーク,0,0,🚧,RPG,0,0
1990-11-21,SFC,ラプラスの魔,0,0,🚧,RPG,0,0
1990-11-21,SFC,甲子園４,0,0,🚧,SPT,0,0
1990-11-21,SFC,４人将棋,0,0,🚧,TBL,0,0
1990-11-21,SFC,悪魔城ドラキュラＸＸ,0,0,🚧,ACT,0,0
1990-11-21,SFC,スーパーヴァリアブル・ジオ,0,0,🚧,ACT,0,0
1990-11-21,SFC,ＧＯ ＧＯ ＡＣＫＭＡＮ２,0,0,🚧,ACT,0,0
1990-11-21,SFC,武豊 Ｇ１メモリー,0,0,🚧,ETC,0,0
1990-11-21,SFC,らんま１／２ 奥義邪暗拳,0,0,🚧,PZL,0,0
1990-11-21,SFC,ダンクエスト 魔神封印の伝説,0,0,🚧,RPG,0,0
1990-11-21,SFC,ビッグ一撃 パチスロ大攻略２ ユニバーサル・コレクション,0,0,🚧,TBL,0,0
1990-11-21,SFC,将棋最強,0,0,🚧,TBL,0,0
1990-11-21,SFC,忍たま乱太郎,0,0,🚧,ACT,0,0
1990-11-21,SFC,超原人２,0,0,🚧,ACT,0,0
1990-11-21,SFC,インディ・ジョーンズ,0,0,🚧,ACT,0,0
1990-11-21,SFC,ポポイっとへべれけ,0,0,🚧,PZL,0,0
1990-11-21,SFC,ウルティマ恐竜帝国,0,0,🚧,RPG,0,0
1990-11-21,SFC,エメラルドドラゴン,0,0,🚧,RPG,0,0
1990-11-21,SFC,就職ゲーム,0,0,🚧,SLG,0,0
1990-11-21,SFC,キャリアエース,0,0,🚧,SLG,0,0
1990-11-21,SFC,バスマスターズクラシック,0,0,🚧,SPT,0,0
1990-11-21,SFC,ウルトラリーグ 燃えろ！サッカー大決戦！！,0,0,🚧,SPT,0,0
1990-11-21,SFC,麻雀繁盛記,0,0,🚧,TBL,0,0
1990-11-21,SFC,鬼神童子ＺＥＮＫＩ 烈闘雷伝,0,0,🚧,ACT,0,0
1990-11-21,SFC,学校であった怖い話,0,0,🚧,ADV,0,0
1990-11-21,SFC,超魔法大陸ＷＯＺＺ (ウォズ),0,0,🚧,RPG,0,0
1990-11-21,SFC,稲妻サーブだ！スーパービーチバレー,0,0,🚧,SPT,0,0
1990-11-21,SFC,Jリーグサッカー プライムゴール３,0,0,🚧,SPT,0,0
1990-11-21,SFC,スーパーマリオ ヨッシーアイランド,0,0,🚧,ACT,0,0
1990-11-21,SFC,スーパーパワーリーグ３,0,0,🚧,SPT,0,0
1990-11-21,SFC,ドナルドダックの魔法のぼうし,0,0,🚧,ACT,0,0
1990-11-21,SFC,ブラックソーン 復讐の黒き棘,0,0,🚧,ACT,0,0
1990-11-21,SFC,忍者龍剣伝 巴,0,0,🚧,ACT,0,0
1990-11-21,SFC,すーぱーぐっすんおよよ,0,0,🚧,PZL,0,0
1990-11-21,SFC,ブランディッシュ２,0,0,🚧,RPG,0,0
1990-11-21,SFC,天地を喰らう 三国志群雄伝,0,0,🚧,SLG,0,0
1990-11-21,SFC,ファイティングベースボール,0,0,🚧,SPT,0,0
1990-11-21,SFC,武宮正樹九段の囲碁大将,0,0,🚧,TBL,0,0
1990-11-21,SFC,ゲームの達人,0,0,🚧,TBL,0,0
1990-11-21,SFC,魔獣王,0,0,🚧,ACT,0,0
1990-11-21,SFC,ころんらんど,0,0,🚧,ACT,0,0
1990-11-21,SFC,ザ・心理ゲーム３,0,0,🚧,ETC,0,0
1990-11-21,SFC,ヒューマングランプリ４ Ｆ１ドリームバトル,0,0,🚧,RCG,0,0
1990-11-21,SFC,実戦！バスフィッシング必勝法 ＩＮ ＵＳＡ,0,0,🚧,SPT,0,0
1990-11-21,SFC,松方弘樹のスーパートローリング,0,0,🚧,SPT,0,0
1990-11-21,SFC,京楽・三洋・豊丸・大一・マルホン Ｐａｒｌｏｒ！パーラー！２　（パーラーパーラー２）,0,0,🚧,TBL,0,0
1990-11-21,SFC,バトルロボット烈伝,0,0,🚧,SLG,0,0
1990-11-21,SFC,柿木将棋,0,0,🚧,TBL,0,0
1990-11-21,SFC,バウンティ・ソード,0,0,🚧,SLG,0,0
1990-11-21,SFC,スーパー人生ゲーム２,0,0,🚧,TBL,0,0
1990-11-21,SFC,クロックタワー,0,0,🚧,ADV,0,0
1990-11-21,SFC,マリオのスーパーピクロス,0,0,🚧,PZL,0,0
1990-11-21,SFC,桜井章一の雀鬼流麻雀必勝法,0,0,🚧,TBL,0,0
1990-11-21,SFC,スーパー鉄球ファイト！,0,0,🚧,ACT,0,0
1990-11-21,SFC,アリスのペイントアドベンチャー,0,0,🚧,ADV,0,0
1990-11-21,SFC,セント・アンドリュース 栄光と歴史のオールドコース,0,0,🚧,SPT,0,0
1990-11-21,SFC,必勝７７７ファイターⅢ 黒竜王の復活,0,0,🚧,TBL,0,0
1990-11-21,SFC,超兄貴 爆烈乱闘篇,0,0,🚧,ACT,0,0
1990-11-21,SFC,ドラゴンボールＺ 超悟空伝 覚醒編,0,0,🚧,ADV,0,0
1990-11-21,SFC,四柱推命学入門 真桃源郷,0,0,🚧,ETC,0,0
1990-11-21,SFC,陣牌,0,0,🚧,PZL,0,0
1990-11-21,SFC,新・将棋倶楽部,0,0,🚧,PZL,0,0
1990-11-21,SFC,美少女戦士セーラームーン～Ａｎｏｔｈｅｒ Ｓｔｏｒｙ～,0,0,🚧,RPG,0,0
1990-11-21,SFC,ジャングルストライク,0,0,🚧,SHT,0,0
1990-11-21,SFC,実況ワールドサッカー２ ＦＩＧＨＴＩＮＧ ＥＬＥＶＥＮ,0,0,🚧,SPT,0,0
1990-11-21,SFC,朝日新聞連載 加藤一二三 九段 将棋 心技流,0,0,🚧,TBL,0,0
1990-11-21,SFC,美食戦隊 薔薇野郎,0,0,🚧,ACT,0,0
1990-11-21,SFC,ハーメルンのバイオリン弾き,0,0,🚧,ACT,0,0
1990-11-21,SFC,ダービージョッキー２,0,0,🚧,ETC,0,0
1990-11-21,SFC,ウェディングピーチ,0,0,🚧,ETC,0,0
1990-11-21,SFC,全日本GT選手権,0,0,🚧,RCG,0,0
1990-11-21,SFC,ウィザードリィⅥ 禁断の魔筆,0,0,🚧,RPG,0,0
1990-11-21,SFC,ＭＥＴＡＬ ＭＡＸ ＲＥＴＵＲＮＳ　（メタルマックス･リターンズ）,0,0,🚧,RPG,0,0
1990-11-21,SFC,火の皇子　ヤマトタケル,0,0,🚧,RPG,0,0
1990-11-21,SFC,魔法騎士レイアース,0,0,🚧,RPG,0,0
1990-11-21,SFC,ホーリーアンブレラ ドンデラの無謀！！,0,0,🚧,RPG,0,0
1990-11-21,SFC,ヴェルヌ・ワールド,0,0,🚧,RPG,0,0
1990-11-21,SFC,サージェント・サンダース・コンバット！,0,0,🚧,SLG,0,0
1990-11-21,SFC,平安風雲伝,0,0,🚧,SLG,0,0
1990-11-21,SFC,ＡⅢ Ｓ．Ｖ．,0,0,🚧,SLG,0,0
1990-11-21,SFC,ＮＢＡ実況バスケットウイニングダンク,0,0,🚧,SPT,0,0
1990-11-21,SFC,常勝麻雀 天牌,0,0,🚧,TBL,0,0
1990-11-21,SFC,ノーマーク爆牌党 史上最強の雀士達,0,0,🚧,TBL,0,0
1990-11-21,SFC,HEIWAパチンコワールド２,0,0,🚧,TBL,0,0
1990-11-21,SFC,聖剣伝説３,0,0,🚧,RPG,0,0
1990-11-21,SFC,すぱぽ～ん,0,0,🚧,ACT,0,0
1990-11-21,SFC,神聖紀オデッセリアⅡ,0,0,🚧,RPG,0,0
1990-11-21,SFC,タクティクス オウガ,0,0,🚧,SLG,0,0
1990-11-21,SFC,激闘バーニングプロレス,0,0,🚧,SPT,0,0
1990-11-21,SFC,ハイパーイリア,0,0,🚧,ACT,0,0
1990-11-21,SFC,ゲームの鉄人 ＴＨＥ上海,0,0,🚧,PZL,0,0
1990-11-21,SFC,ＲＩＮＧＳ アストラルバウト３,0,0,🚧,ACT,0,0
1990-11-21,SFC,マジカルドロップ,0,0,🚧,PZL,0,0
1990-11-21,SFC,天地創造,0,0,🚧,RPG,0,0
1990-11-21,SFC,スーパー花札２,0,0,🚧,TBL,0,0
1990-11-21,SFC,ジャスティス・リーグ,0,0,🚧,ACT,0,0
1990-11-21,SFC,ジャッジ・ドレッド,0,0,🚧,ACT,0,0
1990-11-21,SFC,バットマン フォーエヴァー,0,0,🚧,ACT,0,0
1990-11-21,SFC,ガンガンガンチャン,0,0,🚧,ACT,0,0
1990-11-21,SFC,パネルでポン,0,0,🚧,PZL,0,0
1990-11-21,SFC,ＳＤ Ｆ－１グランプリ,0,0,🚧,RCG,0,0
1990-11-21,SFC,魔天伝説 戦慄のオーパーツ,0,0,🚧,RPG,0,0
1990-11-21,SFC,Ｌｉｇｈｔ ＦａｎｔａｓｙⅡ (ライトファンタジー2),0,0,🚧,RPG,0,0
1990-11-21,SFC,クリスタルビーンズ フロム ダンジョンエクスプローラー,0,0,🚧,RPG,0,0
1990-11-21,SFC,天地無用！げ～む編,0,0,🚧,SLG,0,0
1990-11-21,SFC,フォアマン フォー リアル,0,0,🚧,SPT,0,0
1990-11-21,SFC,ウルトラベースボール実名版３,0,0,🚧,SPT,0,0
1990-11-21,SFC,テレビアニメ スラムダンク ＳＤヒートアップ！！,0,0,🚧,SPT,0,0
1990-11-21,SFC,白いリングへ Ｔｗｉｎｋｌｅ Ｌｉｔｔｌｅ Ｓｔａｒ,0,0,🚧,SPT,0,0
1990-11-21,SFC,パチスロ物語 パル工業スペシャル,0,0,🚧,TBL,0,0
1990-11-21,SFC,真 哭きの竜　麻雀飛翔伝,0,0,🚧,TBL,0,0
1990-11-21,SFC,紺碧の艦隊,0,0,🚧,SLG,0,0
1990-11-21,SFC,必殺パチンココレクション３,0,0,🚧,TBL,0,0
1990-11-21,SFC,全国縦断ウルトラ心理ゲーム,0,0,🚧,ETC,0,0
1990-11-21,SFC,ロマンシング サ・ガ３,0,0,🚧,RPG,0,0
1990-11-21,SFC,レンダリング・レンジャーＲ２,0,0,🚧,ACT,0,0
1990-11-21,SFC,ブロックくずし,0,0,🚧,ACT,0,0
1990-11-21,SFC,新スタートレック ザ・ネクストジェネレーション(大いなる遺産ＩＦＤの謎を追え),0,0,🚧,ADV,0,0
1990-11-21,SFC,上海 万里の長城,0,0,🚧,PZL,0,0
1990-11-21,SFC,ロゴス・パニック ごあいさつ,0,0,🚧,PZL,0,0
1990-11-21,SFC,キャプテン翼J ザ･ウェイ･トゥ･ワールド･ユース,0,0,🚧,SPT,0,0
1990-11-21,SFC,全国高校サッカー２,0,0,🚧,SPT,0,0
1990-11-21,SFC,スーパードンキーコング２,0,0,🚧,ACT,0,0
1990-11-21,SFC,鬼神童子ZENKI 電影雷舞,0,0,🚧,ACT,0,0
1990-11-21,SFC,ＭＩＧＨＴＹ ＭＯＲＰＨＩＮ ＰＯＷＥＲ ＲＡＮＧＥＲＳ,0,0,🚧,ACT,0,0
1990-11-21,SFC,魔女たちの眠り,0,0,🚧,ADV,0,0
1990-11-21,SFC,リーディングジョッキー２,0,0,🚧,ETC,0,0
1990-11-21,SFC,スーパー億万長者ゲーム,0,0,🚧,TBL,0,0
1990-11-21,SFC,ゼロヨンチャンプＲＲ－Ｚ,0,0,🚧,RCG,0,0
1990-11-21,SFC,ロックマンＸ３,0,0,🚧,ACT,0,0
1990-11-21,SFC,ちびまる子ちゃん めざせ！南のアイランド！！,0,0,🚧,ACT,0,0
1990-11-21,SFC,おーちゃんのお絵かきロジック,0,0,🚧,PZL,0,0
1990-11-21,SFC,不思議のダンジョン２ 風来のシレン,0,0,🚧,RPG,0,0
1990-11-21,SFC,Ｂ．Ｂ．ＧＵＮ　（ボールバレットガン）,0,0,🚧,SLG,0,0
1990-11-21,SFC,ＢＩＧ ＨＵＲＴベースボール,0,0,🚧,SPT,0,0
1990-11-21,SFC,ドカポン外伝　炎のオーディション,0,0,🚧,TBL,0,0
1990-11-21,SFC,パチ夫くんＳＰＥＣＩＡＬ３,0,0,🚧,TBL,0,0
1990-11-21,SFC,ミッキーとドナルド マジカルアドベンチャー３,0,0,🚧,ACT,0,0
1990-11-21,SFC,アメリカン バトルドーム,0,0,🚧,ACT,0,0
1990-11-21,SFC,す～ぱ～ぷよぷよ通,0,0,🚧,PZL,0,0
1990-11-21,SFC,クロックワークス,0,0,🚧,PZL,0,0
1990-11-21,SFC,美少女戦士セーラームーンＳｕｐｅｒＳ ふわふわパニック,0,0,🚧,PZL,0,0
1990-11-21,SFC,アンジェリーク プレミアムＢＯＸ,0,0,🚧,SLG,0,0
1990-11-21,SFC,ＭＡＳＴＥＲＳ Ｎｅｗ 遙かなるオーガスタ３,0,0,🚧,SPT,0,0
1990-11-21,SFC,スーパー桃太郎電鉄ＤＸ,0,0,🚧,TBL,0,0
1990-11-21,SFC,ドラゴンクエストＶＩ　幻の大地,0,0,🚧,RPG,0,0
1990-11-21,SFC,ドラえもん４ のび太と月の王国,0,0,🚧,ACT,0,0
1990-11-21,SFC,ニチブツアーケードクラシックス２ 平安京エイリアン,0,0,🚧,ACT,0,0
1990-11-21,SFC,ＧＯ ＧＯ ＡＣＫＭＡＮ３,0,0,🚧,ACT,0,0
1990-11-21,SFC,エミット バリューセット,0,0,🚧,ETC,0,0
1990-11-21,SFC,テイルズ オブ ファンタジア,0,0,🚧,RPG,0,0
1990-11-21,SFC,実況おしゃべりパロディウス,0,0,🚧,SHT,0,0
1990-11-21,SFC,テーマパーク,0,0,🚧,SLG,0,0
1990-11-21,SFC,プリンセスメーカー Ｌｅｇｅｎｄ ｏｆ Ａｎｏｔｈｅｒ Ｗｏｒｌｄ,0,0,🚧,SLG,0,0
1990-11-21,SFC,聖獣魔伝ビースト＆ブレイド,0,0,🚧,SLG,0,0
1990-11-21,SFC,ＪＢ ザ・スーパーバス,0,0,🚧,SPT,0,0
1990-11-21,SFC,スーパーブラックバス３,0,0,🚧,SPT,0,0
1990-11-21,SFC,もってけ Ｏｈ！ドロボー,0,0,🚧,TBL,0,0
1990-11-21,SFC,商人よ、大志を抱け！！,0,0,🚧,TBL,0,0
1990-11-21,SFC,本家・ＳＡＮＫＹＯ ＦＥＶＥＲ 実機シミュレーション２,0,0,🚧,TBL,0,0
1990-11-21,SFC,水木しげるの妖怪百鬼夜行,0,0,🚧,TBL,0,0
1990-11-21,SFC,ファイナルファイト タフ,0,0,🚧,ACT,0,0
1990-11-21,SFC,がんばれゴエモン きらきら道中 僕がダンサーになった理由.,0,0,🚧,ACT,0,0
1990-11-21,SFC,黄龍の耳,0,0,🚧,ACT,0,0
1990-11-21,SFC,３×３ＥＹＥＳ(サザンアイズ) 獣魔奉還,0,0,🚧,ACT,0,0
1990-11-21,SFC,ザ・グレイトバトルＶ,0,0,🚧,ACT,0,0
1990-11-21,SFC,月面のアヌビス,0,0,🚧,ADV,0,0
1990-11-21,SFC,ざくろの味,0,0,🚧,ADV,0,0
1990-11-21,SFC,ロードス島戦記,0,0,🚧,RPG,0,0
1990-11-21,SFC,スーパーチャイニーズワールド３,0,0,🚧,RPG,0,0
1990-11-21,SFC,天外魔境ＺＥＲＯ,0,0,🚧,RPG,0,0
1990-11-21,SFC,ＳＤガンダム ＧＮＥＸＴ,0,0,🚧,SLG,0,0
1990-11-21,SFC,戦国の覇者 天下布武への道,0,0,🚧,SLG,0,0
1990-11-21,SFC,ファーランドストーリー２,0,0,🚧,SLG,0,0
1990-11-21,SFC,バトルサブマリン,0,0,🚧,SLG,0,0
1990-11-21,SFC,テクモスーパーボウルⅢ ＦＩＮＡＬ ＥＤＩＴＩＯＮ,0,0,🚧,SPT,0,0
1990-11-21,SFC,スーパーファイヤープロレスリングＸ,0,0,🚧,SPT,0,0
1990-11-21,SFC,将棋三昧,0,0,🚧,TBL,0,0
1990-11-21,SFC,最強 高田延彦,0,0,🚧,SPT,0,0
1990-11-21,SFC,三國志英傑伝,0,0,🚧,SLG,0,0
1990-11-21,SFC,イースV 失われた砂の都ケフィン,0,0,🚧,RPG,0,0
1990-11-21,SFC,スーパー将棋３ 棋太平,0,0,🚧,TBL,0,0
1990-11-21,SFC,大爆笑人生劇場 ずっこけサラリーマン編,0,0,🚧,TBL,0,0
1990-11-21,SFC,京楽・三洋・豊丸・奥村・大一・マルホン Ｐａｒｌｏｒ！パーラー！Ⅳ　ＣＲ　（パーラーパーラー４）,0,0,🚧,TBL,0,0
1990-11-21,SFC,対局囲碁 韋駄天,0,0,🚧,TBL,0,0
1990-11-21,SFC,Ｘ ＢＡＮＤ,0,0,🚧,ETC,0,0
1990-11-21,SFC,魔導物語 はなまる大幼稚園児,0,0,🚧,RPG,0,0
1990-11-21,SFC,的中競馬塾,0,0,🚧,ETC,0,0
1990-11-21,SFC,磯釣り 離島編,0,0,🚧,SPT,0,0
1990-11-21,SFC,京楽・三洋・豊丸・奥村・太陽 Ｐａｒｌｏｒ！パーラー！３　（パーラーパーラー３）,0,0,🚧,TBL,0,0
1990-11-21,SFC,ＳＤガンダム Ｐｏｗｅｒ Ｆｏｒｍａｔｉｏｎ Ｐｕｚｚｌｅ,0,0,🚧,PZL,0,0
1990-11-21,SFC,ＭＡＤＡＲＡ ＳＡＧＡ 幼稚園戦記まだら,0,0,🚧,RPG,0,0
1990-11-21,SFC,無人島物語,0,0,🚧,SLG,0,0
1990-11-21,SFC,信長の野望 天翔記,0,0,🚧,SLG,0,0
1990-11-21,SFC,スーパー野球道,0,0,🚧,SPT,0,0
1990-11-21,SFC,平成軍人将棋,0,0,🚧,TBL,0,0
1990-11-21,SFC,囲碁倶楽部,0,0,🚧,TBL,0,0
1990-11-21,SFC,ＲＰＧツクール２,0,0,🚧,ETC,0,0
1990-11-21,SFC,幕末降臨伝ＯＮＩ,0,0,🚧,RPG,0,0
1990-11-21,SFC,ときめきメモリアル 伝説の樹の下で,0,0,🚧,SLG,0,0
1990-11-21,SFC,バハムートラグーン,0,0,🚧,SLG,0,0
1990-11-21,SFC,将棋最強Ⅱ　実戦対局編,0,0,🚧,TBL,0,0
1990-11-21,SFC,プロ棋士人生シミュレーション 将棋の花道,0,0,🚧,TBL,0,0
1990-11-21,SFC,ガンハザード,0,0,🚧,ACT,0,0
1990-11-21,SFC,バトルテック３０５０,0,0,🚧,SHT,0,0
1990-11-21,SFC,鬼神童子ＺＥＮＫＩ 天地鳴動,0,0,🚧,TBL,0,0
1990-11-21,SFC,実況パワフルプロ野球３,0,0,🚧,SPT,0,0
1990-11-21,SFC,スーパーファミスタ５,0,0,🚧,SPT,0,0
1990-11-21,SFC,晦-つきこもり-,0,0,🚧,ADV,0,0
1990-11-21,SFC,鮫亀 ＋キャラカセット(付属品BSMC-ZS5J-JPN),0,0,🚧,PZL,0,0
1990-11-21,SFC,レボリューションＸ,0,0,🚧,SHT,0,0
1990-11-21,SFC,ドゥーム　（ＤＯＯＭ）,0,0,🚧,SHT,0,0
1990-11-21,SFC,機動戦士Zガンダム Ａｗａｙ ｔｏ Ｔｈｅ Ｎｅｗｔｙｐｅ,0,0,🚧,SLG,0,0
1990-11-21,SFC,ＮＦＬ クォーターバッククラブ’９６,0,0,🚧,SPT,0,0
1990-11-21,SFC,レッスルマニア・ジ・アーケードゲーム,0,0,🚧,SPT,0,0
1990-11-21,SFC,す～ぱ～ぷよぷよ通 リミックス,0,0,🚧,PZL,0,0
1990-11-21,SFC,銀河戦国群雄伝 ライ,0,0,🚧,SLG,0,0
1990-11-21,SFC,実戦パチンコ必勝法！２,0,0,🚧,TBL,0,0
1990-11-21,SFC,スーパーマリオＲＰＧ,0,0,🚧,RPG,0,0
1990-11-21,SFC,ダービースタリオン９６,0,0,🚧,ETC,0,0
1990-11-21,SFC,峠・伝説 最速バトル,0,0,🚧,RCG,0,0
1990-11-21,SFC,ブランディッシュ２ エキスパート,0,0,🚧,RPG,0,0
1990-11-21,SFC,カオスシード 風水回廊記,0,0,🚧,SLG,0,0
1990-11-21,SFC,星のカービィ スーパーデラックス,0,0,🚧,ACT,0,0
1990-11-21,SFC,ドレミファンタジー ミロンのドキドキ大冒険,0,0,🚧,ACT,0,0
1990-11-21,SFC,ＮＥＷヤッターマン 難題かんだいヤジロベエ,0,0,🚧,ACT,0,0
1990-11-21,SFC,実況競馬シミュレーション ステイブルスター 厩舎物語,0,0,🚧,ETC,0,0
1990-11-21,SFC,イースV エキスパート,0,0,🚧,RPG,0,0
1990-11-21,SFC,スーパーロボット大戦外伝　魔装機神,0,0,🚧,SLG,0,0
1990-11-21,SFC,９６全国高校サッカー選手権,0,0,🚧,SPT,0,0
1990-11-21,SFC,林海峯九段の囲碁大道,0,0,🚧,TBL,0,0
1990-11-21,SFC,ギャンブル放浪記,0,0,🚧,TBL,0,0
1990-11-21,SFC,美少女戦士セーラームーンＳｕｐｅｒＳ 全員参加！！ 主役争奪戦,0,0,🚧,ACT,0,0
1990-11-21,SFC,忍たま乱太郎２,0,0,🚧,ACT,0,0
1990-11-21,SFC,新機動戦記ガンダムＷ Ｅｎｄｌｅｓｓ Ｄｕｅｌ,0,0,🚧,ACT,0,0
1990-11-21,SFC,ドラゴンボールＺ Ｈｙｐｅｒ Ｄｉｍｅｎｓｉｏｎ,0,0,🚧,ACT,0,0
1990-11-21,SFC,マップ＆コレクション（ＳＤガンダム ＧＮＥＸＴ専用）,0,0,🚧,ETC,0,0
1990-11-21,SFC,それいけエビス丸 からくり迷路,0,0,🚧,PZL,0,0
1990-11-21,SFC,ＧＴレーシング,0,0,🚧,RCG,0,0
1990-11-21,SFC,アンジェリーク ヴォイス・ファンタジー,0,0,🚧,SLG,0,0
1990-11-21,SFC,美少女レスラー列伝 ブリザードＹｕｋｉ乱入,0,0,🚧,SPT,0,0
1990-11-21,SFC,スーパーファイヤープロレスリングＸ プレミアム,0,0,🚧,SPT,0,0
1990-11-21,SFC,スーパーフォーメーションサッカー’９６　ＷＣＥ,0,0,🚧,SPT,0,0
1990-11-21,SFC,京楽・三洋・マルホン Ｐａｒｌｏｒ！パーラー！５　（パーラーパーラー５）,0,0,🚧,TBL,0,0
1990-11-21,SFC,ルドラの秘宝,0,0,🚧,RPG,0,0
1990-11-21,SFC,実戦パチスロ必勝法！山佐伝説,0,0,🚧,TBL,0,0
1990-11-21,SFC,音楽ツクール かなでーる,0,0,🚧,ETC,0,0
1990-11-21,SFC,魔法陣グルグル２,0,0,🚧,RPG,0,0
1990-11-21,SFC,蓬莱学園の冒険！　転校生スクランブル,0,0,🚧,RPG,0,0
1990-11-21,SFC,トイ・ストーリー,0,0,🚧,ACT,0,0
1990-11-21,SFC,スーパーボンバーマン４,0,0,🚧,ACT,0,0
1990-11-21,SFC,Ｊｕｍｐｉｎ’ Ｄｅｒｂｙ (ジャンピンダービー),0,0,🚧,ETC,0,0
1990-11-21,SFC,スーパー競艇２,0,0,🚧,ETC,0,0
1990-11-21,SFC,一発逆転！！ 競馬・競輪・競艇,0,0,🚧,ETC,0,0
1990-11-21,SFC,Ｊリーグエキサイトステージ’９６,0,0,🚧,SPT,0,0
1990-11-21,SFC,ＨＥＩＷＡパチンコワールド３,0,0,🚧,TBL,0,0
1990-11-21,SFC,Ｐａｒｌｏｒ！Ｍｉｎｉ　（パーラーミニ）,0,0,🚧,TBL,0,0
1990-11-21,SFC,ファイアーエムブレム 聖戦の系譜,0,0,🚧,SLG,0,0
1990-11-21,SFC,すーぱーぐっすんおよよ２,0,0,🚧,PZL,0,0
1990-11-21,SFC,トレジャーハンターＧ,0,0,🚧,RPG,0,0
1990-11-21,SFC,ごきんじょ冒険隊,0,0,🚧,RPG,0,0
1990-11-21,SFC,すぱぽーんＤＸ,0,0,🚧,ACT,0,0
1990-11-21,SFC,サウンドノベルツクール,0,0,🚧,ETC,0,0
1990-11-21,SFC,ダークハーフ,0,0,🚧,RPG,0,0
1990-11-21,SFC,フィッシング甲子園,0,0,🚧,SPT,0,0
1990-11-21,SFC,Jリーグ’９６ ドリームスタジアム,0,0,🚧,SPT,0,0
1990-11-21,SFC,アラビアンナイト 砂漠の精霊王,0,0,🚧,RPG,0,0
1990-11-21,SFC,ベストショットプロゴルフ,0,0,🚧,SLG,0,0
1990-11-21,SFC,スーファミターボ,0,0,🚧,ETC,0,0
1990-11-21,SFC,スーファミターボ専用 SDウルトラバトル ウルトラマン伝説,0,0,🚧,ACT,0,0
1990-11-21,SFC,スーファミターボ専用 SDウルトラバトル セブン伝説,0,0,🚧,ACT,0,0
1990-11-21,SFC,スーファミターボ専用 ぽいぽい忍者ワールド,0,0,🚧,ACT,0,0
1990-11-21,SFC,パズル 忍たま乱太郎　忍術学園パズル大会の段,0,0,🚧,PZL,0,0
1990-11-21,SFC,す～ぱ～なぞぷよ通 ルルーの鉄腕繁盛記,0,0,🚧,PZL,0,0
1990-11-21,SFC,空想科学世界ガリバーボーイ,0,0,🚧,RPG,0,0
1990-11-21,SFC,トラバース,0,0,🚧,RPG,0,0
1990-11-21,SFC,西陣パチンコ物語２,0,0,🚧,TBL,0,0
1990-11-21,SFC,Ｐａｒｌｏｒ！Ｍｉｎｉ２　（パーラーミニ２）,0,0,🚧,TBL,0,0
1990-11-21,SFC,スターオーシャン,0,0,🚧,RPG,0,0
1990-11-21,SFC,実況パワフルプロ野球’９６ 開幕版,0,0,🚧,SPT,0,0
1990-11-21,SFC,海のぬし釣り,0,0,🚧,SPT,0,0
1990-11-21,SFC,スーファミターボ専用 ゲゲゲの鬼太郎 妖怪ドンジャラ,0,0,🚧,TBL,0,0
1990-11-21,SFC,スーパートランプコレクション２,0,0,🚧,TBL,0,0
1990-11-21,SFC,レナスⅡ　封印の使徒,0,0,🚧,RPG,0,0
1990-11-21,SFC,スプリガン・パワード,0,0,🚧,SHT,0,0
1990-11-21,SFC,シムシティＪｒ．,0,0,🚧,SLG,0,0
1990-11-21,SFC,エナジーブレイカー,0,0,🚧,SLG,0,0
1990-11-21,SFC,アースライト ルナ・ストライク,0,0,🚧,SLG,0,0
1990-11-21,SFC,スーファミターボ専用 ＳＤガンダムジェネレーション 一年戦争記,0,0,🚧,SLG,0,0
1990-11-21,SFC,スーファミターボ専用 ＳＤガンダムジェネレーション グリプス戦記,0,0,🚧,SLG,0,0
1990-11-21,SFC,テーブルゲーム大集合！将棋・麻雀・花札・トゥーサイド,0,0,🚧,TBL,0,0
1990-11-21,SFC,大貝獣物語Ⅱ,0,0,🚧,RPG,0,0
1990-11-21,SFC,忍たま乱太郎すぺしゃる,0,0,🚧,ACT,0,0
1990-11-21,SFC,赤ずきんチャチャ,0,0,🚧,RPG,0,0
1990-11-21,SFC,牧場物語,0,0,🚧,SLG,0,0
1990-11-21,SFC,スーパーパワーリーグ４,0,0,🚧,SPT,0,0
1990-11-21,SFC,スーファミターボ専用 激走戦隊カーレンジャー 全開！レーサー戦士,0,0,🚧,ACT,0,0
1990-11-21,SFC,スーファミターボ専用 ＳＤガンダムジェネレーション アクシズ戦記,0,0,🚧,SLG,0,0
1990-11-21,SFC,スーファミターボ専用 ＳＤガンダムジェネレーション バビロニア建国戦記,0,0,🚧,SLG,0,0
1990-11-21,SFC,古田敦也のシミュレーションプロ野球２,0,0,🚧,SPT,0,0
1990-11-21,SFC,ナンバーズパラダイス,0,0,🚧,ETC,0,0
1990-11-21,SFC,大戦略エキスパートＷＷⅡ,0,0,🚧,SLG,0,0
1990-11-21,SFC,必殺パチンココレクション４,0,0,🚧,TBL,0,0
1990-11-21,SFC,本家・ＳＡＮＫＹＯ ＦＥＶＥＲ 実機シミュレーション３,0,0,🚧,TBL,0,0
1990-11-21,SFC,実況パワープロレスリング’９６,0,0,🚧,SPT,0,0
1990-11-21,SFC,ペブルビーチの波濤Ｎｅｗ トーナメントエディション,0,0,🚧,SPT,0,0
1990-11-21,SFC,マジカルドロップ２,0,0,🚧,PZL,0,0
1990-11-21,SFC,ウィザードリィ・外伝Ⅳ 胎魔の鼓動,0,0,🚧,RPG,0,0
1990-11-21,SFC,スーファミターボ専用 クレヨンしんちゃん 長ぐつドボン,0,0,🚧,PZL,0,0
1990-11-21,SFC,スーファミターボ専用 美少女戦士セーラームーン セーラースターズ ふわふわパニック２,0,0,🚧,PZL,0,0
1990-11-21,SFC,モンスタニア,0,0,🚧,RPG,0,0
1990-11-21,SFC,スーファミターボ専用 ＳＤガンダムジェネレーション コロニー格闘記,0,0,🚧,SLG,0,0
1990-11-21,SFC,スーファミターボ専用 ＳＤガンダムジェネレーション ザンスカール戦記,0,0,🚧,SLG,0,0
1990-11-21,SFC,Ｐａｒｌｏｒ！Ｍｉｎｉ３　（パーラーミニ３）,0,0,🚧,TBL,0,0
1990-11-21,SFC,スーパーニチブツマージャン４ 基礎研究編,0,0,🚧,TBL,0,0
1990-11-21,SFC,ウイニングポスト２ プログラム’９６,0,0,🚧,ETC,0,0
1990-11-21,SFC,マーヴルスーパーヒーローズ ウォー オブ ザ ジェム,0,0,🚧,ACT,0,0
1990-11-21,SFC,サラブレッドブリーダーⅢ,0,0,🚧,ETC,0,0
1990-11-21,SFC,タワードリーム,0,0,🚧,TBL,0,0
1990-11-21,SFC,マーヴェラス もうひとつの宝島,0,0,🚧,ADV,0,0
1990-11-21,SFC,スーパードンキーコング３ 謎のクレミス島,0,0,🚧,ACT,0,0
1990-11-21,SFC,ＶＳ.コレクション,0,0,🚧,ETC,0,0
1990-11-21,SFC,スーパー人生ゲーム３,0,0,🚧,TBL,0,0
1990-11-21,SFC,Ｐａｒｌｏｒ！Ｍｉｎｉ４　（パーラーミニ４）,0,0,🚧,TBL,0,0
1990-11-21,SFC,ニチブツコレクション１,0,0,🚧,TBL,0,0
1990-11-21,SFC,ドラゴンクエストⅢ　そして伝説へ…,0,0,🚧,RPG,0,0
1990-11-21,SFC,桃太郎電鉄ＨＡＰＰＹ,0,0,🚧,TBL,0,0
1990-11-21,SFC,すごろく銀河戦記,0,0,🚧,TBL,0,0
1990-11-21,SFC,ストリートファイターＺＥＲＯ２,0,0,🚧,ACT,0,0
1990-11-21,SFC,ドナルドダックのマウイマラード,0,0,🚧,ACT,0,0
1990-11-21,SFC,ピノキオ,0,0,🚧,ACT,0,0
1990-11-21,SFC,Ｃｕ－Ｏｎ－Ｐａ ＳＦＣ (クオンパ),0,0,🚧,PZL,0,0
1990-11-21,SFC,Ｇ．Ｏ．Ｄ 目覚めよと呼ぶ声が聴こえ,0,0,🚧,RPG,0,0
1990-11-21,SFC,ボンバーマンビーダマン,0,0,🚧,SHT,0,0
1990-11-21,SFC,ミニ四駆 シャイニングスコーピオン レッツ＆ゴー！！,0,0,🚧,SLG,0,0
1990-11-21,SFC,西陣パチンコ３,0,0,🚧,TBL,0,0
1990-11-21,SFC,マスク,0,0,🚧,ACT,0,0
1990-11-21,SFC,ドラゴンナイト４,0,0,🚧,SLG,0,0
1990-11-21,SFC,ニチブツコレクション２,0,0,🚧,TBL,0,0
1990-11-21,SFC,アルカノイド －Ｄｏｈ Ｉｔ Ａｇａｉｎ－,0,0,🚧,ACT,0,0
1990-11-21,SFC,ＢＵＳＨＩ 青龍伝 二人の勇者,0,0,🚧,RPG,0,0
1990-11-21,SFC,プロ野球スター,0,0,🚧,SPT,0,0
1990-11-21,SFC,ピキーニャ！,0,0,🚧,PZL,0,0
1990-11-21,SFC,ガンプル,0,0,🚧,RPG,0,0
1990-11-21,SFC,ミランドラ,0,0,🚧,RPG,0,0
1990-11-21,SFC,糸井重里のバス釣りＮｏ．１,0,0,🚧,SPT,0,0
1990-11-21,SFC,忍たま乱太郎３,0,0,🚧,ACT,0,0
1990-11-21,SFC,スーパーボンバーマン５,0,0,🚧,ACT,0,0
1990-11-21,SFC,アニマニアクス,0,0,🚧,ACT,0,0
1990-11-21,SFC,パチスロ完全攻略 ユニバーサル新台入荷Ｖｏｌ．１,0,0,🚧,TBL,0,0
1990-11-21,SFC,キャスパー,0,0,🚧,ACT,0,0
1990-11-21,SFC,スーパーダブル役満Ⅱ,0,0,🚧,TBL,0,0
1990-11-21,SFC,実戦パチスロ必勝法！ＴＷＩＮ,0,0,🚧,TBL,0,0
1990-11-21,SFC,実況パワフルプロ野球３ ’９７春,0,0,🚧,SPT,0,0
1990-11-21,SFC,ソリッドランナー,0,0,🚧,RPG,0,0
1990-11-21,SFC,ダークロウ Ｍｅａｎｉｎｇ ｏｆ Ｄｅａｔｈ,0,0,🚧,RPG,0,0
1990-11-21,SFC,Ｐａｒｌｏｒ！Ｍｉｎｉ５　（パーラーミニ５）,0,0,🚧,TBL,0,0
1990-11-21,SFC,プロ麻雀 兵(つわもの),0,0,🚧,TBL,0,0
1990-11-21,SFC,プロ野球熱闘ぱずるスタジアム,0,0,🚧,PZL,0,0
1990-11-21,SFC,Ｐａｒｌｏｒ！Ｍｉｎｉ６　（パーラーミニ６）,0,0,🚧,TBL,0,0
1990-11-21,SFC,ふね太郎,0,0,🚧,SPT,0,0
1990-11-21,SFC,Ｐａｒｌｏｒ！Ｍｉｎｉ７　（パーラーミニ７）,0,0,🚧,TBL,0,0
1990-11-21,SFC,実戦パチスロ必勝法！Ｔｗｉｎ ｖｏｌ．２,0,0,🚧,TBL,0,0
1990-11-21,SFC,ＳＦメモリカセット,0,0,🚧,ETC,0,0
1990-11-21,SFC,爆球連発！！ スーパービーダマン,0,0,🚧,SHT,0,0
1990-11-21,SFC,ＪＲＡ　ＰＡＴ　（ＮＤＳＦ付属カセット）,0,0,🚧,ETC,0,0
1990-11-21,SFC,スーパーゲームボーイ２,0,0,🚧,ETC,0,0
1990-11-21,SFC,ＨＥＩＷＡ Ｐａｒｌｏｒ！Ｍｉｎｉ８ パチンコ実機シミュレーションゲーム,0,0,🚧,TBL,0,0
1990-11-21,SFC,実況パワフルプロ野球BASIC’９８,0,0,🚧,SPT,0,0
1990-11-21,SFC,星のカービィ３,0,0,🚧,ACT,0,0
1990-11-21,SFC,ロックマン＆フォルテ,0,0,🚧,ACT,0,0
1990-11-21,SFC,平成 新・鬼ヶ島 前編,0,0,🚧,ADV,0,0
1990-11-21,SFC,平成 新・鬼ヶ島 後編,0,0,🚧,ADV,0,0
1990-11-21,SFC,レッキングクルー’９８,0,0,🚧,PZL,0,0
1990-11-21,SFC,ダービースタリオン９８,0,0,🚧,ETC,0,0
1990-11-21,SFC,ミニ四駆レッツ＆ゴー！！ ＰＯＷＥＲ ＷＧＰ２,0,0,🚧,RPG,0,0
1990-11-21,SFC,ＰＯＷＥＲ倉庫番,0,0,🚧,PZL,0,0
1990-11-21,SFC,カービィのきらきらきっず,0,0,🚧,PZL,0,0
1990-11-21,SFC,すってはっくん,0,0,🚧,PZL,0,0
1990-11-21,SFC,ＪＲＡ　ＰＡＴ　ワイド対応（ＮＤＳＦ付属カセット）,0,0,🚧,ETC,0,0
1990-11-21,SFC,ファイアーエムブレム トラキア７７６,0,0,🚧,SLG,0,0
1990-11-21,SFC,メタルスレイダーグローリー ディレクターズカット プリライト版,0,0,🚧,ADV,0,0
1990-11-21,SFC,[ＮＰ専] ＰＯＷＥＲロードランナー,0,0,🚧,PZL,0,0
1990-11-21,SFC,[ＮＰ専] ＳＵＰＥＲ ＰＵＮＣＨ－ＯＵＴ！！,0,0,🚧,SPT,0,0
1990-11-21,SFC,[ＮＰ専] ＺＯＯっと麻雀！,0,0,🚧,TBL,0,0
1990-11-21,SFC,[ＮＰ専] ウィザードリィⅠ・Ⅱ・Ⅲ  ストーリーオブリルガミン,0,0,🚧,RPG,0,0
1990-11-21,SFC,[ＮＰ専] お絵かきロジック,0,0,🚧,PZL,0,0
1990-11-21,SFC,[ＮＰ専] お絵かきロジック２,0,0,🚧,PZL,0,0
1990-11-21,SFC,[ＮＰ専] コラムス,0,0,🚧,PZL,0,0
1990-11-21,SFC,[ＮＰ専] スーパーファミコンウォーズ,0,0,🚧,SLG,0,0
1990-11-21,SFC,[ＮＰ専] スーパーファミリーゲレンデ,0,0,🚧,SPT,0,0
1990-11-21,SFC,[ＮＰ専] たまごっちタウン,0,0,🚧,SLG,0,0
1990-11-21,SFC,[ＮＰ専] ドクターマリオ,0,0,🚧,PZL,0,0
1990-11-21,SFC,[ＮＰ専] はじまりの森,0,0,🚧,ADV,0,0
1990-11-21,SFC,[ＮＰ専] ピクロスＮＰ Ｖｏｌ．１,0,0,🚧,PZL,0,0
1990-11-21,SFC,[ＮＰ専] ピクロスＮＰ Ｖｏｌ．２,0,0,🚧,PZL,0,0
1990-11-21,SFC,[ＮＰ専] ピクロスＮＰ Ｖｏｌ．３,0,0,🚧,PZL,0,0
1990-11-21,SFC,[ＮＰ専] ピクロスＮＰ Ｖｏｌ．４,0,0,🚧,PZL,0,0
1990-11-21,SFC,[ＮＰ専] ピクロスＮＰ Ｖｏｌ．５,0,0,🚧,PZL,0,0
1990-11-21,SFC,[ＮＰ専] ピクロスＮＰ Ｖｏｌ．６,0,0,🚧,PZL,0,0
1990-11-21,SFC,[ＮＰ専] ピクロスＮＰ Ｖｏｌ．７,0,0,🚧,PZL,0,0
1990-11-21,SFC,[ＮＰ専] ピクロスＮＰ Ｖｏｌ．８,0,0,🚧,PZL,0,0
1990-11-21,SFC,[ＮＰ専] ファミコン探偵倶楽部ＰＡＲＴⅡ うしろに立つ少女,0,0,🚧,ADV,0,0
1990-11-21,SFC,[ＮＰ専] リングにかけろ,0,0,🚧,SPT,0,0
1990-11-21,SFC,[ＮＰ専] 幻獣旅団,0,0,🚧,SLG,0,0
1990-11-21,SFC,[ＮＰ専] 同級生２,0,0,🚧,ADV,0,0
1990-11-21,SFC,ＡⅢ Ｓ．Ｖ．,0,0,🚧,SLG,0,0
1990-11-21,SFC,Ｃｕ－Ｏｎ－Ｐａ ＳＦＣ,0,0,🚧,PZL,0,0
1990-11-21,SFC,Ｆ－ＺＥＲＯ,0,0,🚧,RCG,0,0
1990-11-21,SFC,ＭＥＴＡＬ ＭＡＸ２,0,0,🚧,RPG,0,0
1990-11-21,SFC,ＭＯＴＨＥＲ２ ギーグの逆襲　（マザー２）,0,0,🚧,RPG,0,0
1990-11-21,SFC,Ｐｏｐ’ｎツインビー,0,0,🚧,SHT,0,0
1990-11-21,SFC,ＰＯＷＥＲ倉庫番,0,0,🚧,PZL,0,0
1990-11-21,SFC,ＲＰＧツクール ＳＵＰＥＲ ＤＡＮＴＥ,0,0,🚧,ETC,0,0
1990-11-21,SFC,アースライト ルナ・ストライク,0,0,🚧,SLG,0,0
1990-11-21,SFC,アクスレイ(ＡＸＥＬＡＹ),0,0,🚧,SHT,0,0
1990-11-21,SFC,アレサ(ＡＲＥＴＨＡ),0,0,🚧,RPG,0,0
1990-11-21,SFC,アレサⅡ(ＡＲＥＴＨＡ２),0,0,🚧,RPG,0,0
1990-11-21,SFC,イーハトーヴォ物語,0,0,🚧,ADV,0,0
1990-11-21,SFC,ウィザードリィ・外伝Ⅳ 胎魔の鼓動,0,0,🚧,RPG,0,0
1990-11-21,SFC,ウイニングポスト２ プログラム’９６,0,0,🚧,ETC,0,0
1990-11-21,SFC,エストポリス伝記,0,0,🚧,RPG,0,0
1990-11-21,SFC,エルファリアⅡ,0,0,🚧,RPG,0,0
1990-11-21,SFC,カービィのきらきらきっず,0,0,🚧,PZL,0,0
1990-11-21,SFC,カービィボウル,0,0,🚧,ACT,0,0
1990-11-21,SFC,かまいたちの夜,0,0,🚧,ADV,0,0
1990-11-21,SFC,がんばれゴエモン きらきら道中,0,0,🚧,ACT,0,0
1990-11-21,SFC,がんばれゴエモン３ 獅子重禄兵衛のからくり卍固め,0,0,🚧,ACT,0,0
1990-11-21,SFC,キッドクラウンのクレイジーチェイス,0,0,🚧,ACT,0,0
1990-11-21,SFC,キャメルトライ,0,0,🚧,ACT,0,0
1990-11-21,SFC,キャラバンシューティングコレクション,0,0,🚧,SHT,0,0
1990-11-21,SFC,グラディウスⅢ,0,0,🚧,SHT,0,0
1990-11-21,SFC,クロックタワー,0,0,🚧,ADV,0,0
1990-11-21,SFC,コズモギャング ザ パズル,0,0,🚧,PZL,0,0
1990-11-21,SFC,コズモギャング ザ ビデオ,0,0,🚧,SHT,0,0
1990-11-21,SFC,ザ・ファイヤーメン,0,0,🚧,ACT,0,0
1990-11-21,SFC,サンドラの大冒険 ワルキューレとの出逢い,0,0,🚧,ACT,0,0
1990-11-21,SFC,ジ・アトラス,0,0,🚧,SLG,0,0
1990-11-21,SFC,シムシティー,0,0,🚧,SLG,0,0
1990-11-21,SFC,す～ぱ～なぞぷよ ルルーのルー,0,0,🚧,PZL,0,0
1990-11-21,SFC,す～ぱ～ぷよぷよ,0,0,🚧,PZL,0,0
1990-11-21,SFC,スーパートランプコレクション２,0,0,🚧,TBL,0,0
1990-11-21,SFC,スーパードンキーコング,0,0,🚧,ACT,0,0
1990-11-21,SFC,スーパードンキーコング２,0,0,🚧,ACT,0,0
1990-11-21,SFC,スーパードンキーコング３ 謎のクレミス島,0,0,🚧,ACT,0,0
1990-11-21,SFC,スーパーファイヤープロレスリングX プレミアム,0,0,🚧,SPT,0,0
1990-11-21,SFC,スーパーファミリーテニス,0,0,🚧,SPT,0,0
1990-11-21,SFC,スーパーフォーメーションサッカー’９６　ＷＣＥ,0,0,🚧,SPT,0,0
1990-11-21,SFC,スーパーブラックバス２,0,0,🚧,SPT,0,0
1990-11-21,SFC,スーパーブラックバス３,0,0,🚧,SPT,0,0
1990-11-21,SFC,スーパーボンバーマン３,0,0,🚧,ACT,0,0
1990-11-21,SFC,スーパーマリオコレクション,0,0,🚧,ACT,0,0
1990-11-21,SFC,スーパーマリオワールド,0,0,🚧,ACT,0,0
1990-11-21,SFC,スーパーメトロイド,0,0,🚧,ACT,0,0
1990-11-21,SFC,スーパーワギャンランド,0,0,🚧,ACT,0,0
1990-11-21,SFC,スーパーワギャンランド２,0,0,🚧,ACT,0,0
1990-11-21,SFC,スーパー億万長者ゲーム,0,0,🚧,TBL,0,0
1990-11-21,SFC,スーパー花札２,0,0,🚧,TBL,0,0
1990-11-21,SFC,スーパー将棋２,0,0,🚧,TBL,0,0
1990-11-21,SFC,スーパー人生ゲーム３,0,0,🚧,TBL,0,0
1990-11-21,SFC,スーパー大航海時代,0,0,🚧,SLG,0,0
1990-11-21,SFC,スーパー大相撲熱戦大一番,0,0,🚧,SPT,0,0
1990-11-21,SFC,スーパー桃太郎電鉄Ⅱ,0,0,🚧,TBL,0,0
1990-11-21,SFC,スキーパラダイスＷＩＴＨスノーボード,0,0,🚧,SPT,0,0
1990-11-21,SFC,すってはっくん,0,0,🚧,PZL,0,0
1990-11-21,SFC,ストリートファイターⅡターボ,0,0,🚧,ACT,0,0
1990-11-21,SFC,スペースインベーダー　ＴＨＥ ＯＲＩＧＩＮＡＬ ＧＡＭＥ,0,0,🚧,SHT,0,0
1990-11-21,SFC,ゼルダの伝説 神々のトライフォース,0,0,🚧,ARPG,0,0
1990-11-21,SFC,ソード・ワールドＳＦＣ,0,0,🚧,RPG,0,0
1990-11-21,SFC,ソード・ワールドＳＦＣ２　いにしえの巨人伝説,0,0,🚧,RPG,0,0
1990-11-21,SFC,それいけエビス丸 からくり迷路,0,0,🚧,PZL,0,0
1990-11-21,SFC,ダービージョッキー　騎手王への道,0,0,🚧,ETC,0,0
1990-11-21,SFC,ダービースタリオン９８,0,0,🚧,ETC,0,0
1990-11-21,SFC,ダウン・ザ・ワールド,0,0,🚧,RPG,0,0
1990-11-21,SFC,タクティクス オウガ,0,0,🚧,SLG,0,0
1990-11-21,SFC,ただいま勇者募集中 おかわり,0,0,🚧,TBL,0,0
1990-11-21,SFC,タワードリーム,0,0,🚧,TBL,0,0
1990-11-21,SFC,ツインビー レインボーベルアドベンチャー,0,0,🚧,ACT,0,0
1990-11-21,SFC,つり太郎,0,0,🚧,SPT,0,0
1990-11-21,SFC,デア ラングリッサー,0,0,🚧,SLG,0,0
1990-11-21,SFC,デビルズコース,0,0,🚧,SPT,0,0
1990-11-21,SFC,デモンズ・ブレイゾン　魔界村紋章編,0,0,🚧,ACT,0,0
1990-11-21,SFC,ドカポン３・２・１ 嵐を呼ぶ友情,0,0,🚧,TBL,0,0
1990-11-21,SFC,ドカポン外伝　炎のオーディション,0,0,🚧,TBL,0,0
1990-11-21,SFC,ときめきメモリアル 伝説の樹の下で,0,0,🚧,SLG,0,0
1990-11-21,SFC,どっすん！岩石バトル,0,0,🚧,PZL,0,0
1990-11-21,SFC,ドラえもん３  のび太と時の宝玉,0,0,🚧,ACT,0,0
1990-11-21,SFC,ドラえもん４ のび太と月の王国,0,0,🚧,ACT,0,0
1990-11-21,SFC,ドラゴンスレイヤー英雄伝説,0,0,🚧,RPG,0,0
1990-11-21,SFC,ドラゴンスレイヤー英雄伝説Ⅱ,0,0,🚧,RPG,0,0
1990-11-21,SFC,トルネコの大冒険 不思議のダンジョン,0,0,🚧,RPG,0,0
1990-11-21,SFC,ナムコットオープン,0,0,🚧,SPT,0,0
1990-11-21,SFC,パズルボブル,0,0,🚧,PZL,0,0
1990-11-21,SFC,パネルでポン,0,0,🚧,PZL,0,0
1990-11-21,SFC,ハロー！パックマン,0,0,🚧,ACT,0,0
1990-11-21,SFC,パロディウスだ！　神話からお笑いへ,0,0,🚧,SHT,0,0
1990-11-21,SFC,ファイアーエムブレム トラキア７７６,0,0,🚧,SLG,0,0
1990-11-21,SFC,ファイアーエムブレム 聖戦の系譜,0,0,🚧,SLG,0,0
1990-11-21,SFC,ファイアーエムブレム 紋章の謎,0,0,🚧,SLG,0,0
1990-11-21,SFC,ファイナルファイト,0,0,🚧,ACT,0,0
1990-11-21,SFC,ファイナルファイト２,0,0,🚧,ACT,0,0
1990-11-21,SFC,ファランクス(ＰＨＡＬＡＮＸ),0,0,🚧,SHT,0,0
1990-11-21,SFC,フェーダ(ＦＥＤＡ) エンブレム オブ ジャスティス,0,0,🚧,SLG,0,0
1990-11-21,SFC,ブレス オブ ファイアⅡ,0,0,🚧,RPG,0,0
1990-11-21,SFC,プロ麻雀 極Ⅲ,0,0,🚧,TBL,0,0
1990-11-21,SFC,ヘラクレスの栄光Ⅲ 神々の沈黙,0,0,🚧,RPG,0,0
1990-11-21,SFC,ヘラクレスの栄光Ⅳ 神々からの贈り物,0,0,🚧,RPG,0,0
1990-11-21,SFC,マジカルドロップ２,0,0,🚧,PZL,0,0
1990-11-21,SFC,マリオのスーパーピクロス,0,0,🚧,PZL,0,0
1990-11-21,SFC,ミニ四駆レッツ＆ゴー！！ ＰＯＷＥＲ ＷＧＰ２,0,0,🚧,RPG,0,0
1990-11-21,SFC,ミリティア,0,0,🚧,SLG,0,0
1990-11-21,SFC,メタルスレイダーグローリー ディレクターズカット,0,0,🚧,ADV,0,0
1990-11-21,SFC,ラストバイブルⅢ,0,0,🚧,ACT,0,0
1990-11-21,SFC,リブルラブル,0,0,🚧,ACT,0,0
1990-11-21,SFC,レッキングクルー’９８,0,0,🚧,PZL,0,0
1990-11-21,SFC,レナス　古代機械の記憶,0,0,🚧,RPG,0,0
1990-11-21,SFC,レナスⅡ　封印の使徒,0,0,🚧,RPG,0,0
1990-11-21,SFC,ロードモナーク,0,0,🚧,SLG,0,0
1990-11-21,SFC,ロックマン７ 宿命の対決！,0,0,🚧,ACT,0,0
1990-11-21,SFC,ロックマンＸ,0,0,🚧,ACT,0,0
1990-11-21,SFC,ワイアラエの奇蹟,0,0,🚧,SPT,0,0
1990-11-21,SFC,ワギャンパラダイス,0,0,🚧,ACT,0,0
1990-11-21,SFC,悪魔城ドラキュラＸＸ,0,0,🚧,ACT,0,0
1990-11-21,SFC,囲碁倶楽部,0,0,🚧,TBL,0,0
1990-11-21,SFC,磯釣り 離島編,0,0,🚧,SPT,0,0
1990-11-21,SFC,晦-つきこもり-,0,0,🚧,ADV,0,0
1990-11-21,SFC,海のぬし釣り,0,0,🚧,SPT,0,0
1990-11-21,SFC,学校であった怖い話,0,0,🚧,ADV,0,0
1990-11-21,SFC,奇々怪界-月夜草子-,0,0,🚧,ACT,0,0
1990-11-21,SFC,奇々怪界-謎の黒マント-,0,0,🚧,ACT,0,0
1990-11-21,SFC,旧約・女神転生,0,0,🚧,RPG,0,0
1990-11-21,SFC,極上パロディウス,0,0,🚧,SHT,0,0
1990-11-21,SFC,決戦！ドカポン王国Ⅳ 伝説の勇者たち,0,0,🚧,TBL,0,0
1990-11-21,SFC,鋼鉄の騎士,0,0,🚧,SLG,0,0
1990-11-21,SFC,鋼鉄の騎士２ 砂漠のロンメル軍団,0,0,🚧,SLG,0,0
1990-11-21,SFC,鋼鉄の騎士３　突撃ヨーロッパ戦線,0,0,🚧,SLG,0,0
1990-11-21,SFC,魂斗羅スピリッツ,0,0,🚧,ACT,0,0
1990-11-21,SFC,実況ワールドサッカー２ ＦＩＧＨＴＩＮＧ ＥＬＥＶＥＮ,0,0,🚧,SPT,0,0
1990-11-21,SFC,上海Ⅲ,0,0,🚧,PZL,0,0
1990-11-21,SFC,新 桃太郎伝説,0,0,🚧,RPG,0,0
1990-11-21,SFC,真・女神転生,0,0,🚧,RPG,0,0
1990-11-21,SFC,真・女神転生ｉｆ・・・,0,0,🚧,RPG,0,0
1990-11-21,SFC,真・女神転生Ⅱ,0,0,🚧,RPG,0,0
1990-11-21,SFC,真・麻雀,0,0,🚧,TBL,0,0
1990-11-21,SFC,川のぬし釣り２,0,0,🚧,SPT,0,0
1990-11-21,SFC,大貝獣物語,0,0,🚧,RPG,0,0
1990-11-21,SFC,大爆笑 人生劇場,0,0,🚧,TBL,0,0
1990-11-21,SFC,大爆笑人生劇場 ずっこけサラリーマン編,0,0,🚧,TBL,0,0
1990-11-21,SFC,超原人２,0,0,🚧,ACT,0,0
1990-11-21,SFC,超魔界村,0,0,🚧,ACT,0,0
1990-11-21,SFC,超魔界大戦！　どらぼっちゃん,0,0,🚧,RPG,0,0
1990-11-21,SFC,弟切草,0,0,🚧,ADV,0,0
1990-11-21,SFC,伝説のオウガバトル,0,0,🚧,SLG,0,0
1990-11-21,SFC,不思議のダンジョン２ 風来のシレン,0,0,🚧,RPG,0,0
1990-11-21,SFC,平成 新・鬼ヶ島後編,0,0,🚧,ADV,0,0
1990-11-21,SFC,平成 新・鬼ヶ島前編,0,0,🚧,ADV,0,0
1990-11-21,SFC,牧場物語,0,0,🚧,SLG,0,0
1990-11-21,SFC,魔女たちの眠り,0,0,🚧,ADV,0,0
1990-11-21,SFC,魔神転生,0,0,🚧,SLG,0,0
1990-11-21,SFC,魔神転生Ⅱ,0,0,🚧,SLG,0,0
1990-11-21,SFC,夜光虫,0,0,🚧,ADV,0,0
1990-11-21,SFC,ＢＳ－Ｘ　それは名前を盗まれた街の物語,0,0,🚧,ETC,0,0
1990-11-21,SFC,常勝麻雀　天牌,0,0,🚧,TBL,0,0
1990-11-21,SFC,ＳＤガンダム　ＧＮＥＸＴ,0,0,🚧,SLG,0,0
1990-11-21,SFC,ＳＤガンダム　ＧＮＥＸＴ　＋　マップ＆コレクション,0,0,🚧,SLG,0,0
1990-11-21,SFC,ＲＰＧツクール２,0,0,🚧,ETC,0,0
1990-11-21,SFC,鮫亀,0,0,🚧,PZL,0,0
1990-11-21,SFC,鮫亀＋キャラカセット  [添付品],0,0,🚧,PZL,0,0
1990-11-21,SFC,鮫亀＋キャラデータ集　[非売品　天外魔境コマ],0,0,🚧,PZL,0,0
1990-11-21,SFC,ダービースタリオン９６,0,0,🚧,ETC,0,0
1990-11-21,SFC,音楽ツクール　かなでーる,0,0,🚧,ETC,0,0
1990-11-21,SFC,サウンドノベルツクール,0,0,🚧,ETC,0,0
1990-11-21,SFC,糸井重里のバス釣りＮｏ．１,0,0,🚧,SPT,0,0
1990-11-21,SFC,キャラデータ集　天外魔境コマ (鮫亀用　非売品),0,0,🚧,ETC,0,0
1990-11-21,SFC,キャラカセット (鮫亀用　添付品),0,0,🚧,ETC,0,0
1990-11-21,SFC,マップ＆コレクション (ＳＤガンダム　ＧＮＥＸＴ用),0,0,🚧,ETC,0,0
1990-11-21,SFC,ＲＰＧツクール２対応データ　ＪＥＷＥＬ　ＯＦ　ＬＩＶＥ３,0,0,🚧,???,0,0
1990-11-21,SFC,ＲＰＧツクール２対応データ　アルフとはかせのだいぼぉけん,0,0,🚧,???,0,0
1990-11-21,SFC,ＲＰＧツクール２対応データ　オーガニックストーン予告編,0,0,🚧,???,0,0
1990-11-21,SFC,ＲＰＧツクール２対応データ　オーガニックストーン本編,0,0,🚧,???,0,0
1990-11-21,SFC,ＲＰＧツクール２対応データ　くれくれ猛レース　２月号,0,0,🚧,???,0,0
1990-11-21,SFC,ＲＰＧツクール２対応データ　くれくれ猛レース　３月号,0,0,🚧,???,0,0
1990-11-21,SFC,ＲＰＧツクール２対応データ　くれくれ猛レース　４月号,0,0,🚧,???,0,0
1990-11-21,SFC,ＲＰＧツクール２対応データ　龍馬でゆく！　オープニング,0,0,🚧,???,0,0
1990-11-21,SFC,ＲＰＧツクール２対応データ　龍馬でゆく！　グラフィック,0,0,🚧,???,0,0
1990-11-21,SFC,ＲＰＧツクール２対応データ　龍馬でゆく！　グラフィック(２),0,0,🚧,???,0,0
1990-11-21,SFC,ＲＰＧツクール２対応データ　龍馬でゆく！　サウンド１,0,0,🚧,???,0,0
1990-11-21,SFC,ＲＰＧツクール２対応データ　龍馬でゆく！　サウンド２,0,0,🚧,???,0,0
1990-11-21,SFC,ＲＰＧツクール２対応データ　龍馬でゆく！　サウンド３,0,0,🚧,???,0,0
1990-11-21,SFC,ＲＰＧツクール２対応データ　龍馬でゆく！　完結編,0,0,🚧,???,0,0
1990-11-21,SFC,ＲＰＧツクール２対応データ　龍馬でゆく！　後編,0,0,🚧,???,0,0
1990-11-21,SFC,ＲＰＧツクール２対応データ　龍馬でゆく！　前編,0,0,🚧,???,0,0
1990-11-21,SFC,ＳＤガンダム Ｇ ＮＥＸＴ対応データ　ユニット＆マップデータ,0,0,🚧,???,0,0
1990-11-21,SFC,ＳＤガンダム Ｇ ＮＥＸＴ対応データ　オーストラリア＜１＞,0,0,🚧,???,0,0
1990-11-21,SFC,ＳＤガンダム Ｇ ＮＥＸＴ対応データ　ニューヨークシティ＜２＞,0,0,🚧,???,0,0
1990-11-21,SFC,ＳＤガンダム Ｇ ＮＥＸＴ対応データ　ノースアメリカ＜３＞,0,0,🚧,???,0,0
1990-11-21,SFC,ＳＤガンダム Ｇ ＮＥＸＴ対応データ　茨の園＜４＞,0,0,🚧,???,0,0
1990-11-21,SFC,ＳＤガンダム Ｇ ＮＥＸＴ対応データ　フロンティアサイド＜５＞,0,0,🚧,???,0,0
1990-11-21,SFC,ＳＤガンダム Ｇ ＮＥＸＴ対応データ　Ｌ１コロニー群＜６＞,0,0,🚧,???,0,0
1990-11-21,SFC,サウンドノベルツクール対応データ　お気楽講座,0,0,🚧,???,0,0
1990-11-21,SFC,サウンドノベルツクール対応データ　ザッピング劇場　解決編,0,0,🚧,???,0,0
1990-11-21,SFC,サウンドノベルツクール対応データ　ザッピング劇場　後編,0,0,🚧,???,0,0
1990-11-21,SFC,サウンドノベルツクール対応データ　ザッピング劇場　前編,0,0,🚧,???,0,0
1990-11-21,SFC,ダービースタリオン９６対応 Ｇ１模擬レース 「安田記念」,0,0,🚧,???,0,0
1990-11-21,SFC,ダービースタリオン９６対応 Ｇ１模擬レース 「高松宮杯」,0,0,🚧,???,0,0
1990-11-21,SFC,ダービースタリオン９６対応 Ｇ１模擬レース 「宝塚記念」,0,0,🚧,???,0,0
1990-11-21,SFC,ダービースタリオン９６対応 追加データ Ａ,0,0,🚧,???,0,0
1990-11-21,SFC,ダービースタリオン９６対応 種牡馬データ Ｂ,0,0,🚧,???,0,0
1990-11-21,SFC,ダービースタリオン９６対応 種牡馬データ Ｃ,0,0,🚧,???,0,0
1990-11-21,SFC,ダービースタリオン９６対応 種牡馬データ Ｄ,0,0,🚧,???,0,0
1990-11-21,SFC,ダービースタリオン９６対応 種牡馬データ Ｅ,0,0,🚧,???,0,0
1990-11-21,SFC,ダービースタリオン９６対応 種牡馬データ Ｆ,0,0,🚧,???,0,0
1990-11-21,SFC,ダービースタリオン９６対応 種牡馬データ Ｇ,0,0,🚧,???,0,0
1990-11-21,SFC,ダービースタリオン９６対応 種牡馬データ H,0,0,🚧,???,0,0
1990-11-21,SFC,ダビスタ９６ 任天堂ブリーダーズカップ「予選大会」レースデータ,0,0,🚧,???,0,0
1990-11-21,SFC,ダビスタ９６ 任天堂ブリーダーズカップ「予選大会」レースデータ Ｂ２－００１,0,0,🚧,???,0,0
1990-11-21,SFC,ダビスタ９６ 任天堂ブリーダーズカップ「予選大会」レースデータ Ｂ２－００２,0,0,🚧,???,0,0
1990-11-21,SFC,ダビスタ９６ 任天堂ブリーダーズカップ「予選大会」レースデータ Ｂ２－００３,0,0,🚧,???,0,0
1990-11-21,SFC,ダビスタ９６ 任天堂ブリーダーズカップ「予選大会」レースデータ Ｃ１－０２８,0,0,🚧,???,0,0
1990-11-21,SFC,ダビスタ９６ 任天堂ブリーダーズカップ「予選大会」レースデータ Ｄ１－０２８,0,0,🚧,???,0,0
1990-11-21,SFC,ダビスタ９６ 任天堂ブリーダーズカップ「予選大会」レースデータ Ｄ１－０２９,0,0,🚧,???,0,0
1990-11-21,SFC,ダビスタ９６ 任天堂ブリーダーズカップ用 馬データ,0,0,🚧,???,0,0
1990-11-21,SFC,衛星放送対応カセット「鮫 亀」 駒エディター １,0,0,🚧,???,0,0
1990-11-21,SFC,衛星放送対応カセット「鮫 亀」 駒エディター ２,0,0,🚧,???,0,0
1990-11-21,SFC,衛星放送対応カセット「鮫 亀」 駒エディター ３,0,0,🚧,???,0,0
1990-11-21,SFC,衛星放送対応カセット「鮫 亀」 駒エディター ４,0,0,🚧,???,0,0
1990-11-21,SFC,衛星放送対応カセット「鮫 亀」 駒エディター ５,0,0,🚧,???,0,0
1990-11-21,SFC,衛星放送対応カセット「鮫 亀」 駒エディター ６,0,0,🚧,???,0,0
1990-11-21,SFC,衛星放送対応カセット「鮫 亀」 駒エディター ７,0,0,🚧,???,0,0
1990-11-21,SFC,衛星放送対応カセット「鮫 亀」 駒エディター ８,0,0,🚧,???,0,0
1990-11-21,SFC,衛星放送対応カセット「鮫 亀」 駒エディター ９,0,0,🚧,???,0,0
1990-11-21,SFC,音楽ツクール対応　コンバートデータ,0,0,🚧,???,0,0
1990-11-21,SFC,音楽ツクール対応　スコアデータ『ＥＸＣＩＴＩＮＧ！！』,0,0,🚧,???,0,0
1990-11-21,SFC,音楽ツクール対応　スコアデータ『ウィーンナ・ワルツ』,0,0,🚧,???,0,0
1990-11-21,SFC,音楽ツクール対応　スコアデータ『オウボ２』,0,0,🚧,???,0,0
1990-11-21,SFC,音楽ツクール対応　スコアデータ『ソフコンラスボス』,0,0,🚧,???,0,0
1990-11-21,SFC,音楽ツクール対応　スコアデータ『ヒトリ』,0,0,🚧,???,0,0
1990-11-21,SFC,音楽ツクール対応　スコアデータ『みずいろのひと』,0,0,🚧,???,0,0
1990-11-21,SFC,音楽ツクール対応　スコアデータ『ユメ００１』『テーマソング』『バトル』『ワルツ１９９６』,0,0,🚧,???,0,0
1990-11-21,SFC,音楽ツクール対応　スコアデータ『春風に吹かれて』『Ｆｕｊｉ－Ｙａｍａ』,0,0,🚧,???,0,0
1990-11-21,SFC,常勝麻雀 天牌 観戦データ 第１回,0,0,🚧,???,0,0
1990-11-21,SFC,常勝麻雀 天牌 観戦データ 第２回,0,0,🚧,???,0,0
1990-11-21,SFC,常勝麻雀 天牌 観戦データ 第３回(再),0,0,🚧,???,0,0
1990-11-21,SFC,常勝麻雀 天牌 観戦データ 第４回(再),0,0,🚧,???,0,0
1990-11-21,SFC,常勝麻雀 天牌 観戦データ 第５回(再),0,0,🚧,???,0,0
1990-11-21,SFC,常勝麻雀 天牌 観戦データ 第６回(再),0,0,🚧,???,0,0
1990-11-21,SFC,常勝麻雀 天牌 観戦データ 第７回(再),0,0,🚧,???,0,0
1990-11-21,SFC,常勝麻雀 天牌 観戦データ 第８回(再),0,0,🚧,???,0,0
1990-11-21,SFC,常勝麻雀 天牌 観戦データ 第９回(再),0,0,🚧,???,0,0
1990-11-21,SFC,常勝麻雀 天牌 観戦データ 第１０回(再),0,0,🚧,???,0,0
1990-11-21,SFC,常勝麻雀 天牌 観戦データ 第１１回(再),0,0,🚧,???,0,0
1990-11-21,SFC,常勝麻雀 天牌 観戦データ 第１２回(再),0,0,🚧,???,0,0
1990-11-21,SFC,Ａｌｌ Ｊａｐａｎ Ｓｕｐｅｒ Ｂｏｍｂｌｉｓｓ Ｃｕｐ’９５　第１回,0,0,🚧,???,0,0
1990-11-21,SFC,Ａｌｌ Ｊａｐａｎ Ｓｕｐｅｒ Ｂｏｍｂｌｉｓｓ Ｃｕｐ’９５　第２回,0,0,🚧,???,0,0
1990-11-21,SFC,Ａｌｌ Ｊａｐａｎ Ｓｕｐｅｒ Ｂｏｍｂｌｉｓｓ Ｃｕｐ’９５　第３回,0,0,🚧,???,0,0
1990-11-21,SFC,Ａｌｌ Ｊａｐａｎ Ｓｕｐｅｒ Ｂｏｍｂｌｉｓｓ Ｃｕｐ’９５　第４回,0,0,🚧,???,0,0
1990-11-21,SFC,BS Ｆ－ＺＥＲＯ ＫＮＩＧＨＴ ＬＥＡＧＵＥ　第１週,0,0,🚧,???,0,0
1990-11-21,SFC,BS Ｆ－ＺＥＲＯ ＱＵＥＥＮ ＬＥＡＧＵＥ　第２週,0,0,🚧,???,0,0
1990-11-21,SFC,BS Ｆ－ＺＥＲＯ ＡＣＥ ＬＥＡＧＵＥ　第４週,0,0,🚧,???,0,0
1990-11-21,SFC,BS Ｆ－ＺＥＲＯ ＫＩＮＧ ＬＥＡＧＵＥ　第３週,0,0,🚧,???,0,0
1990-11-21,SFC,BS Ｆ－ＺＥＲＯ　グランプリ２  第１週,0,0,🚧,???,0,0
1990-11-21,SFC,BS Ｆ－ＺＥＲＯ　グランプリ２  第２週,0,0,🚧,???,0,0
1990-11-21,SFC,BS ＳｉｍＣｉｔｙ　街作り大会  シナリオ１,0,0,🚧,???,0,0
1990-11-21,SFC,BS ＳｉｍＣｉｔｙ　街作り大会  シナリオ２,0,0,🚧,???,0,0
1990-11-21,SFC,BS ＳｉｍＣｉｔｙ　街作り大会  シナリオ３,0,0,🚧,???,0,0
1990-11-21,SFC,BS ＳｉｍＣｉｔｙ　街作り大会  シナリオ４,0,0,🚧,???,0,0
1990-11-21,SFC,BS イーハトーヴォ物語 第１夜,0,0,🚧,???,0,0
1990-11-21,SFC,BS イーハトーヴォ物語 第２夜,0,0,🚧,???,0,0
1990-11-21,SFC,BS イーハトーヴォ物語 第３夜,0,0,🚧,???,0,0
1990-11-21,SFC,BS イーハトーヴォ物語 第４夜,0,0,🚧,???,0,0
1990-11-21,SFC,BS スーパーマリオＵＳＡ パワーチャレンジ 第１回「あたしたち、スーパーキャサリンズ」の巻,0,0,🚧,???,0,0
1990-11-21,SFC,BS スーパーマリオＵＳＡ パワーチャレンジ 第２回「ガブチョもびっくり流砂の秘密」の巻,0,0,🚧,???,0,0
1990-11-21,SFC,BS スーパーマリオＵＳＡ パワーチャレンジ 第３回「氷の海でヒーボーボー」の巻,0,0,🚧,???,0,0
1990-11-21,SFC,BS スーパーマリオＵＳＡ パワーチャレンジ 第４回「マムーの罠，危うしマリオブラザーズ」の巻,0,0,🚧,???,0,0
1990-11-21,SFC,BS スーパーマリオコレクション  第１週,0,0,🚧,???,0,0
1990-11-21,SFC,BS スーパーマリオコレクション  第２週,0,0,🚧,???,0,0
1990-11-21,SFC,BS スーパーマリオコレクション  第３週,0,0,🚧,???,0,0
1990-11-21,SFC,BS スーパーマリオコレクション  第４週,0,0,🚧,???,0,0
1990-11-21,SFC,BS スプリガン・パワード　第１話,0,0,🚧,???,0,0
1990-11-21,SFC,BS スプリガン・パワード　第２話,0,0,🚧,???,0,0
1990-11-21,SFC,BS スプリガン・パワード　第３話,0,0,🚧,???,0,0
1990-11-21,SFC,BS スプリガン・パワード　第４話,0,0,🚧,???,0,0
1990-11-21,SFC,BS スプリガン・パワード＜プレリュード＞,0,0,🚧,???,0,0
1990-11-21,SFC,BS ゼルダの伝説 古代の石盤 第１話,0,0,🚧,???,0,0
1990-11-21,SFC,BS ゼルダの伝説 古代の石盤 第２話,0,0,🚧,???,0,0
1990-11-21,SFC,BS ゼルダの伝説 古代の石盤 第３話,0,0,🚧,???,0,0
1990-11-21,SFC,BS ゼルダの伝説 古代の石盤 第４話,0,0,🚧,???,0,0
1990-11-21,SFC,BS ゼルダの伝説 第１話,0,0,🚧,???,0,0
1990-11-21,SFC,BS ゼルダの伝説 第２話,0,0,🚧,???,0,0
1990-11-21,SFC,BS ゼルダの伝説 第３話,0,0,🚧,???,0,0
1990-11-21,SFC,BS ゼルダの伝説 第４話,0,0,🚧,???,0,0
1990-11-21,SFC,BS ゼルダの伝説ＭＡＰ２　第１話,0,0,🚧,???,0,0
1990-11-21,SFC,BS ゼルダの伝説ＭＡＰ２　第２話,0,0,🚧,???,0,0
1990-11-21,SFC,BS ゼルダの伝説ＭＡＰ２　第３話,0,0,🚧,???,0,0
1990-11-21,SFC,BS ゼルダの伝説ＭＡＰ２　第４話,0,0,🚧,???,0,0
1990-11-21,SFC,BS ドラゴンクエストⅠ　第１話,0,0,🚧,???,0,0
1990-11-21,SFC,BS ドラゴンクエストⅠ　第２話,0,0,🚧,???,0,0
1990-11-21,SFC,BS ドラゴンクエストⅠ　第３話,0,0,🚧,???,0,0
1990-11-21,SFC,BS ドラゴンクエストⅠ　第４話,0,0,🚧,???,0,0
1990-11-21,SFC,BS ニチブツマージャン練習麻雀 一萬塔,0,0,🚧,???,0,0
1990-11-21,SFC,BS ニチブツマージャン練習麻雀 二萬塔,0,0,🚧,???,0,0
1990-11-21,SFC,BS ファイアーエムブレム アカネイア戦記編 第１話 パレス陥落,0,0,🚧,???,0,0
1990-11-21,SFC,BS ファイアーエムブレム アカネイア戦記編 第２話 赤い竜騎士,0,0,🚧,???,0,0
1990-11-21,SFC,BS ファイアーエムブレム アカネイア戦記編 第３話 正義の盗賊団,0,0,🚧,???,0,0
1990-11-21,SFC,BS ファイアーエムブレム アカネイア戦記編 第４話 始まりのとき,0,0,🚧,???,0,0
1990-11-21,SFC,BS マーヴェラス キャンプアーノルドコース 第１週,0,0,🚧,???,0,0
1990-11-21,SFC,BS マーヴェラス キャンプアーノルドコース 第２週,0,0,🚧,???,0,0
1990-11-21,SFC,BS マーヴェラス キャンプアーノルドコース 第３週,0,0,🚧,???,0,0
1990-11-21,SFC,BS マーヴェラス キャンプアーノルドコース 第４週,0,0,🚧,???,0,0
1990-11-21,SFC,BS マーヴェラス タイムアスレチックコース 第１週,0,0,🚧,???,0,0
1990-11-21,SFC,BS マーヴェラス タイムアスレチックコース 第２週,0,0,🚧,???,0,0
1990-11-21,SFC,BS マーヴェラス タイムアスレチックコース 第３週,0,0,🚧,???,0,0
1990-11-21,SFC,BS マーヴェラス タイムアスレチックコース 第４週,0,0,🚧,???,0,0
1990-11-21,SFC,BS モノポリー講座～ボードウォークへの道 第１回,0,0,🚧,???,0,0
1990-11-21,SFC,BS モノポリー講座～ボードウォークへの道 第２回,0,0,🚧,???,0,0
1990-11-21,SFC,BS モノポリー講座～ボードウォークへの道 第３回,0,0,🚧,???,0,0
1990-11-21,SFC,BS モノポリー講座～ボードウォークへの道 第４回,0,0,🚧,???,0,0
1990-11-21,SFC,BS 新・鬼ヶ島 第１話 語り部の小屋,0,0,🚧,???,0,0
1990-11-21,SFC,BS 新・鬼ヶ島 第２話 語り部の小屋,0,0,🚧,???,0,0
1990-11-21,SFC,BS 新・鬼ヶ島 第３話 語り部の小屋,0,0,🚧,???,0,0
1990-11-21,SFC,BS 新・鬼ヶ島 第４話 語り部の小屋,0,0,🚧,???,0,0
1990-11-21,SFC,BS 探偵倶楽部 雪に消えた過去 前編,0,0,🚧,???,0,0
1990-11-21,SFC,BS 探偵倶楽部 雪に消えた過去 中編,0,0,🚧,???,0,0
1990-11-21,SFC,BS 探偵倶楽部 雪に消えた過去 後編,0,0,🚧,???,0,0
1990-11-21,SFC,BS 風来のシレン　スララを救え　第１週,0,0,🚧,???,0,0
1990-11-21,SFC,BS 風来のシレン　スララを救え　第２週,0,0,🚧,???,0,0
1990-11-21,SFC,BS 風来のシレン　スララを救え　第３週,0,0,🚧,???,0,0
1990-11-21,SFC,BS 風来のシレン　スララを救え　第４週,0,0,🚧,???,0,0
1990-11-21,SFC,BS 牧場物語  第１話,0,0,🚧,???,0,0
1990-11-21,SFC,BS 牧場物語  第２話,0,0,🚧,???,0,0
1990-11-21,SFC,BS 牧場物語  第３話,0,0,🚧,???,0,0
1990-11-21,SFC,BS 牧場物語  第４話,0,0,🚧,???,0,0
1990-11-21,SFC,Ｐａｒｌｏｒ！パーラー 第１週,0,0,🚧,???,0,0
1990-11-21,SFC,Ｐａｒｌｏｒ！パーラー 第２週,0,0,🚧,???,0,0
1990-11-21,SFC,Ｒの書斎  第１週,0,0,🚧,???,0,0
1990-11-21,SFC,Ｒの書斎  第２週,0,0,🚧,???,0,0
1990-11-21,SFC,Ｒの書斎　第二幕  第１週,0,0,🚧,???,0,0
1990-11-21,SFC,Ｒの書斎　第二幕  第２週,0,0,🚧,???,0,0
1990-11-21,SFC,エキサイトバイク ぶんぶんマリオバトルスタジアム１,0,0,🚧,???,0,0
1990-11-21,SFC,エキサイトバイク ぶんぶんマリオバトルスタジアム２,0,0,🚧,???,0,0
1990-11-21,SFC,エキサイトバイク ぶんぶんマリオバトルスタジアム３,0,0,🚧,???,0,0
1990-11-21,SFC,エキサイトバイク ぶんぶんマリオバトルスタジアム４,0,0,🚧,???,0,0
1990-11-21,SFC,ケンちゃんとちえあそび,0,0,🚧,???,0,0
1990-11-21,SFC,サウンドジャーナル　「Ｓｈａｌｌ　ＷＥ　ダンス？」の巻,0,0,🚧,???,0,0
1990-11-21,SFC,サウンドジャーナル　「Ｔｈｅ　夜もヒッパレ」の巻,0,0,🚧,???,0,0
1990-11-21,SFC,サウンドジャーナル　「セーラー服を脱がさないで」の巻,0,0,🚧,???,0,0
1990-11-21,SFC,サウンドジャーナル　「芸能人は歯が命です」の巻,0,0,🚧,???,0,0
1990-11-21,SFC,サウンドジャーナル　「月にかわってお仕置きよ！」の巻,0,0,🚧,???,0,0
1990-11-21,SFC,サウンドジャーナル　「僕は死にましぇ～ん」の巻,0,0,🚧,???,0,0
1990-11-21,SFC,サウンドジャーナル For Lovers  Ｖｏｌ．１　洋楽篇,0,0,🚧,???,0,0
1990-11-21,SFC,サウンドジャーナル For Lovers  Ｖｏｌ．２　邦楽篇,0,0,🚧,???,0,0
1990-11-21,SFC,サテラＱ　１ＱＱＱ　Ｑ年中はお世話になりました。今年もよろしクイズ！,0,0,🚧,???,0,0
1990-11-21,SFC,サテラＱ　Ｑ－１グランプリ　真夏のリベンジ,0,0,🚧,???,0,0
1990-11-21,SFC,サテラＱ　Ｑ児たちの甲子園,0,0,🚧,???,0,0
1990-11-21,SFC,サテラＱ　さよなら平成Ｑ年　年末総決算！,0,0,🚧,???,0,0
1990-11-21,SFC,サテラＱ　ミュージッＱフェア,0,0,🚧,???,0,0
1990-11-21,SFC,サテラＱ　もうすぐ春ですね～　ちょっとサテＱしませんか～？,0,0,🚧,???,0,0
1990-11-21,SFC,サテラＱ　国民のＱ日,0,0,🚧,???,0,0
1990-11-21,SFC,サテラＱ　進Ｑおめでとう　ピカピカのＱ年生！,0,0,🚧,???,0,0
1990-11-21,SFC,サテラＱ　直Ｑ！変化Ｑ！,0,0,🚧,???,0,0
1990-11-21,SFC,サテラＱ　日本シリーズＱ回裏２アウト満塁！なぜかスクイズ！,0,0,🚧,???,0,0
1990-11-21,SFC,サテラＱ　年末ジャンボ宝クイズ  第１週,0,0,🚧,???,0,0
1990-11-21,SFC,サテラＱ　年末ジャンボ宝クイズ  第２週,0,0,🚧,???,0,0
1990-11-21,SFC,サテラＱ　年末ジャンボ宝クイズ  第３週,0,0,🚧,???,0,0
1990-11-21,SFC,サテラＱ　年末ジャンボ宝クイズ  第４週,0,0,🚧,???,0,0
1990-11-21,SFC,サテラＱ　脳涼！夏祭り,0,0,🚧,???,0,0
1990-11-21,SFC,サテラウォーカー２  ボトムでバトる,0,0,🚧,???,0,0
1990-11-21,SFC,サテラウォーカー２  もくもく煙パニック,0,0,🚧,???,0,0
1990-11-21,SFC,サテラウォーカー２　サテ坊を救い出せ！,0,0,🚧,???,0,0
1990-11-21,SFC,サテラウォーカー２　街の平和を取り戻せ！,0,0,🚧,???,0,0
1990-11-21,SFC,タカラ杯　大相撲　衛星場所　〔夏場所〕,0,0,🚧,???,0,0
1990-11-21,SFC,タカラ杯　大相撲　衛星場所　〔秋場所〕,0,0,🚧,???,0,0
1990-11-21,SFC,タカラ杯　大相撲　衛星場所　〔春場所〕,0,0,🚧,???,0,0
1990-11-21,SFC,タカラ杯　大相撲　衛星場所　〔初場所〕,0,0,🚧,???,0,0
1990-11-21,SFC,ドレミ屋のオリジナル・サウンドウィッチ パワー・サウンドウィッチ,0,0,🚧,???,0,0
1990-11-21,SFC,ドレミ屋のオリジナル・サウンドウィッチ ブルー・サウンドウィッチ,0,0,🚧,???,0,0
1990-11-21,SFC,ナグザットカップ　サテラビュー・バス・トーナメント“ＢＩＧ　ＦＩＧＨＴ”　第１週,0,0,🚧,???,0,0
1990-11-21,SFC,ナグザットカップ　サテラビュー・バス・トーナメント“ＢＩＧ　ＦＩＧＨＴ”　第２週,0,0,🚧,???,0,0
1990-11-21,SFC,ナグザットカップ　サテラビュー・バス・トーナメント“ＢＩＧ　ＦＩＧＨＴ”　第３週,0,0,🚧,???,0,0
1990-11-21,SFC,ナグザットカップ　サテラビュー・バス・トーナメント“ＢＩＧ　ＦＩＧＨＴ”　第４週,0,0,🚧,???,0,0
1990-11-21,SFC,バス釣りＮｏ．１　サウンドジャーナル　ＡＯＲ篇,0,0,🚧,???,0,0
1990-11-21,SFC,バス釣りＮｏ．１　サウンドジャーナル　カントリーロック,0,0,🚧,???,0,0
1990-11-21,SFC,バス釣りＮｏ．１　サウンドジャーナル　ジャパニーズ・ポップス篇,0,0,🚧,???,0,0
1990-11-21,SFC,バス釣りＮｏ．１　サウンドジャーナル　ボサノヴァ篇,0,0,🚧,???,0,0
1990-11-21,SFC,バス釣りＮｏ．１　夏のプラクティス,0,0,🚧,???,0,0
1990-11-21,SFC,バス釣りＮｏ．１　春の全国トーナメント　ゴミ拾いキャンペーン,0,0,🚧,???,0,0
1990-11-21,SFC,バス釣りＮｏ．１　春の全国トーナメント　予選,0,0,🚧,???,0,0
1990-11-21,SFC,バス釣りＮｏ．１　春の全国トーナメント　決勝,0,0,🚧,???,0,0
1990-11-21,SFC,よっちゃんとちえあそび,0,0,🚧,???,0,0
1990-11-21,SFC,わいわいでＱ　秋の大感謝祭！　第１回,0,0,🚧,???,0,0
1990-11-21,SFC,わいわいでＱ　秋の大感謝祭！　第２回,0,0,🚧,???,0,0
1990-11-21,SFC,わいわいでＱ　秋の大感謝祭！　第３回,0,0,🚧,???,0,0
1990-11-21,SFC,わいわいでＱ　秋の大感謝祭！　第４回,0,0,🚧,???,0,0
1990-11-21,SFC,わいわいでＱ　秋の大感謝祭！　第５回,0,0,🚧,???,0,0
1990-11-21,SFC,わいわいでＱ　春の採点スペシャル　第１回,0,0,🚧,???,0,0
1990-11-21,SFC,わいわいでＱ　春の採点スペシャル　第２回,0,0,🚧,???,0,0
1990-11-21,SFC,わいわいでＱ　春の採点スペシャル　第３回,0,0,🚧,???,0,0
1990-11-21,SFC,わいわいでＱ　春の採点スペシャル　第４回,0,0,🚧,???,0,0
1990-11-21,SFC,わいわいでＱ　第１回,0,0,🚧,???,0,0
1990-11-21,SFC,わいわいでＱ　第２回,0,0,🚧,???,0,0
1990-11-21,SFC,わいわいでＱ　第３回,0,0,🚧,???,0,0
1990-11-21,SFC,わいわいでＱ　第４回,0,0,🚧,???,0,0
1990-11-21,SFC,子供調査団マイティポケッツ調査１ ジャンク屋ブラックの家,0,0,🚧,???,0,0
1990-11-21,SFC,子供調査団マイティポケッツ調査２ 犯罪都市ビッグアッポー,0,0,🚧,???,0,0
1990-11-21,SFC,子供調査団マイティポケッツ調査３ 客船クイーンパトラの謎,0,0,🚧,???,0,0
1990-11-21,SFC,全国馬券王者決定戦２　おもしろ馬名Ｓ,0,0,🚧,???,0,0
1990-11-21,SFC,全国馬券王者決定戦２　サテラマイル予選１,0,0,🚧,???,0,0
1990-11-21,SFC,全国馬券王者決定戦２　サテラマイル予選２,0,0,🚧,???,0,0
1990-11-21,SFC,全国馬券王者決定戦２　サテラマイル準決勝・決勝,0,0,🚧,???,0,0
1990-11-21,SFC,全国馬券王者決定戦２　サテラ記念予選１,0,0,🚧,???,0,0
1990-11-21,SFC,全国馬券王者決定戦２　サテラ記念予選２,0,0,🚧,???,0,0
1990-11-21,SFC,全国馬券王者決定戦２　サテラ記念準決勝・決勝,0,0,🚧,???,0,0
1990-11-21,SFC,第１回サテラビュー杯  イクノディクタス記念　準決勝・決勝,0,0,🚧,???,0,0
1990-11-21,SFC,第１回サテラビュー杯  サテラスプリントステークス　準決勝・決勝,0,0,🚧,???,0,0
1990-11-21,SFC,第１回サテラビュー杯  サテラダービー　準決勝・決勝,0,0,🚧,???,0,0
1990-11-21,SFC,第１回サテラビュー杯  シャルード記念　準決勝・決勝,0,0,🚧,???,0,0
1990-11-21,SFC,爆笑問題の突撃スターパイレーツ  第１回,0,0,🚧,???,0,0
1990-11-21,SFC,爆笑問題の突撃スターパイレーツ  第２回,0,0,🚧,???,0,0
1990-11-21,SFC,爆笑問題の突撃スターパイレーツ  第３回,0,0,🚧,???,0,0
1990-11-21,SFC,爆笑問題の突撃スターパイレーツ  第４回,0,0,🚧,???,0,0
1990-11-21,SFC,ゲーム虎の大穴（1）,0,0,🚧,???,0,0
1990-11-21,SFC,ゲーム虎の大穴（2）,0,0,🚧,???,0,0
1990-11-21,SFC,ゲーム虎の大穴（3）,0,0,🚧,???,0,0
1990-11-21,SFC,ゲーム虎の大穴（4）,0,0,🚧,???,0,0
1990-11-21,SFC,ゲーム虎の大穴（5）,0,0,🚧,???,0,0
1990-11-21,SFC,ゲーム虎の大穴（6）,0,0,🚧,???,0,0
1990-11-21,SFC,ゲーム虎の大穴（7）　ハドソン特集 vol.１,0,0,🚧,???,0,0
1990-11-21,SFC,ゲーム虎の大穴（8）　ハドソン特集 vol.２,0,0,🚧,???,0,0
1990-11-21,SFC,ゲーム虎の大穴（9）　ハドソン特集 vol.３,0,0,🚧,???,0,0
1990-11-21,SFC,ゲーム虎の大穴（10）　ハドソン特集 vol.４,0,0,🚧,???,0,0
1990-11-21,SFC,ゲーム虎の大穴（11）　ハドソン特集 vol.５,0,0,🚧,???,0,0
1990-11-21,SFC,ゲーム虎の大穴（12）　ハドソン特集 vol.６,0,0,🚧,???,0,0
1990-11-21,SFC,ゲーム虎の大穴（13）　ファミ通特別版１,0,0,🚧,???,0,0
1990-11-21,SFC,ゲーム虎の大穴（14）　ファミ通特別版２,0,0,🚧,???,0,0
1990-11-21,SFC,ゲーム虎の大穴（15）　ファミ通特別版３,0,0,🚧,???,0,0
1990-11-21,SFC,ゲーム虎の大穴（16）　ファミ通特別版４,0,0,🚧,???,0,0
1990-11-21,SFC,ゲーム虎の大穴（17）　「ダビスタ３」イイ話１,0,0,🚧,???,0,0
1990-11-21,SFC,ゲーム虎の大穴（18）　「ダビスタ３」イイ話２,0,0,🚧,???,0,0
1990-11-21,SFC,ゲーム虎の大穴（19）　魔方陣グルグルマガジン,0,0,🚧,???,0,0
1990-11-21,SFC,ゲーム虎の大穴（20）　ミスティックアークマガジン,0,0,🚧,???,0,0
1990-11-21,SFC,ゲーム虎の大穴（21）　常勝麻雀　天牌マガジン,0,0,🚧,???,0,0
1990-11-21,SFC,ゲーム虎の大穴（22）　天地創造マガジン,0,0,🚧,???,0,0
1990-11-21,SFC,ゲーム虎の大穴（23）　ドラクエVI情報1,0,0,🚧,???,0,0
1990-11-21,SFC,ゲーム虎の大穴（24）　ドラクエVI情報2,0,0,🚧,???,0,0
1990-11-21,SFC,ゲーム虎の大穴（25）　バンダイ情報1,0,0,🚧,???,0,0
1990-11-21,SFC,ゲーム虎の大穴（26）　バンダイ情報2,0,0,🚧,???,0,0
1990-11-21,SFC,ゲーム虎の大穴（27）　バンダイ情報3,0,0,🚧,???,0,0
1990-11-21,SFC,ゲーム虎の大穴（28）　新作ソフト情報局withプレビュー(クロノトリガー),0,0,🚧,???,0,0
1990-11-21,SFC,ゲーム虎の大穴（29）　今週のお買い物情報(5/26),0,0,🚧,???,0,0
1990-11-21,SFC,ゲーム虎の大穴（30）　プレイヤー相談室　何でもＱ＆Ａ(受信予約、他),0,0,🚧,???,0,0
1990-11-21,SFC,ゲーム虎の大穴（31）　READER'S REQUEST(ファミマガ No.11),0,0,🚧,???,0,0
1990-11-21,SFC,ゲーム虎の大穴（32）　ファミ通町内会出張版(6/2),0,0,🚧,???,0,0
1990-11-21,SFC,ゲーム虎の大穴（33）　ちょいにがスペシャル(対決!?競馬ソフト),0,0,🚧,???,0,0
1990-11-21,SFC,ゲーム虎の大穴（34）　新作ソフト情報局withプレビュー(す～ぱ～なぞぷよ),0,0,🚧,???,0,0
1990-11-21,SFC,ゲーム虎の大穴（35）　今週のお買い物情報(6/9～10),0,0,🚧,???,0,0
1990-11-21,SFC,ゲーム虎の大穴（36）　プレイヤー相談室　何でもＱ＆Ａ(BS-Xカセット),0,0,🚧,???,0,0
1990-11-21,SFC,ゲーム虎の大穴（37）　READER'S RANKING'95(4/21～28),0,0,🚧,???,0,0
1990-11-21,SFC,ゲーム虎の大穴（38）　ファミ通町内会出張版(6/9),0,0,🚧,???,0,0
1990-11-21,SFC,ゲーム虎の大穴（39）　ちょいにがスペシャル(対決！森田将棋ファミリー),0,0,🚧,???,0,0
1990-11-21,SFC,ゲーム虎の大穴（40）　新作ソフト情報局withプレビュー(超原人２),0,0,🚧,???,0,0
1990-11-21,SFC,ゲーム虎の大穴（41）　今週のお買い物情報(6/16),0,0,🚧,???,0,0
1990-11-21,SFC,ゲーム虎の大穴（42）　プレイヤー相談室　何でもＱ＆Ａ(櫛田理子、他),0,0,🚧,???,0,0
1990-11-21,SFC,ゲーム虎の大穴（43）　READER'S REQUEST(ファミマガ No.12),0,0,🚧,???,0,0
1990-11-21,SFC,ゲーム虎の大穴（44）　ファミ通町内会出張版(6/16),0,0,🚧,???,0,0
1990-11-21,SFC,ゲーム虎の大穴（45）　ちょいにがスペシャル(本家・SANYO FEVER),0,0,🚧,???,0,0
1990-11-21,SFC,ゲーム虎の大穴（46）　新作ソフト情報局withプレビュー(すごいＲＰＧ、他),0,0,🚧,???,0,0
1990-11-21,SFC,ゲーム虎の大穴（47）　今週のお買い物情報(6/23),0,0,🚧,???,0,0
1990-11-21,SFC,ゲーム虎の大穴（48）　プレイヤー相談室　何でもＱ＆Ａ(ディスクシステム、他),0,0,🚧,???,0,0
1990-11-21,SFC,ゲーム虎の大穴（49）　READER'S RANKING'95(5/19～26),0,0,🚧,???,0,0
1990-11-21,SFC,ゲーム虎の大穴（50）　？,0,0,🚧,???,0,0
1990-11-21,SFC,ゲーム虎の大穴（51）　ちょいにがスペシャル(プロ麻雀　極III),0,0,🚧,???,0,0
1990-11-21,SFC,ゲーム虎の大穴（52）　新作ソフト情報局withプレビュー(ミスティックアーク),0,0,🚧,???,0,0
1990-11-21,SFC,ゲーム虎の大穴（53）　今週のお買い物情報(6/30),0,0,🚧,???,0,0
1990-11-21,SFC,ゲーム虎の大穴（54）　プレイヤー相談室　何でもＱ＆Ａ(拡張コネクタ),0,0,🚧,???,0,0
1990-11-21,SFC,ゲーム虎の大穴（55）　READER'S REQUEST(ファミマガ No.13),0,0,🚧,???,0,0
1990-11-21,SFC,ゲーム虎の大穴（56）　ファミ通町内会出張版(ダービースタリオンIII早ミニ情報),0,0,🚧,???,0,0
1990-11-21,SFC,ゲーム虎の大穴（57）　ちょいにがスペシャル(実践！パチスロ必勝クラシック),0,0,🚧,???,0,0
1990-11-21,SFC,ゲーム虎の大穴（58）　新作ソフト情報局withプレビュー(ハーメルンのバイオリン弾き),0,0,🚧,???,0,0
1990-11-21,SFC,ゲーム虎の大穴（59）　今週のお買い物情報(7/7),0,0,🚧,???,0,0
1990-11-21,SFC,ゲーム虎の大穴（60）　プレイヤー相談室　何でもＱ＆Ａ(サテラビュー対応カセット、他),0,0,🚧,???,0,0
1990-11-21,SFC,ゲーム虎の大穴（61）　READER'S REQUEST(ファミマガ No.13),0,0,🚧,???,0,0
1990-11-21,SFC,ゲーム虎の大穴（62）　ファミ通町内会出張版(7/7),0,0,🚧,???,0,0
1990-11-21,SFC,ゲーム虎の大穴（63）　ちょいにがスペシャル(４人将棋),0,0,🚧,???,0,0
1990-11-21,SFC,ゲーム虎の大穴（64）　新作ソフト情報局withプレビュー(らんま1/2奥義邪暗拳),0,0,🚧,???,0,0
1990-11-21,SFC,ゲーム虎の大穴（65）　今週のお買い物情報(7/14),0,0,🚧,???,0,0
1990-11-21,SFC,ゲーム虎の大穴（66）　プレイヤー相談室　何でもＱ＆Ａ(キャラバン、他),0,0,🚧,???,0,0
1990-11-21,SFC,ゲーム虎の大穴（67）　READER'S RANKING'95(6/2～10),0,0,🚧,???,0,0
1990-11-21,SFC,ゲーム虎の大穴（68）　ファミ通町内会出張版(7/14),0,0,🚧,???,0,0
1990-11-21,SFC,ゲーム虎の大穴（69）　ちょいにがスペシャル(ビッグ一撃！パチスロ大攻略２),0,0,🚧,???,0,0
1990-11-21,SFC,ゲーム虎の大穴スペシャル(1)[パート１]虎の大穴スペシャル　番組スケジュール,0,0,🚧,???,0,0
1990-11-21,SFC,ゲーム虎の大穴スペシャル(2)[パート２]秘伝ソフト情報局withレビュー,0,0,🚧,???,0,0
1990-11-21,SFC,ゲーム虎の大穴スペシャル(3)[パート１]今週のお買い物情報(7/27),0,0,🚧,???,0,0
1990-11-21,SFC,ゲーム虎の大穴スペシャル(4)[パート２]ゲーム何でもアンケート,0,0,🚧,???,0,0
1990-11-21,SFC,ゲーム虎の大穴スペシャル(5)[パート１]プレイヤー相談室　何でもＱ＆Ａ(テーマ曲、他),0,0,🚧,???,0,0
1990-11-21,SFC,ゲーム虎の大穴スペシャル(6)[パート２]プレイヤー推薦ゲーム紹介(大航海時代II),0,0,🚧,???,0,0
1990-11-21,SFC,ゲーム虎の大穴スペシャル(7)[パート１]READER'S REQUEST(ファミマガ No.14),0,0,🚧,???,0,0
1990-11-21,SFC,ゲーム虎の大穴スペシャル(8)[パート２]何でもいいたい放題,0,0,🚧,???,0,0
1990-11-21,SFC,ゲーム虎の大穴スペシャル(9)[パート１]ファミ通＆サテ通ブックメーカー(第１回),0,0,🚧,???,0,0
1990-11-21,SFC,ゲーム虎の大穴スペシャル(10)[パート２]櫛田理子のおハガキメッタ斬り,0,0,🚧,???,0,0
1990-11-21,SFC,ゲーム虎の大穴スペシャル(11)[パート１]ちょいにがスペシャル(ノーマーク爆牌党),0,0,🚧,???,0,0
1990-11-21,SFC,ゲーム虎の大穴スペシャル(12)[パート２]櫛田理子のおハガキメッタ斬り’ＴＵＲＢＯ,0,0,🚧,???,0,0
1990-11-21,SFC,ゲーム虎の大穴スペシャル(13)[パート１]新作ソフト情報局withプレビュー(忍たま乱太郎),0,0,🚧,???,0,0
1990-11-21,SFC,ゲーム虎の大穴スペシャル(14)[パート２]秘伝ソフト情報局withレビュー,0,0,🚧,???,0,0
1990-11-21,SFC,ゲーム虎の大穴スペシャル(15)[パート１]今週のお買い物情報(7/28),0,0,🚧,???,0,0
1990-11-21,SFC,ゲーム虎の大穴スペシャル(16)[パート２]ゲーム何でもアンケート,0,0,🚧,???,0,0
1990-11-21,SFC,ゲーム虎の大穴スペシャル(17)[パート１]プレイヤー相談室　何でもＱ＆Ａ(朝の6:30から、他),0,0,🚧,???,0,0
1990-11-21,SFC,ゲーム虎の大穴スペシャル(18)[パート２]プレイヤー推薦ゲーム紹介(ソードワールドＳＦＣ),0,0,🚧,???,0,0
1990-11-21,SFC,ゲーム虎の大穴スペシャル(19)[パート１]READER'S RANKING'95(6/16～23),0,0,🚧,???,0,0
1990-11-21,SFC,ゲーム虎の大穴スペシャル(20)[パート２]何でもいいたい放題,0,0,🚧,???,0,0
1990-11-21,SFC,ゲーム虎の大穴スペシャル(21)[パート１]ファミ通＆サテ通ブックメーカー(第２回),0,0,🚧,???,0,0
1990-11-21,SFC,ゲーム虎の大穴スペシャル(22)[パート２]櫛田理子のおハガキメッタ斬り,0,0,🚧,???,0,0
1990-11-21,SFC,ゲーム虎の大穴スペシャル(23)[パート１]ちょいにがスペシャル(就職ゲーム),0,0,🚧,???,0,0
1990-11-21,SFC,ゲーム虎の大穴スペシャル(24)[パート２]櫛田理子のおハガキメッタ斬り’ＴＵＲＢＯ,0,0,🚧,???,0,0
1990-11-21,SFC,ゲーム虎の大穴スペシャル(25)[パート１]新作ソフト情報局withプレビュー(学校であった怖い話),0,0,🚧,???,0,0
1990-11-21,SFC,ゲーム虎の大穴スペシャル(26)[パート２]秘伝ソフト情報局withレビュー,0,0,🚧,???,0,0
1990-11-21,SFC,ゲーム虎の大穴スペシャル(27)[パート１]今週のお買い物情報(8/4～5),0,0,🚧,???,0,0
1990-11-21,SFC,ゲーム虎の大穴スペシャル(28)[パート２]ゲーム何でもアンケート,0,0,🚧,???,0,0
1990-11-21,SFC,ゲーム虎の大穴スペシャル(29)[パート１]プレイヤー相談室　何でもＱ＆Ａ(ソフトの発売日、他),0,0,🚧,???,0,0
1990-11-21,SFC,ゲーム虎の大穴スペシャル(30)[パート２]プレイヤー推薦ゲーム紹介(ザ・ファイヤーメン),0,0,🚧,???,0,0
1990-11-21,SFC,ゲーム虎の大穴スペシャル(31)[パート１]READER'S REQUEST(ファミマガ No.16),0,0,🚧,???,0,0
1990-11-21,SFC,ゲーム虎の大穴スペシャル(32)[パート２]何でもいいたい放題,0,0,🚧,???,0,0
1990-11-21,SFC,ゲーム虎の大穴スペシャル(33)[パート１]ファミ通＆サテ通ブックメーカー(第３回),0,0,🚧,???,0,0
1990-11-21,SFC,ゲーム虎の大穴スペシャル(34)[パート２]櫛田理子のおハガキメッタ斬り,0,0,🚧,???,0,0
1990-11-21,SFC,ゲーム虎の大穴スペシャル(35)[パート１]ちょいにがスペシャル(ザ・心理ゲーム３),0,0,🚧,???,0,0
1990-11-21,SFC,ゲーム虎の大穴スペシャル(36)[パート２]櫛田理子のおハガキメッタ斬り’ＴＵＲＢＯ,0,0,🚧,???,0,0
1990-11-21,SFC,ゲーム虎の大穴スペシャル(37)[パート１]新作ソフト情報局withプレビュー(悪魔城ドラキュラＸＸ),0,0,🚧,???,0,0
1990-11-21,SFC,ゲーム虎の大穴スペシャル(38)[パート２]秘伝ソフト情報局withレビュー,0,0,🚧,???,0,0
1990-11-21,SFC,ゲーム虎の大穴スペシャル(39)[パート１]今週のお買い物情報(8/10～11),0,0,🚧,???,0,0
1990-11-21,SFC,ゲーム虎の大穴スペシャル(40)[パート２]ゲーム何でもアンケート,0,0,🚧,???,0,0
1990-11-21,SFC,ゲーム虎の大穴スペシャル(41)[パート１]プレイヤー相談室　何でもＱ＆Ａ(箱、説明書を購入),0,0,🚧,???,0,0
1990-11-21,SFC,ゲーム虎の大穴スペシャル(42)[パート２]プレイヤー推薦ゲーム紹介(ライブ・ア・ライブ、他),0,0,🚧,???,0,0
1990-11-21,SFC,ゲーム虎の大穴スペシャル(43)[パート１]READER'S RANKING'95(6/30～7/7),0,0,🚧,???,0,0
1990-11-21,SFC,ゲーム虎の大穴スペシャル(44)[パート２]何でもいいたい放題,0,0,🚧,???,0,0
1990-11-21,SFC,ゲーム虎の大穴スペシャル(45)[パート１]ファミ通＆サテ通ブックメーカー(第４回),0,0,🚧,???,0,0
1990-11-21,SFC,ゲーム虎の大穴スペシャル(46)[パート２]櫛田理子のおハガキメッタ斬り,0,0,🚧,???,0,0
1990-11-21,SFC,ゲーム虎の大穴スペシャル(47)[パート１]ちょいにがスペシャル(ゲームの達人),0,0,🚧,???,0,0
1990-11-21,SFC,ゲーム虎の大穴スペシャル(48)[パート２]櫛田理子のおハガキメッタ斬り’ＴＵＲＢＯ,0,0,🚧,???,0,0
1990-11-21,SFC,ゲーム虎の大穴スペシャル(49)[パート１]新作ソフト情報局withプレビュー(忍者龍剣伝・巴),0,0,🚧,???,0,0
1990-11-21,SFC,ゲーム虎の大穴スペシャル(50)[パート２]秘伝ソフト情報局withレビュー,0,0,🚧,???,0,0
1990-11-21,SFC,ゲーム虎の大穴スペシャル(51)[パート１]スーパーマリオ　ヨッシーアイランド特集,0,0,🚧,???,0,0
1990-11-21,SFC,ゲーム虎の大穴スペシャル(52)[パート２]ゲーム何でもアンケート,0,0,🚧,???,0,0
1990-11-21,SFC,ゲーム虎の大穴スペシャル(53)[パート１]プレイヤー相談室　何でもＱ＆Ａ(24時間、他),0,0,🚧,???,0,0
1990-11-21,SFC,ゲーム虎の大穴スペシャル(54)[パート２]プレイヤー推薦ゲーム紹介(レディストーカー、他),0,0,🚧,???,0,0
1990-11-21,SFC,ゲーム虎の大穴スペシャル(55)[パート１]READER'S REQUEST(ファミマガ No.17),0,0,🚧,???,0,0
1990-11-21,SFC,ゲーム虎の大穴スペシャル(56)[パート２]何でもいいたい放題,0,0,🚧,???,0,0
1990-11-21,SFC,ゲーム虎の大穴スペシャル(57)[パート１]ファミ通＆サテ通ブックメーカー(第５回),0,0,🚧,???,0,0
1990-11-21,SFC,ゲーム虎の大穴スペシャル(58)[パート２]櫛田理子のおハガキメッタ斬り,0,0,🚧,???,0,0
1990-11-21,SFC,ゲーム虎の大穴スペシャル(59)[パート１]ちょいにがスペシャル(雀鬼流麻雀必勝法),0,0,🚧,???,0,0
1990-11-21,SFC,ゲーム虎の大穴スペシャル(60)[パート２]櫛田理子のおハガキメッタ斬り’ＴＵＲＢＯ,0,0,🚧,???,0,0
1990-11-21,SFC,ゲーム虎の大穴スペシャル(61)[パート１]新作ソフト情報局withプレビュー(ころんらんど),0,0,🚧,???,0,0
1990-11-21,SFC,ゲーム虎の大穴スペシャル(62)[パート２]秘伝ソフト情報局withレビュー,0,0,🚧,???,0,0
1990-11-21,SFC,ゲーム虎の大穴スペシャル(63)[パート１]今週のお買い物情報(8/25),0,0,🚧,???,0,0
1990-11-21,SFC,ゲーム虎の大穴スペシャル(64)[パート２]ゲーム何でもアンケート,0,0,🚧,???,0,0
1990-11-21,SFC,ゲーム虎の大穴スペシャル(65)[パート１]プレイヤー相談室　何でもＱ＆Ａ(64ビット機),0,0,🚧,???,0,0
1990-11-21,SFC,ゲーム虎の大穴スペシャル(66)[パート２]推薦ゲーム紹介(スラップスティック、プレイヤー他),0,0,🚧,???,0,0
1990-11-21,SFC,ゲーム虎の大穴スペシャル(67)[パート１]READER'S RANKING'95(7/14～21),0,0,🚧,???,0,0
1990-11-21,SFC,ゲーム虎の大穴スペシャル(68)[パート２]何でもいいたい放題,0,0,🚧,???,0,0
1990-11-21,SFC,ゲーム虎の大穴スペシャル(69)[パート１]ファミ通＆サテ通ブックメーカー(第６回),0,0,🚧,???,0,0
1990-11-21,SFC,ゲーム虎の大穴スペシャル(70)[パート２]櫛田理子のおハガキメッタ斬り,0,0,🚧,???,0,0
1990-11-21,SFC,ゲーム虎の大穴スペシャル(71)[パート１]ちょいにがスペシャル(Ｐａｒｌｏｒ！パーラー！２),0,0,🚧,???,0,0
1990-11-21,SFC,ゲーム虎の大穴スペシャル(72)[パート２]櫛田理子のおハガキメッタ斬り’ＴＵＲＢＯ,0,0,🚧,???,0,0
1990-11-21,SFC,ゲーム虎の大穴スペシャル(73)[パート１]新作ソフト情報局withプレビュー(バトルロボット列伝),0,0,🚧,???,0,0
1990-11-21,SFC,ゲーム虎の大穴スペシャル(74)[パート２]秘伝ソフト情報局withレビュー,0,0,🚧,???,0,0
1990-11-21,SFC,ゲーム虎の大穴スペシャル(75)[パート１]今週のお買い物情報(9/1),0,0,🚧,???,0,0
1990-11-21,SFC,ゲーム虎の大穴スペシャル(76)[パート２]ゲーム何でもアンケート(最終回),0,0,🚧,???,0,0
1990-11-21,SFC,ゲーム虎の大穴スペシャル(77)[パート１]プレイヤー相談室　何でもＱ＆Ａ(どしゃぶりに…),0,0,🚧,???,0,0
1990-11-21,SFC,ゲーム虎の大穴スペシャル(78)[パート２]プレイヤー推薦ゲーム紹介(ウルトラマン、他),0,0,🚧,???,0,0
1990-11-21,SFC,ゲーム虎の大穴スペシャル(79)[パート１]READER'S REQUEST(ファミマガ No.18),0,0,🚧,???,0,0
1990-11-21,SFC,ゲーム虎の大穴スペシャル(80)[パート２]何でもいいたい放題,0,0,🚧,???,0,0
1990-11-21,SFC,ゲーム虎の大穴スペシャル(81)[パート１]ファミ通＆サテ通ブックメーカー(第７回),0,0,🚧,???,0,0
1990-11-21,SFC,ゲーム虎の大穴スペシャル(82)[パート２]櫛田理子のおハガキメッタ斬り,0,0,🚧,???,0,0
1990-11-21,SFC,ゲーム虎の大穴スペシャル(83)[パート１]ちょいにがスペシャル(釣りゲーム紹介),0,0,🚧,???,0,0
1990-11-21,SFC,ゲーム虎の大穴スペシャル(84)[パート２]櫛田理子のおハガキメッタ斬り’ＴＵＲＢＯ,0,0,🚧,???,0,0
1990-11-21,SFC,ゲーム虎の大穴スペシャル(85)エニックス情報局,0,0,🚧,???,0,0
1990-11-21,SFC,ゲーム虎の大穴スペシャル(86)新作ソフト(バウンティ・ソード)　秘伝ソフト(ころんらんど、他),0,0,🚧,???,0,0
1990-11-21,SFC,ゲーム虎の大穴スペシャル(87)今週のお買い物情報(9/8)　ブックメーカー,0,0,🚧,???,0,0
1990-11-21,SFC,ゲーム虎の大穴スペシャル(88)[VOL.1]新作ソフト(アリスのペイントアドベンチャー)語っちゃうよ,0,0,🚧,???,0,0
1990-11-21,SFC,ゲーム虎の大穴スペシャル(89)[VOL.2]ファミマガアースワールド'95,0,0,🚧,???,0,0
1990-11-21,SFC,ゲーム虎の大穴スペシャル(90)エニックス情報局(ハーメルンのバイオリン弾き),0,0,🚧,???,0,0
1990-11-21,SFC,ゲーム虎の大穴スペシャル(91)新作ソフト(超兄貴爆裂乱闘篇)　秘伝ソフト(うまたろう、他),0,0,🚧,???,0,0
1990-11-21,SFC,ゲーム虎の大穴スペシャル(92)今週のお買い物情報(9/14～15)　ブックメーカー,0,0,🚧,???,0,0
1990-11-21,SFC,ゲーム虎の大穴スペシャル(93)[VOL.1]新作ソフト(ウェディングピーチ)語っちゃうよ,0,0,🚧,???,0,0
1990-11-21,SFC,ゲーム虎の大穴スペシャル(94)[VOL.2]おハガキスペシャル,0,0,🚧,???,0,0
1990-11-21,SFC,ゲーム虎の大穴スペシャル(95)エニックス情報局(常勝麻雀天牌),0,0,🚧,???,0,0
1990-11-21,SFC,ゲーム虎の大穴スペシャル(96)新作ソフト(パネルでポン)　秘伝ソフト,0,0,🚧,???,0,0
1990-11-21,SFC,ゲーム虎の大穴スペシャル(97)今週のお買い物情報(9/22～29)　ブックメーカー,0,0,🚧,???,0,0
1990-11-21,SFC,ゲーム虎の大穴スペシャル(98)[VOL.1]新作ソフト(ウィザードリィVI)語っちゃうよ,0,0,🚧,???,0,0
1990-11-21,SFC,ゲーム虎の大穴スペシャル(99)[VOL.2]街角インタビュー　秋葉原周辺100人,0,0,🚧,???,0,0
1990-11-21,SFC,ゲーム虎の大穴スペシャル(100)エニックス情報局,0,0,🚧,???,0,0
1990-11-21,SFC,ゲーム虎の大穴スペシャル(101)新作ソフト　秘伝ソフト,0,0,🚧,???,0,0
1990-11-21,SFC,ゲーム虎の大穴スペシャル(102)今週のお買い物情報　ブックメーカー,0,0,🚧,???,0,0
1990-11-21,SFC,ゲーム虎の大穴スペシャル(103)[VOL.1]新作ソフト語っちゃうよ,0,0,🚧,???,0,0
1990-11-21,SFC,ゲーム虎の大穴スペシャル(104)[VOL.2]街角インタビュー　秋葉原周辺100人,0,0,🚧,???,0,0
1990-11-21,SFC,ゲーム虎の大穴スペシャル(105)エニックス情報局(天地創造),0,0,🚧,???,0,0
1990-11-21,SFC,ゲーム虎の大穴スペシャル(106)新作ソフト(スーパー花札２)　秘伝ソフト(超兄貴、他),0,0,🚧,???,0,0
1990-11-21,SFC,ゲーム虎の大穴スペシャル(107)今週のお買い物情報(10/6)　ブックメーカー,0,0,🚧,???,0,0
1990-11-21,SFC,ゲーム虎の大穴スペシャル(108)[VOL.1]新作ソフト(真　哭きの竜)語っちゃうよ,0,0,🚧,???,0,0
1990-11-21,SFC,ゲーム虎の大穴スペシャル(109)[VOL.2]スーパードンキーゴング２速報推薦ゲーム(ドカポン３・２・１),0,0,🚧,???,0,0
1990-11-21,SFC,ゲーム虎の大穴スペシャル(110)エニックス情報局(天地創造),0,0,🚧,???,0,0
1990-11-21,SFC,ゲーム虎の大穴スペシャル(111)新作ソフト(ゲームの鉄人)　秘伝ソフト(パネルでポン),0,0,🚧,???,0,0
1990-11-21,SFC,ゲーム虎の大穴スペシャル(112)今週のお買い物情報(10/13)　ブックメーカー,0,0,🚧,???,0,0
1990-11-21,SFC,ゲーム虎の大穴スペシャル(113)[VOL.1]新作ソフト(マジカルドロップ)語っちゃうよ,0,0,🚧,???,0,0
1990-11-21,SFC,ゲーム虎の大穴スペシャル(114)[VOL.2]サテラビュー徹底解剖,0,0,🚧,???,0,0
1990-11-21,SFC,ゲーム虎の大穴スペシャル(115)エニックス情報局(天地創造),0,0,🚧,???,0,0
1990-11-21,SFC,ゲーム虎の大穴スペシャル(116)新作ソフト(ガンガンガンチャン)　秘伝ソフト(すぱぽ～ん、他),0,0,🚧,???,0,0
1990-11-21,SFC,ゲーム虎の大穴スペシャル(117)今週のお買い物情報(10/20)　ブックメーカー,0,0,🚧,???,0,0
1990-11-21,SFC,ゲーム虎の大穴スペシャル(118)[VOL.1]新作ソフト(ウルトラベースボール実名版３)語っちゃうよ,0,0,🚧,???,0,0
1990-11-21,SFC,ゲーム虎の大穴スペシャル(119)[VOL.2]パネルでポン発売直前情報,0,0,🚧,???,0,0
1990-11-21,SFC,ゲーム虎の大穴スペシャル(120)エニックス情報局(天地創造),0,0,🚧,???,0,0
1990-11-21,SFC,ゲーム虎の大穴スペシャル(121)新作ソフト(ジュエル　オブ　ライブII)　今週のお買い物情報１(10/27)　秘伝ソフト,0,0,🚧,???,0,0
1990-11-21,SFC,ゲーム虎の大穴スペシャル(122)今週のお買い物情報２(10/27)　ブックメーカー,0,0,🚧,???,0,0
1990-11-21,SFC,ゲーム虎の大穴スペシャル(123)[VOL.1]新作ソフト(ロゴスパニックごあいさつ)語っちゃうよ,0,0,🚧,???,0,0
1990-11-21,SFC,ゲーム虎の大穴スペシャル(124)[VOL.2]来週からのお知らせ、他,0,0,🚧,???,0,0
1990-11-21,SFC,ゲーム虎の大穴スペシャル(125)エニックス情報局(ドラクエVI),0,0,🚧,???,0,0
1990-11-21,SFC,ゲーム虎の大穴スペシャル(126)新作ソフト(新スタートレック) 秘伝ソフト(ゲームの鉄人、マジカルドロップ),0,0,🚧,???,0,0
1990-11-21,SFC,ゲーム虎の大穴スペシャル(127)今週のお買い物情報(11/2) 語っちゃうよ,0,0,🚧,???,0,0
1990-11-21,SFC,ゲーム虎の大穴スペシャル(128)新作ソフト(リーディングジョッキー２)　リコちゃん電話(開通御祝い),0,0,🚧,???,0,0
1990-11-21,SFC,ゲーム虎の大穴スペシャル(129)エニックス情報局(ドラクエVI),0,0,🚧,???,0,0
1990-11-21,SFC,ゲーム虎の大穴スペシャル(130)新作ソフト(SUPER億万長者ゲーム)　秘伝ソフト(ガンチャン、ウルトラベースボール),0,0,🚧,???,0,0
1990-11-21,SFC,ゲーム虎の大穴スペシャル(131)今週のお買い物情報(11/10～11)　語っちゃうよ,0,0,🚧,???,0,0
1990-11-21,SFC,ゲーム虎の大穴スペシャル(132)新作ソフト(魔女たちの眠り)　リコちゃん電話(ドラクエVIの買い方),0,0,🚧,???,0,0
1990-11-21,SFC,ゲーム虎の大穴スペシャル(133)エニックス情報局(ドラクエVI),0,0,🚧,???,0,0
1990-11-21,SFC,ゲーム虎の大穴スペシャル(134)新作ソフト(ドカポン外伝)　秘伝ソフト(ロゴスパニック),0,0,🚧,???,0,0
1990-11-21,SFC,ゲーム虎の大穴スペシャル(135)今週のお買い物情報(11/17)　初心会情報　語っちゃうよ,0,0,🚧,???,0,0
1990-11-21,SFC,ゲーム虎の大穴スペシャル(136)新作ソフト(クロックワークス)　リコちゃん電話(ゲームキャラものまね),0,0,🚧,???,0,0
1990-11-21,SFC,ゲーム虎の大穴スペシャル(137)エニックス情報局(ドラクエVI、初心会情報),0,0,🚧,???,0,0
1990-11-21,SFC,ゲーム虎の大穴スペシャル(138)新作ソフト(ちびまる子ちゃん)　秘伝ソフト(リーディングジョッキー２),0,0,🚧,???,0,0
1990-11-21,SFC,ゲーム虎の大穴スペシャル(139)今週のお買い物情報(11/21～25)　NINTENDO64情報,0,0,🚧,???,0,0
1990-11-21,SFC,ゲーム虎の大穴スペシャル(140)新作ソフト(Ｂ．Ｂ．ＧＵＮ)　リコちゃん電話(親からの一言),0,0,🚧,???,0,0
1990-11-21,SFC,ゲーム虎の大穴スペシャル(141)エニックス情報局(ドラクエVI),0,0,🚧,???,0,0
1990-11-21,SFC,ゲーム虎の大穴スペシャル(142)[1]新作ソフト(す～ぱ～ぷよぷよ通),0,0,🚧,???,0,0
1990-11-21,SFC,ゲーム虎の大穴スペシャル(143)[2]今週のお買い物情報(12/1)　秘伝ソフト(SUPER億万長者、他),0,0,🚧,???,0,0
1990-11-21,SFC,ゲーム虎の大穴スペシャル(144)[1]新作ソフト(アメリカン　バトルドーム),0,0,🚧,???,0,0
1990-11-21,SFC,ゲーム虎の大穴スペシャル(145)[2]NINTENDO64ソフト紹介,0,0,🚧,???,0,0
1990-11-21,SFC,ゲーム虎の大穴スペシャル(146)[1]新作ソフト(ミッキーとドナルド　マジカルアドベンチャー３),0,0,🚧,???,0,0
1990-11-21,SFC,ゲーム虎の大穴スペシャル(147)[2]パネルでポン　イベント大攻略(初級編)　リコちゃん電話(新コーナー),0,0,🚧,???,0,0
1990-11-21,SFC,ゲーム虎の大穴スペシャル(148)エニックス情報局(ドラクエVI),0,0,🚧,???,0,0
1990-11-21,SFC,ゲーム虎の大穴スペシャル(149)[1]新作ソフト(イースＶ),0,0,🚧,???,0,0
1990-11-21,SFC,ゲーム虎の大穴スペシャル(150)[2]今週のお買い物情報(12/8～9)　秘伝ソフト,0,0,🚧,???,0,0
1990-11-21,SFC,ゲーム虎の大穴スペシャル(151)[1]新作ソフト(もってけｏｈ！ドロボー),0,0,🚧,???,0,0
1990-11-21,SFC,ゲーム虎の大穴スペシャル(152)[2]パネルでポン　イベント大攻略(中上級編),0,0,🚧,???,0,0
1990-11-21,SFC,ゲーム虎の大穴スペシャル(153)[1]新作ソフト(商人よ、大志を抱け!!、美少女戦士セーラームーンＳｕｐｅｒＳ),0,0,🚧,???,0,0
1990-11-21,SFC,ゲーム虎の大穴スペシャル(154)[2]新作ソフト(ＳＤガンダムＧ　ＮＥＸＴ)スペースワールド'95情報,0,0,🚧,???,0,0
1990-11-21,SFC,ゲーム虎の大穴スペシャル(155)エニックス情報局(これがエニックスの実態だ！),0,0,🚧,???,0,0
1990-11-21,SFC,ゲーム虎の大穴スペシャル(156)[1]新作ソフト(ファイナルファイト　タフ、ロックマンＸ３),0,0,🚧,???,0,0
1990-11-21,SFC,ゲーム虎の大穴スペシャル(157)[2]今週のお買い物情報(12/15)　秘伝ソフト(ちびまる子ちゃん、Ｂ．Ｂ．ＧＵＮＳ),0,0,🚧,???,0,0
1990-11-21,SFC,ゲーム虎の大穴スペシャル(158)[1]新作ソフト(スーパーチャイニーズワールド３),0,0,🚧,???,0,0
1990-11-21,SFC,ゲーム虎の大穴スペシャル(159)[2]ファミコンスペースワールド'95情報,0,0,🚧,???,0,0
1990-11-21,SFC,ゲーム虎の大穴スペシャル(160)[1]新作ソフト(将棋三昧),0,0,🚧,???,0,0
1990-11-21,SFC,ゲーム虎の大穴スペシャル(161)[2]今週のお買い物情報(12/15)　リコちゃん電話(ドラクエVI発売初日),0,0,🚧,???,0,0
1990-11-21,SFC,ゲーム虎の大穴スペシャル(162)エニックス情報局(いただきストリート２),0,0,🚧,???,0,0
1990-11-21,SFC,ゲーム虎の大穴スペシャル(163)[1]新作ソフト(ロードス島戦記),0,0,🚧,???,0,0
1990-11-21,SFC,ゲーム虎の大穴スペシャル(164)[2]今週のお買い物情報(12/20～22),0,0,🚧,???,0,0
1990-11-21,SFC,ゲーム虎の大穴スペシャル(165)[1]新作ソフト(バトルサブマリン),0,0,🚧,???,0,0
1990-11-21,SFC,ゲーム虎の大穴スペシャル(166)[2]今週のお買い物情報(12/22)　NINTENDO64アンケート,0,0,🚧,???,0,0
1990-11-21,SFC,ゲーム虎の大穴スペシャル(167)[1]新作ソフト(Ｐａｒｌｏｒ！パーラー！IV ＣＲ),0,0,🚧,???,0,0
1990-11-21,SFC,ゲーム虎の大穴スペシャル(168)[2]秘伝ソフト(す～ぱ～ぷよぷよ通、他)　リコちゃん電話(欲しいプレゼント),0,0,🚧,???,0,0
1990-11-21,SFC,ゲーム虎の大穴スペシャル(169)エニックス情報局(エニックスマニア),0,0,🚧,???,0,0
1990-11-21,SFC,ゲーム虎の大穴スペシャル(170)新作ソフト(魔導物語はなまる大幼稚園児)　秘伝ソフト(もってけｏｈ！ドロボー),0,0,🚧,???,0,0
1990-11-21,SFC,ゲーム虎の大穴スペシャル(171)今週のお買い物情報(12/27～29)　虎の大穴　十大ニュース,0,0,🚧,???,0,0
1990-11-21,SFC,ゲーム虎の大穴スペシャル(172)櫛田理子のゲームゆく年くる年　リコちゃん電話(ゲームゆく年くる年),0,0,🚧,???,0,0
1990-11-21,SFC,ゲーム虎の大穴スペシャル(173)エニックス情報局(ワンダープロジェクトＪ),0,0,🚧,???,0,0
1990-11-21,SFC,ゲーム虎の大穴スペシャル(174)櫛田、しのはら'96を語る　ソフトメーカー'96の抱負　秘伝ソフト(将棋三昧、他),0,0,🚧,???,0,0
1990-11-21,SFC,ゲーム虎の大穴スペシャル(175)お年玉企画ブックメーカー　書き初め,0,0,🚧,???,0,0
1990-11-21,SFC,ゲーム虎の大穴スペシャル(176)エニックス情報局(魔方陣グルグル、ドラクエVI),0,0,🚧,???,0,0
1990-11-21,SFC,ゲーム虎の大穴スペシャル(177)新作ソフト(的中競馬塾)　語っちゃうよ　何でも64,0,0,🚧,???,0,0
1990-11-21,SFC,ゲーム虎の大穴スペシャル(178)今週のお買い物情報(1/12)　秘伝ソフト(バトルサブマリン、他)　リコちゃん電話,0,0,🚧,???,0,0
1990-11-21,SFC,ゲーム虎の大穴スペシャル(179)エニックス情報局(エニックスとインターネット、ＢＳドラクエＩ),0,0,🚧,???,0,0
1990-11-21,SFC,ゲーム虎の大穴スペシャル(180)新作ソフト(平成軍人将棋)　語っちゃうよ　何でも64,0,0,🚧,???,0,0
1990-11-21,SFC,ゲーム虎の大穴スペシャル(181)今週のお買い物情報(1/19)　秘伝ソフト(魔導物語)　リコちゃん電話(嫌いなジャンル),0,0,🚧,???,0,0
1990-11-21,SFC,ゲーム虎の大穴スペシャル(182)エニックス情報局(最後の？今週のＤＱVI),0,0,🚧,???,0,0
1990-11-21,SFC,ゲーム虎の大穴スペシャル(183)新作ソフト(囲碁倶楽部)　語っちゃうよ　何でも64,0,0,🚧,???,0,0
1990-11-21,SFC,ゲーム虎の大穴スペシャル(184)今週のお買い物情報(1/26)　リコちゃん電話(一つだけ魔法が使えるなら),0,0,🚧,???,0,0
1990-11-21,SFC,ゲーム虎の大穴スペシャル(185)スクウェアスペシャル(ダイナマイ・トレーサー、恋はバランス),0,0,🚧,???,0,0
1990-11-21,SFC,ゲーム虎の大穴スペシャル(186)エニックス情報局(第１回　カニの会スペシャル),0,0,🚧,???,0,0
1990-11-21,SFC,ゲーム虎の大穴スペシャル(187)新作ソフト(クーリースカンク)　秘伝ソフト(的中競馬塾、他)　語っちゃうよ,0,0,🚧,???,0,0
1990-11-21,SFC,ゲーム虎の大穴スペシャル(188)今週のお買い物情報(1/31～2/2)　何でも64　みんなで作ろうＳＴＧ,0,0,🚧,???,0,0
1990-11-21,SFC,ゲーム虎の大穴スペシャル(189)スクウェアスペシャル(ラジカルドリーマーズ)　リコちゃん電話(クリアできなかったゲーム),0,0,🚧,???,0,0
1990-11-21,SFC,ゲーム虎の大穴スペシャル(190)エニックス情報局(あの人は今？,0,0,🚧,???,0,0
1990-11-21,SFC,ゲーム虎の大穴スペシャル(1901)ＢＳソフト(カービィミニゲーム集)　秘伝ソフト(平成軍人将棋)　語っちゃうよ,0,0,🚧,???,0,0
1990-11-21,SFC,ゲーム虎の大穴スペシャル(192)今週のお買い物情報(2/9)　何でも64　みんなで作ろうＳＴＧ,0,0,🚧,???,0,0
1990-11-21,SFC,ゲーム虎の大穴スペシャル(193)スクウェアスペシャル(トレジャー・コンフリクス)　リコちゃん電話(今時やってるゲーム),0,0,🚧,???,0,0
1990-11-21,SFC,ゲーム虎の大穴スペシャル(194)エニックス情報局(バレンタイン・スペシャル),0,0,🚧,???,0,0
1990-11-21,SFC,ゲーム虎の大穴スペシャル(195)任天堂東京支店取材記　秘伝ソフト(囲碁倶楽部)　語っちゃうよ,0,0,🚧,???,0,0
1990-11-21,SFC,ゲーム虎の大穴スペシャル(196)今週のお買い物情報(2/16)　何でも64　みんなで作ろうＳＴＧ,0,0,🚧,???,0,0
1990-11-21,SFC,ゲーム虎の大穴スペシャル(197)特集秋葉原の歩き方　リコちゃん電話(チョコあげたい＆もらいたいキャラ),0,0,🚧,???,0,0
1990-11-21,SFC,ゲーム虎の大穴スペシャル(198)エニックス情報局(汚名返上！３バカ大将),0,0,🚧,???,0,0
1990-11-21,SFC,ゲーム虎の大穴スペシャル(199)新作ソフト(スーパーファミスタ５)　秘伝ソフト(クーリースカンク)　語っちゃうよ,0,0,🚧,???,0,0
1990-11-21,SFC,ゲーム虎の大穴スペシャル(200)今週のお買い物情報(2/23)　何でも64　みんなで作ろうＳＴＧ,0,0,🚧,???,0,0
1990-11-21,SFC,ゲーム虎の大穴スペシャル(201)新作ソフト(実況パワフルプロ野球３)　リコちゃん電話(おいおいと思ったゲーム),0,0,🚧,???,0,0
1990-11-21,SFC,ゲーム虎の大穴スペシャル(202)エニックス情報局(魔方陣グルグル２),0,0,🚧,???,0,0
1990-11-21,SFC,ゲーム虎の大穴スペシャル(203)新作ソフト(晦（つきこもり）)　ダビスタ96一口情報　語っちゃうよ,0,0,🚧,???,0,0
1990-11-21,SFC,ゲーム虎の大穴スペシャル(204)今週のお買い物情報(2/29～3/1)　みんなで作ろうＳＴＧ,0,0,🚧,???,0,0
1990-11-21,SFC,ゲーム虎の大穴スペシャル(205)新作ソフト(す～ぱ～ぷよぷよ通リミックス)　何でも64　リコちゃん電話(受験),0,0,🚧,???,0,0
1990-11-21,SFC,ゲーム虎の大穴スペシャル(206)エニックス情報局(ダークハーフ),0,0,🚧,???,0,0
1990-11-21,SFC,ゲーム虎の大穴スペシャル(207)新作ソフト(ＮＥＷヤッターマン)　ダビスタ96一口情報　語っちゃうよ,0,0,🚧,???,0,0
1990-11-21,SFC,ゲーム虎の大穴スペシャル(208)今週のお買い物情報(3/8～9)　マリオＲＰＧ情報　みんなで作ろうＳＴＧ,0,0,🚧,???,0,0
1990-11-21,SFC,ゲーム虎の大穴スペシャル(209)新作ソフト(カオスシード)　何でも64　リコちゃん電話(ギャルゲー討論大会),0,0,🚧,???,0,0
1990-11-21,SFC,ゲーム虎の大穴スペシャル(210)エニックス情報局(さらば！常勝麻雀天牌、ワンダープロジェクトＪ２),0,0,🚧,???,0,0
1990-11-21,SFC,ゲーム虎の大穴スペシャル(211)新作ソフト(忍たま乱太郎２)　ダビスタ96一口情報　語っちゃうよ,0,0,🚧,???,0,0
1990-11-21,SFC,ゲーム虎の大穴スペシャル(212)今週のお買い物情報(3/15)　マリオＲＰＧ情報　みんなで作ろうＳＴＧ,0,0,🚧,???,0,0
1990-11-21,SFC,ゲーム虎の大穴スペシャル(213)[1]新作ソフト(ギャンブル放浪記),0,0,🚧,???,0,0
1990-11-21,SFC,ゲーム虎の大穴スペシャル(214)[2]新作ソフト(星のカービィ　スーパーデラックス),0,0,🚧,???,0,0
1990-11-21,SFC,ゲーム虎の大穴スペシャル(215)エニックス情報局,0,0,🚧,???,0,0
1990-11-21,SFC,ゲーム虎の大穴スペシャル(216)新作ソフト(それ行けエビス丸)秘伝ソフト(星のカービィミニゲーム)　語っちゃうよ,0,0,🚧,???,0,0
1990-11-21,SFC,ゲーム虎の大穴スペシャル(217)今週のお買い物情報(3/21～22)　マリオＲＰＧ情報　みんなで作ろうＳＴＧ,0,0,🚧,???,0,0
1990-11-21,SFC,ゲーム虎の大穴スペシャル(218)新作ソフト(音楽ツクールかなでーる)　何でも64　リコちゃん電話(業界を変える),0,0,🚧,???,0,0
1990-11-21,SFC,ゲーム虎の大穴スペシャル(219)エニックス情報局(今後のソフトラインナップ、一応「さよなら」メッセージ),0,0,🚧,???,0,0
1990-11-21,SFC,ゲーム虎の大穴スペシャル(220)新作ソフト(すぱぽ～んＤＸ)　秘伝ソフト(晦（つきこもり）)　語っちゃうよ,0,0,🚧,???,0,0
1990-11-21,SFC,ゲーム虎の大穴スペシャル(221)今週のお買い物情報(3/29)　マリオＲＰＧ情報　リコちゃん電話(さよならリコ電),0,0,🚧,???,0,0
1990-11-21,SFC,ゲーム虎の大穴スペシャル(222)今週のお買い物情報(3/29)　新番組のご案内　ハガキ採用ポイント最終結果,0,0,🚧,???,0,0
1990-11-21,SFC,ゲーム虎の超大穴(1)[1]今週のお買い物情報(4/5)　番組ガイド　秘伝チェック(ＮＥＷヤッターマン、カオスシード),0,0,🚧,???,0,0
1990-11-21,SFC,ゲーム虎の超大穴(2)[2]エニックス超情報局(発売直前！魔方陣グルグル),0,0,🚧,???,0,0
1990-11-21,SFC,ゲーム虎の超大穴(3)[1]今週のお買い物情報(4/12)　番組ガイド　最新任天堂情報　秘伝チェック,0,0,🚧,???,0,0
1990-11-21,SFC,ゲーム虎の超大穴(4)[2]スクウェア超マガジン(ルドラの秘宝),0,0,🚧,???,0,0
1990-11-21,SFC,ゲーム虎の超大穴(5)[1]今週のお買い物情報(4/19)　番組ガイド　ＫＹＯ　秘伝チェック,0,0,🚧,???,0,0
1990-11-21,SFC,ゲーム虎の超大穴(6)[2]アスキーハイパー通信(音楽ツクールかなでーる、サウンドノベルツクール),0,0,🚧,???,0,0
1990-11-21,SFC,ゲーム虎の超大穴(7)[1]今週のお買い物情報(4/26)　番組ガイド　ＫＹＯ　秘伝チェック,0,0,🚧,???,0,0
1990-11-21,SFC,ゲーム虎の超大穴(8)[2]みつばちの囁き(スーパーボンバーマン４),0,0,🚧,???,0,0
1990-11-21,SFC,ゲーム虎の超大穴(9)[1]おはがきコーナー　番組ガイド　ＫＹＯ,0,0,🚧,???,0,0
1990-11-21,SFC,ゲーム虎の超大穴(10)[2]緊急出動！任天堂(ファイアーエムブレム聖戦の系譜),0,0,🚧,???,0,0
1990-11-21,SFC,ゲーム虎の超大穴(11)[1]ゲー虎超おしかけロケ　番組ガイド　ＫＹＯ,0,0,🚧,???,0,0
1990-11-21,SFC,ゲーム虎の超大穴(12)[2]エニックス超情報局(発売直前「ダークハーフ」),0,0,🚧,???,0,0
1990-11-21,SFC,ゲーム虎の超大穴(13)[1]今週のお買い物情報(5/14)　番組ガイド　最新任天堂情報　秘伝チェック,0,0,🚧,???,0,0
1990-11-21,SFC,ゲーム虎の超大穴(14)[2]スクウェア超マガジン(トレジャーハンターＧ),0,0,🚧,???,0,0
1990-11-21,SFC,ゲーム虎の超大穴(15)[1]今週のお買い物情報(5/24)　番組ガイド　ゲームボーイポケット　秘伝チェック,0,0,🚧,???,0,0
1990-11-21,SFC,ゲーム虎の超大穴(16)[2]アスキーハイパー通信(ベストショットプロゴルフ、ウィザードリィ外伝IV),0,0,🚧,???,0,0
1990-11-21,SFC,ゲーム虎の超大穴(17)[1]今週のお買い物情報(5/31～6/1)　サウンドリンクゲーム　ＫＹＯ　秘伝チェック,0,0,🚧,???,0,0
1990-11-21,SFC,ゲーム虎の超大穴(18)[2]みつばちの囁き(Ｊリーグ'96ドリームスタジアム),0,0,🚧,???,0,0
1990-11-21,SFC,ゲーム虎の超大穴(19)[1]映画情報(バーチュオシティ)　番組ガイド　ＫＹＯ,0,0,🚧,???,0,0
1990-11-21,SFC,ゲーム虎の超大穴(20)[2]エニックス超情報局(緊急速報スターオーシャン),0,0,🚧,???,0,0
1990-11-21,SFC,ゲーム虎の超大穴(21)[1]今週のお買い物情報(6/14)　番組ガイド　第１回ＢＳサテラビュー杯開催　秘伝チェック,0,0,🚧,???,0,0
1990-11-21,SFC,ゲーム虎の超大穴(22)[2]スクウェア超マガジン(トレジャーハンターＧ),0,0,🚧,???,0,0
1990-11-21,SFC,ゲーム虎の超大穴(23)[1]最新！任天堂超情報　番組ガイド　ＫＹＯ,0,0,🚧,???,0,0
1990-11-21,SFC,ゲーム虎の超大穴(24)[2]アスキーハイパー通信(タワードリーム),0,0,🚧,???,0,0
1990-11-21,SFC,ゲーム虎の超大穴(25)[1]今週のお買い物情報(6/23～29)　番組ガイド　ロクヨンリコちゃん,0,0,🚧,???,0,0
1990-11-21,SFC,ゲーム虎の超大穴(26)[2]みつばちの囁き(アースライト　ルナストライク、鮫亀コマコンテスト),0,0,🚧,???,0,0
1990-11-21,SFC,ゲーム虎の超大穴(27)[1]ロクヨンリコちゃん　川のぬし釣り　ＢＳスプリガン・パワード　ＫＹＯ　秘伝チェック,0,0,🚧,???,0,0
1990-11-21,SFC,ゲーム虎の超大穴(28)[2]緊急出動！任天堂(サテラビュー杯任天堂ＢＣのお知らせ),0,0,🚧,???,0,0
1990-11-21,SFC,ゲーム虎の超大穴(29)[1]ロクヨンリコちゃん　ＢＳスプリガン・パワード　ＫＹＯ　秘伝チェック,0,0,🚧,???,0,0
1990-11-21,SFC,ゲーム虎の超大穴(30)[2]エニックス超情報局(スターオーシャンはこんなゲーム),0,0,🚧,???,0,0
1990-11-21,SFC,ゲーム虎の超大穴(31)[1]今週のお買い物情報(7/19)　ＢＳスプリガン・パワード　ロクヨンリコちゃん　秘伝チェック,0,0,🚧,???,0,0
1990-11-21,SFC,ゲーム虎の超大穴(32)[2]バンザイ バンダイ(スーファミターボ),0,0,🚧,???,0,0
1990-11-21,SFC,ゲーム虎の超大穴(33)[1]今週のお買い物情報(7/21～26)　秘伝チェック　ＢＳスプリガン・パワード　NINTENDO64最新ソフト,0,0,🚧,???,0,0
1990-11-21,SFC,ゲーム虎の超大穴(34)[2]アスキーハイパー通信(ウィザードリィ外伝IV、タワードリーム、大戦略エキスパートWWII),0,0,🚧,???,0,0
1990-11-21,SFC,ゲーム虎の超大穴(35)[1]今週のお買い物情報(8/2)　サテラＱ　ロクヨンリコちゃん　PLAYER'Sチェック,0,0,🚧,???,0,0
1990-11-21,SFC,ゲーム虎の超大穴(36)[2]みつばちの囁き(大貝獣物語２、ハドカルＱ、鮫亀駒エディター通信、サテライトネットワーク),0,0,🚧,???,0,0
1990-11-21,SFC,ゲーム虎の超大穴(37)[1]今週のお買い物情報(8/9)　弟切草　ＢＳシムシティ　ロクヨンリコちゃん　ＫＹＯ,0,0,🚧,???,0,0
1990-11-21,SFC,ゲーム虎の超大穴(38)[2]エニックス超情報局(制作快調！ワンダープロジェクトＪ２),0,0,🚧,???,0,0
1990-11-21,SFC,ゲーム虎の超大穴(39)[1]ロクヨンリコちゃん　つり太郎　ＢＳシムシティ　ＫＹＯ,0,0,🚧,???,0,0
1990-11-21,SFC,ゲーム虎の超大穴(40)[2]バンザイ バンダイ(激走戦隊カーレンジャー),0,0,🚧,???,0,0
1990-11-21,SFC,ゲーム虎の超大穴(41)[1]今週のお買い物情報(8/23～24)　スーパーフォーメーションサッカー　ＢＳシムシティ　ロクヨンリコちゃん　ＫＹＯ,0,0,🚧,???,0,0
1990-11-21,SFC,ゲーム虎の超大穴(42)[2]アスキーハイパー通信(タワードリーム、ミニ四駆シャイニングスコーピオン),0,0,🚧,???,0,0
1990-11-21,SFC,ゲーム虎の超大穴(43)[1]今週のお買い物情報(8/30～31)　ソウルブレイダー　ＢＳシムシティ　東京ゲームショウ'96,0,0,🚧,???,0,0
1990-11-21,SFC,ゲーム虎の超大穴(44)[2]みつばちの囁き(スーパーパワーリーグ４、ハドカルＱ、鮫亀駒エディター通信、サテライトネット),0,0,🚧,???,0,0
1990-11-21,SFC,ゲーム虎の超大穴(45)[1]ロクヨンリコちゃん　スーパーファイヤープロレスリング　ＢＳ牧場物語　新作映画情報,0,0,🚧,???,0,0
1990-11-21,SFC,ゲーム虎の超大穴(46)[2]エニックス超情報局(エニックスＮ64第１弾！『ワンダープロジェクトＪ２』),0,0,🚧,???,0,0
1990-11-21,SFC,ゲーム虎の超大穴(47)[1]今週のお買い物情報(9/13)　キッドクラウンのクレイジーチェイス　ＢＳ牧場物語　最新！超映画情報,0,0,🚧,???,0,0
1990-11-21,SFC,ゲーム虎の超大穴(48)[2]バンザイ バンダイ(美少女戦士セーラームーンふわふわパニック２),0,0,🚧,???,0,0
1990-11-21,SFC,ゲーム虎の超大穴(49)[1]今週のお買い物情報(9/20)　ＢＳ牧場物語　ダイノバイザー特集,0,0,🚧,???,0,0
1990-11-21,SFC,ゲーム虎の超大穴(50)[2]アスキーハイパー通信(『ダービースタリオン96』公式ブリーダーズカップ、『ウィザードリィ外伝VI』裏技公開！),0,0,🚧,???,0,0
1990-11-21,SFC,ゲーム虎の超大穴(51)[1]今週のお買い物情報(9/27)　アクトレイザー　スーパーボンバーマン２　ＢＳ牧場物語　虎の超大技,0,0,🚧,???,0,0
1990-11-21,SFC,ゲーム虎の超大穴(52)[2]みつばちの囁き(原人コレクション、ボンバーマンGB３、サテライトネットワーク、今月の尋ね人),0,0,🚧,???,0,0
1990-11-21,SFC,ゲーム虎の超大穴(53)[1]今週のお買い物情報(10/4)　初段森田将棋　ＢＳ新・鬼ヶ島　最新！任天堂情報,0,0,🚧,???,0,0
1990-11-21,SFC,ゲーム虎の超大穴(54)[2]緊急出動！任天堂(ウェーブレース64＆カワサキジェットスキー特集),0,0,🚧,???,0,0
1990-11-21,SFC,ゲーム虎の超大穴(55)[1]64Ｑ＆Ａ　セプテントリオン　ＢＳ新・鬼ヶ島,0,0,🚧,???,0,0
1990-11-21,SFC,ゲーム虎の超大穴(56)[2]エニックス超情報局(ワンダープロジェクトＪ２最新情報),0,0,🚧,???,0,0
1990-11-21,SFC,ゲーム虎の超大穴(57)[1]今週のお買い物情報(10/18)　スーパー桃太郎電鉄II　ＢＳ新・鬼ヶ島　64劇場,0,0,🚧,???,0,0
1990-11-21,SFC,ゲーム虎の超大穴(58)[2]バンザイ バンダイ(今月の『バンザイ バンダイ』情報！),0,0,🚧,???,0,0
1990-11-21,SFC,ゲーム虎の超大穴(59)[1]今週のお買い物情報(10/25、26)　どらぼっちゃん　ＢＳ新・鬼ヶ島　突然イマジニア情報！　任天堂,0,0,🚧,???,0,0
1990-11-21,SFC,ゲーム虎の超大穴(60)[2]アスキーハイパー通信(いよいよ発売！タワードリーム、ダビスタ96外国種牡馬パスワード),0,0,🚧,???,0,0
1990-11-21,SFC,ゲーム虎の超大穴(61)[1]J-POPサウンドグラフィティ　ロクヨンリコちゃん(64Ｑ＆Ａ、かがみはら航空宇宙博物館),0,0,🚧,???,0,0
1990-11-21,SFC,ゲーム虎の超大穴(62)[2]みつばちの囁き(桃太郎電鉄ＨＡＰＰＹ、クイズ、桃鉄ＨＡＰＰＹナンバーズ、サテライトネットワーク),0,0,🚧,???,0,0
1990-11-21,SFC,ゲーム虎の超大穴(63)[1]ダビスタ96任天堂ＢＣ表彰式　ヨッシーのパネポン　イーハトーヴォ物語　ＢＳマーヴェラス,0,0,🚧,???,0,0
1990-11-21,SFC,ゲーム虎の超大穴(64)[2]エニックス超情報局(ドラゴンクエストIII そして伝説へ…),0,0,🚧,???,0,0
1990-11-21,SFC,ゲーム虎の超大穴(65)[1]おまたせコナミ64情報！　スーパーアレスタ　ＢＳマーヴェラス,0,0,🚧,???,0,0
1990-11-21,SFC,ゲーム虎の超大穴(66)[2]バンザイ バンダイ(今月の『バンザイ バンダイ』情報！),0,0,🚧,???,0,0
1990-11-21,SFC,ゲーム虎の超大穴(67)[1]Parlor！Mini４　奇々怪界　ＢＳマーヴェラス　64劇場,0,0,🚧,???,0,0
1990-11-21,SFC,ゲーム虎の超大穴(68)[2]アスキーハイパー通信(ミニ四駆シャイニングスコーピオン ～レッツ＆ゴー!!～),0,0,🚧,???,0,0
1990-11-21,SFC,ゲーム虎の超大穴(69)[1]今週のお買い物情報(11/22～29)　スーパーバレーII　ＢＳマーヴェラス　N64スペースワールド'96情報,0,0,🚧,???,0,0
1990-11-21,SFC,ゲーム虎の超大穴(70)[2]みつばちの囁き(ボンバーマンビーダマン、クイズ、質問箱、サテライトネットワーク),0,0,🚧,???,0,0
1990-11-21,SFC,ゲーム虎の超大穴(71)[1]今週のお買い物情報(12/6)　すごろく銀河戦記　サテラＱ他　N64スペースワールド'96情報　河口湖バス,0,0,🚧,???,0,0
1990-11-21,SFC,ゲーム虎の超大穴(72)[2]エニックス超情報局(ワンダープロジェクトＪ２、ドラゴンクエストIII そして伝説へ…),0,0,🚧,???,0,0
1990-11-21,SFC,ゲーム虎の超大穴(73)[1]今週のお買い物情報(12/13・14)　パチスロTWIN　ぷよぷよ　サテラＱ　ロクヨンリコちゃん,0,0,🚧,???,0,0
1990-11-21,SFC,ゲーム虎の超大穴(74)[2]バンザイ バンダイ(名探偵コナン 地下遊園地殺人事件),0,0,🚧,???,0,0
1990-11-21,SFC,ゲーム虎の超大穴(75)[1]今週のお買い物情報(12/19・20)　ドカポンIV　サテラＱ　秘伝ゲームチェック,0,0,🚧,???,0,0
1990-11-21,SFC,ゲーム虎の超大穴(76)[2]アスキーハイパー通信(ミニ四駆シャイニングスコーピオン ～レッツ＆ゴー!!～),0,0,🚧,???,0,0
1990-11-21,SFC,ゲーム虎の超大穴(77)[1]今週のお買い物情報(12/20～27)　レミングス　サテラＱ　サウンドリンクゲームのうわさ,0,0,🚧,???,0,0
1990-11-21,SFC,ゲーム虎の超大穴(78)[2]みつばちの囁き(スーパーボンバーマンＧＢ３、ＨＡＰＰＹナンバーズ当選者、サテライトネットワーク),0,0,🚧,???,0,0
1990-11-21,SFC,ゲーム虎の超大穴(79)[1]ワイアラエの奇蹟　ＢＳ Ｆ－ＺＥＲＯ　ＢＳゼルダの伝説　櫛田・しのはら'96を振り返る　ブックメーカー速報,0,0,🚧,???,0,0
1990-11-21,SFC,ゲーム虎の超大穴(80)[2]突然イマジニア情報！(合格ボーイシリーズ情報、イマジニアＮ64最新情報、プレゼント),0,0,🚧,???,0,0
1990-11-21,SFC,ゲーム虎の超大穴(81)[1]新着年賀状　ＢＳＦ－ＺＥＲＯ　リコちゃん電話　秘伝チェック(すごろく銀河大戦),0,0,🚧,???,0,0
1990-11-21,SFC,ゲーム虎の超大穴(82)[2]エニックス超情報局(ドラゴンクエストIII大攻略!!),0,0,🚧,???,0,0
1990-11-21,SFC,ゲーム虎の超大穴(83)[1]今週のお買い物情報(1/15～17)　ＢＳＦ－ＺＥＲＯ　リコちゃん電話(初のファミコン)　秘伝チェック(パチスロ),0,0,🚧,???,0,0
1990-11-21,SFC,ゲーム虎の超大穴(84)[2]お年玉企画ブックメーカー　マリオカート64タイムトライアルキャンペーン情報！,0,0,🚧,???,0,0
1990-11-21,SFC,ゲーム虎の超大穴(85)[1]64劇場　ワイルドガンズ　SANKYO Fever！フィーバー！　ＢＳ Ｆ－ＺＥＲＯ,0,0,🚧,???,0,0
1990-11-21,SFC,ゲーム虎の超大穴(86)[2]アスキーハイパー通信(ミニ四駆GB ～レッツ＆ゴー!!～),0,0,🚧,???,0,0
1990-11-21,SFC,ゲーム虎の超大穴(87)[1]今週のお買い物情報(1/25～2/1)　スキーパラダイス　花札　ＢＳニチブツマージャン　ＢＳ探偵倶楽部直前情報,0,0,🚧,???,0,0
1990-11-21,SFC,ゲーム虎の超大穴(88)[2]緊急出動！任天堂(64ソフト7タイトル特集),0,0,🚧,???,0,0
1990-11-21,SFC,ゲーム虎の超大穴(89)[1]64実験室(おもしろコントローラ)　高橋名人の大冒険島　ＢＳニチブツマージャン,0,0,🚧,???,0,0
1990-11-21,SFC,ゲーム虎の超大穴(90)[2]エニックス超情報局(ゆけゆけ!!トラブルメーカーズ),0,0,🚧,???,0,0
1990-11-21,SFC,ゲーム虎の超大穴(91)[1]64Ｑ＆Ａ(海外64ソフト)　スーパーピンボール　ＢＳ探偵倶楽部　ＫＹＯ　バス釣りNo.1情報,0,0,🚧,???,0,0
1990-11-21,SFC,ゲーム虎の超大穴(92)[2]バンザイ バンダイ(今月の『バンザイ バンダイ』情報！),0,0,🚧,???,0,0
1990-11-21,SFC,ゲーム虎の超大穴(93)[1]今週のお買い物情報(2/21)　スーパー倉庫番　ＢＳ探偵倶楽部　ゲー虎・ミニ四駆レース開催！　バス釣りNo.1情報,0,0,🚧,???,0,0
1990-11-21,SFC,ゲーム虎の超大穴(94)[2]アスキーハイパー通信(ダークロウ、ソリッドランナー、ミニ四駆ＧＢ Let's＆Go!!),0,0,🚧,???,0,0
1990-11-21,SFC,ゲーム虎の超大穴(95)[1]今週のお買い物情報(2/28)　Parlor！Mini５　ザ・ファイヤーメン　ＢＳ探偵倶楽部　一口ハガキスペシャル,0,0,🚧,???,0,0
1990-11-21,SFC,ゲーム虎の超大穴(96)[2]おまたせコナミ情報室(実況パワフルプロ野球４),0,0,🚧,???,0,0
1990-11-21,SFC,ゲーム虎の超大穴(97)[1]　？,0,0,🚧,???,0,0
1990-11-21,SFC,ゲーム虎の超大穴(98)[2]エニックス超情報局,0,0,🚧,???,0,0
1990-11-21,SFC,ゲーム虎の超大穴(99)[1]今週のお買い物情報(3/14、15)　人生劇場　ダライアスフォース　ＢＳイーハトーヴォ物語　テュロック最新情報,0,0,🚧,???,0,0
1990-11-21,SFC,ゲーム虎の超大穴(100)[2]バンザイ バンダイ(GB版「たまごっち」登場!),0,0,🚧,???,0,0
1990-11-21,SFC,ゲーム虎の超大穴(101)[1]今週のお買い物情報(3/20、21)　スペースインベーダー　エストポリス伝記　ＢＳイーハトーヴォ物語　ブラストドーザー,0,0,🚧,???,0,0
1990-11-21,SFC,ゲーム虎の超大穴(102)[2]アスキーハイパー通信(ミニ四駆ＧＢ Let's＆Go!!),0,0,🚧,???,0,0
1990-11-21,SFC,ゲーム虎の超大穴(103)[1]今週のお買い物情報(3/21～28)　ゼルダの伝説　ＢＳイーハトーヴォ物語　櫛田・しのはら、2年間を振り返る,0,0,🚧,???,0,0
1990-11-21,SFC,ゲーム虎の超大穴(104)[2]サテラビュー超番組ガイドスペシャル,0,0,🚧,???,0,0
1990-11-21,SFC,ゲーム虎の超大穴（特別編1）ゲームメーカーズアベニュー年末スペシャルその１[1]　緊急ハイパーバンザイ通信(バンダイスペシャル情報！、プレゼント),0,0,🚧,???,0,0
1990-11-21,SFC,ゲーム虎の超大穴（特別編2）ゲームメーカーズアベニュー年末スペシャルその１[2]　緊急ハイパーバンザイ通信(ミニ四駆セッティングガイド、アスキーソフト新作情報、プレゼント),0,0,🚧,???,0,0
1990-11-21,SFC,ゲーム虎の超大穴（特別編3）ゲームメーカーズアベニュー年末スペシャルその１[3]　緊急ハイパーバンザイ通信(ＳＦＣ、ＧＢ、Ｎ64、64ＤＤ、その他プレゼント),0,0,🚧,???,0,0
1990-11-21,SFC,ゲーム虎の超大穴（特別編4）ゲームメーカーズアベニュー年末スペシャルその２[1]　みつばちの囁き．．．(Ｎ64スペースワールドレポート、スーパーボンバーマン５、デュアルヒーローズ、クイズ・甘い蜜のツボ),0,0,🚧,???,0,0
1990-11-21,SFC,ゲーム虎の超大穴（特別編5）ゲームメーカーズアベニュー年末スペシャルその２[2]　みつばちの囁き．．．(桃鉄HAPPY総集編),0,0,🚧,???,0,0
1990-11-21,SFC,ゲーム虎の超大穴（特別編6）９７夏　前編[1]　緊急出動！任天堂ＳＰ,0,0,🚧,???,0,0
1990-11-21,SFC,ゲーム虎の超大穴（特別編7）９７夏　前編[2]　アスキーハイパー通信ＳＰ,0,0,🚧,???,0,0
1990-11-21,SFC,ゲーム虎の超大穴（特別編8）９７夏　後編[1]　ハドソンみつばちの囁きＳＰ,0,0,🚧,???,0,0
1990-11-21,SFC,ゲーム虎の超大穴（特別編9）９７夏　後編[2]　バンザイ バンダイＳＰ,0,0,🚧,???,0,0
1990-11-21,SFC,ゲーム虎の超大穴（特別編10）９７夏　最新マガジン前編　緊急出動！ハイパー通信,0,0,🚧,???,0,0
1990-11-21,SFC,ゲーム虎の超大穴（特別編11）９７夏　最新マガジン後編　バンザイみつばちの囁き,0,0,🚧,???,0,0
1990-11-21,SFC,ゲーム虎の超大穴（特別編12）９７秋　前編[1]　アスキーハイパー通信ＳＰ,0,0,🚧,???,0,0
1990-11-21,SFC,ゲーム虎の超大穴（特別編13）９７秋　前編[2]　バンザイ バンダイＳＰ,0,0,🚧,???,0,0
1990-11-21,SFC,ゲーム虎の超大穴（特別編14）９７秋　後編[1]　パリティビット播ヶ谷だより,0,0,🚧,???,0,0
1990-11-21,SFC,ゲーム虎の超大穴（特別編15）９７秋　後編[2]　ハドソンみつばちの囁きＳＰ,0,0,🚧,???,0,0
1990-11-21,SFC,ゲーム虎の超大穴（特別編16）９８春[1]　緊急出動！任天堂ＳＰ,0,0,🚧,???,0,0
1990-11-21,SFC,ゲーム虎の超大穴（特別編17）９８春[2]　得ダネ！マリーガル,0,0,🚧,???,0,0
1990-11-21,SFC,Ｂ・Ｂ・ＧＵＮ～サバイバルゲーム,0,0,🚧,???,0,0
1990-11-21,SFC,ＣＨＡＯＳ ＳＥＥＤ 風水回廊記,0,0,🚧,???,0,0
1990-11-21,SFC,ＥＡＳＹ　ＲＡＣＥＲ,0,0,🚧,???,0,0
1990-11-21,SFC,Ｆｌｏｗｅｒ,0,0,🚧,???,0,0
1990-11-21,SFC,Ｆ－ＺＥＲＯ,0,0,🚧,???,0,0
1990-11-21,SFC,Ｆ－ＺＥＲＯ２プラクティス,0,0,🚧,???,0,0
1990-11-21,SFC,ＪＥＷＥＬ　ＯＦ　ＬＩＶＥ１（ＲＰＧツクール ＳＵＰＥＲ ＤＡＮＴＥ）,0,0,🚧,???,0,0
1990-11-21,SFC,ＪＥＷＥＬ　ＯＦ　ＬＩＶＥ２（ＲＰＧツクール ＳＵＰＥＲ ＤＡＮＴＥ）,0,0,🚧,???,0,0
1990-11-21,SFC,ＫＯＮＡＥチャンのどきどきペンギン家族,0,0,🚧,???,0,0
1990-11-21,SFC,Ｌｅｔ’ｓパチンコなんて銀玉１,0,0,🚧,???,0,0
1990-11-21,SFC,Ｌｅｔ’ｓパチンコなんて銀玉２,0,0,🚧,???,0,0
1990-11-21,SFC,Ｌｅｔ’ｓパチンコなんて銀玉３,0,0,🚧,???,0,0
1990-11-21,SFC,Ｌｅｔ’ｓパチンコなんて銀玉４,0,0,🚧,???,0,0
1990-11-21,SFC,ＮＥＷ ヤッターマン 難題かんだいヤジロベエ,0,0,🚧,???,0,0
1990-11-21,SFC,Ｐａｒｌｏｒ！ パーラー！２,0,0,🚧,???,0,0
1990-11-21,SFC,Ｐａｒｌｏｒ！ パーラー！Ⅳ ＣＤ,0,0,🚧,???,0,0
1990-11-21,SFC,ＰＡずＬＥ＆ＢＲＥっど,0,0,🚧,???,0,0
1990-11-21,SFC,ＲＰＧツクール,0,0,🚧,???,0,0
1990-11-21,SFC,ＳＤガンダムＧ ＮＥＸＴ,0,0,🚧,???,0,0
1990-11-21,SFC,ＳＵＰＥＲ Ｅ．Ｄ．Ｆ．,0,0,🚧,???,0,0
1990-11-21,SFC,ＳＵＰＥＲボンバーマン　ぱにっくボンバーＷ,0,0,🚧,???,0,0
1990-11-21,SFC,Ｓｗｅｅｔ　Ｈｏｎｅｙ　Ａｃｔｉｏｎ！,0,0,🚧,???,0,0
1990-11-21,SFC,ＵＮＤＡＫＥ３０鮫亀大作戦,0,0,🚧,???,0,0
1990-11-21,SFC,ＷＯＮＤＥＲＦＵＬ　ＭＹ　ＲＡＣＥ,0,0,🚧,???,0,0
1990-11-21,SFC,ＺＯＯっと麻雀 イベントバージョン,0,0,🚧,???,0,0
1990-11-21,SFC,ＺＯＯっと麻雀 プレビュー版,0,0,🚧,???,0,0
1990-11-21,SFC,アクトレイザー,0,0,🚧,???,0,0
1990-11-21,SFC,アメリカンバトルドーム,0,0,🚧,???,0,0
1990-11-21,SFC,アリスのペイントアドベンチャー,0,0,🚧,???,0,0
1990-11-21,SFC,アルカノイド,0,0,🚧,???,0,0
1990-11-21,SFC,アルバートオデッセイ,0,0,🚧,???,0,0
1990-11-21,SFC,イースＶ 失われた砂の都ケフィン,0,0,🚧,???,0,0
1990-11-21,SFC,ウィザードリィ５,0,0,🚧,???,0,0
1990-11-21,SFC,ウィザードリィ６,0,0,🚧,???,0,0
1990-11-21,SFC,ウェディングピーチ,0,0,🚧,???,0,0
1990-11-21,SFC,うまたろうゲンナリンだいぼうけん（ＲＰＧツクールＳＵＰＥＲ＿ＤＡＮＴＥ）,0,0,🚧,???,0,0
1990-11-21,SFC,ウルトラベースボール３,0,0,🚧,???,0,0
1990-11-21,SFC,エルファリアⅡ,0,0,🚧,???,0,0
1990-11-21,SFC,カービィのおもちゃ箱　ぐるぐるボール,0,0,🚧,???,0,0
1990-11-21,SFC,カービィのおもちゃ箱　アレンジボール,0,0,🚧,???,0,0
1990-11-21,SFC,カービィのおもちゃ箱　キャノンボール,0,0,🚧,???,0,0
1990-11-21,SFC,カービィのおもちゃ箱　パチンコ,0,0,🚧,???,0,0
1990-11-21,SFC,カービィのおもちゃ箱　ピンボール,0,0,🚧,???,0,0
1990-11-21,SFC,カービィのおもちゃ箱　ベースボール,0,0,🚧,???,0,0
1990-11-21,SFC,カービィのおもちゃ箱　ボールラリー,0,0,🚧,???,0,0
1990-11-21,SFC,カービィのおもちゃ箱　星くずし,0,0,🚧,???,0,0
1990-11-21,SFC,カオスシード ～風水回廊記～,0,0,🚧,???,0,0
1990-11-21,SFC,かちわりメガトンパンチ,0,0,🚧,???,0,0
1990-11-21,SFC,ガンガンガンチャン,0,0,🚧,???,0,0
1990-11-21,SFC,キャラバンシューティングコレクション,0,0,🚧,???,0,0
1990-11-21,SFC,キャメルトライ,0,0,🚧,???,0,0
1990-11-21,SFC,ギャンブル放浪記,0,0,🚧,???,0,0
1990-11-21,SFC,クーリースカンク,0,0,🚧,???,0,0
1990-11-21,SFC,クオンパ,0,0,🚧,???,0,0
1990-11-21,SFC,クック･ドゥ・ドゥル・ドゥー（ＲＰＧツクールＳＵＰＥＲ＿ＤＡＮＴＥ）,0,0,🚧,???,0,0
1990-11-21,SFC,クロス・レビュー・ワールド,0,0,🚧,???,0,0
1990-11-21,SFC,クロックワークス,0,0,🚧,???,0,0
1990-11-21,SFC,クロノトリガー,0,0,🚧,???,0,0
1990-11-21,SFC,クロノトリガー キャラクター図鑑,0,0,🚧,???,0,0
1990-11-21,SFC,クロノトリガー ジェットバイクスペシャル,0,0,🚧,???,0,0
1990-11-21,SFC,クロノトリガー ミュージックライブラリ,0,0,🚧,???,0,0
1990-11-21,SFC,ゲームの鉄人 ＴＨＥ上海,0,0,🚧,???,0,0
1990-11-21,SFC,ごきんじょ冒険隊,0,0,🚧,???,0,0
1990-11-21,SFC,ゴルフ大好き！Ｏ．Ｂ．倶楽部,0,0,🚧,???,0,0
1990-11-21,SFC,ころんらんど,0,0,🚧,???,0,0
1990-11-21,SFC,ザ・心理ゲーム３ ～タイムトリップ～,0,0,🚧,???,0,0
1990-11-21,SFC,サウンドノベルツクール,0,0,🚧,???,0,0
1990-11-21,SFC,サテラ２ １,0,0,🚧,???,0,0
1990-11-21,SFC,サテラｄｅピクロス,0,0,🚧,???,0,0
1990-11-21,SFC,サテラＱ,0,0,🚧,???,0,0
1990-11-21,SFC,サテラＸ,0,0,🚧,???,0,0
1990-11-21,SFC,ジグソーゲーム,0,0,🚧,???,0,0
1990-11-21,SFC,す～ぱ～なぞぷよ　ルルーのルー,0,0,🚧,???,0,0
1990-11-21,SFC,す～ぱ～ぷよぷよ通,0,0,🚧,???,0,0
1990-11-21,SFC,す～ぱ～ぷよぷよ通 リミックス,0,0,🚧,???,0,0
1990-11-21,SFC,す～ぱ～忍者くん,0,0,🚧,???,0,0
1990-11-21,SFC,スーパー フォーメーションサッカー,0,0,🚧,???,0,0
1990-11-21,SFC,すーぱーぐっすんおよよ２,0,0,🚧,???,0,0
1990-11-21,SFC,スーパーチャイニーズワールド３,0,0,🚧,???,0,0
1990-11-21,SFC,スーパートランプコレクション２,0,0,🚧,???,0,0
1990-11-21,SFC,スーパーファミコンウォーズ　ＢＳ版『ソラマメジマ』,0,0,🚧,???,0,0
1990-11-21,SFC,スーパーファミコンウォーズ　ＢＳ版『ツキノワジマ』,0,0,🚧,???,0,0
1990-11-21,SFC,スーパーファミコンウォーズ　ＢＳ版『ノアカザントウ』,0,0,🚧,???,0,0
1990-11-21,SFC,スーパーファミコンウォーズ　ＢＳ版『ハゴロモジマ』,0,0,🚧,???,0,0
1990-11-21,SFC,スーパーボンバーマン３,0,0,🚧,???,0,0
1990-11-21,SFC,スーパーマリオ　ヨッシーアイランド,0,0,🚧,???,0,0
1990-11-21,SFC,スーパー億万長者ゲーム,0,0,🚧,???,0,0
1990-11-21,SFC,スーパー花札２,0,0,🚧,???,0,0
1990-11-21,SFC,スーパー詰将棋１０００,0,0,🚧,???,0,0
1990-11-21,SFC,スーパー麻雀大会,0,0,🚧,???,0,0
1990-11-21,SFC,すごいＲＰＧ？１（ＲＰＧツクールＳＵＰＥＲ＿ＤＡＮＴＥ）,0,0,🚧,???,0,0
1990-11-21,SFC,すごいＲＰＧ？２（ＲＰＧツクールＳＵＰＥＲ＿ＤＡＮＴＥ）,0,0,🚧,???,0,0
1990-11-21,SFC,すごいＲＰＧ？３（ＲＰＧツクールＳＵＰＥＲ＿ＤＡＮＴＥ）,0,0,🚧,???,0,0
1990-11-21,SFC,すってはっくん　イベントバージョン,0,0,🚧,???,0,0
1990-11-21,SFC,すってはっくん　９８イベントバージョン,0,0,🚧,???,0,0
1990-11-21,SFC,すってはっくん　ＢＳバージョン２ １０／８,0,0,🚧,???,0,0
1990-11-21,SFC,すってはっくん　ＢＳバージョン２ ６／３,0,0,🚧,???,0,0
1990-11-21,SFC,すぱぽ～んＤＸ,0,0,🚧,???,0,0
1990-11-21,SFC,スペシャルティーショット,0,0,🚧,???,0,0
1990-11-21,SFC,ゼルダの伝説 Ｒｅｍｉｘ,0,0,🚧,???,0,0
1990-11-21,SFC,ゼルダの伝説 神々のトライフォース,0,0,🚧,???,0,0
1990-11-21,SFC,ソウルブレイダー,0,0,🚧,???,0,0
1990-11-21,SFC,それいけエビス丸 からくり迷路 ～消えたゴエモンの謎～(コナミ),0,0,🚧,???,0,0
1990-11-21,SFC,ダイナマイ・トレーサー！,0,0,🚧,???,0,0
1990-11-21,SFC,タクティクス オウガ (デモ画面),0,0,🚧,???,0,0
1990-11-21,SFC,タモリのピクロス,0,0,🚧,???,0,0
1990-11-21,SFC,ちびまる子ちゃん めざせ！南のアイランド!!,0,0,🚧,???,0,0
1990-11-21,SFC,テーブルゲーム大集合！！,0,0,🚧,???,0,0
1990-11-21,SFC,デザエモンＢＳ版　ＢＳ－Ｘシューティング,0,0,🚧,???,0,0
1990-11-21,SFC,デザエモンＢＳ版　凄いシューティング,0,0,🚧,???,0,0
1990-11-21,SFC,デザエモンＢＳ版　凄いシューティング２,0,0,🚧,???,0,0
1990-11-21,SFC,ドカポン外伝 ～炎のオーディション～,0,0,🚧,???,0,0
1990-11-21,SFC,ドクターマリオ,0,0,🚧,???,0,0
1990-11-21,SFC,ドラゴンクエストⅥ幻の大地,0,0,🚧,???,0,0
1990-11-21,SFC,ドラゴンスレイヤー英雄伝説,0,0,🚧,???,0,0
1990-11-21,SFC,トレジャーコンフリクス,0,0,🚧,???,0,0
1990-11-21,SFC,ニチブツマージャン,0,0,🚧,???,0,0
1990-11-21,SFC,ノーマーク爆牌党 史上最強の雀士たち,0,0,🚧,???,0,0
1990-11-21,SFC,ハーメルンのバイオリン弾き,0,0,🚧,???,0,0
1990-11-21,SFC,バウンティ・ソード,0,0,🚧,???,0,0
1990-11-21,SFC,パズル 忍たま乱太郎,0,0,🚧,???,0,0
1990-11-21,SFC,バトルサブマリン,0,0,🚧,???,0,0
1990-11-21,SFC,パネルでポン,0,0,🚧,???,0,0
1990-11-21,SFC,パネルでポン　イベント’９８,0,0,🚧,???,0,0
1990-11-21,SFC,パネルでポン　イベントバージョン,0,0,🚧,???,0,0
1990-11-21,SFC,ピコピコパイレーツ,0,0,🚧,???,0,0
1990-11-21,SFC,ビッグ一撃！パチスロ大攻略２,0,0,🚧,???,0,0
1990-11-21,SFC,プロ麻雀 極Ⅲ （保存不可版）,0,0,🚧,???,0,0
1990-11-21,SFC,ボール・ブレッド・ガン,0,0,🚧,???,0,0
1990-11-21,SFC,マジカルドロップ,0,0,🚧,???,0,0
1990-11-21,SFC,マリオペイントＢＳ版,0,0,🚧,???,0,0
1990-11-21,SFC,マリオペイント優勝内蔵版,0,0,🚧,???,0,0
1990-11-21,SFC,ミスティックアーク,0,0,🚧,???,0,0
1990-11-21,SFC,ミッキーとドナルド マジカルアドベンチャー３,0,0,🚧,???,0,0
1990-11-21,SFC,もってけＯｈ！ドロボー,0,0,🚧,???,0,0
1990-11-21,SFC,ヨッシーのパネポンＢＳ版,0,0,🚧,???,0,0
1990-11-21,SFC,ラジカルドリーマーズ,0,0,🚧,???,0,0
1990-11-21,SFC,ラジパズ,0,0,🚧,???,0,0
1990-11-21,SFC,らんま１／２ 奥義邪暗拳,0,0,🚧,???,0,0
1990-11-21,SFC,リーディングジョッキー２,0,0,🚧,???,0,0
1990-11-21,SFC,ルインアーム,0,0,🚧,???,0,0
1990-11-21,SFC,ロードス島戦記,0,0,🚧,???,0,0
1990-11-21,SFC,ロードモナーク,0,0,🚧,???,0,0
1990-11-21,SFC,ロゴスパニック,0,0,🚧,???,0,0
1990-11-21,SFC,ワリオの森,0,0,🚧,???,0,0
1990-11-21,SFC,ワリオの森　イベントバージョン　Ｖｅｒ．１,0,0,🚧,???,0,0
1990-11-21,SFC,ワリオの森　爆笑バージョン,0,0,🚧,???,0,0
1990-11-21,SFC,ワリオの森再び,0,0,🚧,???,0,0
1990-11-21,SFC,悪魔城ドラキュラＸＸ,0,0,🚧,???,0,0
1990-11-21,SFC,囲碁倶楽部,0,0,🚧,???,0,0
1990-11-21,SFC,音楽ツクール かなでーる,0,0,🚧,???,0,0
1990-11-21,SFC,改造町人シュビビンマン零,0,0,🚧,???,0,0
1990-11-21,SFC,晦（つきこもり）,0,0,🚧,???,0,0
1990-11-21,SFC,海のぬし釣り,0,0,🚧,???,0,0
1990-11-21,SFC,学校であった怖い話,0,0,🚧,???,0,0
1990-11-21,SFC,桜井章一の雀鬼流 麻雀必勝法,0,0,🚧,???,0,0
1990-11-21,SFC,鮫亀,0,0,🚧,???,0,0
1990-11-21,SFC,鮫亀マリオバージョン,0,0,🚧,???,0,0
1990-11-21,SFC,実践パチスロ必勝法ＣＬＡＳＳＩＣＳ,0,0,🚧,???,0,0
1990-11-21,SFC,将棋三昧,0,0,🚧,???,0,0
1990-11-21,SFC,上海 万里の長城,0,0,🚧,???,0,0
1990-11-21,SFC,常勝麻雀　天牌,0,0,🚧,???,0,0
1990-11-21,SFC,凄いＳＴＧ,0,0,🚧,???,0,0
1990-11-21,SFC,凄いＳＴＧ ２,0,0,🚧,???,0,0
1990-11-21,SFC,聖剣伝説３,0,0,🚧,???,0,0
1990-11-21,SFC,大爆笑人生劇場,0,0,🚧,???,0,0
1990-11-21,SFC,超兄貴～爆烈乱闘篇～,0,0,🚧,???,0,0
1990-11-21,SFC,超原人２,0,0,🚧,???,0,0
1990-11-21,SFC,弟切草,0,0,🚧,???,0,0
1990-11-21,SFC,的中競馬塾,0,0,🚧,???,0,0
1990-11-21,SFC,天地創造,0,0,🚧,???,0,0
1990-11-21,SFC,怒りの要塞,0,0,🚧,???,0,0
1990-11-21,SFC,忍たま乱太郎,0,0,🚧,???,0,0
1990-11-21,SFC,忍たま乱太郎　すぺしゃる,0,0,🚧,???,0,0
1990-11-21,SFC,忍たま乱太郎２,0,0,🚧,???,0,0
1990-11-21,SFC,忍者龍剣伝～巴,0,0,🚧,???,0,0
1990-11-21,SFC,牌勢麻雀　凌駕,0,0,🚧,???,0,0
1990-11-21,SFC,爆笑問題のシリコン町内会,0,0,🚧,???,0,0
1990-11-21,SFC,平成軍人将棋,0,0,🚧,???,0,0
1990-11-21,SFC,牧場物語,0,0,🚧,???,0,0
1990-11-21,SFC,魔女たちの眠り,0,0,🚧,???,0,0
1990-11-21,SFC,魔導物語 ～はなまる大幼稚園児～,0,0,🚧,???,0,0
1990-11-21,SFC,魔法陣グルグル,0,0,🚧,???,0,0
1990-11-21,SFC,麻雀飛翔伝 真 哭きの竜,0,0,🚧,???,0,0
1990-11-21,SFC,名古屋と大阪のＨＡＬ学園の生徒が制作したゲーム,0,0,🚧,???,0,0
1990-11-21,SFC,猛虎伝説’９５ ～阪神タイガース～,0,0,🚧,???,0,0
1990-11-21,SFC,有紀のジグソーキッズ,0,0,🚧,???,0,0
1990-11-21,SFC,有紀のWAIWAIキッズ,0,0,🚧,???,0,0
1990-11-21,SFC,恋はバランス たとえばＫ君の多忙な一日編,0,0,🚧,???,0,0
1990-11-21,SFC,爆笑問題の放課後の王様,0,0,🚧,???,0,0
1990-11-21,SFC,刹那の見切り,0,0,🚧,???,0,0
1990-11-21,SFC,だんだんベルトコンベアー ウクレレの巻,0,0,🚧,???,0,0
1990-11-21,SFC,だんだんベルトコンベアー 牛乳の巻,0,0,🚧,???,0,0
1990-11-21,SFC,だんだんベルトコンベアー ？,0,0,🚧,???,0,0
1990-11-21,SFC,だんだんベルトコンベアー ？,0,0,🚧,???,0,0
1990-11-21,SFC,だんだんベルトコンベアー ？,0,0,🚧,???,0,0
1990-11-21,SFC,だんだんベルトコンベアー ？,0,0,🚧,???,0,0
1990-11-21,SFC,捜査戦怠ワッパーズ　ミッション１ 捜査戦怠ワッパーズ見参,0,0,🚧,???,0,0
1990-11-21,SFC,捜査戦怠ワッパーズ　ミッション２ 危機一髪 黄ワッパーの巻,0,0,🚧,???,0,0
1990-11-21,SFC,捜査戦怠ワッパーズ　？,0,0,🚧,???,0,0
1990-11-21,SFC,捜査戦怠ワッパーズ　？,0,0,🚧,???,0,0
1990-11-21,SFC,捜査戦怠ワッパーズ　？,0,0,🚧,???,0,0
1990-11-21,SFC,捜査戦怠ワッパーズ　？,0,0,🚧,???,0,0
1990-11-21,SFC,総集編,0,0,🚧,???,0,0
1990-11-21,SFC,２００１年宇宙の人として,0,0,🚧,???,0,0
1990-11-21,SFC,３時のＷＩＤＥ賞 ６月号,0,0,🚧,???,0,0
1990-11-21,SFC,３時のＷＩＤＥ賞 ７月号,0,0,🚧,???,0,0
1990-11-21,SFC,３時のＷＩＤＥ賞 ８月号,0,0,🚧,???,0,0
1990-11-21,SFC,３時のＷＩＤＥ賞より得ダネ,0,0,🚧,???,0,0
1990-11-21,SFC,３時のＷＩＤＥ賞 ９月号,0,0,🚧,???,0,0
1990-11-21,SFC,３時のＷＩＤＥ賞 １０月号,0,0,🚧,???,0,0
1990-11-21,SFC,３時のＷＩＤＥ賞 １１月号,0,0,🚧,???,0,0
1990-11-21,SFC,３時のＷＩＤＥ賞 １２月号,0,0,🚧,???,0,0
1990-11-21,SFC,Ｂ　ＤＡＳＨ　１０月号,0,0,🚧,???,0,0
1990-11-21,SFC,Ｂ　ＤＡＳＨ　１１月号,0,0,🚧,???,0,0
1990-11-21,SFC,Ｂ　ＤＡＳＨ　１２月号,0,0,🚧,???,0,0
1990-11-21,SFC,Ｂ　ＤＡＳＨ　２月号,0,0,🚧,???,0,0
1990-11-21,SFC,Ｂ　ＤＡＳＨ　３月号,0,0,🚧,???,0,0
1990-11-21,SFC,ＤＡＹＳ,0,0,🚧,???,0,0
1990-11-21,SFC,ＦＥＮＥＫ　 ６月号,0,0,🚧,???,0,0
1990-11-21,SFC,ＮＡＢＡちゃんの音楽情報調査室,0,0,🚧,???,0,0
1990-11-21,SFC,ＮＩＮＴＥＮＤＯ　ＰＯＷＥＲ　Ｍａｇａｚｉｎｅ　３／２９,0,0,🚧,???,0,0
1990-11-21,SFC,ＮＩＮＴＥＮＤＯ　ＰＯＷＥＲ　Ｍａｇａｚｉｎｅ　５／１０,0,0,🚧,???,0,0
1990-11-21,SFC,ＮＩＮＴＥＮＤＯ　ＰＯＷＥＲ　Ｍａｇａｚｉｎｅ　６／７,0,0,🚧,???,0,0
1990-11-21,SFC,ＮＩＮＴＥＮＤＯ　ＰＯＷＥＲ　Ｍａｇａｚｉｎｅ　７／５,0,0,🚧,???,0,0
1990-11-21,SFC,ＮＩＮＴＥＮＤＯ　ＰＯＷＥＲ　Ｍａｇａｚｉｎｅ　８／９,0,0,🚧,???,0,0
1990-11-21,SFC,ＮＩＮＴＥＮＤＯ　ＰＯＷＥＲ　Ｍａｇａｚｉｎｅ　９／６,0,0,🚧,???,0,0
1990-11-21,SFC,ＮＩＮＴＥＮＤＯ　ＰＯＷＥＲ　Ｍａｇａｚｉｎｅ　１０／１１,0,0,🚧,???,0,0
1990-11-21,SFC,ＮＩＮＴＥＮＤＯ　ＰＯＷＥＲ　Ｍａｇａｚｉｎｅ　１１／８,0,0,🚧,???,0,0
1990-11-21,SFC,ＮＩＮＴＥＮＤＯ　ＰＯＷＥＲ　Ｍａｇａｚｉｎｅ　１２／６,0,0,🚧,???,0,0
1990-11-21,SFC,Ｓｔ．ＧＩＧＡ　ＰＧ　１０月号,0,0,🚧,???,0,0
1990-11-21,SFC,オタクマンビューティー,0,0,🚧,???,0,0
1990-11-21,SFC,お料理ポン！　１２月号,0,0,🚧,???,0,0
1990-11-21,SFC,お料理ポン！　１月号,0,0,🚧,???,0,0
1990-11-21,SFC,お料理ポン！　２月号,0,0,🚧,???,0,0
1990-11-21,SFC,お料理ポン！　３月号,0,0,🚧,???,0,0
1990-11-21,SFC,グッズプレス　３月号,0,0,🚧,???,0,0
1990-11-21,SFC,グッズプレス　４月号,0,0,🚧,???,0,0
1990-11-21,SFC,グッズプレス　６月号,0,0,🚧,???,0,0
1990-11-21,SFC,グッズプレス　７月号,0,0,🚧,???,0,0
1990-11-21,SFC,クロス・レビュー・ワールド,0,0,🚧,???,0,0
1990-11-21,SFC,ゲーム虎の太鼓判[１号]　ゲー虎広報部員　カラーゲームボーイ最新情報,0,0,🚧,???,0,0
1990-11-21,SFC,ゲーム虎の太鼓判[２号]　N64新作ソフトプレビュー　集まれ！ゲー虎広報部員！,0,0,🚧,???,0,0
1990-11-21,SFC,ゲーム虎の太鼓判[３号]　ハドソンN64新作　集まれ！ゲー虎広報部員！　任天堂最新ソフト情報,0,0,🚧,???,0,0
1990-11-21,SFC,ゲーム虎の太鼓判[４号]　ポケモンスタジアム　デザエモン３Ｄ入門　集まれ！ゲー虎広報部員！,0,0,🚧,???,0,0
1990-11-21,SFC,ゲーム虎の太鼓判[５号]　スーパーファミコンウォーズ登場　歩数計型携帯ゲーム大特集　集まれ！ゲー虎広報部員！,0,0,🚧,???,0,0
1990-11-21,SFC,ゲーム虎の太鼓判[６号]　スーパーレースゲーム特集　集まれ！ゲー虎広報部員！　ドラクエコンサート,0,0,🚧,???,0,0
1990-11-21,SFC,ゲーム虎の太鼓判[７号]　集まれ！ゲー虎広報部員！　ワールドカップにシュ～ト!!　ファミ魂,0,0,🚧,???,0,0
1990-11-21,SFC,ゲーム虎の太鼓判[８号]　あのシューティングゲームがN64で復活　集まれ！ゲー虎広報部員！　任天堂最新ソフト情報,0,0,🚧,???,0,0
1990-11-21,SFC,ゲーム虎の太鼓判[９号]　スーパーロボットがN64に登場　集まれ！ゲー虎広報部員！　続・スターソルジャー　ファミ魂,0,0,🚧,???,0,0
1990-11-21,SFC,ゲーム虎の太鼓判[１０号]　育成対戦描く闘ゲーム登場　集まれ！ゲー虎広報部員！　NINTENDO POWER最新ゲーム,0,0,🚧,???,0,0
1990-11-21,SFC,ゲーム虎の太鼓判[１１号]　オリンピックホッケー　集まれ！ゲー虎広報部員！　ゲームボーイカラー　N64でトランプ　ファミ魂,0,0,🚧,???,0,0
1990-11-21,SFC,ゲーム虎の太鼓判[１２号]　Ｆ－ＺＥＲＯ Ｘ　集まれ！ゲー虎広報部員！　チョロＱ64,0,0,🚧,???,0,0
1990-11-21,SFC,ゲーム虎の太鼓判[１３号]　オウガバトルがN64に！　集まれ！ゲー虎広報部員！　Ｚｏｏっと麻雀　ファミ魂,0,0,🚧,???,0,0
1990-11-21,SFC,ゲーム虎の太鼓判[１４号]　ハドソンゲーム特集　集まれ！ゲー虎広報部員！　ハローキティがゲームに？　ファミ魂,0,0,🚧,???,0,0
1990-11-21,SFC,ゲーム虎の太鼓判[１５号]　Ｆ－ＺＥＲＯ Ｘタイムアタック開始！　ダビスタ新作　夏の新作　ポケモン映画　集まれ！ゲー虎広報部員！,0,0,🚧,???,0,0
1990-11-21,SFC,ゲーム虎の太鼓判[１６号]　ドラクエモンスターズ体験記　集まれ！ゲー虎広報部員！　ラクガキッズ　わくわくデスレース,0,0,🚧,???,0,0
1990-11-21,SFC,ゲーム虎の太鼓判[１７号]　Ｅ３でここまでわかったゼルダ！　集まれ！ゲー虎広報部員！　桃鉄GB　ポケットハローキティ,0,0,🚧,???,0,0
1990-11-21,SFC,ゲーム虎の太鼓判[１８号]　オウガバトル3(仮)の続報　集まれ！ゲー虎広報部員！　すってはっくん　わくわくデスレース,0,0,🚧,???,0,0
1990-11-21,SFC,ゲーム虎の太鼓判[１９号]　DQモンスターズ　集まれ！ゲー虎広報部員！　ポケモンスタジアム　Ｚｏｏっと麻雀　ファミ魂,0,0,🚧,???,0,0
1990-11-21,SFC,ゲーム虎の太鼓判[２０号]　USA版バンジョー　集まれ！ゲー虎広報部員！　バンダイ新作GBソフト　わくわくデスレース,0,0,🚧,???,0,0
1990-11-21,SFC,ゲーム虎の太鼓判[２１号]　イギーくんのぶらぶらぽよん　集まれ！ゲー虎広報部員！　ポケットファミリー　ポケモンピカチュウ　わくわくデスレース,0,0,🚧,???,0,0
1990-11-21,SFC,ゲーム虎の太鼓判[２２号]　オウガバトル3の続報　集まれ！ゲー虎広報部員！　ダービースタリオン98　ぷぷる　わくわくデスレース,0,0,🚧,???,0,0
1990-11-21,SFC,ゲーム虎の太鼓判[２３号]　新情報ゼルダの伝説　集まれ！ゲー虎広報部員！　新事実DQモンスターズ　ファミ魂 第7回,0,0,🚧,???,0,0
1990-11-21,SFC,ゲーム虎の太鼓判[２４号]　ポケットカメラの秘密大公開　集まれ！ゲー虎広報部員！　超速スピナー,0,0,🚧,???,0,0
1990-11-21,SFC,ゲーム虎の太鼓判[２５号]　新作ゲッターラブ　集まれ！ゲー虎広報部員！　N64初のテニスゲーム　わくわくデスレース結果,0,0,🚧,???,0,0
1990-11-21,SFC,ゲーム虎の太鼓判[２６号]　オウガバトル3の続報　集まれ！ゲー虎広報部員！　ゼルダの伝説　GBカラー,0,0,🚧,???,0,0
1990-11-21,SFC,ゲーム虎の太鼓判[２７号]　新事実DQモンスターズ　集まれ！ゲー虎広報部員！　NPミニ四駆レッツ＆ゴー2,0,0,🚧,???,0,0
1990-11-21,SFC,ゲーム虎の太鼓判[２８号]　GTカーレースの迫力をN64で　集まれ！ゲー虎広報部員！　N64でぬしを釣ろう　ファミ魂 第8回,0,0,🚧,???,0,0
1990-11-21,SFC,ゲーム虎の太鼓判[２９号]　東京ゲームショウ速報　集まれ！ゲー虎広報部員！,0,0,🚧,???,0,0
1990-11-21,SFC,ゲーム虎の太鼓判[３０号]　使ってみたぞGBカラー　集まれ！ゲー虎広報部員！　ボードゲームでキラッと解決　グッズプレゼント,0,0,🚧,???,0,0
1990-11-21,SFC,ゲーム虎の太鼓判[３１号]　新情報GET！ゼルダの伝説　集まれ！ゲー虎広報部員！　オウガバトル3の続報,0,0,🚧,???,0,0
1990-11-21,SFC,ゲーム虎の太鼓判[３２号]　主人公は蜂　集まれ！ゲー虎広報部員！　水が題材のパズルゲーム　ファミ魂 第9回,0,0,🚧,???,0,0
1990-11-21,SFC,ゲーム虎の太鼓判[３３号]　5週連続！任天堂大特集　集まれ！ゲー虎広報部員！　相撲ゲーム続編　おねがいモンスター,0,0,🚧,???,0,0
1990-11-21,SFC,ゲーム虎の太鼓判[３４号]　5週連続！任天堂大特集　集まれ！ゲー虎広報部員！,0,0,🚧,???,0,0
1990-11-21,SFC,ゲーム虎の太鼓判[３５号]　5週連続！任天堂大特集　オウガバトル3の続報GET,0,0,🚧,???,0,0
1990-11-21,SFC,ゲーム虎の太鼓判[３６号]　5週連続！任天堂大特集　新要素、新機能満載のRPG登場,0,0,🚧,???,0,0
1990-11-21,SFC,ゲーム虎の太鼓判[３７号]　5週連続！任天堂大特集,0,0,🚧,???,0,0
1990-11-21,SFC,ゲーム虎の太鼓判[３８号]　ポケモンカードがGBで遊べる!?　集まれ！ゲー虎広報部員！　N64にドラえもんが帰ってきた,0,0,🚧,???,0,0
1990-11-21,SFC,ゲーム虎の太鼓判[３９号]　ピカチュウのヒミツ教えます　集まれ！ゲー虎広報部員！　闘魂炎導2,0,0,🚧,???,0,0
1990-11-21,SFC,ゲーム虎の太鼓判[４０号]　お正月はやっぱりボードゲーム　集まれ！ゲー虎広報部員！　冬といえばこのスポーツ！,0,0,🚧,???,0,0
1990-11-21,SFC,ゲーム虎の太鼓判[４１号]　マリオゴルフ64(仮)　集まれ！ゲー虎広報部員！　NP最新ゲーム情報　ピカチュウ日記,0,0,🚧,???,0,0
1990-11-21,SFC,ゲーム虎の太鼓判[４２号]　スマッシュブラザーズ　集まれ！ゲー虎広報部員！　Ｊリーグの監督になれる　ピカチュウ日記2,0,0,🚧,???,0,0
1990-11-21,SFC,ゲーム虎の太鼓判[４３号]　ビートマニアがGBに　集まれ！ゲー虎広報部員！　ゴエモンがRPGに　ピカチュウ日記3,0,0,🚧,???,0,0
1990-11-21,SFC,ゲーム虎の太鼓判[４４号]　脱初心者！スマブラ講座　集まれ！ゲー虎広報部員！　ドラキュラがN64に登場　ピカチュウ日記4,0,0,🚧,???,0,0
1990-11-21,SFC,ゲーム虎の太鼓判[４５号]　ポケモンソフト2本紹介　集まれ！ゲー虎広報部員！　ゲームボーイでときめけ　ピカチュウ日記5,0,0,🚧,???,0,0
1990-11-21,SFC,ゲーム虎の太鼓判[４６号]　SF映画の傑作がN64に　集まれ！ゲー虎広報部員！　牧場物語2　ピカチュウ日記6,0,0,🚧,???,0,0
1990-11-21,SFC,ゲーム虎の太鼓判[４７号]　ファイアーエムブレム　集まれ！ゲー虎広報部員！　ポヨンのダンジョンルーム　ピカチュウ日記7,0,0,🚧,???,0,0
1990-11-21,SFC,ゲーム虎の太鼓判[４８号]　ポケモンピンボール　集まれ！ゲー虎広報部員！　今年もパワプロ　ピカチュウ日記最終回,0,0,🚧,???,0,0
1990-11-21,SFC,ゲーム虎の太鼓判[４９号]　ポケモンスナップ　集まれ！ゲー虎広報部員！　GBでサクセス,0,0,🚧,???,0,0
1990-11-21,SFC,ゲーム虎の太鼓判[５０号]　ワイプアウト64　集まれ！ゲー虎広報部員！　カードゲームＭＯＺII,0,0,🚧,???,0,0
1990-11-21,SFC,ゲーム虎の太鼓判[５１号]　ポケモンスタジアムに続編　ポケモンスナップ　人生ゲーム64,0,0,🚧,???,0,0
1990-11-21,SFC,ゲーム虎の太鼓判[５２号]　ファイアーエムブレムの続報　ピクロスがNPに　オウガバトル3の続報,0,0,🚧,???,0,0
1990-11-21,SFC,ゲーム虎の太鼓判[５３号]　任天堂ＧＢソフト特集！　あのエヴァンゲリオンがN64に！　DQモンスターズ大会奮戦記,0,0,🚧,???,0,0
1990-11-21,SFC,コロンブスの卵焼き,0,0,🚧,???,0,0
1990-11-21,SFC,コロンブスの卵焼き 第１回,0,0,🚧,???,0,0
1990-11-21,SFC,コロンブスの卵焼き 第２回,0,0,🚧,???,0,0
1990-11-21,SFC,コロンブスの卵焼き 第３回,0,0,🚧,???,0,0
1990-11-21,SFC,サテラＱ正解発表マガジン,0,0,🚧,???,0,0
1990-11-21,SFC,サテライト見本市,0,0,🚧,???,0,0
1990-11-21,SFC,サテライト見本市 ブース１,0,0,🚧,???,0,0
1990-11-21,SFC,サテライト見本市 ブース２,0,0,🚧,???,0,0
1990-11-21,SFC,サテライト見本市 ブース３,0,0,🚧,???,0,0
1990-11-21,SFC,サテラビュー通信,0,0,🚧,???,0,0
1990-11-21,SFC,ずばり　１０月号,0,0,🚧,???,0,0
1990-11-21,SFC,ずばり　１１月号,0,0,🚧,???,0,0
1990-11-21,SFC,ずばり　１２月号,0,0,🚧,???,0,0
1990-11-21,SFC,ずばり　１月号,0,0,🚧,???,0,0
1990-11-21,SFC,チープｄｅゴージャス 1,0,0,🚧,???,0,0
1990-11-21,SFC,チープｄｅゴージャス 2,0,0,🚧,???,0,0
1990-11-21,SFC,チープｄｅゴージャス 3,0,0,🚧,???,0,0
1990-11-21,SFC,チープｄｅゴージャス 4,0,0,🚧,???,0,0
1990-11-21,SFC,チープｄｅゴージャス 5,0,0,🚧,???,0,0
1990-11-21,SFC,チープｄｅゴージャス 6,0,0,🚧,???,0,0
1990-11-21,SFC,チープｄｅゴージャス 7,0,0,🚧,???,0,0
1990-11-21,SFC,チープｄｅゴージャス 8,0,0,🚧,???,0,0
1990-11-21,SFC,デジタルマガジン バスターズＢＳ ４／１２号,0,0,🚧,???,0,0
1990-11-21,SFC,デジタルマガジン バスターズＢＳ ５／１０号,0,0,🚧,???,0,0
1990-11-21,SFC,デジタルマガジン バスターズＢＳ ５／２４号,0,0,🚧,???,0,0
1990-11-21,SFC,デジタルマガジン バスターズＢＳ ８／２３号,0,0,🚧,???,0,0
1990-11-21,SFC,ドレミでふぁ～！,0,0,🚧,???,0,0
1990-11-21,SFC,ドレミでふぁ２～！ １／２５号,0,0,🚧,???,0,0
1990-11-21,SFC,ドレミでふぁ２～！２／１０号,0,0,🚧,???,0,0
1990-11-21,SFC,ドレミでふぁ２～！ ２／２５号,0,0,🚧,???,0,0
1990-11-21,SFC,ドレミでふぁ２～！ ３／１０号,0,0,🚧,???,0,0
1990-11-21,SFC,ドレミでふぁ２～！ ３／２５号,0,0,🚧,???,0,0
1990-11-21,SFC,ドレミでふぁ２～！ ４／１０号,0,0,🚧,???,0,0
1990-11-21,SFC,ドレミでふぁ２～！ ４／２５号,0,0,🚧,???,0,0
1990-11-21,SFC,ドレミでふぁ２～！ ５／１０号,0,0,🚧,???,0,0
1990-11-21,SFC,ドレミでふぁ２～！ ５／２５号,0,0,🚧,???,0,0
1990-11-21,SFC,ドレミでふぁ２～！ ６／１０号,0,0,🚧,???,0,0
1990-11-21,SFC,ドレミでふぁ２～！ ６／２８号,0,0,🚧,???,0,0
1990-11-21,SFC,ドレミでふぁ２～！ ７／１２号,0,0,🚧,???,0,0
1990-11-21,SFC,ドレミでふぁ２～！ ７／２６号,0,0,🚧,???,0,0
1990-11-21,SFC,ドレミでふぁ２～！ ８／９号,0,0,🚧,???,0,0
1990-11-21,SFC,ドレミでふぁ２～！ ８／２３号,0,0,🚧,???,0,0
1990-11-21,SFC,ドレミでふぁ２～！ ９／６号,0,0,🚧,???,0,0
1990-11-21,SFC,ドレミでふぁ２～！ ９／２０号,0,0,🚧,???,0,0
1990-11-21,SFC,バス釣りNo.1マガジン　秋のトーナメント編 Vol.1,0,0,🚧,???,0,0
1990-11-21,SFC,バス釣りNo.1マガジン　秋のトーナメント編 Vol.2,0,0,🚧,???,0,0
1990-11-21,SFC,バス釣りNo.1マガジン　秋のトーナメント編 Vol.3,0,0,🚧,???,0,0
1990-11-21,SFC,ビュー・シネマ・パラダイス Vol.1,0,0,🚧,???,0,0
1990-11-21,SFC,ビュー・シネマ・パラダイス Vol.2,0,0,🚧,???,0,0
1990-11-21,SFC,ビュー・シネマ・パラダイス Vol.3,0,0,🚧,???,0,0
1990-11-21,SFC,ビュー・シネマ・パラダイス Vol.4,0,0,🚧,???,0,0
1990-11-21,SFC,ビュー・シネマ・パラダイス Vol.5,0,0,🚧,???,0,0
1990-11-21,SFC,ビュー・シネマ・パラダイス Vol.6,0,0,🚧,???,0,0
1990-11-21,SFC,ファミ通　かわら版,0,0,🚧,???,0,0
1990-11-21,SFC,フロイトの逆襲,0,0,🚧,???,0,0
1990-11-21,SFC,フロイトの挑戦状 第１号,0,0,🚧,???,0,0
1990-11-21,SFC,フロイトの挑戦状 第２号,0,0,🚧,???,0,0
1990-11-21,SFC,フロイトの挑戦状 第３号,0,0,🚧,???,0,0
1990-11-21,SFC,フロイトの挑戦状 第４号,0,0,🚧,???,0,0
1990-11-21,SFC,フロイトの挑戦状 第５号,0,0,🚧,???,0,0
1990-11-21,SFC,フロイトの挑戦状 第６号,0,0,🚧,???,0,0
1990-11-21,SFC,ポケカメマガジン　３／２９号,0,0,🚧,???,0,0
1990-11-21,SFC,ポケカメマガジン　？号,0,0,🚧,???,0,0
1990-11-21,SFC,ポケカメマガジン　？号,0,0,🚧,???,0,0
1990-11-21,SFC,ユン・グ博士の診察室 第１号,0,0,🚧,???,0,0
1990-11-21,SFC,ユン・グ博士の診察室 第２号,0,0,🚧,???,0,0
1990-11-21,SFC,ユン・グ博士の診察室 第３号,0,0,🚧,???,0,0
1990-11-21,SFC,ユン・グ博士の診察室 第４号,0,0,🚧,???,0,0
1990-11-21,SFC,ランキングマガジン,0,0,🚧,???,0,0
1990-11-21,SFC,リリー・フランキー劇場,0,0,🚧,???,0,0
1990-11-21,SFC,ワイワイチェック ３／７号,0,0,🚧,???,0,0
1990-11-21,SFC,ワイワイチェック ９／１６号,0,0,🚧,???,0,0
1990-11-21,SFC,ワニのエサ,0,0,🚧,???,0,0
1990-11-21,SFC,伊集院光の怪電波発信基地・学校であったこわいお話,0,0,🚧,???,0,0
1990-11-21,SFC,一発逆転,0,0,🚧,???,0,0
1990-11-21,SFC,噂の情報バラエティ！メディア・チンパンジー,0,0,🚧,???,0,0
1990-11-21,SFC,下町人情シリーズ・親方っ！,0,0,🚧,???,0,0
1990-11-21,SFC,新マガジン番組のお知らせ,0,0,🚧,???,0,0
1990-11-21,SFC,街マガ,0,0,🚧,???,0,0
1990-11-21,SFC,街マガジン・アイドル日記 メディア・ストロベリー,0,0,🚧,???,0,0
1990-11-21,SFC,兄キの香り,0,0,🚧,???,0,0
1990-11-21,SFC,月刊コイントス～ポケモンカードマガジン～　４／１２,0,0,🚧,???,0,0
1990-11-21,SFC,月刊コイントス～ポケモンカードマガジン～　５／１７,0,0,🚧,???,0,0
1990-11-21,SFC,月刊コイントス～ポケモンカードマガジン～　６／１４,0,0,🚧,???,0,0
1990-11-21,SFC,月刊コイントス～ポケモンカードマガジン～　７／１２,0,0,🚧,???,0,0
1990-11-21,SFC,月刊コイントス～ポケモンカードマガジン～　８／１６,0,0,🚧,???,0,0
1990-11-21,SFC,月刊コイントス～ポケモンカードマガジン～　９／１３,0,0,🚧,???,0,0
1990-11-21,SFC,虎マガ大作戦[１号]　創刊にあたってのごあいさつ　お買いもの情報(4/4)　番組ガイド(ＢＳゼルダの伝説 古代の石盤),0,0,🚧,???,0,0
1990-11-21,SFC,虎マガ大作戦[２号]　番組ガイド(ＢＳゼルダの伝説 古代の石盤)　作戦会議室(イーハトーヴォCDプレゼント発表),0,0,🚧,???,0,0
1990-11-21,SFC,虎マガ大作戦[３号]　お買いもの情報(4/18)　番組ガイド(ＢＳゼルダの伝説 古代の石盤)　東京ゲームショウ97春情報,0,0,🚧,???,0,0
1990-11-21,SFC,虎マガ大作戦[４号]　お買いもの情報(4/25)　番組ガイド(ＢＳゼルダの伝説 古代の石盤)　作戦会議室(Ｑ＆Ａ)　スターフォックス64,0,0,🚧,???,0,0
1990-11-21,SFC,虎マガ大作戦[５号]　お買いもの情報(4/27)　番組ガイド(糸井重里のバス釣りNo.1)　作戦会議室　スターフォックス64,0,0,🚧,???,0,0
1990-11-21,SFC,虎マガ大作戦[６号]　番組ガイド(サテラＱ)　作戦会議室(ゲームショウおみやげ当選者)　スターウォーズ,0,0,🚧,???,0,0
1990-11-21,SFC,虎マガ大作戦[７号]　お買いもの情報(5/16)　番組ガイド(ＢＳエキサイトバイク)　作戦会議室(新マガジン番組)　たまごっち最新情報！,0,0,🚧,???,0,0
1990-11-21,SFC,虎マガ大作戦[８号]　お買いもの情報(5/23)　番組ガイド(ＢＳエキサイトバイク)　作戦会議室　ポケットモンスター２情報,0,0,🚧,???,0,0
1990-11-21,SFC,虎マガ大作戦[９号]　お買いもの情報(5/30)　番組ガイド(バス釣りNo.1 春の全国トーナメント)　作戦会議室(Ｑ＆Ａ)　トラブルメーカーズ情報,0,0,🚧,???,0,0
1990-11-21,SFC,虎マガ大作戦[１０号]　番組ガイド(Ｒの書斎)　作戦会議室　サテラＱ 国民のＱ日 お便り特集,0,0,🚧,???,0,0
1990-11-21,SFC,虎マガ大作戦[１１号]　お買いもの情報(6/14)　番組ガイド(Ｒの書斎)　作戦会議室　森田将棋64で広がる通信の世界,0,0,🚧,???,0,0
1990-11-21,SFC,虎マガ大作戦[１２号]　お買いもの情報(6/20)　番組ガイド(サテラＱ)　作戦会議室　SF64ポスター当選者,0,0,🚧,???,0,0
1990-11-21,SFC,虎マガ大作戦[１３号]　お買いもの情報(6/27)　爆笑問題の突撃！スターパイレーツ　任天堂Ｎ64ソフト　「阿佐田杯」麻雀大会レポート,0,0,🚧,???,0,0
1990-11-21,SFC,虎マガ大作戦[１４号]　サテラウォーカー　作戦会議室　SWポスター当選者　コナミＮ64最新情報！,0,0,🚧,???,0,0
1990-11-21,SFC,虎マガ大作戦[１５号]　お買いもの情報(7/11)　サテラウォーカー　作戦会議室　ＧＢウォーズターボ秘密大公開！,0,0,🚧,???,0,0
1990-11-21,SFC,虎マガ大作戦[１６号]　お買いもの情報(7/18)　ケンちゃんとちえあそび　突然イマジニアＮ64最新情報！,0,0,🚧,???,0,0
1990-11-21,SFC,虎マガ大作戦[１７号]　お買いもの情報(7/25)　ゲーム虎の超大穴'97夏　作戦会議室　スクープ！ナムコＮ64最新情報,0,0,🚧,???,0,0
1990-11-21,SFC,虎マガ大作戦[１８号]　お買いもの情報(8/1)　爆笑問題の突撃！スターパイレーツ　作戦会議室　ゴールデンアイ,0,0,🚧,???,0,0
1990-11-21,SFC,"虎マガ大作戦[１９号]　お買いもの情報(8/7,8)　サテラＱ　飛龍の拳ツイン直撃取材特集！",0,0,🚧,???,0,0
1990-11-21,SFC,虎マガ大作戦[２０号]　お買いもの情報(8/20)　ＢＳ Ｆ－ＺＥＲＯ ＧＰ２　作戦会議室　速報ダビスタ96対応データ　ポケモンラリー,0,0,🚧,???,0,0
1990-11-21,SFC,"虎マガ大作戦[２１号]　お買いもの情報(8/22,23)　ＢＳ Ｆ－ＺＥＲＯ ＧＰ２　作戦会議室　任天堂Ｎ64ソフト　ポケモンラリー",0,0,🚧,???,0,0
1990-11-21,SFC,虎マガ大作戦[２２号]　お買いもの情報(8/29)　バス釣りＮｏ．１　作戦会議室　ポケモンリーグ参戦記・決起編,0,0,🚧,???,0,0
1990-11-21,SFC,虎マガ大作戦[２３号]　お買いもの情報(9/5)　スターパイレーツ３　作戦会議室　Ｎ64ぷよぷよ情報　ポケモンリーグ出陣編,0,0,🚧,???,0,0
1990-11-21,SFC,虎マガ大作戦[２４号]　お買いもの情報(9/12)　子供調査団Mighty Pockets　ゲームボーイギャラリー２　ポケモンリーグ　ゲームショウ,0,0,🚧,???,0,0
1990-11-21,SFC,"虎マガ大作戦[２５号]　お買いもの情報(9/18,19)　子供調査団Mighty Pockets　任天堂Ｎ64最新ソフト情報！",0,0,🚧,???,0,0
1990-11-21,SFC,"虎マガ大作戦[２６号]　お買いもの情報(9/25,26)　スターパイレーツ４　作戦会議室　ワールドサッカー３　東京ゲームショウ'97秋",0,0,🚧,???,0,0
1990-11-21,SFC,虎マガ大作戦[２７号]　ＢＳファイアーエムブレム　作戦会議室　おみやげ当選者　ゲームボーイポケット大研究！,0,0,🚧,???,0,0
1990-11-21,SFC,虎マガ大作戦[２８号]　ＢＳファイアーエムブレム　作戦会議室　任天堂ホームページ大研究！,0,0,🚧,???,0,0
1990-11-21,SFC,虎マガ大作戦[２９号]　ＢＳファイアーエムブレム　速報！ニンテンドウパワースタート！　おみやげ当選者　N64ソフト,0,0,🚧,???,0,0
1990-11-21,SFC,虎マガ大作戦[３０号]　ＢＳファイアーエムブレム　作戦会議室　任天堂Ｎ64ソフト超最新情報,0,0,🚧,???,0,0
1990-11-21,SFC,虎マガ大作戦[３１号]　サテラＱ　作戦会議室　突然！イマジニアＮ64情報!!,0,0,🚧,???,0,0
1990-11-21,SFC,虎マガ大作戦[３２号]　エキサイトバイクぶんぶんマリオバトル　続・突然イマジニアＮ64情報!!　ポケモン金・銀,0,0,🚧,???,0,0
1990-11-21,SFC,虎マガ大作戦[３３号]　エキサイトバイクぶんぶんマリオバトル　ニンテンドウパワー情報　スペースワールド'97出展リスト,0,0,🚧,???,0,0
1990-11-21,SFC,虎マガ大作戦[３４号]　ゲーム虎の超大穴'97秋　作戦会議室　Ｆ－ＺＥＲＯ Ｘ(仮)　ポケモン金・銀,0,0,🚧,???,0,0
1990-11-21,SFC,虎マガ大作戦[３５号]　NINTENDO SPACE WORLD'97総力特集,0,0,🚧,???,0,0
1990-11-21,SFC,虎マガ大作戦[３６号]　Ｒの書斎 第二幕　作戦会議室　ポケモン映画化　ヨッシーストーリー,0,0,🚧,???,0,0
1990-11-21,SFC,虎マガ大作戦[３７号]　Ｒの書斎 第二幕　マンスリーNINTENDOパワー創刊　ドラクエ最新作がGBに,0,0,🚧,???,0,0
1990-11-21,SFC,虎マガ大作戦[３８号]　よっちゃんとちえあそび　作戦会議室　64でデジカメ　イマジニアＮ64ソフト情報,0,0,🚧,???,0,0
1990-11-21,SFC,虎マガ大作戦[３９号]　サテラＱ　NINTENDO POWER新作情報　年末年始Ｎ64対戦ゲーム,0,0,🚧,???,0,0
1990-11-21,SFC,虎マガ大作戦[４０号]　ＢＳスーパーマリオコレクション　プレゼント当選者　ドラクエモンスターズ最速情報,0,0,🚧,???,0,0
1990-11-21,SFC,虎マガ大作戦[４１号]　ＢＳスーパーマリオコレクション　作戦会議室　お年玉企画ブックメーカー結果発表,0,0,🚧,???,0,0
1990-11-21,SFC,虎マガ大作戦[４２号]　ＢＳスーパーマリオコレクション　ポケットカメラ最新情報　1080°スノーボーディング　Ｆ－ＺＥＲＯ Ｘ,0,0,🚧,???,0,0
1990-11-21,SFC,虎マガ大作戦[４３号]　ＢＳスーパーマリオコレクション　レッキングクルー'98　ニンテンドウパワー2月書換情報,0,0,🚧,???,0,0
1990-11-21,SFC,虎マガ大作戦[４４号]　全国馬券王者決定戦2　作戦会議室,0,0,🚧,???,0,0
1990-11-21,SFC,虎マガ大作戦[４５号]　サテラＱ　NINTENDO POWER書き換え体験レポート　Ｎ64新作(ゲームバンク),0,0,🚧,???,0,0
1990-11-21,SFC,虎マガ大作戦[４６号]　SJ For Lovers　人気爆発!! ラマ―ボード in テン・エイティ,0,0,🚧,???,0,0
1990-11-21,SFC,虎マガ大作戦[４７号]　サテラウォーカー2　ドラゴンクエストモンスターズ　任天堂Ｎ64新作　ポケットピカチュウ,0,0,🚧,???,0,0
1990-11-21,SFC,虎マガ大作戦[４８号]　サテラウォーカー2　NINTENDO POWER新作　ポケカメＬＩＦＥ,0,0,🚧,???,0,0
1990-11-21,SFC,虎マガ大作戦[４９号]　ＢＳ Parlor！パーラー！　G.A.S.P!! Fighters NEXTream　進め対戦ぱずるだま,0,0,🚧,???,0,0
1990-11-21,SFC,虎マガ大作戦[５０号]　ＢＳ Parlor！パーラー！　作戦会議室　NP3月書き換え情報,0,0,🚧,???,0,0
1990-11-21,SFC,虎マガ大作戦[５１号]　サテラＱ　コナミＮ64新作　パワプロ5サクセスモード　ラマ―グッズ当選者,0,0,🚧,???,0,0
1990-11-21,SFC,虎マガ大作戦[５２号]　子供調査団Mighty Pockets　64ソフト情報　ファミコン探偵倶楽部II,0,0,🚧,???,0,0
1990-11-21,SFC,公募・懸賞マガジン ４月号,0,0,🚧,???,0,0
1990-11-21,SFC,公募・懸賞マガジン ５月号,0,0,🚧,???,0,0
1990-11-21,SFC,週間ＢＵＳＳ,0,0,🚧,???,0,0
1990-11-21,SFC,人として,0,0,🚧,???,0,0
1990-11-21,SFC,赤松裕介劇場,0,0,🚧,???,0,0
1990-11-21,SFC,第１回ＢＳサテラビュー杯　サテスポ ７月１日号,0,0,🚧,???,0,0
1990-11-21,SFC,第１回ＢＳサテラビュー杯　サテスポ ７月８日号,0,0,🚧,???,0,0
1990-11-21,SFC,第１回ＢＳサテラビュー杯　サテスポ ７月１５日号,0,0,🚧,???,0,0
1990-11-21,SFC,第１回ＢＳサテラビュー杯　サテスポ ７月２２日号,0,0,🚧,???,0,0
1990-11-21,SFC,第１回ＢＳサテラビュー杯　サテスポ ８月５日号,0,0,🚧,???,0,0
1990-11-21,SFC,第１回ＢＳサテラビュー杯　サテスポ ８月１２日号,0,0,🚧,???,0,0
1990-11-21,SFC,第１回ＢＳサテラビュー杯　サテスポ ８月２５日号,0,0,🚧,???,0,0
1990-11-21,SFC,第１回ＢＳサテラビュー杯　サテスポ ＤＸ第１号,0,0,🚧,???,0,0
1990-11-21,SFC,第１回ＢＳサテラビュー杯　サテスポ ＤＸ第２号,0,0,🚧,???,0,0
1990-11-21,SFC,第１回ＢＳサテラビュー杯　サテスポ ＤＸ第３号,0,0,🚧,???,0,0
1990-11-21,SFC,第１回ＢＳサテラビュー杯　サテスポ ＤＸ第４号,0,0,🚧,???,0,0
1990-11-21,SFC,任天堂ＨＰ ３／２９号,0,0,🚧,???,0,0
1990-11-21,SFC,任天堂ＨＰ ５／１７号,0,0,🚧,???,0,0
1990-11-21,SFC,任天堂ＨＰ ５／３１号,0,0,🚧,???,0,0
1990-11-21,SFC,旅まがじん～とことんＴｒａｖｅｌ～　４／５,0,0,🚧,???,0,0
1990-11-21,SFC,旅まがじん～とことんＴｒａｖｅｌ～　５／３,0,0,🚧,???,0,0
1990-11-21,SFC,旅まがじん～とことんＴｒａｖｅｌ～　５／３１,0,0,🚧,???,0,0
1990-11-21,SFC,旅まがじん～とことんＴｒａｖｅｌ～　７／５,0,0,🚧,???,0,0
1990-11-21,SFC,旅まがじん～とことんＴｒａｖｅｌ～　８／２,0,0,🚧,???,0,0
1990-11-21,SFC,旅まがじん～とことんＴｒａｖｅｌ～　９／６,0,0,🚧,???,0,0
1990-11-21,SFC,３次元格闘ボールズ（サンプル版）,0,0,🚧,ACT,0,0
1990-11-21,SFC,ＧＡＭＥ　ＰＲＯＣＥＳＳＯＲ　RAM CASSETTE,0,0,🚧,???,0,0
1990-11-21,SFC,Ｊリーグエキサイトステージ’９５（サンプル版）,0,0,🚧,SPT,0,0
1990-11-21,SFC,Ｊリーグエキサイトステージ’９６（サンプル版）,0,0,🚧,SPT,0,0
1990-11-21,SFC,ＭＶＰベースボール（サンプル版）,0,0,🚧,SPT,0,0
1990-11-21,SFC,Ｐｏｐ’ｎツインビー（サンプル版）,0,0,🚧,SHT,0,0
1990-11-21,SFC,ＳＡＮＫＹＯ Ｆｅｖｅｒ！フィーバー！（サンプル版）,0,0,🚧,TBL,0,0
1990-11-21,SFC,ＳＤ Ｆ－１グランプリ（サンプル版）,0,0,🚧,RCG,0,0
1990-11-21,SFC,ＳｏｌｓｔｉｃｅⅡ（サンプル版）,0,0,🚧,PZL,0,0
1990-11-21,SFC,ＵＦＯ仮面 ヤキソバン  ケストラーの黒い陰謀,0,0,🚧,ACT,0,0
1990-11-21,SFC,ＵＮＤＡＫＥ３０　鮫亀大作戦　マリオバージョン,0,0,🚧,PZL,0,0
1990-11-21,SFC,ＷＩＬＤ ＧＵＮＳ（サンプル版）,0,0,🚧,SHT,0,0
1990-11-21,SFC,アメリカン バトルドーム（サンプル版）,0,0,🚧,ACT,0,0
1990-11-21,SFC,アレサⅡ アリエルの不思議な旅（サンプル版）,0,0,🚧,RPG,0,0
1990-11-21,SFC,アレサ外伝　リジョイス アレサ王国の彼方（サンプル版）,0,0,🚧,RPG,0,0
1990-11-21,SFC,ウォーリーをさがせ！絵本の国の大冒険（サンプル版）,0,0,🚧,???,0,0
1990-11-21,SFC,ウィザードリィV（サンプル版）,0,0,🚧,???,0,0
1990-11-21,SFC,ウィザップ（サンプル版）,0,0,🚧,???,0,0
1990-11-21,SFC,ウルティマⅦ　ザ・ブラックゲート（サンプル版）,0,0,🚧,RPG,0,0
1990-11-21,SFC,おらがランド主催 ベストファーマー収穫祭（サンプル版）,0,0,🚧,PZL,0,0
1990-11-21,SFC,カードマスター リムサリアの封印（サンプル版）,0,0,🚧,???,0,0
1990-11-21,SFC,がんばれゴエモン３（サンプル版）,0,0,🚧,ACT,0,0
1990-11-21,SFC,がんばれ大工の源さん（サンプル版）,0,0,🚧,ACT,0,0
1990-11-21,SFC,キッドクラウンのクレイジーチェイス（サンプル版）,0,0,🚧,ACT,0,0
1990-11-21,SFC,くにおのトッチボールだよ全員集合と～なめんとスペシャル（ゴールドカートリッジ）,0,0,🚧,SPT,0,0
1990-11-21,SFC,くにおのトッチボールだよ全員集合と～なめんとスペシャル（サンプル版）,0,0,🚧,SPT,0,0
1990-11-21,SFC,クロックワークス（サンプル版）,0,0,🚧,PZL,0,0
1990-11-21,SFC,クロノ・トリガー　Ｖジャンプバージョン,0,0,🚧,RPG,0,0
1990-11-21,SFC,クロノ・トリガー（サンプル版）,0,0,🚧,RPG,0,0
1990-11-21,SFC,ゴーゴーアックマン３（サンプル版）,0,0,🚧,ACT,0,0
1990-11-21,SFC,コントローラ　テストカセット,0,0,🚧,ETC,0,0
1990-11-21,SFC,コンバットライブス（サンプル版）,0,0,🚧,ACT,0,0
1990-11-21,SFC,ザ・グレイトバトルⅣ（サンプル版）,0,0,🚧,ACT,0,0
1990-11-21,SFC,ザ・グレイトバトルⅤ（サンプル版）,0,0,🚧,ACT,0,0
1990-11-21,SFC,サザンアイズ 獣魔奉還（サンプル版）,0,0,🚧,ACT,0,0
1990-11-21,SFC,サッカーキッド（サンプル版）,0,0,🚧,ACT,0,0
1990-11-21,SFC,すーぱーぐっすんおよよ（サンプル版）,0,0,🚧,PZL,0,0
1990-11-21,SFC,スーパーストリートファイター（サンプル版）,0,0,🚧,ACT,0,0
1990-11-21,SFC,スーパーストリートファイターⅡ（サンプル版）,0,0,🚧,ACT,0,0
1990-11-21,SFC,スーパーチャイニーズワールド２宇宙一武闘大会（サンプル版）,0,0,🚧,RPG,0,0
1990-11-21,SFC,スーパーテトリス２＋ボンブリス（ゴールドカートリッジ）,0,0,🚧,PZL,0,0
1990-11-21,SFC,スーパードラッケン（サンプル版）,0,0,🚧,???,0,0
1990-11-21,SFC,スーパードンキーコング３ 謎のクレミス島（サンプル版）,0,0,🚧,ACT,0,0
1990-11-21,SFC,スーパーピンボール ビハインド ザ マスク（サンプル版）,0,0,🚧,TBL,0,0
1990-11-21,SFC,スーパーファミスタ４（サンプル版）,0,0,🚧,SPT,0,0
1990-11-21,SFC,スーパーファミスタ５（サンプル版）,0,0,🚧,SPT,0,0
1990-11-21,SFC,スーパーフォーメーションサッカー’９５ ｄｅｌｌａ セリエＡ ＵＣＣバージョン,0,0,🚧,SPT,0,0
1990-11-21,SFC,スーパーパワーリーグ２（サンプル版）,0,0,🚧,???,0,0
1990-11-21,SFC,スーパーボンバーマン（サンプル版）,0,0,🚧,ACT,0,0
1990-11-21,SFC,スーパーボンバーマン２体験版（ゴールドカートリッジ）,0,0,🚧,ACT,0,0
1990-11-21,SFC,スーパーボンバーマン５（ゴールドカートリッジ）,0,0,🚧,ACT,0,0
1990-11-21,SFC,スーパーリアル麻雀パート４（サンプル版）,0,0,🚧,???,0,0
1990-11-21,SFC,スーパー億万長者ゲーム（サンプル版）,0,0,🚧,TBL,0,0
1990-11-21,SFC,スーパー高校野球 一球入魂（サンプル版）(V0528A),0,0,🚧,???,0,0
1990-11-21,SFC,スーパー花札（サンプル版）,0,0,🚧,???,0,0
1990-11-21,SFC,スーパー桃太郎電鉄ＤＸ　ＪＲ西日本ＰＲＥＳＥＮＴＳ,0,0,🚧,TBL,0,0
1990-11-21,SFC,スーパー野球道（サンプル版）,0,0,🚧,SPT,0,0
1990-11-21,SFC,ダーク キングダム（サンプル版）(V0.55),0,0,🚧,???,0,0
1990-11-21,SFC,チャンピオンズ ワールドクラスサッカー（サンプル版）,0,0,🚧,SPT,0,0
1990-11-21,SFC,デビルスコース（サンプル版）,0,0,🚧,SPT,0,0
1990-11-21,SFC,テレビアニメ スラムダンク（集英社リミテッド）,0,0,🚧,SPT,0,0
1990-11-21,SFC,デモンズ・ブレイゾン　魔界村紋章編（サンプル版）,0,0,🚧,ACT,0,0
1990-11-21,SFC,ドラゴンナイト4（サンプル版）,0,0,🚧,SLG,0,0
1990-11-21,SFC,ドラゴンボールＺ超悟空伝 突激編（サンプル版）,0,0,🚧,ADV,0,0
1990-11-21,SFC,なるほど！ザ・ワールド（サンプル版）,0,0,🚧,ETC,0,0
1990-11-21,SFC,ニトロパンクス マイトヘッズ（サンプル版）,0,0,🚧,ACT,0,0
1990-11-21,SFC,ノスフェラトゥ（サンプル版）,0,0,🚧,ACT,0,0
1990-11-21,SFC,ザ シンプソンズ バーツ ナイトメア（サンプル版）,0,0,🚧,???,0,0
1990-11-21,SFC,はた山ハッチのパロ野球ニュース！実名版（サンプル版）,0,0,🚧,SPT,0,0
1990-11-21,SFC,パチンコ鉄人 七番勝負,0,0,🚧,TBL,0,0
1990-11-21,SFC,バットマンリターンズ（サンプル版）,0,0,🚧,ACT,0,0
1990-11-21,SFC,バレーボールTwin（サンプル版）,0,0,🚧,???,0,0
1990-11-21,SFC,ピキーニャ（サンプル版）,0,0,🚧,???,0,0
1990-11-21,SFC,ビッグ一撃！パチスロ大攻略（サンプル版）,0,0,🚧,TBL,0,0
1990-11-21,SFC,ファーランドストーリー（サンプル版）,0,0,🚧,SLG,0,0
1990-11-21,SFC,フォーチュン・クエスト ダイスをころがせ（サンプル版）,0,0,🚧,???,0,0
1990-11-21,SFC,プロ野球 熱闘ぱずるスタジアム（サンプル版）,0,0,🚧,PZL,0,0
1990-11-21,SFC,マジカルドロップ２ 文化放送スペシャルバージョン,0,0,🚧,PZL,0,0
1990-11-21,SFC,モータルコンバット（サンプル版）,0,0,🚧,ACT,0,0
1990-11-21,SFC,もってけ Ｏｈ！ドロボー（サンプル版）,0,0,🚧,TBL,0,0
1990-11-21,SFC,もと子ちゃんのワンダーキッチン,0,0,🚧,ADV,0,0
1990-11-21,SFC,ヨッシーのクッキー クルッポンオーブンでクッキー,0,0,🚧,PZL,0,0
1990-11-21,SFC,ヨッシーのクッキー（サンプル版）,0,0,🚧,PZL,0,0
1990-11-21,SFC,ライブ・ア・ライブ（サンプル版）,0,0,🚧,RPG,0,0
1990-11-21,SFC,ラプラスの魔（サンプル版）,0,0,🚧,RPG,0,0
1990-11-21,SFC,リーサルエンフォーサーズ　ファミ通版,0,0,🚧,SPT,0,0
1990-11-21,SFC,リトルマスター 虹色の魔石（サンプル版）,0,0,🚧,SLG,0,0
1990-11-21,SFC,ロゴス・パニック ごあいさつ（サンプル版）,0,0,🚧,PZL,0,0
1990-11-21,SFC,ロマンシング サ・ガ３（サンプル版）,0,0,🚧,RPG,0,0
1990-11-21,SFC,ワイルドトラックス（サンプル版）,0,0,🚧,RCG,0,0
1990-11-21,SFC,キャラデータ(鮫亀用　天外魔境コマ),0,0,🚧,PZL,0,0
1990-11-21,SFC,糸井重里のバス釣りＮｏ．１（サンプル版）,0,0,🚧,SPT,0,0
1990-11-21,SFC,神聖紀オデッセリア（サンプル版）,0,0,🚧,RPG,0,0
1990-11-21,SFC,甲子園３（サンプル版）,0,0,🚧,SPT,0,0
1990-11-21,SFC,極上パロディウス（サンプル版）,0,0,🚧,SHT,0,0
1990-11-21,SFC,聖剣伝説３（サンプル版）,0,0,🚧,RPG,0,0
1990-11-21,SFC,大仁田厚「ＦＭＷ」 （サンプル版）,0,0,🚧,SPT,0,0
1990-11-21,SFC,陣牌（サンプル版）,0,0,🚧,PZL,0,0
1990-11-21,SFC,戦え原始人２（サンプル版）,0,0,🚧,???,0,0
1990-11-21,SFC,的中競馬塾（サンプル版）,0,0,🚧,ETC,0,0
1990-11-21,SFC,天外魔境ＺＥＲＯ  ジャンプの章,0,0,🚧,RPG,0,0
1990-11-21,SFC,天地無用！げ～む編（サンプル版）,0,0,🚧,SLG,0,0
1990-11-21,SFC,星のカービィ３（サンプル版）,0,0,🚧,ACT,0,0
1990-11-21,SFC,四柱推命学入門 真桃源郷（サンプル版）,0,0,🚧,ETC,0,0
1990-11-21,SFC,ＳＭ調教師　瞳,0,0,🚧,???,0,0
1990-11-21,SFC,ＳＭ調教師　瞳　テストバージョン,0,0,🚧,???,0,0
1990-11-21,SFC,ＳＭ調教師　瞳　２,0,0,🚧,???,0,0
1990-11-21,SFC,ＳＭ調教師　瞳　２　ＲＥＭＩＸ,0,0,🚧,???,0,0
1990-11-21,SFC,ＳＭ調教師　瞳　２　トライアル,0,0,🚧,???,0,0
1990-11-21,SFC,ＳＭ調教師　瞳　３,0,0,🚧,ETC,0,0
1990-11-21,SFC,ＳＭ調教師　瞳　３　テストバージョン,0,0,🚧,???,0,0
1990-11-21,SFC,ＳＭ調教師　瞳　番外編,0,0,🚧,???,0,0
1990-11-21,SFC,ＳＭ調教師　瞳　番外編２　まきのラブラブパニック,0,0,🚧,ETC,0,0
1990-11-21,SFC,超電脳呪術遊技　ＣＵＲＳＥ,0,0,🚧,???,0,0
1990-11-21,SFC,美少女麻雀,0,0,🚧,???,0,0
1990-11-21,SFC,りばーす　きっず,0,0,🚧,TBL,0,0
1994-12-03,PS,極上パロディウスだ! デラックスパック,0,0,🚧,SHT,0,0
1994-12-03,PS,RIDGE RACER,0,0,🚧,RCG,0,0
1994-12-03,PS,ツインゴッデス,0,0,🚧,FTG,0,0
1994-12-03,PS,キングスフィールド,0,0,🚧,ARPG,0,0
1994-12-03,PS,実況パワフルプロ野球'95,0,0,🚧,SPT,0,0
1994-12-03,PS,球転界,0,0,🚧,TBL,0,0
1994-12-03,PS,鉄拳,0,0,🚧,FTG,0,0
1994-12-03,PS,アークザラッド,0,0,🚧,SRPG,0,0
1994-12-03,PS,アクアノートの休日,0,0,🚧,SLG,0,0
1994-12-03,PS,エースコンバット,0,0,🚧,SHT,0,0
1994-12-03,PS,キングスフィールドII,0,0,🚧,ARPG,0,0
1994-12-03,PS,学校のコワイうわさ 花子さんがきた!!,0,0,🚧,AVG,0,0
1994-12-03,PS,ストリートファイター リアルバトル オン フィルム,0,0,🚧,FTG,0,0
1994-12-03,PS,BOXER'S ROAD,0,0,🚧,SLG,0,0
1994-12-03,PS,信長の野望 覇王伝,0,0,🚧,SLG,0,0
1994-12-03,PS,出たなツインビーヤッホー! デラックスパック,0,0,🚧,SHT,0,0
1994-12-03,PS,ときめきメモリアル ～forever with you～,0,0,🚧,SLG,0,0
1994-12-03,PS,サンダーストーム ＆ ロードブラスター,0,0,🚧,etc,0,0
1994-12-03,PS,戦国サイバー 藤丸地獄変,0,0,🚧,SRPG,0,0
1994-12-03,PS,ビヨンド・ザ・ビヨンド 遙かなるカナーンへ,0,0,🚧,RPG,0,0
1994-12-03,PS,OFF-WORLD INTECEPTOR EXTEREME,0,0,🚧,SHT,0,0
1994-12-03,PS,カルネージハート,0,0,🚧,SLG,0,0
1994-12-03,PS,幻想水滸伝,0,0,🚧,RPG,0,0
1994-12-03,PS,PDウルトラマンインベーダー,0,0,🚧,SHT,0,0
1994-12-03,PS,ウィザーズハーモニー,0,0,🚧,ADV/SLG,0,0
1994-12-03,PS,通天閣,0,0,🚧,SHT,0,0
1994-12-03,PS,ニチブツアーケードクラシックス,0,0,🚧,etc,0,0
1994-12-03,PS,レイストーム,0,0,🚧,SHT,0,0
1994-12-03,PS,マジカルドロップ,0,0,🚧,PZL,0,0
1994-12-03,PS,厄 友情談疑,0,0,🚧,ADV,0,0
1994-12-03,PS,ポリスノーツ,0,0,🚧,ADV,0,0
1994-12-03,PS,シュタールフェーダー ～鉄鋼飛空団～,0,0,🚧,SHT,0,0
1994-12-03,PS,第4次スーパーロボット大戦S,0,0,🚧,SRPG,0,0
1994-12-03,PS,アルナムの牙 獣族十二神徒伝説,0,0,🚧,ADV,0,0
1994-12-03,PS,サイベリア,0,0,🚧,SHT,0,0
1994-12-03,PS,ドラえもん のび太と復活の星,0,0,🚧,ACT,0,0
1994-12-03,PS,アメリカ横断ウルトラクイズ,0,0,🚧,etc,0,0
1994-12-03,PS,トワイライトシンドローム 探索編,0,0,🚧,ADV,0,0
1994-12-03,PS,BIOHAZARD,0,0,🚧,AADV,0,0
1994-12-03,PS,グラディウス デラックスパック,0,0,🚧,SHT,0,0
1994-12-03,PS,鉄拳2,0,0,🚧,FTG,0,0
1994-12-03,PS,アイレムアーケードクラシックス,0,0,🚧,etc,0,0
1994-12-03,PS,ギャラクシアン3,0,0,🚧,SHT,0,0
1994-12-03,PS,太陽のしっぽ,0,0,🚧,ACT,0,0
1994-12-03,PS,ライフスケイプ 生命40億年はるかな旅,0,0,🚧,etc,0,0
1994-12-03,PS,ダンジョンクリエイター,0,0,🚧,RPG,0,0
1994-12-03,PS,鉄球 TRUE PINBALL,0,0,🚧,TBL,0,0
1994-12-03,PS,ぼのぐらし これで完璧でぃす,0,0,🚧,SLG,0,0
1994-12-03,PS,キングスフィールドIII,0,0,🚧,ARPG,0,0
1994-12-03,PS,THE KING OF FIGHTERS '95,0,0,🚧,FTG,0,0
1994-12-03,PS,ハイパーオリンピック イン アトランタ,0,0,🚧,etc,0,0
1994-12-03,PS,雨月奇譚,0,0,🚧,ADV,0,0
1994-12-03,PS,タイムギャル＆忍者ハヤテ,0,0,🚧,etc,0,0
1994-12-03,PS,ポポロクロイス物語,0,0,🚧,RPG,0,0
1994-12-03,PS,学校であった怖い話S,0,0,🚧,ADV,0,0
1994-12-03,PS,エンジェルグラフィティ ～あなたへのプロフィール～,0,0,🚧,SLG,0,0
1994-12-03,PS,NOeL,0,0,🚧,ADV,0,0
1994-12-03,PS,OverBlood,0,0,🚧,ADV,0,0
1994-12-03,PS,信長の野望 リターンズ,0,0,🚧,SLG,0,0
1994-12-03,PS,北斗の拳,0,0,🚧,ADV,0,0
1994-12-03,PS,サムライスピリッツ 斬紅郎無双剣,0,0,🚧,FTG,0,0
1994-12-03,PS,るぷぷキューブ ルプ★さらだ,0,0,🚧,PZL,0,0
1994-12-03,PS,ライズオブザロボット2,0,0,🚧,ACT,0,0
1994-12-03,PS,にとうしんでん,0,0,🚧,FTG/ACT,0,0
1994-12-03,PS,女神異聞録ペルソナ,0,0,🚧,RPG,0,0
1994-12-03,PS,黒ノ十三,0,0,🚧,ADV,0,0
1994-12-03,PS,ときめきメモリアル 対戦ぱずるだま,0,0,🚧,PZL,0,0
1994-12-03,PS,パワーレンジャー ピンボール,0,0,🚧,TBL,0,0
1994-12-03,PS,マッハGoGoGo,0,0,🚧,RCG,0,0
1994-12-03,PS,サイキックフォース,0,0,🚧,FTG,0,0
1994-12-03,PS,スペクトラルタワー,0,0,🚧,RPG,0,0
1994-12-03,PS,首領蜂,0,0,🚧,SHT,0,0
1994-12-03,PS,アポなしギャルズお・り・ん・ぽ・す,0,0,🚧,SLG,0,0
1994-12-03,PS,アークザラッドII,0,0,🚧,RPG,0,0
1994-12-03,PS,セクシーパロディウス,0,0,🚧,SHT,0,0
1994-12-03,PS,はるかぜ戦隊Vフォース,0,0,🚧,SLG,0,0
1994-12-03,PS,エターナルメロディ,0,0,🚧,SLG,0,0
1994-12-03,PS,ぐっすんぱらだいす,0,0,🚧,PZL,0,0
1994-12-03,PS,FIST,0,0,🚧,ACT,0,0
1994-12-03,PS,探偵神宮寺三郎 未完のルポ,0,0,🚧,ADV,0,0
1994-12-03,PS,デザーテッドアイランド,0,0,🚧,SLG,0,0
1994-12-03,PS,るろうに剣心 －明治剣客浪漫譚－ 維新激闘編,0,0,🚧,FTG,0,0
1994-12-03,PS,タイムボカンシリーズ ボカンと一発!ドロンボー,0,0,🚧,SHT,0,0
1994-12-03,PS,レイジレーサー,0,0,🚧,RCG,0,0
1994-12-03,PS,クラッシュ・バンディクー,0,0,🚧,ACT,0,0
1994-12-03,PS,里見の謎,0,0,🚧,RPG,0,0
1994-12-03,PS,DEPTH,0,0,🚧,etc,0,0
1994-12-03,PS,ワイルドアームズ,0,0,🚧,RPG,0,0
1994-12-03,PS,クロックタワー2,0,0,🚧,ADV,0,0
1994-12-03,PS,トゥルー・ラブストーリー,0,0,🚧,SLG,0,0
1994-12-03,PS,ロックマン8 メタルヒーローズ,0,0,🚧,ACT,0,0
1994-12-03,PS,ありす in Cyberland,0,0,🚧,ADV,0,0
1994-12-03,PS,実況おしゃべりパロディウス ～forever with me～,0,0,🚧,SHT,0,0
1994-12-03,PS,新SD戦国伝 機動武者大戦,0,0,🚧,SRPG,0,0
1994-12-03,PS,シムシティ2000,0,0,🚧,SLG,0,0
1994-12-03,PS,ノットトレジャーハンター,0,0,🚧,ADV,0,0
1994-12-03,PS,新スーパーロボット大戦,0,0,🚧,SRPG,0,0
1994-12-03,PS,ルパン三世 カリオストロの城 -再会-,0,0,🚧,AVG,0,0
1994-12-03,PS,恐怖新聞,0,0,🚧,ADV,0,0
1994-12-03,PS,ゲゲゲの鬼太郎,0,0,🚧,ADV,0,0
1994-12-03,PS,I.Q Intelligent Qube,0,0,🚧,PZL,0,0
1994-12-03,PS,ファイナルファンタジーVII,0,0,🚧,RPG,0,0
1994-12-03,PS,チョロQ2,0,0,🚧,RCG,0,0
1994-12-03,PS,トゥームレイダース,0,0,🚧,AADV,0,0
1994-12-03,PS,三國志V,0,0,🚧,SLG,0,0
1994-12-03,PS,KOWLOON'S GATE -九龍風水傳-,0,0,🚧,ADV,0,0
1994-12-03,PS,マクロス デジタルミッション VF-X,0,0,🚧,SHT,0,0
1994-12-03,PS,三國無双,0,0,🚧,FTG,0,0
1994-12-03,PS,ブシドーブレード,0,0,🚧,FTG,0,0
1994-12-03,PS,ゼビウス3D/G+,0,0,🚧,SHT,0,0
1994-12-03,PS,悪魔城ドラキュラX 月下の夜想曲,0,0,🚧,ACT,0,0
1994-12-03,PS,SDガンダム G-CENTURY,0,0,🚧,SLG,0,0
1994-12-03,PS,スタンバイSay You!,0,0,🚧,SLG,0,0
1994-12-03,PS,ファイナルファンタジーIV,0,0,🚧,RPG,0,0
1994-12-03,PS,覚悟のススメ,0,0,🚧,FTG,0,0
1994-12-03,PS,新スーパーロボット大戦スペシャルディスク,0,0,🚧,SRPG,0,0
1994-12-03,PS,アランドラ,0,0,🚧,ARPG,0,0
1994-12-03,PS,大冒険デラックス 遥かなる海,0,0,🚧,SRPG,0,0
1994-12-03,PS,トバル2,0,0,🚧,ACT,0,0
1994-12-03,PS,PAL 神犬伝説,0,0,🚧,RPG,0,0
1994-12-03,PS,ガメラ2000,0,0,🚧,SHT,0,0
1994-12-03,PS,GUNDAM0079 The War For Earth,0,0,🚧,ADV,0,0
1994-12-03,PS,あかずの間,0,0,🚧,ADV,0,0
1994-12-03,PS,Neorude,0,0,🚧,RPG,0,0
1994-12-03,PS,がんばれ森川君2号,0,0,🚧,SLG,0,0
1994-12-03,PS,マリーのアトリエ ～ザールブルグの錬金術士～,0,0,🚧,RPG,0,0
1994-12-03,PS,エースコンバット2,0,0,🚧,SHT,0,0
1994-12-03,PS,ときめきメモリアル 対戦とっかえだま,0,0,🚧,PZL,0,0
1994-12-03,PS,ガンダム・ザ・バトルマスター,0,0,🚧,FTG,0,0
1994-12-03,PS,ファイナルファンタジータクティクス,0,0,🚧,SRPG,0,0
1994-12-03,PS,BABY UNIVERSE,0,0,🚧,etc,0,0
1994-12-03,PS,真説サムライスピリッツ 武士道烈伝,0,0,🚧,RPG,0,0
1994-12-03,PS,ネクストキング ～恋の千年王国～,0,0,🚧,TBL,0,0
1994-12-03,PS,ロードランナー レジェンドリターンズ SuperLite 1500シリーズ,0,0,🚧,PZL,0,0
1994-12-03,PS,エンジェル・ブレード,0,0,🚧,SLG,0,0
1994-12-03,PS,沙羅曼蛇 デラックスパックプラス,0,0,🚧,SHT,0,0
1994-12-03,PS,BODY HAZARD,0,0,🚧,AADV,0,0
1994-12-03,PS,THE KING OF FIGHTERS '96,0,0,🚧,FTG,0,0
1994-12-03,PS,アーマード・コア,0,0,🚧,A-SHT,0,0
1994-12-03,PS,ときめきメモリアルドラマシリーズ Vol.1 虹色の青春,0,0,🚧,ADV,0,0
1994-12-03,PS,攻殻機動隊 GHOST IN THE SHELL,0,0,🚧,A-SHT,0,0
1994-12-03,PS,ストリートファイターEX Plus α,0,0,🚧,FTG,0,0
1994-12-03,PS,超人学園ゴウカイザー,0,0,🚧,FTG,0,0
1994-12-03,PS,バーチャル飛龍の拳,0,0,🚧,ACT,0,0
1994-12-03,PS,雷弩機兵ガイブレイブ,0,0,🚧,ARPG,0,0
1994-12-03,PS,サガフロンティア,0,0,🚧,RPG,0,0
1994-12-03,PS,モンスターファーム,0,0,🚧,SLG,0,0
1994-12-03,PS,アークザラッド・モンスターゲームwithカジノゲーム,0,0,🚧,SRPG,0,0
1994-12-03,PS,スペースインベーダー,0,0,🚧,SHT,0,0
1994-12-03,PS,ロックマンX4,0,0,🚧,ACT,0,0
1994-12-03,PS,ガンバレット,0,0,🚧,SHT,0,0
1994-12-03,PS,タイムクライシス,0,0,🚧,SHT,0,0
1994-12-03,PS,南方珀堂登場,0,0,🚧,ADV,0,0
1994-12-03,PS,メタルスラッグ,0,0,🚧,A-SHT,0,0
1994-12-03,PS,グラディウス外伝,0,0,🚧,SHT,0,0
1994-12-03,PS,実況パワフルプロ野球'97開幕版,0,0,🚧,SPT,0,0
1994-12-03,PS,悠久幻想曲,0,0,🚧,ADV,0,0
1994-12-03,PS,風のノータム,0,0,🚧,SLG,0,0
1994-12-03,PS,ブレスオブファイアIII,0,0,🚧,RPG,0,0
1994-12-03,PS,あやかし忍伝くの一番,0,0,🚧,SLG,0,0
1994-12-03,PS,火竜娘,0,0,🚧,ADV,0,0
1994-12-03,PS,天空のエスカフローネ,0,0,🚧,AADV,0,0
1994-12-03,PS,BIOHAZARD DIRECTER'S CUT,0,0,🚧,AADV,0,0
1994-12-03,PS,フロントミッション2,0,0,🚧,SRPG,0,0
1994-12-03,PS,リンダキューブ アゲイン,0,0,🚧,RPG,0,0
1994-12-03,PS,ボイスファンタジア 失われたボイスパワー,0,0,🚧,RPG,0,0
1994-12-03,PS,ムーンライトシンドローム,0,0,🚧,ADV,0,0
1994-12-03,PS,moon,0,0,🚧,ADV,0,0
1994-12-03,PS,こみゅにてぃぽむ,0,0,🚧,RPG,0,0
1994-12-03,PS,BLOODY ROAR,0,0,🚧,FTG,0,0
1994-12-03,PS,10101 “WILL”THE STARSHIP,0,0,🚧,RPG,0,0
1994-12-03,PS,聖刻1092 操兵伝,0,0,🚧,RPG,0,0
1994-12-03,PS,アザーライフ アザードリームス,0,0,🚧,RPG,0,0
1994-12-03,PS,アインハンダー,0,0,🚧,SHT,0,0
1994-12-03,PS,コナミアンティークス MSXコレクション Vol.1,0,0,🚧,etc,0,0
1994-12-03,PS,ザ・マスターズ・ファイター,0,0,🚧,ACT,0,0
1994-12-03,PS,Neorude2,0,0,🚧,RPG,0,0
1994-12-03,PS,リーサルエンフォーサーズ デラックスパック,0,0,🚧,SHT,0,0
1994-12-03,PS,RPGツクール3,0,0,🚧,etc,0,0
1994-12-03,PS,バーガーバーガー,0,0,🚧,SLG,0,0
1994-12-03,PS,ぷよぷよSUN決定盤,0,0,🚧,PZL,0,0
1994-12-03,PS,アーマード・コア プロジェクトファンタズマ,0,0,🚧,A-SHT,0,0
1994-12-03,PS,サイドバイサイドスペシャル,0,0,🚧,RCG,0,0
1994-12-03,PS,エイブ・ア・ゴーゴー,0,0,🚧,ACT,0,0
1994-12-03,PS,風のクロノア door to phantomile,0,0,🚧,ACT,0,0
1994-12-03,PS,電車でGO!,0,0,🚧,etc,0,0
1994-12-03,PS,フロントミッション オルタナティヴ,0,0,🚧,SRPG,0,0
1994-12-03,PS,ロックマンDASH 鋼の冒険心,0,0,🚧,RPG,0,0
1994-12-03,PS,ハイパーオリンピック イン ナガノ,0,0,🚧,SPT,0,0
1994-12-03,PS,るろうに剣心 －明治剣客浪漫譚－ 十勇士陰謀編,0,0,🚧,RPG,0,0
1994-12-03,PS,グランツーリスモ,0,0,🚧,RCG,0,0
1994-12-03,PS,テイルズ オブ デスティニー,0,0,🚧,RPG,0,0
1994-12-03,PS,チョコボの不思議なダンジョン,0,0,🚧,RPG,0,0
1994-12-03,PS,プロジェクトガイアレイ,0,0,🚧,A-SHT,0,0
1994-12-03,PS,サムライスピリッツ 天草降臨SPECIAL,0,0,🚧,FTG,0,0
1994-12-03,PS,蒼穹紅蓮隊,0,0,🚧,SHT,0,0
1994-12-03,PS,グルーヴ地獄V,0,0,🚧,etc,0,0
1994-12-03,PS,BIOHAZARD 2,0,0,🚧,AADV,0,0
1994-12-03,PS,コナミアンティークス MSXコレクション Vol.2,0,0,🚧,etc,0,0
1994-12-03,PS,スペクトラルタワーII,0,0,🚧,RPG,0,0
1994-12-03,PS,バスト ア ムーブ Dance＆Rhythm Action,0,0,🚧,音,0,0
1994-12-03,PS,ボンバーマンワールド,0,0,🚧,ACT,0,0
1994-12-03,PS,R-TYPES,0,0,🚧,SHT,0,0
1994-12-03,PS,ゼノギアス,0,0,🚧,RPG,0,0
1994-12-03,PS,ウルトラマン Fighting Evolution,0,0,🚧,FTG,0,0
1994-12-03,PS,最終電車,0,0,🚧,ADV,0,0
1994-12-03,PS,プリズムコート,0,0,🚧,SLG,0,0
1994-12-03,PS,G.O.D pure,0,0,🚧,RPG,0,0
1994-12-03,PS,信長の野望 戦国群雄伝,0,0,🚧,SLG,0,0
1994-12-03,PS,ずっといっしょ,0,0,🚧,SLG,0,0
1994-12-03,PS,DEAD OR ALIVE,0,0,🚧,FTG,0,0
1994-12-03,PS,タイムボカンシリーズ ボカンですよ,0,0,🚧,SHT,0,0
1994-12-03,PS,CLOCK TOWER GHOST HEAD,0,0,🚧,ADV,0,0
1994-12-03,PS,コナミアンティークス MSXコレクション Vol.3,0,0,🚧,etc,0,0
1994-12-03,PS,ゼルドナーシルトSpecial,0,0,🚧,SRPG,0,0
1994-12-03,PS,ファイナルファンタジーV,0,0,🚧,RPG,0,0
1994-12-03,PS,みつめてナイト,0,0,🚧,SLG,0,0
1994-12-03,PS,…いる!,0,0,🚧,ADV,0,0
1994-12-03,PS,ときめきメモリアルドラマシリーズ Vol.2 彩のラブソング,0,0,🚧,ADV,0,0
1994-12-03,PS,ファイアーウーマン纏組,0,0,🚧,ADV,0,0
1994-12-03,PS,悠久幻想曲 2nd Album,0,0,🚧,ADV,0,0
1994-12-03,PS,Parasite Eve,0,0,🚧,RPG,0,0
1994-12-03,PS,くっつけっと,0,0,🚧,SLG,0,0
1994-12-03,PS,修羅の門,0,0,🚧,FTG,0,0
1994-12-03,PS,水滸伝 天導一〇八星,0,0,🚧,SLG,0,0
1994-12-03,PS,装甲騎兵ボトムズ ウド・クメン編,0,0,🚧,SHT,0,0
1994-12-03,PS,Gダライアス,0,0,🚧,SHT,0,0
1994-12-03,PS,アンシャントロマン,0,0,🚧,RPG,0,0
1994-12-03,PS,探偵神宮寺三郎 夢の終わりに,0,0,🚧,ADV,0,0
1994-12-03,PS,GUILTY GEAR,0,0,🚧,FTG,0,0
1994-12-03,PS,サンダーフォースV PERFECT SYSTEM,0,0,🚧,SHT,0,0
1994-12-03,PS,炎の料理人 クッキングファイター好,0,0,🚧,ACT,0,0
1994-12-03,PS,銀河英雄伝説,0,0,🚧,SLG,0,0
1994-12-03,PS,ナイトメア・プロジェクト YAKATA,0,0,🚧,RPG,0,0
1994-12-03,PS,XI[sai],0,0,🚧,PZL,0,0
1994-12-03,PS,The Legend of Heroes I＆II 英雄伝説,0,0,🚧,RPG,0,0
1994-12-03,PS,スレイヤーズ ろいやる,0,0,🚧,RPG,0,0
1994-12-03,PS,ダブルキャスト,0,0,🚧,ADV,0,0
1994-12-03,PS,惑星攻機隊りとるキャッツ,0,0,🚧,SLG+ADV,0,0
1994-12-03,PS,爆走デコトラ伝説 ～男一匹夢街道～,0,0,🚧,RCG,0,0
1994-12-03,PS,大幽霊屋敷 ～浜村淳の実話怪談～,0,0,🚧,ADV,0,0
1994-12-03,PS,赤川次郎 夜想曲,0,0,🚧,ADV,0,0
1994-12-03,PS,ときめきの放課後 ねっ☆クイズしよ,0,0,🚧,etc,0,0
1994-12-03,PS,ブレイヴフェンサー 武蔵伝,0,0,🚧,ARPG,0,0
1994-12-03,PS,バルディッシュ クロムフォードの住人たち,0,0,🚧,RPG,0,0
1994-12-03,PS,影牢 ～刻命館 真章～,0,0,🚧,ACT,0,0
1994-12-03,PS,実況パワフルプロ野球'98,0,0,🚧,SPT,0,0
1994-12-03,PS,私立ジャスティス学園 LEGION OF HEROES,0,0,🚧,FTG,0,0
1994-12-03,PS,スターオーシャン セカンドストーリー,0,0,🚧,RPG,0,0
1994-12-03,PS,3D格闘ツクール,0,0,🚧,etc,0,0
1994-12-03,PS,ゆうわくオフィス恋愛課,0,0,🚧,SLG,0,0
1994-12-03,PS,パネキット,0,0,🚧,SLG,0,0
1994-12-03,PS,ドラゴンシーズ,0,0,🚧,SLG,0,0
1994-12-03,PS,トラップガンナー,0,0,🚧,ACT,0,0
1994-12-03,PS,Echo Night,0,0,🚧,ADV,0,0
1994-12-03,PS,アストロノーカ,0,0,🚧,SLG,0,0
1994-12-03,PS,風の丘公園にて,0,0,🚧,ADV,0,0
1994-12-03,PS,メタルギアソリッド,0,0,🚧,ACT,0,0
1994-12-03,PS,シルエットミラージュ,0,0,🚧,ACT,0,0
1994-12-03,PS,蒼き狼と白き牝鹿 元朝秘史,0,0,🚧,SLG,0,0
1994-12-03,PS,キャプテンコマンドー,0,0,🚧,ACT,0,0
1994-12-03,PS,シミュレーションRPGツクール,0,0,🚧,etc,0,0
1994-12-03,PS,御神楽少女探偵団,0,0,🚧,ADV,0,0
1994-12-03,PS,エンドセクター,0,0,🚧,ADV/SLG,0,0
1994-12-03,PS,ザ・ゲームメーカー 売れ売れ100万本げっとだぜ!,0,0,🚧,SLG,0,0
1994-12-03,PS,Knight ＆ Baby,0,0,🚧,RPG,0,0
1994-12-03,PS,ガーディアンリコール ～守護獣召喚～,0,0,🚧,SRPG,0,0
1994-12-03,PS,仮面ライダー,0,0,🚧,FACT,0,0
1994-12-03,PS,ひみつ戦隊メタモルVデラックス,0,0,🚧,ADV,0,0
1994-12-03,PS,LSD,0,0,🚧,etc,0,0
1994-12-03,PS,火星物語,0,0,🚧,RPG,0,0
1994-12-03,PS,星の丘学園物語 学園祭,0,0,🚧,SLG,0,0
1994-12-03,PS,ぽっぷんぽっぷ,0,0,🚧,PZL,0,0
1994-12-03,PS,サイレントボマー,0,0,🚧,ACT,0,0
1994-12-03,PS,全スーパーロボット大戦電視大百科,0,0,🚧,etc,0,0
1994-12-03,PS,雷弩機兵ガイブレイブII,0,0,🚧,SHT,0,0
1994-12-03,PS,レガイア伝説,0,0,🚧,RPG,0,0
1994-12-03,PS,ドカポン! 怒りの鉄剣,0,0,🚧,TBL,0,0
1994-12-03,PS,アナザー・マインド,0,0,🚧,ADV,0,0
1994-12-03,PS,ヴィジランテ8,0,0,🚧,ACT,0,0
1994-12-03,PS,破壊王 キング・オブ・クラッシャー,0,0,🚧,ACT,0,0
1994-12-03,PS,R-TYPE Δ,0,0,🚧,SHT,0,0
1994-12-03,PS,Kitty the Kool! カブキでたのしくおどってね!!,0,0,🚧,音,0,0
1994-12-03,PS,serial experiments lain,0,0,🚧,etc,0,0
1994-12-03,PS,Toys Dream,0,0,🚧,SLG,0,0
1994-12-03,PS,雪割りの花,0,0,🚧,ADV,0,0
1994-12-03,PS,ポポローグ,0,0,🚧,RPG,0,0
1994-12-03,PS,R4 RIDGE RACER TYPE 4,0,0,🚧,RCG,0,0
1994-12-03,PS,かまいたちの夜 特別編,0,0,🚧,ADV,0,0
1994-12-03,PS,久遠の絆,0,0,🚧,ADV,0,0
1994-12-03,PS,スーパーロボット大戦F,0,0,🚧,SRPG,0,0
1994-12-03,PS,ボンバーマン,0,0,🚧,ACT,0,0
1994-12-03,PS,エアガイツ,0,0,🚧,FTG,0,0
1994-12-03,PS,幻想水滸伝II,0,0,🚧,RPG,0,0
1994-12-03,PS,エリーのアトリエ ～ザールブルグの錬金術士2～,0,0,🚧,RPG,0,0
1994-12-03,PS,サウザンドアームズ,0,0,🚧,RPG,0,0
1994-12-03,PS,新世代ロボット戦記ブレイブサーガ,0,0,🚧,SRPG,0,0
1994-12-03,PS,ファイティングアイズ,0,0,🚧,ACT,0,0
1994-12-03,PS,マール王国の人形姫,0,0,🚧,RPG,0,0
1994-12-03,PS,クラッシュ・バンディクー3 ブッとび!世界一周,0,0,🚧,ACT,0,0
1994-12-03,PS,I.Q FINAL,0,0,🚧,PZL,0,0
1994-12-03,PS,EVE The Lost One,0,0,🚧,ADV,0,0
1994-12-03,PS,がんばれゴエモン ～来るなら恋!綾繁一家の黒い影～,0,0,🚧,ACT,0,0
1994-12-03,PS,チョコボの不思議なダンジョン2,0,0,🚧,RPG,0,0
1994-12-03,PS,テイルズ オブ ファンタジア,0,0,🚧,RPG,0,0
1994-12-03,PS,ミザーナフォールズ,0,0,🚧,ADV,0,0
1994-12-03,PS,スーパーヒーロー作戦,0,0,🚧,RPG,0,0
1994-12-03,PS,デジモンワールド,0,0,🚧,RPG,0,0
1994-12-03,PS,BLOODY ROAR2,0,0,🚧,FTG,0,0
1994-12-03,PS,街 ～運命の交差点～,0,0,🚧,ADV,0,0
1994-12-03,PS,Blaze＆Blade Eternal Quest,0,0,🚧,ARPG,0,0
1994-12-03,PS,アーマード・コア マスターオブアリーナ,0,0,🚧,A-SHT,0,0
1994-12-03,PS,サイバー大戦略 出撃!はるか隊,0,0,🚧,SLG,0,0
1994-12-03,PS,魔女っ子大作戦,0,0,🚧,SRPG,0,0
1994-12-03,PS,ポケットムームー,0,0,🚧,etc,0,0
1994-12-03,PS,ファイナルファンタジーVIII,0,0,🚧,RPG,0,0
1994-12-03,PS,Piとメール,0,0,🚧,etc,0,0
1994-12-03,PS,オアシスロード,0,0,🚧,RPG,0,0
1994-12-03,PS,コンバットチョロQ,0,0,🚧,ACT,0,0
1994-12-03,PS,MARVEL SUPER HEROES VS. STREET FIGHTER EX EDITION,0,0,🚧,FTG,0,0
1994-12-03,PS,モンスターファーム2,0,0,🚧,SLG,0,0
1994-12-03,PS,ワールド・ネバーランド2 ～プルト共和国物語～,0,0,🚧,SLG,0,0
1994-12-03,PS,SILENT HILL,0,0,🚧,ADV,0,0
1994-12-03,PS,19時03分 上野発夜光列車,0,0,🚧,ADV,0,0
1994-12-03,PS,コリン・マクレー ザ・ラリー,0,0,🚧,RCG,0,0
1994-12-03,PS,ファイナルファンタジーコレクション/ファイナルファンタジーVI,0,0,🚧,RPG,0,0
1994-12-03,PS,電車でGO!2 高速編,0,0,🚧,etc,0,0
1994-12-03,PS,ウンジャマ・ラミー,0,0,🚧,音,0,0
1994-12-03,PS,チョコボレーシング ～幻界へのロード～,0,0,🚧,RCG,0,0
1994-12-03,PS,エアーズ?,0,0,🚧,RPG,0,0
1994-12-03,PS,弟切草 蘇生編,0,0,🚧,ADV,0,0
1994-12-03,PS,ToHeart,0,0,🚧,ADV,0,0
1994-12-03,PS,輝く季節へ,0,0,🚧,ADV,0,0
1994-12-03,PS,サガフロンティア2,0,0,🚧,RPG,0,0
1994-12-03,PS,スパイロ・ザ・ドラゴン,0,0,🚧,ACT,0,0
1994-12-03,PS,ときめきメモリアルドラマシリーズ Vol.3 旅立ちの詩,0,0,🚧,ADV,0,0
1994-12-03,PS,勇者王ガオガイガー BLOCKADED NUMBERS,0,0,🚧,ADV,0,0
1994-12-03,PS,スーパーロボット大戦F完結編,0,0,🚧,SRPG,0,0
1994-12-03,PS,バスト ア ムーブ2 ダンス天国MIX,0,0,🚧,音,0,0
1994-12-03,PS,魔女たちの眠り 復活祭,0,0,🚧,ADV,0,0
1994-12-03,PS,オメガブースト,0,0,🚧,SHT,0,0
1994-12-03,PS,カルドセプト エキスパンション,0,0,🚧,TBL,0,0
1994-12-03,PS,ノベルズ ゲームセンターあらしR,0,0,🚧,ADV,0,0
1994-12-03,PS,倫敦精霊探偵団,0,0,🚧,RPG,0,0
1994-12-03,PS,A列車で行こうZ めざせ!大陸横断,0,0,🚧,SLG,0,0
1994-12-03,PS,撃王 ～紫炎龍～,0,0,🚧,SHT,0,0
1994-12-03,PS,エースコンバット3 エレクトロスフィア,0,0,🚧,SHT,0,0
1994-12-03,PS,70年代風ロボットアニメ ゲッP-X,0,0,🚧,A-SHT,0,0
1994-12-03,PS,KulaQuest,0,0,🚧,PZL,0,0
1994-12-03,PS,せがれいじり,0,0,🚧,etc,0,0
1994-12-03,PS,ちっぽけラルフの大冒険,0,0,🚧,ACT,0,0
1994-12-03,PS,スーパーロボット大戦コンプリートボックス,0,0,🚧,SRPG,0,0
1994-12-03,PS,レーシングラグーン,0,0,🚧,RCG/RPG,0,0
1994-12-03,PS,東京魔人學園剣風帖,0,0,🚧,ADV/RPG,0,0
1994-12-03,PS,俺の屍を越えてゆけ,0,0,🚧,RPG,0,0
1994-12-03,PS,サルゲッチュ,0,0,🚧,ACT,0,0
1994-12-03,PS,私立ジャスティス学園 熱血青春日記2,0,0,🚧,FTG,0,0
1994-12-03,PS,ツインズストーリー きみにつたえたくて…,0,0,🚧,SLG,0,0
1994-12-03,PS,とんでもクライシス!,0,0,🚧,etc,0,0
1994-12-03,PS,ペルソナ2 罪,0,0,🚧,RPG,0,0
1994-12-03,PS,グランディア,0,0,🚧,RPG,0,0
1994-12-03,PS,UFO -A day in the life-,0,0,🚧,etc,0,0
1994-12-03,PS,SuperLite1500シリーズ アステロイド,0,0,🚧,SHT,0,0
1994-12-03,PS,ディノクライシス,0,0,🚧,AADV,0,0
1994-12-03,PS,聖剣伝説 LEGEND OF MANA,0,0,🚧,ARPG,0,0
1994-12-03,PS,激走トマランナー,0,0,🚧,RCG,0,0
1994-12-03,PS,実況パワフルプロ野球'99開幕版,0,0,🚧,SPT,0,0
1994-12-03,PS,GERMS 狙われた街,0,0,🚧,ADV,0,0
1994-12-03,PS,SIMPLE1500シリーズ Vol.11 ピンボール -3D-,0,0,🚧,TBL,0,0
1994-12-03,PS,どこでもいっしょ,0,0,🚧,etc,0,0
1994-12-03,PS,トロンにコブン,0,0,🚧,ACT,0,0
1994-12-03,PS,クロス探偵物語,0,0,🚧,ADV,0,0
1994-12-03,PS,Lの季節 ～A piece of memories～,0,0,🚧,ADV,0,0
1994-12-03,PS,探偵神宮寺三郎 Early Collection,0,0,🚧,ADV,0,0
1994-12-03,PS,チョロQワンダフォー!,0,0,🚧,RCG,0,0
1994-12-03,PS,ロックマン,0,0,🚧,ACT,0,0
1994-12-03,PS,Echo Night #2 眠りの支配者,0,0,🚧,AADV,0,0
1994-12-03,PS,闘神伝 昴,0,0,🚧,FTG,0,0
1994-12-03,PS,太閤立志伝III,0,0,🚧,SLG,0,0
1994-12-03,PS,ロード・オブ・フィスト,0,0,🚧,ACT,0,0
1994-12-03,PS,SuperLite1500シリーズ アンゴルモア99,0,0,🚧,TBL,0,0
1994-12-03,PS,Neo ATLAS II,0,0,🚧,???,0,0
1994-12-03,PS,フロントミッション3,0,0,🚧,SRPG,0,0
1994-12-03,PS,マイガーデン,0,0,🚧,ADV,0,0
1994-12-03,PS,リトルラバーズ シーソーゲーム,0,0,🚧,TBL,0,0
1994-12-03,PS,ロックマン2 Dr.ワイリーの謎,0,0,🚧,ACT,0,0
1994-12-03,PS,ワイルドアームズ 2nd IGNITION,0,0,🚧,RPG,0,0
1994-12-03,PS,ゲッターロボ大決戦!,0,0,🚧,SRPG,0,0
1994-12-03,PS,ひざの上の同居人,0,0,🚧,SLG,0,0
1994-12-03,PS,ロックマン3 Dr.ワイリーの最期!?,0,0,🚧,ACT,0,0
1994-12-03,PS,ドラゴンクエストキャラクターズ トルネコの大冒険2 不思議のダンジョン,0,0,🚧,RPG,0,0
1994-12-03,PS,BIOHAZARD 3 LAST ESCAPE,0,0,🚧,AADV,0,0
1994-12-03,PS,PAQA,0,0,🚧,etc,0,0
1994-12-03,PS,MemoriesOff,0,0,🚧,ADV,0,0
1994-12-03,PS,ヨシモトムチッ子大決戦～南の島のゴロンゴ島～,0,0,🚧,SLG,0,0
1994-12-03,PS,夕闇通り探検隊,0,0,🚧,ADV,0,0
1994-12-03,PS,シルバー事件,0,0,🚧,ADV,0,0
1994-12-03,PS,ペット ペット ペット,0,0,🚧,SLG,0,0
1994-12-03,PS,Zill O'll,0,0,🚧,RPG,0,0
1994-12-03,PS,続・御神楽少女探偵団 ～完結編～,0,0,🚧,ADV,0,0
1994-12-03,PS,サイキックフォース2,0,0,🚧,FTG,0,0
1994-12-03,PS,デュープリズム,0,0,🚧,ARPG,0,0
1994-12-03,PS,マジカルドロップF 大冒険もラクじゃない!,0,0,🚧,PZL,0,0
1994-12-03,PS,じぱんぐ島 ～運命はサイコロが決める!?～,0,0,🚧,TBL,0,0
1994-12-03,PS,アークザラッドIII,0,0,🚧,SRPG,0,0
1994-12-03,PS,サイレントボマー,0,0,🚧,ACT,0,0
1994-12-03,PS,BAROQUE,0,0,🚧,RPG,0,0
1994-12-03,PS,プリズマティカリゼーション,0,0,🚧,ADV,0,0
1994-12-03,PS,ロックマン4 新たなる野望!!,0,0,🚧,ACT,0,0
1994-12-03,PS,クロノ・トリガー,0,0,🚧,RPG,0,0
1994-12-03,PS,ENGACHO!,0,0,🚧,PZL,0,0
1994-12-03,PS,クロノ・クロス,0,0,🚧,RPG,0,0
1994-12-03,PS,ドラゴンナイツグロリアス,0,0,🚧,RPG,0,0
1994-12-03,PS,グローランサー,0,0,🚧,RPG,0,0
1994-12-03,PS,真・魔装機神 PANZER WARFARE,0,0,🚧,SLG,0,0
1994-12-03,PS,探偵神宮寺三郎 灯火が消えぬ間に,0,0,🚧,ADV,0,0
1994-12-03,PS,ときめきメモリアル2,0,0,🚧,SLG,0,0
1994-12-03,PS,メダロットR,0,0,🚧,RPG,0,0
1994-12-03,PS,リトルプリンセス マール王国の人形姫2,0,0,🚧,RPG,0,0
1994-12-03,PS,ロックマン5 ブルースの罠!?,0,0,🚧,ACT,0,0
1994-12-03,PS,Disney's Tarzan,0,0,🚧,ACT,0,0
1994-12-03,PS,第2次スーパーロボット大戦,0,0,🚧,SRPG,0,0
1994-12-03,PS,蒼魔灯,0,0,🚧,ACT,0,0
1994-12-03,PS,電車でGO! プロフェッショナル仕様,0,0,🚧,etc,0,0
1994-12-03,PS,遊☆戯☆王 真デュエルモンスターズ ～封印されし記憶～,0,0,🚧,ADV/SLG,0,0
1994-12-03,PS,ロックマン6 史上最大の戦い!!,0,0,🚧,ACT,0,0
1994-12-03,PS,グランツーリスモ2,0,0,🚧,RCG,0,0
1994-12-03,PS,クラッシュ・バンディクー レーシング,0,0,🚧,RCG,0,0
1994-12-03,PS,Parasite Eve II,0,0,🚧,ADV,0,0
1994-12-03,PS,ぷよぷよ～ん カーくんといっしょ,0,0,🚧,PZL,0,0
1994-12-03,PS,Neorude ～刻まれた紋章～,0,0,🚧,RPG,0,0
1994-12-03,PS,ぽけかの,0,0,🚧,SLG,0,0
1994-12-03,PS,桃太郎電鉄V,0,0,🚧,TBL,0,0
1994-12-03,PS,ヴァルキリープロファイル,0,0,🚧,RPG,0,0
1994-12-03,PS,悠久幻想曲3 Perpetual Blue,0,0,🚧,SLG,0,0
1994-12-03,PS,XI JUMBO,0,0,🚧,PZL,0,0
1994-12-03,PS,ポケットじまん,0,0,🚧,etc,0,0
1994-12-03,PS,死者の呼ぶ館,0,0,🚧,ADV,0,0
1994-12-03,PS,BIOHAZARD GUN SURVIVOR,0,0,🚧,SHT,0,0
1994-12-03,PS,ポポロクロイス物語II,0,0,🚧,RPG,0,0
1994-12-03,PS,ベイグラントストーリー,0,0,🚧,RPG,0,0
1994-12-03,PS,007 トゥモロー・ネバー・ダイ,0,0,🚧,TPS,0,0
1994-12-03,PS,機動戦士ガンダム ギレンの野望 ジオンの系譜,0,0,🚧,SLG,0,0
1994-12-03,PS,アジト3,0,0,🚧,SLG,0,0
1994-12-03,PS,スペースインベーダーX,0,0,🚧,SHT,0,0
1994-12-03,PS,ストライダー飛竜1＆2,0,0,🚧,ACT,0,0
1994-12-03,PS,聖戦士ダンバイン ～聖戦士伝説～,0,0,🚧,SRPG/ADV,0,0
1994-12-03,PS,あいたくて…～your smiles in my heart～,0,0,🚧,SLG,0,0
1994-12-03,PS,汽車でGO!,0,0,🚧,etc,0,0
1994-12-03,PS,スパイロ×スパークス トンでもツアーズ,0,0,🚧,ACT,0,0
1994-12-03,PS,Infinity,0,0,🚧,ADV,0,0
1994-12-03,PS,THE KING OF FIGHTERS '99,0,0,🚧,FTG,0,0
1994-12-03,PS,EVE ZERO,0,0,🚧,ADV,0,0
1994-12-03,PS,SuperLite1500シリーズ ロードランナー2,0,0,🚧,ACT,0,0
1994-12-03,PS,右左(U-SA),0,0,🚧,PZL,0,0
1994-12-03,PS,閉鎖病院,0,0,🚧,ADV,0,0
1994-12-03,PS,ロックマンDASH2 エピソード2 大いなる遺産,0,0,🚧,RPG,0,0
1994-12-03,PS,ブレスオブファイアIV うつろわざるもの,0,0,🚧,RPG,0,0
1994-12-03,PS,SIMPLE1500シリーズ Vol.28 THE ダンジョンRPG,0,0,🚧,RPG,0,0
1994-12-03,PS,ラビッシュブレイズン,0,0,🚧,RPG,0,0
1994-12-03,PS,ブリガンダイン グランドエディション,0,0,🚧,SLG,0,0
1994-12-03,PS,スーパーロボット大戦α,0,0,🚧,SRPG,0,0
1994-12-03,PS,賭博黙示録カイジ,0,0,🚧,ADV,0,0
1994-12-03,PS,ACONCAGUA,0,0,🚧,ADV,0,0
1994-12-03,PS,ぼくのなつやすみ,0,0,🚧,ADV,0,0
1994-12-03,PS,ペルソナ2 罰,0,0,🚧,RPG,0,0
1994-12-03,PS,仙界大戦 ～TVアニメーション仙界伝封神演義より～,0,0,🚧,RPG,0,0
1994-12-03,PS,鈴木爆発,0,0,🚧,etc,0,0
1994-12-03,PS,ファイナルファンタジーIX,0,0,🚧,RPG,0,0
1994-12-03,PS,稲川淳二 真夜中のタクシー,0,0,🚧,ADV,0,0
1994-12-03,PS,SIMPLE1500シリーズ Vol.31 THE サウンドノベル,0,0,🚧,ADV,0,0
1994-12-03,PS,激突トマラルク TOMARUNNER VS L'Arc～en～Ciel,0,0,🚧,RCG,0,0
1994-12-03,PS,SDガンダム Gジェネレーション F,0,0,🚧,SRPG,0,0
1994-12-03,PS,Catch! 気持ちセンセーション,0,0,🚧,ADV,0,0
1994-12-03,PS,鉄拳3,0,0,🚧,FTG,0,0
1994-12-03,PS,悠久組曲 All Star Project,0,0,🚧,ADV,0,0
1994-12-03,PS,ドラゴンクエストVII エデンの戦士たち,0,0,🚧,RPG,0,0
1994-12-03,PS,ディノクライシス2,0,0,🚧,AADV,0,0
1994-12-03,PS,仮面ライダーV3,0,0,🚧,FTG,0,0
1994-12-03,PS,キッズステーション おジャ魔女どれみ♯ MAHO堂ダンスカーニバル!,0,0,🚧,音,0,0
1994-12-03,PS,高機動幻想 ガンパレード・マーチ,0,0,🚧,SLG,0,0
1994-12-03,PS,ベアルファレス,0,0,🚧,ARPG,0,0
1994-12-03,PS,ごちゃちる,0,0,🚧,ADV,0,0
1994-12-03,PS,SuperLite 1500シリーズ クレイジーバルーン2000,0,0,🚧,ACT,0,0
1994-12-03,PS,ふしぎ刑事,0,0,🚧,ADV,0,0
1994-12-03,PS,北斗の拳 世紀末救世主伝説,0,0,🚧,ACT,0,0
1994-12-03,PS,ZOIDS 帝国VS共和国 メカ生体の遺伝子,0,0,🚧,SRPG,0,0
1994-12-03,PS,SIMPLE1500シリーズ Vol.46 THE 麻雀落ちゲー 落雀,0,0,🚧,PZL,0,0
1994-12-03,PS,スーパーヒーロー作戦 ダイダルの野望,0,0,🚧,RPG,0,0
1994-12-03,PS,機動警察パトレイバー ゲームエディション,0,0,🚧,ACT,0,0
1994-12-03,PS,テイルズ オブ エターニア,0,0,🚧,RPG,0,0
1994-12-03,PS,ロックマンX5,0,0,🚧,ACT,0,0
1994-12-03,PS,SIMPLE1500シリーズ Vol.53 THE ヘリコプター,0,0,🚧,ADV,0,0
1994-12-03,PS,仮面ライダークウガ,0,0,🚧,FTG,0,0
1994-12-03,PS,RPGツクール4,0,0,🚧,etc,0,0
1994-12-03,PS,ここ掘れ!プッカ,0,0,🚧,SLG,0,0
1994-12-03,PS,クラッシュ・バンディクー カーニバル,0,0,🚧,ACT,0,0
1994-12-03,PS,ドラえもん3 魔界のダンジョン,0,0,🚧,RPG,0,0
1994-12-03,PS,デジモンワールド デジタルカードアリーナ,0,0,🚧,TBL,0,0
1994-12-03,PS,ぷよぷよBOX,0,0,🚧,PZL,0,0
1994-12-03,PS,霊刻 池田貴族心霊研究所,0,0,🚧,ADV,0,0
1994-12-03,PS,風雨来記,0,0,🚧,ADV,0,0
1994-12-03,PS,てんたま,0,0,🚧,ADV,0,0
1994-12-03,PS,メタルスラッグX,0,0,🚧,A-SHT,0,0
1994-12-03,PS,SIMPLE1500シリーズ Vol.55 THE ダーツ,0,0,🚧,SPT,0,0
1994-12-03,PS,PANZER FRONT bis.,0,0,🚧,SLG,0,0
1994-12-03,PS,ときめきメモリアル2 対戦ぱずるだま,0,0,🚧,PZL,0,0
1994-12-03,PS,無敵王トライゼノン,0,0,🚧,ADV,0,0
1994-12-03,PS,From TV Animation ONE PIECE グランドバトル!,0,0,🚧,FTG,0,0
1994-12-03,PS,ONI零 ～復活～,0,0,🚧,RPG,0,0
1994-12-03,PS,SIMPLE1500シリーズ Vol.56 THE スナイパー,0,0,🚧,SHT,0,0
1994-12-03,PS,がんばれゴエモン ～大江戸大回転～,0,0,🚧,ACT,0,0
1994-12-03,PS,スーパーロボット大戦α外伝,0,0,🚧,SRPG,0,0
1994-12-03,PS,仙界通録正史 ～TVアニメーション仙界伝封神演義より～,0,0,🚧,etc,0,0
1994-12-03,PS,SIMPLE1500シリーズ Vol.60 THE テーブルホッケー,0,0,🚧,SPT,0,0
1994-12-03,PS,クレオパトラフォーチュン,0,0,🚧,PZL,0,0
1994-12-03,PS,SuperLite1500シリーズ 魔紀行,0,0,🚧,ADV,0,0
1994-12-03,PS,ティアリングサーガ ユトナ英雄戦記,0,0,🚧,SRPG,0,0
1994-12-03,PS,バウンティハンターサラ ホーリーマウンテンの帝王,0,0,🚧,ADV,0,0
1994-12-03,PS,焼肉奉行,0,0,🚧,ACT,0,0
1994-12-03,PS,夜想曲2,0,0,🚧,ADV,0,0
1994-12-03,PS,SuperLite GOLD シリーズ おてなみ拝見,0,0,🚧,TBL,0,0
1994-12-03,PS,ゾイドバトルカードゲーム 西方大陸戦記,0,0,🚧,SLG,0,0
1994-12-03,PS,From TV Animation ONE PIECE とびだせ海賊団!,0,0,🚧,RPG,0,0
1994-12-03,PS,逢魔が時,0,0,🚧,ADV,0,0
1994-12-03,PS,SIMPLE1500シリーズ Vol.70 THE ウォーシミュレーション ～人の創りし者達～,0,0,🚧,SLG,0,0
1994-12-03,PS,スーパー特撮大戦2001,0,0,🚧,SRPG,0,0
1994-12-03,PS,逢魔が時2,0,0,🚧,ADV,0,0
1994-12-03,PS,SIMPLE1500シリーズ Vol.74 THE ホラーミステリー 惨劇館 ケビン伯爵の復活,0,0,🚧,ADV,0,0
1994-12-03,PS,Memories Off 2nd,0,0,🚧,ADV,0,0
1994-12-03,PS,SIMPLEキャラクター2000シリーズ Vol.2 アフロ犬 THE パズル,0,0,🚧,PZL,0,0
1994-12-03,PS,SIMPLEキャラクター2000シリーズ Vol.3 仮面ライダー THE バイクレース,0,0,🚧,RCG,0,0
1994-12-03,PS,ドラゴンクエストIV 導かれし者たち,0,0,🚧,RPG,0,0
1994-12-03,PS,仮面ライダーアギト,0,0,🚧,FTG,0,0
1994-12-03,PS,SIMPLEキャラクター2000シリーズ Vol.4 じゃりン子チエ THE 花札,0,0,🚧,TBL,0,0
1994-12-03,PS,百獣戦隊ガオレンジャー,0,0,🚧,ACT,0,0
1994-12-03,PS,DX人生ゲームIV,0,0,🚧,TBL,0,0
1994-12-03,PS,ロックマンX6,0,0,🚧,ACT,0,0
1994-12-03,PS,爆転シュート ベイブレード ベイバトルトーナメント,0,0,🚧,ACT,0,0
1994-12-03,PS,マーメイドの季節,0,0,🚧,ADV,0,0
1994-12-03,PS,ゴエモン 新世代襲名!,0,0,🚧,ACT,0,0
1994-12-03,PS,東京魔人學園外法帖,0,0,🚧,ADV/SLG,0,0
1994-12-03,PS,テイルズ オブ ファンダム Vol.1,0,0,🚧,etc,0,0
1994-12-03,PS,HOSHIGAMI 沈みゆく蒼き大地,0,0,🚧,SRPG,0,0
1994-12-03,PS,ZOIDS2 ヘリック共和国VSガイロス帝国,0,0,🚧,SRPG,0,0
1994-12-03,PS,SIMPLE1500シリーズ Vol.82 THE 潜水艦,0,0,🚧,ADV,0,0
1994-12-03,PS,真・女神転生II,0,0,🚧,RPG,0,0
1994-12-03,PS,From TV Animation ONE PIECE グランドバトル!2,0,0,🚧,ACT,0,0
1994-12-03,PS,SIMPLE1500シリーズ Vol.92 THE 登山RPG 銀嶺の覇者,0,0,🚧,SRPG,0,0
1994-12-03,PS,SIMPLE1500実用シリーズ Vol.17 プラネタリウム,0,0,🚧,ADV,0,0
1994-12-03,PS,ブリードマスター,0,0,🚧,PZL,0,0
1994-12-03,PS,Major Wave シリーズ アーケードヒッツ クレイジークライマー,0,0,🚧,ACT,0,0
1994-12-03,PS,ドラゴンクエストモンスターズ1・2 星降りの勇者と牧場の仲間たち,0,0,🚧,RPG,0,0
1994-12-03,PS,Major Wave シリーズ アーケードヒッツ ムーンクレスタ,0,0,🚧,ACT,0,0
1994-12-03,PS,SIMPLEキャラクター2000シリーズ Vol.8 科学忍者隊ガッチャマン THE シューティング,0,0,🚧,SHT,0,0
1994-12-03,PS,爆烈サッカー,0,0,🚧,SPT,0,0
1994-12-03,PS,コワイシャシン 心霊写真奇譚,0,0,🚧,ACT,0,0
1994-12-03,PS,Major Wave シリーズ アーケードヒッツ フリスキー･トム,0,0,🚧,SHT,0,0
1994-12-03,PS,SIMPLE1500シリーズ Vol.99 THE 剣道 ～剣の花道～,0,0,🚧,SPT,0,0
1994-12-03,PS,SIMPLE1500シリーズ Vol.100 THE 宇宙飛行士,0,0,🚧,ACT,0,0
1994-12-03,PS,SuperLite1500シリーズ ボンボート,0,0,🚧,ACT,0,0
1994-12-03,PS,仮面ライダー龍騎,0,0,🚧,FTG,0,0
1994-12-03,PS,帰ってきたサイボーグクロちゃん,0,0,🚧,ACT,0,0
1994-12-03,PS,真・女神転生if...,0,0,🚧,RPG,0,0
1994-12-03,PS,SIMPLE1500シリーズ Vol.101 THE 銭湯,0,0,🚧,ADV,0,0
1994-12-03,PS,真・女神転生 デビルチルドレン 黒の書・赤の書,0,0,🚧,RPG,0,0
1994-12-03,PS,ジャレココレクション Vol.1,0,0,🚧,etc,0,0
1994-12-03,PS,FRONT MISSION 1st,0,0,🚧,SRPG,0,0
1994-12-03,PS,Cardinal Syn,0,0,🚧,ACT,0,0
1987-10-30,PCE,ビックリマンワールド (Vol.2),0,0,🚧,ACT,0,0
1987-10-30,PCE,上海 (Vol.4),0,0,🚧,PZL,0,0
1987-10-30,PCE,THE 功夫 (Vol.1),0,0,🚧,ACT,0,0
1987-10-30,PCE,カトちゃんケンちゃん (Vol.6),0,0,🚧,ACT,0,0
1987-10-30,PCE,ビクトリーラン (Vol.3),0,0,🚧,RCG,0,0
1987-10-30,PCE,邪聖剣ネクロマンサー (Vol.5),0,0,🚧,RPG,0,0
1987-10-30,PCE,妖怪道中記,0,0,🚧,ACT,0,0
1987-10-30,PCE,R-TYPE I (Vol.7),0,0,🚧,SHT,0,0
1987-10-30,PCE,遊々人生 (Vol.8),0,0,🚧,ETC,0,0
1987-10-30,PCE,プロ野球 ワールドスタジアム,0,0,🚧,SPT,0,0
1987-10-30,PCE,R-TYPE II (Vol.9),0,0,🚧,SHT,0,0
1987-10-30,PCE,戦国麻雀 (Vol.10),0,0,🚧,ETC,0,0
1987-10-30,PCE,ギャラガ’８８,0,0,🚧,SHT,0,0
1987-10-30,PCE,パワーリーグ (Vol.11),0,0,🚧,SPT,0,0
1987-10-30,PCE,プロテニス ワールドコート,0,0,🚧,SPT,0,0
1987-10-30,PCE,魔神英雄伝ワタル (Vol.12),0,0,🚧,ACT,0,0
1987-10-30,PCE,エイリアンクラッシュ,0,0,🚧,ETC,0,0
1987-10-30,PCE,ガイアの紋章,0,0,🚧,SLG,0,0
1987-10-30,PCE,魔境伝説 (Vol.1),0,0,🚧,ACT,0,0
1987-10-30,PCE,ファンタジーゾーン,0,0,🚧,SHT,0,0
1987-10-30,PCE,定吉七番 (Vol.14),0,0,🚧,ADV,0,0
1987-10-30,PCE,CD-ROM2 SYSTEM Ver1.0,0,0,🚧,SYS,0,0
1987-10-30,PCE,CD-ROM2 SYSTEM Ver2.0,0,0,🚧,SYS,0,0
1987-10-30,PCE,スペースハリアー,0,0,🚧,SHT,0,0
1987-10-30,PCE,ドラゴンスピリット,0,0,🚧,SHT,0,0
1987-10-30,PCE,あっぱれゲートボール (Vol.13),0,0,🚧,SPT,0,0
1987-10-30,PCE,ビジランテ (Vol.1),0,0,🚧,ACT,0,0
1987-10-30,PCE,ソンソンII,0,0,🚧,ACT,0,0
1987-10-30,PCE,ネクタリス (Vol.16),0,0,🚧,SLG,0,0
1987-10-30,PCE,モトローダー,0,0,🚧,RCG,0,0
1987-10-30,PCE,はにい･いんざ･すかい,0,0,🚧,SHT,0,0
1987-10-30,PCE,ウイニングショット,0,0,🚧,SPT,0,0
1987-10-30,PCE,ダンジョンエクスプローラ (Vol.15),0,0,🚧,ARPG,0,0
1987-10-30,PCE,アウトライブ,0,0,🚧,RPG,0,0
1987-10-30,PCE,改造町人シュビビンマン,0,0,🚧,ACT,0,0
1987-10-30,PCE,P-47,0,0,🚧,SHT,0,0
1987-10-30,PCE,F1 PILOT,0,0,🚧,RCG,0,0
1987-10-30,PCE,死霊戦線,0,0,🚧,ARPG,0,0
1987-10-30,PCE,がんばれ! ゴルフボーイズ,0,0,🚧,SPT,0,0
1987-10-30,PCE,ディープブルー海底神話,0,0,🚧,SHT,0,0
1987-10-30,PCE,究極タイガー,0,0,🚧,SHT,0,0
1987-10-30,PCE,魔界八犬伝SHADA,0,0,🚧,RPG,0,0
1987-10-30,PCE,エナジー,0,0,🚧,ACT,0,0
1987-10-30,PCE,ワンダーモモ,0,0,🚧,ACT,0,0
1987-10-30,PCE,凄ノ王伝説 (Vol.17),0,0,🚧,RPG,0,0
1987-10-30,PCE,パワーゴルフ (Vol.18),0,0,🚧,SPT,0,0
1987-10-30,PCE,ナグザットオープン,0,0,🚧,SPT,0,0
1987-10-30,PCE,ナグザットスタジアム,0,0,🚧,SPT,0,0
1987-10-30,PCE,パックランド,0,0,🚧,ACT,0,0
1987-10-30,PCE,わいわい麻雀,0,0,🚧,ETC,0,0
1987-10-30,PCE,ファイヤープロレスリング コンビネーションタッグ,0,0,🚧,SPT,0,0
1987-10-30,PCE,サイバークロス,0,0,🚧,ACT,0,0
1987-10-30,PCE,神武伝承,0,0,🚧,ACT,0,0
1987-10-30,PCE,ニンジャウォーリアーズ,0,0,🚧,ACT,0,0
1987-10-30,PCE,ガンヘッド (Vol.19),0,0,🚧,SHT,0,0
1987-10-30,PCE,ファイナルラップツイン,0,0,🚧,RCG,0,0
1987-10-30,PCE,サイドアーム,0,0,🚧,SHT,0,0
1987-10-30,PCE,武田信玄,0,0,🚧,ACT,0,0
1987-10-30,PCE,めぞん一刻,0,0,🚧,ADV,0,0
1987-10-30,PCE,パワーリーグII (Vol.20),0,0,🚧,SPT,0,0
1987-10-30,PCE,ブレイクイン,0,0,🚧,ETC,0,0
1987-10-30,PCE,F1ドリーム,0,0,🚧,RCG,0,0
1987-10-30,PCE,ロックオン,0,0,🚧,SHT,0,0
1987-10-30,PCE,ならずもの戦闘部隊 ブラッディウルフ,0,0,🚧,ACT,0,0
1987-10-30,PCE,オーダイン,0,0,🚧,SHT,0,0
1987-10-30,PCE,スーパー桃太郎電鉄 (Vol.21),0,0,🚧,ETC,0,0
1987-10-30,PCE,獣王記,0,0,🚧,ACT,0,0
1987-10-30,PCE,アーティストツール,0,0,🚧,ETC,0,0
1987-10-30,PCE,ダブルダンジョン,0,0,🚧,RPG,0,0
1987-10-30,PCE,デジタルチャンプ　バトルボクシング,0,0,🚧,SPT,0,0
1987-10-30,PCE,竜の子ファイター,0,0,🚧,ACT,0,0
1987-10-30,PCE,ドラえもん 迷宮大作戦 (Vol.22),0,0,🚧,ACT,0,0
1987-10-30,PCE,都留照人の実戦株式倍バイゲーム,0,0,🚧,SLG,0,0
1987-10-30,PCE,ニュートピア (Vol.23),0,0,🚧,ARPG,0,0
1987-10-30,PCE,麻雀学園 東間宗四郎登場,0,0,🚧,ETC,0,0
1987-10-30,PCE,大地くん　クライシス,0,0,🚧,SLG,0,0
1987-10-30,PCE,ジャックニクラウス チャンピオンシップゴルフ,0,0,🚧,SPT,0,0
1987-10-30,PCE,バリバリ伝説,0,0,🚧,RCG,0,0
1987-10-30,PCE,バトルエース,0,0,🚧,SHT,0,0
1987-10-30,PCE,Mr.HELIの大冒険 (Vol.2),0,0,🚧,SHT,0,0
1987-10-30,PCE,USAプロバスケットボール,0,0,🚧,SPT,0,0
1987-10-30,PCE,ブルファイト リングの覇者,0,0,🚧,SPT,0,0
1987-10-30,PCE,忍 SHINOBI,0,0,🚧,ACT,0,0
1987-10-30,PCE,PC原人 (Vol.24),0,0,🚧,ACT,0,0
1987-10-30,PCE,これがプロ野球'89,0,0,🚧,SPT,0,0
1987-10-30,PCE,ナイトライダースペシャル,0,0,🚧,RCG,0,0
1987-10-30,PCE,ヘビーユニット,0,0,🚧,SHT,0,0
1987-10-30,PCE,弁慶外伝 (Vol.2),0,0,🚧,RPG,0,0
1987-10-30,PCE,F1トリプルバトル,0,0,🚧,RCG,0,0
1987-10-30,PCE,ヴォルフィード,0,0,🚧,PZL,0,0
1987-10-30,PCE,アトミックロボキッド (Vol.1),0,0,🚧,SHT,0,0
1987-10-30,PCE,ガイフレーム,0,0,🚧,SLG,0,0
1987-10-30,PCE,タイトー チェイスH.Q.,0,0,🚧,RCG,0,0
1987-10-30,PCE,逐電屋 藤兵衛,0,0,🚧,ADV,0,0
1987-10-30,PCE,麻雀刺客列伝 麻雀ウォーズ,0,0,🚧,ETC,0,0
1987-10-30,PCE,スーパーバレーボール,0,0,🚧,SPT,0,0
1987-10-30,PCE,ニュージーランドストーリー,0,0,🚧,ACT,0,0
1987-10-30,PCE,ブロディア (Vol.25),0,0,🚧,PZL,0,0
1987-10-30,PCE,虎への道,0,0,🚧,ACT,0,0
1987-10-30,PCE,飛装騎兵カイザード,0,0,🚧,SLG,0,0
1987-10-30,PCE,パラノイア,0,0,🚧,SHT,0,0
1987-10-30,PCE,シティハンター,0,0,🚧,ACT,0,0
1987-10-30,PCE,スペースインベーダーズ 復活の日,0,0,🚧,SHT,0,0
1987-10-30,PCE,謎のマスカレード,0,0,🚧,ADV,0,0
1987-10-30,PCE,サイバーコア,0,0,🚧,SHT,0,0
1987-10-30,PCE,源平討魔伝,0,0,🚧,ACT,0,0
1987-10-30,PCE,倉庫番ワールド,0,0,🚧,PZL,0,0
1987-10-30,PCE,アームドF,0,0,🚧,SHT,0,0
1987-10-30,PCE,奇々怪界,0,0,🚧,ACT,0,0
1987-10-30,PCE,BE BALL (Vol.28),0,0,🚧,ACT,0,0
1987-10-30,PCE,キングオブカジノ,0,0,🚧,ETC,0,0
1987-10-30,PCE,ドロップロックほらホラ,0,0,🚧,ACT,0,0
1987-10-30,PCE,熱血高校ドッジボール部　PC番外編,0,0,🚧,SPT,0,0
1987-10-30,PCE,スプラッターハウス,0,0,🚧,ACT,0,0
1987-10-30,PCE,サイコチェイサー,0,0,🚧,SHT,0,0
1987-10-30,PCE,魔動王グランゾート,0,0,🚧,ACT,0,0
1987-10-30,PCE,パワードリフト,0,0,🚧,RCG,0,0
1987-10-30,PCE,ネクロスの要塞,0,0,🚧,RPG,0,0
1987-10-30,PCE,バルンバ,0,0,🚧,SHT,0,0
1987-10-30,PCE,フォーメーションサッカー ヒューマンカップ90,0,0,🚧,SPT,0,0
1987-10-30,PCE,青いブリンク,0,0,🚧,ACT,0,0
1987-10-30,PCE,マニアックプロレス (Vol.27),0,0,🚧,SPT,0,0
1987-10-30,PCE,ドンドコドン,0,0,🚧,ACT,0,0
1987-10-30,PCE,シンドバッド 地底の大魔宮,0,0,🚧,RPG,0,0
1987-10-30,PCE,ヴェイグス,0,0,🚧,ACT,0,0
1987-10-30,PCE,ダウンロード,0,0,🚧,SHT,0,0
1987-10-30,PCE,これがプロ野球'90,0,0,🚧,SPT,0,0
1987-10-30,PCE,ゼビウス ファードラウト伝説,0,0,🚧,SHT,0,0
1987-10-30,PCE,パズニック,0,0,🚧,PZL,0,0
1987-10-30,PCE,麻雀学園MILD 東間宗四郎登場,0,0,🚧,ETC,0,0
1987-10-30,PCE,CD-ROM2 SYSTEM Ver2.1,0,0,🚧,SYS,0,0
1987-10-30,PCE,スーパースターソルジャー (Vol.30),0,0,🚧,SHT,0,0
1987-10-30,PCE,ラスタンサーガII,0,0,🚧,ACT,0,0
1987-10-30,PCE,最後の忍道 NINJA SPIRIT (Vol.4),0,0,🚧,ACT,0,0
1987-10-30,PCE,超絶倫人ベラボーマン,0,0,🚧,ACT,0,0
1987-10-30,PCE,デビルクラッシュ,0,0,🚧,ETC,0,0
1987-10-30,PCE,桃太郎伝説ターボ (Vol.29),0,0,🚧,RPG,0,0
1987-10-30,PCE,イメージファイト (Vol.3),0,0,🚧,SHT,0,0
1987-10-30,PCE,ロードランナー 失われた迷宮 (ロストラビリンス),0,0,🚧,PZL,0,0
1987-10-30,PCE,ワールドビーチバレー,0,0,🚧,SPT,0,0
1987-10-30,PCE,大魔界村,0,0,🚧,ACT,0,0
1987-10-30,PCE,地獄めぐり,0,0,🚧,ACT,0,0
1987-10-30,PCE,ワルキューレの伝説,0,0,🚧,ACT,0,0
1987-10-30,PCE,クラックス,0,0,🚧,PZL,0,0
1987-10-30,PCE,パワーリーグIII (Vol.31),0,0,🚧,SPT,0,0
1987-10-30,PCE,将棋 初段一直線,0,0,🚧,ETC,0,0
1987-10-30,PCE,麻雀悟空スペシャル,0,0,🚧,ETC,0,0
1987-10-30,PCE,オペレーションウルフ,0,0,🚧,SHT,0,0
1987-10-30,PCE,はにい･おんざ･ろおど,0,0,🚧,ACT,0,0
1987-10-30,PCE,暗黒伝説,0,0,🚧,ACT,0,0
1987-10-30,PCE,F1サーカス,0,0,🚧,RCG,0,0
1987-10-30,PCE,関ヶ原,0,0,🚧,SLG,0,0
1987-10-30,PCE,ダライアスプラス,0,0,🚧,SHT,0,0
1987-10-30,PCE,桃太郎活劇 (Vol.32),0,0,🚧,ACT,0,0
1987-10-30,PCE,アフターバーナーII,0,0,🚧,SHT,0,0
1987-10-30,PCE,ゴモラスピード (Vol.2),0,0,🚧,ACT,0,0
1987-10-30,PCE,ダイハード,0,0,🚧,ACT,0,0
1987-10-30,PCE,ダブルリング,0,0,🚧,SHT,0,0
1987-10-30,PCE,ファイナルブラスター,0,0,🚧,SHT,0,0
1987-10-30,PCE,BATMAN,0,0,🚧,ACT,0,0
1987-10-30,PCE,サイバーナイト,0,0,🚧,RPG,0,0
1987-10-30,PCE,ラビオレプススペシャル,0,0,🚧,SHT,0,0
1987-10-30,PCE,琉球,0,0,🚧,PZL,0,0
1987-10-30,PCE,エアロブラスターズ (Vol.33),0,0,🚧,SHT,0,0
1987-10-30,PCE,カットビ宅配くん,0,0,🚧,SPT,0,0
1987-10-30,PCE,キックボール,0,0,🚧,SPT,0,0
1987-10-30,PCE,サンダーブレード,0,0,🚧,SHT,0,0
1987-10-30,PCE,バーニングエンジェル,0,0,🚧,SHT,0,0
1987-10-30,PCE,ボンバーマン (Vol.34),0,0,🚧,ACT,0,0
1987-10-30,PCE,メルヘンメイズ,0,0,🚧,ACT,0,0
1987-10-30,PCE,ZIPANG,0,0,🚧,PZL,0,0
1987-10-30,PCE,スピンペア,0,0,🚧,PZL,0,0
1987-10-30,PCE,チャンピオンレスラー,0,0,🚧,SPT,0,0
1987-10-30,PCE,トイショップボーイズ,0,0,🚧,SHT,0,0
1987-10-30,PCE,バイオレントソルジャー,0,0,🚧,SHT,0,0
1987-10-30,PCE,ワラビー!!,0,0,🚧,SPT,0,0
1987-10-30,PCE,大旋風,0,0,🚧,SHT,0,0
1987-10-30,PCE,不思議の夢のアリス,0,0,🚧,ACT,0,0
1987-10-30,PCE,アウトラン,0,0,🚧,RCG,0,0
1987-10-30,PCE,クロスワイバー,0,0,🚧,ACT,0,0
1987-10-30,PCE,天聖龍,0,0,🚧,SHT,0,0
1987-10-30,PCE,魔界プリンスどらぼっちゃん,0,0,🚧,ACT,0,0
1987-10-30,PCE,桃太郎伝説II (Vol.35),0,0,🚧,RPG,0,0
1987-10-30,PCE,オーバーライド,0,0,🚧,SHT,0,0
1987-10-30,PCE,カダッシュ,0,0,🚧,ARPG,0,0
1987-10-30,PCE,ジャッキーチェン (Vol.36),0,0,🚧,ACT,0,0
1987-10-30,PCE,S.C.I.,0,0,🚧,RCG,0,0
1987-10-30,PCE,パラソルスター,0,0,🚧,ACT,0,0
1987-10-30,PCE,オルディネス,0,0,🚧,SHT,0,0
1987-10-30,PCE,パズルボーイ,0,0,🚧,PZL,0,0
1987-10-30,PCE,デッドムーン,0,0,🚧,SHT,0,0
1987-10-30,PCE,ファイナルマッチテニス,0,0,🚧,SPT,0,0
1987-10-30,PCE,ゼロヨンチャンプ,0,0,🚧,RCG,0,0
1987-10-30,PCE,おぼっちゃまくん,0,0,🚧,ACT,0,0
1987-10-30,PCE,タイタン,0,0,🚧,PZL,0,0
1987-10-30,PCE,レジェンドオブヒーロートンマ (Vol.5),0,0,🚧,ACT,0,0
1987-10-30,PCE,プロ野球 ワールドスタジアム'91,0,0,🚧,SPT,0,0
1987-10-30,PCE,1943改,0,0,🚧,SHT,0,0
1987-10-30,PCE,TVスポーツ フットボール,0,0,🚧,SPT,0,0
1987-10-30,PCE,コラムス,0,0,🚧,PZL,0,0
1987-10-30,PCE,サイレントデバッガーズ,0,0,🚧,SHT,0,0
1987-10-30,PCE,モトローダーII,0,0,🚧,RCG,0,0
1987-10-30,PCE,ポピュラス (Vol.37),0,0,🚧,SLG,0,0
1987-10-30,PCE,サーカスライド,0,0,🚧,PZL,0,0
1987-10-30,PCE,エターナルシティ 都市転送計画,0,0,🚧,SHT,0,0
1987-10-30,PCE,アドベンチャーアイランド (Vol.38),0,0,🚧,ACT,0,0
1987-10-30,PCE,改造町人シュビビンマン2 ～新たなる敵～,0,0,🚧,ACT,0,0
1987-10-30,PCE,ハットリス,0,0,🚧,PZL,0,0
1987-10-30,PCE,パワーイレブン (Vol.39),0,0,🚧,SPT,0,0
1987-10-30,PCE,ファイナルソルジャー (Vol.40),0,0,🚧,SHT,0,0
1987-10-30,PCE,トリッキー,0,0,🚧,PZL,0,0
1987-10-30,PCE,F1サーカス'91,0,0,🚧,RCG,0,0
1987-10-30,PCE,PC原人2 (Vol.41),0,0,🚧,ACT,0,0
1987-10-30,PCE,レーシング魂 (Vol.6),0,0,🚧,RCG,0,0
1987-10-30,PCE,メタルストーカー,0,0,🚧,SHT,0,0
1987-10-30,PCE,スクウィーク,0,0,🚧,PZL,0,0
1987-10-30,PCE,はなたーかだか!?,0,0,🚧,SHT,0,0
1987-10-30,PCE,パワーリーグ4 (Vol.42),0,0,🚧,SPT,0,0
1987-10-30,PCE,1941 カウンターアタック,0,0,🚧,SHT,0,0
1987-10-30,PCE,パワーゲイト,0,0,🚧,SHT,0,0
1987-10-30,PCE,ファイヤープロレスリング 2nd BOUT,0,0,🚧,SPT,0,0
1987-10-30,PCE,天の声バンク,0,0,🚧,RAM,0,0
1987-10-30,PCE,ヒット ジ アイス,0,0,🚧,SPT,0,0
1987-10-30,PCE,ワールドジョッキー,0,0,🚧,SPT,0,0
1987-10-30,PCE,どらごんEGG!,0,0,🚧,ACT,0,0
1987-10-30,PCE,ニュートピアII (Vol.43),0,0,🚧,ARPG,0,0
1987-10-30,PCE,森田将棋PC,0,0,🚧,ETC,0,0
1987-10-30,PCE,メソポタミア,0,0,🚧,ACT,0,0
1987-10-30,PCE,ワールドサーキット,0,0,🚧,RCG,0,0
1987-10-30,PCE,スーパーシステムカード Ver3.0,0,0,🚧,SYS,0,0
1987-10-30,PCE,タイムクルーズⅡ,0,0,🚧,ETC,0,0
1987-10-30,PCE,グラディウス,0,0,🚧,SHT,0,0
1987-10-30,PCE,マジカルチェイス,0,0,🚧,SHT,0,0
1987-10-30,PCE,雷電 (Vol.44),0,0,🚧,SHT,0,0
1987-10-30,PCE,コリューン,0,0,🚧,SHT,0,0
1987-10-30,PCE,スーパーメタルクラッシャー,0,0,🚧,SLG,0,0
1987-10-30,PCE,ファイティングラン,0,0,🚧,ACT,0,0
1987-10-30,PCE,モンスタープロレス,0,0,🚧,SPT,0,0
1987-10-30,PCE,将棋 初心者無用,0,0,🚧,ETC,0,0
1987-10-30,PCE,ドラえもん のび太のドラビアンナイト (Vol.46),0,0,🚧,ACT,0,0
1987-10-30,PCE,バブルガムクラッシュ,0,0,🚧,ADV,0,0
1987-10-30,PCE,沙羅曼蛇,0,0,🚧,SHT,0,0
1987-10-30,PCE,ゲンジ通信あげだま,0,0,🚧,ACT,0,0
1987-10-30,PCE,スパイラルウェーブ,0,0,🚧,RPG,0,0
1987-10-30,PCE,にこにこぷん,0,0,🚧,ACT,0,0
1987-10-30,PCE,バリスティックス,0,0,🚧,SHT,0,0
1987-10-30,PCE,スーパー桃太郎電鉄Ⅱ (Vol.45),0,0,🚧,ETC,0,0
1987-10-30,PCE,ドラゴンセイバー,0,0,🚧,SHT,0,0
1987-10-30,PCE,冒険男爵ドン,0,0,🚧,SHT,0,0
1987-10-30,PCE,ちびまる子ちゃん クイズでピーヒャラ,0,0,🚧,ETC,0,0
1987-10-30,PCE,ミズバク大冒険,0,0,🚧,ACT,0,0
1987-10-30,PCE,忍者龍剣伝 (Vol.47),0,0,🚧,ACT,0,0
1987-10-30,PCE,NHK大河ドラマ 太平記,0,0,🚧,SLG,0,0
1987-10-30,PCE,サイバードッジ,0,0,🚧,SPT,0,0
1987-10-30,PCE,パロディウスだ! ～神話からお笑いへ～,0,0,🚧,SHT,0,0
1987-10-30,PCE,出たな!! ツインビー,0,0,🚧,SHT,0,0
1987-10-30,PCE,麻雀覇王伝 カイザーズクエスト,0,0,🚧,ETC,0,0
1987-10-30,PCE,トイレキッズ,0,0,🚧,SHT,0,0
1987-10-30,PCE,パチ夫君 十番勝負,0,0,🚧,ETC,0,0
1987-10-30,PCE,極楽! 中華大仙,0,0,🚧,SHT,0,0
1987-10-30,PCE,熱血高校ドッジボール部　PCサッカー編,0,0,🚧,SPT,0,0
1987-10-30,PCE,源平討魔伝 巻の弐,0,0,🚧,ACT,0,0
1987-10-30,PCE,ドルアーガの塔,0,0,🚧,ACT,0,0
1987-10-30,PCE,高橋名人の新冒険島 (Vol.49),0,0,🚧,ACT,0,0
1987-10-30,PCE,ソルジャーブレイド (Vol.50),0,0,🚧,SHT,0,0
1987-10-30,PCE,TATSUJIN タツジン,0,0,🚧,SHT,0,0
1987-10-30,PCE,ストラテゴ,0,0,🚧,ETC,0,0
1987-10-30,PCE,パワーリーグ5 (Vol.51),0,0,🚧,SPT,0,0
1987-10-30,PCE,炎の闘球児 ドッジ弾平 (Vol.52),0,0,🚧,SPT,0,0
1987-10-30,PCE,激写ボーイ (Vol.7),0,0,🚧,ACT,0,0
1987-10-30,PCE,パワースポーツ (Vol.53),0,0,🚧,SPT,0,0
1987-10-30,PCE,ファイアープロレスリング3 レジェンドバウト,0,0,🚧,SPT,0,0
1987-10-30,PCE,PC電人 (Vol.54),0,0,🚧,SHT,0,0
1987-10-30,PCE,テラクレスタII マンドラーの逆襲,0,0,🚧,SHT,0,0
1987-10-30,PCE,桃太郎伝説外伝 第一集 (Vol.55),0,0,🚧,RPG,0,0
1987-10-30,PCE,ボンバーマン'93 (Vol.56),0,0,🚧,ACT,0,0
1987-10-30,PCE,F1サーカス'92,0,0,🚧,RCG,0,0
1987-10-30,PCE,バトルロードランナー (Vol.57),0,0,🚧,PZL,0,0
1987-10-30,PCE,つっぱり大相撲 平成版,0,0,🚧,SPT,0,0
1987-10-30,PCE,PC原人3 (Vol.58),0,0,🚧,ACT,0,0
1987-10-30,PCE,TVスポーツ アイスホッケー,0,0,🚧,SPT,0,0
1987-10-30,PCE,TVスポーツ バスケットボール,0,0,🚧,SPT,0,0
1987-10-30,PCE,Jリーグ グレイテストイレブン,0,0,🚧,SPT,0,0
1987-10-30,PCE,ストリートファイターII’,0,0,🚧,ACT,0,0
1987-10-30,PCE,パワーテニス (Vol.59),0,0,🚧,SPT,0,0
1987-10-30,PCE,パワーリーグ'93 (Vol.60),0,0,🚧,SPT,0,0
1987-10-30,PCE,ボンバーマン'94 (Vol.61),0,0,🚧,ACT,0,0
1987-10-30,PCE,フォーメーションサッカー　オン　Jリーグ,0,0,🚧,SPT,0,0
1987-10-30,PCE,アーケードカードＤＵＯ,0,0,🚧,RAM,0,0
1987-10-30,PCE,アーケードカードＰＲＯ,0,0,🚧,RAM,0,0
1987-10-30,PCE,21エモン めざせホテル王,0,0,🚧,ETC,0,0
1987-10-30,PCE,パワーリーグ オールスターゴールドヒューカード,0,0,🚧,SPT,0,0
1987-10-30,PCE,ガンヘッド スペシャルバージョン,0,0,🚧,SHT,0,0
1987-10-30,PCE,ダライアスα,0,0,🚧,SHT,0,0
1987-10-30,PCE,ボンバーマン ユーザーズバトル,0,0,🚧,ACT,0,0
1987-10-30,PCE,スーパースターソルジャー スペシャルバージョン,0,0,🚧,SHT,0,0
1987-10-30,PCE,ファイナルソルジャー スペシャルバージョン,0,0,🚧,SHT,0,0
1987-10-30,PCE,ソルジャーブレイド スペシャルバージョン,0,0,🚧,SHT,0,0
1987-10-30,PCE,ボンバーマン'93 スペシャルバージョン,0,0,🚧,ACT,0,0
1987-10-30,PCE,PC原人3　体験版,0,0,🚧,ACT,0,0
1987-10-30,PCE,アイドル花札ファンクラブ,0,0,🚧,ETC,0,0
1987-10-30,PCE,究極麻雀 アイドルグラフィック,0,0,🚧,ETC,0,0
1987-10-30,PCE,レディソード　-略奪された10人の乙女-,0,0,🚧,RPG,0,0
1987-10-30,PCE,PCパチスロアイドルギャンブラー,0,0,🚧,ETC,0,0
1987-10-30,PCE,AVポーカー ワールドギャンブラー,0,0,🚧,ETC,0,0
1987-10-30,PCE,ボディコンクエストII,0,0,🚧,RPG,0,0
1987-10-30,PCE,究極麻雀2 スーパーアイドルグラフィック,0,0,🚧,ETC,0,0
1987-10-30,PCE,HACKER CD CARD　ＧＡＭＥＳ ＥＸＰＲＥＳＳ ＣＤ ＣＡＲＤ １９９３,0,0,🚧,ETC,0,0
1987-10-30,PCE,ストリップファイターII,0,0,🚧,ACT,0,0
1987-10-30,PCE,クイズ投稿写真,0,0,🚧,ETC,0,0
2001-09-14,NGC,キング・オブ・ファイターズR-1,0,0,🚧,ACT,0,0
2001-09-14,NGC,ネオジオカップ　'98,0,0,🚧,SPT,0,0
2001-09-14,NGC,ポケットテニス,0,0,🚧,SPT,0,0
2001-09-14,NGC,めろんちゃんの成長日記,0,0,🚧,SLG,0,0
2001-09-14,NGC,連結パズル　つなげてポンッ！,0,0,🚧,PZL,0,0
2001-09-14,NGC,将棋の達人,0,0,🚧,TBL,0,0
2001-09-14,NGC,ベースボールスターズ,0,0,🚧,SPT,0,0
2001-09-14,NGC,サムライスピリッツ！,0,0,🚧,ACT,0,0
2001-09-14,NGC,ネオ・チェリーマスター,0,0,🚧,TBL,0,0
2001-09-14,NGC,通信４人打ち　どこでも麻雀,0,0,🚧,TBL,0,0
2001-09-14,NGC,キング・オブ・ファイターズR-2,0,0,🚧,ACT,0,0
2001-09-14,NGC,ネオ・チェリーマスター　カラー,0,0,🚧,TBL,0,0
2001-09-14,NGC,ネオ・ドラゴンズワイルド,0,0,🚧,TBL,0,0
2001-09-14,NGC,ネオ・ミステリーボーナス,0,0,🚧,TBL,0,0
2001-09-14,NGC,ベースボールスターズ　カラー,0,0,🚧,SPT,0,0
2001-09-14,NGC,ポケットテニス　カラー,0,0,🚧,SPT,0,0
2001-09-14,NGC,将棋の達人　カラー,0,0,🚧,TBL,0,0
2001-09-14,NGC,連結パズル　つなげてポンッ！　カラー,0,0,🚧,PZL,0,0
2001-09-14,NGC,パズルボブル　ミニ,0,0,🚧,PZL,0,0
2001-09-14,NGC,クラッシュローラー,0,0,🚧,ACT,0,0
2001-09-14,NGC,ネオジオカップ　'98　プラス,0,0,🚧,SPT,0,0
2001-09-14,NGC,バイオモーター　ユニトロン,0,0,🚧,RPG,0,0
2001-09-14,NGC,ネオ・ダービーチャンプ　大予想,0,0,🚧,TBL,0,0
2001-09-14,NGC,どこでも麻雀,0,0,🚧,TBL,0,0
2001-09-14,NGC,ネオポケ　プロ野球,0,0,🚧,SPT,0,0
2001-09-14,NGC,メタルスラッグ　ファーストミッション,0,0,🚧,SHT,0,0
2001-09-14,NGC,餓狼伝説　ファーストコンタクト,0,0,🚧,ACT,0,0
2001-09-14,NGC,サムライスピリッツ！　２,0,0,🚧,ACT,0,0
2001-09-14,NGC,マジカルドロップ　ポケット,0,0,🚧,PZL,0,0
2001-09-14,NGC,ぷよぷよ通,0,0,🚧,PZL,0,0
2001-09-14,NGC,ビッグトーナメントゴルフ,0,0,🚧,SPT,0,0
2001-09-14,NGC,上海ミニ,0,0,🚧,PZL,0,0
2001-09-14,NGC,ダイヴアラート　バーン編,0,0,🚧,SLG,0,0
2001-09-14,NGC,ダイヴアラート　レベッカ編,0,0,🚧,SLG,0,0
2001-09-14,NGC,パックマン,0,0,🚧,ACT,0,0
2001-09-14,NGC,SNK VS. CAPCOM　激突カードファイターズ  CAPCOMサポーターズバージョン,0,0,🚧,ETC,0,0
2001-09-14,NGC,SNK VS. CAPCOM　激突カードファイターズ  SNKサポーターズバージョン,0,0,🚧,ETC,0,0
2001-09-14,NGC,パチスロ　アルゼ王国ポケット　ハナビ,0,0,🚧,TBL,0,0
2001-09-14,NGC,ビーストバスター　～闇の生体兵器～,0,0,🚧,RPG,0,0
2001-09-14,NGC,ポケットラブ　～ｉｆ～,0,0,🚧,SLG,0,0
2001-09-14,NGC,電車でGO！ 2　ON　ネオジオポケット,0,0,🚧,SLG,0,0
2001-09-14,NGC,つなげてポンッ！　２,0,0,🚧,PZL,0,0
2001-09-14,NGC,パチンコ必勝ガイド　ポケットパーラー,0,0,🚧,TBL,0,0
2001-09-14,NGC,それいけ！！　花札道場,0,0,🚧,TBL,0,0
2001-09-14,NGC,頂上決戦　最強ファイターズ SNK VS. CAPCOM,0,0,🚧,ACT,0,0
2001-09-14,NGC,パーティメール,0,0,🚧,ETC,0,0
2001-09-14,NGC,ファーゼライ！,0,0,🚧,SLG,0,0
2001-09-14,NGC,ネオ・トゥエンティワン,0,0,🚧,TBL,0,0
2001-09-14,NGC,水木しげるの妖怪写真館,0,0,🚧,RPG,0,0
2001-09-14,NGC,SNK GAL'S FIGHTERS,0,0,🚧,ACT,0,0
2001-09-14,NGC,めざせ！　漢字王,0,0,🚧,ETC,0,0
2001-09-14,NGC,機甲世紀ユニトロン,0,0,🚧,RPG,0,0
2001-09-14,NGC,ポケットリバーシ,0,0,🚧,TBL,0,0
2001-09-14,NGC,神機世界エヴァリューション　はてしないダンジョン,0,0,🚧,RPG,0,0
2001-09-14,NGC,パチスロ アルゼ王国ポケット　アステカ,0,0,🚧,TBL,0,0
2001-09-14,NGC,クルーボーダーズ　ポケット,0,0,🚧,SPT,0,0
2001-09-14,NGC,コイコイ麻雀,0,0,🚧,TBL,0,0
2001-09-14,NGC,メタルスラッグ　セカンドミッション,0,0,🚧,SHT,0,0
2001-09-14,NGC,パチスロ アルゼ王国ポケット　ワードオブライツ,0,0,🚧,TBL,0,0
2001-09-14,NGC,ビックリマン2000　ビバ！ポケットフェスチバァ,0,0,🚧,ETC,0,0
2001-09-14,NGC,幕末浪漫　特別編　月華の剣士　月に咲く花、散りゆく華,0,0,🚧,ACT,0,0
2001-09-14,NGC,コットン,0,0,🚧,SHT,0,0
2001-09-14,NGC,おえかきパズル,0,0,🚧,PZL,0,0
2001-09-14,NGC,メモリーズオフ・ピュア,0,0,🚧,ADV,0,0
2001-09-14,NGC,ソニック・ザ・ヘッジホッグ　ポケットアドベンチャー,0,0,🚧,ACT,0,0
2001-09-14,NGC,ダイナマイトスラッガー,0,0,🚧,SPT,0,0
2001-09-14,NGC,がんばれねおぽけくん（仮）,0,0,🚧,ETC,0,0
2001-09-14,NGC,伝説のオウガバトル外伝　ゼノビアの皇子,0,0,🚧,SLG,0,0
2001-09-14,NGC,ネオ・バカラ,0,0,🚧,TBL,0,0
2001-09-14,NGC,THE KING OF FIGHTERS　バトルDEパラダイス,0,0,🚧,ETC,0,0
2001-09-14,NGC,パチスロ・アルゼ王国ポケット　ポルカノ２,0,0,🚧,TBL,0,0
2001-09-14,NGC,ロックマン　バトル＆ファイターズ,0,0,🚧,ACT,0,0
2001-09-14,NGC,クルクルジャム,0,0,🚧,ACT,0,0
2001-09-14,NGC,デルタワープ,0,0,🚧,PZL,0,0
2001-09-14,NGC,パチスロ アルゼ王国ポケット　デルソル２,0,0,🚧,TBL,0,0
2001-09-14,NGC,インフィニティ・キュア,0,0,🚧,ADV,0,0
2001-09-14,NGC,にげロンパ,0,0,🚧,RPG,0,0
2001-09-14,NGC,ビッグバンプロレス,0,0,🚧,SPT,0,0
2001-09-14,NGC,パチスロ アルゼ王国ポケット　大花火,0,0,🚧,TBL,0,0
2001-09-14,NGC,パチスロ アルゼ王国ポケット　DH２,0,0,🚧,TBL,0,0
2001-09-14,NGC,スーパーリアル麻雀プレミアムコレクション,0,0,🚧,TBL,0,0
2001-09-14,NGC,パチスロ アルゼ王国ポケット　ｅ－ＣＵＰ,0,0,🚧,TBL,0,0
2001-09-14,NGC,SNK VS. CAPCOM カードファイターズ2 EXPAND EDITION,0,0,🚧,ETC,0,0
1983-07-15,NES,ゴルフ,0,0,🚧,SPT,0,0
1983-07-15,NES,サッカー,0,0,🚧,SPT,0,0
1983-07-15,NES,スーパーマリオブラザーズ,0,0,🚧,ACT,0,0
1983-07-15,NES,ゼルダの伝説,0,0,🚧,ARPG,0,0
1983-07-15,NES,テニス,0,0,🚧,SPT,0,0
1983-07-15,NES,ベースボール,0,0,🚧,SPT,0,0
1983-07-15,NES,麻雀　（二人用）,0,0,🚧,TBL,0,0
1983-07-15,NES,謎の村雨城,0,0,🚧,ACT,0,0
1983-07-15,NES,スーパーマリオブラザーズ２,0,0,🚧,ACT,0,0
1983-07-15,NES,バレーボール,0,0,🚧,SPT,0,0
1983-07-15,NES,涙の倉庫番スペシャル,0,0,🚧,PZL,0,0
1983-07-15,NES,メトロイド,0,0,🚧,ACT,0,0
1983-07-15,NES,アイアムアティーチャー　スーパーマリオのセーター,0,0,🚧,ETC,0,0
1983-07-15,NES,子猫物語,0,0,🚧,ACT,0,0
1983-07-15,NES,アイアムアティーチャー　手あみのきそ,0,0,🚧,ETC,0,0
1983-07-15,NES,悪魔城ドラキュラ,0,0,🚧,ACT,0,0
1983-07-15,NES,Othello（オセロ）,0,0,🚧,TBL,0,0
1983-07-15,NES,プロレス,0,0,🚧,SPT,0,0
1983-07-15,NES,銀河伝承　galaxy odyssey,0,0,🚧,ARPG,0,0
1983-07-15,NES,ガルフォース,0,0,🚧,SHT,0,0
1983-07-15,NES,デット・ゾーン,0,0,🚧,ADV,0,0
1983-07-15,NES,もえろツインビー　シナモン博士を救え,0,0,🚧,SHT,0,0
1983-07-15,NES,きね子,0,0,🚧,PZL,0,0
1983-07-15,NES,ザナック,0,0,🚧,SHT,0,0
1983-07-15,NES,知能ゲームシリーズ　アディアンの杖,0,0,🚧,ETC,0,0
1983-07-15,NES,謎の壁　ブロックくずし,0,0,🚧,TBL,0,0
1983-07-15,NES,水晶の龍,0,0,🚧,ADV,0,0
1983-07-15,NES,ブリーダー,0,0,🚧,ACT,0,0
1983-07-15,NES,ナイト・ロアー　魔城の狼男,0,0,🚧,ACT,0,0
1983-07-15,NES,光神話　パルテナの鏡,0,0,🚧,ACT,0,0
1983-07-15,NES,魔洞戦記 ディープダンジョン,0,0,🚧,RPG,0,0
1983-07-15,NES,消えたプリンセス,0,0,🚧,ADV,0,0
1983-07-15,NES,プロフェッショナル麻雀　悟空,0,0,🚧,TBL,0,0
1983-07-15,NES,エレクトシャン,0,0,🚧,ACT,0,0
1983-07-15,NES,リンクの冒険,0,0,🚧,ARPG,0,0
1983-07-15,NES,ウルトラマン　怪獣帝国の逆襲,0,0,🚧,ACT,0,0
1983-07-15,NES,エッガーランド,0,0,🚧,PZL,0,0
1983-07-15,NES,ナゾラーランド増刊号,0,0,🚧,ETC,0,0
1983-07-15,NES,きね子２,0,0,🚧,PZL,0,0
1983-07-15,NES,エスパードリーム,0,0,🚧,ARPG,0,0
1983-07-15,NES,ゴルフJAPANコース,0,0,🚧,SPT,0,0
1983-07-15,NES,メルヘンヴェール,0,0,🚧,ARPG,0,0
1983-07-15,NES,スーパーロードランナー,0,0,🚧,PZL,0,0
1983-07-15,NES,とびだせ大作戦,0,0,🚧,ACT,0,0
1983-07-15,NES,ウインターゲームズ,0,0,🚧,SPT,0,0
1983-07-15,NES,オトッキー,0,0,🚧,SHT,0,0
1983-07-15,NES,知能ゲームシリーズ２　スーパーボーイアラン,0,0,🚧,ETC,0,0
1983-07-15,NES,知能ゲームシリーズ３　地底大陸オルドーラ,0,0,🚧,ETC,0,0
1983-07-15,NES,ダーティペア  プロジェクトエデン,0,0,🚧,ACT,0,0
1983-07-15,NES,アップルタウン物語 little computer people,0,0,🚧,SLG,0,0
1983-07-15,NES,グリーンベレー,0,0,🚧,SHT,0,0
1983-07-15,NES,ココナワールド,0,0,🚧,ACT,0,0
1983-07-15,NES,レリクス  暗黒要塞,0,0,🚧,ACT,0,0
1983-07-15,NES,風雲少林拳,0,0,🚧,ACT,0,0
1983-07-15,NES,愛戦士ニコル,0,0,🚧,ARPG,0,0
1983-07-15,NES,探偵 神宮寺 三郎  新宿中央公園殺人事件,0,0,🚧,ADV,0,0
1983-07-15,NES,キン肉マン　キン肉星王位争奪戦,0,0,🚧,ACT,0,0
1983-07-15,NES,ハオ君の不思議な旅,0,0,🚧,ACT,0,0
1983-07-15,NES,聖剣サイコカリバー  魔獣の森伝説,0,0,🚧,ARPG,0,0
1983-07-15,NES,セクションZ,0,0,🚧,SHT,0,0
1983-07-15,NES,プロゴルファー猿  影のトーナメント,0,0,🚧,SPT,0,0
1983-07-15,NES,スマッシュピンポン,0,0,🚧,SPT,0,0
1983-07-15,NES,迷宮寺院ダババ,0,0,🚧,PZL,0,0
1983-07-15,NES,勇士の紋章  ディープダンジョン,0,0,🚧,RPG,0,0
1983-07-15,NES,リフレクトワールド,0,0,🚧,S-RPG,0,0
1983-07-15,NES,ナゾラーランド第２号,0,0,🚧,ETC,0,0
1983-07-15,NES,ゴルフUSコース,0,0,🚧,SPT,0,0
1983-07-15,NES,ドクター・カオス　地獄の扉,0,0,🚧,ACT,0,0
1983-07-15,NES,マイケルEnglish大冒険,0,0,🚧,ETC,0,0
1983-07-15,NES,エキサイティングビリヤード,0,0,🚧,SPT,0,0
1983-07-15,NES,磁界少年メットマグ  ＤＯＧからの挑戦状,0,0,🚧,PZL,0,0
1983-07-15,NES,夢工場ドキドキパニック,0,0,🚧,ACT,0,0
1983-07-15,NES,エキサイティングバスケット,0,0,🚧,SPT,0,0
1983-07-15,NES,クレオパトラの魔宝,0,0,🚧,RPG,0,0
1983-07-15,NES,タイタニックミステリー　蒼の戦慄,0,0,🚧,ADV,0,0
1983-07-15,NES,モンティのドキドキ大脱走,0,0,🚧,ACT,0,0
1983-07-15,NES,スーパーロードランナーⅡ,0,0,🚧,PZL,0,0
1983-07-15,NES,麻雀家族,0,0,🚧,TBL,0,0
1983-07-15,NES,アルマナの奇跡,0,0,🚧,ACT,0,0
1983-07-15,NES,囲碁九路盤対局,0,0,🚧,TBL,0,0
1983-07-15,NES,ドラキュラⅡ　呪いの封印,0,0,🚧,ACT,0,0
1983-07-15,NES,トランスフォーマー　ザ・ヘッドマスターズ,0,0,🚧,ACT,0,0
1983-07-15,NES,奇々怪界　怒涛編,0,0,🚧,ACT,0,0
1983-07-15,NES,ふぁみこんむかし話  新・鬼ヶ島　（前編）,0,0,🚧,ADV,0,0
1983-07-15,NES,ふぁみこんむかし話  新・鬼ヶ島　（後編）,0,0,🚧,ADV,0,0
1983-07-15,NES,カリーンの剣,0,0,🚧,ARPG,0,0
1983-07-15,NES,パルサーの光,0,0,🚧,SHT,0,0
1983-07-15,NES,トップルジップ,0,0,🚧,SHT,0,0
1983-07-15,NES,ファルシオン,0,0,🚧,SHT,0,0
1983-07-15,NES,妖怪屋敷,0,0,🚧,ACT,0,0
1983-07-15,NES,バブルボブル,0,0,🚧,ACT,0,0
1983-07-15,NES,ファミコングランプリ　F1レース,0,0,🚧,RCG,0,0
1983-07-15,NES,ファミリーコンポーザー,0,0,🚧,ETC,0,0
1983-07-15,NES,谷川浩司の将棋指南Ⅱ  名人への道,0,0,🚧,TBL,0,0
1983-07-15,NES,キックチャレンジャー エアフット 野菜の国の足戦士,0,0,🚧,ACT,0,0
1983-07-15,NES,SDガンダムワールド  ガチャポン戦士スクランブルウォーズ,0,0,🚧,SLG,0,0
1983-07-15,NES,アイドルホットライン　中山美穂のトキメキハイスクール,0,0,🚧,ADV,0,0
1983-07-15,NES,サンタクロースの宝箱,0,0,🚧,ETC,0,0
1983-07-15,NES,ドレミッコ,0,0,🚧,ETC,0,0
1983-07-15,NES,エキサイティングベースボール,0,0,🚧,SPT,0,0
1983-07-15,NES,極楽遊戯　（げーむてんごく）,0,0,🚧,ETC,0,0
1983-07-15,NES,ウルトラマン２　出撃科特隊,0,0,🚧,ACT,0,0
1983-07-15,NES,ナゾラーランドスペシャル  クイズ王を探せ,0,0,🚧,ETC,0,0
1983-07-15,NES,SDガンダムワールド  ガチャポン戦士スクランブルウォーズ,0,0,🚧,SLG,0,0
1983-07-15,NES,アイスホッケー,0,0,🚧,SPT,0,0
1983-07-15,NES,ガンスモーク,0,0,🚧,SHT,0,0
1983-07-15,NES,ファイヤーバム,0,0,🚧,ARPG,0,0
1983-07-15,NES,エキサイティングサッカー,0,0,🚧,SPT,0,0
1983-07-15,NES,レプリカート,0,0,🚧,ACT,0,0
1983-07-15,NES,ドルイド　恐怖の扉,0,0,🚧,ACT,0,0
1983-07-15,NES,１９（ヌイーゼン）,0,0,🚧,SHT,0,0
1983-07-15,NES,ツインビー,0,0,🚧,SHT,0,0
1983-07-15,NES,ナゾラーランド第３号,0,0,🚧,ETC,0,0
1983-07-15,NES,おもいっきり探偵団　覇悪怒組  魔天郎の挑戦状,0,0,🚧,ACT,0,0
1983-07-15,NES,ワードナの森,0,0,🚧,ACT,0,0
1983-07-15,NES,アスピック(ASPIC)　魔蛇王の呪い,0,0,🚧,ARPG,0,0
1983-07-15,NES,ドンキーコング,0,0,🚧,ACT,0,0
1983-07-15,NES,３Dホットラリー  ファミコングランプリⅡ,0,0,🚧,RCG,0,0
1983-07-15,NES,仮面ライダー　BLACK  対決シャドームーン,0,0,🚧,ACT,0,0
1983-07-15,NES,バイオミラクルぼくってウパ,0,0,🚧,ACT,0,0
1983-07-15,NES,風雲少林拳　暗黒の魔王,0,0,🚧,ACT,0,0
1983-07-15,NES,ファミコン探偵倶楽部　消えた後継者　（前編）,0,0,🚧,ADV,0,0
1983-07-15,NES,ファイナルコマンドー　赤い要塞,0,0,🚧,SHT,0,0
1983-07-15,NES,グーニーズ,0,0,🚧,ACT,0,0
1983-07-15,NES,ファミコン探偵倶楽部　消えた後継者　（後編）,0,0,🚧,ADV,0,0
1983-07-15,NES,ファイヤーロック,0,0,🚧,ACT,0,0
1983-07-15,NES,リサの妖精伝説,0,0,🚧,ADV,0,0
1983-07-15,NES,ムーンボールマジック,0,0,🚧,ETC,0,0
1983-07-15,NES,亜空戦記ライジン,0,0,🚧,A-SHT,0,0
1983-07-15,NES,遠山の金さん　すぺえす帆　Mr．GOLD,0,0,🚧,ADV,0,0
1983-07-15,NES,ドンキーコングJr,0,0,🚧,ACT,0,0
1983-07-15,NES,カラテ　チャンプ（KARATE　CHAMP）,0,0,🚧,ACT,0,0
1983-07-15,NES,コナミックアイスホッケー,0,0,🚧,SPT,0,0
1983-07-15,NES,らじかるぼんばー  地雷くん,0,0,🚧,ETC,0,0
1983-07-15,NES,爆闘士パットンくん,0,0,🚧,ACT,0,0
1983-07-15,NES,シルヴィアーナ　愛いっぱいの冒険者,0,0,🚧,RPG,0,0
1983-07-15,NES,谷川浩司の将棋指南Ⅱ　新版  つめ将棋次の一手,0,0,🚧,TBL,0,0
1983-07-15,NES,ビッグチャレンジ！柔道選手権,0,0,🚧,SPT,0,0
1983-07-15,NES,コナミックテニス,0,0,🚧,SPT,0,0
1983-07-15,NES,エッガーランド　創造への旅立ち,0,0,🚧,PZL,0,0
1983-07-15,NES,魔塔の崩壊,0,0,🚧,ACT,0,0
1983-07-15,NES,キック＆ラン,0,0,🚧,SPT,0,0
1983-07-15,NES,パチコン,0,0,🚧,ETC,0,0
1983-07-15,NES,ダンディー　ゼウオンの復活,0,0,🚧,RPG,0,0
1983-07-15,NES,ビッグチャレンジ！ドッグファイトスピリッツ,0,0,🚧,SHT,0,0
1983-07-15,NES,ウルトラマン倶楽部　地球奪還作戦,0,0,🚧,RPG,0,0
1983-07-15,NES,遊メイズ,0,0,🚧,ETC,0,0
1983-07-15,NES,サムライソード,0,0,🚧,ADV,0,0
1983-07-15,NES,アイスクライマー,0,0,🚧,ACT,0,0
1983-07-15,NES,ジャイラス,0,0,🚧,SHT,0,0
1983-07-15,NES,パチンコGP（グランプリ）,0,0,🚧,ETC,0,0
1983-07-15,NES,じゃあまん探偵団魔隣組　丸秘ジゴマ捜査ファイル,0,0,🚧,ADV,0,0
1983-07-15,NES,帰ってきたマリオブラザーズ,0,0,🚧,ACT,0,0
1983-07-15,NES,VSエキサイトバイク,0,0,🚧,RCG,0,0
1983-07-15,NES,なんきんのアドベンチャー,0,0,🚧,ADV,0,0
1983-07-15,NES,探偵神宮寺三郎　危険な二人　（前編）,0,0,🚧,ADV,0,0
1983-07-15,NES,タロット占い,0,0,🚧,ETC,0,0
1983-07-15,NES,ハレーウォーズ,0,0,🚧,SHT,0,0
1983-07-15,NES,機動警察パトレイバー　第２小隊出動せよ！,0,0,🚧,ACT,0,0
1983-07-15,NES,レッキングクルー,0,0,🚧,ACT,0,0
1983-07-15,NES,探偵神宮寺三郎　危険な二人　（後編）,0,0,🚧,ADV,0,0
1983-07-15,NES,ロジャーラビット,0,0,🚧,PZL,0,0
1983-07-15,NES,タマ＆フレンズ　３丁目大冒険,0,0,🚧,ACT,0,0
1983-07-15,NES,SDガンダムワールド ガチャポン戦士スクランブルウォーズ  マップコレクション,0,0,🚧,SLG,0,0
1983-07-15,NES,光GENJIローラーパニック,0,0,🚧,ADV,0,0
1983-07-15,NES,ビッグチャレンジ！ガンファイター,0,0,🚧,SHT,0,0
1983-07-15,NES,フェアリーテイル,0,0,🚧,RPG,0,0
1983-07-15,NES,パット・パット・ゴルフ,0,0,🚧,SPT,0,0
1983-07-15,NES,ファミコン探偵倶楽部Ⅱ　うしろに立つ少女　（前編）,0,0,🚧,ADV,0,0
1983-07-15,NES,ピンボール,0,0,🚧,ETC,0,0
1983-07-15,NES,ビッグチャレンジ！GOGOボーリング,0,0,🚧,SPT,0,0
1983-07-15,NES,ファミコン探偵倶楽部Ⅱ　うしろに立つ少女　（後編）,0,0,🚧,ADV,0,0
1983-07-15,NES,マグマプロジェクトハッカー,0,0,🚧,RPG,0,0
1983-07-15,NES,バーガータイム,0,0,🚧,ACT,0,0
1983-07-15,NES,遊遊記　ふぁみこんむかし話　（前編）,0,0,🚧,ADV,0,0
1983-07-15,NES,かっとび！童児,0,0,🚧,SPT,0,0
1983-07-15,NES,遊遊記　ふぁみこんむかし話　（後編）,0,0,🚧,ADV,0,0
1983-07-15,NES,LUTTER　（リュッター）,0,0,🚧,ARPG,0,0
1983-07-15,NES,香港,0,0,🚧,TBL,0,0
1983-07-15,NES,ボンバーマン,0,0,🚧,ACT,0,0
1983-07-15,NES,ゼビウス,0,0,🚧,SHT,0,0
1983-07-15,NES,パックマン,0,0,🚧,ACT,0,0
1983-07-15,NES,ナイトムーブ,0,0,🚧,PZL,0,0
1983-07-15,NES,ギャラガ,0,0,🚧,SHT,0,0
1983-07-15,NES,ギャラクシアン,0,0,🚧,SHT,0,0
1983-07-15,NES,ディグダグ,0,0,🚧,ACT,0,0
1983-07-15,NES,ディグダグⅡ,0,0,🚧,ACT,0,0
1983-07-15,NES,バックギャモン,0,0,🚧,PZL,0,0
1983-07-15,NES,パニックスペース,0,0,🚧,PZL,0,0
1983-07-15,NES,パズルボーイズ,0,0,🚧,PZL,0,0
1983-07-15,NES,石道　(isido),0,0,🚧,PZL,0,0
1983-07-15,NES,ソロモンの鍵,0,0,🚧,PZL,0,0
1983-07-15,NES,オール１  ファミマガDisk Vol.3,0,0,🚧,PZL,0,0
1983-07-15,NES,クロックス,0,0,🚧,PZL,0,0
1983-07-15,NES,タイムツイスト　（前編）,0,0,🚧,ADV,0,0
1983-07-15,NES,タイムツイスト　（後編）,0,0,🚧,ADV,0,0
1983-07-15,NES,ぷよぷよ,0,0,🚧,PZL,0,0
1983-07-15,NES,クルクルランド,0,0,🚧,PZL,0,0
1983-07-15,NES,じゃんけんディスク城,0,0,🚧,PZL,0,0
1983-07-15,NES,オールナイトニッポン　スーパーマリオブラザーズ,0,0,🚧,ACT,0,0
1983-07-15,NES,ゼルダの伝説　チャルメラバージョン,0,0,🚧,ARPG,0,0
1983-07-15,NES,ゴルフUSコース,0,0,🚧,SPT,0,0
1983-07-15,NES,ゴルフJAPANコース　入賞,0,0,🚧,SPT,0,0
1983-07-15,NES,惑星アトン外伝,0,0,🚧,SHT,0,0
1983-07-15,NES,開発用ディスク（織田信長） V.0,0,0,🚧,???,0,0
1983-07-15,NES,FMCカードチェッカー,0,0,🚧,ETC,0,0
1983-07-15,NES,ＴＨＥ ＧＯＬＦ 美少女ゴルフクラシック,0,0,🚧,SPT,0,0
1983-07-15,NES,エミちゃんの燃えろ野球拳,0,0,🚧,TBL,0,0
1983-07-15,NES,カインドゥギャルズ,0,0,🚧,ADV,0,0
1983-07-15,NES,カジノでＰＩＮＫ,0,0,🚧,TBL,0,0
1983-07-15,NES,ギャルズダンジョン 野球拳パートⅡ,0,0,🚧,ACT,0,0
1983-07-15,NES,クイズ雑学オリンピック わたなべわたる編,0,0,🚧,???,0,0
1983-07-15,NES,クイズ雑学オリンピック パートⅡ,0,0,🚧,???,0,0
1983-07-15,NES,ゲームの達人 マネーウォーズ,0,0,🚧,SLG,0,0
1983-07-15,NES,コミック作家シルーズ#1 闘魔戦記 魔少女学園イーヴル,0,0,🚧,SHT,0,0
1983-07-15,NES,コミック作家シルーズ#2 闘魔戦記 マーメイドの逆襲,0,0,🚧,SHT,0,0
1983-07-15,NES,コミック作家シルーズ#3 闘魔戦記 龍神先生危機一髪,0,0,🚧,SHT,0,0
1983-07-15,NES,コミック作家シルーズ#4 闘魔戦記 天空龍魔王復活,0,0,🚧,TBL,0,0
1983-07-15,NES,コミック作家シルーズ#5 闘魔戦記 妖獣ルドの挑戦,0,0,🚧,TBL,0,0
1983-07-15,NES,セクシーインベーダー,0,0,🚧,SHT,0,0
1983-07-15,NES,セクシー野球拳アドベンチャーⅡ,0,0,🚧,???,0,0
1983-07-15,NES,フルーツ麻雀1,0,0,🚧,TBL,0,0
1983-07-15,NES,フルーツ麻雀2,0,0,🚧,TBL,0,0
1983-07-15,NES,フルーツ麻雀3,0,0,🚧,TBL,0,0
1983-07-15,NES,フルーツ麻雀4,0,0,🚧,TBL,0,0
1983-07-15,NES,ボディコンクエストⅠ 暴かれし娘たち,0,0,🚧,RPG,0,0
1983-07-15,NES,リップスティック #1 ロリータ編,0,0,🚧,PZL,0,0
1983-07-15,NES,リップスティック #2 女子学生編,0,0,🚧,PZL,0,0
1983-07-15,NES,リップスティック #3 ＯＬ編,0,0,🚧,PZL,0,0
1983-07-15,NES,リップスティック #4 白衣の天使編,0,0,🚧,PZL,0,0
1983-07-15,NES,リップスティック #5 スチュワーデス編,0,0,🚧,PZL,0,0
1983-07-15,NES,亜紀とつかさの不思議の壁,0,0,🚧,ACT,0,0
1983-07-15,NES,小林ひとみのホールドアップ,0,0,🚧,???,0,0
1983-07-15,NES,小林ひとみ 衝撃的テニス,0,0,🚧,SPT,0,0
1983-07-15,NES,天使達の放課後,0,0,🚧,ADV,0,0
1983-07-15,NES,葉山レイコのデートでブラックジャック,0,0,🚧,TBL,0,0
1983-07-15,NES,麻雀ゴラク　美少女名人戦,0,0,🚧,TBL,0,0
1983-07-15,NES,麻雀家族,0,0,🚧,TBL,0,0
1983-07-15,NES,美少女SFエイリアンバトル,0,0,🚧,TBL,0,0
1983-07-15,NES,美少女コントロール,0,0,🚧,SHT,0,0
1983-07-15,NES,美少女セクシーダービー,0,0,🚧,TBL,0,0
1983-07-15,NES,美少女セクシーパズル,0,0,🚧,TBL,0,0
1983-07-15,NES,美少女セクシースロット,0,0,🚧,TBL,0,0
1983-07-15,NES,美少女勝ち抜き連珠,0,0,🚧,TBL,0,0
1983-07-15,NES,美少女写真館 スタジオカット,0,0,🚧,???,0,0
1983-07-15,NES,美少女写真館 ムービングスクール,0,0,🚧,???,0,0
1983-07-15,NES,美少女花札倶楽部 #1 おいちょかぶ編,0,0,🚧,TBL,0,0
1983-07-15,NES,美少女花札倶楽部 #2 こいこい・ばかっ花編,0,0,🚧,TBL,0,0
1983-07-15,NES,美少女麻雀倶楽部,0,0,🚧,TBL,0,0
1983-07-15,NES,燃える野球拳,0,0,🚧,???,0,0
1983-07-15,NES,名門女子高生 セーラー服美少女図鑑 #1 名門山の手お嬢様女子高編A,0,0,🚧,ACT,0,0
1983-07-15,NES,名門女子高生 セーラー服美少女図鑑 #2 名門山の手お嬢様女子高編B,0,0,🚧,ACT,0,0
1983-07-15,NES,名門女子高生 セーラー服美少女図鑑 #3 名門清純お嬢様公立女子高生編A,0,0,🚧,ACT,0,0
1983-07-15,NES,名門女子高生 セーラー服美少女図鑑 #4 名門清純お嬢様公立女子高生編B,0,0,🚧,ACT,0,0
1983-07-15,NES,名門女子高生 セーラー服美少女図鑑 #5 名門純愛お嬢様私立女子高生編A,0,0,🚧,ACT,0,0
1983-07-15,NES,名門女子高生 セーラー服美少女図鑑 #6 名門純愛お嬢様私立女子高生編B,0,0,🚧,ACT,0,0
1983-07-15,NES,妖精たちのピンボール,0,0,🚧,TBL,0,0
1983-07-15,NES,ディスクキーパー,0,0,🚧,COPY,0,0
1983-07-15,NES,ディスクハッカー Ver1.0,0,0,🚧,COPY,0,0
1983-07-15,NES,ディスクハッカー Ver1.1,0,0,🚧,COPY,0,0
1983-07-15,NES,ディスクハッカー Ver1.2,0,0,🚧,COPY,0,0
1983-07-15,NES,ディスクハッカー Ver1.3,0,0,🚧,COPY,0,0
1983-07-15,NES,ディスクハッカーⅡ,0,0,🚧,COPY,0,0
1983-07-15,NES,ハッカープロ（ハッカープロデジタル付属）,0,0,🚧,COPY,0,0
1983-07-15,NES,クイックハンター,0,0,🚧,COPY,0,0
1983-07-15,NES,パラメーター キャンペーン版　(クイックハンター用),0,0,🚧,COPY,0,0
1983-07-15,NES,パラメーター No.1 (クイックハンター用),0,0,🚧,COPY,0,0
1983-07-15,NES,パラメーター No.2 (クイックハンター用),0,0,🚧,COPY,0,0
1983-07-15,NES,パラメーター No.3 (クイックハンター用),0,0,🚧,COPY,0,0
1983-07-15,NES,パラメーター No.4 (クイックハンター用),0,0,🚧,COPY,0,0
1983-07-15,NES,子育てゴッコ,0,0,🚧,COPY,0,0
1983-07-15,NES,トンカチエディター,0,0,🚧,EDT,0,0
1983-07-15,NES,トンカチエディター V1.2,0,0,🚧,EDT,0,0
1983-07-15,NES,ホクサイ,0,0,🚧,EDT,0,0
1983-07-15,NES,Iライン-PC(コダカラくん V2.0),0,0,🚧,EDT,0,0
1983-07-15,NES,Iライン-PC(コダカラくん V2.1),0,0,🚧,EDT,0,0
1983-07-15,NES,Iライン-PC(ファミコン用QD Iライン-DRIVER),0,0,🚧,EDT,0,0
1983-07-15,NES,ジンゴロー,0,0,🚧,EDT,0,0
1983-07-15,NES,ROM→QD for 256K＋64K,0,0,🚧,EDT,0,0
1983-07-15,NES,スロープラス (for QD/for ROM→QD),0,0,🚧,EDT,0,0
1983-07-15,NES,B.B RAMプラス,0,0,🚧,EDT,0,0
1983-07-15,NES,アイツーDiskBasicジェネレータキット,0,0,🚧,EDT,0,0
1983-07-15,NES,ドンキーコング,0,0,🚧,ACT,0,0
1983-07-15,NES,ドンキーコングＪｒ．,0,0,🚧,ACT,0,0
1983-07-15,NES,ポパイ,0,0,🚧,ACT,0,0
1983-07-15,NES,五目ならべ　連珠,0,0,🚧,TBL,0,0
1983-07-15,NES,麻雀,0,0,🚧,TBL,0,0
1983-07-15,NES,マリオブラザーズ,0,0,🚧,ACT,0,0
1983-07-15,NES,ポパイの英語遊び,0,0,🚧,ETC,0,0
1983-07-15,NES,ベースボール,0,0,🚧,SPT,0,0
1983-07-15,NES,ドンキーコングＪｒ．の算数遊び,0,0,🚧,ETC,0,0
1983-07-15,NES,テニス,0,0,🚧,SPT,0,0
1983-07-15,NES,ピンボール,0,0,🚧,TBL,0,0
1983-07-15,NES,ワイルドガンマン,0,0,🚧,SHT,0,0
1983-07-15,NES,ダックハント,0,0,🚧,SHT,0,0
1983-07-15,NES,ゴルフ,0,0,🚧,SPT,0,0
1983-07-15,NES,ホーガンズアレイ,0,0,🚧,SHT,0,0
1983-07-15,NES,ファミリーベーシック,0,0,🚧,ETC,0,0
1983-07-15,NES,ドンキーコング３,0,0,🚧,SHT,0,0
1983-07-15,NES,ナッツ＆ミルク,0,0,🚧,ACT,0,0
1983-07-15,NES,ロードランナー,0,0,🚧,PZL,0,0
1983-07-15,NES,ギャラクシアン,0,0,🚧,SHT,0,0
1983-07-15,NES,デビルワールド,0,0,🚧,ACT,0,0
1983-07-15,NES,４人打ち麻雀,0,0,🚧,TBL,0,0
1983-07-15,NES,Ｆ１レース,0,0,🚧,RCG,0,0
1983-07-15,NES,パックマン,0,0,🚧,ACT,0,0
1983-07-15,NES,ゼビウス,0,0,🚧,SHT,0,0
1983-07-15,NES,アーバンチャンピオン,0,0,🚧,ACT,0,0
1983-07-15,NES,マッピー,0,0,🚧,ACT,0,0
1983-07-15,NES,クルクルランド,0,0,🚧,PZL,0,0
1983-07-15,NES,エキサイトバイク,0,0,🚧,RCG,0,0
1983-07-15,NES,バルーンファイト,0,0,🚧,ACT,0,0
1983-07-15,NES,アイスクライマー,0,0,🚧,ACT,0,0
1983-07-15,NES,エクセリオン,0,0,🚧,SHT,0,0
1983-07-15,NES,ファミリーベーシックＶ３,0,0,🚧,ETC,0,0
1983-07-15,NES,バンゲリングベイ,0,0,🚧,SHT,0,0
1983-07-15,NES,ギャラガ,0,0,🚧,SHT,0,0
1983-07-15,NES,フォーメーションＺ,0,0,🚧,SHT,0,0
1983-07-15,NES,サッカー,0,0,🚧,SPT,0,0
1983-07-15,NES,スペースインベーダー,0,0,🚧,SHT,0,0
1983-07-15,NES,チャンピオンシップロードランナー,0,0,🚧,PZL,0,0
1983-07-15,NES,イーアルカンフー,0,0,🚧,ACT,0,0
1983-07-15,NES,けっきょく南極大冒険,0,0,🚧,ACT,0,0
1983-07-15,NES,忍者くん　魔城の冒険,0,0,🚧,ACT,0,0
1983-07-15,NES,ちゃっくんぽっぷ,0,0,🚧,PZL,0,0
1983-07-15,NES,ディグダグ,0,0,🚧,ACT,0,0
1983-07-15,NES,フラッピー,0,0,🚧,PZL,0,0
1983-07-15,NES,レッキングクルー,0,0,🚧,ACT,0,0
1983-07-15,NES,スパルタンＸ,0,0,🚧,ACT,0,0
1983-07-15,NES,ハイパーオリンピック,0,0,🚧,SPT,0,0
1983-07-15,NES,ハイパーオリンピック殿様版（限定発売）,0,0,🚧,SPT,0,0
1983-07-15,NES,スターフォース,0,0,🚧,SHT,0,0
1983-07-15,NES,エレベーターアクション,0,0,🚧,ACT,0,0
1983-07-15,NES,フィールドコンバット,0,0,🚧,ACT,0,0
1983-07-15,NES,ロードファイター,0,0,🚧,RCG,0,0
1983-07-15,NES,ワープマン,0,0,🚧,ACT,0,0
1983-07-15,NES,ジッピーレース,0,0,🚧,RCG,0,0
1983-07-15,NES,ドアドア,0,0,🚧,PZL,0,0
1983-07-15,NES,スーパーアラビアン,0,0,🚧,ACT,0,0
1983-07-15,NES,ブロック,0,0,🚧,ETC,0,0
1983-07-15,NES,フロントライン,0,0,🚧,ACT,0,0
1983-07-15,NES,本将棋　内藤九段将棋秘伝,0,0,🚧,TBL,0,0
1983-07-15,NES,ドルアーガの塔,0,0,🚧,ACT,0,0
1983-07-15,NES,アストロロボ SASA,0,0,🚧,ACT,0,0
1983-07-15,NES,ジャイロ,0,0,🚧,ETC,0,0
1983-07-15,NES,ゲイモス,0,0,🚧,SHT,0,0
1983-07-15,NES,１０ヤードファイト,0,0,🚧,SPT,0,0
1983-07-15,NES,バトルシティー,0,0,🚧,ACT,0,0
1983-07-15,NES,スーパーマリオブラザーズ,0,0,🚧,ACT,0,0
1983-07-15,NES,プーヤン,0,0,🚧,ACT,0,0
1983-07-15,NES,ハイパースポーツ,0,0,🚧,SPT,0,0
1983-07-15,NES,シティコネクション,0,0,🚧,RCG,0,0
1983-07-15,NES,ルート１６ターボ,0,0,🚧,RCG,0,0
1983-07-15,NES,チャレンジャー,0,0,🚧,ACT,0,0
1983-07-15,NES,キン肉マン　マッスルタッグマッチ,0,0,🚧,ACT,0,0
1983-07-15,NES,スカイデストロイヤー,0,0,🚧,SHT,0,0
1983-07-15,NES,おにゃんこＴＯＷＮ,0,0,🚧,ACT,0,0
1983-07-15,NES,忍者じゃじゃ丸くん,0,0,🚧,ACT,0,0
1983-07-15,NES,パチコン,0,0,🚧,TBL,0,0
1983-07-15,NES,パックランド,0,0,🚧,ACT,0,0
1983-07-15,NES,マッハライダー,0,0,🚧,RCG,0,0
1983-07-15,NES,バーガータイム,0,0,🚧,ACT,0,0
1983-07-15,NES,いっき,0,0,🚧,ACT,0,0
1983-07-15,NES,ポートピア連続殺人事件,0,0,🚧,ADV,0,0
1983-07-15,NES,カラテカ,0,0,🚧,ACT,0,0
1983-07-15,NES,ルナーボール,0,0,🚧,TBL,0,0
1983-07-15,NES,スターラスター,0,0,🚧,SHT,0,0
1983-07-15,NES,スペランカー,0,0,🚧,ACT,0,0
1983-07-15,NES,高機動戦闘メカヴォルガードⅡ,0,0,🚧,ACT,0,0
1983-07-15,NES,超時空要塞マクロス,0,0,🚧,ACT,0,0
1983-07-15,NES,１　９　４　２,0,0,🚧,SHT,0,0
1983-07-15,NES,ダウボーイ,0,0,🚧,ACT,0,0
1983-07-15,NES,ボコスカウォーズ,0,0,🚧,RPG,0,0
1983-07-15,NES,頭脳戦艦ガル,0,0,🚧,SHT,0,0
1983-07-15,NES,オバケのＱ太郎  ワンワンパニック,0,0,🚧,ACT,0,0
1983-07-15,NES,テグザー,0,0,🚧,ACT,0,0
1983-07-15,NES,バイナリィランド,0,0,🚧,PZL,0,0
1983-07-15,NES,ボンバーマン,0,0,🚧,ACT,0,0
1983-07-15,NES,エグゼドエグゼス,0,0,🚧,SHT,0,0
1983-07-15,NES,ロットロット,0,0,🚧,PZL,0,0
1983-07-15,NES,ぺんぎんくんＷＡＲＳ,0,0,🚧,ACT,0,0
1983-07-15,NES,ツインビー,0,0,🚧,SHT,0,0
1983-07-15,NES,ソンソン,0,0,🚧,ACT,0,0
1983-07-15,NES,グーニーズ,0,0,🚧,ACT,0,0
1983-07-15,NES,バルトロン,0,0,🚧,SHT,0,0
1983-07-15,NES,サーカスチャーリー,0,0,🚧,ACT,0,0
1983-07-15,NES,忍者ハットリくん　忍者は修行でござるの巻,0,0,🚧,ACT,0,0
1983-07-15,NES,ジャイロダイン,0,0,🚧,SHT,0,0
1983-07-15,NES,ハイドライドスペシャル,0,0,🚧,RPG,0,0
1983-07-15,NES,マグマックス,0,0,🚧,SHT,0,0
1983-07-15,NES,タッグチームプロレスリング,0,0,🚧,ACT,0,0
1983-07-15,NES,アーガス,0,0,🚧,SHT,0,0
1983-07-15,NES,アトランチスの謎,0,0,🚧,ACT,0,0
1983-07-15,NES,ゲゲゲの鬼太郎　妖怪大魔境,0,0,🚧,ACT,0,0
1983-07-15,NES,影の伝説,0,0,🚧,ACT,0,0
1983-07-15,NES,ディグダグⅡ,0,0,🚧,ACT,0,0
1983-07-15,NES,マイティボンジャック,0,0,🚧,ACT,0,0
1983-07-15,NES,グラディウス,0,0,🚧,ACT,0,0
1983-07-15,NES,けいさんゲームさんすう１年,0,0,🚧,ETC,0,0
1983-07-15,NES,けいさんゲーム算数２年,0,0,🚧,ETC,0,0
1983-07-15,NES,けいさんゲーム算数３年,0,0,🚧,ETC,0,0
1983-07-15,NES,スパイＶＳスパイ,0,0,🚧,ACT,0,0
1983-07-15,NES,セクロス,0,0,🚧,ACT,0,0
1983-07-15,NES,ドラゴンクエスト,0,0,🚧,RPG,0,0
1983-07-15,NES,バードウィーク,0,0,🚧,ACT,0,0
1983-07-15,NES,Ｂウイング　（ビーウイング）,0,0,🚧,SHT,0,0
1983-07-15,NES,スターソルジャー,0,0,🚧,SHT,0,0
1983-07-15,NES,魔界村,0,0,🚧,ACT,0,0
1983-07-15,NES,スーパーチャイニーズ,0,0,🚧,ACT,0,0
1983-07-15,NES,スクーン,0,0,🚧,ACT,0,0
1983-07-15,NES,チョップリフター,0,0,🚧,ACT,0,0
1983-07-15,NES,東海道五十三次,0,0,🚧,ACT,0,0
1983-07-15,NES,バベルの塔,0,0,🚧,PZL,0,0
1983-07-15,NES,がんばれゴエモン！からくり道中,0,0,🚧,ACT,0,0
1983-07-15,NES,ソロモンの鍵,0,0,🚧,PZL,0,0
1983-07-15,NES,ワルキューレの冒険　時の鍵の伝説,0,0,🚧,RPG,0,0
1983-07-15,NES,六三四の剣　ただいま修行中,0,0,🚧,SPT,0,0
1983-07-15,NES,北斗の拳,0,0,🚧,ACT,0,0
1983-07-15,NES,じゃじゃ丸の大冒険,0,0,🚧,ACT,0,0
1983-07-15,NES,スカイキッド,0,0,🚧,ACT,0,0
1983-07-15,NES,機動戦士Ｚガンダム　ホットスクランブル,0,0,🚧,SHT,0,0
1983-07-15,NES,ＡＳＯ,0,0,🚧,SHT,0,0
1983-07-15,NES,スーパーピットフォール,0,0,🚧,ACT,0,0
1983-07-15,NES,バナナ,0,0,🚧,PZL,0,0
1983-07-15,NES,高橋名人の冒険島,0,0,🚧,ACT,0,0
1983-07-15,NES,キングスナイト,0,0,🚧,SHT,0,0
1983-07-15,NES,スーパーゼビウス　ガンプの謎,0,0,🚧,SHT,0,0
1983-07-15,NES,ゴーストバスターズ,0,0,🚧,ACT,0,0
1983-07-15,NES,スペースハンター,0,0,🚧,ADV,0,0
1983-07-15,NES,テラクレスタ,0,0,🚧,SHT,0,0
1983-07-15,NES,戦場の狼,0,0,🚧,ACT,0,0
1983-07-15,NES,バギーポッパー,0,0,🚧,RCG,0,0
1983-07-15,NES,うる星やつらラムのウェディングベル,0,0,🚧,ACT,0,0
1983-07-15,NES,けいさんゲーム算数４年,0,0,🚧,ETC,0,0
1983-07-15,NES,けいさんゲーム算数５・６年　少数・分数のまとめ,0,0,🚧,ETC,0,0
1983-07-15,NES,ミシシッピー殺人事件,0,0,🚧,ADV,0,0
1983-07-15,NES,スーパースターフォース  時空歴の秘密,0,0,🚧,SHT,0,0
1983-07-15,NES,ファミリートレーナーシリーズ１　アスレチックワールド,0,0,🚧,SPT,0,0
1983-07-15,NES,Othello(オセロ),0,0,🚧,TBL,0,0
1983-07-15,NES,迷宮組曲　ミロンの大冒険,0,0,🚧,ACT,0,0
1983-07-15,NES,アイギーナの予言　バルバルークの伝説より,0,0,🚧,ACT,0,0
1983-07-15,NES,元祖西遊記スーパーモンキー大冒険,0,0,🚧,RPG,0,0
1983-07-15,NES,長靴をはいた猫　世界一周８０日大冒険,0,0,🚧,ACT,0,0
1983-07-15,NES,マッピーランド,0,0,🚧,ACT,0,0
1983-07-15,NES,怒  IKARI,0,0,🚧,ACT,0,0
1983-07-15,NES,ドラゴンボール　神龍の謎,0,0,🚧,ACT,0,0
1983-07-15,NES,キャッスルエクセレント,0,0,🚧,PZL,0,0
1983-07-15,NES,ファミリートレーナーシリーズ２　ランニングスタジアム,0,0,🚧,SPT,0,0
1983-07-15,NES,タイガーヘリ,0,0,🚧,SHT,0,0
1983-07-15,NES,ディーヴァ　ストーリー６　ナーサティアの玉座,0,0,🚧,SLG,0,0
1983-07-15,NES,戦え　超ロボット生命体トランスフォーマー　コンボイの謎,0,0,🚧,ACT,0,0
1983-07-15,NES,ホッターマンの地底探険,0,0,🚧,ACT,0,0
1983-07-15,NES,たけしの挑戦状,0,0,🚧,ADV,0,0
1983-07-15,NES,プロ野球　ファミリースタジアム,0,0,🚧,SPT,0,0
1983-07-15,NES,シャーロックホームズ　伯爵令嬢誘拐事件,0,0,🚧,ADV,0,0
1983-07-15,NES,ドラえもん,0,0,🚧,ACT,0,0
1983-07-15,NES,魔鐘,0,0,🚧,RPG,0,0
1983-07-15,NES,メトロクロス,0,0,🚧,ACT,0,0
1983-07-15,NES,キングコング２　怒りのメガトンパンチ,0,0,🚧,ACT,0,0
1983-07-15,NES,マドゥーラの翼,0,0,🚧,ACT,0,0
1983-07-15,NES,聖飢魔Ⅱ　悪魔の逆襲！,0,0,🚧,ACT,0,0
1983-07-15,NES,レイラ,0,0,🚧,ACT,0,0
1983-07-15,NES,コスモジェネシス,0,0,🚧,SLG,0,0
1983-07-15,NES,闘いの挽歌,0,0,🚧,ACT,0,0
1983-07-15,NES,アルカノイド,0,0,🚧,ETC,0,0
1983-07-15,NES,クレイジークライマー,0,0,🚧,ACT,0,0
1983-07-15,NES,時空の旅人,0,0,🚧,ADV,0,0
1983-07-15,NES,火の鳥　鳳凰編我王の冒険,0,0,🚧,ACT,0,0
1983-07-15,NES,ドラゴンバスター,0,0,🚧,ACT,0,0
1983-07-15,NES,ラビリンス　魔王の迷宮,0,0,🚧,ACT,0,0
1983-07-15,NES,ドラゴンクエストⅡ　悪霊の神々,0,0,🚧,RPG,0,0
1983-07-15,NES,ファミリートレーナーシリーズ３　エアロビスタジオ,0,0,🚧,SPT,0,0
1983-07-15,NES,ザ・ブラックバス,0,0,🚧,ETC,0,0
1983-07-15,NES,新人類,0,0,🚧,ACT,0,0
1983-07-15,NES,飛龍の拳　奥義の書,0,0,🚧,ACT,0,0
1983-07-15,NES,ポケットザウルス　十王剣の謎,0,0,🚧,ACT,0,0
1983-07-15,NES,ファミリーシンセ　いきなりミュージシャン,0,0,🚧,ETC,0,0
1983-07-15,NES,ミッキーマウス　不思議の国の大冒険,0,0,🚧,ACT,0,0
1983-07-15,NES,Law of the West 西部の掟,0,0,🚧,ADV,0,0
1983-07-15,NES,タッチ　ミステリーオブトライアングル,0,0,🚧,ADV,0,0
1983-07-15,NES,花のスター街道,0,0,🚧,ACT,0,0
1983-07-15,NES,グーニーズ２　フラッテリー最後の挑戦,0,0,🚧,ADV,0,0
1983-07-15,NES,失われたメッセージ　ロストワードオブジェニー,0,0,🚧,ACT,0,0
1983-07-15,NES,南国指令！！スパイＶＳスパイ,0,0,🚧,ACT,0,0
1983-07-15,NES,さんまの名探偵,0,0,🚧,ADV,0,0
1983-07-15,NES,森田将棋,0,0,🚧,TBL,0,0
1983-07-15,NES,魔界島　七つの島の大冒険,0,0,🚧,ACT,0,0
1983-07-15,NES,熱血硬派くにおくん,0,0,🚧,ACT,0,0
1983-07-15,NES,アルゴスの戦士　はちゃめちゃ大進撃,0,0,🚧,ACT,0,0
1983-07-15,NES,北斗の拳２　世紀末救世主伝説,0,0,🚧,ACT,0,0
1983-07-15,NES,ファミリージョッキー,0,0,🚧,SPT,0,0
1983-07-15,NES,ファミリートレーナーシリーズ４　ジョギングレース,0,0,🚧,SPT,0,0
1983-07-15,NES,妖怪倶楽部,0,0,🚧,ACT,0,0
1983-07-15,NES,ダイナマイトボウル,0,0,🚧,SPT,0,0
1983-07-15,NES,北海道連鎖殺人　オホーツクに消ゆ,0,0,🚧,ADV,0,0
1983-07-15,NES,アテナ,0,0,🚧,ACT,0,0
1983-07-15,NES,高橋名人のＢＵＧってハニー,0,0,🚧,ACT,0,0
1983-07-15,NES,闘人魔境伝　ヘラクレスの栄光,0,0,🚧,RPG,0,0
1983-07-15,NES,ファミリーボクシング,0,0,🚧,SPT,0,0
1983-07-15,NES,うっでいぽこ,0,0,🚧,ACT,0,0
1983-07-15,NES,燃えろ！！プロ野球,0,0,🚧,SPT,0,0
1983-07-15,NES,燃えろ！！プロ野球（黒）,0,0,🚧,SPT,0,0
1983-07-15,NES,所さんのまもるもせめるも,0,0,🚧,ACT,0,0
1983-07-15,NES,未来神話ジャーヴァス,0,0,🚧,RPG,0,0
1983-07-15,NES,ゾンビハンター,0,0,🚧,RPG,0,0
1983-07-15,NES,月風魔伝,0,0,🚧,ACT,0,0
1983-07-15,NES,ブービーキッズ,0,0,🚧,ACT,0,0
1983-07-15,NES,ヘクター’８７,0,0,🚧,SHT,0,0
1983-07-15,NES,ドラゴンスレイヤーⅣ,0,0,🚧,RPG,0,0
1983-07-15,NES,ジャンボウ,0,0,🚧,ETC,0,0
1983-07-15,NES,ファンタジーゾーン,0,0,🚧,SHT,0,0
1983-07-15,NES,バツ＆テリー　魔境の鉄人レース,0,0,🚧,ACT,0,0
1983-07-15,NES,カラオケスタジオ基本セット,0,0,🚧,ETC,0,0
1983-07-15,NES,チェスターフィールド　暗黒神への挑戦,0,0,🚧,RPG,0,0
1983-07-15,NES,ファミリートレーナーシリーズ５　迷路大作戦,0,0,🚧,SPT,0,0
1983-07-15,NES,ハイウェイスター,0,0,🚧,RCG,0,0
1983-07-15,NES,ボンバーキング,0,0,🚧,ACT,0,0
1983-07-15,NES,ミラクルロピット　2100年の冒険,0,0,🚧,ACT,0,0
1983-07-15,NES,エルナークの財宝,0,0,🚧,ACT,0,0
1983-07-15,NES,聖闘士星矢　黄金伝説,0,0,🚧,RPG,0,0
1983-07-15,NES,ファミリーマージャン,0,0,🚧,TBL,0,0
1983-07-15,NES,囲碁　九路盤対局,0,0,🚧,TBL,0,0
1983-07-15,NES,天下のご意見番　水戸黄門,0,0,🚧,ADV,0,0
1983-07-15,NES,魔城伝説Ⅱ　大魔司教ガリウス,0,0,🚧,ACT,0,0
1983-07-15,NES,エアーフォートレス,0,0,🚧,ACT,0,0
1983-07-15,NES,夢幻戦士ヴァリス　the fantasic soldier,0,0,🚧,ACT,0,0
1983-07-15,NES,光の戦士フォトン　惑星ゾルディアスの戦い,0,0,🚧,ADV,0,0
1983-07-15,NES,ファミリートレーナーシリーズ６　マンハッタンポリス,0,0,🚧,SPT,0,0
1983-07-15,NES,シェラザード　アラビアンドリーム,0,0,🚧,RPG,0,0
1983-07-15,NES,ゾイド　中央大陸の戦い,0,0,🚧,RPG,0,0
1983-07-15,NES,ＳＷＡＴ,0,0,🚧,ADV,0,0
1983-07-15,NES,デジタルデビル物語　女神転生,0,0,🚧,RPG,0,0
1983-07-15,NES,スペランカーⅡ　勇者への挑戦,0,0,🚧,ACT,0,0
1983-07-15,NES,つっぱり大相撲,0,0,🚧,ACT,0,0
1983-07-15,NES,バイオ戦士ＤＡＮ　インクリーザーとの闘い,0,0,🚧,ACT,0,0
1983-07-15,NES,スターゲイト,0,0,🚧,SHT,0,0
1983-07-15,NES,井出洋介名人の実践麻雀,0,0,🚧,TBL,0,0
1983-07-15,NES,キョンシーズ２,0,0,🚧,RPG,0,0
1983-07-15,NES,沙羅曼蛇,0,0,🚧,ACT,0,0
1983-07-15,NES,ミリピート　巨大昆虫の逆襲,0,0,🚧,SHT,0,0
1983-07-15,NES,ロマンシア,0,0,🚧,RPG,0,0
1983-07-15,NES,快傑ヤンチャ丸,0,0,🚧,ACT,0,0
1983-07-15,NES,ウルティマ　～恐怖のエクソダス～,0,0,🚧,RPG,0,0
1983-07-15,NES,エスパ冒険隊　魔王の砦,0,0,🚧,ACT,0,0
1983-07-15,NES,インドラの光,0,0,🚧,RPG,0,0
1983-07-15,NES,ミネルバトンサーガ　ラゴンの復活,0,0,🚧,RPG,0,0
1983-07-15,NES,覇邪の封印,0,0,🚧,RPG,0,0
1983-07-15,NES,桃太郎伝説,0,0,🚧,RPG,0,0
1983-07-15,NES,星をみるひと,0,0,🚧,RPG,0,0
1983-07-15,NES,カラオケスタジオ専用カセット　トップヒット２０Ｖｏｌ．１,0,0,🚧,ETC,0,0
1983-07-15,NES,サイドポケット,0,0,🚧,SPT,0,0
1983-07-15,NES,ジャウスト,0,0,🚧,ACT,0,0
1983-07-15,NES,上海,0,0,🚧,PZL,0,0
1983-07-15,NES,マイクタイソンパンチアウト,0,0,🚧,SPT,0,0
1983-07-15,NES,ルパン三世　パンドラの遺産,0,0,🚧,ACT,0,0
1983-07-15,NES,宇宙船コスモキャリア,0,0,🚧,SLG,0,0
1983-07-15,NES,アルテリオス,0,0,🚧,RPG,0,0
1983-07-15,NES,ファザナドゥ,0,0,🚧,RPG,0,0
1983-07-15,NES,ファミリートレーナーシリーズ７　ファミトレ大運動会,0,0,🚧,SPT,0,0
1983-07-15,NES,時空勇伝　デビアス,0,0,🚧,RPG,0,0
1983-07-15,NES,アウトランダーズ,0,0,🚧,RPG,0,0
1983-07-15,NES,スターウォーズ(ナムコ製),0,0,🚧,ACT,0,0
1983-07-15,NES,ドラゴンスクロール　蘇りし魔竜,0,0,🚧,RPG,0,0
1983-07-15,NES,ランボー,0,0,🚧,ACT,0,0
1983-07-15,NES,ＪＪ　（ジェイジェイ）,0,0,🚧,SHT,0,0
1983-07-15,NES,ゴルフ倶楽部　バーディラッシュ,0,0,🚧,SPT,0,0
1983-07-15,NES,トップガン,0,0,🚧,SHT,0,0
1983-07-15,NES,ファミリーテニス,0,0,🚧,SPT,0,0
1983-07-15,NES,京都　龍の寺殺人事件　山村美紗サスペンスシリーズ,0,0,🚧,ADV,0,0
1983-07-15,NES,鉄道王,0,0,🚧,ETC,0,0
1983-07-15,NES,銀河の三人,0,0,🚧,RPG,0,0
1983-07-15,NES,エキサイティングボクシング,0,0,🚧,ACT,0,0
1983-07-15,NES,ロックマン,0,0,🚧,ACT,0,0
1983-07-15,NES,カルノフ,0,0,🚧,ACT,0,0
1983-07-15,NES,スティックハンター,0,0,🚧,SPT,0,0
1983-07-15,NES,タイトーグランプリ　栄光へのライセンス,0,0,🚧,RCG,0,0
1983-07-15,NES,ファイナルファンタジー,0,0,🚧,RPG,0,0
1983-07-15,NES,目指せパチプロ　パチ夫くん,0,0,🚧,TBL,0,0
1983-07-15,NES,ウィザードリィ,0,0,🚧,RPG,0,0
1983-07-15,NES,ゲゲゲの鬼太郎２　妖怪軍団の挑戦,0,0,🚧,RPG,0,0
1983-07-15,NES,プロ野球ファミリースタジアム８７年度版,0,0,🚧,SPT,0,0
1983-07-15,NES,メタルギア,0,0,🚧,ACT,0,0
1983-07-15,NES,マグナム危機一髪　エンパイアシティー　1931,0,0,🚧,SHT,0,0
1983-07-15,NES,アタックアニマル学園,0,0,🚧,SHT,0,0
1983-07-15,NES,スーパーマン,0,0,🚧,ACT,0,0
1983-07-15,NES,ファミリートレーナーシリーズ８　突撃！風雲たけし城,0,0,🚧,SPT,0,0
1983-07-15,NES,ファミリーサーキット,0,0,🚧,RCG,0,0
1983-07-15,NES,ソフトハウス連続殺人事件　殺意の階層,0,0,🚧,ADV,0,0
1983-07-15,NES,コナミワイワイワールド,0,0,🚧,ACT,0,0
1983-07-15,NES,スケバン刑事Ⅲ,0,0,🚧,ACT,0,0
1983-07-15,NES,リップルアイランド,0,0,🚧,ADV,0,0
1983-07-15,NES,ドナルドランド,0,0,🚧,ACT,0,0
1983-07-15,NES,ジャンボ尾崎のホールインワン　プロフェッシュナル,0,0,🚧,SPT,0,0
1983-07-15,NES,パリダカールラリースペシャル,0,0,🚧,RCG,0,0
1983-07-15,NES,仮面ライダー倶楽部,0,0,🚧,ACT,0,0
1983-07-15,NES,ガーディック外伝,0,0,🚧,SHT,0,0
1983-07-15,NES,魂斗羅（コントラ）,0,0,🚧,ACT,0,0
1983-07-15,NES,ドラゴンクエストⅢ　そして伝説へ…,0,0,🚧,RPG,0,0
1983-07-15,NES,カラオケスタジオ専用カセット　トップヒット２０Ｖｏｌ．２,0,0,🚧,ETC,0,0
1983-07-15,NES,松本亨の株式必勝学,0,0,🚧,SLG,0,0
1983-07-15,NES,探偵　神宮寺三郎　横浜港連続殺人事件,0,0,🚧,ADV,0,0
1983-07-15,NES,鉄腕アトム,0,0,🚧,ACT,0,0
1983-07-15,NES,ボールブレイザー  (ルーカスフィルムゲーム),0,0,🚧,ACT,0,0
1983-07-15,NES,アルカノイドⅡ,0,0,🚧,ETC,0,0
1983-07-15,NES,シュワルツネッガーのプレデター,0,0,🚧,ACT,0,0
1983-07-15,NES,釣りキチ三平　ブルーマーリン編,0,0,🚧,ETC,0,0
1983-07-15,NES,ローリングサンダー,0,0,🚧,ACT,0,0
1983-07-15,NES,ナポレオン戦記,0,0,🚧,SLG,0,0
1983-07-15,NES,信長の野望　全国版,0,0,🚧,SLG,0,0
1983-07-15,NES,谷川浩司の将棋指南Ⅱ　名人への道,0,0,🚧,TBL,0,0
1983-07-15,NES,ファイティングゴルフ,0,0,🚧,SPT,0,0
1983-07-15,NES,ゴルゴ１３　第一章　神々の黄昏,0,0,🚧,ACT,0,0
1983-07-15,NES,愛の伝説　オリュンポスの戦い,0,0,🚧,RPG,0,0
1983-07-15,NES,武田信玄,0,0,🚧,SLG,0,0
1983-07-15,NES,フリートコマンダー,0,0,🚧,SLG,0,0
1983-07-15,NES,不動明王伝,0,0,🚧,ACT,0,0
1983-07-15,NES,ビーバップハイスクール　高校生極楽伝説,0,0,🚧,ADV,0,0
1983-07-15,NES,独眼竜政宗,0,0,🚧,SLG,0,0
1983-07-15,NES,ジーキル博士の彷魔が刻,0,0,🚧,ACT,0,0
1983-07-15,NES,双截龍（ダブルドラゴン）,0,0,🚧,ACT,0,0
1983-07-15,NES,燃えろ！！プロテニス,0,0,🚧,SPT,0,0
1983-07-15,NES,怒Ⅱ　DOGOSOKEN,0,0,🚧,ACT,0,0
1983-07-15,NES,エリュシオン,0,0,🚧,RPG,0,0
1983-07-15,NES,キャプテン翼,0,0,🚧,SPT,0,0
1983-07-15,NES,砂漠の狐　戦車戦略,0,0,🚧,SLG,0,0
1983-07-15,NES,名探偵ホームズ　霧のロンドン殺人事件,0,0,🚧,ADV,0,0
1983-07-15,NES,ディープダンジョンⅢ　勇士への旅,0,0,🚧,RPG,0,0
1983-07-15,NES,仮面の忍者　赤影,0,0,🚧,ACT,0,0
1983-07-15,NES,将軍　（ＳＨＯＧＵＮ）,0,0,🚧,SLG,0,0
1983-07-15,NES,サラダの国のトマト姫,0,0,🚧,ADV,0,0
1983-07-15,NES,ナムコクラシック,0,0,🚧,SPT,0,0
1983-07-15,NES,忍者くん　阿修羅の章,0,0,🚧,ACT,0,0
1983-07-15,NES,聖闘士星矢　黄金伝説完結編,0,0,🚧,RPG,0,0
1983-07-15,NES,コスモポリス　ギャリバン,0,0,🚧,ACT,0,0
1983-07-15,NES,超惑星戦記　メタファイト,0,0,🚧,SHT,0,0
1983-07-15,NES,1943,0,0,🚧,SHT,0,0
1983-07-15,NES,真田十勇士,0,0,🚧,RPG,0,0
1983-07-15,NES,妖怪道中記,0,0,🚧,ACT,0,0
1983-07-15,NES,究極ハリキリスタジアム,0,0,🚧,SPT,0,0
1983-07-15,NES,スーパーブラックオニキス,0,0,🚧,RPG,0,0
1983-07-15,NES,じゃりん子チエ　ばくだん娘のし幸せさがし,0,0,🚧,ADV,0,0
1983-07-15,NES,ベストプレープロ野球,0,0,🚧,SLG,0,0
1983-07-15,NES,伝説の騎士エルロンド,0,0,🚧,ACT,0,0
1983-07-15,NES,ヒットラーの復活　トップシークレット,0,0,🚧,ACT,0,0
1983-07-15,NES,めぞん一刻,0,0,🚧,ADV,0,0
1983-07-15,NES,カイの冒険,0,0,🚧,ACT,0,0
1983-07-15,NES,カケフくんのジャンプ天国　スピード地獄,0,0,🚧,ACT,0,0
1983-07-15,NES,レインボーアイランド,0,0,🚧,ACT,0,0
1983-07-15,NES,熱血高校ドッジボール部,0,0,🚧,SPT,0,0
1983-07-15,NES,グレートタンク,0,0,🚧,SHT,0,0
1983-07-15,NES,三国志　中原の覇者,0,0,🚧,SLG,0,0
1983-07-15,NES,飛龍の拳Ⅱ　ドラゴンの翼,0,0,🚧,ACT,0,0
1983-07-15,NES,スーパーリアルベースボール '88,0,0,🚧,SPT,0,0
1983-07-15,NES,太陽の神殿　アステカⅡ,0,0,🚧,ADV,0,0
1983-07-15,NES,エッガーランド　迷宮の復活,0,0,🚧,PZL,0,0
1983-07-15,NES,ザ・マネーゲーム,0,0,🚧,SLG,0,0
1983-07-15,NES,闘将！！拉麺男　炸裂超人一○二芸,0,0,🚧,ADV,0,0
1983-07-15,NES,燃えろ！！プロ野球’８８決定版,0,0,🚧,SPT,0,0
1983-07-15,NES,水戸黄門Ⅱ　世界漫遊記,0,0,🚧,ADV,0,0
1983-07-15,NES,サッカーリーグウィナーズカップ,0,0,🚧,SPT,0,0
1983-07-15,NES,ドラゴンボール　大魔王復活,0,0,🚧,RPG,0,0
1983-07-15,NES,ファイナルラップ,0,0,🚧,RCG,0,0
1983-07-15,NES,ファミコンウォーズ,0,0,🚧,SLG,0,0
1983-07-15,NES,マッドシティ,0,0,🚧,ACT,0,0
1983-07-15,NES,不如帰　（ほととぎす）,0,0,🚧,SLG,0,0
1983-07-15,NES,スーパーピンボール,0,0,🚧,ETC,0,0
1983-07-15,NES,イース,0,0,🚧,RPG,0,0
1983-07-15,NES,スーパーダイナミックバトミントン,0,0,🚧,SPT,0,0
1983-07-15,NES,亀の恩返し,0,0,🚧,SHT,0,0
1983-07-15,NES,ファミコン 名人戦,0,0,🚧,TBL,0,0
1983-07-15,NES,マニアックマンション,0,0,🚧,ADV,0,0
1983-07-15,NES,コナミックスポーツ　イン　ソウル,0,0,🚧,SPT,0,0
1983-07-15,NES,霊幻道士,0,0,🚧,ACT,0,0
1983-07-15,NES,孔雀王,0,0,🚧,ADV,0,0
1983-07-15,NES,ドナルドダック,0,0,🚧,ETC,0,0
1983-07-15,NES,エイトアイズ,0,0,🚧,ACT,0,0
1983-07-15,NES,えりかとさとるの夢冒険,0,0,🚧,ADV,0,0
1983-07-15,NES,ＶＩＶＡ　ＬＡＳ  ＶＥＧＡＳ,0,0,🚧,TBL,0,0
1983-07-15,NES,ナイトライダー,0,0,🚧,RCG,0,0
1983-07-15,NES,ベストプレープロ野球　新データ,0,0,🚧,SLG,0,0
1983-07-15,NES,大戦略,0,0,🚧,SLG,0,0
1983-07-15,NES,ザ・ブラックバスⅡ,0,0,🚧,ETC,0,0
1983-07-15,NES,コブラコマンド,0,0,🚧,SHT,0,0
1983-07-15,NES,源平討魔伝,0,0,🚧,RPG,0,0
1983-07-15,NES,スーパーマリオブラザーズ３,0,0,🚧,ACT,0,0
1983-07-15,NES,アメリカ大統領選挙,0,0,🚧,SLG,0,0
1983-07-15,NES,三國志,0,0,🚧,SLG,0,0
1983-07-15,NES,東方見文録,0,0,🚧,ADV,0,0
1983-07-15,NES,アメリカンフットボール  タッチダウンフィーバー,0,0,🚧,SPT,0,0
1983-07-15,NES,ぎゅわんぶらあ自己中心派,0,0,🚧,TBL,0,0
1983-07-15,NES,西遊記ワールド,0,0,🚧,ACT,0,0
1983-07-15,NES,ファミリークイズ４人はライバル,0,0,🚧,ETC,0,0
1983-07-15,NES,貝獣物語,0,0,🚧,RPG,0,0
1983-07-15,NES,ディジャブ　悪魔は本当にやって来た,0,0,🚧,ADV,0,0
1983-07-15,NES,燃えろ！！ジュニアバスケット　TWO ON TWO,0,0,🚧,SPT,0,0
1983-07-15,NES,たけしの戦国風雲児,0,0,🚧,ETC,0,0
1983-07-15,NES,ファミリーマージャンⅡ　上海への道,0,0,🚧,TBL,0,0
1983-07-15,NES,中国占星術,0,0,🚧,ETC,0,0
1983-07-15,NES,エイリアンシンドローム,0,0,🚧,ACT,0,0
1983-07-15,NES,桃太郎電鉄,0,0,🚧,TBL,0,0
1983-07-15,NES,突然！マッチョマン,0,0,🚧,ACT,0,0
1983-07-15,NES,半熟英雄,0,0,🚧,SLG,0,0
1983-07-15,NES,キングオブキングス,0,0,🚧,SLG,0,0
1983-07-15,NES,ゴジラ,0,0,🚧,SLG,0,0
1983-07-15,NES,中嶋悟監修Ｆ－１ヒーロー,0,0,🚧,RCG,0,0
1983-07-15,NES,忍者龍剣伝,0,0,🚧,ACT,0,0
1983-07-15,NES,８９電脳九星占い　by Gingukan,0,0,🚧,ETC,0,0
1983-07-15,NES,ファイティングロード,0,0,🚧,ACT,0,0
1983-07-15,NES,かぐや姫伝説,0,0,🚧,ADV,0,0
1983-07-15,NES,キャプテン　シルバー,0,0,🚧,ACT,0,0
1983-07-15,NES,グラディウスⅡ,0,0,🚧,ACT,0,0
1983-07-15,NES,ザ トライアスロン,0,0,🚧,RCG,0,0
1983-07-15,NES,究極ハリキリスタジアム’８８選手新データバージョン,0,0,🚧,SPT,0,0
1983-07-15,NES,サイクルレースロードマン～激走!!日本一周4000km～,0,0,🚧,RCG,0,0
1983-07-15,NES,トップライダー,0,0,🚧,RCG,0,0
1983-07-15,NES,ファイナルファンタジーⅡ,0,0,🚧,RPG,0,0
1983-07-15,NES,ファミリートレーナーシリーズ９　風雲たけし城二,0,0,🚧,SPT,0,0
1983-07-15,NES,ファンタジーゾーンⅡ　オパオパの涙,0,0,🚧,SHT,0,0
1983-07-15,NES,プロ野球　ファミリースタジアム’８８年度版,0,0,🚧,SPT,0,0
1983-07-15,NES,ローラーボール,0,0,🚧,TBL,0,0
1983-07-15,NES,銀河英雄伝説　わが征くは星の大海,0,0,🚧,SLG,0,0
1983-07-15,NES,テトリス,0,0,🚧,PZL,0,0
1983-07-15,NES,燃えろ！！プロサッカー,0,0,🚧,SPT,0,0
1983-07-15,NES,アキラ,0,0,🚧,ADV,0,0
1983-07-15,NES,エアーウルフ,0,0,🚧,ACT,0,0
1983-07-15,NES,小公子セディ　（ファミコンドラマ）,0,0,🚧,ADV,0,0
1983-07-15,NES,プロ野球？殺人事件！,0,0,🚧,ADV,0,0
1983-07-15,NES,ロックマン２　Ｄｒ．ワイリーの謎,0,0,🚧,ACT,0,0
1983-07-15,NES,ゲバラ,0,0,🚧,SHT,0,0
1983-07-15,NES,がんばれゴエモン２,0,0,🚧,ACT,0,0
1983-07-15,NES,スペースハリアー,0,0,🚧,SHT,0,0
1983-07-15,NES,１００万＄キッド　幻の帝王編,0,0,🚧,TBL,0,0
1983-07-15,NES,西村京太郎ミステリー　ブルートレイン殺人事件,0,0,🚧,ADV,0,0
1983-07-15,NES,里見八犬伝,0,0,🚧,RPG,0,0
1983-07-15,NES,ゾイド２　ゼネバスの逆襲,0,0,🚧,RPG,0,0
1983-07-15,NES,モトクロスチャンピオン,0,0,🚧,RCG,0,0
1983-07-15,NES,電撃ビッグバン,0,0,🚧,ACT,0,0
1983-07-15,NES,パチ夫くん２,0,0,🚧,TBL,0,0
1983-07-15,NES,ファミリートレーナーシリーズ１０　来来キョンシーズ　ベビーキョンシーのあみだ大冒険,0,0,🚧,SPT,0,0
1983-07-15,NES,ワールドグランプリ　POLE to FINISH (ポール・トゥ・フィニッシュ),0,0,🚧,RCG,0,0
1983-07-15,NES,トムソーヤの冒険,0,0,🚧,ACT,0,0
1983-07-15,NES,ワギャンランド,0,0,🚧,ACT,0,0
1983-07-15,NES,赤龍王,0,0,🚧,ADV,0,0
1983-07-15,NES,京都　花の密室殺人事件　山村美紗サスペンスシリーズ,0,0,🚧,ADV,0,0
1983-07-15,NES,ファミコンジャンプ　英雄列伝,0,0,🚧,RPG,0,0
1983-07-15,NES,ハイドライド３　闇からの訪問者,0,0,🚧,RPG,0,0
1983-07-15,NES,飛ｉｎｇヒーロー（フライングヒーロー）,0,0,🚧,ACT,0,0
1983-07-15,NES,スペースシャドー,0,0,🚧,SHT,0,0
1983-07-15,NES,ウィザードリィⅡ　リルガミンの遺産,0,0,🚧,RPG,0,0
1983-07-15,NES,百鬼夜行,0,0,🚧,RPG,0,0
1983-07-15,NES,がんばれペナントレース！,0,0,🚧,SPT,0,0
1983-07-15,NES,魁！男塾　疾風一号生,0,0,🚧,ACT,0,0
1983-07-15,NES,早打ちスーパー囲碁,0,0,🚧,TBL,0,0
1983-07-15,NES,ジーザス  恐怖のバイオモンスター,0,0,🚧,ADV,0,0
1983-07-15,NES,爆笑！！人生劇場,0,0,🚧,TBL,0,0
1983-07-15,NES,ファミリーピンボール,0,0,🚧,TBL,0,0
1983-07-15,NES,暗黒神話　ヤマトタケル伝説,0,0,🚧,ADV,0,0
1983-07-15,NES,じゃじゃ丸忍法帳,0,0,🚧,RPG,0,0
1983-07-15,NES,ペナントリーグ　ホームランナイター,0,0,🚧,SPT,0,0
1983-07-15,NES,アフターバーナー,0,0,🚧,SHT,0,0
1983-07-15,NES,オペレーションウルフ,0,0,🚧,SHT,0,0
1983-07-15,NES,シャドウゲイト,0,0,🚧,ADV,0,0
1983-07-15,NES,松本亨の株式必勝学Ⅱ,0,0,🚧,SLG,0,0
1983-07-15,NES,ガーフィールドの一週間,0,0,🚧,ACT,0,0
1983-07-15,NES,ドラゴンスピリット　新たなる伝説,0,0,🚧,SHT,0,0
1983-07-15,NES,マインドシーカー,0,0,🚧,ETC,0,0
1983-07-15,NES,蒼き狼と白き牝鹿　ジンギスカン,0,0,🚧,SLG,0,0
1983-07-15,NES,ダウンタウン熱血物語,0,0,🚧,ACT,0,0
1983-07-15,NES,デビルマン,0,0,🚧,ADV,0,0
1983-07-15,NES,ドラゴンバスターⅡ　闇の封印,0,0,🚧,ACT,0,0
1983-07-15,NES,ＨＯＬＹ　ＤＩＶＥＲ　（ホーリーダイヴァー）,0,0,🚧,ACT,0,0
1983-07-15,NES,KEIBA SIMULATION　本命(競馬シュミレーション本命),0,0,🚧,SLG,0,0
1983-07-15,NES,名探偵ホームズ　Ｍからの挑戦状,0,0,🚧,ADV,0,0
1983-07-15,NES,株式道場　実践編,0,0,🚧,SLG,0,0
1983-07-15,NES,激亀忍者伝,0,0,🚧,ACT,0,0
1983-07-15,NES,めざせ三冠王　ベースボールスター,0,0,🚧,SPT,0,0
1983-07-15,NES,天地を喰らう,0,0,🚧,RPG,0,0
1983-07-15,NES,スーパーチャイニーズ２　ドラゴンキッド,0,0,🚧,RPG,0,0
1983-07-15,NES,帰って来た！軍人将棋　なんやそれ？,0,0,🚧,TBL,0,0
1983-07-15,NES,ラサール石井のチャイルズクエスト,0,0,🚧,RPG,0,0
1983-07-15,NES,ＳＤガンダムワールドガチャポン戦士２　カプセル戦記,0,0,🚧,SLG,0,0
1983-07-15,NES,クインティ,0,0,🚧,ACT,0,0
1983-07-15,NES,マーダークラブ,0,0,🚧,ADV,0,0
1983-07-15,NES,脱獄  PRISONERS OF WAR,0,0,🚧,ACT,0,0
1983-07-15,NES,新燃えろプロ野球,0,0,🚧,SPT,0,0
1983-07-15,NES,ドラゴンニンジャ,0,0,🚧,ACT,0,0
1983-07-15,NES,ホワイトライオン伝説　ピラミットの彼方に,0,0,🚧,RPG,0,0
1983-07-15,NES,囲碁指南,0,0,🚧,TBL,0,0
1983-07-15,NES,ウィロー,0,0,🚧,RPG,0,0
1983-07-15,NES,必殺道場破り,0,0,🚧,ACT,0,0
1983-07-15,NES,ケルナグール,0,0,🚧,ACT,0,0
1983-07-15,NES,ファリア　封印の剣,0,0,🚧,RPG,0,0
1983-07-15,NES,究極ハリキリスタジアム平成元年版,0,0,🚧,SPT,0,0
1983-07-15,NES,全米プロバスケット,0,0,🚧,SPT,0,0
1983-07-15,NES,パーフェクト ボウリング,0,0,🚧,SPT,0,0
1983-07-15,NES,MOTHER(マザー),0,0,🚧,RPG,0,0
1983-07-15,NES,美味しんぼ　究極のメニュー三本勝負,0,0,🚧,ADV,0,0
1983-07-15,NES,ファミスタ’８９開幕版,0,0,🚧,SPT,0,0
1983-07-15,NES,スプラッターハウス　わんぱくグラフィティ,0,0,🚧,ACT,0,0
1983-07-15,NES,コズミックウォーズ,0,0,🚧,SLG,0,0
1983-07-15,NES,究極タイガー,0,0,🚧,SHT,0,0
1983-07-15,NES,燃えるお兄さん,0,0,🚧,ACT,0,0
1983-07-15,NES,名門第三野球部,0,0,🚧,SPT,0,0
1983-07-15,NES,ムーランルージュ戦記 メルヴィルの炎,0,0,🚧,SLG,0,0
1983-07-15,NES,武田信玄2　スーパー戦国シュミレーションゲーム,0,0,🚧,SLG,0,0
1983-07-15,NES,キャプテンＥＤ　（えど）,0,0,🚧,SHT,0,0
1983-07-15,NES,レーサーミニ四駆　ジャパンカップ,0,0,🚧,RCG,0,0
1983-07-15,NES,ロボコップ,0,0,🚧,ACT,0,0
1983-07-15,NES,激闘プロレス！！闘魂伝説,0,0,🚧,ACT,0,0
1983-07-15,NES,アイドル八犬伝,0,0,🚧,ADV,0,0
1983-07-15,NES,谷川浩司の将棋指南Ⅲ,0,0,🚧,TBL,0,0
1983-07-15,NES,マルサの女,0,0,🚧,ADV,0,0
1983-07-15,NES,ウルティマ　聖者への道,0,0,🚧,RPG,0,0
1983-07-15,NES,中華大仙,0,0,🚧,SHT,0,0
1983-07-15,NES,アメリカンドリーム (AMERICAN DREAM),0,0,🚧,TBL,0,0
1983-07-15,NES,サンダーバード,0,0,🚧,SHT,0,0
1983-07-15,NES,ツインビー３　ポコポコ大魔王,0,0,🚧,SHT,0,0
1983-07-15,NES,マハラジャ,0,0,🚧,ADV,0,0
1983-07-15,NES,悪魔の招待状,0,0,🚧,ADV,0,0
1983-07-15,NES,明治維新,0,0,🚧,RPG,0,0
1983-07-15,NES,落っことしパズルとんじゃん,0,0,🚧,PZL,0,0
1983-07-15,NES,甲子園,0,0,🚧,SPT,0,0
1983-07-15,NES,ワールドスーパーテニス,0,0,🚧,SPT,0,0
1983-07-15,NES,ヴィナス戦記,0,0,🚧,SLG,0,0
1983-07-15,NES,北斗の拳３　新世紀創造　凄拳列伝,0,0,🚧,RPG,0,0
1983-07-15,NES,ソフトボール天国,0,0,🚧,SPT,0,0
1983-07-15,NES,ドラゴンボール３　悟空伝,0,0,🚧,RPG,0,0
1983-07-15,NES,メジャーリーグ,0,0,🚧,SPT,0,0
1983-07-15,NES,超人ウルトラベースボール,0,0,🚧,SPT,0,0
1983-07-15,NES,田代まさしのプリンセスがいっぱい,0,0,🚧,ACT,0,0
1983-07-15,NES,麻雀大会,0,0,🚧,TBL,0,0
1983-07-15,NES,御存知弥次喜多珍道中,0,0,🚧,ADV,0,0
1983-07-15,NES,Ｕ．Ｓ．チャンピオンシップ　Ｖ’ＢＡＬＬ,0,0,🚧,SPT,0,0
1983-07-15,NES,ダンジョン＆マジック　SWORDS OF ELEMENT(ソード　オブ　エレメント),0,0,🚧,RPG,0,0
1983-07-15,NES,激突四駆バトル,0,0,🚧,RCG,0,0
1983-07-15,NES,忍者ＣＯＰ サイゾウ,0,0,🚧,ACT,0,0
1983-07-15,NES,コズミック イプシロン,0,0,🚧,SHT,0,0
1983-07-15,NES,ベガスコネクション　カジノより愛をこめて,0,0,🚧,TBL,0,0
1983-07-15,NES,寺尾のどすこい大相撲,0,0,🚧,ACT,0,0
1983-07-15,NES,ゴルフッ子オープン,0,0,🚧,SPT,0,0
1983-07-15,NES,スクウェアのトムソーヤ,0,0,🚧,RPG,0,0
1983-07-15,NES,コンフリクト,0,0,🚧,SLG,0,0
1983-07-15,NES,TAO(タオ)　道,0,0,🚧,RPG,0,0
1983-07-15,NES,ホステージ,0,0,🚧,ACT,0,0
1983-07-15,NES,未来戦史ライオス,0,0,🚧,SLG,0,0
1983-07-15,NES,おそ松くん　バックトゥザミーの出っ歯の巻,0,0,🚧,ADV,0,0
1983-07-15,NES,スーパーモグラたたき　ぽっくんモグラー,0,0,🚧,ACT,0,0
1983-07-15,NES,タイトーチェイスＨ．Ｑ．,0,0,🚧,RCG,0,0
1983-07-15,NES,光と闇の戦い　新里見八犬伝,0,0,🚧,RPG,0,0
1983-07-15,NES,星霊狩り,0,0,🚧,ADV,0,0
1983-07-15,NES,SUPER STAR プロレスリング,0,0,🚧,ACT,0,0
1983-07-15,NES,アバドックス,0,0,🚧,SHT,0,0
1983-07-15,NES,かってにシロクマ　もりをすくえのまき,0,0,🚧,ADV,0,0
1983-07-15,NES,スウィートホーム,0,0,🚧,RPG,0,0
1983-07-15,NES,トップガン　デュアルファイターズ,0,0,🚧,SHT,0,0
1983-07-15,NES,ピンボールクエスト,0,0,🚧,TBL,0,0
1983-07-15,NES,ファミコン野球盤,0,0,🚧,SPT,0,0
1983-07-15,NES,フリップル,0,0,🚧,PZL,0,0
1983-07-15,NES,激闘スタジアム,0,0,🚧,SPT,0,0
1983-07-15,NES,神仙伝,0,0,🚧,RPG,0,0
1983-07-15,NES,Ｉ　ＬＯＶＥ　ソフトボール,0,0,🚧,SPT,0,0
1983-07-15,NES,エモやんの１０倍プロ野球　セリーグ編,0,0,🚧,SPT,0,0
1983-07-15,NES,クォーターバックスクランブル,0,0,🚧,SPT,0,0
1983-07-15,NES,ファミスタ’９０,0,0,🚧,SPT,0,0
1983-07-15,NES,ザ・マネーゲームⅡ　兜町の奇跡,0,0,🚧,SLG,0,0
1983-07-15,NES,ザロードオブキング,0,0,🚧,ACT,0,0
1983-07-15,NES,ＴＭ　ＮＥＴＷＯＲＫ　ＬＩＶＥ　ＩＮ　ＰＯＷＥＲ　ＢＯＷＬ,0,0,🚧,ADV,0,0
1983-07-15,NES,バットマン,0,0,🚧,ACT,0,0
1983-07-15,NES,マッピーキッズ,0,0,🚧,ACT,0,0
1983-07-15,NES,悪魔城伝説,0,0,🚧,ACT,0,0
1983-07-15,NES,双截龍Ⅱ　The Revenge,0,0,🚧,ACT,0,0
1983-07-15,NES,ヘラクレスの栄光Ⅱ　タイタンの滅亡,0,0,🚧,RPG,0,0
1983-07-15,NES,中国雀士物語　東風（トンフー）,0,0,🚧,TBL,0,0
1983-07-15,NES,名門！多古西応援団,0,0,🚧,SLG,0,0
1983-07-15,NES,スーパーラグビー,0,0,🚧,SPT,0,0
1983-07-15,NES,がんばれゴエモン外伝　きえた黄金キセル,0,0,🚧,RPG,0,0
1983-07-15,NES,アドベンチャーズ　オブ　ロロ,0,0,🚧,PZL,0,0
1983-07-15,NES,囲碁名鑑,0,0,🚧,TBL,0,0
1983-07-15,NES,わんぱくダック夢冒険　DUCK TALES,0,0,🚧,ACT,0,0
1983-07-15,NES,キャデラック,0,0,🚧,PZL,0,0
1983-07-15,NES,SUPER魂斗羅（スーパーコントラ）,0,0,🚧,ACT,0,0
1983-07-15,NES,信長の野望　戦国群雄伝,0,0,🚧,SLG,0,0
1983-07-15,NES,もっともあぶない刑事,0,0,🚧,ACT,0,0
1983-07-15,NES,ドラゴンクエストⅣ　導かれし者たち,0,0,🚧,RPG,0,0
1983-07-15,NES,アークティック,0,0,🚧,PZL,0,0
1983-07-15,NES,キテレツ大百科,0,0,🚧,ACT,0,0
1983-07-15,NES,デッドフォックス,0,0,🚧,ACT,0,0
1983-07-15,NES,悪魔くん　魔界の罠,0,0,🚧,RPG,0,0
1983-07-15,NES,ドラゴンユニット,0,0,🚧,ACT,0,0
1983-07-15,NES,西村京太郎ミステリー　スーパーエクスプレス殺人事件,0,0,🚧,ADV,0,0
1983-07-15,NES,プレジデントの選択,0,0,🚧,SLG,0,0
1983-07-15,NES,ヘビーバレル,0,0,🚧,ACT,0,0
1983-07-15,NES,ウィザードリィⅢ　ダイヤモンドの騎士,0,0,🚧,RPG,0,0
1983-07-15,NES,ドンドコドン,0,0,🚧,ACT,0,0
1983-07-15,NES,モアイくん,0,0,🚧,ACT,0,0
1983-07-15,NES,イメージファイト,0,0,🚧,SHT,0,0
1983-07-15,NES,仮面の忍者　花丸,0,0,🚧,ACT,0,0
1983-07-15,NES,怒Ⅲ,0,0,🚧,ACT,0,0
1983-07-15,NES,サンサーラナーガ,0,0,🚧,RPG,0,0
1983-07-15,NES,バルダーダッシュ,0,0,🚧,ACT,0,0
1983-07-15,NES,魔神英雄伝ワタル外伝,0,0,🚧,RPG,0,0
1983-07-15,NES,パワーサッカー,0,0,🚧,SPT,0,0
1983-07-15,NES,ベストプレープロ野球Ⅱ,0,0,🚧,SLG,0,0
1983-07-15,NES,井崎脩五郎の競馬必勝学,0,0,🚧,ETC,0,0
1983-07-15,NES,魍魎戦記　MADARA　(魔陀羅　マダラ）,0,0,🚧,RPG,0,0
1983-07-15,NES,ディープダンジョンⅣ　黒の妖術師,0,0,🚧,RPG,0,0
1983-07-15,NES,デジタルデビル物語　女神転生Ⅱ,0,0,🚧,RPG,0,0
1983-07-15,NES,忍者龍剣伝Ⅱ　暗黒の邪神剣,0,0,🚧,ACT,0,0
1983-07-15,NES,ウルトラマン倶楽部２　帰ってきたウルトラマン倶楽部,0,0,🚧,RPG,0,0
1983-07-15,NES,ガンヘッド　新たなる戦い,0,0,🚧,SLG,0,0
1983-07-15,NES,クォース,0,0,🚧,PZL,0,0
1983-07-15,NES,ゴッドスレイヤー　はるか天空のソナタ,0,0,🚧,RPG,0,0
1983-07-15,NES,ＳＤバトル大相撲　平成ヒーロー場所,0,0,🚧,ACT,0,0
1983-07-15,NES,パワーブレイザー,0,0,🚧,ACT,0,0
1983-07-15,NES,ファイアーエムブレム　暗黒竜と光の剣,0,0,🚧,SLG,0,0
1983-07-15,NES,黒鉄ヒロシの予想大好き！勝馬伝説,0,0,🚧,ETC,0,0
1983-07-15,NES,ファイナルファンタジーⅢ,0,0,🚧,RPG,0,0
1983-07-15,NES,影狼伝説,0,0,🚧,RPG,0,0
1983-07-15,NES,キャッスルクエスト,0,0,🚧,ETC,0,0
1983-07-15,NES,熱血高校ドッジボール部サッカー編,0,0,🚧,SPT,0,0
1983-07-15,NES,イースⅡ　ANCIENT YS VANISHED THE FINAL CHAPTER,0,0,🚧,RPG,0,0
1983-07-15,NES,馬券必勝学　ゲートイン,0,0,🚧,SLG,0,0
1983-07-15,NES,じゃじゃ丸撃魔伝　幻の金魔城,0,0,🚧,RPG,0,0
1983-07-15,NES,チップとデールの大作戦,0,0,🚧,ACT,0,0
1983-07-15,NES,ダッシュ野郎,0,0,🚧,RCG,0,0
1983-07-15,NES,バトルフリート,0,0,🚧,SLG,0,0
1983-07-15,NES,ファイナルミッション,0,0,🚧,ACT,0,0
1983-07-15,NES,水滸伝　天命の誓い,0,0,🚧,SLG,0,0
1983-07-15,NES,燃えろ！！柔道ＷＡＲＲＩＯＲＳ,0,0,🚧,SPT,0,0
1983-07-15,NES,迷宮島,0,0,🚧,PZL,0,0
1983-07-15,NES,ハットリス,0,0,🚧,PZL,0,0
1983-07-15,NES,パラメデス,0,0,🚧,PZL,0,0
1983-07-15,NES,飛龍の拳Ⅲ　五人の龍戦士,0,0,🚧,ACT,0,0
1983-07-15,NES,ＳＤヒーロー総決戦　倒せ悪の軍団,0,0,🚧,ACT,0,0
1983-07-15,NES,wit's (ウイッツ),0,0,🚧,ACT,0,0
1983-07-15,NES,キャプテン翼Ⅱ　スーパーストライカー,0,0,🚧,SPT,0,0
1983-07-15,NES,ソルスティス　三次元迷宮の狂獣,0,0,🚧,ACT,0,0
1983-07-15,NES,ニチブツマージャンⅢ　マージャンＧメン,0,0,🚧,TBL,0,0
1983-07-15,NES,無頼戦士（ブライファイター）,0,0,🚧,SHT,0,0
1983-07-15,NES,獣王記,0,0,🚧,ACT,0,0
1983-07-15,NES,ザ・ペナントリーグ　ホームランナイター’９０　ペナントリーグ,0,0,🚧,SPT,0,0
1983-07-15,NES,ゴルゴ１３　第二章　イカロスの謎,0,0,🚧,ACT,0,0
1983-07-15,NES,ステッド　遺跡惑星の野望,0,0,🚧,RPG,0,0
1983-07-15,NES,Dr.マリオ(ドクターマリオ),0,0,🚧,PZL,0,0
1983-07-15,NES,ビックリマンワールド　激突聖戦士,0,0,🚧,RPG,0,0
1983-07-15,NES,燃えプロ！’９０　感動編,0,0,🚧,SPT,0,0
1983-07-15,NES,Might and Magic(マイトアンドマジック),0,0,🚧,RPG,0,0
1983-07-15,NES,ゲームパーティー,0,0,🚧,ETC,0,0
1983-07-15,NES,ハッピーバースディバックス,0,0,🚧,ACT,0,0
1983-07-15,NES,２０１０　ストリートファイター,0,0,🚧,ACT,0,0
1983-07-15,NES,忍者らホイ！　痛快うんがちょこ忍法伝,0,0,🚧,RPG,0,0
1983-07-15,NES,闇の仕事人　ＫＡＧＥ,0,0,🚧,ACT,0,0
1983-07-15,NES,タイタン,0,0,🚧,ACT,0,0
1983-07-15,NES,ドラゴンファイター,0,0,🚧,ACT,0,0
1983-07-15,NES,ぱられるワールド,0,0,🚧,PZL,0,0
1983-07-15,NES,ピーパータイム,0,0,🚧,PZL,0,0
1983-07-15,NES,ラフ,0,0,🚧,ACT,0,0
1983-07-15,NES,川のぬし釣り,0,0,🚧,RPG,0,0
1983-07-15,NES,日本一の名監督,0,0,🚧,SPT,0,0
1983-07-15,NES,ＳＤガンダム外伝　ナイトガンダム物語,0,0,🚧,RPG,0,0
1983-07-15,NES,ブロディアランド,0,0,🚧,PZL,0,0
1983-07-15,NES,孔雀王Ⅱ,0,0,🚧,ADV,0,0
1983-07-15,NES,上海Ⅱ,0,0,🚧,PZL,0,0
1983-07-15,NES,魔天童子,0,0,🚧,ACT,0,0
1983-07-15,NES,雀豪,0,0,🚧,TBL,0,0
1983-07-15,NES,ダンジョンキッド,0,0,🚧,ETC,0,0
1983-07-15,NES,宇宙警備隊　ＳＤＦ,0,0,🚧,SHT,0,0
1983-07-15,NES,ＳＤ戦国武将列伝　烈火のごとく天下を盗れ！,0,0,🚧,SLG,0,0
1983-07-15,NES,ワールドボクシング,0,0,🚧,SPT,0,0
1983-07-15,NES,ドラえもん　ギガゾンビの逆襲,0,0,🚧,RPG,0,0
1983-07-15,NES,リトルマジック,0,0,🚧,SLG,0,0
1983-07-15,NES,爆笑！スターものまね四天王,0,0,🚧,TBL,0,0
1983-07-15,NES,維新の嵐,0,0,🚧,SLG,0,0
1983-07-15,NES,インセクターＸ,0,0,🚧,ACT,0,0
1983-07-15,NES,田村光昭　麻雀ゼミナール,0,0,🚧,TBL,0,0
1983-07-15,NES,ノースアンドサウス　わくわく南北戦争,0,0,🚧,SLG,0,0
1983-07-15,NES,マジックジョン,0,0,🚧,ACT,0,0
1983-07-15,NES,ロックマン３　Ｄｒ．ワイリーの最期！？,0,0,🚧,ACT,0,0
1983-07-15,NES,探偵　神宮寺三郎　時の過ぎゆくままに・・・,0,0,🚧,ADV,0,0
1983-07-15,NES,ガンナック,0,0,🚧,SHT,0,0
1983-07-15,NES,ダウンタウン熱血行進曲  それゆけ大運動会,0,0,🚧,SPT,0,0
1983-07-15,NES,ブラッディウァリアーズ　シャンゴーの逆襲,0,0,🚧,RPG,0,0
1983-07-15,NES,まじゃべんちゃー　麻雀戦記,0,0,🚧,TBL,0,0
1983-07-15,NES,悪魔城すぺしゃる　ぼくドラキュラくん,0,0,🚧,ACT,0,0
1983-07-15,NES,シャッフルパックカフェ,0,0,🚧,SPT,0,0
1983-07-15,NES,おえかキッズ　アンパンマンとおえかきしよう,0,0,🚧,ETC,0,0
1983-07-15,NES,アストロファング,0,0,🚧,RCG,0,0
1983-07-15,NES,なんてったって！！ベースボール,0,0,🚧,SPT,0,0
1983-07-15,NES,水島新司の大甲子園,0,0,🚧,SLG,0,0
1983-07-15,NES,ドラゴンボールＺ　強襲！サイヤ人,0,0,🚧,RPG,0,0
1983-07-15,NES,パチ夫くん３　帰ってきたパチ夫くん,0,0,🚧,TBL,0,0
1983-07-15,NES,クロスファイヤー,0,0,🚧,ACT,0,0
1983-07-15,NES,三國志Ⅱ,0,0,🚧,SLG,0,0
1983-07-15,NES,京都財テク殺人事件　（山村美紗サスペンスシリーズ）,0,0,🚧,ADV,0,0
1983-07-15,NES,ラストハルマゲドン,0,0,🚧,ADV,0,0
1983-07-15,NES,サンリオカーニバル,0,0,🚧,PZL,0,0
1983-07-15,NES,ふしぎなブロビー－ブロバニアの危機－,0,0,🚧,ACT,0,0
1983-07-15,NES,テクモボウル,0,0,🚧,SPT,0,0
1983-07-15,NES,パロディウスだ！,0,0,🚧,SHT,0,0
1983-07-15,NES,迷宮の達人　大迷路,0,0,🚧,ACT,0,0
1983-07-15,NES,ティーンエージ　ミュータント　ニンジャ　タートルズ,0,0,🚧,ACT,0,0
1983-07-15,NES,ぎゅわんぶらあ自己中心派２,0,0,🚧,TBL,0,0
1983-07-15,NES,タイムズオブロア　～失われたメダリオン,0,0,🚧,RPG,0,0
1983-07-15,NES,テクモワールドカップサッカー,0,0,🚧,SPT,0,0
1983-07-15,NES,パジャマヒーロー　ＮＥＭＯ,0,0,🚧,ACT,0,0
1983-07-15,NES,グレートボクシング　RUSH UP（ラッシュアップ),0,0,🚧,SPT,0,0
1983-07-15,NES,西遊記ワールドⅡ　天上界の魔神,0,0,🚧,ACT,0,0
1983-07-15,NES,千代の富士の大銀杏,0,0,🚧,ACT,0,0
1983-07-15,NES,ワギャンランド２,0,0,🚧,ACT,0,0
1983-07-15,NES,ファミコントップマネジメント,0,0,🚧,SLG,0,0
1983-07-15,NES,ベストプレープロ野球’９０,0,0,🚧,SLG,0,0
1983-07-15,NES,KLAX(クラックス),0,0,🚧,PZL,0,0
1983-07-15,NES,グレムリン２－新種誕生－,0,0,🚧,ACT,0,0
1983-07-15,NES,龍牙　忍者クルセイダーズ,0,0,🚧,ACT,0,0
1983-07-15,NES,まじかるキッズどろぴー,0,0,🚧,ACT,0,0
1983-07-15,NES,メタルフレーム　サイバスター,0,0,🚧,ACT,0,0
1983-07-15,NES,必殺仕事人　のさばる悪のある限り、仕事人の血が騒ぐ,0,0,🚧,ADV,0,0
1983-07-15,NES,暴れん坊天狗,0,0,🚧,ACT,0,0
1983-07-15,NES,ジャンピンキッド　ジャックと豆の木ものがたり,0,0,🚧,ACT,0,0
1983-07-15,NES,パーマン,0,0,🚧,ACT,0,0
1983-07-15,NES,バトルスタジアム　選抜プロ野球,0,0,🚧,SPT,0,0
1983-07-15,NES,メカ生命体ゾイド　黙示録,0,0,🚧,SLG,0,0
1983-07-15,NES,剣の達人　ソードマスター,0,0,🚧,ACT,0,0
1983-07-15,NES,バーズテイル　知られざる物語,0,0,🚧,RPG,0,0
1983-07-15,NES,ファミスタ’９１,0,0,🚧,SPT,0,0
1983-07-15,NES,大怪獣デブラス,0,0,🚧,SLG,0,0
1983-07-15,NES,地獄極楽丸,0,0,🚧,ACT,0,0
1983-07-15,NES,ＳＤガンダム　ガチャポン戦士３　英雄戦記,0,0,🚧,SLG,0,0
1983-07-15,NES,ムサシの冒険,0,0,🚧,ACT,0,0
1983-07-15,NES,ＮＥＷ ゴーストバスターズ２,0,0,🚧,ACT,0,0
1983-07-15,NES,アドベンチャーズ　オブ　ロロⅡ,0,0,🚧,PZL,0,0
1983-07-15,NES,爆笑！愛の劇場,0,0,🚧,TBL,0,0
1983-07-15,NES,じゅうべえくえすと,0,0,🚧,RPG,0,0
1983-07-15,NES,ワイワイワールド２　ＳＯＳ！パセリ城,0,0,🚧,ACT,0,0
1983-07-15,NES,ジャッキーチェン,0,0,🚧,ACT,0,0
1983-07-15,NES,ドラドラドラ 幸運を呼ぶゲーム,0,0,🚧,TBL,0,0
1983-07-15,NES,夢ペンギン物語,0,0,🚧,ACT,0,0
1983-07-15,NES,ペーパーボーイ,0,0,🚧,ACT,0,0
1983-07-15,NES,ゴルフグランドスラム,0,0,🚧,SPT,0,0
1983-07-15,NES,ダークロード,0,0,🚧,RPG,0,0
1983-07-15,NES,チャンピオンシップボーリング,0,0,🚧,SPT,0,0
1983-07-15,NES,赤川次郎の幽霊列車,0,0,🚧,ADV,0,0
1983-07-15,NES,パラソルヘンべえ　おとぎの国は大さわぎ！,0,0,🚧,ACT,0,0
1983-07-15,NES,ファミコン将棋　竜王戦,0,0,🚧,TBL,0,0
1983-07-15,NES,マックスウォーリアー～惑星戒厳令～,0,0,🚧,SHT,0,0
1983-07-15,NES,ミニパット,0,0,🚧,SPT,0,0
1983-07-15,NES,井出洋介名人の実践麻雀Ⅱ,0,0,🚧,TBL,0,0
1983-07-15,NES,双截龍Ⅲ　The Rosetta Stone,0,0,🚧,ACT,0,0
1983-07-15,NES,虹のシルクロード　～ジグザグ冒険記～,0,0,🚧,RPG,0,0
1983-07-15,NES,グランドマスター,0,0,🚧,ACT,0,0
1983-07-15,NES,なんてったってベースボール　子ガメカセットＯＢオールスター編,0,0,🚧,SPT,0,0
1983-07-15,NES,スーパーチャイニーズ３,0,0,🚧,RPG,0,0
1983-07-15,NES,究極ハリキリスタジアムⅢ,0,0,🚧,SPT,0,0
1983-07-15,NES,Advanced Dungeon＆Dragons ヒーローオブランス,0,0,🚧,RPG,0,0
1983-07-15,NES,ナムコット麻雀Ⅲ　マージャン天国,0,0,🚧,TBL,0,0
1983-07-15,NES,ガンサイト,0,0,🚧,SHT,0,0
1983-07-15,NES,ふしぎの海のナディア,0,0,🚧,SLG,0,0
1983-07-15,NES,大航海時代,0,0,🚧,SLG,0,0
1983-07-15,NES,Advanced Dungeon＆Dragons ヒルズファー,0,0,🚧,RPG,0,0
1983-07-15,NES,いただきストリート　私のお店によってって,0,0,🚧,ETC,0,0
1983-07-15,NES,シャドウブレイン,0,0,🚧,RPG,0,0
1983-07-15,NES,まじかる☆タルるートくん　FANTASTIC WORLD(ファンタスティックワールド),0,0,🚧,ACT,0,0
1983-07-15,NES,爆笑！！人生劇場２,0,0,🚧,TBL,0,0
1983-07-15,NES,おえかキッズ　アンパンマンのひらがなだいすき,0,0,🚧,ETC,0,0
1983-07-15,NES,けろけろけろっぴの大冒険,0,0,🚧,ACT,0,0
1983-07-15,NES,忍者じゃじゃ丸　銀河大作戦,0,0,🚧,ACT,0,0
1983-07-15,NES,北斗の拳４　七星覇拳伝　北斗神拳の彼方へ,0,0,🚧,RPG,0,0
1983-07-15,NES,ロボコップ２,0,0,🚧,ACT,0,0
1983-07-15,NES,ニューヨーク　ニャンキーズ,0,0,🚧,ACT,0,0
1983-07-15,NES,おぼっちゃまくん,0,0,🚧,ETC,0,0
1983-07-15,NES,天地を喰らうⅡ　諸葛孔明伝,0,0,🚧,RPG,0,0
1983-07-15,NES,ゴルビーのパイプライン大作戦,0,0,🚧,PZL,0,0
1983-07-15,NES,ツインイーグル,0,0,🚧,SHT,0,0
1983-07-15,NES,ファミリーブロック,0,0,🚧,ACT,0,0
1983-07-15,NES,麻雀倶楽部永田町－総裁戦－,0,0,🚧,TBL,0,0
1983-07-15,NES,ガンデック　（ＧＵＮ－ＤＥＣ）,0,0,🚧,ACT,0,0
1983-07-15,NES,オーバーホライゾン,0,0,🚧,SHT,0,0
1983-07-15,NES,タイトーバスケットボール,0,0,🚧,SPT,0,0
1983-07-15,NES,マジックダーツ,0,0,🚧,TBL,0,0
1983-07-15,NES,ラグランジュポイント,0,0,🚧,RPG,0,0
1983-07-15,NES,高橋名人の冒険島Ⅱ,0,0,🚧,ACT,0,0
1983-07-15,NES,紫禁城,0,0,🚧,PZL,0,0
1983-07-15,NES,ココロン,0,0,🚧,ACT,0,0
1983-07-15,NES,パラメデスⅡ,0,0,🚧,PZL,0,0
1983-07-15,NES,ファジカルファイター,0,0,🚧,SHT,0,0
1983-07-15,NES,ランペルール,0,0,🚧,SLG,0,0
1983-07-15,NES,テトラスター,0,0,🚧,SHT,0,0
1983-07-15,NES,メタルマックス,0,0,🚧,RPG,0,0
1983-07-15,NES,エジプト,0,0,🚧,PZL,0,0
1983-07-15,NES,なんてったってベースボール　子ガメカセット’９１開幕編,0,0,🚧,SPT,0,0
1983-07-15,NES,忍者龍剣伝Ⅲ　～黄泉の方舟～,0,0,🚧,ACT,0,0
1983-07-15,NES,飛龍の拳スペシャル　ファイティングウォーズ,0,0,🚧,ACT,0,0
1983-07-15,NES,Advanced Dungeon＆Dragons プールオブレイディアンス,0,0,🚧,RPG,0,0
1983-07-15,NES,すごろクエスト　ダイスの戦士たち,0,0,🚧,ETC,0,0
1983-07-15,NES,つっぱりウォーズ,0,0,🚧,ACT,0,0
1983-07-15,NES,ボンバーマンⅡ,0,0,🚧,ACT,0,0
1983-07-15,NES,超人狼戦記ウォーウルフ,0,0,🚧,ACT,0,0
1983-07-15,NES,新４人打ちマージャン　役満天国,0,0,🚧,TBL,0,0
1983-07-15,NES,ベースボールファイター,0,0,🚧,SPT,0,0
1983-07-15,NES,囲碁指南’９１,0,0,🚧,TBL,0,0
1983-07-15,NES,ＪｕＪｕ伝説,0,0,🚧,ACT,0,0
1983-07-15,NES,キャッ党忍伝てやんでえ,0,0,🚧,ACT,0,0
1983-07-15,NES,ダイハード,0,0,🚧,ACT,0,0
1983-07-15,NES,パズニック,0,0,🚧,PZL,0,0
1983-07-15,NES,パチンコ大作戦１,0,0,🚧,TBL,0,0
1983-07-15,NES,ファミリーサーキット’９１,0,0,🚧,RCG,0,0
1983-07-15,NES,リトルマーメイド　－人魚姫－,0,0,🚧,ACT,0,0
1983-07-15,NES,ダウンタウンスペシャル　くにおくんの時代劇だよ全員集合！,0,0,🚧,ACT,0,0
1983-07-15,NES,おたくの星座,0,0,🚧,RPG,0,0
1983-07-15,NES,ＳＤ刑事ブレイダー,0,0,🚧,ACT,0,0
1983-07-15,NES,ロボッ子ウォーズ,0,0,🚧,SHT,0,0
1983-07-15,NES,スーパースプリント,0,0,🚧,RCG,0,0
1983-07-15,NES,マイライフマイラブ　ぼくの夢わたしの願い,0,0,🚧,ETC,0,0
1983-07-15,NES,アルマジロ,0,0,🚧,ACT,0,0
1983-07-15,NES,DE BLOCK(デブロック),0,0,🚧,PZL,0,0
1983-07-15,NES,ドキ！ドキ！遊園地～クレイジーランド大作戦～,0,0,🚧,ACT,0,0
1983-07-15,NES,ドラゴンウォーズ,0,0,🚧,RPG,0,0
1983-07-15,NES,百の世界の物語,0,0,🚧,RPG,0,0
1983-07-15,NES,ドラゴンボールＺⅡ　激神フリーザ！！,0,0,🚧,RPG,0,0
1983-07-15,NES,Ａ列車で行こう,0,0,🚧,SLG,0,0
1983-07-15,NES,クライシスフォース,0,0,🚧,SHT,0,0
1983-07-15,NES,ロイヤルブラッド,0,0,🚧,SLG,0,0
1983-07-15,NES,メタルスレイダーグローリー,0,0,🚧,ADV,0,0
1983-07-15,NES,快傑ヤンチャ丸２　からくりランド,0,0,🚧,ACT,0,0
1983-07-15,NES,ウエスタンキッズ,0,0,🚧,ACT,0,0
1983-07-15,NES,ゲームデザイナー養成ソフト　絵描衛門(でざえもん）,0,0,🚧,ETC,0,0
1983-07-15,NES,ドラゴンズレア,0,0,🚧,ACT,0,0
1983-07-15,NES,へべれけ,0,0,🚧,ACT,0,0
1983-07-15,NES,マリオオープンゴルフ,0,0,🚧,SPT,0,0
1983-07-15,NES,イースⅢ　ワンダラーズフロムイース,0,0,🚧,RPG,0,0
1983-07-15,NES,スパルタンＸ２,0,0,🚧,ACT,0,0
1983-07-15,NES,バトルフォーミュラ,0,0,🚧,ACT,0,0
1983-07-15,NES,中嶋悟監修Ｆ－１ヒーロー２,0,0,🚧,RCG,0,0
1983-07-15,NES,ちびまる子ちゃん　うきうきショッピング,0,0,🚧,ETC,0,0
1983-07-15,NES,からくり剣豪伝ムサシロード～からくり人疾走る～,0,0,🚧,RPG,0,0
1983-07-15,NES,ＳＤガンダム外伝　ナイトガンダム物語２　光の騎士,0,0,🚧,RPG,0,0
1983-07-15,NES,カオスワールド,0,0,🚧,RPG,0,0
1983-07-15,NES,たいむゾーン,0,0,🚧,ACT,0,0
1983-07-15,NES,特救指令ソルブレイン,0,0,🚧,ACT,0,0
1983-07-15,NES,グレートディール,0,0,🚧,PZL,0,0
1983-07-15,NES,モノポリー,0,0,🚧,TBL,0,0
1983-07-15,NES,スターウォーズ(ビクター製),0,0,🚧,ACT,0,0
1983-07-15,NES,ラディア戦記　黎明篇,0,0,🚧,RPG,0,0
1983-07-15,NES,少年アシベ　ネパール大冒険の巻,0,0,🚧,ADV,0,0
1983-07-15,NES,大工の源さん,0,0,🚧,ACT,0,0
1983-07-15,NES,地底戦空バゾルダー,0,0,🚧,SHT,0,0
1983-07-15,NES,パチ夫くん４,0,0,🚧,TBL,0,0
1983-07-15,NES,みんなのたあ坊のなかよし大作戦,0,0,🚧,PZL,0,0
1983-07-15,NES,燃えプロ！最強編,0,0,🚧,SPT,0,0
1983-07-15,NES,アメリカ横断ウルトラクイズ　史上最大の戦い,0,0,🚧,TBL,0,0
1983-07-15,NES,ファミコン囲碁入門,0,0,🚧,TBL,0,0
1983-07-15,NES,ランパート,0,0,🚧,SLG,0,0
1983-07-15,NES,スノーブラザーズ,0,0,🚧,ACT,0,0
1983-07-15,NES,ロックマン４　新たなる野望！！,0,0,🚧,ACT,0,0
1983-07-15,NES,平成天才バカボン,0,0,🚧,ACT,0,0
1983-07-15,NES,ギミアぶれいく　史上最強のクイズ王決定戦,0,0,🚧,TBL,0,0
1983-07-15,NES,つるピカハゲ丸　めざせ！つるセコの証,0,0,🚧,ACT,0,0
1983-07-15,NES,ティーンエージミュータントニンジャタートルズ２　ザ・マンハッタンプロジェクト,0,0,🚧,ACT,0,0
1983-07-15,NES,テクモスーパーボウル,0,0,🚧,SPT,0,0
1983-07-15,NES,テトリス２＋ボンブリス,0,0,🚧,PZL,0,0
1983-07-15,NES,ヨッシーのたまご,0,0,🚧,PZL,0,0
1983-07-15,NES,アスミッくんランド,0,0,🚧,ACT,0,0
1983-07-15,NES,アンタッチャブル,0,0,🚧,ETC,0,0
1983-07-15,NES,ダイナマイトバットマン,0,0,🚧,ACT,0,0
1983-07-15,NES,タイニートゥーンアドベンチャーズ,0,0,🚧,ACT,0,0
1983-07-15,NES,パーマンＰＡＲＴ２　秘密結社マドー団をたおせ！,0,0,🚧,ACT,0,0
1983-07-15,NES,バトルトード,0,0,🚧,ACT,0,0
1983-07-15,NES,バナナン王子の大冒険,0,0,🚧,ACT,0,0
1983-07-15,NES,ファミスタ’９２,0,0,🚧,SPT,0,0
1983-07-15,NES,ベスト競馬ダービースタリオン,0,0,🚧,SLG,0,0
1983-07-15,NES,モンスターメーカー　７つの秘宝,0,0,🚧,RPG,0,0
1983-07-15,NES,東京パチスロアドベンチャー,0,0,🚧,TBL,0,0
1983-07-15,NES,爆笑！！人生劇場３,0,0,🚧,TBL,0,0
1983-07-15,NES,ＳＤガンダム ガチャポン戦士４　ニュータイプストーリー,0,0,🚧,SLG,0,0
1983-07-15,NES,信長の野望　武将風雲録,0,0,🚧,SLG,0,0
1983-07-15,NES,鳥人戦隊ジェットマン,0,0,🚧,ACT,0,0
1983-07-15,NES,チキチキマシン猛レース,0,0,🚧,ACT,0,0
1983-07-15,NES,バトルストーム,0,0,🚧,SLG,0,0
1983-07-15,NES,ザ・ブルーマリーン,0,0,🚧,ETC,0,0
1983-07-15,NES,ハドソンホーク,0,0,🚧,ACT,0,0
1983-07-15,NES,ウルトラマン倶楽部３　またまた出撃！！ウルトラ兄弟,0,0,🚧,RPG,0,0
1983-07-15,NES,ファミコンジャンプⅡ　最強の７人,0,0,🚧,RPG,0,0
1983-07-15,NES,第２次スーパーロボット大戦,0,0,🚧,RPG,0,0
1983-07-15,NES,がんばれゴエモン外伝２　天下の財宝,0,0,🚧,RPG,0,0
1983-07-15,NES,ピザポップ,0,0,🚧,ACT,0,0
1983-07-15,NES,太陽の勇者ファイバード,0,0,🚧,SHT,0,0
1983-07-15,NES,ソロモンの鍵２　クールミン島救出作戦,0,0,🚧,PZL,0,0
1983-07-15,NES,ビジネス　ウォーズ　最強の企業戦略Ｍ＆Ａ,0,0,🚧,SLG,0,0
1983-07-15,NES,バーズテイルⅡ　THE DISTINY KNIGHT,0,0,🚧,RPG,0,0
1983-07-15,NES,将棋名鑑’９２,0,0,🚧,TBL,0,0
1983-07-15,NES,ギミック,0,0,🚧,ACT,0,0
1983-07-15,NES,ドンドコドン２,0,0,🚧,ACT,0,0
1983-07-15,NES,バッキー　オヘア,0,0,🚧,ACT,0,0
1983-07-15,NES,Ｆ－１サーカス,0,0,🚧,RCG,0,0
1983-07-15,NES,いけいけ熱血ホッケー部　「すべってころんで大乱闘」,0,0,🚧,SPT,0,0
1983-07-15,NES,ネイビーブルー,0,0,🚧,ETC,0,0
1983-07-15,NES,Advanced Dungeon＆Dragons ドラゴンオブフレイム,0,0,🚧,RPG,0,0
1983-07-15,NES,パズロット,0,0,🚧,PZL,0,0
1983-07-15,NES,マジックキャンドル,0,0,🚧,RPG,0,0
1983-07-15,NES,伝染るんです。　かわうそ　ハワイへ行く,0,0,🚧,ACT,0,0
1983-07-15,NES,囲碁指南’９２,0,0,🚧,TBL,0,0
1983-07-15,NES,ナムコクラシックⅡ,0,0,🚧,SPT,0,0
1983-07-15,NES,ファイアーエムブレム外伝,0,0,🚧,SLG,0,0
1983-07-15,NES,究極ハリキリ甲子園,0,0,🚧,SPT,0,0
1983-07-15,NES,SUPER桃太郎電鉄,0,0,🚧,ETC,0,0
1983-07-15,NES,それいけ！アンパンマン　みんなでハイキングゲーム！,0,0,🚧,ETC,0,0
1983-07-15,NES,ＨＯＯＫ,0,0,🚧,ACT,0,0
1983-07-15,NES,ＷＷＦレッスルマニアチャレンジ,0,0,🚧,ACT,0,0
1983-07-15,NES,ハローキティワールド,0,0,🚧,ACT,0,0
1983-07-15,NES,プラズマボール,0,0,🚧,ACT,0,0
1983-07-15,NES,炎の闘球児ドッジ弾平,0,0,🚧,SPT,0,0
1983-07-15,NES,ひらけ！ポンキッキ,0,0,🚧,ACT,0,0
1983-07-15,NES,舛添要一　朝までファミコン,0,0,🚧,ADV,0,0
1983-07-15,NES,エキサイティングラリー,0,0,🚧,RCG,0,0
1983-07-15,NES,わんぱくコックンのグルメワールド,0,0,🚧,ACT,0,0
1983-07-15,NES,重力装甲メタルストーム,0,0,🚧,ACT,0,0
1983-07-15,NES,ひょっこりひょうたん島　なぞのかいぞくせん,0,0,🚧,ADV,0,0
1983-07-15,NES,麻雀大戦,0,0,🚧,TBL,0,0
1983-07-15,NES,クイズプロジェクトＱ,0,0,🚧,TBL,0,0
1983-07-15,NES,ＣＡＰＣＯＭバルセロナ’９２,0,0,🚧,SPT,0,0
1983-07-15,NES,三国志Ⅱ　覇王の大陸,0,0,🚧,SLG,0,0
1983-07-15,NES,まじかる☆タルるートくん２　まほうだいぼうけん,0,0,🚧,ACT,0,0
1983-07-15,NES,エスパードリーム２　新たなる戦い,0,0,🚧,RPG,0,0
1983-07-15,NES,ターミネーター２,0,0,🚧,ACT,0,0
1983-07-15,NES,びっくり熱血新記録　はるかなる金メダル,0,0,🚧,SPT,0,0
1983-07-15,NES,陰謀の惑星　シャンカラ,0,0,🚧,SLG,0,0
1983-07-15,NES,聖鈴伝説リックル,0,0,🚧,ACT,0,0
1983-07-15,NES,THE GOLF '92 (ザゴルフ９２),0,0,🚧,SPT,0,0
1983-07-15,NES,パチンコ大作戦２,0,0,🚧,TBL,0,0
1983-07-15,NES,Summer Carnical '92 烈火（サマーカーニバル）,0,0,🚧,SHT,0,0
1983-07-15,NES,サンリオカップ　ポンポンバレー,0,0,🚧,SPT,0,0
1983-07-15,NES,レッドアリーマーⅡ,0,0,🚧,ACT,0,0
1983-07-15,NES,三つ目がとおる,0,0,🚧,ACT,0,0
1983-07-15,NES,シルヴァサーガ,0,0,🚧,RPG,0,0
1983-07-15,NES,闘魂倶楽部,0,0,🚧,ACT,0,0
1983-07-15,NES,魔法のプリンセスミンキーモモ　リメンバードリーム,0,0,🚧,ACT,0,0
1983-07-15,NES,高橋名人の冒険島Ⅲ,0,0,🚧,ACT,0,0
1983-07-15,NES,エイセスアイアンイーグルⅢ,0,0,🚧,SHT,0,0
1983-07-15,NES,ドラゴンボールＺⅢ　烈戦人造人間,0,0,🚧,RPG,0,0
1983-07-15,NES,フリントストーン　THE RESCUE OF DINO ＆ HOPPY,0,0,🚧,ACT,0,0
1983-07-15,NES,ムーンクリスタル,0,0,🚧,ACT,0,0
1983-07-15,NES,ギミアぶれいく　史上最強のクイズ王決定戦２,0,0,🚧,TBL,0,0
1983-07-15,NES,ダービースタリオン　全国版,0,0,🚧,ETC,0,0
1983-07-15,NES,スーパーマリオＵＳＡ,0,0,🚧,ACT,0,0
1983-07-15,NES,１９９９　ほれ、みたことか！世紀末,0,0,🚧,ETC,0,0
1983-07-15,NES,ナムコプリズムゾーン　ドリームマスター,0,0,🚧,RPG,0,0
1983-07-15,NES,ゴール（ＧＯＡＬ）,0,0,🚧,SPT,0,0
1983-07-15,NES,ミッキーマウスⅢ　夢ふうせん,0,0,🚧,ACT,0,0
1983-07-15,NES,キャプテンセイバー,0,0,🚧,ACT,0,0
1983-07-15,NES,シャッフルファイト,0,0,🚧,ETC,0,0
1983-07-15,NES,スポット,0,0,🚧,ETC,0,0
1983-07-15,NES,ベストプレープロ野球スペシャル,0,0,🚧,SLG,0,0
1983-07-15,NES,トップストライカー,0,0,🚧,SPT,0,0
1983-07-15,NES,ＳＤガンダム外伝　ナイトガンダム物語３　伝説の騎士団,0,0,🚧,RPG,0,0
1983-07-15,NES,ダブルムーン伝説,0,0,🚧,RPG,0,0
1983-07-15,NES,恐竜戦隊ジュウレンジャー,0,0,🚧,ACT,0,0
1983-07-15,NES,トムとジェリー,0,0,🚧,ACT,0,0
1983-07-15,NES,フェラーリ　GRAND PRIX CHALLENGE,0,0,🚧,RCG,0,0
1983-07-15,NES,コロンブス　黄金の夜明け,0,0,🚧,RPG,0,0
1983-07-15,NES,ヨッシーのクッキー,0,0,🚧,PZL,0,0
1983-07-15,NES,タイニートゥーンアドベンチャー２　モンタナランドへようこそ,0,0,🚧,ACT,0,0
1983-07-15,NES,囲碁指南’９３,0,0,🚧,TBL,0,0
1983-07-15,NES,ちいさなおばけアッチコッチソッチ,0,0,🚧,PZL,0,0
1983-07-15,NES,ロックマン５　ブルースの罠！？,0,0,🚧,ACT,0,0
1983-07-15,NES,将棋名鑑’９３,0,0,🚧,TBL,0,0
1983-07-15,NES,ワギャンランド３,0,0,🚧,ACT,0,0
1983-07-15,NES,キョロちゃんランド,0,0,🚧,ACT,0,0
1983-07-15,NES,ハローキティのおはなばたけ,0,0,🚧,ACT,0,0
1983-07-15,NES,妖精物語　ロッドランド,0,0,🚧,ACT,0,0
1983-07-15,NES,ジャストブリード,0,0,🚧,RPG,0,0
1983-07-15,NES,バーコードワールド,0,0,🚧,ACT,0,0
1983-07-15,NES,ＳＤガンダム　ガチャポン戦士５　バトルオブユニバーサルセンチュリー,0,0,🚧,SLG,0,0
1983-07-15,NES,ファミスタ’９３,0,0,🚧,SPT,0,0
1983-07-15,NES,熱血格闘伝説,0,0,🚧,ACT,0,0
1983-07-15,NES,ウルトラマン倶楽部　怪獣大決戦,0,0,🚧,ACT,0,0
1983-07-15,NES,グレイトバトルサイバー,0,0,🚧,ACT,0,0
1983-07-15,NES,嗚呼！野球人生一直線,0,0,🚧,ETC,0,0
1983-07-15,NES,[データック] ドラゴンボールＺ激闘天下一武道会,0,0,🚧,ACT,0,0
1983-07-15,NES,サンリオカーニバル２,0,0,🚧,PZL,0,0
1983-07-15,NES,ワイリー＆ライトのロックボード　ザッツパラダイス,0,0,🚧,TBL,0,0
1983-07-15,NES,仮面ライダーＳＤ　グランショッカーの野望,0,0,🚧,ETC,0,0
1983-07-15,NES,Ｆ－１センセーション,0,0,🚧,RCG,0,0
1983-07-15,NES,悪魔城ドラキュラ,0,0,🚧,ACT,0,0
1983-07-15,NES,けろけろけろっぴの大冒険２　ドーナツ池はおおさわぎ,0,0,🚧,ACT,0,0
1983-07-15,NES,バトルベースボール,0,0,🚧,SPT,0,0
1983-07-15,NES,バイオミラクルぼくってウパ,0,0,🚧,ACT,0,0
1983-07-15,NES,バブルボブル２,0,0,🚧,ACT,0,0
1983-07-15,NES,めざせ！トッププロ　～グリーンに賭ける夢～,0,0,🚧,SPT,0,0
1983-07-15,NES,ＵＳＡ　アイスホッケー　ｉｎ　ＦＣ,0,0,🚧,SPT,0,0
1983-07-15,NES,スターウォーズ　帝国の逆襲(ビクター製),0,0,🚧,ACT,0,0
1983-07-15,NES,ぴょこたんの大迷路,0,0,🚧,ADV,0,0
1983-07-15,NES,カジノダービー,0,0,🚧,ETC,0,0
1983-07-15,NES,星のカービィ　夢の泉の物語,0,0,🚧,ACT,0,0
1983-07-15,NES,蒼き狼と白き牝鹿　元朝秘史,0,0,🚧,SLG,0,0
1983-07-15,NES,もえろツインビー　シナモン博士を救え,0,0,🚧,SHT,0,0
1983-07-15,NES,愛先生のＯＳＨＩＥＴＥわたしの星,0,0,🚧,ETC,0,0
1983-07-15,NES,炎の闘球児ドッジ弾平２,0,0,🚧,SPT,0,0
1983-07-15,NES,快傑ヤンチャ丸３　対決！ゾウリンゲン,0,0,🚧,ACT,0,0
1983-07-15,NES,[データック] ＳＤガンダム　ガンダムウォーズ,0,0,🚧,SLG,0,0
1983-07-15,NES,[データック] ウルトラマン倶楽部　スポ根ファイト,0,0,🚧,SPT,0,0
1983-07-15,NES,くにおくんの熱血サッカーリーグ,0,0,🚧,SPT,0,0
1983-07-15,NES,ジェットソン,0,0,🚧,ACT,0,0
1983-07-15,NES,ダックテイルズ２,0,0,🚧,ACT,0,0
1983-07-15,NES,ゴリラーマン,0,0,🚧,ETC,0,0
1983-07-15,NES,ジョイメカファイト,0,0,🚧,ACT,0,0
1983-07-15,NES,パチ夫くん５ Ｊｒの挑戦,0,0,🚧,TBL,0,0
1983-07-15,NES,マイティファイナルファイト,0,0,🚧,ACT,0,0
1983-07-15,NES,Ｊリーグファイティングサッカー　THE KING OF ACE STRIKERS,0,0,🚧,SPT,0,0
1983-07-15,NES,うしおととら　深淵の大妖,0,0,🚧,RPG,0,0
1983-07-15,NES,ぷよぷよ,0,0,🚧,PZL,0,0
1983-07-15,NES,ＦＣ原人,0,0,🚧,ACT,0,0
1983-07-15,NES,甲竜伝説ヴィルガスト外伝,0,0,🚧,RPG,0,0
1983-07-15,NES,ドラゴンボールＺ外伝　サイヤ人絶滅計画,0,0,🚧,RPG,0,0
1983-07-15,NES,[データック] クレヨンしんちゃん　オイラとポイポイ,0,0,🚧,PZL,0,0
1983-07-15,NES,クレヨンしんちゃん　オイラとポイポイ,0,0,🚧,PZL,0,0
1983-07-15,NES,パチスロアドベンチャー２　そろっ太くんのパチスロ探偵団,0,0,🚧,TBL,0,0
1983-07-15,NES,テトリスフラッシュ,0,0,🚧,PZL,0,0
1983-07-15,NES,[データック] 幽☆遊☆白書　爆闘暗黒武術会,0,0,🚧,ACT,0,0
1983-07-15,NES,大工の源さん２　赤毛のダンの逆襲,0,0,🚧,ACT,0,0
1983-07-15,NES,ろくでなしＢＬＵＥＳ,0,0,🚧,RPG,0,0
1983-07-15,NES,ロックマン６　史上最大の闘い,0,0,🚧,ACT,0,0
1983-07-15,NES,[データック] バトルラッシュ,0,0,🚧,ACT,0,0
1983-07-15,NES,ＲＰＧ人生ゲーム,0,0,🚧,ETC,0,0
1983-07-15,NES,けろっぴとけろりーぬのスプラッシュボム,0,0,🚧,ACT,0,0
1983-07-15,NES,ファミスタ’９４,0,0,🚧,SPT,0,0
1983-07-15,NES,チップとデールの大作戦２,0,0,🚧,ACT,0,0
1983-07-15,NES,なかよしといっしょ,0,0,🚧,ADV,0,0
1983-07-15,NES,囲碁指南’９４,0,0,🚧,TBL,0,0
1983-07-15,NES,桃太郎伝説外伝,0,0,🚧,RPG,0,0
1983-07-15,NES,熱血！すとりーとバスケット　がんばれDUNK HEROES,0,0,🚧,SPT,0,0
1983-07-15,NES,ゼルダの伝説１,0,0,🚧,ADV,0,0
1983-07-15,NES,ワリオの森,0,0,🚧,PZL,0,0
1983-07-15,NES,ファイナルファンタジーⅠ・Ⅱ,0,0,🚧,RPG,0,0
1983-07-15,NES,[データック] J-LEAGUEスーパートッププレイヤーズ,0,0,🚧,SPT,0,0
1983-07-15,NES,パチスロアドベンチャー３  ビタオシー７見参,0,0,🚧,TBL,0,0
1983-07-15,NES,Ｊリーグ　ウイニングゴール,0,0,🚧,SPT,0,0
1983-07-15,NES,高橋名人の冒険島Ⅳ,0,0,🚧,ACT,0,0
1983-07-15,NES,ＮＨＫ学園 スペース スクール 小学校の算数４年生　上,0,0,🚧,ETC,0,0
1983-07-15,NES,ＮＨＫ学園 スペース スクール 小学校の算数４年生　下,0,0,🚧,ETC,0,0
1983-07-15,NES,ＮＨＫ学園 スペース スクール 小学校の算数５年生　上,0,0,🚧,ETC,0,0
1983-07-15,NES,ＮＨＫ学園 スペース スクール 小学校の算数５年生　下,0,0,🚧,ETC,0,0
1983-07-15,NES,ＮＨＫ学園 スペース スクール 小学校の算数６年生　上,0,0,🚧,ETC,0,0
1983-07-15,NES,ＮＨＫ学園 スペース スクール 小学校の算数６年生　下,0,0,🚧,ETC,0,0
1983-07-15,NES,JRA-PAT,0,0,🚧,ETC,0,0
1983-07-15,NES,野村のファミコントレード,0,0,🚧,ETC,0,0
1983-07-15,NES,野村のファミコントレード　(Ｖ2),0,0,🚧,ETC,0,0
1983-07-15,NES,新日本のファミコン　ホームトレード,0,0,🚧,ETC,0,0
1983-07-15,NES,住友　ホームライン,0,0,🚧,ETC,0,0
1983-07-15,NES,ファミコンフィットネス,0,0,🚧,ETC,0,0
1983-07-15,NES,スタディボックス,0,0,🚧,ETC,0,0
1983-07-15,NES,ASO（サンプル版）,0,0,🚧,SHT,0,0
1983-07-15,NES,アルゴスの戦士,0,0,🚧,???,0,0
1983-07-15,NES,インドラの光　サンプル Ver1.1（サンプル版）,0,0,🚧,RPG,0,0
1983-07-15,NES,エスパ冒険隊,0,0,🚧,???,0,0
1983-07-15,NES,オホーツクに消ゆ,0,0,🚧,???,0,0
1983-07-15,NES,ガーディック外伝,0,0,🚧,???,0,0
1983-07-15,NES,キャプテンシルバー,0,0,🚧,???,0,0
1983-07-15,NES,グーニーズ2 (サンプル版）,0,0,🚧,ACT,0,0
1983-07-15,NES,クインティ(サンプル版）,0,0,🚧,ACT,0,0
1983-07-15,NES,グラディウス(サンプル版）,0,0,🚧,ACT,0,0
1983-07-15,NES,ケルナグール（サンプル版）,0,0,🚧,ACT,0,0
1983-07-15,NES,コロンブス（黄金の夜明け）（サンプル版）,0,0,🚧,RPG,0,0
1983-07-15,NES,サイドポケット（サンプル版）,0,0,🚧,SPT,0,0
1983-07-15,NES,サンリオカーニバル（サンプル版）,0,0,🚧,PZL,0,0
1983-07-15,NES,ジョイメカファイト（サンプル版）,0,0,🚧,???,0,0
1983-07-15,NES,スーパーマン,0,0,🚧,???,0,0
1983-07-15,NES,スケバン刑事Ⅲ,0,0,🚧,???,0,0
1983-07-15,NES,ゼルダの伝説１（サンプル版）,0,0,🚧,ADV,0,0
1983-07-15,NES,ゾイド２（サンプル版）,0,0,🚧,???,0,0
1983-07-15,NES,ゾンビハンター,0,0,🚧,???,0,0
1983-07-15,NES,タイトーグランプリ（サンプル版）,0,0,🚧,RCG,0,0
1983-07-15,NES,ダイナマイトボウル (サンプル版）,0,0,🚧,SPT,0,0
1983-07-15,NES,たけしの戦国風雲児,0,0,🚧,???,0,0
1983-07-15,NES,ツインイーグル(サンプル版）,0,0,🚧,???,0,0
1983-07-15,NES,テトリスフラッシュ（サンプル版）,0,0,🚧,???,0,0
1983-07-15,NES,トップガン (サンプル版）,0,0,🚧,SHT,0,0
1983-07-15,NES,ドラゴンボール大魔王復活 (サンプル版）,0,0,🚧,RPG,0,0
1983-07-15,NES,バードウィーク (サンプル版）,0,0,🚧,ACT,0,0
1983-07-15,NES,バベルの塔（見本版）,0,0,🚧,PZL,0,0
1983-07-15,NES,バツ＆テリー,0,0,🚧,???,0,0
1983-07-15,NES,ブービーキッズ（サンプル版）,0,0,🚧,???,0,0
1983-07-15,NES,ファイティングロード（サンプル版）,0,0,🚧,???,0,0
1983-07-15,NES,ファミスタ'87（サンプル版）,0,0,🚧,???,0,0
1983-07-15,NES,ファミスタ'90（サンプル版）,0,0,🚧,SPT,0,0
1983-07-15,NES,ファミリージョッキー (サンプル版）,0,0,🚧,SPT,0,0
1983-07-15,NES,フォトン,0,0,🚧,???,0,0
1983-07-15,NES,フリップル,0,0,🚧,???,0,0
1983-07-15,NES,プロ野球？殺人事件！,0,0,🚧,???,0,0
1983-07-15,NES,へクター８７,0,0,🚧,???,0,0
1983-07-15,NES,まじかるキッズどろぴい(サンプル版）,0,0,🚧,???,0,0
1983-07-15,NES,マッドシティ（サンプル版）,0,0,🚧,ACT,0,0
1983-07-15,NES,マッピーキッズ（サンプル版）,0,0,🚧,ACT,0,0
1983-07-15,NES,マドゥーラの翼（サンプル版）,0,0,🚧,ACT,0,0
1983-07-15,NES,マニアックマンション,0,0,🚧,???,0,0
1983-07-15,NES,ミネルバトンサーガ,0,0,🚧,???,0,0
1983-07-15,NES,メタルギア,0,0,🚧,???,0,0
1983-07-15,NES,リトル・マーメイド,0,0,🚧,???,0,0
1983-07-15,NES,レーサーミニ四駆 ジャパンカップ,0,0,🚧,???,0,0
1983-07-15,NES,レインボーアイランド（サンプル版）,0,0,🚧,ACT,0,0
1983-07-15,NES,ワリオの森（サンプル版）,0,0,🚧,???,0,0
1983-07-15,NES,孔雀王 (サンプル版）,0,0,🚧,ADV,0,0
1983-07-15,NES,魂斗羅,0,0,🚧,???,0,0
1983-07-15,NES,競馬シミュレーション 本命（サンプル版）,0,0,🚧,???,0,0
1983-07-15,NES,京都龍の寺殺人事件（サンプル版）,0,0,🚧,ADV,0,0
1983-07-15,NES,沙羅曼蛇（サンプル版）,0,0,🚧,ACT,0,0
1983-07-15,NES,砂漠の狐,0,0,🚧,???,0,0
1983-07-15,NES,時空勇伝デビアス,0,0,🚧,???,0,0
1983-07-15,NES,長靴をはいた猫,0,0,🚧,???,0,0
1983-07-15,NES,西村京太郎ブルートレイン殺人事件,0,0,🚧,???,0,0
1983-07-15,NES,上海（サンプル版）,0,0,🚧,PZL,0,0
1983-07-15,NES,風雲たけし城 二,0,0,🚧,???,0,0
1983-07-15,NES,中国占星術,0,0,🚧,???,0,0
1983-07-15,NES,伝説の騎士エルロンド,0,0,🚧,???,0,0
1983-07-15,NES,百鬼夜行（サンプル版）,0,0,🚧,???,0,0
1983-07-15,NES,南国指令スパイＶＳスパイ（サンプル版）,0,0,🚧,???,0,0
1983-07-15,NES,迷宮組曲（サンプル版）,0,0,🚧,ACT,0,0
1983-07-15,NES,①ドンキーコングＪｒ．　②Ｊｒ．の算数レッスン,0,0,🚧,ETC,0,0
1983-07-15,NES,HVC検査カセット コントローラーＴＥＳＴ,0,0,🚧,ETC,0,0
1983-07-15,NES,SPACE COLLECE 危険物のやさしい物理と化学,0,0,🚧,???,0,0
1983-07-15,NES,ウラナイド２,0,0,🚧,???,0,0
1983-07-15,NES,オバケのＱ太郎ワンワンパニック　ゴールドカートリッジ,0,0,🚧,ACT,0,0
1983-07-15,NES,キン肉マンマッスルタッグマッチ　ゴールドカートリッジ,0,0,🚧,SPT,0,0
1983-07-15,NES,キン肉マンマッスルタッグマッチ　集英社児童図書バージョン,0,0,🚧,SPT,0,0
1983-07-15,NES,グラディウス　アルキメンデス版,0,0,🚧,ACT,0,0
1983-07-15,NES,スターソルジャー  連射測定ソフト,0,0,🚧,SHT,0,0
1983-07-15,NES,スーパーチャイニーズ２,0,0,🚧,RPG,0,0
1983-07-15,NES,セーフティーラリー,0,0,🚧,???,0,0
1983-07-15,NES,タッグチームプロレスリング　スペシャルバージョン,0,0,🚧,ACT,0,0
1983-07-15,NES,トップライダー  キリン「メッツ」バージョン,0,0,🚧,RCG,0,0
1983-07-15,NES,ドラゴンボールＺⅡ　激神フリーザ！！  '91 JUMP VICTORY FESTIVAL MEMORIAL VERSION,0,0,🚧,RPG,0,0
1983-07-15,NES,パンチアウト　ゴールドカートリッジ,0,0,🚧,SPT,0,0
1983-07-15,NES,ファミリーコンピュータ　プログラム色見本　カラーチャート,0,0,🚧,ETC,0,0
1983-07-15,NES,ファミリースクール,0,0,🚧,PZL,0,0
1983-07-15,NES,レイダック テーラーメイド,0,0,🚧,ETC,0,0
1983-07-15,NES,ロックマン４　新たなる野望！！　ゴールドカートリッジ,0,0,🚧,ACT,0,0
1983-07-15,NES,影の伝説　ヤマキめんつゆサマープレゼント,0,0,🚧,ACT,0,0
1983-07-15,NES,機動戦士Ｚガンダム　ホットスクランブル　ファイナルバージョン,0,0,🚧,SHT,0,0
1983-07-15,NES,ＡＶスーパーリアルパチンコ,0,0,🚧,???,0,0
1983-07-15,NES,ＡＶドラゴン麻雀,0,0,🚧,???,0,0
1983-07-15,NES,ＡＶパチスロ　ビックチャンス,0,0,🚧,???,0,0
1983-07-15,NES,ＡＶポーカー,0,0,🚧,???,0,0
1983-07-15,NES,ＡＶワールドサッカー　チアガール争奪戦,0,0,🚧,???,0,0
1983-07-15,NES,ＡＶ花札倶楽部,0,0,🚧,TBL,0,0
1983-07-15,NES,ＡＶ麻雀倶楽部　大都会,0,0,🚧,???,0,0
1983-07-15,NES,アイドル四川麻雀,0,0,🚧,PZL,0,0
1983-07-15,NES,ドラゴンＡＶ麻雀,0,0,🚧,TBL,0,0
1983-07-15,NES,セクシーピラミッド,0,0,🚧,???,0,0
1983-07-15,NES,ソープパニック,0,0,🚧,???,0,0
1983-07-15,NES,パピヨンギャルズ,0,0,🚧,???,0,0
1983-07-15,NES,ピラミット　クレオパトラ危機一髪,0,0,🚧,???,0,0
1983-07-15,NES,ファミコン版ラブクエスト,0,0,🚧,???,0,0
1983-07-15,NES,"マリ,アヤミ,ルカのAVポーカー",0,0,🚧,???,0,0
1983-07-15,NES,ミスピーチワールド(Miss PEACH World ),0,0,🚧,???,0,0
1983-07-15,NES,メタルファイターミュー,0,0,🚧,???,0,0
1983-07-15,NES,四川麻雀 制服篇,0,0,🚧,TBL,0,0
1983-07-15,NES,花札遊侠伝　流れ花　お竜,0,0,🚧,TBL,0,0
1983-07-15,NES,麻雀コンパニオン　六本木編,0,0,🚧,TBL,0,0
1983-07-15,NES,麻雀サミット　歌舞伎町篇,0,0,🚧,TBL,0,0
1996-06-23,N64,スーパーマリオ64,0,0,🚧,ACT,0,0
1996-06-23,N64,パイロットウィングス64,0,0,🚧,SLG,0,0
1996-06-23,N64,最強羽生将棋,0,0,🚧,TBL,0,0
1996-06-23,N64,ウェーブレース64,0,0,🚧,SPT,0,0
1996-06-23,N64,ワンダープロジェクトJ2 コルロの森のジョゼット,0,0,🚧,ADV,0,0
1996-06-23,N64,栄光のセントアンドリュース,0,0,🚧,SPT,0,0
1996-06-23,N64,マリオカート64,0,0,🚧,RCG,0,0
1996-06-23,N64,実況Jリーグ パーフェクトストライカー,0,0,🚧,SPT,0,0
1996-06-23,N64,超空間ナイター プロ野球キング,0,0,🚧,SPT,0,0
1996-06-23,N64,麻雀MASTER マージャン,0,0,🚧,TBL,0,0
1996-06-23,N64,実況パワフルプロ野球4,0,0,🚧,SPT,0,0
1996-06-23,N64,ドラえもん のび太と3つの精霊石,0,0,🚧,ACT,0,0
1996-06-23,N64,ブラストドーザー,0,0,🚧,ACT,0,0
1996-06-23,N64,JリーグLIVE64,0,0,🚧,SPT,0,0
1996-06-23,N64,ヒューマングランプリ ザ・ニュージェネレーション,0,0,🚧,SPT,0,0
1996-06-23,N64,麻雀64,0,0,🚧,TBL,0,0
1996-06-23,N64,スターフォックス64,0,0,🚧,SHT,0,0
1996-06-23,N64,時空戦士テュロック,0,0,🚧,ACT,0,0
1996-06-23,N64,スターウォーズ 帝国の影,0,0,🚧,ACT,0,0
1996-06-23,N64,ゆけゆけ!!トラブルメーカーズ,0,0,🚧,ACT,0,0
1996-06-23,N64,ウェーブレース64　振動パック対応バージョン,0,0,🚧,SPT,0,0
1996-06-23,N64,スーパーマリオ64　振動パック対応バージョン,0,0,🚧,ACT,0,0
1996-06-23,N64,マルチレーシングチャンピオンシップ,0,0,🚧,RCG,0,0
1996-06-23,N64,雀豪シミュレーション麻雀道64,0,0,🚧,TBL,0,0
1996-06-23,N64,DOOM64,0,0,🚧,ACT,0,0
1996-06-23,N64,麻雀放浪記CLASSIC,0,0,🚧,TBL,0,0
1996-06-23,N64,がんばれゴエモン～ネオ桃山幕府のおどり～,0,0,🚧,ACT,0,0
1996-06-23,N64,パワーリーグ64,0,0,🚧,SPT,0,0
1996-06-23,N64,ゴールデン・アイ007,0,0,🚧,ACT,0,0
1996-06-23,N64,Jリーグダイナマイトサッカー64,0,0,🚧,SPT,0,0
1996-06-23,N64,実況ワールドサッカー3,0,0,🚧,SPT,0,0
1996-06-23,N64,爆ボンバーマン,0,0,🚧,ACT,0,0
1996-06-23,N64,Jリーグイレブンビート1997,0,0,🚧,SPT,0,0
1996-06-23,N64,ぷよぷよSUN64,0,0,🚧,PZL,0,0
1996-06-23,N64,ディディーコングレーシング,0,0,🚧,RCG,0,0
1996-06-23,N64,プロ麻雀 極64,0,0,🚧,TBL,0,0
1996-06-23,N64,64大相撲,0,0,🚧,SPT,0,0
1996-06-23,N64,HEIWAパチンコワールド64,0,0,🚧,TBL,0,0
1996-06-23,N64,ファミスタ64,0,0,🚧,SPT,0,0
1996-06-23,N64,ワイルドチョッパーズ,0,0,🚧,SHT,0,0
1996-06-23,N64,TOP GEAR RALLY,0,0,🚧,RCG,0,0
1996-06-23,N64,デュアルヒーローズ,0,0,🚧,ACT,0,0
1996-06-23,N64,カメレオン・ツイスト,0,0,🚧,ACT,0,0
1996-06-23,N64,スノボキッズ,0,0,🚧,RCG,0,0
1996-06-23,N64,ハイパーオリンピック イン ナガノ64,0,0,🚧,SPT,0,0
1996-06-23,N64,ヘクセン,0,0,🚧,ACT,0,0
1996-06-23,N64,飛龍の拳ツイン,0,0,🚧,ACT,0,0
1996-06-23,N64,64で発見!たまごっち みんなでたまごっちワールド,0,0,🚧,TBL,0,0
1996-06-23,N64,ウッチャンナンチャンの炎のチャレンジャーウルトラ電流イライラ棒,0,0,🚧,ACT,0,0
1996-06-23,N64,エアロゲイジ,0,0,🚧,RCG,0,0
1996-06-23,N64,バーチャル・プロレスリング64,0,0,🚧,SPT,0,0
1996-06-23,N64,ヨッシーストーリー,0,0,🚧,ACT,0,0
1996-06-23,N64,遥かなるオーガスタ MASTERS'98,0,0,🚧,SPT,0,0
1996-06-23,N64,新日本プロレス 闘魂炎導 ～Brave Spirits～,0,0,🚧,SPT,0,0
1996-06-23,N64,NBA IN THE ZONE'98,0,0,🚧,SPT,0,0
1996-06-23,N64,シムシティ2000,0,0,🚧,SLG,0,0
1996-06-23,N64,1080スノーボーディング,0,0,🚧,SPT,0,0
1996-06-23,N64,ウェイン・グレッキー 3Dホッケー,0,0,🚧,SPT,0,0
1996-06-23,N64,ソニック ウィングス アサルト,0,0,🚧,SHT,0,0
1996-06-23,N64,G.A.S.P!! Fighter's NEXTream,0,0,🚧,ACT,0,0
1996-06-23,N64,実況パワフルプロ野球5,0,0,🚧,SPT,0,0
1996-06-23,N64,進め!対戦ぱずるだま 闘魂!まるたま町,0,0,🚧,PZL,0,0
1996-06-23,N64,エアーボーダー64,0,0,🚧,RCG,0,0
1996-06-23,N64,スペースダイナマイツ,0,0,🚧,ACT,0,0
1996-06-23,N64,森田将棋64,0,0,🚧,TBL,0,0
1996-06-23,N64,FIFA Road to WORLD CUP 98 ～ワールドカップへの道～,0,0,🚧,SPT,0,0
1996-06-23,N64,ボンバーマンヒーロー ～ミリアン王女を救え!～,0,0,🚧,ACT,0,0
1996-06-23,N64,エクストリームG,0,0,🚧,RCG,0,0
1996-06-23,N64,スーパースピードレース64,0,0,🚧,RCG,0,0
1996-06-23,N64,パチンコ365日,0,0,🚧,TBL,0,0
1996-06-23,N64,実況ワールドサッカー WORLD CUP FRANCE'98,0,0,🚧,SPT,0,0
1996-06-23,N64,デザエモン3D,0,0,🚧,SHT,0,0
1996-06-23,N64,スターソルジャーバニシングアース,0,0,🚧,SHT,0,0
1996-06-23,N64,F-ZERO X,0,0,🚧,RCG,0,0
1996-06-23,N64,オリンピック ホッケー ナガノ98,0,0,🚧,SPT,0,0
1996-06-23,N64,スーパーロボットスピリッツ,0,0,🚧,ACT,0,0
1996-06-23,N64,チョロQ64,0,0,🚧,RCG,0,0
1996-06-23,N64,RAKUGAKIDS,0,0,🚧,ACT,0,0
1996-06-23,N64,スーパービーダマン バトルフェニックス64,0,0,🚧,SHT,0,0
1996-06-23,N64,ポケモンスタジアム,0,0,🚧,ETC,0,0
1996-06-23,N64,アリスのわくわくトランプワールド 64,0,0,🚧,TBL,0,0
1996-06-23,N64,イギーくんのぶらぶらぽよん,0,0,🚧,RCG,0,0
1996-06-23,N64,Let's スマッシュ,0,0,🚧,SPT,0,0
1996-06-23,N64,キラッと解決! 64探偵団,0,0,🚧,TBL,0,0
1996-06-23,N64,CITY TOUR GRANDPRIX ～全日本GT選手権～,0,0,🚧,RCG,0,0
1996-06-23,N64,TETRIS64,0,0,🚧,PZL,0,0
1996-06-23,N64,マジカル テトリス チャレンジ featuring ミッキー,0,0,🚧,PZL,0,0
1996-06-23,N64,ゼルダの伝説 時のオカリナ,0,0,🚧,ARPG,0,0
1996-06-23,N64,ウェットリス,0,0,🚧,PZL,0,0
1996-06-23,N64,ナイフエッジ～ノーズガンナー～,0,0,🚧,SHT,0,0
1996-06-23,N64,ぬし釣り64,0,0,🚧,RPG,0,0
1996-06-23,N64,マリオのふぉとぴー,0,0,🚧,ETC,0,0
1996-06-23,N64,ゲッターラブ!! ～ちょー恋愛パーティーゲーム～,0,0,🚧,TBL,0,0
1996-06-23,N64,バンジョーとカズーイの大冒険,0,0,🚧,ACT,0,0
1996-06-23,N64,ドラえもん2 のび太と光の神殿,0,0,🚧,ACT,0,0
1996-06-23,N64,ファイティングカップ,0,0,🚧,ACT,0,0
1996-06-23,N64,ピカチュウげんきでちゅう,0,0,🚧,ETC,0,0
1996-06-23,N64,AI将棋3 NINTENDO64版,0,0,🚧,TBL,0,0
1996-06-23,N64,BUCK BUMBLE,0,0,🚧,SHT,0,0
1996-06-23,N64,F-1 World Grandprix,0,0,🚧,RCG,0,0
1996-06-23,N64,KING HILL64 -エクストリームスノーボーディング-,0,0,🚧,SPT,0,0
1996-06-23,N64,マリオパーティ,0,0,🚧,TBL,0,0
1996-06-23,N64,がんばれゴエモン でろでろ道中オバケてんこ盛り,0,0,🚧,ACT,0,0
1996-06-23,N64,爆笑人生64 めざせ!リゾート王,0,0,🚧,TBL,0,0
1996-06-23,N64,カメレオンツイスト2,0,0,🚧,ACT,0,0
1996-06-23,N64,SNOW SPEEDER,0,0,🚧,RCG,0,0
1996-06-23,N64,新日本プロレスリング 闘魂炎導2 -the next generation-,0,0,🚧,SPT,0,0
1996-06-23,N64,Jリーグ タクティクス・サッカー,0,0,🚧,SLG,0,0
1996-06-23,N64,ニンテンドウオールスター!大乱闘 スマッシュブラザーズ,0,0,🚧,ACT,0,0
1996-06-23,N64,Parlor!PRO64 パチンコ実機シミュレーションゲーム,0,0,🚧,SLG,0,0
1996-06-23,N64,SD飛龍の拳伝説,0,0,🚧,ACT,0,0
1996-06-23,N64,牧場物語2,0,0,🚧,SLG,0,0
1996-06-23,N64,超スノボキッズ,0,0,🚧,RCG,0,0
1996-06-23,N64,パズルボブル64,0,0,🚧,PZL,0,0
1996-06-23,N64,悪魔城ドラキュラ黙示録,0,0,🚧,ACT,0,0
1996-06-23,N64,64大相撲2,0,0,🚧,SPT,0,0
1996-06-23,N64,TOP GEAR OVERDRIVE,0,0,🚧,RCG,0,0
1996-06-23,N64,人生ゲーム64,0,0,🚧,TBL,0,0
1996-06-23,N64,超空間ナイター プロ野球キング2,0,0,🚧,SPT,0,0
1996-06-23,N64,ポケモンスナップ,0,0,🚧,ETC,0,0
1996-06-23,N64,実況パワフルプロ野球6,0,0,🚧,SPT,0,0
1996-06-23,N64,スーパーボウリング,0,0,🚧,SPT,0,0
1996-06-23,N64,おねがいモンスター,0,0,🚧,SLG,0,0
1996-06-23,N64,実況G1ステイブル,0,0,🚧,SLG,0,0
1996-06-23,N64,ポケモンスタジアム2,0,0,🚧,ETC,0,0
1996-06-23,N64,ラストレジオンUX,0,0,🚧,ACT,0,0
1996-06-23,N64,NBA IN THE ZONE 2,0,0,🚧,SPT,0,0
1996-06-23,N64,ズール～魔獣使い伝説～,0,0,🚧,RPG,0,0
1996-06-23,N64,マリオゴルフ64,0,0,🚧,SPT,0,0
1996-06-23,N64,バイオレンスキラー ～TUROK NEW GENERATION～,0,0,🚧,ACT,0,0
1996-06-23,N64,NEON GENESIS EVANGERION,0,0,🚧,ACT,0,0
1996-06-23,N64,エルテイルモンスターズ,0,0,🚧,RPG,0,0
1996-06-23,N64,オウガバトル64 Person of Lordly Caliber,0,0,🚧,SLG,0,0
1996-06-23,N64,PDウルトラマンバトルコレクション64,0,0,🚧,SLG,0,0
1996-06-23,N64,スターウォーズ エピソード1レーサー,0,0,🚧,RCG,0,0
1996-06-23,N64,実況Jリーグ1999 パーフェクトストライカー2,0,0,🚧,SPT,0,0
1996-06-23,N64,ロードランナー3D,0,0,🚧,PZL,0,0
1996-06-23,N64,電車でGO!64,0,0,🚧,SLG,0,0
1996-06-23,N64,HYBRID HEAVEN,0,0,🚧,RPG,0,0
1996-06-23,N64,Rally'99,0,0,🚧,RCG,0,0
1996-06-23,N64,SHADOWGATE64,0,0,🚧,ADV,0,0
1996-06-23,N64,スターウォーズ 出撃!ローグ中隊,0,0,🚧,SHT,0,0
1996-06-23,N64,格闘伝承～F-CUP MANIAX～,0,0,🚧,ACT,0,0
1996-06-23,N64,爆裂無敵バンガイオー,0,0,🚧,SHT,0,0
1996-06-23,N64,エクストリームG2,0,0,🚧,RCG,0,0
1996-06-23,N64,WIN BACK,0,0,🚧,ACT,0,0
1996-06-23,N64,ビーストウォーズメタルス64,0,0,🚧,ACT,0,0
1996-06-23,N64,V-RALLY EDITION 99,0,0,🚧,RCG,0,0
1996-06-23,N64,夜光虫2～殺人行路～,0,0,🚧,ADV,0,0
1996-06-23,N64,スーパーロボット大戦64,0,0,🚧,SLG,0,0
1996-06-23,N64,64花札～天使の約束～,0,0,🚧,TBL,0,0
1996-06-23,N64,プロ麻雀「兵」64,0,0,🚧,TBL,0,0
1996-06-23,N64,ビートルアドベンチャーレーシング,0,0,🚧,RCG,0,0
1996-06-23,N64,スターツインズ,0,0,🚧,ACT,0,0
1996-06-23,N64,ぷよぷよ～んパーティ,0,0,🚧,PZL,0,0
1996-06-23,N64,爆ボンバーマン2,0,0,🚧,ACT,0,0
1996-06-23,N64,カスタムロボ,0,0,🚧,ACT,0,0
1996-06-23,N64,ドンキーコング64,0,0,🚧,ACT,0,0
1996-06-23,N64,マリオパーティ2,0,0,🚧,TBL,0,0
1996-06-23,N64,チョロQ64 2ハチャメチャグランプリレース,0,0,🚧,RCG,0,0
1996-06-23,N64,ロボットポンコッツ64七つの海のカラメル,0,0,🚧,RPG,0,0
1996-06-23,N64,ゴエモンもののけ双六,0,0,🚧,TBL,0,0
1996-06-23,N64,悪魔城ドラキュラ黙示録外伝～レジェンド オブ コーネル～,0,0,🚧,ACT,0,0
1996-06-23,N64,バーチャル・プロレス２ ～王道継承～,0,0,🚧,SPT,0,0
1996-06-23,N64,バイオハザード２,0,0,🚧,AADV,0,0
1996-06-23,N64,トップギア・ラリー２,0,0,🚧,RCG,0,0
1996-06-23,N64,ＴＯＰ ＧＥＡＲ ＨＹＰＥＲ－ＢＩＫＥ,0,0,🚧,RCG,0,0
1996-06-23,N64,星のカービィ６４,0,0,🚧,ACT,0,0
1996-06-23,N64,糸井重里のバス釣りＮｏ．１ 決定版！,0,0,🚧,SPT,0,0
1996-06-23,N64,ガントレットレジェンド,0,0,🚧,RPG,0,0
1996-06-23,N64,大刀 ～ＤＡＩＫＡＴＡＮＡ～,0,0,🚧,ADV,0,0
1996-06-23,N64,井出洋介の麻雀塾,0,0,🚧,TBL,0,0
1996-06-23,N64,忍たま乱太郎64ゲームギャラリー,0,0,🚧,ADV,0,0
1996-06-23,N64,ゼルダの伝説　ムジュラの仮面,0,0,🚧,ARPG,0,0
1996-06-23,N64,Bass Rush～ECOGEAR,0,0,🚧,SLG,0,0
1996-06-23,N64,実況パワフルプロ野球2000,0,0,🚧,SPT,0,0
1996-06-23,N64,ぬし釣り64～潮風にのって～,0,0,🚧,RPG,0,0
1996-06-23,N64,エキサイトバイク64,0,0,🚧,RCG,0,0
1996-06-23,N64,がんばれ！ニッポン！オリンピック2000,0,0,🚧,SPT,0,0
1996-06-23,N64,マリオテニス64,0,0,🚧,SPT,0,0
1996-06-23,N64,ドラえもん3 のび太の町SOS!,0,0,🚧,AADV,0,0
1996-06-23,N64,マリオストーリー,0,0,🚧,ARPG,0,0
1996-06-23,N64,WWFレッスルマニア2000,0,0,🚧,SPT,0,0
1996-06-23,N64,不思議ダンジョン風来のシレン2～鬼襲来シレン城～,0,0,🚧,RPG,0,0
1996-06-23,N64,パーフェクトダーク,0,0,🚧,SHT,0,0
1996-06-23,N64,カスタムロボV2,0,0,🚧,ACT,0,0
1996-06-23,N64,罪と罰～地球の継承者～,0,0,🚧,SHT,0,0
1996-06-23,N64,ロックマンDASH　鋼の冒険心,0,0,🚧,ACT,0,0
1996-06-23,N64,バンジョーとカズーイの大冒険２,0,0,🚧,ACT,0,0
1996-06-23,N64,Dance Dance Revolution ディズニーダンシングミュージアム,0,0,🚧,音,0,0
1996-06-23,N64,マリオパーティ３,0,0,🚧,TBL,0,0
1996-06-23,N64,ポケモンスタジアム 金・銀,0,0,🚧,ACT,0,0
1996-06-23,N64,ミッキーのレーシングチャレンジUSA,0,0,🚧,RCG,0,0
1996-06-23,N64,実況パワフルプロ野球Basic版２００１,0,0,🚧,SPT,0,0
1996-06-23,N64,ハムスター物語64,0,0,🚧,SLG,0,0
1996-06-23,N64,どうぶつの森,0,0,🚧,ETC,0,0
1996-06-23,N64,ダービースタリオン64,0,0,🚧,SLG,0,0
1996-06-23,N64,ボンバーマン64,0,0,🚧,ACT,0,0
1996-06-23,N64,ペイントスタジオ,0,0,🚧,ETC,0,0
1996-06-23,N64,巨人のドシン１,0,0,🚧,ETC,0,0
1996-06-23,N64,シムシティ―６４,0,0,🚧,SLG,0,0
1996-06-23,N64,タレントスタジオ,0,0,🚧,ETC,0,0
1996-06-23,N64,F-ZERO　X　エクスパンションキット,0,0,🚧,ETC,0,0
1996-06-23,N64,日本プロゴルフツアー64,0,0,🚧,SPT,0,0
1996-06-23,N64,巨人のドシン 解放戦線チビッコチッコ大集合,0,0,🚧,ETC,0,0
1996-06-23,N64,ポリゴンスタジオ,0,0,🚧,ETC,0,0
1985-05-07,MSX,1942,0,0,🚧,???,0,0
1985-05-07,MSX,1942,0,0,🚧,???,0,0
1985-05-07,MSX,10ヤードファイト,0,0,🚧,???,0,0
1985-05-07,MSX,16KB増設RAMカートリッジ,0,0,🚧,???,0,0
1985-05-07,MSX,32KB拡張RAMカートリッジ,0,0,🚧,???,0,0
1985-05-07,MSX,3Dゴルフシミュレーション,0,0,🚧,???,0,0
1985-05-07,MSX,3Dゴルフシミュレーション・高速版,0,0,🚧,???,0,0
1985-05-07,MSX,3Dテニス,0,0,🚧,???,0,0
1985-05-07,MSX,8つの戦場,0,0,🚧,???,0,0
1985-05-07,MSX,A.E.(AE),0,0,🚧,???,0,0
1985-05-07,MSX,ALTERS STELA,0,0,🚧,???,0,0
1985-05-07,MSX,A列車で行こう,0,0,🚧,???,0,0
1985-05-07,MSX,BANG BANG (BANG! BANG!),0,0,🚧,???,0,0
1985-05-07,MSX,BASICコンパイラ,0,0,🚧,???,0,0
1985-05-07,MSX,BASIC入門,0,0,🚧,???,0,0
1985-05-07,MSX,BASIC入門2,0,0,🚧,???,0,0
1985-05-07,MSX,BEE＆FLOWER,0,0,🚧,???,0,0
1985-05-07,MSX,CAP-X MASTER,0,0,🚧,???,0,0
1985-05-07,MSX,CHEESE,0,0,🚧,???,0,0
1985-05-07,MSX,CHEESE2,0,0,🚧,???,0,0
1985-05-07,MSX,D-DAY,0,0,🚧,???,0,0
1985-05-07,MSX,DIRES ネットワーク・バージョン,0,0,🚧,???,0,0
1985-05-07,MSX,DISK日本語ワープロユニット,0,0,🚧,???,0,0
1985-05-07,MSX,Dr.COPY 電光石火 PartII,0,0,🚧,???,0,0
1985-05-07,MSX,DX7音色プログラム,0,0,🚧,???,0,0
1985-05-07,MSX,DX7音色プログラム2,0,0,🚧,???,0,0
1985-05-07,MSX,DX9音色プログラム,0,0,🚧,???,0,0
1985-05-07,MSX,E.I. HBS-G017C,0,0,🚧,???,0,0
1985-05-07,MSX,Easy Telopper2,0,0,🚧,???,0,0
1985-05-07,MSX,EDDY2,0,0,🚧,???,0,0
1985-05-07,MSX,F-15ストライクイーグル,0,0,🚧,???,0,0
1985-05-07,MSX,F16ファイティングファルコン,0,0,🚧,???,0,0
1985-05-07,MSX,F1スピリット,0,0,🚧,???,0,0
1985-05-07,MSX,ＦＢ－０１音色プログラム,0,0,🚧,???,0,0
1985-05-07,MSX,Fliqht Simulator with Torpedo,0,0,🚧,???,0,0
1985-05-07,MSX,FMオート・アレンジャー,0,0,🚧,???,0,0
1985-05-07,MSX,FMオート・アレンジャーUTILITY,0,0,🚧,???,0,0
1985-05-07,MSX,FMサウンドシンセサイザーユニット,0,0,🚧,???,0,0
1985-05-07,MSX,FMサウンドシンセサイザーユニット2,0,0,🚧,???,0,0
1985-05-07,MSX,FMミュージックコンポーザ,0,0,🚧,???,0,0
1985-05-07,MSX,FMミュージックコンポーザ2,0,0,🚧,???,0,0
1985-05-07,MSX,FMミュージックマクロ,0,0,🚧,???,0,0
1985-05-07,MSX,FMミュージックマクロ2,0,0,🚧,???,0,0
1985-05-07,MSX,FMミュージックライター,0,0,🚧,???,0,0
1985-05-07,MSX,FM音色プログラム,0,0,🚧,???,0,0
1985-05-07,MSX,FM音色プログラム2,0,0,🚧,???,0,0
1985-05-07,MSX,FS-FD1　Disk Basic 1.0,0,0,🚧,???,0,0
1985-05-07,MSX,FS-FD1A　Disk Basic 1.0,0,0,🚧,???,0,0
1985-05-07,MSX,FS-FD351　Disk Basic 1.0,0,0,🚧,???,0,0
1985-05-07,MSX,FS-SR021　ワープロカートリッジ,0,0,🚧,???,0,0
1985-05-07,MSX,FS-SR022　MSX文節変換辞書,0,0,🚧,???,0,0
1985-05-07,MSX,FS-SR023　48ドット毛筆カートリッジ,0,0,🚧,???,0,0
1985-05-07,MSX,G.P.ワールド,0,0,🚧,???,0,0
1985-05-07,MSX,HALNOTE,0,0,🚧,???,0,0
1985-05-07,MSX,HBD-F1　Disk Basic 1.0,0,0,🚧,???,0,0
1985-05-07,MSX,HB-F1XDJ　Disk Basic 1.0,0,0,🚧,???,0,0
1985-05-07,MSX,HB-F1XV　Disk Basic 1.0,0,0,🚧,???,0,0
1985-05-07,MSX,Hucalデータ君,0,0,🚧,???,0,0
1985-05-07,MSX,J.P.ウインクル,0,0,🚧,???,0,0
1985-05-07,MSX,JUMP,0,0,🚧,???,0,0
1985-05-07,MSX,LIFE M36 PLANET,0,0,🚧,???,0,0
1985-05-07,MSX,MIDIサウルス,0,0,🚧,???,0,0
1985-05-07,MSX,MIDIマクロ,0,0,🚧,???,0,0
1985-05-07,MSX,MIDIレコーダ,0,0,🚧,???,0,0
1985-05-07,MSX,MOLE,0,0,🚧,???,0,0
1985-05-07,MSX,Mr.CHIN,0,0,🚧,???,0,0
1985-05-07,MSX,Mr.Do　ワイルドライド,0,0,🚧,???,0,0
1985-05-07,MSX,Mr.Do！,0,0,🚧,???,0,0
1985-05-07,MSX,MSX AID,0,0,🚧,???,0,0
1985-05-07,MSX,MSX Audio,0,0,🚧,???,0,0
1985-05-07,MSX,MSX Audio,0,0,🚧,???,0,0
1985-05-07,MSX,MSX HD Interface,0,0,🚧,???,0,0
1985-05-07,MSX,MSX PLAN,0,0,🚧,???,0,0
1985-05-07,MSX,MSX View 漢字ROM,0,0,🚧,???,0,0
1985-05-07,MSX,MSX ダービー,0,0,🚧,???,0,0
1985-05-07,MSX,MSX パソカルク,0,0,🚧,???,0,0
1985-05-07,MSX,MSX プログラムコレクション50本　1,0,0,🚧,???,0,0
1985-05-07,MSX,MSX プログラムコレクション50本　2,0,0,🚧,???,0,0
1985-05-07,MSX,MSX プログラムコレクション50本　3,0,0,🚧,???,0,0
1985-05-07,MSX,MSX べーしっ君,0,0,🚧,???,0,0
1985-05-07,MSX,MSX べーしっ君ぷらす,0,0,🚧,???,0,0
1985-05-07,MSX,MSX 英和辞典,0,0,🚧,???,0,0
1985-05-07,MSX,MSX 花札,0,0,🚧,???,0,0
1985-05-07,MSX,MSX 将棋,0,0,🚧,???,0,0
1985-05-07,MSX,MSX 増設RAMカートリッジ,0,0,🚧,???,0,0
1985-05-07,MSX,MSX 通信カートリッジ,0,0,🚧,???,0,0
1985-05-07,MSX,MSX 標準日本語カートリッジ,0,0,🚧,???,0,0
1985-05-07,MSX,MSX-21,0,0,🚧,???,0,0
1985-05-07,MSX,MSX-DOS2,0,0,🚧,???,0,0
1985-05-07,MSX,MSX-DOS2(RAM付),0,0,🚧,???,0,0
1985-05-07,MSX,MSXFANファンダムライブラリ1,0,0,🚧,???,0,0
1985-05-07,MSX,MSXFANファンダムライブラリ2,0,0,🚧,???,0,0
1985-05-07,MSX,MSXFANファンダムライブラリ3,0,0,🚧,???,0,0
1985-05-07,MSX,MSX-logo,0,0,🚧,???,0,0
1985-05-07,MSX,MSX-SERIAL232,0,0,🚧,???,0,0
1985-05-07,MSX,MUSICIAN1,0,0,🚧,???,0,0
1985-05-07,MSX,NEW HORIZON 中学１年,0,0,🚧,???,0,0
1985-05-07,MSX,NEW HORIZON 中学２年,0,0,🚧,???,0,0
1985-05-07,MSX,NEW HORIZON 中学３年,0,0,🚧,???,0,0
1985-05-07,MSX,NGA,0,0,🚧,???,0,0
1985-05-07,MSX,NGA II,0,0,🚧,???,0,0
1985-05-07,MSX,NYOROLS,0,0,🚧,???,0,0
1985-05-07,MSX,PSGミュージックライター,0,0,🚧,???,0,0
1985-05-07,MSX,PSエディタ,0,0,🚧,???,0,0
1985-05-07,MSX,Qバート,0,0,🚧,???,0,0
1985-05-07,MSX,RGBユニット,0,0,🚧,???,0,0
1985-05-07,MSX,R-TYPE,0,0,🚧,???,0,0
1985-05-07,MSX,RXエディタ,0,0,🚧,???,0,0
1985-05-07,MSX,SFアダルトアドベンチャーエリカ,0,0,🚧,???,0,0
1985-05-07,MSX,Simple ASM Vol.1,0,0,🚧,???,0,0
1985-05-07,MSX,Simple ASM Vol.2,0,0,🚧,???,0,0
1985-05-07,MSX,THE プロ野球激突ペナントレース,0,0,🚧,???,0,0
1985-05-07,MSX,TZRグランプリライダー,0,0,🚧,???,0,0
1985-05-07,MSX,V-WORD,0,0,🚧,???,0,0
1985-05-07,MSX,μ．ＰＡＣＫ,0,0,🚧,???,0,0
1985-05-07,MSX,アークテック,0,0,🚧,???,0,0
1985-05-07,MSX,アイスワールド,0,0,🚧,???,0,0
1985-05-07,MSX,アイスワールド２,0,0,🚧,???,0,0
1985-05-07,MSX,アイドロン,0,0,🚧,???,0,0
1985-05-07,MSX,アウトラン,0,0,🚧,???,0,0
1985-05-07,MSX,アクアポリスＳＯＳ,0,0,🚧,???,0,0
1985-05-07,MSX,アクゥアタック,0,0,🚧,???,0,0
1985-05-07,MSX,アクトマン,0,0,🚧,???,0,0
1985-05-07,MSX,アクロジェット,0,0,🚧,???,0,0
1985-05-07,MSX,アシュギーネ虚空の牙城,0,0,🚧,???,0,0
1985-05-07,MSX,アシュギーネ復讐の炎,0,0,🚧,???,0,0
1985-05-07,MSX,アスレチックボール,0,0,🚧,???,0,0
1985-05-07,MSX,アタックフォー　女子バレー,0,0,🚧,???,0,0
1985-05-07,MSX,アドベン・チュー太,0,0,🚧,???,0,0
1985-05-07,MSX,アナザ　（ア・ナ・ザ）,0,0,🚧,???,0,0
1985-05-07,MSX,アニマルランド殺人事件,0,0,🚧,???,0,0
1985-05-07,MSX,アニメエディタＥＤＤＹ,0,0,🚧,???,0,0
1985-05-07,MSX,アメリカンサッカー,0,0,🚧,???,0,0
1985-05-07,MSX,アメリカントラック,0,0,🚧,???,0,0
1985-05-07,MSX,アラモ,0,0,🚧,???,0,0
1985-05-07,MSX,アリババと４０人の盗賊,0,0,🚧,???,0,0
1985-05-07,MSX,アルカザール,0,0,🚧,???,0,0
1985-05-07,MSX,アルカノイド,0,0,🚧,???,0,0
1985-05-07,MSX,アルカノイドII,0,0,🚧,???,0,0
1985-05-07,MSX,アルギースの翼,0,0,🚧,???,0,0
1985-05-07,MSX,アルバトロス,0,0,🚧,???,0,0
1985-05-07,MSX,アルファスクアドロン,0,0,🚧,???,0,0
1985-05-07,MSX,アルファロイド,0,0,🚧,???,0,0
1985-05-07,MSX,アレスタ,0,0,🚧,???,0,0
1985-05-07,MSX,アレスタ２,0,0,🚧,???,0,0
1985-05-07,MSX,アンジェロ,0,0,🚧,???,0,0
1985-05-07,MSX,アンティ,0,0,🚧,???,0,0
1985-05-07,MSX,イーアルカンフー,0,0,🚧,???,0,0
1985-05-07,MSX,イーアルカンフー,0,0,🚧,???,0,0
1985-05-07,MSX,イーガー皇帝の逆襲,0,0,🚧,???,0,0
1985-05-07,MSX,イーガー皇帝の逆襲,0,0,🚧,???,0,0
1985-05-07,MSX,イーグルファイター,0,0,🚧,???,0,0
1985-05-07,MSX,イエローサブマリン,0,0,🚧,???,0,0
1985-05-07,MSX,イシターの復活,0,0,🚧,???,0,0
1985-05-07,MSX,イラストワープロ,0,0,🚧,???,0,0
1985-05-07,MSX,イリーガスエピソードIV,0,0,🚧,???,0,0
1985-05-07,MSX,インディアンの冒険,0,0,🚧,???,0,0
1985-05-07,MSX,インファント島の秘密　モンスターズフェア,0,0,🚧,???,0,0
1985-05-07,MSX,ヴァクソル,0,0,🚧,???,0,0
1985-05-07,MSX,ヴィーナスファイヤー,0,0,🚧,???,0,0
1985-05-07,MSX,ウィザードリィI,0,0,🚧,???,0,0
1985-05-07,MSX,ウイングマン２ ダークキラーの復活,0,0,🚧,???,0,0
1985-05-07,MSX,ウォーリア,0,0,🚧,???,0,0
1985-05-07,MSX,ウォーロイド　(WARROID),0,0,🚧,???,0,0
1985-05-07,MSX,ヴォルガード,0,0,🚧,???,0,0
1985-05-07,MSX,ヴォルガード,0,0,🚧,???,0,0
1985-05-07,MSX,ウシャス,0,0,🚧,???,0,0
1985-05-07,MSX,うっでぃぽこ,0,0,🚧,???,0,0
1985-05-07,MSX,うる星やつら  恋のサバイバルパーティ,0,0,🚧,???,0,0
1985-05-07,MSX,ウルティマ  恐怖のエクソダス,0,0,🚧,???,0,0
1985-05-07,MSX,ウルトラマン,0,0,🚧,???,0,0
1985-05-07,MSX,エイリアン２,0,0,🚧,???,0,0
1985-05-07,MSX,エイリアン８,0,0,🚧,???,0,0
1985-05-07,MSX,エクスチェンジャー,0,0,🚧,???,0,0
1985-05-07,MSX,エクセリオン　(EXERION),0,0,🚧,???,0,0
1985-05-07,MSX,エクゾイドＺ,0,0,🚧,???,0,0
1985-05-07,MSX,エクゾイドＺエリア５,0,0,🚧,???,0,0
1985-05-07,MSX,エッガーランドミステリー,0,0,🚧,???,0,0
1985-05-07,MSX,エッガーランドミステリー２ 迷宮神話,0,0,🚧,???,0,0
1985-05-07,MSX,エルスリード,0,0,🚧,???,0,0
1985-05-07,MSX,エレベーターアクション,0,0,🚧,???,0,0
1985-05-07,MSX,オイルズ・ウェル,0,0,🚧,???,0,0
1985-05-07,MSX,お絵かきソフト　画楽多,0,0,🚧,???,0,0
1985-05-07,MSX,オーガ　（OGRE),0,0,🚧,???,0,0
1985-05-07,MSX,オセロ　（Othello),0,0,🚧,???,0,0
1985-05-07,MSX,おてんばベッキーの大冒険,0,0,🚧,???,0,0
1985-05-07,MSX,ガーディック,0,0,🚧,???,0,0
1985-05-07,MSX,カーファイター,0,0,🚧,???,0,0
1985-05-07,MSX,ガーリーブロック,0,0,🚧,???,0,0
1985-05-07,MSX,カーレース　（CAR RACE）,0,0,🚧,???,0,0
1985-05-07,MSX,カシオワールドオープン,0,0,🚧,???,0,0
1985-05-07,MSX,カップル,0,0,🚧,???,0,0
1985-05-07,MSX,カモン！ピコ,0,0,🚧,???,0,0
1985-05-07,MSX,カラー・トーチカ,0,0,🚧,???,0,0
1985-05-07,MSX,カラー・ミッドウエイ,0,0,🚧,???,0,0
1985-05-07,MSX,カラーボール,0,0,🚧,???,0,0
1985-05-07,MSX,カラ丸珍道中,0,0,🚧,???,0,0
1985-05-07,MSX,ガルケイブ,0,0,🚧,???,0,0
1985-05-07,MSX,ガルフォース　カオスの攻防,0,0,🚧,???,0,0
1985-05-07,MSX,カレイジアスペルセウス,0,0,🚧,???,0,0
1985-05-07,MSX,かんたん手帳リファイルの攻防,0,0,🚧,???,0,0
1985-05-07,MSX,がんばれゴエモン！からくり道中,0,0,🚧,???,0,0
1985-05-07,MSX,ガンフライト,0,0,🚧,???,0,0
1985-05-07,MSX,キーストンケーパーズ,0,0,🚧,???,0,0
1985-05-07,MSX,キーボードコードプログレッション１,0,0,🚧,???,0,0
1985-05-07,MSX,ギターコードマスター,0,0,🚧,???,0,0
1985-05-07,MSX,キックイット,0,0,🚧,???,0,0
1985-05-07,MSX,キャノンターボ,0,0,🚧,???,0,0
1985-05-07,MSX,キャノンボール,0,0,🚧,???,0,0
1985-05-07,MSX,キャプテン・コスモ,0,0,🚧,???,0,0
1985-05-07,MSX,キャプテンシェフ,0,0,🚧,???,0,0
1985-05-07,MSX,キャベッジパッチキッズ,0,0,🚧,???,0,0
1985-05-07,MSX,ギャラガ,0,0,🚧,???,0,0
1985-05-07,MSX,ギャラクシアン,0,0,🚧,???,0,0
1985-05-07,MSX,ギャング・マスター,0,0,🚧,???,0,0
1985-05-07,MSX,キャンドゥーニンジャ,0,0,🚧,???,0,0
1985-05-07,MSX,キュースター,0,0,🚧,???,0,0
1985-05-07,MSX,ぎゅわんぶらあ自己中心派,0,0,🚧,???,0,0
1985-05-07,MSX,ぎゅわんぶらあ自己中心派２自称！強豪雀士編,0,0,🚧,???,0,0
1985-05-07,MSX,キング＆バルーン,0,0,🚧,???,0,0
1985-05-07,MSX,キングコング２　甦る伝説,0,0,🚧,???,0,0
1985-05-07,MSX,キングスナイト,0,0,🚧,???,0,0
1985-05-07,MSX,キン肉マンコロシアムデスマッチ,0,0,🚧,???,0,0
1985-05-07,MSX,クィーンズゴルフ,0,0,🚧,???,0,0
1985-05-07,MSX,クインプル,0,0,🚧,???,0,0
1985-05-07,MSX,グーニーズ,0,0,🚧,???,0,0
1985-05-07,MSX,クエスト,0,0,🚧,???,0,0
1985-05-07,MSX,クォース,0,0,🚧,???,0,0
1985-05-07,MSX,グライダー,0,0,🚧,???,0,0
1985-05-07,MSX,グラディウス,0,0,🚧,???,0,0
1985-05-07,MSX,グラディウス２,0,0,🚧,???,0,0
1985-05-07,MSX,グラフィックアーティスト,0,0,🚧,???,0,0
1985-05-07,MSX,グラフィックアーティストユーティリティ,0,0,🚧,???,0,0
1985-05-07,MSX,グラフィックカードセット,0,0,🚧,???,0,0
1985-05-07,MSX,グラフィックボール+エディー２,0,0,🚧,???,0,0
1985-05-07,MSX,グラフィックマスターラボ,0,0,🚧,???,0,0
1985-05-07,MSX,クリムゾン,0,0,🚧,???,0,0
1985-05-07,MSX,クルゼーダー,0,0,🚧,???,0,0
1985-05-07,MSX,クレイジートレイン,0,0,🚧,???,0,0
1985-05-07,MSX,クレイズ,0,0,🚧,???,0,0
1985-05-07,MSX,クレージーブレット,0,0,🚧,???,0,0
1985-05-07,MSX,クロスブレイム,0,0,🚧,???,0,0
1985-05-07,MSX,グロックスリベンジ,0,0,🚧,???,0,0
1985-05-07,MSX,クンフーマスター,0,0,🚧,???,0,0
1985-05-07,MSX,ゲームランド,0,0,🚧,???,0,0
1985-05-07,MSX,ゲームランドスペシャル,0,0,🚧,???,0,0
1985-05-07,MSX,けっきょく南極大冒険,0,0,🚧,???,0,0
1985-05-07,MSX,ケンペレンチェス,0,0,🚧,???,0,0
1985-05-07,MSX,コースターレース,0,0,🚧,???,0,0
1985-05-07,MSX,ゴーストバスター,0,0,🚧,???,0,0
1985-05-07,MSX,ゴーファーの野望ＥＰＩＳＯＤＥII,0,0,🚧,???,0,0
1985-05-07,MSX,ゴキブリ大作戦,0,0,🚧,???,0,0
1985-05-07,MSX,ゴジラＶＳ３大怪獣,0,0,🚧,???,0,0
1985-05-07,MSX,ゴジラくん,0,0,🚧,???,0,0
1985-05-07,MSX,コスモエクスプローラ,0,0,🚧,???,0,0
1985-05-07,MSX,コナミＥＣ７００,0,0,🚧,???,0,0
1985-05-07,MSX,コナミのゲームを１０倍楽しむカートリッジ,0,0,🚧,???,0,0
1985-05-07,MSX,コナミのゴルフ,0,0,🚧,???,0,0
1985-05-07,MSX,コナミのサッカー,0,0,🚧,???,0,0
1985-05-07,MSX,コナミのテニス,0,0,🚧,???,0,0
1985-05-07,MSX,コナミのテニス,0,0,🚧,???,0,0
1985-05-07,MSX,コナミのピンポン,0,0,🚧,???,0,0
1985-05-07,MSX,コナミのプーヤン,0,0,🚧,???,0,0
1985-05-07,MSX,コナミのベースボール,0,0,🚧,???,0,0
1985-05-07,MSX,コナミのベースボール,0,0,🚧,???,0,0
1985-05-07,MSX,コナミのボクシング,0,0,🚧,???,0,0
1985-05-07,MSX,コナミの新１０倍カートリッジ,0,0,🚧,???,0,0
1985-05-07,MSX,コナミの麻雀道場,0,0,🚧,???,0,0
1985-05-07,MSX,コメットテイル,0,0,🚧,???,0,0
1985-05-07,MSX,ゴルゴ13 狼の巣,0,0,🚧,???,0,0
1985-05-07,MSX,ゴルフゲーム,0,0,🚧,???,0,0
1985-05-07,MSX,ゴルフ狂,0,0,🚧,???,0,0
1985-05-07,MSX,コロニスリフト,0,0,🚧,???,0,0
1985-05-07,MSX,コンドリ,0,0,🚧,???,0,0
1985-05-07,MSX,コンピューターオセロ,0,0,🚧,???,0,0
1985-05-07,MSX,コンピューターチェス,0,0,🚧,???,0,0
1985-05-07,MSX,コンピュータービリヤード,0,0,🚧,???,0,0
1985-05-07,MSX,コンピュータパチンコ,0,0,🚧,???,0,0
1985-05-07,MSX,コンピュータ入門,0,0,🚧,???,0,0
1985-05-07,MSX,コンピュー簿,0,0,🚧,???,0,0
1985-05-07,MSX,コンポーザ・コンバータ,0,0,🚧,???,0,0
1985-05-07,MSX,ザ・キャッスル,0,0,🚧,???,0,0
1985-05-07,MSX,ザ・キャッスル　エクセレント,0,0,🚧,???,0,0
1985-05-07,MSX,ザ・コックピット,0,0,🚧,???,0,0
1985-05-07,MSX,ザ・ゴルフ,0,0,🚧,???,0,0
1985-05-07,MSX,ザ・ブラックオニキス,0,0,🚧,???,0,0
1985-05-07,MSX,ザ・ブラックオニキスII ファイヤークリスタルを求めて,0,0,🚧,???,0,0
1985-05-07,MSX,ザ・ブレイン,0,0,🚧,???,0,0
1985-05-07,MSX,ザ・ペインタ,0,0,🚧,???,0,0
1985-05-07,MSX,ザ・競馬,0,0,🚧,???,0,0
1985-05-07,MSX,サーカスチャーリー,0,0,🚧,???,0,0
1985-05-07,MSX,サーカスチャーリー,0,0,🚧,???,0,0
1985-05-07,MSX,サイオン,0,0,🚧,???,0,0
1985-05-07,MSX,サイキックウォー,0,0,🚧,???,0,0
1985-05-07,MSX,ザイゾログ,0,0,🚧,???,0,0
1985-05-07,MSX,ザクソン,0,0,🚧,???,0,0
1985-05-07,MSX,ササ　（SASA）,0,0,🚧,???,0,0
1985-05-07,MSX,ザナック  AI,0,0,🚧,???,0,0
1985-05-07,MSX,ザナック  EX,0,0,🚧,???,0,0
1985-05-07,MSX,ザナドゥ,0,0,🚧,???,0,0
1985-05-07,MSX,サンダーボール,0,0,🚧,???,0,0
1985-05-07,MSX,サンダーボルト,0,0,🚧,???,0,0
1985-05-07,MSX,シーソー,0,0,🚧,???,0,0
1985-05-07,MSX,ジェトセットウォーリー　（Jet Set Willy）,0,0,🚧,???,0,0
1985-05-07,MSX,ジグソーセット,0,0,🚧,???,0,0
1985-05-07,MSX,ジグソーパズル,0,0,🚧,???,0,0
1985-05-07,MSX,シティコネクション,0,0,🚧,???,0,0
1985-05-07,MSX,ジャイロアドベンチャー,0,0,🚧,???,0,0
1985-05-07,MSX,ジャイロダイン,0,0,🚧,???,0,0
1985-05-07,MSX,シャウトマッチ,0,0,🚧,???,0,0
1985-05-07,MSX,ジャガー５ 魔の三角地帯作戦,0,0,🚧,???,0,0
1985-05-07,MSX,ジャンプコースター,0,0,🚧,???,0,0
1985-05-07,MSX,ジャン狂,0,0,🚧,???,0,0
1985-05-07,MSX,ジャン狂,0,0,🚧,???,0,0
1985-05-07,MSX,ジュニアメイト,0,0,🚧,???,0,0
1985-05-07,MSX,ジュノファースト,0,0,🚧,???,0,0
1985-05-07,MSX,ジョイテロップ,0,0,🚧,???,0,0
1985-05-07,MSX,ジョイレター,0,0,🚧,???,0,0
1985-05-07,MSX,ジョーキングマン,0,0,🚧,???,0,0
1985-05-07,MSX,シンセサウルス,0,0,🚧,???,0,0
1985-05-07,MSX,シンドバッド７つの冒険,0,0,🚧,???,0,0
1985-05-07,MSX,スイートアーコン,0,0,🚧,???,0,0
1985-05-07,MSX,すいすいローラー,0,0,🚧,???,0,0
1985-05-07,MSX,スゥーワーサム,0,0,🚧,???,0,0
1985-05-07,MSX,スーパーコブラ,0,0,🚧,???,0,0
1985-05-07,MSX,スーパーゴルフ,0,0,🚧,???,0,0
1985-05-07,MSX,スーパーサッカー,0,0,🚧,???,0,0
1985-05-07,MSX,スーパーシンセ,0,0,🚧,???,0,0
1985-05-07,MSX,スーパースネーク,0,0,🚧,???,0,0
1985-05-07,MSX,スーパー大戦略,0,0,🚧,???,0,0
1985-05-07,MSX,スーパーテニス,0,0,🚧,???,0,0
1985-05-07,MSX,スーパートリトーン,0,0,🚧,???,0,0
1985-05-07,MSX,スーパードリンカー (SUPER DRINKER),0,0,🚧,???,0,0
1985-05-07,MSX,スーパーパチンコ,0,0,🚧,???,0,0
1985-05-07,MSX,スーパーピエロ,0,0,🚧,???,0,0
1985-05-07,MSX,スーパービリヤード,0,0,🚧,???,0,0
1985-05-07,MSX,スーパーモニター 1.1,0,0,🚧,???,0,0
1985-05-07,MSX,スーパーモニター 1.2,0,0,🚧,???,0,0
1985-05-07,MSX,スーパーランナー(SUPER RUNNER),0,0,🚧,???,0,0
1985-05-07,MSX,スーパーランボースペシャル,0,0,🚧,???,0,0
1985-05-07,MSX,スーパーレイドックミッションストライカー,0,0,🚧,???,0,0
1985-05-07,MSX,スーパーレイドックミッションストライカーネットワークバージョン,0,0,🚧,???,0,0
1985-05-07,MSX,スーパーロードランナー,0,0,🚧,???,0,0
1985-05-07,MSX,スーパーロードランナー,0,0,🚧,???,0,0
1985-05-07,MSX,ズーム９０９,0,0,🚧,???,0,0
1985-05-07,MSX,スカーレット７,0,0,🚧,???,0,0
1985-05-07,MSX,スカイギャルド,0,0,🚧,???,0,0
1985-05-07,MSX,スカイジャガー,0,0,🚧,???,0,0
1985-05-07,MSX,スキーコマンド,0,0,🚧,???,0,0
1985-05-07,MSX,スクイッシュゼム　（SQUISH' EM),0,0,🚧,???,0,0
1985-05-07,MSX,スクーター,0,0,🚧,???,0,0
1985-05-07,MSX,スクエアダンサー,0,0,🚧,???,0,0
1985-05-07,MSX,スクランブルエッグ,0,0,🚧,???,0,0
1985-05-07,MSX,スクランブルフォーメーション,0,0,🚧,???,0,0
1985-05-07,MSX,スコーピオン,0,0,🚧,???,0,0
1985-05-07,MSX,スコープオン,0,0,🚧,???,0,0
1985-05-07,MSX,スターヴァージン,0,0,🚧,???,0,0
1985-05-07,MSX,スターコマンド,0,0,🚧,???,0,0
1985-05-07,MSX,スターシップシミュレータ,0,0,🚧,???,0,0
1985-05-07,MSX,スターソルジャー,0,0,🚧,???,0,0
1985-05-07,MSX,スタートラップくりいむレモン,0,0,🚧,???,0,0
1985-05-07,MSX,スターフォース,0,0,🚧,???,0,0
1985-05-07,MSX,スターブレーザー,0,0,🚧,???,0,0
1985-05-07,MSX,ずっこけやじきた隠密道中,0,0,🚧,???,0,0
1985-05-07,MSX,ステッパー,0,0,🚧,???,0,0
1985-05-07,MSX,ステップアップ,0,0,🚧,???,0,0
1985-05-07,MSX,ステップアップ,0,0,🚧,???,0,0
1985-05-07,MSX,ストレンジループ,0,0,🚧,???,0,0
1985-05-07,MSX,スネイクイット,0,0,🚧,???,0,0
1985-05-07,MSX,スパーキー,0,0,🚧,???,0,0
1985-05-07,MSX,スペースインベーダー,0,0,🚧,???,0,0
1985-05-07,MSX,スペースキャンプ,0,0,🚧,???,0,0
1985-05-07,MSX,スペースシャトル,0,0,🚧,???,0,0
1985-05-07,MSX,スペーストラブル,0,0,🚧,???,0,0
1985-05-07,MSX,スペースマンボウ,0,0,🚧,???,0,0
1985-05-07,MSX,スペースメイズアタック,0,0,🚧,???,0,0
1985-05-07,MSX,スペランカー,0,0,🚧,???,0,0
1985-05-07,MSX,スペランカー,0,0,🚧,???,0,0
1985-05-07,MSX,ゼクサスリミテッド,0,0,🚧,???,0,0
1985-05-07,MSX,ゼクサスリミテッド,0,0,🚧,???,0,0
1985-05-07,MSX,ゼビウス　ファードラウト伝説,0,0,🚧,???,0,0
1985-05-07,MSX,センサーキッド,0,0,🚧,???,0,0
1985-05-07,MSX,ゼンジー,0,0,🚧,???,0,0
1985-05-07,MSX,センジョー,0,0,🚧,???,0,0
1985-05-07,MSX,ゾイド中央大陸の戦い,0,0,🚧,???,0,0
1985-05-07,MSX,ソフィア,0,0,🚧,???,0,0
1985-05-07,MSX,ゾルニ　エクセリオン２　（Zorni Exerion2),0,0,🚧,???,0,0
1985-05-07,MSX,ゾンビハンター,0,0,🚧,???,0,0
1985-05-07,MSX,ダーウィン4078,0,0,🚧,???,0,0
1985-05-07,MSX,ターボート,0,0,🚧,???,0,0
1985-05-07,MSX,ターモイル　（TURMOIL),0,0,🚧,???,0,0
1985-05-07,MSX,ダイナマイトボウル,0,0,🚧,???,0,0
1985-05-07,MSX,ダイナマイトボウル,0,0,🚧,???,0,0
1985-05-07,MSX,タイムパイロット　（TIME PILOT),0,0,🚧,???,0,0
1985-05-07,MSX,タケル伝説,0,0,🚧,???,0,0
1985-05-07,MSX,タティカ,0,0,🚧,???,0,0
1985-05-07,MSX,ダビデ2,0,0,🚧,???,0,0
1985-05-07,MSX,ダブルヴィジョン,0,0,🚧,???,0,0
1985-05-07,MSX,ダムバスター,0,0,🚧,???,0,0
1985-05-07,MSX,たわらくん,0,0,🚧,???,0,0
1985-05-07,MSX,ダンクショット,0,0,🚧,???,0,0
1985-05-07,MSX,タンクバタリアン,0,0,🚧,???,0,0
1985-05-07,MSX,ダンジョンハンター,0,0,🚧,???,0,0
1985-05-07,MSX,ダンジョンマスター,0,0,🚧,???,0,0
1985-05-07,MSX,チェッカーズインTANTANたぬき,0,0,🚧,???,0,0
1985-05-07,MSX,チャアムクリスマス,0,0,🚧,???,0,0
1985-05-07,MSX,ちゃっかりCOPY,0,0,🚧,???,0,0
1985-05-07,MSX,ちゃっくんぽっぷ,0,0,🚧,???,0,0
1985-05-07,MSX,チャレンジダービー,0,0,🚧,???,0,0
1985-05-07,MSX,チャンピオンアイスホッケー,0,0,🚧,???,0,0
1985-05-07,MSX,チャンピオンサッカー,0,0,🚧,???,0,0
1985-05-07,MSX,チャンピオンシップロードランナー,0,0,🚧,???,0,0
1985-05-07,MSX,チャンピオンバルダーダッシュ,0,0,🚧,???,0,0
1985-05-07,MSX,チャンピオンプロレス,0,0,🚧,???,0,0
1985-05-07,MSX,チャンピオンボクシング,0,0,🚧,???,0,0
1985-05-07,MSX,チャンピオン剣道,0,0,🚧,???,0,0
1985-05-07,MSX,チョップリフター,0,0,🚧,???,0,0
1985-05-07,MSX,チョロＱ,0,0,🚧,???,0,0
1985-05-07,MSX,ツインビー,0,0,🚧,???,0,0
1985-05-07,MSX,ツインビー,0,0,🚧,???,0,0
1985-05-07,MSX,ディーヴァ ネットワークバージョン,0,0,🚧,???,0,0
1985-05-07,MSX,ディーヴァアスラの血流,0,0,🚧,???,0,0
1985-05-07,MSX,ディープダンジョン2 勇士の紋章,0,0,🚧,???,0,0
1985-05-07,MSX,ディープダンジョン魔洞戦記,0,0,🚧,???,0,0
1985-05-07,MSX,ディープフォレスト,0,0,🚧,???,0,0
1985-05-07,MSX,ディグダグ,0,0,🚧,???,0,0
1985-05-07,MSX,デインジャーＸ４,0,0,🚧,???,0,0
1985-05-07,MSX,データメモリカートリッジ,0,0,🚧,???,0,0
1985-05-07,MSX,デーモンクリスタル,0,0,🚧,???,0,0
1985-05-07,MSX,デカスロン,0,0,🚧,???,0,0
1985-05-07,MSX,テクザー　(THEXDER),0,0,🚧,???,0,0
1985-05-07,MSX,デジタルデビル物語女神転生,0,0,🚧,???,0,0
1985-05-07,MSX,テセウス,0,0,🚧,???,0,0
1985-05-07,MSX,てつまん,0,0,🚧,???,0,0
1985-05-07,MSX,テトラホラー,0,0,🚧,???,0,0
1985-05-07,MSX,テトリス,0,0,🚧,???,0,0
1985-05-07,MSX,デビルズ・ヘブン,0,0,🚧,???,0,0
1985-05-07,MSX,テラクレスタ,0,0,🚧,???,0,0
1985-05-07,MSX,テレバニー,0,0,🚧,???,0,0
1985-05-07,MSX,ドアドア,0,0,🚧,???,0,0
1985-05-07,MSX,とーくまん,0,0,🚧,???,0,0
1985-05-07,MSX,ドーンパトロール,0,0,🚧,???,0,0
1985-05-07,MSX,どきどきペンギンランド,0,0,🚧,???,0,0
1985-05-07,MSX,ドクターセルフ (Dr.SELF),0,0,🚧,???,0,0
1985-05-07,MSX,トップルジップ,0,0,🚧,???,0,0
1985-05-07,MSX,トップルジップ,0,0,🚧,???,0,0
1985-05-07,MSX,トップローラー (TOP ROLLER),0,0,🚧,???,0,0
1985-05-07,MSX,トライアルスキー,0,0,🚧,???,0,0
1985-05-07,MSX,ドラゴンアタック,0,0,🚧,???,0,0
1985-05-07,MSX,ドラゴンクエスト,0,0,🚧,???,0,0
1985-05-07,MSX,ドラゴンクエスト,0,0,🚧,???,0,0
1985-05-07,MSX,ドラゴンクエストⅡ 悪霊の神々,0,0,🚧,???,0,0
1985-05-07,MSX,ドラゴンクエストⅡ　悪霊の神々,0,0,🚧,???,0,0
1985-05-07,MSX,ドラゴンスレイヤー,0,0,🚧,???,0,0
1985-05-07,MSX,ドラゴンスレイヤーⅣ　ドラスレファミリー,0,0,🚧,???,0,0
1985-05-07,MSX,ドラゴンスレイヤーⅣ　ドラスレファミリー,0,0,🚧,???,0,0
1985-05-07,MSX,ドラゴンバスター,0,0,🚧,???,0,0
1985-05-07,MSX,トラフィック,0,0,🚧,???,0,0
1985-05-07,MSX,トランプエイド,0,0,🚧,???,0,0
1985-05-07,MSX,トリトーン,0,0,🚧,???,0,0
1985-05-07,MSX,ドルアーガの塔,0,0,🚧,???,0,0
1985-05-07,MSX,ドルイド,0,0,🚧,???,0,0
1985-05-07,MSX,ドレイナー,0,0,🚧,???,0,0
1985-05-07,MSX,ドロドン,0,0,🚧,???,0,0
1985-05-07,MSX,ナイザースペシャル,0,0,🚧,???,0,0
1985-05-07,MSX,ナイトシェード,0,0,🚧,???,0,0
1985-05-07,MSX,ナイトロアー,0,0,🚧,???,0,0
1985-05-07,MSX,ナイルの涙,0,0,🚧,???,0,0
1985-05-07,MSX,ニューキャルシリーズニューホライズン全３巻,0,0,🚧,???,0,0
1985-05-07,MSX,は～りぃふぉっくすＭＳＸスペシャル,0,0,🚧,???,0,0
1985-05-07,MSX,バーガータイム,0,0,🚧,???,0,0
1985-05-07,MSX,バーディー,0,0,🚧,???,0,0
1985-05-07,MSX,ハードボール,0,0,🚧,???,0,0
1985-05-07,MSX,はーりぃふぉっくす 雪の魔王編,0,0,🚧,???,0,0
1985-05-07,MSX,ハイウェイスター,0,0,🚧,???,0,0
1985-05-07,MSX,ハイスクール！奇面組,0,0,🚧,???,0,0
1985-05-07,MSX,ハイスト,0,0,🚧,???,0,0
1985-05-07,MSX,ハイドライド,0,0,🚧,???,0,0
1985-05-07,MSX,ハイドライドⅡ,0,0,🚧,???,0,0
1985-05-07,MSX,ハイドライド３,0,0,🚧,???,0,0
1985-05-07,MSX,ハイドライド３,0,0,🚧,???,0,0
1985-05-07,MSX,ハイドライドブロンズバック(Ⅱと3のセット）,0,0,🚧,???,0,0
1985-05-07,MSX,パイナップリン,0,0,🚧,???,0,0
1985-05-07,MSX,ハイパーオリンピック1,0,0,🚧,???,0,0
1985-05-07,MSX,ハイパーオリンピックⅠ,0,0,🚧,???,0,0
1985-05-07,MSX,ハイパーオリンピック2,0,0,🚧,???,0,0
1985-05-07,MSX,ハイパーオリンピックⅡ,0,0,🚧,???,0,0
1985-05-07,MSX,ハイパースポーツ１,0,0,🚧,???,0,0
1985-05-07,MSX,ハイパースポーツⅠ,0,0,🚧,???,0,0
1985-05-07,MSX,ハイパースポーツ２,0,0,🚧,???,0,0
1985-05-07,MSX,ハイパースポーツⅡ,0,0,🚧,???,0,0
1985-05-07,MSX,ハイパースポーツ３,0,0,🚧,???,0,0
1985-05-07,MSX,ハイパーラリー,0,0,🚧,???,0,0
1985-05-07,MSX,パイパニック,0,0,🚧,???,0,0
1985-05-07,MSX,バギージャンプ,0,0,🚧,???,0,0
1985-05-07,MSX,パストファインダー,0,0,🚧,???,0,0
1985-05-07,MSX,パスボール,0,0,🚧,???,0,0
1985-05-07,MSX,パズルパニック,0,0,🚧,???,0,0
1985-05-07,MSX,パソコンタイプライター,0,0,🚧,???,0,0
1985-05-07,MSX,パソコン作曲家,0,0,🚧,???,0,0
1985-05-07,MSX,パソコン先生入門編・教師用,0,0,🚧,???,0,0
1985-05-07,MSX,パチコン,0,0,🚧,???,0,0
1985-05-07,MSX,パチプロ伝説,0,0,🚧,???,0,0
1985-05-07,MSX,パチンコＵＦＯ,0,0,🚧,???,0,0
1985-05-07,MSX,ハッカー,0,0,🚧,???,0,0
1985-05-07,MSX,バックギャモン,0,0,🚧,???,0,0
1985-05-07,MSX,バックトゥザフューチャー,0,0,🚧,???,0,0
1985-05-07,MSX,パックマニア,0,0,🚧,???,0,0
1985-05-07,MSX,パックマン,0,0,🚧,???,0,0
1985-05-07,MSX,ハッスルチュミー,0,0,🚧,???,0,0
1985-05-07,MSX,ばってんタヌキの大冒険,0,0,🚧,???,0,0
1985-05-07,MSX,バットマン  ロビン救出スペシャル,0,0,🚧,???,0,0
1985-05-07,MSX,バトルクロス,0,0,🚧,???,0,0
1985-05-07,MSX,バトルシップ・クラプトンII,0,0,🚧,???,0,0
1985-05-07,MSX,FMパナアミューズメントカートリッジ,0,0,🚧,???,0,0
1985-05-07,MSX,パナソフトのサッカー (MSX soccre),0,0,🚧,???,0,0
1985-05-07,MSX,パナソフトのベースボール(MSX BASEBALL),0,0,🚧,???,0,0
1985-05-07,MSX,パナソフトのベースボールII (MSX BASEBALL II),0,0,🚧,???,0,0
1985-05-07,MSX,パナソフトのラグビー (MSX RUGBY),0,0,🚧,???,0,0
1985-05-07,MSX,バナナ　（BANANA）,0,0,🚧,???,0,0
1985-05-07,MSX,バブルボブル,0,0,🚧,???,0,0
1985-05-07,MSX,はらぺこパックン,0,0,🚧,???,0,0
1985-05-07,MSX,バラン数 (BALANCE),0,0,🚧,???,0,0
1985-05-07,MSX,パロディウス タコは地球を救う,0,0,🚧,???,0,0
1985-05-07,MSX,ハングオン,0,0,🚧,???,0,0
1985-05-07,MSX,バンクパニック,0,0,🚧,???,0,0
1985-05-07,MSX,バンゲリングベイ,0,0,🚧,???,0,0
1985-05-07,MSX,パンサー,0,0,🚧,???,0,0
1985-05-07,MSX,ハンディスキャナＭＳＸ２,0,0,🚧,???,0,0
1985-05-07,MSX,ピータン,0,0,🚧,???,0,0
1985-05-07,MSX,ビーパック (BEEPACK),0,0,🚧,???,0,0
1985-05-07,MSX,ビームライダー,0,0,🚧,???,0,0
1985-05-07,MSX,ヒーロー,0,0,🚧,???,0,0
1985-05-07,MSX,ヒーローオブザランス,0,0,🚧,???,0,0
1985-05-07,MSX,ピクチャーパズル,0,0,🚧,???,0,0
1985-05-07,MSX,ビクトリアスナインII　高校野球編,0,0,🚧,???,0,0
1985-05-07,MSX,ピッキー,0,0,🚧,???,0,0
1985-05-07,MSX,ひつじやーい,0,0,🚧,???,0,0
1985-05-07,MSX,ピットフォール,0,0,🚧,???,0,0
1985-05-07,MSX,ピットフォールII,0,0,🚧,???,0,0
1985-05-07,MSX,ビデオデジタイザー,0,0,🚧,???,0,0
1985-05-07,MSX,ビデオハスラー,0,0,🚧,???,0,0
1985-05-07,MSX,ビデオ画面効果ソフトビデオ・エディパル,0,0,🚧,???,0,0
1985-05-07,MSX,ピピ　（オウムのピピの大冒険）,0,0,🚧,???,0,0
1985-05-07,MSX,ピポルス,0,0,🚧,???,0,0
1985-05-07,MSX,ピラミッド・ワープ,0,0,🚧,???,0,0
1985-05-07,MSX,ピロマン,0,0,🚧,???,0,0
1985-05-07,MSX,ピロマン,0,0,🚧,???,0,0
1985-05-07,MSX,ピンキーチェイス,0,0,🚧,???,0,0
1985-05-07,MSX,ピンボールメーカー,0,0,🚧,???,0,0
1985-05-07,MSX,ファーマー,0,0,🚧,???,0,0
1985-05-07,MSX,ファイアボール,0,0,🚧,???,0,0
1985-05-07,MSX,ファイナルジャスティス,0,0,🚧,???,0,0
1985-05-07,MSX,ファイナルゾーンウルフ,0,0,🚧,???,0,0
1985-05-07,MSX,ファイナル麻雀,0,0,🚧,???,0,0
1985-05-07,MSX,ファイヤーレスキュー,0,0,🚧,???,0,0
1985-05-07,MSX,ファミクル　パロディック,0,0,🚧,???,0,0
1985-05-07,MSX,ファミリービリヤード,0,0,🚧,???,0,0
1985-05-07,MSX,ファミリーボクシング MSXタイトルマッチ,0,0,🚧,???,0,0
1985-05-07,MSX,ファルク,0,0,🚧,???,0,0
1985-05-07,MSX,ファンキー・マウス,0,0,🚧,???,0,0
1985-05-07,MSX,ファンタジーゾーン,0,0,🚧,???,0,0
1985-05-07,MSX,ファンタジーゾーンⅡ　オパオパの涙,0,0,🚧,???,0,0
1985-05-07,MSX,ブーメラン,0,0,🚧,???,0,0
1985-05-07,MSX,フェアリー,0,0,🚧,???,0,0
1985-05-07,MSX,フェアリーランドストーリー,0,0,🚧,???,0,0
1985-05-07,MSX,フォーメーションＺ,0,0,🚧,???,0,0
1985-05-07,MSX,フォールフェル,0,0,🚧,???,0,0
1985-05-07,MSX,ブギウギジャングル,0,0,🚧,???,0,0
1985-05-07,MSX,ぶた丸パンツ,0,0,🚧,???,0,0
1985-05-07,MSX,フライトシミュレーター,0,0,🚧,???,0,0
1985-05-07,MSX,フライトデッキ,0,0,🚧,???,0,0
1985-05-07,MSX,ブラッガー,0,0,🚧,???,0,0
1985-05-07,MSX,フラッシュスプラッシュ,0,0,🚧,???,0,0
1985-05-07,MSX,フラッピーリミテッド,0,0,🚧,???,0,0
1985-05-07,MSX,フラッピーリミテッド,0,0,🚧,???,0,0
1985-05-07,MSX,フラッピーリミテッド’８５,0,0,🚧,???,0,0
1985-05-07,MSX,フリートコマンダーII黄昏の海域,0,0,🚧,???,0,0
1985-05-07,MSX,フリッキー,0,0,🚧,???,0,0
1985-05-07,MSX,フリッパースリッパー,0,0,🚧,???,0,0
1985-05-07,MSX,プリンターソフトプリントラボ,0,0,🚧,???,0,0
1985-05-07,MSX,ブルース・リー,0,0,🚧,???,0,0
1985-05-07,MSX,フルーツサーチ,0,0,🚧,???,0,0
1985-05-07,MSX,ブルとマイティー危機一髪,0,0,🚧,???,0,0
1985-05-07,MSX,プレイカードセット,0,0,🚧,???,0,0
1985-05-07,MSX,ブレイクアウト,0,0,🚧,???,0,0
1985-05-07,MSX,ブレイクイン (BREAK IN),0,0,🚧,???,0,0
1985-05-07,MSX,プレイボール,0,0,🚧,???,0,0
1985-05-07,MSX,プレデター,0,0,🚧,???,0,0
1985-05-07,MSX,プロジェクトＡ２史上最大の標的,0,0,🚧,???,0,0
1985-05-07,MSX,フロッガー (FROGGER),0,0,🚧,???,0,0
1985-05-07,MSX,ブロッケードランナー,0,0,🚧,???,0,0
1985-05-07,MSX,プロッ太,0,0,🚧,???,0,0
1985-05-07,MSX,プロテクター,0,0,🚧,???,0,0
1985-05-07,MSX,プロフェッショナルベースボール,0,0,🚧,???,0,0
1985-05-07,MSX,プロフェッショナル麻雀,0,0,🚧,???,0,0
1985-05-07,MSX,プロフェッショナル麻雀悟空,0,0,🚧,???,0,0
1985-05-07,MSX,フロントライン,0,0,🚧,???,0,0
1985-05-07,MSX,プロ野球　ファミリースタジアム ペナントレース,0,0,🚧,???,0,0
1985-05-07,MSX,プロ野球FAN  テレネットスタジアム,0,0,🚧,???,0,0
1985-05-07,MSX,ペアーズ,0,0,🚧,???,0,0
1985-05-07,MSX,ベーシックヘルパー,0,0,🚧,???,0,0
1985-05-07,MSX,ペガサス,0,0,🚧,???,0,0
1985-05-07,MSX,ヘビーボクシング,0,0,🚧,???,0,0
1985-05-07,MSX,ヘリタンク,0,0,🚧,???,0,0
1985-05-07,MSX,ぺんぎんくんウォーズ,0,0,🚧,???,0,0
1985-05-07,MSX,ぺんぎんくんウォーズ２,0,0,🚧,???,0,0
1985-05-07,MSX,ポイントＸ占領作戦,0,0,🚧,???,0,0
1985-05-07,MSX,ぼうけんろまん (冒険浪漫),0,0,🚧,???,0,0
1985-05-07,MSX,ホームカルク,0,0,🚧,???,0,0
1985-05-07,MSX,ホールインワン,0,0,🚧,???,0,0
1985-05-07,MSX,ホールインワン　プロフェッショナル,0,0,🚧,???,0,0
1985-05-07,MSX,ホールインワンスペシャル,0,0,🚧,???,0,0
1985-05-07,MSX,ボールブレイザー,0,0,🚧,???,0,0
1985-05-07,MSX,ボギー’８４,0,0,🚧,???,0,0
1985-05-07,MSX,ボコスカウォーズ,0,0,🚧,???,0,0
1985-05-07,MSX,ボスコニアン,0,0,🚧,???,0,0
1985-05-07,MSX,ポパック・ザ・フィッシュ,0,0,🚧,???,0,0
1985-05-07,MSX,ポリスストーリー,0,0,🚧,???,0,0
1985-05-07,MSX,ボルフェスと５人の悪魔,0,0,🚧,???,0,0
1985-05-07,MSX,ボンバーキング,0,0,🚧,???,0,0
1985-05-07,MSX,ボンバーマン,0,0,🚧,???,0,0
1985-05-07,MSX,ボンバーマンスペシャル,0,0,🚧,???,0,0
1985-05-07,MSX,ぽんぽこぱん (comic bakery),0,0,🚧,???,0,0
1985-05-07,MSX,マース,0,0,🚧,???,0,0
1985-05-07,MSX,マウザー,0,0,🚧,???,0,0
1985-05-07,MSX,マグナム危機一髪　エンパイアシティ1931,0,0,🚧,???,0,0
1985-05-07,MSX,マジカルツリー,0,0,🚧,???,0,0
1985-05-07,MSX,マスターオブザランプ,0,0,🚧,???,0,0
1985-05-07,MSX,マッドライダー,0,0,🚧,???,0,0
1985-05-07,MSX,マッピー,0,0,🚧,???,0,0
1985-05-07,MSX,マラヤの秘宝,0,0,🚧,???,0,0
1985-05-07,MSX,マリンバトル,0,0,🚧,???,0,0
1985-05-07,MSX,ミクとしおりのニャンニャンプロレス,0,0,🚧,???,0,0
1985-05-07,MSX,ミケランジェロⅡ,0,0,🚧,???,0,0
1985-05-07,MSX,ミシシッピー殺人事件,0,0,🚧,???,0,0
1985-05-07,MSX,ミスタードゥｖｓユニコーンズ,0,0,🚧,???,0,0
1985-05-07,MSX,ミセスパック,0,0,🚧,???,0,0
1985-05-07,MSX,ミッドナイトビルディング,0,0,🚧,???,0,0
1985-05-07,MSX,ミッドナイトブラザーズ　ずっこけ探偵,0,0,🚧,???,0,0
1985-05-07,MSX,ミニゴルフ,0,0,🚧,???,0,0
1985-05-07,MSX,ミュージック・ハーモナイザー３,0,0,🚧,???,0,0
1985-05-07,MSX,ミュージックエディタ ＭＵＥ,0,0,🚧,???,0,0
1985-05-07,MSX,ミュージックエディター,0,0,🚧,???,0,0
1985-05-07,MSX,ミュージックスタジオＧ７,0,0,🚧,???,0,0
1985-05-07,MSX,ミュージックワープロＭＵＳＩＣＩＡＮ,0,0,🚧,???,0,0
1985-05-07,MSX,ムーンパトロール,0,0,🚧,???,0,0
1985-05-07,MSX,ムーンランディング,0,0,🚧,???,0,0
1985-05-07,MSX,メーニーズ,0,0,🚧,???,0,0
1985-05-07,MSX,メガロポリスＳＯＳ,0,0,🚧,???,0,0
1985-05-07,MSX,めぞん一刻 想いでのフォトグラフ,0,0,🚧,???,0,0
1985-05-07,MSX,めぞん一刻完結編 さよなら､そして…,0,0,🚧,???,0,0
1985-05-07,MSX,メタルギア,0,0,🚧,???,0,0
1985-05-07,MSX,メタルギア２　ソリッドスネーク,0,0,🚧,???,0,0
1985-05-07,MSX,メルヘンヴェールI,0,0,🚧,???,0,0
1985-05-07,MSX,モアイの秘宝,0,0,🚧,???,0,0
1985-05-07,MSX,もーかり まっか？ ぼちぼちでんなっ！,0,0,🚧,???,0,0
1985-05-07,MSX,モールモール,0,0,🚧,???,0,0
1985-05-07,MSX,モールモール２,0,0,🚧,???,0,0
1985-05-07,MSX,モピレンジャー,0,0,🚧,???,0,0
1985-05-07,MSX,モピレンジャー,0,0,🚧,???,0,0
1985-05-07,MSX,モンモンモンスター（悶々怪物）,0,0,🚧,???,0,0
1985-05-07,MSX,モン太君のいち・に・さんすう (MONKY ACADEMY),0,0,🚧,???,0,0
1985-05-07,MSX,ヤシャ　（YAKSA）,0,0,🚧,???,0,0
1985-05-07,MSX,ヤングシャーロックドイルの遺産,0,0,🚧,???,0,0
1985-05-07,MSX,ユニットコネクタ,0,0,🚧,???,0,0
1985-05-07,MSX,ヨーロッパ戦線,0,0,🚧,???,0,0
1985-05-07,MSX,ライズアウト,0,0,🚧,???,0,0
1985-05-07,MSX,ラスタンサーガ,0,0,🚧,???,0,0
1985-05-07,MSX,ラダービルディング,0,0,🚧,???,0,0
1985-05-07,MSX,ラビリンス魔王の迷宮,0,0,🚧,???,0,0
1985-05-07,MSX,らぷてっく２,0,0,🚧,???,0,0
1985-05-07,MSX,ラリー,0,0,🚧,???,0,0
1985-05-07,MSX,ラリーＸ,0,0,🚧,???,0,0
1985-05-07,MSX,ランペルール,0,0,🚧,???,0,0
1985-05-07,MSX,ランボー,0,0,🚧,???,0,0
1985-05-07,MSX,リアルテニス,0,0,🚧,???,0,0
1985-05-07,MSX,リターンオブジェルダ,0,0,🚧,???,0,0
1985-05-07,MSX,りっくとみっくの大冒険,0,0,🚧,???,0,0
1985-05-07,MSX,リバーレイド,0,0,🚧,???,0,0
1985-05-07,MSX,ルナーボール,0,0,🚧,???,0,0
1985-05-07,MSX,ルパン３世カリオストロの城,0,0,🚧,???,0,0
1985-05-07,MSX,ルパン３世バビロンの黄金伝説,0,0,🚧,???,0,0
1985-05-07,MSX,レッドゾーン,0,0,🚧,???,0,0
1985-05-07,MSX,レプリカート,0,0,🚧,???,0,0
1985-05-07,MSX,レリクス,0,0,🚧,???,0,0
1985-05-07,MSX,レリクス,0,0,🚧,???,0,0
1985-05-07,MSX,ロイヤルブラッド,0,0,🚧,???,0,0
1985-05-07,MSX,ローターズ,0,0,🚧,???,0,0
1985-05-07,MSX,ロードオーバー,0,0,🚧,???,0,0
1985-05-07,MSX,ロードファイター,0,0,🚧,???,0,0
1985-05-07,MSX,ロードファイター,0,0,🚧,???,0,0
1985-05-07,MSX,ロードランナー,0,0,🚧,???,0,0
1985-05-07,MSX,ロードランナーII,0,0,🚧,???,0,0
1985-05-07,MSX,ローラーボール,0,0,🚧,???,0,0
1985-05-07,MSX,ロケットロジャー,0,0,🚧,???,0,0
1985-05-07,MSX,ロックンボルト,0,0,🚧,???,0,0
1985-05-07,MSX,ロットロット,0,0,🚧,???,0,0
1985-05-07,MSX,ロボレス２００１年 (ROBO WRES 2001),0,0,🚧,???,0,0
1985-05-07,MSX,ロマンシア,0,0,🚧,???,0,0
1985-05-07,MSX,ロマンシア,0,0,🚧,???,0,0
1985-05-07,MSX,ワードランド文II,0,0,🚧,???,0,0
1985-05-07,MSX,ワードランド文II,0,0,🚧,???,0,0
1985-05-07,MSX,ワープ＆ワープ,0,0,🚧,???,0,0
1985-05-07,MSX,ワイルドキャット,0,0,🚧,???,0,0
1985-05-07,MSX,わんぱくアスレチック (ATHLETIC LAND),0,0,🚧,???,0,0
1985-05-07,MSX,亜空戦記グリフォン,0,0,🚧,???,0,0
1985-05-07,MSX,悪魔城ドラキュラ (VAMPIRE KILLER),0,0,🚧,???,0,0
1985-05-07,MSX,宛名書き,0,0,🚧,???,0,0
1985-05-07,MSX,闇の竜王ハデスの紋章,0,0,🚧,???,0,0
1985-05-07,MSX,伊賀忍法帖,0,0,🚧,???,0,0
1985-05-07,MSX,伊賀忍法帖　満月城の戦い,0,0,🚧,???,0,0
1985-05-07,MSX,伊忍道　打倒信長,0,0,🚧,???,0,0
1985-05-07,MSX,井出洋介名人の実戦麻雀,0,0,🚧,???,0,0
1985-05-07,MSX,一寸法師のどんなもんだい,0,0,🚧,???,0,0
1985-05-07,MSX,維新の嵐,0,0,🚧,???,0,0
1985-05-07,MSX,宇宙戦士「隼」 (MOONSWEEPER),0,0,🚧,???,0,0
1985-05-07,MSX,影の伝説,0,0,🚧,???,0,0
1985-05-07,MSX,泳いでタンゴ,0,0,🚧,???,0,0
1985-05-07,MSX,英文ワードプロセッサ,0,0,🚧,???,0,0
1985-05-07,MSX,王家の谷 (KING'S VALLEY),0,0,🚧,???,0,0
1985-05-07,MSX,王家の谷 (KING'S VALLEY),0,0,🚧,???,0,0
1985-05-07,MSX,王家の谷 (KING'S VALLEY),0,0,🚧,???,0,0
1985-05-07,MSX,王家の谷　エルギーザの封印 (KING'S VALLEY II),0,0,🚧,???,0,0
1985-05-07,MSX,王家の谷２　エルギーザの封印 (KING'S VALLEY II),0,0,🚧,???,0,0
1985-05-07,MSX,音感トレーニング,0,0,🚧,???,0,0
1985-05-07,MSX,火の鳥　鳳凰編,0,0,🚧,???,0,0
1985-05-07,MSX,花札,0,0,🚧,???,0,0
1985-05-07,MSX,花札コイコイ,0,0,🚧,???,0,0
1985-05-07,MSX,牙龍王,0,0,🚧,???,0,0
1985-05-07,MSX,絵葉書用ワープロ,0,0,🚧,???,0,0
1985-05-07,MSX,学園物語,0,0,🚧,???,0,0
1985-05-07,MSX,楽しい算数,0,0,🚧,???,0,0
1985-05-07,MSX,漢字ＲＯＭ,0,0,🚧,???,0,0
1985-05-07,MSX,漢字カセットラベラ,0,0,🚧,???,0,0
1985-05-07,MSX,漢字テロッパ,0,0,🚧,???,0,0
1985-05-07,MSX,漢字ワープロユニット,0,0,🚧,???,0,0
1985-05-07,MSX,漢字ワープロユニット,0,0,🚧,???,0,0
1985-05-07,MSX,漢字住所録,0,0,🚧,???,0,0
1985-05-07,MSX,漢字枠組自在,0,0,🚧,???,0,0
1985-05-07,MSX,管理馬券,0,0,🚧,???,0,0
1985-05-07,MSX,簡易言語データ君,0,0,🚧,???,0,0
1985-05-07,MSX,頑張れトラックボーイペイロード,0,0,🚧,???,0,0
1985-05-07,MSX,奇々怪界,0,0,🚧,???,0,0
1985-05-07,MSX,棋聖,0,0,🚧,???,0,0
1985-05-07,MSX,機動戦士ガンダム,0,0,🚧,???,0,0
1985-05-07,MSX,機動惑星スティルス,0,0,🚧,???,0,0
1985-05-07,MSX,詰碁１２０　関西棋院監修,0,0,🚧,???,0,0
1985-05-07,MSX,居眠り流阿佐田哲也のＡ級麻雀,0,0,🚧,???,0,0
1985-05-07,MSX,銀河漂流バイファム,0,0,🚧,???,0,0
1985-05-07,MSX,軍人将棋軍神マース,0,0,🚧,???,0,0
1985-05-07,MSX,軽井沢誘拐案内,0,0,🚧,???,0,0
1985-05-07,MSX,激突ペナントレース２,0,0,🚧,???,0,0
1985-05-07,MSX,賢者の石,0,0,🚧,???,0,0
1985-05-07,MSX,五目ならべ,0,0,🚧,???,0,0
1985-05-07,MSX,功夫大君,0,0,🚧,???,0,0
1985-05-07,MSX,孔雀王,0,0,🚧,???,0,0
1985-05-07,MSX,高橋名人の冒険島,0,0,🚧,???,0,0
1985-05-07,MSX,魂斗羅,0,0,🚧,???,0,0
1985-05-07,MSX,沙羅曼蛇,0,0,🚧,???,0,0
1985-05-07,MSX,殺人倶楽部,0,0,🚧,???,0,0
1985-05-07,MSX,三つ目がとおる,0,0,🚧,???,0,0
1985-05-07,MSX,三國志,0,0,🚧,???,0,0
1985-05-07,MSX,三國志,0,0,🚧,???,0,0
1985-05-07,MSX,三國志Ⅱ,0,0,🚧,???,0,0
1985-05-07,MSX,仔猫の大冒険 チビちゃんがいく,0,0,🚧,???,0,0
1985-05-07,MSX,辞書データ,0,0,🚧,???,0,0
1985-05-07,MSX,上海,0,0,🚧,???,0,0
1985-05-07,MSX,死霊戦線,0,0,🚧,???,0,0
1985-05-07,MSX,実戦四人麻雀,0,0,🚧,???,0,0
1985-05-07,MSX,住所録／名刺管理ソフト,0,0,🚧,???,0,0
1985-05-07,MSX,渋滞パニックトラフィック,0,0,🚧,???,0,0
1985-05-07,MSX,獣神ローガス,0,0,🚧,???,0,0
1985-05-07,MSX,将棋,0,0,🚧,???,0,0
1985-05-07,MSX,将棋　（SHOGI）,0,0,🚧,???,0,0
1985-05-07,MSX,将棋名人,0,0,🚧,???,0,0
1985-05-07,MSX,将軍,0,0,🚧,???,0,0
1985-05-07,MSX,信長の野望　戦国群雄伝,0,0,🚧,???,0,0
1985-05-07,MSX,信長の野望　武将風雲録,0,0,🚧,???,0,0
1985-05-07,MSX,信長の野望　全国版,0,0,🚧,???,0,0
1985-05-07,MSX,信長の野望　全国版,0,0,🚧,???,0,0
1985-05-07,MSX,新世ＳＩＺＥＲ,0,0,🚧,???,0,0
1985-05-07,MSX,森田和郎のオセロ,0,0,🚧,???,0,0
1985-05-07,MSX,人魚伝説,0,0,🚧,???,0,0
1985-05-07,MSX,水滸伝　天命の誓い,0,0,🚧,???,0,0
1985-05-07,MSX,雀フレンド,0,0,🚧,???,0,0
1985-05-07,MSX,雀華,0,0,🚧,???,0,0
1985-05-07,MSX,雀聖,0,0,🚧,???,0,0
1985-05-07,MSX,雀友,0,0,🚧,???,0,0
1985-05-07,MSX,生命惑星Ｍ３６生きていたマザーブレイン,0,0,🚧,???,0,0
1985-05-07,MSX,聖飢魔IIスペシャル　悪魔の逆襲,0,0,🚧,???,0,0
1985-05-07,MSX,聖拳アチョー,0,0,🚧,???,0,0
1985-05-07,MSX,戦場の狼,0,0,🚧,???,0,0
1985-05-07,MSX,戦場の狼,0,0,🚧,???,0,0
1985-05-07,MSX,倉庫番,0,0,🚧,???,0,0
1985-05-07,MSX,窓ふき会社のスイングくん,0,0,🚧,???,0,0
1985-05-07,MSX,蒼き狼と白き牝鹿　元朝秘史,0,0,🚧,???,0,0
1985-05-07,MSX,蒼き狼と白き牝鹿　ジンギスカン,0,0,🚧,???,0,0
1985-05-07,MSX,蒼き狼と白き牝鹿　ジンギスカン,0,0,🚧,???,0,0
1985-05-07,MSX,大戦略,0,0,🚧,???,0,0
1985-05-07,MSX,太陽の神殿  アステカⅡ,0,0,🚧,???,0,0
1985-05-07,MSX,大航海時代,0,0,🚧,???,0,0
1985-05-07,MSX,大障害競馬,0,0,🚧,???,0,0
1985-05-07,MSX,大脱走,0,0,🚧,???,0,0
1985-05-07,MSX,谷川浩司の将棋指南,0,0,🚧,???,0,0
1985-05-07,MSX,谷川浩司の将棋指南II　名人への道,0,0,🚧,???,0,0
1985-05-07,MSX,中学必修英作文,0,0,🚧,???,0,0
1985-05-07,MSX,中学必修英文法 [中学1年],0,0,🚧,???,0,0
1985-05-07,MSX,超時空要塞マクロス　カウントダウン,0,0,🚧,???,0,0
1985-05-07,MSX,超戦士ザイダー　バトルオブペガス,0,0,🚧,???,0,0
1985-05-07,MSX,釣りキチ三平ブルーマリン編,0,0,🚧,???,0,0
1985-05-07,MSX,釣りキチ三平釣り仙人編,0,0,🚧,???,0,0
1985-05-07,MSX,提督の決断,0,0,🚧,???,0,0
1985-05-07,MSX,天国よいとこ,0,0,🚧,???,0,0
1985-05-07,MSX,天才ラビアン大奮戦,0,0,🚧,???,0,0
1985-05-07,MSX,天使たちの午後,0,0,🚧,???,0,0
1985-05-07,MSX,伝説の聖戦士アシュギーネ,0,0,🚧,???,0,0
1985-05-07,MSX,怒,0,0,🚧,???,0,0
1985-05-07,MSX,日本語ＭＳＸ－Ｗｒｉｔｅ,0,0,🚧,???,0,0
1985-05-07,MSX,日本語ワードプロセッサ ＭＳＸ－ＷｒｉｔｅII,0,0,🚧,???,0,0
1985-05-07,MSX,日本語ワードプロセッサ 漢字君II,0,0,🚧,???,0,0
1985-05-07,MSX,日本史年表,0,0,🚧,???,0,0
1985-05-07,MSX,忍者くん,0,0,🚧,???,0,0
1985-05-07,MSX,忍者くん　阿修羅の章,0,0,🚧,???,0,0
1985-05-07,MSX,忍者くん　魔城の冒険,0,0,🚧,???,0,0
1985-05-07,MSX,忍者じゃじゃ丸くん,0,0,🚧,???,0,0
1985-05-07,MSX,忍者プリンセス,0,0,🚧,???,0,0
1985-05-07,MSX,忍者影,0,0,🚧,???,0,0
1985-05-07,MSX,熱血柔道,0,0,🚧,???,0,0
1985-05-07,MSX,熱戦甲子園,0,0,🚧,???,0,0
1985-05-07,MSX,燃えろ！！熱闘野球’８８,0,0,🚧,???,0,0
1985-05-07,MSX,覇邪の封印,0,0,🚧,???,0,0
1985-05-07,MSX,牌の魔術師,0,0,🚧,???,0,0
1985-05-07,MSX,爆走スタントレーシング (CAR JAMBOREE),0,0,🚧,???,0,0
1985-05-07,MSX,反生命戦機  アンドロギュヌス,0,0,🚧,???,0,0
1985-05-07,MSX,飛車,0,0,🚧,???,0,0
1985-05-07,MSX,描きくけコン,0,0,🚧,???,0,0
1985-05-07,MSX,本格将棋　棋太平,0,0,🚧,???,0,0
1985-05-07,MSX,文節変換カートリッジ,0,0,🚧,???,0,0
1985-05-07,MSX,文節変換熟語ユニット,0,0,🚧,???,0,0
1985-05-07,MSX,忘れじのナウシカ・ゲーム,0,0,🚧,???,0,0
1985-05-07,MSX,魔王ゴルベリアス,0,0,🚧,???,0,0
1985-05-07,MSX,魔界島 七つの島大冒険,0,0,🚧,???,0,0
1985-05-07,MSX,魔城伝説,0,0,🚧,???,0,0
1985-05-07,MSX,魔城伝説,0,0,🚧,???,0,0
1985-05-07,MSX,魔城伝説Ⅱ　ガリウスの迷宮 (THE MAZE OF GALIOUS),0,0,🚧,???,0,0
1985-05-07,MSX,魔城伝説Ⅲ　完結編　シャロム (KINGHTMARE III SHALOM),0,0,🚧,???,0,0
1985-05-07,MSX,魔性の館ガバリン,0,0,🚧,???,0,0
1985-05-07,MSX,魔法使いウィズ,0,0,🚧,???,0,0
1985-05-07,MSX,未来,0,0,🚧,???,0,0
1985-05-07,MSX,未来,0,0,🚧,???,0,0
1985-05-07,MSX,密林の秘法,0,0,🚧,???,0,0
1985-05-07,MSX,夢幻戦士ヴァリス,0,0,🚧,???,0,0
1985-05-07,MSX,夢大陸アドベンチャー (PENGUIN ADVENTURE),0,0,🚧,???,0,0
1985-05-07,MSX,迷宮への扉 (GATE OF LABYRINTH),0,0,🚧,???,0,0
1985-05-07,MSX,迷宮神話,0,0,🚧,???,0,0
1985-05-07,MSX,野球狂,0,0,🚧,???,0,0
1985-05-07,MSX,山村美紗サスペンス　京都龍の寺殺人事件,0,0,🚧,???,0,0
1985-05-07,MSX,幽霊君,0,0,🚧,???,0,0
1985-05-07,MSX,幼児のえいご,0,0,🚧,???,0,0
1985-05-07,MSX,妖怪屋敷,0,0,🚧,???,0,0
1985-05-07,MSX,妖怪探偵ちまちま,0,0,🚧,???,0,0
1985-05-07,MSX,連珠とおじゃま犬たち,0,0,🚧,???,0,0
1985-05-07,MSX,連続血圧測定プログラム,0,0,🚧,???,0,0
1990-10-06,GG,コラムス,0,0,🚧,PZL,0,0
1990-10-06,GG,スーパーモナコＧＰ,0,0,🚧,RCG,0,0
1990-10-06,GG,ペンゴ,0,0,🚧,ACT,0,0
1990-10-06,GG,斬ＧＥＡＲ,0,0,🚧,SLG,0,0
1990-10-06,GG,対戦麻雀 好牌,0,0,🚧,TBL,0,0
1990-10-06,GG,ワンダーボーイ,0,0,🚧,ACT,0,0
1990-10-06,GG,Ｇ-ＬＯＣ,0,0,🚧,SHT,0,0
1990-10-06,GG,倉庫番,0,0,🚧,PZL,0,0
1990-10-06,GG,ドラゴンクリスタル ツラニの迷宮,0,0,🚧,RPG,0,0
1990-10-06,GG,上海II,0,0,🚧,PZL,0,0
1990-10-06,GG,ＴＨＥプロ野球'９１,0,0,🚧,SPT,0,0
1990-10-06,GG,パックマン,0,0,🚧,ACT,0,0
1990-10-06,GG,サイキックワールド,0,0,🚧,ACT,0,0
1990-10-06,GG,ポップブレイカー,0,0,🚧,SHT,0,0
1990-10-06,GG,ジャンクション,0,0,🚧,PZL,0,0
1990-10-06,GG,ウッディポップ,0,0,🚧,ACT,0,0
1990-10-06,GG,タイトーチェイスＨ.Ｑ.,0,0,🚧,RCG,0,0
1990-10-06,GG,タロットの館,0,0,🚧,TBL,0,0
1990-10-06,GG,ヘッドバスター,0,0,🚧,SLG,0,0
1990-10-06,GG,ミッキーマウスのキャッスルイリュージョン,0,0,🚧,ACT,0,0
1990-10-06,GG,キネティックコネクション,0,0,🚧,PZL,0,0
1990-10-06,GG,デビリッシュ,0,0,🚧,ACT,0,0
1990-10-06,GG,ギアスタジアム,0,0,🚧,SPT,0,0
1990-10-06,GG,スーパーゴルフ,0,0,🚧,SPT,0,0
1990-10-06,GG,Ｔｈｅ ＧＧ忍,0,0,🚧,ACT,0,0
1990-10-06,GG,スクウィーク,0,0,🚧,ACT,0,0
1990-10-06,GG,紫禁城,0,0,🚧,PZL,0,0
1990-10-06,GG,マッピー,0,0,🚧,ACT,0,0
1990-10-06,GG,琉球,0,0,🚧,PZL,0,0
1990-10-06,GG,がんばれゴルビー！,0,0,🚧,ACT,0,0
1990-10-06,GG,ハレーウォーズ,0,0,🚧,SHT,0,0
1990-10-06,GG,まじかる☆タルるートくん,0,0,🚧,SHT,0,0
1990-10-06,GG,マジカルパズル ポピルズ,0,0,🚧,PZL,0,0
1990-10-06,GG,ファンタジーゾーンGear　オパオパJr.の冒険,0,0,🚧,SHT,0,0
1990-10-06,GG,グリフォン,0,0,🚧,SHT,0,0
1990-10-06,GG,ワギャンランド,0,0,🚧,ACT,0,0
1990-10-06,GG,アウトラン,0,0,🚧,RCG,0,0
1990-10-06,GG,エターナルレジェンド 永遠の伝説,0,0,🚧,RPG,0,0
1990-10-06,GG,ラスタンサーガ,0,0,🚧,ACT,0,0
1990-10-06,GG,パット＆パター,0,0,🚧,SPT,0,0
1990-10-06,GG,対戦型大戦略Ｇ,0,0,🚧,SLG,0,0
1990-10-06,GG,ギャラガ'９１,0,0,🚧,SHT,0,0
1990-10-06,GG,アックスバトラー ゴールデンアックス伝説,0,0,🚧,RPG,0,0
1990-10-06,GG,忍者外伝,0,0,🚧,ACT,0,0
1990-10-06,GG,クニちゃんのゲーム天国,0,0,🚧,TBL,0,0
1990-10-06,GG,ベルリンの壁,0,0,🚧,ACT,0,0
1990-10-06,GG,アーリエル クリスタル伝説,0,0,🚧,SLG,0,0
1990-10-06,GG,ドナルドダックのラッキーダイム,0,0,🚧,ACT,0,0
1990-10-06,GG,フレイ 修行編,0,0,🚧,SHT,0,0
1990-10-06,GG,ヘビーウェイトチャンプ,0,0,🚧,SPT,0,0
1990-10-06,GG,スペースハリアー,0,0,🚧,SHT,0,0
1990-10-06,GG,ソニック・ザ・ヘッジホッグ,0,0,🚧,ACT,0,0
1990-10-06,GG,ＧＧアレスタ,0,0,🚧,SHT,0,0
1990-10-06,GG,ポケット雀荘,0,0,🚧,TBL,0,0
1990-10-06,GG,ファンタシースター アドベンチャー,0,0,🚧,ADV,0,0
1990-10-06,GG,エイリアンシンドローム,0,0,🚧,ACT,0,0
1990-10-06,GG,バスターボール,0,0,🚧,SPT,0,0
1990-10-06,GG,モンスターワールドII ドラゴンの罠,0,0,🚧,ACT,0,0
1990-10-06,GG,ハイパー・プロ野球'９２,0,0,🚧,SPT,0,0
1990-10-06,GG,ジョー・モンタナ フットボール,0,0,🚧,SPT,0,0
1990-10-06,GG,ひょっこりひょうたん島 ひょうたん島の大航海,0,0,🚧,ACT,0,0
1990-10-06,GG,エアリアルアサルト,0,0,🚧,SHT,0,0
1990-10-06,GG,ぎゅわんぶらあ自己中心派,0,0,🚧,TBL,0,0
1990-10-06,GG,オリンピックゴールド,0,0,🚧,SPT,0,0
1990-10-06,GG,炎の闘球児ドッジ弾平,0,0,🚧,SLG,0,0
1990-10-06,GG,アイルトン・セナ スーパーモナコＧＰII,0,0,🚧,RCG,0,0
1990-10-06,GG,シャダム・クルセイダー 遙かなる王国,0,0,🚧,RPG,0,0
1990-10-06,GG,ファンタシースター外伝,0,0,🚧,RPG,0,0
1990-10-06,GG,In the wake of VAMPIRE,0,0,🚧,ACT,0,0
1990-10-06,GG,バットマンリターンズ,0,0,🚧,ACT,0,0
1990-10-06,GG,チャックロック,0,0,🚧,ACT,0,0
1990-10-06,GG,ソニック・ザ・ヘッジホッグ２,0,0,🚧,ACT,0,0
1990-10-06,GG,ベア・ナックル 怒りの鉄拳,0,0,🚧,ACT,0,0
1990-10-06,GG,Ｔｈｅ ＧＧ忍２,0,0,🚧,ACT,0,0
1990-10-06,GG,クニちゃんのゲーム天国パート２,0,0,🚧,TBL,0,0
1990-10-06,GG,シャイニング・フォース外伝 遠征・邪神の国へ,0,0,🚧,RPG,0,0
1990-10-06,GG,レミングス,0,0,🚧,PZL,0,0
1990-10-06,GG,ウィンブルドン,0,0,🚧,SPT,0,0
1990-10-06,GG,ぷよぷよ,0,0,🚧,PZL,0,0
1990-10-06,GG,ミッキーマウスの魔法のクリスタル,0,0,🚧,ACT,0,0
1990-10-06,GG,ドラえもん ノラのすけの野望,0,0,🚧,ACT,0,0
1990-10-06,GG,プロ野球ＧＧリーグ,0,0,🚧,SPT,0,0
1990-10-06,GG,Ｋｉｃｋ＆Ｒｕｓｈ,0,0,🚧,SPT,0,0
1990-10-06,GG,シャイニング・フォース外伝II 邪神の覚醒,0,0,🚧,RPG,0,0
1990-10-06,GG,トム＆ジェリー,0,0,🚧,ACT,0,0
1990-10-06,GG,ああ播磨灘,0,0,🚧,SPT,0,0
1990-10-06,GG,なぞぷよ(ゲームギア本体に＋１パックとして同梱),0,0,🚧,PZL,0,0
1990-10-06,GG,ベア・ナックルII 死闘への鎮魂歌,0,0,🚧,ACT,0,0
1990-10-06,GG,ジュラシック・パーク,0,0,🚧,ACT,0,0
1990-10-06,GG,ＧＧアレスタII,0,0,🚧,SHT,0,0
1990-10-06,GG,ソニック＆テイルス,0,0,🚧,ACT,0,0
1990-10-06,GG,ＵＬＴＩＭＡＴＥ ＳＯＣＣＥＲ,0,0,🚧,SPT,0,0
1990-10-06,GG,魔導物語 I ３つの魔導球,0,0,🚧,RPG,0,0
1990-10-06,GG,なぞぷよ２,0,0,🚧,PZL,0,0
1990-10-06,GG,ドナルドダックの４つの秘宝,0,0,🚧,ACT,0,0
1990-10-06,GG,フェイスボール２０００,0,0,🚧,ACT,0,0
1990-10-06,GG,モータルコンバット,0,0,🚧,ACT,0,0
1990-10-06,GG,対戦麻雀 好牌II,0,0,🚧,TBL,0,0
1990-10-06,GG,バトルトード,0,0,🚧,ACT,0,0
1990-10-06,GG,リディック・ボウ ボクシング,0,0,🚧,SPT,0,0
1990-10-06,GG,ウィンターオリンピック,0,0,🚧,SPT,0,0
1990-10-06,GG,バスターファイト,0,0,🚧,ACT,0,0
1990-10-06,GG,T2 THE ARCADE GAME,0,0,🚧,SHT,0,0
1990-10-06,GG,マクドナルド ドナルドのマジカルワールド,0,0,🚧,ACT,0,0
1990-10-06,GG,エコー・ザ・ドルフィン,0,0,🚧,ACT,0,0
1990-10-06,GG,ソニックドリフト,0,0,🚧,RCG,0,0
1990-10-06,GG,幽☆遊☆白書 滅びし者の逆襲,0,0,🚧,ACT,0,0
1990-10-06,GG,アラジン,0,0,🚧,ACT,0,0
1990-10-06,GG,スクラッチゴルフ,0,0,🚧,SPT,0,0
1990-10-06,GG,ＧＰライダー,0,0,🚧,RCG,0,0
1990-10-06,GG,タントア～ル,0,0,🚧,TBL,0,0
1990-10-06,GG,女神転生外伝 ラストバイブル,0,0,🚧,RPG,0,0
1990-10-06,GG,ＮＢＡ ＪＡＭ,0,0,🚧,SPT,0,0
1990-10-06,GG,魔導物語 II アルル１６歳,0,0,🚧,RPG,0,0
1990-10-06,GG,エイリアン３,0,0,🚧,ACT,0,0
1990-10-06,GG,ワールドダービー,0,0,🚧,SLG,0,0
1990-10-06,GG,とられてたまるか！？,0,0,🚧,PZL,0,0
1990-10-06,GG,アダムスファミリー,0,0,🚧,ACT,0,0
1990-10-06,GG,ロボコップ３,0,0,🚧,ACT,0,0
1990-10-06,GG,Ｊリーグ ＧＧプロストライカー'９４,0,0,🚧,SPT,0,0
1990-10-06,GG,ズールのゆめぼうけん,0,0,🚧,ACT,0,0
1990-10-06,GG,スマッシュＴＶ,0,0,🚧,ACT,0,0
1990-10-06,GG,なぞぷよ アルルのルー,0,0,🚧,PZL,0,0
1990-10-06,GG,バートワールド,0,0,🚧,ACT,0,0
1990-10-06,GG,コカ・コーラキッド,0,0,🚧,ACT,0,0
1990-10-06,GG,ダイナマイトヘッディー,0,0,🚧,ACT,0,0
1990-10-06,GG,ポパイのビーチバレーボール,0,0,🚧,SPT,0,0
1990-10-06,GG,モータルコンバットII 究極神拳,0,0,🚧,ACT,0,0
1990-10-06,GG,剣勇伝説ＹＡＩＢＡ,0,0,🚧,ACT,0,0
1990-10-06,GG,ダンクキッズ,0,0,🚧,SPT,0,0
1990-10-06,GG,Ｔ２ ジャッジメント・デイ,0,0,🚧,ACT,0,0
1990-10-06,GG,クラッシュ・ダミー　スリック坊やの大挑戦,0,0,🚧,ACT,0,0
1990-10-06,GG,プロ野球ＧＧリーグ'９４,0,0,🚧,SPT,0,0
1990-10-06,GG,幽☆遊☆白書２ 激闘！ 七強の戦い,0,0,🚧,SLG,0,0
1990-10-06,GG,モルドリアン 光と闇の姉妹,0,0,🚧,RPG,0,0
1990-10-06,GG,ソニック＆テイルス２,0,0,🚧,ACT,0,0
1990-10-06,GG,イチダントア～ルＧＧ,0,0,🚧,TBL,0,0
1990-10-06,GG,餓狼伝説ＳＰＥＣＩＡＬ,0,0,🚧,ACT,0,0
1990-10-06,GG,魔導物語 III 究極女王様,0,0,🚧,RPG,0,0
1990-10-06,GG,サムライスピリッツ,0,0,🚧,ACT,0,0
1990-10-06,GG,テレビアニメ スラムダンク,0,0,🚧,SLG,0,0
1990-10-06,GG,ぷよぷよ通,0,0,🚧,PZL,0,0
1990-10-06,GG,魔法騎士レイアース,0,0,🚧,RPG,0,0
1990-10-06,GG,フレッド・カプルスズ ゴルフ,0,0,🚧,SPT,0,0
1990-10-06,GG,ミッキーマウス伝説の王国,0,0,🚧,ACT,0,0
1990-10-06,GG,ライオンキング,0,0,🚧,ACT,0,0
1990-10-06,GG,ぎゃんぶるぱにっく,0,0,🚧,TBL,0,0
1990-10-06,GG,シルヴァンテイル,0,0,🚧,RPG,0,0
1990-10-06,GG,美少女戦士セーラームーンS,0,0,🚧,ACT,0,0
1990-10-06,GG,エコー・ザ・ドルフィン２,0,0,🚧,ACT,0,0
1990-10-06,GG,リスター ザ・シューティングスター,0,0,🚧,ACT,0,0
1990-10-06,GG,NBA JAM トーナメントエディション,0,0,🚧,SPT,0,0
1990-10-06,GG,NFL クォーターバッククラブ'95,0,0,🚧,SPT,0,0
1990-10-06,GG,クレヨンしんちゃん　対決！ カンタムパニック！！,0,0,🚧,TBL,0,0
1990-10-06,GG,ロイアルストーン 開かれし時の扉,0,0,🚧,SLG,0,0
1990-10-06,GG,タマ＆フレンズ ３丁目公園タマリンピック,0,0,🚧,ACT,0,0
1990-10-06,GG,ソニックドリフト２,0,0,🚧,RCG,0,0
1990-10-06,GG,ＳＤガンダム　WINNER'S HISTORY,0,0,🚧,SLG,0,0
1990-10-06,GG,ガンスターヒーローズ,0,0,🚧,ACT,0,0
1990-10-06,GG,女神転生外伝 ラストバイブルスペシャル,0,0,🚧,RPG,0,0
1990-10-06,GG,ＴＨＥ クイズ ギアファイト！,0,0,🚧,TBL,0,0
1990-10-06,GG,ＴＥＭＰＯ Ｊｒ.,0,0,🚧,ACT,0,0
1990-10-06,GG,テイルスのスカイパトロール,0,0,🚧,ACT,0,0
1990-10-06,GG,トゥルーライズ,0,0,🚧,ACT,0,0
1990-10-06,GG,スーパーコラムス,0,0,🚧,PZL,0,0
1990-10-06,GG,スターゲイト,0,0,🚧,PZL,0,0
1990-10-06,GG,シャイニング・フォース外伝 FINAL CONFLICT,0,0,🚧,RPG,0,0
1990-10-06,GG,闘え！ プロ野球ツインリーグ,0,0,🚧,SPT,0,0
1990-10-06,GG,忍空,0,0,🚧,RPG,0,0
1990-10-06,GG,魔法騎士レイアース２ making of magic knight,0,0,🚧,SLG,0,0
1990-10-06,GG,鬼神童子ＺＥＮＫＩ,0,0,🚧,ACT,0,0
1990-10-06,GG,FIFA インターナショナルサッカー,0,0,🚧,SPT,0,0
1990-10-06,GG,テイルスアドベンチャー,0,0,🚧,ACT,0,0
1990-10-06,GG,ギアスタジアム平成版,0,0,🚧,SPT,0,0
1990-10-06,GG,バットマンフォーエバー,0,0,🚧,ACT,0,0
1990-10-06,GG,フォアマンフォーリアル,0,0,🚧,SPT,0,0
1990-10-06,GG,忍空外伝 ヒロユキ大活劇,0,0,🚧,PZL,0,0
1990-10-06,GG,ソニックラビリンス,0,0,🚧,ACT,0,0
1990-10-06,GG,Ｊリーグサッカー ドリームイレブン,0,0,🚧,SPT,0,0
1990-10-06,GG,魔導物語Ａ ドキドキばけ～しょん,0,0,🚧,RPG,0,0
1990-10-06,GG,野茂英雄のワールドシリーズベースボール,0,0,🚧,SPT,0,0
1990-10-06,GG,ゴジラ 怪獣大進撃,0,0,🚧,SLG,0,0
1990-10-06,GG,スーパー桃太郎電鉄III,0,0,🚧,TBL,0,0
1990-10-06,GG,忍空２ 天空龍への道,0,0,🚧,ACT,0,0
1990-10-06,GG,ＬＵＮＡＲ さんぽする学園,0,0,🚧,RPG,0,0
1990-10-06,GG,ばくばくアニマル,0,0,🚧,PZL,0,0
1990-10-06,GG,バーチャファイターＭｉｎｉ,0,0,🚧,ACT,0,0
1990-10-06,GG,怪盗セイント・テール,0,0,🚧,TBL,0,0
1990-10-06,GG,ドラえもん ワクワクポケットパラダイス,0,0,🚧,TBL,0,0
1990-10-06,GG,ねこ大すき！,0,0,🚧,SLG,0,0
1990-10-06,GG,パズルボブル,0,0,🚧,PZL,0,0
1990-10-06,GG,ＧＧポートレート ゆうきあきら,0,0,🚧,TBL,0,0
1990-10-06,GG,ＧＧポートレート ぱいちぇん,0,0,🚧,TBL,0,0
1990-10-06,GG,パンツァードラグーンＭｉｎｉ,0,0,🚧,SHT,0,0
1990-10-06,GG,ペット倶楽部 いぬ大好き！,0,0,🚧,SLG,0,0
1990-10-06,GG,Ｇソニック,0,0,🚧,ACT,0,0
2001-03-21,GBA,ＥＺ－ＴＡＬＫ初級編１,0,0,🚧,ETC,0,0
2001-03-21,GBA,ＥＺ－ＴＡＬＫ初級編２,0,0,🚧,ETC,0,0
2001-03-21,GBA,ＥＺ－ＴＡＬＫ初級編３,0,0,🚧,ETC,0,0
2001-03-21,GBA,ＥＺ－ＴＡＬＫ初級編４,0,0,🚧,ETC,0,0
2001-03-21,GBA,ＥＺ－ＴＡＬＫ初級編５,0,0,🚧,ETC,0,0
2001-03-21,GBA,ＥＺ－ＴＡＬＫ初級編６,0,0,🚧,ETC,0,0
2001-03-21,GBA,F-ZERO FOR GAMEBOY ADVANCE,0,0,🚧,RCG,0,0
2001-03-21,GBA,JGTO公認 GOLF MASTER　～ JAPAN GOLF TOUR GAME ～,0,0,🚧,SPT,0,0
2001-03-21,GBA,Ｊリーグポケット,0,0,🚧,SLG,0,0
2001-03-21,GBA,アドバンスＧＴＡ,0,0,🚧,RCG,0,0
2001-03-21,GBA,ウイニングポスト　for ゲームボーイアドバンス,0,0,🚧,SLG,0,0
2001-03-21,GBA,くるくるくるりん,0,0,🚧,ACT,0,0
2001-03-21,GBA,コナミワイワイレーシングアドバンス,0,0,🚧,RCG,0,0
2001-03-21,GBA,スーパーマリオアドバンス,0,0,🚧,ACT,0,0
2001-03-21,GBA,チュ-チュ-ロケット！,0,0,🚧,ACT,0,0
2001-03-21,GBA,トゥイティーのハーティーパーティー,0,0,🚧,ETC,0,0
2001-03-21,GBA,ナポレオン,0,0,🚧,SLG,0,0
2001-03-21,GBA,バトルネットワーク　ロックマンエグゼ,0,0,🚧,RPG,0,0
2001-03-21,GBA,パワプロクンポケット３,0,0,🚧,SPT,0,0
2001-03-21,GBA,ピノビィーの大冒険,0,0,🚧,ACT,0,0
2001-03-21,GBA,ファイヤープロレスリングＡ,0,0,🚧,SPT,0,0
2001-03-21,GBA,プレイノベル　サイレントヒル,0,0,🚧,NOV,0,0
2001-03-21,GBA,ぼくは航空管制官,0,0,🚧,SLG,0,0
2001-03-21,GBA,ミスタードリラー２,0,0,🚧,ACT,0,0
2001-03-21,GBA,モンスターガーディアンズ,0,0,🚧,RPG,0,0
2001-03-21,GBA,悪魔城ドラキュラ　Circle of the Moon,0,0,🚧,ACT,0,0
2001-03-21,GBA,全国GT選手権,0,0,🚧,RCG,0,0
2001-03-21,GBA,桃太郎まつり,0,0,🚧,ETC,0,0
2001-03-21,GBA,爆熱ドッジボールファイターズ,0,0,🚧,SPT,0,0
2001-03-21,GBA,遊戯王ダンジョンダイスモンスターズ,0,0,🚧,SLG,0,0
2001-03-21,GBA,GetBackers 奪還屋　～地獄のスカラムーシュ～,0,0,🚧,RPG,0,0
2001-03-21,GBA,耽美夢想マイネリーベ,0,0,🚧,SLG,0,0
2001-03-21,GBA,スペースヘキサイト　～メーテル／レジェンドEX～,0,0,🚧,PZL,0,0
2001-03-21,GBA,ドラえもん　緑の惑星　ドキドキ大救出！,0,0,🚧,ACT,0,0
2001-03-21,GBA,ボンバーマンストーリー,0,0,🚧,RPG,0,0
2001-03-21,GBA,ファイナルファイトＯＮＥ,0,0,🚧,ACT,0,0
2001-03-21,GBA,タクティクスオウガ外伝 The Knight of Lodis,0,0,🚧,RPG,0,0
2001-03-21,GBA,トイロボフォース,0,0,🚧,SHT,0,0
2001-03-21,GBA,チョロＱアドバンス,0,0,🚧,RCG,0,0
2001-03-21,GBA,優駿ラプソディ～♪,0,0,🚧,RPG,0,0
2001-03-21,GBA,遊戯王デュエルモンスターズ５　エキスパート１,0,0,🚧,CARD,0,0
2001-03-21,GBA,ブレスオブファイア 竜の戦士,0,0,🚧,RPG,0,0
2001-03-21,GBA,森田将棋あどばんす,0,0,🚧,TBL,0,0
2001-03-21,GBA,麻雀刑事,0,0,🚧,TBL,0,0
2001-03-21,GBA,ＥＸモノポリー,0,0,🚧,TBL,0,0
2001-03-21,GBA,スーパーストリートファイター 2X REVIVAL,0,0,🚧,ACT,0,0
2001-03-21,GBA,みんなの飼育シリーズ（１）ぼくのカブト虫,0,0,🚧,ADV,0,0
2001-03-21,GBA,風のクロノア　～夢見る帝国～,0,0,🚧,ACT,0,0
2001-03-21,GBA,マリオカートアドバンス,0,0,🚧,RCG,0,0
2001-03-21,GBA,JGTO公認GOLFMASTERモバイル JAPAN GOLF TOUR GAME,0,0,🚧,SPT,0,0
2001-03-21,GBA,スタコミ,0,0,🚧,SLG,0,0
2001-03-21,GBA,モバイルプロ野球　監督の采配,0,0,🚧,SLG,0,0
2001-03-21,GBA,筋肉番付　金剛君の大冒険！,0,0,🚧,SPT,0,0
2001-03-21,GBA,ゼロ・ツアーズ,0,0,🚧,RPG,0,0
2001-03-21,GBA,黄金の太陽 開かれし封印,0,0,🚧,RPG,0,0
2001-03-21,GBA,ドカポンＱ モンスターハンター！,0,0,🚧,RPG,0,0
2001-03-21,GBA,みんなの飼育シリーズ（２）ぼくのクワガタ,0,0,🚧,ADV,0,0
2001-03-21,GBA,ジュラシックパーク３ 恐竜にあいにいこう！,0,0,🚧,SLG,0,0
2001-03-21,GBA,スーパーブラックバスアドバンス,0,0,🚧,SLG,0,0
2001-03-21,GBA,極 麻雀デラックス 未来戦士２１,0,0,🚧,TBL,0,0
2001-03-21,GBA,ワリオランドアドバンス　ヨーキーのお宝,0,0,🚧,ACT,0,0
2001-03-21,GBA,ジュラシックパーク３ アドバンスアクション,0,0,🚧,ACT,0,0
2001-03-21,GBA,高校受験アドバンスシリーズ  英語構文編,0,0,🚧,ETC,0,0
2001-03-21,GBA,高校受験アドバンスシリーズ  英熟語編,0,0,🚧,ETC,0,0
2001-03-21,GBA,高校受験アドバンスシリーズ  英単語編,0,0,🚧,ETC,0,0
2001-03-21,GBA,メダロット・ナビ　カブト,0,0,🚧,RPG,0,0
2001-03-21,GBA,メダロット・ナビ　クワガタ,0,0,🚧,RPG,0,0
2001-03-21,GBA,ラブひなアドバンス 祝福の鐘はなるかな,0,0,🚧,ADV,0,0
2001-03-21,GBA,ロボットポンコッツ３　クロス,0,0,🚧,RPG,0,0
2001-03-21,GBA,ロボットポンコッツ３　リング,0,0,🚧,RPG,0,0
2001-03-21,GBA,幻想水滸伝 カードストーリーズ,0,0,🚧,CARD,0,0
2001-03-21,GBA,ＦＩＥＬＤ ＯＦ ＮＩＮＥ ＤＩＧＩＴＡＬＥ　ＤＩＴＩＯＮ ２００１,0,0,🚧,CARD,0,0
2001-03-21,GBA,スーパーロボット大戦Ａ,0,0,🚧,SLG,0,0
2001-03-21,GBA,Ｚ．Ｏ．Ｅ ２１７３ ＴＥＳＴＡＭＥＮＴ,0,0,🚧,RPG,0,0
2001-03-21,GBA,信長の野望,0,0,🚧,SLG,0,0
2001-03-21,GBA,西原理恵子の殿堂麻雀,0,0,🚧,TBL,0,0
2001-03-21,GBA,ハテナサテナ,0,0,🚧,PZL,0,0
2001-03-21,GBA,奇々怪界あどばんす,0,0,🚧,ACT,0,0
2001-03-21,GBA,逆転裁判,0,0,🚧,ADV,0,0
2001-03-21,GBA,みんなでぷよぷよ,0,0,🚧,PZL,0,0
2001-03-21,GBA,ハムスター物語２ＧＢＡ,0,0,🚧,SLG,0,0
2001-03-21,GBA,ハローキティコレクションミラクルファッションメーカー,0,0,🚧,ADV,0,0
2001-03-21,GBA,ＥＳＰＮ Ｘ Ｇａｍｅｓ Ｓｋａｔｅｂｏａｒｄｉｎｇ,0,0,🚧,SPT,0,0
2001-03-21,GBA,なかよし麻雀 かぶリーチ,0,0,🚧,TBL,0,0
2001-03-21,GBA,ヒカルの碁,0,0,🚧,TBL,0,0
2001-03-21,GBA,どこでも対局 役満アドバンス,0,0,🚧,TBL,0,0
2001-03-21,GBA,なかよしペットアドバンスシリーズ(１)　かわいいハムスター,0,0,🚧,SLG,0,0
2001-03-21,GBA,ファランクス,0,0,🚧,SHT,0,0
2001-03-21,GBA,ジュラシックパークⅢ 失われた遺伝子,0,0,🚧,PZL,0,0
2001-03-21,GBA,友情のビクトリーゴール４v４嵐　GET THE GOAL!!,0,0,🚧,SPT,0,0
2001-03-21,GBA,Adveture of TOKYO Disney SEA,0,0,🚧,ADV,0,0
2001-03-21,GBA,ぐるロジチャンプ,0,0,🚧,PZL,0,0
2001-03-21,GBA,ZOIDS SAGA,0,0,🚧,RPG,0,0
2001-03-21,GBA,億万長者ゲーム　のっとり大作戦！,0,0,🚧,TBL,0,0
2001-03-21,GBA,機械化軍隊,0,0,🚧,SLG,0,0
2001-03-21,GBA,激闘！カーバトラーGO！！,0,0,🚧,RPG,0,0
2001-03-21,GBA,三國志,0,0,🚧,SLG,0,0
2001-03-21,GBA,筋肉番付～決めろ！奇跡の完全制覇～,0,0,🚧,SPT,0,0
2001-03-21,GBA,爆転シュートベイブレード激闘！最強ブレーダー,0,0,🚧,ACT,0,0
2001-03-21,GBA,アドバンスラリー,0,0,🚧,RCG,0,0
2001-03-21,GBA,ダイヤロイドワールド－イービル帝国の野望－,0,0,🚧,RPG,0,0
2001-03-21,GBA,ナムコミュージアム,0,0,🚧,ETC,0,0
2001-03-21,GBA,マジカルバケーション,0,0,🚧,RPG,0,0
2001-03-21,GBA,モンスターファームアドバンス,0,0,🚧,SLG,0,0
2001-03-21,GBA,ワールドアドバンスサッカー　～勝利への道～,0,0,🚧,SPT,0,0
2001-03-21,GBA,学校をつくろう！！アドバンス,0,0,🚧,SLG,0,0
2001-03-21,GBA,大戦略 ＦＯＲ ゲームボーイアドバンス,0,0,🚧,SLG,0,0
2001-03-21,GBA,コラムスクラウン,0,0,🚧,PZL,0,0
2001-03-21,GBA,実況ワールドサッカーポケット,0,0,🚧,SPT,0,0
2001-03-21,GBA,大麻雀。,0,0,🚧,TBL,0,0
2001-03-21,GBA,SK8 Tony Hawk's PRO SKATER 2,0,0,🚧,SPT,0,0
2001-03-21,GBA,サンサーラナーガ１×２,0,0,🚧,RPG,0,0
2001-03-21,GBA,スーパーマリオアドバンス２,0,0,🚧,ACT,0,0
2001-03-21,GBA,バトルネットワーク　ロックマンエグゼ２,0,0,🚧,RPG,0,0
2001-03-21,GBA,上海アドバンス,0,0,🚧,PZL,0,0
2001-03-21,GBA,ESPN Winter X Games Snowboarding 2002,0,0,🚧,SPT,0,0
2001-03-21,GBA,エキサイティングバス,0,0,🚧,SPT,0,0
2001-03-21,GBA,ソニックアドバンス,0,0,🚧,ACT,0,0
2001-03-21,GBA,ドラゴンクエストキャラクターズトルネコの大冒険２アドバンス 不思議のダンジョン,0,0,🚧,RPG,0,0
2001-03-21,GBA,遊戯王デュエルモンスターズ６　エキスパート２,0,0,🚧,CARD,0,0
2001-03-21,GBA,烈火の炎-THE GAME-,0,0,🚧,ACT,0,0
2001-03-21,GBA,ＭＵＴＳＵ　ウォータールーパームツ,0,0,🚧,SLG,0,0
2001-03-21,GBA,Ｗｉｚａｒｄｒｙ　ＳＵＭＭＯＮＥＲ  (ウィザードリィサマ),0,0,🚧,RPG,0,0
2001-03-21,GBA,スウィートクッキーパイ,0,0,🚧,TBL,0,0
2001-03-21,GBA,スーパーパズルバブルアドバンス,0,0,🚧,PZL,0,0
2001-03-21,GBA,ドナルドダック アドバンス,0,0,🚧,ACT,0,0
2001-03-21,GBA,ピンキーモンキータウン,0,0,🚧,ETC,0,0
2001-03-21,GBA,ブレスオブファイアⅡ ～使命の子～,0,0,🚧,RPG,0,0
2001-03-21,GBA,機動天使エンジェリックレイヤー　みさきと夢の天使達,0,0,🚧,RPG,0,0
2001-03-21,GBA,鉄拳アドバンス,0,0,🚧,ACT,0,0
2001-03-21,GBA,SLOT！PROアドバンス　宝船＆大江戸桜吹雪２,0,0,🚧,TBL,0,0
2001-03-21,GBA,グランボ,0,0,🚧,RPG,0,0
2001-03-21,GBA,THE KING OF FIGHTERS EX NEO BLOOD,0,0,🚧,ACT,0,0
2001-03-21,GBA,パックマンコレクション,0,0,🚧,PZL,0,0
2001-03-21,GBA,グラディウスジェネレーション,0,0,🚧,SHT,0,0
2001-03-21,GBA,スナップキッズ,0,0,🚧,RPG,0,0
2001-03-21,GBA,幽霊屋敷の二十四時間,0,0,🚧,ADV,0,0
2001-03-21,GBA,GUILTY GEAR X ADVANCE EDITION,0,0,🚧,ACT,0,0
2001-03-21,GBA,トマトアドベンチャー,0,0,🚧,RPG,0,0
2001-03-21,GBA,アニマルマニア　どきどき相性チェック,0,0,🚧,ETC,0,0
2001-03-21,GBA,ハイパースポーツ2002 WINTER,0,0,🚧,SPT,0,0
2001-03-21,GBA,ハリー・ポッターと賢者の石,0,0,🚧,ADV,0,0
2001-03-21,GBA,ボンバーマン マックス２　ボンバーマンバージョン,0,0,🚧,ACT,0,0
2001-03-21,GBA,ボンバーマン マックス２　マックスバージョン,0,0,🚧,ACT,0,0
2001-03-21,GBA,ＢＬＡＣＫ ＢＬＡＣＫ ～ブラブラ～,0,0,🚧,RPG,0,0
2001-03-21,GBA,ＷＴＡツアーテニスポケット,0,0,🚧,SPT,0,0
2001-03-21,GBA,メールでキュート,0,0,🚧,ADV,0,0
2001-03-21,GBA,キャプテン翼 栄光の軌跡,0,0,🚧,SPT,0,0
2001-03-21,GBA,どーもくんの不思議テレビ,0,0,🚧,ACT,0,0
2001-03-21,GBA,Ｊリーグポケット2,0,0,🚧,SPT,0,0
2001-03-21,GBA,ゴエモン ニューエイジ出動！,0,0,🚧,ACT,0,0
2001-03-21,GBA,モンスターズ・インク,0,0,🚧,ACT,0,0
2001-03-21,GBA,コロコロパズル ハッピィパネッチュ！,0,0,🚧,PZL,0,0
2001-03-21,GBA,ふしぎの国のアンジェリーク,0,0,🚧,ETC,0,0
2001-03-21,GBA,沈黙の移籍～エストポリス外伝～,0,0,🚧,RPG,0,0
2001-03-21,GBA,Ｋ－１ ポケットグランプリ,0,0,🚧,SPT,0,0
2001-03-21,GBA,川のぬし釣り５ ～不思議の森から～,0,0,🚧,SPT,0,0
2001-03-21,GBA,GROOVE ADVENTURE RAVE ～光と闇の大決戦～,0,0,🚧,ACT,0,0
2001-03-21,GBA,パワプロクンポケット４,0,0,🚧,SPT,0,0
2001-03-21,GBA,アンジェリーク,0,0,🚧,SLG,0,0
2001-03-21,GBA,なかよしペットアドバンスシリーズ(２)　かわいい仔犬,0,0,🚧,SLG,0,0
2001-03-21,GBA,実戦パチスロ必勝法！ 獣王アドバンス,0,0,🚧,TBL,0,0
2001-03-21,GBA,シャイニング・ソウル,0,0,🚧,RPG,0,0
2001-03-21,GBA,一石八鳥～これ１本で８種類！～,0,0,🚧,TBL,0,0
2001-03-21,GBA,神の記述　ILLUSION OF THE EVIL EYES,0,0,🚧,CARD,0,0
2001-03-21,GBA,妖怪道,0,0,🚧,RPG,0,0
2001-03-21,GBA,カエルＢバック,0,0,🚧,RPG,0,0
2001-03-21,GBA,ドラえもん どこでもウォーカー,0,0,🚧,ETC,0,0
2001-03-21,GBA,ハムスター倶楽部３,0,0,🚧,SLG,0,0
2001-03-21,GBA,ファイアーエムブレム 封印の剣,0,0,🚧,RPG,0,0
2001-03-21,GBA,マジカル封神,0,0,🚧,RPG,0,0
2001-03-21,GBA,新日本プロレス闘魂烈伝アドバンス,0,0,🚧,SPT,0,0
2001-03-21,GBA,ミニモニ。ミカのハッピーモーニングchatty,0,0,🚧,ETC,0,0
2001-03-21,GBA,デンキブロックス！,0,0,🚧,PZL,0,0
2001-03-21,GBA,LUNAR ～LEGEND～ (ルナ ～レジェンド～),0,0,🚧,RPG,0,0
2001-03-21,GBA,ひつじのキモチ。,0,0,🚧,PZL,0,0
2001-03-21,GBA,人生ゲームアドバンス,0,0,🚧,TBL,0,0
2001-03-21,GBA,黒ひげのくるっとジンドリ,0,0,🚧,PZL,0,0
2001-03-21,GBA,黒ひげのゴルフしようよ,0,0,🚧,SPT,0,0
2001-03-21,GBA,大好きテディ,0,0,🚧,ADV,0,0
2001-03-21,GBA,ウイ・イレ,0,0,🚧,SPT,0,0
2001-03-21,GBA,テニスの王子様ジーニアス・ボーイズ・アカデミー,0,0,🚧,SPT,0,0
2001-03-21,GBA,SLOT!PRO 2 アドバンス～GOGOジャグラー＆Newタイリョウ～,0,0,🚧,TBL,0,0
2001-03-21,GBA,アドバンスＧＴ２,0,0,🚧,RCG,0,0
2001-03-21,GBA,おしゃべりインコ倶楽部,0,0,🚧,SLG,0,0
2001-03-21,GBA,スパイダーマン　ミステリオの脅威,0,0,🚧,ACT,0,0
2001-03-21,GBA,テトリスワールド,0,0,🚧,PZL,0,0
2001-03-21,GBA,ぷくぷく天然かいらんばん,0,0,🚧,ADV,0,0
2001-03-21,GBA,ロックマン　ゼロ,0,0,🚧,ACT,0,0
2001-03-21,GBA,携帯電獣テレファング２　スピード,0,0,🚧,RPG,0,0
2001-03-21,GBA,携帯電獣テレファング２　パワー,0,0,🚧,RPG,0,0
2001-03-21,GBA,頭文字D Another Stage,0,0,🚧,ADV,0,0
2001-03-21,GBA,日本プロ麻雀連盟公認　徹萬アドバンス～免許皆伝シリーズ～,0,0,🚧,TBL,0,0
2001-03-21,GBA,コナミアーケードゲームコレクション,0,0,🚧,ETC,0,0
2001-03-21,GBA,フォーメーションサッカー２００２,0,0,🚧,SPT,0,0
2001-03-21,GBA,モトクロスマニアックスＡＤＶＡＮＣＥ,0,0,🚧,RCG,0,0
2001-03-21,GBA,おしゃれプリンセス,0,0,🚧,ETC,0,0
2001-03-21,GBA,トータルサッカーアドバンス,0,0,🚧,SPT,0,0
2001-03-21,GBA,とっとこハム太郎３　ラブラブ大冒険でちゅ,0,0,🚧,ADV,0,0
2001-03-21,GBA,キャッスルヴァニア 白夜の協奏曲,0,0,🚧,ACT,0,0
2001-03-21,GBA,ファミリーテニスアドバンス,0,0,🚧,SPT,0,0
2001-03-21,GBA,ガチンコプロ野球,0,0,🚧,SPT,0,0
2001-03-21,GBA,Ｖ－ＲＡＬＬＹ３,0,0,🚧,RCG,0,0
2001-03-21,GBA,花札　トランプ　麻雀　デパチカ　和洋中,0,0,🚧,TBL,0,0
2001-03-21,GBA,爆転シュート ベイブレード２００２  いくぜ！激闘！超磁力バトル,0,0,🚧,SLG,0,0
2001-03-21,GBA,Natural2-DUO-,0,0,🚧,ADV,0,0
2001-03-21,GBA,かまいたちの夜～ＡＤＶＡＮＣＥ～,0,0,🚧,ADV,0,0
2001-03-21,GBA,かわいいペットショップ物語３,0,0,🚧,RPG,0,0
2001-03-21,GBA,ファミスタアドバンス,0,0,🚧,SPT,0,0
2001-03-21,GBA,黄金の太陽 失われし時代,0,0,🚧,RPG,0,0
2001-03-21,GBA,THE PINBALL OF THE DEAD,0,0,🚧,TBL,0,0
2001-03-21,GBA,モンスターゲート,0,0,🚧,RPG,0,0
2001-03-21,GBA,信長異聞,0,0,🚧,SLG,0,0
2001-03-21,GBA,遊戯王デュエルモンスターズ７ 決闘都市伝説,0,0,🚧,RPG,0,0
2001-03-21,GBA,さくらももこのウキウキカーニバル,0,0,🚧,ADV,0,0
2001-03-21,GBA,ハロボッツ ロボヒーローバトリング!!,0,0,🚧,RPG,0,0
2001-03-21,GBA,はめパメ 東京ミュウミュウ,0,0,🚧,PZL,0,0
2001-03-21,GBA,Disney Sports : Soccer,0,0,🚧,SPT,0,0
2001-03-21,GBA,HIGH HEAT Major League Baseball 2003,0,0,🚧,SPT,0,0
2001-03-21,GBA,クラッシュ・バンディクーアドバンス,0,0,🚧,ACT,0,0
2001-03-21,GBA,ヒカルの碁２,0,0,🚧,TBL,0,0
2001-03-21,GBA,ピノビィー＆フィービィー,0,0,🚧,ACT,0,0
2001-03-21,GBA,Hot Wheels アドバンス,0,0,🚧,RCG,0,0
2001-03-21,GBA,お花屋さん物語ＧＢＡ,0,0,🚧,SLG,0,0
2001-03-21,GBA,ときめき夢シリーズ(1)　お花屋さんになろう！,0,0,🚧,SLG,0,0
2001-03-21,GBA,ハムスターパラダイス あどばんちゅ,0,0,🚧,SLG,0,0
2001-03-21,GBA,ファイアープロレスリング～夢の団体運営！～,0,0,🚧,SPT,0,0
2001-03-21,GBA,メダロットＧ　カブトバージョン,0,0,🚧,ACT,0,0
2001-03-21,GBA,メダロットＧ　クワガタバージョン,0,0,🚧,ACT,0,0
2001-03-21,GBA,勝負師伝説　哲也～甦る伝説～,0,0,🚧,TBL,0,0
2001-03-21,GBA,超魔界村Ｒ,0,0,🚧,ACT,0,0
2001-03-21,GBA,アイス・エイジ,0,0,🚧,ACT,0,0
2001-03-21,GBA,Disney Sports : American Football,0,0,🚧,SPT,0,0
2001-03-21,GBA,Disney Sports : Skateboarding,0,0,🚧,SPT,0,0
2001-03-21,GBA,ゴーストトラップ,0,0,🚧,ACT,0,0
2001-03-21,GBA,バブルボブル OLD＆NEW,0,0,🚧,PZL,0,0
2001-03-21,GBA,Ｖマスタークロス,0,0,🚧,CARD,0,0
2001-03-21,GBA,カスタムロボＧＸ,0,0,🚧,ACT,0,0
2001-03-21,GBA,ガチャステ！ダイナデバイス　ブルー,0,0,🚧,RPG,0,0
2001-03-21,GBA,ガチャステ！ダイナデバイス　レッド,0,0,🚧,RPG,0,0
2001-03-21,GBA,シャーマンキングカードゲーム 超・占事略決２,0,0,🚧,CARD,0,0
2001-03-21,GBA,スーパーロボット大戦Ｒ,0,0,🚧,SLG,0,0
2001-03-21,GBA,スペースインベーダーＥＸ,0,0,🚧,SHT,0,0
2001-03-21,GBA,風のクロノアＧ２　ドリームチャンプ・トーナメント,0,0,🚧,ACT,0,0
2001-03-21,GBA,ＧＲＥＡＴＥＳＴ　ＮＩＮＥ,0,0,🚧,SPT,0,0
2001-03-21,GBA,コンバットチョロＱ アドバンス大作戦,0,0,🚧,SLG,0,0
2001-03-21,GBA,プロ野球チームをつくろう！アドバンス,0,0,🚧,SLG,0,0
2001-03-21,GBA,なかよしペットアドバンスシリーズ(３)　かわいい子猫,0,0,🚧,SLG,0,0
2001-03-21,GBA,ミッキーとミニーのマジカルクエスト,0,0,🚧,ACT,0,0
2001-03-21,GBA,ロックマン＆フォルテ,0,0,🚧,ACT,0,0
2001-03-21,GBA,ミスタードリラーエース　ふしぎなパクテリア,0,0,🚧,PZL,0,0
2001-03-21,GBA,遙かなる時空の中で,0,0,🚧,ADV,0,0
2001-03-21,GBA,姫騎士物語-Princess Blue-,0,0,🚧,ADV,0,0
2001-03-21,GBA,BLACK/MATRIX ZERO,0,0,🚧,SLG,0,0
2001-03-21,GBA,Ｊ．ＬＥＡＧＵＥ プロサッカークラブをつくろう！アドバンス,0,0,🚧,SLG,0,0
2001-03-21,GBA,伝説のスタフィー  ドリームチャンプ・トーナメント,0,0,🚧,ACT,0,0
2001-03-21,GBA,ズーキューブ,0,0,🚧,PZL,0,0
2001-03-21,GBA,ギャラクシーエンジェル ゲームボーイアドバンス  盛りだくさん天使のフルコースおかわり自由,0,0,🚧,TBL,0,0
2001-03-21,GBA,サムライエボリューション　桜国ガイスト,0,0,🚧,RPG,0,0
2001-03-21,GBA,スーパーマリオアドバンス３,0,0,🚧,ACT,0,0
2001-03-21,GBA,GROOVE ADVENTURE RAVE 光と闇の大決戦２,0,0,🚧,ACT,0,0
2001-03-21,GBA,エアフォースデルタ２,0,0,🚧,SHT,0,0
2001-03-21,GBA,エッグマニア　つかんで！まわして！どっすんぱず～る,0,0,🚧,PZL,0,0
2001-03-21,GBA,ストリートファイターZERO3↑,0,0,🚧,ACT,0,0
2001-03-21,GBA,ちょびっツ for Gameboy Advance アタシだけのヒト,0,0,🚧,SLG,0,0
2001-03-21,GBA,ファンシーポケット,0,0,🚧,SLG,0,0
2001-03-21,GBA,メタルガン・スリンガー,0,0,🚧,ACT,0,0
2001-03-21,GBA,南の海のオデッセイ,0,0,🚧,ADV,0,0
2001-03-21,GBA,なかよし幼稚園　すこやか園児育成ゲーム,0,0,🚧,SLG,0,0
2001-03-21,GBA,Jリーグウイニングイレブン アドバンス2002,0,0,🚧,SPT,0,0
2001-03-21,GBA,SILENT SCOPE,0,0,🚧,SHT,0,0
2001-03-21,GBA,コロッケ！夢のバンカーサバイバル！,0,0,🚧,ACT,0,0
2001-03-21,GBA,逆転裁判2,0,0,🚧,ADV,0,0
2001-03-21,GBA,ボンバーマンジェッターズ　伝説のボンバーマン,0,0,🚧,RPG,0,0
2001-03-21,GBA,MotoGP,0,0,🚧,RCG,0,0
2001-03-21,GBA,カードパーティ,0,0,🚧,TBL,0,0
2001-03-21,GBA,デ・ジ・キャラット でじこミュニケーション,0,0,🚧,SLG,0,0
2001-03-21,GBA,テイルズ オブ ザ ワールド なりきりダンジョン２,0,0,🚧,RPG,0,0
2001-03-21,GBA,ベストプレイプロ野球,0,0,🚧,SLG,0,0
2001-03-21,GBA,モンスターファームアドバンス２,0,0,🚧,SLG,0,0
2001-03-21,GBA,星のカービィ 夢の泉デラックス,0,0,🚧,ACT,0,0
2001-03-21,GBA,シルクとコットン,0,0,🚧,ADV,0,0
2001-03-21,GBA,ビーストシューター～めざせ闘獣王（ビーストキング）～,0,0,🚧,ACT,0,0
2001-03-21,GBA,ファンタジックメルヘンの  ケーキ屋さん物語＋動物キャラナビ占い個性心理学,0,0,🚧,ADV,0,0
2001-03-21,GBA,DAN DOH！！Xi,0,0,🚧,SPT,0,0
2001-03-21,GBA,魂斗羅ハードスピリッツ,0,0,🚧,ACT,0,0
2001-03-21,GBA,From TV animation ONE PIECE～ナナツ島の大秘宝～,0,0,🚧,RPG,0,0
2001-03-21,GBA,スキャンハンター～千年怪魚を追え！～,0,0,🚧,ACT,0,0
2001-03-21,GBA,真・女神転生 デビルチルドレン  闇の書,0,0,🚧,RPG,0,0
2001-03-21,GBA,真・女神転生 デビルチルドレン  光の書,0,0,🚧,RPG,0,0
2001-03-21,GBA,ポケットモンスター　サファイア,0,0,🚧,RPG,0,0
2001-03-21,GBA,ポケットモンスター　ルビー,0,0,🚧,RPG,0,0
2001-03-21,GBA,スーパーロボット大戦 ORIGINAL GENERATION,0,0,🚧,SLG,0,0
2001-03-21,GBA,ドキドキクッキングシリーズ(1) こむぎちゃんのハッピーケーキ,0,0,🚧,SLG,0,0
2001-03-21,GBA,ハリー・ポッターと秘密の部屋,0,0,🚧,ADV,0,0
2001-03-21,GBA,K-1ポケットグランプリ２,0,0,🚧,ACT,0,0
2001-03-21,GBA,チョロＱアドバンス２,0,0,🚧,RCG,0,0
2001-03-21,GBA,実況ワールドサッカーポケット２,0,0,🚧,SPT,0,0
2001-03-21,GBA,リトルバスターＱ,0,0,🚧,RPG,0,0
2001-03-21,GBA,彼岸花,0,0,🚧,ADV,0,0
2001-03-21,GBA,バス釣りしようぜ！～トーナメントは戦略だ！～,0,0,🚧,SPT,0,0
2001-03-21,GBA,ウッディ・ウッドペッカー・クレイジーキャッスル５,0,0,🚧,ACT,0,0
2001-03-21,GBA,キン肉マン２世 正義超人への道,0,0,🚧,ACT,0,0
2001-03-21,GBA,くるりんパラダイス,0,0,🚧,ACT,0,0
2001-03-21,GBA,シルバニアファミリー４ めぐる季節のタペストリー,0,0,🚧,ADV,0,0
2001-03-21,GBA,ダービースタリオンアドバンス,0,0,🚧,SLG,0,0
2001-03-21,GBA,トゥームレイダー：プロフェシー,0,0,🚧,ACT,0,0
2001-03-21,GBA,バトルネットワーク　ロックマンエグゼ３,0,0,🚧,RPG,0,0
2001-03-21,GBA,バルダーダッシュEX,0,0,🚧,PZL,0,0
2001-03-21,GBA,わたしのメイクサロン,0,0,🚧,SLG,0,0
2001-03-21,GBA,志村けんのバカ殿様 爆笑天下統一ゲーム,0,0,🚧,TBL,0,0
2001-03-21,GBA,爆転シュートベイブレード2002 激戦！チームバトル！！青龍の章  ダイチ編,0,0,🚧,ACT,0,0
2001-03-21,GBA,爆転シュートベイブレード2002 激戦！チームバトル！！青龍の章  タカオ編,0,0,🚧,ACT,0,0
2001-03-21,GBA,テニスの王子様－Aim at The Victory！－,0,0,🚧,RPG,0,0
2001-03-21,GBA,はじめの一歩 THE FIGHTING！,0,0,🚧,ACT,0,0
2001-03-21,GBA,ミニモニ。おねがい☆お星さま！,0,0,🚧,ETC,0,0
2001-03-21,GBA,アオ・ゾーラと仲間たち 夢の冒険,0,0,🚧,ETC,0,0
2001-03-21,GBA,クロノアヒーローズ 伝説のスターメダル,0,0,🚧,RPG,0,0
2001-03-21,GBA,シャーマンキング 超・占事略決３,0,0,🚧,CARD,0,0
2001-03-21,GBA,ダライアスＲ,0,0,🚧,SHT,0,0
2001-03-21,GBA,チョコボランド,0,0,🚧,TBL,0,0
2001-03-21,GBA,マジャイネーション,0,0,🚧,RPG,0,0
2001-03-21,GBA,モンスターメーカー４ キラーダイス,0,0,🚧,RPG,0,0
2001-03-21,GBA,モンスターメーカー４ フラッシュカード,0,0,🚧,RPG,0,0
2001-03-21,GBA,犬っこ倶楽部～福丸の大冒険～,0,0,🚧,ADV,0,0
2001-03-21,GBA,Disney Sports : Basketball,0,0,🚧,SPT,0,0
2001-03-21,GBA,SEGA RALLY　（セガラリー）,0,0,🚧,RCG,0,0
2001-03-21,GBA,ソニックアドバンス２,0,0,🚧,ACT,0,0
2001-03-21,GBA,ボボボーボ・ボーボボ 奥義87.5爆烈鼻毛真挙,0,0,🚧,RPG,0,0
2001-03-21,GBA,わがまま☆フェアリー ミルモでポン！～黄金マラカスの伝説～,0,0,🚧,ADV,0,0
2001-03-21,GBA,アクロバットキッズ,0,0,🚧,ACT,0,0
2001-03-21,GBA,エレベーターアクション OLD＆NEW,0,0,🚧,RCG,0,0
2001-03-21,GBA,おしゃれプリンセス２＋動物キャラナビ占い個性心理学,0,0,🚧,TBL,0,0
2001-03-21,GBA,まんが家デビュー物語　お絵描きソフト＆まんが家育成ゲーム！,0,0,🚧,SLG,0,0
2001-03-21,GBA,宇宙大作戦チョコベーダー ウチュウからの侵略者,0,0,🚧,RPG,0,0
2001-03-21,GBA,闘魂ヒート,0,0,🚧,SPT,0,0
2001-03-21,GBA,ハムスター物語３GBA,0,0,🚧,SLG,0,0
2001-03-21,GBA,DUAL BLADES,0,0,🚧,ACT,0,0
2001-03-21,GBA,メダロット弐ＣＯＲＥ　カブトバージョン,0,0,🚧,RPG,0,0
2001-03-21,GBA,スパイロ アドバンス,0,0,🚧,ACT,0,0
2001-03-21,GBA,SAMURAI DEEPER KYO,0,0,🚧,ACT,0,0
2001-03-21,GBA,全日本少年サッカー大会２　めざせ日本一！,0,0,🚧,SLG,0,0
2001-03-21,GBA,THE KING OF FIGHTERS EX2 ～HOWLING BLOOD～,0,0,🚧,ACT,0,0
2001-03-21,GBA,きせっこぐるみぃ　チェスティとぬいぐるみたちの魔法の冒険,0,0,🚧,ADV,0,0
2001-03-21,GBA,エレミックス！,0,0,🚧,ACT,0,0
2001-03-21,GBA,不思議の国のアリス,0,0,🚧,TBL,0,0
2001-03-21,GBA,ことばのパズルもじぴったんアドバンス,0,0,🚧,PZL,0,0
2001-03-21,GBA,Disney Sports : Snowboarding,0,0,🚧,SPT,0,0
2001-03-21,GBA,ムゲンボーグ,0,0,🚧,RPG,0,0
2001-03-21,GBA,パワプロクンポケット５,0,0,🚧,SPT,0,0
2001-03-21,GBA,犬夜叉　奈落の罠！迷いの森の招待状,0,0,🚧,TBL,0,0
2001-03-21,GBA,マリー、エリー＆アニスのアトリエ ～そよ風からの伝言～,0,0,🚧,RPG,0,0
2001-03-21,GBA,Disney Sports : Motocross,0,0,🚧,SPT,0,0
2001-03-21,GBA,ファイナルファンタジータクティクスアドバンス,0,0,🚧,SLG,0,0
2001-03-21,GBA,メトロイドフュージョン,0,0,🚧,ACT,0,0
2001-03-21,GBA,ロード・オブ・ザ・リング／二つの塔,0,0,🚧,ACT,0,0
2001-03-21,GBA,テニスの王子様2003  COOLBLUE,0,0,🚧,SPT,0,0
2001-03-21,GBA,テニスの王子様2003  PASSIONRED,0,0,🚧,SPT,0,0
2001-03-21,GBA,ロードランナー,0,0,🚧,ACT,0,0
2001-03-21,GBA,ホイッスル！  第３７回東京都中学校総合体育サッカー大会,0,0,🚧,SLG,0,0
2001-03-21,GBA,戦国革命外伝,0,0,🚧,ACT,0,0
2001-03-21,GBA,テイルズ オブ ザ ワールド ～サモナーズ　リネージ～,0,0,🚧,SLG,0,0
2001-03-21,GBA,ゼルダの伝説 神々のトライフォース＆４つの剣,0,0,🚧,ACT,0,0
2001-03-21,GBA,ドキドキクッキングシリーズ(2) グルメキッチン～ステキなお弁当～,0,0,🚧,SLG,0,0
2001-03-21,GBA,GetBackers奪還屋～メトロポリス奪還作戦！～,0,0,🚧,RPG,0,0
2001-03-21,GBA,SIMPLE2960(つくろう)ともだちシリーズ Vol.1 THE テーブルゲームコレクション,0,0,🚧,TBL,0,0
2001-03-21,GBA,SIMPLE2960(つくろう)ともだちシリーズ Vol.2 THE ブロックくずし,0,0,🚧,PZL,0,0
2001-03-21,GBA,シスタープリンセス～リピュア～,0,0,🚧,ADV,0,0
2001-03-21,GBA,激闘伝説ノア　～ドリームマネージメント～,0,0,🚧,SLG,0,0
2001-03-21,GBA,遊戯王デュエルモンスターズ８破滅の大邪神,0,0,🚧,RPG,0,0
2001-03-21,GBA,メイドインワリオ,0,0,🚧,ACT,0,0
2001-03-21,GBA,Dancing Sowrd－閃光－,0,0,🚧,ACT,0,0
2001-03-21,GBA,From TV animation ONE PIECE　めざせ！キングオブベリー,0,0,🚧,ETC,0,0
2001-03-21,GBA,パズル＆探偵コレクション,0,0,🚧,PZL,0,0
2001-03-21,GBA,ロックマン エグゼ３ ＢＬＡＣＫ,0,0,🚧,RPG,0,0
2001-03-21,GBA,真・女神転生,0,0,🚧,RPG,0,0
2001-03-21,GBA,ドラゴンクエストモンスターズ キャラバンハート,0,0,🚧,RPG,0,0
2001-03-21,GBA,遊戯王デュエルモンスターズインターナショナルワールドワイドエディション,0,0,🚧,RPG,0,0
2001-03-21,GBA,ZOIDS SAGA　２,0,0,🚧,RPG,0,0
2001-03-21,GBA,エンジェル☆コレクション　めざせ！学園のファッションリーダー,0,0,🚧,SLG,0,0
2001-03-21,GBA,メダロット弐CORE　クワガタバージョン,0,0,🚧,RPG,0,0
2001-03-21,GBA,牧場物語～ミネラルタウンのなかまたち～,0,0,🚧,SLG,0,0
2001-03-21,GBA,HUNTER×HUNTERみんな友だち大作戦！,0,0,🚧,RPG,0,0
2001-03-21,GBA,ZERO ONE,0,0,🚧,ADV,0,0
2001-03-21,GBA,冒険遊記プラスターワールド　プラストオンＧＰ,0,0,🚧,RCG,0,0
2001-03-21,GBA,冒険遊記プラスターワールド　伝説のプラストゲート,0,0,🚧,RPG,0,0
2001-03-21,GBA,魔法のパンプキン～アンとグレッグの大冒険～,0,0,🚧,ACT,0,0
2001-03-21,GBA,ＲＰＧツクールアドバンス,0,0,🚧,ETC,0,0
2001-03-21,GBA,あずまんが大王　アドバンス,0,0,🚧,TBL,0,0
2001-03-21,GBA,キッドクラウンのクレイジーチェイス,0,0,🚧,ACT,0,0
2001-03-21,GBA,サモンナイト　クラフトソード物語,0,0,🚧,RPG,0,0
2001-03-21,GBA,ファイアーエムブレム 烈火の剣,0,0,🚧,SLG,0,0
2001-03-21,GBA,NARUTO-ナルト-忍術全開！最強忍者　大結集,0,0,🚧,ACT,0,0
2001-03-21,GBA,ロックマン　ゼロ２,0,0,🚧,ACT,0,0
2001-03-21,GBA,キャッスルヴァニア -暁月の円舞曲-,0,0,🚧,ACT,0,0
2001-03-21,GBA,とっとこハム太郎４　にじいろ大行進でちゅ,0,0,🚧,ADV,0,0
2001-03-21,GBA,ハムスター物語コレクション,0,0,🚧,ETC,0,0
2001-03-21,GBA,フロッガー魔法の国の大冒険,0,0,🚧,ACT,0,0
2001-03-21,GBA,モンスターゲート　大いなるダンジョン～封印のオーブ～,0,0,🚧,RPG,0,0
2001-03-21,GBA,MOTHER 1+2,0,0,🚧,RPG,0,0
2001-03-21,GBA,メタルマックス２改,0,0,🚧,RPG,0,0
2001-03-21,GBA,みんなの飼育シリーズ　ぼくのカブト・クワガタ,0,0,🚧,ADV,0,0
2001-03-21,GBA,ハチエモン,0,0,🚧,ACT,0,0
2001-03-21,GBA,GET ボクのムシつかまえて,0,0,🚧,ADV,0,0
2001-03-21,GBA,スーパーマリオアドバンス4,0,0,🚧,ACT,0,0
2001-03-21,GBA,なかよしペットアドバンスシリーズ４  かわいい仔犬ミニ わんこと遊ぼう!!小型犬,0,0,🚧,SLG,0,0
2001-03-21,GBA,ハムスターパラダイスピュアハート,0,0,🚧,SLG,0,0
2001-03-21,GBA,コロッケ！2　闇のバンクとバン女王！,0,0,🚧,ACT,0,0
2001-03-21,GBA,ソニックピンボールパーティ,0,0,🚧,TBL,0,0
2001-03-21,GBA,ボクらの太陽,0,0,🚧,RPG,0,0
2001-03-21,GBA,CYBERDRIVE ZOIDS 機獣の戦士ヒュウ,0,0,🚧,RPG,0,0
2001-03-21,GBA,ドラゴンドライブ　ワールドＤブレイク,0,0,🚧,RPG,0,0
2001-03-21,GBA,ハムスター倶楽部4～しげっち大脱走～,0,0,🚧,ADV,0,0
2001-03-21,GBA,ミッキーとミニーのマジカルクエスト2,0,0,🚧,ACT,0,0
2001-03-21,GBA,シャイニング・ソウル２,0,0,🚧,RPG,0,0
2001-03-21,GBA,Onimusha Tactics,0,0,🚧,RPG,0,0
2001-03-21,GBA,トップギア・ラリーＳＰ,0,0,🚧,RCG,0,0
2001-03-21,GBA,わんニャンどうぶつ病院 ～☆動物のお医者さん育成ゲーム☆～,0,0,🚧,SLG,0,0
2001-03-21,GBA,真・女神転生 デビルチルドレン パズルdeコール！,0,0,🚧,PZL,0,0
2001-03-21,GBA,名探偵コナン～狙われた探偵～,0,0,🚧,ADV,0,0
2001-03-21,GBA,アラジン,0,0,🚧,ACT,0,0
2001-03-21,GBA,テイルズ　オブ　ファンタジア,0,0,🚧,RPG,0,0
2001-03-21,GBA,ポケモンピンボール ルビー＆サファイア,0,0,🚧,TBL,0,0
2001-03-21,GBA,幻想魔伝最遊記～反逆の闘神太子～,0,0,🚧,ADV,0,0
2001-03-21,GBA,仔犬といっしょ！～愛情物語～,0,0,🚧,SLG,0,0
2001-03-21,GBA,ＤＵＥＬ　ＭＡＳＴＥＲＳ,0,0,🚧,CARD,0,0
2001-03-21,GBA,ボボボーボ・ボーボボ　マジで！！？真拳勝負,0,0,🚧,RPG,0,0
2001-03-21,GBA,スーパーロボット対戦Ｄ,0,0,🚧,SLG,0,0
2001-03-21,GBA,どうぶつ島のチョビぐるみ,0,0,🚧,ETC,0,0
2001-03-21,GBA,ロックマン エグゼ バトルチップGP,0,0,🚧,CARD,0,0
2001-03-21,GBA,おしゃれプリンセス３,0,0,🚧,SLG,0,0
2001-03-21,GBA,新約　聖剣伝説,0,0,🚧,RPG,0,0
2001-03-21,GBA,GetBackers 奪還屋　～邪眼封印！～,0,0,🚧,RPG,0,0
2001-03-21,GBA,おじゃる丸～月光町さんぽでおじゃる～,0,0,🚧,ACT,0,0
2001-03-21,GBA,新きせかえ物語,0,0,🚧,ADV,0,0
2001-03-21,GBA,伝説のスタフィー２,0,0,🚧,ACT,0,0
2001-03-21,GBA,わがまま☆フェアリーミルモでポン！～対戦！まほうだま～,0,0,🚧,PZL,0,0
2001-03-21,GBA,ＮＡＲＵＴＯ―ナルト―　木の葉戦記,0,0,🚧,ADV,0,0
2001-03-21,GBA,真・女神転生デビルチルドレン  炎の書,0,0,🚧,RPG,0,0
2001-03-21,GBA,真・女神転生デビルチルドレン  氷の書,0,0,🚧,RPG,0,0
2001-03-21,GBA,探偵学園Ｑ　名探偵はキミだ！,0,0,🚧,ADV,0,0
2001-03-21,GBA,かわいいペット！ゲームギャラリー,0,0,🚧,ETC,0,0
2001-03-21,GBA,バトル×バトル～巨大魚伝説～,0,0,🚧,SPT,0,0
2001-03-21,GBA,真・女神転生２,0,0,🚧,RPG,0,0
2001-03-21,GBA,絶体絶命でんじゃらすじーさん～史上最強の土下座,0,0,🚧,ADV,0,0
2001-03-21,GBA,マーメイドメロディーぴちぴちピッチ,0,0,🚧,ACT,0,0
2001-03-21,GBA,ボンバーマンジェッターズ　ゲームコレクション,0,0,🚧,ETC,0,0
2001-03-21,GBA,魔探偵ロキＲＡＧＮＡＲＯＫ～幻想のラビリンス～,0,0,🚧,ADV,0,0
2001-03-21,GBA,オリエンタルブルー 青の天外,0,0,🚧,RPG,0,0
2001-03-21,GBA,レジェンド オブ ダイナミック　豪翔伝　崩界の輪舞曲,0,0,🚧,RPG,0,0
2001-03-21,GBA,みんなのソフトシリーズ　ZOOO,0,0,🚧,PZL,0,0
2001-03-21,GBA,みんなのソフトシリーズ　みんなの麻雀,0,0,🚧,TBL,0,0
2001-03-21,GBA,みんなのソフトシリーズ　上海,0,0,🚧,PZL,0,0
2001-03-21,GBA,サンリオピューロランド　オールキャラクターズ,0,0,🚧,PZL,0,0
2001-03-21,GBA,ハリー・ポッター　クイディッチ・ワールドカップ,0,0,🚧,SPT,0,0
2001-03-21,GBA,こいぬちゃんのはじめてのおさんぽ～子犬のこころ育成ゲーム～,0,0,🚧,SLG,0,0
2001-03-21,GBA,スライムもりもりドラゴンクエスト　衝撃のしっぽ団,0,0,🚧,ADV,0,0
2001-03-21,GBA,パズにん　うみにんのパズルでにむ,0,0,🚧,PZL,0,0
2001-03-21,GBA,マリオ＆ルイージＲＰＧ,0,0,🚧,RPG,0,0
2001-03-21,GBA,ミッキーとドナルドのマジカルクエスト3,0,0,🚧,ACT,0,0
2001-03-21,GBA,みんなのソフトシリーズ　ひょっこりひょうたん島　ドン・ガバチョ大活躍の巻,0,0,🚧,ACT,0,0
2001-03-21,GBA,SDガンダム Gジェネレーション　アドバンス,0,0,🚧,RPG,0,0
2001-03-21,GBA,Ｆ－ＺＥＲＯファルコン伝説,0,0,🚧,RCG,0,0
2001-03-21,GBA,ハムスター物語　3EX・4・スペシャル,0,0,🚧,SLG,0,0
2001-03-21,GBA,みんなのソフトシリーズ　テトリス アドバンス,0,0,🚧,RPG,0,0
2001-03-21,GBA,あしたのジョー　真っ赤に燃え上がれ,0,0,🚧,ACT,0,0
2001-03-21,GBA,クラッシュ・バンディクーアドバンス２　ぐるぐるさいみん大パニック,0,0,🚧,ACT,0,0
2001-03-21,GBA,ソニックバトル,0,0,🚧,ACT,0,0
2001-03-21,GBA,パワプロクンポケット６,0,0,🚧,SPT,0,0
2001-03-21,GBA,冒険遊記プラスターワールド　伝説のプラストゲート　ＥＸ,0,0,🚧,RPG,0,0
2001-03-21,GBA,みんなの王子様,0,0,🚧,ETC,0,0
2001-03-21,GBA,学園戦記ムリュウ,0,0,🚧,ADV,0,0
2001-03-21,GBA,ガチャステ　ダイナデバイス２　ドラゴン,0,0,🚧,ACT,0,0
2001-03-21,GBA,ガチャステ　ダイナデバイス２　フェニックス,0,0,🚧,ACT,0,0
2001-03-21,GBA,シナモロールここにいるよ,0,0,🚧,PZL,0,0
2001-03-21,GBA,シルバニアファミリー　妖精のステッキとふしぎの木,0,0,🚧,ADV,0,0
2001-03-21,GBA,ファインディング・ニモ,0,0,🚧,ADV,0,0
2001-03-21,GBA,ゲゲゲの奇太郎　危機一髪妖列島,0,0,🚧,ACT,0,0
2001-03-21,GBA,ゴジラ　怪獣大乱闘　アドバンス,0,0,🚧,ACT,0,0
2001-03-21,GBA,コロッケ３　クラニュー王国の謎,0,0,🚧,ACT,0,0
2001-03-21,GBA,わがままフェアリーミルモでポン　８人の時の妖精,0,0,🚧,ADV,0,0
2001-03-21,GBA,カードキャプターさくら　さくらカードDEミニゲーム！,0,0,🚧,ETC,0,0
2001-03-21,GBA,金色のガッシュベル　うなれ友情の電撃（ザゲル）,0,0,🚧,ACT,0,0
2001-03-21,GBA,スーパードンキーコング,0,0,🚧,ACT,0,0
2001-03-21,GBA,ピカピカナース物語　はつらつナース育成ゲーム,0,0,🚧,SLG,0,0
2001-03-21,GBA,ロックマン エグゼ4 トーナメント ブルームーン,0,0,🚧,RPG,0,0
2001-03-21,GBA,ロックマン エグゼ4 トーナメント レッドサン,0,0,🚧,RPG,0,0
2001-03-21,GBA,牧場物語～ミネラルタウンのなかまたち　for ガール～,0,0,🚧,RPG,0,0
2001-03-21,GBA,ＡＳＴＲＯ　ＢＯＹ　鉄腕アトム　アトムハートの秘密,0,0,🚧,ACT,0,0
2001-03-21,GBA,SIMPLE2960ともだちシリーズ Vol.3 THEいつでもパズル　まっすぐ揃えてストローズ,0,0,🚧,PZL,0,0
2001-03-21,GBA,SIMPLE2960ともだちシリーズ Vol.4 THEトランプ　みんなで遊べる12種類のトランプゲーム,0,0,🚧,TBL,0,0
2001-03-21,GBA,マーメイドメロディーぴちぴちピッチ ぴちぴちパーティー,0,0,🚧,ACT,0,0
2001-03-21,GBA,メダル　オブ　オナー　アドバンス,0,0,🚧,ACT,0,0
2001-03-21,GBA,お茶犬の部屋,0,0,🚧,TBL,0,0
2001-03-21,GBA,わんわん名探偵,0,0,🚧,SLG,0,0
2001-03-21,GBA,魔女っ子クリームちゃんのごっこシリーズ（１）「わんにゃんアイドル学園」,0,0,🚧,SLG,0,0
2001-03-21,GBA,ロードオブザリング／王の帰還,0,0,🚧,ACT,0,0
2001-03-21,GBA,ザ・シムズ,0,0,🚧,SLG,0,0
2001-03-21,GBA,逆転裁判3,0,0,🚧,ADV,0,0
2001-03-21,GBA,ポケットモンスター　ファイアレッド,0,0,🚧,RPG,0,0
2001-03-21,GBA,ポケットモンスター　リーフグリーン,0,0,🚧,RPG,0,0
2001-03-21,GBA,遊☆戯☆王デュエルモンスターズエキスパート３,0,0,🚧,CARD,0,0
2001-03-21,GBA,007 エブリシング オア ナッシング,0,0,🚧,ACT,0,0
2001-03-21,GBA,リリパット王国～リリモニといっしょプニ！～,0,0,🚧,ADV,0,0
2001-03-21,GBA,ファミコンミニ　01　スーパーマリオブラザーズ,0,0,🚧,ACT,0,0
2001-03-21,GBA,ファミコンミニ　02　ドンキーコング,0,0,🚧,ACT,0,0
2001-03-21,GBA,ファミコンミニ　03　アイスクライマー,0,0,🚧,ACT,0,0
2001-03-21,GBA,ファミコンミニ　04　エキサイトバイク,0,0,🚧,RCG,0,0
2001-03-21,GBA,ファミコンミニ　05　ゼルダの伝説１,0,0,🚧,RPG,0,0
2001-03-21,GBA,ファミコンミニ　06　パックマン,0,0,🚧,ACT,0,0
2001-03-21,GBA,ファミコンミニ　07　ゼビウス,0,0,🚧,SHT,0,0
2001-03-21,GBA,ファミコンミニ　08　マッピー,0,0,🚧,ACT,0,0
2001-03-21,GBA,ファミコンミニ　09　ボンバーマン,0,0,🚧,ACT,0,0
2001-03-21,GBA,ファミコンミニ　10　スターソルジャー,0,0,🚧,SHT,0,0
2001-03-21,GBA,探偵学園Q 究極トリックに挑め！,0,0,🚧,ADV,0,0
2001-03-21,GBA,おしゃれワンコ,0,0,🚧,SLG,0,0
2001-03-21,GBA,ダウンタウン 熱血物語 ex,0,0,🚧,RPG,0,0
2001-03-21,GBA,ダブルドラゴン 双載龍 Advance,0,0,🚧,ACT,0,0
2001-03-21,GBA,対決！ウルトラヒーロー,0,0,🚧,ACT,0,0
2001-03-21,GBA,ワンピース ゴーイングベースボール,0,0,🚧,SPT,0,0
2001-03-21,GBA,テニスの王子様２００４ Glorious Gold,0,0,🚧,SPT,0,0
2001-03-21,GBA,テニスの王子様２００４ Stylish Silver,0,0,🚧,SPT,0,0
2001-03-21,GBA,デュエル・マスターズ２～インビンシブル・アドバンス～,0,0,🚧,CARD,0,0
2001-03-21,GBA,マーメイドメロディー　ぴちぴちピッチぴちぴちっとライブスタート！,0,0,🚧,ACT,0,0
2001-03-21,GBA,絶体絶命でんぢゃらすじｰさん泣きの1回～絶対服従ばいおれんす校長わがはいが一番えらいんじゃい!!～,0,0,🚧,ADV,0,0
2001-03-21,GBA,遊☆戯☆王双六のスゴロク,0,0,🚧,CARD,0,0
2001-03-21,GBA,ボボボーボ・ボーボボ　９極戦士ギャグ融合,0,0,🚧,RPG,0,0
2001-03-21,GBA,魔女っ子クリームちゃんのごっこシリーズ２,0,0,🚧,ETC,0,0
2001-03-21,GBA,あかちゃんどうぶつ園～動物のあかちゃん飼育係育成ゲーム！！～,0,0,🚧,SLG,0,0
2001-03-21,GBA,ドラゴンボールＺ　舞空闘劇,0,0,🚧,ACT,0,0
2001-03-21,GBA,ぷくぷく天然かいらんばん－恋のキューピット大作戦－,0,0,🚧,ADV,0,0
2001-03-21,GBA,リカちゃんのおしゃれ日記,0,0,🚧,ADV,0,0
2001-03-21,GBA,鋼の錬金術師　迷走の輪舞曲,0,0,🚧,RPG,0,0
2001-03-21,GBA,デジモンレーシング,0,0,🚧,RCG,0,0
2001-03-21,GBA,東京魔人学園符咒封録,0,0,🚧,ADV,0,0
2001-03-21,GBA,仔犬といっしょ２～愛情物語～,0,0,🚧,SLG,0,0
2001-03-21,GBA,星のカービィ　鏡の大迷宮,0,0,🚧,ACT,0,0
2001-03-21,GBA,クレヨンしんちゃん　嵐を呼ぶ　シネマランドの大冒険！,0,0,🚧,ADV,0,0
2001-03-21,GBA,シレン・モンスターズ NETSAL,0,0,🚧,SPT,0,0
2001-03-21,GBA,マリオゴルフ ＧＢＡツアー,0,0,🚧,SPT,0,0
2001-03-21,GBA,Ｐｉａ　キャロットへようこそ！！３．３,0,0,🚧,SLG,0,0
2001-03-21,GBA,カードキャプターさくら －さくらカード編－ ～さくらとカードとおともだち～,0,0,🚧,ADV,0,0
2001-03-21,GBA,ロックマンＺＥＲＯ３,0,0,🚧,RPG,0,0
2001-03-21,GBA,宇宙のステルヴィア,0,0,🚧,SLG,0,0
2001-03-21,GBA,ＮＡＲＵＴＯ－ナルト－ 最強忍者 大結集２,0,0,🚧,ACT,0,0
2001-03-21,GBA,ZERO ONE SP,0,0,🚧,ADV,0,0
2001-03-21,GBA,ピューと吹く！ジャガー　ビョ～と出る！メガネくん,0,0,🚧,RPG,0,0
2001-03-21,GBA,ミッキーのポケットリゾート,0,0,🚧,ACT,0,0
2001-03-21,GBA,鋼鉄帝国 from HOT・B,0,0,🚧,SHT,0,0
2001-03-21,GBA,機動戦士ガンダムSEED　友と君と戦場で。,0,0,🚧,ADV,0,0
2001-03-21,GBA,ファミコンミニ　11　マリオブラザーズ,0,0,🚧,ACT,0,0
2001-03-21,GBA,ファミコンミニ　12　クルクルランド,0,0,🚧,ACT,0,0
2001-03-21,GBA,ファミコンミニ　13　バルーンファイト,0,0,🚧,ACT,0,0
2001-03-21,GBA,ファミコンミニ　14　レッキングクルー,0,0,🚧,ACT,0,0
2001-03-21,GBA,ファミコンミニ　15　ドクターマリオ,0,0,🚧,PZL,0,0
2001-03-21,GBA,ファミコンミニ　16　ディグダグ,0,0,🚧,ACT,0,0
2001-03-21,GBA,ファミコンミニ　17　高橋名人の冒険島,0,0,🚧,ACT,0,0
2001-03-21,GBA,ファミコンミニ　18　魔界村,0,0,🚧,ACT,0,0
2001-03-21,GBA,ファミコンミニ　19　ツインビー,0,0,🚧,SHT,0,0
2001-03-21,GBA,ファミコンミニ　20　がんばれゴエモンからくり道中,0,0,🚧,ACT,0,0
2001-03-21,GBA,じゃじゃ丸Jr.伝承記～ジャレコレもあり候～,0,0,🚧,ACT,0,0
2001-03-21,GBA,メトロイド　ゼロミッション,0,0,🚧,ACT,0,0
2001-03-21,GBA,マリオvs.ドンキーコング,0,0,🚧,ACT,0,0
2001-03-21,GBA,ソニックアドバンス３,0,0,🚧,ACT,0,0
2001-03-21,GBA,フロッガー古代文明のなぞ,0,0,🚧,ACT,0,0
2001-03-21,GBA,ＢＢボール,0,0,🚧,SPT,0,0
2001-03-21,GBA,スーパーチャイニーズ　１・２　アドバンス,0,0,🚧,ACT,0,0
2001-03-21,GBA,ドラゴンクエストキャラクターズ　トルネコの大冒険3アドバンス　不思議のダンジョン,0,0,🚧,RPG,0,0
2001-03-21,GBA,ワンコでくるりん！ワンクル,0,0,🚧,PZL,0,0
2001-03-21,GBA,ハリー・ポッターとアズカバンの囚人,0,0,🚧,ACT,0,0
2001-03-21,GBA,スーパードンキーコング２,0,0,🚧,ACT,0,0
2001-03-21,GBA,かいけつゾロリとまほうのゆうえんち　お姫様をすくえ！,0,0,🚧,ACT,0,0
2001-03-21,GBA,でじこミュニケーション２（にょ）打倒！ブラックゲマゲマ団,0,0,🚧,SLG,0,0
2001-03-21,GBA,とっとこハム太郎 ハムハムスポーツ,0,0,🚧,SPT,0,0
2001-03-21,GBA,モンスターサマナー,0,0,🚧,SLG,0,0
2001-03-21,GBA,わがまま☆フェアリーミルモでポン！夢のカケラ,0,0,🚧,SLG,0,0
2001-03-21,GBA,金色のガッシュベル！！魔界のブックマーク,0,0,🚧,RPG,0,0
2001-03-21,GBA,絶体絶命でんぢゃらすじーさん痛～怒りのおしおきブルース～,0,0,🚧,ACT,0,0
2001-03-21,GBA,Ｇｅｔ　Ｒｉｄｅ！アムドライバー　閃光のヒーロー誕生！,0,0,🚧,RCG,0,0
2001-03-21,GBA,ＮＡＲＵＴＯ－ナルト－ナルトＲＰＧ～受けつがれし火の意志～,0,0,🚧,RPG,0,0
2001-03-21,GBA,コロッケ！４　バンクの森の守護神,0,0,🚧,ACT,0,0
2001-03-21,GBA,デュエルマスターズ2 切札勝舞Ver.,0,0,🚧,CARD,0,0
2001-03-21,GBA,学校の怪談アドバンス～百妖箱の封印～,0,0,🚧,ADV,0,0
2001-03-21,GBA,鋼の錬金術師　想い出の奏鳴曲,0,0,🚧,ADV,0,0
2001-03-21,GBA,続ボクらの太陽～太陽少年ジャンゴ～,0,0,🚧,RPG,0,0
2001-03-21,GBA,ＤＲＡＧＯＮＢＡＬＬＺ　ＴＨＥ　ＬＥＧＡＣＹ　ＯＦ　ＧＯＫＵII　ＩＮＴＥＲＮＡＴＩＯＮＡＬ,0,0,🚧,ACT,0,0
2001-03-21,GBA,ぷよぷよフィーバー,0,0,🚧,PZL,0,0
2001-03-21,GBA,ＦＩＮＡＬ　ＦＡＮＴＡＳＹ　Ｉ・ＩＩ　ＡＤＶＡＮＣＥ,0,0,🚧,RPG,0,0
2001-03-21,GBA,ドンちゃんパズル　花火でドーン！アドバンス,0,0,🚧,PZL,0,0
2001-03-21,GBA,パワプロクンポケット１・２,0,0,🚧,SPT,0,0
2001-03-21,GBA,レジェンズ　甦る試練の島,0,0,🚧,RPG,0,0
2001-03-21,GBA,花火百景アドバンス,0,0,🚧,SLG,0,0
2001-03-21,GBA,Ｂ-伝説！　バトルビーダマン　～燃えろ！ビー魂！！～,0,0,🚧,ADV,0,0
2001-03-21,GBA,ＳＤ　ガンダムフォース,0,0,🚧,ACT,0,0
2001-03-21,GBA,ウルトラ警備隊　モンスターアタック,0,0,🚧,SLG,0,0
2001-03-21,GBA,シャニング・フォース～黒き竜の復活～,0,0,🚧,RPG,0,0
2001-03-21,GBA,どうぶつ島のチョビぐるみ2 タマちゃん物語,0,0,🚧,ADV,0,0
2001-03-21,GBA,ひまわりどうぶつ病院～ペットのお医者さん育成ゲーム～,0,0,🚧,SLG,0,0
2001-03-21,GBA,伝説のスタフィー３,0,0,🚧,ACT,0,0
2001-03-21,GBA,ロックマン　エグゼ４．５　リアルオペレーション,0,0,🚧,RPG,0,0
2001-03-21,GBA,ファミコンミニ　21　スーパーマリオブラザーズ２,0,0,🚧,ACT,0,0
2001-03-21,GBA,ファミコンミニ　22　謎の村雨城,0,0,🚧,ACT,0,0
2001-03-21,GBA,ファミコンミニ　23　メトロイド,0,0,🚧,ACT,0,0
2001-03-21,GBA,ファミコンミニ　24　光神話 パルテナの鏡,0,0,🚧,ACT,0,0
2001-03-21,GBA,ファミコンミニ　25　リンクの冒険,0,0,🚧,RPG,0,0
2001-03-21,GBA,ファミコンミニ　26　ふぁみこんむかし話 新・鬼ヶ島 前後編,0,0,🚧,ADV,0,0
2001-03-21,GBA,ファミコンミニ　27　ファミコン探偵倶楽部 消えた後継者 前後編,0,0,🚧,ADV,0,0
2001-03-21,GBA,ファミコンミニ　28　ファミコン探偵倶楽部PART2 うしろに立つ少女 前後編,0,0,🚧,ADV,0,0
2001-03-21,GBA,ファミコンミニ　29　悪魔城ドラキュラ,0,0,🚧,ACT,0,0
2001-03-21,GBA,ファミコンミニ　30　SDガンダムワールド ガチャポン戦士 スクランブルウォーズ,0,0,🚧,SLG,0,0
2001-03-21,GBA,サモンナイト　クラフトソード物語２,0,0,🚧,RPG,0,0
2001-03-21,GBA,クラッシュ・バンディクー爆走！ニトロカート,0,0,🚧,RCG,0,0
2001-03-21,GBA,スーパーマリオボール,0,0,🚧,ADV,0,0
2001-03-21,GBA,ボボボーボ・ボーボボ 爆闘ハジケ大戦,0,0,🚧,ACT,0,0
2001-03-21,GBA,ポケットモンスター エメラルド,0,0,🚧,RPG,0,0
2001-03-21,GBA,ＤＡＮ ＤＯＨ！！ 飛ばせ！ 勝利のスマイルショット！！,0,0,🚧,SPT,0,0
2001-03-21,GBA,アドバンス　ガーディアンヒーローズ,0,0,🚧,ACT,0,0
2001-03-21,GBA,エンジェルコレクション２ ピチモになろう,0,0,🚧,RPG,0,0
2001-03-21,GBA,みんなのソフトシリーズ　みんなの将棋,0,0,🚧,TBL,0,0
2001-03-21,GBA,ファイアーエムブレム 聖魔の光石,0,0,🚧,RPG,0,0
2001-03-21,GBA,まわるメイドインワリオ,0,0,🚧,ACT,0,0
2001-03-21,GBA,エフゼロ　クライマックス,0,0,🚧,RCG,0,0
2001-03-21,GBA,戦闘員山田はじめ,0,0,🚧,ACT,0,0
2001-03-21,GBA,ツインシリーズ２　おしゃれプリンセス４／恋愛占い大作戦,0,0,🚧,ETC,0,0
2001-03-21,GBA,お茶犬くるりん ～ほんわかパズルでほっとしよ？～,0,0,🚧,PZL,0,0
2001-03-21,GBA,バトローラーＸ,0,0,🚧,RPG,0,0
2001-03-21,GBA,フルーツ村のどうぶつたち,0,0,🚧,SLG,0,0
2001-03-21,GBA,燃えろ！！ジャレココレクション,0,0,🚧,ETC,0,0
2001-03-21,GBA,□いアタマを○くする。アドバンス－漢字・計算－,0,0,🚧,ETC,0,0
2001-03-21,GBA,□いアタマを○くする。アドバンス－国語・算数・社会・理科－,0,0,🚧,ETC,0,0
2001-03-21,GBA,スーパーリアル麻雀　同窓会,0,0,🚧,TBL,0,0
2001-03-21,GBA,ゼルダの伝説　ふしぎのぼうし,0,0,🚧,ADV,0,0
2001-03-21,GBA,真・女神転生デビルチルドレン　メシアライザー,0,0,🚧,RPG,0,0
2001-03-21,GBA,キングダム　ハーツ　チェイン　オブ　メモリーズ,0,0,🚧,RPG,0,0
2001-03-21,GBA,ドラゴンボール　アドバンスアドベンチャー,0,0,🚧,ACT,0,0
2001-03-21,GBA,メタルスラッグ　アドバンス,0,0,🚧,ACT,0,0
2001-03-21,GBA,学園アリス ～ドキドキ★不思議たいけん～,0,0,🚧,ADV,0,0
2001-03-21,GBA,ファインディング・ニモ　-新しい冒険-,0,0,🚧,ACT,0,0
2001-03-21,GBA,Ｒｉｖｉｅｒａ　～約束の地リヴィエラ～,0,0,🚧,RPG,0,0
2001-03-21,GBA,かわいい仔犬ワンダフル,0,0,🚧,SLG,0,0
2001-03-21,GBA,機動戦士ガンダムＳＥＥＤ　ＤＥＳＴＩＮＹ,0,0,🚧,ACT,0,0
2001-03-21,GBA,忘却の旋律,0,0,🚧,ADV,0,0
2001-03-21,GBA,アレックボードンアドベンチャー　タワー＆シャフト　アドバンス,0,0,🚧,ACT,0,0
2001-03-21,GBA,Ｋｉｓｓ×Ｋｉｓｓ　星鈴学園,0,0,🚧,SLG,0,0
2001-03-21,GBA,Ｍｒ．インクレディブル,0,0,🚧,ACT,0,0
2001-03-21,GBA,ザ・アーブズ シムズ・イン・ザ・シティ,0,0,🚧,ADV,0,0
2001-03-21,GBA,シナモン　ゆめの大冒険,0,0,🚧,ACT,0,0
2001-03-21,GBA,シルバニアファミリー　ファッションデザイナーになりたい！　くるみリスの女の子,0,0,🚧,SLG,0,0
2001-03-21,GBA,パワプロクンポケット７,0,0,🚧,SPT,0,0
2001-03-21,GBA,クラッシュ・バンディクー アドバンス　わくわく友ダチ大作戦！,0,0,🚧,ACT,0,0
2001-03-21,GBA,ケロロ軍曹　対決！　激走ケロンプリ大作戦であります！！,0,0,🚧,RCG,0,0
2001-03-21,GBA,コロッケ！Ｇｒｅａｔ　時空の冒険者,0,0,🚧,RPG,0,0
2001-03-21,GBA,スパイロ アドバンス　わくわく友ダチ大作戦！,0,0,🚧,ACT,0,0
2001-03-21,GBA,ハロー！アイドルデビュー～キッズアイドル育成ゲーム～,0,0,🚧,SLG,0,0
2001-03-21,GBA,ぷくぷく天然かいらんばん　ようこそ！イリュージョンランドへ,0,0,🚧,ADV,0,0
2001-03-21,GBA,ふたりはプリキュア　ありえな～い！夢の国は大迷宮,0,0,🚧,ACT,0,0
2001-03-21,GBA,ポケいぬ,0,0,🚧,???,0,0
2001-03-21,GBA,ヨッシーの万有引力,0,0,🚧,ACT,0,0
2001-03-21,GBA,ロックマン　エグゼ５　チーム・オブ・ブルース,0,0,🚧,RPG,0,0
2001-03-21,GBA,陰陽大戦記　零式,0,0,🚧,RPG,0,0
2001-03-21,GBA,ツインシリーズVol.3「ムシモン王者決定戦　昆虫モンスター／スーパーチャイニーズラビリンス」,0,0,🚧,ETC,0,0
2001-03-21,GBA,ツインシリーズVol.4「ハムハムモンスターＥＸ／ファンタジーパズル　ハムスター物語魔法の迷宮1.2.3」,0,0,🚧,ETC,0,0
2001-03-21,GBA,ツインシリーズVol.5「わんわん名探偵ＥＸ／魔法の国のケーキ屋さん物語」,0,0,🚧,ETC,0,0
2001-03-21,GBA,ツインシリーズVol.6「わんにゃんアイドル学園/仔犬といっしょスペシャル」,0,0,🚧,ETC,0,0
2001-03-21,GBA,ＧｅｔＲｉｄｅ！アムドライバー出撃！バトルパーティー,0,0,🚧,ACT,0,0
2001-03-21,GBA,ＺＯＩＤＳ　ＳＡＧＡ　フューザーズ,0,0,🚧,RPG,0,0
2001-03-21,GBA,デュエル・マスターズ３,0,0,🚧,CARD,0,0
2001-03-21,GBA,リトルパティシエ　ケーキのお城,0,0,🚧,SLG,0,0
2001-03-21,GBA,わがまま☆フェアリー ミルモでポン！なぞのカギと真実のトビラ,0,0,🚧,ACT,0,0
2001-03-21,GBA,わんこ・みっくす,0,0,🚧,RPG,0,0
2001-03-21,GBA,真型メダロット（カブトバージョン）,0,0,🚧,RPG,0,0
2001-03-21,GBA,真型メダロット（クワガタバージョン）,0,0,🚧,RPG,0,0
2001-03-21,GBA,絶体絶命でんぢゃらすじーさん３～果てしなき魔物語～,0,0,🚧,ACT,0,0
2001-03-21,GBA,かわいいペットゲームギャラリー２,0,0,🚧,ETC,0,0
2001-03-21,GBA,ツインパズル,0,0,🚧,ETC,0,0
2001-03-21,GBA,ロード・オブ・ザ・リング　中つ国第三紀,0,0,🚧,RPG,0,0
2001-03-21,GBA,金色のガッシュベル！！うなれ！友情の電撃２,0,0,🚧,ACT,0,0
2001-03-21,GBA,幻星神ジャスティライザー　装着！　地球の戦士たち,0,0,🚧,ACT,0,0
2001-03-21,GBA,遊戯王　デュエルモンスターズインターナショナル２,0,0,🚧,CARD,0,0
2001-03-21,GBA,テイルズ オブ ザ ワールド なりきりダンジョン３,0,0,🚧,RPG,0,0
2001-03-21,GBA,マリオパーティアドバンス,0,0,🚧,ETC,0,0
2001-03-21,GBA,みんなのソフトシリーズ　ハッピートランプ２０,0,0,🚧,TBL,0,0
2001-03-21,GBA,ホビットの冒険 ロード オブ ザ リング はじまりの物語,0,0,🚧,RPG,0,0
2001-03-21,GBA,冒険王ビィト　バスターズロード,0,0,🚧,RPG,0,0
2001-03-21,GBA,がんばれ！ドッジファイターズ,0,0,🚧,ACT,0,0
2001-03-21,GBA,三國志英傑伝,0,0,🚧,RPG,0,0
2001-03-21,GBA,三國志孔明伝,0,0,🚧,RPG,0,0
2001-03-21,GBA,探偵　神宮寺三郎　白い影の少女,0,0,🚧,ADV,0,0
2001-03-21,GBA,スーパーロボット大戦ORIGINAL GENERATION２,0,0,🚧,RPG,0,0
2001-03-21,GBA,レジェンズ サイン オブ ネクロム,0,0,🚧,RPG,0,0
2001-03-21,GBA,ロックマン　エグゼ５　チーム　オブ　カーネル,0,0,🚧,RPG,0,0
2001-03-21,GBA,めざせ！甲子園！,0,0,🚧,SPT,0,0
2001-03-21,GBA,千年家族,0,0,🚧,SLG,0,0
2001-03-21,GBA,カッパの飼い方－ＨｏｗＴｏ　ｂｒｅｅｄ　ｋａｐｐａｓ－かぁたん大冒険,0,0,🚧,ACT,0,0
2001-03-21,GBA,にゃんにゃんにゃんこのにゃんコレクション,0,0,🚧,TBL,0,0
2001-03-21,GBA,真・三國無双アドバンス,0,0,🚧,ACT,0,0
2001-03-21,GBA,シャーク・テイル,0,0,🚧,ACT,0,0
2001-03-21,GBA,ロックマン ゼロ４,0,0,🚧,ACT,0,0
2001-03-21,GBA,傑作選！がんばれゴエモン１．２ゆき姫とマッギネス,0,0,🚧,ACT,0,0
2001-03-21,GBA,名探偵コナン　暁のモニュメント,0,0,🚧,ADV,0,0
2001-03-21,GBA,ONE PIECE ドラゴンドリーム！,0,0,🚧,RPG,0,0
2001-03-21,GBA,The Tower SP,0,0,🚧,SLG,0,0
2001-03-21,GBA,お茶犬の夢冒険,0,0,🚧,ACT,0,0
2001-03-21,GBA,リラックマなまいにち,0,0,🚧,ACT,0,0
2001-03-21,GBA,昆虫モンスター・バトルスタジアム,0,0,🚧,SLG,0,0
2001-03-21,GBA,昆虫モンスター・バトルマスター,0,0,🚧,SLG,0,0
2001-03-21,GBA,ファンタジックチルドレン,0,0,🚧,ADV,0,0
2001-03-21,GBA,ぶらぶらドンキー,0,0,🚧,ACT,0,0
2001-03-21,GBA,のののパズル ちゃいリアン,0,0,🚧,PZL,0,0
2001-03-21,GBA,魔法先生ネギま！ プライベートレッスン だめですぅ?図書館島,0,0,🚧,RPG,0,0
2001-03-21,GBA,メルヘヴン～KNOCKIN'ON HEAVEN'S DOOR～,0,0,🚧,RPG,0,0
2001-03-21,GBA,甲虫王者ムシキング～グレイテストチャンピオンへの道～,0,0,🚧,RPG,0,0
2001-03-21,GBA,桃太郎電鉄Ｇ～ゴールド・デッキを作れ！,0,0,🚧,TBL,0,0
2001-03-21,GBA,エレメンタルジェレイド～封印されし謳～,0,0,🚧,ADV,0,0
2001-03-21,GBA,おしゃれプリンセス５,0,0,🚧,TBL,0,0
2001-03-21,GBA,レゴ　スター・ウォーズ,0,0,🚧,ACT,0,0
2001-03-21,GBA,ＢＬＥＡＣＨアドバンス　紅に染まる尸魂界,0,0,🚧,ACT,0,0
2001-03-21,GBA,キム・ポッシブル,0,0,🚧,ACT,0,0
2001-03-21,GBA,リロ アンド スティッチ,0,0,🚧,ACT,0,0
2001-03-21,GBA,機動劇団はろ一座　ハロのぷよぷよ,0,0,🚧,ACT,0,0
2001-03-21,GBA,ふたりはプリキュア　マックスハート　マジ？マジ？！ファイト de INじゃない,0,0,🚧,ACT,0,0
2001-03-21,GBA,ロボッツ,0,0,🚧,ADV,0,0
2001-03-21,GBA,金色のガッシュベル！！ＴＨＥ ＣＡＲＤ ＢＡＴＴＬＥ for ＧＢＡ,0,0,🚧,CARD,0,0
2001-03-21,GBA,新・ボクらの太陽～逆襲のサバタ～,0,0,🚧,RPG,0,0
2001-03-21,GBA,B-伝説！バトルビーダマン～炎魂（ファイヤースピリッツ）～,0,0,🚧,ACT,0,0
2001-03-21,GBA,プロ麻雀「兵」ＧＢＡ,0,0,🚧,TBL,0,0
2001-03-21,GBA,マダガスカル,0,0,🚧,ADV,0,0
2001-03-21,GBA,昆虫の森の大冒険～ふしぎな世界の住人達～,0,0,🚧,ACT,0,0
2001-03-21,GBA,くにおくん熱血コレクション１,0,0,🚧,ACT,0,0
2001-03-21,GBA,ティム・バートン　ナイトメア・ビフォア・クリスマス　パンプキン・キング,0,0,🚧,ADV,0,0
2001-03-21,GBA,わがまま☆フェアリー　ミルモでポン！　どきどきメモリアルパニック,0,0,🚧,ADV,0,0
2001-03-21,GBA,Dr.MARIO＆パネルでポン,0,0,🚧,PZL,0,0
2001-03-21,GBA,マリオテニスアドバンス,0,0,🚧,SPT,0,0
2001-03-21,GBA,スーパーロボット大戦Ｊ,0,0,🚧,RPG,0,0
2001-03-21,GBA,スクリューブレイカー　轟振どりるれろ,0,0,🚧,ACT,0,0
2001-03-21,GBA,ガンスタースーパーヒーローズ,0,0,🚧,SHT,0,0
2001-03-21,GBA,通勤ヒトフデ,0,0,🚧,PZL,0,0
2001-03-21,GBA,遊☆戯☆王デュエルモンスターズＧＸ～めざせデュエルキング！～,0,0,🚧,CARD,0,0
2001-03-21,GBA,FRONTIER STORIES‐フロンティア　ストーリーズ,0,0,🚧,RPG,0,0
2001-03-21,GBA,くにおくん熱血コレクション２,0,0,🚧,ACT,0,0
2001-03-21,GBA,みらくる！ぱんぞう　７つの星の宇宙海賊,0,0,🚧,ACT,0,0
2001-03-21,GBA,ポケモン不思議のダンジョン 赤の救助隊,0,0,🚧,RPG,0,0
2001-03-21,GBA,ロックマン エグゼ６ 電脳獣グレイガ,0,0,🚧,RPG,0,0
2001-03-21,GBA,ロックマン エグゼ６ 電脳獣ファルザー,0,0,🚧,RPG,0,0
2001-03-21,GBA,金色のガッシュベル！！友情の電撃　ドリームタッグトーナメント,0,0,🚧,ACT,0,0
2001-03-21,GBA,シナモン　ふわふわ大作戦,0,0,🚧,ACT,0,0
2001-03-21,GBA,スーパードンキーコング３,0,0,🚧,ACT,0,0
2001-03-21,GBA,サモンナイト　クラフトソード物語　はじまりの石,0,0,🚧,RPG,0,0
2001-03-21,GBA,シュガシュガルーン　ハートがいっぱい萌黄学園,0,0,🚧,ADV,0,0
2001-03-21,GBA,超人ウルトラベースボールＧＢＡ,0,0,🚧,SPT,0,0
2001-03-21,GBA,FINAL FANTASY IV ADVANCE,0,0,🚧,RPG,0,0
2001-03-21,GBA,チキン・リトル,0,0,🚧,ACT,0,0
2001-03-21,GBA,ＨｉＨｉ！　Ｐｕｆｆｙ　Ａｍｉ　Ｙｕｍｉ　史上最大のワールドツアー!,0,0,🚧,ACT,0,0
2001-03-21,GBA,アニマル横町～どき☆どき　救出大作戦！の巻～,0,0,🚧,ADV,0,0
2001-03-21,GBA,お茶犬の冒険島～ほんわか夢のアイランド～,0,0,🚧,ACT,0,0
2001-03-21,GBA,ハドソンベストコレクションVol.1 ボンバーマンコレクション,0,0,🚧,ACT,0,0
2001-03-21,GBA,ハドソンベストコレクションVol.2 ロードランナーコレクション,0,0,🚧,PZL,0,0
2001-03-21,GBA,ハドソンベストコレクションVol.3 アクションコレクション,0,0,🚧,ACT,0,0
2001-03-21,GBA,ハドソンベストコレクションVol.4 謎解きコレクション,0,0,🚧,ACT,0,0
2001-03-21,GBA,ハドソンベストコレクションVol.5 シューティングコレクション,0,0,🚧,SHT,0,0
2001-03-21,GBA,ハドソンベストコレクションVol.6 冒険島コレクション,0,0,🚧,ACT,0,0
2001-03-21,GBA,ダブルパック　ソニックアドバンス＆チューチュー ロケット,0,0,🚧,PZL,0,0
2001-03-21,GBA,ダブルパック　ソニックバトル＆ソニックアドバンス,0,0,🚧,PZL,0,0
2001-03-21,GBA,ダブルパック　ソニックピンボールパーティ＆ソニックバトル,0,0,🚧,PZL,0,0
2001-03-21,GBA,Mr.インクレディブル～強敵アンダーマイナー登場～,0,0,🚧,ACT,0,0
2001-03-21,GBA,川のぬしづり３＆４,0,0,🚧,RPG,0,0
2001-03-21,GBA,くにおくん熱血コレクション３,0,0,🚧,ACT,0,0
2001-03-21,GBA,遊戯王デュエルモンスターズエキスパート2006,0,0,🚧,CARD,0,0
2001-03-21,GBA,うえきの法則　神器炸裂！能力者バトル,0,0,🚧,ACT,0,0
2001-03-21,GBA,闘牌伝説「アカギ」～闇に舞い降りた天才～,0,0,🚧,TBL,0,0
2001-03-21,GBA,クレヨンしんちゃん 伝説を呼ぶ オマケの都ショックガーン！,0,0,🚧,ACT,0,0
2001-03-21,GBA,パワポケダッシュ,0,0,🚧,SPT,0,0
2001-03-21,GBA,ユグドラ・ユニオン,0,0,🚧,RPG,0,0
2001-03-21,GBA,魔法先生ネギま！プライベートレッスン2 お邪魔しますうパラサイトでチュ～,0,0,🚧,RPG,0,0
2001-03-21,GBA,アイシールド21 DEVILBATS DEVILDAYS,0,0,🚧,ADV,0,0
2001-03-21,GBA,みんなのソフトシリーズ　ナンプレ　アドバンス,0,0,🚧,PZL,0,0
2001-03-21,GBA,ＭＯＴＨＥＲ３,0,0,🚧,RPG,0,0
2001-03-21,GBA,アニマル横町～どき☆どき　進級試験！の巻～,0,0,🚧,PZL,0,0
2001-03-21,GBA,カルチョビット,0,0,🚧,SLG,0,0
2001-03-21,GBA,カーズ,0,0,🚧,RCG,0,0
2001-03-21,GBA,bit Generations シリーズ1　ダイアルヘックス,0,0,🚧,PZL,0,0
2001-03-21,GBA,bit Generations シリーズ1　ドットストリーム,0,0,🚧,RCG,0,0
2001-03-21,GBA,bit Generations シリーズ1　バウンディッシュ,0,0,🚧,ACT,0,0
2001-03-21,GBA,bit Generations シリーズ2　オービタル,0,0,🚧,ACT,0,0
2001-03-21,GBA,bit Generations シリーズ2　カラリス,0,0,🚧,PZL,0,0
2001-03-21,GBA,bit Generations シリーズ2　サウンドボイジャー,0,0,🚧,ACT,0,0
2001-03-21,GBA,bit Generations シリーズ2　テジドライブ,0,0,🚧,ACT,0,0
2001-03-21,GBA,リズム天国,0,0,🚧,ETC,0,0
2001-03-21,GBA,FINAL FANTASY V　ADVANCE,0,0,🚧,RPG,0,0
2001-03-21,GBA,FINAL FANTASY VI　ADVANCE,0,0,🚧,RPG,0,0
1989-04-21,GB,アレイウェイ,0,0,🚧,PZL,0,0
1989-04-21,GB,スーパーマリオランド,0,0,🚧,ACT,0,0
1989-04-21,GB,ベースボール,0,0,🚧,SPT,0,0
1989-04-21,GB,役満,0,0,🚧,TBL,0,0
1989-04-21,GB,テニス,0,0,🚧,SPT,0,0
1989-04-21,GB,テトリス,0,0,🚧,PZL,0,0
1989-04-21,GB,上海,0,0,🚧,PZL,0,0
1989-04-21,GB,倉庫番,0,0,🚧,PZL,0,0
1989-04-21,GB,ミッキーマウス,0,0,🚧,ACT,0,0
1989-04-21,GB,モトクロスマニアックス,0,0,🚧,RCG,0,0
1989-04-21,GB,ハイパーロードランナー,0,0,🚧,ACT,0,0
1989-04-21,GB,ピンボール 66匹のワニ大行進,0,0,🚧,TBL,0,0
1989-04-21,GB,ドラキュラ伝説,0,0,🚧,ACT,0,0
1989-04-21,GB,シーサイドバレー,0,0,🚧,SPT,0,0
1989-04-21,GB,パズルボーイ,0,0,🚧,PZL,0,0
1989-04-21,GB,ゴルフ,0,0,🚧,SPT,0,0
1989-04-21,GB,パチンコタイム,0,0,🚧,ETC,0,0
1989-04-21,GB,魔界塔士SaGa,0,0,🚧,RPG,0,0
1989-04-21,GB,将棋,0,0,🚧,TBL,0,0
1989-04-21,GB,Qビリオン,0,0,🚧,PZL,0,0
1989-04-21,GB,海戦ゲームNAVY BLUE,0,0,🚧,SLG,0,0
1989-04-21,GB,北斗の拳 凄絶十番勝負,0,0,🚧,ACT,0,0
1989-04-21,GB,てけてけ!アスミッくんワールド,0,0,🚧,ACT,0,0
1989-04-21,GB,セレクション 選ばれし者,0,0,🚧,RPG,0,0
1989-04-21,GB,マスターカラテカ,0,0,🚧,ACT,0,0
1989-04-21,GB,ヒーロー大集合!! ピンボールパーティ,0,0,🚧,TBL,0,0
1989-04-21,GB,ワールドボウリング,0,0,🚧,SPT,0,0
1989-04-21,GB,平安京エイリアン,0,0,🚧,ACT,0,0
1989-04-21,GB,ソーラーストライカー,0,0,🚧,SHT,0,0
1989-04-21,GB,オセロ,0,0,🚧,TBL,0,0
1989-04-21,GB,ネメシス,0,0,🚧,SHT,0,0
1989-04-21,GB,対局連珠,0,0,🚧,TBL,0,0
1989-04-21,GB,ベースボールキッズ,0,0,🚧,SPT,0,0
1989-04-21,GB,クォース,0,0,🚧,PZL,0,0
1989-04-21,GB,フリップル,0,0,🚧,PZL,0,0
1989-04-21,GB,ペンギンランド,0,0,🚧,PZL,0,0
1989-04-21,GB,フラッピースペシャル,0,0,🚧,PZL,0,0
1989-04-21,GB,SD戦国伝 国盗り物語,0,0,🚧,SLG,0,0
1989-04-21,GB,トランプボーイ,0,0,🚧,TBL,0,0
1989-04-21,GB,スペースインベーダーズ,0,0,🚧,SHT,0,0
1989-04-21,GB,ペンギンくんwars vs.,0,0,🚧,ACT,0,0
1989-04-21,GB,かこむん蛇,0,0,🚧,PZL,0,0
1989-04-21,GB,SDルパン3世 金庫破り大作戦,0,0,🚧,PZL,0,0
1989-04-21,GB,クイックス,0,0,🚧,ACT,0,0
1989-04-21,GB,バットマン,0,0,🚧,ACT,0,0
1989-04-21,GB,爆裂戦士ウォーリア,0,0,🚧,PZL,0,0
1989-04-21,GB,スーパーチャイニーズランド,0,0,🚧,ACT,0,0
1989-04-21,GB,デットヒートスクランブル,0,0,🚧,RCG,0,0
1989-04-21,GB,ブロディア,0,0,🚧,PZL,0,0
1989-04-21,GB,ポパイ,0,0,🚧,PZL,0,0
1989-04-21,GB,冒険!パズルロード,0,0,🚧,PZL,0,0
1989-04-21,GB,サッカーボーイ,0,0,🚧,SPT,0,0
1989-04-21,GB,天神怪戦,0,0,🚧,SHT,0,0
1989-04-21,GB,スヌーピー マジックショー,0,0,🚧,PZL,0,0
1989-04-21,GB,レッドアリーマー 魔界村外伝,0,0,🚧,ACT,0,0
1989-04-21,GB,ロックンチェイス,0,0,🚧,PZL,0,0
1989-04-21,GB,ボクシング,0,0,🚧,SPT,0,0
1989-04-21,GB,あやかしの城,0,0,🚧,RPG,0,0
1989-04-21,GB,ウルトラマン倶楽部 敵怪獣ヲ発見セヨ,0,0,🚧,SLG,0,0
1989-04-21,GB,ピットマン,0,0,🚧,PZL,0,0
1989-04-21,GB,コスモタンク,0,0,🚧,SHT,0,0
1989-04-21,GB,カードゲーム,0,0,🚧,TBL,0,0
1989-04-21,GB,メカ生体ゾイド ゾイド伝説,0,0,🚧,SHT,0,0
1989-04-21,GB,ファニーフィールド,0,0,🚧,PZL,0,0
1989-04-21,GB,倉庫番2,0,0,🚧,PZL,0,0
1989-04-21,GB,ブライファイター デラックス,0,0,🚧,SHT,0,0
1989-04-21,GB,バリーファイア,0,0,🚧,SHT,0,0
1989-04-21,GB,パイプドリーム,0,0,🚧,PZL,0,0
1989-04-21,GB,四川省,0,0,🚧,PZL,0,0
1989-04-21,GB,ダブルドラゴン,0,0,🚧,ACT,0,0
1989-04-21,GB,タスマニア物語,0,0,🚧,ACT,0,0
1989-04-21,GB,ドクターマリオ,0,0,🚧,PZL,0,0
1989-04-21,GB,らんま1／2 かくれんぼデスマッチ,0,0,🚧,ACT,0,0
1989-04-21,GB,パズニック,0,0,🚧,PZL,0,0
1989-04-21,GB,石道,0,0,🚧,PZL,0,0
1989-04-21,GB,TMNT,0,0,🚧,ACT,0,0
1989-04-21,GB,魁!! 男塾 冥凰島決戦,0,0,🚧,ACT,0,0
1989-04-21,GB,おさわがせ!ペンギンBOY,0,0,🚧,PZL,0,0
1989-04-21,GB,VSバトラー,0,0,🚧,ACT,0,0
1989-04-21,GB,香港,0,0,🚧,PZL,0,0
1989-04-21,GB,ドラゴンスレイヤー1,0,0,🚧,RPG,0,0
1989-04-21,GB,パワーミッション,0,0,🚧,SLG,0,0
1989-04-21,GB,機動警察パトレイバー 狙われた街1990,0,0,🚧,ADV,0,0
1989-04-21,GB,バトルピンポン,0,0,🚧,SPT,0,0
1989-04-21,GB,ボンバーボーイ,0,0,🚧,ACT,0,0
1989-04-21,GB,ファミスタ,0,0,🚧,SPT,0,0
1989-04-21,GB,プロレス,0,0,🚧,SPT,0,0
1989-04-21,GB,サイドポケット,0,0,🚧,TBL,0,0
1989-04-21,GB,ダックテールズ,0,0,🚧,ACT,0,0
1989-04-21,GB,バルダーダッシュ,0,0,🚧,PZL,0,0
1989-04-21,GB,ルナランダー,0,0,🚧,ACT,0,0
1989-04-21,GB,F-1ボーイ,0,0,🚧,RCG,0,0
1989-04-21,GB,おいらじゃじゃ丸! 世界大冒険,0,0,🚧,ACT,0,0
1989-04-21,GB,うぉーズ,0,0,🚧,ACT,0,0
1989-04-21,GB,SDガンダム外伝 ラクロアンヒーローズ,0,0,🚧,RPG,0,0
1989-04-21,GB,信長の野望 ゲームボーイ版,0,0,🚧,SLG,0,0
1989-04-21,GB,アストロラビー,0,0,🚧,ACT,0,0
1989-04-21,GB,ツインビーだ!!,0,0,🚧,SHT,0,0
1989-04-21,GB,パラメデス,0,0,🚧,PZL,0,0
1989-04-21,GB,ゴーストバスターズ2,0,0,🚧,ACT,0,0
1989-04-21,GB,モンスタートラック,0,0,🚧,ACT,0,0
1989-04-21,GB,ロードスター,0,0,🚧,RCG,0,0
1989-04-21,GB,アミーダくん 阿弥陀,0,0,🚧,PZL,0,0
1989-04-21,GB,海戦ゲーム　レーダーミッション,0,0,🚧,SLG,0,0
1989-04-21,GB,アフターバースト,0,0,🚧,ACT,0,0
1989-04-21,GB,ベリウス ローランの魔獣,0,0,🚧,RPG,0,0
1989-04-21,GB,F-1レース,0,0,🚧,RCG,0,0
1989-04-21,GB,トランプボーイ2,0,0,🚧,TBL,0,0
1989-04-21,GB,ふしぎなブロビー プリンセスブロブを救え!,0,0,🚧,ACT,0,0
1989-04-21,GB,アレサ,0,0,🚧,RPG,0,0
1989-04-21,GB,パックマン,0,0,🚧,ACT,0,0
1989-04-21,GB,パラソルヘンべえ 虹の大冒険,0,0,🚧,ACT,0,0
1989-04-21,GB,GO! GO! TANK,0,0,🚧,ACT,0,0
1989-04-21,GB,キャデラック2,0,0,🚧,PZL,0,0
1989-04-21,GB,バトルブル,0,0,🚧,ACT,0,0
1989-04-21,GB,海戦ゲーム NAVY BLUE'90,0,0,🚧,SLG,0,0
1989-04-21,GB,ころダイス,0,0,🚧,PZL,0,0
1989-04-21,GB,スコットランドヤード,0,0,🚧,TBL,0,0
1989-04-21,GB,ちびまる子ちゃん おこづかい大作戦,0,0,🚧,RPG,0,0
1989-04-21,GB,バブルボブル,0,0,🚧,ACT,0,0
1989-04-21,GB,ペインターモモピー,0,0,🚧,ACT,0,0
1989-04-21,GB,ヘッドオン,0,0,🚧,ACT,0,0
1989-04-21,GB,熱血硬派くにおくん 番外乱闘編,0,0,🚧,ACT,0,0
1989-04-21,GB,鬼忍降魔禄ONI,0,0,🚧,RPG,0,0
1989-04-21,GB,スパルタンX,0,0,🚧,ACT,0,0
1989-04-21,GB,プリプリ,0,0,🚧,PZL,0,0
1989-04-21,GB,ドラゴンテール,0,0,🚧,ACT,0,0
1989-04-21,GB,SaGa2 秘宝伝説,0,0,🚧,RPG,0,0
1989-04-21,GB,クラックス,0,0,🚧,PZL,0,0
1989-04-21,GB,ネコジャラ物語,0,0,🚧,RPG,0,0
1989-04-21,GB,ポケットスタジアム,0,0,🚧,SPT,0,0
1989-04-21,GB,カード＆パズル コレクション 銀河,0,0,🚧,PZL,0,0
1989-04-21,GB,ゴジラくん 怪獣大行進,0,0,🚧,ACT,0,0
1989-04-21,GB,ポン太とヒナ子の珍道中 友情編,0,0,🚧,ACT,0,0
1989-04-21,GB,カプコンクイズ ハテナ？の大冒険,0,0,🚧,ETC,0,0
1989-04-21,GB,グレムリン2 新・種・誕・生,0,0,🚧,ACT,0,0
1989-04-21,GB,バトルユニットZEOTH,0,0,🚧,SHT,0,0
1989-04-21,GB,バブルゴースト,0,0,🚧,ACT,0,0
1989-04-21,GB,石田芳夫の詰碁パラダイス,0,0,🚧,TBL,0,0
1989-04-21,GB,モンスターメーカー,0,0,🚧,RPG,0,0
1989-04-21,GB,飛龍の拳 外伝,0,0,🚧,ACT,0,0
1989-04-21,GB,アメリカ横断ウルトラクイズ,0,0,🚧,ETC,0,0
1989-04-21,GB,ドルアーガの塔,0,0,🚧,RPG,0,0
1989-04-21,GB,コントラ,0,0,🚧,ACT,0,0
1989-04-21,GB,突撃! ポンコツタンク,0,0,🚧,SHT,0,0
1989-04-21,GB,タイトーチェイスHQ,0,0,🚧,ACT,0,0
1989-04-21,GB,突撃ばれいしょんず,0,0,🚧,ACT,0,0
1989-04-21,GB,ライサンダー,0,0,🚧,ACT,0,0
1989-04-21,GB,鬼ヶ島パチンコ店,0,0,🚧,PZL,0,0
1989-04-21,GB,三毛猫ホームズの騎士道,0,0,🚧,ADV,0,0
1989-04-21,GB,バーガータイムデラックス,0,0,🚧,ACT,0,0
1989-04-21,GB,怒りの要塞,0,0,🚧,ACT,0,0
1989-04-21,GB,F-1スピリット,0,0,🚧,RCG,0,0
1989-04-21,GB,レーシング魂,0,0,🚧,RCG,0,0
1989-04-21,GB,ドラえもん 対決ひみつ道具,0,0,🚧,SHT,0,0
1989-04-21,GB,ロボコップ,0,0,🚧,ACT,0,0
1989-04-21,GB,スーパー桃太郎電鉄,0,0,🚧,TBL,0,0
1989-04-21,GB,戦国忍者くん,0,0,🚧,RPG,0,0
1989-04-21,GB,ループス,0,0,🚧,PZL,0,0
1989-04-21,GB,R-TYPE,0,0,🚧,SHT,0,0
1989-04-21,GB,ファーステストラップ,0,0,🚧,RCG,0,0
1989-04-21,GB,ジェムジェム,0,0,🚧,PZL,0,0
1989-04-21,GB,ファミリージョッキー,0,0,🚧,RCG,0,0
1989-04-21,GB,ソロモンズ倶楽部,0,0,🚧,PZL,0,0
1989-04-21,GB,パロディウスだ!!,0,0,🚧,SHT,0,0
1989-04-21,GB,ファイナルリバース,0,0,🚧,SHT,0,0
1989-04-21,GB,ワールドアイスホッケー,0,0,🚧,SPT,0,0
1989-04-21,GB,カーブノア,0,0,🚧,RPG,0,0
1989-04-21,GB,リトルマスター ライクバーンの伝説,0,0,🚧,SLG,0,0
1989-04-21,GB,茶々丸パニック,0,0,🚧,ACT,0,0
1989-04-21,GB,スーパーロボット大戦,0,0,🚧,SLG,0,0
1989-04-21,GB,ミッキーマウス2,0,0,🚧,ACT,0,0
1989-04-21,GB,ミニバット,0,0,🚧,SPT,0,0
1989-04-21,GB,ラッキーモンキー,0,0,🚧,ACT,0,0
1989-04-21,GB,相撲ファイター 東海道場所,0,0,🚧,ACT,0,0
1989-04-21,GB,熱血高校サッカー部 ワールドカップ編,0,0,🚧,SPT,0,0
1989-04-21,GB,からくり剣豪伝ムサシロード,0,0,🚧,ACT,0,0
1989-04-21,GB,トーピドー・レンジ,0,0,🚧,ACT,0,0
1989-04-21,GB,キッチンパニック,0,0,🚧,ACT,0,0
1989-04-21,GB,サンリオカーニバル,0,0,🚧,PZL,0,0
1989-04-21,GB,ラブルセイバー,0,0,🚧,ACT,0,0
1989-04-21,GB,一発逆転!! DX馬券王,0,0,🚧,SLG,0,0
1989-04-21,GB,SDコマンドガンダム G-ARMSオペレーションガンダム,0,0,🚧,ACT,0,0
1989-04-21,GB,ゲームボーイウォーズ,0,0,🚧,SLG,0,0
1989-04-21,GB,アスミッくんワールド2,0,0,🚧,ACT,0,0
1989-04-21,GB,スノーブラザーズジュニア,0,0,🚧,ACT,0,0
1989-04-21,GB,レジェンド 明日への翼,0,0,🚧,RPG,0,0
1989-04-21,GB,サッカー,0,0,🚧,SPT,0,0
1989-04-21,GB,大戦略,0,0,🚧,SLG,0,0
1989-04-21,GB,マジカル☆タルるートくん,0,0,🚧,ACT,0,0
1989-04-21,GB,ジャングルウォーズ,0,0,🚧,RPG,0,0
1989-04-21,GB,チョップリフター2,0,0,🚧,SHT,0,0
1989-04-21,GB,エアロスター,0,0,🚧,SHT,0,0
1989-04-21,GB,人生ゲーム伝説,0,0,🚧,RPG,0,0
1989-04-21,GB,聖剣伝説 ファイナルファンタジー外伝,0,0,🚧,RPG,0,0
1989-04-21,GB,元祖!! ヤンチャ丸,0,0,🚧,ACT,0,0
1989-04-21,GB,ヴァトルギウス,0,0,🚧,SHT,0,0
1989-04-21,GB,ドラキュラ伝説2,0,0,🚧,ACT,0,0
1989-04-21,GB,紫禁城,0,0,🚧,PZL,0,0
1989-04-21,GB,ハットリス,0,0,🚧,PZL,0,0
1989-04-21,GB,恋は駆け引き,0,0,🚧,PZL,0,0
1989-04-21,GB,バニシングレーサー,0,0,🚧,ACT,0,0
1989-04-21,GB,ロックマンワールド,0,0,🚧,ACT,0,0
1989-04-21,GB,パズルボーイ2,0,0,🚧,PZL,0,0
1989-04-21,GB,フリートコマンダーVS.,0,0,🚧,SLG,0,0
1989-04-21,GB,茶々丸冒険記3 アビスの塔,0,0,🚧,RPG,0,0
1989-04-21,GB,ペケとポコのダルマンバスターズ,0,0,🚧,ACT,0,0
1989-04-21,GB,エレベーターアクション,0,0,🚧,ACT,0,0
1989-04-21,GB,ネメシス2,0,0,🚧,SHT,0,0
1989-04-21,GB,バトルシティ,0,0,🚧,ACT,0,0
1989-04-21,GB,メガリット,0,0,🚧,PZL,0,0
1989-04-21,GB,東尾修監修 プロ野球スタジアム'91,0,0,🚧,SPT,0,0
1989-04-21,GB,ボンバーキングシナリオ2,0,0,🚧,ACT,0,0
1989-04-21,GB,ちびまる子ちゃん2 デラックス まる子ワールド,0,0,🚧,ADV,0,0
1989-04-21,GB,ナイトクエスト,0,0,🚧,RPG,0,0
1989-04-21,GB,時空戦記ムー,0,0,🚧,RPG,0,0
1989-04-21,GB,ウイナーズホース,0,0,🚧,ETC,0,0
1989-04-21,GB,アレサ2,0,0,🚧,RPG,0,0
1989-04-21,GB,テクモボウルGB,0,0,🚧,SPT,0,0
1989-04-21,GB,少年アシベ ゆうえんちパニック,0,0,🚧,RPG,0,0
1989-04-21,GB,ウィザードリィ外伝1 女王の受難,0,0,🚧,RPG,0,0
1989-04-21,GB,ザードの伝説,0,0,🚧,RPG,0,0
1989-04-21,GB,ドラゴンズ・レア,0,0,🚧,ACT,0,0
1989-04-21,GB,コナミックゴルフ,0,0,🚧,SPT,0,0
1989-04-21,GB,熱血高校ドッジボール部 強敵!闘球戦士の巻,0,0,🚧,SPT,0,0
1989-04-21,GB,TMNT2,0,0,🚧,ACT,0,0
1989-04-21,GB,ポパイ2,0,0,🚧,PZL,0,0
1989-04-21,GB,秘伝陰陽気功法図式謎遊戯 華佗,0,0,🚧,PZL,0,0
1989-04-21,GB,アルタードスペース,0,0,🚧,PZL,0,0
1989-04-21,GB,スーパーチャイニーズランド2 宇宙大冒険,0,0,🚧,RPG,0,0
1989-04-21,GB,ナムコクラシック,0,0,🚧,SPT,0,0
1989-04-21,GB,ドッジボーイ,0,0,🚧,SPT,0,0
1989-04-21,GB,マインスウィーパー 掃海艇,0,0,🚧,SLG,0,0
1989-04-21,GB,SaGa3 時空の覇者[完結編],0,0,🚧,RPG,0,0
1989-04-21,GB,サーガイア,0,0,🚧,SHT,0,0
1989-04-21,GB,パチンコ西遊記,0,0,🚧,ETC,0,0
1989-04-21,GB,バトルオブキングダム,0,0,🚧,TBL,0,0
1989-04-21,GB,ワールドビーチバレー 1991GBカップ,0,0,🚧,SPT,0,0
1989-04-21,GB,忍者龍剣伝GB 摩天楼決戦,0,0,🚧,ACT,0,0
1989-04-21,GB,ウルティマ 失われたルーン,0,0,🚧,RPG,0,0
1989-04-21,GB,きんぎょ注意報! わぴ子のわくわくスタンプラリー!,0,0,🚧,ETC,0,0
1989-04-21,GB,ヨッシーのたまご,0,0,🚧,PZL,0,0
1989-04-21,GB,アメリカ横断ウルトラクイズPART2,0,0,🚧,ETC,0,0
1989-04-21,GB,モノポリー,0,0,🚧,TBL,0,0
1989-04-21,GB,ロックマンワールド2,0,0,🚧,ACT,0,0
1989-04-21,GB,太陽の勇者ファイバードGB,0,0,🚧,SHT,0,0
1989-04-21,GB,がんばれゴエモン さらわれたエビス丸,0,0,🚧,ACT,0,0
1989-04-21,GB,桃太郎伝説外伝,0,0,🚧,RPG,0,0
1989-04-21,GB,ジャンケンマン,0,0,🚧,ACT,0,0
1989-04-21,GB,ピータン,0,0,🚧,PZL,0,0
1989-04-21,GB,中嶋 悟 監修 F-1 HERO GB WORLD CHAMPIONSHIP '91,0,0,🚧,RCG,0,0
1989-04-21,GB,絶対無敵ライジンオー,0,0,🚧,ACT,0,0
1989-04-21,GB,ウルトラマン,0,0,🚧,FTG,0,0
1989-04-21,GB,機甲警察メタルジャック,0,0,🚧,SLG,0,0
1989-04-21,GB,トキオ戦記 英雄列伝,0,0,🚧,SLG,0,0
1989-04-21,GB,Q-bert,0,0,🚧,PZL,0,0
1989-04-21,GB,SD戦国伝2 天下統一編,0,0,🚧,SLG,0,0
1989-04-21,GB,メトロイド2 リターン オブ サムス,0,0,🚧,ACT,0,0
1989-04-21,GB,しっぽでブン!!,0,0,🚧,ACT,0,0
1989-04-21,GB,雀卓ボーイ,0,0,🚧,TBL,0,0
1989-04-21,GB,TWIN,0,0,🚧,RPG,0,0
1989-04-21,GB,タイニートゥーン アドベンチャーズ,0,0,🚧,ACT,0,0
1989-04-21,GB,WWFスーパースターズ,0,0,🚧,SPT,0,0
1989-04-21,GB,トラックミート 目指せバルセロナ,0,0,🚧,SPT,0,0
1989-04-21,GB,ベリウス2 復讐の邪神,0,0,🚧,RPG,0,0
1989-04-21,GB,怒りの要塞2,0,0,🚧,ACT,0,0
1989-04-21,GB,ONI2 隠忍伝説,0,0,🚧,RPG,0,0
1989-04-21,GB,新世紀GPXサイバーフォーミュラ,0,0,🚧,TBL,0,0
1989-04-21,GB,平成天才バカボン,0,0,🚧,ACT,0,0
1989-04-21,GB,ドラゴンスレイヤー外伝 眠りの王冠,0,0,🚧,RPG,0,0
1989-04-21,GB,ラブルセイバー2,0,0,🚧,ACT,0,0
1989-04-21,GB,高橋名人の冒険島2,0,0,🚧,ACT,0,0
1989-04-21,GB,ハドソン・ホーク,0,0,🚧,ACT,0,0
1989-04-21,GB,読本夢五誉身 天神怪戦2,0,0,🚧,ACT,0,0
1989-04-21,GB,スーパーストリートバスケットボール,0,0,🚧,SPT,0,0
1989-04-21,GB,ロボコップ2,0,0,🚧,ACT,0,0
1989-04-21,GB,キャプテン翼VS,0,0,🚧,SLG,0,0
1989-04-21,GB,チキチキマシーン猛レース,0,0,🚧,RCG,0,0
1989-04-21,GB,ちびまる子ちゃん3 めざせ!ゲーム大賞,0,0,🚧,ETC,0,0
1989-04-21,GB,プロサッカー,0,0,🚧,SPT,0,0
1989-04-21,GB,リトルマスター2 雷光の騎士,0,0,🚧,SLG,0,0
1989-04-21,GB,雀四郎,0,0,🚧,TBL,0,0
1989-04-21,GB,バットマン リターンオブザジョーカー,0,0,🚧,ACT,0,0
1989-04-21,GB,HOOK,0,0,🚧,ACT,0,0
1989-04-21,GB,DX馬券王Z,0,0,🚧,ETC,0,0
1989-04-21,GB,炎の闘球児 ドッジ弾平,0,0,🚧,SPT,0,0
1989-04-21,GB,ミグレイン,0,0,🚧,PZL,0,0
1989-04-21,GB,星のカービィ,0,0,🚧,ACT,0,0
1989-04-21,GB,ポケットバトル,0,0,🚧,SLG,0,0
1989-04-21,GB,レッドオクトーバーを追え,0,0,🚧,SHT,0,0
1989-04-21,GB,スパイVSスパイ とらっぱーず天国,0,0,🚧,ACT,0,0
1989-04-21,GB,パネルの忍者ケサマル サラ姫お助け申す!の巻,0,0,🚧,PZL,0,0
1989-04-21,GB,X（エックス）,0,0,🚧,SHT,0,0
1989-04-21,GB,スーパーハンチバック,0,0,🚧,ACT,0,0
1989-04-21,GB,ソリテア,0,0,🚧,PZL,0,0
1989-04-21,GB,ホーム・アローン,0,0,🚧,ACT,0,0
1989-04-21,GB,うる星やつら ミス友引を捜せ!,0,0,🚧,RPG,0,0
1989-04-21,GB,マジカル☆タルるートくん2 ライバーゾーンパニック！！,0,0,🚧,ACT,0,0
1989-04-21,GB,コナミックスポーツ イン バルセロナ,0,0,🚧,SPT,0,0
1989-04-21,GB,らんま1/2 熱烈格闘編,0,0,🚧,RPG,0,0
1989-04-21,GB,宇宙戦艦ヤマト,0,0,🚧,SLG,0,0
1989-04-21,GB,東尾修監修 プロ野球スタジアム'92,0,0,🚧,SPT,0,0
1989-04-21,GB,ダウンタウン熱血行進曲 どこでも運動会,0,0,🚧,ACT,0,0
1989-04-21,GB,バイオニックコマンドー,0,0,🚧,ACT,0,0
1989-04-21,GB,プリンス・オブ・ペルシャ,0,0,🚧,ACT,0,0
1989-04-21,GB,ファミスタ2,0,0,🚧,SPT,0,0
1989-04-21,GB,ペンタドラゴン,0,0,🚧,SHT,0,0
1989-04-21,GB,大工の源さん ゴーストビルディングカンパニー,0,0,🚧,ACT,0,0
1989-04-21,GB,クイズ世界はSHOW BY ショーバイ!!,0,0,🚧,ETC,0,0
1989-04-21,GB,シーザースパレス,0,0,🚧,TBL,0,0
1989-04-21,GB,ちびまる子ちゃん4 これが日本だよ!王子さま,0,0,🚧,ETC,0,0
1989-04-21,GB,ゲームボーイ電子手帳 ナノノート,0,0,🚧,ETC,0,0
1989-04-21,GB,バーサスヒーロー 格闘王への道,0,0,🚧,FTG,0,0
1989-04-21,GB,マサカリ伝説 金太郎アクション編,0,0,🚧,ACT,0,0
1989-04-21,GB,中嶋 悟 監修 F-1 HERO GB '92 THE GRADED DRIVER,0,0,🚧,RCG,0,0
1989-04-21,GB,ハイパーブラックバス,0,0,🚧,SPT,0,0
1989-04-21,GB,SDガンダム SD戦国伝3 新SD戦国伝 地上最強編,0,0,🚧,SLG,0,0
1989-04-21,GB,セレクション2 暗黒の封印,0,0,🚧,RPG,0,0
1989-04-21,GB,キン肉マン ザ☆ドリームマッチ,0,0,🚧,FTG,0,0
1989-04-21,GB,カエルの為に鐘は鳴る,0,0,🚧,RPG,0,0
1989-04-21,GB,ビタミーナ王国物語,0,0,🚧,RPG,0,0
1989-04-21,GB,コナミックバスケット,0,0,🚧,SPT,0,0
1989-04-21,GB,メルヘン倶楽部,0,0,🚧,SLG,0,0
1989-04-21,GB,三国志 GB版,0,0,🚧,SLG,0,0
1989-04-21,GB,パチンコかぐや姫,0,0,🚧,ETC,0,0
1989-04-21,GB,3分予想 馬番倶楽部,0,0,🚧,ETC,0,0
1989-04-21,GB,SPOT,0,0,🚧,PZL,0,0
1989-04-21,GB,アレサ3,0,0,🚧,RPG,0,0
1989-04-21,GB,バトルドッジボール,0,0,🚧,SPT,0,0
1989-04-21,GB,スーパーマリオランド2 6つの金貨,0,0,🚧,ACT,0,0
1989-04-21,GB,アダムスファミリー,0,0,🚧,ACT,0,0
1989-04-21,GB,キョロちゃんランド,0,0,🚧,ACT,0,0
1989-04-21,GB,ランバート,0,0,🚧,ACT,0,0
1989-04-21,GB,ファンタズム,0,0,🚧,ACT,0,0
1989-04-21,GB,セイントパラダイス 最強の戦士たち,0,0,🚧,RPG,0,0
1989-04-21,GB,フェラーリ,0,0,🚧,RCG,0,0
1989-04-21,GB,タンブルポップ,0,0,🚧,ACT,0,0
1989-04-21,GB,ヨッシーのクッキー,0,0,🚧,PZL,0,0
1989-04-21,GB,GB原人,0,0,🚧,ACT,0,0
1989-04-21,GB,アメリカ横断ウルトラクイズPART3 チャンピオン大会,0,0,🚧,ETC,0,0
1989-04-21,GB,きんぎょ注意報!2 ぎょぴちゃんを探せ!,0,0,🚧,ETC,0,0
1989-04-21,GB,コナミックアイスホッケー,0,0,🚧,SPT,0,0
1989-04-21,GB,トリップワールド,0,0,🚧,ACT,0,0
1989-04-21,GB,元気爆発ガンバルンガー,0,0,🚧,ACT,0,0
1989-04-21,GB,R-TYPE2,0,0,🚧,SHT,0,0
1989-04-21,GB,スーパービックリマン 伝説の石版,0,0,🚧,ACT,0,0
1989-04-21,GB,ぬ～ぼ～,0,0,🚧,ACT,0,0
1989-04-21,GB,ミラクルアドベンチャー エスパークス失われた聖石ペリヴァロン,0,0,🚧,ACT,0,0
1989-04-21,GB,ロックマンワールド3,0,0,🚧,ACT,0,0
1989-04-21,GB,ダンジョンランド,0,0,🚧,SLG,0,0
1989-04-21,GB,クイズ日本昔話 アテナのハテナ？,0,0,🚧,ETC,0,0
1989-04-21,GB,ドクターフランケン,0,0,🚧,ACT,0,0
1989-04-21,GB,トムとジェリー,0,0,🚧,ACT,0,0
1989-04-21,GB,ひとりでできるもん! クッキング伝説 ,0,0,🚧,RPG,0,0
1989-04-21,GB,ミッキーズチェイス,0,0,🚧,ACT,0,0
1989-04-21,GB,宇宙の騎士テッカマンブレード,0,0,🚧,ACT,0,0
1989-04-21,GB,地球解放軍ZAS,0,0,🚧,SHT,0,0
1989-04-21,GB,美少女戦士セーラームーン,0,0,🚧,ACT,0,0
1989-04-21,GB,木づちだ クイズだ 源さんだ!,0,0,🚧,ETC,0,0
1989-04-21,GB,ドラえもん2 アニマル惑星伝説,0,0,🚧,ACT,0,0
1989-04-21,GB,4IN1 FUN PACK,0,0,🚧,TBL,0,0
1989-04-21,GB,LOONEY TUNES バックスバニーとゆかいな仲間たち,0,0,🚧,ACT,0,0
1989-04-21,GB,ゼノン2 メガブラスト,0,0,🚧,SHT,0,0
1989-04-21,GB,バーコードボーイ バトルスペース,0,0,🚧,ACT,0,0
1989-04-21,GB,女神転生 ラストバイブル,0,0,🚧,RPG,0,0
1989-04-21,GB,ウィザードリィ外伝2 古代皇帝の呪い,0,0,🚧,RPG,0,0
1989-04-21,GB,Jリーグファイティングサッカー,0,0,🚧,SPT,0,0
1989-04-21,GB,ヘラクレスの栄光 動き出した神々,0,0,🚧,RPG,0,0
1989-04-21,GB,悪魔城スペシャルぼくドラキュラくん,0,0,🚧,ACT,0,0
1989-04-21,GB,ダーティ・レーシング,0,0,🚧,RCG,0,0
1989-04-21,GB,新日本プロレスリング闘魂三銃士,0,0,🚧,TBL,0,0
1989-04-21,GB,リングレイジ,0,0,🚧,SPT,0,0
1989-04-21,GB,サンダーバード,0,0,🚧,ADV,0,0
1989-04-21,GB,ザードの伝説2 偽神の領域,0,0,🚧,RPG,0,0
1989-04-21,GB,ONI3 黒の破壊神,0,0,🚧,RPG,0,0
1989-04-21,GB,バートのサバイバルキャンプ,0,0,🚧,ACT,0,0
1989-04-21,GB,バーニングペーパー,0,0,🚧,ACT,0,0
1989-04-21,GB,高橋名人の冒険島3,0,0,🚧,ACT,0,0
1989-04-21,GB,CLUT MASTER ウルトラマンに魅せられて,0,0,🚧,ETC,0,0
1989-04-21,GB,GBバスケットボール,0,0,🚧,SPT,0,0
1989-04-21,GB,キラートマト,0,0,🚧,ACT,0,0
1989-04-21,GB,ザ・キックボクシング,0,0,🚧,SPT,0,0
1989-04-21,GB,サンリオカーニバル2,0,0,🚧,PZL,0,0
1989-04-21,GB,ダブル役満,0,0,🚧,TBL,0,0
1989-04-21,GB,モンスターメーカー2 ウルの秘剣,0,0,🚧,RPG,0,0
1989-04-21,GB,G1キング!三匹の予想屋,0,0,🚧,ETC,0,0
1989-04-21,GB,アウトバースト,0,0,🚧,FTG,0,0
1989-04-21,GB,ミロンの迷宮組曲,0,0,🚧,ACT,0,0
1989-04-21,GB,クレヨンしんちゃん オラとシロはお友達だよ,0,0,🚧,ACT,0,0
1989-04-21,GB,NBAオールスターチャレンジ2,0,0,🚧,SPT,0,0
1989-04-21,GB,魔界村外伝　THE DEMON DARKNESS,0,0,🚧,ACT,0,0
1989-04-21,GB,ミッキーマウス4 魔法のラビリンス,0,0,🚧,ACT,0,0
1989-04-21,GB,WWFスーパースターズ2,0,0,🚧,SPT,0,0
1989-04-21,GB,妖精物語 ロッドランド,0,0,🚧,ACT,0,0
1989-04-21,GB,バブルボブルJr,0,0,🚧,ACT,0,0
1989-04-21,GB,ポピュラス外伝,0,0,🚧,SLG,0,0
1989-04-21,GB,鈴木亜久里F1スーパードライビング,0,0,🚧,RCG,0,0
1989-04-21,GB,ゼルダの伝説 夢をみる島,0,0,🚧,RPG,0,0
1989-04-21,GB,パチスロキッズ,0,0,🚧,ETC,0,0
1989-04-21,GB,スプリッツ 似顔絵15ゲーム,0,0,🚧,PZL,0,0
1989-04-21,GB,ブービーボーイズ,0,0,🚧,ACT,0,0
1989-04-21,GB,エイリアン3,0,0,🚧,ACT,0,0
1989-04-21,GB,びっくり熱血新記録! どこでも金メダル,0,0,🚧,SPT,0,0
1989-04-21,GB,マイケルジョーダン ONE ON ONE,0,0,🚧,SPT,0,0
1989-04-21,GB,ゴッドメディスン　ファンタジー世界の誕生,0,0,🚧,RPG,0,0
1989-04-21,GB,Jカップサッカー,0,0,🚧,SPT,0,0
1989-04-21,GB,ミステリアム,0,0,🚧,RPG,0,0
1989-04-21,GB,ああ播磨灘,0,0,🚧,SPT,0,0
1989-04-21,GB,ジミーコナーズのプロテニスツアー,0,0,🚧,SPT,0,0
1989-04-21,GB,幽☆遊☆白書,0,0,🚧,FTG,0,0
1989-04-21,GB,主役戦隊アイレムファイター,0,0,🚧,ACT,0,0
1989-04-21,GB,的中ラッシュ,0,0,🚧,ETC,0,0
1989-04-21,GB,鉄球ファイト!ザ・グレイトバトル外伝,0,0,🚧,ACT,0,0
1989-04-21,GB,ソルダム,0,0,🚧,PZL,0,0
1989-04-21,GB,らんま1/2 格劇問答!!,0,0,🚧,RPG,0,0
1989-04-21,GB,桃太郎電劇,0,0,🚧,ACT,0,0
1989-04-21,GB,モンスターメーカー バーコードサーガ,0,0,🚧,ETC,0,0
1989-04-21,GB,ダブル役満Jr.,0,0,🚧,TBL,0,0
1989-04-21,GB,仮面ライダーSD 走れ!マイティライダーズ,0,0,🚧,ACT,0,0
1989-04-21,GB,MVPベースボール,0,0,🚧,SPT,0,0
1989-04-21,GB,ファミリージョッキー2 名馬の血統,0,0,🚧,RCG,0,0
1989-04-21,GB,勝馬予想 競馬貴族,0,0,🚧,ETC,0,0
1989-04-21,GB,カルトジャンプ,0,0,🚧,ETC,0,0
1989-04-21,GB,ダブル役満2,0,0,🚧,TBL,0,0
1989-04-21,GB,レミングス,0,0,🚧,PZL,0,0
1989-04-21,GB,エイリアンVSプレデター,0,0,🚧,ACT,0,0
1989-04-21,GB,ウィザードリィ外伝3 闇の聖典-SCRIPTURE OF THE DARK-,0,0,🚧,RPG,0,0
1989-04-21,GB,カットビロード,0,0,🚧,RCG,0,0
1989-04-21,GB,クレヨンしんちゃん2 オラとわんぱくごっこだゾ,0,0,🚧,ACT,0,0
1989-04-21,GB,アメリカ横断ウルトラクイズPART4,0,0,🚧,ETC,0,0
1989-04-21,GB,ファミスタ3,0,0,🚧,SPT,0,0
1989-04-21,GB,ロックマンワールド4,0,0,🚧,ACT,0,0
1989-04-21,GB,ウルティマ 失われたルーン2,0,0,🚧,RPG,0,0
1989-04-21,GB,パチ夫くん,0,0,🚧,ETC,0,0
1989-04-21,GB,女神転生 ラストバイブル2,0,0,🚧,RPG,0,0
1989-04-21,GB,TMNT3 タートルズ危機一発,0,0,🚧,ACT,0,0
1989-04-21,GB,UNO スモールワールド,0,0,🚧,TBL,0,0
1989-04-21,GB,カービィのピンボール,0,0,🚧,TBL,0,0
1989-04-21,GB,ダックテイルズ2,0,0,🚧,ACT,0,0
1989-04-21,GB,アンダーカバーコップス 破壊神ガルマァ,0,0,🚧,ETC,0,0
1989-04-21,GB,ピングー 世界で1番元気なペンギン,0,0,🚧,ACT,0,0
1989-04-21,GB,幽☆遊☆白書 第2弾 暗黒武術会編,0,0,🚧,FTG,0,0
1989-04-21,GB,怪獣王ゴジラ,0,0,🚧,ACT,0,0
1989-04-21,GB,馬券王V3,0,0,🚧,ETC,0,0
1989-04-21,GB,最後の忍道,0,0,🚧,ACT,0,0
1989-04-21,GB,タイニートゥーン アドベンチャーズ2～バスターバニーのかっとびだいぼうけん～,0,0,🚧,ACT,0,0
1989-04-21,GB,ダウンタウンスペシャル くにおくんの時代劇だよ全員集合!,0,0,🚧,ACT,0,0
1989-04-21,GB,ミッキーマウス5 魔法のステッキ,0,0,🚧,ACT,0,0
1989-04-21,GB,モータルコンバット 神拳降臨伝説,0,0,🚧,FTG,0,0
1989-04-21,GB,バトルトード,0,0,🚧,ACT,0,0
1989-04-21,GB,トムとジェリーPART2,0,0,🚧,ACT,0,0
1989-04-21,GB,スーパーマリオランド3 ワリオランド,0,0,🚧,ACT,0,0
1989-04-21,GB,スポットクール アドベンチャー,0,0,🚧,ACT,0,0
1989-04-21,GB,バーチャルウォーズ,0,0,🚧,ACT,0,0
1989-04-21,GB,スーパー桃太郎電鉄2,0,0,🚧,TBL,0,0
1989-04-21,GB,ホイホイ ゲームボーイ版,0,0,🚧,PZL,0,0
1989-04-21,GB,武田修宏のエースストライカー,0,0,🚧,SPT,0,0
1989-04-21,GB,T-2ザ・アーケードゲーム,0,0,🚧,SHT,0,0
1989-04-21,GB,ウェルカム なかよしパーク,0,0,🚧,ETC,0,0
1989-04-21,GB,ONI4 鬼神の血族,0,0,🚧,RPG,0,0
1989-04-21,GB,疾風!アイアンリーガー,0,0,🚧,ACT,0,0
1989-04-21,GB,雀四郎2,0,0,🚧,TBL,0,0
1989-04-21,GB,WWF キング オブ ザ リング,0,0,🚧,SPT,0,0
1989-04-21,GB,ルクル,0,0,🚧,PZL,0,0
1989-04-21,GB,ロロの大冒険,0,0,🚧,PZL,0,0
1989-04-21,GB,剣勇伝説ヤイバ,0,0,🚧,ACT,0,0
1989-04-21,GB,大工の源さん～ロボット帝国の野望～,0,0,🚧,ACT,0,0
1989-04-21,GB,南国少年パプワくん ガンマ団の野望,0,0,🚧,PZL,0,0
1989-04-21,GB,クレヨンしんちゃん3 オラのごきげんアスレチック,0,0,🚧,ACT,0,0
1989-04-21,GB,Mr.GOの馬券的中術,0,0,🚧,ETC,0,0
1989-04-21,GB,Jリーグ ウィニングゴール,0,0,🚧,SPT,0,0
1989-04-21,GB,詰め将棋～百番将棋～,0,0,🚧,TBL,0,0
1989-04-21,GB,モグラでポン!,0,0,🚧,ACT,0,0
1989-04-21,GB,詰め将棋 問題提供「将棋世界」,0,0,🚧,TBL,0,0
1989-04-21,GB,GB原人ランド ビバ!ちっくん王国,0,0,🚧,ACT,0,0
1989-04-21,GB,パチ夫くん キャッスル,0,0,🚧,PZL,0,0
1989-04-21,GB,フィジェッツ,0,0,🚧,PZL,0,0
1989-04-21,GB,天地を喰らう,0,0,🚧,RPG,0,0
1989-04-21,GB,美少女戦士セーラームーンR,0,0,🚧,ACT,0,0
1989-04-21,GB,ノンタンといっしょ くるくるぱずる,0,0,🚧,PZL,0,0
1989-04-21,GB,ルーニー・トゥーンズ それゆけ! スピーディー・ゴンザレス,0,0,🚧,ACT,0,0
1989-04-21,GB,太陽の天使マーロー～お花畑は大パニック～,0,0,🚧,PZL,0,0
1989-04-21,GB,幽☆遊☆白書 第3弾 魔界の扉編,0,0,🚧,RPG,0,0
1989-04-21,GB,ザ・心理ゲーム,0,0,🚧,ETC,0,0
1989-04-21,GB,パチスロキッズ2,0,0,🚧,ETC,0,0
1989-04-21,GB,テトリス フラッシュ,0,0,🚧,PZL,0,0
1989-04-21,GB,ドンキーコング,0,0,🚧,ACT,0,0
1989-04-21,GB,ワールドカップストライカー,0,0,🚧,SPT,0,0
1989-04-21,GB,熱闘 サムライスピリッツ,0,0,🚧,FTG,0,0
1989-04-21,GB,ろっくん!もんすたぁ!!,0,0,🚧,PZL,0,0
1989-04-21,GB,キテレツ大百科 冒険大江戸ジュラ紀,0,0,🚧,ACT,0,0
1989-04-21,GB,全日本プロレスジェット,0,0,🚧,SPT,0,0
1989-04-21,GB,ロックマンワールド5,0,0,🚧,ACT,0,0
1989-04-21,GB,GBパチスロ必勝法Jr.,0,0,🚧,ETC,0,0
1989-04-21,GB,クリスティワールド,0,0,🚧,PZL,0,0
1989-04-21,GB,ジャングルの王者ターちゃん,0,0,🚧,ACT,0,0
1989-04-21,GB,パチスロワールドカップ'94,0,0,🚧,ETC,0,0
1989-04-21,GB,ワールドカップUSA'94,0,0,🚧,SPT,0,0
1989-04-21,GB,勝馬予想 競馬貴族EX'94,0,0,🚧,ETC,0,0
1989-04-21,GB,熱血! ビーチバレーだよくにおくん,0,0,🚧,SPT,0,0
1989-04-21,GB,熱闘 餓狼伝説2 あらたなるたたかい,0,0,🚧,FTG,0,0
1989-04-21,GB,ぷよぷよ,0,0,🚧,PZL,0,0
1989-04-21,GB,3丁目のタマ タマ＆フレンズ 3丁目お化けパニック！！,0,0,🚧,ETC,0,0
1989-04-21,GB,ポコニャン!夢の大冒険,0,0,🚧,ACT,0,0
1989-04-21,GB,ボンバーマンGB,0,0,🚧,ACT,0,0
1989-04-21,GB,TVアニメ スラムダンク がけっぷちの決勝リーグ,0,0,🚧,SPT,0,0
1989-04-21,GB,ウルトラマン 超闘士激伝,0,0,🚧,ACT,0,0
1989-04-21,GB,クレヨンしんちゃん4 オラのいたずら大変身,0,0,🚧,ACT,0,0
1989-04-21,GB,新SDガンダム外伝 ナイトガンダム物語,0,0,🚧,RPG,0,0
1989-04-21,GB,スーパーストリートバスケットボール2,0,0,🚧,SPT,0,0
1989-04-21,GB,連対王,0,0,🚧,ETC,0,0
1989-04-21,GB,とっても!ラッキーマン ラッキークッキーみんな大好きー,0,0,🚧,TBL,0,0
1989-04-21,GB,魂斗羅スピリッツ,0,0,🚧,ACT,0,0
1989-04-21,GB,オセロワールド,0,0,🚧,TBL,0,0
1989-04-21,GB,バートのジャックと豆の木,0,0,🚧,ACT,0,0
1989-04-21,GB,ルーニー・トゥーンズ ダフィー・ダック,0,0,🚧,ACT,0,0
1989-04-21,GB,本命ボーイ,0,0,🚧,ETC,0,0
1989-04-21,GB,ザ・心理ゲーム2 大阪編,0,0,🚧,ETC,0,0
1989-04-21,GB,詰め将棋 神吉五段,0,0,🚧,TBL,0,0
1989-04-21,GB,詰碁シリーズ1藤沢秀行名誉棋聖,0,0,🚧,TBL,0,0
1989-04-21,GB,GB原人2,0,0,🚧,ACT,0,0
1989-04-21,GB,TVチャンピオン,0,0,🚧,ETC,0,0
1989-04-21,GB,チェスマスター,0,0,🚧,TBL,0,0
1989-04-21,GB,マサカリ伝説 金太郎RPG編,0,0,🚧,RPG,0,0
1989-04-21,GB,馬券王TV'94,0,0,🚧,ETC,0,0
1989-04-21,GB,モータルコンバット2究極神拳,0,0,🚧,FTG,0,0
1989-04-21,GB,ニチブチマージャン吉本劇場,0,0,🚧,TBL,0,0
1989-04-21,GB,携帯競馬エイトスペシャル,0,0,🚧,ETC,0,0
1989-04-21,GB,タイニートゥーン アドベンチャーズ3 ～ドキドキスポーツフェスティバル～,0,0,🚧,ACT,0,0
1989-04-21,GB,ドラゴンボールZ 悟空飛翔伝,0,0,🚧,RPG,0,0
1989-04-21,GB,パチ夫くん2,0,0,🚧,ETC,0,0
1989-04-21,GB,本将棋,0,0,🚧,TBL,0,0
1989-04-21,GB,パックパニック,0,0,🚧,PZL,0,0
1989-04-21,GB,幽☆遊☆白書 第4弾 魔界統一編,0,0,🚧,FTG,0,0
1989-04-21,GB,桃太郎電劇2,0,0,🚧,ACT,0,0
1989-04-21,GB,スーパースネーキー,0,0,🚧,PZL,0,0
1989-04-21,GB,ウルトラマンボール,0,0,🚧,ACT,0,0
1989-04-21,GB,トコロ'SまあじゃんJr.,0,0,🚧,TBL,0,0
1989-04-21,GB,インディージョーンズ  最後の聖戦,0,0,🚧,ACT,0,0
1989-04-21,GB,プロ麻雀 極GB,0,0,🚧,TBL,0,0
1989-04-21,GB,将棋最強,0,0,🚧,TBL,0,0
1989-04-21,GB,灘麻太朗のパワフル麻雀～次の一手100題～,0,0,🚧,TBL,0,0
1989-04-21,GB,パックインタイム,0,0,🚧,ACT,0,0
1989-04-21,GB,スーパーチャイニーズランド3,0,0,🚧,RPG,0,0
1989-04-21,GB,パチスロ必勝ガイドGB,0,0,🚧,ETC,0,0
1989-04-21,GB,バトルクラッシャー,0,0,🚧,FTG,0,0
1989-04-21,GB,ママレード・ボーイ,0,0,🚧,ETC,0,0
1989-04-21,GB,熱闘 ワールドヒーローズ2JET,0,0,🚧,FTG,0,0
1989-04-21,GB,UNO2 スモールワールド,0,0,🚧,TBL,0,0
1989-04-21,GB,アナザ・バイブル,0,0,🚧,RPG,0,0
1989-04-21,GB,ガメラ 大怪獣空中決戦,0,0,🚧,SLG,0,0
1989-04-21,GB,マリオのピクロス,0,0,🚧,PZL,0,0
1989-04-21,GB,NFLクォーターバッククラブ'95,0,0,🚧,SPT,0,0
1989-04-21,GB,TVアニメ スラムダンク2 全国へのTIPP OFF,0,0,🚧,SPT,0,0
1989-04-21,GB,スーパーボンブリス,0,0,🚧,PZL,0,0
1989-04-21,GB,星のカービィ2,0,0,🚧,ACT,0,0
1989-04-21,GB,ONI5 隠忍を継ぐ者,0,0,🚧,RPG,0,0
1989-04-21,GB,パチスロキッズ3,0,0,🚧,ETC,0,0
1989-04-21,GB,原人コッツ,0,0,🚧,ACT,0,0
1989-04-21,GB,蒼き伝説シュート!,0,0,🚧,SPT,0,0
1989-04-21,GB,SD飛龍の拳外伝,0,0,🚧,FTG,0,0
1989-04-21,GB,勝馬予想 競馬貴族EX'95,0,0,🚧,ETC,0,0
1989-04-21,GB,JリーグLIVE'95,0,0,🚧,SPT,0,0
1989-04-21,GB,チキチキ天国,0,0,🚧,PZL,0,0
1989-04-21,GB,パチ夫くん3,0,0,🚧,ETC,0,0
1989-04-21,GB,空想科学世界ガリバーボーイ 空想科学パズル プリッとポン,0,0,🚧,PZL,0,0
1989-04-21,GB,赤ずきんチャチャ,0,0,🚧,RPG,0,0
1989-04-21,GB,魔法陣グルグル 勇者とククリの大冒険,0,0,🚧,RPG,0,0
1989-04-21,GB,ちびまる子ちゃん まる子デラックス劇場,0,0,🚧,ADV,0,0
1989-04-21,GB,魔法騎士レイアース,0,0,🚧,RPG,0,0
1989-04-21,GB,モグモグGOMBO 遥かなる超料理伝説,0,0,🚧,RPG,0,0
1989-04-21,GB,パチンコ物語外伝,0,0,🚧,ETC,0,0
1989-04-21,GB,人生ゲーム,0,0,🚧,TBL,0,0
1989-04-21,GB,スーパーパチンコ大戦,0,0,🚧,ETC,0,0
1989-04-21,GB,第2次スーパーロボット大戦G,0,0,🚧,SLG,0,0
1989-04-21,GB,NINKU -忍空-,0,0,🚧,FTG,0,0
1989-04-21,GB,ギャラガ＆ギャラクシアン,0,0,🚧,SHT,0,0
1989-04-21,GB,フリスキートム,0,0,🚧,ACT,0,0
1989-04-21,GB,スーパードンキーコングGB,0,0,🚧,ACT,0,0
1989-04-21,GB,アルフレッドチキン,0,0,🚧,ACT,0,0
1989-04-21,GB,おとぎ話大戦,0,0,🚧,RPG,0,0
1989-04-21,GB,ボンバーマンGB2,0,0,🚧,ACT,0,0
1989-04-21,GB,ストリートファイター2,0,0,🚧,FTG,0,0
1989-04-21,GB,GO GO アックマン,0,0,🚧,ACT,0,0
1989-04-21,GB,ドラゴンボールZ 悟空激闘伝,0,0,🚧,RPG,0,0
1989-04-21,GB,キャプテン翼J 完全制覇への挑戦,0,0,🚧,SPT,0,0
1989-04-21,GB,ハイパーブラックバス'95,0,0,🚧,SPT,0,0
1989-04-21,GB,NBA JAM トーナメントエディション,0,0,🚧,SPT,0,0
1989-04-21,GB,ジャッジ・ドレッド,0,0,🚧,ACT,0,0
1989-04-21,GB,バットマン フォーエバー,0,0,🚧,ACT,0,0
1989-04-21,GB,フォアマン フォー リアル,0,0,🚧,SPT,0,0
1989-04-21,GB,魔法騎士レイアース 2nd ミッシングカラーズ,0,0,🚧,RPG,0,0
1989-04-21,GB,Jリーグ ビックウェイブサッカー,0,0,🚧,SPT,0,0
1989-04-21,GB,NINKU -忍空- 忍空戦争編,0,0,🚧,ETC,0,0
1989-04-21,GB,ウェディングピーチ じゃ魔ピーパニック,0,0,🚧,PZL,0,0
1989-04-21,GB,カービィのブロックボール,0,0,🚧,ACT,0,0
1989-04-21,GB,P-マンGB,0,0,🚧,ACT,0,0
1989-04-21,GB,東京ディズニーランド ミッキーのシンデレラ城ミステリーツアー,0,0,🚧,ACT,0,0
1989-04-21,GB,忍たま乱太郎GB,0,0,🚧,RPG,0,0
1989-04-21,GB,ブロックくずしGB,0,0,🚧,ACT,0,0
1989-04-21,GB,ポケットモンスター　赤,0,0,🚧,RPG,0,0
1989-04-21,GB,ポケットモンスター　緑,0,0,🚧,RPG,0,0
1989-04-21,GB,くまのプー太郎 宝さがしだ大入りゲームバトル,0,0,🚧,ETC,0,0
1989-04-21,GB,熱闘 闘神伝,0,0,🚧,FTG,0,0
1989-04-21,GB,熱闘 ザ・キング・オブ・ファイターズ'95,0,0,🚧,FTG,0,0
1989-04-21,GB,連珠倶楽部 五目ならべ,0,0,🚧,TBL,0,0
1989-04-21,GB,バスフィッシング達人手帳,0,0,🚧,SPT,0,0
1989-04-21,GB,ナムコギャラリーvol.1,0,0,🚧,ETC,0,0
1989-04-21,GB,ボンバーマンコレクション,0,0,🚧,ACT,0,0
1989-04-21,GB,モグラーニャ,0,0,🚧,PZL,0,0
1989-04-21,GB,桃太郎コレクション,0,0,🚧,ETC,0,0
1989-04-21,GB,熱闘 サムライスピリッツ 斬九郎無双剣,0,0,🚧,FTG,0,0
1989-04-21,GB,スーパーチャイニーズランド1・2・3,0,0,🚧,ETC,0,0
1989-04-21,GB,SD飛龍の拳外伝2,0,0,🚧,FTG,0,0
1989-04-21,GB,ストリートレーサー,0,0,🚧,RCG,0,0
1989-04-21,GB,スポーツコレクション,0,0,🚧,SPT,0,0
1989-04-21,GB,ポケットモンスター　青,0,0,🚧,RPG,0,0
1989-04-21,GB,ピクロス2,0,0,🚧,PZL,0,0
1989-04-21,GB,ヨッシーのパネポン,0,0,🚧,PZL,0,0
1989-04-21,GB,パズル忍たま乱太郎,0,0,🚧,PZL,0,0
1989-04-21,GB,原人コレクション,0,0,🚧,ACT,0,0
1989-04-21,GB,不思議のダンジョン 風来のシレンGB～月影村の怪物～,0,0,🚧,RPG,0,0
1989-04-21,GB,ドンキーコングランド,0,0,🚧,ACT,0,0
1989-04-21,GB,ナムコギャラリーvol.2,0,0,🚧,ETC,0,0
1989-04-21,GB,パチ夫くん ゲームギャラリー,0,0,🚧,ETC,0,0
1989-04-21,GB,クレヨンしんちゃん オラのごきげんコレクション,0,0,🚧,ACT,0,0
1989-04-21,GB,ボンバーマンGB3,0,0,🚧,ACT,0,0
1989-04-21,GB,桃太郎コレクション2,0,0,🚧,ETC,0,0
1989-04-21,GB,ゲゲゲの鬼太郎 妖怪創造主現る!,0,0,🚧,RPG,0,0
1989-04-21,GB,ぽけっとぷよぷよ通,0,0,🚧,PZL,0,0
1989-04-21,GB,合格ボーイシリーズ 英単語ターゲット1900,0,0,🚧,ETC,0,0
1989-04-21,GB,スヌーピーのはじめてのおつかい,0,0,🚧,PZL,0,0
1989-04-21,GB,みどりのマキバオー,0,0,🚧,ACT,0,0
1989-04-21,GB,テトリスプラス,0,0,🚧,PZL,0,0
1989-04-21,GB,ミニ4ボーイ,0,0,🚧,SLG,0,0
1989-04-21,GB,名探偵コナン 地下遊園地殺人事件,0,0,🚧,ADV,0,0
1989-04-21,GB,スーパーチャイニーズファイターGB,0,0,🚧,ACT,0,0
1989-04-21,GB,スーパーブラックバスポケット,0,0,🚧,SPT,0,0
1989-04-21,GB,合格ボーイシリーズ セットで覚える 日本史ターゲット201,0,0,🚧,ETC,0,0
1989-04-21,GB,カービィのきらきらきっず,0,0,🚧,PZL,0,0
1989-04-21,GB,ズープ,0,0,🚧,PZL,0,0
1989-04-21,GB,ゲームボーイギャラリー,0,0,🚧,ACT,0,0
1989-04-21,GB,チャルボ55 SUPER PUZZLE ACTION,0,0,🚧,RPG,0,0
1989-04-21,GB,タイトーバラエティパック,0,0,🚧,ETC,0,0
1989-04-21,GB,合格ボーイシリーズ 大学入試出る順 英熟語ターゲット1000,0,0,🚧,ETC,0,0
1989-04-21,GB,セームゲーム,0,0,🚧,PZL,0,0
1989-04-21,GB,ドラえもんのスタディボーイ1 小一こぐご・かん字,0,0,🚧,ETC,0,0
1989-04-21,GB,ドラえもんのスタディボーイ2 小一さんすう・けいさん,0,0,🚧,ETC,0,0
1989-04-21,GB,ミニ四駆GB Let's＆Go!!,0,0,🚧,SLG,0,0
1989-04-21,GB,ドラえもんのスタディボーイ4 小二国語・かん字,0,0,🚧,ETC,0,0
1989-04-21,GB,ドラえもんのスタディボーイ5 小二算数・計算,0,0,🚧,ETC,0,0
1989-04-21,GB,スーパーブラックバスポケット2,0,0,🚧,SPT,0,0
1989-04-21,GB,ゲームで発見!!たまごっち,0,0,🚧,SLG,0,0
1989-04-21,GB,ゲームボーイウォーズTURBO,0,0,🚧,SLG,0,0
1989-04-21,GB,合格ボーイシリーズ 高校入試でる順 中学英単語1700,0,0,🚧,ETC,0,0
1989-04-21,GB,Z会合格ボーイシリーズ Z会究極の英単語1500,0,0,🚧,ETC,0,0
1989-04-21,GB,ゲームで発見!!たまごっち ピンクなTAMAGOTCHセット,0,0,🚧,SLG,0,0
1989-04-21,GB,スーパービーダマン ファイティングフェニックス,0,0,🚧,ACT,0,0
1989-04-21,GB,それゆけ!キッド,0,0,🚧,ACT,0,0
1989-04-21,GB,ポケットラブ,0,0,🚧,SLG,0,0
1989-04-21,GB,ナムコギャラリーvol.3,0,0,🚧,ETC,0,0
1989-04-21,GB,ポケット麻雀,0,0,🚧,TBL,0,0
1989-04-21,GB,合格ボーイシリーズ 高校入試出る順 中学英熟語3500,0,0,🚧,ETC,0,0
1989-04-21,GB,名作シリーズ 三国志ゲームボーイ版,0,0,🚧,SLG,0,0
1989-04-21,GB,名作シリーズ 信長の野望ゲームボーイ版,0,0,🚧,SLG,0,0
1989-04-21,GB,熱闘ザ・キング・オブ・ファイターズ'96,0,0,🚧,FTG,0,0
1989-04-21,GB,THE GAME OF LIFE人生ゲーム（廉価版）,0,0,🚧,TBL,0,0
1989-04-21,GB,マッハGoGoGo,0,0,🚧,RCG,0,0
1989-04-21,GB,ディノブリーダー,0,0,🚧,SLG,0,0
1989-04-21,GB,マネーアイドルエクスチェンジャー,0,0,🚧,PZL,0,0
1989-04-21,GB,合格ボーイシリーズ 高校入試“でる順” 漢字問題の征服,0,0,🚧,ETC,0,0
1989-04-21,GB,川のぬし釣り3,0,0,🚧,RPG,0,0
1989-04-21,GB,コナミGBコレクションvol.1,0,0,🚧,ETC,0,0
1989-04-21,GB,合格ボーイシリーズ 「解体英熟語」完全準拠 Z会究極の英熟語1017,0,0,🚧,ETC,0,0
1989-04-21,GB,おやつクイズ もぐもぐQ THE QUIZ GAME,0,0,🚧,TBL,0,0
1989-04-21,GB,カードゲーム（ハッピープライス）,0,0,🚧,TBL,0,0
1989-04-21,GB,シーザースパレス（ハッピープライス）,0,0,🚧,TBL,0,0
1989-04-21,GB,フェラーリ（ハッピープライス）,0,0,🚧,RCG,0,0
1989-04-21,GB,ミニ4ボーイ2 ファイナルエボリューション,0,0,🚧,RCG,0,0
1989-04-21,GB,ワールドカップストライカー（ハッピープライス）,0,0,🚧,SPT,0,0
1989-04-21,GB,合格ボーイシリーズ 高校入試 歴史年代あんきポイント240,0,0,🚧,ETC,0,0
1989-04-21,GB,ゲームボーイギャラリー2,0,0,🚧,ETC,0,0
1989-04-21,GB,合格ボーイシリーズ 高校入試 理科あんきポイント250,0,0,🚧,ETC,0,0
1989-04-21,GB,スーパーボンブリス（再版）,0,0,🚧,PZL,0,0
1989-04-21,GB,あにまるぶりーだー,0,0,🚧,SLG,0,0
1989-04-21,GB,ゲームで発見!!たまごっち2,0,0,🚧,SLG,0,0
1989-04-21,GB,プリクラポケット 不完全女子高校性マニュアル,0,0,🚧,ADV,0,0
1989-04-21,GB,合格ボーイシリーズ よく使われる 英検2級レベルの会話表現333,0,0,🚧,ETC,0,0
1989-04-21,GB,コレクションポケット,0,0,🚧,ETC,0,0
1989-04-21,GB,悪魔城ドラキュラ～漆黒たる前奏曲～,0,0,🚧,ACT,0,0
1989-04-21,GB,会合格ボーイシリーズ 「解体英語構文」完全準拠 Z会究極の英語構文285,0,0,🚧,ETC,0,0
1989-04-21,GB,トランプコレクション,0,0,🚧,TBL,0,0
1989-04-21,GB,メダロット（カブトバージョン）,0,0,🚧,RPG,0,0
1989-04-21,GB,メダロット（クワガタバージョン）,0,0,🚧,RPG,0,0
1989-04-21,GB,プリクラポケット2 彼氏改造大作戦,0,0,🚧,SLG,0,0
1989-04-21,GB,ドラえもんのスタディボーイ3 九九マスター,0,0,🚧,ETC,0,0
1989-04-21,GB,がんばれゴエモン～黒船党の謎～,0,0,🚧,ACT,0,0
1989-04-21,GB,サンリオうらないパーティ,0,0,🚧,ETC,0,0
1989-04-21,GB,コナミGBコレクションvol.2,0,0,🚧,ETC,0,0
1989-04-21,GB,ポケットボンバーマン,0,0,🚧,ACT,0,0
1989-04-21,GB,超魔神英雄伝ワタル まぜっこモンスター,0,0,🚧,SLG,0,0
1989-04-21,GB,カラムー町の大事件,0,0,🚧,ACT,0,0
1989-04-21,GB,スタースイープ,0,0,🚧,PZL,0,0
1989-04-21,GB,バックスバニー コレクション,0,0,🚧,ACT,0,0
1989-04-21,GB,牧場物語GB,0,0,🚧,SLG,0,0
1989-04-21,GB,パチスロキッズ（ハッピープライス）,0,0,🚧,ETC,0,0
1989-04-21,GB,パチスロキッズ2（ハッピープライス）,0,0,🚧,ETC,0,0
1989-04-21,GB,ドラえもんのスタディボーイ6 学習漢字マスター1006,0,0,🚧,ETC,0,0
1989-04-21,GB,ポケット漢字郎,0,0,🚧,ETC,0,0
1989-04-21,GB,ゲームで発見!!たまごっち オスっちとメスっち,0,0,🚧,SLG,0,0
1989-04-21,GB,ニューチェスマスター,0,0,🚧,TBL,0,0
1989-04-21,GB,合格ボーイシリーズ 学研 慣用句・ことわざ210,0,0,🚧,ETC,0,0
1989-04-21,GB,合格ボーイシリーズ 学研 小学校高学年レベル 入試に出た要点 ランク順 四字熟語288,0,0,🚧,ETC,0,0
1989-04-21,GB,コナミGBコレクションvol.3,0,0,🚧,ETC,0,0
1989-04-21,GB,NAVY BLUE98,0,0,🚧,SLG,0,0
1989-04-21,GB,ポケットカメラ,0,0,🚧,ETC,0,0
1989-04-21,GB,ネクタリスGB,0,0,🚧,SLG,0,0
1989-04-21,GB,ポケットキョロちゃん,0,0,🚧,ADV,0,0
1989-04-21,GB,大貝獣物語 ザ・ミラクル・オブ・ザ・ゾーン,0,0,🚧,TBL,0,0
1989-04-21,GB,もんすたあ★レース,0,0,🚧,RPG,0,0
1989-04-21,GB,頭文字D外伝,0,0,🚧,RCG,0,0
1989-04-21,GB,パチンコCR大工の源さんGB,0,0,🚧,ETC,0,0
1989-04-21,GB,ポケットラブ2,0,0,🚧,SLG,0,0
1989-04-21,GB,コナミGBコレクションvol.4,0,0,🚧,ETC,0,0
1989-04-21,GB,合格ボーイシリーズ Z会<例文で覚える>中学英単語1132,0,0,🚧,ETC,0,0
1989-04-21,GB,カンヅメモンスター,0,0,🚧,SLG,0,0
1989-04-21,GB,ドラえもんカート,0,0,🚧,RCG,0,0
1989-04-21,GB,メダロット パーツコレクション,0,0,🚧,RPG,0,0
1989-04-21,GB,合格ボーイシリーズ 山川 一問一答 世界史B用語問題集,0,0,🚧,ETC,0,0
1989-04-21,GB,ゴッドメディスン復刻版,0,0,🚧,RPG,0,0
1989-04-21,GB,パワプロGB,0,0,🚧,SPT,0,0
1989-04-21,GB,熱闘 リアルバウト餓狼伝説スペシャル,0,0,🚧,FTG,0,0
1989-04-21,GB,パズルボブルGB,0,0,🚧,PZL,0,0
1989-04-21,GB,合格ボーイシリーズ 桐原書店 頻出英文法・語法問題1000,0,0,🚧,ETC,0,0
1989-04-21,GB,合格ボーイシリーズ 山川 一問一答 新課程 日本史B用語問題集,0,0,🚧,ETC,0,0
1989-04-21,GB,ポケットバスフィッシング,0,0,🚧,SPT,0,0
1989-04-21,GB,SELECTION I＆II 選ばれし者＆暗黒の封印,0,0,🚧,RPG,0,0
1989-04-21,GB,あにまるぶりーだー2,0,0,🚧,SLG,0,0
1989-04-21,GB,日本代表チーム 栄光のイレブン,0,0,🚧,SPT,0,0
1989-04-21,GB,メダロット パーツコレクション2,0,0,🚧,RPG,0,0
1989-04-21,GB,合格ボーイシリーズ 学研 小学校高学年レベル 入試に出た要点 ランク順 歴史512,0,0,🚧,ETC,0,0
1989-04-21,GB,ワールドサッカーGB,0,0,🚧,SPT,0,0
1989-04-21,GB,ディノブリーダー2,0,0,🚧,SLG,0,0
1989-04-21,GB,ミニ四駆GB Let's＆Go!! オールスターバトルMAX,0,0,🚧,SLG,0,0
1989-04-21,GB,忍たま乱太郎GB 絵あわせチャレンジパズル,0,0,🚧,PZL,0,0
1989-04-21,GB,合格ボーイシリーズ ■いアタマを●くする。数字で遊ぼう算数編,0,0,🚧,ETC,0,0
1989-04-21,GB,いつでも!にゃんとワンダフル,0,0,🚧,SLG,0,0
1989-04-21,GB,日刊べるとも倶楽部,0,0,🚧,SLG,0,0
1989-04-21,GB,日本代表フランスでがんばれ!Jリーグサポーターサッカー,0,0,🚧,SPT,0,0
1989-04-21,GB,高気圧ボーイ,0,0,🚧,TBL,0,0
1989-04-21,GB,合格ボーイシリーズ 99年度版 英単語センター1500,0,0,🚧,ETC,0,0
1989-04-21,GB,GO!GO!ヒッチハイク,0,0,🚧,TBL,0,0
1989-04-21,GB,海のぬし釣り2,0,0,🚧,RPG,0,0
1989-04-21,GB,化石創世リボーン,0,0,🚧,RPG,0,0
1989-04-21,GB,グランダー武蔵RV,0,0,🚧,SPT,0,0
1989-04-21,GB,東京ディズニーランド ファンタジーツアー,0,0,🚧,ETC,0,0
1989-04-21,GB,爆釣列伝 翔～ハイパーバスフィッシング～,0,0,🚧,SPT,0,0
1989-04-21,GB,魚群探知機 ポケットソナー,0,0,🚧,ETC,0,0
1989-04-21,GB,ブレインドレイン,0,0,🚧,PZL,0,0
1989-04-21,GB,早押しクイズ～王座決定戦～,0,0,🚧,TBL,0,0
1989-04-21,GB,桃太郎電鉄jr. 全国ラーメンめぐりの旅,0,0,🚧,TBL,0,0
1989-04-21,GB,上海 Pocket,0,0,🚧,PZL,0,0
1989-04-21,GB,上海 Pocket カラー,0,0,🚧,PZL,0,0
1989-04-21,GB,テュロック～バイオノザウルスの戦い～,0,0,🚧,ACT,0,0
1989-04-21,GB,超魔神英雄伝ワタル まぜっこモンスター2,0,0,🚧,SLG,0,0
1989-04-21,GB,名探偵コナン 疑惑の豪華列車,0,0,🚧,ADV,0,0
1989-04-21,GB,ポケットファミリーGB,0,0,🚧,SLG,0,0
1989-04-21,GB,昆虫博士,0,0,🚧,SLG,0,0
1989-04-21,GB,ポケット将棋,0,0,🚧,TBL,0,0
1989-04-21,GB,モータルコンバット＆モータルコンバット2,0,0,🚧,FTG,0,0
1989-04-21,GB,釣り先生,0,0,🚧,RPG,0,0
1989-04-21,GB,ポケットモンスター　ピカチュウ,0,0,🚧,RPG,0,0
1989-04-21,GB,超速スピナー,0,0,🚧,ACT,0,0
1989-04-21,GB,ドラゴンクエストモンスターズ　テリーのワンダーランド,0,0,🚧,RPG,0,0
1989-04-21,GB,ポケットゴルフ,0,0,🚧,SPT,0,0
1989-04-21,GB,もんすたあ★レース おかわり,0,0,🚧,RPG,0,0
1989-04-21,GB,爆釣 リトリーブマスター,0,0,🚧,RPG,0,0
1989-04-21,GB,新競馬貴族ポケットジョッキー,0,0,🚧,SLG,0,0
1989-04-21,GB,グローカルヘキサイト,0,0,🚧,TBL,0,0
1989-04-21,GB,テトリスデラックス,0,0,🚧,PZL,0,0
1989-04-21,GB,ワリオランド2 盗まれた財宝,0,0,🚧,ACT,0,0
1989-04-21,GB,ポケットボウリング GB,0,0,🚧,SPT,0,0
1989-04-21,GB,ポケット電車,0,0,🚧,SLG,0,0
1989-04-21,GB,詰め将棋 廉価版,0,0,🚧,TBL,0,0
1989-04-21,GB,本格将棋 将棋王,0,0,🚧,TBL,0,0
1989-04-21,GB,ゲームボーイウォーズ2,0,0,🚧,SLG,0,0
1989-04-21,GB,サンリオタイムネット 過去編,0,0,🚧,RPG,0,0
1989-04-21,GB,サンリオタイムネット 未来編,0,0,🚧,RPG,0,0
1989-04-21,GB,スーパーブラックバス ポケット3 スターフィッシュ 釣り,0,0,🚧,SPT,0,0
1989-04-21,GB,ドラえもんのGAMEBOYであそぼうよデラックス10,0,0,🚧,ETC,0,0
1989-04-21,GB,ぽけっとぷよぷよSUN,0,0,🚧,PZL,0,0
1989-04-21,GB,激闘パワーモデラー,0,0,🚧,FTG,0,0
1989-04-21,GB,ロボットポンコッツ（星バージョン）,0,0,🚧,RPG,0,0
1989-04-21,GB,ロボットポンコッツ（太陽バージョン）,0,0,🚧,RPG,0,0
1989-04-21,GB,カラムー町は大さわぎ!～ポリンキーズとおかしな仲間たち～,0,0,🚧,ACT,0,0
1989-04-21,GB,ゲームボーイモノポリー,0,0,🚧,TBL,0,0
1989-04-21,GB,バーコード対戦 バーディガン,0,0,🚧,RPG,0,0
1989-04-21,GB,ロードス島戦記-英雄騎士伝-,0,0,🚧,TBL,0,0
1989-04-21,GB,ゼルダの伝説 夢をみる島DX,0,0,🚧,RPG,0,0
1989-04-21,GB,フェアリーキティの開運辞典～妖精の国の占い修行～,0,0,🚧,ETC,0,0
1989-04-21,GB,遊戯王デュエルモンスターズ,0,0,🚧,TBL,0,0
1989-04-21,GB,ポケットカラー ブロック,0,0,🚧,ACT,0,0
1989-04-21,GB,ザ・首都高レーシング,0,0,🚧,RCG,0,0
1989-04-21,GB,プリクラポケット3～タレントデビュー大作戦,0,0,🚧,ETC,0,0
1989-04-21,GB,ポケモンカードGB,0,0,🚧,TBL,0,0
1989-04-21,GB,麻雀クエスト,0,0,🚧,TBL,0,0
1989-04-21,GB,ボンバーマンクエスト,0,0,🚧,RPG,0,0
1989-04-21,GB,合格ボーイシリーズ 「読み解き古文単語」準拠 Z会<例文で覚える> 究極の古文単語 ～古文知識・文法基礎入り～,0,0,🚧,ETC,0,0
1989-04-21,GB,小島武夫・灘麻太郎の実践麻雀教室,0,0,🚧,TBL,0,0
1989-04-21,GB,バーディガン ライトバージョン 限定スペシャルBOX!,0,0,🚧,RPG,0,0
1989-04-21,GB,がんばれゴエモン 天狗党の逆襲,0,0,🚧,RPG,0,0
1989-04-21,GB,Pachinko Data Card ちょ～あたる君,0,0,🚧,ETC,0,0
1989-04-21,GB,Bビーダマン爆外伝～ビクトリーへのみち～,0,0,🚧,RPG,0,0
1989-04-21,GB,バックスバニー クレイジーキャッスル3,0,0,🚧,ACT,0,0
1989-04-21,GB,ときめきメモリアルPOCKET カルチャー編～木漏れ日のメロディ～,0,0,🚧,SLG,0,0
1989-04-21,GB,ときめきメモリアルPOCKET スポーツ編～校庭のフォトグラフ～,0,0,🚧,SLG,0,0
1989-04-21,GB,化石創世リボーン2～モンスターディガー～,0,0,🚧,RPG,0,0
1989-04-21,GB,ウィザードリィ外伝1[復刻版],0,0,🚧,RPG,0,0
1989-04-21,GB,ウィザードリィ外伝2[復刻版],0,0,🚧,RPG,0,0
1989-04-21,GB,ウィザードリィ外伝3[復刻版],0,0,🚧,RPG,0,0
1989-04-21,GB,本格四人打ち麻雀 麻雀王,0,0,🚧,TBL,0,0
1989-04-21,GB,ハムスターパラダイス,0,0,🚧,SLG,0,0
1989-04-21,GB,ポヨンのダンジョンルーム,0,0,🚧,RPG,0,0
1989-04-21,GB,ROX 6=Six,0,0,🚧,PZL,0,0
1989-04-21,GB,ビートマニアGB,0,0,🚧,ETC,0,0
1989-04-21,GB,合格ボーイシリーズ ■いアタマを●くする。算数バトル編,0,0,🚧,ETC,0,0
1989-04-21,GB,おはスタ　やまちゃん＆レイモンド,0,0,🚧,PZL,0,0
1989-04-21,GB,ドラえもんカート2,0,0,🚧,RCG,0,0
1989-04-21,GB,もんすたあ★レース2,0,0,🚧,RPG,0,0
1989-04-21,GB,王ドロボウJING エンジェル,0,0,🚧,RPG,0,0
1989-04-21,GB,王ドロボウJING デビル,0,0,🚧,RPG,0,0
1989-04-21,GB,甲子園ポケット,0,0,🚧,SPT,0,0
1989-04-21,GB,プロ麻雀 極GB2,0,0,🚧,TBL,0,0
1989-04-21,GB,決闘ビーストウォーズ ビースト戦士最強決定戦,0,0,🚧,FTG,0,0
1989-04-21,GB,女神転生外伝 ラストバイブル,0,0,🚧,RPG,0,0
1989-04-21,GB,将棋2,0,0,🚧,TBL,0,0
1989-04-21,GB,大貝獣物語 ザ・ミラクル・オブ・ザ・ゾーン2,0,0,🚧,TBL,0,0
1989-04-21,GB,クイクイ,0,0,🚧,SLG,0,0
1989-04-21,GB,バーガーバーガーポケット,0,0,🚧,TBL,0,0
1989-04-21,GB,パワプロクンポケット,0,0,🚧,SPT,0,0
1989-04-21,GB,ポケット電車2,0,0,🚧,SLG,0,0
1989-04-21,GB,ゲームボーイギャラリー3,0,0,🚧,ACT,0,0
1989-04-21,GB,加藤一二三 九段の 将棋教室,0,0,🚧,TBL,0,0
1989-04-21,GB,信長の野望ゲームボーイ版2,0,0,🚧,SLG,0,0
1989-04-21,GB,ポケモンピンボール,0,0,🚧,TBL,0,0
1989-04-21,GB,チェックメイト,0,0,🚧,TBL,0,0
1989-04-21,GB,女神転生外伝 ラストバイブル2,0,0,🚧,RPG,0,0
1989-04-21,GB,ゴルフDEおはスタ,0,0,🚧,SPT,0,0
1989-04-21,GB,トップギア・ポケット,0,0,🚧,RCG,0,0
1989-04-21,GB,プチカラット,0,0,🚧,PZL,0,0
1989-04-21,GB,リアルプロ野球! セントラルリーグ編,0,0,🚧,SPT,0,0
1989-04-21,GB,リアルプロ野球! パシフィックリーグ編,0,0,🚧,SPT,0,0
1989-04-21,GB,人生ゲーム 友達たくさんつくろうよ!,0,0,🚧,TBL,0,0
1989-04-21,GB,ディノブリーダー3～ガイア復活～,0,0,🚧,RPG,0,0
1989-04-21,GB,パズルコレクション ハローキティのマジカルミュージアム,0,0,🚧,PZL,0,0
1989-04-21,GB,ポケットGIステイブル,0,0,🚧,SLG,0,0
1989-04-21,GB,花さか天使テンテンくんのビートブレイカー,0,0,🚧,PZL,0,0
1989-04-21,GB,パチパチパチス郎～ニューパルサー編～,0,0,🚧,TBL,0,0
1989-04-21,GB,SD飛龍の拳外伝EX,0,0,🚧,ACT,0,0
1989-04-21,GB,IT'sワールドラリー,0,0,🚧,RCG,0,0
1989-04-21,GB,カードキャプターさくら～いつもさくらちゃんといっしょ～,0,0,🚧,SLG,0,0
1989-04-21,GB,カンヅメモンスターパフェ,0,0,🚧,SLG,0,0
1989-04-21,GB,ピットフォールGB,0,0,🚧,ACT,0,0
1989-04-21,GB,学級王ヤマザキ ゲームボーイ版,0,0,🚧,SLG,0,0
1989-04-21,GB,漢字BOY,0,0,🚧,ETC,0,0
1989-04-21,GB,パチンコCRモーレツ原始人T,0,0,🚧,ETC,0,0
1989-04-21,GB,ポケット花札,0,0,🚧,TBL,0,0
1989-04-21,GB,ルーカのパズルで大冒険,0,0,🚧,PZL,0,0
1989-04-21,GB,サバイバルキッズ～孤島の冒険者,0,0,🚧,RPG,0,0
1989-04-21,GB,あにまるぶり～だ～3,0,0,🚧,RPG,0,0
1989-04-21,GB,ワールドサッカーGB2,0,0,🚧,SPT,0,0
1989-04-21,GB,坂田吾朗 九段の連珠教室,0,0,🚧,TBL,0,0
1989-04-21,GB,ハイパーオリンピックシリーズ　トラック＆フィールドGB,0,0,🚧,SPT,0,0
1989-04-21,GB,遊戯王デュエルモンスターズ２　闇界決闘記,0,0,🚧,TBL,0,0
1989-04-21,GB,プロ麻雀「兵」GB,0,0,🚧,TBL,0,0
1989-04-21,GB,合格ボーイシリーズ ■いアタマを●くする。社会バトル編,0,0,🚧,ETC,0,0
1989-04-21,GB,ゴルフ王,0,0,🚧,SPT,0,0
1989-04-21,GB,川のぬし釣り4,0,0,🚧,RPG,0,0
1989-04-21,GB,パズルコレクション ハローキティのビーズ工房,0,0,🚧,PZL,0,0
1989-04-21,GB,スパイVSスパイ,0,0,🚧,ACT,0,0
1989-04-21,GB,ドラえもん あるけあるけラビリンス,0,0,🚧,ACT,0,0
1989-04-21,GB,ポケットルアーボーイ,0,0,🚧,RPG,0,0
1989-04-21,GB,メダロット2（カブトバージョン）,0,0,🚧,RPG,0,0
1989-04-21,GB,メダロット2（クワガタバージョン）,0,0,🚧,RPG,0,0
1989-04-21,GB,昆虫博士2,0,0,🚧,RPG,0,0
1989-04-21,GB,次世代ベーゴマバトル ベイブレード,0,0,🚧,RPG,0,0
1989-04-21,GB,釣り先生2,0,0,🚧,RPG,0,0
1989-04-21,GB,無頼戦士カラー,0,0,🚧,SHT,0,0
1989-04-21,GB,ジェムジェムモンスター,0,0,🚧,RPG,0,0
1989-04-21,GB,チョロQカスタマブルGB,0,0,🚧,RCG,0,0
1989-04-21,GB,三国志ゲームボーイ版2,0,0,🚧,SLG,0,0
1989-04-21,GB,アザーライフ アザードリームスGB,0,0,🚧,RPG,0,0
1989-04-21,GB,ポケットファミリーGB2,0,0,🚧,SLG,0,0
1989-04-21,GB,牧場物語GB2,0,0,🚧,SLG,0,0
1989-04-21,GB,マリオゴルフGB,0,0,🚧,SPT,0,0
1989-04-21,GB,Get虫'倶楽部 みんなの昆虫大図鑑,0,0,🚧,ETC,0,0
1989-04-21,GB,JリーグエキサイトステージGB,0,0,🚧,SPT,0,0
1989-04-21,GB,シャドウゲイトリターン,0,0,🚧,ADV,0,0
1989-04-21,GB,ぷよぷよ外伝 ぷよウォーズ,0,0,🚧,SLG,0,0
1989-04-21,GB,バックギャモン,0,0,🚧,TBL,0,0
1989-04-21,GB,まじょっコマリちゃんのきせかえ物語,0,0,🚧,ETC,0,0
1989-04-21,GB,ぐるぐるガラクターズ,0,0,🚧,RPG,0,0
1989-04-21,GB,テュロック2 ～時空戦士～,0,0,🚧,ACT,0,0
1989-04-21,GB,かわいいペットショップ物語,0,0,🚧,RPG,0,0
1989-04-21,GB,ドラゴンクエスト１・２,0,0,🚧,RPG,0,0
1989-04-21,GB,合格ボーイシリーズ ■いアタマを●くする。国語バトル編,0,0,🚧,ETC,0,0
1989-04-21,GB,フロントロウ,0,0,🚧,RCG,0,0
1989-04-21,GB,スーパーロボット大戦　リンクバトラー,0,0,🚧,SLG,0,0
1989-04-21,GB,オセロミレニアム,0,0,🚧,TBL,0,0
1989-04-21,GB,スーパーリアルフィッシング,0,0,🚧,SPT,0,0
1989-04-21,GB,格闘料理伝説ビストロレシピ 激闘フードバトル編,0,0,🚧,RPG,0,0
1989-04-21,GB,V-RALLY チャンピオンシップエディション,0,0,🚧,RCG,0,0
1989-04-21,GB,シルバニアファミリー～おとぎの国のペンダント～,0,0,🚧,ADV,0,0
1989-04-21,GB,ディジャブ1＆2 The Casebooks of Ace Harding,0,0,🚧,ADV,0,0
1989-04-21,GB,ポケットGT,0,0,🚧,RCG,0,0
1989-04-21,GB,銃鋼戦記バレットバトラー,0,0,🚧,RPG,0,0
1989-04-21,GB,アクアライフ,0,0,🚧,SLG,0,0
1989-04-21,GB,クイックスアドベンチャー,0,0,🚧,PZL,0,0
1989-04-21,GB,夜光虫GB,0,0,🚧,SLG,0,0
1989-04-21,GB,ウィザードリィ エンパイア,0,0,🚧,RPG,0,0
1989-04-21,GB,ウェットリスGB,0,0,🚧,PZL,0,0
1989-04-21,GB,ゴルフだいすき! Let's Play GOLF,0,0,🚧,SPT,0,0
1989-04-21,GB,ハムスター倶楽部,0,0,🚧,SLG,0,0
1989-04-21,GB,メダロット2 パーツコレクション,0,0,🚧,RPG,0,0
1989-04-21,GB,合格ボーイシリーズ ■いアタマを●くする。理科バトル編,0,0,🚧,ETC,0,0
1989-04-21,GB,コラムスGB～手塚キャラクターズ～,0,0,🚧,PZL,0,0
1989-04-21,GB,R-TYPE DX,0,0,🚧,SHT,0,0
1989-04-21,GB,テトリスアドベンチャー すすめミッキーと仲間たち,0,0,🚧,PZL,0,0
1989-04-21,GB,ポケットモンスター　金,0,0,🚧,RPG,0,0
1989-04-21,GB,ポケットモンスター　銀,0,0,🚧,RPG,0,0
1989-04-21,GB,ビートマニアGB2 ガッチャミックス,0,0,🚧,ETC,0,0
1989-04-21,GB,筋肉番付GB ～挑戦者はキミだ！～,0,0,🚧,ETC,0,0
1989-04-21,GB,リトルマジック,0,0,🚧,ACT,0,0
1989-04-21,GB,ザ・グレイトバトル POCKET,0,0,🚧,TBL,0,0
1989-04-21,GB,それいけ！アンパンマン 不思議なニコニコアルバム,0,0,🚧,ETC,0,0
1989-04-21,GB,スーパーボンブリス DX,0,0,🚧,PZL,0,0
1989-04-21,GB,グランデュエル ～深きダンジョンの秘宝～,0,0,🚧,RPG,0,0
1989-04-21,GB,スーパーブラックバス～リアル・ファイト～,0,0,🚧,SPT,0,0
1989-04-21,GB,みんなの将棋 -初級編-,0,0,🚧,TBL,0,0
1989-04-21,GB,格闘料理伝説ビストロレシピ～決闘★ビストガルム編～,0,0,🚧,RPG,0,0
1989-04-21,GB,電車でGO！,0,0,🚧,SLG,0,0
1989-04-21,GB,がんばれゴエモン～もののけ道中 飛び出せ鍋奉行！～,0,0,🚧,RPG,0,0
1989-04-21,GB,スウィートアンジェ,0,0,🚧,ETC,0,0
1989-04-21,GB,トップギア・ポケット2,0,0,🚧,RCG,0,0
1989-04-21,GB,ポケットカラー 麻雀,0,0,🚧,TBL,0,0
1989-04-21,GB,ボンバーマンMAX -闇の戦士-,0,0,🚧,ACT,0,0
1989-04-21,GB,ボンバーマンMAX -光の勇者-,0,0,🚧,ACT,0,0
1989-04-21,GB,女流雀士に挑戦GB ～私達に挑戦してネ！,0,0,🚧,TBL,0,0
1989-04-21,GB,パチンコ必勝ガイド データの王様,0,0,🚧,TBL,0,0
1989-04-21,GB,飛龍の拳 烈伝ＧＢ,0,0,🚧,ACT,0,0
1989-04-21,GB,ポケットカラー トランプ,0,0,🚧,TBL,0,0
1989-04-21,GB,ハリウッドピンボール,0,0,🚧,TBL,0,0
1989-04-21,GB,踊る天才ペット！ Dancing Furby,0,0,🚧,ETC,0,0
1989-04-21,GB,スーパーチャイニーズファイターEX,0,0,🚧,ACT,0,0
1989-04-21,GB,ポケットカラー ビリヤード,0,0,🚧,TBL,0,0
1989-04-21,GB,モンスターファームバトルカードGB,0,0,🚧,SLG,0,0
1989-04-21,GB,ロボットポンコッツ 月バージョン,0,0,🚧,RPG,0,0
1989-04-21,GB,爆走戦記メタルウォーカーGB～鋼鉄の友情～,0,0,🚧,RPG,0,0
1989-04-21,GB,機動戦艦ナデシコ ルリルリ麻雀,0,0,🚧,TBL,0,0
1989-04-21,GB,倉庫番伝説 光と闇の国,0,0,🚧,PZL,0,0
1989-04-21,GB,おわらいよゐこのげえむ道～オヤジ探して三丁目～,0,0,🚧,AVG,0,0
1989-04-21,GB,ダフィーダック すべってころんで大金持ち,0,0,🚧,ACT,0,0
1989-04-21,GB,エリーのアトリエGB～ザールブルグの妖精錬金術師,0,0,🚧,RPG,0,0
1989-04-21,GB,マリーのアトリエGB～ザールブルグの妖精錬金術師,0,0,🚧,RPG,0,0
1989-04-21,GB,ジャックの大冒険 ～大魔王の逆襲～,0,0,🚧,RPG,0,0
1989-04-21,GB,ハイパーオリンピックウィンター2000,0,0,🚧,SPT,0,0
1989-04-21,GB,ドンキーコングGB ディンキーコング＆ディクシーコング,0,0,🚧,ACT,0,0
1989-04-21,GB,なかよしペットシリーズ1 かわいいハムスター,0,0,🚧,SLG,0,0
1989-04-21,GB,Bビーダマン爆外伝V ファイナル・メガ・チューン,0,0,🚧,RPG,0,0
1989-04-21,GB,語楽王TANGO！,0,0,🚧,PZL,0,0
1989-04-21,GB,ポケットビリヤード ファンク the 9ボール,0,0,🚧,SPT,0,0
1989-04-21,GB,本格対戦将棋 『歩』,0,0,🚧,TBL,0,0
1989-04-21,GB,トレード＆バトルカードヒーロー,0,0,🚧,RPG,0,0
1989-04-21,GB,F-1 WORLD GRAND PRIX for GAMEBOY COLOR II,0,0,🚧,RCG,0,0
1989-04-21,GB,プロ麻雀「兵」GB2,0,0,🚧,RPG,0,0
1989-04-21,GB,メタファイトEX,0,0,🚧,ACT,0,0
1989-04-21,GB,メタモード,0,0,🚧,RPG,0,0
1989-04-21,GB,本格花札GB,0,0,🚧,TBL,0,0
1989-04-21,GB,名探偵コナン からくり寺院殺人事件,0,0,🚧,AVG,0,0
1989-04-21,GB,ドラえもんメモリーズ のび太の想い出大冒険,0,0,🚧,SLG,0,0
1989-04-21,GB,メダロット・カードロボトル（カブトバージョン）,0,0,🚧,TBL,0,0
1989-04-21,GB,メダロット・カードロボトル（クワガタバージョン）,0,0,🚧,TBL,0,0
1989-04-21,GB,突撃!パッパラ隊,0,0,🚧,SHT,0,0
1989-04-21,GB,プロ野球シミュレーション ポケットプロ野球,0,0,🚧,SLG,0,0
1989-04-21,GB,合格ボーイGOLD ■いアタマを●くする。国語 算数 理科 社会 常識の書,0,0,🚧,ETC,0,0
1989-04-21,GB,合格ボーイGOLD ■いアタマを●くする。国語 算数 理科 社会 難問の書,0,0,🚧,ETC,0,0
1989-04-21,GB,RPGツクールGB,0,0,🚧,ETC,0,0
1989-04-21,GB,シルバニアメロディー～森の仲間と踊りましょ!～,0,0,🚧,ETC,0,0
1989-04-21,GB,パズループ,0,0,🚧,PZL,0,0
1989-04-21,GB,ハムスターパラダイス2(ちゅー),0,0,🚧,SLG,0,0
1989-04-21,GB,ポケットプロレス パーフェクトレスラー,0,0,🚧,SPT,0,0
1989-04-21,GB,マクロス7-銀河のハートを奮わせろ!-,0,0,🚧,SHT,0,0
1989-04-21,GB,ワリオランド3 不思議なオルゴール,0,0,🚧,ACT,0,0
1989-04-21,GB,サイボーグクロちゃん～デビル復活!!～,0,0,🚧,ACT,0,0
1989-04-21,GB,Disney's TARZAN,0,0,🚧,ACT,0,0
1989-04-21,GB,さるパンチャー,0,0,🚧,SLG,0,0
1989-04-21,GB,じゃがいぬくん,0,0,🚧,ACT,0,0
1989-04-21,GB,なかよしペットシリーズ2 かわいいウサギ,0,0,🚧,SLG,0,0
1989-04-21,GB,レイマン ミスター・ダークの罠,0,0,🚧,ACT,0,0
1989-04-21,GB,爆球連発!!スーパービーダマン 激誕!ライジングヴァルキリー!!,0,0,🚧,RPG,0,0
1989-04-21,GB,バトルフィッシャーズ,0,0,🚧,ACT,0,0
1989-04-21,GB,パワクロクンポケット2,0,0,🚧,SPT,0,0
1989-04-21,GB,ポップンミュージックGB,0,0,🚧,ETC,0,0
1989-04-21,GB,トリックボーダーGP,0,0,🚧,SPT,0,0
1989-04-21,GB,アルルの冒険 まほうのジュエル,0,0,🚧,RPG,0,0
1989-04-21,GB,スノボーチャンピオン,0,0,🚧,SPT,0,0
1989-04-21,GB,必殺パチンコBOY CRモンスターハウス,0,0,🚧,TBL,0,0
1989-04-21,GB,名探偵コナン 奇岩島秘宝伝説,0,0,🚧,ADV,0,0
1989-04-21,GB,VSレミングス,0,0,🚧,ACT,0,0
1989-04-21,GB,遊戯王モンスターカプセルGB,0,0,🚧,RPG,0,0
1989-04-21,GB,聖牌伝説,0,0,🚧,TBL,0,0
1989-04-21,GB,DXモノポリーGB,0,0,🚧,TBL,0,0
1989-04-21,GB,バーガーパラダイス インターナショナル,0,0,🚧,SLG,0,0
1989-04-21,GB,バックスバニー クレイジーキャッスル4,0,0,🚧,ACT,0,0
1989-04-21,GB,メタルギア Ghost Babel,0,0,🚧,ACT,0,0
1989-04-21,GB,ディノブリーダー4,0,0,🚧,RPG,0,0
1989-04-21,GB,ドラえもんのクイズボーイ,0,0,🚧,TBL,0,0
1989-04-21,GB,パズルボブル4,0,0,🚧,PZL,0,0
1989-04-21,GB,フェレット物語 ディア・マイ・フレンド,0,0,🚧,SLG,0,0
1989-04-21,GB,ロードランナー ドムドム団のやぼう,0,0,🚧,PZL,0,0
1989-04-21,GB,漢字 de パズル,0,0,🚧,ETC,0,0
1989-04-21,GB,競馬場へ行こう!ワイド,0,0,🚧,ETC,0,0
1989-04-21,GB,大工の源さん～カチカチのトンカチがカチ～,0,0,🚧,ACT,0,0
1989-04-21,GB,麻雀女王,0,0,🚧,TBL,0,0
1989-04-21,GB,ゲームコンビニ21,0,0,🚧,ETC,0,0
1989-04-21,GB,タイトーメモリアル バブルボブル,0,0,🚧,ACT,0,0
1989-04-21,GB,タイトーメモリアル CHASE H.Q.,0,0,🚧,RCG,0,0
1989-04-21,GB,大貝獣物語 ポヨンのダンジョンルーム2,0,0,🚧,RPG,0,0
1989-04-21,GB,ビックリマン2000 チャージングカードGB,0,0,🚧,TBL,0,0
1989-04-21,GB,ハンター×ハンター～ハンターの系譜～,0,0,🚧,RPG,0,0
1989-04-21,GB,ミスタードリラー GB版,0,0,🚧,PZL,0,0
1989-04-21,GB,おじゃる丸～満願神社は縁日でおじゃる!～,0,0,🚧,ETC,0,0
1989-04-21,GB,ムーミンの大冒険,0,0,🚧,ACT,0,0
1989-04-21,GB,井出洋介の麻雀教室GB,0,0,🚧,TBL,0,0
1989-04-21,GB,漢字BOY2,0,0,🚧,ETC,0,0
1989-04-21,GB,ワールドサッカーGB2000,0,0,🚧,SPT,0,0
1989-04-21,GB,がんばれ！ニッポン！オリンピック2000,0,0,🚧,SPT,0,0
1989-04-21,GB,遊戯王デュエルモンスターズ３　三聖戦神降臨,0,0,🚧,TBL,0,0
1989-04-21,GB,あつめてあそぶ くまのプーさん もりのたからもの,0,0,🚧,ADV,0,0
1989-04-21,GB,いつでもパチンコGB CRモンスターハウス,0,0,🚧,TBL,0,0
1989-04-21,GB,おじゃる丸～月夜が池のたからもの～,0,0,🚧,TBL,0,0
1989-04-21,GB,ドカボン!? ミレニアムクエスト,0,0,🚧,RPG,0,0
1989-04-21,GB,サバイバルキッズ2～脱出！双子島～,0,0,🚧,RPG,0,0
1989-04-21,GB,ディアダニエルののスウィートアドベンチャー～キティちゃんをさがして～,0,0,🚧,ACT,0,0
1989-04-21,GB,ハローキティのスウィートアドベンチャー～ダニエル君にあいたい～,0,0,🚧,ACT,0,0
1989-04-21,GB,データナビプロ野球,0,0,🚧,SPT,0,0
1989-04-21,GB,爆走デコトラ伝説GBスペシャル 男度胸の天下統一,0,0,🚧,RCG,0,0
1989-04-21,GB,メダロット3 カブトバージョン,0,0,🚧,RPG,0,0
1989-04-21,GB,メダロット3 クワガタバージョン,0,0,🚧,RPG,0,0
1989-04-21,GB,水木しげるの新・妖怪伝,0,0,🚧,ETC,0,0
1989-04-21,GB,サクラ大戦GB 檄・花組入隊！,0,0,🚧,ADV,0,0
1989-04-21,GB,華欄虎龍学園～花札・麻雀～,0,0,🚧,TBL,0,0
1989-04-21,GB,ダンスダンスレボリューションGB,0,0,🚧,ACT,0,0
1989-04-21,GB,ゾイド邪神復活！～ジェノブレイカー編～,0,0,🚧,RPG,0,0
1989-04-21,GB,ソウルゲッター～放課後冒険RPG～,0,0,🚧,RPG,0,0
1989-04-21,GB,ぞくぞくヒーローズ,0,0,🚧,RPG,0,0
1989-04-21,GB,ダンジョンセイバー,0,0,🚧,RPG,0,0
1989-04-21,GB,ぬし釣りアドベンチャー カイトの冒険,0,0,🚧,RPG,0,0
1989-04-21,GB,マジカルチェイスGB～見習い魔法使い 賢者の谷へ～,0,0,🚧,SHT,0,0
1989-04-21,GB,ラブひなポケット,0,0,🚧,ADV,0,0
1989-04-21,GB,筋肉番付GB2～目指せ！マッスルチャンピオン～,0,0,🚧,ACT,0,0
1989-04-21,GB,K.O.-ザ・プロ・ボクシング-,0,0,🚧,SPT,0,0
1989-04-21,GB,トゥイーティ世界一周 80匹のネコをさがせ！,0,0,🚧,ACT,0,0
1989-04-21,GB,谷村ひとし流パチンコ攻略大作戦 ドン・キホーテが行く,0,0,🚧,ETC,0,0
1989-04-21,GB,なかよしペットシリーズ3 かわいい仔犬,0,0,🚧,SLG,0,0
1989-04-21,GB,パーフェクトチョロQ,0,0,🚧,RCG,0,0
1989-04-21,GB,ベイブレード FIGHTING TOURNAMENT,0,0,🚧,RPG,0,0
1989-04-21,GB,海底伝説!! トレジャーワールド,0,0,🚧,ADV,0,0
1989-04-21,GB,所さんの世田谷カントリークラブ,0,0,🚧,SPT,0,0
1989-04-21,GB,実践役に立つ詰碁,0,0,🚧,TBL,0,0
1989-04-21,GB,コロコロカービィ,0,0,🚧,ACT,0,0
1989-04-21,GB,ポップンミュージックGB アニメーションメロディ,0,0,🚧,ETC,0,0
1989-04-21,GB,とっとこハム太郎 ともだち大作戦でちゅ,0,0,🚧,ETC,0,0
1989-04-21,GB,ポケモンでパネポン,0,0,🚧,PZL,0,0
1989-04-21,GB,ハムスター倶楽部 あわせてチュー,0,0,🚧,PZL,0,0
1989-04-21,GB,ぼくのキャンプ場,0,0,🚧,SLG,0,0
1989-04-21,GB,ぽけっと ぷよぷよ～ん,0,0,🚧,PZL,0,0
1989-04-21,GB,ビートマニアGB ガッチャミックス2,0,0,🚧,ETC,0,0
1989-04-21,GB,エレベーターアクション EX,0,0,🚧,ACT,0,0
1989-04-21,GB,ゴン太のおきらく大冒険,0,0,🚧,ADV,0,0
1989-04-21,GB,スペースインベーダーX,0,0,🚧,SHT,0,0
1989-04-21,GB,ソロモン,0,0,🚧,ACT,0,0
1989-04-21,GB,パズルデショーブヨ！ ウータマちゃん,0,0,🚧,PZL,0,0
1989-04-21,GB,新世紀エヴァンゲリオン 麻雀補完計画,0,0,🚧,TBL,0,0
1989-04-21,GB,牧場物語GB3 ボーイ・ミーツ・ガール,0,0,🚧,SLG,0,0
1989-04-21,GB,カードキャプターさくら～友枝小学校大運動会～,0,0,🚧,ETC,0,0
1989-04-21,GB,スーパードール・リカちゃん きせかえ大作戦,0,0,🚧,ETC,0,0
1989-04-21,GB,サイボーグクロちゃん2～ホワイトウッズの逆襲～,0,0,🚧,ACT,0,0
1989-04-21,GB,ロックマンX サイバーミッション,0,0,🚧,ACT,0,0
1989-04-21,GB,怪人ゾナー,0,0,🚧,ADV,0,0
1989-04-21,GB,合格ボーイGOLD ■いアタマを●くする。立体 平面 図形の達人,0,0,🚧,ETC,0,0
1989-04-21,GB,JETでGO ! LET'S GO BY AIRLINER,0,0,🚧,SLG,0,0
1989-04-21,GB,マリオテニスGB,0,0,🚧,SPT,0,0
1989-04-21,GB,携帯電獣テレファング スピードバージョン,0,0,🚧,RPG,0,0
1989-04-21,GB,携帯電獣テレファング パワーバージョン,0,0,🚧,RPG,0,0
1989-04-21,GB,血と汗と涙の高校野球,0,0,🚧,SPT,0,0
1989-04-21,GB,テイルズ オブ ファンタジア なりきりダンジョン,0,0,🚧,RPG,0,0
1989-04-21,GB,Dance Dance Revolution GB2,0,0,🚧,ETC,0,0
1989-04-21,GB,真・女神転生 デビルチルドレン 赤の書,0,0,🚧,RPG,0,0
1989-04-21,GB,真・女神転生 デビルチルドレン 黒の書,0,0,🚧,RPG,0,0
1989-04-21,GB,ドキドキ伝説 魔法陣グルグル,0,0,🚧,RPG,0,0
1989-04-21,GB,かくれんぼバトル モンスタータクティクス,0,0,🚧,RPG,0,0
1989-04-21,GB,ポップンミュージックＧＢ ディズニーチューンズ,0,0,🚧,ETC,0,0
1989-04-21,GB,グリンチ,0,0,🚧,ACT,0,0
1989-04-21,GB,エアフォースデルタ,0,0,🚧,SLG,0,0
1989-04-21,GB,それいけ！アンパンマン ～５つの塔の王様～,0,0,🚧,ACT,0,0
1989-04-21,GB,コマンドマスター,0,0,🚧,RPG,0,0
1989-04-21,GB,メダロット３パーツコレクションZからの超線状,0,0,🚧,RPG,0,0
1989-04-21,GB,仙界異聞録 準提大戦～ＴＶアニメーション「仙界伝封神演義」より～,0,0,🚧,SLG,0,0
1989-04-21,GB,ハムナプトラ ～失われた砂漠の都～,0,0,🚧,ACT,0,0
1989-04-21,GB,ドナルドダック デイジーを救え,0,0,🚧,ACT,0,0
1989-04-21,GB,スーパーミメルＧＢ ミメルベアのハッピーメールタウン,0,0,🚧,ADV,0,0
1989-04-21,GB,ＧＢハロボッツ,0,0,🚧,RPG,0,0
1989-04-21,GB,六門天外 モンコレナイトＧＢ,0,0,🚧,RPG,0,0
1989-04-21,GB,Piaキャロットへようこそ！！2.2,0,0,🚧,SLG,0,0
1989-04-21,GB,遊戯王デュエルモンスターズ4 最強決闘者戦記 遊戯デッキ,0,0,🚧,TBL,0,0
1989-04-21,GB,遊戯王デュエルモンスターズ4 最強決闘者戦記 海馬デッキ,0,0,🚧,ETC,0,0
1989-04-21,GB,遊戯王デュエルモンスターズ4 最強決闘者戦記 城之内デッキ,0,0,🚧,ETC,0,0
1989-04-21,GB,だぁ！だぁ！だぁ！とつぜん☆カードでバトルで占いで！？,0,0,🚧,ETC,0,0
1989-04-21,GB,電車でGO!２,0,0,🚧,SLG,0,0
1989-04-21,GB,でじこの麻雀パーティ,0,0,🚧,TBL,0,0
1989-04-21,GB,ドラゴンクエスト３　そして伝説へ・・・,0,0,🚧,RPG,0,0
1989-04-21,GB,ポケットモンスター　クリスタルバージョン,0,0,🚧,RPG,0,0
1989-04-21,GB,なかよしクッキングシリーズ１ おいしいケーキ屋さん,0,0,🚧,SLG,0,0
1989-04-21,GB,攻めCOMダンジョン　ドルルルアーガ,0,0,🚧,RPG,0,0
1989-04-21,GB,ハムスター倶楽部2,0,0,🚧,SLG,0,0
1989-04-21,GB,ハムスターパラダイス３ ちゅりー,0,0,🚧,SLG,0,0
1989-04-21,GB,金田一少年の事件簿 ～１０年目の招待状～,0,0,🚧,ADV,0,0
1989-04-21,GB,ドラえもんのスタディボーイ 九九ゲーム,0,0,🚧,ETC,0,0
1989-04-21,GB,がんばれゴエモン～星空士ダイナマイッツあらわる！！～,0,0,🚧,ACT,0,0
1989-04-21,GB,パズルボブル ミレニアム,0,0,🚧,PZL,0,0
1989-04-21,GB,シルバニアファミリー2 色づく森のファンタジー,0,0,🚧,ADV,0,0
1989-04-21,GB,ウィザードリィ　エンパイア～復活の杖～,0,0,🚧,RPG,0,0
1989-04-21,GB,かわいいペットショップ物語２,0,0,🚧,RPG,0,0
1989-04-21,GB,グランディア パラレルトリッパーズ,0,0,🚧,RPG,0,0
1989-04-21,GB,桃太郎伝説1→2,0,0,🚧,RPG,0,0
1989-04-21,GB,あにまるぶり～だ～4,0,0,🚧,SLG,0,0
1989-04-21,GB,ドラえもんのスタディボーイ 学習漢字ゲーム,0,0,🚧,ETC,0,0
1989-04-21,GB,ドンキーコング2001,0,0,🚧,ACT,0,0
1989-04-21,GB,ブレイブサーガ新章アスタリア,0,0,🚧,RPG,0,0
1989-04-21,GB,ラブひなパーティー,0,0,🚧,ADV,0,0
1989-04-21,GB,サムライキッド,0,0,🚧,ACT,0,0
1989-04-21,GB,おはスタDanceDanceRevolutionGB,0,0,🚧,ETC,0,0
1989-04-21,GB,へろへろくん,0,0,🚧,RPG,0,0
1989-04-21,GB,勝負師伝説　哲也　新宿天運編,0,0,🚧,TBL,0,0
1989-04-21,GB,DanceDanceRevolutionGB3,0,0,🚧,ETC,0,0
1989-04-21,GB,ポップンポップ,0,0,🚧,PZL,0,0
1989-04-21,GB,なかよしペットシリーズ4　かわいい仔猫,0,0,🚧,SLG,0,0
1989-04-21,GB,筋肉番付GB3～新世紀サバイバル列伝！～,0,0,🚧,SPT,0,0
1989-04-21,GB,フロントライン ～TheNextMission～,0,0,🚧,ACT,0,0
1989-04-21,GB,ポケットキング,0,0,🚧,SLG,0,0
1989-04-21,GB,スーパーロボットピンボール,0,0,🚧,TBL,0,0
1989-04-21,GB,ウィザードリィ,0,0,🚧,RPG,0,0
1989-04-21,GB,ウィザードリィII リルガミンの遺産,0,0,🚧,RPG,0,0
1989-04-21,GB,ウィザードリィIII ダイアモンドの騎士,0,0,🚧,RPG,0,0
1989-04-21,GB,笑う犬の冒険 SILLY GO LUCKY !,0,0,🚧,ETC,0,0
1989-04-21,GB,ゼルダの伝説 ふしぎの木の実～大地の章～,0,0,🚧,ACT,0,0
1989-04-21,GB,ゼルダの伝説 ふしぎの木の実 ～時空の章～,0,0,🚧,ACT,0,0
1989-04-21,GB,ちっちゃいエイリアン,0,0,🚧,ETC,0,0
1989-04-21,GB,ザ・ブラックオニキス,0,0,🚧,RPG,0,0
1989-04-21,GB,コトバトル 天外の守人,0,0,🚧,ETC,0,0
1989-04-21,GB,無敵王トライゼノン,0,0,🚧,ADV,0,0
1989-04-21,GB,ドラゴンクエストモンスターズ２　マルタのふしぎな鍵　ルカの旅立ち,0,0,🚧,RPG,0,0
1989-04-21,GB,ウディウッドペッカーのゴー！ゴー！レーシング,0,0,🚧,RCG,0,0
1989-04-21,GB,スペースネット　コスモレッド,0,0,🚧,RPG,0,0
1989-04-21,GB,スペースネット　コスモブルー,0,0,🚧,RPG,0,0
1989-04-21,GB,ドラえもん きみとペットの物語,0,0,🚧,RPG,0,0
1989-04-21,GB,メダロット４ カブトバージョン,0,0,🚧,RPG,0,0
1989-04-21,GB,メダロット４ クワガタバージョン,0,0,🚧,RPG,0,0
1989-04-21,GB,幻想魔伝 最遊記 砂漠の四神,0,0,🚧,ETC,0,0
1989-04-21,GB,きせかえシリーズ２ おしゃれ日記,0,0,🚧,SLG,0,0
1989-04-21,GB,忍たま乱太郎 忍術学園に入学しようの段,0,0,🚧,RPG,0,0
1989-04-21,GB,ポケモンカードGB2 GR団参上！,0,0,🚧,ETC,0,0
1989-04-21,GB,DanceDanceRevolution GBディズニーミックス,0,0,🚧,ETC,0,0
1989-04-21,GB,ハローキティとディアダニエルのドリームアドベンチャー,0,0,🚧,ACT,0,0
1989-04-21,GB,ストリートファイターアルファ,0,0,🚧,ACT,0,0
1989-04-21,GB,合格ボーイGOLD ■いアタマを●くする。整数 小数 分数 単位 計算の達人,0,0,🚧,ETC,0,0
1989-04-21,GB,合格ボーイGOLD ■いアタマを●くする。読み 書き 筆順 熟語 漢字の達人,0,0,🚧,ETC,0,0
1989-04-21,GB,アニマスターＧＢ,0,0,🚧,RPG,0,0
1989-04-21,GB,ドラゴンクエストモンスターズ２　マルタのふしぎな鍵　イルの冒険,0,0,🚧,RPG,0,0
1989-04-21,GB,クロスハンター～エックス・ハンターバージョン～,0,0,🚧,RPG,0,0
1989-04-21,GB,クロスハンター～トレジャー・ハンターバージョン～,0,0,🚧,RPG,0,0
1989-04-21,GB,クロスハンター～モンスター・ハンターバージョン～,0,0,🚧,RPG,0,0
1989-04-21,GB,ハンター×ハンター ～禁断の秘宝～,0,0,🚧,ACT,0,0
1989-04-21,GB,おいでラスカル,0,0,🚧,ADV,0,0
1989-04-21,GB,なかよしクッキングシリーズ(2) おいしいパン屋さん,0,0,🚧,SLG,0,0
1989-04-21,GB,とっとこハム太郎２ ハムちゃんず大集合でちゅ,0,0,🚧,ADV,0,0
1989-04-21,GB,ゴルフランド　（未発売）,0,0,🚧,???,0,0
1989-04-21,GB,ぐるぐるタウン はなまるくん,0,0,🚧,ETC,0,0
1989-04-21,GB,雀級生 コスプレ★パラダイス,0,0,🚧,TBL,0,0
1989-04-21,GB,From TV animation ONE PIECE夢のルフィ海賊団誕生！,0,0,🚧,RPG,0,0
1989-04-21,GB,X-MEN MUTANT ACADEMY,0,0,🚧,ACT,0,0
1989-04-21,GB,DX人生ゲーム,0,0,🚧,TBL,0,0
1989-04-21,GB,スパイダーマン,0,0,🚧,ACT,0,0
1989-04-21,GB,なかよしペットシリーズ(5) かわいいハムスター2,0,0,🚧,SLG,0,0
1989-04-21,GB,モバイルゴルフ,0,0,🚧,SPT,0,0
1989-04-21,GB,DT Lords of Genomes,0,0,🚧,ETC,0,0
1989-04-21,GB,名探偵コナン～呪われた航路～,0,0,🚧,ADV,0,0
1989-04-21,GB,ZOIDS～白銀の獣機神ライガーゼロ～,0,0,🚧,RPG,0,0
1989-04-21,GB,スヌーピーテニス,0,0,🚧,SPT,0,0
1989-04-21,GB,スターオーシャン ブルースフィア,0,0,🚧,RPG,0,0
1989-04-21,GB,なかよしクッキングシリーズ(3)楽しいお弁当,0,0,🚧,SLG,0,0
1989-04-21,GB,ガイアマスターDUELカードアタッカーズ,0,0,🚧,ETC,0,0
1989-04-21,GB,ネットでゲットミニゲーム＠100,0,0,🚧,ETC,0,0
1989-04-21,GB,データナビプロ野球２,0,0,🚧,SLG,0,0
1989-04-21,GB,つりいこっ！！,0,0,🚧,ETC,0,0
1989-04-21,GB,不思議のダンジョン 風来のシレンGB2 砂漠の魔城,0,0,🚧,RPG,0,0
1989-04-21,GB,ロックマンX2 ソウルイレイザー,0,0,🚧,ACT,0,0
1989-04-21,GB,マクドナルド物語 ほのぼの店長育成ゲーム,0,0,🚧,SLG,0,0
1989-04-21,GB,Ｊリーグ エキサイトステージタクティクス,0,0,🚧,SPT,0,0
1989-04-21,GB,うちゅう人田中太郎でRPGツクールGB2,0,0,🚧,ETC,0,0
1989-04-21,GB,超GALS!寿蘭,0,0,🚧,ETC,0,0
1989-04-21,GB,花より男子 Another Love Story,0,0,🚧,ADV,0,0
1989-04-21,GB,真・女神転生 デビルチルドレン 白の章,0,0,🚧,RPG,0,0
1989-04-21,GB,真・女神転生トレーディングカードサマナー,0,0,🚧,RPG,0,0
1989-04-21,GB,爆転シュート ベイブレード,0,0,🚧,ADV,0,0
1989-04-21,GB,昆虫博士３,0,0,🚧,RPG,0,0
1989-04-21,GB,桃太郎伝説1→2 HUDSON THE BEST,0,0,🚧,RPG,0,0
1989-04-21,GB,ニセモン パズルdaモン フェロモン救出大作戦!,0,0,🚧,PZL,0,0
1989-04-21,GB,バッドばつ丸ロボバトル,0,0,🚧,TBL,0,0
1989-04-21,GB,ちびまる子ちゃん ご町内 みんなでゲームだよ！,0,0,🚧,TBL,0,0
1989-04-21,GB,ポケットクッキング,0,0,🚧,ETC,0,0
1989-04-21,GB,ゲームボーイウォーズ3,0,0,🚧,SLG,0,0
1989-04-21,GB,エストポリス伝記～よみがえる伝説～,0,0,🚧,RPG,0,0
1989-04-21,GB,全日本少年サッカー大会 めざせ日本一,0,0,🚧,SLG,0,0
1989-04-21,GB,マリオファミリー(ジャガーミシン刺しゅう専用ソフト),0,0,🚧,ETC,0,0
1989-04-21,GB,ハムスター倶楽部 おしえまチュー,0,0,🚧,ETC,0,0
1989-04-21,GB,ハムスターパラダイス４,0,0,🚧,SLG,0,0
1989-04-21,GB,きかんしゃトーマス ソドーとうのなかまたち,0,0,🚧,ETC,0,0
1989-04-21,GB,激走！ダンガンレーサー,0,0,🚧,SLG,0,0
1989-04-21,GB,ドキ×ドキさせて！！,0,0,🚧,ADV,0,0
1989-04-21,GB,仰天人間バトシーラー ドクトル・ガイの野望,0,0,🚧,RPG,0,0
1989-04-21,GB,ネットワーク冒険記 バグサイト・アルファバージョン,0,0,🚧,RPG,0,0
1989-04-21,GB,ネットワーク冒険記 バグサイト・ベータバージョン,0,0,🚧,RPG,0,0
1989-04-21,GB,なかよしクッキングシリーズ(4)たのしいデザート,0,0,🚧,SLG,0,0
1989-04-21,GB,チキチキマシン猛レース,0,0,🚧,RCG,0,0
1989-04-21,GB,ハリー・ポッターと賢者の石,0,0,🚧,ACT,0,0
1989-04-21,GB,サクラ大戦GB2 サンダーボルト作戦,0,0,🚧,ADV,0,0
1989-04-21,GB,ミニー＆フレンズ 夢の国をさがして,0,0,🚧,ADV,0,0
1989-04-21,GB,LOONEY TUNES COLLECTORマーシャンクエスト！,0,0,🚧,ACT,0,0
1989-04-21,GB,メダロット5 すすたけ村の転校生 カブトバージョン,0,0,🚧,RPG,0,0
1989-04-21,GB,メダロット5 すすたけ村の転校生 クワガタバージョン,0,0,🚧,RPG,0,0
1989-04-21,GB,ルーニー・テューンズコレクター マーシャンクエスト！,0,0,🚧,ACT,0,0
1989-04-21,GB,わたしのキッチン,0,0,🚧,SLG,0,0
1989-04-21,GB,シャーマンキング 超・占事略決 ふんばり編,0,0,🚧,RPG,0,0
1989-04-21,GB,シャーマンキング 超・占事略決 メラメラ編,0,0,🚧,RPG,0,0
1989-04-21,GB,きせかえハムスター,0,0,🚧,ETC,0,0
1989-04-21,GB,シルバニアファミリー3 ～星ふる夜のすなどけい～,0,0,🚧,ADV,0,0
1989-04-21,GB,将棋3,0,0,🚧,TBL,0,0
1989-04-21,GB,超GALS! 寿蘭2 ミラクル→ゲッティング,0,0,🚧,PZL,0,0
1989-04-21,GB,Dr.リンにきいてみて！ 恋のリン風水！,0,0,🚧,ADV,0,0
1989-04-21,GB,合格ボーイシリーズ ■いアタマを●くする。算数バトル編 スペシャルエディション,0,0,🚧,ETC,0,0
1989-04-21,GB,合格ボーイシリーズ ■いアタマを●くする。社会バトル編 スペシャルエディション,0,0,🚧,ETC,0,0
1989-04-21,GB,合格ボーイシリーズ ■いアタマを●くする。国語バトル編 スペシャルエディション,0,0,🚧,ETC,0,0
1989-04-21,GB,合格ボーイシリーズ ■いアタマを●くする。理科バトル編 スペシャルエディション,0,0,🚧,ETC,0,0
1989-04-21,GB,合格ボーイGOLD ■いアタマを●くする。国語 算数 理科 社会 常識の書 スペシャルエディション,0,0,🚧,ETC,0,0
1989-04-21,GB,ハローキティのハッピーハウス,0,0,🚧,ETC,0,0
1989-04-21,GB,モン★スタートラベラー,0,0,🚧,RPG,0,0
1989-04-21,GB,あざらし戦隊イナズマ ～どきどき大作戦！？～,0,0,🚧,ETC,0,0
1989-04-21,GB,バイオハザード外伝,0,0,🚧,ACT,0,0
1989-04-21,GB,なかよしクッキングシリーズ(5)こむぎちゃんのケーキをつくろう！,0,0,🚧,SLG,0,0
1989-04-21,GB,冒険！ドンドコ島,0,0,🚧,SLG,0,0
1989-04-21,GB,わたしのレストラン,0,0,🚧,SLG,0,0
1989-04-21,GB,From TV animation ONE PIECE 幻のグランドライン冒険記！,0,0,🚧,RPG,0,0
1989-04-21,GB,昆虫ファイターズ,0,0,🚧,SLG,0,0
1989-04-21,GB,ドラゴンボールZ 伝説の超戦士たち,0,0,🚧,ETC,0,0
1989-04-21,GB,ハムスター物語GB＋マジハームの魔法少女,0,0,🚧,ETC,0,0
1989-04-21,GB,ドラえもんのクイズボーイ2,0,0,🚧,ETC,0,0
1989-04-21,GB,漢字BOY３,0,0,🚧,ETC,0,0
1989-04-21,GB,ドラえもんのスタディボーイ かんじよみかきマスター,0,0,🚧,ETC,0,0
1989-04-21,GB,合格ボーイGOLD ■いアタマを●くする。整数 小数 分数 単位 計算の達人 スペシャルエディション,0,0,🚧,ETC,0,0
1989-04-21,GB,合格ボーイGOLD ■いアタマを●くする。整数 小数 分数 単位 漢字の達人 スペシャルエディション,0,0,🚧,ETC,0,0
1989-04-21,GB,ゲームボーイウォーズ Turbo ファミ通版,0,0,🚧,???,0,0
1989-04-21,GB,内祝　兄弟神技のパズルゲーム,0,0,🚧,???,0,0
1989-04-21,GB,Raku x Raku - Mishin,0,0,🚧,ETC,0,0
1989-04-21,GB,ロボットポンコッツ　コミックボンボンスペシャルバージョン,0,0,🚧,???,0,0
1989-04-21,GB,グランデュエル 体験版,0,0,🚧,???,0,0
1989-04-21,GB,ボンバーマンMAX　ＡＩＮバージョン,0,0,🚧,???,0,0
1989-04-21,GB,モバイルトレーナー,0,0,🚧,ETC,0,0
1989-04-21,GB,ＧＢメモリカートリッジ,0,0,🚧,???,0,0
1989-04-21,GB,Loppi パズルマガジン　かんがえるパズル創刊号 [NP専用],0,0,🚧,PZL,0,0
1989-04-21,GB,Loppi パズルマガジン　かんがえるパズル第２号 [NP専用],0,0,🚧,PZL,0,0
1989-04-21,GB,Loppi パズルマガジン　かんがえるパズル第３号 [NP専用],0,0,🚧,PZL,0,0
1989-04-21,GB,Loppi パズルマガジン　ひらめくパズル創刊号 [NP専用],0,0,🚧,PZL,0,0
1989-04-21,GB,Loppi パズルマガジン　ひらめくパズル第２号 [NP専用],0,0,🚧,PZL,0,0
1989-04-21,GB,Loppi パズルマガジン　ひらめくパズル第３号 [NP専用],0,0,🚧,PZL,0,0
1989-04-21,GB,カラムー町は大さわぎ！おかわりっ！ [NP専用],0,0,🚧,PZL,0,0
1989-04-21,GB,こぐるぐるぐる  ～ぐるぐるとなかよし～ [NP専用],0,0,🚧,ADV,0,0
1989-04-21,GB,スーパーマリオブラザーズDX [NP専用],0,0,🚧,ACT,0,0
1989-04-21,GB,バットマン ビヨンド [NP専用],0,0,🚧,ACT,0,0
1989-04-21,GB,バルーンファイトGB [NP専用],0,0,🚧,ACT,0,0
1989-04-21,GB,対戦詰将棋 [NP専用],0,0,🚧,TBL,0,0
1989-04-21,GB,大刀GB [NP専用],0,0,🚧,ACT,0,0
1989-04-21,GB,波乗り野郎！ [NP専用],0,0,🚧,SPT,0,0
1989-04-21,GB,～倉庫番伝説～ 光と闇の国,0,0,🚧,PZL,0,0
1989-04-21,GB,F-1レース,0,0,🚧,RCG,0,0
1989-04-21,GB,F-1ワールドグランプリ,0,0,🚧,RCG,0,0
1989-04-21,GB,GB原人2,0,0,🚧,ACT,0,0
1989-04-21,GB,GO!GO!ヒッチハイク,0,0,🚧,TBL,0,0
1989-04-21,GB,IT'sワールドラリー,0,0,🚧,RCG,0,0
1989-04-21,GB,SAME GAME,0,0,🚧,PZL,0,0
1989-04-21,GB,TRICK BORDER GP　（トリックボーダーグランプリ）,0,0,🚧,SPT,0,0
1989-04-21,GB,アザーライフ アザードリームスGB,0,0,🚧,RPG,0,0
1989-04-21,GB,あにまるぶりーだー2,0,0,🚧,SLG,0,0
1989-04-21,GB,アレイウェイ,0,0,🚧,PZL,0,0
1989-04-21,GB,アレサ,0,0,🚧,RPG,0,0
1989-04-21,GB,アレサ2,0,0,🚧,RPG,0,0
1989-04-21,GB,アレサ3,0,0,🚧,RPG,0,0
1989-04-21,GB,オセロワールド,0,0,🚧,TBL,0,0
1989-04-21,GB,カービィのきらきらきっず,0,0,🚧,PZL,0,0
1989-04-21,GB,カービィのピンボール,0,0,🚧,TBL,0,0
1989-04-21,GB,カービィのブロックボール,0,0,🚧,ACT,0,0
1989-04-21,GB,海戦ゲーム　レーダーミッション,0,0,🚧,SLG,0,0
1989-04-21,GB,カエルの為に鐘は鳴る,0,0,🚧,RPG,0,0
1989-04-21,GB,カラムー町は大さわぎ!～ポリンキーズとおかしな仲間たち～,0,0,🚧,ACT,0,0
1989-04-21,GB,カンヅメモンスターパフェ,0,0,🚧,SLG,0,0
1989-04-21,GB,がんばれゴエモン 天狗党の逆襲,0,0,🚧,RPG,0,0
1989-04-21,GB,がんばれゴエモン～星空士ダイナマイッツあらわる！！～,0,0,🚧,ACT,0,0
1989-04-21,GB,クイックスアドベンチャー,0,0,🚧,PZL,0,0
1989-04-21,GB,ぐるぐるガラクターズ,0,0,🚧,RPG,0,0
1989-04-21,GB,ゲームボーイウォーズ,0,0,🚧,SLG,0,0
1989-04-21,GB,ゲームボーイウォーズTURBO,0,0,🚧,SLG,0,0
1989-04-21,GB,ゲームボーイギャラリー,0,0,🚧,ACT,0,0
1989-04-21,GB,ゲームボーイギャラリー2,0,0,🚧,ACT,0,0
1989-04-21,GB,ゲームボーイギャラリー3,0,0,🚧,ACT,0,0
1989-04-21,GB,ゴッドメディスン　ファンタジー世界の誕生,0,0,🚧,RPG,0,0
1989-04-21,GB,コナミGBコレクションvol.1,0,0,🚧,ETC,0,0
1989-04-21,GB,コナミGBコレクションvol.2,0,0,🚧,ETC,0,0
1989-04-21,GB,コナミGBコレクションvol.4,0,0,🚧,ETC,0,0
1989-04-21,GB,コラムスＧＢ手塚治虫キャラクターズ,0,0,🚧,PZL,0,0
1989-04-21,GB,ゴルフ,0,0,🚧,SPT,0,0
1989-04-21,GB,ザ・首都高レーシング,0,0,🚧,RCG,0,0
1989-04-21,GB,サーガイア,0,0,🚧,SHT,0,0
1989-04-21,GB,サバイバルキッズ～孤島の冒険者,0,0,🚧,RPG,0,0
1989-04-21,GB,サンリオタイムネット 過去編,0,0,🚧,RPG,0,0
1989-04-21,GB,サンリオタイムネット 未来編,0,0,🚧,RPG,0,0
1989-04-21,GB,じゃがいぬくん,0,0,🚧,ACT,0,0
1989-04-21,GB,上海ＰＯＫＥＴ,0,0,🚧,PZL,0,0
1989-04-21,GB,スーパードンキーコングGB,0,0,🚧,ACT,0,0
1989-04-21,GB,スーパーブラックバスポケット3,0,0,🚧,SPT,0,0
1989-04-21,GB,スーパーボンブリスデラックス,0,0,🚧,PZL,0,0
1989-04-21,GB,スーパーマリオランド,0,0,🚧,ACT,0,0
1989-04-21,GB,スーパーマリオランド2 6つの金貨,0,0,🚧,ACT,0,0
1989-04-21,GB,スーパーマリオランド3,0,0,🚧,ACT,0,0
1989-04-21,GB,スーパー桃太郎電鉄2,0,0,🚧,TBL,0,0
1989-04-21,GB,ストリートファイター2,0,0,🚧,FTG,0,0
1989-04-21,GB,スパイVSスパイ,0,0,🚧,ACT,0,0
1989-04-21,GB,スペースインベーダーズ,0,0,🚧,SHT,0,0
1989-04-21,GB,ゼルダの伝説 夢をみる島DX,0,0,🚧,RPG,0,0
1989-04-21,GB,ソーラーストライカー,0,0,🚧,SHT,0,0
1989-04-21,GB,ちびまる子ちゃん まる子デラックス劇場,0,0,🚧,ADV,0,0
1989-04-21,GB,ちびまる子ちゃん4 これが日本だよ!王子さま,0,0,🚧,ETC,0,0
1989-04-21,GB,ディノブリーダー2,0,0,🚧,SLG,0,0
1989-04-21,GB,テトリス,0,0,🚧,PZL,0,0
1989-04-21,GB,テトリスデラックス,0,0,🚧,PZL,0,0
1989-04-21,GB,テニス,0,0,🚧,SPT,0,0
1989-04-21,GB,ドクターマリオ,0,0,🚧,PZL,0,0
1989-04-21,GB,ドラえもんカート,0,0,🚧,RCG,0,0
1989-04-21,GB,ドラえもんのGAMEBOYであそぼうよデラックス10,0,0,🚧,ETC,0,0
1989-04-21,GB,ドラゴンスレイヤー1,0,0,🚧,RPG,0,0
1989-04-21,GB,ドラゴンスレイヤー外伝 眠りの王冠,0,0,🚧,RPG,0,0
1989-04-21,GB,トランプコレクションＧＢ,0,0,🚧,TBL,0,0
1989-04-21,GB,ドンキーコング,0,0,🚧,ACT,0,0
1989-04-21,GB,ドンキーコングランド,0,0,🚧,ACT,0,0
1989-04-21,GB,ナムコギャラリーvol.1,0,0,🚧,ETC,0,0
1989-04-21,GB,ナムコギャラリーvol.3,0,0,🚧,ETC,0,0
1989-04-21,GB,ネメシス2,0,0,🚧,SHT,0,0
1989-04-21,GB,バイオニックコマンドー,0,0,🚧,ACT,0,0
1989-04-21,GB,パズルボブルGB,0,0,🚧,PZL,0,0
1989-04-21,GB,パチパチパチス郎～ニューパルサー編～,0,0,🚧,TBL,0,0
1989-04-21,GB,パックマン,0,0,🚧,ACT,0,0
1989-04-21,GB,バブルボブルJr.,0,0,🚧,ACT,0,0
1989-04-21,GB,ハムスターパラダイス,0,0,🚧,SLG,0,0
1989-04-21,GB,ビートマニアGB,0,0,🚧,ETC,0,0
1989-04-21,GB,ビートマニアGB2ガチャミックス,0,0,🚧,ETC,0,0
1989-04-21,GB,ピクロス2,0,0,🚧,PZL,0,0
1989-04-21,GB,ビタミーナ王国物語,0,0,🚧,RPG,0,0
1989-04-21,GB,フェアリーキティの開運辞典～妖精の国の占い修行～,0,0,🚧,ETC,0,0
1989-04-21,GB,プチカラット,0,0,🚧,PZL,0,0
1989-04-21,GB,プリクラポケット 不完全女子高校性マニュアル,0,0,🚧,ADV,0,0
1989-04-21,GB,プリクラポケット2 彼氏改造大作戦,0,0,🚧,SLG,0,0
1989-04-21,GB,プリクラポケット3～タレントデビュー大作戦,0,0,🚧,ETC,0,0
1989-04-21,GB,プロ麻雀 極GB,0,0,🚧,TBL,0,0
1989-04-21,GB,プロ麻雀 極GB2,0,0,🚧,TBL,0,0
1989-04-21,GB,ぽけっとぷよぷよ通,0,0,🚧,PZL,0,0
1989-04-21,GB,ボンバーマンGB3,0,0,🚧,ACT,0,0
1989-04-21,GB,ボンバーマンクエスト,0,0,🚧,RPG,0,0
1989-04-21,GB,マリオのピクロス,0,0,🚧,PZL,0,0
1989-04-21,GB,ミスタードリラー,0,0,🚧,PZL,0,0
1989-04-21,GB,ミニ4ボーイ2,0,0,🚧,RCG,0,0
1989-04-21,GB,メダロット パーツコレクション,0,0,🚧,RPG,0,0
1989-04-21,GB,メダロット（カブトバージョン）,0,0,🚧,RPG,0,0
1989-04-21,GB,メダロット（クワガタバージョン）,0,0,🚧,RPG,0,0
1989-04-21,GB,メトロイド2 リターン オブ サムス,0,0,🚧,ACT,0,0
1989-04-21,GB,モグラーニャ,0,0,🚧,PZL,0,0
1989-04-21,GB,ヨッシーのクッキー,0,0,🚧,PZL,0,0
1989-04-21,GB,ヨッシーのパネポン,0,0,🚧,PZL,0,0
1989-04-21,GB,レッドアリーマー 魔界村外伝,0,0,🚧,ACT,0,0
1989-04-21,GB,ロックマンワールド,0,0,🚧,ACT,0,0
1989-04-21,GB,ロックマンワールド2,0,0,🚧,ACT,0,0
1989-04-21,GB,ロックマンワールド3,0,0,🚧,ACT,0,0
1989-04-21,GB,ロックマンワールド4,0,0,🚧,ACT,0,0
1989-04-21,GB,ロックマンワールド5,0,0,🚧,ACT,0,0
1989-04-21,GB,悪魔城スペシャルぼくドラキュラくん,0,0,🚧,ACT,0,0
1989-04-21,GB,化石創世リボーン2～モンスターディガー～,0,0,🚧,RPG,0,0
1989-04-21,GB,花さか天使テンテンくんのビートブレイカー,0,0,🚧,PZL,0,0
1989-04-21,GB,海のぬし釣り2,0,0,🚧,RPG,0,0
1989-04-21,GB,格闘料理伝説ビストロレシピ 激闘フードバトル編,0,0,🚧,RPG,0,0
1989-04-21,GB,格闘料理伝説ビストロレシピ～決闘★ビストガルム編～,0,0,🚧,RPG,0,0
1989-04-21,GB,語楽王TANGO！,0,0,🚧,PZL,0,0
1989-04-21,GB,高橋名人の冒険島3,0,0,🚧,ACT,0,0
1989-04-21,GB,昆虫博士,0,0,🚧,SLG,0,0
1989-04-21,GB,女神転生外伝 ラストバイブル,0,0,🚧,RPG,0,0
1989-04-21,GB,女神転生外伝 ラストバイブル2,0,0,🚧,RPG,0,0
1989-04-21,GB,将棋2,0,0,🚧,TBL,0,0
1989-04-21,GB,人生ゲーム,0,0,🚧,TBL,0,0
1989-04-21,GB,星のカービィ,0,0,🚧,ACT,0,0
1989-04-21,GB,星のカービィ2,0,0,🚧,ACT,0,0
1989-04-21,GB,川のぬし釣り3,0,0,🚧,RPG,0,0
1989-04-21,GB,超魔神英雄伝ワタル まぜっこモンスター2,0,0,🚧,SLG,0,0
1989-04-21,GB,桃太郎電劇2,0,0,🚧,ACT,0,0
1989-04-21,GB,桃太郎電鉄jr. 全国ラーメンめぐりの旅,0,0,🚧,TBL,0,0
1989-04-21,GB,熱闘 闘神伝,0,0,🚧,FTG,0,0
1989-04-21,GB,爆釣 リトリーブマスター,0,0,🚧,RPG,0,0
1989-04-21,GB,不思議のダンジョン 風来のシレンGB～月影村の怪物～,0,0,🚧,RPG,0,0
1989-04-21,GB,牧場物語GB,0,0,🚧,SLG,0,0
1989-04-21,GB,本格花札GB,0,0,🚧,TBL,0,0
1989-04-21,GB,本格四人打ち麻雀 麻雀王,0,0,🚧,TBL,0,0
1989-04-21,GB,魔界村外伝　THE DEMON DARKNESS,0,0,🚧,ACT,0,0
1989-04-21,GB,麻雀クエスト,0,0,🚧,TBL,0,0
1989-04-21,GB,役満,0,0,🚧,TBL,0,0
1989-04-21,GB,遊戯王デュエルモンスターズ,0,0,🚧,TBL,0,0
1989-04-21,GB,遊戯王モンスターカプセルGB,0,0,🚧,RPG,0,0
