発売日,メーカー,タイトル,⭐クロスレビュー(評価),容量(bit),ジャンル,価格,価格帯,カウント,メモリ(S-RAM)(Kbit),👥クリエイターズ👨‍💼👨‍💻🎨,👨‍💼ディレクター,👨‍💻プログラマー,🎨デザイナー/美術,🎵音楽,📝シナリオ,💼プロデューサー,
1990-11-21,任天堂,スーパーマリオワールド,34,2,ACT,"￥8,000","￥8,000代",355,16,,手塚卓志,中郷俊彦,日野重文,近藤浩治,,山内溥|宮本茂,
1990-11-21,任天堂,F-ZERO,37,2,RCG,"￥7,000","￥7,000代",90,16,,清水一伸,西田泰也,清水一伸|今村孝矢,神吉由美子|石田尚人,,山内溥|宮本茂,
1990-12-01,ケムコ,ボンバザル,-,2,PZL,"￥6,500","￥6,500代",0,0,,,ロス・グッドレー,デヴィッド・ビショップ|アンソニー・クラウザー,ロス・グッドレー,,,
1990-12-16,エニックス,アクトレイザー,-,4,ACT,"￥8,000","￥8,000代",40,64,,橋本昌哉,橋本昌哉|いまいゆき,古代彩乃|高井政彦|今井秋芳|横田幸次|七條たかし,古代祐三,宮崎友好,曽根康征,
1990-12-16,イマジニア,ポピュラス,31,2,SLG,"￥8,800","￥9,000代",0,64,,,,,,,,
1990-12-21,カプコン,ファイナルファイト,-,4,ACT,"￥8,500","￥8,500代",0,0,,,金子清巳|上山真一|Tomiyan|Yokoyan,西谷亮|安田朗,藤田晴美|藤田靖明|松前真奈美|坂口由洋|下村陽子|高岡宏光|民谷淳子,,岡本吉起,
1990-12-21,コナミ,グラディウスⅢ,33,2,SHT,"￥7,800","￥8,000代",0,0,,,橋本和久|徳田典|松花賢和|高浜元,三好威正|H.MORII|すえながみかよ,村岡一樹|上原和彦|上高治巳|森本ゆきえ,,,
1990-12-21,任天堂,パイロットウイングス,-,2,SPT,"￥8,000","￥8,000代",48,0,,杉山直,加藤周平|矢嶋肇|河越巧,スージー|森直樹,近藤浩治|岡素世,,宮本茂,
1990-12-29,バンプレスト,SDザ・グレイトバトル,-,3,ACT,"￥8,200","￥8,000代",0,0,,,,,,,,
1991-02-23,HAL研究所,ジャンボ尾崎のホールインワン,-,4,SPT,"￥8,900","￥9,000代",0,0,,,,,,,,
1991-03-20,ジャレコ,BIGRUN,-,4,RCG,"￥8,700","￥8,500代",0,0,,,,,,,,
1991-03-29,タイトー,ダライアスツイン,-,4,SHT,"￥8,500","￥8,500代",0,0,,山崎こうじ,みなみやすたか|おぐらみつお|のぐちじゅんいちろう,山崎こうじ|宮永佳祐|川石徹|斎藤慎|わきたよしひろ,相澤静夫,,西角友宏|高橋章二,
1991-04-05,T＆Eソフト,遙かなるオーガスタ,30,4,SPT,"￥9,800","￥10,000代",0,64,,横山英二,加藤英治,中島健二,冨田茂,,横山俊朗,
1991-04-06,バンダイ,ウルトラマン,30,2,ACT,"￥7,800","￥8,000代",0,0,,,,,,金城哲夫 ほか,,
1991-04-26,任天堂,シムシティ,33,2,SLG,"￥8,000","￥8,000代",90,256,,,,,,,,
1991-05-17,ジャレコ,スーパープロフェッショナルベースボール,-,4,SPT,"￥8,700","￥8,500代",0,0,,,,,,,,
1991-05-24,ケムコ,ドラッケン,-,4,RPG,"￥8,500","￥8,500代",0,64,,,,ステファン・バウデット|リチャード・ボテット|マイケル・ロイヤー|ローレン・サルメロン|ドミニク・ジルー|フレデリック・バスク,チャールズ・カレ,フランソワ・マルスラ=フロワドヴァル,,
1991-05-28,セタ,ガデュリン,-,4,RPG,"￥8,800","￥9,000代",0,64,,,,富永真理|近永健一|加藤直之(ゲストメカ),加藤みちあき,島田満,,
1991-06-21,トンキンハウス,イースⅢワンダラーズフロムイース,-,4,RPG,"￥8,800","￥9,000代",0,64,,,,,,,,
1991-07-02,セタ,スーパースタジアム,-,4,SPT,"￥8,800","￥9,000代",0,64,,,,,,,,
1991-07-06,バンダイ,機動戦士ガンダムF91フォーミュラー戦記0122,-,4,SLG,"￥9,500","￥9,500代",0,64,,,,川元利浩|大河原邦男,富樫則彦,,,
1991-07-12,カルチャーブレーン,スーパーウルトラベースボール,-,2,SPT,"￥8,800","￥9,000代",0,64,,,,,,,,
1991-07-13,アイレム,スーパーアールタイプ,-,4,SHT,"￥8,500","￥8,500代",0,0,,,,,,,,
1991-07-19,コナミ,がんばれゴエモンゆき姫救出絵巻,-,4,ACT,"￥8,800","￥9,000代",0,0,,,梅崎重治|松岡伸浩|奥田康雄|下野俊典|吉田晃之,村木摂|藤本武史|小川公一|薬師寺健雄,上原和彦|上高治己,,,
1991-07-19,スクウェア,ファイナルファンタジーⅣ,36,4,RPG,"￥8,800","￥9,000代",143,64,,坂口博信,成田賢,時田貴司|天野喜孝,植松伸夫,時田貴司,宮本雅史,
1991-07-20,バンプレスト,バトルドッジボール闘球大激突,-,4,SPT,"￥9,600","￥9,500代",0,64,,,,,,,,
1991-07-26,カプコン,エリア88,-,4,SHT,"￥8,500","￥8,500代",0,0,,,,岡田敏靖|神志那弘志|佐藤道明,三宅一徳,大野木寛|野村祐一,,
1991-08-09,エピック・ソニーレコード,白熱プロ野球ガンバリーグ,30,4,SPT,"￥8,500","￥8,500代",0,64,,,,,,,,
1991-08-23,セタ,初段森田将棋,-,2,TBL,"￥8,800","￥9,000代",0,64,,,,,,,,
1991-08-30,トンキンハウス,スーパーテニスワールドサーキット,-,2,SPT,"￥7,800","￥8,000代",0,0,,,,,,,,
1991-08-31,HAL研究所,ハイパーゾーン,-,4,SHT,"￥8,500","￥8,500代",0,0,,,,,石川淳,,,
1991-09-13,エピック・ソニーレコード,ジェリーボーイ,-,4,ACT,"￥8,500","￥8,500代",0,0,,田尻智,マーク・フリント,田尻智|杉森建|とみさわ昭仁|杉森建|MUCHO TANAKA,福田裕彦,田尻智|杉森建,清本浩,
1991-09-15,光栄,スーパー三國志Ⅱ,-,4,SLG,"￥14,800","￥15,000代",0,256,,,,,向谷実,,シブサワ・コウ,
1991-09-20,イマジニア,プロサッカー,-,2,SPT,"￥8,000","￥8,000代",0,16,,,,,,,,
1991-10-04,カプコン,超魔界村,-,4,ACT,"￥8,500","￥8,500代",0,0,,,篠原雅嗣|まついよしひろ,三並達也|山添公雄|松下進,山口真理,,藤原得郎,
1991-10-25,ジャレコ,SUPERE.D.F.,-,4,SHT,"￥8,700","￥8,500代",0,0,,,,,,,,
1991-10-29,スクウェア,ファイナルファンタジーⅣイージータイプ,31,4,RPG,"￥9,000","￥9,000代",0,64,,坂口博信,成田賢,時田貴司|天野喜孝,植松伸夫,時田貴司,宮本雅史,
1991-10-31,コナミ,悪魔城ドラキュラ,-,4,ACT,"￥8,800","￥9,000代",0,0,,赤松仁司,岡出光弘,戸隠のりやす,山下絹代|寺島里恵,,永田昭彦,
1991-11-21,任天堂,ゼルダの伝説神々のトライフォース,39,4,ARPG,"￥8,000","￥8,000代",116,64,,手塚卓志,中郷俊彦|副島康成|森田和明,富田聡一郎|今村孝矢|有本正直|渡辺剛,近藤浩治,田邊賢輔,山内溥|宮本茂,
1991-11-29,東映動画,雷電伝説,-,4,SHT,"￥8,700","￥8,500代",0,0,,濱田均,K.KONDO|川口哲也|S.MORI,川口哲也|T.WADA|M.KOMAZAWA|T.MATSUZAWA|H.MATSUO,佐藤亜希羅,,濱田均,
1991-12-06,データイースト,JOE＆MAC戦え原始人,-,4,ACT,"￥8,500","￥8,500代",0,0,,,,,,,,
1991-12-13,ナムコ,スーパーワギャンランド,30,4,ACT,"￥8,300","￥8,500代",0,0,,,,,,,,
1991-12-13,ケムコ,ラグーン,-,4,RPG,"￥8,500","￥8,500代",0,64,,,,,,,,
1991-12-13,ヒューマン,スーパーフォーメーションサッカー,31,2,SPT,"￥7,700","￥7,500代",0,0,,,,,,,,
1991-12-13,エポック社,ちびまる子ちゃん「はりきり365日」の巻,-,2,TBL,"￥8,800","￥9,000代",0,0,,,,,,,,
1991-12-18,サンソフト,レミングス,35,4,PZL,"￥8,500","￥8,500代",0,0,,,デイブ・ジョーンズ(英語版),ゲイリー・ティモンズ|スコット・ジョンストン,ブライアン・ジョンストン|ティム・ライト(英語版),,,
1991-12-20,ビクターエンタテインメント,ダンジョンマスター,30,4,RPG,"￥9,800","￥10,000代",0,256,,,,,,,,
1991-12-20,アスミック,ディメンションフォース,-,4,SHT,"￥8,500","￥8,500代",0,0,,,,,,,,
1991-12-20,ヒューマン,スーパーファイヤープロレスリング,-,4,SPT,"￥8,500","￥8,500代",0,0,,,根津重昭|吉田秀司|野村弘治,増田雅人|市瀬大輔|きたむららだあき|茶々丸|高岡謙次|高岡謙次|門間毅,庭山博也|田中宏典|山崎正通|大谷哲司|鈴木啓史,,林徹,
1991-12-21,エンジェル,SDガンダム外伝ナイトガンダム物語大いなる遺産,-,4,RPG,"￥9,500","￥9,500代",0,64,,,,,,,,
1991-12-21,光栄,スーパー信長の野望武将風雲録,-,4,SLG,"￥11,800","￥12,000代",0,256,,,,,菅野よう子,,シブサワ・コウ,
1991-12-27,ナツメ,反省ザルジローくんの大冒険,-,2,ACT,"￥7,000","￥7,000代",0,0,,,,,,,,
1991-12-27,東芝EMI,サンダースピリッツ,-,4,SHT,"￥8,600","￥8,500代",0,0,,,,,,,,
1991-12-28,カルチャーブレーン,スーパーチャイニーズワールド,-,4,RPG,"￥8,800","￥9,000代",0,0,,阿迦手観屋夢之助,たちばなあきら,しいなつかさ|かわはらひとみ|ましばけいこ,沢彰記,さとうけんたろう,阿迦手観屋夢之助,
1991-12-29,イマジニア,シムアース,-,3,SLG,"￥9,600","￥9,500代",0,64,,,ダニエル・ゴールドマン|ポール・シュミット,フレッド・ハスラム|ウィル・ライト|ケイトリン・ミシェルデイトン|ピーター・ミシェルデイトン|ジェニー・マーティン|スーザン・グリーン,ヒース・ペーターソン,,スティーヴ・ベッカート,
1991-12-29,バンプレスト,バトルコマンダー八武衆修羅の兵法,-,4,SLG,"￥9,800","￥10,000代",0,256,,,,,,,,
1992-01-11,ハドソン,高橋名人の大冒険島,-,4,ACT,"￥8,500","￥8,500代",0,0,,KYON KYON,鈴木俊之|酒井誠,平井隆之|すごうともこ|鈴木多恵子|Y.ASAKURA|日下純,古代祐三,西澤龍一,植山幹郎|門脇光弘,
1992-01-17,イマジニア,プロフットボール,-,2,SPT,"￥7,900","￥8,000代",0,0,,,,,,,,
1992-01-25,バンダイ,ドラゴンボールZ超サイヤ伝説,-,4,RPG,"￥9,500","￥9,500代",0,64,,荻野目洋|A.K,しみずかずや,,高野充彦,,田中信行|浅沼誠|橋本名人,
1992-01-28,スクウェア,ロマンシングサ・ガ,31,4,RPG,"￥9,500","￥9,500代",98,64,,河津秋敏,小久保啓三|吉枝悟|穴澤友樹|赤尾実,河津秋敏|小林智美|代島学|高井浩,伊藤賢治,河津秋敏,宮本雅史,
1992-01-31,エニックス,ソウルブレイダー,32,4,RPG,"￥8,800","￥9,000代",0,64,,橋本昌哉,橋本昌哉,横田幸次|高井政彦|松室剛|眞島真太郎,タケカワユキヒデ,宮崎友好,曽根康征,
1992-02-14,エポック社,ドラゴンスレイヤー英雄伝説,-,4,RPG,"￥9,800","￥10,000代",0,16,,,,,,,,
1992-02-21,セタ,エキゾースト・ヒート,-,4,RCG,"￥8,900","￥9,000代",0,64,,,,,,,,
1992-02-28,アイ・ジー・エス,ロケッティア,-,4,ACT,"￥8,900","￥9,000代",0,0,,,,,ジェームズ・ホーナー,デイブ・スティーブンス(英語版),,
1992-02-28,コナミ,魂斗羅スピリッツ,-,4,ACT,"￥8,500","￥8,500代",0,0,,中里伸也,八井田満|菅波秀幸,中里伸也|猿田雅之,柳沢美紀|安達昌宣|岩瀬立飛,,北上一三,
1992-03-06,データイースト,スーパーバーディラッシュ,-,4,SPT,"￥8,800","￥9,000代",0,64,,,,,,,,
1992-03-07,チュンソフト,弟切草,-,4,ADV,"￥8,800","￥9,000代",0,64,,,,,,,,
1992-03-19,タカラ,新世紀GPXサイバーフォーミュラ,-,4,RCG,"￥8,800","￥9,000代",0,0,,,,いのまたむつみ(原案)|吉松孝博|河森正治|いのまたむつみ(原案)|久行宏和,佐橋俊彦,矢立肇,,
1992-03-19,ビクターエンタテインメント,R.P.M.Racing,-,2,RCG,"￥8,800","￥9,000代",0,16,,,,,,,,
1992-03-19,光栄,スーパー伊忍道打倒信長,-,5,RPG,"￥11,800","￥12,000代",0,64,,,,,若桑比織,,シブサワ・コウ,
1992-03-20,アスミック,超攻合神サーディオン,-,4,ACT,"￥8,800","￥9,000代",0,64,,おかもとひろし,田中衛,神田善美|カトキハジメ|森木靖泰,田中公平,,小川真司,
1992-03-20,カプコン,ファイナルファイトガイ,-,4,ACT,"￥8,500","￥8,500代",0,0,,,金子清巳|上山真一|Tomiyan|Yokoyan,西谷亮|安田朗,藤田晴美|藤田靖明|松前真奈美|坂口由洋|下村陽子|高岡宏光|民谷淳子,,岡本吉起,
1992-03-27,アスキー,SMASH・T.V.,31,2,ACT,"￥7,800","￥8,000代",0,0,,,マーク・ターメル,ユージン・P・ジャーヴィス|ジョン・トビアス(英語版)|ティム・コマン,ジョン・ヘイ,,,
1992-03-27,ジャレコ,ラッシングビート,-,4,ACT,"￥8,700","￥8,500代",0,0,,,PANIC YUMA,倉持亮一|倉持伸幸|前川恵一|渡辺忠彦|高橋将人,高芝泰彦|伊勢村篤義,,,
1992-03-27,日本コンピュータシステム,らんま1／2町内激闘篇,-,4,ACT,"￥8,800","￥9,000代",0,0,,山本克利,山本克利,只隈圭介|只隈圭介|有賀ヒトシ|斉藤智晴,榎木淳|赤堀正直,,土田俊郎,
1992-03-27,バンプレスト,ザ・グレイトバトルⅡラストファイターツイン,-,4,ACT,"￥8,200","￥8,000代",0,0,,,,,富樫則彦,,,
1992-03-27,レーザーソフト,スーパーヴァリス赤き月の乙女,-,4,ACT,"￥8,500","￥8,500代",0,0,,,,,,,,
1992-03-27,ケムコ,トップレーサー,-,2,RCG,"￥7,800","￥8,000代",0,0,,,,,,,,
1992-03-27,ナグザット,バトルグランプリ,-,4,RCG,"￥8,500","￥8,500代",0,0,,,,,,,,
1992-03-27,HAL研究所,カードマスターリムサリアの封印,-,4,RPG,"￥8,900","￥9,000代",0,64,,橋口茂|MAT SUTAKE,,,石川淳|安藤浩和,橋口茂|葛西重忍,,
1992-03-27,アテナ,S.T.G.(エスティージー),-,4,SHT,"￥8,900","￥9,000代",0,0,,玉井広宣,,,佐々木彰太郎,玉井広宣,中村栄,
1992-03-27,タイトー,ハットトリックヒーロー,-,2,SPT,"￥8,000","￥8,000代",0,0,,,中村辰男|岩崎雄二|征矢野伸二|ながはらくさご|つねきよこうじ|黒沢孝,こぼりたけし|こぼりたけし|関本努|平松信宏|PEACOCK,小倉久佳|渡部恭久,,,
1992-03-27,ナムコ,スーパーファミスタ,-,4,SPT,"￥7,900","￥8,000代",0,0,,岸本好弘,佐々木英隆,島本昌弘|柳沢直幹,川元義徳,,永島洋武,
1992-03-28,バンダイ,まじかる☆タルるートくんMAGICADVENTURE,-,2,ACT,"￥8,000","￥8,000代",0,64,,,,,,,,
1992-04-03,ポニーキャニオン,ウルティマⅥ偽りの予言者,-,4,RPG,"￥9,800","￥10,000代",0,64,,,,,,,,
1992-04-05,光栄,エアーマネジメント大空に賭ける,-,4,SLG,"￥11,800","￥12,000代",0,64,,,,,,,,
1992-04-05,ツクダオリジナル,オセロワールド,-,4,TBL,"￥8,700","￥8,500代",0,0,,,,,,,,
1992-04-10,T＆Eソフト,ペブルビーチの波濤,-,4,SPT,"￥9,800","￥10,000代",0,64,,横山英二,加藤英治,中島健二,冨田茂,,横山俊朗,
1992-04-21,データム・ポリスター,豪槍神雷伝説武者,-,4,ACT,"￥8,800","￥9,000代",0,16,,,杉浦史博,DINO RIDER|中林勝則,飛鳥川清子,,岡田隆|富川亜紀子|浅和綾子,
1992-04-24,シグマ商事,摩訶摩訶,-,4,RPG,"￥8,700","￥8,500代",0,64,,えびたいしょう,,おびゃななほど|相原コージ,知久光康,戸田博史,,
1992-04-24,データイースト,ヘラクレスの栄光Ⅲ神々の沈黙,-,4,RPG,"￥8,800","￥9,000代",0,64,,,,,,,,
1992-04-24,アクレイムジャパン,WWFスーパーレッスルマニア,-,4,SPT,"￥8,800","￥9,000代",0,0,,,,,,,,
1992-04-24,ジャレコ,スーパーカップサッカー,-,4,SPT,"￥9,000","￥9,000代",0,64,,,,,,,,
1992-04-28,ホット・ビィ,スーパー上海ドラゴンズアイ,-,4,PZL,"￥7,800","￥8,000代",0,0,,,,,,,,
1992-04-28,ビデオシステム,F-1GRANDPRIX,-,4,RCG,"￥9,700","￥9,500代",0,64,,,,,板村直樹,,S.NOZAKI,
1992-04-28,東宝,スーパーアレスタ,32,4,SHT,"￥8,700","￥8,500代",0,0,,,広野隆行,広野隆行|寺本耕二,竹内啓史|長尾亮利|田中勝己,,角田純一|竹野雅人|谷田貴史,
1992-04-28,ソフエル,拳闘王ワールドチャンピオン,-,2,SPT,"￥8,000","￥8,000代",0,0,,,,,,,,
1992-05-01,サミー,バトルブレイズ,-,4,ACT,"￥8,700","￥8,500代",0,0,,,,,,,,
1992-05-23,バンダイ,甲竜伝説ヴィルガスト消えた少女,-,4,RPG,"￥9,000","￥9,000代",0,64,,,,,,,,
1992-05-29,カプコン,マジックソード,-,4,ACT,"￥8,500","￥8,500代",0,0,,,江川陽一|綱崎裕三|岡田成司|Y.ORONISHI,大西嘉美|貞本友思|岡本吉起|栗原明美|きたやまけいこ|E.NISHIHARA|貞本友思,後藤真奈美,,,
1992-05-29,ウルフ・チーム,斬Ⅱスピリッツ,-,4,SLG,"￥9,800","￥10,000代",0,64,,,,,,,,
1992-06-10,カプコン,ストリートファイターⅡ,35,7,ACT,"￥9,800","￥10,000代",290,0,,西谷亮,,西谷亮(NIN)|安田朗(AKIMAN),下村陽子|阿部功,,岡本吉起,
1992-06-19,HAL研究所,スーパーダンクショット,-,4,SPT,"￥8,600","￥8,500代",0,0,,,,,,,,
1992-06-19,アイマックス,スーパー将棋,-,4,TBL,"￥8,800","￥9,000代",0,64,,,,,,,,
1992-06-26,タイトー,キャメルトライ,-,4,ACT,"￥8,500","￥8,500代",0,0,,,,海道賢仁,PINCH-PUNCH,,海道賢仁,
1992-06-26,エンジェル,横山光輝三国志,-,4,SLG,"￥9,500","￥9,500代",0,64,,,,荒木伸吾|姫野美智,西村麻聡,横山光輝,,
1992-06-26,キングレコード,アストラルバウト,-,4,SPT,"￥9,030","￥9,000代",0,0,,,,,,,,
1992-06-26,ケイ・アミューズメントリース,甲子園2,-,4,SPT,"￥8,900","￥9,000代",0,64,,,,,,,,
1992-07-03,日本コンピュータシステム,プリンスオブペルシャ,-,4,ACT,"￥8,800","￥9,000代",0,0,,,ジョーダン・メックナー,ジョーダン・メックナー,フランシス・メックナー,,ブライアン・エーラー,
1992-07-03,パック・イン・ビデオ,スーパーオフロード,-,2,RCG,"￥6,900","￥7,000代",0,0,,,,,,,,
1992-07-03,トンキンハウス,LightFantasy,-,4,RPG,"￥8,900","￥9,000代",0,64,,,,,,,,
1992-07-03,コナミ,パロディウスだ!神話からお笑いへ,-,4,SHT,"￥8,500","￥8,500代",0,0,,,徳田典,GAKINCHO|TOUYOU SYOUTAROU|三好威正|MORY-WANDAYU|MIKACHAN,村岡一樹,,,
1992-07-03,アテナ,スーパーボウリング,-,2,SPT,"￥8,300","￥8,500代",0,0,,,,,,,,
1992-07-03,イマジニア,PGAツアーゴルフ,-,2,SPT,"￥8,500","￥8,500代",0,64,,,,,,,,
1992-07-10,タイトー,ゆうゆのクイズでGO!GO!,-,4,ETC,"￥8,500","￥8,500代",0,0,,藤田司,渋谷康洋|川元和彦,越中登|木下昌也|沼田和博|森田雅子,河本圭代,,,
1992-07-10,東映動画,北斗の拳5天魔流星伝哀・絶章,-,4,RPG,"￥8,900","￥9,000代",0,64,,,,,フランク・ワイルドホーン,高橋亜子,,
1992-07-14,任天堂,マリオペイント,35,4,ETC,"￥9,800","￥10,000代",0,256,,松岡洋史,寺本憲明|今井賢治|中嶋健之|久保田源治,松岡洋史,田中宏和|吉富亮二|戸高一生,,横井軍平,
1992-07-17,アイレム,ダイナウォーズ恐竜王国への大冒険,-,4,ACT,"￥8,800","￥9,000代",0,0,,,,,,,,
1992-07-17,エピック・ソニーレコード,HOOK,-,4,ACT,"￥8,500","￥8,500代",0,0,,,,,,,,
1992-07-17,ロジーク,鈴木亜久里のF1スーパードライビング,-,4,RCG,"￥8,800","￥9,000代",0,64,,,,,,,,
1992-07-17,テクモ,キャプテン翼Ⅲ皇帝の挑戦,31,4,SPT,"￥8,900","￥9,000代",0,64,,,,,,,,
1992-07-17,ココナッツジャパンエンターテイメント,パチンコウォーズ,-,4,TBL,"￥9,500","￥9,500代",0,0,,,,,,,,
1992-07-23,ナムコ,サンドラの大冒険ワルキューレとの出逢い,-,4,ACT,"￥8,300","￥8,500代",0,0,,,,冨士宏,富樫則彦,,,
1992-07-24,コナミ,T.M.N.T.タートルズインタイム,30,4,ACT,"￥8,500","￥8,500代",0,0,,Gen Suzuki(AC)|Yorozuya Juggling Group(SFC),K. Takabayashi| Y. Furukawa(AC)|奥田康雄|下野俊典|中川栄治|森平茂樹(SFC),Masami Inafuku| M. Moriyama| Soichiro Kitai(AC)|Kumiko Ogawa| 橋本征貢| Hiromi Sumida(SFC),泉陸奥彦|小倉努(AC)|上原和彦|上高治己(SFC),,,
1992-07-24,東芝EMI,サイバリオン,-,4,ACT,"￥8,600","￥8,500代",0,0,,,藤末一郎|石井岳,三辻富貴朗|三辻富貴朗|讃岐平|藤田允|栗城源也|利光直子|永井寛保,渡部恭久(AC)|松尾早人(SFC),,,
1992-07-24,日本物産,スーパーエフワンサーカス(01),-,4,RCG,"￥8,800","￥9,000代",0,64,,,,,,,,
1992-07-24,アトラス,ブレイゾン,-,4,SHT,"￥8,500","￥8,500代",0,0,,,,,,,,
1992-07-24,ハドソン,アースライト,-,4,SLG,"￥8,500","￥8,500代",0,64,,,,,前野知常,,,
1992-07-24,サミー,ウルティメイトフットボール,-,4,SPT,"￥8,700","￥8,500代",0,0,,,,,,,,
1992-07-28,ユタカ,3×3EYES(サザンアイズ)聖魔降臨伝,-,4,RPG,"￥9,500","￥9,500代",0,64,,,,,,,,
1992-07-31,アトラス,機甲警察メタルジャック,-,4,ACT,"￥8,800","￥9,000代",0,0,,,,内田順久|牧野行洋,岩崎文紀,矢立肇,,
1992-07-31,カルチャーブレーン,飛龍の拳Sゴールデンファイター,-,6,ACT,"￥9,700","￥9,500代",0,0,,,,,,,,
1992-07-31,タカラ,キング・オブ・ザ・モンスターズ,-,4,ACT,"￥8,800","￥9,000代",0,0,,,,,田中敬一|西田和弘,,,
1992-07-31,サンソフト,炎の闘球児ドッジ弾平,-,4,SPT,"￥8,500","￥8,500代",0,0,,,,はしもとかつみ|郷敏治,勝又隆一,こしたてつひろ,,
1992-08-05,光栄,スーパー大航海時代,-,4,SLG,"￥11,800","￥12,000代",0,64,,,,,菅野よう子,,フクザワ・エイジ,
1992-08-07,アスキー,スピンディジーワールド,-,4,ACT,"￥8,800","￥9,000代",0,0,,,,,,,,
1992-08-07,カプコン,スーパーパン,-,4,ACT,"￥7,500","￥7,500代",0,0,,,,宮本茂,近藤浩治,,竹田玄洋,
1992-08-07,BPS,パイプドリーム,-,2,PZL,"￥7,500","￥7,500代",0,0,,アキラ・レッドマー,アキラ・レッドマー|ステファン・L・バトラー,アキラ・レッドマー|ステファン・L・バトラー|ゲイリー・ウィニック|マーク・J・フェラーリ|スティーヴ・パーセル|マイク・エバート|エリック・ジョンストン,ジョン・デール,,,
1992-08-07,テクノスジャパン,初代熱血硬派くにおくん,-,4,RPG,"￥8,900","￥9,000代",0,16,,,もりしんいち|なんばやすいちろう|すやなおき|熊谷慎太郎|松本康宏,澤田典宏|津田昇|岸本良久|石黒誠一郎|根立克行|せきかわじゅんいちろう|澤田典宏,井上晃|平沢道也|浦部拓,,瀧邦夫,
1992-08-07,ケムコ,ファランクス,-,4,SHT,"￥8,900","￥9,000代",0,0,,,,,,,,
1992-08-07,ジャレコ,スーパープロフェッショナルベースボールⅡ,-,4,SPT,"￥9,000","￥9,000代",0,64,,,,,,,,
1992-08-07,ハドソン,スーパー桃太郎電鉄Ⅱ,-,4,TBL,"￥8,800","￥9,000代",0,64,,さくまあきら|飛田雅宏,青山光(青山公士),土居孝幸,関口和之,,浦敏治,
1992-08-11,アルトロン,ホーム・アローン,-,2,ACT,"￥8,800","￥9,000代",0,0,,,,,ジョン・ウィリアムズ,ジョン・ヒューズ,,
1992-08-21,ユタカ,キン肉マンDIRTYCHALLENGER,-,2,ACT,"￥7,800","￥8,000代",0,0,,,,,富樫則彦,,,
1992-08-22,アイマックス,スーパー麻雀,-,2,TBL,"￥8,000","￥8,000代",0,0,,,,,,,,
1992-08-27,任天堂,スーパーマリオカート,32,2,RCG,"￥8,900","￥9,000代",382,16,,杉山直|紺野秀樹,木村雅人|矢嶋肇|山本健二,杉山直|森直樹|小田部羊一|MIE YOSHIMURA|小泉歓晃,岡素世|阪東太郎,,山内溥|宮本茂,
1992-08-28,バンプレスト,CBキャラウォーズ失われたギャーグ,-,4,ACT,"￥8,500","￥8,500代",0,0,,七條たかし,塩谷博光|古田哲也,七條たかし|藤岡英俊|若月康雄|早川直行|七條たかし,安西史孝,,じっぱひとからげ,
1992-08-28,マイクロアカデミー,ウルトラベースボール実名版,-,2,SPT,"￥8,800","￥9,000代",0,64,,,,,,,,
1992-09-11,コナミ,アクスレイ,-,4,SHT,"￥8,800","￥9,000代",0,0,,,上田英生,小玉紀年|矢田凡成|難波和宏,工藤太郎,,北上一三,
1992-09-11,テイチク,アクロバットミッション,-,4,SHT,"￥8,800","￥9,000代",0,0,,,新井利男,金子むつお|神菊かおる|青山きんや|金子むつお|富沢みのる,長島義夫|西川ひろし,,,
1992-09-12,エンジェル,SD機動戦士ガンダムV作戦始動,-,2,ACT,"￥7,800","￥8,000代",0,0,,,,,,,,
1992-09-12,光栄,スーパー麻雀大会,-,2,TBL,"￥9,800","￥10,000代",0,64,,,,,若桑比織,,シブサワ・コウ,
1992-09-18,ユタカ,SDガンダムXスーパーガチャポンワールド,-,4,SLG,"￥9,500","￥9,500代",0,64,,,,,,,,
1992-09-18,T＆Eソフト,ワイアラエの奇蹟,-,4,SPT,"￥9,800","￥10,000代",0,64,,横山英二,加藤英治,中島健二,冨田茂,,横山俊朗,
1992-09-24,光栄,提督の決断,-,5,SLG,"￥14,800","￥15,000代",0,256,,,,,宮川泰,シブサワ・コウ,シブサワ・コウ,
1992-09-25,タイトー,ソニックブラストマン,-,4,ACT,"￥8,500","￥8,500代",0,0,,,,,,,,
1992-09-25,アスキー,大戦略エキスパート,-,4,SLG,"￥9,800","￥10,000代",0,256,,,,,,,,
1992-09-25,徳間書店インターメディアカンパニー,銀河英雄伝説,-,4,SLG,"￥9,800","￥10,000代",0,64,,,,,,,,
1992-09-25,パルソフト,ぎゅわんぶらあ自己中心派麻雀皇位戦,-,2,TBL,"￥8,800","￥9,000代",0,0,,,,,,,,
1992-09-27,エニックス,ドラゴンクエストV天空の花嫁,36,6,RPG,"￥9,600","￥9,500代",280,64,,山名学,桝田賢一|成田東吾,堀井雄二|鳥山明,すぎやまこういち,堀井雄二,千田幸信,
1992-09-29,ナムコ,スカイミッション,-,2,SLG,"￥8,300","￥8,500代",0,0,,,スティーヴ・ヒューズ,ジェレミー・カンター|ステファン・トムソン,ジョージ・サンガー,,ケン・ロブ,
1992-10-09,エポック社,ロードモナーク,-,2,SLG,"￥8,800","￥9,000代",0,64,,,,,,,,
1992-10-16,テクノスジャパン,リターン・オブ・双截龍,-,4,ACT,"￥8,600","￥8,500代",0,0,,,,,,,,
1992-10-22,光栄,スーパーロイヤルブラッド,-,4,SLG,"￥9,800","￥10,000代",0,64,,,,,伊藤ヨシユキ|新田真澄,,シブサワ・コウ,
1992-10-23,ミサワエンターテインメント,アダムスファミリー,-,4,ACT,"￥8,800","￥9,000代",0,0,,,,,,,,
1992-10-23,日本物産,スーパーF-1サーカスリミテッド,-,4,RCG,"￥9,200","￥9,000代",0,64,,,,,,,,
1992-10-29,ナムコ,コズモギャングザビデオ,-,4,SHT,"￥7,900","￥8,000代",0,0,,,伊藤なおき,見城こうじ|いからしたつや,荒川美恵,,,
1992-10-30,アトラス,真・女神転生,36,6,RPG,"￥9,800","￥10,000代",0,64,,岡田耕始,佐藤雅美|岡田耕始|國枝剛|高木秀俊,伊藤龍太郎|藤岡一樹|しまだよしあき|鈴木一也(遊企画)|佐藤佐和子|村上哲也|片岡いずみ|高島志郎|金子一馬,増子司,鈴木一也|伊藤龍太郎,新野洋右,
1992-10-30,トンキンハウス,サイバーナイト,-,4,RPG,"￥8,900","￥9,000代",0,64,,みんみん宮田,POCHI NAKAMORI,水野良|グループSNE|大河原邦男,迫田敏明|宮本昌知|塚本雅信|ATARASHI|DAVID|竹内啓史,山本弘|グループSNE,浦井郁郎,
1992-11-06,ヒロ,スーパーリニアボール,-,2,ACT,"￥8,000","￥8,000代",0,0,,,,,,,,
1992-11-08,光栄,三國志Ⅲ,-,6,SLG,"￥14,800","￥15,000代",0,256,,,,,向谷実,,シブサワ・コウ,
1992-11-13,アスミック,レナス古代機械の記憶,-,6,RPG,"￥9,600","￥9,500代",0,64,,柴尾英令,のむらこうへい,加藤龍勇|後藤啓介|今井修司,田中公平,柴尾英令,岡本博|小川真司,
1992-11-13,ココナッツジャパンエンターテイメント,スーパーSWIV,-,4,SHT,"￥9,500","￥9,500代",0,0,,,ロナルド・ピケット・ウィーサリック,ネド・ラングマン,デヴィッド・ウィテカー(英語版),,,
1992-11-20,カプコン,ミッキーのマジカルアドベンチャー,30,4,ACT,"￥8,500","￥8,500代",0,0,,,篠原雅嗣,山本尚司|大西淑文|石原雄二,山口真理|西村達也,,ノア・ダッドリー,
1992-11-20,東映動画,北斗の拳6激闘伝承拳覇王への道,-,6,ACT,"￥8,900","￥9,000代",0,0,,,,,フランク・ワイルドホーン,高橋亜子,,
1992-11-20,レーザーソフト,対決!!ブラスナンバーズ,-,4,ACT,"￥8,500","￥8,500代",0,0,,,,,,,,
1992-11-20,トミー,アメリカ横断ウルトラクイズ,-,4,ETC,"￥8,700","￥8,500代",0,0,,,,,,,高橋靖二(第12回 - 第16回)|篠崎安雄(第12回・第13回)|城朋子(“今世紀最後”)|※全てCP,
1992-11-20,ヒューマン,ヒューマン・グランプリ,-,4,RCG,"￥9,700","￥9,500代",0,256,,,,,,,,
1992-11-20,アスキー,ウィザードリィV災渦の中心,-,4,RPG,"￥9,800","￥10,000代",0,64,,,,,,,,
1992-11-20,バンプレスト,ヒーロー戦記プロジェクトオリュンポス,-,6,RPG,"￥9,600","￥9,500代",0,64,,,渡邊猛|庄真宏|大西康成,阪田雅彦|大河原邦男,田中伸一|山根昇,阪田雅彦|森田康楠,山田俊彦,
1992-11-21,データム・ポリスター,CACOMAKNIGHT(カコマナイト),-,2,PZL,"￥7,800","￥8,000代",0,0,,,,,,,,
1992-11-27,アイレム,ガンフォース,-,2,ACT,"￥8,300","￥8,500代",0,0,,,,,木村浩,,,
1992-11-27,KANEKO,パワーアスリート,-,4,ACT,"￥8,500","￥8,500代",0,0,,,,,,,,
1992-11-27,タカラ,餓狼伝説宿命の闘い,-,6,ACT,"￥9,800","￥10,000代",0,0,,,,,,,,
1992-11-27,ビクターエンタテインメント,アウター・ワールド,30,4,ACT,"￥8,800","￥9,000代",0,0,,,エリック・シャイ,エリック・シャイ(英語版)|エリック・シャイ,ジーン・フランソワ・フレータス,,,
1992-11-27,やのまん,ソング・マスター,-,4,RPG,"￥9,000","￥9,000代",0,64,,,おおくぼしょうご|ROWDY HERDY|AKI2,AKI|拔山敏弘,田中剛|COZY,石井一豊|SAY,日野晃博|石井一豊,
1992-11-27,サミー,バルバロッサ,-,4,SLG,"￥9,800","￥10,000代",0,64,,,,,,,,
1992-11-27,ジャレコ,ロイヤルコンクエスト,30,2,SLG,"￥8,500","￥8,500代",0,0,,,,,,,,
1992-11-27,ケイ・アミューズメントリース,あしたのジョー,-,4,SPT,"￥8,900","￥9,000代",0,0,,竹内啓雄|大賀俊二|西久保瑞穂,,,荒木一郎,高森朝雄,,
1992-11-27,トンキンハウス,バレーボールTwin,-,4,SPT,"￥8,900","￥9,000代",0,64,,,,,,,,
1992-12-04,ケイ・アミューズメントリース,ミステリーサークル,-,4,PZL,"￥8,300","￥8,500代",0,0,,,,,,,,
1992-12-04,アイレム,メジャータイトル,30,4,SPT,"￥8,800","￥9,000代",0,0,,,,,,,,
1992-12-04,東宝,芹沢信雄のバーディトライ,-,4,SPT,"￥9,600","￥9,500代",0,64,,,,,,,,
1992-12-04,ホット・ビィ,スーパーブラックバス,-,4,SPT,"￥9,800","￥10,000代",0,0,,,,,,,,
1992-12-06,スクウェア,ファイナルファンタジーV,34,7,RPG,"￥9,800","￥10,000代",245,64,,坂口博信,成田賢,伊藤裕之|天野喜孝,植松伸夫,坂口博信|北瀬佳範|(リレー方式),,
1992-12-11,カルチャーブレーン,飛龍の拳Sハイパーバージョン,-,6,ACT,"￥9,700","￥9,500代",0,0,,,,,,,,
1992-12-11,RIOT,PsychoDream(サイコドリーム),-,4,ACT,"￥8,900","￥9,000代",0,0,,,,,,,,
1992-12-11,サンソフト,弁慶外伝沙の章,-,6,RPG,"￥9,600","￥9,500代",0,64,,,,,,,,
1992-12-11,エピック・ソニーレコード,白熱プロ野球ガンバリーグ'93,-,6,SPT,"￥9,500","￥9,500代",0,64,,,,,,,,
1992-12-11,タカラ,大相撲魂,-,4,SPT,"￥9,000","￥9,000代",0,64,,,,,,,,
1992-12-11,バンプレスト,バトルサッカーフィールドの覇者,-,4,SPT,"￥9,500","￥9,500代",0,64,,,,,,,,
1992-12-11,ココナッツジャパンエンターテイメント,パチ夫くんスペシャル,-,4,TBL,"￥9,800","￥10,000代",0,64,,,,,,,,
1992-12-14,ビック東海,機動装甲ダイオン,-,4,SHT,"￥8,500","￥8,500代",0,0,,,今井盛徳,はやかわよう|村田護郎|杉田篤彦,佐藤天平,,きのしたかずあき,
1992-12-18,データイースト,戦え原始人2ルーキーの大冒険,-,2,ACT,"￥8,000","￥8,000代",0,0,,,,,,,,
1992-12-18,コナミ,タイニー・トゥーンアドベンチャーズ,-,4,ACT,"￥8,000","￥8,000代",0,0,,,,,ブルース・ブロートン,ポール・ディニ,,
1992-12-18,日本コンピュータシステム,重装機兵ヴァルケン,32,4,ACT,"￥8,800","￥9,000代",0,0,,,,,,,,
1992-12-18,ビクターエンタテインメント,スーパー・スター・ウォーズ,-,4,ACT,"￥8,800","￥9,000代",0,0,,,,,,,,
1992-12-18,BPS,スーパーテトリス2+ボンブリス,-,4,PZL,"￥8,500","￥8,500代",0,16,,,,,,,,
1992-12-18,バリエ,中嶋悟監修SUPERF1HERO,-,4,RCG,"￥8,900","￥9,000代",0,0,,,,,,,,
1992-12-18,ユタカ,SDガンダム外伝2円卓の騎士,-,4,RPG,"￥9,500","￥9,500代",0,64,,,,ファイアーおかもと,上村みゆき,ギヤマンまつなが|ファイアーおかもと,バーサル騎士鈴木,
1992-12-18,ソフエル,フライングヒーローぶぎゅるーの大冒険,-,4,SHT,"￥8,800","￥9,000代",0,0,,,,,田中光人,,,
1992-12-18,ヘクト,ステルス,-,4,SLG,"￥9,700","￥9,500代",0,64,,,,,,,,
1992-12-18,ナムコ,スーパー大相撲熱戦大一番,-,4,SPT,"￥8,800","￥9,000代",0,0,,,,,,,,
1992-12-18,パック・イン・ビデオ,アメージングテニス,-,4,SPT,"￥8,800","￥9,000代",0,0,,,,,,,,
1992-12-18,ナグザット,ナグザットスーパーピンボール邪鬼破壊,-,4,TBL,"￥8,500","￥8,500代",0,0,,,,,,,,
1992-12-18,日本物産,スーパーニチブツマージャン(03),-,4,TBL,"￥8,800","￥9,000代",0,64,,,,,,,,
1992-12-19,スクウェア,半熟英雄ああ、世界よ半熟なれ,30,4,SLG,"￥9,500","￥9,500代",0,64,,,,,,,,
1992-12-21,ゲームプラン21,46億年物語はるかなるエデンへ,-,6,ACT,"￥9,600","￥9,500代",0,64,,,,,,,,
1992-12-22,サンソフト,LOONEYTUNESロードランナーVSワイリーコヨーテ,-,4,ACT,"￥8,600","￥8,500代",0,0,,,,,,,,
1992-12-22,ジャレコ,ラッシング・ビート乱複製都市,-,6,ACT,"￥9,600","￥9,500代",0,0,,,吉田明広|大原健志|猪ヶ倉康雄|竹内史郎,星和明|倉持亮一|倉持伸幸|渡辺忠彦|前川恵一|渡部輝彦|高橋将人,伊勢村篤義|内田哉,,,
1992-12-22,タカラ,少年アシベゴマちゃんのゆうえんち大冒険,-,2,ACT,"￥7,800","￥8,000代",0,0,,,,,,,,
1992-12-22,ナツメ,奇々怪界謎の黒マント,-,4,ACT,"￥8,500","￥8,500代",0,0,,,いしはらかずひこ,あさりよしとお|谷口俊一|にしやまともゆき,岩月博之,服部嘉人,,
1992-12-23,テクノスジャパン,コンバットライブス,-,6,ACT,"￥9,300","￥9,500代",0,0,,谷本敦|富山徳之,西村成孝,緒方孝治,山根一央,,,
1992-12-25,日本コンピュータシステム,らんま1／2爆烈乱闘篇,-,6,ACT,"￥9,600","￥9,500代",0,0,,,山本克利|樋口幸弘,有賀ヒトシ|桜井正則|小沢努|只隈圭介,岡本智郎,松田明生,菅沼孝夫|盛武源|土田俊郎,
1992-12-25,テクモ,テクモスーパーNBAバスケットボール,-,4,SPT,"￥8,900","￥9,000代",0,64,,,,,,,,
1992-12-25,ヒューマン,スーパーファイヤープロレスリング2,-,4,SPT,"￥8,500","￥8,500代",0,0,,吉田秀司,野村弘治|渡邊肇|内山隆博|坂上公一,浅古大輔|増田雅人|高岡謙次|大内啓輔|門間毅|喜多功治郎|市川宏,庭山博也|山崎正通|田中宏典,,,
1992-12-25,ビデオシステム,スーパーバレーⅡ,-,4,SPT,"￥8,900","￥9,000代",0,64,,,,,,,,
1992-12-25,ミサワエンターテインメント,SUPERKICKOFF(スーパーキックオフ),-,2,SPT,"￥7,700","￥7,500代",0,64,,,,,,,,
1992-12-25,アイ・ジー・エス,哭きの竜麻雀飛翔伝,-,4,TBL,"￥9,800","￥10,000代",0,64,,,,,,,,
1992-12-25,タイトー,大爆笑人生劇場,-,4,TBL,"￥8,500","￥8,500代",0,0,,高橋章二,さとうふじひこ|はながたたかし|イトウわりゅー|カタナまさる,なかだしんじ|くろさわきょうこ|タイガーかとう|長尾隆史|加藤誠|伊藤啓司|もぎきよこ|川石徹|明石佳久|大原和浩|園田誠|金子陽子|斎藤慎,わたなべよしお,,,
1992-12-28,ヨネザワ,史上最強のクイズ王決定戦SUPER,-,4,ETC,"￥8,900","￥9,000代",0,64,,,,,,,,
1992-12-28,メルダック,THEKINGOFRALLYパリ・モスクワ・ペキン,-,4,RCG,"￥8,800","￥9,000代",0,0,,,,,,,,
1993-01-03,ハドソン,エルファリア,31,6,RPG,"￥9,500","￥9,500代",0,64,,桶谷正剛,桶谷正剛,上田和敏|寺岡大介|宮城拳|刈部雅章|松下進,三枝成彰|T'S MUSIC|滝本利昭,あだちひろし,青山英治|小林雅樹,
1993-01-08,アイ・ジー・エス,エイリアンVSプレデター,-,4,ACT,"￥9,800","￥10,000代",0,0,,,,,,,,
1993-01-14,アイ・ジー・エス,BURAI八玉の勇士伝説(ブライ),-,4,RPG,"￥9,800","￥10,000代",0,16,,,,,,,,
1993-01-16,光栄,ヨーロッパ戦線,-,6,SLG,"￥12,800","￥13,000代",0,256,,,,,大野雄二,,シブサワ・コウ,
1993-01-22,データム・ポリスター,負けるな!魔剣道,-,4,ACT,"￥8,800","￥9,000代",0,0,,,石指武|さいとうやすのり,よこやまあさこ|石指武,和久田貴浩,,,
1993-01-22,ロジーク,マイト・アンド・マジックBOOK2,-,4,RPG,"￥8,800","￥9,000代",0,64,,,,,,,,
1993-01-22,イマジニア,ポピュラス2,-,5,SLG,"￥9,800","￥10,000代",0,0,,,,,,,,
1993-01-22,ヒューマン,ドラゴンズ・アース,-,4,SLG,"￥8,500","￥8,500代",0,0,,,,,,,,
1993-01-25,ユタカ,うしおととら,-,4,ACT,"￥8,800","￥9,000代",0,0,,,,松原徳弘|森智子,瀬川英史,井上敏樹|米村正二|岸本みゆき,,
1993-01-29,ベック,スーパービックリマン,-,4,ACT,"￥7,800","￥8,000代",0,0,,貝澤幸男,,青山充,有澤孝紀,,,
1993-01-29,アクレイムジャパン,クリスティーワールド,-,2,ACT,"￥8,000","￥8,000代",0,0,,,,,,,,
1993-01-29,バップ,Q*bert3,-,2,PZL,"￥7,000","￥7,000代",0,0,,,ワーレン・デイビス,ワーレン・デイビス|ジェフリー・P・リー|テリー・ドゥーアーザフ,デヴィッド・ティール,,,
1993-01-29,パック・イン・ビデオ,スーパー倉庫番,-,2,PZL,"￥7,800","￥8,000代",0,0,,,,,,,,
1993-01-29,やのまん,信長公記,-,4,SLG,"￥12,500","￥12,500代",0,256,,,,,,,,
1993-01-29,ナムコ,ナムコットオープン,31,4,SPT,"￥8,800","￥9,000代",0,64,,,,,,,,
1993-01-29,ミサワエンターテインメント,ワールドクラスラグビー,-,2,SPT,"￥7,900","￥8,000代",0,0,,,,,,,,
1993-02-05,バンダイ,ゲゲゲの鬼太郎復活!!天魔大王,-,4,ACT,"￥8,800","￥9,000代",0,0,,林広幸,宍戸隆,笠浪膝呼|寺田一洋|馬場博年|水木しげる|馬場博年|笠浪慎二,小松邦博|伊藤康広|浜田智之,,,
1993-02-12,EAV,プロフットボール'93,30,4,SPT,"￥8,900","￥9,000代",0,0,,,,,,,,
1993-02-19,エポック社,ドラえもんのび太と妖精の国,-,2,ACT,"￥8,000","￥8,000代",0,0,,堀越丈広|葭原智,今井敏彦|池田慎一|佐藤久志,加藤栄吾|おきやまじゅん|ますやまゆういち|うさみせいじ,小川寿夫|沓掛隆志|松島友子,,沓掛隆志,
1993-02-19,トミー,ウォーリーをさがせ!絵本の国の大冒険,-,4,ADV,"￥9,500","￥9,500代",0,64,,,,,,,,
1993-02-19,アスミック,鋼鉄の騎士,-,4,SLG,"￥9,800","￥10,000代",0,64,,,,,,,,
1993-02-19,POW,喜国雅彦の雀闘士銅鑼王,-,4,TBL,"￥8,900","￥9,000代",0,0,,,,,,,,
1993-02-21,任天堂,スターフォックス,34,4,SHT,"￥9,800","￥10,000代",80,256,,江口勝也,ディラン・カスバート|ジャイルズ・ゴダード|クリスター・ウォンベル,今村孝矢,平澤創,,山内溥|宮本茂,
1993-02-26,アクレイムジャパン,バートの不思議な夢の大冒険,-,4,ACT,"￥8,800","￥9,000代",0,0,,,,,,,,
1993-02-26,コナミ,バットマンリターンズ,31,4,ACT,"￥8,800","￥9,000代",0,0,,,,,ダニー・エルフマン,ボブ・ケイン,,
1993-02-26,ビクターエンタテインメント,バトルテック,-,4,ACT,"￥9,800","￥10,000代",0,16,,,,,,,,
1993-02-26,ナムコ,コズモギャングザパズル,-,2,PZL,"￥7,900","￥8,000代",0,0,,見城こうじ,,,荒川美恵,,,
1993-02-26,ビデオシステム,F-1GRANDPRIXPARTⅡ,-,6,RCG,"￥9,800","￥10,000代",0,64,,,,,,,,
1993-02-26,サンソフト,Xak(サーク),-,6,RPG,"￥9,600","￥9,500代",0,64,,大津正徳,山田浩司|三曽田明|中津泰彦|山川富士男|永井勝也,柳島秀行|谷口恵津子,新田忠弘|笹井りゅうじ,,,
1993-02-26,イマジニア,シムアント,-,4,SLG,"￥12,800","￥13,000代",0,256,,,Mac版|ウィル・ライト|ジャスティン・マコーミック|ミック・フォーリー|IBM版|ダニエル・ゴールドマン|Amiga版|ブライアン・コンラッド,ウィル・ライト|ジャスティン・マコーミック|ジェニー・マーティン|スーザン・グリーン|マフィー・ヴァサレ|マット・サルコーニ,マシュー・ベラルド|スティーヴ・ヘールズ|ジャック・ソートン|クリス・シャルト,,ドン・ウォルターズ,
1993-02-26,エンジェル,織田信長覇王の軍団,-,4,SLG,"￥9,500","￥9,500代",0,64,,,,,,,,
1993-02-26,光栄,リーディングカンパニー,-,4,SLG,"￥12,800","￥13,000代",0,64,,,,,,,,
1993-02-26,EAV,NBAプロバスケットボールブルズVSブレイザーズ,-,4,SPT,"￥8,900","￥9,000代",0,0,,,,,,,,
1993-03-05,ヘクト,イーハトーヴォ物語,-,4,ADV,"￥9,700","￥9,500代",0,16,,つるやじゅん,ふくやままさかつ,おだちひろよ,多和田吏,まわたりせいいちろう,関雅行,
1993-03-05,セタ,エキゾースト・ヒートF1ドライバーへの軌跡,-,4,RCG,"￥9,800","￥10,000代",0,32,,,,,,,,
1993-03-05,コブラチーム,ジョジョの奇妙な冒険,-,4,RPG,"￥9,500","￥9,500代",0,64,,,,,,,,
1993-03-05,サンソフト,アルバートオデッセイ,-,4,RPG,"￥9,600","￥9,500代",0,64,,,渥美博明,AKIRA.M/B.B|Y.OIDA|鈴木のぶひで|後藤まもる,小高直樹,,渥美博明,
1993-03-05,データイースト,METALMAX2,31,4,RPG,"￥9,500","￥9,500代",0,64,,吉田穂積|兼安時紀,菅原康弘|福島純|田内智樹,宮岡寛|きむらはじめ|とみさわ昭仁|山本貴嗣,門倉聡,,桝田省治,
1993-03-05,エレクトロ・ブレイン・ジャパン,スーパーキックボクシング,-,4,SPT,"￥8,800","￥9,000代",0,0,,,,,,,,
1993-03-05,T＆Eソフト,デビルズコース,-,4,SPT,"￥9,800","￥10,000代",0,64,,,,,,リンジー・デヴリン,,
1993-03-05,トミー,モノポリー,30,4,TBL,"￥9,700","￥9,500代",0,64,,,,チャールズ・B・ダロウ (en) ,,,,
1993-03-12,ヘクト,カリフォルニアゲームズⅡ,-,4,ACT,"￥8,800","￥9,000代",0,0,,,,,,,,
1993-03-12,マイクロワールド,EDONO牙(エドノキバ),-,4,ACT,"￥8,900","￥9,000代",0,0,,,,,,,,
1993-03-12,クエスト,伝説のオウガバトル,33,7,SLG,"￥9,600","￥9,500代",0,64,,松野泰己,森岡伸夫|佐藤孝|小川昌也,松野泰己|吉田明彦|皆川裕史,岩田匡治|崎元仁|松尾早人,,徳川誠,
1993-03-12,ケイ・アミューズメントリース,2020年スーパーベースボール,-,6,SPT,"￥8,900","￥9,000代",0,0,,,,,,,,
1993-03-12,ナムコ,スーパーファミスタ2,-,4,SPT,"￥7,900","￥8,000代",0,0,,岸本好弘,佐々木英隆,島本昌弘|林幸人|我妻吉則|ほどのゆきお,川元義徳,,,
1993-03-19,インフォコム,ナイジェル・マンセルF1チャレンジ,-,4,RCG,"￥8,800","￥9,000代",0,0,,,,,,,,
1993-03-19,ナグザット,超魔界大戦!どらぼっちゃん,-,4,RPG,"￥8,800","￥9,000代",0,16,,,,,,,,
1993-03-19,ポニーキャニオン,ジャングルウォーズ2古代魔法アティモスの謎,-,6,RPG,"￥9,500","￥9,500代",0,64,,さくまあきら(監修),富沢賢一|瓦吹隆|なりたりゅういち,木村初|富沢賢一|土居孝幸,岡本智郎,木村初,有元和彦,
1993-03-19,アテナ,バイオメタル,-,4,SHT,"￥8,980","￥9,000代",0,0,,,,,,,,
1993-03-19,ジャレコ,USAICEHOCKEY,-,4,SPT,"￥9,000","￥9,000代",0,64,,,,,,,,
1993-03-20,バンダイ,ドラゴンボールZ超武闘伝,-,7,ACT,"￥9,800","￥10,000代",145,0,,島田晋作|久保田昭史,まるこパパ|まるこ,清水厚二|竹花欣也|玉井裕和|高橋雅行|荒井翔子|しいのせいいちろう|いいだしんいち,山本健司|さばくまゆき,,鈴木敏弘,
1993-03-25,ナムコ,スーパーワギャンランド2,-,4,ACT,"￥8,300","￥8,500代",0,0,,,,,,,,
1993-03-25,光栄,スーパー蒼き狼と白き牝鹿元朝秘史,-,6,SLG,"￥11,800","￥12,000代",0,64,,,,,大島ミチル,,シブサワ・コウ,
1993-03-26,ケムコ,ブルースブラザース,-,2,ACT,"￥7,800","￥8,000代",0,0,,,,,,,,
1993-03-26,ジャレコ,DEADDANCE(デッドダンス),-,7,ACT,"￥9,700","￥9,500代",0,0,,あらいゆき,Byontar Nottengham|かせけんいち,あらいゆき|前川恵一|倉持伸幸,高芝泰彦|石田傑,青木浩司,,
1993-03-26,バンダイ,ウルトラセブン,-,4,ACT,"￥8,800","￥9,000代",0,0,,,,,,金城哲夫 ほか,,
1993-03-26,バンプレスト,ザ・グレイトバトルⅢ,-,5,ACT,"￥8,700","￥8,500代",0,0,,山田俊彦|奈良直志,小林俊一|小林秀樹|佐々木勇二郎|白井一之|岩崎哲史,竹矢吉孝|桑村英樹|納谷江司|山根一記|折笠圭介|高杉よしみ,富樫則彦,,ひろむ,
1993-03-26,ヴィジット,ザ・心理ゲーム悪魔のココロジー,-,4,ETC,"￥9,800","￥10,000代",0,64,,,,,,,,
1993-03-26,ウルフ・チーム,ノイギーア海と風の鼓動,-,4,RPG,"￥9,800","￥10,000代",0,16,,,,,,,,
1993-03-26,EAV,デザートストライク湾岸作戦,-,4,SHT,"￥8,900","￥9,000代",0,0,,,,,,,,
1993-03-26,コナミ,Pop'nツインビー,-,4,SHT,"￥8,900","￥9,000代",0,0,,,松岡伸浩|吉田晃之|奥谷友春,藤本武史|岸本方彰|山内円|薬師寺健雄|橋本征貢,上原和彦|碇子正広|井上秀登|冨田朋也|安慶名伸行|中島正恵|三木彩子,,,
1993-03-26,イマジニア,パワーモンガー魔将の謀略,-,4,SLG,"￥12,800","￥13,000代",0,0,,,,,,,大瀧詠一,
1993-03-26,テクモ,つっぱり大相撲立身出世編,-,4,SPT,"￥9,000","￥9,000代",0,64,,,,,,,,
1993-03-26,マイクロワールド,インターナショナル・テニスツアー,-,4,SPT,"￥8,900","￥9,000代",0,0,,,,,,,,
1993-04-02,光栄,エアーマネジメントⅡ航空王をめざせ,-,4,SLG,"￥12,800","￥13,000代",0,64,,,,,岩崎琢,,シブサワ・コウ,
1993-04-03,カプコン,ブレスオブファイア竜の戦士,-,6,RPG,"￥9,800","￥10,000代",0,64,,,金子清巳|こじまのりこ|三膳正,竹中善則|河野禎則|池原実|稲船敬二|松村ひろのり,藤田靖明|山口真理|藤井美苗|下村陽子,,,
1993-04-03,テクモ,キャプテン翼Ⅳプロのライバルたち,-,6,SPT,"￥9,700","￥9,500代",0,64,,,,,,,,
1993-04-07,光栄,太閤立志伝,-,6,SLG,"￥11,800","￥12,000代",0,256,,,,,大島ミチル,,シブサワ・コウ,
1993-04-09,ココナッツジャパンエンターテイメント,アクションパチ夫,-,4,ACT,"￥9,500","￥9,500代",0,0,,,,,,,,
1993-04-16,アイマックス,デュアルオーブ聖霊珠伝説,-,6,RPG,"￥9,700","￥9,500代",0,64,,,,,,北角浩一,宗清紀之,
1993-04-16,ビデオシステム,The麻雀・闘牌伝,-,4,TBL,"￥8,900","￥9,000代",0,64,,,,,,,,
1993-04-23,ジャレコ,怒りの要塞,-,4,ACT,"￥8,700","￥8,500代",0,0,,,,,,,,
1993-04-23,パック・イン・ビデオ,スーパーバトルタンク,-,2,ACT,"￥7,800","￥8,000代",0,0,,,,,,,,
1993-04-23,ゲームプラン21,エルナード,-,6,RPG,"￥9,600","￥9,500代",0,64,,今田真二,すみたたけお,今田真二|鈴木俊之|日下純|鈴木多恵子|増田晴彦,山貫憲彦,,みつもりこうじ|丸山茂樹,
1993-04-23,ユタカ,龍騎兵団ダンザルブ,-,4,RPG,"￥9,500","￥9,500代",0,64,,,氷見元生|伊藤真也,氷見元生|庵野秀明|鶴巻和哉|大畑浩一|夢野レイ,西澤洋,飯島健男,飯島健男|赤井孝美,
1993-04-28,ハドソン,スーパーボンバーマン,30,2,ACT,"￥7,800","￥8,000代",0,0,,植山幹郎,酒井誠,酒井誠|平井隆之,竹間淳|濱田智之,,青山英治|小林正樹,
1993-04-28,サミー,スーパーダンクスター,-,4,SPT,"￥7,900","￥8,000代",0,0,,,,,,,,
1993-05-14,エポック社,バーコードバトラー戦記スーパー戦士出撃せよ!,-,2,ETC,"￥7,680","￥7,500代",0,64,,,,,,,,
1993-05-14,BPS,対局囲碁ゴライアス,-,4,TBL,"￥14,800","￥15,000代",0,256,,,,,,,,
1993-05-21,アクレイムジャパン,NBAオールスターチャレンジ,-,4,SPT,"￥8,800","￥9,000代",0,0,,,,,,,,
1993-05-22,カプコン,ファイナルファイト2,-,5,ACT,"￥9,000","￥9,000代",0,0,,,金子清巳|赤堀雅行,三並達也|たなべまゆみ|濱貴詞|鵜飼敏|山添公雄,藤田靖明|山口真理|岩井由紀|山本節生|竹原裕子|西村達也,,藤原得郎,
1993-05-28,ヒューマン,セプテントリオン,32,4,ACT,"￥8,500","￥8,500代",0,0,,吉田秀司,阿部浩之|三浦義弘,木邨圭太|岩下英幸|青柳健二|實取正敏|門間毅,那珂裕之|新倉耕二,木邨圭太,,
1993-05-28,ケイエスエス,パチンコ物語パチスロもあるでよ!!,31,4,TBL,"￥9,800","￥10,000代",0,0,,,,,,,,
1993-06-04,エポック社,ドラゴンスレイヤー英雄伝説Ⅱ,-,6,RPG,"￥9,800","￥10,000代",0,64,,,,,,,,
1993-06-11,日本物産,コスモポリスギャリバン,-,4,ACT,"￥8,800","￥9,000代",0,0,,藤原茂樹,つちいえとしお,藤原茂樹|なかがわきょうこ,吉田健志,,,
1993-06-11,ヒューマン,スーパーフォーメーションサッカー2,30,2,SPT,"￥8,500","￥8,500代",0,16,,,,,,,,
1993-06-11,アテナ,プロ麻雀極,-,2,TBL,"￥9,600","￥9,500代",0,0,,,,,,,,
1993-06-18,ビック東海,神聖紀オデッセリア,-,6,RPG,"￥9,500","￥9,500代",0,64,,うめはらきみお,,,佐藤天平,,,
1993-06-18,セタ,早指し二段森田将棋,-,2,TBL,"￥14,800","￥15,000代",0,32,,,,,,,,
1993-06-21,任天堂,スペースバズーカ,-,4,SHT,"￥6,500","￥6,500代",0,0,,村松敏孝,成広通|西井利弘|山内修|いぬいただし|あべこういち,村松敏孝|大西直孝,辻横由佳,松本久美子,横井軍平,
1993-06-21,任天堂,スーパースコープ6(スーパースコープ付属カセット),-,4,SHT,"￥9,800","￥10,000代",0,0,,,,,,,,
1993-06-25,アルトロン,トムとジェリー,-,2,ACT,"￥8,900","￥9,000代",0,0,,,,,,,,
1993-06-25,コナミ,ドラゴンズマジック,-,2,ACT,"￥8,800","￥9,000代",0,0,,,マイケル・クナウアー|ヴィンス・リー,リック・ダイアー|ビクター・ペンマン|マーティ・フォールガー|ダーリーン・ウォディントン|ドン・ブルース,クリストファー・ストーン,,,
1993-06-25,システムサコム,激突弾丸自動車決戦バトルモービル,-,4,ACT,"￥8,800","￥9,000代",0,0,,,,,,,,
1993-06-25,バンダイ,マジンガーZ,-,4,ACT,"￥8,800","￥9,000代",0,0,,,,羽根章悦→森下圭介[注釈 1],渡辺宙明,永井豪とダイナミックプロ,,
1993-06-25,アトラス,GP-1,-,4,RCG,"￥8,800","￥9,000代",0,0,,,,,,,,
1993-06-25,セタ,シルヴァ・サーガⅡ,30,7,RPG,"￥9,800","￥10,000代",0,64,,,,,,,,
1993-06-25,タイトー,エストポリス伝記,-,4,RPG,"￥8,900","￥9,000代",0,64,,宮田正英,受田直之,まつもとともなり,塩生康範|ざいつあき|くろだなおみ,宮田正英,,
1993-06-25,ウルフ・チーム,三国志正史天舞スピリッツ,-,6,SLG,"￥12,800","￥13,000代",0,256,,,,,,,,
1993-06-25,ナムコ,スーパーファミリーテニス,-,4,SPT,"￥7,900","￥8,000代",0,0,,,,,,,,
1993-07-02,ケムコ,ファーストサムライ魔狂人伝説,-,2,ACT,"￥7,800","￥8,000代",0,0,,,,,,,,
1993-07-09,ユタカ,仮面ライダーSD出撃ライダーマシン,-,4,ACT,"￥8,800","￥9,000代",0,0,,,,,,,,
1993-07-09,アクレイムジャパン,エイリアン3,-,4,ACT,"￥8,800","￥9,000代",0,0,,,,,エリオット・ゴールデンサール,キャラクター創造|ダン・オバノン|ロナルド・シャセット,,
1993-07-09,BPS,ヨッシーのクッキー,-,2,PZL,"￥6,600","￥6,500代",0,0,,山本雅央|山上仁志|たかさごたつひろ|RYOJIN,ヂュー・リー|よしかわのなえ|山本雄一,日野重文|松本千恵子|いのうえみか,生田ノブヤ|佐藤亜希羅|TSUTOMU|西坂紀子,,横井軍平,
1993-07-09,アクレイムジャパン,スーパーハイインパクト,-,4,SPT,"￥8,800","￥9,000代",0,0,,,,,,,,
1993-07-11,カプコン,ストリートファイターⅡターボ,36,8,ACT,"￥9,980","￥10,000代",210,0,,,,安田朗(AKIMAN),下村陽子|阿部功,,岡本吉起,
1993-07-14,任天堂,スーパーマリオコレクション,32,7,ACT,"￥9,800","￥10,000代",212,64,,手塚卓志,中郷俊彦,日野重文|森直樹|富田聡一郎|臼井健太,近藤浩治,,宮本茂,
1993-07-14,任天堂,ヨッシーのロードハンティング,-,4,SHT,"￥6,500","￥6,500代",0,0,,岩田聡,,,西村善樹|上村みゆき|徳永康,,宮本茂,
1993-07-16,アイマックス,デスブレイド,-,6,ACT,"￥9,700","￥9,500代",0,0,,,,,,,,
1993-07-16,キャラクターソフト,サンリオワールドスマッシュボール!,-,1,ACT,"￥6,980","￥7,000代",0,0,,,,,,,,
1993-07-16,コナミ,摩陀羅2,-,6,RPG,"￥9,800","￥10,000代",0,64,,,,,,,,
1993-07-16,アスミック,スーパーエアダイバー,-,2,SLG,"￥8,900","￥9,000代",0,0,,,,,,,,
1993-07-16,ヴァージンゲーム,マジックジョンソンのスーパースラムダンク,-,4,SPT,"￥8,900","￥9,000代",0,0,,,,,,,,
1993-07-16,ココナッツジャパンエンターテイメント,ワールド・サッカー,-,2,SPT,"￥9,500","￥9,500代",0,64,,,,,,,,
1993-07-16,日本コンピュータシステム,全日本プロレス,-,7,SPT,"￥9,900","￥10,000代",0,0,,,,,,,,
1993-07-23,東芝EMI,スーパーバック・トゥ・ザ・フューチャー2,-,4,ACT,"￥9,000","￥9,000代",0,0,,,,,,,,
1993-07-23,ビクターエンタテインメント,スーパー・ジェームスポンドⅡ,-,4,ACT,"￥8,800","￥9,000代",0,0,,,,,,,,
1993-07-23,ホット・ビィ,バズー!魔法世界,-,6,RPG,"￥9,800","￥10,000代",0,64,,,,山田章博,,瑞澄計都,,
1993-07-23,アスキー,ウイングコマンダー,-,4,SHT,"￥9,800","￥10,000代",0,0,,,,,,,,
1993-07-23,イマジニア,メガロマニア時空大戦略,-,4,SLG,"￥12,800","￥13,000代",0,0,,,,,,,,
1993-07-23,バンプレスト,第3次スーパーロボット大戦,31,6,SLG,"￥9,800","￥10,000代",0,64,,阪田雅彦,庄真宏|渡邊猛,戸田篤樹|山岸望|坂木和史|知見浩之|谷博之|糸洲文恵|本田透|西村英樹|宮下加代子,田中伸一,阪田雅彦,じっぱひとからげ,
1993-07-23,アクレイムジャパン,WWFロイヤルランブル,-,7,SPT,"￥9,800","￥10,000代",0,0,,,,,,,,
1993-07-23,バンプレスト,バトルドッジボールⅡ,-,6,SPT,"￥9,600","￥9,500代",0,0,,田中憲一|下道隆,,,末村謙之輔,,,
1993-07-29,日本物産,スーパーF1サーカス2,-,6,RCG,"￥9,500","￥9,500代",0,64,,,,,,,,
1993-07-30,アイレム,ニトロパンクスマイトヘッズ,-,4,ACT,"￥8,800","￥9,000代",0,0,,,,,,,,
1993-07-30,バリエ,パティームーン,-,4,ACT,"￥8,900","￥9,000代",0,0,,,,,,,,
1993-07-30,バンダイ,クレヨンしんちゃん嵐を呼ぶ園児,-,6,ACT,"￥9,500","￥9,500代",0,0,,,,尾形和正|田中康介|牛村憲彦,富樫則彦,,,
1993-07-30,ベック,宇宙の騎士テッカマンブレード,-,4,ACT,"￥8,800","￥9,000代",0,0,,,,TOlllO(設定)|佐野浩敏(原案協力)|佐山善則|中原れい,和田薫,,,
1993-07-30,ビデオシステム,ソニックウイングス,-,5,SHT,"￥8,900","￥9,000代",0,0,,,,"中村晋介|.mw-parser-output ruby.large{font-size:250%}.mw-parser-output ruby.large>rt|.mw-parser-output ruby.large>rtc{font-size:.3em}.mw-parser-output ruby>rt|.mw-parser-output ruby>rtc{font-feature-settings:""ruby""1}.mw-parser-output ruby.yomigana>rt{font-feature-settings:""ruby""0}六鹿(ナントカ)文彦|横山浩子",耕三寺巡(AC)|板村直樹(SFC),,,
1993-07-30,ジャレコ,美少女雀士スーチーパイ,-,7,TBL,"￥9,700","￥9,500代",0,0,,,,,,,,
1993-07-30,タイトー,大爆笑人生劇場ドキドキ青春編,-,5,TBL,"￥8,800","￥9,000代",0,0,,高橋章二,さとうふじひこ|はながたたかし|イトウわりゅー|カタナまさる,なかだしんじ|くろさわきょうこ|タイガーかとう|長尾隆史|加藤誠|伊藤啓司|もぎきよこ|川石徹|明石佳久|大原和浩|園田誠|金子陽子|斎藤慎,わたなべよしお,,,
1993-08-05,光栄,スーパー信長の野望・全国版,-,2,SLG,"￥8,800","￥9,000代",0,64,,,,,菅野よう子,,シブサワ・コウ,
1993-08-06,スクウェア,聖剣伝説2,33,7,RPG,"￥9,800","￥10,000代",150,64,,石井浩一,ナーシャ・ジベリ,田中弘道|石井浩一|石井浩一|磯野宏夫,菊田裕樹,田中弘道,田中弘道,
1993-08-06,T＆Eソフト,ソード・ワールドSFC,-,6,RPG,"￥9,800","￥10,000代",0,64,,,,,,,,
1993-08-06,テクノスジャパン,くにおくんのドッジボールだよ全員集合!,-,6,SPT,"￥9,600","￥9,500代",0,64,,吉田晄浩,佐藤博|金久保勇|N.UEDA|森真一,並木毅|中津英一朗,澤和雄|飯塚千晶|上原麗子|片岡清美,,,
1993-08-06,ナムコ,Jリーグサッカープライムゴール,-,4,SPT,"￥8,500","￥8,500代",0,0,,,,,,,,
1993-08-06,ハドソン,スーパーパワーリーグ,-,6,SPT,"￥9,500","￥9,500代",0,64,,,,,,,,
1993-08-06,ヒューマン,ヒューマンベースボール,-,4,SPT,"￥8,600","￥8,500代",0,0,,,,,,,,
1993-08-06,ポニーキャニオン,大仁田厚「FMW」キミは時代よる熱くなれるか,-,6,SPT,"￥9,800","￥10,000代",0,0,,,,,,,,
1993-08-10,アイマックス,スーパー競馬,-,4,ETC,"￥9,700","￥9,500代",0,64,,,,,,,,
1993-08-12,サンソフト,ワールドヒーローズ,-,7,ACT,"￥9,800","￥10,000代",0,0,,,,,,,,
1993-08-20,アルトロン,スーパースラップショット,-,2,SPT,"￥8,500","￥8,500代",0,0,,,,,,,,
1993-08-27,エンジェル,美少女戦士セーラームーン,-,6,ACT,"￥9,800","￥10,000代",0,0,,,,,,,,
1993-08-27,任天堂,マリオとワリオ,-,4,ACT,"￥6,800","￥7,000代",0,0,,田尻智,西橋倫治|増田順一,田尻智|杉森建|藤原基史,増田順一,,加納誠|石原恒和|横井軍平(ゼネラルマネージャー),
1993-08-27,ヘクト,サラブレッドブリーダー,-,4,ETC,"￥9,700","￥9,500代",0,64,,,,,,,,
1993-08-27,エニックス,樹帝戦紀,32,6,SLG,"￥9,600","￥9,500代",0,64,,,,,,,,
1993-08-27,アクレイムジャパン,MVPベースボール,-,4,SPT,"￥8,800","￥9,000代",0,0,,,,,,,,
1993-08-27,ケムコ,XZONE,-,2,SPT,"￥6,500","￥6,500代",0,0,,,,,,,,
1993-08-27,バンダイ,DESTRUCTIVE(デストラクティブ),-,2,SPT,"￥6,800","￥7,000代",0,0,,,,,,,,
1993-09-03,トンキンハウス,スーパータリカン,-,2,ACT,"￥7,500","￥7,500代",0,0,,,ホルガー・シュミット,,クリス・ヒュルスベック,,,
1993-09-10,コブラチーム,サンダーバード国際救助隊出動せよ,-,4,ACT,"￥8,800","￥9,000代",0,0,,,,,,,,
1993-09-10,イマジニア,ラスベガスドリーム,-,4,ETC,"￥9,800","￥10,000代",0,16,,安部卓,向井純|おだのりひろ|山本剛,やまなかたいへい|おおのさとし|安部卓|斎藤明宏|まるやませいじ,松前公高,,斎藤明宏,
1993-09-10,光栄,ウイニングポスト,-,7,ETC,"￥12,800","￥13,000代",0,256,,,,,山崎洋一|新井智詞,,シブサワ・コウ,
1993-09-10,スクウェア,ミスティッククエスト,-,2,RPG,"￥7,900","￥8,000代",0,64,,井出康二,近藤勝裕,森田正徳,笹井隆司|川上泰広,藤岡千尋|前川嘉彦|テッド・ウールゼイ,,
1993-09-14,バリエ,新日本プロレスリング超戦士IN闘強導夢,-,7,SPT,"￥9,800","￥10,000代",0,0,,,,,,,,
1993-09-17,ユタカ,課長島耕作スーパービジネスアドベンチャー,-,4,ADV,"￥9,800","￥10,000代",0,64,,,,,,,,
1993-09-17,コナミ,NFLフットボール,-,4,SPT,"￥9,000","￥9,000代",0,0,,,,,,,,
1993-09-17,フォーラム,ファイナルセット,-,4,SPT,"￥8,500","￥8,500代",0,0,,,,,ロス・ヴァネリ,ラウル・イングリス,,
1993-09-19,チュンソフト,トルネコの大冒険不思議のダンジョン,32,6,RPG,"￥9,600","￥9,500代",80,64,,福沢正,山森丈範|福田裕二,福沢正|麻野一哉|長畑成一郎|鳥山明,すぎやまこういち,,中村光一,
1993-09-22,データイースト,戦国伝承,-,4,ACT,"￥8,800","￥9,000代",0,0,,,,,山手安生|清水敏夫,,,
1993-09-22,T＆Eソフト,マスターズ遙かなるオーガスタ2,-,6,SPT,"￥9,900","￥10,000代",0,64,,横山英二,加藤英治,中島健二,冨田茂,,横山俊朗,
1993-09-23,エンジェル,SD機動戦士ガンダム2,-,4,ACT,"￥8,800","￥9,000代",0,0,,,,,,,,
1993-09-23,バナレックス,GS美神除霊師はナイスバディ(ゴーストスイーパー美神),-,4,ACT,"￥8,800","￥9,000代",0,0,,,,,,,,
1993-09-24,タイトー,ダライアスフォース,-,4,SHT,"￥8,800","￥9,000代",0,0,,黒木伸章,みずのまさる|いとうかずたか|まゆずみたかし,黒木伸章|谷沢康夫|おかだともあき|H.OKAMOTO,草津きよし|わたなべよしお|田辺裕紀彦,,高橋章二,
1993-09-24,パック・イン・ビデオ,GO!GO!ドッジリーグ,-,2,SPT,"￥7,800","￥8,000代",0,0,,,,,,,,
1993-09-24,ナグザット,本格麻雀徹萬,-,2,TBL,"￥7,800","￥8,000代",0,0,,,,,,,,
1993-09-30,徳間書店インターメディアカンパニー,東尾修監修スーパープロ野球スタジアム,-,2,SPT,"￥8,900","￥9,000代",0,64,,,,,,,,
1993-10-01,やのまん,TRINEA-トリネア-,-,7,RPG,"￥9,800","￥10,000代",0,16,,,,,,,OLIVIA,
1993-10-01,アルトロン,レッド・オクトーバー,-,2,SHT,"￥8,800","￥9,000代",0,0,,,,,ベイジル・ポールドゥリス,トム・クランシー|『レッド・オクトーバーを追え』,,
1993-10-01,ジャレコ,スーパー3Dベースボール,-,6,SPT,"￥12,800","￥13,000代",0,64,,,,,,,,
1993-10-08,T＆Eソフト,バイキングの大迷惑,32,4,ACT,"￥8,800","￥9,000代",0,0,,,,,,,,
1993-10-08,キングレコード,スーパー競走馬風のシルフィード,-,4,ETC,"￥9,300","￥9,500代",0,64,,,,,,,,
1993-10-15,ナムコ,スズカエイトアワーズ,-,4,RCG,"￥8,800","￥9,000代",0,16,,,,,,,,
1993-10-21,ココナッツジャパンエンターテイメント,スーパーカジノシーザースパレス,-,2,ETC,"￥8,900","￥9,000代",0,0,,,,,,,,
1993-10-22,タカラ,ミラクルガールズともみとみかげの不思議世界の大冒険,-,4,ACT,"￥8,800","￥9,000代",0,0,,,,,,,,
1993-10-22,サミー,ARCUSSPIRITS(アークス・スピリッツ),-,5,RPG,"￥8,900","￥9,000代",0,0,,,,,,,,
1993-10-22,東宝、小学館プロダクション,らんま1／2朱猫団的秘宝,-,6,RPG,"￥9,800","￥10,000代",0,64,,賀川邦彦,富沢賢一|瓦吹隆,みとこうたろう|内藤剛,岡本智郎,きさらぎしょう,盛武源|角田純一|竹野雅人|頼経康史,
1993-10-29,エニックス,アクトレイザー2沈黙への聖戦,-,6,ACT,"￥9,300","￥9,500代",0,0,,橋本昌哉,橋本昌哉|いまいゆき,古代彩乃|高井政彦|今井秋芳|横田幸次|七條たかし,古代祐三,宮崎友好,曽根康征,
1993-10-29,ケイ・アミューズメントリース,龍虎の拳,-,7,ACT,"￥9,800","￥10,000代",0,0,,,,,,,,
1993-10-29,タカラ,装甲騎兵ボトムズザ・バトリングロード,-,4,ACT,"￥9,800","￥10,000代",0,0,,,,,,,,
1993-10-29,ビクターエンタテインメント,クラシック・ロード,-,4,ETC,"￥9,800","￥10,000代",0,64,,,,,,,,
1993-10-29,カルチャーブレーン,スーパーチャイニーズワールド2,-,7,RPG,"￥9,800","￥10,000代",0,0,,阿迦手観屋夢之助,,阿迦手観屋夢之助,沢彰記,,阿迦手観屋夢之助,
1993-10-29,バンプレスト、ザムス,超時空要塞マクロススクランブルバルキリー,-,4,SHT,"￥8,800","￥9,000代",0,0,,,,,,,,
1993-10-29,エピック・ソニーレコード,ユートピア,-,2,SLG,"￥9,500","￥9,500代",0,256,,,,,,,,
1993-10-29,エポック社,はた山ハッチのパロ野球ニュース!実名版,-,4,SPT,"￥9,800","￥10,000代",0,64,,,,,,,,
1993-10-29,ミサワエンターテインメント,ジミーコナーズのプロテニスツアー,-,2,SPT,"￥8,900","￥9,000代",0,0,,,,,,,,
1993-10-29,日本物産,スーパーニチブツマージャン2全国制覇篇,-,7,TBL,"￥9,800","￥10,000代",0,0,,,,,,,,
1993-10-29,ポニーキャニオン,将棋風林火山,-,4,TBL,"￥8,800","￥9,000代",0,16,,,,,,,,
1993-11-05,テクモ,アクタリオン,-,4,RPG,"￥8,900","￥9,000代",0,64,,,,倉花千夏|石田可奈(原案)|石田可奈|丸藤広貴|河森正治(アクエリオン)|ブリュネ・スタニスラス|高倉武史,菅野よう子|大塚彩子,河森正治|サテライト,,
1993-11-05,パック・イン・ビデオ,ファイナルノックアウト,-,4,SPT,"￥8,800","￥9,000代",0,0,,,,,,,,
1993-11-12,バンダイ,仮面ライダー,-,6,ACT,"￥9,800","￥10,000代",0,0,,,,,菊池俊輔,伊上勝 他,平山亨・阿部征司|(第53 - 98話),
1993-11-12,エピック・ソニーレコード,SolsticeⅡ(ソルスティス2),-,4,PZL,"￥9,500","￥9,500代",0,64,,,,,,,,
1993-11-12,ロジーク,ファイナル・ストレッチ,-,6,RCG,"￥9,800","￥10,000代",0,16,,,,,,,,
1993-11-12,イマジニア,若貴大相撲夢の兄弟対決,-,4,SPT,"￥9,800","￥10,000代",0,64,,,,,,,,
1993-11-12,トミー,スーパーUNO,-,4,TBL,"￥8,500","￥8,500代",0,0,,,,,,,,
1993-11-19,東芝EMI,バトルマスター究極の戦士たち,-,7,ACT,"￥9,800","￥10,000代",0,0,,,,,,,,
1993-11-19,トンキンハウス,イースIVMaskofTheSun,-,6,RPG,"￥9,800","￥10,000代",0,64,,,,,,,,
1993-11-19,ココナッツジャパンエンターテイメント,パチスロラブストーリー,-,4,TBL,"￥9,800","￥10,000代",0,0,,,,,,,,
1993-11-19,バリエ,遊人雀獣学園,-,4,TBL,"￥8,900","￥9,000代",0,0,,,,,,,,
1993-11-23,マイクロネット,RIDDICKBOWEBOXING(リディック･ボウボクシング),-,2,SPT,"￥8,400","￥8,500代",0,16,,,,,,,,
1993-11-26,アスキー,アルディライトフット,-,4,ACT,"￥9,800","￥10,000代",0,0,,,,,,,,
1993-11-26,カプコン,アラジン,31,5,ACT,"￥9,000","￥9,000代",0,0,,,,,,,,
1993-11-26,タカラ,餓狼伝説2,-,8,ACT,"￥9,980","￥10,000代",0,0,,,,塚本高史|白井影二,清水敏夫|おさかようこ|北村芳彦|幡谷正彦,,川崎英吉,
1993-11-26,トミー,アクセルブリッド,-,7,ACT,"￥9,800","￥10,000代",0,0,,,,,,,,
1993-11-26,徳間書店,ヤダモンワンダランドドリーム,-,4,ADV,"￥8,800","￥9,000代",0,64,,,,,,,,
1993-11-26,タイトー,スーパーH.Q.クリミナルチェイサー,-,4,RCG,"￥8,900","￥9,000代",0,0,,,,,,,,
1993-11-26,やのまん,アレサ(ARETHA),-,7,RPG,"￥9,800","￥10,000代",0,64,,,,,,,,
1993-11-26,アスミック,F-15スーパーストライクイーグル,-,4,SLG,"￥9,600","￥9,500代",0,0,,,,,,,,
1993-11-26,サミー,ダイナミックスタジアム,-,4,SPT,"￥8,500","￥8,500代",0,64,,,,,,,,
1993-11-26,ジャレコ,武田修宏のスーパーカップサッカー,-,2,SPT,"￥9,500","￥9,500代",0,16,,,,,,,,
1993-11-26,ソフエル,鬼塚勝也スーパーバーチャルボクシング,-,4,SPT,"￥9,800","￥10,000代",0,0,,,,,,,,
1993-11-26,テクモ,テクモスーパーボウル,31,6,SPT,"￥9,800","￥10,000代",0,64,,,,,,,,
1993-11-26,データイースト,ABCマンデーナイトフットボール,-,4,SPT,"￥9,000","￥9,000代",0,64,,,,,,,,
1993-11-26,サミー,実戦パチスロ必勝法,-,2,TBL,"￥9,500","￥9,500代",0,64,,,,,,,,
1993-11-27,エニックス,ガイア幻想紀,-,7,RPG,"￥9,800","￥10,000代",0,64,,橋本昌哉,橋本昌哉|北ノ原昭,宮崎友好|萩尾望都,川崎康宏,大原まり子,曽根康征,
1993-11-30,バンプレスト、ザムス,Soul＆Sword(ソウルアンドソード),-,6,RPG,"￥9,800","￥10,000代",0,64,,,,,,,,
1993-12-02,アイマックス,スーパー麻雀2本格4人打ち,-,2,TBL,"￥8,800","￥9,000代",0,64,,,,,,,,
1993-12-03,コナミ,T.M.N.T.ミュータントウォーリアーズ,-,7,ACT,"￥9,800","￥10,000代",0,0,,,,,Genesis/MD|東野美紀|SNES/SFC|上原和彦|井上秀人|上高治己|NES|兼田潤一郎|西垣綾子,,,
1993-12-03,EAV,NBAプロバスケットボール'94ブルズVSサンズ,-,4,SPT,"￥9,800","￥10,000代",0,64,,,,,,,,
1993-12-03,タイトー,スーパー究極ハリキリスタジアム,-,6,SPT,"￥9,500","￥9,500代",0,64,,,,,,,,
1993-12-03,POW,喜国雅彦の雀闘士銅鑼王2,-,4,TBL,"￥8,900","￥9,000代",0,0,,,,,,,,
1993-12-09,光栄,信長の野望・覇王伝,-,7,SLG,"￥12,800","￥13,000代",0,256,,,,,菅野よう子,,シブサワ・コウ,
1993-12-10,アクティビジョンジャパン,プロック,-,4,ACT,"￥8,900","￥9,000代",0,0,,,,,,,,
1993-12-10,ヴァージンゲーム,クールスポット,-,4,ACT,"￥8,900","￥9,000代",0,0,,,,,,,,
1993-12-10,ミサワエンターテインメント,競馬エイトスペシャル(秘)馬券購入術,-,4,ETC,"￥9,000","￥9,000代",0,64,,,,,,,,
1993-12-10,バンプレスト,す～ぱ～ぷよぷよ,-,4,PZL,"￥8,200","￥8,000代",170,0,,,,,,,,
1993-12-10,スクウェア,ロマンシングサ・ガ2,-,7,RPG,"￥9,900","￥10,000代",117,64,,河津秋敏,穴澤友樹,河津秋敏|小林智美|高井浩,伊藤賢治,河津秋敏,水野哲夫,
1993-12-10,アイレム,R-TYPEⅢ(アールタイプ3),-,7,SHT,"￥9,800","￥10,000代",0,0,,,SUM|MISACHIN,ABIKO|AKIO|YOSHIGE,石崎正人,,,
1993-12-10,エピック・ソニーレコード,白熱プロ野球'94ガンバリーグ3,-,4,SPT,"￥8,900","￥9,000代",0,64,,,,,,,,
1993-12-10,アスミック,決戦!ドカポン王国Ⅳ伝説の勇者たち,-,4,TBL,"￥8,900","￥9,000代",0,64,,,,,,,,
1993-12-17,エポック社,ドラえもん2のび太のトイズランド大冒険,-,4,ACT,"￥8,000","￥8,000代",0,0,,堀越丈広|星野重和|高橋直樹,あそうまさあき|いとうしん|池田慎一|今井敏彦|梅木元博|佐藤久志,加藤栄吾|おきやまじゅん|ますやまゆういち|井上崇|長谷川香織,小川寿夫|堀江正幸|沓掛隆志|松島友子,,沓掛隆志,
1993-12-17,カプコン,ロックマンX,-,6,ACT,"￥9,500","￥9,500代",0,0,,,,稲船敬二|田崎一軌|吉川達哉|加治勇人,岩井由紀,,藤原得郎,
1993-12-17,ジャレコ,ラッシング・ビート修羅,-,7,ACT,"￥9,700","￥9,500代",0,0,,星和明|おおたしげゆき,吉田明広|大原健志|あきやまのぼる,倉持伸幸|前川恵一,伊勢村篤義|鈴木康行,,TEAM PURE HEART,
1993-12-17,スクウェア,アルカエスト,-,4,ACT,"￥8,800","￥9,000代",0,0,,角田敦,菅浩秋,角田敦|吉川仁志|橋口茂|若山強|石田聡|能登谷哲也,石川淳,,,
1993-12-17,バンダイ,ドラゴンボールZ超武闘伝2,-,7,ACT,"￥9,800","￥10,000代",120,0,,島田晋作,まるこ父|JCパジャマズ|まるこ,久保田昭史|田島昭司|清水厚二|竹花欣也|玉井裕和|高橋雅行|荒井翔子|M.柏木|ボージャック鈴木|ザンギャそば|TAKO仙人|服部大三郎,山本健司|SWITCH・E|くまたろう,小山高生|植竹須美男,鈴木敏弘,
1993-12-17,ビクターエンタテインメント,スーパー・スター・ウォーズ帝国の逆襲,-,6,ACT,"￥9,800","￥10,000代",0,0,,,,,,,,
1993-12-17,アスキー,ワンダラスマジック,-,7,RPG,"￥9,800","￥10,000代",0,64,,,,,,,,
1993-12-17,インテック,歴史大河RPG夢幻の如く,-,6,RPG,"￥9,800","￥10,000代",0,64,,,,,,,,
1993-12-17,イマジニアズーム,ドラッキーの草やきう,-,7,SPT,"￥9,800","￥10,000代",0,0,,,,,,,,
1993-12-17,テクノスジャパン,ダウンタウン熱血べーすぼーる物語,-,6,SPT,"￥9,800","￥10,000代",0,64,,関本弘之,南波靖一郎|酢屋直樹|西村成孝|福原元栄|大日方忠道|松本康宏|T.SAITO|Y.OKADA|吉田まさかず,並木毅|白井誠|中津英一朗|泉山武久|金物昌人,CUBE|飯塚千晶|上原麗子|片岡清美,,,
1993-12-17,ココナッツジャパンエンターテイメント,パチンコウォーズ2,-,4,TBL,"￥9,800","￥10,000代",0,0,,,,,,,,
1993-12-17,ヘクト,ホーリーストライカー,-,4,TBL,"￥8,800","￥9,000代",0,0,,,,,,,,
1993-12-18,エニックス,ドラゴンクエストⅠ・Ⅱ,35,6,RPG,"￥9,600","￥9,500代",120,64,,,,,,,,
1993-12-22,アイレム,がんばれ大工の源さん,-,4,ACT,"￥8,900","￥9,000代",0,0,,,,,,,Max Matsuura,
1993-12-22,EAV,スペース・ファンキーB.O.B.,-,4,ACT,"￥8,900","￥9,000代",0,0,,,,,,,,
1993-12-22,コナミ,がんばれゴエモン2奇天烈将軍マッギネス,31,7,ACT,"￥9,800","￥10,000代",0,64,,蛭子悦延,蛭子悦延|山口誠|丸山修|奥谷友春|岸和田聡|梅崎重治,小川公一|小川公一|薬師寺健雄|堀江浩司|山内円|近藤哲哉|濱垣和恵,上原和彦|冨田朋也|安慶名伸行,,梅崎重治,
1993-12-22,サンソフト,フラッシュバック,33,7,ACT,"￥9,600","￥9,500代",0,0,,,,,,,,
1993-12-22,タカラ,キング・オブ・ザ・モンスターズ2,-,7,ACT,"￥9,800","￥10,000代",0,0,,,,,田中敬一|清水敏夫|北村芳彦,,,
1993-12-22,ケイエスエス,BINGBING!BINGO(ビンビンビンゴ),-,4,ETC,"￥8,900","￥9,000代",0,0,,,,,,,,
1993-12-22,サンソフト,へべれけのぽぷーん,-,4,PZL,"￥8,200","￥8,000代",0,0,,,,,,,,
1993-12-22,ケムコ,トップレーサー2,-,4,RCG,"￥8,500","￥8,500代",0,0,,,,,,,,
1993-12-22,東宝,超ゴジラ,-,6,SLG,"￥9,800","￥10,000代",0,0,,,,加藤直之,蓮谷通治|横山じゅんこ,,竹野雅人|角田純一|谷口清悟|蓮谷通治|MIS,
1993-12-22,ナムコ,幽☆遊☆白書,-,7,SLG,"￥9,600","￥9,500代",0,0,,,,,やまだ豊,三嶋龍朗,,
1993-12-22,日本テレネット,エースをねらえ!,-,4,SPT,"￥9,400","￥9,500代",0,0,,,,,,,,
1993-12-24,アクレイムジャパン,モータルコンバット,30,7,ACT,"￥9,800","￥10,000代",0,0,,,,エド・ブーン|ジョン・トビアス,ダン・フォーデン,,,
1993-12-24,東映動画,北斗の拳7聖剣列伝伝承者への道,-,8,ACT,"￥9,700","￥9,500代",0,0,,,,,フランク・ワイルドホーン,高橋亜子,,
1993-12-24,アルトロン,リトルマジック,-,2,PZL,"￥8,900","￥9,000代",0,0,,,,,,,,
1993-12-24,BPS,テトリス武闘外伝,-,4,PZL,"￥8,000","￥8,000代",0,0,,,,,,,,
1993-12-24,ヒューマン,ヒューマングランプリ2,-,4,RCG,"￥9,500","￥9,500代",0,64,,,,,,,,
1993-12-24,ソフエル,モンスターメーカー3,-,7,RPG,"￥9,800","￥10,000代",0,64,,,,,,,,
1993-12-24,ハドソン,新桃太郎伝説,-,7,RPG,"￥9,800","￥10,000代",0,64,,さくまあきら,三上哲|青山光(青山公士)|若林哲也,土居孝幸,関口和之,,,
1993-12-24,EAV,NFLプロフットボール'94,-,4,SPT,"￥9,800","￥10,000代",0,0,,,,,,,,
1993-12-25,マジファクト,美神伝説Zoku,-,7,ACT,"￥9,800","￥10,000代",0,0,,,,,,,,
1993-12-28,やのまん,サッカーキッド,-,5,ACT,"￥8,800","￥9,000代",0,0,,,,,,,,
1993-12-28,日本コンピュータシステム,全日本プロレスダッシュ世界最強タッグ,-,7,SPT,"￥9,800","￥10,000代",0,0,,,,,,,,
1993-12-29,バンダイ,美少女戦士セーラームーンR,-,7,ACT,"￥9,800","￥10,000代",0,0,,佐藤順一 → 幾原邦彦 → 五十嵐卓哉,,(※ 作画チーフ)|只野和子 → 伊藤郁子 → 爲我井克美,有澤孝紀,武内直子,,
1993-12-29,エンジェル,横山光輝三国志Ⅱ,-,6,SLG,"￥9,800","￥10,000代",0,64,,,,,,,,
1993-12-29,ヒューマン,スーパーファイヤープロレスリング3ファイナルバウト,30,6,SPT,"￥9,700","￥9,500代",0,64,,,,,,小山内美江子・清水有生ほか,竹之下寛次,
1994-01-03,ナムコ,ロックンロールレーシング,-,4,RCG,"￥7,900","￥8,000代",0,0,,,,,,,,
1994-01-07,コナミ,ツインビーレインボーベルアドベンチャー,-,4,ACT,"￥9,000","￥9,000代",0,64,,神戸良治,南方章宏|柴田裕治|吉田晃之|上中直人,Shuzilow.HA|福田裕貴|中川潤,松原健一|森本ゆきえ|三木彩子,,,
1994-01-07,日本コンピュータシステム,バトルトードインバトルマニアック,-,4,ACT,"￥9,800","￥10,000代",0,0,,,,,,,,
1994-01-07,ミサワエンターテインメント,ワールドクラスラグビー2国内激闘編'93,-,4,SPT,"￥9,300","￥9,500代",0,64,,,,,,,,
1994-01-08,メルダック,スーパーピンボールビハインドザマスク,-,4,TBL,"￥9,800","￥10,000代",0,0,,,,,,,,
1994-01-14,バップ,必勝777ファイターパチスロ竜宮伝説,-,2,TBL,"￥9,500","￥9,500代",0,0,,,,,,,,
1994-01-21,BPS,スーパーテトリス2+ボンブリス限定版,-,4,PZL,"￥8,500","￥8,500代",0,16,,,,,,,,
1994-01-21,任天堂,ファイアーエムブレム紋章の謎,36,9,SLG,"￥9,800","￥10,000代",78,64,,寺崎啓祐,成広通,加賀昭三|小屋勝義,辻横由佳,加賀昭三,横井軍平,
1994-01-28,コブラチーム,バスタード!暗黒の破壊神,-,6,ACT,"￥9,800","￥10,000代",0,0,,,,,,,,
1994-01-28,タイトー,ザ・ニンジャウォーリアーズアゲイン,-,6,ACT,"￥9,300","￥9,500代",0,0,,,宮部寿保,谷口俊一|谷口俊一|新保孝|わだしんや,岩月博之|楯直樹,,,
1994-01-28,バンプレスト,ザ・グレイトバトル外伝2祭だワッショイ,-,5,ACT,"￥9,500","￥9,500代",0,0,,,,,,,,
1994-01-28,エニックス,ブレインロード,30,6,RPG,"￥9,600","￥9,500代",0,64,,,すみたたけお,今田真二|神村幸子,赤堀正直,鈴木俊之,菊本裕智,
1994-01-28,バンプレスト,ガイアセイバーヒーロー最大の作戦,-,6,RPG,"￥9,800","￥10,000代",0,64,,,,,,,,
1994-01-28,アスミック,鋼鉄の騎士2砂漠のロンメル軍団,-,6,SLG,"￥12,800","￥13,000代",0,64,,,,,,,,
1994-01-28,アトラス,魔神転生,-,6,SLG,"￥9,800","￥10,000代",0,64,,,,,,,,
1994-02-04,アルトロン,オリビアのミステリー,-,4,PZL,"￥9,800","￥10,000代",0,0,,,,,,,,
1994-02-04,ヒューマン,スーパーファイヤープロレスリング3イージータイプ,-,6,SPT,"￥7,900","￥8,000代",0,0,,,,,,小山内美江子・清水有生ほか,竹之下寛次,
1994-02-04,アスク講談社,伊藤果六段の将棋道場,-,4,TBL,"￥9,600","￥9,500代",0,64,,,,,,,,
1994-02-10,イマジニア,ウルフェンシュタイン3D,32,6,ACT,"￥9,800","￥10,000代",0,0,,,,,,,,
1994-02-11,ココナッツジャパンエンターテイメント,バーチャルウォーズ,-,4,ACT,"￥11,000","￥11,000代",0,0,,,,,ジョン・ワイマン,スティーヴン・キング|『芝刈り機の男』,,
1994-02-11,東芝EMI,ソード・マニアック,-,4,ACT,"￥8,800","￥9,000代",0,0,,もりしまなおき|はかまだのぶゆき|小山英二,藤島聡,小山英二|中井覚,松尾早人|崎元仁| サイコソニック(英語版),,大橋良彦|梅木克彦,
1994-02-11,ウルフ・チーム,緋王伝魔物達との誓い,-,6,SLG,"￥11,800","￥12,000代",0,256,,,,,,,,
1994-02-11,光栄,トップマネジメントⅡ,-,6,SLG,"￥14,800","￥15,000代",0,64,,,,,,チャン・ウンミ|キム・ジョンヒ|イム・ジョンミン|パク・スルギ|ユ・スジ|ユン・ヤンウン,グレッグ・リー|ソン・ジョンハン|ユ・ヘミン,
1994-02-11,EAV,スーパーヅガンハコテン城からの招待状,-,4,TBL,"￥8,800","￥9,000代",0,0,,,,,,,,
1994-02-18,エピック・ソニーレコード,迦楼羅王(カルラオウ),-,4,ACT,"￥8,900","￥9,000代",0,0,,,,,,,,
1994-02-18,データイースト,戦え原始人3主役はやっぱりJOE＆MAC,-,4,ACT,"￥8,500","￥8,500代",0,0,,,,,,,,
1994-02-18,バンプレスト、ザムス,鉄腕アトム,-,5,ACT,"￥9,000","￥9,000代",0,0,,,,,,,,
1994-02-18,アスキー,ダービースタリオンⅡ,33,7,ETC,"￥12,800","￥13,000代",0,256,,,,,,,,
1994-02-18,セタ,デザートファイター,-,4,SLG,"￥9,800","￥10,000代",0,64,,,,,,,,
1994-02-25,キングレコード,総合格闘技アストラルバウト2,-,6,ACT,"￥9,700","￥9,500代",0,0,,,,,,,,
1994-02-25,ベック,サイボーグ009,-,4,ACT,"￥8,800","￥9,000代",0,0,,,,牧由尚,KEN THE 390,亀田真二郎,,
1994-02-25,メルダック,宇宙レースアストロゴー!ゴー!,-,4,RCG,"￥9,800","￥10,000代",0,64,,,,,,,,
1994-02-25,アクレイムジャパン,T-2ザ・アーケードゲーム,-,4,SHT,"￥8,900","￥9,000代",0,0,,,,,,,,
1994-02-25,光栄,大航海時代Ⅱ,-,7,SLG,"￥11,800","￥12,000代",0,256,,,,,菅野よう子,,シブサワ・コウ,
1994-02-25,パック・イン・ビデオ,ラモス瑠偉のワールドワイドサッカー,-,4,SPT,"￥9,500","￥9,500代",0,0,,,,,,,,
1994-02-25,ビーアイ,ストバスヤロウ将,-,4,SPT,"￥9,000","￥9,000代",0,0,,,,,,,,
1994-02-25,カロッツェリアジャパン,パチスロランドぱちぱちコインの伝説,-,2,TBL,"￥9,800","￥10,000代",0,0,,,,,,,,
1994-02-26,エニックス,いただきストリート2ネオンサインはバラ色に,34,6,TBL,"￥9,800","￥10,000代",0,64,,,,堀井雄二|大川清介,筒美京平|すぎやまこういち(street15のみ),,,
1994-02-28,日本物産,スーパー本命GⅠ制覇,-,6,ETC,"￥9,800","￥10,000代",0,64,,,,,,,,
1994-03-04,カプコン,ザ・キングオブドラゴンズ,-,7,ACT,"￥9,800","￥10,000代",0,0,,,,,下村陽子|里村由紀|西垣俊,,,
1994-03-04,イマジニア,スーパーループス,-,2,PZL,"￥8,900","￥9,000代",0,0,,,,,,,,
1994-03-04,アトラス,カブキロックス,-,6,RPG,"￥9,800","￥10,000代",0,64,,,,,,,,
1994-03-04,EAV,ジーコサッカー,-,4,SPT,"￥9,800","￥10,000代",0,0,,,,,,,,
1994-03-04,ナムコ,スーパーファミスタ3,-,4,SPT,"￥8,800","￥9,000代",0,64,,,,きっしい|三瓶山|しましま,DONALD KAWAGEN|GAKO KOJIMARO,,,
1994-03-11,サンソフト,すごいへべれけ,-,5,ACT,"￥8,900","￥9,000代",0,0,,,,,,,,
1994-03-11,バンダイ,機動戦士Vガンダム,-,6,ACT,"￥9,800","￥10,000代",0,0,,,,逢坂浩司|大河原邦男|カトキハジメ|石垣純哉|佐野浩敏(デザイン協力)[注 1],千住明,矢立肇|富野由悠季,,
1994-03-11,カルチャーブレーン,ファーストクィーンオルニック戦記,-,4,RPG,"￥9,800","￥10,000代",0,64,,,,,,,,
1994-03-11,イマジニア,ギャラクシーロボ,-,6,SLG,"￥9,800","￥10,000代",0,64,,,,,,,,
1994-03-11,日本テレネット、ウルフ・チーム,斬IIIスピリッツ,-,7,SLG,"￥12,800","￥13,000代",0,256,,,,,,,,
1994-03-11,コナミ,実況パワフルプロ野球'94,34,7,SPT,"￥9,000","￥9,000代",0,0,,,,,,,赤田勲,
1994-03-11,コナミ,リーサルエンフォーサーズ,-,7,SPT,"￥9,800","￥10,000代",0,0,,波多野よしあき,波多野よしあき,スティーヴ・ジョンソン,福井健一郎,,,
1994-03-18,タイトー,ソニックブラストマンⅡ,-,6,ACT,"￥9,500","￥9,500代",0,0,,,,,,,,
1994-03-18,アスミック,ダービージョッキー騎手王への道,-,4,ETC,"￥9,800","￥10,000代",0,64,,,,,,,,
1994-03-18,ジャレコ,きんぎょ注意報!とびだせ!ゲーム学園,-,7,ETC,"￥9,800","￥10,000代",0,0,,,,,,,,
1994-03-18,アトラス,真・女神転生Ⅱ,33,7,RPG,"￥9,990","￥10,000代",0,64,,,,,,,,
1994-03-18,カプコン,アイ・オブ・ザ・ビホルダー,-,4,RPG,"￥12,800","￥13,000代",0,256,,ブルット・W・スペリー(英語版),フィリップ・W・ゴロー,フィリップ・W・ゴロー|イーディ・ララモア|ポール・S・ムードラ|ジョセフ・ボスティック|リック・パークス|アーロン・E・パウエル|ジョセフ・B・ヒューイット4世,ポール・S・ムードラ,イーディ・ララモア,,
1994-03-18,ショウエイシステム,イデアの日,-,7,RPG,"￥9,700","￥9,500代",0,64,,たけくらたかし,さとうしろう|高山智博|よくらはるえ|にしもとくにこ|にしもとつとむ,相原コージ|しみずちえこ,知久光康(J-WALK),相原コージ,まついこうじ,
1994-03-18,光栄,独立戦争,-,5,SLG,"￥11,800","￥12,000代",0,64,,,,,,,,
1994-03-18,ナグザット,スーパーナグザットオープンゴルフで勝負だどらぼっちゃん,-,4,SPT,"￥9,500","￥9,500代",0,64,,,,,,,,
1994-03-18,ハドソン,Jリーグスーパーサッカー,-,6,SPT,"￥9,500","￥9,500代",0,64,,,,,,,,
1994-03-18,タカラ,スーパー人生ゲーム,-,5,TBL,"￥9,800","￥10,000代",0,16,,,,,,,,
1994-03-18,データイースト,サイド・ポケット,-,4,TBL,"￥8,500","￥8,500代",0,0,,,,,,,,
1994-03-18,バンプレスト、ザムス,あさめしまえにゃんこ,-,4,TBL,"￥8,800","￥9,000代",0,0,,,,,,,,
1994-03-18,パック・イン・ビデオ,ぎゅわんぶらあ自己中心派2ドラポンクエスト,-,4,TBL,"￥8,900","￥9,000代",0,0,,,,,,,,
1994-03-19,任天堂,スーパーメトロイド,32,9,ACT,"￥9,800","￥10,000代",71,64,,坂本賀勇,,松岡洋史|真下雅彦|木村浩之|大澤徹|山根知美,山本健誌|濱野美奈子,,横井軍平(ゼネラルマネージャー)|加納誠,
1994-03-25,アスキー,メルファンドストーリーズ,-,6,ACT,"￥9,800","￥10,000代",0,0,,,,,,,,
1994-03-25,イマジニア,スペースエース,-,4,ACT,"￥9,800","￥10,000代",0,0,,,,,,,,
1994-03-25,エニックス,南国少年パプワくん,-,4,ACT,"￥8,800","￥9,000代",0,0,,,,武内啓,中村暢之,柴田亜美,,
1994-03-25,ケムコ,スーパートロールアイランド,-,2,ACT,"￥8,900","￥9,000代",0,0,,,,,,,,
1994-03-25,ナムコ,ザブルークリスタルロッド,-,7,ADV,"￥9,800","￥10,000代",0,64,,,,遠藤雅伸|篠崎雄一郎,小沢純子,遠藤雅伸,,
1994-03-25,日本コンピュータシステム,あらいぐまラスカル,-,4,PZL,"￥8,900","￥9,000代",0,0,,,,遠藤政治,渡辺岳夫,トーマス・スターリング・ノース|『はるかなるわがラスカル』,,
1994-03-25,キャラクターソフト,けろけろけろっぴの冒険日記,-,2,RPG,"￥6,980","￥7,000代",0,0,,,,,,,,
1994-03-25,データイースト,シャドウラン,31,5,RPG,"￥9,800","￥10,000代",0,64,,,,,,,,
1994-03-25,バンプレスト,剣勇伝説ヤイバ(YAIBA),-,6,RPG,"￥9,800","￥10,000代",0,64,,,,,,,,
1994-03-25,タイトー,スペースインベーダーTHEORIGINALGAME,-,2,SHT,"￥4,980","￥5,000代",0,0,,,,,,,,
1994-03-25,バンプレスト,スーパーロボット大戦EX,-,6,SLG,"￥9,800","￥10,000代",37,64,,阪田雅彦,庄真宏,福地仁|守谷淳一|レイアップ,細井一司|田中伸一|山根昇,阪田雅彦,じっぱひとからげ,
1994-03-25,アクレイムジャパン,チャンピオンズワールドクラスサッカー,-,4,SPT,"￥8,900","￥9,000代",0,0,,,,,,,,
1994-03-25,カプコン,ロックマンズサッカー,-,5,SPT,"￥9,000","￥9,000代",0,0,,,谷口蛙,三並達也,岡本智郎|富沢賢一|富樫則彦,,藤原得郎,
1994-03-25,ヨネザワ,スーパーホッケー'94,-,4,SPT,"￥8,900","￥9,000代",0,0,,,,,,,,
1994-03-25,セタ,スーパーリアル麻雀PIV,-,7,TBL,"￥9,800","￥10,000代",0,0,,,,,,,,
1994-03-25,ナグザット,スーパー五目ならべ連珠,-,4,TBL,"￥8,800","￥9,000代",0,0,,,,,,,,
1994-03-26,バンダイ,テレビアニメスラムダンク四強激突!!,-,6,SPT,"￥9,800","￥10,000代",0,0,,西沢信孝,,佐藤正樹,増田隆宣(第69話まで)|BMF(第70話以降),井上雄彦,,
1994-03-30,カプコン,マッスルボマー,-,9,SPT,"￥9,980","￥10,000代",0,0,,,松嶋延幸,佐渡敬|原哲夫(キャラクターデザイン)[注 1],泉谷雅樹|梶野俊夫|西垣俊|水月陵|大内伸弘,,,
1994-03-30,コナミ,真・麻雀,-,2,TBL,"￥9,000","￥9,000代",0,64,,,,,,,,
1994-03-31,日本物産,アンドレ・アガシテニス,-,2,SPT,"￥8,800","￥9,000代",0,0,,,,,,,,
1994-04-01,フォーラム,スーパーインディチャンプ,-,4,RCG,"￥9,200","￥9,000代",0,64,,,,,,,,
1994-04-01,バップ,スーパーダブル役満,-,2,TBL,"￥9,000","￥9,000代",0,0,,,,,ナオト・インティライミ(作詞・作曲),,,
1994-04-02,スクウェア,ファイナルファンタジーⅥ,37,9,RPG,"￥11,400","￥11,500代",255,64,,北瀬佳範,成田賢,天野喜孝,植松伸夫,坂口博信(原案)|北瀬佳範|野島一成,坂口博信,
1994-04-06,光栄,項劉記,-,6,SLG,"￥12,800","￥13,000代",0,64,,,,,長谷川智樹,,シブサワ・コウ,
1994-04-08,ダイナミック企画,紫炎ザ・ブレイドチェイサー,-,7,ACT,"￥9,600","￥9,500代",0,0,,,,,,,,
1994-04-08,EAV,NHLプロホッケー'94,-,4,SPT,"￥9,800","￥10,000代",0,0,,,,,,,,
1994-04-08,ナグザット,スーパー囲碁碁王,-,2,TBL,"￥14,800","￥15,000代",0,0,,,,,,,,
1994-04-15,アルトロン,ピンクパンサー,-,4,ACT,"￥9,500","￥9,500代",0,0,,,,,クリストフ・ベック|ヘンリー・マンシーニ(テーマ曲),レン・ブラム|スティーヴ・マーティン,,
1994-04-15,バンダイ,ろくでなしBLUES対決!東京四天王,-,6,ACT,"￥9,800","￥10,000代",0,0,,,,,,,,
1994-04-15,ヘクト,夢迷宮きぐるみ大冒険,-,4,RPG,"￥9,800","￥10,000代",0,64,,,,,,,,
1994-04-22,ビデオシステム,F-1GRANDPRIXPARTⅢ,-,7,RCG,"￥9,900","￥10,000代",0,64,,,,,,,,
1994-04-22,データム・ポリスター,メルヘンアドベンチャーコットン100%,-,7,SHT,"￥9,300","￥9,500代",0,0,,,,,,,,
1994-04-22,ベック,機動警察パトレイバー,-,6,SLG,"￥9,800","￥10,000代",0,64,,,,ゆうきまさみ(原案)|高田明美|出渕裕|高田明美|出渕裕|佐山善則,,押井守|横手美智子|伊藤和典他,,
1994-04-28,東宝、小学館プロダクション,らんま1／2超技乱舞篇,-,8,ACT,"￥9,980","￥10,000代",0,0,,賀川邦彦,瓦吹隆|富沢賢一|坪井哲央,丸哲郎|丸哲郎|中林勝則|竹村浩,岡本智郎,木村初,盛武源|角田純一|竹野雅人|頼経康史,
1994-04-28,ハドソン,スーパーボンバーマン2,-,4,ACT,"￥8,500","￥8,500代",0,0,,KYON KYON,清本哲郎|B.HANAWA|鈴木俊之,平井隆之|平井隆之|沼宮内純也|日下純,福田裕彦,,RAOH SHIMADA,
1994-04-28,アテナ,笑っていいとも!タモリンピック,-,4,ETC,"￥9,500","￥9,500代",0,0,,,,樋上いたる|門之園恵美|池田和美,折戸伸治|戸越まごめ|麻枝准,志茂文彦,馬場隆博,
1994-04-28,ヴァージンゲーム,ダイナマイト・ザ・ラスベガス,-,4,ETC,"￥8,900","￥9,000代",0,0,,,,,,,,
1994-04-28,タカラ,平成イヌ物語バウポップンスマッシュ!!,-,2,SPT,"￥7,800","￥8,000代",0,0,,,,,,,,
1994-04-28,日本物産,スーパーパチスロマージャン,-,4,TBL,"￥9,500","￥9,500代",0,16,,,,,,,,
1994-04-28,バンプレスト、ザムス,フォーチュン・クエストダイスをころがせ!,-,4,TBL,"￥9,800","￥10,000代",0,0,,,,,,深沢美潮,,
1994-04-29,テクノスジャパン,新・熱血硬派くにおたちの挽歌,-,7,ACT,"￥9,800","￥10,000代",0,0,,,山彦寛子,岸本未来|早川直行|桂木龍|松井龍作|ダップ|中村孝子,山根一史,横倉廣,富山徳之,
1994-04-29,日本テレネット,ダークキングダム,-,6,RPG,"￥9,800","￥10,000代",0,64,,,岩附宏和 山本雅康(tool) 後藤洋平(tool),折原綱義|土屋広継|牧由尚,,,大友美智男,
1994-04-29,アクレイムジャパン,NBAJAM(ジャム),-,7,SPT,"￥9,800","￥10,000代",0,0,,,,,,,,
1994-04-29,アスク講談社,ナイスDEショット,-,6,SPT,"￥9,800","￥10,000代",0,64,,,,,,大場つぐみ,,
1994-05-01,エポック社,Jリーグエキサイトステージ'94,31,6,SPT,"￥9,800","￥10,000代",0,64,,,,,,,,
1994-05-13,ビーアイ,伊達公子のバーチャルテニス,-,4,SPT,"￥9,000","￥9,000代",0,0,,,,,,,,
1994-05-20,ココナッツジャパンエンターテイメント,パチ夫くんSPECIAL2,-,4,TBL,"￥9,980","￥10,000代",0,64,,,,,,,,
1994-05-27,データイースト,ファイターズヒストリー,-,8,ACT,"￥9,800","￥10,000代",0,0,,,,,,,,
1994-05-27,バンダイ,クレヨンしんちゃん2大魔王の逆襲,-,2,ACT,"￥6,800","￥7,000代",0,0,,,,尾形和正|田中庸介|牛村憲彦,,,,
1994-05-27,ケイエスエス,競馬予想馬券錬金術,-,2,ETC,"￥9,500","￥9,500代",0,64,,,,,,,,
1994-05-27,テクノスジャパン,くにおのおでん,-,2,PZL,"￥6,900","￥7,000代",0,0,,,,,,,,
1994-05-27,BPS,ドリフトキング首都高バトル'94土屋圭市＆坂東正明,-,6,RCG,"￥9,800","￥10,000代",0,64,,,,,,,,
1994-05-27,パック・イン・ビデオ,スーパーバトルタンク2,-,7,SHT,"￥9,800","￥10,000代",0,0,,,,,,,,
1994-05-27,バンダイ,SDガンダムGX,-,4,SLG,"￥9,800","￥10,000代",0,64,,,,,,,,
1994-06-04,任天堂,ワイルドトラックス,32,4,RCG,"￥9,800","￥10,000代",0,512,,菱田達也,ジャイルズ・ゴダード|木村真人|山本健二|コリン・リード,高橋伸也|森直樹|黒梅知明|今村孝矢,天宅しのぶ,,宮本茂,
1994-06-08,ヘクト,サラブレッドブリーダーⅡ,-,7,ETC,"￥12,800","￥13,000代",0,256,,,,,,,,
1994-06-10,カプコン,ナイツオブザラウンド,-,6,ACT,"￥9,500","￥9,500代",0,0,,,綱崎裕三,,阿部功,,,
1994-06-10,ナムコ,幽☆遊☆白書2格闘の章,-,7,ACT,"￥9,600","￥9,500代",0,0,,,,,,,,
1994-06-10,日本ファルコム,ぽっぷるメイル,-,4,ACT,"￥8,800","￥9,000代",0,64,,木屋善夫,永嶋純,今井浩之|塩田雄一|田中久仁彦,石川三恵子|白川篤史,,加藤正幸,
1994-06-14,任天堂,スーパーゲームボーイ,-,1,ETC,"￥7,000","￥7,000代",0,0,,,,,,,,
1994-06-17,カルチャーブレーン,SD飛龍の拳,-,7,ACT,"￥9,800","￥10,000代",0,0,,,,,,,,
1994-06-17,ナツメ,奇々怪界-月夜草子-,-,6,ACT,"￥9,500","￥9,500代",0,0,,,,藤川純一,岩月博之|山下絹代|大橋春男|やまおあすか,,,
1994-06-17,パック・イン・ビデオ,やまねこバブジーの大冒険,-,7,ACT,"￥9,800","￥10,000代",0,0,,,,,,,,
1994-06-17,日本物産,スーパー4WDTHEBAJA(バハ),-,4,RCG,"￥8,800","￥9,000代",0,0,,,,,,,,
1994-06-17,EAV,ウルティマ外伝黒騎士の陰謀,-,4,RPG,"￥9,800","￥10,000代",0,16,,,,,,,,
1994-06-17,ココナッツジャパンエンターテイメント,ワールドカップストライカー,-,4,SPT,"￥9,980","￥10,000代",0,64,,,,,,,,
1994-06-17,ヒューマン,スーパーフォーメーションサッカー'94,-,4,SPT,"￥9,800","￥10,000代",0,256,,,,,,,,
1994-06-17,ビクターエンタテインメント,FIFAインターナショナル・サッカー,-,4,SPT,"￥9,800","￥10,000代",0,0,,,,,,,,
1994-06-17,アイマックス,スーパー将棋2,-,6,TBL,"￥9,800","￥10,000代",0,64,,,,,,,,
1994-06-24,サンソフト,バックス・バニーはちゃめちゃ大冒険,-,6,ACT,"￥9,200","￥9,000代",0,0,,,,,ナオト・インティライミ(作詞・作曲),,,
1994-06-24,ジャレコ,ジュラシック・パーク,-,7,ACT,"￥9,800","￥10,000代",0,0,,,,,,『Jurassic Park Adventures: Survivor』(2001年) 『Jurassic Park Adventures: Prey』(2001年) 『Jurassic Park Adventures: Flyers』(2002),,
1994-06-24,DEN'Z,ジグザグキャットダチョウ倶楽部も大騒ぎダ,-,6,PZL,"￥9,500","￥9,500代",0,64,,佐藤良一|藤井大輔,はやしさとし|まつざわつよし,おおかわまこと|永井満夫|佐藤良一|藤井大輔|きずはじめ|ながせよういち,稲田昌子,佐藤良一,おおかわまこと|ダチョウ倶楽部,
1994-06-24,バンプレスト,スレイヤーズ,-,6,RPG,"￥9,800","￥10,000代",0,64,,,,,,,,
1994-06-24,パック・イン・ビデオ,スーパードッグファイト,-,7,SHT,"￥9,800","￥10,000代",0,0,,,,,,,,
1994-06-24,イマジニア,スーパービリヤード,-,4,TBL,"￥9,800","￥10,000代",0,0,,,,,,,,
1994-06-25,カプコン,スーパーストリートファイターⅡ,30,10,ACT,"￥10,900","￥11,000代",129,0,,,,,,,,
1994-06-25,光栄,ブランディッシュ,-,6,RPG,"￥10,800","￥11,000代",0,256,,,,,,,,
1994-06-25,日本コンピュータシステム,全日本プロレスファイトだポン!,-,4,SPT,"￥9,800","￥10,000代",0,0,,,,,,,,
1994-06-28,ヒューマン,テコンドー,-,4,SPT,"￥8,900","￥9,000代",0,0,,,,,,,,
1994-07-01,ザウルス,ワールドヒーローズ2,-,9,ACT,"￥9,980","￥10,000代",0,0,,,,,,,,
1994-07-01,POW,遊人のふりふりガールズ,-,4,TBL,"￥8,900","￥9,000代",0,0,,,,,,,,
1994-07-08,ハドソン,美女と野獣,-,4,ACT,"￥8,500","￥8,500代",0,0,,,,,,,,
1994-07-08,BPS,テトリスフラッシュ,-,4,PZL,"￥8,000","￥8,000代",0,0,,山本雅央|山上仁志,,,高野充彦|上村みゆき,,横井軍平,
1994-07-08,エニックス,スラップスティック,-,6,RPG,"￥9,600","￥9,500代",0,64,,,,,,,,
1994-07-08,イマジニアズーム,ドラッキーのAりーぐさっかー,-,6,SPT,"￥9,800","￥10,000代",0,0,,,,,,,,
1994-07-08,パック・イン・ビデオ,つり太郎,-,4,SPT,"￥9,800","￥10,000代",0,16,,,,,,,,
1994-07-15,アスミック,バトルZEQUE伝(ゼクウ),-,6,ACT,"￥9,800","￥10,000代",0,0,,,,,,,,
1994-07-15,ヴァージンゲーム,ジャングルブック,-,7,ACT,"￥9,800","￥10,000代",0,0,,,,,,,,
1994-07-15,データム・ポリスター,キーパー,-,2,PZL,"￥7,200","￥7,000代",0,0,,,,,,,,
1994-07-15,バンダイ,美少女戦士セーラームーンSこんどはパズルでおしおきよ!,-,2,PZL,"￥6,800","￥7,000代",0,0,,,,,,,,
1994-07-15,日本物産,スーパーF1サーカス3,-,7,RCG,"￥9,900","￥10,000代",0,64,,,,,,,,
1994-07-15,T＆Eソフト,ソード・ワールドSFC2いにしえの巨人伝説,-,7,RPG,"￥9,900","￥10,000代",0,64,,,,,,,,
1994-07-15,ビクターエンタテインメント,サンサーラ・ナーガ2,-,6,RPG,"￥9,800","￥10,000代",0,64,,押井守,松木善勝|山木光人|いちやまたまき,永井努|柿之本ゆう|桜玉吉,川井憲次,伊藤和典,吉岡賢,
1994-07-15,ポニーキャニオン,歌舞伎町リーチ麻雀東風戦,-,2,TBL,"￥8,800","￥9,000代",0,256,,,,,,,,
1994-07-15,魔法,パチスロ研究,-,2,TBL,"￥9,500","￥9,500代",0,0,,,,,,,,
1994-07-22,カプコン,グーフィーとマックス海賊島の大冒険,-,2,ACT,"￥7,800","￥8,000代",0,0,,,,,,,,
1994-07-22,ハドソン,超原人,-,6,ACT,"￥8,800","￥9,000代",0,0,,吉川昇一,荒居弘之|白谷守,吉川昇一|青木コブ太,西澤正明|植木啓示|末村謙之輔,,宮本徳人,
1994-07-22,ホリ電機,ジグソーパーティ,-,4,PZL,"￥8,200","￥8,000代",0,0,,,,,,,,
1994-07-22,メディアリング,ゼロヨンチャンプRR,-,7,RCG,"￥9,980","￥10,000代",0,64,,,,,M・M・キーラヴァーニ,S・S・ラージャマウリ|サーイ・マーダヴ・ブッラ(英語版)(台詞),,
1994-07-22,ヒューマン,ファイプロ女子オールスタードリームスラム,-,7,SPT,"￥9,500","￥9,500代",0,0,,,,,,,,
1994-07-22,アテナ,プロ麻雀極Ⅱ,-,2,TBL,"￥9,800","￥10,000代",0,64,,,,,,,,
1994-07-28,カルチャーブレーン,スーパーウルトラベースボール2,-,2,SPT,"￥9,800","￥10,000代",0,64,,,,,,,,
1994-07-29,インフォコム,ズールのゆめぼうけん,-,4,ACT,"￥8,800","￥9,000代",0,0,,,,,,,,
1994-07-29,タカラ,餓狼伝説SPECIAL,-,10,ACT,"￥10,900","￥11,000代",0,0,,,,塚本高史,清水敏夫|山田泰正|北村芳彦,,川崎英吉,
1994-07-29,T＆Eソフト,ロードランナーツインジャスティとリバティの大冒険,-,4,PZL,"￥8,800","￥9,000代",0,0,,,,,ナオト・インティライミ(作詞・作曲),,,
1994-07-29,日本テレネット,天使の詩白き翼の祈り,-,6,RPG,"￥9,980","￥10,000代",0,64,,,,,,,,
1994-07-29,サンソフト,ワールドカップUSA'94,-,6,SPT,"￥9,800","￥10,000代",0,64,,,,,,,,
1994-07-29,タイトー,ハットトリックヒーロー2,-,4,SPT,"￥8,900","￥9,000代",0,0,,,中村辰男|岩崎雄二|征矢野伸二|ながはらくさご|つねきよこうじ|黒沢孝,こぼりたけし|こぼりたけし|関本努|平松信宏|PEACOCK,小倉久佳|渡部恭久,,,
1994-07-29,魔法,甲子園3,-,6,SPT,"￥9,800","￥10,000代",0,64,,,,,,,,
1994-07-29,アイマックス,スーパーパチンコ,-,4,TBL,"￥9,800","￥10,000代",0,16,,,,,,,,
1994-07-29,ケイエスエス,パチスロ物語ユニバーサル・スペシャル,-,4,TBL,"￥9,800","￥10,000代",0,0,,,,,,,,
1994-07-29,日本物産,スーパーニチブツマージャン3吉本劇場篇,-,7,TBL,"￥10,800","￥11,000代",0,0,,,,,,,,
1994-08-03,ハドソン,スーパーパワーリーグ2,-,8,SPT,"￥9,800","￥10,000代",0,64,,,,,,,,
1994-08-05,ケムコ,G2ジェノサイド,-,7,ACT,"￥9,800","￥10,000代",0,0,,,,,,,,
1994-08-05,ジャレコ,すーぱー忍者くん,-,4,ACT,"￥7,900","￥8,000代",0,0,,,,,,,,
1994-08-05,アルトロン,アリョールうごく絵Ver2.0,-,4,PZL,"￥9,800","￥10,000代",0,0,,,,,,,,
1994-08-05,タカラ,魔法ぽいぽいぽいっと!,-,4,PZL,"￥8,800","￥9,000代",0,0,,,,,,,,
1994-08-05,バンプレスト,鬼神降臨伝ONI,-,6,RPG,"￥9,800","￥10,000代",0,64,,,,,,,,
1994-08-05,アイマックス,スーパー高校野球一球入魂,-,4,SPT,"￥9,800","￥10,000代",0,64,,,,,,,,
1994-08-05,ナムコ,Jリーグサッカープライムゴール2,-,6,SPT,"￥8,800","￥9,000代",0,0,,,,,,,,
1994-08-05,アイマックス,スーパー花札,-,2,TBL,"￥8,800","￥9,000代",0,16,,,,,,,,
1994-08-05,ココナッツジャパンエンターテイメント,PinballPINBALL,-,4,TBL,"￥9,980","￥10,000代",0,0,,,,,,,,
1994-08-12,タイトー,ザ・フリントストーンズ,-,4,ACT,"￥8,500","￥8,500代",0,0,,,,,,,,
1994-08-12,サンソフト,レミングス2,-,7,PZL,"￥9,800","￥10,000代",0,16,,,,,,,,
1994-08-12,ナツメ,WILDGUNS(ワイルドガンズ),-,4,SHT,"￥9,200","￥9,000代",0,0,,,,,,,,
1994-08-12,光栄,スーパー三國志,-,4,SLG,"￥9,800","￥10,000代",0,0,,,,,菅野よう子,,シブサワ・コウ,
1994-08-12,タイトー,スーパー究極ハリキリスタジアム2,-,6,SPT,"￥9,500","￥9,500代",0,64,,,,,,,,
1994-08-12,バリエ,新日本プロレスリング'94バトルフィールドIN闘強導夢,-,8,SPT,"￥11,800","￥12,000代",0,0,,,,,,,,
1994-08-12,ヒューマン,スーパーファイナルマッチテニス,-,4,SPT,"￥8,900","￥9,000代",0,0,,,,,,,,
1994-08-12,テクノスジャパン,ポパイいじわる魔女シーハッグの巻,-,6,TBL,"￥9,500","￥9,500代",0,0,,,,,,,,
1994-08-19,シャノアール,麻雀悟空天竺,-,2,TBL,"￥9,800","￥10,000代",0,64,,,,,,,,
1994-08-19,バップ,必勝777ファイターⅡパチスロ(秘)情報,-,2,TBL,"￥9,500","￥9,500代",0,0,,,,,,,,
1994-08-26,ヴィジット,アップルシードプロメテウスの神託,-,7,ACT,"￥9,800","￥10,000代",0,0,,,,,,,,
1994-08-26,カルチャーブレーン,押忍!!空手部,-,9,ACT,"￥10,800","￥11,000代",0,0,,,,,,,,
1994-08-26,ケムコ,スーパードラッケン,-,7,ACT,"￥9,800","￥10,000代",0,64,,,戸野文雄|増野宏之|たにおさむ,すえだきみなり,小松真理,ひらはらしょうこ,道浦忍,
1994-08-26,ショウエイシステム,松村邦洋伝最強の歴史をぬりかえろ!,-,9,ACT,"￥9,900","￥10,000代",0,0,,たけくらたかし,高山智博|よくらはるえ|にしもとくにこ|にしもとつとむ,,,,まついこうじ,
1994-08-26,ナムコ,ハロー!パックマン,-,6,ACT,"￥8,300","￥8,500代",0,0,,,,,田島勝朗,,水野一実,
1994-08-26,トンキンハウス,サイバーナイトⅡ地球帝国の野望,-,7,RPG,"￥9,900","￥10,000代",0,64,,かわいやすゆき,まさきたかきよ,水野良|松浦まさふみ,酒井能克|酒井恭子,山本弘,浦井郁郎,
1994-08-26,ケイエスエス,横綱物語,-,4,SPT,"￥9,800","￥10,000代",0,64,,,,,,,,
1994-08-27,任天堂,MOTHER2ギーグの逆襲(マザー2),-,9,RPG,"￥9,800","￥10,000代",0,64,,,,,,,,
1994-08-31,キャラクターソフト,サンリオ上海,-,2,PZL,"￥6,980","￥7,000代",0,0,,,,,,,,
1994-08-31,サンソフト,へべれけのおいしいパズルはいりませんか,-,5,PZL,"￥8,900","￥9,000代",0,0,,,,,,,,
1994-09-02,スクウェア,ライブ・ア・ライブ,-,7,RPG,"￥9,900","￥10,000代",0,64,,時田貴司,深谷文明,小林よしのり|青山剛昌|藤原芳秀|石渡治|皆川亮二|島本和彦|田村由美,下村陽子,時田貴司|井上信行,,
1994-09-09,ヒューマン,ザ・ファイヤーメン,-,4,ACT,"￥9,300","￥9,500代",0,0,,,藤井伸宏,いしづかたいち|しみずゆういち|徳森英二|よしおかまさゆき,前田英人|伊藤このみ|田中宏典|那珂裕之,,,
1994-09-09,ビクターエンタテインメント,チョップリフターⅢ,-,2,SHT,"￥7,800","￥8,000代",0,0,,,,ダン・ゴーリン,,,,
1994-09-15,コナミ,スパークスター,-,4,ACT,"￥9,800","￥10,000代",0,0,,,,,,,,
1994-09-15,サンソフト,上海Ⅲ,-,4,PZL,"￥8,900","￥9,000代",0,0,,,,,,,,
1994-09-16,アスミック,おでかけレスタ～れれれのれ,-,4,ACT,"￥8,900","￥9,000代",0,0,,,,,,,,
1994-09-16,カロッツェリアジャパン,リーディングジョッキー,-,2,ETC,"￥9,800","￥10,000代",0,64,,,,,,,,
1994-09-16,サミー,実戦パチスロ必勝法2,-,4,TBL,"￥9,980","￥10,000代",0,64,,,,,,,,
1994-09-18,バンダイ,ジャングルの王者ターちゃん世界漫遊大格闘の巻,-,4,ACT,"￥8,800","￥9,000代",0,0,,,,,,,,
1994-09-20,アテナ,描いて・作って・遊べるデザエモン,-,2,ETC,"￥12,900","￥13,000代",0,1024,,,,,,,,
1994-09-21,任天堂,カービィボウル,-,6,ACT,"￥7,900","￥8,000代",0,64,,齋藤崇,阿部哲也|郡司照幸|乙黒誠二|高橋芳美|金井誠|三津原敏|中島圭,菱田達也|高橋伸也|橋口茂|橋倉正|三浦和弥,安藤浩和,,山内溥|宮本茂|清水隆雄,
1994-09-22,タカラ,サムライスピリッツ,-,10,ACT,"￥10,900","￥11,000代",0,0,,,,,,,,
1994-09-22,ナムコ,リブルラブル,-,2,ACT,"￥6,300","￥6,500代",0,0,,,黒須一雄,岩谷徹|佐藤誠市,大野木宜幸|小沢純子,,岩谷徹,
1994-09-22,バリエ,中嶋悟監修F-1HERO'94,-,4,RCG,"￥9,800","￥10,000代",0,64,,,,,,,,
1994-09-22,アスキー,ウィザップ!暗黒の王,-,7,RPG,"￥9,900","￥10,000代",0,64,,,,,,,,
1994-09-22,キングレコード,ラリー・ニクソン・スーパー・バスフィッシング,-,6,SPT,"￥9,800","￥10,000代",0,64,,,,,,,,
1994-09-22,ヒューマン,スーパーフォーメーションサッカー'94ワールドカップファイナルデータ,-,4,SPT,"￥9,800","￥10,000代",0,256,,,,,,,,
1994-09-22,イマジニア,本家花札,-,4,TBL,"￥9,800","￥10,000代",0,0,,,,,,,,
1994-09-23,バンプレスト,ゴーストチェイサー電精,-,7,ACT,"￥9,800","￥10,000代",0,0,,,大矢晋一,山岸望|坂木和史,山根昇,,川島利文,
1994-09-23,光栄,アンジェリーク,-,7,SLG,"￥9,800","￥10,000代",0,16,,,,,,,,
1994-09-23,スターフィッシュデータ,スーパーブラックバス2,-,7,SPT,"￥9,800","￥10,000代",0,64,,,,,,,,
1994-09-23,ビック東海,TOKORO'Sマージャン,-,4,TBL,"￥9,500","￥9,500代",0,0,,,,,,,,
1994-09-23,四次元,麻雀戦国物語,-,4,TBL,"￥9,300","￥9,500代",0,64,,,,,,,,
1994-09-29,バンダイ,ドラゴンボールZ超武闘伝3,-,7,ACT,"￥9,800","￥10,000代",90,0,,,TNK|MOTOR-OM|まるこぱぱ,SOBA|ぬーぴー|J DESIGNS|ポチっと犬じろう|NAKANOKUN|ひでさん,山本健司|AMAYANG|CHATRASCH|SWITCH.E,,磯貝健夫,
1994-09-30,アクレイムジャパン,クラッシュ・ダミー,-,4,ACT,"￥8,900","￥9,000代",0,0,,,,,,,,
1994-09-30,アクレイムジャパン,バーチャルバート,-,7,ACT,"￥9,800","￥10,000代",0,0,,,,,,,,
1994-09-30,イマジニア,競馬エイトスペシャル2,-,4,ETC,"￥9,980","￥10,000代",0,64,,,,,,,,
1994-09-30,コナミ,タイニー・トゥーンアドベンチャーズ～ドタバタ大運動会～,-,4,ETC,"￥9,000","￥9,000代",0,0,,,,,,,,
1994-09-30,日本コンピュータシステム,バイク大好き!走り屋魂,-,2,RCG,"￥9,600","￥9,500代",0,16,,,,,,,,
1994-09-30,ヒューマン,ヒューマングランプリ3F1トリプルバトル,-,7,RCG,"￥10,500","￥10,500代",0,64,,,,,,,,
1994-09-30,アスキー,ダウン・ザ・ワールド,-,7,RPG,"￥9,800","￥10,000代",0,64,,かわのひろみつ,かわのひろみつ|すずきひさし|いのうえたくみ|たかとりみつはる|なかやませいじ|わたなべたくや,杉山一郎|なかやませいじ|松下進,ジェフ・ファイファー|ロブ・ファイファー,康珍化,浜村弘一|金田剛|吉田穂積,
1994-09-30,ジャレコ,天龍源一郎のプロレスレヴォリューション,-,7,SPT,"￥9,800","￥10,000代",0,0,,,,,,,,
1994-09-30,DEN'Z,バークレーのパワーダンク,-,6,SPT,"￥9,200","￥9,000代",0,0,,,,,,,,
1994-09-30,光栄,麻雀大会Ⅱ,-,4,TBL,"￥9,800","￥10,000代",0,64,,,,,,,シブサワ・コウ,
1994-10-07,セタ,ノスフェラトゥ,-,7,ACT,"￥9,800","￥10,000代",0,0,,,,,,,,
1994-10-07,ソフエル,MR.NUTZ,-,4,ACT,"￥8,800","￥9,000代",0,0,,,,,,,,
1994-10-07,アスミック,シヴィライゼーション世界七大文明,-,6,SLG,"￥12,800","￥13,000代",0,256,,,,,,,,
1994-10-14,アトラス,豪血寺一族,-,9,ACT,"￥10,500","￥10,500代",0,0,,,,,,,,
1994-10-14,DEN'Z,UFO仮面ヤキソバンケストラーの黒い陰謀,-,4,ACT,"￥5,890","￥6,000代",0,0,,,,,,,,
1994-10-15,POW,パチンコファン勝利宣言,-,4,TBL,"￥9,800","￥10,000代",0,64,,,,,,,,
1994-10-16,ナツメ,下野正希のFishingToBassing,-,4,SPT,"￥9,800","￥10,000代",0,64,,,,,,,,
1994-10-19,魔法,はらぺこバッカ,-,1,PZL,"￥4,980","￥5,000代",0,0,,,,,,,,
1994-10-21,カプコン,デモンズ・ブレイゾン魔界村紋章編,-,7,ACT,"￥9,800","￥10,000代",0,0,,宮崎亮,,岩尾賢一,堀山俊彦,,藤原得郎,
1994-10-21,ケムコ,キッドクラウンのクレイジーチェイス,-,4,ACT,"￥8,800","￥9,000代",0,0,,,しんどうこういち|かねゆききくお|まつおやすあき|T.MASUMURA,佐々木晃,ふるたしんいち|古田瑶子|折重由美子|ムジカ・プレスト,寺田憲史,,
1994-10-21,ナムコ,スーパーファミリーサーキット,-,4,RCG,"￥8,800","￥9,000代",0,64,,,,,,,,
1994-10-21,データイースト,ヘラクレスの栄光IV神々からの贈り物,-,7,RPG,"￥9,900","￥10,000代",0,64,,,,,,,,
1994-10-21,テクノスジャパン,船木誠勝HYBRIDWRESTLER闘技伝承,-,7,SPT,"￥9,800","￥10,000代",0,64,,,,,,,,
1994-10-21,トンキンハウス,スーパーラグビー,-,4,SPT,"￥9,000","￥9,000代",0,64,,,,,,,,
1994-10-21,サンソフト,必殺パチンココレクション,-,4,TBL,"￥9,800","￥10,000代",0,64,,,,,ナオト・インティライミ(作詞・作曲),,,
1994-10-21,ナグザット,本格麻雀徹萬Ⅱ,-,2,TBL,"￥8,900","￥9,000代",0,16,,,,,,,,
1994-10-28,アルトロン,化学者ハリーの波乱万丈,-,2,ACT,"￥8,900","￥9,000代",0,0,,,,,,,,
1994-10-28,サンソフト,少年忍者サスケ,-,6,ACT,"￥9,800","￥10,000代",0,64,,,,,,,,
1994-10-28,BPS,爆投ドッチャーズバンプス島は大さわぎ,-,4,ACT,"￥8,500","￥8,500代",0,0,,,,,,,,
1994-10-28,ココナッツジャパンエンターテイメント,スーパーカジノ2,-,2,ETC,"￥9,800","￥10,000代",0,0,,,,,,,,
1994-10-28,イマジニアズーム,ドラッキーのパズルツアー'94,-,2,PZL,"￥8,200","￥8,000代",0,0,,,,,,,,
1994-10-28,アトラス,真・女神転生if…,-,7,RPG,"￥9,990","￥10,000代",0,64,,岡田耕始,佐藤雅実|迎一彌|金田直美|矢部直也,伊藤龍太郎|藤岡一樹|礒貝正吾|藤木真一|細野雄士|橋野桂|金子一馬|佐藤佐和子|村上哲也|岩崎智美|片岡いずみ|池永美奈子|野口暁,増子司,,横山秀幸,
1994-10-28,日本クラリービジネス,イルバニアンの城,-,7,SLG,"￥9,980","￥10,000代",0,64,,,,,,,,
1994-10-28,やのまん,フェーダ(FEDA)エンブレムオブジャスティス,-,8,SLG,"￥9,990","￥10,000代",0,64,,,,,,,,
1994-10-28,テクモ,テクモスーパーベースボール,-,6,SPT,"￥9,800","￥10,000代",0,64,,,,,,,,
1994-10-28,パック・イン・ビデオ,マルチプレイバレーボール,-,4,SPT,"￥8,900","￥9,000代",0,0,,,,,,,,
1994-10-28,ユタカ,DEARBOYS,-,6,SPT,"￥9,800","￥10,000代",0,64,,,,加野晃,井上日徳,八神ひろき,,
1994-10-28,ケイエスエス,卒業番外篇ねぇ麻雀しよ!,-,4,TBL,"￥9,800","￥10,000代",0,64,,,,,,,,
1994-10-28,タイトー,本格派囲碁碁聖,-,4,TBL,"￥14,800","￥15,000代",0,64,,,,,,,,
1994-10-28,日本テレネット,SANKYOFever!フィーバー!,-,4,TBL,"￥9,800","￥10,000代",0,0,,,,,,,,
1994-11-11,アクレイムジャパン,モータルコンバットⅡ究極神拳,-,9,ACT,"￥11,800","￥12,000代",0,0,,,,,,,,
1994-11-11,カプコン,ミッキーとミニーマジカルアドベンチャー2,-,7,ACT,"￥9,500","￥9,500代",0,0,,,篠原雅嗣,,友澤眞,,ノア・ダッドレー|ゲーリー・グレイパー,
1994-11-11,ジャレコ,ファイヤー・ファイティング,-,4,ACT,"￥9,890","￥10,000代",0,0,,,大原健志|秋山望,松田信|前川恵一|さとうひろき,緒方貴宏,,,
1994-11-11,バンダイ,ゴン,-,4,ACT,"￥8,800","￥9,000代",0,0,,,,,,,,
1994-11-11,コナミ,実況ワールドサッカーPERFECTELEVEN,-,7,SPT,"￥9,980","￥10,000代",0,64,,,,,,,,
1994-11-18,ハドソン,鋼HAGANE,-,7,ACT,"￥9,500","￥9,500代",0,0,,,,,,,,
1994-11-18,バンダイ,パニックインなかよしワールド,-,2,ACT,"￥6,800","￥7,000代",0,0,,,,,,,,
1994-11-18,四次元,花の慶次-雲のかなたに-,-,7,ACT,"￥9,800","￥10,000代",0,0,,,,,,,,
1994-11-18,ココナッツジャパンエンターテイメント,中野浩一監修競輪王,-,2,ETC,"￥9,980","￥10,000代",0,64,,,,,,,,
1994-11-18,コナミ,ツヨシしっかりしなさい対戦ぱずるだま,-,4,PZL,"￥8,500","￥8,500代",0,0,,,,,,,,
1994-11-18,アトラス,GP-1RS(ラピッドストリーム),-,6,RCG,"￥9,800","￥10,000代",0,64,,,,,,,,
1994-11-18,アスク講談社,マグナブラバン遍歴の勇者,-,6,RPG,"￥9,800","￥10,000代",0,64,,水足淳一,すずきよういち,杉浦俊朗|村瀬修功,佐藤天平,高山克彦,小山秀一,
1994-11-18,ポニーキャニオン,ウルティマⅦザ・ブラックゲート,-,4,RPG,"￥9,800","￥10,000代",0,64,,,,,,,,
1994-11-18,ナムコ,ミリティア,-,6,SLG,"￥8,800","￥9,000代",0,0,,,中村隆徳,,柴野浩美,大場惑,,
1994-11-18,ヒューマン,ドリームバスケットボールDUNK＆HOOP,-,6,SPT,"￥9,600","￥9,500代",0,0,,,,,,,,
1994-11-18,ソフエル,モンスターメーカーキッズ王様になりたい,-,4,TBL,"￥9,200","￥9,000代",0,64,,,,,,,,
1994-11-18,日本物産,スーパー五目・将棋定跡研究篇,-,4,TBL,"￥9,500","￥9,500代",0,64,,,,,,,,
1994-11-18,バップ,パチンコ(秘)必勝法,-,4,TBL,"￥9,800","￥10,000代",0,0,,,,,,,,
1994-11-18,バリエ,遊人雀獣学園2,-,7,TBL,"￥9,800","￥10,000代",0,0,,,,,,,,
1994-11-25,チュンソフト,かまいたちの夜,30,9,ADV,"￥10,800","￥11,000代",70,64,,麻野一哉,斉藤昌快|二位真裕|山田信洋|小川一美|中島康雄|大森田不可止,小泉冬彦|落合信也|佐々木真治|佐藤圭子|長谷川薫|原田久美子,加藤恒太|中嶋康二郎,我孫子武丸,中村光一,
1994-11-25,トミー,なるほど!ザ・ワールド,-,6,ETC,"￥9,500","￥9,500代",0,0,,,,,,,王東順,
1994-11-25,ビクターエンタテインメント,ノンタンといっしょくるくるぱずる,-,2,PZL,"￥7,800","￥8,000代",0,0,,,,,,,,
1994-11-25,コナミ,極上パロディウス,-,7,SHT,"￥9,800","￥10,000代",0,0,,,徳田典|もりとめやすゆき,Shuzilow.HA|あさりよしとお,深見誠一|宮脇聡子|妹尾和浩,,,
1994-11-25,ジャレコ,武田修宏のスーパーリーグサッカー,-,4,SPT,"￥9,800","￥10,000代",0,16,,,,,,,,
1994-11-25,バンプレスト,バトルサッカー2,-,6,SPT,"￥8,800","￥9,000代",0,0,,,,,,,,
1994-11-25,四次元,全国高校サッカー,-,4,SPT,"￥9,800","￥10,000代",0,64,,,,,,,,
1994-11-25,アイマックス,スーパー麻雀3辛口,-,4,TBL,"￥9,800","￥10,000代",0,64,,,,,,,,
1994-11-25,ココナッツジャパンエンターテイメント,元祖パチスロ日本一,-,4,TBL,"￥9,980","￥10,000代",0,0,,,,,,,,
1994-11-25,タイトー,大爆笑人生劇場大江戸日記,-,4,TBL,"￥9,000","￥9,000代",0,0,,西角友宏,たじませいいち|いとうわりゅー|みずの,くろさわきょうこ|さかべゆかり|東京省,わたなべよしお|草津きよし,,,
1994-11-25,ヒューマン,ただいま勇者募集中おかわり,-,7,TBL,"￥9,900","￥10,000代",0,64,,,,,,,,
1994-11-26,任天堂,スーパードンキーコング,31,10,ACT,"￥9,800","￥10,000代",300,16,,ティム・スタンパー,クリス・サザーランド|ブレンダン・ガン,グレッグ・メイレス|スティーヴ・メイルズ|ケヴィン・ベイリス|マーク・スティーヴンソン,デヴィッド・ワイズ|イーブリン・フィッシャー|ロビン・ビーンランド,,,
1994-12-02,イマジニア,制服伝説プリティファイター,-,7,ACT,"￥9,980","￥10,000代",0,0,,大須賀篤,荻原務,黒田愛美|中村鉄嗣,森彰彦,,飯田祥一,
1994-12-02,UBIソフト,ストリートレーサー,-,4,RCG,"￥9,200","￥9,000代",0,0,,,,,,,,
1994-12-02,カプコン,ブレスオブファイアⅡ使命の子,-,8,RPG,"￥9,980","￥10,000代",0,64,,,,,,,,
1994-12-02,テイチク,ザ・ラストバトル,-,7,RPG,"￥9,800","￥10,000代",0,64,,山口健司,富沢賢一,木村初|土居孝幸,岡本智郎,木村初|石川雅之|長崎剛志,高野泰博,
1994-12-02,やのまん,アレサⅡ(ARETHA2)アリエルの不思議な旅,-,7,RPG,"￥9,900","￥10,000代",0,64,,,,,,,,
1994-12-02,アスミック,ドカポン3・2・1嵐を呼ぶ友情,-,6,TBL,"￥9,600","￥9,500代",0,64,,,,,,,,
1994-12-09,ヴァージンゲーム,ライオン・キング,-,9,ACT,"￥9,980","￥10,000代",0,0,,,,,ハンス・ジマー,なし,,
1994-12-09,東宝,ゴジラ怪獣大決戦,-,9,ACT,"￥9,980","￥10,000代",0,0,,森永由美子,ひげぴん|宮崎和久|中村巧,吉良かつや|ひげぴん|横沼公理|横沼公理|永田竜也|梅田健志|有吉陽平,森永由美子|安田拓也|吉川雄二,,角田純一|竹野雅人,
1994-12-09,エニックス,ワンダープロジェクトJ機械の少年ピーノ,-,9,ADV,"￥11,800","￥12,000代",0,64,,米田喬,山彦寛子|返町孝|塩谷博光,米田喬|川元利弘,森彰彦,米田喬,藤本広貴,
1994-12-09,タカラ,牌砦,-,4,PZL,"￥8,800","￥9,000代",0,0,,,,,,,,
1994-12-09,イマジニア,バトルクロス,-,4,RCG,"￥9,800","￥10,000代",0,0,,,,,,,,
1994-12-09,パック・イン・ビデオ,ヴォルテックス,-,2,SHT,"￥9,900","￥10,000代",0,512,,,,,,,,
1994-12-09,光栄,三國志Ⅳ,-,9,SLG,"￥14,800","￥15,000代",0,256,,,,,長生淳|久保田邦夫,,シブサワ・コウ,
1994-12-09,テクモ,キャプテン翼V覇者の称号カンピオーネ,-,7,SPT,"￥9,980","￥10,000代",0,64,,,,,,,,
1994-12-09,テクノスジャパン,すごろクエスト++-ダイスニクス-,-,7,TBL,"￥9,900","￥10,000代",0,64,,,高橋満,scirocco,澤和雄,,白戸政男,
1994-12-09,ハドソン,スーパー桃太郎電鉄Ⅲ,-,4,TBL,"￥9,500","￥9,500代",0,64,,さくまあきら|友野信彦|浅野耕一郎,楊裕治|中谷伸司|駒井一夫,土居孝幸,関口和之,,浦敏治,
1994-12-16,エポック社,ドラえもん3のび太と時の宝玉,-,6,ACT,"￥9,500","￥9,500代",0,0,,葭原智|桑原悟,中川徹|しらいはじめ|うらぐちひろき,安部淳也|宍倉典幸|今入昭治|ちわたみちよ|ほんだみちひろ,濱田智之,田島大輔,沓掛隆志,
1994-12-16,エンジェル,美少女戦士セーラームーンS場外乱闘!?主役争奪戦,-,8,ACT,"￥9,980","￥10,000代",0,0,,,,,,,,
1994-12-16,カプコン,ロックマンX2,-,6,ACT,"￥9,800","￥10,000代",0,0,,,,つげしょう|津田祥寿|稲船敬二|加治勇人,岩井由紀,,藤原得郎,
1994-12-16,コナミ,がんばれゴエモン3獅子重禄兵衛のからくり卍固め,32,7,ACT,"￥9,800","￥10,000代",0,64,,蛭子悦延,蛭子悦延|山口誠|丸山修,小川公一|ゴエ3制作委員会|小川公一|堀江浩司|山内円,上原和彦|森本ゆきえ|高橋紀子,小川公一|ゴエ3制作委員会,梅崎重治,
1994-12-16,トミー,ミッキーの東京ディズニーランド大冒険,-,6,ACT,"￥9,800","￥10,000代",0,0,,,,,益子重徳|鈴木陽子|桐岡麻季,,,
1994-12-16,ナムコ,ワギャンパラダイス,30,6,ACT,"￥8,800","￥9,000代",0,0,,,,,,,,
1994-12-16,アイマックス,どっすん!岩石バトル,-,4,PZL,"￥8,800","￥9,000代",0,0,,,,,,,,
1994-12-16,BPS,スーパーテトリス3,-,4,PZL,"￥8,500","￥8,500代",0,16,,小栗真一|松中太郎,おおたのぶかず,原典史|高取雅好|かつのかずとく,後藤重満,,しいなあきら,
1994-12-16,四次元,スーパースネーキー,-,2,PZL,"￥7,800","￥8,000代",0,0,,,,,,,,
1994-12-16,アクレイムジャパン,ナイジェルマンセル・インディカー,-,4,RCG,"￥10,900","￥11,000代",0,0,,,,,,,,
1994-12-16,ココナッツジャパンエンターテイメント,FULLPOWER,-,7,RCG,"￥11,000","￥11,000代",0,0,,,,,,,,
1994-12-16,EAV,海釣り名人～スズキ編～,-,4,SPT,"￥9,800","￥10,000代",0,16,,,,,,,,
1994-12-16,EAV,NBALIVE'95,-,6,SPT,"￥9,800","￥10,000代",0,64,,,,,,,,
1994-12-16,イマジニア,スーパーレッスルエンジェルス,-,6,SPT,"￥9,980","￥10,000代",0,64,,,,,なし,,,
1994-12-16,ケイエスエス,蒼き伝説シュート!,-,6,SPT,"￥10,800","￥11,000代",0,64,,西尾大介,,荒木伸吾|姫野美智|秋山由樹子,Command S.inc,大島司,,
1994-12-16,ナグザット,スーパーフィッシングビッグファイト,-,6,SPT,"￥9,800","￥10,000代",0,16,,,,,,,,
1994-12-16,パック・イン・ビデオ,スキーパラダイスWITHスノーボード,-,4,SPT,"￥8,900","￥9,000代",0,0,,,,,,,,
1994-12-16,アスク講談社,ビッグ一撃!パチスロ大攻略,-,2,TBL,"￥9,800","￥10,000代",0,64,,,,,,,,
1994-12-16,ココナッツジャパンエンターテイメント,花札王,-,2,TBL,"￥8,980","￥9,000代",0,0,,,,,,,,
1994-12-16,日本物産,祇園花,-,4,TBL,"￥7,980","￥8,000代",0,0,,,,,,,,
1994-12-16,POW,必勝!パチスロファン,-,4,TBL,"￥9,800","￥10,000代",0,64,,,,,,,,
1994-12-16,ボトムアップ,スーパー詰将棋1000,-,2,TBL,"￥9,800","￥10,000代",0,0,,,,,,,,
1994-12-17,バンプレスト,ザ・グレイトバトルⅣ,-,6,ACT,"￥9,600","￥9,500代",0,0,,,,,,,,
1994-12-20,テクモ,テクモスーパーボウルⅡSPECIALEDITION,-,7,SPT,"￥9,980","￥10,000代",0,256,,,,,,,,
1994-12-21,ザウルス,龍虎の拳2,-,10,ACT,"￥10,900","￥11,000代",0,0,,,,,,,,
1994-12-21,ツクダオリジナル,岡本綾子とマッチプレイゴルフコ･オリナゴルフクラブINハワイ,-,4,SPT,"￥9,700","￥9,500代",0,64,,,,,,,,
1994-12-22,ケムコ,アニマル武乱伝ブルータル,-,7,ACT,"￥9,800","￥10,000代",0,0,,,,,,,,
1994-12-22,T＆Eソフト,ライズオブザロボッツ,-,10,ACT,"￥10,900","￥11,000代",0,0,,,,,,,,
1994-12-22,東宝,ポコニャン!へんぽこりんアドベンチャー,-,4,ACT,"￥8,800","￥9,000代",0,0,,,,,,,,
1994-12-22,ヴァージンゲーム,バトルジョッキー,-,4,ETC,"￥9,800","￥10,000代",0,0,,,,,,,,
1994-12-22,サンソフト,はしれへべれけ,-,5,RCG,"￥9,500","￥9,500代",0,16,,,,,,,,
1994-12-22,ハドソン,大貝獣物語,-,9,RPG,"￥10,900","￥11,000代",0,64,,藤原茂樹,若林哲也,中田伸一|及川英紀|桑原司|野中俊也|多田知美,六土開正,原裕朗|野中俊也,藤原茂樹,
1994-12-22,バンダイ,覇王大系リューナイトトロード･オブ･パラディン,-,6,RPG,"￥9,800","￥10,000代",0,64,,,,,,,,
1994-12-22,サンソフト,アルバートオデッセイ2邪神の胎動,-,7,SLG,"￥9,980","￥10,000代",0,64,,,,,,,,
1994-12-22,ナムコ,幽☆遊☆白書特別篇,-,7,SLG,"￥9,800","￥10,000代",0,0,,,,,,,,
1994-12-22,日本コンピュータシステム,パワーオブザハイアード,-,6,SLG,"￥9,800","￥10,000代",0,64,,,松沢高広,百瀬成寿|藤岡勝利|長谷川努,天現寺広尾|窪寺義明|藤岡央|曳地正則|遠藤智博,,薮崎久也,
1994-12-22,ビクターエンタテインメント,スーパー・キャッスルズ,-,4,SLG,"￥9,800","￥10,000代",0,64,,,,,,,,
1994-12-22,イマジニア,サンスポフィッシング渓流王,-,5,SPT,"￥9,980","￥10,000代",0,16,,,,,,,,
1994-12-22,カルチャーブレーン,ウルトラベースボール実名版2,-,4,SPT,"￥9,800","￥10,000代",0,64,,,,,,,,
1994-12-22,ヒューマン,スーパーファイヤープロレスリングスペシャル,-,10,SPT,"￥11,500","￥11,500代",0,64,,,,,,,,
1994-12-22,ヴァージンゲーム,本格将棋風雲児龍王,-,4,TBL,"￥9,800","￥10,000代",0,64,,,,,,,,
1994-12-22,エンジェル,横山光輝三国志盤戯スゴロク英雄記,-,6,TBL,"￥9,800","￥10,000代",0,64,,,,,,,,
1994-12-22,ココナッツジャパンエンターテイメント,元祖パチンコ王,-,4,TBL,"￥9,980","￥10,000代",0,0,,,,,,,,
1994-12-22,ヘクト,麻雀倶楽部,-,1,TBL,"￥4,980","￥5,000代",0,0,,,,,,,,
1994-12-23,TNN,海腹川背,-,4,ACT,"￥9,800","￥10,000代",0,16,,酒井潔,酒井潔,近藤敏信,中野雅仁|本山淳弘|立川伸治,,樋口秀夫|酒井悦夫|外崎希世至,
1994-12-23,バンプレスト,GOGOACKMAN,-,5,ACT,"￥9,000","￥9,000代",0,0,,,,,,,,
1994-12-23,ジャレコ,JWP女子プロレスピュア・レッスル・クイーンズ,-,7,SPT,"￥9,800","￥10,000代",0,0,,,,,,,,
1994-12-23,ジャレコ,スーパー燃えろ!!プロ野球,-,6,SPT,"￥9,800","￥10,000代",0,64,,,,,,,,
1994-12-23,日本物産,パチスロ勝負師(ギャンブラー),-,4,TBL,"￥8,980","￥9,000代",0,16,,,,,,,,
1994-12-27,エポック社,ルパン三世伝説の秘宝を追え!,-,6,ACT,"￥9,800","￥10,000代",0,0,,沢田幸一|桑原悟|菅原和昭,梅木元博|伊藤伸|日向圭一|阿曽政昭|今井敏彦|池田慎一|佐藤久志|今井裕行,大塚康生,小川寿夫,,沓掛隆志,
1994-12-27,バンダイ,機動武闘伝Gガンダム,-,7,ACT,"￥9,800","￥10,000代",0,0,,,,逢坂浩司|島本和彦(協力)|大河原邦男|カトキハジメ|山根公利,田中公平,矢立肇|富野由悠季|(『機動戦士ガンダム』より),,
1994-12-29,アイマックス,デュアルオーブⅡ,-,9,RPG,"￥10,800","￥11,000代",0,64,,,,,,北角浩一,宗清紀之,
1994-12-30,J・ウイング,スーパーヅガン2ツカンポファイター,-,6,TBL,"￥9,980","￥10,000代",0,0,,,,,,,,
1995-01-01,カタパルト,XBAND,-,7,ETC,"￥6,800","￥7,000代",0,512,,,,,,,,
1995-01-03,カプコン,X-MEN,-,7,ACT,"￥9,980","￥10,000代",0,0,,,,,,,,
1995-01-03,カプコン,ボンカーズ-ハリウッド大作戦!,-,4,ACT,"￥8,500","￥8,500代",0,0,,,,,マーク・ワターズ,グレッグ・ワイズマン,,
1995-01-03,カルチャーブレーン,スーパーチャイニーズファイター,-,7,ACT,"￥9,800","￥10,000代",0,0,,,,,,,,
1995-01-03,ナムコ,パックインタイム,-,4,ACT,"￥7,900","￥8,000代",0,0,,オリビエ・ゴゲル,アラン・ギュイ,シリル・フォンテーヌ|フランソワ・リマッソン,フレデリック・モット,,ティエリー・ロビン,
1995-01-03,ハドソン,高橋名人の大冒険島Ⅱ,-,6,ACT,"￥9,500","￥9,500代",0,64,,,,,,,,
1995-01-03,マジファクト,YOGIBEAR,-,4,ACT,"￥8,800","￥9,000代",0,0,,,,,,,,
1995-01-13,タイトー,パズルボブル,-,2,PZL,"￥6,800","￥7,000代",0,0,,,津森康男,中久木成一|木下一洋|木下一洋|こまいりょうた|神谷美和,海野和子|山田靖子,,,
1995-01-13,イマジニア,ギャラクシーウォーズ,-,1,SHT,"￥5,980","￥6,000代",0,0,,,,,,,,
1995-01-13,ヒューマン,わくわくスキーわんだあシュプール,-,4,SPT,"￥9,600","￥9,500代",0,64,,,,,,,,
1995-01-13,アスク講談社,実戦!麻雀指南,-,4,TBL,"￥9,800","￥10,000代",0,64,,,,,,,,
1995-01-13,ヴァージンゲーム,雀遊記悟空乱打,-,4,TBL,"￥8,900","￥9,000代",0,0,,,,,,,,
1995-01-20,アスキー,ダービースタリオンⅢ,34,10,ETC,"￥12,800","￥13,000代",120,256,,,,,,,,
1995-01-20,BPS,マイケル・アンドレッティインディカーチャレンジ,-,4,RCG,"￥9,800","￥10,000代",0,0,,,,,,,,
1995-01-20,バリエ,スターダストスープレックス,-,9,SPT,"￥9,980","￥10,000代",0,0,,,,,,,,
1995-01-27,アクレイムジャパン,ウルヴァリン,-,7,ACT,"￥10,900","￥11,000代",0,0,,,,,,,,
1995-01-27,アスミック,鋼鉄の騎士3突撃ヨーロッパ戦線,-,6,SLG,"￥12,800","￥13,000代",0,64,,,,,,,,
1995-01-27,カロッツェリアジャパン,みらくるカジノパラダイス,-,4,TBL,"￥9,800","￥10,000代",0,0,,,,,,,,
1995-01-27,ケイエスエス,パチンコ物語2名古屋シャチホコの帝王,-,6,TBL,"￥9,800","￥10,000代",0,0,,,,,,,,
1995-01-27,ビデオシステム,キテレツ大百科超時空すごろく,-,5,TBL,"￥8,900","￥9,000代",0,16,,,,,,藤子・F・不二雄,,
1995-02-03,イマジニア,放課後inBeppin女学院,-,6,SLG,"￥9,980","￥10,000代",0,64,,,,,,,,
1995-02-10,ポッポ,アイアンコマンドー鋼鉄の戦士,-,5,ACT,"￥9,800","￥10,000代",0,0,,,,,,,,
1995-02-10,ヴィジット,ザ・心理ゲーム2マジカルトリップ,-,4,ETC,"￥8,800","￥9,000代",0,0,,,,,,,,
1995-02-10,カロッツェリアジャパン,ジャムズ,-,2,PZL,"￥7,800","￥8,000代",0,0,,,,,,,,
1995-02-10,DEN'Z,だるま道場,-,4,PZL,"￥8,800","￥9,000代",0,0,,永井満夫|服部明美|なかじゅんたつや,,,,,おおかわまこと,
1995-02-10,バンダイ,機動戦士ガンダムクロスディメンション0079,-,6,SLG,"￥9,800","￥10,000代",0,64,,,,,,,,
1995-02-10,タイトー,さいばらりえこのまあじゃんほうろうき,-,2,TBL,"￥9,800","￥10,000代",0,16,,,,,,西原理恵子,,
1995-02-13,任天堂,BS-Xそれは名前を盗まれた街の物語,-,4,ETC,"￥18,000","￥18,000代",0,256,,,,,,,,
1995-02-17,データイースト,ファイターズヒストリー溝口危機一髪,-,9,ACT,"￥9,900","￥10,000代",0,0,,,,,,,,
1995-02-17,バンダイ,ヤムヤム,-,6,ACT,"￥9,800","￥10,000代",0,64,,,,,フランク・デ・ヴォール,ローレンス・ロマン,,
1995-02-17,ビクターエンタテインメント,タイムコップ,-,7,ACT,"￥9,800","￥10,000代",0,0,,,,,マーク・アイシャム,マイク・リチャードソン|マーク・ヴァーヘイデン,,
1995-02-17,光栄,提督の決断Ⅱ,-,9,SLG,"￥14,800","￥15,000代",0,256,,,,,,,,
1995-02-17,バップ,柏木重孝のTOPWATERBASSING(トップウォーターバッシング),-,7,SPT,"￥14,800","￥15,000代",0,0,,,,,,,,
1995-02-17,アルトロン,チェスマスター,-,2,TBL,"￥9,800","￥10,000代",0,0,,,,,,,,
1995-02-17,サミー,銀玉親方の実戦パチンコ必勝法,-,6,TBL,"￥10,500","￥10,500代",0,64,,,,,,,,
1995-02-19,アトラス,魔神転生Ⅱスパイラルネメシス,-,9,SLG,"￥10,800","￥11,000代",0,64,,,,,,,,
1995-02-24,ビクターエンタテインメント,クラシック・ロードⅡ,-,7,ETC,"￥12,800","￥13,000代",0,256,,,,,,,,
1995-02-24,ベック,TurfMemories,-,7,ETC,"￥11,600","￥11,500代",0,256,,,,,,,,
1995-02-24,バンダイ,美少女戦士セーラームーンSくるっくりん,-,2,PZL,"￥6,800","￥7,000代",0,0,,,,,,,,
1995-02-24,BPS,ドリフトキング首都高バトル2,-,6,RCG,"￥9,800","￥10,000代",0,64,,,,,,,,
1995-02-24,ビスコ,スーパードリフトアウト,-,7,RCG,"￥9,980","￥10,000代",0,64,,,,,,,,
1995-02-24,タイトー,エストポリス伝記Ⅱ,30,8,RPG,"￥9,980","￥10,000代",0,64,,宮田正英,すずきあきひろ,くるがみ龍|安藤謙次,塩生康範,宮田正英,,
1995-02-24,スクウェア,FRONTMISSION(フロントミッション),31,9,SLG,"￥11,400","￥11,500代",0,64,,岩崎秀雄,大矢哲也|小山田衛|国吉徹|松澤高広,天野喜孝,下村陽子|松枝賀子,岩崎秀雄,土田俊郎|橋本真司,
1995-02-24,バリエ,NAGELIBRE静寂の水深,-,6,SLG,"￥9,800","￥10,000代",0,64,,中嶌彩姫,谷雅人|ガク,岡本稔,高浜祐輔|志知道彦,,,
1995-02-24,バンプレスト,ファーランドストーリー,-,7,SLG,"￥10,800","￥11,000代",0,64,,,,,,,,
1995-02-24,アクレイムジャパン,NFLクォーターバッククラブ'95,-,9,SPT,"￥11,800","￥12,000代",0,16,,,,,,,,
1995-02-24,アクレイムジャパン,NBAJAMトーナメントエディション,-,9,SPT,"￥11,800","￥12,000代",0,16,,,,,,,,
1995-02-24,コナミ,実況パワフルプロ野球2,31,8,SPT,"￥9,980","￥10,000代",0,64,,,,,,,,
1995-02-24,バンダイ,テレビアニメスラムダンク2IH予選完全版!!,-,9,SPT,"￥10,800","￥11,000代",0,0,,,,,,,,
1995-02-24,ショウエイシステム,HEIWAパチンコワールド,-,6,TBL,"￥9,900","￥10,000代",0,16,,,,,仲里幸広,,,
1995-02-24,バンプレスト,バトルピンボール,-,5,TBL,"￥6,800","￥7,000代",0,0,,,,,,,,
1995-02-24,ヘクト,将棋倶楽部,-,1,TBL,"￥8,800","￥9,000代",0,0,,,,,,,,
1995-02-25,インテック,おとぼけ忍者コロシアム,-,4,ACT,"￥8,800","￥9,000代",0,0,,,,,,,,
1995-02-25,徳間書店インターメディアカンパニー,永遠のフィレーナ,-,6,RPG,"￥9,800","￥10,000代",0,64,,,,小泉謙三,,首藤剛志,,
1995-03-01,ハドソン,スーパーボンバーマンぱにっくボンバーW,-,4,PZL,"￥8,900","￥9,000代",0,64,,豊嶋真人,落合雄一,藤原茂樹|水野祥司,竹間淳|小谷野謙一|崎元仁,,松永智史|堀尾孝文,
1995-03-03,バリエ,アンダーカバーコップス,-,7,ACT,"￥9,800","￥10,000代",0,0,,,,,冷牟田卓志,,,
1995-03-03,アスミック,スーパーエアダイバー2,-,5,SHT,"￥9,800","￥10,000代",0,0,,,,,,,,
1995-03-03,ナムコ,スーパーファミスタ4,-,7,SPT,"￥9,500","￥9,500代",0,64,,,,石田太輔|岸本好弘(きっしい)|しましま〜〜〜,中川浩二|堀込高樹|ずん,,,
1995-03-04,アトラス,ラストバイブルⅢ,-,9,ACT,"￥10,800","￥11,000代",0,64,,,,,,,,
1995-03-04,ツクダオリジナル,スーパーマッドチャンプ,-,6,RCG,"￥9,600","￥9,500代",0,0,,,,,,,,
1995-03-10,パック・イン・ビデオ,マジカルポップン,-,7,ACT,"￥9,800","￥10,000代",0,0,,,谷広幸,谷広幸|中嶋秀敏|田尻一直|保屋野潤|赤井孝美,石橋一郎,,和田康宏|原昭太郎,
1995-03-11,スクウェア,クロノ・トリガー,34,10,RPG,"￥11,400","￥11,500代",203,64,,北瀬佳範|時田貴司|松井聡彦,小久保啓三|樋口勝久,鳥山明|野村哲也|直良有祐|本根康之,光田康典|植松伸夫|松枝賀子,堀井雄二(監修)|加藤正人,坂口博信(EP)|青木和彦,
1995-03-17,エポック社,スパイダーマンリーサルフォーズ,-,6,ACT,"￥9,800","￥10,000代",0,0,,,,,,,,
1995-03-17,カプコン,キャプテンコマンドー,-,7,ACT,"￥9,800","￥10,000代",0,0,,,江川陽一|横山顕広|上野智弘|吉住延也,安田朗|大野純一|栗原明美|おうじよしあき|中村会里,泉谷雅樹,,,
1995-03-17,データム・ポリスター,負けるな!魔剣道2決めろ!妖怪総理大臣,-,7,ACT,"￥9,500","￥9,500代",0,0,,,,,,,,
1995-03-17,バップ,スプリンター物語めざせ一攫千金,-,6,ETC,"￥12,800","￥13,000代",0,64,,,,,,,,
1995-03-17,BPS,スーパーボンブリス,-,2,PZL,"￥7,500","￥7,500代",0,16,,,,,,,,
1995-03-17,ビック東海,おらがランド主催ベストファーマー収穫祭,-,2,PZL,"￥7,800","￥8,000代",0,0,,,,,,,,
1995-03-17,バンプレスト,バトルレーサーズ,-,4,RCG,"￥9,800","￥10,000代",0,16,,山田俊彦|金谷明,田端紀行,熊倉賢一,林克洋,,下道隆,
1995-03-17,エニックス,熱血大陸バーニングヒーローズ,-,7,RPG,"￥10,800","￥11,000代",0,64,,,渡辺紀之|菊地正彦|佃皇治|地場衛,佐野一直|横塚英一郎|田村純一|竹浪秀行,榎木淳|赤堀正直,田村純一,菊本裕智|斉藤陽介,
1995-03-17,徳間書店インターメディアカンパニー,ラブクエスト,-,6,RPG,"￥9,800","￥10,000代",0,16,,なかむらふみお,おおかわひろき|かとうみえこ|みとおさむ|さわだたけし|なかがわひろゆき,弓月光|まがたたかゆき,みゃ～んすずき|もりかわこうじ,イワタカヅト,山森尚,
1995-03-17,バンプレスト,第4次スーパーロボット大戦,31,9,SLG,"￥12,800","￥13,000代",38,64,,阪田雅彦,庄真宏,戸田篤樹,山根昇|藤本大輔,阪田雅彦,じっぱひとからげ,
1995-03-17,ハドソン,Jリーグスーパーサッカー'95実況スタジアム,-,7,SPT,"￥9,980","￥10,000代",0,64,,,,,,,,
1995-03-17,ビクターエンタテインメント,スーパー雀豪,-,4,TBL,"￥9,800","￥10,000代",0,64,,,,,,,,
1995-03-17,メルダック,スーパーピンボール2ザ・アメージングオデッセイ,-,6,TBL,"￥9,800","￥10,000代",0,0,,,,,,,,
1995-03-18,光栄,ウイニングポスト2,-,9,ETC,"￥12,800","￥13,000代",0,256,,,,,タケカワユキヒデ|新井智詞|山崎洋一|楠瀬誠志郎|小西貴雄,,シブサワ・コウ,
1995-03-21,テクモ,TURFHERO,-,7,ETC,"￥12,800","￥13,000代",0,256,,,,,,,,
1995-03-24,カプコン,ロックマン7宿命の対決!,-,7,ACT,"￥9,800","￥10,000代",0,0,,,,,,,,
1995-03-24,ナムコ,幽☆遊☆白書FINAL魔界最強列伝,-,9,ACT,"￥9,800","￥10,000代",0,0,,,,,,,,
1995-03-24,バンダイ,ドラゴンボールZ超悟空伝突撃編,-,7,ADV,"￥10,800","￥11,000代",0,64,,島田晋作,干焼蝦仁|蓮蓉寿桃,竹花欣也|清水厚二|うりぼう|玉井裕和|荒井翔子|柴田正伸|そば|MIP,山本健司,,鈴木敏弘,
1995-03-24,テイチク,スーパー馬券王'95,-,4,ETC,"￥9,980","￥10,000代",0,64,,,,,,,,
1995-03-24,パック・イン・ビデオ,ジ・アトラス,-,7,SLG,"￥10,800","￥11,000代",0,256,,,,,,,,
1995-03-24,イマジニア,高速思考将棋皇,-,4,TBL,"￥12,800","￥13,000代",0,64,,,,,,,,
1995-03-24,サンソフト,必殺パチンココレクション2,-,7,TBL,"￥9,980","￥10,000代",0,64,,,,,,,,
1995-03-25,光栄,エミットvol.1時の迷子,-,9,ETC,"￥11,800","￥12,000代",0,64,,,,,,,,
1995-03-25,光栄,エミットvol.2命がけの旅,-,9,ETC,"￥11,800","￥12,000代",0,64,,,,,,,,
1995-03-25,光栄,エミットvol.3私にさよならを,-,9,ETC,"￥11,800","￥12,000代",0,64,,,,,,,,
1995-03-30,光栄,復刻版スーパー三國志Ⅱ,-,4,SLG,"￥9,800","￥10,000代",0,256,,,,,,,,
1995-03-30,日本テレネット,京楽・三洋・豊丸Parlor!パーラー!(パーラーパーラー),-,7,TBL,"￥11,800","￥12,000代",0,64,,,,,,,,
1995-03-31,カプコン,ミッキーマニア,-,7,ACT,"￥9,500","￥9,500代",0,0,,,,,,,,
1995-03-31,サンソフト,であえ殿様あっぱれ一番,-,6,ACT,"￥9,800","￥10,000代",0,0,,,,,,,,
1995-03-31,トミー,エスパークス異次空からの来訪者,-,6,ACT,"￥9,500","￥9,500代",0,64,,,,,,,,
1995-03-31,アスキー,RPGツクールSUPERDANTE,31,4,ETC,"￥9,800","￥10,000代",0,256,,,,,,,,
1995-03-31,バリエ,最高速思考将棋・麻雀,-,2,ETC,"￥9,800","￥10,000代",0,64,,,,,,,,
1995-03-31,アトラス,旧約・女神転生,-,7,RPG,"￥10,800","￥11,000代",0,64,,,,,MACCO(サウンドコンポジション)|YMOH.S(サウンドコンポーザー),,,
1995-03-31,TNN,史上最強リーグセリエAAceStriker,-,6,SPT,"￥9,980","￥10,000代",0,64,,,,,,,,
1995-03-31,ヒューマン,スーパーフォーメーションサッカー'95dellaセリエA,-,6,SPT,"￥9,980","￥10,000代",0,64,,,,,,,,
1995-03-31,イマジニア,近代麻雀スペシャル,-,4,TBL,"￥9,800","￥10,000代",0,0,,,,,,,,
1995-03-31,トミー,ザ・モノポリーゲーム2,30,6,TBL,"￥11,500","￥11,500代",0,64,,,,,,,,
1995-03-31,トミー,羽生名人のおもしろ将棋,-,4,TBL,"￥12,000","￥12,000代",0,256,,,,,,,,
1995-04-01,タイトー,レディーストーカー過去からの挑戦,-,8,RPG,"￥9,980","￥10,000代",0,64,,西垣伸也,内藤寬,玉木美孝|吉田英博|平下陽二郎,菅井えり,西垣伸也|田川佳紀,,
1995-04-07,日本コンピュータシステム,全日本プロレス23・4武闘館,-,9,SPT,"￥10,080","￥10,000代",0,0,,進藤恭佐,菱川裕,石塚輝,水谷郁|岩月博之|大橋春男|山下絹代,,石塚輝,
1995-04-10,リコー,Getinthehole(レーザーバーディー付属カセット),-,6,SPT,"￥46,800","￥47,000代",0,64,,,,,,,,
1995-04-14,ココナッツジャパンエンターテイメント,RESARCANAディアーナ・レイ占いの迷宮,-,4,ETC,"￥9,500","￥9,500代",0,0,,,,,,,,
1995-04-14,日本物産,ぱずるんでス!,-,4,PZL,"￥8,980","￥9,000代",0,16,,,,,,,,
1995-04-21,エンジェル,なつきクライシスバトル,-,9,ACT,"￥10,800","￥11,000代",0,0,,,,藤川太|島村秀一,,鶴田洋久,,
1995-04-21,エニックス,魔法陣グルグル,-,7,RPG,"￥10,800","￥11,000代",0,64,,,,,,,,
1995-04-21,やのまん,アレサ外伝リジョイスアレサ王国の彼方,-,7,RPG,"￥9,900","￥10,000代",0,64,,,,,,,,
1995-04-21,ユタカ,真・聖刻ラ・ワース,-,6,RPG,"￥9,800","￥10,000代",0,64,,,,,,,,
1995-04-21,バンダイ,ママレード・ボーイ,-,4,SLG,"￥9,800","￥10,000代",0,64,,矢部秋則,,馬越嘉彦,奥慶一,,,
1995-04-21,ベック,新SD戦国伝大将軍列伝,-,6,SLG,"￥9,800","￥10,000代",0,64,,とどろきよしふみ,石神宏紀|おおのかつお|鈴木敏弘|あべかくま|カイザー,山田大夏|横井孝二|今石進,平沢道也|佐々木筑柴,平松昭彦|ますだけんいち,飯田和憲,
1995-04-21,EAV,タクティカルサッカー,-,6,SPT,"￥9,800","￥10,000代",0,0,,,,,,,,
1995-04-21,セタ,スーパーリアル麻雀PVパラダイスオールスター4人打ち,-,6,TBL,"￥9,800","￥10,000代",0,0,,,,,,,,
1995-04-21,POW,宮路社長のパチンコファン勝利宣言2,-,4,TBL,"￥9,800","￥10,000代",0,64,,,,,,,,
1995-04-21,ボトムアップ,スーパートランプコレクション,-,2,TBL,"￥8,900","￥9,000代",0,0,,,,,,,,
1995-04-28,アクレイムジャパン,トゥルーライズ,-,7,ACT,"￥10,900","￥11,000代",0,0,,,,,ブラッド・フィーデル,クロード・ジディ|シモン・ミシェル|ディディエ・カミンカ,,
1995-04-28,ハドソン,スーパーボンバーマン3,-,6,ACT,"￥8,900","￥9,000代",0,0,,藤原茂樹,青山光(青山公士)|三上哲|増田竜一,渡辺達光|水野祥司|吉見直人,竹間淳|星恵太,,,
1995-04-28,ケムコ,ストーンプロテクターズ,-,7,ACT,"￥9,800","￥10,000代",0,0,,,,,,,,
1995-04-28,メディアリング,3次元格闘ボールズ,-,4,ACT,"￥9,800","￥10,000代",0,0,,,,,,,,
1995-04-28,ヴィジット,タロットミステリー,-,4,ETC,"￥9,800","￥10,000代",0,0,,,,,,,,
1995-04-28,ケムコ,プラネットチャンプTG3000,-,4,RCG,"￥9,500","￥9,500代",0,0,,,,,,,,
1995-04-28,エポック社,Jリーグエキサイトステージ'95,34,6,SPT,"￥9,800","￥10,000代",0,64,,,,,,,,
1995-04-28,パック・イン・ビデオ,川のぬし釣り2,31,6,SPT,"￥10,800","￥11,000代",0,64,,,,,林克洋|菅井健司,,,
1995-04-28,ヘクト,シミュレーションプロ野球,-,7,SPT,"￥12,800","￥13,000代",0,64,,,,,,,,
1995-04-28,アスキー,牌勢麻雀凌駕,-,4,TBL,"￥12,800","￥13,000代",0,64,,,,,,,,
1995-04-28,ギャップス,初段位認定初段プロ麻雀,-,2,TBL,"￥9,800","￥10,000代",0,16,,,,,,,,
1995-04-28,バンプレスト,スーパーパチンコ大戦,-,2,TBL,"￥6,900","￥7,000代",0,0,,,,,,,,
1995-05-19,三井不動産、電通,スヌーピーコンサート,-,7,ACT,"￥9,800","￥10,000代",0,0,,清水一伸,鈴木彦孝|住知之|かわしまこういち,高橋英子|清水一伸|小山隆,田中宏和|濱野美奈子,,たかみひろお,
1995-05-19,ライトスタッフ,バトルタイクーン,-,9,ACT,"￥10,980","￥11,000代",0,16,,,佐野敬之,チキンヘッド|赤石龍彌,澤下禎,山本剛,,
1995-05-19,アイマックス,スーパー競馬2,-,6,ETC,"￥11,800","￥12,000代",0,256,,,,,,,,
1995-05-19,EAV,シンジケート,-,4,SLG,"￥9,800","￥10,000代",0,16,,,,,,,,
1995-05-26,アクレイムジャパン,ウォーロック,-,7,ACT,"￥10,900","￥11,000代",0,0,,,,,,,,
1995-05-26,アクレイムジャパン,スターゲイト,-,7,ACT,"￥10,900","￥11,000代",0,0,,,,,,,,
1995-05-26,DEN'Z,スパークワールド,-,2,ACT,"￥8,500","￥8,500代",0,0,,,,,,,,
1995-05-26,ビクターエンタテインメント,グール・パトロール,-,4,ACT,"￥8,800","￥9,000代",0,0,,,,,,,,
1995-05-26,カルチャーブレーン,コンピュータ脳力解析ウルトラ馬券,-,4,ETC,"￥12,800","￥13,000代",0,64,,,,,,,,
1995-05-26,日本物産,ニチブツアーケードクラシックス,-,2,ETC,"￥5,980","￥6,000代",0,0,,,,,,,,
1995-05-26,バンプレスト,す～ぱ～なぞぷよルルーのルー,-,4,PZL,"￥9,200","￥9,000代",0,64,,,,,,,,
1995-05-26,イマジニア,シムシティ2000,-,7,SLG,"￥12,800","￥13,000代",0,256,,,,,,,,
1995-05-26,セタ,早指し二段森田将棋2,-,2,TBL,"￥14,900","￥15,000代",0,32,,,,,,,,
1995-05-26,バップ,パチンコ連チャン天国スーパーCRスペシャル,-,2,TBL,"￥9,800","￥10,000代",0,0,,,,,,,,
1995-06-02,J・ウイング,真髄対局囲碁碁仙人,-,4,TBL,"￥15,500","￥15,500代",0,64,,,,,,,,
1995-06-09,角川書店,妖怪バスタールカの大冒険,-,4,ACT,"￥8,800","￥9,000代",0,0,,,,,,,,
1995-06-09,ハドソン,エルファリアⅡ,-,7,RPG,"￥9,980","￥10,000代",0,64,,小崎整|桶谷正剛,桶谷正剛|さとうまさと,松下進,タケカワユキヒデ,あだちひろし|刈部雅章,和気正則|小林雅樹,
1995-06-10,DEN'Z,本家・SANKYOFEVER実機シミュレーション,-,6,TBL,"￥10,800","￥11,000代",0,0,,,,,,,,
1995-06-16,アテナ,夜光虫,-,7,ADV,"￥10,800","￥11,000代",0,64,,,,,,,,
1995-06-23,イマジニア,Mr.Do!(ミスタードゥ),-,1,ACT,"￥5,980","￥6,000代",0,0,,,,上田和敏,,,,
1995-06-23,ケムコ,Pマン,-,4,ACT,"￥9,200","￥9,000代",0,0,,,,,,,,
1995-06-23,タカラ,アースワーム・ジム,30,9,ACT,"￥9,800","￥10,000代",0,0,,,,,,,,
1995-06-23,ビクターエンタテインメント,スーパー・スター・ウォーズジェダイの復讐,-,7,ACT,"￥10,800","￥11,000代",0,0,,,,,,,,
1995-06-23,イマジニア,実戦競艇,-,6,ETC,"￥11,800","￥12,000代",0,16,,,,,,,,
1995-06-23,バンダイ,ルインアーム,-,8,RPG,"￥10,800","￥11,000代",0,64,,,,,,,,
1995-06-23,ビック東海,プリンセス・ミネルバ,-,7,RPG,"￥9,900","￥10,000代",0,64,,池本浩司,福田淳|横山欣也,石田走|松本文夫|井上博明,岩谷弘明,舞阪洸,鈴木理香,
1995-06-23,ケイエスエス,西陣パチンコ物語,-,4,TBL,"￥10,800","￥11,000代",0,64,,,,,,,,
1995-06-23,パック・イン・ビデオ,トランプアイランド,-,2,TBL,"￥8,900","￥9,000代",0,0,,,,,,,,
1995-06-30,日本物産,スーパー競艇,-,5,ETC,"￥9,500","￥9,500代",0,64,,,,,,,,
1995-06-30,ヴァージンインタラクティブ,CircuitUSA(サーキットUSA),-,7,RCG,"￥9,800","￥10,000代",0,0,,,,,,,,
1995-06-30,バンダイ,とっても!ラッキーマンラッキークッキールーレットで突撃～!!,-,4,RPG,"￥8,800","￥9,000代",0,0,,,,,,,,
1995-06-30,バンプレスト,グランヒストリア幻史世界記,-,7,RPG,"￥11,400","￥11,500代",0,64,,,,福地仁,武内基朗,會川昇|南原順,場崎順一|田中憲一|なかむらともあき,
1995-06-30,光栄,復刻版提督の決断,-,5,SLG,"￥9,800","￥10,000代",0,256,,,,,,,,
1995-06-30,サミー,ガメラギャオス撃滅作戦,-,6,SLG,"￥9,980","￥10,000代",0,64,,,,,,,,
1995-06-30,徳間書店インターメディアカンパニー,リトルマスター～虹色の魔石～,-,7,SLG,"￥9,900","￥10,000代",0,64,,川野忠仁,武田寧,川野忠仁|山本浩史|関本努|後藤滋,やまだゆうじ,川野忠仁,川野忠仁|中村文雄|真形隆之,
1995-06-30,日本コンピュータシステム,デアラングリッサー,31,7,SLG,"￥10,800","￥11,000代",0,64,,,,,,,,
1995-06-30,アクレイムジャパン,大物ブラックバスフィッシング人造湖編,-,7,SPT,"￥12,800","￥13,000代",0,64,,,,,,,,
1995-06-30,バリエ,新日本プロレスリング公認'95闘強導夢BATTLE7,-,9,SPT,"￥11,800","￥12,000代",0,0,,,,,,,,
1995-06-30,ヒューマン,スーパーファイヤープロレスリングクイーンズスペシャル,-,9,SPT,"￥11,400","￥11,500代",0,64,,高橋大輔,小林伸隆,高橋大輔|田村季章,奥村弥生,,,
1995-06-30,アテナ,プロ麻雀極Ⅲ,-,4,TBL,"￥9,800","￥10,000代",0,64,,,,,,,,
1995-07-07,バップ,真・一攫千金,-,4,ETC,"￥9,800","￥10,000代",0,0,,,,,,,,
1995-07-07,日本物産,スーパーF1サーカス外伝,-,5,RCG,"￥9,900","￥10,000代",0,64,,,,,,,,
1995-07-07,アウトリガー工房,史記英雄伝,-,6,RPG,"￥10,800","￥11,000代",0,64,,,,,,,,
1995-07-07,ハドソン,キャラバンシューティングコレクション,-,2,SHT,"￥6,800","￥7,000代",0,0,,,,,,,,
1995-07-07,BPS,できたてハイスクール,-,7,SLG,"￥9,990","￥10,000代",0,64,,,,,なし,,,
1995-07-07,カロッツェリアジャパン,パチンコチャレンジャー,-,4,TBL,"￥9,800","￥10,000代",0,0,,,,,,,,
1995-07-07,サミー,実戦パチスロ必勝法クラシック,-,4,TBL,"￥9,500","￥9,500代",0,64,,,,,,,,
1995-07-14,ポニーキャニオン,ピットフォールマヤの大冒険,-,7,ACT,"￥9,800","￥10,000代",0,0,,,,,ナオト・インティライミ(作詞・作曲),,,
1995-07-14,アイマックス,スーパー競輪,-,6,ETC,"￥9,800","￥10,000代",0,64,,,,,,,,
1995-07-14,日本物産,攻略カジノバー,-,4,ETC,"￥7,800","￥8,000代",0,0,,,,,,,,
1995-07-14,アトラス,KAT'SRUN全日本Kカー選手権,-,9,RCG,"￥10,800","￥11,000代",0,0,,,,,,,,
1995-07-14,エニックス,ミスティックアーク,-,10,RPG,"￥11,800","￥12,000代",0,64,,,すみたたけお,今田真二|鈴木俊之|平井隆之|わたなべおさむ|山田章博|米田仁士,森彰彦,,菊本裕智|斉藤陽介,
1995-07-14,ビック東海,ラプラスの魔,-,7,RPG,"￥9,900","￥10,000代",0,64,,,,,,,,
1995-07-14,魔法,甲子園4,-,7,SPT,"￥9,800","￥10,000代",0,64,,,,,,,,
1995-07-14,POW,4人将棋,-,2,TBL,"￥9,800","￥10,000代",0,0,,,,,,,,
1995-07-21,コナミ,悪魔城ドラキュラXX,-,7,ACT,"￥9,800","￥10,000代",0,0,,山下和之,,山田章博,木村雅彦|上高治己|冨田朋也|岩田昌成,,樹下國昭,
1995-07-21,テイジイエル(TGL),スーパーヴァリアブル・ジオ,-,9,ACT,"￥9,980","￥10,000代",0,0,,,,木村貴宏|雨宮まこと,山本はるきち,服部理子,,
1995-07-21,バンプレスト,GOGOACKMAN2,-,6,ACT,"￥9,500","￥9,500代",0,0,,,,,,,,
1995-07-21,NGP,武豊G1メモリー,-,9,ETC,"￥12,800","￥13,000代",0,256,,,,,,,,
1995-07-21,東宝、小学館プロダクション,らんま1／2奥義邪暗拳,-,4,PZL,"￥8,800","￥9,000代",0,0,,,,,,,,
1995-07-21,テクノスジャパン,ダンクエスト魔神封印の伝説,-,7,RPG,"￥9,900","￥10,000代",0,64,,,,,,,,
1995-07-21,アスク講談社,ビッグ一撃パチスロ大攻略2ユニバーサル・コレクション,-,6,TBL,"￥10,800","￥11,000代",0,64,,,,,,,,
1995-07-21,魔法,将棋最強,-,4,TBL,"￥14,800","￥15,000代",0,64,,,,,,,,
1995-07-28,カルチャーブレーン,忍たま乱太郎,-,6,ACT,"￥9,800","￥10,000代",0,0,,,,藤森雅也(第1期 - 第21期)|新山恵美子(第22期 - )[注 1],馬飼野康二,尼子騒兵衛,,
1995-07-28,ハドソン,超原人2,-,6,ACT,"￥8,900","￥9,000代",0,0,,吉川昇一,白谷守,吉川昇一|松澤運生|青木コブ太,中村暢之,,宮本徳人,
1995-07-28,ビクターエンタテインメント,インディ・ジョーンズ,-,7,ACT,"￥10,800","￥11,000代",0,0,,,,,,,,
1995-07-28,サンソフト,ポポイっとへべれけ,-,2,PZL,"￥8,900","￥9,000代",0,0,,,,,,,,
1995-07-28,ポニーキャニオン,ウルティマ恐竜帝国,-,6,RPG,"￥9,800","￥10,000代",0,64,,,,,,,,
1995-07-28,メディアワークス,エメラルドドラゴン,-,7,RPG,"￥9,800","￥10,000代",0,64,,,,,,,,
1995-07-28,イマジニア,就職ゲーム,-,6,SLG,"￥11,800","￥12,000代",0,16,,松田隆,鈴木陽一,藤岡勝利,佐藤天平,高山克彦,飯田祥一,
1995-07-28,ユーメディア,キャリアエース,-,7,SLG,"￥12,800","￥13,000代",0,0,,,,,,,,
1995-07-28,アルトロン,バスマスターズクラシック,-,6,SPT,"￥11,800","￥12,000代",0,0,,,,,,,,
1995-07-28,ユタカ,ウルトラリーグ燃えろ!サッカー大決戦!!,-,6,SPT,"￥9,800","￥10,000代",0,0,,,,,,,,
1995-07-28,日本物産,麻雀繁盛記,-,2,TBL,"￥6,800","￥7,000代",0,0,,,,,,,,
1995-08-04,ハドソン,鬼神童子ZENKI烈闘雷伝,-,7,ACT,"￥9,800","￥10,000代",0,0,,,,,,,,
1995-08-04,バンプレスト,学校であった怖い話,-,9,ADV,"￥11,800","￥12,000代",0,64,,飯島健男,伊藤真也,飯島健男|岡山憲一|喜久川馨|中島まゆみ|矢野史子,渡部陽子,飯島健男,飯島健男,
1995-08-04,BPS,超魔法大陸WOZZ(ウォズ),-,9,RPG,"￥10,800","￥11,000代",0,64,,,,,,,,
1995-08-04,ヴァージンインタラクティブ,稲妻サーブだ!スーパービーチバレー,-,4,SPT,"￥9,800","￥10,000代",0,0,,,,,,,,
1995-08-04,ナムコ,Jリーグサッカープライムゴール3,-,7,SPT,"￥9,800","￥10,000代",0,64,,,,,,,,
1995-08-05,任天堂,スーパーマリオヨッシーアイランド,33,7,ACT,"￥9,800","￥10,000代",177,256,,手塚卓志|中郷俊彦|日野重文|紺野秀樹,,日野重文|野上恒|飯村正宏|黒梅知明,近藤浩治,,宮本茂,
1995-08-10,ハドソン,スーパーパワーリーグ3,-,9,SPT,"￥9,980","￥10,000代",0,64,,,,,,小山内美江子・清水有生ほか,竹之下寛次,
1995-08-11,エポック社,ドナルドダックの魔法のぼうし,-,6,ACT,"￥9,800","￥10,000代",0,0,,,,,,,,
1995-08-11,ケムコ,ブラックソーン復讐の黒き棘,-,4,ACT,"￥9,400","￥9,500代",0,0,,,フランク・ピアス・ジュニア|パトリック・ワイヤット(英語版),ロナルド・ミラー・シニア|ロマン・ケニー|スチュアート・ローズ|ジェーソン・マグネス|ロナルド・ミラー・シニア|サムワイズ・ディディエ,グレン・スタッフォード,ミッキー・ネイルソン|ロナルド・ミラー・シニア|フランク・ピアス・ジュニア,ロナルド・ミラー・シニア|マシュー・フィンドリー,
1995-08-11,テクモ,忍者龍剣伝巴,-,6,ACT,"￥7,980","￥8,000代",0,0,,吉沢秀雄,,加藤正人|河内厚典|他,山岸継司|新田竜一|HAKASE,吉沢秀雄,,
1995-08-11,バンプレスト,すーぱーぐっすんおよよ,-,6,PZL,"￥9,980","￥10,000代",0,64,,,,,冷牟田卓志,,,
1995-08-11,光栄,ブランディッシュ2,30,9,RPG,"￥10,800","￥11,000代",0,256,,,,,,,,
1995-08-11,カプコン,天地を喰らう三国志群雄伝,-,6,SLG,"￥12,800","￥13,000代",0,64,,,,,,,,
1995-08-11,ココナッツジャパンエンターテイメント,ファイティングベースボール,-,4,SPT,"￥9,400","￥9,500代",0,0,,,,,,,,
1995-08-11,ケイエスエス,武宮正樹九段の囲碁大将,-,2,TBL,"￥14,800","￥15,000代",0,64,,,,,,,,
1995-08-11,サンソフト,ゲームの達人,-,7,TBL,"￥12,800","￥13,000代",0,0,,,,,,,,
1995-08-25,ケイエスエス,魔獣王,-,6,ACT,"￥10,800","￥11,000代",0,0,,古橋秀幸,荘埜毅明|杉本尚志,福島了|古橋秀幸|河野満|青木千恵,遠藤智博|飯塚博,,加藤功,
1995-08-25,ユーメディア,ころんらんど,-,4,ACT,"￥6,800","￥7,000代",0,0,,,,,,,,
1995-08-25,ヴィジット,ザ・心理ゲーム3,-,4,ETC,"￥9,800","￥10,000代",0,0,,,,,,,,
1995-08-25,ヒューマン,ヒューマングランプリ4F1ドリームバトル,-,7,RCG,"￥11,400","￥11,500代",0,64,,,,,,,,
1995-08-25,サミー,実戦!バスフィッシング必勝法INUSA,-,6,SPT,"￥9,800","￥10,000代",0,64,,,,,,,,
1995-08-25,トンキンハウス,松方弘樹のスーパートローリング,-,7,SPT,"￥9,900","￥10,000代",0,64,,,,,,,,
1995-08-25,日本テレネット,京楽・三洋・豊丸・大一・マルホンParlor!パーラー!2(パーラーパーラー2),-,7,TBL,"￥11,800","￥12,000代",0,64,,,,,,,,
1995-09-01,バンプレスト,バトルロボット烈伝,-,9,SLG,"￥12,800","￥13,000代",0,64,,,長田剛,松本剛|石垣純哉|逢坂浩司,芦沢英志|紫ナコ|三垣敦史,松本剛,石川肇,
1995-09-01,アスキー,柿木将棋,-,6,TBL,"￥12,800","￥13,000代",0,1024,,,,,,,,
1995-09-08,パイオニアLDC,バウンティ・ソード,-,9,SLG,"￥11,400","￥11,500代",0,64,,,,,,,,
1995-09-08,タカラ,スーパー人生ゲーム2,-,5,TBL,"￥9,800","￥10,000代",0,16,,,,,,,,
1995-09-14,ヒューマン,クロックタワー,31,9,ADV,"￥11,400","￥11,500代",0,16,,河野一二三,薗田直樹|AKABO|藤井伸宏,飯島章嘉|貴山由妃,新倉浩司,,市崎裕康,
1995-09-14,任天堂,マリオのスーパーピクロス,31,4,PZL,"￥7,900","￥8,000代",0,64,,石原恒和,寺本憲明|緒方旗生,目黒徳親|石原恒和|黒岩誠司,上野利幸,,川口孝司|中山誠,
1995-09-14,サミー,桜井章一の雀鬼流麻雀必勝法,-,4,TBL,"￥9,980","￥10,000代",0,64,,,,,,,,
1995-09-15,バンプレスト,スーパー鉄球ファイト!,-,5,ACT,"￥9,000","￥9,000代",0,0,,,,,,,,
1995-09-15,エポック社,アリスのペイントアドベンチャー,-,4,ADV,"￥8,800","￥9,000代",0,0,,,,,,,,
1995-09-15,エポック社,セント・アンドリュース栄光と歴史のオールドコース,-,6,SPT,"￥9,800","￥10,000代",0,64,,,,,,,,
1995-09-15,バップ,必勝777ファイターⅢ黒竜王の復活,-,4,TBL,"￥10,800","￥11,000代",0,0,,,,,,,,
1995-09-22,日本コンピュータシステム,超兄貴爆烈乱闘篇,-,7,ACT,"￥11,800","￥12,000代",0,0,,,,,,,,
1995-09-22,バンダイ,ドラゴンボールZ超悟空伝覚醒編,-,7,ADV,"￥10,800","￥11,000代",0,64,,島田晋作,干焼蝦仁|蓮蓉寿桃,竹花欣也|清水厚二|金子孝治|玉井裕和|荒井翔子|そば|MIP|ぬーぴー|E.S.E.,山本健司,,鈴木敏弘,
1995-09-22,バンプレスト,四柱推命学入門真桃源郷,-,6,ETC,"￥11,800","￥12,000代",0,0,,,,,,,,
1995-09-22,バンプレスト,陣牌,-,2,PZL,"￥7,800","￥8,000代",0,16,,,,,,,,
1995-09-22,ヘクト,新・将棋倶楽部,-,2,PZL,"￥12,800","￥13,000代",0,256,,,,,,,,
1995-09-22,エンジェル,美少女戦士セーラームーン～AnotherStory～,-,9,RPG,"￥11,800","￥12,000代",0,64,,,,,,,有澤孝紀,
1995-09-22,EAV,ジャングルストライク,-,7,SHT,"￥9,900","￥10,000代",0,0,,,,,,,,
1995-09-22,コナミ,実況ワールドサッカー2FIGHTINGELEVEN,-,9,SPT,"￥9,980","￥10,000代",0,64,,,,,,,,
1995-09-22,バリエ,朝日新聞連載加藤一二三九段将棋心技流,-,4,TBL,"￥12,300","￥12,500代",0,256,,,,,,,,
1995-09-29,ヴァージンインタラクティブ,美食戦隊薔薇野郎,-,7,ACT,"￥9,800","￥10,000代",0,0,,,藤島聡,斎藤智晴|延東史朗|山崎友幸|斎藤智晴|延東史朗|山崎友幸,おがわいっこう,,柏木章|野中市郎|梅木克彦,
1995-09-29,エニックス,ハーメルンのバイオリン弾き,-,6,ACT,"￥9,600","￥9,500代",0,0,,,,中嶋敦子,田中公平,今川泰宏,,
1995-09-29,アスミック,ダービージョッキー2,-,6,ETC,"￥9,800","￥10,000代",0,64,,,,,,,,
1995-09-29,ケイエスエス,ウェディングピーチ,-,4,ETC,"￥9,800","￥10,000代",0,0,,,,只野和子,長谷川智樹|神津裕之,富田祐弘|谷沢直|テンユウ,,
1995-09-29,KANEKO,全日本GT選手権,-,7,RCG,"￥9,980","￥10,000代",0,0,,,,,,,,
1995-09-29,アスキー,ウィザードリィⅥ禁断の魔筆,-,9,RPG,"￥12,800","￥13,000代",0,256,,,,,,,,
1995-09-29,データイースト,METALMAXRETURNS(メタルマックス･リターンズ),-,10,RPG,"￥12,800","￥13,000代",0,64,,,,,,,,
1995-09-29,東宝,火の皇子ヤマトタケル,-,9,RPG,"￥10,800","￥11,000代",0,64,,,,,,,,
1995-09-29,トミー,魔法騎士レイアース,-,6,RPG,"￥9,800","￥10,000代",0,64,,,,石田敦子|山根理宏(モンスター)|門之園恵美,松尾早人,CLAMP,,
1995-09-29,ナグザット,ホーリーアンブレラドンデラの無謀!!,-,8,RPG,"￥9,800","￥10,000代",0,64,,,,,,,,
1995-09-29,バンプレスト,ヴェルヌ・ワールド,-,8,RPG,"￥11,800","￥12,000代",0,64,,,,,,,,
1995-09-29,アスキー,サージェント・サンダース・コンバット!,-,6,SLG,"￥12,800","￥13,000代",0,256,,,,,,,,
1995-09-29,ケイエスエス,平安風雲伝,-,6,SLG,"￥11,800","￥12,000代",0,64,,,,政田拡志|森本幸雄|新田真一|服部嘉人|梶原秀一,山下絹代|倉橋真也|水谷郁,森本幸雄,高野秀夫,
1995-09-29,パック・イン・ビデオ,AⅢS.V.,-,7,SLG,"￥10,800","￥11,000代",0,256,,,,,,,,
1995-09-29,コナミ,NBA実況バスケットウイニングダンク,30,9,SPT,"￥10,800","￥11,000代",0,64,,,,,,,,
1995-09-29,エニックス,常勝麻雀天牌,-,4,TBL,"￥8,900","￥9,000代",0,64,,,,,,,,
1995-09-29,エンジェル,ノーマーク爆牌党史上最強の雀士達,-,6,TBL,"￥10,800","￥11,000代",0,64,,,,,,,,
1995-09-29,ショウエイシステム,HEIWAパチンコワールド2,-,9,TBL,"￥10,800","￥11,000代",0,16,,,,,仲里幸広,,,
1995-09-30,スクウェア,聖剣伝説3,-,10,RPG,"￥11,400","￥11,500代",80,64,,田中弘道,吉枝悟|村田琢|斉藤正明|宮川義之|小方悟史|鈴木秀典|守屋俊|鈴木和夫,石井浩一|結城信輝|磯野宏夫,菊田裕樹,,鶴園哲久,
1995-10-06,ユタカ,すぱぽ～ん,-,2,ACT,"￥5,800","￥6,000代",0,0,,,,,,,,
1995-10-06,ビック東海,神聖紀オデッセリアⅡ,-,9,RPG,"￥10,800","￥11,000代",0,64,,うめはらきみお,佐藤孝保|蛭田浩二,,玉山文人|益子重徳,,,
1995-10-06,クエスト,タクティクスオウガ,34,9,SLG,"￥11,400","￥11,500代",50,64,,松野泰己,,皆川裕史|吉田明彦,岩田匡治|崎元仁,松野泰己,,
1995-10-06,BPS,激闘バーニングプロレス,-,8,SPT,"￥10,800","￥11,000代",0,64,,,,,,,,
1995-10-13,バンプレスト,ハイパーイリア,-,6,ACT,"￥9,600","￥9,500代",0,0,,,,,,,,
1995-10-13,サンソフト,ゲームの鉄人THE上海,-,7,PZL,"￥9,980","￥10,000代",0,0,,,,,,,,
1995-10-20,キングレコード,RINGSアストラルバウト3,-,7,ACT,"￥9,800","￥10,000代",0,0,,,,,,,,
1995-10-20,データイースト,マジカルドロップ,-,4,PZL,"￥8,500","￥8,500代",0,0,,,,,,,,
1995-10-20,エニックス,天地創造,30,10,RPG,"￥11,800","￥12,000代",0,64,,,,,,,,
1995-10-20,アイマックス,スーパー花札2,-,4,TBL,"￥9,800","￥10,000代",0,0,,,,,,,,
1995-10-27,アクレイムジャパン,ジャスティス・リーグ,-,8,ACT,"￥11,800","￥12,000代",0,0,,,,,,,,
1995-10-27,アクレイムジャパン,ジャッジ・ドレッド,-,7,ACT,"￥10,900","￥11,000代",0,0,,,,,アラン・シルヴェストリ,キャラクター創造|ジョン・ワグナー|カルロス・エスクエラ,,
1995-10-27,アクレイムジャパン,バットマンフォーエヴァー,-,9,ACT,"￥11,800","￥12,000代",0,0,,,,,エリオット・ゴールデンサール,キャラクター創造|ボブ・ケイン,,
1995-10-27,マジファクト,ガンガンガンチャン,-,4,ACT,"￥8,800","￥9,000代",0,0,,,,,,,,
1995-10-27,任天堂,パネルでポン,-,4,PZL,"￥5,800","￥6,000代",0,0,,,,,,,,
1995-10-27,ビデオシステム,SDF-1グランプリ,-,7,RCG,"￥10,900","￥11,000代",0,64,,,,,,,,
1995-10-27,タカラ,魔天伝説戦慄のオーパーツ,-,9,RPG,"￥10,800","￥11,000代",0,64,,,,,,,,
1995-10-27,トンキンハウス,LightFantasyⅡ(ライトファンタジー2),-,7,RPG,"￥9,900","￥10,000代",0,64,,,,,,,,
1995-10-27,ハドソン,クリスタルビーンズフロムダンジョンエクスプローラー,-,6,RPG,"￥9,500","￥9,500代",0,16,,,,,,,,
1995-10-27,バンプレスト,天地無用!げ～む編,-,7,SLG,"￥10,800","￥11,000代",0,64,,,,,,,,
1995-10-27,アクレイムジャパン,フォアマンフォーリアル,-,9,SPT,"￥11,800","￥12,000代",0,0,,,,,,,,
1995-10-27,カルチャーブレーン,ウルトラベースボール実名版3,-,6,SPT,"￥9,800","￥10,000代",0,64,,,,,,,,
1995-10-27,バンダイ,テレビアニメスラムダンクSDヒートアップ!!,-,6,SPT,"￥9,800","￥10,000代",0,0,,,,,,,,
1995-10-27,ポニーキャニオン,白いリングへTwinkleLittleStar,-,6,SPT,"￥9,980","￥10,000代",0,64,,,,,,,,
1995-10-27,ケイエスエス,パチスロ物語パル工業スペシャル,-,5,TBL,"￥10,800","￥11,000代",0,0,,,,,,,,
1995-10-27,ベック,真哭きの竜麻雀飛翔伝,-,4,TBL,"￥8,900","￥9,000代",0,0,,,,,,,,
1995-11-02,エンジェル,紺碧の艦隊,-,6,SLG,"￥10,800","￥11,000代",0,64,,,,,,,,
1995-11-02,サンソフト,必殺パチンココレクション3,-,7,TBL,"￥9,980","￥10,000代",0,64,,,,,,,,
1995-11-10,ヴィジット,全国縦断ウルトラ心理ゲーム,-,4,ETC,"￥9,800","￥10,000代",0,0,,,,,,,,
1995-11-11,スクウェア,ロマンシングサ・ガ3,34,10,RPG,"￥11,400","￥11,500代",130,64,,リマスター|杉村幸子|河津秋敏(総合ディレクター),,河津秋敏|小林智美リマスター|真島真太郎,伊藤賢治,河津秋敏,岡宮道生リマスター|市川雅統,
1995-11-17,ヴァージンインタラクティブ,レンダリング・レンジャーR2,-,7,ACT,"￥10,800","￥11,000代",0,0,,,,en:Manfred Trenz|Jørgen Trolle Ørberg|Stephan Lethaus|Tobias J. Richter,Jesper Olsen|Stefan Kramer,,Thomas Brockhage,
1995-11-17,POW,ブロックくずし,-,2,ACT,"￥5,980","￥6,000代",0,0,,,,,,,,
1995-11-17,徳間書店,新スタートレックザ・ネクストジェネレーション(大いなる遺産IFDの謎を追え),-,8,ADV,"￥9,800","￥10,000代",0,0,,,,,,,,
1995-11-17,サンソフト,上海万里の長城,-,4,PZL,"￥9,800","￥10,000代",0,0,,,,,,,,
1995-11-17,ユタカ,ロゴス・パニックごあいさつ,-,5,PZL,"￥9,800","￥10,000代",0,0,,,,,,,,
1995-11-17,バンダイ,キャプテン翼Jザ･ウェイ･トゥ･ワールド･ユース,-,7,SPT,"￥9,800","￥10,000代",0,0,,,,,,,,
1995-11-17,四次元,全国高校サッカー2,-,4,SPT,"￥9,800","￥10,000代",0,64,,,,,,,,
1995-11-21,任天堂,スーパードンキーコング2,32,10,ACT,"￥9,800","￥10,000代",221,16,,,クリス・サザーランド,グレッグ・メイレス|アンドリュー・コラード|スティーヴ・メイレス,デビッド・ワイズ,リー・ラブデー(英語版),グレッグ・メイレス(英語版),
1995-11-24,ハドソン,鬼神童子ZENKI電影雷舞,-,7,ACT,"￥9,980","￥10,000代",0,0,,,,,,,,
1995-11-24,バンダイ,MIGHTYMORPHINPOWERRANGERS,-,7,ACT,"￥9,800","￥10,000代",0,0,,,,,,,,
1995-11-24,パック・イン・ビデオ,魔女たちの眠り,-,9,ADV,"￥10,800","￥11,000代",0,64,,長嶋健,小春日のどか|本田登|井上亮,富田千穂|荒木雅子,松平あこ|田中利明,笠原邦暁|濱島真理|尾崎宏之,金沢十三男,
1995-11-24,カロッツェリアジャパン,リーディングジョッキー2,-,4,ETC,"￥9,800","￥10,000代",0,64,,,,,,,,
1995-11-24,タカラ,スーパー億万長者ゲーム,-,4,TBL,"￥9,800","￥10,000代",0,64,,,,,,,,
1995-11-25,メディアリング,ゼロヨンチャンプRR-Z,-,9,RCG,"￥11,900","￥12,000代",0,64,,,,,M・M・キーラヴァーニ,S・S・ラージャマウリ|サーイ・マーダヴ・ブッラ(英語版)(台詞),,
1995-12-01,カプコン,ロックマンX3,-,7,ACT,"￥9,800","￥10,000代",0,0,,稲船敬二,,稲船敬二|加治勇人|吉川達哉|小牧信介|伊藤和司,山下絹代,,藤原得郎,
1995-12-01,コナミ,ちびまる子ちゃんめざせ!南のアイランド!!,-,7,ACT,"￥9,000","￥9,000代",0,0,,シリーズ監督:|石崎すすむ(第1期第1話 - 第34話)|棚橋一徳(第1期第35話-第116話),,重国勇二(第1期第1話 - 第113話)|河内日出夫(第1期第114話 - 第142話)|船越英之(第2期)|中原久文(第2期第1話 - 第132話[注 3]),中村暢之|川原伸司(第2期第1話 - 74話),富永淳一|田嶋久子|髙橋幹子|石山優子|熊谷那美|平岡秀章|鈴谷梨乃|松島恵利子|加賀未恵|田中孝晃,,
1995-12-01,サンソフト,おーちゃんのお絵かきロジック,-,2,PZL,"￥6,980","￥7,000代",0,16,,,,,,,,
1995-12-01,チュンソフト,不思議のダンジョン2風来のシレン,38,10,RPG,"￥11,800","￥12,000代",0,256,,,,,,,,
1995-12-01,アイマックス,B.B.GUN(ボールバレットガン),-,6,SLG,"￥11,800","￥12,000代",0,64,,,,,,,,
1995-12-01,アクレイムジャパン,BIGHURTベースボール,-,9,SPT,"￥11,800","￥12,000代",0,64,,,,,,,,
1995-12-01,アスミック,ドカポン外伝炎のオーディション,-,4,TBL,"￥8,800","￥9,000代",0,0,,,,,,,,
1995-12-01,ココナッツジャパンエンターテイメント,パチ夫くんSPECIAL3,-,4,TBL,"￥10,800","￥11,000代",0,64,,,,,,,,
1995-12-08,カプコン,ミッキーとドナルドマジカルアドベンチャー3,-,7,ACT,"￥9,800","￥10,000代",0,0,,,,,山口真理|西村達也,,,
1995-12-08,ツクダオリジナル,アメリカンバトルドーム,-,4,ACT,"￥9,800","￥10,000代",0,0,,,,,,,,
1995-12-08,コンパイル,す～ぱ～ぷよぷよ通,-,7,PZL,"￥8,800","￥9,000代",0,0,,,,,,,,
1995-12-08,徳間書店,クロックワークス,-,2,PZL,"￥7,800","￥8,000代",0,64,,,,,,,,
1995-12-08,バンダイ,美少女戦士セーラームーンSuperSふわふわパニック,-,4,PZL,"￥7,980","￥8,000代",0,0,,,,,,,,
1995-12-08,光栄,アンジェリークプレミアムBOX,-,7,SLG,"￥9,800","￥10,000代",0,256,,,,,,,,
1995-12-08,T＆Eソフト,MASTERSNew遙かなるオーガスタ3,-,7,SPT,"￥11,800","￥12,000代",0,512,,,,,,,,
1995-12-08,ハドソン,スーパー桃太郎電鉄DX,30,7,TBL,"￥9,500","￥9,500代",0,64,,さくまあきら(監督)|友野信彦,中道雅史|安田哲章|楊裕治,土居孝幸,関口和之,,浦敏治,
1995-12-09,エニックス,ドラゴンクエストVI幻の大地,34,10,RPG,"￥11,400","￥11,500代",320,64,,山名学,山名学,堀井雄二|鳥山明|中鶴勝祥|眞島真太郎,すぎやまこういち,堀井雄二,千田幸信,
1995-12-15,エポック社,ドラえもん4のび太と月の王国,-,6,ACT,"￥9,500","￥9,500代",0,0,,桑原悟|嶋田由美子|中込彰|並木亮,小林貴樹,松野誠一|とよさわやすき,冨井昭次|遠藤稔|五十嵐真理|大高亮,,沢田幸一,
1995-12-15,日本物産,ニチブツアーケードクラシックス2平安京エイリアン,-,2,ACT,"￥5,980","￥6,000代",0,0,,,,,,,,
1995-12-15,バンプレスト,GOGOACKMAN3,-,7,ACT,"￥9,800","￥10,000代",0,0,,,,,,,,
1995-12-15,光栄,エミットバリューセット,-,0,ETC,"￥19,800","￥20,000代",0,0,,,,,,,,
1995-12-15,ナムコ,テイルズオブファンタジア,-,12,RPG,"￥11,800","￥12,000代",0,64,,菊池栄二,,藤島康介|松竹徳幸,埜邑紀見男,金月龍之介,横山茂|原口洋一,
1995-12-15,コナミ,実況おしゃべりパロディウス,32,9,SHT,"￥9,980","￥10,000代",0,64,,松岡伸浩,松岡伸浩,あさりよしとお,岩田昌成|冨田朋也|三木彩子|上西隆仁|安慶名伸行,,梅崎重治,
1995-12-15,EAV,テーマパーク,31,7,SLG,"￥11,800","￥12,000代",0,256,,,,,,,,
1995-12-15,タカラ,プリンセスメーカーLegendofAnotherWorld,-,7,SLG,"￥9,980","￥10,000代",0,64,,,,赤井孝美,FM音源(PC-98|MSX2|X68000)|PSG音源(MSX2)|MIDI音源(PC/AT|X68000),,,
1995-12-15,BPS,聖獣魔伝ビースト＆ブレイド,-,9,SLG,"￥11,000","￥11,000代",0,64,,,,,,,,
1995-12-15,NGP,JBザ・スーパーバス,-,9,SPT,"￥11,800","￥12,000代",0,64,,,,,,,,
1995-12-15,スターフィッシュデータ,スーパーブラックバス3,-,10,SPT,"￥11,800","￥12,000代",0,64,,,,,,,,
1995-12-15,データイースト,もってけOh!ドロボー,-,6,TBL,"￥9,800","￥10,000代",0,0,,,,,,,,
1995-12-15,バンダイ,商人よ、大志を抱け!!,-,6,TBL,"￥9,800","￥10,000代",0,64,,,,,,,,
1995-12-15,BOSSコミュニケーションズ,本家・SANKYOFEVER実機シミュレーション2,-,6,TBL,"￥10,800","￥11,000代",0,0,,,,,,,,
1995-12-20,ケイエスエス,水木しげるの妖怪百鬼夜行,-,7,TBL,"￥11,800","￥12,000代",0,64,,,,,,,,
1995-12-22,カプコン,ファイナルファイトタフ,-,9,ACT,"￥9,980","￥10,000代",0,0,,,,,北嶋克成,,藤原得郎,
1995-12-22,コナミ,がんばれゴエモンきらきら道中僕がダンサーになった理由.,-,9,ACT,"￥9,980","￥10,000代",0,64,,蛭子悦延,蛭子悦延|山口誠|丸山修|奥谷友春,小川公一|小川公一|山内円|濱垣和恵|大橋慶子|松本留美子|なりたかな,上原和彦|森本ゆきえ|冨田朋也|木村雅彦|安慶名伸行,小川公一,梅崎重治,
1995-12-22,バップ,黄龍の耳,-,4,ACT,"￥9,980","￥10,000代",0,0,,,,ゴトウマサユキ,,寺田憲史,,
1995-12-22,バンプレスト,3×3EYES(サザンアイズ)獣魔奉還,-,7,ACT,"￥10,800","￥11,000代",0,16,,,,,,,,
1995-12-22,バンプレスト,ザ・グレイトバトルV,-,6,ACT,"￥9,800","￥10,000代",0,0,,,小林俊一|佐々木勇二郎,中川泰久|ひらのなおみ|かいほうかずゆき|岩井直樹|笹島薫|くしぶちのりかず|こばやしりえこ|むらかみただひろ|くらはしつとむ,富樫則彦|末村謙之輔,,,
1995-12-22,イマジニア,月面のアヌビス,-,9,ADV,"￥11,800","￥12,000代",0,64,,浦本昌宏|志羽貴,PON高橋|木村信明|NOB,石岡信寛|江良哲智|道園重成|古野裕一,天現寺広尾|窪寺義明|藤岡央|飯塚博|柴田浩明|岩田昇|遠藤智博,志羽貴|石岡信寛|江良哲智|津田浩一,飯田祥一,
1995-12-22,イマジニア,ざくろの味,-,7,ADV,"￥11,800","￥12,000代",0,64,,大須賀篤,スタジオ・クリップス|戦う坊さん,菅田具視|りんだ,禎清宏,聖咲奇,飯田祥一,
1995-12-22,角川書店,ロードス島戦記,-,9,RPG,"￥10,800","￥11,000代",0,64,,,,,,安田均(テーブルトークRPG),,
1995-12-22,カルチャーブレーン,スーパーチャイニーズワールド3,-,6,RPG,"￥9,800","￥10,000代",0,0,,阿迦手観屋夢之助,,,沢彰記,かずゆきまる,阿迦手観屋夢之助,
1995-12-22,ハドソン,天外魔境ZERO,-,11,RPG,"￥9,980","￥10,000代",0,64,,広井王子(企画・監修)|竹部隆司(監督),青山光(メインプログラム),辻野寅次郎(絵師)|久保久(美術監督),笹川敏幸|田中公平(天神・水貴のテーマ)|田中あや(ゲーム内のカラオケ楽曲),荒井弘二,,
1995-12-22,バンダイ,SDガンダムGNEXT,-,6,SLG,"￥12,800","￥13,000代",0,256,,,,,,,,
1995-12-22,バンプレスト,戦国の覇者天下布武への道,-,7,SLG,"￥12,800","￥13,000代",0,64,,,,,,,,
1995-12-22,バンプレスト,ファーランドストーリー2,-,9,SLG,"￥12,800","￥13,000代",0,64,,,,,,,,
1995-12-22,パック・イン・ビデオ,バトルサブマリン,-,4,SLG,"￥9,800","￥10,000代",0,0,,,,,,,,
1995-12-22,テクモ,テクモスーパーボウルⅢFINALEDITION,30,7,SPT,"￥12,800","￥13,000代",0,256,,,,,,,,
1995-12-22,ヒューマン,スーパーファイヤープロレスリングX,-,10,SPT,"￥11,900","￥12,000代",0,64,,山崎正通,三浦義広,山崎正通|田島弘喜|露崎尊幸|島崎洋一郎,志倉千代丸,,,
1995-12-22,ヴァージンインタラクティブ,将棋三昧,-,4,TBL,"￥9,800","￥10,000代",0,64,,,,,,,,
1995-12-27,ハドソン,最強高田延彦,-,9,SPT,"￥10,900","￥11,000代",0,0,,,,,,,,
1995-12-28,光栄,三國志英傑伝,-,9,SLG,"￥12,800","￥13,000代",0,256,,,,,吉田明永,,フクザワ・エイジ,
1995-12-29,日本ファルコム,イースV失われた砂の都ケフィン,-,9,RPG,"￥12,800","￥13,000代",0,64,,,,,,糸井賢,,
1995-12-29,アイマックス,スーパー将棋3棋太平,-,6,TBL,"￥12,800","￥13,000代",0,256,,,,,,,,
1995-12-29,タイトー,大爆笑人生劇場ずっこけサラリーマン編,-,7,TBL,"￥9,800","￥10,000代",0,64,,,草津きよし,ふくやまきょうこ|はただまなぶ|すずきしんいち|東京省,草津きよし|わたなべよしお|たなべよしひこ,,高橋章二,
1995-12-29,日本テレネット,京楽・三洋・豊丸・奥村・大一・マルホンParlor!パーラー!ⅣCR(パーラーパーラー4),-,7,TBL,"￥11,800","￥12,000代",0,64,,,,,,,,
1995-12-29,BPS,対局囲碁韋駄天,-,4,TBL,"￥14,800","￥15,000代",0,256,,,,,,,,
1996-01-12,徳間書店インターメディアカンパニー,魔導物語はなまる大幼稚園児,-,7,RPG,"￥9,900","￥10,000代",0,64,,,,,,,,
1996-01-19,バンプレスト,的中競馬塾,-,4,ETC,"￥9,980","￥10,000代",0,64,,,,,,,,
1996-01-19,パック・イン・ビデオ,磯釣り離島編,-,7,SPT,"￥10,800","￥11,000代",0,64,,,,,,,,
1996-01-19,日本テレネット,京楽・三洋・豊丸・奥村・太陽Parlor!パーラー!3(パーラーパーラー3),-,9,TBL,"￥11,800","￥12,000代",0,64,,,,,,,,
1996-01-26,バンダイ,SDガンダムPowerFormationPuzzle,-,4,PZL,"￥8,800","￥9,000代",0,0,,,,,,,,
1996-01-26,データム・ポリスター,MADARASAGA幼稚園戦記まだら,-,7,RPG,"￥9,800","￥10,000代",0,64,,,,,,,,
1996-01-26,ケイエスエス,無人島物語,-,7,SLG,"￥12,800","￥13,000代",0,256,,下瀬貴祐,小林眞,佐藤茂夫,佐藤智志,勝部真琴,高野秀夫,
1996-01-26,光栄,信長の野望天翔記,-,9,SLG,"￥12,800","￥13,000代",0,256,,,,,,,,
1996-01-26,バンプレスト,スーパー野球道,-,6,SPT,"￥12,800","￥13,000代",0,256,,,,,,,,
1996-01-26,カロッツェリアジャパン,平成軍人将棋,-,2,TBL,"￥9,800","￥10,000代",0,0,,,,,,,,
1996-01-26,ヘクト,囲碁倶楽部,-,4,TBL,"￥12,800","￥13,000代",0,64,,,,,,,,
1996-01-31,アスキー,RPGツクール2,31,7,ETC,"￥12,800","￥13,000代",0,512,,,,,,,,
1996-02-02,バンプレスト,幕末降臨伝ONI,-,10,RPG,"￥12,800","￥13,000代",0,64,,,,,,,,
1996-02-09,コナミ,ときめきメモリアル伝説の樹の下で,-,10,SLG,"￥9,980","￥10,000代",0,64,,永田義明,,立石流牙|小倉雅史,Metal Yuhki|村井聖夜|莊司朗|Sanoppi|中村地獄車,五十嵐孝司,桐田富和,
1996-02-09,スクウェア,バハムートラグーン,-,10,SLG,"￥11,400","￥11,500代",47,64,,野島一成,村上和久|小野宏史,佐々木等,松枝賀子,鳥山求,野村匡,
1996-02-09,魔法,将棋最強Ⅱ実戦対局編,-,2,TBL,"￥10,800","￥11,000代",0,64,,,,,,,,
1996-02-16,アトラス,プロ棋士人生シミュレーション将棋の花道,-,4,TBL,"￥12,800","￥13,000代",0,256,,,,,,,,
1996-02-23,スクウェア,ガンハザード,-,9,ACT,"￥11,400","￥11,500代",0,64,,鈴木英夫,鈴木英夫,天野喜孝,植松伸夫|光田康典|仲野順也|濱渦正志,,前田靖幸|橋本真司,
1996-02-23,アスク講談社,バトルテック3050,-,6,SHT,"￥9,800","￥10,000代",0,0,,,,,,,,
1996-02-23,ハドソン,鬼神童子ZENKI天地鳴動,-,7,TBL,"￥9,980","￥10,000代",0,0,,,,,,,,
1996-02-29,コナミ,実況パワフルプロ野球3,30,9,SPT,"￥7,500","￥7,500代",0,64,,,,,,,,
1996-02-29,ナムコ,スーパーファミスタ5,-,8,SPT,"￥6,980","￥7,000代",38,64,,,,岸本好弘|島本昌弘,堀込高樹,,,
1996-03-01,バンプレスト,晦-つきこもり-,-,10,ADV,"￥7,800","￥8,000代",0,64,,喜久川馨,五反田成高,喜久川馨|濱本浩志|中島まゆみ|朝桐三喜|岡山憲一|平田慎弥|藤田正美|矢野史子,堀口貴史,早川奈津子|古川猛|川上俊則|小嶋早紀子|大池叙子,飯島健男,
1996-03-01,ハドソン,鮫亀+キャラカセット(付属品BSMC-ZS5J-JPN),-,8,PZL,"￥8,980","￥9,000代",0,64,,,,,,,,
1996-03-01,アクレイムジャパン,レボリューションX,-,7,SHT,"￥11,800","￥12,000代",0,0,,,,,クリストファー・レナーツ,,アシーナ・ウィッカム|ロバート・M・ウィリアムズ・ジュニア,
1996-03-01,イマジニア,ドゥーム(DOOM),-,7,SHT,"￥12,800","￥13,000代",0,512,,,ジョン・D・カーマック|ジョン・ロメロ|デイブ・テイラー,ジョン・ロメロ|トム・ホール|サンディ・ピーターセン|エイドリアン・カーマック|ケヴィン・クラウド,ボビー・プリンス,,,
1996-03-01,バンダイ,機動戦士ZガンダムAwaytoTheNewtype,-,9,SLG,"￥11,800","￥12,000代",0,64,,,,,,,,
1996-03-01,アクレイムジャパン,NFLクォーターバッククラブ'96,-,9,SPT,"￥11,800","￥12,000代",0,16,,,,,,,,
1996-03-01,アクレイムジャパン,レッスルマニア・ジ・アーケードゲーム,-,9,SPT,"￥11,800","￥12,000代",0,0,,,,,,,,
1996-03-08,コンパイル,す～ぱ～ぷよぷよ通リミックス,-,7,PZL,"￥6,800","￥7,000代",0,0,,,,,,,,
1996-03-08,エンジェル,銀河戦国群雄伝ライ,-,7,SLG,"￥10,800","￥11,000代",0,64,,,,高鉾誠|寺岡賢司,和田薫,真鍋譲治,,
1996-03-08,サミー,実戦パチンコ必勝法!2,-,6,TBL,"￥7,800","￥8,000代",0,64,,,,,,,,
1996-03-09,任天堂,スーパーマリオRPG,32,10,RPG,"￥7,500","￥7,500代",147,256,,藤岡千尋|前川嘉彦,深谷文明|青山伸一|武藤竜|吉岡光生,太田顕喜|工藤太郎|松原啓介|松村靖|長谷部裕之|皆葉英夫|加藤清文|波多江由布子|倉島一幸|高橋伸也,下村陽子,,山内溥|宮本茂,
1996-03-15,アスキー,ダービースタリオン96,30,9,ETC,"￥12,800","￥13,000代",110,256,,,,,,,,
1996-03-15,BPS,峠・伝説最速バトル,-,9,RCG,"￥10,800","￥11,000代",0,64,,,,,,,,
1996-03-15,光栄,ブランディッシュ2エキスパート,-,9,RPG,"￥8,800","￥9,000代",0,256,,,,,,,,
1996-03-15,タイトー,カオスシード風水回廊記,-,8,SLG,"￥9,980","￥10,000代",0,64,,,小倉唯克,柏木准一|船戸明里,塩生康範|林克洋|中島享生,宮田正英,高田誠,
1996-03-21,任天堂,星のカービィスーパーデラックス,-,10,ACT,"￥7,500","￥7,500代",110,64,,桜井政博,,若山強|小澤和|竹下裕生|望月哲也,石川淳|宮川弾,,山内溥|岩田聡|宮本茂,
1996-03-22,ハドソン,ドレミファンタジーミロンのドキドキ大冒険,-,7,ACT,"￥6,800","￥7,000代",0,0,,三上由起子,小坂恭洋|永田淳夫|高島哲治,川田忠之|印南好司|水野祥司|吉見直人|佐藤梢[注釈 1],竹間淳,,藤原茂樹|澤口岳志,
1996-03-22,ユタカ,NEWヤッターマン難題かんだいヤジロベエ,-,6,ACT,"￥8,800","￥9,000代",0,0,,,,,,,,
1996-03-22,コナミ,実況競馬シミュレーションステイブルスター厩舎物語,-,10,ETC,"￥11,800","￥12,000代",0,256,,,,,,,,
1996-03-22,光栄,イースVエキスパート,-,9,RPG,"￥11,800","￥12,000代",0,64,,,,,,糸井賢,,
1996-03-22,バンプレスト,スーパーロボット大戦外伝魔装機神,-,9,SLG,"￥7,800","￥8,000代",0,256,,,,,,,,
1996-03-22,魔法,96全国高校サッカー選手権,-,6,SPT,"￥7,800","￥8,000代",0,64,,,,,,,,
1996-03-22,アスク講談社,林海峯九段の囲碁大道,-,6,TBL,"￥14,800","￥15,000代",0,512,,,,,,,,
1996-03-22,バップ,ギャンブル放浪記,-,4,TBL,"￥8,500","￥8,500代",0,0,,,,,,,,
1996-03-29,エンジェル,美少女戦士セーラームーンSuperS全員参加!!主役争奪戦,-,9,ACT,"￥7,980","￥8,000代",0,0,,,,,,,,
1996-03-29,カルチャーブレーン,忍たま乱太郎2,-,4,ACT,"￥7,800","￥8,000代",0,0,,,,,池頼広,浦沢義雄,,
1996-03-29,バンダイ,新機動戦記ガンダムWEndlessDuel,-,7,ACT,"￥7,500","￥7,500代",0,0,,,宮部寿保|小室裕達,谷口俊一|谷口俊一|鈴木邦夫,岩月博之|大橋春男,,牛村憲彦,
1996-03-29,バンダイ,ドラゴンボールZHyperDimension,-,9,ACT,"￥7,800","￥8,000代",0,64,,,,,高野充彦,,磯貝健夫|鈴木敏弘,
1996-03-29,バンダイ,マップ＆コレクション(SDガンダムGNEXT専用),-,2,ETC,"￥3,800","￥4,000代",0,0,,,,,,,,
1996-03-29,コナミ,それいけエビス丸からくり迷路,-,4,PZL,"￥5,800","￥6,000代",0,0,,,小川光章,,,,,
1996-03-29,イマジニア,GTレーシング,-,7,RCG,"￥10,800","￥11,000代",0,16,,,,,,,,
1996-03-29,光栄,アンジェリークヴォイス・ファンタジー,-,9,SLG,"￥9,800","￥10,000代",0,256,,,,,,,,
1996-03-29,ケイエスエス,美少女レスラー列伝ブリザードYuki乱入,-,8,SPT,"￥8,000","￥8,000代",0,64,,,,,,,,
1996-03-29,ヒューマン,スーパーファイヤープロレスリングXプレミアム,-,10,SPT,"￥8,000","￥8,000代",0,256,,山崎正通,三浦義広,山崎正通|田島弘喜|露崎尊幸|島崎洋一郎,志倉千代丸,,,
1996-03-29,ヒューマン,スーパーフォーメーションサッカー'96WCE,-,6,SPT,"￥7,500","￥7,500代",0,0,,,,,,,,
1996-03-29,日本テレネット,京楽・三洋・マルホンParlor!パーラー!5(パーラーパーラー5),-,6,TBL,"￥10,800","￥11,000代",0,64,,,,,,,,
1996-04-05,スクウェア,ルドラの秘宝,-,10,RPG,"￥8,000","￥8,000代",0,64,,井出康二,五藤聖高,雨宮慶太,笹井隆司,井出康二|河原勝吉|京念秀史,,
1996-04-05,サミー,実戦パチスロ必勝法!山佐伝説,-,4,TBL,"￥6,900","￥7,000代",0,64,,,,,,,,
1996-04-12,アスキー,音楽ツクールかなでーる,-,4,ETC,"￥9,980","￥10,000代",0,512,,,,,,,,
1996-04-12,エニックス,魔法陣グルグル2,-,9,RPG,"￥8,000","￥8,000代",0,64,,,,,,,,
1996-04-19,J・ウイング,蓬莱学園の冒険!転校生スクランブル,-,7,RPG,"￥7,980","￥8,000代",0,64,,,,,,,,
1996-04-26,カプコン,トイ・ストーリー,-,10,ACT,"￥7,500","￥7,500代",0,0,,,,,ランディ・ニューマン,ジョス・ウィードン|アンドリュー・スタントン|ジョエル・コーエン|アレック・ソコロウ,,
1996-04-26,ハドソン,スーパーボンバーマン4,-,7,ACT,"￥7,777","￥8,000代",36,0,,藤原伸介|今田真二,すみたたけお,平井隆之|水野祥司|吉見直人,竹間淳|福田裕彦(編曲)|星恵太(2曲),,小崎整,
1996-04-26,ナグザット,Jumpin'Derby(ジャンピンダービー),-,7,ETC,"￥9,800","￥10,000代",0,256,,,,,,,,
1996-04-26,日本物産,スーパー競艇2,-,4,ETC,"￥8,500","￥8,500代",0,64,,,,,,,,
1996-04-26,POW,一発逆転!!競馬・競輪・競艇,-,4,ETC,"￥9,800","￥10,000代",0,64,,,,,,,,
1996-04-26,エポック社,Jリーグエキサイトステージ'96,-,7,SPT,"￥7,980","￥8,000代",0,64,,,,,,,,
1996-04-26,ショウエイシステム,HEIWAパチンコワールド3,-,9,TBL,"￥7,800","￥8,000代",0,16,,,,,仲里幸広,,,
1996-04-26,日本テレネット,Parlor!Mini(パーラーミニ),-,4,TBL,"￥4,900","￥5,000代",0,0,,,,,,,,
1996-05-14,任天堂,ファイアーエムブレム聖戦の系譜,-,10,SLG,"￥7,500","￥7,500代",43,64,,,,,,加賀昭三,,
1996-05-24,バンプレスト,すーぱーぐっすんおよよ2,-,7,PZL,"￥7,800","￥8,000代",0,16,,,,,冷牟田卓志,,,
1996-05-24,スクウェア,トレジャーハンターG,-,9,RPG,"￥7,900","￥8,000代",0,64,,米光一成,山藤武志|平健次郎|阿部真一,米光一成|牛久宏治,岩田匡治|迫田敏明|崎元仁|他,米光一成,,
1996-05-24,パイオニアLDC,ごきんじょ冒険隊,-,9,RPG,"￥7,980","￥8,000代",0,16,,,,須藤真澄,,黒田洋介,,
1996-05-31,ユタカ,すぱぽーんDX,-,4,ACT,"￥5,800","￥6,000代",0,0,,,,,,,,
1996-05-31,アスキー,サウンドノベルツクール,-,9,ETC,"￥8,200","￥8,000代",0,512,,池田国人|高見大三郎,笹瑞穂|小嶋俊晴,今正史,有坂光弘,寺田憲史(サンプルゲーム),川村篤,
1996-05-31,エニックス,ダークハーフ,-,9,RPG,"￥8,000","￥8,000代",0,64,,西澤龍一|坂本慎一,,平田豊|大空真紀|木脇哲治,濱田智之,安田尚樹,渡辺泰仁,
1996-05-31,キングレコード,フィッシング甲子園,-,7,SPT,"￥9,800","￥10,000代",0,64,,,,,,,,
1996-06-01,ハドソン,Jリーグ'96ドリームスタジアム,-,8,SPT,"￥7,980","￥8,000代",0,512,,,,,,,,
1996-06-14,タカラ,アラビアンナイト砂漠の精霊王,-,9,RPG,"￥7,800","￥8,000代",0,64,,河西貴則|木村昭彦,河西貴則,川上俊則|久保聡宏,根本一郎|田村大輔|堀口貴史,早川奈津子,中野隆幸,
1996-06-14,アスキー,ベストショットプロゴルフ,-,10,SLG,"￥8,200","￥8,000代",0,64,,,,,,,,
1996-06-28,バンダイ,スーファミターボ専用SDウルトラバトルウルトラマン伝説,-,6,ACT,"￥3,980","￥4,000代",0,16,,,,,,,,
1996-06-28,バンダイ,スーファミターボ専用SDウルトラバトルセブン伝説,-,6,ACT,"￥3,980","￥4,000代",0,16,,,,,,,,
1996-06-28,バンダイ,スーファミターボ専用ぽいぽい忍者ワールド,-,6,ACT,"￥3,980","￥4,000代",0,64,,,,,,,,
1996-06-28,バンダイ,スーファミターボ,-,1,ETC,"￥3,980","￥4,000代",0,0,,,,,,,,
1996-06-28,カルチャーブレーン,パズル忍たま乱太郎忍術学園パズル大会の段,-,2,PZL,"￥6,980","￥7,000代",0,0,,,,,,,,
1996-06-28,コンパイル,す～ぱ～なぞぷよ通ルルーの鉄腕繁盛記,-,6,PZL,"￥9,800","￥10,000代",0,64,,,,,,,,
1996-06-28,バンダイ,空想科学世界ガリバーボーイ,-,6,RPG,"￥7,800","￥8,000代",0,64,,芦田豊雄,,芦田豊雄|神志那弘志|工藤誉寿治|井上邦彦,田中公平,広井王子|芦田豊雄,,
1996-06-28,バンプレスト,トラバース,-,10,RPG,"￥7,800","￥8,000代",0,64,,,,,,,,
1996-06-28,ケイエスエス,西陣パチンコ物語2,-,7,TBL,"￥10,800","￥11,000代",0,0,,,,,,,,
1996-06-28,日本テレネット,Parlor!Mini2(パーラーミニ2),-,4,TBL,"￥4,900","￥5,000代",0,0,,,,,,,,
1996-07-19,エニックス,スターオーシャン,-,12,RPG,"￥8,500","￥8,500代",0,64,,浅沼穣,五反田義治,則本真樹|MEIMU,桜庭統,五反田義治,山岸功典,
1996-07-19,コナミ,実況パワフルプロ野球'96開幕版,-,9,SPT,"￥7,500","￥7,500代",0,64,,,,,,,,
1996-07-19,パック・イン・ビデオ,海のぬし釣り,-,7,SPT,"￥7,800","￥8,000代",0,64,,,,,,,,
1996-07-19,バンダイ,スーファミターボ専用ゲゲゲの鬼太郎妖怪ドンジャラ,-,6,TBL,"￥3,980","￥4,000代",0,0,,,,,,,,
1996-07-19,ボトムアップ,スーパートランプコレクション2,-,2,TBL,"￥5,800","￥6,000代",0,0,,,,,,,,
1996-07-26,アスミック,レナスⅡ封印の使徒,-,10,RPG,"￥9,980","￥10,000代",0,64,,柴尾英令,楫泰行,加藤洋之|後藤啓介,田中公平,柴尾英令,岡本博|小川真司,
1996-07-26,ナグザット,スプリガン・パワード,-,4,SHT,"￥9,800","￥10,000代",0,0,,,,,,,,
1996-07-26,イマジニア,シムシティJr.,-,7,SLG,"￥8,200","￥8,000代",0,256,,,ダニエル・ブロウニング|ジョン・ルイス,オーロラ・デザイン|ジェニー・マーティン,ジョーイ・エデルマン,,クレア・カーティン,
1996-07-26,タイトー,エナジーブレイカー,-,9,SLG,"￥7,980","￥8,000代",0,64,,,わたなべおさむ,内藤泰弘,中島享生|塩生康範,角田哲信|みやさかたかし,,
1996-07-26,ハドソン,アースライトルナ・ストライク,-,9,SLG,"￥7,980","￥8,000代",0,64,,うめずひろあき,平野二郎|垣崎正司,皆川浩治|塩飽利昭|大河原邦男,黒岩東彦|川崎康宏,,堀尾孝文|永井知彦,
1996-07-26,バンダイ,スーファミターボ専用SDガンダムジェネレーション一年戦争記,-,6,SLG,"￥3,980","￥4,000代",0,64,,,,,,,,
1996-07-26,バンダイ,スーファミターボ専用SDガンダムジェネレーショングリプス戦記,-,6,SLG,"￥3,980","￥4,000代",0,64,,,,,,,,
1996-07-26,バリエ,テーブルゲーム大集合!将棋・麻雀・花札・トゥーサイド,-,4,TBL,"￥6,800","￥7,000代",0,0,,,,,,,,
1996-08-02,ハドソン,大貝獣物語Ⅱ,-,11,RPG,"￥8,200","￥8,000代",0,64,,三井啓介|澤口岳志,中川徹,宍倉典幸|田島大輔|松井淳|渡辺英嗣,六土開正,原裕朗|さわふじたけし|野中俊也,井上佳典,
1996-08-09,カルチャーブレーン,忍たま乱太郎すぺしゃる,-,2,ACT,"￥8,800","￥9,000代",0,0,,,,,,,,
1996-08-09,トミー,赤ずきんチャチャ,-,6,RPG,"￥7,800","￥8,000代",0,64,,,,渡辺はじめ,佐橋俊彦|手塚理,,,
1996-08-09,パック・イン・ビデオ,牧場物語,-,7,SLG,"￥7,800","￥8,000代",0,64,,,山楯知巳|井上浩史,和田康宏|宮越節子|高橋健|故山研二,田中剛,,和田康宏,
1996-08-09,ハドソン,スーパーパワーリーグ4,-,7,SPT,"￥7,980","￥8,000代",0,64,,,,,,,,
1996-08-23,バンダイ,スーファミターボ専用激走戦隊カーレンジャー全開!レーサー戦士,-,6,ACT,"￥3,980","￥4,000代",0,0,,,,,,,,
1996-08-23,バンダイ,スーファミターボ専用SDガンダムジェネレーションアクシズ戦記,-,6,SLG,"￥3,980","￥4,000代",0,64,,,,,,,,
1996-08-23,バンダイ,スーファミターボ専用SDガンダムジェネレーションバビロニア建国戦記,-,6,SLG,"￥3,980","￥4,000代",0,64,,,,,,,,
1996-08-24,ヘクト,古田敦也のシミュレーションプロ野球2,-,7,SPT,"￥8,000","￥8,000代",0,256,,,,,,,,
1996-08-30,アクレイムジャパン,ナンバーズパラダイス,-,2,ETC,"￥8,800","￥9,000代",0,64,,,,,,,,
1996-08-30,アスキー,大戦略エキスパートWWⅡ,-,7,SLG,"￥9,800","￥10,000代",0,1024,,,,,,,,
1996-08-30,サンソフト,必殺パチンココレクション4,-,7,TBL,"￥9,980","￥10,000代",0,64,,,,,,,,
1996-08-30,BOSSコミュニケーションズ,本家・SANKYOFEVER実機シミュレーション3,-,4,TBL,"￥7,480","￥7,500代",0,0,,,,,,,,
1996-09-13,コナミ,実況パワープロレスリング'96,-,10,SPT,"￥7,980","￥8,000代",0,64,,薬師寺健雄,下野俊典,薬師寺健雄|矢内一則,安慶名伸行,,福井博幸,
1996-09-13,T＆Eソフト,ペブルビーチの波濤Newトーナメントエディション,-,7,SPT,"￥8,000","￥8,000代",0,512,,,,,,,,
1996-09-20,データイースト,マジカルドロップ2,-,7,PZL,"￥7,800","￥8,000代",0,0,,,,,,,,
1996-09-20,アスキー,ウィザードリィ・外伝Ⅳ胎魔の鼓動,-,10,RPG,"￥8,000","￥8,000代",0,64,,,,,,,,
1996-09-27,バンダイ,スーファミターボ専用クレヨンしんちゃん長ぐつドボン,-,6,PZL,"￥3,980","￥4,000代",0,0,,,,,,,,
1996-09-27,バンダイ,スーファミターボ専用美少女戦士セーラームーンセーラースターズふわふわパニック2,-,7,PZL,"￥3,980","￥4,000代",0,0,,,,,,,,
1996-09-27,パック・イン・ビデオ,モンスタニア,-,9,RPG,"￥7,800","￥8,000代",0,64,,,,,,,,
1996-09-27,バンダイ,スーファミターボ専用SDガンダムジェネレーションコロニー格闘記,-,6,SLG,"￥3,980","￥4,000代",0,64,,,,,,,,
1996-09-27,バンダイ,スーファミターボ専用SDガンダムジェネレーションザンスカール戦記,-,6,SLG,"￥3,980","￥4,000代",0,64,,,,,,,,
1996-09-27,日本テレネット,Parlor!Mini3(パーラーミニ3),-,4,TBL,"￥4,900","￥5,000代",0,0,,,,,,,,
1996-09-27,日本物産,スーパーニチブツマージャン4基礎研究編,-,4,TBL,"￥7,500","￥7,500代",0,0,,,,,,,,
1996-10-04,光栄,ウイニングポスト2プログラム'96,-,9,ETC,"￥9,800","￥10,000代",0,256,,,,,,,,
1996-10-18,カプコン,マーヴルスーパーヒーローズウォーオブザジェム,-,7,ACT,"￥7,800","￥8,000代",0,0,,,,,大久保高嶺|北嶋克成,,,
1996-10-18,ヘクト,サラブレッドブリーダーⅢ,-,7,ETC,"￥8,200","￥8,000代",0,512,,,,,,,,
1996-10-25,アスキー,タワードリーム,-,7,TBL,"￥8,000","￥8,000代",0,64,,,,宮岡寛|折尾一則|柳澤健二|桜玉吉(キャラクターデザイン),斉藤ノブ,,塩崎剛三,
1996-10-26,任天堂,マーヴェラスもうひとつの宝島,-,9,ADV,"￥6,800","￥7,000代",0,512,,小野塚英二,副島康成,小野塚英二,尾崎裕一,,上村雅之,
1996-11-23,任天堂,スーパードンキーコング3謎のクレミス島,-,10,ACT,"￥6,800","￥7,000代",177,16,,,マーク・ウィルソン,アンドリュー・コラード|ポール・ウェイバー|マーク・スティーヴンソン,イーブリン・フィッシャー|デビッド・ワイズ,,アンドリュー・コラード,
1996-11-29,ボトムアップ,VS.コレクション,-,2,ETC,"￥6,980","￥7,000代",0,0,,,,,,,宮崎鉄平|金佐智絵|鈴木浩史|工藤江美子|桐谷太一|三浦淳(CP),
1996-11-29,タカラ,スーパー人生ゲーム3,-,7,TBL,"￥5,980","￥6,000代",0,64,,,,,,,,
1996-11-29,日本テレネット,Parlor!Mini4(パーラーミニ4),-,6,TBL,"￥5,800","￥6,000代",0,0,,,,,,,,
1996-11-29,日本物産,ニチブツコレクション1,-,7,TBL,"￥7,980","￥8,000代",0,0,,,,,,,,
1996-12-06,エニックス,ドラゴンクエストⅢそして伝説へ…,-,10,RPG,"￥8,700","￥8,500代",140,64,,中村光一,内藤寬,鳥山明,すぎやまこういち,堀井雄二,千田幸信,
1996-12-06,ハドソン,桃太郎電鉄HAPPY,-,9,TBL,"￥8,300","￥8,500代",0,64,,さくまあきら(監督),安田哲章|吉岡孝展|中道雅史,土居孝幸,関口和之|宮路一昭,,浦敏治,
1996-12-19,ボトムアップ,すごろく銀河戦記,-,4,TBL,"￥6,980","￥7,000代",0,0,,,,,,,,
1996-12-20,カプコン,ストリートファイターZERO2,-,10,ACT,"￥7,800","￥8,000代",0,0,,,,,,,,
1996-12-20,カプコン,ドナルドダックのマウイマラード,-,9,ACT,"￥7,500","￥7,500代",0,0,,,,,,,,
1996-12-20,カプコン,ピノキオ,-,9,ACT,"￥7,500","￥7,500代",0,0,,,,,,,,
1996-12-20,T＆Eソフト,Cu-On-PaSFC(クオンパ),-,4,PZL,"￥6,800","￥7,000代",0,64,,,,,,,,
1996-12-20,イマジニア,G.O.D目覚めよと呼ぶ声が聴こえ,-,9,RPG,"￥7,980","￥8,000代",0,64,,伝田由紀,小田典広,小松信夫|江川達也|斉藤明宏,松崎雄一|松前真奈美|松前公高,鴻上尚史|戸田山雅司,斉藤明宏|岡比呂志,
1996-12-20,ハドソン,ボンバーマンビーダマン,-,4,SHT,"￥5,980","￥6,000代",0,64,,川田忠之(川田名人),白谷守|すずきのりお,水野祥司,貫田顕勇 相原真人,,いのうえよしのり,
1996-12-20,アスキー,ミニ四駆シャイニングスコーピオンレッツ＆ゴー!!,-,10,SLG,"￥8,800","￥9,000代",58,256,,,,,,,,
1996-12-20,ケイエスエス,西陣パチンコ3,-,6,TBL,"￥7,800","￥8,000代",0,0,,,,,,,,
1996-12-27,ヴァージンインタラクティブ,マスク,-,7,ACT,"￥9,800","￥10,000代",0,0,,,,,,,,
1996-12-27,バンプレスト,ドラゴンナイト4,-,9,SLG,"￥7,980","￥8,000代",0,64,,,,,無し,,,
1996-12-27,日本物産,ニチブツコレクション2,-,6,TBL,"￥7,980","￥8,000代",0,64,,,,,,,,
1997-01-15,タイトー,アルカノイド-DohItAgain-,-,2,ACT,"￥4,980","￥5,000代",0,0,,,,,,,,
1997-01-17,T＆Eソフト,BUSHI青龍伝二人の勇者,-,9,RPG,"￥7,980","￥8,000代",0,16,,,曽我部仙史,田尻智|一之瀬剛|松島賢二|杉森建|藤原基史,増田順一,松島賢二,吉川泰生,
1997-01-17,カルチャーブレーン,プロ野球スター,-,4,SPT,"￥6,800","￥7,000代",0,64,,,,,,,,
1997-01-31,アスキー,ピキーニャ!,-,7,PZL,"￥6,800","￥7,000代",0,64,,,,,,,,
1997-01-31,アスキー,ガンプル,-,9,RPG,"￥8,000","￥8,000代",0,64,,,,,,,,
1997-01-31,アスキー,ミランドラ,-,9,RPG,"￥7,800","￥8,000代",0,256,,,,,,,,
1997-02-21,任天堂,糸井重里のバス釣りNo.1,-,10,SPT,"￥7,800","￥8,000代",0,64,,ふるみまさと|あいかわきょういち,たきぐちあきお|おのせけんいち|たかはしごろう|三津原敏|高橋芳美|みずしまけんいち,斉藤明宏,池上正,,岩田聡|小関昭彦|大和聡,
1997-02-28,カルチャーブレーン,忍たま乱太郎3,-,4,ACT,"￥6,980","￥7,000代",0,0,,,,,,,,
1997-02-28,ハドソン,スーパーボンバーマン5,-,7,ACT,"￥6,980","￥7,000代",0,64,,小崎整,外山裕樹|Mittu Takahashi|飛澤正人,佐々木伸|水野祥司|吉見直人|佐藤梢,竹間淳|福田裕彦|松前公高(編曲),,和気正則,
1997-03-07,コナミ,アニマニアクス,-,4,ACT,"￥5,800","￥6,000代",0,0,,,,,リチャード・ストーン|カール・ジョンソン|スティーヴン・バーンスタイン|ジュリー・バーンスタイン|ゴードン・グッドウィン,スティーヴン・スピルバーグ,,
1997-03-07,日本シスコン,パチスロ完全攻略ユニバーサル新台入荷Vol.1,-,2,TBL,"￥5,980","￥6,000代",0,64,,,,,,,,
1997-03-14,KSS,キャスパー,-,4,ACT,"￥4,980","￥5,000代",0,64,,,,,,,,
1997-03-14,バップ,スーパーダブル役満Ⅱ,-,2,TBL,"￥7,500","￥7,500代",0,0,,,,,ナオト・インティライミ(作詞・作曲),,,
1997-03-15,サミー,実戦パチスロ必勝法!TWIN,-,2,TBL,"￥5,980","￥6,000代",0,64,,,,,,,,
1997-03-20,コナミ,実況パワフルプロ野球3'97春,-,9,SPT,"￥6,800","￥7,000代",0,64,,,,,,,,
1997-03-28,アスキー,ソリッドランナー,-,9,RPG,"￥8,000","￥8,000代",0,64,,わたなべまこと,木村俊章,冨田佳寿|沖一,田中光人|迫田敏明,ORCA,池田浩一,
1997-03-28,アスキー,ダークロウMeaningofDeath,-,10,RPG,"￥8,000","￥8,000代",0,64,,,,,,,,
1997-03-28,日本テレネット,Parlor!Mini5(パーラーミニ5),-,4,TBL,"￥4,900","￥5,000代",0,0,,,,,,,,
1997-04-18,カルチャーブレーン,プロ麻雀兵(つわもの),-,2,TBL,"￥6,980","￥7,000代",0,64,,,,,,,,
1997-04-25,ココナッツジャパンエンターテイメント,プロ野球熱闘ぱずるスタジアム,-,2,PZL,"￥7,800","￥8,000代",0,0,,,,,,,,
1997-05-30,日本テレネット,Parlor!Mini6(パーラーミニ6),-,4,TBL,"￥4,980","￥5,000代",0,0,,,,,,,,
1997-08-01,ビクターインタラクティブ(パックインソフト),ふね太郎,-,7,SPT,"￥7,800","￥8,000代",0,64,,,,,,,,
1997-08-29,日本テレネット,Parlor!Mini7(パーラーミニ7),-,4,TBL,"￥4,900","￥5,000代",0,0,,,,,,,,
1997-09-12,サミー,実戦パチスロ必勝法!Twinvol.2,-,2,TBL,"￥5,980","￥6,000代",0,64,,,,,,,,
1997-09-30,任天堂,SFメモリカセット,-,10,ETC,"￥3,980","￥4,000代",0,256,,,,,,,,
1997-12-19,ハドソン,爆球連発!!スーパービーダマン,-,7,SHT,"￥4,980","￥5,000代",0,64,,,,池上太郎|友杉達也|今石進|斉藤まさかつ,渡部チェル,,,
1998-01-01,NTTデータ,JRAPAT(NDSF付属カセット),-,4,ETC,"￥12,000","￥12,000代",0,0,,,,,,,,
1998-01-30,任天堂,スーパーゲームボーイ2,-,2,ETC,"￥5,800","￥6,000代",0,0,,,,,,,,
1998-01-30,日本テレネット,HEIWAParlor!Mini8パチンコ実機シミュレーションゲーム,-,4,TBL,"￥5,200","￥5,000代",0,0,,,,,,,,
1998-03-19,コナミ,実況パワフルプロ野球BASIC'98,-,9,SPT,"￥5,800","￥6,000代",0,64,,,,,,,,
1998-03-27,任天堂,星のカービィ3,-,10,ACT,"￥4,800","￥5,000代",36,256,,,,,,,,
1998-04-24,カプコン,ロックマン＆フォルテ,-,10,ACT,"￥5,800","￥6,000代",0,16,,,篠原雅嗣|清水睦民|桑名正,鶴逸人|竹村学|有賀ヒトシ|岩本佳浩|出月こーじ,堀山俊彦|水田直志|海田明里,,稲船敬二,
1998-05-23,任天堂,平成新・鬼ヶ島前編,-,9,ADV,"￥3,800","￥4,000代",0,16,,,,,,,,
1998-05-23,任天堂,平成新・鬼ヶ島後編,-,9,ADV,"￥3,800","￥4,000代",0,16,,,,,,,,
1998-05-23,任天堂,レッキングクルー'98,-,7,PZL,"￥3,800","￥4,000代",0,64,,高橋英子,なかしまなるみ|荒木泰介|かとうひろたか,高橋英子|えのきのりゆき|渡辺直樹|こやまたかし|かじがやれいこ,田中宏和,,菱田達也,
1998-08-25,任天堂,ダービースタリオン98,-,9,ETC,"￥6,000","￥6,000代",0,256,,,,,,,,
1998-12-04,任天堂,ミニ四駆レッツ＆ゴー!!POWERWGP2,-,7,RPG,"￥3,800","￥4,000代",0,64,,,,,,,,
1999-06-25,任天堂,POWER倉庫番,-,4,PZL,"￥4,200","￥4,000代",0,64,,,,,,,,
1999-06-25,任天堂,カービィのきらきらきっず,-,7,PZL,"￥4,200","￥4,000代",0,16,,山上仁志,迫田勝弘,小澤和|能登谷哲也,石川淳|安藤浩和,,岩田聡|菅浩秋,
1999-06-25,任天堂,すってはっくん,-,9,PZL,"￥4,200","￥4,000代",0,64,,中田雅康,原啓二,田中伸明|田中伸明|橘田望美,中塚章人,,上村雅之,
1999-12-01,NTTデータ,JRAPATワイド対応(NDSF付属カセット),-,4,ETC,不明,不明,0,0,,,,,,,,
2000-01-21,任天堂,ファイアーエムブレムトラキア776,-,10,SLG,"￥5,200","￥5,000代",0,256,,,成広通,加賀昭三|広田麻由美,辻横由佳|松本敦子,加賀昭三|堀川将之,出石武宏,
2000-11-29,任天堂,メタルスレイダーグローリーディレクターズカットプリライト版,-,9,ADV,"￥5,780","￥6,000代",0,0,,,,,,,,
