🌡️平均気温の合計(℃),🏢都道府県,🏙️市区町村,☔降水量の合計(mm),💨平均風速(m/s),🧭最多風向(8方位),⚪未使用1,⚪未使用2,🌡️平均気温(℃),❄️降雪量合計(cm),💧平均湿度(％),☁️平均雲量(10分比),♨️平均蒸気圧(hPa),🔄平均現地気圧(hPa),☀️日照時間(時間),🌨️雪日数(日),⚡雷日数(日),🌫️霧日数(日)
1986-05,福岡県,福岡市,240.0,2.9,⬇️北,,0,18.9,0,73,6.4,15.7,1007.8,187.2,0,3,0
1986-06,福岡県,福岡市,220.5,2.8,⬇️北,,0,22.9,0,76,7.6,21.3,1006.3,156.4,0,3,2
1986-07,福岡県,福岡市,400.0,2.5,⬇️北,,0,25.6,0,80,7.4,26.4,1007.7,138.0,0,6,0
1986-08,福岡県,福岡市,70.5,2.8,↖️南東,,0,27.8,0,69,5.1,25.8,1005.7,231.3,0,4,0
1986-09,福岡県,福岡市,190.5,2.4,⬇️北,,0,23.7,0,74,6.8,21.8,1010.5,144.0,0,4,0
1986-10,福岡県,福岡市,45.0,2.9,⬇️北,,0,17.0,0,68,5.8,13.4,1017.7,178.8,0,0,0
1986-11,福岡県,福岡市,30.0,2.2,↖️南東,,0,12.6,0,68,6.0,10.0,1021.1,130.1,0,0,0
1986-12,福岡県,福岡市,94.5,2.9,↖️南東,,0,9.6,0,69,6.7,8.2,1020.5,116.9,1,2,0
1987-01,福岡県,福岡市,52.0,3.5,↖️南東,,0,7.3,2,66,6.6,6.9,1021.1,119.9,6,3,0
1987-02,福岡県,福岡市,47.5,3.6,↖️南東,,0,7.9,2,66,6.6,7.3,1018.7,136.0,7,2,0
1987-03,福岡県,福岡市,174.5,3.0,↘️北西,,0,9.7,10,73,7.1,9.1,1015.0,119.2,4,0,1
1987-04,福岡県,福岡市,77.0,2.9,⬇️北,,0,14.4,0,69,6.6,11.5,1015.4,174.9,0,1,0
1987-05,福岡県,福岡市,133.5,2.7,⬇️北,,0,19.0,0,69,6.8,15.4,1012.2,202.8,0,0,1
1987-06,福岡県,福岡市,278.0,3.1,⬇️北,,0,22.5,0,75,6.9,20.2,1007.2,198.5,0,1,2
1987-07,福岡県,福岡市,444.0,2.8,↖️南東,,0,26.8,0,79,8.3,27.6,1005.9,136.3,0,3,0
1987-08,福岡県,福岡市,379.0,2.7,⬆️南,,0,27.2,0,79,7.7,28.2,1007.5,154.6,0,10,0
1987-09,福岡県,福岡市,100.5,3.4,⬇️北,,0,22.8,0,71,6.6,20.2,1011.8,182.4,0,0,0
1987-10,福岡県,福岡市,84.0,2.9,⬇️北,,0,19.9,0,71,6.0,16.6,1016.0,179.1,0,1,0
1987-11,福岡県,福岡市,66.5,2.6,↖️南東,,0,14.4,0,72,5.2,11.9,1019.2,146.2,0,1,0
1987-12,福岡県,福岡市,39.5,2.7,↖️南東,,0,9.0,0,66,5.0,7.7,1021.8,169.6,3,1,0
1988-01,福岡県,福岡市,45.5,3.1,↖️南東,,0,7.6,0,65,7.3,7.0,1019.8,99.6,4,1,0
1988-02,福岡県,福岡市,35.5,3.3,↖️南東,,0,6.4,0,59,7.7,5.9,1021.1,123.5,7,0,0
1988-03,福岡県,福岡市,137.0,3.4,⬇️北,,0,8.9,0,67,8.4,7.8,1016.6,109.2,5,1,0
1988-04,福岡県,福岡市,134.5,3.2,↖️南東,,0,14.4,0,64,5.8,10.6,1014.5,203.2,0,2,0
1988-05,福岡県,福岡市,160.0,2.9,⬇️北,,0,19.2,0,70,6.0,15.6,1009.7,209.5,0,3,0
1988-06,福岡県,福岡市,332.5,2.9,⬇️北,,0,22.5,0,79,8.1,21.6,1005.2,125.6,0,0,0
1988-07,福岡県,福岡市,118.5,3.0,⬇️北,,0,26.5,0,79,7.6,27.4,1005.9,148.9,0,7,0
1988-08,福岡県,福岡市,97.5,2.6,⬇️北,,0,26.8,0,76,6.7,26.5,1005.8,187.2,0,8,1
1988-09,福岡県,福岡市,156.5,3.1,⬇️北,,0,23.8,0,79,7.0,23.2,1009.7,147.3,0,0,0
1988-10,福岡県,福岡市,46.5,2.7,⬇️北,,0,18.5,0,69,5.0,14.8,1014.7,186.3,0,0,0
1988-11,福岡県,福岡市,63.5,3.3,↖️南東,,0,12.2,0,62,5.5,8.9,1017.5,157.3,2,3,0
1988-12,福岡県,福岡市,27.5,2.9,↖️南東,,0,8.5,0,62,5.7,6.9,1021.7,145.2,2,1,0
1989-01,福岡県,福岡市,104.5,2.9,↖️南東,,0,9.1,0,71,7.7,8.5,1020.3,95.9,2,2,0
1989-02,福岡県,福岡市,151.0,3.0,↖️南東,,0,8.7,0,70,7.2,8.0,1019.0,109.5,2,1,1
1989-03,福岡県,福岡市,126.5,3.5,↖️南東,,0,10.3,0,64,6.1,8.1,1016.2,166.3,2,2,0
1989-04,福岡県,福岡市,35.0,3.0,↖️南東,,0,16.2,0,63,6.5,11.6,1012.1,200.6,0,0,0
1989-05,福岡県,福岡市,158.0,2.6,⬇️北,,0,18.4,0,75,7.6,15.8,1010.2,164.5,0,1,0
1989-06,福岡県,福岡市,145.0,3.0,⬇️北,,0,21.8,0,75,7.6,19.3,1007.4,158.7,0,0,1
1989-07,福岡県,福岡市,85.0,3.1,⬇️北,,0,26.3,0,75,7.4,25.4,1008.0,177.9,0,4,0
1989-08,福岡県,福岡市,60.0,3.5,⬇️北,,0,27.3,0,74,7.0,26.9,1005.3,202.2,0,5,0
1989-09,福岡県,福岡市,543.0,2.3,⬇️北,,0,24.3,0,80,7.8,24.4,1010.0,124.8,0,7,0
1989-10,福岡県,福岡市,25.0,2.7,↖️南東,,0,18.3,0,66,4.7,13.9,1016.2,208.6,0,0,0
1989-11,福岡県,福岡市,54.0,3.1,↖️南東,,0,13.7,0,65,6.5,10.7,1021.1,131.8,0,0,0
1989-12,福岡県,福岡市,57.5,2.7,↖️南東,,0,9.6,0,65,5.7,7.9,1020.2,138.7,1,1,0
1990-01,福岡県,福岡市,99.5,3.1,↖️南東,,0,6.0,15,65,7.4,6.4,1022.3,97.8,8,0,0
1990-02,福岡県,福岡市,107.0,2.8,⬇️北,,0,10.2,0,69,7.8,8.7,1020.9,88.7,0,0,0
1990-03,福岡県,福岡市,97.5,3.2,↖️南東,,0,11.4,0,68,5.9,9.4,1017.6,154.8,0,1,0
1990-04,福岡県,福岡市,90.5,3.5,↖️南東,,0,14.8,0,65,6.4,11.1,1012.8,189.6,0,0,0
1990-05,福岡県,福岡市,85.5,2.7,↘️北西,,0,19.3,0,67,7.2,14.9,1011.7,194.4,0,1,0
1990-06,福岡県,福岡市,246.0,2.8,⬇️北,,0,24.2,0,74,7.3,22.3,1007.4,185.4,0,3,0
1990-07,福岡県,福岡市,138.5,2.8,↘️北西,,0,28.3,0,74,6.2,28.4,1006.0,246.6,0,3,0
1990-08,福岡県,福岡市,8.0,2.9,↖️南東,,0,29.6,0,68,4.4,28.1,1005.4,272.4,0,4,0
1990-09,福岡県,福岡市,129.5,3.2,⬇️北,,0,25.4,0,73,6.8,23.5,1010.9,152.0,0,3,0
1990-10,福岡県,福岡市,131.0,2.6,⬇️北,,0,18.7,0,73,6.2,15.9,1015.8,153.6,0,1,0
1990-11,福岡県,福岡市,67.0,2.7,↖️南東,,0,15.2,0,69,5.8,12.1,1018.7,147.7,0,0,0
1990-12,福岡県,福岡市,54.5,3.1,↖️南東,,0,8.7,0,65,6.7,7.4,1020.8,102.7,2,0,1
1991-01,福岡県,福岡市,39.5,3.3,↘️北西,,0,7.0,0,60,7.8,6.2,1020.5,113.1,7,0,0
1991-02,福岡県,福岡市,131.0,3.6,↖️南東,,0,6.1,0,62,7.2,6.1,1018.9,103.5,6,2,0
1991-03,福岡県,福岡市,158.0,2.9,⬇️北,,0,10.4,0,75,7.4,9.6,1017.2,129.5,0,2,1
1991-04,福岡県,福岡市,150.0,2.8,⬇️北,,0,14.6,0,77,7.3,13.0,1013.8,149.5,0,0,1
1991-05,福岡県,福岡市,180.0,2.7,⬇️北,,0,18.3,0,72,7.4,15.2,1011.0,130.9,0,1,0
1991-06,福岡県,福岡市,342.0,2.5,↘️北西,,0,23.5,0,81,9.2,23.2,1006.1,77.8,0,5,1
1991-07,福岡県,福岡市,460.0,3.1,↗️南西,,0,27.4,0,77,8.5,27.7,1005.4,132.3,0,9,0
1991-08,福岡県,福岡市,190.0,3.5,⬇️北,,0,26.2,0,78,6.7,26.6,1004.0,188.6,0,3,0
1991-09,福岡県,福岡市,280.0,3.0,⬇️北,,0,24.4,0,75,6.9,23.0,1009.4,155.2,0,3,0
1991-10,福岡県,福岡市,17.5,3.5,⬇️北,,0,18.3,0,68,5.6,14.4,1013.4,165.4,0,0,0
1991-11,福岡県,福岡市,85.5,2.6,↖️南東,,0,13.1,0,64,5.2,9.6,1021.0,173.2,0,0,0
1991-12,福岡県,福岡市,52.0,2.5,↖️南東,,0,10.0,0,70,6.1,8.8,1020.9,129.1,1,0,0
1992-01,福岡県,福岡市,77.5,2.5,↖️南東,,0,7.8,0,65,6.9,7.0,1020.4,98.5,3,1,0
1992-02,福岡県,福岡市,107.0,3.2,↖️南東,,0,7.6,0,63,6.9,6.9,1018.0,130.1,4,4,0
1992-03,福岡県,福岡市,223.5,2.7,⬇️北,,0,10.8,0,77,8.4,10.0,1017.2,74.7,0,2,0
1992-04,福岡県,福岡市,90.0,2.9,↘️北西,,0,15.4,0,68,5.8,11.8,1010.8,198.2,0,1,0
1992-05,福岡県,福岡市,113.0,3.0,↖️南東,,0,18.9,0,66,6.3,14.2,1009.9,210.6,0,6,0
1992-06,福岡県,福岡市,165.5,2.9,⬇️北,,0,21.4,0,74,7.2,18.8,1006.9,184.2,0,0,0
1992-07,福岡県,福岡市,89.0,2.6,↖️南東,,0,26.5,0,77,7.5,26.3,1007.9,164.4,0,3,0
1992-08,福岡県,福岡市,263.0,3.4,⬇️北,,0,26.7,0,82,8.0,28.4,1005.9,119.9,0,2,1
1992-09,福岡県,福岡市,85.0,3.0,⬇️北,,0,24.6,0,71,6.4,22.1,1010.0,184.4,0,0,0
1992-10,福岡県,福岡市,62.5,2.9,⬇️北,,0,18.5,0,69,5.7,14.7,1016.1,186.2,0,3,0
1992-11,福岡県,福岡市,86.5,2.6,↖️南東,,0,13.2,0,69,6.3,10.7,1020.7,128.2,0,4,0
1992-12,福岡県,福岡市,75.5,2.9,↖️南東,,0,10.0,0,65,7.0,8.3,1021.1,122.6,1,1,0
1993-01,福岡県,福岡市,84.0,2.5,↖️南東,,0,7.5,0,68,7.8,7.3,1019.9,71.8,5,0,0
1993-02,福岡県,福岡市,59.0,3.5,↖️南東,,0,8.3,0,60,6.3,6.8,1018.2,133.2,5,0,0
1993-03,福岡県,福岡市,73.0,3.2,⬇️北,,0,9.8,0,63,6.8,7.9,1017.5,153.4,2,2,0
1993-04,福岡県,福岡市,142.5,3.2,↘️北西,,0,14.6,0,60,5.5,10.5,1014.0,218.0,0,2,0
1993-05,福岡県,福岡市,116.5,2.7,⬇️北,,0,18.8,0,72,7.4,15.6,1010.3,153.2,0,1,1
1993-06,福岡県,福岡市,300.5,2.7,↖️南東,,0,22.9,0,78,8.3,22.0,1005.3,138.9,0,3,0
1993-07,福岡県,福岡市,320.5,2.8,⬇️北,,0,25.1,0,81,8.4,25.8,1004.8,117.0,0,5,0
1993-08,福岡県,福岡市,454.5,2.7,⬇️北,,0,25.2,0,82,7.9,26.2,1005.9,120.0,0,7,0
1993-09,福岡県,福岡市,240.5,2.7,⬇️北,,0,22.6,0,76,7.1,20.8,1011.3,148.3,0,3,0
1993-10,福岡県,福岡市,68.0,2.5,↖️南東,,0,17.7,0,67,5.5,13.6,1017.1,187.6,0,0,0
1993-11,福岡県,福岡市,129.5,2.3,↖️南東,,0,14.4,0,74,7.3,12.5,1020.2,93.0,0,0,0
1993-12,福岡県,福岡市,61.0,3.0,↖️南東,,0,8.9,0,63,6.6,7.4,1021.8,117.9,2,2,0
1994-01,福岡県,福岡市,62.0,2.7,↖️南東,,0,7.1,0,65,7.0,6.7,1018.8,106.0,7,0,0
1994-02,福岡県,福岡市,97.5,3.2,↖️南東,,0,7.2,0,64,7.1,6.5,1015.9,110.8,3,2,0
1994-03,福岡県,福岡市,48.5,3.0,↖️南東,,0,8.9,0,61,6.5,7.2,1018.9,178.3,1,1,0
1994-04,福岡県,福岡市,171.5,2.7,↖️南東,,0,15.8,0,70,7.0,12.6,1012.9,181.1,0,2,0
1994-05,福岡県,福岡市,69.5,3.0,↖️南東,,0,20.5,0,64,5.8,15.4,1008.5,208.4,0,0,0
1994-06,福岡県,福岡市,150.5,2.8,↘️北西,,0,22.3,0,78,8.0,20.9,1006.7,146.4,0,0,0
1994-07,福岡県,福岡市,18.5,2.8,↘️北西,,0,29.6,0,71,4.2,29.0,1005.4,311.4,0,1,0
1994-08,福岡県,福岡市,32.0,3.1,⬇️北,,0,29.8,0,66,4.1,27.3,1009.1,279.3,0,5,0
1994-09,福岡県,福岡市,161.5,3.2,⬇️北,,0,24.6,0,69,5.3,21.2,1008.4,201.4,0,4,0
1994-10,福岡県,福岡市,20.5,2.6,⬇️北,,0,19.7,0,65,5.2,14.9,1016.0,193.5,0,0,0
1994-11,福岡県,福岡市,34.0,1.9,↖️南東,,0,15.2,0,67,4.6,11.6,1021.8,167.8,0,1,0
1994-12,福岡県,福岡市,25.0,2.4,↖️南東,,0,10.1,0,65,7.0,8.2,1022.2,93.7,2,0,0
1995-01,福岡県,福岡市,86.5,3.2,↘️北西,,0,6.9,1,58,7.2,5.9,1020.2,113.3,10,0,0
1995-02,福岡県,福岡市,31.0,2.4,↖️南東,,0,7.1,2,64,6.2,6.4,1019.1,142.3,3,1,0
1995-03,福岡県,福岡市,113.5,2.8,↖️南東,,0,10.1,3,67,6.5,8.5,1015.8,147.8,2,3,0
1995-04,福岡県,福岡市,107.0,2.6,↖️南東,,0,14.4,0,67,6.7,11.3,1013.8,172.1,0,1,0
1995-05,福岡県,福岡市,256.0,2.9,↘️北西,,0,18.4,0,69,6.0,14.5,1010.7,216.9,0,2,0
1995-06,福岡県,福岡市,84.0,2.7,⬇️北,,0,21.7,0,75,7.9,19.4,1005.6,152.7,0,1,0
1995-07,福岡県,福岡市,527.5,2.9,⬆️南,,0,27.4,0,75,6.9,27.0,1008.3,189.1,0,5,0
1995-08,福岡県,福岡市,109.0,2.5,↖️南東,,0,29.3,0,73,6.1,29.6,1010.4,227.4,0,10,0
1995-09,福岡県,福岡市,169.0,3.0,⬇️北,,0,23.5,0,71,7.2,20.9,1010.8,145.4,0,3,0
1995-10,福岡県,福岡市,55.0,2.4,↖️南東,,0,19.2,0,71,5.3,15.8,1016.1,191.6,0,0,0
1995-11,福岡県,福岡市,38.5,2.8,↖️南東,,0,12.3,0,63,5.4,9.0,1017.7,153.7,0,1,0
1995-12,福岡県,福岡市,16.0,3.0,↖️南東,,0,7.4,0,59,6.6,6.2,1021.6,100.2,4,0,0
1996-01,福岡県,福岡市,41.5,2.9,↖️南東,,0,6.5,0,62,6.8,6.2,1020.1,121.2,5,0,1
1996-02,福岡県,福岡市,41.5,3.1,↖️南東,,0,6.1,0,63,7.1,6.2,1020.3,107.3,9,2,1
1996-03,福岡県,福岡市,124.5,3.2,⬇️北,,0,9.9,0,63,7.9,8.0,1015.5,118.4,0,3,0
1996-04,福岡県,福岡市,104.0,2.8,↘️北西,,0,12.5,0,61,6.2,9.1,1015.6,194.4,0,0,0
1996-05,福岡県,福岡市,50.5,2.5,⬇️北,,0,19.4,0,64,6.4,14.2,1011.2,225.7,0,4,0
1996-06,福岡県,福岡市,344.0,2.7,↖️南東,,0,23.9,0,79,8.4,23.3,1006.6,102.2,0,2,0
1996-07,福岡県,福岡市,113.0,3.0,⬇️北,,0,27.1,0,75,7.0,26.7,1007.7,184.9,0,4,0
1996-08,福岡県,福岡市,179.5,2.9,↖️南東,,0,28.2,0,72,6.5,27.5,1006.6,207.9,0,2,0
1996-09,福岡県,福岡市,76.0,2.8,⬇️北,,0,23.8,0,70,6.4,20.7,1010.0,184.9,0,1,0
1996-10,福岡県,福岡市,72.0,2.3,↖️南東,,0,19.0,0,71,5.6,15.8,1015.8,179.9,0,1,0
1996-11,福岡県,福岡市,70.0,2.7,↖️南東,,0,14.2,0,68,7.2,11.6,1018.7,88.4,0,1,0
1996-12,福岡県,福岡市,59.0,2.5,↖️南東,,0,8.6,0,67,5.5,7.6,1019.7,133.7,3,1,0
1997-01,福岡県,福岡市,68.0,3.0,↖️南東,,0,6.2,3,63,6.8,6.0,1018.3,114.2,7,5,1
1997-02,福岡県,福岡市,32.0,2.8,↖️南東,,0,7.7,0,58,6.3,6.3,1019.3,134.3,2,0,0
1997-03,福岡県,福岡市,91.5,3.0,⬇️北,,0,11.3,0,64,6.2,8.7,1018.3,164.6,0,1,0
1997-04,福岡県,福岡市,142.5,2.7,⬇️北,,0,15.3,0,66,6.2,11.4,1014.5,196.1,0,4,0
1997-05,福岡県,福岡市,181.5,2.6,↖️南東,,0,20.4,0,67,6.7,16.1,1008.2,191.9,0,7,1
1997-06,福岡県,福岡市,190.0,2.6,⬇️北,,0,23.6,0,71,7.3,20.7,1006.7,185.4,0,2,0
1997-07,福岡県,福岡市,529.5,2.9,⬇️北,,0,26.6,0,75,7.1,25.6,1006.7,169.7,0,3,0
1997-08,福岡県,福岡市,322.5,3.0,↖️南東,,0,28.0,0,73,6.6,27.4,1007.6,205.0,0,5,0
1997-09,福岡県,福岡市,216.0,3.3,⬇️北,,0,23.3,0,72,6.7,20.9,1010.6,156.2,0,1,0
1997-10,福岡県,福岡市,33.5,2.6,↖️南東,,0,18.6,0,60,4.0,13.1,1015.8,227.6,0,3,0
1997-11,福岡県,福岡市,180.0,2.6,↖️南東,,0,14.9,0,67,6.3,11.7,1018.7,131.0,0,4,0
1997-12,福岡県,福岡市,96.0,2.6,↖️南東,,0,9.5,0,65,7.1,7.9,1021.2,98.6,4,1,0
1998-01,福岡県,福岡市,208.0,2.9,↖️南東,,0,6.6,0,67,8.5,6.7,1020.0,61.7,4,2,0
1998-02,福岡県,福岡市,68.0,2.9,⬇️北,,0,9.4,0,65,7.0,7.9,1018.0,108.2,1,1,1
1998-03,福岡県,福岡市,93.0,2.8,↖️南東,,0,10.9,0,64,7.2,8.4,1017.8,159.2,0,1,0
1998-04,福岡県,福岡市,201.0,2.7,⬇️北,,0,17.6,0,75,6.9,15.3,1013.8,147.6,0,3,1
1998-05,福岡県,福岡市,268.5,2.4,⬇️北,,0,21.1,0,72,7.4,17.8,1011.9,161.4,0,1,0
1998-06,福岡県,福岡市,401.0,2.7,⬇️北,,0,22.9,0,78,8.8,22.1,1007.1,116.5,0,2,0
1998-07,福岡県,福岡市,154.5,2.9,⬇️北,,0,27.6,0,75,7.6,27.6,1005.1,181.4,0,9,0
1998-08,福岡県,福岡市,175.0,2.8,↖️南東,,0,29.2,0,71,6.2,28.5,1007.6,198.5,0,5,0
1998-09,福岡県,福岡市,90.5,2.9,⬇️北,,0,25.7,0,73,6.7,24.0,1009.0,174.2,0,1,0
1998-10,福岡県,福岡市,139.5,2.4,⬇️北,,0,20.8,0,74,6.6,18.3,1014.4,131.5,0,0,0
1998-11,福岡県,福岡市,43.5,2.5,↖️南東,,0,14.3,0,66,6.0,10.9,1017.9,148.9,0,2,0
1998-12,福岡県,福岡市,23.0,2.4,↖️南東,,0,10.6,0,62,5.2,8.0,1021.6,176.3,0,0,0
1999-01,福岡県,福岡市,42.0,2.8,↖️南東,,0,7.3,0,58,6.6,6.0,1018.9,120.2,4,0,0
1999-02,福岡県,福岡市,51.5,2.9,↖️南東,,0,7.2,10,59,6.5,6.0,1019.5,127.6,8,1,0
1999-03,福岡県,福岡市,65.0,3.1,⬇️北,,0,11.3,0,69,7.9,9.4,1014.3,89.5,1,0,0
1999-04,福岡県,福岡市,101.0,3.2,⬇️北,,0,14.8,0,69,7.1,11.7,1012.6,141.1,0,1,0
1999-05,福岡県,福岡市,128.5,2.7,↘️北西,,0,19.7,0,64,5.8,14.5,1010.2,243.2,0,1,0
1999-06,福岡県,福岡市,464.0,2.6,↘️北西,,0,23.2,0,75,7.8,21.1,1006.9,139.3,0,3,0
1999-07,福岡県,福岡市,247.0,2.7,⬇️北,,0,25.3,0,77,8.7,24.6,1004.8,110.5,0,3,0
1999-08,福岡県,福岡市,194.5,2.8,↖️南東,,0,27.6,0,74,8.0,27.1,1006.0,128.7,0,9,0
1999-09,福岡県,福岡市,185.0,2.5,↖️南東,,0,26.2,0,77,7.7,26.1,1009.1,121.0,0,3,0
1999-10,福岡県,福岡市,60.5,2.4,↖️南東,,0,19.9,0,66,5.3,15.6,1016.2,177.5,0,3,0
1999-11,福岡県,福岡市,100.5,2.5,↖️南東,,0,13.8,0,67,6.6,10.7,1018.5,128.4,0,0,0
1999-12,福岡県,福岡市,22.0,2.8,↖️南東,,0,8.6,0,60,5.6,6.8,1022.3,144.8,4,1,0
2000-01,福岡県,福岡市,71.0,2.6,↖️南東,,0,7.7,0,67,7.5,7.2,1020.6,100.0,7,0,0
2000-02,福岡県,福岡市,27.0,3.1,↘️北西,,0,6.1,0,56,7.1,5.3,1018.4,140.6,7,0,0
2000-03,福岡県,福岡市,103.5,3.2,↖️南東,,0,10.4,0,58,5.0,7.3,1015.7,213.0,0,1,0
2000-04,福岡県,福岡市,82.5,3.0,↖️南東,,0,15.1,0,59,6.0,10.1,1011.3,202.2,0,0,0
2000-05,福岡県,福岡市,101.0,2.5,↖️南東,,0,19.4,0,66,5.3,14.8,1009.5,217.9,0,1,0
2000-06,福岡県,福岡市,250.5,2.4,⬇️北,,0,23.0,0,74,8.0,20.6,1006.4,132.3,0,2,0
2000-07,福岡県,福岡市,149.5,2.9,↘️北西,,0,28.2,0,68,6.5,25.9,1005.5,227.1,0,5,0
2000-08,福岡県,福岡市,100.0,2.8,↖️南東,,0,28.6,0,69,5.7,26.5,1007.6,214.2,0,8,0
2000-09,福岡県,福岡市,197.5,2.8,⬇️北,,0,24.4,0,71,6.5,21.7,1009.0,160.5,0,6,0
2000-10,福岡県,福岡市,86.5,2.4,⬇️北,,0,19.7,0,71,7.1,16.5,1015.3,120.7,0,1,0
2000-11,福岡県,福岡市,143.0,2.4,⬇️北,,0,14.5,0,68,5.6,11.5,1019.1,129.1,0,0,0
2000-12,福岡県,福岡市,32.0,2.4,↖️南東,,0,9.6,0,62,5.2,7.5,1020.0,151.7,0,1,0
2001-01,福岡県,福岡市,134.5,3.1,↖️南東,,0,6.2,5,63,7.6,6.1,1018.6,84.1,5,1,0
2001-02,福岡県,福岡市,94.0,2.7,↘️北西,,0,7.7,0,64,6.9,6.9,1019.5,113.9,1,1,0
2001-03,福岡県,福岡市,84.5,3.1,↘️北西,,0,10.9,0,59,6.6,7.9,1013.1,156.8,6,4,0
2001-04,福岡県,福岡市,53.5,2.6,⬇️北,,0,15.3,0,63,5.5,11.0,1013.6,192.9,0,0,0
2001-05,福岡県,福岡市,117.5,2.7,⬇️北,,0,20.1,0,66,7.1,15.4,1008.6,169.8,0,0,0
2001-06,福岡県,福岡市,490.5,2.6,⬇️北,,0,23.6,0,73,8.5,21.2,1006.4,125.5,0,6,0
2001-07,福岡県,福岡市,311.0,2.5,↘️北西,,0,27.8,0,72,5.5,26.8,1007.2,222.4,0,8,0
2001-08,福岡県,福岡市,78.0,3.0,⬇️北,,0,28.5,0,67,6.0,26.0,1006.7,225.1,0,7,0
2001-09,福岡県,福岡市,211.0,3.0,⬇️北,,0,24.0,0,70,6.1,20.9,1010.0,185.4,0,3,0
2001-10,福岡県,福岡市,148.0,2.5,⬇️北,,0,19.8,0,67,5.7,15.5,1015.1,171.7,0,0,0
2001-11,福岡県,福岡市,145.0,2.3,↖️南東,,0,13.2,0,64,5.5,9.7,1018.1,147.7,0,3,0
2001-12,福岡県,福岡市,75.0,2.5,↖️南東,,0,8.3,0,63,6.8,6.9,1022.5,115.3,4,1,0
2002-01,福岡県,福岡市,95.5,3.3,➡️西,,0,7.9,0,60,6.9,6.7,1017.6,112.7,7,2,0
2002-02,福岡県,福岡市,40.5,2.6,↖️南東,,0,8.4,0,60,6.2,6.7,1020.4,148.1,3,0,0
2002-03,福岡県,福岡市,125.5,2.9,↖️南東,,0,12.5,0,58,5.3,8.5,1015.6,201.6,0,0,0
2002-04,福岡県,福岡市,102.0,3.1,↖️南東,,0,16.6,0,61,7.3,11.7,1014.1,139.5,0,3,1
2002-05,福岡県,福岡市,255.5,2.5,⬇️北,,0,19.3,0,71,7.2,15.7,1009.9,145.9,0,3,2
2002-06,福岡県,福岡市,103.5,2.7,⬇️北,,0,23.6,0,68,6.2,19.6,1006.1,210.8,0,2,0
2002-07,福岡県,福岡市,109.5,3.0,⬇️北,,0,27.9,0,70,7.3,26.2,1004.1,156.3,0,2,0
2002-08,福岡県,福岡市,108.5,3.5,⬇️北,,0,27.8,0,67,7.0,24.9,1006.9,189.1,0,3,0
2002-09,福岡県,福岡市,186.0,3.2,⬇️北,,0,24.4,0,67,5.8,20.6,1011.2,201.5,0,1,0
2002-10,福岡県,福岡市,109.5,2.4,↖️南東,,0,18.8,0,63,5.3,14.0,1014.9,171.2,0,2,0
2002-11,福岡県,福岡市,37.0,2.8,↖️南東,,0,11.5,0,57,5.9,7.8,1018.5,145.3,0,5,0
2002-12,福岡県,福岡市,98.5,2.7,↘️北西,,0,9.1,0,64,7.5,7.7,1020.8,79.5,7,0,0
2003-01,福岡県,福岡市,50.0,3.0,↖️南東,,0,5.9,2,60,7.8,5.7,1019.4,86.9,10,2,0
2003-02,福岡県,福岡市,74.5,2.6,⬇️北,,0,8.3,0,64,7.0,7.1,1018.6,123.2,2,3,0
2003-03,福岡県,福岡市,103.0,3.2,⬇️北,,0,9.9,0,63,6.9,7.8,1017.6,146.1,5,0,0
2003-04,福岡県,福岡市,144.5,3.0,⬇️北,,0,16.1,0,65,6.8,12.0,1013.2,147.1,0,2,0
2003-05,福岡県,福岡市,110.5,3.0,⬇️北,,0,20.0,0,68,6.6,15.8,1009.9,176.3,0,0,0
2003-06,福岡県,福岡市,200.5,2.5,↖️南東,,0,23.2,0,70,7.8,19.8,1005.7,149.2,0,0,0
2003-07,福岡県,福岡市,444.5,2.9,⬇️北,,0,25.5,0,75,8.8,24.4,1006.6,100.8,0,6,0
2003-08,福岡県,福岡市,232.0,2.4,⬇️北,,0,27.2,0,74,7.1,26.5,1007.3,163.4,0,5,0
2003-09,福岡県,福岡市,69.5,2.9,⬇️北,,0,25.6,0,67,5.2,22.1,1011.1,216.4,0,3,0
2003-10,福岡県,福岡市,11.0,2.6,↖️南東,,0,18.8,0,58,4.7,12.7,1015.2,230.8,0,0,0
2003-11,福岡県,福岡市,124.5,2.3,↖️南東,,0,16.1,0,70,6.8,13.1,1018.2,111.1,0,0,0
2003-12,福岡県,福岡市,36.0,2.9,↖️南東,,0,9.3,0,57,6.4,6.9,1020.0,107.0,4,0,0
2004-01,福岡県,福岡市,55.0,2.6,↖️南東,,0,6.1,3,59,6.7,5.5,1019.8,128.7,9,2,0
2004-02,福岡県,福岡市,66.0,2.9,↘️北西,,0,9.0,0,54,5.8,6.4,1017.9,152.2,5,2,0
2004-03,福岡県,福岡市,97.0,3.0,⬇️北,,0,10.9,0,55,6.2,7.4,1017.2,178.0,3,2,0
2004-04,福岡県,福岡市,68.5,2.9,⬇️北,,0,16.2,0,58,5.3,10.6,1012.1,222.5,0,0,0
2004-05,福岡県,福岡市,268.5,2.5,⬆️南,,0,20.5,0,67,7.3,16.1,1009.2,162.9,0,0,1
2004-06,福岡県,福岡市,225.0,2.6,⬇️北,,0,24.0,0,67,7.5,19.8,1007.7,193.2,0,1,0
2004-07,福岡県,福岡市,53.0,2.9,⬇️北,,0,28.7,0,66,6.5,25.9,1007.2,218.2,0,6,0
2004-08,福岡県,福岡市,154.5,3.0,⬇️北,,0,28.6,0,69,6.7,26.7,1005.1,200.9,0,4,0
2004-09,福岡県,福岡市,304.5,2.6,↖️南東,,0,24.6,0,76,8.0,23.3,1011.5,108.9,0,6,0
2004-10,福岡県,福岡市,256.5,3.2,⬇️北,,0,19.0,0,69,5.7,15.2,1015.6,168.5,0,0,0
2004-11,福岡県,福岡市,58.5,2.0,↖️南東,,0,15.1,0,66,4.9,11.3,1019.9,183.6,0,0,0
2004-12,福岡県,福岡市,134.5,2.1,↖️南東,,0,10.7,2,66,5.9,8.5,1020.1,144.1,2,1,0
2005-01,福岡県,福岡市,47.0,3.0,↖️南東,,0,6.4,0,59,8.0,5.8,1018.1,77.3,12,2,0
2005-02,福岡県,福岡市,91.0,2.9,↘️北西,,0,6.1,0,63,7.6,6.2,1019.2,85.1,7,0,0
2005-03,福岡県,福岡市,93.0,2.9,↖️南東,,0,9.6,4,61,6.5,7.6,1017.0,154.0,5,2,0
2005-04,福岡県,福岡市,36.0,2.9,⬇️北,,0,16.7,0,56,5.3,10.8,1014.1,229.3,0,2,1
2005-05,福岡県,福岡市,62.5,2.8,⬇️北,,0,19.4,0,63,6.4,14.0,1009.3,255.7,0,1,1
2005-06,福岡県,福岡市,15.0,2.7,⬇️北,,0,24.8,0,66,7.3,20.4,1005.4,183.2,0,0,0
2005-07,福岡県,福岡市,301.0,2.7,⬇️北,,0,27.6,0,73,7.3,26.7,1006.1,137.9,0,7,0
2005-08,福岡県,福岡市,73.5,2.5,⬆️南,,0,28.4,0,68,7.0,26.2,1007.7,186.2,0,4,0
2005-09,福岡県,福岡市,115.0,3.0,⬇️北,,0,26.0,0,72,6.6,24.1,1011.6,173.2,0,1,0
2005-10,福岡県,福岡市,18.5,2.6,⬇️北,,0,20.5,0,65,6.4,15.9,1016.0,155.9,0,1,0
2005-11,福岡県,福岡市,109.0,2.4,↖️南東,,0,14.4,0,64,6.0,10.6,1017.7,146.8,0,3,0
2005-12,福岡県,福岡市,58.5,3.5,↘️北西,,0,6.0,0,58,7.5,5.5,1020.2,90.0,14,3,0
2006-01,福岡県,福岡市,46.0,2.3,↖️南東,,0,6.9,0,64,7.4,6.6,1020.5,106.5,3,0,1
2006-02,福岡県,福岡市,93.0,3.0,↘️北西,,0,7.7,0,63,7.6,6.9,1021.3,114.0,5,1,0
2006-03,福岡県,福岡市,102.0,2.9,↖️南東,,0,10.1,0,61,6.3,7.8,1014.6,160.3,3,2,0
2006-04,福岡県,福岡市,199.5,3.2,↖️南東,,0,14.6,0,63,6.4,10.3,1010.3,167.4,0,1,0
2006-05,福岡県,福岡市,183.5,2.8,⬇️北,,0,19.2,0,73,7.9,16.1,1011.1,135.3,0,0,1
2006-06,福岡県,福岡市,320.0,2.3,⬇️北,,0,23.2,0,74,8.0,21.1,1006.6,147.1,0,3,0
2006-07,福岡県,福岡市,405.5,2.4,⬇️北,,0,27.3,0,75,7.7,26.8,1006.2,129.9,0,7,0
2006-08,福岡県,福岡市,256.0,2.7,⬇️北,,0,29.0,0,72,5.9,28.6,1005.9,237.4,0,11,0
2006-09,福岡県,福岡市,236.5,3.0,⬇️北,,0,23.3,0,74,6.8,21.2,1010.0,168.2,0,4,0
2006-10,福岡県,福岡市,28.0,2.8,⬇️北,,0,20.6,0,68,4.4,16.3,1015.5,214.8,0,0,0
2006-11,福岡県,福岡市,107.0,2.5,↖️南東,,0,15.0,0,65,6.5,11.1,1016.4,136.0,0,6,0
2006-12,福岡県,福岡市,41.0,2.5,↖️南東,,0,9.5,0,64,6.9,7.8,1022.2,112.1,3,2,0
2007-01,福岡県,福岡市,47.5,2.2,↖️南東,,0,7.6,0,61,7.8,6.4,1022.1,94.2,4,1,0
2007-02,福岡県,福岡市,61.5,2.6,↖️南東,,0,9.8,0,63,5.2,7.8,1017.9,148.9,2,1,0
2007-03,福岡県,福岡市,81.5,2.9,↖️南東,,0,11.3,0,57,6.4,8.0,1016.5,171.7,2,2,0
2007-04,福岡県,福岡市,74.5,2.9,⬇️北,,0,15.1,0,57,6.3,9.8,1014.5,196.3,0,3,0
2007-05,福岡県,福岡市,64.5,3.0,⬇️北,,0,20.4,0,60,5.9,14.1,1008.0,243.0,0,2,0
2007-06,福岡県,福岡市,40.5,2.5,⬇️北,,0,23.8,0,71,8.0,20.7,1007.2,132.7,0,3,0
2007-07,福岡県,福岡市,381.0,2.6,↘️北西,,0,26.3,0,74,7.0,25.1,1003.5,145.1,0,5,0
2007-08,福岡県,福岡市,178.5,2.8,↖️南東,,0,29.4,0,66,6.4,26.7,1008.6,221.5,0,10,0
2007-09,福岡県,福岡市,72.0,2.7,⬇️北,,0,27.0,0,69,6.5,24.6,1009.3,179.5,0,4,0
2007-10,福岡県,福岡市,88.0,2.5,⬇️北,,0,20.9,0,63,5.2,15.8,1015.6,192.1,0,0,0
2007-11,福岡県,福岡市,13.0,2.4,↘️北西,,0,14.1,0,58,5.7,9.4,1019.2,161.5,0,0,0
2007-12,福岡県,福岡市,92.5,2.7,↖️南東,,0,9.8,0,60,7.3,7.4,1018.4,100.2,2,1,0
2008-01,福岡県,福岡市,70.0,2.6,↖️南東,,0,7.5,0,62,7.1,6.6,1020.3,101.9,1,0,0
2008-02,福岡県,福岡市,52.0,3.1,↘️北西,,0,6.3,0,52,6.5,5.0,1020.4,146.0,5,1,0
2008-03,福岡県,福岡市,162.0,2.9,⬇️北,,0,10.7,0,64,5.7,8.2,1015.8,176.7,2,4,0
2008-04,福岡県,福岡市,120.0,2.9,⬇️北,,0,15.0,0,65,6.6,11.0,1013.4,184.3,0,0,0
2008-05,福岡県,福岡市,163.5,2.6,⬇️北,,0,19.4,0,64,6.4,14.3,1008.6,220.1,0,2,0
2008-06,福岡県,福岡市,386.0,2.5,⬇️北,,0,22.2,0,76,8.8,20.2,1007.4,86.7,0,3,1
2008-07,福岡県,福岡市,48.0,2.4,↘️北西,,0,29.0,0,68,6.2,26.9,1007.2,223.7,0,4,0
2008-08,福岡県,福岡市,419.0,2.7,⬇️北,,0,27.6,0,71,7.1,26.0,1006.0,161.7,0,10,0
2008-09,福岡県,福岡市,174.0,2.5,⬇️北,,0,25.0,0,74,8.0,23.4,1010.1,134.1,0,5,0
2008-10,福岡県,福岡市,16.5,2.2,↖️南東,,0,20.3,0,64,6.3,15.2,1015.9,175.4,0,0,0
2008-11,福岡県,福岡市,91.0,2.1,↖️南東,,0,13.4,0,64,7.5,10.0,1018.6,107.5,1,2,0
2008-12,福岡県,福岡市,78.5,2.6,↖️南東,,0,9.1,0,62,6.3,7.3,1020.2,122.1,3,1,0
2009-01,福岡県,福岡市,62.5,2.5,↖️南東,,0,6.4,6,63,7.8,6.1,1020.7,77.8,10,1,0
2009-02,福岡県,福岡市,86.0,2.5,↖️南東,,0,9.8,0,66,6.2,8.2,1016.6,107.7,1,0,0
2009-03,福岡県,福岡市,46.0,2.9,↖️南東,,0,11.7,0,57,6.6,8.0,1016.4,169.5,1,0,0
2009-04,福岡県,福岡市,99.5,2.7,↘️北西,,0,15.6,0,57,5.0,10.1,1013.6,224.4,0,1,0
2009-05,福岡県,福岡市,45.5,2.9,⬇️北,,0,19.9,0,60,6.4,13.6,1010.8,203.7,0,1,0
2009-06,福岡県,福岡市,219.0,2.5,⬇️北,,0,23.6,0,68,7.9,19.7,1005.0,168.4,0,0,0
2009-07,福岡県,福岡市,619.5,2.8,⬆️南,,0,26.8,0,72,8.9,25.2,1005.4,87.1,0,7,0
2009-08,福岡県,福岡市,94.0,2.5,↘️北西,,0,27.6,0,70,7.0,25.8,1006.7,188.2,0,3,0
2009-09,福岡県,福岡市,83.5,2.4,⬇️北,,0,24.4,0,69,5.5,20.8,1010.6,203.9,0,0,0
2009-10,福岡県,福岡市,105.0,2.3,⬇️北,,0,19.7,0,61,5.7,13.9,1014.0,173.3,0,0,0
2009-11,福岡県,福岡市,181.5,2.4,↖️南東,,0,13.7,0,66,6.8,10.6,1019.2,108.4,0,0,0
2009-12,福岡県,福岡市,50.0,2.6,↘️北西,,0,8.9,0,62,7.3,7.4,1018.3,94.6,7,0,0
2010-01,福岡県,福岡市,50.5,2.5,↘️北西,,0,6.6,2,61,6.6,6.1,1020.4,133.4,9,0,0
2010-02,福岡県,福岡市,70.0,3.0,⬇️北,,0,9.4,0,62,7.3,7.7,1017.6,114.1,1,0,1
2010-03,福岡県,福岡市,155.0,3.5,⬇️北,,0,10.9,0,64,7.6,8.5,1017.3,111.2,2,1,0
2010-04,福岡県,福岡市,199.5,3.2,⬇️北,,0,13.8,0,62,7.5,9.9,1015.9,154.3,0,0,0
2010-05,福岡県,福岡市,105.0,3.0,⬇️北,,0,19.2,0,64,6.7,14.2,1010.1,197.1,0,0,1
2010-06,福岡県,福岡市,203.0,2.3,↖️南東,,0,23.5,0,73,8.2,21.2,1008.3,145.0,0,1,0
2010-07,福岡県,福岡市,453.5,2.5,⬇️北,,0,27.7,0,73,7.3,26.7,1007.9,160.9,0,2,0
2010-08,福岡県,福岡市,69.5,2.9,↖️南東,,0,30.3,0,65,5.8,28.0,1010.3,229.7,0,7,0
2010-09,福岡県,福岡市,138.5,2.8,⬇️北,,0,26.3,0,67,6.1,23.0,1011.4,185.0,0,5,0
2010-10,福岡県,福岡市,78.5,2.7,⬇️北,,0,20.0,0,65,7.4,15.3,1014.8,126.8,0,1,0
2010-11,福岡県,福岡市,58.0,2.5,↖️南東,,0,13.2,0,60,5.5,9.1,1018.6,169.2,0,2,0
2010-12,福岡県,福岡市,148.0,3.3,↘️北西,,0,8.8,1,64,7.0,7.4,1014.0,106.4,7,6,0
2011-01,福岡県,福岡市,106.0,3.2,↘️北西,,0,3.8,0,59,8.2,4.8,1021.3,89.7,13,1,0
2011-02,福岡県,福岡市,48.0,2.7,⬇️北,,0,8.2,0,65,6.5,7.2,1017.9,130.8,2,2,0
2011-03,福岡県,福岡市,60.0,3.1,↘️北西,,0,8.8,0,56,5.8,6.5,1018.7,185.0,2,1,0
2011-04,福岡県,福岡市,37.5,3.4,⬇️北,,0,14.7,0,59,5.4,9.9,1013.5,224.5,0,0,0
2011-05,福岡県,福岡市,277.5,2.9,⬇️北,,0,19.8,0,73,7.9,16.8,1010.0,156.3,0,0,2
2011-06,福岡県,福岡市,409.0,2.5,↖️南東,,0,23.9,0,80,9.0,23.6,1006.8,107.6,0,4,1
2011-07,福岡県,福岡市,172.0,3.3,⬇️北,,0,27.9,0,73,7.8,27.2,1005.6,201.3,0,7,0
2011-08,福岡県,福岡市,322.0,2.9,↖️南東,,0,28.5,0,74,7.6,28.3,1007.4,177.4,0,10,0
2011-09,福岡県,福岡市,85.5,3.9,⬇️北,,0,25.2,0,73,6.5,23.5,1008.6,177.4,0,2,0
2011-10,福岡県,福岡市,127.0,2.5,⬇️北,,0,19.7,0,70,6.6,16.0,1016.4,157.6,0,1,0
2011-11,福岡県,福岡市,166.5,2.5,↖️南東,,0,16.3,0,69,6.9,13.3,1019.5,115.7,0,0,0
2011-12,福岡県,福岡市,38.0,3.0,↘️北西,,0,8.5,0,60,7.7,6.9,1022.1,96.6,5,1,0
2012-01,福岡県,福岡市,29.5,2.9,↖️南東,,0,6.3,0,60,7.8,5.8,1020.6,98.7,7,0,0
2012-02,福岡県,福岡市,155.0,2.9,↖️南東,,0,5.7,11,68,8.6,6.5,1019.0,75.6,12,0,0
2012-03,福岡県,福岡市,125.0,3.1,⬇️北,,0,10.7,0,64,6.6,8.3,1016.5,153.8,0,0,0
2012-04,福岡県,福岡市,74.5,3.2,⬇️北,,0,16.2,0,61,5.9,11.4,1012.6,211.1,0,2,0
2012-05,福岡県,福岡市,43.5,3.0,⬇️北,,0,20.1,0,68,6.9,15.7,1009.5,184.5,0,0,0
2012-06,福岡県,福岡市,288.5,2.7,⬇️北,,0,23.1,0,78,9.0,21.7,1005.4,105.8,0,2,0
2012-07,福岡県,福岡市,464.0,2.7,⬇️北,,0,28.0,0,76,8.0,28.6,1005.9,175.2,0,10,0
2012-08,福岡県,福岡市,188.5,2.9,↖️南東,,0,29.1,0,70,6.6,27.8,1007.6,196.7,0,8,0
2012-09,福岡県,福岡市,129.0,2.8,⬇️北,,0,24.5,0,74,7.0,23.0,1011.0,159.4,0,7,0
2012-10,福岡県,福岡市,47.5,3.0,⬇️北,,0,19.2,0,65,5.1,14.4,1015.1,204.3,0,1,0
2012-11,福岡県,福岡市,125.0,3.0,↖️南東,,0,12.9,0,61,6.7,9.1,1016.3,135.5,0,2,0
2012-12,福岡県,福岡市,98.5,3.2,↘️北西,,0,7.6,0,63,7.6,6.8,1019.4,98.4,6,1,0
2013-01,福岡県,福岡市,57.5,2.8,↖️南東,,0,6.1,4,62,7.2,5.9,1021.7,125.6,8,1,0
2013-02,福岡県,福岡市,81.5,2.8,↖️南東,,0,7.8,1,63,7.0,6.8,1020.5,136.9,2,0,0
2013-03,福岡県,福岡市,56.5,3.2,⬇️北,,0,12.3,0,64,5.9,9.2,1015.1,178.6,0,0,0
2013-04,福岡県,福岡市,108.0,3.4,⬇️北,,0,14.7,0,60,6.3,10.1,1011.8,209.1,0,3,0
2013-05,福岡県,福岡市,37.0,2.9,⬇️北,,0,20.3,0,64,5.8,15.2,1010.6,250.6,0,0,0
2013-06,福岡県,福岡市,268.5,2.4,⬇️北,,0,23.7,0,80,8.8,23.3,1006.2,97.6,0,0,1
2013-07,福岡県,福岡市,134.0,3.2,↗️南西,,0,30.0,0,66,6.5,27.7,1007.2,215.8,0,4,0
2013-08,福岡県,福岡市,501.5,2.6,↖️南東,,0,30.0,0,72,5.5,29.9,1006.4,246.2,0,8,0
2013-09,福岡県,福岡市,133.0,3.0,⬇️北,,0,25.2,0,71,4.9,22.5,1011.6,209.0,0,1,0
2013-10,福岡県,福岡市,227.5,3.3,⬇️北,,0,20.7,0,69,6.2,17.3,1015.3,172.2,0,1,0
2013-11,福岡県,福岡市,119.5,2.9,↖️南東,,0,13.4,0,63,6.7,9.9,1017.7,112.1,1,3,0
2013-12,福岡県,福岡市,77.0,2.9,↖️南東,,0,8.1,0,63,7.2,6.8,1018.4,104.8,5,2,0
2014-01,福岡県,福岡市,57.5,2.7,⬆️南,,0,7.5,0,62,6.0,6.5,1021.2,146.3,4,1,0
2014-02,福岡県,福岡市,83.0,3.0,⬇️北,,0,7.6,0,68,7.5,7.4,1019.8,105.2,3,0,0
2014-03,福岡県,福岡市,102.5,3.4,⬇️北,,0,11.5,0,66,6.5,9.3,1017.5,175.1,0,2,0
2014-04,福岡県,福岡市,61.0,2.6,↖️南東,,0,15.6,0,63,6.2,11.1,1014.7,179.9,0,0,0
2014-05,福岡県,福岡市,94.0,2.9,⬇️北,,0,20.5,0,59,6.1,14.2,1010.4,280.7,0,0,0
2014-06,福岡県,福岡市,101.0,2.7,⬇️北,,0,22.6,0,79,9.0,21.4,1004.5,107.9,0,0,0
2014-07,福岡県,福岡市,373.0,2.6,⬇️北,,0,27.1,0,79,8.2,27.9,1006.5,148.0,0,6,0
2014-08,福岡県,福岡市,462.5,2.9,⬇️北,,0,26.5,0,85,9.2,29.2,1006.3,79.7,0,6,0
2014-09,福岡県,福岡市,107.0,2.7,⬇️北,,0,24.2,0,75,7.0,22.4,1010.4,159.5,0,2,0
2014-10,福岡県,福岡市,144.5,3.4,⬇️北,,0,19.7,0,69,5.4,15.9,1015.5,183.6,0,1,0
2014-11,福岡県,福岡市,106.0,2.4,↖️南東,,0,14.7,0,69,6.2,11.7,1018.1,138.0,0,1,0
2014-12,福岡県,福岡市,73.5,3.5,↘️北西,,0,7.6,0,58,7.6,6.1,1020.4,105.9,9,1,0
2015-01,福岡県,福岡市,83.5,3.3,↖️南東,,0,7.9,1,62,7.4,6.7,1020.0,112.2,2,1,0
2015-02,福岡県,福岡市,42.5,2.9,↖️南東,,0,7.6,0,62,7.3,6.5,1019.0,114.3,2,1,0
2015-03,福岡県,福岡市,94.5,2.9,⬇️北,,0,11.1,0,61,6.1,8.3,1018.6,193.7,1,0,0
2015-04,福岡県,福岡市,239.5,3.2,⬇️北,,0,16.2,0,70,7.6,12.8,1014.0,161.9,0,6,0
2015-05,福岡県,福岡市,120.5,2.7,⬇️北,,0,20.7,0,68,6.5,16.5,1008.6,230.5,0,1,0
2015-06,福岡県,福岡市,222.5,2.6,⬇️北,,0,22.6,0,80,8.8,22.0,1005.7,124.6,0,0,0
2015-07,福岡県,福岡市,266.0,2.7,⬇️北,,0,26.0,0,82,7.7,27.2,1006.2,149.2,0,4,0
2015-08,福岡県,福岡市,319.5,2.5,↖️南東,,0,27.4,0,78,6.4,28.1,1006.5,203.5,0,2,0
2015-09,福岡県,福岡市,146.0,3.2,⬇️北,,0,23.2,0,78,7.4,22.1,1010.5,158.1,0,2,0
2015-10,福岡県,福岡市,83.0,2.6,⬇️北,,0,18.9,0,67,3.9,14.6,1016.2,231.2,0,1,0
2015-11,福岡県,福岡市,140.5,2.5,↖️南東,,0,16.0,0,76,8.1,14.1,1019.6,101.8,0,0,0
2015-12,福岡県,福岡市,109.5,2.4,↖️南東,,0,10.3,0,72,7.4,9.2,1021.4,91.0,1,0,0
2016-01,福岡県,福岡市,92.0,2.7,↘️北西,,0,7.0,3,71,8.4,7.3,1020.4,59.3,9,0,1
2016-02,福岡県,福岡市,98.5,3.0,↖️南東,,0,7.9,0,65,7.7,7.1,1021.5,106.6,5,1,0
2016-03,福岡県,福岡市,77.5,3.0,⬇️北,,0,11.5,0,67,6.4,9.3,1018.9,160.4,2,0,0
2016-04,福岡県,福岡市,196.0,2.8,⬇️北,,0,16.8,0,74,8.1,14.2,1011.9,160.2,0,2,0
2016-05,福岡県,福岡市,191.5,2.7,⬇️北,,0,20.8,0,70,7.2,16.9,1010.6,224.9,0,0,0
2016-06,福岡県,福岡市,394.5,2.5,⬇️北,,0,23.6,0,81,8.5,23.5,1006.7,137.7,0,3,0
2016-07,福岡県,福岡市,179.5,2.8,⬇️北,,0,28.3,0,76,7.7,29.1,1007.6,230.0,0,4,0
2016-08,福岡県,福岡市,128.0,3.2,⬇️北,,0,29.3,0,72,4.9,29.2,1003.3,285.0,0,4,0
2016-09,福岡県,福岡市,608.5,2.5,⬇️北,,0,25.1,0,84,8.9,26.5,1009.8,102.8,0,3,0
2016-10,福岡県,福岡市,181.0,2.5,⬇️北,,0,21.3,0,77,8.0,19.9,1015.1,113.0,0,1,0
2016-11,福岡県,福岡市,132.5,2.6,↖️南東,,0,14.5,0,73,6.6,12.3,1018.9,126.5,0,1,0
2016-12,福岡県,福岡市,141.0,2.6,↖️南東,,0,10.5,0,70,7.0,9.1,1020.7,125.1,2,1,0
2017-01,福岡県,福岡市,69.5,2.9,↖️南東,,0,7.4,2,66,7.0,6.9,1020.7,139.5,5,0,0
2017-02,福岡県,福岡市,49.5,3.3,↖️南東,,0,8.3,1,60,5.9,6.7,1019.4,152.7,4,0,0
2017-03,福岡県,福岡市,46.0,2.9,⬇️北,,0,10.5,0,61,7.2,7.7,1016.5,169.2,1,3,0
2017-04,福岡県,福岡市,192.5,2.8,⬇️北,,0,16.5,0,69,6.1,12.8,1011.9,198.0,0,3,1
2017-05,福岡県,福岡市,81.0,2.6,⬇️北,,0,21.0,0,65,6.4,15.9,1011.3,253.9,0,2,0
2017-06,福岡県,福岡市,173.0,2.6,⬇️北,,0,23.1,0,72,8.0,20.5,1007.2,194.3,0,3,0
2017-07,福岡県,福岡市,146.0,2.7,⬇️北,,0,29.4,0,77,8.2,31.2,1007.7,207.5,0,6,0
2017-08,福岡県,福岡市,95.5,3.1,⬇️北,,0,29.5,0,73,6.7,29.8,1005.4,258.2,0,5,0
2017-09,福岡県,福岡市,128.5,2.7,⬇️北,,0,24.3,0,76,7.7,23.0,1009.9,136.6,0,1,0
2017-10,福岡県,福岡市,289.5,2.9,↙️北東,,0,19.8,0,77,7.3,18.0,1015.9,122.8,0,0,0
2017-11,福岡県,福岡市,23.5,2.6,↖️南東,,0,13.6,0,68,5.8,10.8,1019.6,145.4,0,1,0
2017-12,福岡県,福岡市,24.0,3.0,↖️南東,,0,7.4,0,61,7.7,6.3,1021.9,91.0,8,0,0
2018-01,福岡県,福岡市,89.5,2.9,↖️南東,,0,5.7,0,64,7.7,6.1,1019.7,95.9,12,1,0
2018-02,福岡県,福岡市,57.0,2.8,↖️南東,,0,6.2,4,63,6.8,6.1,1020.0,130.2,8,2,0
2018-03,福岡県,福岡市,147.5,3.3,⬇️北,,0,11.9,0,69,5.3,9.7,1017.2,202.4,0,2,0
2018-04,福岡県,福岡市,61.0,3.0,⬇️北,,0,17.1,0,66,5.4,12.8,1014.3,216.6,0,0,0
2018-05,福岡県,福岡市,134.0,3.0,⬇️北,,0,20.8,0,68,7.2,16.6,1010.4,190.6,0,0,0
2018-06,福岡県,福岡市,267.0,2.9,⬇️北,,0,23.7,0,75,7.9,21.9,1006.6,178.9,0,4,0
2018-07,福岡県,福岡市,466.5,2.9,⬇️北,,0,28.7,0,74,6.1,28.6,1006.6,250.3,0,3,0
2018-08,福岡県,福岡市,52.0,2.9,⬇️北,,0,30.0,0,68,5.5,28.5,1005.9,282.9,0,5,0
2018-09,福岡県,福岡市,176.5,2.6,↖️南東,,0,24.8,0,75,7.9,23.3,1010.1,118.0,0,2,0
2018-10,福岡県,福岡市,59.5,2.7,⬇️北,,0,19.1,0,67,6.5,15.0,1015.5,172.2,0,1,0
2018-11,福岡県,福岡市,39.5,2.1,↖️南東,,0,14.3,0,68,5.3,11.0,1020.0,165.7,0,2,0
2018-12,福岡県,福岡市,67.0,3.0,↘️北西,,0,10.2,0,66,7.4,8.8,1022.1,91.1,3,0,0
2019-01,福岡県,福岡市,54.5,2.5,↖️南東,,0,8.0,0,65,6.5,7.0,1021.4,140.0,1,1,0
2019-02,福岡県,福岡市,41.5,2.6,↖️南東,,0,9.4,0,65,7.3,7.8,1019.8,124.6,0,0,0
2019-03,福岡県,福岡市,99.5,3.0,⬇️北,,0,11.9,0,63,6.8,8.8,1015.0,186.6,0,6,0
2019-04,福岡県,福岡市,103.0,2.9,⬇️北,,0,15.4,0,67,6.5,12.0,1012.9,191.8,0,2,0
2019-05,福岡県,福岡市,42.0,2.7,↖️南東,,0,21.1,0,58,6.7,14.4,1010.7,262.3,0,0,0
2019-06,福岡県,福岡市,94.0,3.1,⬇️北,,0,23.4,0,74,7.7,21.2,1005.4,199.9,0,2,0
2019-07,福岡県,福岡市,295.5,2.4,⬇️北,,0,26.4,0,81,8.1,27.5,1005.6,133.4,0,4,0
2019-08,福岡県,福岡市,497.0,2.6,↖️南東,,0,28.0,0,76,7.7,28.6,1005.2,152.2,0,6,0
2019-09,福岡県,福岡市,136.0,2.9,⬇️北,,0,25.9,0,76,7.3,25.5,1011.3,165.3,0,3,0
2019-10,福岡県,福岡市,136.5,3.0,⬇️北,,0,20.5,0,73,6.3,17.8,1014.7,165.8,0,2,0
2019-11,福岡県,福岡市,29.0,2.4,↖️南東,,0,14.9,0,68,4.9,11.6,1019.0,169.1,0,1,0
2019-12,福岡県,福岡市,80.0,2.4,↖️南東,,0,10.3,0,68,7.3,8.7,1021.4,91.0,0,1,0
2020-01,福岡県,福岡市,153.5,2.6,↖️南東,,0,9.5,0,71,8.2,8.6,1018.7,93.2,0,1,0
2020-02,福岡県,福岡市,64.5,2.8,↖️南東,,0,9.7,0,66,6.5,8.1,1021.5,135.8,2,0,0
2020-03,福岡県,福岡市,158.0,3.0,⬇️北,,0,12.4,0,64,6.3,9.5,1015.1,178.2,0,1,0
2020-04,福岡県,福岡市,83.0,3.4,⬇️北,,0,14.1,0,59,4.9,9.5,1015.1,231.7,0,0,0
2020-05,福岡県,福岡市,147.5,2.8,⬇️北,,0,20.4,0,71,6.7,16.8,1009.3,217.5,0,2,0
2020-06,福岡県,福岡市,374.5,2.8,⬇️北,,0,24.9,0,76,7.2,23.8,1005.4,184.9,0,3,0
2020-07,福岡県,福岡市,740.0,2.6,↖️南東,,0,25.5,0,82,8.9,26.9,1006.2,86.5,0,11,0
2020-08,福岡県,福岡市,49.0,2.9,↖️南東,,0,30.2,0,70,5.3,29.7,1008.9,252.2,0,4,0
2020-09,福岡県,福岡市,310.5,3.2,⬇️北,,0,24.5,0,74,7.0,22.7,1008.7,168.2,0,5,0
2020-10,福岡県,福岡市,64.5,3.0,⬇️北,,0,19.4,0,67,5.3,15.3,1016.2,211.0,0,0,0
2020-11,福岡県,福岡市,25.0,2.4,↖️南東,,0,15.3,0,66,5.6,11.7,1021.1,150.1,0,1,0
2020-12,福岡県,福岡市,42.5,2.9,↘️北西,,0,8.5,0,61,6.8,7.0,1021.9,131.2,5,0,0
2021-01,福岡県,福岡市,45.5,3.0,↖️南東,,0,7.0,4,66,7.3,6.9,1020.8,118.5,9,1,1
2021-02,福岡県,福岡市,79.5,3.1,↖️南東,,0,10.2,0,62,6.0,7.9,1018.3,173.7,2,0,0
2021-03,福岡県,福岡市,116.5,3.1,⬇️北,,0,13.5,0,69,6.3,10.7,1016.8,186.6,0,1,0
2021-04,福岡県,福岡市,66.0,3.3,↖️南東,,0,16.7,0,60,6.2,11.3,1016.0,214.5,0,0,0
2021-05,福岡県,福岡市,133.5,2.8,↖️南東,,0,20.4,0,69,6.8,16.8,1008.5,179.8,0,2,0
2021-06,福岡県,福岡市,123.0,2.6,⬇️北,,0,24.2,0,75,8.1,22.4,1006.4,187.3,0,0,0
2021-07,福岡県,福岡市,45.5,2.8,↖️南東,,0,28.9,0,69,8.0,27.1,1007.2,200.8,0,6,0
2021-08,福岡県,福岡市,881.5,2.6,↖️南東,,0,27.5,0,80,7.5,29.0,1007.0,144.9,0,7,0
2021-09,福岡県,福岡市,246.5,2.9,⬇️北,,0,25.9,0,75,8.3,24.8,1010.6,150.3,0,2,0
2021-10,福岡県,福岡市,44.0,2.8,⬇️北,,0,21.0,0,66,4.3,16.9,1017.5,219.7,0,1,0
2021-11,福岡県,福岡市,152.5,2.4,↖️南東,,0,13.9,0,66,6.0,10.4,1017.5,148.1,0,4,0
2021-12,福岡県,福岡市,45.0,3.1,↖️南東,,0,9.1,0,63,6.9,7.5,1021.2,118.9,7,0,0
2022-01,福岡県,福岡市,48.0,2.4,↖️南東,,0,6.9,0,64,6.6,6.3,1020.3,152.1,2,2,0
2022-02,福岡県,福岡市,22.5,3.1,↘️北西,,0,6.3,0,58,6.8,5.6,1021.8,142.9,5,0,0
2022-03,福岡県,福岡市,109.0,2.8,⬇️北,,0,12.7,0,66,6.8,9.9,1015.4,171.0,0,0,0
2022-04,福岡県,福岡市,141.5,3.1,⬇️北,,0,16.4,0,67,6.1,12.9,1015.1,225.7,0,0,1
2022-05,福岡県,福岡市,45.0,2.6,⬇️北,,0,20.6,0,64,6.3,15.5,1010.9,225.5,0,0,0
2022-06,福岡県,福岡市,138.5,3.2,⬇️北,,0,24.8,0,73,7.6,23.0,1007.2,188.5,0,2,0
2022-07,福岡県,福岡市,105.5,2.8,↖️南東,,0,28.9,0,73,7.4,28.8,1004.9,187.9,0,4,0
2022-08,福岡県,福岡市,266.5,2.7,↖️南東,,0,29.8,0,70,7.0,29.3,1006.8,203.2,0,7,0
2022-09,福岡県,福岡市,217.0,3.4,⬇️北,,0,25.7,0,74,7.8,24.5,1008.5,157.5,0,3,0
2022-10,福岡県,福岡市,69.0,2.7,⬇️北,,0,19.6,0,68,5.2,15.6,1017.9,213.1,0,1,0
2022-11,福岡県,福岡市,34.0,2.3,⬇️北,,0,16.2,0,69,5.6,12.7,1017.7,187.2,0,1,0
2022-12,福岡県,福岡市,36.0,2.8,↖️南東,,0,7.7,1,63,7.2,6.7,1020.4,105.7,7,1,0
2023-01,福岡県,福岡市,97.0,2.7,↖️南東,,0,7.2,0,67,6.8,7.1,1020.7,121.2,6,1,0
2023-02,福岡県,福岡市,60.0,2.7,⬇️北,,0,9.0,0,66,6.9,7.7,1021.5,130.3,1,1,0
2023-03,福岡県,福岡市,89.5,2.7,⬇️北,,0,13.6,0,67,6.0,10.7,1018.1,198.7,0,3,0
2023-04,福岡県,福岡市,182.0,3.1,⬇️北,,0,16.7,0,65,6.4,12.4,1013.3,205.4,0,2,0
2023-05,福岡県,福岡市,246.0,3.1,⬇️北,,0,20.2,0,71,7.4,16.8,1011.9,199.7,0,0,0
2023-06,福岡県,福岡市,169.0,2.5,⬇️北,,0,24.4,0,76,8.3,23.1,1006.7,144.6,0,3,0
2023-07,福岡県,福岡市,536.5,2.7,↖️南東,,0,28.9,0,75,7.9,29.6,1008.1,170.8,0,13,0
2023-08,福岡県,福岡市,164.0,3.1,↖️南東,,0,29.7,0,73,6.7,30.2,1003.6,224.1,0,7,0
2023-09,福岡県,福岡市,104.5,2.7,⬇️北,,0,26.9,0,76,6.7,26.9,1010.2,173.4,0,4,0
2023-10,福岡県,福岡市,23.0,2.6,⬇️北,,0,19.8,0,64,5.4,14.6,1015.8,210.5,0,0,0
2023-11,福岡県,福岡市,52.0,2.7,↖️南東,,0,15.1,0,64,5.8,11.3,1018.9,148.3,1,1,0
2023-12,福岡県,福岡市,44.5,2.7,↖️南東,,0,9.9,0,69,7.2,8.8,1021.5,105.8,5,1,0
2024-01,福岡県,福岡市,80.5,2.7,↖️南東,,0,8.3,0,68,6.8,7.7,1021.0,115.0,3,2,0
2024-02,福岡県,福岡市,168.0,2.8,⬇️北,,0,9.9,0,73,7.6,9.1,1020.3,102.6,0,1,0
2024-03,福岡県,福岡市,139.5,3.1,⬇️北,,0,11.5,0,66,6.9,9.3,1015.8,163.4,0,2,0
2024-04,福岡県,福岡市,171.5,2.6,⬇️北,,0,17.6,0,78,0,15.6,1011.7,140.2,0,2,0
2024-05,福岡県,福岡市,119.5,3.0,⬇️北,,0,20.2,0,66,0,15.5,1012.0,228.3,0,1,0
2024-06,福岡県,福岡市,234.5,2.6,⬇️北,,0,23.9,0,77,0,22.8,1007.2,159.7,0,2,0
2024-07,福岡県,福岡市,195.0,3.2,↗️南西,,0,29.9,0,71,0,29.8,1008.0,208.9,0,12,0
2024-08,福岡県,福岡市,225.0,3.3,⬇️北,,0,30.5,0,73,0,31.4,1004.8,283.6,0,14,0
2024-09,福岡県,福岡市,115.5,2.8,⬇️北,,0,28.8,0,70,0,27.7,1010.1,256.5,0,8,0
2024-10,福岡県,福岡市,140.0,2.7,⬇️北,,0,22.0,0,75,0,20.0,1015.7,121.4,0,2,0
2024-11,福岡県,福岡市,352.5,2.7,⬇️北,,0,15.7,0,71,0,13.0,1018.2,135.0,0,5,0
2024-12,福岡県,福岡市,29.5,2.9,↘️北西,,0,9.1,0,62,0,7.2,1019.8,122.4,2,0,0
2025-01,福岡県,福岡市,34.5,2.7,↖️南東,,0,6.8,1,63,0,6.3,1020.9,131.3,12,3,0
2025-02,福岡県,福岡市,36.0,3.2,↘️北西,,0,5.7,0,60,0,5.6,1020.6,136.9,11,0,0
2025-03,福岡県,福岡市,123.5,3.2,⬇️北,,0,11.9,0,67,0,9.6,1016.2,152.3,3,5,0
2025-04,福岡県,福岡市,37.0,3.0,⬇️北,,0,16.2,0,63,0,11.9,1011.4,227.5,0,4,0
2025-05,福岡県,福岡市,71.5,3.2,↖️南東,,0,18.0,0,65,0,13.3,1008.9,75.1,0,1,0
1986-05,大阪府,大阪市,224.5,3.6,↙️北東,,0,18.6,0,66,6.9,14.1,1004.2,189.2,0,0,0
1986-06,大阪府,大阪市,210.5,3.2,➡️西,,0,23.0,0,68,7.5,18.8,1003.3,181.5,0,0,1
1986-07,大阪府,大阪市,138.5,3.2,➡️西,,0,26.4,0,74,8.0,25.5,1004.3,162.7,0,2,0
1986-08,大阪府,大阪市,102.0,3.6,↙️北東,,0,28.2,0,67,5.9,25.5,1002.9,232.5,0,4,1
1986-09,大阪府,大阪市,76.5,3.2,↙️北東,,0,24.5,0,68,6.6,20.9,1006.2,180.1,0,0,0
1986-10,大阪府,大阪市,79.5,3.2,↙️北東,,0,17.0,0,64,5.3,12.7,1012.3,171.1,0,0,0
1986-11,大阪府,大阪市,18.5,2.8,↙️北東,,0,12.4,0,65,5.9,9.4,1015.9,132.2,0,0,2
1986-12,大阪府,大阪市,52.0,3.2,↙️北東,,0,8.9,0,65,5.7,7.5,1014.8,139.1,0,2,2
1987-01,大阪府,大阪市,50.0,3.8,➡️西,,0,6.2,0,62,5.9,5.9,1014.5,147.5,7,0,0
1987-02,大阪府,大阪市,44.5,3.8,↙️北東,,0,6.5,0,61,6.1,6.1,1012.3,133.3,9,0,0
1987-03,大阪府,大阪市,115.5,3.6,↙️北東,,0,8.9,7,64,7.1,7.7,1010.1,117.3,5,0,0
1987-04,大阪府,大阪市,43.0,3.1,↙️北東,,0,14.2,0,59,6.1,9.7,1011.6,212.4,0,0,0
1987-05,大阪府,大阪市,160.5,3.3,↙️北東,,0,19.3,0,66,7.0,14.7,1008.4,199.8,0,1,0
1987-06,大阪府,大阪市,87.0,3.6,➡️西,,0,23.8,0,64,5.9,18.4,1003.6,223.7,0,0,0
1987-07,大阪府,大阪市,132.0,3.4,➡️西,,0,27.6,0,72,7.7,26.5,1002.9,166.9,0,1,0
1987-08,大阪府,大阪市,52.0,3.5,➡️西,,0,28.7,0,68,6.8,26.8,1004.3,223.4,0,3,0
1987-09,大阪府,大阪市,107.5,3.7,↙️北東,,0,24.4,0,65,6.8,20.0,1007.5,157.3,0,3,0
1987-10,大阪府,大阪市,101.0,3.5,↙️北東,,0,19.6,0,68,6.0,15.6,1011.6,164.0,0,2,0
1987-11,大阪府,大阪市,41.0,2.8,↙️北東,,0,13.4,0,68,5.1,10.6,1014.8,145.6,0,0,0
1987-12,大阪府,大阪市,15.5,3.0,↙️北東,,0,8.7,0,65,4.3,7.3,1015.9,170.9,1,0,0
1988-01,大阪府,大阪市,34.0,3.7,➡️西,,0,7.2,0,60,5.9,6.2,1013.7,142.6,3,0,0
1988-02,大阪府,大阪市,18.0,3.7,↙️北東,,0,5.0,0,58,6.1,5.1,1015.1,142.3,11,0,0
1988-03,大阪府,大阪市,104.0,3.9,↙️北東,,0,8.4,0,61,7.7,6.8,1011.4,124.9,5,0,0
1988-04,大阪府,大阪市,82.0,3.4,↙️北東,,0,14.3,0,58,6.5,9.7,1010.1,186.3,0,0,0
1988-05,大阪府,大阪市,161.0,3.4,↙️北東,,0,19.0,0,60,6.7,13.1,1006.1,194.6,0,0,0
1988-06,大阪府,大阪市,367.0,3.5,↙️北東,,0,23.3,0,71,7.5,20.0,1001.7,154.7,0,1,1
1988-07,大阪府,大阪市,141.5,3.5,↙️北東,,0,26.0,0,72,8.6,24.0,1002.1,138.9,0,1,0
1988-08,大阪府,大阪市,121.0,3.4,↙️北東,,0,27.9,0,70,7.6,26.2,1002.1,165.5,0,7,0
1988-09,大阪府,大阪市,175.0,3.2,↙️北東,,0,24.8,0,70,8.3,22.0,1005.3,124.4,0,1,0
1988-10,大阪府,大阪市,44.0,3.0,↙️北東,,0,17.8,0,65,6.0,13.5,1010.1,158.6,0,0,0
1988-11,大阪府,大阪市,40.5,3.4,➡️西,,0,11.5,0,61,4.2,8.3,1010.9,174.8,0,2,0
1988-12,大阪府,大阪市,12.0,3.0,↙️北東,,0,7.6,0,61,4.5,6.4,1015.9,174.6,1,0,0
1989-01,大阪府,大阪市,120.5,3.2,↙️北東,,0,7.8,0,65,6.7,7.2,1015.6,117.8,2,1,3
1989-02,大阪府,大阪市,195.5,3.2,↙️北東,,0,7.6,0,67,7.1,7.2,1014.0,95.4,3,0,2
1989-03,大阪府,大阪市,109.5,3.6,⬇️北,,0,9.5,0,59,5.9,7.1,1010.9,171.4,0,2,0
1989-04,大阪府,大阪市,67.5,3.6,↙️北東,,0,15.5,0,58,6.2,10.2,1008.2,198.5,0,2,0
1989-05,大阪府,大阪市,172.5,3.4,↙️北東,,0,18.8,0,69,7.2,14.8,1006.0,165.6,0,1,1
1989-06,大阪府,大阪市,166.5,3.2,↙️北東,,0,22.6,0,66,8.0,18.0,1004.1,160.6,0,2,0
1989-07,大阪府,大阪市,101.5,3.8,↙️北東,,0,26.7,0,69,7.6,24.1,1005.5,179.4,0,4,0
1989-08,大阪府,大阪市,208.5,3.6,↙️北東,,0,28.0,0,68,6.6,25.5,1001.7,194.8,0,4,0
1989-09,大阪府,大阪市,485.5,2.9,↙️北東,,0,24.9,0,73,8.0,23.2,1006.5,141.1,0,6,0
1989-10,大阪府,大阪市,40.5,2.9,↙️北東,,0,18.2,0,63,4.7,13.3,1011.1,195.2,0,1,0
1989-11,大阪府,大阪市,25.0,3.1,↙️北東,,0,14.1,0,63,5.9,10.5,1015.2,162.4,1,0,0
1989-12,大阪府,大阪市,19.5,2.9,↙️北東,,0,8.5,0,64,4.9,7.1,1014.1,160.3,2,2,1
1990-01,大阪府,大阪市,62.0,3.3,➡️西,,0,5.7,4,61,6.1,5.7,1015.9,129.5,4,0,0
1990-02,大阪府,大阪市,147.5,3.0,↙️北東,,0,8.7,8,65,7.6,7.5,1017.3,92.6,1,1,0
1990-03,大阪府,大阪市,117.5,3.8,↙️北東,,0,10.4,0,59,6.1,7.6,1012.4,190.1,1,0,0
1990-04,大阪府,大阪市,96.5,3.5,↙️北東,,0,14.9,0,59,6.6,10.1,1008.4,177.8,0,1,0
1990-05,大阪府,大阪市,144.0,3.0,➡️西,,0,19.1,0,63,7.5,13.9,1008.2,171.5,0,1,0
1990-06,大阪府,大阪市,158.5,3.4,➡️西,,0,24.5,0,68,7.4,20.9,1004.0,178.2,0,1,0
1990-07,大阪府,大阪市,188.5,3.2,➡️西,,0,28.0,0,70,6.6,26.2,1002.7,191.1,0,3,0
1990-08,大阪府,大阪市,22.0,3.5,↙️北東,,0,29.5,0,63,5.6,26.0,1002.7,256.6,0,3,0
1990-09,大阪府,大阪市,454.0,3.2,↙️北東,,0,25.4,0,70,7.2,22.5,1007.3,142.6,0,5,0
1990-10,大阪府,大阪市,180.0,2.9,↙️北東,,0,18.9,0,69,6.8,15.3,1011.4,138.8,0,3,0
1990-11,大阪府,大阪市,148.5,3.0,↙️北東,,0,14.8,0,70,5.5,11.9,1013.5,165.9,0,0,0
1990-12,大阪府,大阪市,21.0,3.4,➡️西,,0,9.4,0,62,5.4,7.4,1014.0,160.0,2,1,0
1991-01,大阪府,大阪市,39.5,3.9,➡️西,,0,6.4,0,58,6.8,5.7,1013.4,139.6,4,2,0
1991-02,大阪府,大阪市,66.0,4.1,➡️西,,0,5.8,0,58,5.9,5.5,1011.9,155.1,7,1,0
1991-03,大阪府,大阪市,144.5,3.3,↙️北東,,0,10.2,0,65,7.6,8.2,1012.8,120.4,3,0,0
1991-04,大阪府,大阪市,147.5,3.5,↙️北東,,0,15.9,0,60,6.4,11.0,1009.9,188.4,0,0,0
1991-05,大阪府,大阪市,104.0,2.9,➡️西,,0,19.2,0,64,7.5,14.5,1007.2,146.2,0,0,1
1991-06,大阪府,大阪市,250.0,2.6,➡️西,,0,24.4,0,73,8.7,22.4,1002.4,99.2,0,2,0
1991-07,大阪府,大阪市,153.0,3.0,➡️西,,0,28.1,0,72,8.3,27.0,1002.1,169.8,0,7,0
1991-08,大阪府,大阪市,49.0,3.6,↙️北東,,0,28.1,0,65,7.0,24.7,1000.7,177.2,0,1,0
1991-09,大阪府,大阪市,108.5,3.3,↙️北東,,0,25.6,0,68,6.9,22.2,1006.0,140.3,0,0,0
1991-10,大阪府,大阪市,232.5,2.8,↙️北東,,0,18.7,0,69,7.3,15.1,1007.7,107.5,0,2,1
1991-11,大阪府,大阪市,97.5,2.5,↙️北東,,0,13.3,0,63,5.1,9.6,1015.6,155.7,0,1,0
1991-12,大阪府,大阪市,41.0,2.6,↙️北東,,0,9.8,0,66,5.4,8.1,1015.4,132.5,2,1,0
1992-01,大阪府,大阪市,34.0,2.5,➡️西,,0,7.4,0,63,6.0,6.5,1014.3,126.9,2,0,0
1992-02,大阪府,大阪市,28.0,2.7,↙️北東,,0,6.5,0,60,6.2,5.8,1011.7,127.3,5,0,0
1992-03,大阪府,大阪市,131.0,3.3,↙️北東,,0,10.5,0,61,8.1,7.8,1013.1,113.8,0,0,1
1992-04,大阪府,大阪市,139.5,3.2,↙️北東,,0,15.3,0,60,6.1,10.3,1006.3,178.9,0,2,1
1992-05,大阪府,大阪市,187.5,3.0,↙️北東,,0,18.3,0,61,7.0,12.7,1005.4,202.6,0,4,0
1992-06,大阪府,大阪市,173.0,2.8,➡️西,,0,22.4,0,64,8.2,17.1,1003.1,156.5,0,1,0
1992-07,大阪府,大阪市,74.0,2.6,➡️西,,0,27.0,0,69,7.9,24.2,1003.3,165.4,0,1,0
1992-08,大阪府,大阪市,117.5,3.4,➡️西,,0,28.2,0,69,7.6,26.0,1004.5,170.4,0,2,0
1992-09,大阪府,大阪市,71.0,3.2,↙️北東,,0,24.5,0,62,7.1,19.2,1006.8,175.3,0,0,0
1992-10,大阪府,大阪市,134.5,3.1,↙️北東,,0,19.2,0,65,6.5,14.6,1010.9,153.3,0,2,0
1992-11,大阪府,大阪市,63.5,2.6,↙️北東,,0,13.4,0,65,5.4,10.2,1015.7,141.5,0,0,0
1992-12,大阪府,大阪市,67.0,2.7,➡️西,,0,9.6,0,62,6.2,7.6,1015.0,133.9,1,3,0
1993-01,大阪府,大阪市,52.5,2.6,↙️北東,,0,6.9,0,64,6.8,6.4,1013.8,97.8,2,0,0
1993-02,大阪府,大阪市,66.0,4.4,➡️西,,0,7.5,0,60,6.0,6.4,1007.5,135.4,5,2,0
1993-03,大阪府,大阪市,78.5,3.9,↙️北東,,0,8.7,0,54,6.5,6.3,1008.0,165.8,4,0,0
1993-04,大阪府,大阪市,74.0,4.0,↙️北東,,0,14.4,0,58,5.5,9.7,1004.3,193.2,0,0,0
1993-05,大阪府,大阪市,100.0,3.4,↙️北東,,0,18.9,0,61,7.5,13.1,1002.8,187.4,0,0,0
1993-06,大阪府,大阪市,305.0,3.6,➡️西,,0,22.7,0,71,8.6,19.8,998.0,122.6,0,1,2
1993-07,大阪府,大阪市,332.5,3.7,↙️北東,,0,25.4,0,74,9.3,23.8,998.3,100.9,0,1,1
1993-08,大阪府,大阪市,167.5,3.4,↙️北東,,0,26.6,0,71,8.0,24.5,999.1,134.9,0,3,0
1993-09,大阪府,大阪市,232.0,3.2,↙️北東,,0,23.3,0,68,8.4,19.4,1003.2,97.8,0,0,2
1993-10,大阪府,大阪市,83.0,3.5,↙️北東,,0,17.9,0,63,6.4,13.0,1008.5,152.9,0,0,0
1993-11,大阪府,大阪市,88.5,3.5,↙️北東,,0,14.7,0,66,6.7,11.2,1011.9,123.7,0,2,0
1993-12,大阪府,大阪市,55.5,3.8,↙️北東,,0,8.4,0,63,5.5,7.0,1011.3,129.7,1,2,0
1994-01,大阪府,大阪市,32.5,3.4,↙️北東,,0,6.1,0,61,5.5,5.8,1008.7,158.6,4,1,1
1994-02,大阪府,大阪市,53.0,4.4,↘️北西,,0,6.2,9,60,6.4,5.7,1005.0,129.1,7,0,0
1994-03,大阪府,大阪市,38.0,4.0,↙️北東,,0,8.3,0,54,6.2,5.9,1009.6,185.6,1,0,0
1994-04,大阪府,大阪市,91.5,3.7,↙️北東,,0,16.5,0,56,6.4,10.4,1005.4,213.0,0,1,1
1994-05,大阪府,大阪市,64.0,4.0,↙️北東,,0,20.7,0,58,6.6,14.2,1001.3,225.1,0,1,0
1994-06,大阪府,大阪市,79.5,3.1,↙️北東,,0,24.2,0,64,8.0,19.1,999.0,172.1,0,1,0
1994-07,大阪府,大阪市,54.5,3.8,↙️北東,,0,29.9,0,63,6.3,26.1,998.1,238.1,0,3,0
1994-08,大阪府,大阪市,59.0,3.9,➡️西,,0,30.2,0,64,5.5,27.0,1002.7,281.7,0,4,0
1994-09,大阪府,大阪市,179.0,3.6,↙️北東,,0,26.0,0,65,6.5,21.4,999.3,190.0,0,7,1
1994-10,大阪府,大阪市,29.5,3.5,↙️北東,,0,20.8,0,61,6.2,15.1,1007.8,169.0,0,0,0
1994-11,大阪府,大阪市,25.0,3.0,↙️北東,,0,14.6,0,60,5.7,10.2,1013.6,141.3,0,0,1
1994-12,大阪府,大阪市,38.5,3.5,↙️北東,,0,9.3,0,62,6.7,7.4,1012.4,121.5,0,0,1
1995-01,大阪府,大阪市,50.0,4.4,➡️西,,0,6.1,0,59,5.7,5.6,1008.7,151.7,6,2,1
1995-02,大阪府,大阪市,28.0,3.2,↙️北東,,0,6.2,0,56,5.8,5.3,1009.2,122.4,6,0,0
1995-03,大阪府,大阪市,69.0,3.7,↙️北東,,0,9.8,0,59,6.5,7.3,1006.7,145.8,0,1,0
1995-04,大阪府,大阪市,100.5,3.9,↙️北東,,0,14.6,0,58,7.0,10.0,1005.5,160.5,0,1,0
1995-05,大阪府,大阪市,360.5,3.5,↙️北東,,0,18.9,0,63,7.4,13.3,1002.6,152.5,0,2,1
1995-06,大阪府,大阪市,113.0,3.4,↙️北東,,0,22.1,0,66,8.5,17.5,998.1,116.1,0,0,0
1995-07,大阪府,大阪市,446.5,3.8,➡️西,,0,27.5,0,72,7.1,25.9,1000.8,175.3,0,7,1
1995-08,大阪府,大阪市,39.0,3.8,➡️西,,0,30.3,0,64,4.5,27.3,1002.6,295.4,0,3,0
1995-09,大阪府,大阪市,31.5,3.9,↙️北東,,0,24.2,0,60,7.9,18.2,1002.5,144.5,0,0,0
1995-10,大阪府,大阪市,77.5,3.3,↙️北東,,0,19.9,0,61,5.1,14.1,1007.8,196.4,0,0,0
1995-11,大阪府,大阪市,51.0,4.1,➡️西,,0,12.1,0,54,4.9,7.6,1007.8,188.7,0,0,0
1995-12,大阪府,大阪市,12.5,3.9,➡️西,,0,7.2,0,60,5.9,6.0,1010.5,162.7,4,1,0
1996-01,大阪府,大阪市,35.0,4.2,➡️西,,0,6.3,0,59,6.1,5.7,1009.4,133.6,3,0,0
1996-02,大阪府,大阪市,35.0,3.9,↙️北東,,0,5.2,9,59,6.3,5.4,1010.1,145.2,10,0,2
1996-03,大阪府,大阪市,132.5,4.2,↙️北東,,0,8.9,0,58,7.3,6.8,1006.7,151.5,2,0,1
1996-04,大阪府,大阪市,28.5,3.7,➡️西,,0,12.7,0,52,5.3,7.7,1006.5,217.8,1,0,0
1996-05,大阪府,大阪市,68.0,3.1,↙️北東,,0,19.6,0,57,7.0,13.0,1003.3,191.8,0,3,0
1996-06,大阪府,大阪市,283.5,3.5,➡️西,,0,23.4,0,75,8.5,21.5,999.6,116.3,0,2,2
1996-07,大阪府,大阪市,114.5,3.8,➡️西,,0,27.5,0,68,6.5,24.8,1000.5,236.5,0,0,0
1996-08,大阪府,大阪市,129.5,3.6,↙️北東,,0,28.3,0,67,7.1,25.2,1000.0,225.0,0,4,0
1996-09,大阪府,大阪市,173.0,3.3,↙️北東,,0,23.3,0,70,7.7,19.9,1002.7,126.0,0,1,1
1996-10,大阪府,大阪市,114.5,3.0,↙️北東,,0,18.5,0,69,6.0,14.8,1008.1,158.4,0,1,2
1996-11,大阪府,大阪市,67.0,3.4,↙️北東,,0,13.7,0,66,6.9,10.8,1009.9,132.3,0,0,0
1996-12,大阪府,大阪市,100.5,3.4,➡️西,,0,8.7,0,65,3.8,7.5,1010.1,194.0,2,1,2
1997-01,大阪府,大阪市,34.0,4.3,➡️西,,0,6.0,5,60,5.7,5.6,1007.0,154.3,6,1,0
1997-02,大阪府,大阪市,28.0,3.7,↙️北東,,0,5.8,0,61,5.9,5.6,1009.6,145.0,7,1,0
1997-03,大阪府,大阪市,107.0,3.7,↙️北東,,0,10.1,0,58,6.5,7.1,1009.5,174.6,0,0,2
1997-04,大阪府,大阪市,126.0,3.7,↙️北東,,0,15.1,0,60,6.6,10.3,1005.8,188.6,0,0,1
1997-05,大阪府,大阪市,114.0,3.6,↙️北東,,0,19.9,0,65,7.4,15.1,1000.6,183.9,0,4,0
1997-06,大阪府,大阪市,59.0,3.4,↙️北東,,0,23.7,0,67,7.9,19.5,999.7,161.9,0,1,0
1997-07,大阪府,大阪市,286.0,4.4,➡️西,,0,26.7,0,72,7.5,25.0,999.2,173.1,0,3,0
1997-08,大阪府,大阪市,119.5,4.0,➡️西,,0,28.5,0,66,5.8,25.5,1001.1,234.8,0,3,0
1997-09,大阪府,大阪市,223.0,3.7,↙️北東,,0,24.3,0,67,6.7,20.5,1002.5,144.9,0,3,0
1997-10,大阪府,大阪市,26.5,3.4,↙️北東,,0,18.2,0,61,4.3,12.8,1006.9,220.0,0,2,0
1997-11,大阪府,大阪市,133.0,3.3,↙️北東,,0,14.1,0,67,5.3,10.9,1010.9,160.2,0,2,0
1997-12,大阪府,大阪市,81.5,3.3,↙️北東,,0,8.9,0,65,6.2,7.6,1011.9,147.2,1,0,0
1998-01,大阪府,大阪市,112.5,4.0,➡️西,,0,5.9,0,64,6.4,6.0,1009.9,133.5,2,0,1
1998-02,大阪府,大阪市,96.5,3.9,↙️北東,,0,7.8,0,63,6.6,6.8,1009.7,138.3,2,1,0
1998-03,大阪府,大阪市,62.0,3.9,↙️北東,,0,10.6,0,56,7.1,7.2,1008.5,191.0,0,0,1
1998-04,大阪府,大阪市,204.0,3.3,↙️北東,,0,17.7,0,69,7.3,14.1,1006.6,159.7,0,1,1
1998-05,大阪府,大阪市,263.0,3.8,↙️北東,,0,21.6,0,68,7.7,17.4,1004.8,163.5,0,0,0
1998-06,大阪府,大阪市,248.5,3.9,↙️北東,,0,23.3,0,72,8.7,20.7,1000.4,131.9,0,0,0
1998-07,大阪府,大阪市,138.5,3.7,➡️西,,0,27.8,0,70,7.8,25.7,998.2,194.1,0,2,0
1998-08,大阪府,大阪市,43.0,3.6,➡️西,,0,29.4,0,69,8.3,28.0,999.7,189.0,0,5,0
1998-09,大阪府,大阪市,161.5,3.6,↙️北東,,0,25.6,0,71,7.4,23.0,1002.1,130.1,0,2,0
1998-10,大阪府,大阪市,221.0,3.1,↙️北東,,0,20.8,0,73,7.3,18.0,1006.8,120.7,0,1,0
1998-11,大阪府,大阪市,17.0,3.4,↙️北東,,0,13.7,0,62,5.8,10.0,1009.1,150.3,0,1,0
1998-12,大阪府,大阪市,37.5,3.1,↙️北東,,0,9.8,0,63,5.5,7.6,1011.9,155.7,0,0,0
1999-01,大阪府,大阪市,19.5,4.2,➡️西,,0,6.4,0,59,5.1,5.7,1008.2,170.8,0,0,0
1999-02,大阪府,大阪市,49.5,3.6,➡️西,,0,5.9,0,59,5.2,5.5,1009.0,152.0,9,2,1
1999-03,大阪府,大阪市,122.5,2.5,↙️北東,,0,10.6,0,63,7.9,8.3,1006.6,129.5,1,1,2
1999-04,大阪府,大阪市,55.5,2.9,↙️北東,,0,14.7,0,60,6.7,10.2,1004.4,158.7,0,2,0
1999-05,大阪府,大阪市,110.0,2.9,➡️西,,0,20.5,0,57,6.4,13.5,1002.2,230.5,0,0,0
1999-06,大阪府,大阪市,404.5,2.6,↙️北東,,0,23.5,0,70,8.5,20.1,1000.0,148.9,0,2,0
1999-07,大阪府,大阪市,112.5,2.6,↙️北東,,0,26.8,0,67,8.1,23.4,999.0,179.9,0,4,0
1999-08,大阪府,大阪市,156.0,3.0,⬅️東,,0,29.1,0,64,7.2,25.6,1000.1,221.4,0,6,0
1999-09,大阪府,大阪市,155.5,2.4,↙️北東,,0,27.2,0,69,7.4,24.8,1002.8,150.7,0,9,0
1999-10,大阪府,大阪市,115.5,2.1,↙️北東,,0,20.1,0,64,6.2,15.2,1008.1,182.5,0,4,0
1999-11,大阪府,大阪市,60.0,2.0,⬇️北,,0,14.1,0,64,5.8,10.4,1009.2,157.7,0,0,0
1999-12,大阪府,大阪市,4.5,2.7,➡️西,,0,8.7,0,58,4.9,6.6,1011.7,169.5,1,0,0
2000-01,大阪府,大阪市,52.0,2.4,↙️北東,,0,7.0,0,64,6.6,6.6,1011.1,114.2,3,2,0
2000-02,大阪府,大阪市,36.5,2.9,↘️北西,,0,4.9,2,59,6.7,5.1,1007.3,126.1,9,0,0
2000-03,大阪府,大阪市,94.5,2.8,➡️西,,0,8.9,0,56,5.8,6.3,1006.2,183.4,1,1,0
2000-04,大阪府,大阪市,77.5,2.9,↙️北東,,0,14.6,0,54,6.5,9.0,1002.8,180.0,0,2,0
2000-05,大阪府,大阪市,90.5,2.4,➡️西,,0,20.7,0,62,6.3,14.8,1001.6,216.5,0,5,0
2000-06,大阪府,大阪市,198.0,2.3,➡️西,,0,23.3,0,71,8.2,20.3,999.1,131.6,0,0,0
2000-07,大阪府,大阪市,42.5,2.9,➡️西,,0,28.7,0,64,6.6,24.7,998.7,215.4,0,4,0
2000-08,大阪府,大阪市,6.5,2.7,➡️西,,0,29.6,0,61,5.7,24.9,1001.1,245.9,0,5,0
2000-09,大阪府,大阪市,261.5,2.5,↙️北東,,0,25.8,0,63,6.1,20.7,1001.8,182.3,0,5,0
2000-10,大阪府,大阪市,126.5,2.0,↙️北東,,0,19.7,0,66,7.4,15.3,1007.4,137.3,0,1,0
2000-11,大阪府,大阪市,154.5,2.0,↙️北東,,0,14.6,0,67,6.7,11.3,1010.6,125.9,0,1,0
2000-12,大阪府,大阪市,23.0,2.3,➡️西,,0,8.8,0,60,5.9,6.8,1010.4,158.0,1,1,0
2001-01,大阪府,大阪市,109.0,3.4,➡️西,,0,5.2,0,60,6.4,5.4,1008.1,137.3,7,0,0
2001-02,大阪府,大阪市,65.0,2.3,↘️北西,,0,6.6,0,59,7.0,5.8,1010.1,131.3,4,0,0
2001-03,大阪府,大阪市,64.0,2.9,↙️北東,,0,9.7,0,57,6.9,7.0,1003.0,163.0,5,0,0
2001-04,大阪府,大阪市,24.5,2.7,↙️北東,,0,15.5,0,54,5.9,9.5,1005.5,225.5,0,0,0
2001-05,大阪府,大阪市,95.5,2.5,↙️北東,,0,20.6,0,62,7.7,14.8,1001.0,179.9,0,1,0
2001-06,大阪府,大阪市,135.0,2.7,➡️西,,0,24.0,0,67,8.6,20.0,998.8,154.1,0,0,0
2001-07,大阪府,大阪市,34.5,2.7,➡️西,,0,29.2,0,64,5.9,25.4,999.8,256.2,0,2,0
2001-08,大阪府,大阪市,97.0,2.7,↙️北東,,0,28.8,0,63,6.9,24.5,999.0,209.9,0,5,0
2001-09,大阪府,大阪市,161.0,2.3,↙️北東,,0,24.4,0,64,6.6,19.5,1002.6,176.5,0,0,0
2001-10,大阪府,大阪市,190.0,2.2,↙️北東,,0,19.5,0,64,6.0,14.4,1007.4,180.5,0,0,0
2001-11,大阪府,大阪市,38.5,2.0,⬇️北,,0,13.2,0,61,5.1,9.2,1008.7,174.8,0,0,0
2001-12,大阪府,大阪市,27.5,2.6,➡️西,,0,8.3,0,62,5.4,6.8,1012.0,165.3,0,0,0
2002-01,大阪府,大阪市,44.5,3.4,➡️西,,0,7.2,0,61,6.3,6.4,1006.6,140.0,5,1,1
2002-02,大阪府,大阪市,34.0,2.3,⬇️北,,0,7.3,0,62,6.6,6.3,1010.4,136.5,5,0,1
2002-03,大阪府,大阪市,96.0,2.8,⬇️北,,0,11.6,0,56,5.9,7.8,1006.4,202.7,0,0,0
2002-04,大阪府,大阪市,62.5,2.5,↙️北東,,0,16.6,0,61,7.0,11.5,1006.5,175.9,0,0,0
2002-05,大阪府,大阪市,100.0,2.4,↙️北東,,0,20.0,0,65,7.9,14.9,1002.2,158.9,0,1,0
2002-06,大阪府,大阪市,119.0,2.5,↙️北東,,0,23.6,0,66,7.8,18.9,998.8,192.7,0,2,0
2002-07,大阪府,大阪市,134.5,3.1,➡️西,,0,29.0,0,71,7.8,27.8,998.2,210.7,0,2,0
2002-08,大阪府,大阪市,47.5,3.1,➡️西,,0,29.0,0,62,7.3,24.5,1000.1,229.1,0,6,0
2002-09,大阪府,大阪市,66.5,2.4,↙️北東,,0,25.1,0,63,7.2,19.9,1003.4,169.5,0,0,0
2002-10,大阪府,大阪市,119.0,2.2,↙️北東,,0,18.9,0,63,5.3,14.0,1006.2,184.3,0,1,0
2002-11,大阪府,大阪市,66.5,2.5,➡️西,,0,11.1,0,59,5.6,7.9,1008.3,151.8,0,2,0
2002-12,大阪府,大阪市,64.0,2.6,↙️北東,,0,8.2,0,66,6.7,7.3,1011.2,123.2,2,0,0
2003-01,大阪府,大阪市,83.0,2.8,➡️西,,0,5.1,0,63,6.2,5.7,1008.4,131.4,6,0,0
2003-02,大阪府,大阪市,61.0,2.1,⬇️北,,0,6.8,0,62,7.0,6.1,1009.3,126.4,3,0,0
2003-03,大阪府,大阪市,117.0,2.6,↙️北東,,0,8.4,0,60,7.0,6.7,1008.6,160.6,5,0,0
2003-04,大阪府,大阪市,148.5,2.6,↙️北東,,0,15.9,0,66,7.7,12.1,1005.3,139.3,0,0,1
2003-05,大阪府,大阪市,105.5,2.7,↙️北東,,0,20.2,0,64,7.3,14.9,1004.2,183.5,0,2,0
2003-06,大阪府,大阪市,145.5,2.4,↙️北東,,0,23.7,0,69,8.9,20.1,998.8,119.7,0,3,1
2003-07,大阪府,大阪市,167.0,2.2,↙️北東,,0,25.3,0,72,8.8,23.1,999.3,120.6,0,1,0
2003-08,大阪府,大阪市,266.0,2.7,➡️西,,0,28.3,0,71,7.8,27.1,999.8,194.0,0,4,0
2003-09,大阪府,大阪市,150.5,2.5,⬇️北,,0,25.9,0,65,6.1,22.0,1003.4,207.4,0,3,0
2003-10,大阪府,大阪市,96.0,2.2,↙️北東,,0,18.1,0,62,6.0,12.9,1006.8,166.8,0,1,0
2003-11,大阪府,大阪市,170.5,2.2,↙️北東,,0,15.5,0,71,7.0,12.8,1010.5,112.5,0,0,1
2003-12,大阪府,大阪市,18.0,2.6,➡️西,,0,9.1,0,62,5.8,7.2,1008.8,160.4,2,1,0
2004-01,大阪府,大阪市,19.0,2.7,➡️西,,0,5.8,0,59,5.5,5.5,1009.2,164.9,6,1,0
2004-02,大阪府,大阪市,47.5,2.9,➡️西,,0,7.9,0,56,4.9,6.1,1008.0,187.9,4,1,0
2004-03,大阪府,大阪市,75.5,2.6,↙️北東,,0,10.2,0,57,6.6,7.2,1008.5,190.1,4,0,0
2004-04,大阪府,大阪市,125.0,2.7,➡️西,,0,16.4,0,54,5.2,9.9,1003.6,241.8,0,0,0
2004-05,大阪府,大阪市,281.5,2.4,➡️西,,0,21.1,0,65,7.9,16.1,1002.1,181.2,0,0,0
2004-06,大阪府,大阪市,133.5,2.6,↙️北東,,0,24.8,0,66,7.6,20.5,1001.0,200.1,0,1,0
2004-07,大阪府,大阪市,42.0,2.9,➡️西,,0,29.5,0,63,6.7,25.7,999.7,264.5,0,4,0
2004-08,大阪府,大阪市,106.5,3.0,↙️北東,,0,28.4,0,66,8.0,25.4,999.8,189.7,0,3,0
2004-09,大阪府,大阪市,202.5,2.7,↙️北東,,0,26.2,0,67,8.1,22.7,1005.3,143.7,0,5,0
2004-10,大阪府,大阪市,356.0,2.4,↙️北東,,0,19.0,0,69,6.2,15.2,1007.0,158.6,0,2,0
2004-11,大阪府,大阪市,117.5,1.9,⬇️北,,0,15.2,0,66,5.0,11.3,1011.1,169.1,0,1,0
2004-12,大阪府,大阪市,88.0,2.0,⬇️北,,0,10.2,1,64,5.8,8.0,1010.8,152.2,1,0,0
2005-01,大阪府,大阪市,19.0,2.7,➡️西,,0,6.2,0,59,7.0,5.6,1007.0,139.0,4,0,0
2005-02,大阪府,大阪市,45.0,2.8,➡️西,,0,6.1,0,61,6.9,5.8,1008.9,112.7,4,0,0
2005-03,大阪府,大阪市,75.0,2.7,➡️西,,0,9.2,0,60,6.9,7.2,1006.9,165.2,1,0,0
2005-04,大阪府,大阪市,47.0,2.5,➡️西,,0,16.2,0,53,5.7,9.8,1005.7,232.7,0,2,0
2005-05,大阪府,大阪市,73.5,2.5,↙️北東,,0,19.5,0,58,6.8,12.9,1001.3,244.2,0,1,0
2005-06,大阪府,大阪市,69.5,2.7,➡️西,,0,24.9,0,66,7.8,20.7,998.0,188.5,0,1,0
2005-07,大阪府,大阪市,196.0,2.5,➡️西,,0,27.5,0,71,7.8,25.6,998.1,152.7,0,1,0
2005-08,大阪府,大阪市,79.0,2.5,➡️西,,0,28.7,0,66,7.7,25.7,1000.3,189.7,0,6,0
2005-09,大阪府,大阪市,97.5,2.5,↙️北東,,0,26.1,0,66,7.5,22.4,1005.3,159.9,0,2,0
2005-10,大阪府,大阪市,145.0,2.0,↙️北東,,0,19.8,0,66,7.1,15.4,1007.6,154.3,0,1,1
2005-11,大阪府,大阪市,31.5,1.9,⬇️北,,0,13.7,0,61,5.4,9.6,1008.7,191.8,0,0,0
2005-12,大阪府,大阪市,31.0,3.6,➡️西,,0,5.9,0,56,5.8,5.3,1007.8,167.6,9,4,0
2006-01,大阪府,大阪市,32.5,2.3,⬇️北,,0,5.5,0,60,6.9,5.5,1011.0,128.9,5,0,0
2006-02,大阪府,大阪市,102.0,2.8,↙️北東,,0,6.7,0,64,7.0,6.4,1011.6,118.8,6,1,0
2006-03,大阪府,大阪市,114.0,2.8,➡️西,,0,8.6,0,60,5.9,6.8,1004.8,164.4,7,1,1
2006-04,大阪府,大阪市,143.0,2.6,↙️北東,,0,13.6,0,59,7.0,9.1,1002.2,131.8,0,2,0
2006-05,大阪府,大阪市,146.0,2.6,↙️北東,,0,19.7,0,65,7.7,15.0,1004.2,167.9,0,1,0
2006-06,大阪府,大阪市,169.5,2.2,↙️北東,,0,24.3,0,65,8.0,19.5,999.4,157.0,0,0,0
2006-07,大阪府,大阪市,305.0,2.3,➡️西,,0,27.2,0,74,8.9,26.3,999.0,107.9,0,4,0
2006-08,大阪府,大阪市,44.5,2.7,↙️北東,,0,29.8,0,63,6.3,25.9,999.1,248.7,0,3,0
2006-09,大阪府,大阪市,87.0,2.3,↙️北東,,0,24.6,0,64,7.4,19.6,1002.5,171.1,0,2,0
2006-10,大阪府,大阪市,73.0,2.1,↙️北東,,0,20.4,0,65,5.3,15.5,1006.7,185.1,0,0,0
2006-11,大阪府,大阪市,80.5,2.3,↙️北東,,0,14.8,0,63,6.3,10.8,1007.7,147.2,0,4,0
2006-12,大阪府,大阪市,102.5,2.2,⬇️北,,0,9.1,0,64,6.7,7.5,1012.4,131.1,1,1,0
2007-01,大阪府,大阪市,19.5,2.2,⬇️北,,0,7.5,0,59,6.6,6.1,1012.0,159.1,1,1,0
2007-02,大阪府,大阪市,42.0,2.5,↘️北西,,0,8.7,0,56,5.3,6.4,1008.7,164.5,1,0,0
2007-03,大阪府,大阪市,79.0,2.5,⬇️北,,0,10.1,0,54,5.8,6.9,1007.5,196.1,2,2,0
2007-04,大阪府,大阪市,41.0,2.4,↙️北東,,0,14.6,0,56,7.2,9.3,1005.7,187.5,0,1,0
2007-05,大阪府,大阪市,163.0,2.7,➡️西,,0,19.8,0,59,6.6,13.4,999.5,213.8,0,3,0
2007-06,大阪府,大阪市,119.5,2.6,↙️北東,,0,23.6,0,67,8.1,19.5,1000.0,175.6,0,2,0
2007-07,大阪府,大阪市,206.0,2.3,↙️北東,,0,25.9,0,72,8.0,23.8,995.8,127.9,0,3,0
2007-08,大阪府,大阪市,62.0,2.7,➡️西,,0,29.9,0,63,6.0,26.1,1002.1,263.3,0,5,0
2007-09,大阪府,大阪市,58.5,2.4,↙️北東,,0,27.2,0,66,7.2,23.5,1002.5,185.9,0,1,0
2007-10,大阪府,大阪市,72.0,2.0,↙️北東,,0,20.0,0,63,6.7,14.7,1007.7,166.4,0,1,1
2007-11,大阪府,大阪市,13.5,2.1,↙️北東,,0,13.7,0,60,6.1,9.5,1009.7,144.1,0,0,0
2007-12,大阪府,大阪市,86.5,2.6,➡️西,,0,9.6,0,61,6.1,7.3,1008.4,140.3,1,0,0
2008-01,大阪府,大阪市,51.0,2.3,↘️北西,,0,5.8,0,64,6.6,6.0,1010.9,134.1,11,0,0
2008-02,大阪府,大阪市,60.5,2.5,↘️北西,,0,5.1,5,60,6.2,5.2,1009.4,150.9,17,0,0
2008-03,大阪府,大阪市,95.0,2.6,↙️北東,,0,10.8,0,60,6.0,7.7,1006.7,186.0,1,2,0
2008-04,大阪府,大阪市,143.5,2.4,↙️北東,,0,15.4,0,59,6.9,10.2,1004.6,188.9,0,0,0
2008-05,大阪府,大阪市,218.5,2.5,↙️北東,,0,20.0,0,59,7.3,13.6,1001.3,197.3,0,3,0
2008-06,大阪府,大阪市,190.5,2.2,↙️北東,,0,23.1,0,68,9.2,19.1,1000.1,110.9,0,1,0
2008-07,大阪府,大阪市,123.5,2.5,➡️西,,0,28.7,0,64,7.3,25.1,999.8,236.5,0,4,0
2008-08,大阪府,大阪市,82.0,2.7,↙️北東,,0,28.4,0,65,7.5,24.9,998.6,195.4,0,7,0
2008-09,大阪府,大阪市,130.5,2.1,↙️北東,,0,24.5,0,67,7.2,20.7,1002.6,143.3,0,7,0
2008-10,大阪府,大阪市,62.0,1.9,↙️北東,,0,19.6,0,65,6.2,14.8,1008.0,165.9,0,0,0
2008-11,大阪府,大阪市,50.0,2.1,⬇️北,,0,13.4,0,61,6.9,9.6,1009.2,145.3,0,0,0
2008-12,大阪府,大阪市,55.5,2.0,⬇️北,,0,9.1,0,64,4.9,7.6,1010.4,175.5,2,1,0
2009-01,大阪府,大阪市,73.0,2.5,➡️西,,0,6.5,0,64,6.6,6.2,1010.1,127.0,9,0,0
2009-02,大阪府,大阪市,95.0,2.3,⬇️北,,0,7.9,0,64,6.6,6.9,1007.9,137.7,1,0,0
2009-03,大阪府,大阪市,147.5,2.4,⬇️北,,0,9.7,0,58,6.9,7.1,1007.9,173.3,1,2,0
2009-04,大阪府,大阪市,98.5,2.4,↙️北東,,0,15.5,0,56,5.4,9.6,1004.6,224.5,0,1,0
2009-05,大阪府,大阪市,78.5,2.3,↙️北東,,0,19.7,0,62,8.1,14.1,1002.3,167.1,0,1,0
2009-06,大阪府,大阪市,121.5,2.5,↙️北東,,0,24.0,0,64,8.2,19.0,997.7,175.8,0,2,0
2009-07,大阪府,大阪市,162.0,2.6,➡️西,,0,27.3,0,71,9.2,25.5,998.2,133.6,0,5,0
2009-08,大阪府,大阪市,41.5,2.3,↙️北東,,0,28.0,0,64,7.3,24.2,999.5,189.7,0,2,0
2009-09,大阪府,大阪市,51.0,2.2,↙️北東,,0,24.5,0,61,6.3,18.4,1002.9,196.1,0,1,0
2009-10,大阪府,大阪市,120.0,2.1,↙️北東,,0,19.2,0,62,6.1,13.8,1005.3,187.8,0,2,0
2009-11,大阪府,大阪市,130.5,2.0,⬇️北,,0,13.6,0,66,6.3,10.5,1010.2,134.7,0,0,0
2009-12,大阪府,大阪市,46.0,2.5,➡️西,,0,8.7,0,60,5.6,6.9,1007.8,153.3,3,0,0
2010-01,大阪府,大阪市,46.0,2.7,➡️西,,0,6.1,0,58,5.0,5.5,1009.3,174.6,4,0,0
2010-02,大阪府,大阪市,132.0,2.4,↙️北東,,0,7.8,0,62,6.8,6.9,1008.6,135.4,2,0,1
2010-03,大阪府,大阪市,153.5,2.7,↙️北東,,0,9.6,0,62,7.2,7.5,1008.4,127.0,3,1,0
2010-04,大阪府,大阪市,143.0,2.6,↙️北東,,0,13.6,0,58,7.5,9.1,1007.8,163.8,0,1,0
2010-05,大阪府,大阪市,162.0,2.5,➡️西,,0,18.8,0,60,7.6,13.0,1002.4,203.1,0,0,1
2010-06,大阪府,大阪市,222.5,2.3,➡️西,,0,23.9,0,67,8.1,19.8,1001.5,166.0,0,0,0
2010-07,大阪府,大阪市,221.5,2.5,➡️西,,0,27.9,0,70,8.1,25.7,1000.9,196.4,0,4,0
2010-08,大阪府,大阪市,37.5,2.6,➡️西,,0,30.5,0,63,6.2,27.0,1004.1,253.4,0,3,0
2010-09,大阪府,大阪市,161.0,2.4,➡️西,,0,26.7,0,61,6.9,21.5,1003.3,182.3,0,2,0
2010-10,大阪府,大阪市,172.0,2.1,↙️北東,,0,19.9,0,64,7.9,14.8,1006.5,133.1,0,1,0
2010-11,大阪府,大阪市,32.5,2.0,⬇️北,,0,13.2,0,59,5.7,8.9,1009.0,151.5,0,0,0
2010-12,大阪府,大阪市,84.5,2.9,➡️西,,0,9.0,0,58,5.7,6.8,1003.1,145.3,5,2,1
2011-01,大阪府,大阪市,0.5,3.1,➡️西,,0,4.4,0,53,4.9,4.4,1008.7,196.0,8,0,0
2011-02,大阪府,大阪市,113.5,2.0,⬇️北,,0,7.4,6,58,6.6,6.0,1009.3,140.4,5,0,0
2011-03,大阪府,大阪市,75.5,2.5,↘️北西,,0,8.1,0,54,5.7,6.1,1008.2,194.0,4,0,0
2011-04,大阪府,大阪市,92.0,2.6,↙️北東,,0,13.8,0,57,5.9,9.0,1005.1,220.0,0,1,0
2011-05,大阪府,大阪市,307.5,2.8,↙️北東,,0,19.6,0,65,7.9,14.7,1002.1,185.7,0,1,0
2011-06,大阪府,大阪市,200.5,2.4,➡️西,,0,24.2,0,73,8.9,22.0,1000.1,142.5,0,2,0
2011-07,大阪府,大阪市,145.0,2.7,➡️西,,0,27.8,0,72,8.1,26.6,998.5,185.4,0,4,0
2011-08,大阪府,大阪市,189.0,2.7,↙️北東,,0,28.9,0,69,7.8,27.2,1000.5,237.0,0,3,0
2011-09,大阪府,大阪市,242.0,2.7,↙️北東,,0,25.2,0,70,7.1,22.6,1000.6,184.2,0,0,0
2011-10,大阪府,大阪市,146.5,2.1,↙️北東,,0,19.5,0,64,6.6,14.5,1008.4,179.6,0,1,0
2011-11,大阪府,大阪市,90.0,2.0,⬇️北,,0,15.2,0,66,6.7,11.7,1011.3,137.2,0,0,0
2011-12,大阪府,大阪市,12.0,2.5,➡️西,,0,8.1,0,59,6.1,6.5,1011.1,160.6,1,0,0
2012-01,大阪府,大阪市,34.0,2.7,➡️西,,0,5.6,0,59,6.9,5.4,1009.9,147.3,3,0,0
2012-02,大阪府,大阪市,96.5,2.7,↙️北東,,0,5.1,0,61,7.0,5.4,1009.0,135.2,6,0,1
2012-03,大阪府,大阪市,152.0,2.7,↙️北東,,0,9.1,0,61,6.9,7.2,1007.2,159.0,3,1,0
2012-04,大阪府,大阪市,92.5,2.6,↙️北東,,0,15.2,0,61,6.6,10.6,1005.2,191.1,0,2,0
2012-05,大阪府,大阪市,25.0,2.6,↙️北東,,0,19.6,0,58,7.6,13.1,1001.2,184.1,0,3,1
2012-06,大阪府,大阪市,291.0,2.5,↙️北東,,0,23.0,0,68,8.9,18.9,998.8,121.8,0,2,0
2012-07,大阪府,大阪市,193.5,2.5,➡️西,,0,27.8,0,71,8.0,26.1,999.1,207.0,0,6,0
2012-08,大阪府,大阪市,141.0,2.6,↙️北東,,0,29.4,0,65,6.1,26.3,1002.1,242.8,0,12,0
2012-09,大阪府,大阪市,202.0,2.1,↙️北東,,0,26.0,0,68,7.0,22.7,1003.5,186.6,0,7,0
2012-10,大阪府,大阪市,79.0,1.9,⬇️北,,0,19.3,0,63,5.7,13.9,1006.3,204.3,0,3,0
2012-11,大阪府,大阪市,122.5,2.2,➡️西,,0,12.4,0,63,6.8,9.0,1006.8,131.2,0,2,0
2012-12,大阪府,大阪市,90.5,2.6,➡️西,,0,6.6,0,62,6.1,6.2,1009.2,147.8,6,0,0
2013-01,大阪府,大阪市,38.5,2.5,➡️西,,0,5.2,0,58,5.9,5.2,1011.2,167.2,5,0,0
2013-02,大阪府,大阪市,92.5,2.4,↘️北西,,0,5.6,0,61,7.2,5.6,1011.0,140.7,8,0,0
2013-03,大阪府,大阪市,92.0,2.4,↙️北東,,0,10.7,0,55,5.9,7.3,1006.4,186.5,1,0,0
2013-04,大阪府,大阪市,108.0,2.8,➡️西,,0,14.3,0,54,6.6,8.9,1002.8,223.3,0,2,0
2013-05,大阪府,大阪市,44.0,2.3,↙️北東,,0,19.8,0,57,6.1,13.1,1003.4,263.9,0,0,0
2013-06,大阪府,大阪市,266.0,2.5,↙️北東,,0,24.3,0,66,8.5,19.7,999.2,154.4,0,0,0
2013-07,大阪府,大阪市,50.0,2.8,➡️西,,0,28.5,0,67,7.4,25.8,999.7,222.5,0,5,0
2013-08,大阪府,大阪市,128.0,2.5,➡️西,,0,30.0,0,63,6.3,26.2,998.5,255.9,0,3,0
2013-09,大阪府,大阪市,258.5,2.3,↙️北東,,0,25.1,0,64,5.4,20.3,1004.1,218.2,0,3,0
2013-10,大阪府,大阪市,210.5,2.6,↙️北東,,0,20.8,0,65,7.2,16.2,1007.3,148.1,0,0,0
2013-11,大阪府,大阪市,80.5,2.3,➡️西,,0,12.9,0,62,5.6,9.5,1008.2,165.7,1,2,0
2013-12,大阪府,大阪市,49.5,2.7,➡️西,,0,7.8,0,61,6.0,6.5,1007.6,153.1,1,2,0
2014-01,大阪府,大阪市,52.0,2.2,⬇️北,,0,5.9,0,62,5.7,5.8,1011.4,169.3,3,0,0
2014-02,大阪府,大阪市,55.0,2.3,⬇️北,,0,5.8,6,63,7.2,6.0,1011.3,125.2,8,0,0
2014-03,大阪府,大阪市,153.0,2.6,↘️北西,,0,9.9,0,61,6.1,7.6,1008.0,192.0,5,1,1
2014-04,大阪府,大阪市,72.5,2.4,↙️北東,,0,14.8,0,55,5.9,9.2,1007.0,217.0,0,1,0
2014-05,大阪府,大阪市,81.0,2.5,➡️西,,0,19.8,0,60,5.8,13.7,1002.5,263.2,0,1,0
2014-06,大阪府,大阪市,74.5,2.6,↙️北東,,0,23.9,0,69,8.4,20.0,997.1,166.4,0,1,0
2014-07,大阪府,大阪市,79.0,2.5,➡️西,,0,27.8,0,70,7.7,25.8,999.4,214.5,0,1,0
2014-08,大阪府,大阪市,341.0,2.7,➡️西,,0,27.8,0,74,8.9,27.3,1000.0,147.4,0,1,0
2014-09,大阪府,大阪市,94.5,2.0,↙️北東,,0,24.0,0,65,6.9,19.2,1002.9,191.8,0,2,0
2014-10,大阪府,大阪市,122.0,2.4,↙️北東,,0,19.5,0,66,6.5,15.0,1007.7,168.3,0,2,0
2014-11,大阪府,大阪市,74.5,2.0,↙️北東,,0,14.2,0,65,6.2,10.6,1009.4,159.7,0,0,0
2014-12,大阪府,大阪市,79.5,3.2,➡️西,,0,6.8,0,62,5.7,6.2,1008.9,146.5,2,0,0
2015-01,大阪府,大阪市,93.0,2.6,➡️西,,0,6.1,0,65,7.0,6.2,1009.4,123.3,8,0,0
2015-02,大阪府,大阪市,25.5,2.6,↙️北東,,0,6.9,0,60,6.9,6.1,1008.6,136.8,4,1,0
2015-03,大阪府,大阪市,174.5,2.5,↙️北東,,0,10.2,0,62,6.0,7.9,1009.1,175.4,3,1,1
2015-04,大阪府,大阪市,107.0,2.7,↙️北東,,0,15.9,0,66,7.7,11.8,1006.6,152.1,0,0,0
2015-05,大阪府,大阪市,104.0,2.3,↙️北東,,0,21.5,0,59,6.7,14.9,1000.9,249.3,0,1,0
2015-06,大阪府,大阪市,196.0,2.4,↙️北東,,0,22.9,0,71,8.7,19.5,998.6,144.1,0,0,0
2015-07,大阪府,大阪市,358.0,2.5,↗️南西,,0,27.0,0,75,8.1,26.4,999.8,168.2,0,1,0
2015-08,大阪府,大阪市,185.5,2.2,↙️北東,,0,28.6,0,69,6.7,26.5,999.1,202.3,0,6,0
2015-09,大阪府,大阪市,163.0,2.5,↙️北東,,0,23.2,0,71,8.0,20.1,1002.7,158.8,0,3,0
2015-10,大阪府,大阪市,40.5,2.3,↙️北東,,0,19.0,0,60,4.1,13.1,1007.4,231.2,0,1,0
2015-11,大阪府,大阪市,111.5,2.2,↙️北東,,0,15.2,0,71,7.4,12.4,1011.6,120.4,0,0,0
2015-12,大阪府,大阪市,90.0,2.2,↙️北東,,0,10.1,0,65,5.9,8.2,1011.7,144.3,0,1,0
2016-01,大阪府,大阪市,66.5,2.3,↙️北東,,0,6.8,0,61,6.4,6.2,1009.9,161.3,5,0,0
2016-02,大阪府,大阪市,81.0,2.4,↙️北東,,0,7.4,0,60,6.0,6.3,1011.5,170.4,3,0,0
2016-03,大阪府,大阪市,91.0,2.4,↙️北東,,0,10.8,0,58,6.1,7.6,1010.3,207.0,1,0,0
2016-04,大阪府,大阪市,127.5,2.5,↙️北東,,0,16.6,0,63,7.5,11.9,1004.3,168.0,0,0,0
2016-05,大阪府,大阪市,136.5,2.4,↙️北東,,0,21.2,0,61,6.8,15.1,1003.6,229.7,0,0,0
2016-06,大阪府,大阪市,325.0,2.4,↙️北東,,0,23.3,0,72,8.1,20.7,999.7,148.0,0,2,0
2016-07,大阪府,大阪市,66.0,2.3,➡️西,,0,28.0,0,70,8.1,26.2,1000.5,214.1,0,2,0
2016-08,大阪府,大阪市,161.5,2.7,↙️北東,,0,29.5,0,63,6.2,25.8,995.4,262.6,0,6,0
2016-09,大阪府,大阪市,183.5,2.3,↙️北東,,0,25.8,0,74,8.8,24.2,1003.0,106.2,0,7,0
2016-10,大阪府,大阪市,42.0,2.6,↙️北東,,0,20.3,0,67,7.7,16.4,1008.1,148.3,0,0,0
2016-11,大阪府,大阪市,69.0,2.1,↙️北東,,0,13.4,0,69,6.6,10.7,1010.4,155.5,0,0,0
2016-12,大阪府,大阪市,104.0,2.2,⬇️北,,0,9.4,0,67,6.2,8.0,1011.4,155.9,1,0,0
2017-01,大阪府,大阪市,33.5,2.4,↙️北東,,0,6.2,0,62,5.9,5.9,1009.9,166.7,8,0,0
2017-02,大阪府,大阪市,45.0,2.3,↙️北東,,0,6.3,0,62,6.4,5.9,1008.8,144.3,9,0,0
2017-03,大阪府,大阪市,46.5,2.5,↙️北東,,0,9.2,0,56,6.8,6.5,1007.1,186.8,0,0,0
2017-04,大阪府,大阪市,94.0,2.5,↙️北東,,0,15.7,0,60,6.2,10.8,1003.9,199.0,0,0,1
2017-05,大阪府,大阪市,96.0,2.3,↗️南西,,0,21.1,0,58,6.5,14.3,1003.3,245.8,0,1,0
2017-06,大阪府,大阪市,167.5,2.4,↙️北東,,0,22.7,0,63,7.5,17.3,999.5,216.0,0,2,0
2017-07,大阪府,大阪市,45.5,2.3,↗️南西,,0,28.8,0,72,8.7,28.1,1000.0,193.7,0,4,0
2017-08,大阪府,大阪市,104.5,2.8,↙️北東,,0,29.2,0,67,7.3,27.0,997.6,214.8,0,3,0
2017-09,大阪府,大阪市,127.5,2.5,↙️北東,,0,24.4,0,66,7.4,19.9,1002.0,158.4,0,1,0
2017-10,大阪府,大阪市,430.0,2.6,↙️北東,,0,18.4,0,76,7.7,16.2,1008.1,105.0,0,0,1
2017-11,大阪府,大阪市,58.0,1.9,⬇️北,,0,12.6,0,66,5.4,9.7,1010.3,178.9,0,1,2
2017-12,大阪府,大阪市,27.5,2.3,➡️西,,0,7.0,0,60,5.6,6.1,1010.7,175.2,0,0,0
2018-01,大阪府,大阪市,51.5,2.4,➡️西,,0,5.0,0,63,5.6,5.7,1008.9,172.7,7,0,0
2018-02,大阪府,大阪市,28.5,2.4,➡️西,,0,5.3,0,58,5.6,5.2,1010.0,186.1,5,0,0
2018-03,大阪府,大阪市,137.0,2.7,⬇️北,,0,11.5,0,60,5.1,8.2,1008.7,223.7,0,1,0
2018-04,大阪府,大阪市,140.0,2.5,↙️北東,,0,16.9,0,60,5.7,11.6,1006.1,218.4,0,0,0
2018-05,大阪府,大阪市,230.5,2.4,↙️北東,,0,20.1,0,65,7.4,15.1,1002.8,203.7,0,1,0
2018-06,大阪府,大阪市,192.0,2.6,↙️北東,,0,23.4,0,72,8.1,20.6,999.6,179.3,0,2,0
2018-07,大阪府,大阪市,332.0,2.5,➡️西,,0,29.5,0,69,6.6,27.8,1000.2,235.4,0,2,0
2018-08,大阪府,大阪市,41.5,2.8,↗️南西,,0,29.7,0,64,5.7,26.6,999.5,260.7,0,4,0
2018-09,大阪府,大阪市,372.0,2.5,↙️北東,,0,24.1,0,77,8.8,22.8,1002.6,91.7,0,4,0
2018-10,大阪府,大阪市,24.0,2.4,⬇️北,,0,19.7,0,64,6.4,14.7,1006.9,198.7,0,0,0
2018-11,大阪府,大阪市,30.5,1.8,⬇️北,,0,14.6,0,66,5.9,11.0,1011.2,161.9,0,0,0
2018-12,大阪府,大阪市,72.0,2.2,⬇️北,,0,9.4,0,67,6.6,8.2,1012.1,133.3,1,1,1
2019-01,大阪府,大阪市,22.5,2.0,⬇️北,,0,6.5,0,62,5.9,5.9,1010.8,147.6,3,1,0
2019-02,大阪府,大阪市,42.5,2.2,⬇️北,,0,7.8,0,63,7.4,6.7,1010.8,123.7,2,0,0
2019-03,大阪府,大阪市,75.0,2.4,⬇️北,,0,10.6,0,61,6.9,7.8,1005.6,161.0,0,3,2
2019-04,大阪府,大阪市,87.0,2.5,⬇️北,,0,14.6,0,58,6.3,10.0,1004.6,210.2,0,1,0
2019-05,大阪府,大阪市,88.5,2.4,⬇️北,,0,21.0,0,54,6.9,13.0,1003.4,268.6,0,2,0
2019-06,大阪府,大阪市,113.5,2.5,↙️北東,,0,23.7,0,69,8.0,20.0,997.6,182.5,0,1,0
2019-07,大阪府,大阪市,202.0,2.3,↙️北東,,0,26.5,0,77,8.4,26.5,999.0,127.6,0,4,0
2019-08,大阪府,大阪市,233.5,2.7,↗️南西,,0,29.1,0,72,7.2,28.7,998.7,212.2,0,4,0
2019-09,大阪府,大阪市,81.0,2.6,↙️北東,,0,26.6,0,69,6.9,23.7,1004.9,198.9,0,4,0
2019-10,大阪府,大阪市,214.0,2.7,↙️北東,,0,20.7,0,71,7.3,17.3,1006.2,135.8,0,2,1
2019-11,大阪府,大阪市,2.0,2.1,⬇️北,,0,14.2,0,63,4.8,10.2,1010.4,193.8,0,0,0
2019-12,大阪府,大阪市,57.5,1.9,⬇️北,,0,9.5,0,67,6.3,8.0,1012.2,139.3,0,0,0
2020-01,大阪府,大阪市,61.0,2.4,⬇️北,,0,8.6,0,64,6.9,7.2,1009.1,126.2,1,0,0
2020-02,大阪府,大阪市,64.0,2.2,⬇️北,,0,8.0,0,61,6.2,6.7,1012.1,138.6,0,0,1
2020-03,大阪府,大阪市,101.0,2.4,⬇️北,,0,11.4,0,61,6.1,8.3,1006.1,191.6,0,0,1
2020-04,大阪府,大阪市,116.5,2.8,⬇️北,,0,13.7,0,55,6.0,8.6,1005.0,227.8,0,0,0
2020-05,大阪府,大阪市,97.0,2.5,↙️北東,,0,20.8,0,63,7.0,15.2,1001.8,221.3,0,0,0
2020-06,大阪府,大阪市,186.0,2.5,↗️南西,,0,24.9,0,69,7.8,21.5,998.1,175.0,0,0,0
2020-07,大阪府,大阪市,413.0,2.4,↗️南西,,0,26.0,0,80,9.6,26.7,999.4,95.2,0,3,0
2020-08,大阪府,大阪市,114.5,2.4,↗️南西,,0,30.7,0,66,5.9,28.6,1001.8,296.3,0,7,0
2020-09,大阪府,大阪市,98.0,2.5,↙️北東,,0,25.8,0,69,8.1,23.0,1001.8,134.6,0,5,0
2020-10,大阪府,大阪市,205.0,2.4,⬇️北,,0,18.7,0,67,5.9,14.4,1007.7,182.8,0,0,0
2020-11,大阪府,大阪市,47.0,1.9,⬇️北,,0,14.7,0,66,5.3,11.1,1012.3,173.2,0,0,0
2020-12,大阪府,大阪市,18.5,2.0,➡️西,,0,8.7,0,61,4.6,6.9,1010.6,187.0,2,0,0
2021-01,大阪府,大阪市,64.5,2.5,➡️西,,0,6.2,0,62,5.5,6.0,1010.6,176.3,4,0,0
2021-02,大阪府,大阪市,45.0,2.5,⬇️北,,0,8.7,0,57,5.1,6.6,1008.8,189.3,5,0,0
2021-03,大阪府,大阪市,145.5,2.5,⬇️北,,0,12.2,0,62,6.3,8.8,1008.9,194.5,0,1,0
2021-04,大阪府,大阪市,224.0,2.6,⬇️北,,0,15.5,0,58,6.3,10.1,1008.5,221.2,0,2,0
2021-05,大阪府,大阪市,340.0,2.4,↗️南西,,0,20.0,0,68,7.8,15.9,1000.9,169.9,0,2,0
2021-06,大阪府,大阪市,172.0,2.0,↙️北東,,0,23.9,0,69,8.2,20.0,999.9,173.6,0,1,0
2021-07,大阪府,大阪市,268.5,2.2,↗️南西,,0,27.9,0,72,7.8,26.7,1000.5,191.0,0,6,0
2021-08,大阪府,大阪市,314.5,2.4,↗️南西,,0,28.1,0,73,8.0,27.5,1000.4,165.2,0,1,0
2021-09,大阪府,大阪市,192.0,2.3,↙️北東,,0,24.8,0,73,8.2,22.6,1003.8,124.9,0,2,0
2021-10,大阪府,大阪市,68.5,2.2,⬇️北,,0,20.3,0,65,5.6,15.9,1009.3,203.1,0,0,0
2021-11,大阪府,大阪市,98.5,2.2,⬇️北,,0,14.1,0,63,5.8,10.2,1008.2,190.5,0,0,0
2021-12,大阪府,大阪市,81.5,2.4,➡️西,,0,8.8,0,64,5.2,7.4,1010.0,180.3,0,0,0
2022-01,大阪府,大阪市,20.0,2.1,⬇️北,,0,5.6,0,61,5.8,5.5,1009.9,162.2,7,0,0
2022-02,大阪府,大阪市,16.5,2.4,➡️西,,0,5.5,0,57,5.1,5.1,1010.6,171.3,5,0,0
2022-03,大阪府,大阪市,104.5,2.3,↙️北東,,0,11.4,0,62,6.8,8.5,1006.9,192.1,0,1,0
2022-04,大阪府,大阪市,116.0,2.6,⬇️北,,0,16.8,0,63,7.0,12.2,1006.7,217.4,0,1,0
2022-05,大阪府,大阪市,80.0,2.2,↙️北東,,0,20.0,0,61,7.1,14.1,1003.2,214.6,0,1,0
2022-06,大阪府,大阪市,101.0,2.5,➡️西,,0,24.4,0,69,7.0,21.2,1000.4,213.4,0,1,0
2022-07,大阪府,大阪市,174.0,2.2,➡️西,,0,28.4,0,72,7.5,27.5,998.2,188.8,0,4,0
2022-08,大阪府,大阪市,73.5,2.4,↗️南西,,0,29.5,0,70,7.7,28.6,999.3,215.4,0,7,0
2022-09,大阪府,大阪市,180.5,3.1,↙️北東,,0,26.2,0,70,7.5,23.9,1002.4,178.2,0,2,0
2022-10,大阪府,大阪市,92.5,2.4,⬇️北,,0,19.0,0,65,5.5,14.4,1009.6,201.6,0,0,0
2022-11,大阪府,大阪市,81.5,1.9,⬇️北,,0,15.2,0,69,4.7,11.8,1009.5,184.9,0,1,0
2022-12,大阪府,大阪市,18.0,2.3,➡️西,,0,7.9,0,59,5.1,6.3,1009.5,179.7,1,0,0
2023-01,大阪府,大阪市,46.0,2.1,⬇️北,,0,6.5,0,63,5.6,6.2,1010.1,161.4,5,0,0
2023-02,大阪府,大阪市,33.5,2.1,⬇️北,,0,7.0,0,62,6.3,6.3,1012.7,134.4,6,0,0
2023-03,大阪府,大阪市,76.0,2.3,⬇️北,,0,13.0,0,58,5.7,8.7,1010.2,225.1,0,1,0
2023-04,大阪府,大阪市,196.5,2.5,⬇️北,,0,15.9,0,62,6.8,11.3,1005.9,193.1,0,2,0
2023-05,大阪府,大阪市,232.0,2.5,↙️北東,,0,20.0,0,64,7.3,14.8,1004.6,226.9,0,1,0
2023-06,大阪府,大阪市,262.0,2.1,↗️南西,,0,23.8,0,73,8.3,21.3,999.5,130.9,0,1,0
2023-07,大阪府,大阪市,100.5,2.4,↗️南西,,0,28.9,0,70,6.4,27.4,1001.3,242.0,0,4,0
2023-08,大阪府,大阪市,163.5,2.7,↙️北東,,0,29.9,0,70,6.5,29.0,998.0,219.4,0,8,0
2023-09,大阪府,大阪市,44.0,2.4,↗️南西,,0,27.9,0,67,7.0,25.0,1002.7,188.0,0,3,0
2023-10,大阪府,大阪市,77.5,2.1,↙️北東,,0,19.3,0,62,5.6,13.8,1006.6,213.7,0,2,0
2023-11,大阪府,大阪市,92.5,2.1,⬇️北,,0,14.4,0,65,4.6,11.0,1009.5,191.4,0,2,0
2023-12,大阪府,大阪市,19.5,2.2,⬇️北,,0,9.3,0,63,5.3,7.7,1011.8,197.7,1,0,0
2024-01,大阪府,大阪市,23.5,2.2,⬇️北,,0,7.1,0,63,5.8,6.5,1010.7,152.1,3,0,0
2024-02,大阪府,大阪市,92.5,2.4,⬇️北,,0,8.4,0,67,7.3,7.6,1012.1,115.7,0,0,0
2024-03,大阪府,大阪市,154.5,2.7,⬇️北,,0,9.5,0,63,6.8,7.6,1006.5,159.1,3,1,0
2024-04,大阪府,大阪市,150.5,2.3,↙️北東,,0,17.8,0,65,7.8,13.1,1004.4,154.9,0,2,0
2024-05,大阪府,大阪市,205.5,2.4,↙️北東,,0,19.4,0,65,6.8,14.4,1004.5,215.8,0,1,0
2024-06,大阪府,大阪市,297.0,2.3,↗️南西,,0,23.9,0,71,7.5,20.8,1000.0,183.4,0,0,0
2024-07,大阪府,大阪市,165.0,2.7,↗️南西,,0,29.6,0,71,7.4,29.0,1000.5,228.4,0,3,0
2024-08,大阪府,大阪市,162.5,2.5,↙️北東,,0,30.4,0,67,6.1,28.7,997.8,250.2,0,8,0
2024-09,大阪府,大阪市,94.5,2.5,↙️北東,,0,28.6,0,68,5.8,26.4,1003.3,212.3,0,3,0
2024-10,大阪府,大阪市,116.5,2.5,↙️北東,,0,22.1,0,69,7.4,18.3,1008.3,154.4,0,0,0
2024-11,大阪府,大阪市,122.0,2.5,⬇️北,,0,15.1,0,65,5.8,11.5,1009.5,173.4,0,1,0
2024-12,大阪府,大阪市,6.0,2.4,➡️西,,0,8.6,0,58,5.1,6.5,1008.5,184.9,1,0,0
2025-01,大阪府,大阪市,22.0,2.4,➡️西,,0,6.8,0,59,4.8,5.8,1010.1,213.7,3,0,0
2025-02,大阪府,大阪市,15.5,2.6,➡️西,,0,5.3,0,60,5.5,5.4,1009.0,173.9,14,0,0
2025-03,大阪府,大阪市,77.0,2.6,↙️北東,,0,10.9,0,62,6.5,8.2,1007.0,165.8,0,1,0
2025-04,大阪府,大阪市,63.5,2.4,↙️北東,,0,15.9,0,59,6.0,10.6,1002.9,213.8,0,2,0
2025-05,大阪府,大阪市,66.5,2.5,↗️南西,,0,18.2,0,59,7.1,12.1,1001.1,81.1,0,0,0
1986-05,愛知県,名古屋市,209.5,3.0,↘️北西,,0,17.9,0,65,6.8,13.2,1003.6,209.2,0,0,1
1986-06,愛知県,名古屋市,214.0,2.8,⬆️南,,0,22.1,0,70,7.6,18.2,1002.9,175.5,0,0,1
1986-07,愛知県,名古屋市,327.0,2.4,⬆️南,,0,24.9,0,78,7.8,24.4,1003.7,164.2,0,5,2
1986-08,愛知県,名古屋市,14.0,3.1,⬆️南,,0,27.3,0,69,6.3,24.7,1002.6,238.8,0,2,0
1986-09,愛知県,名古屋市,79.5,2.6,↘️北西,,0,23.9,0,70,6.7,20.6,1005.2,183.2,0,0,2
1986-10,愛知県,名古屋市,43.5,2.8,↘️北西,,0,16.2,0,64,5.2,12.2,1011.0,195.2,0,1,0
1986-11,愛知県,名古屋市,31.5,2.8,⬇️北,,0,11.4,0,61,5.7,8.4,1014.5,169.8,0,0,1
1986-12,愛知県,名古屋市,90.0,3.0,↘️北西,,0,7.6,0,62,4.1,6.6,1013.2,188.8,1,2,4
1987-01,愛知県,名古屋市,55.5,3.2,↘️北西,,0,4.5,6,63,5.2,5.4,1012.8,189.3,6,0,2
1987-02,愛知県,名古屋市,30.5,3.4,↘️北西,,0,5.4,8,58,5.3,5.2,1010.5,175.3,6,1,1
1987-03,愛知県,名古屋市,194.5,3.4,↘️北西,,0,8.3,4,62,6.5,7.1,1008.8,161.9,4,0,4
1987-04,愛知県,名古屋市,59.5,3.3,↘️北西,,0,14.3,0,54,6.0,8.9,1010.8,231.7,0,0,0
1987-05,愛知県,名古屋市,255.5,3.2,⬆️南,,0,18.6,0,65,7.0,13.8,1008.0,206.4,0,1,2
1987-06,愛知県,名古屋市,69.5,3.0,⬆️南,,0,23.0,0,66,6.5,18.2,1003.4,214.7,0,0,1
1987-07,愛知県,名古屋市,164.0,3.0,⬆️南,,0,26.8,0,71,8.2,24.8,1002.6,158.2,0,2,0
1987-08,愛知県,名古屋市,77.5,2.7,⬆️南,,0,27.8,0,68,7.3,25.3,1003.9,187.8,0,6,0
1987-09,愛知県,名古屋市,197.5,2.7,↘️北西,,0,23.6,0,68,7.2,20.1,1006.8,148.7,0,3,0
1987-10,愛知県,名古屋市,84.5,2.8,↘️北西,,0,18.7,0,68,6.1,14.8,1010.8,171.6,0,1,1
1987-11,愛知県,名古屋市,38.5,2.5,↘️北西,,0,12.4,0,65,5.8,9.5,1013.6,149.7,0,0,1
1987-12,愛知県,名古屋市,7.5,2.6,↘️北西,,0,7.4,0,61,4.6,6.3,1014.3,183.4,1,0,0
1988-01,愛知県,名古屋市,28.0,3.0,↘️北西,,0,5.6,0,62,5.6,5.7,1012.0,154.4,3,0,1
1988-02,愛知県,名古屋市,36.0,3.5,↘️北西,,0,3.4,44,60,5.9,4.6,1013.2,168.3,8,0,1
1988-03,愛知県,名古屋市,142.5,3.6,↘️北西,,0,7.8,0,61,7.1,6.5,1009.7,159.3,4,0,2
1988-04,愛知県,名古屋市,144.0,3.3,↘️北西,,0,13.8,0,58,6.3,9.2,1009.3,185.6,0,0,0
1988-05,愛知県,名古屋市,154.0,3.2,↘️北西,,0,18.2,0,61,6.7,12.6,1005.2,204.6,0,0,1
1988-06,愛知県,名古屋市,358.5,2.7,↖️南東,,0,22.3,0,72,7.8,19.1,1001.4,142.0,0,4,5
1988-07,愛知県,名古屋市,179.5,2.4,⬆️南,,0,24.8,0,75,8.4,23.2,1001.8,128.7,0,0,1
1988-08,愛知県,名古屋市,108.5,2.7,⬆️南,,0,27.2,0,72,7.6,25.7,1001.8,180.8,0,7,0
1988-09,愛知県,名古屋市,307.0,2.5,↘️北西,,0,24.2,0,74,8.6,22.0,1004.4,126.2,0,4,0
1988-10,愛知県,名古屋市,69.0,2.8,↘️北西,,0,16.6,0,66,5.3,12.7,1008.6,180.6,0,0,3
1988-11,愛知県,名古屋市,51.0,2.7,↘️北西,,0,9.6,0,63,3.9,7.6,1009.3,189.2,0,0,0
1988-12,愛知県,名古屋市,11.5,2.8,↘️北西,,0,5.9,2,60,4.2,5.6,1014.0,198.2,2,0,1
1989-01,愛知県,名古屋市,97.5,3.0,↘️北西,,0,6.6,0,64,5.4,6.5,1014.1,170.6,1,0,3
1989-02,愛知県,名古屋市,157.5,3.4,↘️北西,,0,6.9,0,64,5.5,6.6,1012.2,159.5,0,0,3
1989-03,愛知県,名古屋市,95.0,3.9,↘️北西,,0,9.1,0,57,4.8,6.7,1008.8,221.4,0,0,2
1989-04,愛知県,名古屋市,135.5,3.6,↘️北西,,0,14.9,0,57,6.5,9.6,1006.9,221.3,0,1,3
1989-05,愛知県,名古屋市,189.5,2.5,↘️北西,,0,18.0,0,70,7.3,14.1,1005.2,165.3,0,2,5
1989-06,愛知県,名古屋市,285.5,2.9,⬆️南,,0,21.6,0,71,8.1,17.9,1003.6,154.0,0,1,1
1989-07,愛知県,名古屋市,130.5,2.7,⬆️南,,0,25.2,0,73,7.6,23.4,1005.7,165.1,0,3,0
1989-08,愛知県,名古屋市,77.5,3.0,↖️南東,,0,27.6,0,68,6.3,24.5,1001.3,217.6,0,2,0
1989-09,愛知県,名古屋市,331.0,2.9,⬆️南,,0,24.5,0,74,8.3,23.0,1005.8,136.4,0,5,0
1989-10,愛知県,名古屋市,56.0,2.7,↘️北西,,0,17.4,0,65,5.8,12.9,1009.9,184.4,0,1,1
1989-11,愛知県,名古屋市,61.0,2.7,↘️北西,,0,13.0,0,66,5.8,10.3,1013.8,164.3,0,0,0
1989-12,愛知県,名古屋市,27.0,2.9,↘️北西,,0,7.1,0,64,4.5,6.5,1012.1,191.5,1,0,2
1990-01,愛知県,名古屋市,64.0,3.0,↘️北西,,0,4.2,2,64,6.1,5.4,1014.2,165.3,8,0,2
1990-02,愛知県,名古屋市,137.0,3.2,↘️北西,,0,8.5,0,66,7.2,7.4,1015.7,128.2,1,0,2
1990-03,愛知県,名古屋市,114.5,3.8,↘️北西,,0,9.6,0,58,5.7,7.1,1010.6,202.7,2,1,2
1990-04,愛知県,名古屋市,108.0,3.5,↘️北西,,0,14.4,0,61,5.9,10.1,1007.3,210.7,0,1,1
1990-05,愛知県,名古屋市,156.5,3.3,↘️北西,,0,18.7,0,62,7.1,13.2,1007.3,218.3,0,0,1
1990-06,愛知県,名古屋市,144.0,2.9,⬆️南,,0,23.7,0,71,7.9,20.6,1003.7,166.4,0,1,0
1990-07,愛知県,名古屋市,209.5,2.6,⬆️南,,0,26.9,0,73,8.1,25.5,1002.5,173.0,0,3,1
1990-08,愛知県,名古屋市,100.0,3.2,⬆️南,,0,28.4,0,66,5.9,25.5,1002.5,243.1,0,2,0
1990-09,愛知県,名古屋市,516.0,2.8,↘️北西,,0,24.6,0,73,7.3,22.4,1007.0,130.9,0,5,0
1990-10,愛知県,名古屋市,185.5,2.6,↘️北西,,0,18.4,0,69,6.3,14.7,1010.2,168.9,0,1,1
1990-11,愛知県,名古屋市,150.5,2.7,↘️北西,,0,14.1,0,68,5.1,11.0,1012.2,189.4,0,1,2
1990-12,愛知県,名古屋市,18.0,2.9,↘️北西,,0,7.8,2,65,4.2,6.9,1012.2,183.8,2,1,0
1991-01,愛知県,名古屋市,44.0,3.5,↘️北西,,0,4.6,4,66,5.2,5.6,1011.2,183.4,6,0,0
1991-02,愛知県,名古屋市,67.5,3.6,↘️北西,,0,4.2,10,62,5.4,5.2,1009.9,168.8,7,0,1
1991-03,愛知県,名古屋市,182.0,3.3,↘️北西,,0,9.7,0,64,6.6,7.8,1011.4,161.6,1,0,4
1991-04,愛知県,名古屋市,103.0,3.1,↘️北西,,0,15.2,0,64,6.4,11.1,1009.2,190.9,0,0,4
1991-05,愛知県,名古屋市,99.5,2.9,⬆️南,,0,18.6,0,66,7.2,14.2,1006.6,182.5,0,0,3
1991-06,愛知県,名古屋市,286.5,2.6,⬆️南,,0,23.8,0,76,8.4,22.1,1002.0,135.0,0,3,2
1991-07,愛知県,名古屋市,256.5,2.7,⬆️南,,0,26.6,0,75,8.3,25.8,1001.6,127.8,0,9,1
1991-08,愛知県,名古屋市,194.0,2.8,⬆️南,,0,26.8,0,72,7.4,25.0,1000.5,176.3,0,0,0
1991-09,愛知県,名古屋市,348.0,2.9,⬇️北,,0,24.8,0,73,7.3,22.6,1005.5,141.6,0,0,3
1991-10,愛知県,名古屋市,206.5,2.9,↘️北西,,0,17.9,0,73,7.1,15.1,1006.2,132.2,0,0,5
1991-11,愛知県,名古屋市,132.5,2.6,↘️北西,,0,12.2,0,66,5.2,9.4,1014.3,175.4,0,1,2
1991-12,愛知県,名古屋市,70.0,2.6,↘️北西,,0,8.2,4,68,4.7,7.4,1014.1,172.8,4,0,2
1992-01,愛知県,名古屋市,32.0,2.7,↘️北西,,0,6.0,1,64,5.0,6.0,1012.7,170.1,3,0,0
1992-02,愛知県,名古屋市,27.0,3.3,↘️北西,,0,5.3,0,60,5.5,5.3,1010.0,188.5,5,0,0
1992-03,愛知県,名古屋市,146.5,3.3,↘️北西,,0,10.1,0,63,7.4,7.8,1011.7,153.0,0,0,1
1992-04,愛知県,名古屋市,171.0,3.5,↘️北西,,0,14.6,0,61,5.4,10.0,1005.3,207.0,0,1,0
1992-05,愛知県,名古屋市,149.5,2.9,↘️北西,,0,17.4,0,65,6.6,12.7,1004.5,196.4,0,3,2
1992-06,愛知県,名古屋市,158.5,2.8,⬆️南,,0,21.7,0,70,8.2,17.8,1002.6,164.0,0,3,0
1992-07,愛知県,名古屋市,129.0,2.4,↘️北西,,0,26.6,0,69,7.7,23.5,1002.3,200.7,0,5,0
1992-08,愛知県,名古屋市,105.5,3.3,⬆️南,,0,27.4,0,73,7.2,26.2,1005.1,177.5,0,4,0
1992-09,愛知県,名古屋市,114.5,3.4,↘️北西,,0,23.8,0,63,6.2,18.6,1006.0,197.5,0,1,0
1992-10,愛知県,名古屋市,199.5,2.6,⬇️北,,0,17.8,0,73,6.2,15.1,1009.9,159.5,0,3,0
1992-11,愛知県,名古屋市,91.0,2.5,↘️北西,,0,12.0,0,68,5.2,9.7,1014.5,167.8,0,0,1
1992-12,愛知県,名古屋市,89.5,3.0,↘️北西,,0,7.7,0,70,5.7,7.6,1013.4,156.2,2,1,1
1993-01,愛知県,名古屋市,61.5,2.8,↘️北西,,0,5.9,9,67,6.5,6.3,1012.1,125.7,2,0,1
1993-02,愛知県,名古屋市,109.5,3.5,↘️北西,,0,5.9,0,62,4.7,5.8,1009.5,178.7,4,0,0
1993-03,愛知県,名古屋市,62.0,3.8,↘️北西,,0,8.0,0,54,4.9,5.7,1010.0,231.5,3,0,0
1993-04,愛知県,名古屋市,78.0,3.3,↘️北西,,0,13.3,0,57,5.5,8.8,1007.0,201.5,0,0,0
1993-05,愛知県,名古屋市,96.5,3.1,⬆️南,,0,18.0,0,64,6.8,12.8,1005.9,203.8,0,0,0
1993-06,愛知県,名古屋市,305.5,3.0,⬆️南,,0,21.6,0,75,7.7,19.2,1001.2,157.8,0,1,1
1993-07,愛知県,名古屋市,301.0,2.6,⬆️南,,0,23.6,0,81,8.8,23.5,1002.2,94.4,0,1,1
1993-08,愛知県,名古屋市,164.0,2.7,⬆️南,,0,25.2,0,77,8.1,24.4,1002.7,135.6,0,4,0
1993-09,愛知県,名古屋市,292.5,2.7,↘️北西,,0,22.2,0,75,7.8,20.1,1006.3,114.7,0,1,0
1993-10,愛知県,名古屋市,86.0,2.8,↘️北西,,0,16.8,0,65,5.8,12.5,1011.2,174.2,0,0,1
1993-11,愛知県,名古屋市,114.5,2.5,↘️北西,,0,13.0,0,71,6.0,10.7,1014.9,151.8,0,1,1
1993-12,愛知県,名古屋市,55.5,3.1,↘️北西,,0,6.9,2,67,5.2,6.7,1013.5,164.8,3,1,0
1994-01,愛知県,名古屋市,25.0,2.8,↘️北西,,0,4.7,0,59,4.8,5.0,1011.1,197.4,5,0,1
1994-02,愛知県,名古屋市,77.5,3.9,↘️北西,,0,4.6,24,60,4.9,5.0,1006.6,190.3,7,0,0
1994-03,愛知県,名古屋市,53.0,3.6,↘️北西,,0,7.4,0,54,5.6,5.5,1012.0,214.6,1,0,2
1994-04,愛知県,名古屋市,81.0,3.2,↘️北西,,0,15.4,0,56,6.5,9.7,1008.5,231.8,0,1,0
1994-05,愛知県,名古屋市,88.5,3.3,⬆️南,,0,19.8,0,61,6.6,13.9,1004.8,223.0,0,0,0
1994-06,愛知県,名古屋市,114.0,2.7,↘️北西,,0,22.9,0,69,7.4,18.9,1002.1,172.0,0,1,0
1994-07,愛知県,名古屋市,70.5,2.8,⬆️南,,0,28.9,0,67,6.8,26.3,1001.3,242.2,0,3,0
1994-08,愛知県,名古屋市,43.0,3.1,⬆️南,,0,29.3,0,66,5.7,26.3,1006.1,275.7,0,8,0
1994-09,愛知県,名古屋市,376.5,2.8,↘️北西,,0,24.9,0,70,6.8,21.5,1002.3,174.1,0,8,0
1994-10,愛知県,名古屋市,72.0,2.7,↘️北西,,0,19.8,0,67,6.4,15.3,1010.4,168.6,0,2,0
1994-11,愛知県,名古屋市,34.5,2.6,↘️北西,,0,13.3,0,63,4.9,9.8,1016.2,178.1,0,0,0
1994-12,愛知県,名古屋市,25.5,3.0,↘️北西,,0,7.7,0,63,5.5,6.7,1014.4,155.6,0,0,1
1995-01,愛知県,名古屋市,53.0,3.1,↘️北西,,0,4.0,2,65,5.1,5.3,1010.8,172.9,11,0,0
1995-02,愛知県,名古屋市,31.0,3.6,↘️北西,,0,5.3,1,55,4.3,4.8,1011.1,211.3,4,1,0
1995-03,愛知県,名古屋市,123.0,3.5,↘️北西,,0,8.9,0,62,5.6,7.1,1009.3,200.1,0,0,0
1995-04,愛知県,名古屋市,202.5,3.2,↘️北西,,0,13.5,0,63,6.6,10.0,1008.8,164.8,0,0,0
1995-05,愛知県,名古屋市,200.0,3.1,⬆️南,,0,18.3,0,68,6.9,13.9,1005.9,188.8,0,0,0
1995-06,愛知県,名古屋市,99.5,2.7,↘️北西,,0,21.5,0,70,7.9,17.7,1001.4,147.3,0,1,0
1995-07,愛知県,名古屋市,368.5,2.4,⬆️南,,0,26.5,0,76,7.5,25.8,1003.7,145.4,0,7,0
1995-08,愛知県,名古屋市,51.0,2.9,↘️北西,,0,30.1,0,60,5.0,25.2,1005.3,293.6,0,4,0
1995-09,愛知県,名古屋市,105.0,3.1,↘️北西,,0,23.0,0,66,7.7,18.4,1005.2,153.3,0,1,0
1995-10,愛知県,名古屋市,98.0,2.6,↘️北西,,0,18.7,0,66,5.3,14.1,1010.6,193.8,0,1,1
1995-11,愛知県,名古屋市,58.0,3.1,↘️北西,,0,10.1,0,61,3.6,7.5,1009.8,207.3,0,1,0
1995-12,愛知県,名古屋市,3.5,3.1,↘️北西,,0,5.2,2,60,4.5,5.2,1012.2,210.4,7,0,0
1996-01,愛知県,名古屋市,21.0,3.2,↘️北西,,0,4.5,14,63,5.9,5.4,1011.3,162.8,7,0,1
1996-02,愛知県,名古屋市,30.5,3.3,↘️北西,,0,3.8,6,57,5.1,4.6,1012.2,193.5,6,0,0
1996-03,愛知県,名古屋市,202.0,3.8,↘️北西,,0,7.8,0,64,6.4,6.8,1009.1,181.6,4,2,1
1996-04,愛知県,名古屋市,34.5,3.8,↘️北西,,0,12.0,0,54,4.5,7.6,1008.9,253.5,0,1,0
1996-05,愛知県,名古屋市,104.0,3.4,↘️北西,,0,18.4,0,63,6.4,13.2,1006.5,187.2,0,0,0
1996-06,愛知県,名古屋市,176.0,2.7,⬆️南,,0,22.7,0,78,9.0,21.1,1003.0,99.5,0,1,0
1996-07,愛知県,名古屋市,135.5,2.7,⬆️南,,0,26.9,0,73,6.4,25.4,1003.4,215.3,0,2,0
1996-08,愛知県,名古屋市,101.5,2.9,⬆️南,,0,27.0,0,73,7.8,25.3,1003.7,158.6,0,2,0
1996-09,愛知県,名古屋市,104.0,2.7,↘️北西,,0,22.5,0,75,7.7,20.0,1005.7,139.4,0,0,2
1996-10,愛知県,名古屋市,106.0,2.5,↘️北西,,0,17.3,0,71,5.3,14.0,1011.1,196.7,0,1,1
1996-11,愛知県,名古屋市,82.5,2.9,↘️北西,,0,12.0,0,73,6.7,10.5,1012.5,133.2,0,0,1
1996-12,愛知県,名古屋市,59.5,2.6,↘️北西,,0,6.9,2,73,3.9,7.2,1012.6,207.3,3,0,1
1997-01,愛知県,名古屋市,21.5,3.3,↘️北西,,0,4.3,5,68,4.5,5.6,1008.8,192.6,6,0,0
1997-02,愛知県,名古屋市,27.5,3.5,↘️北西,,0,4.8,0,62,4.3,5.2,1011.4,200.6,9,0,0
1997-03,愛知県,名古屋市,86.0,3.5,↘️北西,,0,9.6,0,57,5.7,6.8,1011.9,204.2,0,0,0
1997-04,愛知県,名古屋市,131.5,3.0,↘️北西,,0,14.7,0,61,6.1,10.1,1008.6,194.6,0,1,5
1997-05,愛知県,名古屋市,162.5,2.9,↘️北西,,0,18.9,0,72,7.1,15.5,1003.8,200.3,0,1,1
1997-06,愛知県,名古屋市,150.0,2.9,⬆️南,,0,22.7,0,75,8.0,20.4,1003.1,156.3,0,1,0
1997-07,愛知県,名古屋市,450.0,2.8,⬆️南,,0,25.8,0,80,8.4,26.1,1002.8,144.6,0,4,0
1997-08,愛知県,名古屋市,62.5,2.7,⬆️南,,0,27.4,0,72,6.7,25.6,1004.3,198.4,0,3,0
1997-09,愛知県,名古屋市,218.0,2.9,↘️北西,,0,23.6,0,74,6.7,21.5,1005.4,153.0,0,1,0
1997-10,愛知県,名古屋市,9.5,2.5,↘️北西,,0,16.9,0,66,5.1,12.7,1009.8,208.8,0,0,0
1997-11,愛知県,名古屋市,229.5,2.9,↘️北西,,0,12.8,0,70,5.2,10.5,1013.6,165.6,0,2,2
1997-12,愛知県,名古屋市,61.5,2.8,↘️北西,,0,7.7,0,69,5.4,7.3,1014.3,174.1,3,0,1
1998-01,愛知県,名古屋市,154.5,3.1,↘️北西,,0,4.5,0,73,6.2,6.1,1012.1,157.6,4,1,1
1998-02,愛知県,名古屋市,88.5,3.1,↘️北西,,0,6.8,4,66,5.9,6.6,1012.3,172.8,3,1,0
1998-03,愛知県,名古屋市,94.0,3.7,↘️北西,,0,9.8,0,58,6.2,7.0,1010.8,198.6,1,0,1
1998-04,愛知県,名古屋市,212.0,3.1,⬆️南,,0,17.2,0,73,7.1,14.4,1009.9,169.6,0,2,2
1998-05,愛知県,名古屋市,271.5,3.0,⬆️南,,0,20.3,0,76,8.3,17.8,1008.6,137.5,0,1,0
1998-06,愛知県,名古屋市,203.0,2.7,↘️北西,,0,22.4,0,79,8.7,21.2,1004.0,127.1,0,0,0
1998-07,愛知県,名古屋市,242.0,2.7,⬆️南,,0,26.8,0,75,8.3,26.0,1001.6,163.0,0,3,0
1998-08,愛知県,名古屋市,119.5,2.8,⬆️南,,0,28.5,0,73,8.5,28.1,1002.6,186.0,0,6,0
1998-09,愛知県,名古屋市,279.5,2.7,↘️北西,,0,24.7,0,79,7.9,24.3,1005.6,123.0,0,1,1
1998-10,愛知県,名古屋市,268.0,2.7,↘️北西,,0,19.9,0,78,7.6,18.3,1009.8,127.6,0,1,0
1998-11,愛知県,名古屋市,7.0,2.7,↘️北西,,0,12.1,0,68,5.6,9.7,1011.6,167.5,0,0,0
1998-12,愛知県,名古屋市,40.0,2.6,↘️北西,,0,8.2,0,70,4.6,7.7,1014.1,173.2,0,0,0
1999-01,愛知県,名古屋市,33.5,3.0,↘️北西,,0,4.7,15,72,5.8,6.1,1010.1,163.2,7,0,0
1999-02,愛知県,名古屋市,54.5,3.3,↘️北西,,0,4.8,3,66,5.3,5.6,1011.1,180.8,2,0,0
1999-03,愛知県,名古屋市,102.0,3.3,↘️北西,,0,9.9,0,66,7.4,8.2,1009.5,153.6,2,0,2
1999-04,愛知県,名古屋市,100.5,3.4,↘️北西,,0,14.4,0,67,6.2,11.0,1007.2,187.2,0,3,0
1999-05,愛知県,名古屋市,176.5,3.0,⬆️南,,0,19.5,0,65,6.5,14.4,1005.6,233.7,0,1,1
1999-06,愛知県,名古屋市,315.5,2.7,⬆️南,,0,22.8,0,76,8.2,20.9,1003.5,144.2,0,0,0
1999-07,愛知県,名古屋市,161.0,2.8,⬆️南,,0,26.0,0,79,8.3,26.3,1002.9,155.7,0,3,0
1999-08,愛知県,名古屋市,169.0,3.3,↖️南東,,0,27.9,0,76,6.9,28.1,1004.1,194.7,0,5,0
1999-09,愛知県,名古屋市,355.0,2.7,⬆️南,,0,25.8,0,81,8.0,26.8,1006.6,123.3,0,11,0
1999-10,愛知県,名古屋市,68.0,2.7,↘️北西,,0,19.2,0,68,6.3,15.4,1010.9,175.0,0,2,0
1999-11,愛知県,名古屋市,92.0,2.7,↘️北西,,0,12.8,0,70,4.4,10.4,1011.8,191.6,0,0,2
1999-12,愛知県,名古屋市,1.0,2.8,↘️北西,,0,6.8,0,65,4.4,6.5,1013.9,184.4,2,0,0
2000-01,愛知県,名古屋市,56.5,3.2,↘️北西,,0,6.1,0,64,5.5,6.2,1013.5,171.2,2,1,0
2000-02,愛知県,名古屋市,34.0,3.6,↘️北西,,0,3.5,20,65,5.2,5.0,1009.2,183.9,11,0,1
2000-03,愛知県,名古屋市,106.5,3.8,↘️北西,,0,7.6,0,59,5.5,6.2,1008.7,203.5,3,1,1
2000-04,愛知県,名古屋市,150.0,3.4,↘️北西,,0,13.8,0,59,6.2,9.2,1005.7,198.6,0,1,0
2000-05,愛知県,名古屋市,115.5,3.0,⬆️南,,0,19.9,0,68,6.7,15.3,1005.1,195.1,0,4,0
2000-06,愛知県,名古屋市,236.0,2.5,⬆️南,,0,22.6,0,76,8.3,20.6,1002.5,134.7,0,2,0
2000-07,愛知県,名古屋市,74.5,3.1,⬆️南,,0,28.0,0,68,6.7,25.2,1001.9,213.0,0,3,0
2000-08,愛知県,名古屋市,17.0,2.7,⬆️南,,0,28.8,0,66,6.2,25.6,1004.7,244.6,0,5,0
2000-09,愛知県,名古屋市,707.5,3.0,⬆️南,,0,24.9,0,68,6.3,21.4,1005.2,179.0,0,8,0
2000-10,愛知県,名古屋市,135.0,2.5,↘️北西,,0,18.9,0,70,7.0,15.2,1010.4,140.5,0,0,0
2000-11,愛知県,名古屋市,74.0,2.7,↘️北西,,0,13.7,0,68,6.6,10.9,1013.3,135.7,0,1,2
2000-12,愛知県,名古屋市,29.0,2.8,↘️北西,,0,7.0,1,66,5.0,6.5,1012.8,162.5,2,0,0
2001-01,愛知県,名古屋市,134.0,3.4,↘️北西,,0,3.6,11,66,6.3,5.3,1010.2,141.0,11,1,0
2001-02,愛知県,名古屋市,46.0,3.3,↘️北西,,0,5.5,0,59,5.4,5.3,1012.5,157.5,3,0,0
2001-03,愛知県,名古屋市,69.5,3.4,↘️北西,,0,8.5,0,60,6.4,6.7,1005.7,181.3,5,0,0
2001-04,愛知県,名古屋市,25.0,3.1,↘️北西,,0,14.8,0,55,5.6,9.2,1008.7,218.5,0,1,0
2001-05,愛知県,名古屋市,150.0,2.9,↖️南東,,0,19.9,0,65,7.3,14.8,1004.6,178.1,0,2,0
2001-06,愛知県,名古屋市,161.5,2.6,⬆️南,,0,23.3,0,70,8.8,19.9,1001.9,138.6,0,2,0
2001-07,愛知県,名古屋市,29.0,2.9,⬆️南,,0,28.5,0,65,6.2,24.9,1003.1,224.5,0,4,0
2001-08,愛知県,名古屋市,378.5,2.7,⬆️南,,0,27.4,0,69,7.8,24.8,1002.6,184.4,0,4,0
2001-09,愛知県,名古屋市,169.5,2.7,↘️北西,,0,23.7,0,67,6.4,19.5,1005.7,181.9,0,0,0
2001-10,愛知県,名古屋市,166.0,2.7,↘️北西,,0,18.4,0,67,6.1,14.1,1010.4,171.7,0,0,0
2001-11,愛知県,名古屋市,52.0,2.6,↘️北西,,0,11.6,0,62,4.2,8.4,1011.2,183.6,0,0,0
2001-12,愛知県,名古屋市,34.0,3.1,↘️北西,,0,6.7,0,63,5.3,6.1,1014.2,186.0,4,0,0
2002-01,愛知県,名古屋市,88.5,3.1,↘️北西,,0,4.9,17,67,6.7,5.9,1008.9,125.9,9,1,2
2002-02,愛知県,名古屋市,31.0,2.9,↘️北西,,0,6.1,4,60,6.0,5.6,1012.8,163.6,5,0,0
2002-03,愛知県,名古屋市,111.0,3.4,↘️北西,,0,10.4,0,55,5.7,6.9,1009.1,221.9,0,0,0
2002-04,愛知県,名古屋市,94.0,3.3,↘️北西,,0,15.8,0,59,7.2,10.6,1009.7,161.3,0,0,0
2002-05,愛知県,名古屋市,95.0,2.9,↘️北西,,0,19.0,0,65,7.4,13.8,1005.6,164.5,0,2,1
2002-06,愛知県,名古屋市,89.5,2.9,⬆️南,,0,22.8,0,65,7.7,17.6,1002.2,179.1,0,3,1
2002-07,愛知県,名古屋市,150.0,3.1,⬆️南,,0,27.8,0,71,7.9,26.3,1002.1,171.0,0,5,0
2002-08,愛知県,名古屋市,19.0,3.4,⬆️南,,0,28.5,0,62,5.9,23.9,1003.4,235.4,0,5,0
2002-09,愛知県,名古屋市,108.0,2.7,↘️北西,,0,24.0,0,65,7.2,19.4,1006.7,149.4,0,2,0
2002-10,愛知県,名古屋市,163.5,2.7,↘️北西,,0,18.0,0,64,5.1,13.3,1008.9,200.5,0,1,0
2002-11,愛知県,名古屋市,44.0,2.8,↘️北西,,0,9.4,0,64,6.0,7.6,1010.6,149.3,0,0,0
2002-12,愛知県,名古屋市,89.0,2.8,↘️北西,,0,6.7,0,65,5.9,6.4,1013.4,147.9,3,0,0
2003-01,愛知県,名古屋市,95.0,3.3,↘️北西,,0,3.8,1,61,5.0,4.9,1010.4,182.4,10,0,0
2003-02,愛知県,名古屋市,60.5,3.4,↘️北西,,0,5.9,0,56,4.9,5.2,1011.4,185.9,1,0,0
2003-03,愛知県,名古屋市,110.5,3.9,↘️北西,,0,7.9,0,52,5.3,5.6,1010.6,224.9,0,0,0
2003-04,愛知県,名古屋市,193.0,3.4,↘️北西,,0,14.8,0,66,7.4,11.2,1008.4,136.0,0,1,2
2003-05,愛知県,名古屋市,114.0,2.8,⬆️南,,0,19.1,0,68,7.3,14.9,1008.1,148.7,0,2,0
2003-06,愛知県,名古屋市,162.0,2.7,⬆️南,,0,22.6,0,74,8.0,20.2,1002.0,119.2,0,1,0
2003-07,愛知県,名古屋市,379.5,2.5,⬆️南,,0,23.7,0,81,8.7,23.4,1002.5,95.1,0,3,0
2003-08,愛知県,名古屋市,324.5,2.8,⬆️南,,0,26.9,0,77,8.1,27.1,1003.3,138.3,0,4,0
2003-09,愛知県,名古屋市,150.0,3.0,↘️北西,,0,24.9,0,70,5.9,22.1,1006.3,198.6,0,2,0
2003-10,愛知県,名古屋市,93.0,2.8,↘️北西,,0,16.9,0,66,5.5,12.6,1009.5,166.7,0,1,0
2003-11,愛知県,名古屋市,190.0,2.4,↘️北西,,0,14.5,0,76,6.8,12.7,1013.3,121.7,0,0,1
2003-12,愛知県,名古屋市,33.0,3.2,↘️北西,,0,7.1,9,70,5.2,7.1,1010.5,172.6,2,0,0
2004-01,愛知県,名古屋市,18.5,3.3,↘️北西,,0,4.3,0,63,4.9,5.2,1011.0,206.5,6,0,0
2004-02,愛知県,名古屋市,40.5,3.2,↘️北西,,0,6.2,0,63,5.4,6.0,1010.4,179.6,6,0,0
2004-03,愛知県,名古屋市,71.5,3.3,↘️北西,,0,9.1,0,59,5.8,6.9,1011.0,205.7,3,0,0
2004-04,愛知県,名古屋市,88.5,3.4,↘️北西,,0,15.6,0,55,5.1,9.6,1006.1,247.5,0,0,0
2004-05,愛知県,名古屋市,227.5,3.0,⬆️南,,0,20.0,0,73,7.9,16.8,1005.3,166.7,0,1,0
2004-06,愛知県,名古屋市,186.5,2.9,⬆️南,,0,24.0,0,71,7.6,21.0,1004.3,164.6,0,2,0
2004-07,愛知県,名古屋市,64.0,3.2,⬆️南,,0,28.6,0,66,6.5,25.4,1002.7,236.0,0,6,0
2004-08,愛知県,名古屋市,114.0,3.2,⬆️南,,0,27.5,0,70,8.0,25.3,1003.6,166.1,0,7,0
2004-09,愛知県,名古屋市,450.5,2.8,⬆️南,,0,25.0,0,75,8.1,23.5,1008.7,127.9,0,5,0
2004-10,愛知県,名古屋市,489.5,2.9,↘️北西,,0,18.3,0,71,6.4,15.1,1009.6,151.0,0,2,0
2004-11,愛知県,名古屋市,94.5,2.5,↘️北西,,0,14.1,0,68,4.5,11.0,1013.4,181.0,0,1,0
2004-12,愛知県,名古屋市,102.0,2.9,↘️北西,,0,8.6,0,65,4.9,7.4,1013.1,177.0,1,0,1
2005-01,愛知県,名古屋市,10.5,3.3,↘️北西,,0,4.6,0,63,5.5,5.3,1008.6,186.6,4,0,0
2005-02,愛知県,名古屋市,67.5,3.6,↘️北西,,0,4.8,7,65,6.3,5.5,1010.8,150.8,5,0,0
2005-03,愛知県,名古屋市,131.5,3.4,↘️北西,,0,7.8,0,62,6.4,6.6,1009.3,182.7,3,0,0
2005-04,愛知県,名古屋市,57.0,3.1,↘️北西,,0,15.0,0,57,5.5,9.6,1008.5,220.9,0,2,0
2005-05,愛知県,名古屋市,111.5,3.2,↘️北西,,0,18.3,0,62,6.5,12.8,1004.4,234.6,0,1,0
2005-06,愛知県,名古屋市,57.5,2.5,⬆️南,,0,24.0,0,69,8.3,20.5,1001.2,151.3,0,2,0
2005-07,愛知県,名古屋市,138.5,2.7,⬆️南,,0,26.7,0,71,8.2,24.6,1000.8,136.9,0,4,0
2005-08,愛知県,名古屋市,84.5,3.0,⬆️南,,0,28.1,0,68,7.2,25.4,1003.2,176.3,0,7,1
2005-09,愛知県,名古屋市,69.5,2.9,↘️北西,,0,25.5,0,69,7.4,22.3,1008.5,166.9,0,1,0
2005-10,愛知県,名古屋市,92.5,2.3,↘️北西,,0,19.0,0,71,7.1,15.6,1010.2,151.1,0,0,0
2005-11,愛知県,名古屋市,47.0,2.5,↘️北西,,0,11.6,0,63,4.7,8.6,1011.3,196.6,0,0,0
2005-12,愛知県,名古屋市,33.0,2.7,↘️北西,,0,3.4,38,70,5.8,5.4,1009.3,147.0,13,1,0
2006-01,愛知県,名古屋市,49.5,3.3,↘️北西,,0,3.8,0,61,5.6,4.9,1012.9,170.5,6,0,2
2006-02,愛知県,名古屋市,124.5,3.1,↘️北西,,0,5.5,0,65,6.4,6.0,1014.0,143.5,4,0,2
2006-03,愛知県,名古屋市,117.5,3.5,↘️北西,,0,7.8,0,61,5.6,6.4,1007.0,192.6,4,0,3
2006-04,愛知県,名古屋市,104.5,3.3,↘️北西,,0,13.0,0,56,7.0,8.4,1005.0,145.6,0,1,0
2006-05,愛知県,名古屋市,205.0,3.0,⬆️南,,0,18.7,0,68,7.5,14.5,1007.7,141.5,0,0,1
2006-06,愛知県,名古屋市,221.0,2.4,↖️南東,,0,23.3,0,67,8.6,18.8,1002.7,141.7,0,1,1
2006-07,愛知県,名古屋市,275.0,2.5,⬆️南,,0,26.2,0,73,8.7,24.6,1002.0,118.5,0,3,0
2006-08,愛知県,名古屋市,89.0,2.5,⬆️南,,0,28.5,0,64,6.6,24.6,1002.7,217.4,0,3,0
2006-09,愛知県,名古屋市,167.0,2.7,↘️北西,,0,23.9,0,68,7.1,20.0,1005.5,173.2,0,2,0
2006-10,愛知県,名古屋市,89.0,2.6,↘️北西,,0,19.5,0,66,5.5,14.8,1009.2,197.4,0,0,0
2006-11,愛知県,名古屋市,59.0,2.5,↘️北西,,0,13.2,0,65,6.3,10.0,1010.4,155.4,0,3,2
2006-12,愛知県,名古屋市,110.5,2.8,↘️北西,,0,7.6,0,65,6.1,6.8,1014.6,146.3,1,0,2
2007-01,愛知県,名古屋市,36.5,2.8,↘️北西,,0,6.1,1,60,6.2,5.6,1014.3,171.8,1,0,0
2007-02,愛知県,名古屋市,62.0,3.4,↘️北西,,0,7.7,0,55,5.0,5.7,1011.0,190.9,1,0,0
2007-03,愛知県,名古屋市,86.5,3.7,↘️北西,,0,9.0,0,51,5.6,6.0,1010.0,201.3,5,2,1
2007-04,愛知県,名古屋市,29.5,3.4,↘️北西,,0,14.0,0,52,6.5,8.3,1008.3,205.6,0,1,0
2007-05,愛知県,名古屋市,128.0,3.4,↘️北西,,0,19.0,0,58,6.2,12.4,1002.3,241.3,0,3,0
2007-06,愛知県,名古屋市,210.0,2.6,⬆️南,,0,23.1,0,66,8.0,18.5,1003.4,179.7,0,3,0
2007-07,愛知県,名古屋市,339.5,2.8,↘️北西,,0,25.2,0,72,8.0,22.7,999.0,127.0,0,4,0
2007-08,愛知県,名古屋市,60.0,2.7,⬆️南,,0,29.1,0,64,6.5,25.1,1005.5,233.1,0,8,0
2007-09,愛知県,名古屋市,119.0,2.6,⬆️南,,0,26.1,0,69,7.8,23.1,1006.1,141.0,0,2,0
2007-10,愛知県,名古屋市,90.5,2.4,↘️北西,,0,19.1,0,64,6.6,14.1,1010.7,152.0,0,0,1
2007-11,愛知県,名古屋市,18.0,2.5,↘️北西,,0,12.5,0,61,6.1,9.0,1012.1,137.9,0,1,0
2007-12,愛知県,名古屋市,90.0,2.7,↘️北西,,0,8.0,0,65,6.4,7.0,1010.8,143.4,0,0,0
2008-01,愛知県,名古屋市,26.5,3.1,↘️北西,,0,5.1,0,57,5.9,5.0,1012.9,163.7,5,0,0
2008-02,愛知県,名古屋市,52.0,3.5,↘️北西,,0,4.0,13,57,5.6,4.6,1011.1,185.2,13,0,0
2008-03,愛知県,名古屋市,152.0,3.4,↘️北西,,0,10.4,0,54,5.4,6.8,1009.2,223.6,0,0,0
2008-04,愛知県,名古屋市,198.5,3.3,↘️北西,,0,15.3,0,58,6.2,10.0,1007.1,218.6,0,0,0
2008-05,愛知県,名古屋市,211.5,3.0,↘️北西,,0,19.6,0,60,7.3,13.3,1004.5,183.9,0,1,0
2008-06,愛知県,名古屋市,228.5,2.4,⬆️南,,0,22.4,0,69,9.0,18.6,1003.3,121.9,0,3,1
2008-07,愛知県,名古屋市,33.5,2.6,⬆️南,,0,28.2,0,64,7.0,24.3,1002.8,211.9,0,4,0
2008-08,愛知県,名古屋市,339.5,2.6,⬆️南,,0,28.1,0,65,7.8,24.3,1001.9,181.2,0,7,0
2008-09,愛知県,名古屋市,171.0,2.5,↘️北西,,0,24.3,0,67,7.0,20.4,1005.6,152.6,0,3,0
2008-10,愛知県,名古屋市,101.5,2.3,⬇️北,,0,19.0,0,65,6.5,14.3,1011.0,159.3,0,0,0
2008-11,愛知県,名古屋市,41.0,2.5,↘️北西,,0,12.2,0,62,6.4,8.9,1011.6,142.8,0,0,1
2008-12,愛知県,名古屋市,24.0,2.6,⬇️北,,0,8.0,0,62,4.6,6.6,1012.8,188.2,1,1,0
2009-01,愛知県,名古屋市,109.5,2.8,↘️北西,,0,5.3,0,60,5.7,5.4,1012.4,173.5,5,0,2
2009-02,愛知県,名古屋市,74.0,3.3,↘️北西,,0,7.3,0,56,5.7,5.8,1010.1,161.5,1,0,1
2009-03,愛知県,名古屋市,115.0,3.7,↘️北西,,0,9.5,0,53,6.1,6.4,1010.4,196.4,1,0,0
2009-04,愛知県,名古屋市,125.5,3.5,↘️北西,,0,15.4,0,52,5.1,8.9,1007.2,252.7,0,1,0
2009-05,愛知県,名古屋市,188.0,2.9,↘️北西,,0,19.9,0,60,7.7,13.4,1005.2,195.0,0,1,0
2009-06,愛知県,名古屋市,240.0,2.7,⬆️南,,0,23.3,0,63,7.8,17.7,1001.0,172.8,0,4,0
2009-07,愛知県,名古屋市,254.0,2.6,⬆️南,,0,26.4,0,73,9.1,24.8,1001.6,95.3,0,6,0
2009-08,愛知県,名古屋市,128.0,2.6,⬆️南,,0,27.3,0,66,7.5,23.6,1002.9,189.6,0,2,0
2009-09,愛知県,名古屋市,51.5,2.7,↘️北西,,0,24.1,0,61,6.5,18.1,1005.9,182.5,0,0,0
2009-10,愛知県,名古屋市,211.5,2.6,↘️北西,,0,18.5,0,62,5.7,12.9,1008.0,192.3,0,3,0
2009-11,愛知県,名古屋市,200.5,2.6,↘️北西,,0,12.9,0,63,5.9,9.5,1012.9,158.0,0,0,0
2009-12,愛知県,名古屋市,58.0,2.9,↘️北西,,0,7.6,1,60,5.6,6.3,1010.0,180.7,2,0,0
2010-01,愛知県,名古屋市,11.5,3.0,↘️北西,,0,4.6,2,62,5.4,5.2,1011.4,165.6,5,0,0
2010-02,愛知県,名古屋市,137.0,3.2,↘️北西,,0,7.0,0,63,6.5,6.5,1011.1,138.3,4,0,0
2010-03,愛知県,名古屋市,211.0,3.3,↘️北西,,0,9.1,0,61,7.0,7.2,1011.1,156.4,1,1,1
2010-04,愛知県,名古屋市,183.5,3.4,↘️北西,,0,13.3,0,58,7.3,9.0,1010.9,161.7,0,0,0
2010-05,愛知県,名古屋市,167.0,3.5,↘️北西,,0,18.7,0,58,6.6,12.4,1005.4,235.3,0,0,0
2010-06,愛知県,名古屋市,259.0,2.6,⬆️南,,0,23.9,0,66,8.0,19.6,1004.8,163.4,0,3,0
2010-07,愛知県,名古屋市,208.5,2.7,⬆️南,,0,27.8,0,69,7.8,25.1,1004.1,190.5,0,3,0
2010-08,愛知県,名古屋市,63.5,2.7,⬆️南,,0,29.4,0,67,6.9,27.0,1007.7,200.1,0,6,0
2010-09,愛知県,名古屋市,190.5,2.7,↘️北西,,0,26.1,0,63,6.6,21.6,1005.9,190.4,0,3,0
2010-10,愛知県,名古屋市,179.5,2.4,↘️北西,,0,19.4,0,71,7.7,16.0,1009.4,127.0,0,0,0
2010-11,愛知県,名古屋市,43.0,2.6,↘️北西,,0,12.1,0,65,4.9,9.0,1011.4,195.8,0,1,0
2010-12,愛知県,名古屋市,76.0,2.9,↘️北西,,0,7.9,0,66,5.6,7.1,1005.3,170.8,1,1,0
2011-01,愛知県,名古屋市,9.5,3.2,↘️北西,,0,2.8,11,67,5.0,4.9,1010.2,189.8,11,0,0
2011-02,愛知県,名古屋市,114.0,2.9,↘️北西,,0,6.6,7,62,6.0,6.1,1011.8,167.0,3,0,0
2011-03,愛知県,名古屋市,43.0,3.6,↘️北西,,0,7.5,0,57,4.8,5.8,1010.1,229.5,1,0,0
2011-04,愛知県,名古屋市,111.5,3.5,↘️北西,,0,13.3,0,56,5.6,8.7,1007.8,213.5,0,2,0
2011-05,愛知県,名古屋市,330.5,3.0,↘️北西,,0,19.0,0,67,7.3,14.4,1005.3,169.8,0,1,2
2011-06,愛知県,名古屋市,171.0,2.7,⬆️南,,0,23.8,0,76,8.7,22.1,1003.3,135.3,0,3,0
2011-07,愛知県,名古屋市,262.0,3.0,↖️南東,,0,27.5,0,74,7.7,26.8,1002.0,168.4,0,6,0
2011-08,愛知県,名古屋市,116.0,2.6,⬆️南,,0,28.3,0,73,8.0,27.8,1003.8,168.7,0,11,0
2011-09,愛知県,名古屋市,388.5,3.5,⬆️南,,0,25.1,0,71,6.6,22.9,1004.5,186.7,0,3,0
2011-10,愛知県,名古屋市,133.0,3.0,↘️北西,,0,18.8,0,66,6.2,14.3,1011.3,191.7,0,0,0
2011-11,愛知県,名古屋市,82.5,2.6,↘️北西,,0,13.9,0,70,6.5,11.3,1013.9,155.3,0,0,0
2011-12,愛知県,名古屋市,24.0,3.1,↘️北西,,0,6.7,8,68,5.6,6.7,1013.0,175.8,5,0,0
2012-01,愛知県,名古屋市,35.0,3.0,↘️北西,,0,4.2,0,65,6.8,5.4,1011.9,162.0,4,0,0
2012-02,愛知県,名古屋市,109.5,3.4,↘️北西,,0,4.1,16,66,6.4,5.5,1011.2,150.9,8,0,1
2012-03,愛知県,名古屋市,147.5,3.6,↘️北西,,0,8.3,1,64,6.2,7.1,1009.6,175.1,4,0,1
2012-04,愛知県,名古屋市,144.0,3.2,↘️北西,,0,14.2,0,66,6.7,10.8,1008.6,177.6,0,1,0
2012-05,愛知県,名古屋市,55.5,3.4,↘️北西,,0,19.2,0,62,6.7,13.5,1003.8,219.5,0,4,0
2012-06,愛知県,名古屋市,200.0,2.8,⬆️南,,0,22.3,0,72,8.9,19.0,1002.4,120.9,0,0,0
2012-07,愛知県,名古屋市,224.0,3.0,⬆️南,,0,26.9,0,75,8.3,26.3,1002.3,183.3,0,2,0
2012-08,愛知県,名古屋市,142.5,2.9,⬆️南,,0,28.4,0,71,7.1,27.1,1005.9,236.3,0,7,0
2012-09,愛知県,名古屋市,233.5,2.9,↖️南東,,0,25.8,0,70,6.7,23.1,1006.7,183.2,0,4,0
2012-10,愛知県,名古屋市,102.5,3.0,↘️北西,,0,19.0,0,63,5.5,13.8,1008.7,221.2,0,1,0
2012-11,愛知県,名古屋市,78.0,2.9,↘️北西,,0,11.3,0,65,5.9,8.7,1009.2,159.9,0,1,0
2012-12,愛知県,名古屋市,95.5,3.3,↘️北西,,0,5.3,3,68,5.4,6.2,1011.4,169.6,4,0,0
2013-01,愛知県,名古屋市,51.5,3.3,↘️北西,,0,4.0,2,63,4.5,5.1,1012.9,209.7,3,0,0
2013-02,愛知県,名古屋市,68.5,3.6,↘️北西,,0,4.6,0,62,6.0,5.2,1013.2,156.0,9,0,1
2013-03,愛知県,名古屋市,54.0,3.6,↘️北西,,0,10.5,0,54,5.6,7.0,1008.8,207.1,0,0,0
2013-04,愛知県,名古屋市,130.5,3.7,↘️北西,,0,13.8,0,58,6.0,9.2,1005.2,214.1,0,0,0
2013-05,愛知県,名古屋市,63.5,3.6,↘️北西,,0,19.4,0,59,5.3,13.2,1006.1,282.2,0,0,0
2013-06,愛知県,名古屋市,148.5,2.5,⬆️南,,0,23.6,0,72,8.9,20.6,1002.5,129.1,0,1,0
2013-07,愛知県,名古屋市,186.5,3.0,↖️南東,,0,28.1,0,69,8.0,25.5,1002.4,203.3,0,5,0
2013-08,愛知県,名古屋市,136.0,2.9,⬆️南,,0,29.3,0,66,5.4,26.2,1001.1,262.3,0,4,0
2013-09,愛知県,名古屋市,280.0,2.8,↘️北西,,0,24.9,0,68,6.1,21.6,1007.0,204.3,0,2,0
2013-10,愛知県,名古屋市,236.0,3.1,↘️北西,,0,20.2,0,69,7.1,16.4,1010.1,146.7,0,0,0
2013-11,愛知県,名古屋市,51.0,2.6,↘️北西,,0,11.5,0,67,5.4,9.1,1010.8,167.1,0,0,0
2013-12,愛知県,名古屋市,57.5,2.9,↘️北西,,0,6.4,0,65,5.6,6.3,1009.5,173.4,2,1,0
2014-01,愛知県,名古屋市,38.5,3.0,↘️北西,,0,4.6,0,59,4.5,5.0,1013.5,214.1,7,0,2
2014-02,愛知県,名古屋市,132.5,4.0,↘️北西,,0,5.3,12,55,5.5,5.0,1012.8,189.2,3,0,0
2014-03,愛知県,名古屋市,153.0,3.7,↘️北西,,0,9.3,0,59,5.8,7.1,1009.9,215.1,3,0,2
2014-04,愛知県,名古屋市,128.0,3.1,↘️北西,,0,14.6,0,56,6.1,9.2,1009.7,220.3,0,0,0
2014-05,愛知県,名古屋市,154.5,3.6,↘️北西,,0,19.5,0,57,5.6,12.6,1005.2,273.7,0,1,0
2014-06,愛知県,名古屋市,72.0,2.8,⬆️南,,0,24.0,0,67,8.2,19.4,1000.2,181.0,0,2,0
2014-07,愛知県,名古屋市,106.0,2.8,⬆️南,,0,27.4,0,69,7.5,24.7,1002.5,194.9,0,5,0
2014-08,愛知県,名古屋市,179.0,2.8,⬆️南,,0,27.1,0,77,9.1,27.4,1003.6,102.3,0,8,0
2014-09,愛知県,名古屋市,195.0,2.8,↘️北西,,0,23.4,0,65,6.7,18.7,1005.6,186.5,0,3,0
2014-10,愛知県,名古屋市,167.5,2.9,↘️北西,,0,18.9,0,68,6.6,14.8,1010.6,161.0,0,1,0
2014-11,愛知県,名古屋市,96.5,2.5,↘️北西,,0,13.2,0,67,5.7,10.3,1012.0,159.3,0,0,0
2014-12,愛知県,名古屋市,83.0,3.1,↘️北西,,0,5.4,23,67,5.9,6.0,1010.8,157.9,5,0,0
2015-01,愛知県,名古屋市,116.0,3.5,↘️北西,,0,4.9,3,64,5.2,5.6,1011.1,170.0,3,0,0
2015-02,愛知県,名古屋市,35.0,3.4,↘️北西,,0,5.7,0,61,5.2,5.6,1010.5,174.7,5,0,1
2015-03,愛知県,名古屋市,139.0,3.2,↘️北西,,0,9.7,3,60,5.5,7.4,1011.6,197.7,2,1,0
2015-04,愛知県,名古屋市,148.5,2.9,↘️北西,,0,15.2,0,69,7.9,11.8,1009.9,145.1,0,0,0
2015-05,愛知県,名古屋市,98.0,3.2,↘️北西,,0,21.3,0,57,6.5,14.0,1003.7,251.3,0,1,0
2015-06,愛知県,名古屋市,196.0,2.9,⬆️南,,0,22.3,0,71,9.0,18.8,1001.7,127.7,0,2,0
2015-07,愛知県,名古屋市,227.5,2.9,⬆️南,,0,26.5,0,78,8.3,26.3,1003.3,144.7,0,0,0
2015-08,愛知県,名古屋市,296.5,2.8,⬆️南,,0,28.1,0,71,7.9,26.3,1002.2,181.0,0,5,0
2015-09,愛知県,名古屋市,262.0,2.8,↘️北西,,0,23.1,0,71,7.4,19.9,1005.3,159.5,0,2,0
2015-10,愛知県,名古屋市,64.5,3.0,↘️北西,,0,18.4,0,61,4.6,12.8,1009.7,240.6,0,1,0
2015-11,愛知県,名古屋市,137.0,2.3,↘️北西,,0,14.3,0,73,6.8,12.0,1014.5,136.4,0,0,0
2015-12,愛知県,名古屋市,83.0,3.0,↘️北西,,0,9.3,0,63,5.3,7.6,1013.9,171.6,0,0,1
2016-01,愛知県,名古屋市,55.0,2.9,↘️北西,,0,5.8,10,61,5.4,5.6,1011.9,186.1,5,0,0
2016-02,愛知県,名古屋市,64.5,3.3,↘️北西,,0,6.5,0,56,4.8,5.5,1013.9,184.2,5,1,0
2016-03,愛知県,名古屋市,111.0,3.5,↘️北西,,0,10.5,0,55,5.0,7.0,1012.6,232.7,2,0,1
2016-04,愛知県,名古屋市,200.0,3.5,↘️北西,,0,15.9,0,61,7.4,11.0,1007.4,175.5,0,0,0
2016-05,愛知県,名古屋市,145.0,3.2,⬆️南,,0,20.6,0,63,6.7,14.8,1007.0,213.7,0,0,0
2016-06,愛知県,名古屋市,218.5,2.9,⬆️南,,0,22.9,0,71,7.8,19.7,1002.9,154.3,0,1,0
2016-07,愛知県,名古屋市,170.0,2.6,⬆️南,,0,27.0,0,70,8.1,24.4,1003.5,183.0,0,3,0
2016-08,愛知県,名古屋市,120.0,2.9,⬆️南,,0,28.6,0,67,6.6,25.9,998.2,235.7,0,7,0
2016-09,愛知県,名古屋市,298.5,2.6,⬆️南,,0,25.2,0,77,8.5,24.5,1006.2,101.5,0,4,0
2016-10,愛知県,名古屋市,132.5,2.8,↘️北西,,0,19.7,0,67,7.2,15.7,1010.7,143.5,0,0,0
2016-11,愛知県,名古屋市,78.0,2.9,↘️北西,,0,12.6,0,66,5.8,9.6,1012.7,168.0,0,0,0
2016-12,愛知県,名古屋市,93.0,3.0,↘️北西,,0,8.1,0,63,5.6,7.0,1013.6,190.0,2,0,0
2017-01,愛知県,名古屋市,24.5,3.2,↘️北西,,0,4.8,8,63,5.0,5.3,1011.5,187.4,5,0,0
2017-02,愛知県,名古屋市,48.0,3.5,↘️北西,,0,5.2,1,58,4.7,5.1,1010.6,186.4,4,0,0
2017-03,愛知県,名古屋市,74.0,3.7,↘️北西,,0,8.4,0,55,5.7,5.9,1009.1,216.7,2,0,0
2017-04,愛知県,名古屋市,158.0,3.3,↘️北西,,0,14.7,0,59,6.1,9.9,1006.9,198.0,0,2,0
2017-05,愛知県,名古屋市,64.5,2.8,↘️北西,,0,20.5,0,59,6.5,13.8,1006.3,224.5,0,0,0
2017-06,愛知県,名古屋市,133.0,3.1,↘️北西,,0,22.4,0,61,7.0,16.3,1002.3,223.4,0,3,0
2017-07,愛知県,名古屋市,265.0,2.5,⬆️南,,0,28.1,0,72,8.4,26.9,1003.1,172.9,0,6,0
2017-08,愛知県,名古屋市,221.5,2.9,↘️北西,,0,28.1,0,71,8.0,26.6,1000.7,165.6,0,5,0
2017-09,愛知県,名古屋市,107.5,2.9,↘️北西,,0,23.6,0,66,7.0,18.9,1004.9,174.1,0,1,0
2017-10,愛知県,名古屋市,530.0,2.9,↘️北西,,0,17.9,0,75,7.1,15.5,1010.8,112.5,0,0,0
2017-11,愛知県,名古屋市,47.5,2.6,↘️北西,,0,11.5,0,67,5.5,9.1,1012.8,180.0,0,0,0
2017-12,愛知県,名古屋市,28.0,3.0,↘️北西,,0,5.7,0,63,5.1,5.7,1012.6,179.5,4,0,0
2018-01,愛知県,名古屋市,41.0,3.2,↘️北西,,0,3.8,5,64,5.2,5.2,1010.8,194.3,8,0,1
2018-02,愛知県,名古屋市,17.5,3.1,↘️北西,,0,4.7,0,53,5.9,4.4,1012.3,185.1,5,0,0
2018-03,愛知県,名古屋市,202.5,3.4,↘️北西,,0,11.2,0,58,4.9,7.6,1011.1,232.0,0,2,1
2018-04,愛知県,名古屋市,213.5,3.2,↘️北西,,0,16.5,0,59,5.6,11.1,1008.8,221.0,0,1,0
2018-05,愛知県,名古屋市,253.5,3.0,⬆️南,,0,19.8,0,64,7.3,14.6,1005.6,211.2,0,2,0
2018-06,愛知県,名古屋市,193.5,3.1,⬆️南,,0,23.4,0,70,7.5,19.8,1002.7,190.0,0,2,0
2018-07,愛知県,名古屋市,152.5,3.5,⬆️南,,0,29.3,0,65,7.5,25.5,1003.7,241.7,0,2,0
2018-08,愛知県,名古屋市,128.0,3.4,⬆️南,,0,29.7,0,60,6.5,24.5,1002.5,239.7,0,4,0
2018-09,愛知県,名古屋市,365.5,2.8,↘️北西,,0,23.6,0,74,8.7,21.4,1006.1,103.8,0,3,0
2018-10,愛知県,名古屋市,23.5,2.7,↘️北西,,0,18.9,0,62,6.2,13.6,1009.7,179.8,0,0,0
2018-11,愛知県,名古屋市,44.0,2.6,↘️北西,,0,13.8,0,58,5.3,9.3,1013.5,183.5,0,0,0
2018-12,愛知県,名古屋市,60.5,3.2,↘️北西,,0,8.1,5,61,6.2,6.8,1014.3,148.5,2,0,0
2019-01,愛知県,名古屋市,14.5,3.2,↘️北西,,0,5.1,0,54,4.8,4.7,1012.7,190.5,2,0,0
2019-02,愛知県,名古屋市,56.5,3.3,↘️北西,,0,7.2,0,51,6.0,5.2,1012.9,161.1,0,0,0
2019-03,愛知県,名古屋市,80.0,3.4,↘️北西,,0,10.1,0,53,6.4,6.6,1007.9,196.1,0,0,0
2019-04,愛知県,名古屋市,117.5,3.6,↘️北西,,0,14.1,0,54,6.3,8.9,1007.2,219.1,0,0,0
2019-05,愛知県,名古屋市,146.0,3.3,⬆️南,,0,20.4,0,50,6.9,11.5,1006.5,267.7,0,2,0
2019-06,愛知県,名古屋市,172.0,2.9,⬆️南,,0,23.1,0,70,8.1,19.6,1000.6,178.5,0,4,0
2019-07,愛知県,名古屋市,283.5,2.6,⬆️南,,0,25.9,0,81,9.1,26.7,1002.3,102.1,0,2,0
2019-08,愛知県,名古屋市,204.0,3.1,⬆️南,,0,28.9,0,73,7.2,28.8,1002.2,220.2,0,5,0
2019-09,愛知県,名古屋市,39.0,2.8,↘️北西,,0,26.7,0,69,7.3,23.9,1007.9,177.2,0,5,0
2019-10,愛知県,名古屋市,356.5,2.9,↘️北西,,0,20.3,0,74,7.4,17.4,1008.7,147.0,0,3,0
2019-11,愛知県,名古屋市,18.0,2.9,↘️北西,,0,13.4,0,64,4.6,9.9,1012.4,205.1,0,1,0
2019-12,愛知県,名古屋市,68.0,2.8,↘️北西,,0,8.8,0,69,6.6,7.8,1014.4,144.1,0,0,2
2020-01,愛知県,名古屋市,55.5,3.1,↘️北西,,0,7.6,0,67,6.5,7.0,1011.2,146.6,0,0,0
2020-02,愛知県,名古屋市,53.5,3.2,↘️北西,,0,7.1,0,63,5.5,6.5,1014.2,184.2,2,0,1
2020-03,愛知県,名古屋市,149.5,3.3,↘️北西,,0,10.7,0,63,5.9,8.1,1008.4,201.1,1,0,0
2020-04,愛知県,名古屋市,111.0,3.8,↘️北西,,0,13.4,0,57,5.1,8.5,1007.2,254.9,0,2,0
2020-05,愛知県,名古屋市,135.0,2.9,↘️北西,,0,20.6,0,65,7.2,15.3,1004.9,213.6,0,1,0
2020-06,愛知県,名古屋市,230.0,2.8,⬆️南,,0,24.6,0,73,8.5,22.1,1001.0,164.2,0,1,0
2020-07,愛知県,名古屋市,405.5,3.0,⬆️南,,0,25.4,0,84,9.5,27.1,1002.6,78.2,0,6,0
2020-08,愛知県,名古屋市,13.0,2.9,⬆️南,,0,30.3,0,68,6.6,28.8,1004.8,265.5,0,7,0
2020-09,愛知県,名古屋市,230.5,2.9,↘️北西,,0,25.4,0,75,7.6,24.3,1005.0,148.5,0,8,0
2020-10,愛知県,名古屋市,269.0,2.8,↘️北西,,0,18.0,0,69,5.8,14.3,1010.2,178.2,0,0,0
2020-11,愛知県,名古屋市,36.5,2.8,↘️北西,,0,14.0,0,66,5.2,10.7,1014.7,202.5,0,1,0
2020-12,愛知県,名古屋市,22.0,2.8,↘️北西,,0,7.4,0,71,5.7,7.2,1012.4,178.3,5,0,0
2021-01,愛知県,名古屋市,56.5,2.8,↘️北西,,0,5.0,2,69,5.9,6.2,1012.6,161.7,5,0,0
2021-02,愛知県,名古屋市,46.5,3.2,↘️北西,,0,7.5,1,60,6.1,6.3,1011.1,164.8,2,0,0
2021-03,愛知県,名古屋市,203.5,3.5,↘️北西,,0,12.0,0,64,6.1,9.1,1011.4,192.8,0,2,0
2021-04,愛知県,名古屋市,192.0,3.5,↘️北西,,0,15.2,0,59,6.2,10.1,1011.3,219.5,0,0,0
2021-05,愛知県,名古屋市,254.0,3.0,↘️北西,,0,19.5,0,69,8.2,15.6,1004.0,151.9,0,1,1
2021-06,愛知県,名古屋市,137.0,2.8,⬆️南,,0,23.4,0,72,8.3,20.3,1003.2,153.7,0,3,0
2021-07,愛知県,名古屋市,312.5,2.5,⬆️南,,0,27.4,0,77,8.4,27.5,1003.7,175.2,0,7,0
2021-08,愛知県,名古屋市,347.0,3.1,⬆️南,,0,27.8,0,76,8.0,27.9,1003.6,167.1,0,2,0
2021-09,愛知県,名古屋市,224.0,2.3,↘️北西,,0,24.1,0,78,8.2,23.1,1007.2,126.1,0,3,0
2021-10,愛知県,名古屋市,65.0,2.9,↘️北西,,0,19.9,0,67,5.6,16.0,1011.7,197.1,0,1,0
2021-11,愛知県,名古屋市,71.5,2.5,↘️北西,,0,13.0,0,65,5.3,9.7,1010.7,200.2,0,0,0
2021-12,愛知県,名古屋市,89.0,2.9,↘️北西,,0,7.3,3,73,5.7,7.5,1011.7,168.0,6,0,0
2022-01,愛知県,名古屋市,26.0,3.3,↘️北西,,0,4.1,1,65,5.0,5.2,1011.5,196.8,8,0,0
2022-02,愛知県,名古屋市,34.0,3.3,↘️北西,,0,4.5,2,67,6.0,5.5,1012.4,170.9,10,0,0
2022-03,愛知県,名古屋市,84.5,3.3,↘️北西,,0,11.0,0,60,6.6,7.9,1009.3,205.3,0,0,0
2022-04,愛知県,名古屋市,134.5,3.1,↘️北西,,0,16.8,0,66,6.7,12.7,1009.4,200.2,0,0,0
2022-05,愛知県,名古屋市,164.0,2.9,↘️北西,,0,19.5,0,63,7.0,14.1,1006.2,210.5,0,2,0
2022-06,愛知県,名古屋市,117.5,2.8,⬆️南,,0,24.3,0,72,7.3,21.6,1003.4,203.8,0,2,0
2022-07,愛知県,名古屋市,366.5,2.8,⬆️南,,0,27.5,0,78,7.5,28.0,1001.4,192.8,0,6,0
2022-08,愛知県,名古屋市,196.0,2.7,↖️南東,,0,28.5,0,76,8.6,29.3,1002.3,155.5,0,8,0
2022-09,愛知県,名古屋市,260.0,3.1,↘️北西,,0,26.1,0,75,8.2,25.3,1005.8,163.8,0,5,0
2022-10,愛知県,名古屋市,56.0,2.6,↘️北西,,0,18.7,0,66,6.0,14.3,1012.1,189.8,0,0,0
2022-11,愛知県,名古屋市,114.0,2.6,↘️北西,,0,14.6,0,69,4.9,11.5,1012.0,191.7,0,1,0
2022-12,愛知県,名古屋市,25.0,3.1,↘️北西,,0,6.6,10,68,5.1,6.6,1011.3,175.2,1,0,0
2023-01,愛知県,名古屋市,25.0,2.9,↘️北西,,0,5.2,0,67,5.2,6.0,1012.0,186.9,7,0,0
2023-02,愛知県,名古屋市,44.0,3.4,↘️北西,,0,6.5,0,61,4.9,5.9,1014.6,191.4,1,0,0
2023-03,愛知県,名古屋市,95.0,2.9,↘️北西,,0,12.7,0,61,5.5,9.0,1012.8,213.6,0,0,0
2023-04,愛知県,名古屋市,144.0,3.5,↘️北西,,0,15.9,0,62,6.4,11.2,1008.7,202.0,0,2,0
2023-05,愛知県,名古屋市,173.0,3.2,⬆️南,,0,20.2,0,65,7.0,15.1,1007.3,225.8,0,1,0
2023-06,愛知県,名古屋市,377.5,2.6,⬆️南,,0,23.8,0,74,8.5,21.4,1002.5,128.8,0,3,0
2023-07,愛知県,名古屋市,144.0,2.6,⬆️南,,0,28.9,0,71,6.0,27.6,1004.3,241.5,0,7,0
2023-08,愛知県,名古屋市,156.5,3.3,⬆️南,,0,29.4,0,73,7.2,29.6,1002.3,216.2,0,8,0
2023-09,愛知県,名古屋市,98.5,2.4,⬆️南,,0,27.3,0,73,7.3,26.4,1005.8,181.3,0,9,0
2023-10,愛知県,名古屋市,116.5,2.8,↘️北西,,0,18.3,0,66,5.2,13.8,1009.0,217.4,0,3,0
2023-11,愛知県,名古屋市,70.5,2.7,↘️北西,,0,13.6,0,70,4.9,11.1,1012.0,182.2,0,0,0
2023-12,愛知県,名古屋市,60.0,2.6,↘️北西,,0,8.4,0,68,5.7,7.7,1014.1,191.3,4,0,2
2024-01,愛知県,名古屋市,29.5,3.1,↘️北西,,0,6.0,0,67,5.2,6.3,1012.6,176.4,5,0,0
2024-02,愛知県,名古屋市,138.5,3.3,↘️北西,,0,8.1,0,68,6.3,7.5,1014.1,160.3,0,0,1
2024-03,愛知県,名古屋市,213.5,3.7,↘️北西,,0,9.0,0,64,5.5,7.4,1008.7,201.2,0,1,0
2024-04,愛知県,名古屋市,166.5,3.0,↘️北西,,0,17.5,0,68,0,13.5,1007.6,172.5,0,2,0
2024-05,愛知県,名古屋市,206.5,3.6,↘️北西,,0,19.7,0,67,0,15.2,1007.4,218.2,0,1,0
2024-06,愛知県,名古屋市,229.0,2.8,⬆️南,,0,23.8,0,71,0,20.7,1003.1,193.6,0,4,0
2024-07,愛知県,名古屋市,154.0,2.7,↘️北西,,0,29.4,0,71,0,28.5,1003.0,205.0,0,14,0
2024-08,愛知県,名古屋市,282.0,3.0,⬆️南,,0,30.2,0,71,0,29.6,1000.8,239.1,0,17,0
2024-09,愛知県,名古屋市,89.0,2.5,⬆️南,,0,28.2,0,72,0,27.4,1006.5,187.7,0,10,0
2024-10,愛知県,名古屋市,165.5,2.5,↘️北西,,0,21.6,0,74,0,19.1,1011.2,140.7,0,3,0
2024-11,愛知県,名古屋市,98.0,2.8,↘️北西,,0,14.6,0,67,0,11.5,1011.8,167.0,0,0,0
2024-12,愛知県,名古屋市,1.0,2.9,↘️北西,,0,7.0,0,65,0,6.5,1010.4,180.8,0,0,0
2025-01,愛知県,名古屋市,14.0,3.0,↘️北西,,0,5.6,1,64,0,5.7,1012.0,194.0,8,0,0
2025-02,愛知県,名古屋市,16.5,3.4,↘️北西,,0,4.6,1,65,0,5.5,1010.7,177.6,11,0,0
2025-03,愛知県,名古屋市,96.5,3.4,↘️北西,,0,10.4,0,63,0,8.1,1009.4,181.8,2,2,1
2025-04,愛知県,名古屋市,110.5,3.4,↘️北西,,0,15.7,0,62,0,10.9,1005.4,222.1,0,4,0
2025-05,愛知県,名古屋市,103.0,3.6,↘️北西,,0,17.5,0,65,0,12.9,1004.3,76.8,0,0,0
1986-05,東京都,東京,210.0,3.5,⬆️南,,0,17.9,0,69,7.1,14.1,1005.6,194.2,0,1,0
1986-06,東京都,東京,138.0,3.4,⬆️南,,0,21.1,0,74,7.9,18.2,1005.5,158.1,0,2,0
1986-07,東京都,東京,137.0,2.8,↙️北東,,0,23.9,0,81,8.2,24.0,1005.9,109.1,0,2,1
1986-08,東京都,東京,233.5,3.5,⬆️南,,0,26.8,0,74,6.4,26.1,1005.1,199.8,0,1,0
1986-09,東京都,東京,190.5,3.0,⬇️北,,0,23.7,0,78,7.8,22.8,1007.5,113.9,0,2,0
1986-10,東京都,東京,74.0,3.4,⬇️北,,0,17.1,0,66,6.0,13.4,1012.4,155.9,0,0,0
1986-11,東京都,東京,41.0,3.3,↘️北西,,0,12.3,0,61,6.5,8.8,1015.4,126.0,0,0,0
1986-12,東京都,東京,115.5,3.6,↘️北西,,0,8.5,2,57,4.1,6.4,1013.5,163.8,2,0,0
1987-01,東京都,東京,38.0,3.7,↘️北西,,0,5.8,12,51,4.4,4.8,1012.2,181.4,6,0,0
1987-02,東京都,東京,29.5,3.9,↘️北西,,0,6.8,7,55,5.2,5.6,1010.2,159.2,4,0,0
1987-03,東京都,東京,94.0,3.9,↘️北西,,0,9.3,5,59,6.2,7.1,1009.3,149.1,5,0,0
1987-04,東京都,東京,42.5,3.6,⬆️南,,0,14.4,0,59,6.6,9.7,1012.4,199.4,0,0,0
1987-05,東京都,東京,65.0,3.9,↗️南西,,0,19.3,0,64,7.3,14.3,1009.7,172.6,0,0,0
1987-06,東京都,東京,120.5,3.7,↗️南西,,0,22.1,0,67,6.7,17.7,1005.9,193.3,0,0,0
1987-07,東京都,東京,146.5,3.4,↗️南西,,0,27.0,0,72,7.8,25.5,1003.8,177.6,0,4,0
1987-08,東京都,東京,45.5,3.3,⬆️南,,0,27.3,0,73,7.6,26.2,1005.8,159.2,0,6,0
1987-09,東京都,東京,214.5,3.9,⬇️北,,0,23.3,0,72,8.3,20.7,1010.0,104.1,0,1,2
1987-10,東京都,東京,193.0,3.3,⬇️北,,0,18.9,0,69,6.8,15.1,1013.1,145.3,0,1,0
1987-11,東京都,東京,39.5,3.6,↘️北西,,0,12.8,0,61,6.5,9.2,1015.3,122.5,0,0,0
1987-12,東京都,東京,60.5,3.1,↘️北西,,0,8.1,5,60,4.1,6.5,1014.5,166.7,2,0,0
1988-01,東京都,東京,28.0,3.2,↘️北西,,0,7.7,0,52,5.2,5.5,1011.2,197.0,2,0,1
1988-02,東京都,東京,17.5,3.9,↘️北西,,0,4.9,1,46,5.2,4.0,1013.0,178.3,4,0,0
1988-03,東京都,東京,185.0,4.3,↘️北西,,0,8.4,1,59,7.6,6.5,1011.0,129.8,4,0,0
1988-04,東京都,東京,107.5,3.6,⬆️南,,0,14.3,9,60,6.3,9.9,1011.2,183.3,2,1,0
1988-05,東京都,東京,144.0,3.8,↘️北西,,0,18.2,0,62,7.3,12.8,1006.8,178.3,0,3,0
1988-06,東京都,東京,198.0,3.5,⬆️南,,0,22.3,0,72,7.8,19.2,1003.6,122.6,0,2,0
1988-07,東京都,東京,158.0,3.3,↙️北東,,0,22.4,0,77,9.0,20.8,1005.0,61.8,0,0,0
1988-08,東京都,東京,341.5,3.3,↗️南西,,0,27.0,0,76,7.9,26.7,1004.8,143.7,0,7,1
1988-09,東京都,東京,251.5,3.6,⬇️北,,0,22.8,0,78,9.3,21.6,1007.8,39.2,0,0,0
1988-10,東京都,東京,58.5,3.3,↘️北西,,0,17.5,0,60,6.4,12.4,1010.1,152.1,0,0,0
1988-11,東京都,東京,26.0,3.4,↘️北西,,0,11.4,0,56,3.6,7.5,1009.1,205.8,0,1,0
1988-12,東京都,東京,0.0,3.5,↘️北西,,0,8.4,0,47,2.6,5.3,1013.2,213.8,0,0,0
1989-01,東京都,東京,95.0,4.0,↘️北西,,0,8.1,0,55,5.7,6.1,1015.1,152.6,1,0,0
1989-02,東京都,東京,107.0,4.0,↘️北西,,0,7.5,0,56,6.2,6.0,1013.8,135.5,1,0,1
1989-03,東京都,東京,118.0,4.2,↘️北西,,0,9.6,0,57,6.2,6.8,1010.3,176.4,2,1,0
1989-04,東京都,東京,187.0,4.1,↘️北西,,0,15.6,0,57,6.0,10.0,1008.4,218.4,0,1,1
1989-05,東京都,東京,210.0,3.4,⬇️北,,0,17.7,0,70,8.0,14.0,1007.6,131.6,0,5,1
1989-06,東京都,東京,205.0,3.4,⬆️南,,0,20.7,0,71,8.2,17.2,1006.7,134.6,0,0,1
1989-07,東京都,東京,154.0,3.4,⬆️南,,0,24.1,0,76,8.2,22.7,1009.2,118.6,0,4,1
1989-08,東京都,東京,360.5,3.7,⬆️南,,0,27.1,0,72,6.7,25.7,1003.9,191.5,0,5,0
1989-09,東京都,東京,204.0,3.7,↗️南西,,0,25.2,0,71,8.4,22.8,1008.1,115.1,0,2,0
1989-10,東京都,東京,197.0,3.6,↘️北西,,0,17.5,0,66,6.5,13.3,1012.5,134.3,0,0,1
1989-11,東京都,東京,71.0,3.2,↘️北西,,0,14.2,0,61,5.4,10.3,1015.1,145.2,0,1,3
1989-12,東京都,東京,29.0,3.7,↘️北西,,0,9.2,0,51,4.4,5.9,1012.3,178.9,0,0,0
1990-01,東京都,東京,32.5,3.6,↘️北西,,0,5.0,4,50,4.7,4.3,1014.4,179.3,5,0,1
1990-02,東京都,東京,116.5,3.5,↘️北西,,0,7.8,11,67,8.1,7.2,1018.7,81.6,5,0,0
1990-03,東京都,東京,97.5,4.6,↘️北西,,0,10.6,0,49,5.4,6.3,1011.6,200.4,0,0,0
1990-04,東京都,東京,137.5,3.9,↘️北西,,0,14.7,0,59,6.7,9.9,1008.8,155.4,0,2,0
1990-05,東京都,東京,120.5,3.4,↗️南西,,0,19.2,0,60,7.1,13.3,1009.0,174.6,0,2,0
1990-06,東京都,東京,68.0,3.5,⬆️南,,0,23.5,0,68,8.1,19.6,1005.8,133.4,0,1,0
1990-07,東京都,東京,51.0,3.1,⬆️南,,0,25.7,0,71,7.6,23.3,1005.1,143.8,0,1,0
1990-08,東京都,東京,181.5,4.0,↗️南西,,0,28.6,0,68,5.4,26.4,1004.7,230.2,0,2,0
1990-09,東京都,東京,287.0,3.4,⬆️南,,0,24.8,0,70,7.0,21.9,1010.0,140.2,0,4,0
1990-10,東京都,東京,148.5,3.5,↘️北西,,0,19.2,0,66,7.0,14.9,1012.8,137.6,0,0,0
1990-11,東京都,東京,234.0,3.2,↘️北西,,0,15.1,0,64,4.7,11.2,1014.1,166.9,0,2,0
1990-12,東京都,東京,38.0,3.3,↘️北西,,0,10.0,0,49,3.1,6.0,1011.5,197.3,0,1,0
1991-01,東京都,東京,55.0,3.6,↘️北西,,0,6.3,0,48,3.4,4.6,1010.4,210.6,1,0,0
1991-02,東京都,東京,69.0,3.8,↘️北西,,0,6.5,0,45,4.5,4.5,1008.9,199.3,2,0,0
1991-03,東京都,東京,164.0,3.5,↘️北西,,0,9.5,0,63,7.0,7.6,1013.3,115.8,0,0,0
1991-04,東京都,東京,112.5,3.6,↘️北西,,0,15.4,0,64,7.0,11.3,1011.7,150.7,0,0,3
1991-05,東京都,東京,61.0,3.5,↗️南西,,0,18.8,0,63,6.4,13.9,1008.4,204.0,0,0,0
1991-06,東京都,東京,142.0,3.0,⬆️南,,0,23.6,0,73,8.1,21.0,1003.9,127.7,0,1,0
1991-07,東京都,東京,72.0,3.0,↗️南西,,0,26.7,0,70,8.5,24.1,1002.8,136.4,0,2,0
1991-08,東京都,東京,238.0,3.3,⬅️東,,0,25.5,0,72,7.9,23.6,1003.8,138.4,0,4,0
1991-09,東京都,東京,445.5,3.2,⬇️北,,0,23.9,0,76,7.8,22.6,1008.6,85.6,0,1,0
1991-10,東京都,東京,533.0,3.6,↘️北西,,0,18.1,0,74,8.1,15.5,1008.9,74.8,0,2,0
1991-11,東京都,東京,114.0,3.3,↘️北西,,0,13.0,0,59,5.7,8.9,1015.7,145.8,0,0,1
1991-12,東京都,東京,36.0,3.0,↘️北西,,0,9.2,1,59,4.9,7.0,1015.3,143.9,2,0,0
1992-01,東京都,東京,50.0,3.2,↘️北西,,0,6.8,1,56,3.8,5.5,1013.1,183.2,1,0,0
1992-02,東京都,東京,36.0,3.5,↘️北西,,0,6.9,13,49,5.3,5.0,1009.6,166.4,3,1,0
1992-03,東京都,東京,205.0,3.6,↘️北西,,0,9.7,0,66,8.0,8.0,1014.2,98.8,4,2,0
1992-04,東京都,東京,167.5,3.9,↘️北西,,0,15.1,0,61,5.9,10.3,1006.8,172.5,0,2,0
1992-05,東京都,東京,134.0,3.9,↘️北西,,0,17.3,0,64,7.4,12.8,1006.5,162.4,0,7,0
1992-06,東京都,東京,237.0,3.0,⬆️南,,0,20.6,0,71,8.5,17.3,1005.5,113.0,0,1,0
1992-07,東京都,東京,111.5,2.6,⬆️南,,0,25.5,0,72,7.5,23.2,1003.9,153.6,0,2,0
1992-08,東京都,東京,9.0,3.5,⬆️南,,0,27.0,0,70,6.8,25.0,1008.3,184.7,0,0,0
1992-09,東京都,東京,108.0,3.5,↘️北西,,0,23.3,0,62,7.0,17.7,1008.6,161.7,0,1,0
1992-10,東京都,東京,328.0,3.1,↘️北西,,0,17.3,0,71,7.2,13.9,1012.6,115.6,0,0,3
1992-11,東京都,東京,168.0,3.1,↘️北西,,0,13.0,0,63,5.5,9.5,1016.1,146.6,0,0,2
1992-12,東京都,東京,65.5,3.2,↘️北西,,0,9.4,0,52,4.8,6.4,1013.5,164.9,0,1,0
1993-01,東京都,東京,115.0,3.4,↘️北西,,0,6.2,0,59,6.1,5.5,1013.2,130.0,5,0,0
1993-02,東京都,東京,57.0,3.9,↘️北西,,0,7.7,0,47,3.7,5.1,1008.6,195.7,1,0,0
1993-03,東京都,東京,60.5,3.6,↘️北西,,0,8.7,0,54,6.2,6.1,1011.0,187.7,2,0,0
1993-04,東京都,東京,58.0,3.6,↘️北西,,0,13.4,0,54,5.5,8.3,1008.0,183.0,0,4,1
1993-05,東京都,東京,65.5,3.4,↗️南西,,0,18.1,0,61,6.8,12.3,1008.0,192.2,0,1,0
1993-06,東京都,東京,260.0,3.0,⬆️南,,0,21.7,0,74,8.3,19.2,1003.6,110.9,0,2,0
1993-07,東京都,東京,316.5,3.2,⬅️東,,0,22.5,0,80,9.3,21.7,1005.4,75.2,0,1,0
1993-08,東京都,東京,412.0,3.2,⬅️東,,0,24.8,0,76,8.3,23.7,1005.2,102.2,0,2,0
1993-09,東京都,東京,140.0,3.1,↘️北西,,0,22.9,0,72,8.4,20.1,1008.9,90.8,0,1,0
1993-10,東京都,東京,156.0,3.2,↘️北西,,0,17.5,0,63,6.3,12.7,1013.2,143.5,0,0,0
1993-11,東京都,東京,167.0,2.9,↘️北西,,0,14.1,0,60,5.9,9.9,1016.4,147.5,0,0,0
1993-12,東京都,東京,65.0,3.5,↘️北西,,0,8.5,0,55,5.1,6.3,1013.6,153.2,2,1,0
1994-01,東京都,東京,50.0,3.4,↘️北西,,0,5.5,8,55,4.8,5.0,1011.6,173.6,6,0,0
1994-02,東京都,東京,88.5,4.2,↘️北西,,0,6.6,27,45,4.6,4.4,1005.5,206.2,1,1,0
1994-03,東京都,東京,114.5,3.3,↘️北西,,0,8.1,0,55,6.8,5.9,1012.9,158.1,0,0,0
1994-04,東京都,東京,49.0,3.5,↘️北西,,0,15.8,0,57,6.6,10.2,1010.2,209.5,0,1,0
1994-05,東京都,東京,133.5,3.4,⬆️南,,0,19.5,0,63,7.0,14.2,1006.9,194.6,0,0,0
1994-06,東京都,東京,144.5,2.8,⬆️南,,0,22.4,0,71,7.9,18.9,1004.7,136.2,0,1,0
1994-07,東京都,東京,93.5,2.9,⬆️南,,0,28.3,0,69,7.5,26.3,1003.6,202.9,0,3,0
1994-08,東京都,東京,92.5,3.1,⬆️南,,0,28.9,0,68,6.0,26.8,1008.4,239.9,0,5,0
1994-09,東京都,東京,235.0,3.1,↘️北西,,0,24.8,0,74,7.6,22.9,1005.3,131.8,0,6,0
1994-10,東京都,東京,57.0,3.2,↘️北西,,0,20.2,0,68,8.5,16.2,1013.0,76.5,0,0,0
1994-11,東京都,東京,50.5,3.0,↘️北西,,0,13.4,0,60,4.8,9.4,1018.4,167.0,0,2,0
1994-12,東京都,東京,23.0,3.2,↘️北西,,0,9.0,0,53,5.2,6.1,1014.4,167.3,0,0,0
1995-01,東京都,東京,36.0,3.5,↘️北西,,0,6.3,0,45,3.1,4.3,1009.9,224.2,0,0,0
1995-02,東京都,東京,27.0,3.6,↘️北西,,0,6.5,1,49,5.0,4.7,1011.8,179.3,2,0,0
1995-03,東京都,東京,180.0,3.6,↘️北西,,0,8.9,2,63,6.9,7.2,1011.3,134.4,3,2,0
1995-04,東京都,東京,99.5,3.7,↘️北西,,0,15.0,0,56,7.1,9.9,1009.8,158.5,0,1,1
1995-05,東京都,東京,204.5,3.3,⬆️南,,0,19.1,0,68,7.8,14.8,1007.8,147.6,0,0,2
1995-06,東京都,東京,185.5,3.0,⬅️東,,0,20.4,0,77,9.4,18.3,1004.4,62.6,0,1,1
1995-07,東京都,東京,171.0,2.6,↗️南西,,0,26.4,0,75,7.8,25.6,1004.9,137.1,0,1,1
1995-08,東京都,東京,31.0,2.7,⬆️南,,0,29.4,0,68,6.1,27.7,1006.6,248.7,0,5,0
1995-09,東京都,東京,164.5,3.3,⬇️北,,0,23.7,0,65,7.8,19.0,1007.2,149.0,0,0,0
1995-10,東京都,東京,79.0,3.2,↘️北西,,0,19.5,0,63,6.7,14.4,1012.8,148.0,0,0,0
1995-11,東京都,東京,42.0,3.5,↘️北西,,0,12.7,0,48,3.9,7.2,1009.5,203.4,0,1,0
1995-12,東京都,東京,0.0,3.4,↘️北西,,0,7.7,0,42,2.6,4.4,1011.1,235.3,1,0,0
1996-01,東京都,東京,13.0,3.5,↘️北西,,0,6.6,2,47,3.9,4.8,1010.6,197.8,2,0,0
1996-02,東京都,東京,45.0,3.4,↘️北西,,0,5.4,16,48,5.0,4.4,1012.2,186.8,8,0,0
1996-03,東京都,東京,118.0,3.9,↘️北西,,0,9.2,0,53,7.1,6.4,1009.7,162.5,1,0,0
1996-04,東京都,東京,111.0,3.3,↘️北西,,0,12.7,0,55,6.0,8.2,1009.7,204.8,0,1,0
1996-05,東京都,東京,128.0,3.2,↗️南西,,0,18.1,0,65,7.0,13.6,1008.5,183.7,0,3,0
1996-06,東京都,東京,36.0,3.0,⬆️南,,0,22.6,0,72,9.0,19.7,1004.7,117.8,0,0,0
1996-07,東京都,東京,253.5,3.1,⬆️南,,0,26.2,0,74,7.0,24.9,1005.8,199.6,0,2,0
1996-08,東京都,東京,31.5,3.3,⬅️東,,0,26.0,0,72,8.1,24.0,1006.6,149.1,0,0,0
1996-09,東京都,東京,382.0,3.1,↘️北西,,0,22.4,0,72,7.7,19.4,1008.6,139.0,0,2,1
1996-10,東京都,東京,83.5,3.0,↘️北西,,0,18.0,0,70,6.3,14.5,1013.5,139.9,0,1,0
1996-11,東京都,東京,84.0,3.3,↘️北西,,0,13.2,0,65,7.0,10.1,1013.5,115.4,0,0,0
1996-12,東京都,東京,48.0,3.1,↘️北西,,0,9.3,0,55,3.8,6.6,1012.8,187.8,0,0,0
1997-01,東京都,東京,29.0,3.6,↘️北西,,0,6.8,0,47,3.0,4.7,1007.9,236.6,1,0,0
1997-02,東京都,東京,21.5,3.8,↘️北西,,0,7.0,0,47,4.9,4.8,1011.1,191.6,2,1,0
1997-03,東京都,東京,106.0,3.9,↘️北西,,0,10.5,0,56,6.3,7.2,1013.0,181.9,0,1,0
1997-04,東京都,東京,105.5,3.3,↘️北西,,0,15.2,0,60,6.5,10.3,1009.7,184.3,0,1,2
1997-05,東京都,東京,186.0,3.3,↗️南西,,0,19.2,0,69,7.8,15.3,1005.5,162.7,0,1,1
1997-06,東京都,東京,170.5,3.4,↗️南西,,0,22.7,0,72,7.9,19.5,1005.4,160.6,0,1,0
1997-07,東京都,東京,185.0,3.2,↗️南西,,0,26.6,0,72,7.3,24.7,1004.6,191.9,0,1,0
1997-08,東京都,東京,144.0,3.2,↗️南西,,0,27.0,0,73,7.0,25.8,1006.2,176.1,0,2,0
1997-09,東京都,東京,204.0,3.5,↘️北西,,0,22.9,0,75,8.6,21.1,1008.4,91.7,0,3,0
1997-10,東京都,東京,19.0,2.9,↘️北西,,0,18.7,0,60,5.1,13.1,1010.6,192.6,0,0,0
1997-11,東京都,東京,91.0,3.3,↘️北西,,0,14.3,0,63,6.2,10.4,1015.6,140.8,0,1,0
1997-12,東京都,東京,40.5,3.1,↘️北西,,0,9.2,0,56,5.1,6.7,1015.3,153.1,1,0,1
1998-01,東京都,東京,122.0,3.1,↘️北西,,0,5.3,32,59,4.9,5.2,1012.4,162.5,4,1,0
1998-02,東京都,東京,110.5,3.5,↘️北西,,0,7.0,0,60,6.1,6.1,1014.0,150.4,2,1,1
1998-03,東京都,東京,108.0,3.8,↘️北西,,0,10.1,6,57,5.9,7.2,1011.6,191.5,4,1,0
1998-04,東京都,東京,188.0,3.3,↗️南西,,0,16.3,0,76,8.3,14.4,1012.7,108.8,0,0,0
1998-05,東京都,東京,140.5,3.4,↗️南西,,0,20.5,0,71,8.2,17.1,1010.8,132.5,0,0,0
1998-06,東京都,東京,150.5,3.1,⬅️東,,0,21.5,0,76,9.2,19.6,1006.6,73.1,0,0,0
1998-07,東京都,東京,156.5,3.0,⬆️南,,0,25.3,0,76,8.7,24.8,1004.2,113.6,0,4,0
1998-08,東京都,東京,143.5,2.8,↗️南西,,0,27.2,0,78,8.9,27.9,1004.6,91.7,0,4,0
1998-09,東京都,東京,229.0,3.5,⬇️北,,0,24.4,0,77,7.9,23.5,1008.7,83.8,0,1,0
1998-10,東京都,東京,142.5,3.2,↘️北西,,0,20.1,0,71,7.6,16.9,1012.4,117.2,0,1,1
1998-11,東京都,東京,7.5,3.0,↘️北西,,0,13.9,0,55,5.5,8.8,1011.7,157.9,0,0,0
1998-12,東京都,東京,48.0,3.1,↘️北西,,0,9.0,0,57,5.1,6.5,1014.7,152.4,1,0,0
1999-01,東京都,東京,19.5,3.1,↘️北西,,0,6.6,0,44,3.1,4.3,1009.4,217.0,0,0,0
1999-02,東京都,東京,35.5,3.4,↘️北西,,0,6.7,1,44,4.1,4.3,1010.6,200.9,4,0,0
1999-03,東京都,東京,144.5,3.5,↘️北西,,0,10.1,0,62,7.4,8.0,1011.4,119.0,0,0,0
1999-04,東京都,東京,205.0,3.7,↘️北西,,0,15.0,0,66,7.3,11.5,1009.0,146.3,0,0,3
1999-05,東京都,東京,103.5,3.2,↗️南西,,0,19.9,0,64,7.1,14.6,1007.1,184.0,0,0,0
1999-06,東京都,東京,192.5,3.2,↗️南西,,0,22.8,0,73,8.5,20.0,1005.5,135.8,0,0,0
1999-07,東京都,東京,342.0,3.7,↗️南西,,0,25.9,0,76,7.9,25.5,1004.8,169.0,0,2,0
1999-08,東京都,東京,301.0,3.4,↗️南西,,0,28.5,0,74,6.9,28.7,1006.2,204.0,0,4,0
1999-09,東京都,東京,91.0,3.3,↗️南西,,0,26.2,0,71,7.7,23.9,1009.0,130.3,0,0,0
1999-10,東京都,東京,87.5,3.3,↘️北西,,0,19.5,0,62,6.5,14.3,1013.0,158.4,0,1,0
1999-11,東京都,東京,93.0,2.9,↘️北西,,0,14.2,0,60,5.5,9.8,1012.8,157.1,0,0,2
1999-12,東京都,東京,7.0,2.8,↘️北西,,0,9.0,0,47,3.6,5.4,1013.2,186.3,0,0,0
2000-01,東京都,東京,66.5,3.2,↘️北西,,0,7.6,0,51,6.0,5.5,1014.1,153.8,3,0,0
2000-02,東京都,東京,4.0,3.7,↘️北西,,0,6.0,0,38,4.2,3.6,1008.1,207.7,4,1,0
2000-03,東京都,東京,85.5,3.7,↘️北西,,0,9.4,0,44,4.7,5.3,1008.3,207.9,0,0,0
2000-04,東京都,東京,151.5,3.6,↘️北西,,0,14.5,0,55,6.7,9.0,1006.9,174.9,0,3,0
2000-05,東京都,東京,109.0,3.1,⬆️南,,0,19.8,0,68,7.4,15.6,1007.3,184.0,0,2,0
2000-06,東京都,東京,232.0,3.1,↗️南西,,0,22.5,0,74,8.0,20.1,1004.8,129.8,0,0,1
2000-07,東京都,東京,373.5,3.3,↗️南西,,0,27.7,0,70,6.5,25.6,1003.6,210.2,0,5,0
2000-08,東京都,東京,162.0,2.7,↗️南西,,0,28.3,0,69,6.8,26.5,1007.1,185.7,0,4,0
2000-09,東京都,東京,164.0,3.0,↘️北西,,0,25.6,0,69,7.2,22.6,1007.5,128.9,0,5,0
2000-10,東京都,東京,142.5,2.9,↘️北西,,0,18.8,0,67,8.2,14.5,1013.1,97.7,0,1,0
2000-11,東京都,東京,106.0,3.3,↘️北西,,0,13.3,0,63,7.4,9.8,1015.8,109.7,0,1,0
2000-12,東京都,東京,6.5,3.1,↘️北西,,0,8.8,0,46,4.2,5.2,1012.9,172.2,0,0,0
2001-01,東京都,東京,126.5,3.6,↘️北西,,0,4.9,12,47,4.4,4.0,1010.2,178.8,4,1,0
2001-02,東京都,東京,23.0,3.3,↘️北西,,0,6.6,0,48,5.7,4.7,1012.9,153.0,4,0,0
2001-03,東京都,東京,107.5,3.6,↘️北西,,0,9.8,0,51,5.7,6.3,1006.0,180.1,5,0,0
2001-04,東京都,東京,40.5,3.6,↗️南西,,0,15.7,0,56,5.5,10.1,1010.5,219.5,0,0,0
2001-05,東京都,東京,170.5,3.2,↗️南西,,0,19.5,0,69,7.8,15.6,1007.0,160.6,0,4,0
2001-06,東京都,東京,144.5,2.8,↗️南西,,0,23.1,0,70,9.0,19.7,1003.6,107.8,0,2,0
2001-07,東京都,東京,41.5,3.2,↗️南西,,0,28.5,0,63,5.9,24.6,1004.6,259.2,0,4,0
2001-08,東京都,東京,136.5,2.9,⬅️東,,0,26.4,0,71,8.6,24.2,1005.7,94.0,0,0,0
2001-09,東京都,東京,204.0,3.2,⬅️東,,0,23.2,0,68,7.4,19.8,1008.8,109.4,0,0,0
2001-10,東京都,東京,343.0,3.2,↘️北西,,0,18.7,0,62,6.0,13.3,1013.1,154.6,0,1,0
2001-11,東京都,東京,123.5,2.8,↘️北西,,0,13.1,0,55,4.9,8.3,1012.2,169.6,0,0,0
2001-12,東京都,東京,30.0,3.1,↘️北西,,0,8.4,0,46,3.9,5.0,1013.9,189.9,1,0,0
2002-01,東京都,東京,98.5,3.2,↘️北西,,0,7.4,0,46,3.9,4.8,1008.1,201.9,2,1,0
2002-02,東京都,東京,25.0,3.1,↘️北西,,0,7.9,0,48,5.6,5.2,1013.1,163.5,2,0,0
2002-03,東京都,東京,82.0,3.5,↘️北西,,0,12.2,0,49,5.5,7.0,1009.1,191.3,0,2,0
2002-04,東京都,東京,58.0,3.7,⬅️東,,0,16.1,0,57,7.4,10.6,1011.6,164.2,0,0,0
2002-05,東京都,東京,112.5,3.1,↗️南西,,0,18.4,0,64,8.2,13.4,1008.2,153.0,0,2,0
2002-06,東京都,東京,151.5,3.0,↗️南西,,0,21.6,0,69,8.4,17.4,1004.7,123.3,0,2,0
2002-07,東京都,東京,124.0,3.2,↗️南西,,0,28.0,0,70,7.7,26.0,1003.7,189.5,0,0,0
2002-08,東京都,東京,120.0,3.4,↗️南西,,0,28.0,0,66,6.1,24.8,1005.3,231.0,0,4,0
2002-09,東京都,東京,207.0,2.9,⬇️北,,0,23.1,0,69,7.7,19.5,1009.9,117.3,0,4,0
2002-10,東京都,東京,194.0,3.1,↘️北西,,0,19.0,0,62,5.4,13.9,1010.5,183.4,0,2,0
2002-11,東京都,東京,27.5,3.1,↘️北西,,0,11.6,0,50,5.7,6.9,1010.5,140.9,0,0,0
2002-12,東京都,東京,94.5,3.0,↘️北西,,0,7.2,3,57,5.9,5.9,1014.7,130.7,1,0,0
2003-01,東京都,東京,101.0,3.2,↘️北西,,0,5.5,0,46,4.0,4.1,1010.3,208.0,5,0,0
2003-02,東京都,東京,53.5,3.3,↘️北西,,0,6.4,0,52,5.8,5.0,1013.1,154.0,4,0,0
2003-03,東京都,東京,159.5,3.6,↘️北西,,0,8.7,0,49,5.4,5.6,1011.8,203.8,0,0,0
2003-04,東京都,東京,121.0,3.7,↗️南西,,0,15.1,0,61,7.4,10.6,1010.3,162.6,0,0,0
2003-05,東京都,東京,172.5,2.9,⬅️東,,0,18.8,0,65,8.0,14.2,1011.8,145.6,0,1,0
2003-06,東京都,東京,85.0,2.8,↗️南西,,0,23.2,0,69,8.8,19.6,1004.4,103.6,0,0,0
2003-07,東京都,東京,187.5,2.8,⬅️東,,0,22.8,0,75,9.7,20.8,1005.6,48.2,0,0,0
2003-08,東京都,東京,370.0,3.0,↗️南西,,0,26.0,0,73,8.3,24.3,1006.3,130.3,0,2,0
2003-09,東京都,東京,150.0,3.3,⬇️北,,0,24.2,0,66,7.3,20.0,1009.2,160.2,0,1,1
2003-10,東京都,東京,171.5,3.1,↘️北西,,0,17.8,0,59,7.2,12.1,1012.1,137.6,0,2,0
2003-11,東京都,東京,229.5,3.0,⬇️北,,0,14.4,0,67,7.5,11.3,1016.4,87.9,0,0,2
2003-12,東京都,東京,53.0,3.0,↘️北西,,0,9.2,0,50,4.0,5.8,1010.1,181.4,1,0,0
2004-01,東京都,東京,3.5,3.4,↘️北西,,0,6.3,0,43,4.1,4.1,1011.0,203.6,4,0,0
2004-02,東京都,東京,20.0,3.5,↘️北西,,0,8.5,0,45,4.0,5.2,1009.9,218.3,0,0,0
2004-03,東京都,東京,129.5,4.1,↗️南西,,0,9.8,0,53,6.4,6.6,1012.6,170.9,2,0,0
2004-04,東京都,東京,69.5,4.0,↗️南西,,0,16.4,0,51,5.4,9.5,1007.0,235.4,0,1,0
2004-05,東京都,東京,149.0,3.8,⬅️東,,0,19.6,0,67,8.3,15.4,1008.0,139.9,0,0,0
2004-06,東京都,東京,112.5,3.6,↗️南西,,0,23.7,0,66,7.5,19.4,1006.9,170.6,0,2,0
2004-07,東京都,東京,23.5,3.4,↗️南西,,0,28.5,0,62,6.3,23.7,1004.7,232.2,0,3,0
2004-08,東京都,東京,79.5,3.8,↗️南西,,0,27.2,0,65,8.0,23.2,1006.5,177.8,0,1,0
2004-09,東京都,東京,195.0,4.1,↗️南西,,0,25.1,0,68,7.4,21.5,1011.7,140.0,0,3,0
2004-10,東京都,東京,780.0,3.6,⬇️北,,0,17.5,0,69,7.1,13.9,1013.3,116.8,0,2,0
2004-11,東京都,東京,108.5,3.1,↘️北西,,0,15.6,0,60,5.6,10.9,1014.9,160.9,0,2,2
2004-12,東京都,東京,79.5,3.6,↘️北西,,0,9.9,3,49,5.3,5.9,1014.2,166.3,2,0,0
2005-01,東京都,東京,77.0,3.7,↘️北西,,0,6.1,0,47,4.2,4.4,1008.4,200.0,2,0,0
2005-02,東京都,東京,48.0,3.9,↘️北西,,0,6.2,1,45,6.3,4.2,1011.2,148.9,6,0,0
2005-03,東京都,東京,71.0,3.5,⬇️北,,0,9.0,2,49,6.0,5.7,1009.5,175.1,4,0,0
2005-04,東京都,東京,81.0,3.8,↗️南西,,0,15.1,0,54,5.4,9.2,1009.9,216.1,0,1,0
2005-05,東京都,東京,180.5,3.9,↗️南西,,0,17.7,0,58,7.2,11.7,1006.8,172.3,0,2,0
2005-06,東京都,東京,170.5,3.0,↗️南西,,0,23.2,0,70,8.9,19.9,1003.7,119.3,0,1,0
2005-07,東京都,東京,247.5,2.9,↗️南西,,0,25.6,0,71,8.9,23.1,1003.0,103.9,0,0,0
2005-08,東京都,東京,189.5,3.4,↗️南西,,0,28.1,0,68,7.6,25.4,1005.4,159.9,0,4,0
2005-09,東京都,東京,177.5,3.6,↗️南西,,0,24.7,0,67,7.1,20.9,1011.6,154.2,0,3,0
2005-10,東京都,東京,201.5,3.3,↘️北西,,0,19.2,0,69,7.3,15.3,1012.5,108.3,0,1,0
2005-11,東京都,東京,34.5,2.9,↘️北西,,0,13.3,0,52,4.7,8.0,1012.3,194.6,0,0,0
2005-12,東京都,東京,3.5,3.4,↘️北西,,0,6.4,0,39,3.0,3.8,1007.8,212.4,2,0,0
2006-01,東京都,東京,67.0,3.8,↘️北西,,0,5.1,10,44,4.9,3.9,1013.2,169.9,5,1,0
2006-02,東京都,東京,113.0,3.7,↘️北西,,0,6.7,2,53,6.5,5.3,1014.9,128.5,3,0,0
2006-03,東京都,東京,79.5,3.8,↘️北西,,0,9.8,0,48,5.9,6.0,1007.0,176.2,2,1,0
2006-04,東京都,東京,123.0,3.6,↘️北西,,0,13.6,0,57,7.1,9.0,1006.2,147.0,0,2,1
2006-05,東京都,東京,99.0,3.8,↗️南西,,0,19.0,0,65,7.9,14.3,1009.9,136.7,0,3,0
2006-06,東京都,東京,138.5,2.7,⬅️東,,0,22.5,0,71,9.1,19.3,1005.5,79.5,0,1,0
2006-07,東京都,東京,165.0,2.7,↗️南西,,0,25.6,0,74,9.4,24.2,1003.8,59.2,0,2,1
2006-08,東京都,東京,126.0,2.7,↗️南西,,0,27.5,0,69,7.5,25.3,1005.7,160.6,0,5,0
2006-09,東京都,東京,175.5,3.8,⬇️北,,0,23.5,0,68,7.8,19.8,1008.8,103.5,0,2,0
2006-10,東京都,東京,318.0,3.7,⬇️北,,0,19.5,0,66,7.1,14.8,1012.0,137.8,0,0,0
2006-11,東京都,東京,135.0,3.3,↘️北西,,0,14.4,0,59,6.1,9.8,1012.0,147.5,0,2,0
2006-12,東京都,東京,200.5,3.4,↘️北西,,0,9.5,0,52,5.9,6.2,1015.2,141.4,0,1,0
2007-01,東京都,東京,42.0,3.4,↘️北西,,0,7.6,0,45,5.4,4.7,1015.1,175.6,0,0,0
2007-02,東京都,東京,57.0,3.8,↘️北西,,0,8.6,0,45,4.1,5.1,1011.7,193.6,0,0,0
2007-03,東京都,東京,77.0,4.1,↘️北西,,0,10.8,0,44,5.4,6.1,1010.2,195.0,2,1,0
2007-04,東京都,東京,134.0,4.1,↗️南西,,0,13.7,0,59,7.8,9.2,1009.9,151.0,1,5,0
2007-05,東京都,東京,115.5,3.6,↗️南西,,0,19.8,0,58,6.4,13.2,1003.4,226.4,0,2,1
2007-06,東京都,東京,80.0,3.1,↗️南西,,0,23.2,0,66,7.7,18.6,1005.7,187.2,0,1,0
2007-07,東京都,東京,253.0,2.9,⬅️東,,0,24.4,0,74,8.8,22.6,1001.6,80.6,0,3,0
2007-08,東京都,東京,9.5,3.3,↗️南西,,0,29.0,0,66,6.4,26.1,1007.3,227.9,0,2,0
2007-09,東京都,東京,319.5,4.0,↗️南西,,0,25.2,0,71,8.0,22.9,1008.8,121.3,0,3,0
2007-10,東京都,東京,135.5,3.3,⬇️北,,0,19.0,0,63,7.3,13.8,1013.1,119.8,0,0,0
2007-11,東京都,東京,37.0,2.5,↘️北西,,0,13.3,0,56,5.7,8.8,1013.4,148.8,0,1,0
2007-12,東京都,東京,72.0,2.5,↘️北西,,0,9.0,0,54,5.0,6.2,1011.2,168.8,0,0,0
2008-01,東京都,東京,17.5,2.8,↘️北西,,0,5.9,0,45,5.4,4.2,1013.4,164.8,3,0,0
2008-02,東京都,東京,57.0,3.5,↘️北西,,0,5.5,4,41,4.3,3.7,1011.0,214.8,6,0,0
2008-03,東京都,東京,119.5,2.9,↘️北西,,0,10.7,0,52,5.7,6.8,1011.0,187.2,0,2,0
2008-04,東京都,東京,240.0,3.1,↘️北西,,0,14.7,0,59,7.2,9.8,1009.6,150.0,0,1,0
2008-05,東京都,東京,255.0,3.0,↙️北東,,0,18.5,0,65,8.5,13.7,1007.8,136.9,0,0,0
2008-06,東京都,東京,225.5,2.7,⬆️南,,0,21.3,0,72,8.8,18.2,1006.2,106.9,0,1,0
2008-07,東京都,東京,48.0,2.8,⬆️南,,0,27.0,0,71,8.6,25.1,1005.1,168.4,0,7,0
2008-08,東京都,東京,387.5,2.6,⬆️南,,0,26.8,0,74,8.6,26.0,1004.5,130.0,0,8,0
2008-09,東京都,東京,158.5,2.5,↘️北西,,0,24.4,0,69,7.9,21.2,1008.0,124.1,0,4,0
2008-10,東京都,東京,204.5,2.4,↘️北西,,0,19.4,0,66,7.1,14.8,1013.4,141.0,0,1,0
2008-11,東京都,東京,74.0,2.6,↘️北西,,0,13.1,0,56,6.2,8.6,1012.5,142.9,0,0,0
2008-12,東京都,東京,70.5,2.8,↘️北西,,0,9.8,0,53,4.0,6.6,1013.0,190.8,0,1,0
2009-01,東京都,東京,142.0,2.9,↘️北西,,0,6.8,0,48,5.5,4.8,1012.8,174.7,3,0,0
2009-02,東京都,東京,46.5,3.1,↘️北西,,0,7.8,0,50,6.6,5.3,1010.7,131.2,2,0,0
2009-03,東京都,東京,98.5,3.5,↘️北西,,0,10.0,0,48,6.4,6.1,1011.4,162.9,3,0,0
2009-04,東京都,東京,162.5,3.3,↘️北西,,0,15.7,0,54,5.5,9.5,1008.7,226.7,0,1,0
2009-05,東京都,東京,242.0,3.1,⬆️南,,0,20.1,0,64,8.1,14.8,1007.3,154.6,0,2,0
2009-06,東京都,東京,226.0,2.7,⬆️南,,0,22.5,0,72,9.0,19.5,1003.3,98.8,0,2,0
2009-07,東京都,東京,78.5,3.4,⬆️南,,0,26.3,0,72,9.0,24.5,1003.3,103.5,0,2,0
2009-08,東京都,東京,242.0,2.7,⬆️南,,0,26.6,0,69,8.2,23.9,1005.5,136.1,0,3,0
2009-09,東京都,東京,53.0,2.5,↙️北東,,0,23.0,0,64,7.6,17.7,1009.0,136.5,0,0,0
2009-10,東京都,東京,276.5,2.7,↘️北西,,0,19.0,0,64,6.4,13.9,1010.3,153.3,0,1,0
2009-11,東京都,東京,151.5,2.5,↘️北西,,0,13.5,0,63,6.8,10.0,1014.9,124.0,0,0,0
2009-12,東京都,東京,82.5,2.7,↘️北西,,0,9.0,0,51,4.6,6.0,1010.3,181.0,0,0,0
2010-01,東京都,東京,9.0,2.7,↘️北西,,0,7.0,0,41,3.8,4.2,1010.2,221.9,1,0,0
2010-02,東京都,東京,115.0,2.8,↙️北東,,0,6.5,2,60,6.9,6.0,1012.6,118.3,10,0,0
2010-03,東京都,東京,143.5,3.2,↘️北西,,0,9.1,0,61,7.0,7.1,1012.7,139.8,2,0,0
2010-04,東京都,東京,214.0,3.1,↘️北西,,0,12.4,0,62,8.2,9.0,1013.6,139.9,1,0,0
2010-05,東京都,東京,114.0,3.2,⬆️南,,0,19.0,0,60,7.4,13.1,1007.3,198.8,0,0,1
2010-06,東京都,東京,108.0,2.9,⬆️南,,0,23.6,0,67,7.9,19.8,1007.1,162.5,0,3,0
2010-07,東京都,東京,70.0,3.3,⬆️南,,0,28.0,0,70,7.7,26.4,1005.9,182.7,0,2,0
2010-08,東京都,東京,27.0,3.4,⬆️南,,0,29.6,0,67,6.7,27.8,1009.7,222.6,0,1,0
2010-09,東京都,東京,428.0,2.9,↘️北西,,0,25.1,0,68,7.6,21.8,1008.3,165.3,0,3,0
2010-10,東京都,東京,211.0,2.5,↘️北西,,0,18.9,0,68,8.6,15.1,1012.7,81.4,0,0,0
2010-11,東京都,東京,94.5,2.4,↘️北西,,0,13.5,0,56,5.8,8.7,1012.3,158.9,0,1,0
2010-12,東京都,東京,145.5,2.7,↘️北西,,0,9.9,0,50,4.5,6.2,1005.1,194.9,1,1,0
2011-01,東京都,東京,3.5,2.8,↘️北西,,0,5.1,0,36,3.2,3.1,1009.1,243.9,4,0,0
2011-02,東京都,東京,151.0,2.9,↘️北西,,0,7.0,2,52,5.7,5.2,1013.6,148.9,7,0,0
2011-03,東京都,東京,74.0,3.2,↘️北西,,0,8.1,0,47,5.3,5.1,1010.5,214.8,1,0,0
2011-04,東京都,東京,96.0,3.8,⬆️南,,0,14.5,0,50,5.7,8.5,1008.9,204.0,0,0,0
2011-05,東京都,東京,213.5,3.0,⬆️南,,0,18.5,0,63,8.0,13.2,1007.5,146.3,0,1,0
2011-06,東京都,東京,116.5,2.6,⬆️南,,0,22.8,0,71,9.0,19.7,1005.3,105.1,0,1,0
2011-07,東京都,東京,54.5,3.3,⬆️南,,0,27.3,0,67,7.0,24.5,1004.5,186.2,0,5,0
2011-08,東京都,東京,244.0,2.6,⬆️南,,0,27.5,0,71,7.6,25.8,1006.4,168.9,0,4,0
2011-09,東京都,東京,235.0,3.3,⬆️南,,0,25.1,0,68,7.1,22.0,1007.7,165.8,0,1,0
2011-10,東京都,東京,119.5,2.8,↘️北西,,0,19.5,0,61,7.4,13.9,1013.6,141.3,0,0,0
2011-11,東京都,東京,112.5,2.2,↘️北西,,0,14.9,0,58,6.7,10.2,1015.4,143.4,0,1,0
2011-12,東京都,東京,59.5,2.6,↘️北西,,0,7.5,0,48,4.5,5.1,1013.3,187.6,0,0,0
2012-01,東京都,東京,50.0,2.7,↘️北西,,0,4.8,4,43,5.0,3.7,1012.6,183.0,4,1,0
2012-02,東京都,東京,94.0,2.9,↘️北西,,0,5.4,2,49,6.4,4.4,1011.6,148.6,5,0,0
2012-03,東京都,東京,144.5,3.1,↘️北西,,0,8.8,0,59,6.4,6.7,1010.4,149.7,1,0,0
2012-04,東京都,東京,118.5,3.2,↘️北西,,0,14.5,0,63,6.9,10.6,1010.8,162.4,0,2,0
2012-05,東京都,東京,231.0,3.3,⬆️南,,0,19.6,0,65,7.5,14.8,1005.9,195.4,0,6,0
2012-06,東京都,東京,185.0,3.0,↙️北東,,0,21.4,0,73,8.9,18.4,1005.6,125.3,0,1,0
2012-07,東京都,東京,130.0,3.1,⬆️南,,0,26.4,0,75,8.3,25.9,1004.5,181.3,0,2,0
2012-08,東京都,東京,25.0,3.2,⬆️南,,0,29.1,0,69,6.3,27.7,1008.2,236.0,0,3,0
2012-09,東京都,東京,214.5,3.0,⬆️南,,0,26.2,0,73,8.1,24.7,1009.8,164.4,0,10,0
2012-10,東京都,東京,154.5,2.8,↘️北西,,0,19.4,0,65,6.8,14.8,1011.0,156.6,0,1,0
2012-11,東京都,東京,154.0,2.7,↘️北西,,0,12.7,0,58,5.8,8.6,1009.6,153.3,0,0,1
2012-12,東京都,東京,69.0,2.8,↘️北西,,0,7.3,0,52,4.7,5.3,1011.0,166.9,0,0,0
2013-01,東京都,東京,70.0,2.9,↘️北西,,0,5.5,8,47,3.9,4.3,1012.6,212.5,2,0,0
2013-02,東京都,東京,30.0,3.3,↘️北西,,0,6.2,0,48,5.6,4.7,1012.9,173.7,3,0,0
2013-03,東京都,東京,44.5,3.6,↘️北西,,0,12.1,0,55,6.4,8.0,1009.0,190.1,0,0,0
2013-04,東京都,東京,283.0,3.9,↘️北西,,0,15.2,0,55,5.9,9.6,1005.9,196.0,0,1,0
2013-05,東京都,東京,56.0,3.4,⬆️南,,0,19.8,0,61,6.0,14.3,1008.0,227.1,0,1,0
2013-06,東京都,東京,159.0,2.8,⬆️南,,0,22.9,0,74,8.7,20.7,1005.3,123.9,0,1,0
2013-07,東京都,東京,115.5,2.9,⬆️南,,0,27.3,0,73,8.7,26.3,1004.2,163.4,0,6,0
2013-08,東京都,東京,99.0,3.0,⬆️南,,0,29.2,0,70,6.9,28.0,1002.9,210.6,0,5,0
2013-09,東京都,東京,231.5,3.0,↘️北西,,0,25.2,0,69,6.8,22.5,1010.2,164.2,0,4,0
2013-10,東京都,東京,440.0,3.1,↘️北西,,0,19.8,0,72,7.9,16.9,1013.0,110.4,0,0,0
2013-11,東京都,東京,26.0,2.6,↘️北西,,0,13.5,0,55,4.7,8.8,1011.1,177.4,0,0,0
2013-12,東京都,東京,59.5,2.5,↘️北西,,0,8.3,0,52,4.3,5.7,1009.1,181.8,1,1,0
2014-01,東京都,東京,24.5,2.8,↘️北西,,0,6.3,0,45,4.5,4.4,1013.4,204.1,3,0,0
2014-02,東京都,東京,157.5,3.3,↘️北西,,0,5.9,49,52,7.0,5.0,1014.3,139.8,6,1,0
2014-03,東京都,東京,113.5,3.5,↘️北西,,0,10.4,0,52,5.6,6.8,1010.3,205.0,1,1,0
2014-04,東京都,東京,155.0,3.1,↘️北西,,0,15.0,0,56,5.7,9.6,1011.7,218.3,0,2,0
2014-05,東京都,東京,135.5,3.4,⬆️南,,0,20.3,0,62,6.7,14.7,1006.4,236.5,0,2,0
2014-06,東京都,東京,311.0,2.6,⬆️南,,0,23.4,0,75,8.4,21.1,1002.9,143.0,0,5,0
2014-07,東京都,東京,105.5,2.8,⬆️南,,0,26.8,0,74,7.6,25.9,1004.5,175.6,0,4,0
2014-08,東京都,東京,105.0,3.2,⬆️南,,0,27.7,0,74,7.5,27.2,1005.7,180.9,0,1,0
2014-09,東京都,東京,155.5,2.6,↘️北西,,0,23.2,0,68,7.8,19.4,1008.4,145.8,0,2,0
2014-10,東京都,東京,384.5,2.7,↘️北西,,0,19.1,0,67,7.4,15.0,1013.3,135.2,0,2,0
2014-11,東京都,東京,98.5,2.5,↘️北西,,0,14.2,0,63,6.2,10.3,1013.4,134.6,0,0,0
2014-12,東京都,東京,62.0,2.5,↘️北西,,0,6.7,0,55,4.2,5.5,1010.8,185.2,2,0,0
2015-01,東京都,東京,92.5,3.2,↘️北西,,0,5.8,3,52,4.4,4.8,1012.1,182.0,4,0,0
2015-02,東京都,東京,62.0,2.9,↘️北西,,0,5.7,0,59,5.4,5.4,1012.3,166.9,3,0,0
2015-03,東京都,東京,94.0,3.1,↘️北西,,0,10.3,0,57,5.9,7.2,1013.7,194.2,1,0,0
2015-04,東京都,東京,129.0,3.1,⬆️南,,0,14.5,0,71,7.9,11.8,1013.9,149.5,1,1,0
2015-05,東京都,東京,88.0,3.2,⬆️南,,0,21.1,0,62,6.9,15.2,1006.9,240.6,0,1,0
2015-06,東京都,東京,195.5,2.7,⬆️南,,0,22.1,0,75,8.9,19.7,1005.6,137.3,0,1,0
2015-07,東京都,東京,234.5,3.1,⬆️南,,0,26.2,0,80,7.5,26.7,1006.5,181.8,0,2,0
2015-08,東京都,東京,103.5,2.8,⬆️南,,0,26.7,0,78,7.7,27.1,1006.6,137.6,0,2,0
2015-09,東京都,東京,503.5,2.5,↘️北西,,0,22.6,0,79,8.3,21.5,1009.6,113.3,0,5,0
2015-10,東京都,東京,57.0,2.8,↘️北西,,0,18.4,0,66,6.2,13.9,1012.6,181.3,0,1,0
2015-11,東京都,東京,139.5,2.2,↘️北西,,0,13.9,0,74,7.1,12.0,1018.3,120.1,0,0,0
2015-12,東京都,東京,82.5,2.5,↘️北西,,0,9.3,0,57,5.7,6.8,1016.3,162.0,0,0,0
2016-01,東京都,東京,85.0,2.4,↘️北西,,0,6.1,6,55,4.4,5.1,1013.2,201.5,2,0,0
2016-02,東京都,東京,57.0,2.9,↘️北西,,0,7.2,0,56,5.8,5.9,1015.8,160.1,3,0,0
2016-03,東京都,東京,103.0,2.8,↘️北西,,0,10.1,0,61,7.0,7.7,1016.0,161.9,1,1,0
2016-04,東京都,東京,120.0,3.3,⬆️南,,0,15.4,0,67,8.2,11.7,1010.7,149.2,0,0,0
2016-05,東京都,東京,137.5,3.4,⬆️南,,0,20.2,0,66,7.3,15.2,1010.5,204.9,0,0,0
2016-06,東京都,東京,174.5,2.9,⬆️南,,0,22.4,0,75,8.3,19.9,1006.6,139.1,0,0,0
2016-07,東京都,東京,81.5,2.7,⬆️南,,0,25.4,0,80,8.2,25.7,1007.3,143.7,0,2,0
2016-08,東京都,東京,414.0,3.1,⬆️南,,0,27.1,0,78,7.8,27.8,1002.3,156.5,0,5,0
2016-09,東京都,東京,287.0,2.4,↘️北西,,0,24.4,0,86,8.9,26.1,1010.7,79.4,0,0,0
2016-10,東京都,東京,96.5,2.4,↘️北西,,0,18.7,0,72,7.9,15.8,1014.8,119.6,0,0,0
2016-11,東京都,東京,139.0,2.5,↘️北西,,0,11.4,0,71,6.7,9.7,1016.2,132.1,1,0,0
2016-12,東京都,東京,84.0,2.6,↘️北西,,0,8.9,0,59,4.9,7.0,1015.1,193.7,0,0,0
2017-01,東京都,東京,26.0,2.8,↘️北西,,0,5.8,0,53,3.3,4.9,1012.3,226.7,2,0,0
2017-02,東京都,東京,15.5,3.5,↘️北西,,0,6.9,0,49,4.7,4.9,1011.2,193.7,4,0,0
2017-03,東京都,東京,85.5,2.8,↘️北西,,0,8.5,0,60,6.6,6.5,1011.5,190.3,0,0,0
2017-04,東京都,東京,122.0,3.4,⬆️南,,0,14.7,0,66,6.9,11.0,1009.9,198.8,0,2,0
2017-05,東京都,東京,49.0,3.0,⬆️南,,0,20.0,0,72,7.3,16.6,1009.5,216.9,0,2,0
2017-06,東京都,東京,106.5,3.1,⬆️南,,0,22.0,0,73,8.4,19.1,1005.6,158.8,0,2,0
2017-07,東京都,東京,81.0,3.1,⬆️南,,0,27.3,0,78,7.5,28.2,1006.2,189.1,0,4,0
2017-08,東京都,東京,141.5,2.6,⬅️東,,0,26.4,0,83,9.2,28.4,1004.9,83.7,0,1,0
2017-09,東京都,東京,209.5,2.7,⬆️南,,0,22.8,0,79,8.4,21.8,1008.8,124.4,0,2,0
2017-10,東京都,東京,531.5,2.7,↘️北西,,0,16.8,0,82,8.1,15.9,1015.6,94.7,0,1,0
2017-11,東京都,東京,47.0,2.4,↘️北西,,0,11.9,0,67,6.1,9.5,1014.6,162.7,0,0,0
2017-12,東京都,東京,15.0,2.5,↘️北西,,0,6.6,0,56,3.9,5.5,1013.3,211.1,1,0,0
2018-01,東京都,東京,48.5,2.6,↘️北西,,0,4.7,23,54,3.9,4.6,1011.4,206.1,4,0,0
2018-02,東京都,東京,20.0,2.6,↘️北西,,0,5.4,1,56,5.8,5.0,1013.8,167.3,5,0,0
2018-03,東京都,東京,220.0,3.0,↘️北西,,0,11.5,0,65,5.6,8.9,1014.1,198.0,1,1,0
2018-04,東京都,東京,109.0,3.5,⬆️南,,0,17.0,0,66,5.9,12.9,1011.3,201.8,0,0,0
2018-05,東京都,東京,165.5,3.3,⬆️南,,0,19.8,0,71,7.3,16.3,1008.5,199.3,0,1,0
2018-06,東京都,東京,155.5,3.2,⬆️南,,0,22.4,0,80,8.1,21.5,1006.5,163.1,0,1,0
2018-07,東京都,東京,107.0,3.5,⬆️南,,0,28.3,0,77,7.7,29.4,1007.6,227.2,0,1,0
2018-08,東京都,東京,86.5,3.5,⬆️南,,0,28.1,0,77,7.5,29.1,1005.9,217.4,0,6,0
2018-09,東京都,東京,365.0,3.0,⬆️南,,0,22.9,0,86,9.1,23.9,1010.7,96.7,0,2,0
2018-10,東京都,東京,61.5,2.6,↘️北西,,0,19.1,0,74,7.0,16.6,1012.9,139.0,0,2,0
2018-11,東京都,東京,63.0,2.1,↘️北西,,0,14.0,0,72,6.9,11.6,1016.9,151.0,0,0,0
2018-12,東京都,東京,44.0,2.6,↘️北西,,0,8.3,0,61,6.0,7.0,1015.8,145.3,0,0,0
2019-01,東京都,東京,16.0,2.8,↘️北西,,0,5.6,0,51,2.8,4.5,1013.4,222.2,2,1,0
2019-02,東京都,東京,42.0,2.7,↘️北西,,0,7.2,0,59,6.6,6.1,1015.0,138.0,4,0,0
2019-03,東京都,東京,117.5,3.0,↘️北西,,0,10.6,0,60,6.4,7.6,1010.1,177.3,0,0,0
2019-04,東京都,東京,90.5,3.3,⬆️南,,0,13.6,0,63,6.7,10.1,1010.3,194.4,0,1,0
2019-05,東京都,東京,120.5,3.3,⬆️南,,0,20.0,0,65,7.1,14.9,1010.3,229.4,0,1,0
2019-06,東京都,東京,225.0,2.9,⬆️南,,0,21.8,0,81,8.5,20.9,1004.8,129.5,0,1,0
2019-07,東京都,東京,193.0,2.6,⬆️南,,0,24.1,0,89,9.0,26.8,1006.8,81.1,0,0,0
2019-08,東京都,東京,110.0,3.2,⬆️南,,0,28.4,0,80,6.8,30.9,1005.9,187.8,0,4,0
2019-09,東京都,東京,197.0,2.7,↙️北東,,0,25.1,0,79,8.0,25.0,1012.3,137.6,0,3,0
2019-10,東京都,東京,529.5,2.8,↘️北西,,0,19.4,0,80,7.8,18.1,1013.2,112.8,0,1,0
2019-11,東京都,東京,156.5,2.6,↘️北西,,0,13.1,0,69,5.2,10.5,1015.4,170.3,0,0,1
2019-12,東京都,東京,76.5,2.4,↘️北西,,0,8.5,0,66,6.4,7.3,1016.7,128.6,0,0,0
2020-01,東京都,東京,135.0,2.4,↘️北西,,0,7.1,0,65,5.8,6.5,1013.8,139.8,4,0,0
2020-02,東京都,東京,15.0,2.7,↘️北西,,0,8.3,0,55,5.2,6.2,1015.6,196.1,0,0,0
2020-03,東京都,東京,131.0,3.1,↘️北西,,0,10.7,1,65,5.9,8.4,1010.9,181.9,2,0,0
2020-04,東京都,東京,296.5,3.2,↘️北西,,0,12.8,0,66,6.2,9.6,1009.7,213.4,0,1,0
2020-05,東京都,東京,118.0,3.1,⬆️南,,0,19.5,0,75,7.7,16.7,1008.4,175.5,0,2,0
2020-06,東京都,東京,212.5,2.8,⬆️南,,0,23.2,0,82,8.7,23.1,1004.7,136.3,0,1,0
2020-07,東京都,東京,270.5,3.1,⬆️南,,0,24.3,0,89,9.7,27.1,1006.2,47.7,0,4,0
2020-08,東京都,東京,61.5,2.8,⬆️南,,0,29.1,0,76,5.8,30.2,1008.3,254.7,0,5,0
2020-09,東京都,東京,117.5,2.9,↘️北西,,0,24.2,0,83,8.3,25.3,1009.6,105.7,0,4,0
2020-10,東京都,東京,205.0,2.4,↘️北西,,0,17.5,0,75,7.7,15.0,1014.5,113.9,0,0,0
2020-11,東京都,東京,14.5,2.5,↘️北西,,0,14.0,0,65,5.8,10.6,1017.3,156.6,0,0,0
2020-12,東京都,東京,13.0,2.1,↘️北西,,0,7.7,0,61,5.0,6.5,1013.9,167.9,0,0,0
2021-01,東京都,東京,43.5,2.3,↘️北西,,0,5.4,0,57,5.1,5.2,1014.1,172.4,2,0,0
2021-02,東京都,東京,88.5,2.9,↘️北西,,0,8.5,0,49,3.9,5.6,1011.8,214.9,0,0,0
2021-03,東京都,東京,173.0,3.2,↘️北西,,0,12.8,0,62,7.0,9.4,1014.5,193.2,0,1,0
2021-04,東京都,東京,156.0,3.2,⬆️南,,0,15.1,0,60,5.7,10.3,1014.8,218.5,0,1,0
2021-05,東京都,東京,99.5,3.2,⬆️南,,0,19.6,0,73,8.5,16.5,1006.6,150.5,0,2,0
2021-06,東京都,東京,168.5,2.7,⬆️南,,0,22.7,0,77,8.5,21.0,1007.4,131.6,0,2,0
2021-07,東京都,東京,310.0,2.4,⬆️南,,0,25.9,0,83,7.7,27.2,1007.7,160.2,0,5,1
2021-08,東京都,東京,382.5,3.1,⬆️南,,0,27.4,0,80,7.2,29.0,1007.2,175.6,0,2,0
2021-09,東京都,東京,222.5,2.4,↙️北東,,0,22.3,0,82,8.0,22.0,1012.2,100.7,0,0,0
2021-10,東京都,東京,199.5,2.5,↘️北西,,0,18.2,0,76,6.2,16.3,1015.8,163.0,0,1,0
2021-11,東京都,東京,93.0,2.2,↘️北西,,0,13.7,0,65,4.8,10.3,1013.2,206.7,0,1,0
2021-12,東京都,東京,116.0,2.4,↘️北西,,0,7.9,0,60,4.2,6.6,1013.0,202.5,1,0,0
2022-01,東京都,東京,22.5,2.6,↘️北西,,0,4.9,10,52,4.0,4.4,1012.7,206.8,2,0,0
2022-02,東京都,東京,71.0,2.6,↘️北西,,0,5.2,2,53,4.0,4.6,1013.6,190.9,4,0,0
2022-03,東京都,東京,110.5,2.8,↘️北西,,0,10.9,0,63,6.9,8.3,1012.0,195.6,3,1,0
2022-04,東京都,東京,224.5,2.8,⬆️南,,0,15.3,0,75,7.5,13.2,1013.6,169.6,0,0,0
2022-05,東京都,東京,198.0,2.7,⬆️南,,0,18.8,0,75,8.0,16.1,1010.0,181.1,0,2,0
2022-06,東京都,東京,64.0,2.8,⬆️南,,0,23.0,0,77,7.8,21.7,1007.1,167.6,0,1,0
2022-07,東京都,東京,233.0,3.0,⬆️南,,0,27.4,0,79,7.7,28.6,1004.8,176.4,0,0,0
2022-08,東京都,東京,105.0,3.2,⬆️南,,0,27.5,0,79,8.5,28.9,1005.9,150.4,0,3,0
2022-09,東京都,東京,310.0,2.8,↙️北東,,0,24.4,0,81,8.1,24.6,1011.2,134.5,0,4,0
2022-10,東京都,東京,118.0,2.4,↘️北西,,0,17.2,0,75,6.9,14.9,1016.3,119.4,0,0,0
2022-11,東京都,東京,102.5,2.2,↘️北西,,0,14.5,0,70,5.8,11.5,1015.6,160.9,0,0,0
2022-12,東京都,東京,56.5,2.2,↘️北西,,0,7.5,0,60,4.3,6.3,1011.9,175.7,0,0,0
2023-01,東京都,東京,15.5,2.4,↘️北西,,0,5.7,0,55,4.3,5.2,1013.4,195.0,1,0,0
2023-02,東京都,東京,40.5,2.8,↘️北西,,0,7.3,0,54,5.2,5.6,1016.6,178.6,1,0,0
2023-03,東京都,東京,145.0,2.7,⬆️南,,0,12.9,0,68,6.5,10.2,1016.2,164.1,0,1,0
2023-04,東京都,東京,90.0,3.5,⬆️南,,0,16.3,0,62,6.0,11.8,1011.5,197.2,0,2,0
2023-05,東京都,東京,159.0,3.1,⬆️南,,0,19.0,0,72,7.3,15.7,1011.0,195.9,0,1,0
2023-06,東京都,東京,347.0,2.6,⬆️南,,0,23.2,0,80,8.6,22.4,1006.1,137.5,0,0,2
2023-07,東京都,東京,30.0,3.0,⬆️南,,0,28.7,0,72,5.8,27.8,1007.2,250.4,0,2,0
2023-08,東京都,東京,132.5,3.3,⬆️南,,0,29.2,0,78,6.6,31.2,1007.0,222.3,0,3,0
2023-09,東京都,東京,229.0,2.8,⬆️南,,0,26.7,0,80,7.2,27.8,1009.7,143.7,0,2,0
2023-10,東京都,東京,147.0,2.4,↘️北西,,0,18.9,0,67,5.8,14.4,1011.6,200.6,0,2,0
2023-11,東京都,東京,41.5,2.3,↘️北西,,0,14.4,0,66,4.6,11.3,1013.9,174.8,0,0,0
2023-12,東京都,東京,19.5,2.1,↘️北西,,0,9.4,0,59,4.7,7.2,1015.4,199.1,0,0,0
2024-01,東京都,東京,36.0,2.6,↘️北西,,0,7.1,0,54,3.7,5.5,1013.6,198.5,1,1,0
2024-02,東京都,東京,78.5,2.9,↘️北西,,0,8.0,9,63,6.7,6.9,1017.3,152.4,3,1,0
2024-03,東京都,東京,188.5,3.1,↘️北西,,0,9.6,1,59,5.3,7.3,1010.4,201.6,1,1,0
2024-04,東京都,東京,115.5,2.7,⬆️南,,0,17.1,0,72,7.6,14.1,1011.7,150.3,0,0,0
2024-05,東京都,東京,201.5,3.3,⬆️南,,0,20.0,0,72,7.1,16.7,1010.7,185.5,0,0,0
2024-06,東京都,東京,350.0,2.6,⬆️南,,0,23.1,0,79,7.7,21.9,1006.7,158.1,0,2,0
2024-07,東京都,東京,206.5,2.6,⬆️南,,0,28.7,0,78,8.3,30.2,1005.2,199.6,0,7,0
2024-08,東京都,東京,381.0,3.0,⬆️南,,0,29.0,0,79,7.1,31.5,1004.9,189.8,0,10,0
2024-09,東京都,東京,111.5,2.9,⬆️南,,0,26.6,0,81,6.8,28.0,1010.5,160.8,0,3,0
2024-10,東京都,東京,174.5,2.4,↘️北西,,0,20.6,0,79,7.9,19.5,1015.8,111.7,0,0,0
2024-11,東京都,東京,82.0,2.3,↘️北西,,0,13.7,0,69,5.4,11.0,1015.2,158.1,0,0,0
2024-12,東京都,東京,0.5,2.3,↘️北西,,0,8.1,0,54,3.2,5.9,1010.7,233.8,1,0,0
2025-01,東京都,東京,26.0,2.3,↘️北西,,0,6.6,0,53,3.5,5.2,1013.0,206.1,0,0,0
2025-02,東京都,東京,6.5,2.9,↘️北西,,0,6.5,0,44,3.4,4.3,1011.0,217.0,0,0,0
2025-03,東京都,東京,153.0,2.9,↘️北西,,0,10.7,2,65,6.5,8.5,1012.2,168.0,5,1,0
2025-04,東京都,東京,154.5,3.1,⬆️南,,0,15.6,0,69,6.7,12.2,1008.2,178.4,0,1,0
2025-05,東京都,東京,96.5,3.1,⬆️南,,0,17.9,0,73,8.2,14.7,1007.5,71.1,0,0,0
1986-05,新潟県,新潟市,74.0,3.5,⬆️南,,0,15.6,0,66,7.1,11.5,1009.4,193.6,0,0,0
1986-06,新潟県,新潟市,137.5,3.0,↙️北東,,0,19.4,0,75,7.3,16.7,1008.7,169.4,0,2,0
1986-07,新潟県,新潟市,150.5,2.9,↙️北東,,0,22.3,0,78,7.5,21.2,1009.5,154.4,0,1,1
1986-08,新潟県,新潟市,67.5,3.1,↙️北東,,0,26.4,0,73,6.3,25.0,1008.0,236.4,0,1,0
1986-09,新潟県,新潟市,102.5,3.1,⬆️南,,0,22.5,0,72,6.6,19.8,1011.5,166.3,0,2,0
1986-10,新潟県,新潟市,219.5,3.2,⬆️南,,0,14.6,0,74,7.9,12.6,1017.0,99.9,0,6,0
1986-11,新潟県,新潟市,97.5,3.9,↗️南西,,0,9.3,0,69,7.7,8.2,1020.6,86.8,4,0,0
1986-12,新潟県,新潟市,110.5,4.6,↘️北西,,0,6.1,1,68,8.5,6.5,1018.8,63.6,9,5,0
1987-01,新潟県,新潟市,140.0,5.1,↘️北西,,0,2.3,42,72,9.4,5.3,1017.9,34.1,25,3,0
1987-02,新潟県,新潟市,123.0,4.8,↗️南西,,0,3.1,37,68,8.2,5.3,1015.9,72.8,19,1,0
1987-03,新潟県,新潟市,121.5,4.1,↗️南西,,0,5.5,33,71,8.6,6.6,1014.7,111.1,14,2,0
1987-04,新潟県,新潟市,48.5,3.5,⬆️南,,0,10.7,0,62,6.4,8.2,1016.9,180.7,5,0,0
1987-05,新潟県,新潟市,145.0,3.3,⬆️南,,0,16.6,0,66,6.6,12.3,1013.4,209.4,0,1,0
1987-06,新潟県,新潟市,52.0,3.2,↙️北東,,0,21.5,0,67,5.7,17.0,1009.0,250.6,0,0,0
1987-07,新潟県,新潟市,236.0,3.2,↗️南西,,0,25.2,0,75,8.4,23.9,1007.1,157.5,0,4,0
1987-08,新潟県,新潟市,166.0,3.1,⬆️南,,0,26.0,0,75,7.5,25.1,1008.8,168.2,0,1,0
1987-09,新潟県,新潟市,60.0,3.5,↖️南東,,0,22.8,0,67,7.2,18.8,1013.3,165.2,0,3,0
1987-10,新潟県,新潟市,92.5,3.4,↗️南西,,0,16.9,0,69,6.3,13.5,1017.3,160.0,0,2,2
1987-11,新潟県,新潟市,123.0,4.0,⬆️南,,0,10.5,0,66,7.2,8.7,1019.9,117.5,3,9,0
1987-12,新潟県,新潟市,195.5,4.1,↗️南西,,0,5.9,6,71,7.7,6.7,1019.3,85.6,12,8,2
1988-01,新潟県,新潟市,208.5,4.7,↗️南西,,0,3.7,58,71,8.6,5.7,1016.4,52.8,19,4,0
1988-02,新潟県,新潟市,149.0,4.7,↘️北西,,0,0.8,82,67,9.2,4.4,1019.0,58.6,28,2,0
1988-03,新潟県,新潟市,120.5,3.9,⬆️南,,0,4.9,25,66,8.6,5.8,1016.7,107.5,13,2,1
1988-04,新潟県,新潟市,100.0,3.7,⬆️南,,0,10.7,0,66,6.2,8.5,1015.4,189.3,0,2,0
1988-05,新潟県,新潟市,146.0,3.5,↙️北東,,0,15.2,0,69,7.3,12.0,1011.0,193.1,0,1,0
1988-06,新潟県,新潟市,100.0,3.3,↙️北東,,0,20.3,0,74,7.7,17.4,1006.9,153.0,0,2,2
1988-07,新潟県,新潟市,182.0,3.1,↖️南東,,0,22.6,0,75,8.4,20.4,1007.6,134.4,0,1,0
1988-08,新潟県,新潟市,40.0,3.0,↖️南東,,0,27.2,0,70,6.6,25.3,1007.6,214.7,0,4,0
1988-09,新潟県,新潟市,144.5,3.0,↙️北東,,0,22.5,0,72,7.5,19.5,1011.2,148.1,0,1,0
1988-10,新潟県,新潟市,172.0,3.6,↗️南西,,0,15.1,0,67,7.0,11.8,1014.6,155.9,0,7,0
1988-11,新潟県,新潟市,346.0,3.9,⬆️南,,0,8.0,14,71,7.9,7.5,1013.7,83.1,3,7,0
1988-12,新潟県,新潟市,177.5,4.7,➡️西,,0,5.1,15,69,8.1,6.1,1018.4,73.5,16,2,0
1989-01,新潟県,新潟市,149.5,4.1,↘️北西,,0,4.8,7,70,8.3,6.1,1020.4,74.3,11,0,1
1989-02,新潟県,新潟市,138.5,3.8,↗️南西,,0,4.4,1,68,8.2,5.7,1019.2,77.8,16,0,1
1989-03,新潟県,新潟市,109.5,3.9,↘️北西,,0,6.9,0,66,8.3,6.6,1015.4,118.3,7,5,0
1989-04,新潟県,新潟市,128.0,3.8,⬆️南,,0,11.7,0,65,6.5,9.0,1013.0,194.7,0,3,0
1989-05,新潟県,新潟市,76.0,3.4,⬆️南,,0,16.1,0,68,7.5,12.3,1011.2,179.4,0,2,3
1989-06,新潟県,新潟市,89.5,3.3,⬆️南,,0,19.8,0,70,7.9,16.2,1009.6,162.1,0,0,1
1989-07,新潟県,新潟市,105.0,3.3,↙️北東,,0,24.4,0,71,7.2,21.6,1011.4,226.2,0,3,0
1989-08,新潟県,新潟市,116.5,3.2,↗️南西,,0,26.6,0,70,7.1,24.4,1007.0,209.4,0,1,0
1989-09,新潟県,新潟市,331.5,2.7,⬆️南,,0,21.9,0,77,9.0,20.4,1011.7,82.7,0,3,0
1989-10,新潟県,新潟市,151.0,3.4,⬆️南,,0,15.7,0,68,6.8,12.3,1016.5,146.9,0,3,0
1989-11,新潟県,新潟市,191.5,3.7,⬆️南,,0,11.7,0,71,8.6,10.0,1019.1,76.9,1,5,0
1989-12,新潟県,新潟市,233.5,4.4,↗️南西,,0,6.1,10,69,8.6,6.5,1017.5,63.4,13,4,0
1990-01,新潟県,新潟市,218.0,4.6,↘️北西,,0,1.9,92,71,9.2,5.1,1019.5,52.8,25,4,0
1990-02,新潟県,新潟市,113.0,3.3,↙️北東,,0,5.6,5,69,8.7,6.4,1023.3,54.6,4,1,0
1990-03,新潟県,新潟市,74.0,4.1,➡️西,,0,7.1,1,64,7.5,6.5,1016.9,132.8,6,1,0
1990-04,新潟県,新潟市,118.0,3.5,↗️南西,,0,12.1,0,67,6.4,9.4,1012.8,183.0,2,4,0
1990-05,新潟県,新潟市,64.0,3.0,⬆️南,,0,16.5,0,70,7.2,13.1,1013.1,195.9,0,0,2
1990-06,新潟県,新潟市,158.0,3.4,↗️南西,,0,21.9,0,73,7.9,19.0,1008.8,174.3,0,2,0
1990-07,新潟県,新潟市,75.5,3.1,↙️北東,,0,25.3,0,71,7.4,23.0,1007.8,193.5,0,4,0
1990-08,新潟県,新潟市,85.0,3.2,⬆️南,,0,27.4,0,69,5.3,25.0,1007.8,268.0,0,3,0
1990-09,新潟県,新潟市,132.5,3.2,↙️北東,,0,23.4,0,71,7.7,20.7,1013.1,126.6,0,3,0
1990-10,新潟県,新潟市,178.5,2.8,↗️南西,,0,17.1,0,72,7.0,14.3,1017.0,147.0,0,5,0
1990-11,新潟県,新潟市,200.5,3.8,↗️南西,,0,12.6,0,73,7.5,10.8,1018.3,89.5,1,3,1
1990-12,新潟県,新潟市,179.0,4.9,↗️南西,,0,7.5,3,71,8.4,7.5,1016.1,64.8,6,6,0
1991-01,新潟県,新潟市,173.0,4.7,↘️北西,,0,3.0,59,72,8.9,5.4,1015.9,51.8,25,6,0
1991-02,新潟県,新潟市,194.0,5.0,➡️西,,0,2.4,131,72,8.9,5.2,1013.9,50.2,22,7,0
1991-03,新潟県,新潟市,82.5,3.6,↘️北西,,0,5.7,4,66,8.1,6.2,1019.1,123.2,9,0,0
1991-04,新潟県,新潟市,90.0,3.2,↙️北東,,0,12.0,0,65,5.9,9.1,1015.9,232.5,1,0,0
1991-05,新潟県,新潟市,91.5,3.4,↙️北東,,0,16.4,0,68,6.5,12.7,1012.0,223.0,0,3,4
1991-06,新潟県,新潟市,135.0,3.2,↙️北東,,0,22.1,0,75,8.7,19.9,1007.2,155.2,0,1,2
1991-07,新潟県,新潟市,315.5,3.4,↗️南西,,0,24.0,0,80,8.8,23.6,1006.3,130.1,0,2,0
1991-08,新潟県,新潟市,156.5,3.1,↙️北東,,0,24.9,0,75,6.8,23.5,1006.8,187.1,0,2,0
1991-09,新潟県,新潟市,112.5,3.1,↙️北東,,0,22.7,0,74,8.1,20.4,1012.1,147.1,0,3,0
1991-10,新潟県,新潟市,190.5,3.1,⬆️南,,0,16.8,0,73,8.8,14.2,1013.3,82.6,0,3,0
1991-11,新潟県,新潟市,245.5,3.4,⬆️南,,0,9.8,0,72,7.6,8.7,1020.3,93.7,2,6,0
1991-12,新潟県,新潟市,132.5,3.9,⬆️南,,0,6.4,5,71,8.1,6.9,1019.8,72.1,12,3,1
1992-01,新潟県,新潟市,198.5,3.9,↗️南西,,0,3.9,18,72,8.7,5.8,1018.3,53.4,19,6,0
1992-02,新潟県,新潟市,205.0,4.3,⬆️南,,0,2.9,47,72,8.5,5.4,1015.0,69.7,23,9,1
1992-03,新潟県,新潟市,128.0,3.3,↘️北西,,0,6.5,1,70,8.7,6.9,1019.7,94.7,8,1,0
1992-04,新潟県,新潟市,126.5,3.9,➡️西,,0,11.8,0,67,6.4,9.0,1011.2,176.8,0,0,0
1992-05,新潟県,新潟市,111.0,3.5,↙️北東,,0,14.8,0,70,7.7,11.8,1010.6,177.0,0,4,0
1992-06,新潟県,新潟市,97.5,3.0,↙️北東,,0,19.7,0,72,7.4,16.3,1008.9,212.8,0,2,0
1992-07,新潟県,新潟市,114.5,3.1,↗️南西,,0,24.2,0,75,8.0,22.4,1007.9,175.9,0,0,0
1992-08,新潟県,新潟市,88.0,3.2,↙️北東,,0,26.2,0,71,6.8,24.1,1010.4,216.4,0,2,0
1992-09,新潟県,新潟市,25.5,3.7,⬆️南,,0,21.9,0,66,7.5,17.5,1012.1,151.7,0,0,0
1992-10,新潟県,新潟市,148.0,3.0,⬆️南,,0,16.1,0,72,7.1,13.2,1016.4,144.3,0,2,1
1992-11,新潟県,新潟市,123.5,3.7,⬆️南,,0,10.9,0,70,7.4,9.1,1020.3,106.8,3,4,0
1992-12,新潟県,新潟市,188.0,4.5,↘️北西,,0,6.2,5,71,9.2,6.9,1018.1,39.8,13,7,0
1993-01,新潟県,新潟市,144.5,4.3,➡️西,,0,4.1,3,65,8.8,5.3,1018.0,52.1,15,1,0
1993-02,新潟県,新潟市,167.5,5.3,↘️北西,,0,4.5,26,62,8.8,5.2,1013.8,72.2,17,5,0
1993-03,新潟県,新潟市,133.5,3.7,↗️南西,,0,5.6,10,65,7.7,5.9,1016.3,124.5,16,0,0
1993-04,新潟県,新潟市,87.5,4.1,➡️西,,0,10.2,0,61,7.0,7.6,1012.6,161.6,1,4,0
1993-05,新潟県,新潟市,145.0,3.3,↙️北東,,0,15.2,0,70,7.0,12.0,1012.0,214.9,0,1,0
1993-06,新潟県,新潟市,151.5,3.1,↙️北東,,0,19.4,0,80,8.7,17.8,1006.8,114.6,0,3,5
1993-07,新潟県,新潟市,210.0,3.0,↖️南東,,0,22.8,0,78,8.7,21.5,1007.4,125.7,0,1,2
1993-08,新潟県,新潟市,181.5,3.1,↖️南東,,0,23.3,0,76,8.3,21.6,1008.3,99.0,0,3,0
1993-09,新潟県,新潟市,122.0,3.0,⬆️南,,0,20.9,0,75,8.2,18.5,1012.4,121.8,0,2,1
1993-10,新潟県,新潟市,128.5,3.4,⬆️南,,0,15.2,0,69,7.3,11.9,1017.4,138.9,0,1,0
1993-11,新潟県,新潟市,172.5,3.7,⬆️南,,0,11.6,0,73,7.6,10.1,1020.7,93.7,1,1,0
1993-12,新潟県,新潟市,187.0,4.7,➡️西,,0,5.6,3,71,8.4,6.6,1018.6,60.4,11,5,0
1994-01,新潟県,新潟市,223.0,4.3,⬆️南,,0,2.5,111,76,9.0,5.6,1016.6,68.5,25,7,0
1994-02,新潟県,新潟市,105.0,5.7,➡️西,,0,3.2,37,68,8.2,5.2,1011.4,80.6,20,3,0
1994-03,新潟県,新潟市,73.5,4.0,➡️西,,0,4.5,1,65,7.4,5.5,1018.2,119.2,19,2,1
1994-04,新潟県,新潟市,20.5,3.8,↙️北東,,0,11.9,0,60,6.2,8.3,1014.6,223.3,1,0,2
1994-05,新潟県,新潟市,36.5,3.7,↗️南西,,0,17.6,0,63,7.1,12.4,1009.9,212.9,0,1,0
1994-06,新潟県,新潟市,62.0,3.0,↙️北東,,0,20.4,0,75,7.7,17.7,1008.1,170.8,0,0,1
1994-07,新潟県,新潟市,63.0,3.3,↙️北東,,0,26.3,0,77,6.0,26.3,1007.0,231.5,0,0,0
1994-08,新潟県,新潟市,65.0,3.1,⬆️南,,0,28.9,0,71,4.4,28.1,1011.3,292.6,0,3,0
1994-09,新潟県,新潟市,293.0,3.1,⬆️南,,0,23.9,0,73,7.0,21.3,1008.6,152.1,0,6,0
1994-10,新潟県,新潟市,126.0,3.0,⬆️南,,0,18.0,0,71,7.4,14.6,1017.2,137.4,0,3,0
1994-11,新潟県,新潟市,167.5,3.1,⬆️南,,0,10.8,0,70,7.4,9.2,1022.8,93.8,0,4,1
1994-12,新潟県,新潟市,210.5,4.4,↗️南西,,0,5.6,32,73,8.8,6.7,1019.4,58.4,11,7,0
1995-01,新潟県,新潟市,233.0,4.9,↘️北西,,0,2.4,101,74,9.2,5.4,1015.1,52.3,24,6,0
1995-02,新潟県,新潟市,67.5,3.7,↘️北西,,0,3.2,17,67,8.5,5.1,1017.1,79.1,21,2,0
1995-03,新潟県,新潟市,113.5,3.7,↙️北東,,0,6.1,1,66,8.0,6.2,1015.9,120.8,8,2,0
1995-04,新潟県,新潟市,114.5,4.1,➡️西,,0,12.0,0,62,7.3,8.6,1013.7,192.4,2,2,0
1995-05,新潟県,新潟市,47.5,3.3,➡️西,,0,16.6,0,70,7.1,13.0,1011.3,173.0,0,2,0
1995-06,新潟県,新潟市,52.0,2.9,↙️北東,,0,19.6,0,75,8.6,16.6,1007.7,133.4,0,2,0
1995-07,新潟県,新潟市,358.0,2.9,↗️南西,,0,24.2,0,81,8.3,24.4,1008.7,127.8,0,2,1
1995-08,新潟県,新潟市,303.5,3.2,➡️西,,0,26.8,0,77,7.2,26.9,1010.6,185.2,0,8,0
1995-09,新潟県,新潟市,185.0,3.1,⬆️南,,0,21.0,0,73,8.1,18.1,1011.5,132.8,0,1,0
1995-10,新潟県,新潟市,70.5,3.3,⬆️南,,0,17.6,0,70,7.2,14.1,1016.6,152.2,0,1,0
1995-11,新潟県,新潟市,230.5,4.7,➡️西,,0,9.6,0,68,7.9,8.1,1014.0,98.2,3,9,0
1995-12,新潟県,新潟市,302.5,5.1,↘️北西,,0,4.7,38,74,9.3,6.4,1015.9,40.6,20,12,0
1996-01,新潟県,新潟市,197.5,4.8,↘️北西,,0,2.5,76,72,8.8,5.3,1016.0,70.8,25,6,0
1996-02,新潟県,新潟市,111.5,4.3,⬆️南,,0,1.9,68,71,8.7,5.0,1017.4,84.0,25,2,1
1996-03,新潟県,新潟市,148.5,4.2,↘️北西,,0,5.3,21,67,8.6,6.1,1014.9,134.0,12,3,0
1996-04,新潟県,新潟市,45.5,3.9,➡️西,,0,9.7,0,62,7.4,7.4,1014.3,199.9,7,5,0
1996-05,新潟県,新潟市,130.0,3.2,↙️北東,,0,15.1,0,72,7.7,12.3,1012.4,197.8,0,1,3
1996-06,新潟県,新潟市,185.0,3.2,↙️北東,,0,20.3,0,78,8.6,18.6,1007.9,135.5,0,7,1
1996-07,新潟県,新潟市,80.0,3.0,↙️北東,,0,24.9,0,76,8.2,24.0,1009.2,183.2,0,2,0
1996-08,新潟県,新潟市,84.0,3.3,↖️南東,,0,25.9,0,71,5.9,23.5,1009.2,243.5,0,2,0
1996-09,新潟県,新潟市,131.0,3.0,⬆️南,,0,21.3,0,73,6.5,18.6,1012.3,173.0,0,2,0
1996-10,新潟県,新潟市,114.0,3.0,↗️南西,,0,16.2,0,70,6.3,13.0,1017.2,171.3,0,3,1
1996-11,新潟県,新潟市,219.0,3.7,⬆️南,,0,10.4,1,74,9.0,9.5,1018.3,66.3,2,3,0
1996-12,新潟県,新潟市,253.5,3.8,⬆️南,,0,5.6,18,74,8.3,6.8,1017.4,67.2,13,4,0
1997-01,新潟県,新潟市,169.5,5.1,↗️南西,,0,3.5,31,73,9.2,5.7,1013.2,52.1,26,4,0
1997-02,新潟県,新潟市,92.0,4.5,↘️北西,,0,3.5,20,70,8.1,5.5,1016.3,101.7,19,8,0
1997-03,新潟県,新潟市,98.0,3.9,➡️西,,0,6.3,2,66,7.0,6.4,1018.2,154.4,6,1,0
1997-04,新潟県,新潟市,149.5,3.5,↙️北東,,0,11.2,0,71,7.0,9.4,1014.4,151.9,0,2,1
1997-05,新潟県,新潟市,188.0,3.5,⬆️南,,0,17.0,0,71,7.4,13.6,1008.7,173.3,0,2,0
1997-06,新潟県,新潟市,293.0,3.1,↙️北東,,0,20.7,0,79,7.9,19.3,1008.6,175.1,0,3,1
1997-07,新潟県,新潟市,257.5,3.3,↙️北東,,0,24.8,0,79,7.3,24.3,1007.6,194.2,0,1,0
1997-08,新潟県,新潟市,129.5,3.0,⬆️南,,0,26.0,0,74,7.0,24.8,1009.3,216.7,0,3,0
1997-09,新潟県,新潟市,205.0,3.2,↙️北東,,0,21.4,0,76,8.6,19.5,1012.2,89.6,0,1,0
1997-10,新潟県,新潟市,143.5,3.5,⬆️南,,0,15.3,0,71,6.2,12.2,1014.6,170.6,0,9,0
1997-11,新潟県,新潟市,161.5,3.6,⬆️南,,0,11.6,0,73,7.2,10.0,1019.5,108.0,0,3,2
1997-12,新潟県,新潟市,188.5,3.6,⬆️南,,0,6.3,5,73,8.3,7.1,1020.0,84.2,13,5,0
1998-01,新潟県,新潟市,311.0,4.4,↘️北西,,0,2.2,140,81,9.5,5.9,1017.4,25.7,28,8,0
1998-02,新潟県,新潟市,89.5,3.6,⬆️南,,0,3.7,12,74,8.2,5.9,1019.0,83.8,18,4,0
1998-03,新潟県,新潟市,93.0,3.9,↗️南西,,0,6.7,0,67,7.3,6.7,1017.1,141.2,10,2,1
1998-04,新潟県,新潟市,131.5,3.0,↙️北東,,0,13.6,0,74,8.1,11.6,1016.3,125.3,3,0,4
1998-05,新潟県,新潟市,197.0,3.2,↙️北東,,0,18.3,0,73,7.2,15.2,1014.1,218.2,0,0,1
1998-06,新潟県,新潟市,88.0,3.8,↙️北東,,0,20.4,0,77,8.6,18.5,1009.6,109.1,0,0,0
1998-07,新潟県,新潟市,112.0,3.2,↖️南東,,0,25.5,0,74,8.1,24.1,1006.9,200.3,0,2,0
1998-08,新潟県,新潟市,616.0,2.9,↙️北東,,0,25.1,0,82,8.7,26.0,1008.3,111.2,0,7,1
1998-09,新潟県,新潟市,138.5,3.0,↙️北東,,0,23.8,0,77,7.6,22.6,1011.6,147.9,0,0,0
1998-10,新潟県,新潟市,216.5,3.4,⬆️南,,0,18.3,0,74,7.5,15.7,1016.0,121.3,0,2,0
1998-11,新潟県,新潟市,243.5,4.0,⬆️南,,0,10.3,9,72,7.9,9.2,1016.4,99.1,5,6,0
1998-12,新潟県,新潟市,160.5,4.2,⬆️南,,0,6.3,0,74,8.5,7.1,1019.9,56.5,13,7,0
1999-01,新潟県,新潟市,143.0,4.9,↘️北西,,0,3.1,67,74,8.8,5.7,1014.8,61.4,25,1,1
1999-02,新潟県,新潟市,135.5,4.5,⬆️南,,0,2.6,51,74,8.7,5.4,1016.1,75.3,21,5,0
1999-03,新潟県,新潟市,105.0,3.8,↙️北東,,0,6.7,0,67,7.5,6.7,1016.5,138.5,12,1,0
1999-04,新潟県,新潟市,81.0,3.8,↖️南東,,0,12.0,0,68,7.4,9.6,1013.6,162.5,1,0,0
1999-05,新潟県,新潟市,63.5,3.5,↙️北東,,0,16.8,0,67,5.8,12.7,1011.0,236.6,0,1,0
1999-06,新潟県,新潟市,215.5,2.9,↙️北東,,0,20.8,0,76,7.5,18.5,1009.1,159.5,0,2,0
1999-07,新潟県,新潟市,133.5,2.8,↙️北東,,0,25.2,0,77,7.5,24.4,1007.9,186.6,0,2,0
1999-08,新潟県,新潟市,167.0,3.2,↖️南東,,0,28.3,0,71,6.2,26.8,1008.8,230.4,0,4,0
1999-09,新潟県,新潟市,242.5,3.2,⬆️南,,0,24.1,0,76,7.8,22.8,1012.2,153.0,0,0,0
1999-10,新潟県,新潟市,151.0,3.3,⬆️南,,0,17.1,0,72,7.0,14.2,1017.3,145.1,0,1,0
1999-11,新潟県,新潟市,267.5,3.4,⬆️南,,0,11.3,0,77,7.7,10.3,1017.3,100.5,3,8,0
1999-12,新潟県,新潟市,258.5,4.2,⬆️南,,0,5.3,25,78,9.1,7.0,1018.0,47.0,17,10,2
2000-01,新潟県,新潟市,187.0,4.3,⬆️南,,0,4.4,13,76,9.2,6.4,1019.2,51.4,17,4,0
2000-02,新潟県,新潟市,130.5,5.2,↘️北西,,0,2.2,37,75,9.2,5.4,1013.4,61.1,27,2,0
2000-03,新潟県,新潟市,89.0,4.8,➡️西,,0,5.4,1,68,8.2,6.1,1013.3,111.2,16,1,0
2000-04,新潟県,新潟市,86.5,4.7,➡️西,,0,11.4,0,66,7.2,9.0,1011.4,171.5,1,1,0
2000-05,新潟県,新潟市,62.0,3.2,↙️北東,,0,17.2,0,74,7.5,14.3,1010.8,188.8,0,7,1
2000-06,新潟県,新潟市,130.0,2.7,↙️北東,,0,20.8,0,78,7.8,19.0,1008.1,162.8,0,0,1
2000-07,新潟県,新潟市,175.5,3.0,↙️北東,,0,26.0,0,78,6.9,26.0,1007.3,205.7,0,4,1
2000-08,新潟県,新潟市,11.5,3.0,↙️北東,,0,28.2,0,73,5.2,27.5,1010.3,288.9,0,2,0
2000-09,新潟県,新潟市,284.0,3.5,↖️南東,,0,23.7,0,75,7.9,21.9,1011.1,155.5,0,5,0
2000-10,新潟県,新潟市,137.0,2.8,⬆️南,,0,16.5,0,74,7.5,14.0,1017.4,138.8,0,0,1
2000-11,新潟県,新潟市,195.0,3.7,⬆️南,,0,10.9,0,73,7.6,9.7,1020.6,86.4,1,2,0
2000-12,新潟県,新潟市,153.0,4.6,⬆️南,,0,5.1,3,73,8.6,6.5,1018.0,70.7,12,6,0
2001-01,新潟県,新潟市,210.5,5.2,↘️北西,,0,1.5,110,76,9.3,5.2,1015.5,45.0,30,6,2
2001-02,新潟県,新潟市,165.0,4.4,↗️南西,,0,2.1,114,76,8.9,5.4,1018.9,69.5,22,3,0
2001-03,新潟県,新潟市,115.5,4.3,➡️西,,0,5.9,25,68,7.9,6.2,1011.2,143.7,13,1,0
2001-04,新潟県,新潟市,33.0,3.4,↗️南西,,0,12.0,0,63,6.2,8.6,1014.9,232.7,1,0,0
2001-05,新潟県,新潟市,40.0,3.0,↙️北東,,0,18.3,0,67,6.8,13.9,1010.2,183.8,0,2,0
2001-06,新潟県,新潟市,279.5,3.0,↙️北東,,0,20.8,0,79,8.4,19.3,1007.6,151.9,0,2,0
2001-07,新潟県,新潟市,28.0,3.2,↗️南西,,0,26.5,0,73,6.7,25.1,1008.4,234.5,0,2,0
2001-08,新潟県,新潟市,135.5,3.1,↙️北東,,0,26.5,0,72,6.4,24.8,1008.7,223.7,0,1,0
2001-09,新潟県,新潟市,192.5,3.1,↙️北東,,0,22.1,0,71,7.3,19.2,1012.7,161.3,0,3,0
2001-10,新潟県,新潟市,84.0,3.4,↗️南西,,0,16.9,0,69,7.1,13.4,1017.1,156.3,0,1,0
2001-11,新潟県,新潟市,208.5,3.4,⬆️南,,0,10.3,0,74,7.3,9.3,1016.9,92.6,1,7,0
2001-12,新潟県,新潟市,216.0,4.9,↘️北西,,0,4.7,0,73,9.2,6.3,1019.3,50.5,21,7,0
2002-01,新潟県,新潟市,385.0,4.9,↘️北西,,0,3.8,74,75,9.0,6.0,1013.0,58.2,21,8,0
2002-02,新潟県,新潟市,81.0,3.9,➡️西,,0,4.3,30,71,8.6,5.9,1018.4,93.0,13,5,0
2002-03,新潟県,新潟市,135.5,3.9,⬆️南,,0,7.7,0,66,7.1,7.0,1014.3,151.9,3,0,1
2002-04,新潟県,新潟市,77.0,3.5,⬆️南,,0,13.9,0,61,6.9,9.5,1015.6,188.1,0,0,0
2002-05,新潟県,新潟市,103.0,3.1,↙️北東,,0,16.3,0,71,7.4,13.1,1012.0,191.4,0,1,0
2002-06,新潟県,新潟市,70.0,3.1,↙️北東,,0,20.9,0,70,7.2,17.1,1008.2,200.4,0,5,2
2002-07,新潟県,新潟市,386.5,2.8,↙️北東,,0,25.6,0,78,8.0,25.4,1007.2,158.4,0,6,2
2002-08,新潟県,新潟市,128.0,3.4,↙️北東,,0,26.9,0,71,7.6,25.0,1008.8,205.1,0,3,0
2002-09,新潟県,新潟市,87.0,2.9,↙️北東,,0,22.3,0,70,7.3,19.0,1013.4,165.6,0,0,0
2002-10,新潟県,新潟市,254.0,3.6,⬆️南,,0,16.5,0,71,6.9,13.5,1014.7,139.4,0,6,0
2002-11,新潟県,新潟市,405.0,4.2,⬆️南,,0,7.4,0,73,8.3,7.5,1015.3,56.1,5,10,0
2002-12,新潟県,新潟市,171.0,3.1,⬆️南,,0,4.2,55,74,9.2,6.2,1020.0,53.1,15,1,1
2003-01,新潟県,新潟市,173.0,4.3,↘️北西,,0,2.3,56,73,8.7,5.3,1015.3,70.5,23,3,0
2003-02,新潟県,新潟市,47.0,3.1,↗️南西,,0,3.5,8,68,8.5,5.3,1018.6,92.2,17,0,0
2003-03,新潟県,新潟市,106.5,3.7,↘️北西,,0,5.5,10,64,7.5,5.8,1017.6,148.1,12,1,0
2003-04,新潟県,新潟市,174.0,3.2,⬇️北,,0,11.8,0,70,7.5,9.7,1014.4,151.4,0,0,0
2003-05,新潟県,新潟市,66.5,3.1,↖️南東,,0,17.4,0,66,5.9,13.1,1014.3,237.9,0,1,0
2003-06,新潟県,新潟市,123.0,3.0,↖️南東,,0,21.4,0,73,8.0,18.6,1007.6,146.8,0,0,1
2003-07,新潟県,新潟市,248.0,3.0,⬇️北,,0,22.0,0,78,8.8,20.7,1008.5,128.0,0,2,0
2003-08,新潟県,新潟市,182.5,2.8,↖️南東,,0,24.9,0,77,8.9,24.1,1009.2,109.2,0,4,1
2003-09,新潟県,新潟市,73.5,2.8,↖️南東,,0,22.3,0,73,7.8,19.9,1012.9,147.6,0,1,0
2003-10,新潟県,新潟市,153.5,3.4,↖️南東,,0,15.8,0,65,7.1,11.6,1016.1,161.8,0,3,0
2003-11,新潟県,新潟市,164.0,3.2,↖️南東,,0,12.1,0,69,7.7,10.0,1020.7,91.7,0,1,1
2003-12,新潟県,新潟市,176.5,4.6,↘️北西,,0,6.8,1,69,8.9,6.9,1015.0,50.7,9,8,0
2004-01,新潟県,新潟市,203.0,4.4,↘️北西,,0,3.0,55,69,9.1,5.3,1015.9,71.2,25,11,0
2004-02,新潟県,新潟市,110.0,4.1,↘️北西,,0,4.5,37,66,8.5,5.5,1014.6,98.9,19,3,0
2004-03,新潟県,新潟市,84.0,3.4,⬆️南,,0,6.4,21,61,7.5,5.8,1017.4,139.0,10,1,0
2004-04,新潟県,新潟市,111.5,3.7,➡️西,,0,12.0,0,61,6.3,8.3,1011.7,198.6,0,1,1
2004-05,新潟県,新潟市,192.5,3.2,⬆️南,,0,17.5,0,70,8.2,13.9,1010.8,146.6,0,1,2
2004-06,新潟県,新潟市,132.5,2.5,⬆️南,,0,21.5,0,71,7.6,18.2,1010.3,190.6,0,2,0
2004-07,新潟県,新潟市,222.5,3.4,➡️西,,0,26.0,0,73,7.1,24.4,1008.1,212.9,0,3,0
2004-08,新潟県,新潟市,178.0,3.6,↖️南東,,0,26.0,0,67,7.5,22.4,1008.9,241.4,0,2,0
2004-09,新潟県,新潟市,109.0,3.2,↖️南東,,0,23.6,0,71,8.1,20.6,1014.6,141.0,0,3,0
2004-10,新潟県,新潟市,237.5,2.8,⬆️南,,0,16.5,0,71,7.8,13.4,1017.5,108.0,0,2,0
2004-11,新潟県,新潟市,144.0,3.0,↗️南西,,0,13.0,0,70,7.9,10.6,1019.4,91.7,0,6,1
2004-12,新潟県,新潟市,193.0,3.8,⬆️南,,0,6.8,6,69,8.4,6.8,1019.2,89.5,11,6,0
2005-01,新潟県,新潟市,166.5,4.3,↘️北西,,0,3.1,39,70,9.0,5.3,1013.3,58.0,22,5,0
2005-02,新潟県,新潟市,122.5,4.2,↘️北西,,0,1.9,69,72,9.4,5.1,1016.8,38.7,24,2,2
2005-03,新潟県,新潟市,141.5,3.8,⬆️南,,0,5.0,20,67,9.0,5.9,1014.6,101.4,15,1,0
2005-04,新潟県,新潟市,53.0,3.5,↗️南西,,0,11.7,0,59,6.5,8.0,1014.3,205.1,0,2,0
2005-05,新潟県,新潟市,49.5,3.3,↘️北西,,0,15.4,0,65,7.4,11.3,1010.6,203.8,0,1,0
2005-06,新潟県,新潟市,169.5,2.8,↖️南東,,0,22.4,0,70,8.0,18.8,1006.8,195.4,0,0,1
2005-07,新潟県,新潟市,103.5,2.9,⬆️南,,0,24.3,0,76,8.7,23.0,1006.6,118.0,0,2,1
2005-08,新潟県,新潟市,193.0,2.6,⬆️南,,0,27.1,0,74,7.4,26.2,1008.8,201.2,0,5,1
2005-09,新潟県,新潟市,76.5,3.1,⬇️北,,0,23.6,0,68,7.4,19.9,1014.8,158.3,0,3,0
2005-10,新潟県,新潟市,212.5,2.6,⬆️南,,0,17.5,0,70,7.5,13.9,1016.6,132.4,0,0,1
2005-11,新潟県,新潟市,231.0,3.3,⬆️南,,0,10.3,0,70,7.9,8.8,1016.8,90.5,0,12,0
2005-12,新潟県,新潟市,294.0,4.6,↘️北西,,0,2.7,57,71,8.9,5.3,1012.6,59.0,28,12,0
2006-01,新潟県,新潟市,84.5,3.8,↘️北西,,0,1.9,43,67,8.9,4.7,1019.0,36.8,24,1,1
2006-02,新潟県,新潟市,92.0,3.9,⬆️南,,0,3.4,30,69,9.0,5.5,1020.2,68.4,16,1,0
2006-03,新潟県,新潟市,157.5,3.8,⬆️南,,0,5.6,27,65,7.7,5.8,1012.5,129.3,12,2,0
2006-04,新潟県,新潟市,82.0,3.8,↖️南東,,0,10.2,0,63,8.0,7.8,1010.8,138.7,0,0,1
2006-05,新潟県,新潟市,132.0,3.0,↗️南西,,0,16.5,0,70,8.1,13.0,1013.4,145.9,0,0,2
2006-06,新潟県,新潟市,70.0,2.9,⬇️北,,0,20.8,0,73,8.0,18.0,1008.8,171.7,0,1,1
2006-07,新潟県,新潟市,466.0,2.8,➡️西,,0,23.3,0,81,8.8,23.0,1007.4,98.3,0,1,0
2006-08,新潟県,新潟市,78.0,2.8,⬆️南,,0,27.8,0,71,5.9,26.2,1008.4,274.3,0,4,0
2006-09,新潟県,新潟市,92.0,2.9,↖️南東,,0,22.1,0,70,6.9,18.6,1012.7,171.4,0,2,0
2006-10,新潟県,新潟市,181.5,2.6,⬆️南,,0,17.2,0,71,6.8,14.0,1016.6,158.5,0,1,0
2006-11,新潟県,新潟市,253.0,3.0,⬆️南,,0,11.3,0,71,7.7,9.5,1016.5,98.2,0,5,0
2006-12,新潟県,新潟市,326.0,3.4,⬆️南,,0,6.1,4,74,9.0,7.1,1020.3,29.3,10,7,0
2007-01,新潟県,新潟市,104.5,3.5,➡️西,,0,4.9,0,68,8.6,5.9,1020.1,75.3,12,3,0
2007-02,新潟県,新潟市,72.0,3.7,➡️西,,0,5.1,1,63,7.4,5.6,1017.6,119.4,11,2,0
2007-03,新潟県,新潟市,131.5,3.8,➡️西,,0,6.0,11,66,8.5,6.3,1015.7,103.1,17,2,0
2007-04,新潟県,新潟市,83.5,3.0,➡️西,,0,10.8,0,64,7.2,8.3,1014.6,168.2,0,3,0
2007-05,新潟県,新潟市,56.0,3.6,➡️西,,0,16.8,0,66,7.3,12.4,1007.5,192.8,0,1,1
2007-06,新潟県,新潟市,229.0,2.5,⬆️南,,0,21.3,0,75,7.8,18.8,1009.1,197.0,0,4,0
2007-07,新潟県,新潟市,135.0,2.5,↖️南東,,0,22.9,0,78,8.5,21.6,1005.1,115.2,0,0,0
2007-08,新潟県,新潟市,286.5,2.5,⬆️南,,0,27.0,0,71,7.0,25.2,1010.6,220.6,0,5,0
2007-09,新潟県,新潟市,54.0,3.1,⬆️南,,0,24.7,0,70,7.3,21.8,1011.9,188.5,0,1,0
2007-10,新潟県,新潟市,136.0,2.6,⬆️南,,0,16.7,0,69,7.1,12.9,1017.3,146.8,0,2,0
2007-11,新潟県,新潟市,149.5,3.3,↗️南西,,0,10.2,0,68,7.5,8.7,1018.3,102.4,5,9,0
2007-12,新潟県,新潟市,311.0,3.3,⬆️南,,0,6.3,1,72,9.2,6.9,1015.8,37.6,8,13,0
2008-01,新潟県,新潟市,116.0,3.7,↘️北西,,0,3.0,37,69,9.3,5.2,1019.1,56.5,22,4,0
2008-02,新潟県,新潟市,119.5,4.0,↘️北西,,0,2.1,38,70,9.2,5.0,1016.6,63.1,27,5,1
2008-03,新潟県,新潟市,52.5,3.1,⬆️南,,0,7.5,0,65,7.3,6.8,1016.1,152.9,5,1,0
2008-04,新潟県,新潟市,57.0,3.3,↖️南東,,0,12.6,0,64,6.7,9.2,1014.2,184.6,0,2,0
2008-05,新潟県,新潟市,74.0,3.9,↖️南東,,0,17.0,0,64,7.0,12.2,1011.0,223.2,0,0,0
2008-06,新潟県,新潟市,54.0,2.6,⬇️北,,0,20.3,0,71,8.0,17.0,1009.7,201.1,0,0,0
2008-07,新潟県,新潟市,101.5,2.2,⬆️南,,0,25.4,0,75,8.7,24.5,1008.5,135.0,0,7,0
2008-08,新潟県,新潟市,201.0,2.9,↖️南東,,0,25.8,0,73,7.6,24.2,1007.7,189.7,0,8,0
2008-09,新潟県,新潟市,93.5,2.5,⬆️南,,0,22.7,0,70,7.7,19.8,1012.0,180.3,0,3,0
2008-10,新潟県,新潟市,217.0,2.9,↖️南東,,0,17.4,0,69,7.1,13.8,1017.3,158.5,0,5,0
2008-11,新潟県,新潟市,280.0,3.0,⬆️南,,0,10.3,0,70,8.0,8.8,1017.1,95.0,2,9,0
2008-12,新潟県,新潟市,164.0,3.9,⬆️南,,0,6.8,3,69,7.8,6.8,1017.5,92.1,12,2,0
2009-01,新潟県,新潟市,216.5,3.9,↘️北西,,0,3.7,67,69,8.8,5.5,1017.7,82.9,16,6,0
2009-02,新潟県,新潟市,124.5,3.5,⬆️南,,0,4.2,35,66,9.2,5.5,1016.4,70.0,17,4,0
2009-03,新潟県,新潟市,140.0,3.6,↘️北西,,0,6.3,0,62,8.2,6.0,1016.7,143.2,15,2,0
2009-04,新潟県,新潟市,78.0,3.4,➡️西,,0,11.8,0,66,6.7,9.0,1013.6,183.9,0,0,1
2009-05,新潟県,新潟市,50.5,3.1,↗️南西,,0,17.6,0,65,7.9,12.9,1011.6,183.0,0,1,0
2009-06,新潟県,新潟市,68.0,2.7,⬇️北,,0,21.4,0,68,7.7,17.2,1006.7,183.3,0,0,1
2009-07,新潟県,新潟市,255.0,2.5,⬇️北,,0,23.7,0,80,9.3,23.4,1006.6,100.8,0,4,0
2009-08,新潟県,新潟市,142.0,2.3,⬇️北,,0,24.9,0,76,8.2,24.0,1009.1,155.1,0,0,0
2009-09,新潟県,新潟市,66.0,2.8,↖️南東,,0,21.6,0,70,8.0,18.0,1012.8,158.0,0,4,0
2009-10,新潟県,新潟市,172.5,2.9,↗️南西,,0,16.7,0,69,6.5,13.2,1014.4,162.1,0,4,0
2009-11,新潟県,新潟市,169.0,3.4,↗️南西,,0,11.5,0,71,7.9,9.8,1019.3,106.1,1,3,0
2009-12,新潟県,新潟市,310.5,3.8,⬆️南,,0,5.7,75,71,8.6,6.6,1015.1,57.8,12,5,1
2010-01,新潟県,新潟市,184.0,4.3,⬆️南,,0,3.4,35,71,9.2,5.5,1015.3,52.6,23,1,0
2010-02,新潟県,新潟市,204.0,3.1,⬆️南,,0,2.9,138,73,8.5,5.5,1017.7,80.2,17,2,0
2010-03,新潟県,新潟市,150.5,3.5,⬇️北,,0,5.6,5,68,8.7,6.2,1017.8,84.5,10,2,0
2010-04,新潟県,新潟市,110.5,3.9,↖️南東,,0,9.7,0,65,7.9,7.9,1017.7,122.2,0,0,0
2010-05,新潟県,新潟市,136.5,2.9,⬆️南,,0,15.7,0,71,7.1,12.6,1011.4,177.2,0,1,3
2010-06,新潟県,新潟市,148.5,2.2,⬆️南,,0,21.6,0,76,7.4,19.6,1010.6,187.3,0,4,0
2010-07,新潟県,新潟市,109.5,2.4,⬆️南,,0,26.3,0,75,7.9,25.7,1009.3,202.6,0,1,0
2010-08,新潟県,新潟市,54.5,2.4,⬆️南,,0,29.0,0,73,6.3,29.1,1012.5,257.7,0,3,0
2010-09,新潟県,新潟市,334.5,2.9,⬆️南,,0,23.7,0,73,8.1,21.9,1012.1,142.5,0,3,0
2010-10,新潟県,新潟市,134.0,3.0,↖️南東,,0,17.6,0,71,8.1,14.4,1016.6,116.1,0,1,0
2010-11,新潟県,新潟市,196.0,3.3,⬆️南,,0,10.8,0,70,7.4,9.1,1016.8,95.0,0,3,0
2010-12,新潟県,新潟市,309.5,4.4,➡️西,,0,6.7,25,72,8.6,7.1,1009.5,65.5,11,10,1
2011-01,新潟県,新潟市,168.0,4.3,↘️北西,,0,1.3,130,74,9.2,5.0,1014.7,49.4,30,6,0
2011-02,新潟県,新潟市,100.0,3.0,⬆️南,,0,3.7,13,67,7.8,5.3,1018.7,112.9,13,1,1
2011-03,新潟県,新潟市,103.0,3.6,⬆️南,,0,4.2,32,67,7.8,5.5,1016.0,137.3,17,4,0
2011-04,新潟県,新潟市,118.5,3.1,⬆️南,,0,10.2,0,63,6.3,7.8,1013.6,183.5,0,1,1
2011-05,新潟県,新潟市,96.5,3.1,➡️西,,0,16.3,0,69,7.4,12.6,1011.2,188.1,0,0,1
2011-06,新潟県,新潟市,191.0,2.6,⬇️北,,0,21.2,0,76,8.4,19.4,1008.7,163.8,0,1,1
2011-07,新潟県,新潟市,332.0,3.0,↖️南東,,0,26.5,0,73,7.6,25.2,1007.5,220.0,0,6,0
2011-08,新潟県,新潟市,51.0,2.7,↖️南東,,0,27.0,0,74,7.8,26.2,1009.5,196.5,0,1,0
2011-09,新潟県,新潟市,250.0,3.2,↖️南東,,0,23.7,0,72,7.2,21.3,1010.8,176.3,0,1,0
2011-10,新潟県,新潟市,117.0,3.0,↖️南東,,0,16.7,0,68,7.1,13.1,1017.8,152.2,0,2,0
2011-11,新潟県,新潟市,137.0,2.8,↗️南西,,0,11.8,0,73,8.2,10.4,1019.8,95.5,1,0,1
2011-12,新潟県,新潟市,194.0,4.0,↘️北西,,0,4.4,35,73,9.1,6.1,1018.7,52.9,20,7,0
2012-01,新潟県,新潟市,112.0,3.7,↘️北西,,0,1.6,95,72,9.3,4.9,1018.1,52.9,26,0,0
2012-02,新潟県,新潟市,179.0,3.4,↘️北西,,0,1.0,165,75,9.2,5.0,1017.1,64.3,25,3,2
2012-03,新潟県,新潟市,182.0,3.3,⬆️南,,0,5.3,9,71,8.6,6.3,1015.5,98.3,13,2,4
2012-04,新潟県,新潟市,94.0,3.7,↖️南東,,0,11.2,0,66,7.6,8.9,1013.9,160.7,6,2,1
2012-05,新潟県,新潟市,130.0,3.2,↖️南東,,0,16.3,0,71,7.8,13.0,1010.3,193.0,0,2,1
2012-06,新潟県,新潟市,37.5,3.0,↖️南東,,0,20.6,0,72,7.0,17.5,1008.5,220.1,0,1,0
2012-07,新潟県,新潟市,163.5,2.5,↗️南西,,0,25.4,0,77,8.1,24.8,1007.5,173.9,0,2,0
2012-08,新潟県,新潟市,28.0,2.4,⬆️南,,0,27.9,0,73,6.0,27.2,1011.2,283.9,0,6,0
2012-09,新潟県,新潟市,224.0,3.1,↖️南東,,0,25.2,0,71,6.4,22.5,1012.9,221.9,0,6,0
2012-10,新潟県,新潟市,193.0,3.1,⬆️南,,0,17.3,0,68,7.1,13.5,1015.4,151.5,0,5,0
2012-11,新潟県,新潟市,283.5,3.9,↗️南西,,0,9.9,0,71,8.9,8.8,1014.3,64.9,0,7,0
2012-12,新潟県,新潟市,183.5,4.2,↘️北西,,0,3.9,29,74,9.0,6.0,1016.2,57.2,19,4,1
2013-01,新潟県,新潟市,148.5,3.8,↘️北西,,0,1.8,49,76,9.0,5.3,1018.6,64.2,27,4,0
2013-02,新潟県,新潟市,93.5,4.0,↘️北西,,0,1.5,54,73,8.8,5.0,1019.2,76.6,25,2,1
2013-03,新潟県,新潟市,93.5,3.5,⬆️南,,0,6.0,0,66,7.0,6.3,1015.1,149.1,11,1,0
2013-04,新潟県,新潟市,142.0,3.7,➡️西,,0,10.1,0,69,7.3,8.5,1011.3,157.4,2,3,0
2013-05,新潟県,新潟市,50.0,3.0,➡️西,,0,16.3,0,68,6.4,12.7,1012.4,233.9,0,1,2
2013-06,新潟県,新潟市,93.5,2.5,⬇️北,,0,22.1,0,74,7.0,19.3,1008.8,236.0,0,1,0
2013-07,新潟県,新潟市,413.0,2.7,⬆️南,,0,25.1,0,81,9.3,25.5,1007.5,101.1,0,6,0
2013-08,新潟県,新潟市,264.5,2.3,⬆️南,,0,26.9,0,75,6.8,26.6,1006.8,203.2,0,4,0
2013-09,新潟県,新潟市,165.0,2.8,⬇️北,,0,22.9,0,71,6.4,20.0,1014.2,177.2,0,0,0
2013-10,新潟県,新潟市,176.0,3.3,↖️南東,,0,18.3,0,72,8.0,15.3,1017.3,124.5,0,2,0
2013-11,新潟県,新潟市,416.0,3.5,⬆️南,,0,9.8,1,76,7.9,9.2,1015.6,82.6,2,11,0
2013-12,新潟県,新潟市,271.5,3.9,↗️南西,,0,5.2,5,78,9.2,6.9,1014.0,55.8,14,5,0
2014-01,新潟県,新潟市,129.5,3.9,↘️北西,,0,2.5,12,71,8.3,5.2,1019.4,71.9,23,5,0
2014-02,新潟県,新潟市,73.5,3.4,↘️北西,,0,2.5,37,71,9.1,5.3,1021.2,60.8,21,0,0
2014-03,新潟県,新潟市,151.5,3.8,↘️北西,,0,6.1,9,70,8.2,6.8,1016.0,127.3,13,0,1
2014-04,新潟県,新潟市,48.0,2.9,⬆️南,,0,11.1,0,65,5.6,8.5,1016.6,244.1,2,3,0
2014-05,新潟県,新潟市,90.0,3.1,➡️西,,0,17.1,0,65,6.6,12.4,1010.9,223.7,0,1,0
2014-06,新潟県,新潟市,63.0,3.5,↖️南東,,0,22.0,0,73,7.7,19.1,1006.4,202.0,0,7,1
2014-07,新潟県,新潟市,314.5,2.4,⬆️南,,0,24.9,0,78,7.8,24.4,1008.0,195.0,0,2,0
2014-08,新潟県,新潟市,163.5,2.3,⬆️南,,0,26.1,0,77,8.5,26.0,1009.1,145.2,0,4,0
2014-09,新潟県,新潟市,103.0,2.7,⬆️南,,0,21.6,0,70,6.8,18.0,1012.4,212.6,0,1,0
2014-10,新潟県,新潟市,229.0,2.6,⬆️南,,0,16.0,0,71,6.3,13.0,1017.9,160.4,0,2,0
2014-11,新潟県,新潟市,174.5,3.0,⬆️南,,0,11.1,0,74,7.7,9.8,1018.1,93.5,0,5,0
2014-12,新潟県,新潟市,444.0,4.4,⬆️南,,0,3.4,94,79,9.5,6.2,1014.5,27.7,24,6,0
2015-01,新潟県,新潟市,114.5,3.8,↘️北西,,0,3.1,9,72,9.0,5.5,1016.7,53.6,24,1,0
2015-02,新潟県,新潟市,92.5,3.8,↘️北西,,0,3.9,10,72,9.2,5.8,1015.9,58.5,16,1,0
2015-03,新潟県,新潟市,117.0,3.7,➡️西,,0,7.0,8,69,7.2,6.9,1017.3,147.3,12,3,0
2015-04,新潟県,新潟市,145.0,3.0,⬆️南,,0,12.1,0,69,7.0,9.6,1016.3,172.0,0,1,3
2015-05,新潟県,新潟市,63.0,3.0,⬆️南,,0,18.6,0,64,6.1,13.4,1009.6,221.8,0,1,0
2015-06,新潟県,新潟市,50.0,3.1,↖️南東,,0,21.2,0,72,7.6,18.1,1007.6,192.9,0,0,0
2015-07,新潟県,新潟市,167.0,2.3,↗️南西,,0,25.2,0,76,7.7,24.2,1008.8,189.6,0,1,0
2015-08,新潟県,新潟市,114.5,2.8,↖️南東,,0,25.8,0,75,7.1,25.0,1008.7,183.9,0,1,0
2015-09,新潟県,新潟市,145.5,2.8,↖️南東,,0,21.1,0,77,8.4,19.2,1012.5,121.9,0,1,0
2015-10,新潟県,新潟市,106.0,2.9,⬆️南,,0,15.8,0,67,5.9,12.0,1016.1,194.2,0,1,0
2015-11,新潟県,新潟市,187.0,3.0,⬇️北,,0,12.1,0,77,8.5,11.0,1021.3,77.4,0,2,0
2015-12,新潟県,新潟市,165.5,3.4,⬆️南,,0,7.0,0,73,8.5,7.3,1020.1,71.5,5,5,0
2016-01,新潟県,新潟市,269.0,3.3,⬆️南,,0,3.1,87,82,9.8,6.3,1017.3,23.9,23,7,0
2016-02,新潟県,新潟市,130.0,3.5,⬆️南,,0,3.6,22,73,8.5,5.9,1019.7,81.3,22,5,0
2016-03,新潟県,新潟市,41.5,2.8,↘️北西,,0,6.9,6,69,7.3,6.8,1019.8,157.6,9,1,2
2016-04,新潟県,新潟市,120.5,3.3,↖️南東,,0,12.4,0,68,7.4,9.7,1013.6,198.5,1,0,2
2016-05,新潟県,新潟市,90.0,3.2,↖️南東,,0,18.4,0,68,7.3,14.1,1012.2,224.5,0,2,2
2016-06,新潟県,新潟市,73.5,2.8,⬇️北,,0,21.4,0,74,8.4,19.0,1008.7,193.2,0,4,0
2016-07,新潟県,新潟市,194.5,2.6,⬆️南,,0,24.6,0,79,8.4,24.4,1009.2,152.0,0,2,0
2016-08,新潟県,新潟市,85.0,2.8,↖️南東,,0,27.0,0,74,5.1,26.1,1004.6,271.9,0,0,0
2016-09,新潟県,新潟市,127.0,2.4,↖️南東,,0,23.4,0,79,8.1,22.7,1013.0,130.5,0,2,1
2016-10,新潟県,新潟市,99.0,2.6,⬆️南,,0,16.4,0,72,7.2,13.8,1018.0,134.1,0,0,1
2016-11,新潟県,新潟市,89.5,3.2,⬆️南,,0,9.9,0,72,7.7,8.9,1019.8,106.5,0,0,0
2016-12,新潟県,新潟市,179.5,3.7,⬆️南,,0,6.4,2,77,8.4,7.6,1018.8,64.4,11,4,0
2017-01,新潟県,新潟市,161.0,3.8,↘️北西,,0,3.1,65,79,9.1,6.0,1016.2,52.5,21,4,0
2017-02,新潟県,新潟市,95.0,4.2,➡️西,,0,3.3,15,70,8.2,5.4,1015.6,72.9,20,0,0
2017-03,新潟県,新潟市,69.0,3.0,⬆️南,,0,6.1,6,69,8.1,6.4,1015.5,144.2,9,1,0
2017-04,新潟県,新潟市,99.5,3.3,⬆️南,,0,11.6,0,68,6.5,9.2,1012.7,192.7,0,1,4
2017-05,新潟県,新潟市,56.0,2.7,⬆️南,,0,17.7,0,69,6.4,13.9,1012.1,234.1,0,5,0
2017-06,新潟県,新潟市,48.0,2.7,⬇️北,,0,19.0,0,76,8.1,16.7,1008.7,177.9,0,3,0
2017-07,新潟県,新潟市,443.0,2.4,⬆️南,,0,25.9,0,81,7.0,26.8,1008.4,197.7,0,4,0
2017-08,新潟県,新潟市,258.0,2.8,↖️南東,,0,26.2,0,77,8.2,26.2,1006.7,171.6,0,3,0
2017-09,新潟県,新潟市,95.5,2.8,⬆️南,,0,21.7,0,75,6.6,19.3,1011.3,190.2,0,2,0
2017-10,新潟県,新潟市,150.5,2.9,↖️南東,,0,16.4,0,77,8.9,14.5,1018.5,75.0,0,0,1
2017-11,新潟県,新潟市,231.5,3.1,⬆️南,,0,9.1,0,76,7.5,8.8,1018.1,91.6,4,5,0
2017-12,新潟県,新潟市,329.5,4.1,↘️北西,,0,3.9,13,80,9.2,6.5,1016.9,42.1,23,3,0
2018-01,新潟県,新潟市,206.0,3.9,↘️北西,,0,1.7,160,79,9.1,5.5,1015.3,54.5,24,6,1
2018-02,新潟県,新潟市,108.5,3.4,⬆️南,,0,1.4,92,79,8.6,5.3,1017.8,83.9,24,4,3
2018-03,新潟県,新潟市,111.0,3.8,⬆️南,,0,7.5,0,66,6.6,6.9,1018.3,175.1,3,0,0
2018-04,新潟県,新潟市,139.5,3.0,➡️西,,0,12.7,0,72,7.1,10.4,1014.5,175.5,1,2,1
2018-05,新潟県,新潟市,139.0,2.8,↗️南西,,0,17.0,0,74,7.5,14.2,1011.2,164.3,0,4,1
2018-06,新潟県,新潟市,66.5,2.6,↖️南東,,0,21.1,0,75,7.9,18.7,1008.6,189.1,0,1,0
2018-07,新潟県,新潟市,42.0,2.7,↗️南西,,0,27.4,0,75,7.3,27.2,1009.4,262.5,0,1,0
2018-08,新潟県,新潟市,278.0,2.6,⬆️南,,0,26.6,0,76,7.2,26.5,1008.3,186.1,0,6,0
2018-09,新潟県,新潟市,248.5,2.8,↖️南東,,0,21.8,0,80,8.6,20.9,1012.7,113.9,0,0,2
2018-10,新潟県,新潟市,154.0,3.0,↖️南東,,0,17.2,0,75,7.5,14.8,1015.8,141.6,0,4,0
2018-11,新潟県,新潟市,97.0,2.5,↗️南西,,0,11.6,0,78,7.9,10.7,1020.4,95.7,0,2,0
2018-12,新潟県,新潟市,205.5,3.9,↘️北西,,0,5.9,12,75,8.8,7.1,1019.7,56.6,11,5,0
2019-01,新潟県,新潟市,150.0,3.8,↘️北西,,0,3.0,52,75,9.3,5.6,1018.0,51.9,26,4,0
2019-02,新潟県,新潟市,65.5,3.2,⬆️南,,0,4.0,30,72,8.7,5.9,1019.6,73.1,18,0,0
2019-03,新潟県,新潟市,92.0,3.1,⬆️南,,0,7.2,2,69,7.5,7.0,1013.9,154.2,5,3,0
2019-04,新潟県,新潟市,107.5,2.9,↘️北西,,0,10.8,0,67,7.6,8.6,1013.5,173.9,3,0,0
2019-05,新潟県,新潟市,62.0,2.9,⬆️南,,0,18.0,0,63,5.4,12.7,1012.4,312.3,0,0,1
2019-06,新潟県,新潟市,174.5,2.7,↖️南東,,0,20.8,0,77,8.0,18.8,1006.6,185.2,0,2,1
2019-07,新潟県,新潟市,73.5,2.7,↖️南東,,0,25.2,0,77,8.5,24.8,1008.0,172.0,0,0,0
2019-08,新潟県,新潟市,177.0,2.8,↖️南東,,0,27.5,0,79,6.8,28.7,1007.7,244.1,0,2,0
2019-09,新潟県,新潟市,30.5,2.6,↖️南東,,0,23.4,0,74,7.5,21.6,1014.9,161.9,0,0,1
2019-10,新潟県,新潟市,188.5,3.0,↖️南東,,0,17.7,0,77,7.9,15.6,1016.3,122.2,0,0,2
2019-11,新潟県,新潟市,137.0,3.2,↗️南西,,0,11.0,1,72,7.8,9.5,1019.3,104.9,3,1,1
2019-12,新潟県,新潟市,94.0,3.4,⬆️南,,0,6.6,0,74,8.6,7.2,1020.1,76.9,8,3,0
2020-01,新潟県,新潟市,146.0,3.3,⬆️南,,0,5.2,0,77,9.2,6.8,1017.7,60.7,11,2,1
2020-02,新潟県,新潟市,102.0,3.6,⬆️南,,0,5.0,4,75,8.9,6.7,1019.7,74.8,15,1,0
2020-03,新潟県,新潟市,121.0,3.3,➡️西,,0,7.9,0,69,7.3,7.4,1014.5,161.0,7,4,0
2020-04,新潟県,新潟市,108.0,3.4,⬆️南,,0,10.1,0,69,6.4,8.4,1013.7,167.6,1,1,0
2020-05,新潟県,新潟市,82.0,2.7,↖️南東,,0,17.2,0,74,7.2,14.3,1010.9,206.2,0,1,0
2020-06,新潟県,新潟市,80.5,2.5,↖️南東,,0,22.3,0,75,7.2,20.0,1007.1,205.6,0,1,0
2020-07,新潟県,新潟市,649.5,2.2,⬆️南,,0,23.6,0,88,9.5,25.5,1007.9,75.3,0,3,1
2020-08,新潟県,新潟市,101.5,2.2,⬆️南,,0,27.7,0,79,6.5,29.0,1010.4,227.3,0,2,1
2020-09,新潟県,新潟市,250.5,3.2,↖️南東,,0,24.4,0,75,7.7,22.9,1011.3,167.3,0,2,0
2020-10,新潟県,新潟市,108.5,2.7,⬆️南,,0,16.4,0,73,7.9,13.7,1017.3,120.5,0,2,0
2020-11,新潟県,新潟市,124.5,2.7,⬆️南,,0,11.4,0,73,8.1,9.9,1020.6,96.7,2,2,0
2020-12,新潟県,新潟市,203.5,3.7,↘️北西,,0,5.2,9,80,9.2,7.2,1017.6,45.5,13,3,0
2021-01,新潟県,新潟市,247.5,3.4,⬆️南,,0,1.9,148,81,8.8,5.7,1017.9,50.2,21,3,3
2021-02,新潟県,新潟市,97.5,4.1,↘️北西,,0,4.4,32,71,7.9,6.1,1015.8,104.3,17,3,0
2021-03,新潟県,新潟市,77.5,3.1,⬆️南,,0,8.5,0,69,7.3,7.7,1018.4,152.5,2,0,0
2021-04,新潟県,新潟市,109.5,3.1,↘️北西,,0,11.4,0,68,6.2,9.1,1018.1,218.0,0,0,1
2021-05,新潟県,新潟市,114.0,3.0,➡️西,,0,16.9,0,75,7.7,14.3,1009.2,178.1,0,2,1
2021-06,新潟県,新潟市,84.5,2.3,⬇️北,,0,21.5,0,78,8.1,19.8,1009.2,212.8,0,3,0
2021-07,新潟県,新潟市,226.5,2.4,↖️南東,,0,26.1,0,82,6.7,27.3,1009.3,242.5,0,5,0
2021-08,新潟県,新潟市,163.5,2.6,↖️南東,,0,26.7,0,79,8.1,27.4,1008.9,170.4,0,3,0
2021-09,新潟県,新潟市,121.5,3.1,↖️南東,,0,22.3,0,73,6.7,19.4,1013.6,190.9,0,3,0
2021-10,新潟県,新潟市,152.5,2.5,⬆️南,,0,17.2,0,76,7.8,15.2,1018.7,127.6,0,2,1
2021-11,新潟県,新潟市,282.5,3.4,↗️南西,,0,11.5,0,77,7.5,10.5,1016.1,120.3,0,7,0
2021-12,新潟県,新潟市,275.0,3.8,⬆️南,,0,5.3,20,80,8.7,7.3,1016.8,59.2,11,6,3
2022-01,新潟県,新潟市,120.5,3.9,↘️北西,,0,2.5,36,74,9.1,5.4,1017.0,69.6,27,3,0
2022-02,新潟県,新潟市,109.5,3.5,⬆️南,,0,2.5,32,75,9.2,5.5,1017.8,63.3,22,2,0
2022-03,新潟県,新潟市,87.5,3.0,⬆️南,,0,7.3,0,71,8.0,7.2,1015.8,137.2,2,1,0
2022-04,新潟県,新潟市,107.0,2.4,⬆️南,,0,12.5,0,69,6.2,10.0,1016.6,199.5,1,0,0
2022-05,新潟県,新潟市,89.5,2.6,⬆️南,,0,17.5,0,66,6.0,13.1,1012.2,255.5,0,1,0
2022-06,新潟県,新潟市,172.5,2.9,↗️南西,,0,21.7,0,76,8.1,19.9,1009.3,181.8,0,4,0
2022-07,新潟県,新潟市,223.5,2.3,⬆️南,,0,26.6,0,79,7.3,27.4,1006.9,239.7,0,4,1
2022-08,新潟県,新潟市,280.5,2.4,⬆️南,,0,26.6,0,79,8.6,27.4,1007.5,139.5,0,5,1
2022-09,新潟県,新潟市,123.0,2.7,↖️南東,,0,23.8,0,77,7.8,22.5,1012.9,177.2,0,0,1
2022-10,新潟県,新潟市,117.5,2.2,⬆️南,,0,15.8,0,77,7.4,14.0,1019.4,130.1,0,2,0
2022-11,新潟県,新潟市,171.0,2.6,⬆️南,,0,12.2,0,77,7.5,10.8,1018.7,121.4,0,2,0
2022-12,新潟県,新潟市,400.0,3.9,↗️南西,,0,4.7,94,84,9.5,7.2,1015.4,36.9,14,7,0
2023-01,新潟県,新潟市,149.0,3.8,↘️北西,,0,2.9,54,78,8.9,5.9,1017.6,54.4,24,4,1
2023-02,新潟県,新潟市,109.0,3.2,↘️北西,,0,3.5,39,74,8.7,5.9,1021.3,69.7,17,2,0
2023-03,新潟県,新潟市,85.0,2.7,⬆️南,,0,9.2,0,67,5.8,7.7,1019.8,213.3,0,0,0
2023-04,新潟県,新潟市,76.5,3.0,➡️西,,0,12.7,0,66,6.5,9.7,1014.8,195.1,1,0,0
2023-05,新潟県,新潟市,167.5,2.4,⬇️北,,0,16.9,0,74,6.8,14.1,1013.9,222.0,0,0,1
2023-06,新潟県,新潟市,182.5,2.7,⬆️南,,0,22.1,0,78,8.1,20.5,1008.3,178.1,0,1,0
2023-07,新潟県,新潟市,172.5,2.3,⬆️南,,0,26.5,0,80,6.7,27.4,1009.6,224.5,0,1,0
2023-08,新潟県,新潟市,2.0,3.2,↖️南東,,0,30.6,0,69,4.6,29.7,1007.5,326.1,0,5,0
2023-09,新潟県,新潟市,192.5,2.3,↖️南東,,0,25.8,0,77,8.2,25.6,1011.9,142.8,0,5,0
2023-10,新潟県,新潟市,180.0,2.6,⬆️南,,0,16.7,0,76,7.6,14.3,1014.9,150.7,0,7,0
2023-11,新潟県,新潟市,233.5,3.6,⬆️南,,0,12.1,0,75,7.1,10.8,1016.9,111.1,0,5,0
2023-12,新潟県,新潟市,316.0,3.1,⬆️南,,0,6.0,48,82,8.7,7.8,1019.3,56.2,11,4,0
2024-01,新潟県,新潟市,180.0,3.4,⬆️南,,0,4.3,24,79,8.9,6.6,1018.0,72.0,15,5,0
2024-02,新潟県,新潟市,114.5,2.7,⬆️南,,0,4.8,1,75,8.4,6.5,1022.1,70.1,18,1,0
2024-03,新潟県,新潟市,168.0,3.5,⬆️南,,0,6.0,5,73,7.9,6.9,1014.8,114.3,0,0,0
2024-04,新潟県,新潟市,54.0,2.4,⬇️北,,0,13.7,0,72,0,11.3,1014.7,204.6,0,1,1
2024-05,新潟県,新潟市,128.0,2.5,⬆️南,,0,17.1,0,71,0,13.4,1013.3,210.8,0,1,0
2024-06,新潟県,新潟市,57.0,2.2,⬆️南,,0,22.2,0,75,0,20.0,1008.7,226.4,0,2,0
2024-07,新潟県,新潟市,376.5,2.9,➡️西,,0,26.2,0,83,0,28.2,1008.2,99.4,0,10,0
2024-08,新潟県,新潟市,42.0,2.1,⬇️北,,0,28.0,0,80,0,30.1,1007.4,197.1,0,6,0
2024-09,新潟県,新潟市,292.0,2.1,⬆️南,,0,25.0,0,80,0,25.6,1012.8,142.8,0,6,0
2024-10,新潟県,新潟市,144.5,2.4,↖️南東,,0,18.7,0,77,0,16.6,1018.6,142.3,0,0,0
2024-11,新潟県,新潟市,246.5,2.8,↗️南西,,0,11.5,0,76,0,10.4,1018.8,106.7,2,5,0
2024-12,新潟県,新潟市,262.5,3.7,↗️南西,,0,4.9,6,81,0,7.0,1014.7,43.1,24,6,0
2025-01,新潟県,新潟市,291.0,3.1,⬆️南,,0,3.4,37,83,0,6.4,1016.8,58.7,26,13,0
2025-02,新潟県,新潟市,112.0,3.8,↘️北西,,0,2.9,90,74,0,5.5,1015.1,84.8,25,4,0
2025-03,新潟県,新潟市,68.0,3.5,⬆️南,,0,7.6,0,69,0,7.3,1016.2,125.0,15,0,0
2025-04,新潟県,新潟市,91.0,3.3,➡️西,,0,12.3,0,74,0,10.5,1011.7,132.9,0,5,0
2025-05,新潟県,新潟市,50.5,3.4,↖️南東,,0,15.2,0,72,0,12.2,1010.2,66.0,0,0,0
1986-05,宮城県,仙台市,145.0,3.6,↖️南東,,0,14.5,0,68,6.6,11.2,1005.0,208.5,0,1,1
1986-06,宮城県,仙台市,125.0,2.6,↖️南東,,0,17.4,0,78,7.8,15.4,1005.4,147.3,0,0,8
1986-07,宮城県,仙台市,192.0,2.5,↖️南東,,0,20.1,0,83,8.3,19.5,1005.8,104.3,0,1,4
1986-08,宮城県,仙台市,422.0,2.6,↖️南東,,0,23.6,0,81,8.5,23.5,1005.0,137.4,0,1,7
1986-09,宮城県,仙台市,64.5,3.0,⬇️北,,0,21.1,0,72,6.7,18.2,1007.5,150.6,0,0,2
1986-10,宮城県,仙台市,99.5,3.5,⬇️北,,0,13.1,0,71,6.8,11.1,1012.5,118.5,0,0,1
1986-11,宮城県,仙台市,35.5,3.9,↘️北西,,0,7.8,0,63,5.5,6.9,1014.8,142.7,5,0,0
1986-12,宮城県,仙台市,25.0,4.0,↘️北西,,0,5.0,7,59,5.9,5.2,1012.3,149.1,10,0,0
1987-01,宮城県,仙台市,23.0,4.1,↘️北西,,0,1.0,28,62,5.6,4.2,1011.0,145.8,27,0,0
1987-02,宮城県,仙台市,30.0,4.1,↘️北西,,0,1.9,42,63,5.6,4.6,1009.3,144.8,18,0,0
1987-03,宮城県,仙台市,74.0,4.3,↘️北西,,0,4.5,4,65,6.8,5.7,1008.9,172.5,15,0,4
1987-04,宮城県,仙台市,8.0,3.8,↘️北西,,0,9.3,0,61,5.7,7.3,1011.6,245.7,4,0,3
1987-05,宮城県,仙台市,100.0,3.2,↖️南東,,0,14.9,0,68,6.2,11.5,1008.9,213.2,0,2,4
1987-06,宮城県,仙台市,69.0,2.8,↖️南東,,0,18.8,0,75,6.7,16.1,1005.6,204.3,0,1,6
1987-07,宮城県,仙台市,150.5,2.7,⬆️南,,0,23.1,0,80,8.1,22.4,1003.1,118.6,0,3,8
1987-08,宮城県,仙台市,164.5,2.6,⬆️南,,0,23.3,0,84,8.3,24.1,1005.4,114.0,0,5,5
1987-09,宮城県,仙台市,141.0,3.4,⬇️北,,0,20.3,0,79,7.5,19.2,1010.6,116.3,0,1,5
1987-10,宮城県,仙台市,21.0,3.2,↘️北西,,0,15.3,0,70,5.8,12.5,1012.9,163.1,0,0,3
1987-11,宮城県,仙台市,40.0,3.9,↘️北西,,0,9.0,0,63,5.7,7.6,1014.5,144.5,4,1,0
1987-12,宮城県,仙台市,16.5,3.7,↘️北西,,0,4.8,6,65,5.6,5.7,1013.4,148.2,14,0,0
1988-01,宮城県,仙台市,35.5,3.4,↘️北西,,0,2.5,32,66,6.9,4.9,1010.0,136.6,19,0,0
1988-02,宮城県,仙台市,6.5,4.1,↘️北西,,0,-0.1,8,59,5.6,3.6,1012.1,172.9,23,0,0
1988-03,宮城県,仙台市,94.0,4.2,↘️北西,,0,4.1,2,61,7.2,5.0,1011.1,152.2,12,0,0
1988-04,宮城県,仙台市,101.5,3.8,↖️南東,,0,10.2,6,62,6.5,7.8,1010.7,197.0,1,0,1
1988-05,宮城県,仙台市,90.5,3.6,↖️南東,,0,14.3,0,68,7.2,11.1,1006.2,175.3,0,2,5
1988-06,宮城県,仙台市,183.5,3.0,↖️南東,,0,18.2,0,82,8.8,16.9,1003.7,102.6,0,2,8
1988-07,宮城県,仙台市,237.5,2.6,↖️南東,,0,18.6,0,87,9.6,18.7,1005.6,31.9,0,0,5
1988-08,宮城県,仙台市,281.0,2.9,↖️南東,,0,24.5,0,88,8.6,27.2,1004.9,97.4,0,3,9
1988-09,宮城県,仙台市,284.0,3.1,↘️北西,,0,19.8,0,81,8.6,18.9,1008.5,71.2,0,1,1
1988-10,宮城県,仙台市,80.5,3.4,↘️北西,,0,14.2,0,65,6.4,10.8,1009.2,173.0,0,0,0
1988-11,宮城県,仙台市,17.0,3.7,↘️北西,,0,7.2,0,64,6.0,6.5,1008.0,135.5,1,0,0
1988-12,宮城県,仙台市,3.0,3.5,↘️北西,,0,4.4,5,62,4.8,5.3,1011.5,159.2,14,0,0
1989-01,宮城県,仙台市,67.5,3.8,↘️北西,,0,3.1,12,66,6.2,5.2,1014.6,133.7,13,0,0
1989-02,宮城県,仙台市,56.0,3.5,↘️北西,,0,3.3,20,64,6.6,5.0,1013.2,128.0,14,0,0
1989-03,宮城県,仙台市,33.0,4.1,↘️北西,,0,6.2,0,60,6.5,5.8,1009.6,159.8,4,0,0
1989-04,宮城県,仙台市,217.0,4.3,↘️北西,,0,11.3,0,62,5.7,8.4,1007.3,212.2,0,2,2
1989-05,宮城県,仙台市,100.0,3.1,↖️南東,,0,14.5,0,70,7.8,11.3,1007.0,180.2,0,1,2
1989-06,宮城県,仙台市,129.5,3.1,↖️南東,,0,17.0,0,78,8.4,15.1,1006.7,129.1,0,0,2
1989-07,宮城県,仙台市,106.0,3.2,↖️南東,,0,21.1,0,86,9.4,21.7,1009.3,104.3,0,1,9
1989-08,宮城県,仙台市,251.5,3.1,↖️南東,,0,24.5,0,80,7.6,24.5,1004.0,143.7,0,0,2
1989-09,宮城県,仙台市,261.0,2.5,↘️北西,,0,20.9,0,80,8.9,20.1,1007.9,84.9,0,2,2
1989-10,宮城県,仙台市,84.0,3.4,↘️北西,,0,14.5,0,70,6.0,11.9,1012.2,163.1,0,1,0
1989-11,宮城県,仙台市,55.5,3.2,↘️北西,,0,10.9,0,69,6.6,9.4,1014.1,111.8,1,1,0
1989-12,宮城県,仙台市,33.0,3.7,↘️北西,,0,5.0,5,64,5.9,5.6,1011.0,131.4,12,0,0
1990-01,宮城県,仙台市,13.0,3.8,↘️北西,,0,0.8,8,63,6.2,4.1,1013.5,128.9,23,0,1
1990-02,宮城県,仙台市,67.0,3.4,↘️北西,,0,4.3,5,68,7.6,5.8,1018.7,94.8,7,0,0
1990-03,宮城県,仙台市,38.0,4.0,↘️北西,,0,6.2,6,58,6.2,5.6,1011.0,186.0,8,1,0
1990-04,宮城県,仙台市,171.0,3.9,↘️北西,,0,10.4,0,69,6.3,8.7,1008.2,168.0,2,0,2
1990-05,宮城県,仙台市,52.5,3.2,↖️南東,,0,16.1,0,68,5.9,12.5,1007.9,218.0,0,2,1
1990-06,宮城県,仙台市,132.0,2.8,↖️南東,,0,20.1,0,78,8.8,18.1,1004.9,129.2,0,0,2
1990-07,宮城県,仙台市,102.0,2.9,↖️南東,,0,22.2,0,80,8.9,21.5,1004.7,102.4,0,2,3
1990-08,宮城県,仙台市,117.0,3.1,↖️南東,,0,25.9,0,76,6.4,25.2,1004.1,201.8,0,5,0
1990-09,宮城県,仙台市,260.0,3.0,↘️北西,,0,22.1,0,77,8.2,20.6,1009.5,115.1,0,3,1
1990-10,宮城県,仙台市,209.5,3.3,↘️北西,,0,16.2,0,71,7.0,13.4,1012.7,140.4,0,0,0
1990-11,宮城県,仙台市,162.5,3.4,↘️北西,,0,11.5,0,70,6.2,9.7,1013.7,126.3,0,1,1
1990-12,宮城県,仙台市,12.5,3.6,↘️北西,,0,7.2,0,63,5.6,6.6,1009.9,133.9,12,0,0
1991-01,宮城県,仙台市,6.0,3.8,↘️北西,,0,2.4,9,64,5.2,4.6,1009.0,153.1,23,0,0
1991-02,宮城県,仙台市,106.0,3.9,↘️北西,,0,1.7,36,66,6.5,4.6,1007.6,127.8,22,0,0
1991-03,宮城県,仙台市,68.0,3.8,↘️北西,,0,5.1,17,63,6.8,5.6,1013.2,164.1,14,0,0
1991-04,宮城県,仙台市,48.0,3.4,↖️南東,,0,11.1,0,64,5.8,8.6,1011.3,225.2,0,0,2
1991-05,宮城県,仙台市,46.0,3.2,↖️南東,,0,15.6,0,66,6.7,11.8,1007.6,205.8,1,1,4
1991-06,宮城県,仙台市,201.0,2.7,↖️南東,,0,20.6,0,80,8.2,19.4,1003.4,132.6,0,1,1
1991-07,宮城県,仙台市,288.0,2.6,↖️南東,,0,21.9,0,84,9.1,21.8,1002.5,81.9,0,4,7
1991-08,宮城県,仙台市,358.0,2.7,↖️南東,,0,22.2,0,83,7.9,22.2,1003.9,130.4,0,2,5
1991-09,宮城県,仙台市,268.5,2.9,↘️北西,,0,20.6,0,81,8.5,19.8,1008.6,86.5,0,1,2
1991-10,宮城県,仙台市,347.0,3.3,⬇️北,,0,15.5,0,75,8.2,13.2,1009.1,94.4,0,1,0
1991-11,宮城県,仙台市,41.5,3.2,↘️北西,,0,8.9,0,66,5.3,7.7,1014.9,129.8,2,0,1
1991-12,宮城県,仙台市,18.5,3.6,↘️北西,,0,4.9,13,67,5.3,6.0,1014.1,112.3,11,0,1
1992-01,宮城県,仙台市,23.0,3.5,↘️北西,,0,2.7,14,65,5.0,4.8,1012.1,147.1,17,0,0
1992-02,宮城県,仙台市,9.0,4.1,↘️北西,,0,2.4,21,60,5.2,4.4,1008.4,173.4,19,0,0
1992-03,宮城県,仙台市,108.0,3.6,↘️北西,,0,5.0,57,66,6.5,5.8,1014.6,143.4,13,0,0
1992-04,宮城県,仙台市,156.5,3.9,↖️南東,,0,10.1,0,66,6.3,7.9,1006.5,173.3,2,0,0
1992-05,宮城県,仙台市,120.0,3.7,↖️南東,,0,13.3,0,69,7.6,10.6,1006.0,156.8,1,4,1
1992-06,宮城県,仙台市,134.5,3.3,↖️南東,,0,17.3,0,77,7.6,15.0,1005.6,159.2,0,3,7
1992-07,宮城県,仙台市,103.5,2.7,↖️南東,,0,22.5,0,78,7.9,21.0,1003.3,140.4,0,0,9
1992-08,宮城県,仙台市,83.0,2.6,↖️南東,,0,23.4,0,85,8.3,24.6,1007.8,119.0,0,4,8
1992-09,宮城県,仙台市,47.5,3.5,↘️北西,,0,19.9,0,72,6.9,17.0,1007.9,151.1,0,0,1
1992-10,宮城県,仙台市,145.0,3.0,⬇️北,,0,14.7,0,75,6.9,12.7,1012.1,131.4,0,0,1
1992-11,宮城県,仙台市,19.0,3.3,⬇️北,,0,9.7,0,70,5.9,8.7,1015.2,143.1,2,0,0
1992-12,宮城県,仙台市,28.0,3.4,↘️北西,,0,5.0,9,71,7.0,6.3,1012.1,105.5,13,0,0
1993-01,宮城県,仙台市,47.0,3.7,↘️北西,,0,2.8,16,70,7.0,5.2,1012.2,111.3,17,0,0
1993-02,宮城県,仙台市,82.0,4.3,↘️北西,,0,3.4,8,64,6.0,5.0,1006.9,140.5,17,0,0
1993-03,宮城県,仙台市,39.5,3.9,↘️北西,,0,4.6,9,61,5.7,5.2,1010.3,165.3,12,0,0
1993-04,宮城県,仙台市,46.5,4.3,↘️北西,,0,9.5,0,53,5.6,6.2,1007.0,202.3,2,0,3
1993-05,宮城県,仙台市,138.0,3.5,↖️南東,,0,14.4,0,67,6.7,10.8,1007.2,196.5,0,0,0
1993-06,宮城県,仙台市,124.0,3.1,↖️南東,,0,18.1,0,82,8.8,16.9,1003.0,94.1,0,1,1
1993-07,宮城県,仙台市,313.5,2.7,↖️南東,,0,18.5,0,88,9.5,18.8,1005.5,55.3,0,0,7
1993-08,宮城県,仙台市,229.5,3.0,↖️南東,,0,21.6,0,81,8.3,20.9,1005.2,115.9,0,2,5
1993-09,宮城県,仙台市,221.0,2.8,↘️北西,,0,19.8,0,79,8.0,18.1,1008.6,106.6,0,1,0
1993-10,宮城県,仙台市,78.0,3.3,↘️北西,,0,14.1,0,69,6.0,11.3,1012.3,170.3,0,1,0
1993-11,宮城県,仙台市,113.0,3.2,↘️北西,,0,10.5,0,69,5.7,9.0,1015.5,126.0,1,0,1
1993-12,宮城県,仙台市,33.5,3.9,↘️北西,,0,4.6,11,67,6.5,5.7,1012.0,108.1,10,0,0
1994-01,宮城県,仙台市,11.0,3.5,↘️北西,,0,1.8,14,65,6.0,4.5,1010.5,128.5,18,0,0
1994-02,宮城県,仙台市,52.5,5.0,↘️北西,,0,2.8,19,63,6.1,4.7,1003.1,164.6,15,0,0
1994-03,宮城県,仙台市,80.5,4.1,↘️北西,,0,4.0,0,59,5.8,4.7,1012.2,201.5,14,0,1
1994-04,宮城県,仙台市,6.5,4.0,↘️北西,,0,11.0,0,55,6.0,7.2,1009.1,235.2,3,0,0
1994-05,宮城県,仙台市,111.0,3.5,⬆️南,,0,15.5,0,70,6.7,12.3,1005.9,200.0,0,0,2
1994-06,宮城県,仙台市,79.0,2.7,↖️南東,,0,18.6,0,80,8.1,17.0,1004.3,143.1,0,3,5
1994-07,宮城県,仙台市,61.0,2.5,↖️南東,,0,24.2,0,83,7.6,24.8,1003.1,172.7,0,0,6
1994-08,宮城県,仙台市,102.5,2.9,↖️南東,,0,26.6,0,79,5.8,27.2,1007.6,226.8,0,5,1
1994-09,宮城県,仙台市,638.5,3.1,↘️北西,,0,22.2,0,81,7.3,21.5,1005.2,120.4,0,3,0
1994-10,宮城県,仙台市,61.5,2.8,↘️北西,,0,16.6,0,73,7.5,14.0,1012.8,113.6,0,0,0
1994-11,宮城県,仙台市,5.5,3.3,↘️北西,,0,9.6,0,65,4.9,8.0,1017.5,153.5,1,0,0
1994-12,宮城県,仙台市,29.5,3.7,↘️北西,,0,4.4,3,66,5.6,5.6,1013.0,148.7,11,0,0
1995-01,宮城県,仙台市,31.0,3.7,↘️北西,,0,1.1,14,66,5.6,4.4,1008.6,159.8,23,0,0
1995-02,宮城県,仙台市,14.5,3.6,↘️北西,,0,2.4,12,62,5.6,4.5,1010.7,175.5,14,0,0
1995-03,宮城県,仙台市,119.5,3.8,↘️北西,,0,4.7,5,70,7.3,6.0,1011.1,125.9,11,0,0
1995-04,宮城県,仙台市,61.0,4.4,↘️北西,,0,11.3,0,65,6.9,9.0,1008.3,189.0,2,0,1
1995-05,宮城県,仙台市,125.5,3.3,↖️南東,,0,15.6,0,76,8.1,13.3,1007.2,146.1,0,3,3
1995-06,宮城県,仙台市,177.0,2.7,↖️南東,,0,17.0,0,84,9.3,16.4,1004.7,43.6,0,1,4
1995-07,宮城県,仙台市,86.0,2.2,⬆️南,,0,23.7,0,80,7.8,22.9,1003.8,140.9,0,1,6
1995-08,宮城県,仙台市,188.5,2.3,↖️南東,,0,25.4,0,77,8.0,24.8,1005.8,152.0,0,2,0
1995-09,宮城県,仙台市,106.5,3.3,↘️北西,,0,20.3,0,70,7.3,16.4,1006.7,146.8,0,1,0
1995-10,宮城県,仙台市,25.5,3.0,↘️北西,,0,16.4,0,70,6.5,13.1,1012.1,149.5,0,0,0
1995-11,宮城県,仙台市,25.5,3.8,↘️北西,,0,8.8,0,62,5.4,7.1,1007.6,178.7,3,0,0
1995-12,宮城県,仙台市,14.0,3.8,↘️北西,,0,3.9,13,63,5.1,5.1,1008.8,156.1,15,0,0
1996-01,宮城県,仙台市,15.0,4.0,↘️北西,,0,1.3,26,65,5.7,4.4,1008.7,145.1,22,0,1
1996-02,宮城県,仙台市,14.0,3.6,↘️北西,,0,1.8,8,61,5.6,4.3,1010.6,167.1,19,0,0
1996-03,宮城県,仙台市,121.0,4.0,↘️北西,,0,4.3,7,61,6.5,5.1,1008.7,180.3,15,0,0
1996-04,宮城県,仙台市,47.5,3.7,↘️北西,,0,8.5,1,61,5.4,6.8,1008.6,198.2,6,0,2
1996-05,宮城県,仙台市,127.5,3.7,↖️南東,,0,13.9,0,70,6.9,11.0,1007.4,167.6,0,0,2
1996-06,宮城県,仙台市,126.0,2.8,↖️南東,,0,18.0,0,79,8.5,16.1,1004.1,99.8,0,1,7
1996-07,宮城県,仙台市,117.0,2.5,↖️南東,,0,22.5,0,80,8.0,21.8,1005.2,136.5,0,2,7
1996-08,宮城県,仙台市,82.5,2.7,↖️南東,,0,22.9,0,77,8.0,21.5,1006.4,144.4,0,0,1
1996-09,宮城県,仙台市,207.5,2.9,↘️北西,,0,20.0,0,74,6.6,17.1,1008.5,157.7,0,0,2
1996-10,宮城県,仙台市,16.0,3.0,↘️北西,,0,15.1,0,70,6.5,12.1,1012.9,144.5,0,1,0
1996-11,宮城県,仙台市,76.5,3.3,↘️北西,,0,8.9,0,68,6.8,7.9,1012.7,120.1,3,0,0
1996-12,宮城県,仙台市,9.5,3.4,↘️北西,,0,5.4,0,61,5.7,5.5,1011.5,156.9,10,0,0
1997-01,宮城県,仙台市,56.0,4.1,↘️北西,,0,2.4,39,65,5.7,4.7,1006.1,158.8,19,0,1
1997-02,宮城県,仙台市,32.5,4.3,↘️北西,,0,2.6,40,63,5.4,4.6,1009.2,168.7,17,0,0
1997-03,宮城県,仙台市,19.5,4.3,↘️北西,,0,5.7,0,59,5.3,5.4,1012.1,203.3,8,0,0
1997-04,宮城県,仙台市,69.5,3.8,↘️北西,,0,11.1,0,61,5.9,7.8,1008.9,183.8,1,0,1
1997-05,宮城県,仙台市,147.0,3.2,↖️南東,,0,15.0,0,73,7.7,12.2,1005.0,154.5,0,1,4
1997-06,宮城県,仙台市,280.5,3.0,↖️南東,,0,18.6,0,81,7.9,17.4,1004.9,143.1,0,2,5
1997-07,宮城県,仙台市,88.5,2.8,↖️南東,,0,23.1,0,84,8.4,23.3,1004.0,145.3,0,0,8
1997-08,宮城県,仙台市,45.5,2.6,↖️南東,,0,23.9,0,79,7.4,23.3,1005.5,153.0,0,4,1
1997-09,宮城県,仙台市,242.0,2.7,↘️北西,,0,19.7,0,82,8.1,19.0,1008.3,74.0,0,0,1
1997-10,宮城県,仙台市,11.5,3.1,↘️北西,,0,14.4,0,71,5.3,11.6,1009.6,187.4,0,0,0
1997-11,宮城県,仙台市,133.5,3.4,↘️北西,,0,10.5,0,71,5.6,9.0,1014.5,144.1,0,0,1
1997-12,宮城県,仙台市,35.0,3.2,↘️北西,,0,5.2,7,68,5.9,6.1,1014.1,145.7,9,0,2
1998-01,宮城県,仙台市,72.0,3.8,↘️北西,,0,0.5,67,75,6.9,4.8,1011.5,119.0,28,0,0
1998-02,宮城県,仙台市,42.5,3.4,↘️北西,,0,2.4,10,70,6.0,5.1,1013.4,127.8,15,0,1
1998-03,宮城県,仙台市,26.0,4.0,↘️北西,,0,6.1,3,59,5.5,5.5,1010.6,184.0,5,0,0
1998-04,宮城県,仙台市,121.0,2.8,↖️南東,,0,11.6,17,76,7.9,10.5,1012.2,142.2,2,0,5
1998-05,宮城県,仙台市,89.5,3.2,↖️南東,,0,16.5,0,72,7.6,13.6,1009.9,220.2,0,0,1
1998-06,宮城県,仙台市,157.0,2.7,↖️南東,,0,17.6,0,86,9.1,17.2,1006.7,67.3,0,0,2
1998-07,宮城県,仙台市,140.0,2.4,↖️南東,,0,21.6,0,89,8.9,22.8,1004.2,91.9,0,1,9
1998-08,宮城県,仙台市,422.0,2.5,↖️南東,,0,23.1,0,90,9.1,25.6,1004.5,71.0,0,2,3
1998-09,宮城県,仙台市,165.5,3.0,⬆️南,,0,21.9,0,88,8.6,23.1,1008.5,100.6,0,1,3
1998-10,宮城県,仙台市,158.5,3.3,↘️北西,,0,16.8,0,79,7.0,15.4,1011.8,129.1,0,0,2
1998-11,宮城県,仙台市,7.0,3.4,↘️北西,,0,9.0,0,70,6.6,8.2,1010.7,116.2,5,0,0
1998-12,宮城県,仙台市,18.0,3.6,↘️北西,,0,5.2,0,66,6.0,5.8,1013.4,139.4,11,0,1
1999-01,宮城県,仙台市,4.0,3.7,↘️北西,,0,2.1,4,67,5.9,4.8,1007.8,162.1,23,0,0
1999-02,宮城県,仙台市,26.0,4.5,↘️北西,,0,2.4,11,61,5.2,4.4,1008.9,174.0,19,0,0
1999-03,宮城県,仙台市,119.0,4.2,↘️北西,,0,5.3,7,66,6.1,6.1,1010.9,175.4,12,0,0
1999-04,宮城県,仙台市,145.0,3.6,↘️北西,,0,11.0,0,69,6.5,9.3,1009.0,152.9,4,0,3
1999-05,宮城県,仙台市,106.0,3.6,⬆️南,,0,16.5,0,64,5.6,11.8,1006.2,228.7,0,0,3
1999-06,宮城県,仙台市,245.0,2.7,↖️南東,,0,19.7,0,77,7.5,17.5,1005.0,158.5,0,0,1
1999-07,宮城県,仙台市,261.5,2.5,↖️南東,,0,23.4,0,82,8.0,23.7,1004.5,151.3,0,3,6
1999-08,宮城県,仙台市,240.0,3.1,↖️南東,,0,25.4,0,82,7.3,26.6,1006.1,182.9,0,3,2
1999-09,宮城県,仙台市,280.5,2.9,↘️北西,,0,22.3,0,80,7.9,21.5,1008.7,131.0,0,3,2
1999-10,宮城県,仙台市,105.0,3.3,↘️北西,,0,15.8,0,70,6.3,12.7,1012.4,150.2,0,2,0
1999-11,宮城県,仙台市,45.0,3.1,↘️北西,,0,10.7,0,67,5.9,8.8,1011.9,146.5,2,0,0
1999-12,宮城県,仙台市,19.0,3.4,↘️北西,,0,4.3,3,67,5.6,5.5,1011.7,134.3,12,0,1
2000-01,宮城県,仙台市,44.5,3.7,↘️北西,,0,3.6,9,66,6.2,5.2,1012.9,148.7,13,0,0
2000-02,宮城県,仙台市,9.5,3.7,↘️北西,,0,1.8,4,63,6.5,4.3,1006.1,153.5,21,0,0
2000-03,宮城県,仙台市,54.5,4.4,↘️北西,,0,4.6,21,59,6.3,5.1,1006.5,183.5,17,0,0
2000-04,宮城県,仙台市,178.5,4.4,↘️北西,,0,10.0,0,60,6.6,7.4,1006.1,187.8,3,0,1
2000-05,宮城県,仙台市,90.5,2.7,↖️南東,,0,15.9,0,76,7.5,13.5,1006.9,161.5,0,3,6
2000-06,宮城県,仙台市,84.5,2.4,↖️南東,,0,19.6,0,76,7.3,17.4,1003.8,162.7,0,0,4
2000-07,宮城県,仙台市,248.5,2.6,↖️南東,,0,24.3,0,80,8.2,24.0,1002.8,152.9,0,6,6
2000-08,宮城県,仙台市,54.0,2.5,↖️南東,,0,25.3,0,78,8.1,25.0,1006.8,151.7,0,3,2
2000-09,宮城県,仙台市,221.0,3.1,↘️北西,,0,22.0,0,77,8.3,20.5,1007.1,90.2,0,0,2
2000-10,宮城県,仙台市,88.0,2.9,↘️北西,,0,15.5,0,69,6.7,12.3,1012.4,151.2,0,0,0
2000-11,宮城県,仙台市,94.0,3.7,↘️北西,,0,9.1,0,68,6.3,8.0,1015.4,147.6,4,0,0
2000-12,宮城県,仙台市,19.0,3.8,↘️北西,,0,3.6,13,67,5.2,5.3,1011.3,153.5,15,0,0
2001-01,宮城県,仙台市,80.5,3.4,↘️北西,,0,0.0,70,71,7.0,4.3,1009.1,122.1,26,0,1
2001-02,宮城県,仙台市,24.0,3.5,↘️北西,,0,1.1,18,66,5.9,4.3,1011.9,147.2,19,0,0
2001-03,宮城県,仙台市,75.5,3.8,➡️西,,0,4.9,34,61,6.3,5.3,1005.0,163.4,14,0,1
2001-04,宮城県,仙台市,4.0,3.4,↖️南東,,0,11.6,0,59,5.3,8.2,1009.7,222.3,0,0,4
2001-05,宮城県,仙台市,84.5,2.7,↖️南東,,0,15.4,0,74,7.3,13.0,1006.6,156.4,0,2,4
2001-06,宮城県,仙台市,188.5,2.7,↖️南東,,0,19.3,0,75,8.0,16.6,1003.2,140.4,0,3,4
2001-07,宮城県,仙台市,137.0,2.5,↖️南東,,0,24.7,0,75,7.4,23.2,1004.1,207.5,0,6,3
2001-08,宮城県,仙台市,138.0,2.5,↖️南東,,0,21.8,0,83,8.9,21.6,1006.4,78.3,0,1,6
2001-09,宮城県,仙台市,121.5,2.8,↖️南東,,0,20.1,0,77,7.3,18.5,1009.2,128.4,0,0,3
2001-10,宮城県,仙台市,176.5,3.1,↘️北西,,0,15.3,0,70,5.7,12.2,1012.8,162.7,0,0,2
2001-11,宮城県,仙台市,28.5,3.1,↘️北西,,0,9.4,0,65,5.3,7.7,1011.2,167.8,1,0,0
2001-12,宮城県,仙台市,34.0,3.7,↘️北西,,0,2.7,21,67,5.5,5.0,1012.6,139.2,22,0,0
2002-01,宮城県,仙台市,147.5,3.9,↘️北西,,0,3.2,10,66,6.5,5.1,1006.5,135.0,22,1,0
2002-02,宮城県,仙台市,1.5,3.5,↘️北西,,0,3.6,0,62,6.4,4.9,1011.9,153.3,12,0,0
2002-03,宮城県,仙台市,66.5,4.0,↘️北西,,0,7.5,0,56,5.7,5.8,1008.0,197.0,2,0,0
2002-04,宮城県,仙台市,36.0,3.2,↖️南東,,0,11.9,0,63,6.9,8.8,1011.2,206.2,0,0,0
2002-05,宮城県,仙台市,115.0,3.0,↖️南東,,0,14.6,0,70,7.3,11.4,1008.0,184.4,0,2,0
2002-06,宮城県,仙台市,132.5,3.0,↖️南東,,0,17.9,0,75,7.9,14.9,1004.7,159.7,0,1,3
2002-07,宮城県,仙台市,359.5,2.4,↖️南東,,0,23.3,0,80,8.5,22.9,1003.6,126.0,0,3,10
2002-08,宮城県,仙台市,72.5,2.6,↖️南東,,0,24.4,0,77,7.9,23.2,1005.2,146.9,0,3,5
2002-09,宮城県,仙台市,82.5,2.5,↘️北西,,0,20.5,0,75,7.2,18.1,1009.8,140.9,0,0,3
2002-10,宮城県,仙台市,149.5,3.1,↘️北西,,0,15.6,0,70,6.1,12.6,1009.9,167.6,0,2,1
2002-11,宮城県,仙台市,61.5,3.4,↘️北西,,0,7.0,0,65,6.8,6.6,1009.4,117.9,6,0,0
2002-12,宮城県,仙台市,16.0,3.3,↘️北西,,0,3.2,8,65,6.8,5.1,1013.8,127.6,13,0,0
2003-01,宮城県,仙台市,74.0,4.0,↘️北西,,0,1.5,30,62,6.1,4.3,1008.4,167.9,22,0,0
2003-02,宮城県,仙台市,18.0,3.1,↘️北西,,0,2.5,3,63,6.6,4.7,1012.5,138.3,19,0,0
2003-03,宮城県,仙台市,123.5,4.0,↘️北西,,0,4.8,1,58,6.4,5.0,1011.1,188.0,12,2,0
2003-04,宮城県,仙台市,75.0,3.5,↖️南東,,0,11.1,0,66,6.9,8.7,1009.5,177.7,0,0,2
2003-05,宮城県,仙台市,48.0,2.9,↖️南東,,0,14.6,0,73,7.1,12.2,1011.3,206.3,0,1,3
2003-06,宮城県,仙台市,106.5,2.7,↖️南東,,0,19.1,0,76,8.2,16.6,1004.0,121.4,0,0,5
2003-07,宮城県,仙台市,286.5,2.7,↖️南東,,0,18.4,0,85,9.7,18.1,1006.1,34.2,0,0,6
2003-08,宮城県,仙台市,211.0,2.2,⬆️南,,0,22.2,0,87,9.2,23.2,1006.0,77.1,0,1,4
2003-09,宮城県,仙台市,98.0,2.5,⬆️南,,0,20.2,0,81,7.9,19.3,1009.0,104.4,0,0,3
2003-10,宮城県,仙台市,56.5,2.8,↘️北西,,0,14.5,0,70,6.7,11.5,1011.5,162.2,0,0,2
2003-11,宮城県,仙台市,150.0,2.9,↘️北西,,0,10.3,0,73,6.7,9.4,1016.1,117.0,0,0,2
2003-12,宮城県,仙台市,32.0,3.5,↘️北西,,0,5.9,7,67,6.6,6.2,1008.2,128.8,10,0,1
2004-01,宮城県,仙台市,23.5,3.3,↘️北西,,0,1.7,13,66,6.0,4.6,1009.1,169.7,20,0,2
2004-02,宮城県,仙台市,35.0,3.6,↘️北西,,0,3.1,11,67,6.5,5.1,1008.2,173.8,17,0,0
2004-03,宮城県,仙台市,12.5,3.5,↘️北西,,0,5.4,7,58,6.7,5.3,1011.6,171.5,9,0,0
2004-04,宮城県,仙台市,108.5,3.7,↘️北西,,0,10.9,0,59,5.5,7.4,1006.1,231.2,2,0,0
2004-05,宮城県,仙台市,142.0,2.9,↖️南東,,0,15.3,0,75,8.4,13.1,1007.3,131.7,0,0,6
2004-06,宮城県,仙台市,136.5,2.5,↖️南東,,0,19.9,0,75,7.6,17.2,1006.2,189.1,0,1,6
2004-07,宮城県,仙台市,156.0,2.7,↖️南東,,0,23.8,0,80,7.5,23.6,1004.1,196.2,0,6,6
2004-08,宮城県,仙台市,71.5,2.9,↖️南東,,0,23.6,0,74,7.9,21.5,1005.4,186.3,0,1,3
2004-09,宮城県,仙台市,85.0,2.6,↖️南東,,0,21.2,0,80,8.4,19.9,1011.3,109.1,0,2,3
2004-10,宮城県,仙台市,293.5,3.0,↘️北西,,0,14.5,0,77,7.4,12.9,1013.6,114.6,0,0,2
2004-11,宮城県,仙台市,105.5,2.9,↘️北西,,0,11.8,0,71,5.9,10.0,1013.8,123.7,0,1,2
2004-12,宮城県,仙台市,63.5,3.4,↘️北西,,0,5.4,26,64,6.1,5.8,1013.0,137.7,12,0,0
2005-01,宮城県,仙台市,62.0,3.5,↘️北西,,0,1.6,16,70,6.9,4.8,1006.8,122.1,22,0,0
2005-02,宮城県,仙台市,56.0,3.5,↘️北西,,0,0.8,40,69,6.5,4.5,1010.3,123.0,25,0,0
2005-03,宮城県,仙台市,59.0,3.8,↘️北西,,0,4.1,28,63,6.1,5.2,1008.2,171.2,13,0,0
2005-04,宮城県,仙台市,34.0,3.8,↘️北西,,0,11.0,0,56,5.6,7.1,1008.8,230.0,1,0,2
2005-05,宮城県,仙台市,71.5,3.4,↖️南東,,0,13.4,0,69,7.1,10.5,1006.5,178.1,0,2,1
2005-06,宮城県,仙台市,91.5,2.4,↖️南東,,0,19.5,0,83,8.7,18.9,1003.2,137.7,0,2,11
2005-07,宮城県,仙台市,237.5,2.6,↖️南東,,0,21.4,0,84,8.9,21.4,1002.9,95.2,0,1,9
2005-08,宮城県,仙台市,182.0,2.4,↖️南東,,0,25.0,0,84,7.7,26.4,1005.2,135.4,0,8,5
2005-09,宮城県,仙台市,72.0,3.0,⬇️北,,0,21.5,0,78,7.4,20.2,1011.5,150.2,0,2,0
2005-10,宮城県,仙台市,63.5,2.8,↘️北西,,0,16.3,0,75,7.8,14.2,1012.1,102.6,0,1,0
2005-11,宮城県,仙台市,33.0,3.2,↘️北西,,0,9.5,0,65,5.6,7.8,1011.2,175.9,0,0,0
2005-12,宮城県,仙台市,66.5,3.7,➡️西,,0,1.8,28,68,6.5,4.7,1005.8,149.0,25,0,0
2006-01,宮城県,仙台市,15.5,3.8,↘️北西,,0,0.7,5,62,6.2,4.0,1011.6,149.1,23,0,0
2006-02,宮城県,仙台市,62.5,3.3,↘️北西,,0,2.2,34,69,7.3,5.0,1014.2,132.8,17,0,1
2006-03,宮城県,仙台市,70.5,4.5,↘️北西,,0,5.0,1,58,5.8,5.1,1005.9,203.0,10,0,0
2006-04,宮城県,仙台市,76.0,3.5,↘️北西,,0,9.0,0,65,7.3,7.4,1005.8,153.9,1,0,5
2006-05,宮城県,仙台市,102.0,3.0,↖️南東,,0,15.2,0,75,8.4,13.1,1009.2,141.4,0,0,4
2006-06,宮城県,仙台市,154.5,3.1,⬆️南,,0,18.9,0,82,8.9,17.8,1005.4,106.6,0,1,7
2006-07,宮城県,仙台市,324.5,2.3,↖️南東,,0,21.5,0,88,9.5,22.4,1003.7,55.3,0,1,7
2006-08,宮城県,仙台市,40.5,2.5,↖️南東,,0,24.5,0,84,8.1,25.8,1005.4,140.4,0,1,6
2006-09,宮城県,仙台市,215.0,2.9,↘️北西,,0,20.4,0,79,7.1,18.9,1009.2,137.7,0,2,1
2006-10,宮城県,仙台市,305.0,3.4,↘️北西,,0,15.5,0,76,6.9,13.4,1012.0,157.7,0,0,1
2006-11,宮城県,仙台市,143.0,3.3,↘️北西,,0,10.1,0,72,6.1,9.1,1011.3,156.3,0,1,1
2006-12,宮城県,仙台市,90.5,3.1,↘️北西,,0,4.8,0,72,6.8,6.2,1014.2,101.8,13,0,0
2007-01,宮城県,仙台市,51.0,3.0,↘️北西,,0,3.8,0,67,5.8,5.3,1013.5,151.2,12,0,0
2007-02,宮城県,仙台市,35.5,3.7,↘️北西,,0,3.9,4,62,5.1,5.0,1010.7,179.4,12,0,0
2007-03,宮城県,仙台市,39.0,3.6,↘️北西,,0,5.3,6,62,6.0,5.7,1009.3,172.6,13,0,0
2007-04,宮城県,仙台市,59.0,3.2,↖️南東,,0,9.5,0,67,7.0,7.9,1009.5,161.1,0,1,0
2007-05,宮城県,仙台市,113.5,3.3,↖️南東,,0,15.4,0,68,6.8,11.6,1002.6,199.8,0,1,2
2007-06,宮城県,仙台市,159.0,2.7,↖️南東,,0,19.8,0,81,7.8,18.7,1005.0,160.4,0,3,3
2007-07,宮城県,仙台市,303.0,2.4,↖️南東,,0,20.9,0,86,8.6,21.0,1001.8,99.3,0,0,3
2007-08,宮城県,仙台市,135.0,2.4,↖️南東,,0,25.6,0,77,7.4,25.2,1006.4,197.4,0,2,0
2007-09,宮城県,仙台市,190.5,2.8,↘️北西,,0,22.3,0,81,8.3,22.1,1008.8,133.3,0,0,1
2007-10,宮城県,仙台市,160.5,3.0,↘️北西,,0,16.0,0,70,7.3,12.6,1012.6,155.8,0,0,0
2007-11,宮城県,仙台市,44.0,3.0,↘️北西,,0,9.2,0,68,6.4,8.0,1012.6,136.7,5,0,0
2007-12,宮城県,仙台市,53.5,2.9,↘️北西,,0,4.9,0,70,6.9,6.1,1010.0,106.6,11,0,0
2008-01,宮城県,仙台市,10.0,3.2,↘️北西,,0,1.3,3,68,6.5,4.5,1012.2,151.9,25,0,0
2008-02,宮城県,仙台市,21.5,3.8,↘️北西,,0,1.6,13,64,6.8,4.3,1009.3,154.2,22,0,0
2008-03,宮城県,仙台市,40.0,3.2,↘️北西,,0,6.6,0,63,6.1,6.1,1010.9,188.6,4,0,1
2008-04,宮城県,仙台市,127.5,3.9,⬇️北,,0,11.1,0,64,6.8,8.3,1009.9,168.3,0,1,1
2008-05,宮城県,仙台市,149.5,3.1,↖️南東,,0,14.8,0,74,7.9,12.2,1007.8,152.3,0,2,8
2008-06,宮城県,仙台市,101.5,2.7,↖️南東,,0,18.5,0,78,7.8,16.5,1005.8,164.8,0,0,4
2008-07,宮城県,仙台市,73.5,2.2,↖️南東,,0,22.9,0,86,9.2,24.0,1004.7,102.2,0,2,7
2008-08,宮城県,仙台市,444.0,2.5,↖️南東,,0,23.1,0,86,8.8,24.2,1004.8,92.0,0,2,0
2008-09,宮城県,仙台市,95.5,2.4,↘️北西,,0,21.0,0,80,8.5,20.1,1007.8,105.9,0,3,4
2008-10,宮城県,仙台市,191.0,2.6,↘️北西,,0,16.2,0,75,6.8,14.0,1013.0,140.0,0,1,2
2008-11,宮城県,仙台市,60.0,3.1,↘️北西,,0,9.4,0,67,6.7,8.0,1011.5,141.7,4,0,0
2008-12,宮城県,仙台市,35.0,3.2,↘️北西,,0,5.5,7,72,6.2,6.6,1011.6,151.5,9,0,1
2009-01,宮城県,仙台市,96.5,3.5,↘️北西,,0,2.9,6,67,6.7,5.1,1011.7,142.5,17,0,0
2009-02,宮城県,仙台市,37.5,3.7,↘️北西,,0,3.2,11,63,6.6,4.8,1009.7,170.9,13,0,0
2009-03,宮城県,仙台市,41.5,4.0,↘️北西,,0,5.5,2,59,6.4,5.4,1010.6,180.1,13,0,0
2009-04,宮城県,仙台市,180.5,3.6,↘️北西,,0,11.5,0,64,6.6,8.4,1008.2,201.7,0,0,0
2009-05,宮城県,仙台市,80.5,2.9,↖️南東,,0,16.5,0,69,7.9,12.8,1006.9,163.7,0,0,1
2009-06,宮城県,仙台市,128.0,2.6,↖️南東,,0,19.2,0,80,8.6,17.5,1003.0,118.5,0,0,4
2009-07,宮城県,仙台市,130.5,2.5,↖️南東,,0,22.7,0,82,9.4,22.5,1002.5,105.3,0,4,2
2009-08,宮城県,仙台市,199.5,2.5,↖️南東,,0,22.9,0,82,8.5,22.9,1005.7,98.1,0,0,3
2009-09,宮城県,仙台市,12.0,2.6,↘️北西,,0,19.9,0,74,7.9,17.0,1008.8,134.5,0,1,1
2009-10,宮城県,仙台市,186.5,2.9,↘️北西,,0,15.6,0,71,6.2,12.6,1009.8,162.6,0,0,0
2009-11,宮城県,仙台市,134.5,3.1,↘️北西,,0,10.4,0,72,7.0,9.3,1014.5,136.0,0,0,1
2009-12,宮城県,仙台市,76.0,3.2,↘️北西,,0,4.9,3,68,7.0,6.0,1009.4,112.3,10,0,0
2010-01,宮城県,仙台市,4.0,3.8,↘️北西,,0,2.8,1,64,5.9,4.8,1008.1,155.7,23,0,0
2010-02,宮城県,仙台市,24.5,3.1,↘️北西,,0,2.1,18,70,7.2,5.1,1012.1,118.6,19,0,1
2010-03,宮城県,仙台市,89.5,3.6,⬇️北,,0,4.4,30,66,7.3,5.6,1012.4,141.1,17,0,0
2010-04,宮城県,仙台市,163.5,3.4,↖️南東,,0,8.2,0,68,7.7,7.4,1013.5,131.1,3,0,1
2010-05,宮城県,仙台市,182.0,3.0,↖️南東,,0,14.7,0,70,7.2,11.7,1006.9,190.7,0,1,4
2010-06,宮城県,仙台市,146.5,2.5,↖️南東,,0,20.4,0,79,7.7,18.9,1006.5,168.9,0,0,4
2010-07,宮城県,仙台市,134.0,2.4,↖️南東,,0,25.3,0,79,7.9,25.1,1004.9,168.6,0,5,5
2010-08,宮城県,仙台市,37.5,2.2,↖️南東,,0,27.2,0,77,7.2,27.6,1008.6,187.1,0,6,0
2010-09,宮城県,仙台市,248.0,2.7,↘️北西,,0,21.7,0,77,7.8,20.1,1008.3,124.3,0,2,0
2010-10,宮城県,仙台市,124.5,2.7,↘️北西,,0,16.2,0,75,8.0,14.0,1012.9,112.5,0,1,0
2010-11,宮城県,仙台市,40.0,3.0,↘️北西,,0,10.1,0,67,5.6,8.4,1011.4,153.5,0,0,0
2010-12,宮城県,仙台市,250.0,3.8,↘️北西,,0,5.7,8,68,6.5,6.3,1003.8,134.8,11,2,1
2011-01,宮城県,仙台市,8.5,3.6,↘️北西,,0,0.5,9,63,6.1,4.0,1007.5,158.8,25,0,1
2011-02,宮城県,仙台市,52.0,3.4,↘️北西,,0,3.2,20,64,5.7,4.9,1013.0,175.3,12,0,0
2011-03,宮城県,仙台市,43.5,3.5,↘️北西,,0,3.8,18,63,5.8,5.0,1009.7,179.7,20,0,0
2011-04,宮城県,仙台市,55.0,3.7,↘️北西,,0,10.0,0,60,5.7,7.3,1008.2,212.1,2,1,1
2011-05,宮城県,仙台市,222.5,3.6,↖️南東,,0,15.6,0,68,7.2,11.8,1006.8,191.5,0,2,2
2011-06,宮城県,仙台市,135.0,2.8,↖️南東,,0,20.6,0,77,7.8,18.6,1004.3,184.0,0,3,2
2011-07,宮城県,仙台市,96.5,2.5,↖️南東,,0,24.8,0,80,8.3,25.1,1004.3,159.2,0,10,2
2011-08,宮城県,仙台市,51.0,2.4,↖️南東,,0,24.9,0,82,8.8,25.6,1006.1,130.4,0,2,6
2011-09,宮城県,仙台市,362.5,3.3,↖️南東,,0,22.1,0,80,7.8,21.6,1007.7,136.4,0,1,0
2011-10,宮城県,仙台市,107.0,3.1,↘️北西,,0,15.9,0,69,6.6,12.6,1013.1,171.2,0,0,2
2011-11,宮城県,仙台市,35.0,2.8,↘️北西,,0,10.5,0,72,6.8,9.3,1014.6,141.0,0,0,0
2011-12,宮城県,仙台市,45.5,3.4,↘️北西,,0,3.4,8,65,6.2,5.1,1012.2,150.5,18,0,0
2012-01,宮城県,仙台市,22.5,3.4,↘️北西,,0,0.4,22,66,6.1,4.2,1011.8,154.1,24,0,0
2012-02,宮城県,仙台市,44.0,3.4,↘️北西,,0,0.3,32,66,6.8,4.2,1011.1,150.3,19,0,0
2012-03,宮城県,仙台市,123.5,3.5,↘️北西,,0,4.5,47,67,7.3,5.6,1009.9,153.9,19,0,2
2012-04,宮城県,仙台市,57.0,3.6,↖️南東,,0,9.8,0,68,7.2,8.5,1010.2,166.9,5,2,2
2012-05,宮城県,仙台市,224.0,3.4,↖️南東,,0,15.9,0,72,7.5,12.9,1005.8,188.3,0,3,4
2012-06,宮城県,仙台市,207.0,3.0,↖️南東,,0,18.2,0,77,8.2,16.1,1005.8,158.9,0,0,1
2012-07,宮城県,仙台市,164.0,2.4,↖️南東,,0,22.8,0,84,8.9,23.2,1004.0,128.3,0,2,2
2012-08,宮城県,仙台市,24.5,2.5,↖️南東,,0,26.2,0,80,7.6,26.9,1007.6,200.2,0,5,2
2012-09,宮城県,仙台市,130.0,3.3,↘️北西,,0,23.9,0,80,7.5,23.7,1009.8,176.5,0,4,2
2012-10,宮城県,仙台市,82.5,3.3,↘️北西,,0,16.6,0,69,6.6,13.0,1010.7,172.3,0,0,0
2012-11,宮城県,仙台市,58.0,3.5,↘️北西,,0,9.7,0,65,7.1,8.0,1008.3,115.7,1,1,0
2012-12,宮城県,仙台市,42.5,3.5,↘️北西,,0,3.3,9,67,6.7,5.2,1009.7,143.6,24,0,0
2013-01,宮城県,仙台市,37.0,3.5,↘️北西,,0,0.7,55,67,6.1,4.3,1011.6,170.8,24,0,0
2013-02,宮城県,仙台市,18.5,3.9,↘️北西,,0,1.1,22,62,6.1,4.1,1011.9,147.7,21,0,0
2013-03,宮城県,仙台市,3.0,3.8,↘️北西,,0,5.8,0,58,6.5,5.4,1008.4,187.4,9,0,0
2013-04,宮城県,仙台市,118.5,4.0,↘️北西,,0,10.2,1,59,6.8,7.4,1005.2,195.4,2,2,0
2013-05,宮城県,仙台市,27.5,3.3,↖️南東,,0,14.4,0,70,7.4,11.6,1007.4,228.4,0,1,4
2013-06,宮城県,仙台市,92.0,2.5,↖️南東,,0,19.0,0,83,8.3,18.4,1005.4,151.6,0,0,6
2013-07,宮城県,仙台市,257.5,2.4,↖️南東,,0,22.2,0,86,9.5,23.0,1003.8,64.4,0,3,5
2013-08,宮城県,仙台市,88.5,2.3,↖️南東,,0,25.6,0,76,7.6,24.9,1002.1,198.7,0,3,0
2013-09,宮城県,仙台市,210.5,2.8,⬆️南,,0,21.9,0,77,7.4,20.3,1010.2,138.1,0,1,3
2013-10,宮城県,仙台市,179.5,3.1,↘️北西,,0,16.7,0,77,7.9,15.0,1013.0,107.4,0,0,2
2013-11,宮城県,仙台市,14.0,3.1,↘️北西,,0,9.6,0,65,5.4,7.9,1009.8,159.9,3,0,0
2013-12,宮城県,仙台市,65.0,3.2,↘️北西,,0,4.7,11,69,7.3,5.9,1007.5,129.7,15,0,0
2014-01,宮城県,仙台市,18.0,3.5,↘️北西,,0,1.9,12,62,6.1,4.4,1012.0,183.0,22,0,0
2014-02,宮城県,仙台市,78.5,3.8,↘️北西,,0,1.4,64,65,6.7,4.5,1014.2,152.4,18,0,0
2014-03,宮城県,仙台市,162.5,3.9,↘️北西,,0,5.5,6,64,7.2,5.9,1009.3,157.8,14,0,2
2014-04,宮城県,仙台市,69.0,3.6,↘️北西,,0,10.9,0,55,4.7,7.1,1010.7,262.7,2,0,0
2014-05,宮城県,仙台市,83.5,3.4,↖️南東,,0,16.5,0,66,6.5,12.4,1005.4,244.0,0,0,4
2014-06,宮城県,仙台市,242.0,2.9,↖️南東,,0,20.6,0,81,8.6,19.5,1003.3,137.9,0,1,6
2014-07,宮城県,仙台市,123.0,2.7,↖️南東,,0,23.7,0,82,7.5,23.9,1003.9,159.2,0,2,2
2014-08,宮城県,仙台市,133.0,2.4,↖️南東,,0,24.6,0,85,8.3,26.2,1005.5,137.9,0,5,2
2014-09,宮城県,仙台市,112.0,2.9,↘️北西,,0,20.5,0,73,6.5,17.6,1008.1,192.8,0,1,0
2014-10,宮城県,仙台市,256.5,3.2,↘️北西,,0,15.3,0,72,5.5,12.4,1012.9,188.4,0,1,1
2014-11,宮城県,仙台市,70.5,2.9,↘️北西,,0,10.0,0,70,6.6,8.8,1013.1,143.6,0,0,1
2014-12,宮城県,仙台市,68.0,3.3,↘️北西,,0,2.8,14,69,7.1,5.2,1007.9,133.7,15,0,0
2015-01,宮城県,仙台市,41.5,4.0,↘️北西,,0,2.6,24,63,7.1,4.7,1009.2,152.0,20,0,0
2015-02,宮城県,仙台市,30.0,3.8,↘️北西,,0,3.0,4,65,7.1,4.9,1009.6,139.1,15,0,0
2015-03,宮城県,仙台市,184.5,3.6,↘️北西,,0,6.8,3,64,6.5,6.2,1011.2,210.0,8,0,1
2015-04,宮城県,仙台市,100.5,3.1,↘️北西,,0,11.7,0,67,7.0,9.1,1011.8,204.0,0,1,5
2015-05,宮城県,仙台市,45.0,3.2,↖️南東,,0,18.0,0,60,6.7,12.1,1004.7,273.3,0,2,3
2015-06,宮城県,仙台市,130.5,3.2,↖️南東,,0,20.0,0,76,8.4,17.6,1003.7,167.5,0,3,3
2015-07,宮城県,仙台市,54.5,2.4,↖️南東,,0,24.8,0,78,8.0,24.0,1004.2,191.1,0,1,0
2015-08,宮城県,仙台市,219.5,2.6,↖️南東,,0,24.3,0,79,8.4,23.8,1005.6,129.6,0,3,0
2015-09,宮城県,仙台市,441.0,3.0,↘️北西,,0,20.5,0,76,7.8,18.2,1008.3,136.6,0,0,2
2015-10,宮城県,仙台市,8.0,3.7,↘️北西,,0,15.5,0,60,5.6,10.5,1010.3,215.8,0,0,1
2015-11,宮城県,仙台市,144.5,2.9,↘️北西,,0,10.7,0,73,7.3,9.6,1016.7,130.0,1,0,3
2015-12,宮城県,仙台市,45.0,3.2,↘️北西,,0,5.9,0,66,6.6,6.2,1013.9,153.8,5,0,1
2016-01,宮城県,仙台市,67.5,2.9,↘️北西,,0,2.4,43,65,6.8,4.8,1010.8,126.6,18,0,0
2016-02,宮城県,仙台市,17.5,3.4,↘️北西,,0,3.5,0,60,6.6,4.8,1013.3,157.7,17,0,0
2016-03,宮城県,仙台市,8.5,3.3,↘️北西,,0,7.0,6,56,6.6,5.7,1013.8,193.0,5,0,1
2016-04,宮城県,仙台市,180.0,3.6,↘️北西,,0,11.9,0,61,7.0,8.4,1008.6,192.3,1,1,3
2016-05,宮城県,仙台市,87.5,3.0,↖️南東,,0,17.0,0,68,7.8,13.1,1008.4,208.1,0,1,1
2016-06,宮城県,仙台市,157.5,3.2,↖️南東,,0,19.8,0,75,8.3,17.3,1004.8,151.9,0,0,3
2016-07,宮城県,仙台市,56.0,2.6,↖️南東,,0,23.0,0,80,8.6,22.3,1005.6,130.5,0,0,0
2016-08,宮城県,仙台市,226.5,3.3,↖️南東,,0,25.7,0,78,7.1,25.4,1001.1,180.3,0,3,1
2016-09,宮城県,仙台市,314.0,2.5,↘️北西,,0,22.1,0,82,9.1,21.8,1009.4,92.2,0,0,2
2016-10,宮城県,仙台市,26.5,3.0,↘️北西,,0,15.7,0,63,6.2,11.5,1012.6,178.3,0,0,0
2016-11,宮城県,仙台市,36.0,3.2,↘️北西,,0,8.6,0,62,6.3,7.1,1014.2,141.6,1,0,0
2016-12,宮城県,仙台市,31.5,3.1,↘️北西,,0,5.7,4,64,6.5,6.0,1012.2,143.2,13,0,0
2017-01,宮城県,仙台市,18.0,3.2,↘️北西,,0,2.5,8,64,7.1,4.7,1009.6,160.7,18,0,0
2017-02,宮城県,仙台市,15.0,3.7,↘️北西,,0,3.2,9,58,6.7,4.4,1008.1,157.7,18,0,0
2017-03,宮城県,仙台市,77.5,3.4,↘️北西,,0,5.4,0,60,6.8,5.3,1009.5,173.4,12,0,0
2017-04,宮城県,仙台市,101.0,3.4,↘️北西,,0,11.5,0,58,6.1,7.9,1007.5,200.9,1,0,1
2017-05,宮城県,仙台市,137.0,2.7,↖️南東,,0,17.0,0,69,6.6,13.1,1007.4,211.4,0,0,3
2017-06,宮城県,仙台市,80.5,3.0,↖️南東,,0,18.6,0,73,7.2,15.7,1003.8,179.7,0,4,4
2017-07,宮城県,仙台市,182.0,2.2,↖️南東,,0,25.1,0,79,7.7,25.0,1003.8,181.8,0,5,3
2017-08,宮城県,仙台市,219.0,2.6,↖️南東,,0,23.0,0,87,9.4,24.3,1003.8,57.1,0,2,6
2017-09,宮城県,仙台市,135.5,3.0,↘️北西,,0,21.1,0,73,6.1,18.0,1006.9,184.7,0,0,0
2017-10,宮城県,仙台市,340.5,2.9,↘️北西,,0,14.9,0,78,8.3,13.4,1014.1,96.8,0,0,2
2017-11,宮城県,仙台市,7.5,2.8,↘️北西,,0,9.1,0,68,6.5,8.0,1012.2,149.9,4,0,0
2017-12,宮城県,仙台市,7.0,3.0,↘️北西,,0,3.5,10,68,6.4,5.3,1010.4,155.4,18,0,0
2018-01,宮城県,仙台市,50.0,3.2,↘️北西,,0,1.4,32,67,6.1,4.6,1008.5,158.4,20,0,0
2018-02,宮城県,仙台市,25.5,3.2,↘️北西,,0,1.4,32,65,6.3,4.3,1011.4,195.2,17,0,1
2018-03,宮城県,仙台市,126.5,3.6,↘️北西,,0,7.5,0,60,5.7,6.3,1012.4,210.5,4,1,1
2018-04,宮城県,仙台市,37.0,2.9,↘️北西,,0,12.5,0,65,6.3,9.4,1009.2,183.8,0,0,0
2018-05,宮城県,仙台市,102.5,2.9,↖️南東,,0,17.0,0,70,7.8,13.4,1006.4,183.6,0,1,0
2018-06,宮城県,仙台市,100.5,2.9,↖️南東,,0,20.3,0,77,7.8,18.2,1004.6,173.2,0,2,3
2018-07,宮城県,仙台市,58.5,2.6,↖️南東,,0,25.5,0,81,8.9,26.3,1005.8,163.1,0,1,7
2018-08,宮城県,仙台市,272.5,2.9,↘️北西,,0,24.9,0,81,7.7,25.5,1004.3,161.8,0,4,0
2018-09,宮城県,仙台市,188.5,2.7,↘️北西,,0,20.8,0,82,8.8,20.1,1009.2,101.6,0,0,2
2018-10,宮城県,仙台市,68.0,2.9,↘️北西,,0,16.5,0,72,6.6,13.7,1011.2,157.5,0,1,0
2018-11,宮城県,仙台市,23.5,2.7,↘️北西,,0,10.7,0,71,5.8,9.3,1015.2,159.5,0,0,1
2018-12,宮城県,仙台市,29.0,3.1,↘️北西,,0,4.3,11,71,6.4,6.0,1013.2,150.2,15,0,0
2019-01,宮城県,仙台市,4.0,3.6,↘️北西,,0,2.4,12,64,6.1,4.6,1010.4,171.5,21,0,0
2019-02,宮城県,仙台市,13.0,3.4,↘️北西,,0,3.7,0,60,6.0,4.8,1012.7,161.8,12,0,0
2019-03,宮城県,仙台市,83.0,3.4,↘️北西,,0,7.0,3,59,6.0,5.9,1007.8,205.4,10,2,0
2019-04,宮城県,仙台市,90.5,3.5,↘️北西,,0,10.2,6,62,6.6,7.7,1008.0,211.2,6,0,0
2019-05,宮城県,仙台市,81.0,3.3,⬆️南,,0,17.4,0,64,5.2,12.5,1008.0,294.0,0,2,0
2019-06,宮城県,仙台市,168.5,3.0,↖️南東,,0,19.0,0,82,8.3,17.9,1003.2,156.4,0,1,2
2019-07,宮城県,仙台市,111.5,2.4,↖️南東,,0,22.4,0,85,9.2,23.1,1005.4,102.7,0,1,3
2019-08,宮城県,仙台市,88.5,2.6,↖️南東,,0,26.2,0,82,8.0,27.6,1004.1,144.3,0,1,2
2019-09,宮城県,仙台市,72.5,2.6,↘️北西,,0,22.4,0,76,7.6,20.7,1010.9,154.7,0,1,1
2019-10,宮城県,仙台市,644.5,3.4,↘️北西,,0,16.9,0,77,7.3,15.0,1012.2,135.2,0,0,0
2019-11,宮城県,仙台市,5.5,3.1,↘️北西,,0,10.0,0,65,6.0,8.1,1013.3,162.7,4,0,2
2019-12,宮城県,仙台市,27.0,3.1,↘️北西,,0,5.4,0,69,6.0,6.2,1014.2,156.1,11,0,1
2020-01,宮城県,仙台市,126.5,3.1,↘️北西,,0,4.0,3,69,6.4,5.6,1011.9,134.0,10,0,0
2020-02,宮城県,仙台市,19.5,3.0,↘️北西,,0,4.4,6,67,6.8,5.7,1013.3,140.3,10,0,0
2020-03,宮城県,仙台市,45.5,3.5,↘️北西,,0,7.5,0,64,6.1,6.6,1008.7,183.5,6,0,1
2020-04,宮城県,仙台市,153.5,3.8,↘️北西,,0,10.1,0,64,6.0,7.8,1008.0,206.8,0,2,0
2020-05,宮城県,仙台市,105.5,2.9,↖️南東,,0,16.8,0,71,7.2,13.3,1006.4,190.4,0,2,2
2020-06,宮城県,仙台市,43.5,2.7,↖️南東,,0,21.2,0,77,7.6,19.2,1002.8,179.4,0,0,2
2020-07,宮城県,仙台市,397.5,2.2,⬆️南,,0,21.3,0,92,9.7,23.3,1004.5,49.5,0,2,8
2020-08,宮城県,仙台市,72.5,2.5,↖️南東,,0,26.6,0,81,7.4,27.9,1006.3,207.4,0,2,0
2020-09,宮城県,仙台市,191.5,3.2,⬇️北,,0,22.5,0,82,9.0,22.6,1008.6,91.9,0,1,1
2020-10,宮城県,仙台市,63.0,2.6,↘️北西,,0,15.6,0,74,7.1,13.2,1012.8,125.8,0,0,0
2020-11,宮城県,仙台市,7.0,2.8,↘️北西,,0,10.8,0,68,6.0,8.9,1014.8,166.4,0,0,0
2020-12,宮城県,仙台市,21.5,2.6,↘️北西,,0,3.9,24,74,6.9,5.9,1011.3,121.8,13,0,0
2021-01,宮城県,仙台市,9.5,3.1,↘️北西,,0,1.2,28,72,6.2,4.8,1012.1,143.7,15,0,0
2021-02,宮城県,仙台市,74.5,3.7,↘️北西,,0,3.7,14,64,5.9,5.2,1008.7,175.6,13,0,0
2021-03,宮城県,仙台市,107.5,3.6,↘️北西,,0,8.6,0,61,6.9,7.0,1012.5,193.8,1,0,0
2021-04,宮城県,仙台市,92.5,3.8,↘️北西,,0,11.6,0,59,5.6,8.2,1012.7,228.2,1,0,0
2021-05,宮城県,仙台市,74.5,3.3,↖️南東,,0,17.0,0,69,7.7,13.3,1004.3,194.7,0,0,0
2021-06,宮城県,仙台市,62.0,3.0,↖️南東,,0,20.6,0,81,8.6,19.5,1005.7,164.2,0,0,1
2021-07,宮城県,仙台市,189.0,2.7,↖️南東,,0,24.1,0,87,8.4,25.7,1006.2,137.1,0,3,2
2021-08,宮城県,仙台市,182.5,2.8,↖️南東,,0,24.9,0,83,7.9,26.0,1005.5,138.1,0,0,2
2021-09,宮城県,仙台市,125.5,2.9,↘️北西,,0,20.8,0,77,7.7,18.9,1010.8,139.5,0,2,0
2021-10,宮城県,仙台市,143.0,2.8,↘️北西,,0,15.8,0,77,6.9,14.1,1013.9,137.6,0,0,0
2021-11,宮城県,仙台市,65.0,2.7,↘️北西,,0,11.1,0,71,5.1,9.4,1010.8,185.1,0,0,0
2021-12,宮城県,仙台市,57.5,3.3,↘️北西,,0,4.7,11,72,6.3,6.3,1010.3,135.2,15,0,0
2022-01,宮城県,仙台市,16.0,3.4,↘️北西,,0,1.7,16,66,5.8,4.5,1009.5,179.8,19,0,0
2022-02,宮城県,仙台市,26.0,3.3,↘️北西,,0,1.9,21,66,6.6,4.5,1010.9,152.2,22,0,0
2022-03,宮城県,仙台市,71.5,3.4,↘️北西,,0,6.4,6,66,6.7,6.3,1010.0,198.7,7,0,0
2022-04,宮城県,仙台市,94.0,3.1,↘️北西,,0,11.8,0,69,6.0,9.6,1011.9,221.8,1,0,2
2022-05,宮城県,仙台市,91.5,3.0,↖️南東,,0,16.5,0,69,6.6,13.0,1007.8,219.3,0,0,1
2022-06,宮城県,仙台市,175.5,2.7,↖️南東,,0,20.2,0,78,8.0,18.4,1005.5,162.3,0,4,2
2022-07,宮城県,仙台市,356.0,2.5,↖️南東,,0,24.9,0,85,8.5,26.4,1003.3,141.9,0,3,5
2022-08,宮城県,仙台市,144.0,2.4,↖️南東,,0,25.1,0,81,8.9,25.7,1003.7,113.1,0,2,0
2022-09,宮城県,仙台市,114.5,2.8,⬆️南,,0,22.2,0,82,8.7,22.1,1009.8,124.1,0,0,1
2022-10,宮城県,仙台市,40.5,2.9,↘️北西,,0,15.5,0,72,6.9,12.9,1014.7,151.1,0,0,1
2022-11,宮城県,仙台市,68.5,3.0,↘️北西,,0,11.9,0,68,6.0,9.5,1013.5,163.8,0,0,0
2022-12,宮城県,仙台市,26.5,3.0,↘️北西,,0,4.2,1,73,7.2,6.0,1009.2,123.8,15,0,0
2023-01,宮城県,仙台市,10.0,2.9,↘️北西,,0,2.1,15,68,6.7,4.9,1010.6,129.4,17,0,0
2023-02,宮城県,仙台市,31.5,3.3,↘️北西,,0,3.0,29,65,6.0,4.9,1014.6,160.0,16,0,0
2023-03,宮城県,仙台市,61.0,3.1,↘️北西,,0,9.3,0,64,5.8,7.6,1014.5,198.5,2,0,1
2023-04,宮城県,仙台市,47.5,3.5,↘️北西,,0,13.3,0,59,6.0,9.0,1008.8,218.4,1,0,0
2023-05,宮城県,仙台市,124.5,3.0,⬆️南,,0,16.6,0,68,6.7,12.9,1009.0,211.1,0,0,0
2023-06,宮城県,仙台市,173.0,2.9,↖️南東,,0,21.6,0,78,8.2,20.1,1003.9,162.2,0,2,1
2023-07,宮城県,仙台市,155.0,2.5,⬆️南,,0,26.6,0,77,7.1,26.4,1004.8,206.2,0,0,0
2023-08,宮城県,仙台市,30.0,3.5,⬆️南,,0,28.6,0,80,6.6,31.0,1004.9,241.8,0,2,0
2023-09,宮城県,仙台市,272.0,2.6,↘️北西,,0,25.1,0,81,8.4,25.9,1008.0,133.3,0,4,0
2023-10,宮城県,仙台市,46.5,2.9,↘️北西,,0,16.7,0,69,5.3,12.9,1009.2,203.0,0,2,0
2023-11,宮城県,仙台市,45.0,3.1,↘️北西,,0,11.4,0,70,5.6,9.8,1011.1,171.0,2,1,0
2023-12,宮城県,仙台市,50.0,3.0,↘️北西,,0,5.7,2,69,6.4,6.4,1013.0,146.8,5,0,1
2024-01,宮城県,仙台市,82.5,3.5,↘️北西,,0,4.2,16,66,5.9,5.5,1011.0,174.1,11,0,0
2024-02,宮城県,仙台市,39.0,3.7,↘️北西,,0,4.7,20,63,7.0,5.5,1015.4,143.2,11,0,0
2024-03,宮城県,仙台市,104.5,4.1,↘️北西,,0,6.0,9,62,6.8,5.8,1008.3,183.2,1,0,0
2024-04,宮城県,仙台市,100.5,3.3,↘️北西,,0,14.8,0,66,0,11.4,1009.7,210.5,0,0,0
2024-05,宮城県,仙台市,82.0,3.3,↖️南東,,0,17.8,0,67,0,13.7,1008.0,235.6,0,0,0
2024-06,宮城県,仙台市,93.0,2.9,↖️南東,,0,21.5,0,76,0,19.5,1004.5,198.7,0,1,0
2024-07,宮城県,仙台市,130.0,2.3,↖️南東,,0,26.1,0,79,0,26.3,1002.8,116.3,0,6,0
2024-08,宮城県,仙台市,127.0,3.1,↖️南東,,0,27.4,0,83,0,30.2,1003.2,146.9,0,11,0
2024-09,宮城県,仙台市,140.0,2.5,↘️北西,,0,23.5,0,82,0,24.2,1009.1,92.5,0,3,0
2024-10,宮城県,仙台市,82.0,2.9,↘️北西,,0,18.0,0,75,0,15.8,1014.4,139.1,0,0,0
2024-11,宮城県,仙台市,43.5,3.0,↘️北西,,0,10.9,0,70,0,9.3,1013.1,175.4,2,0,0
2024-12,宮城県,仙台市,3.5,3.0,↘️北西,,0,4.3,0,69,0,5.7,1007.7,161.4,16,0,0
2025-01,宮城県,仙台市,27.0,3.1,↘️北西,,0,3.2,12,69,0,5.3,1010.2,166.8,18,0,0
2025-02,宮城県,仙台市,7.0,3.6,↘️北西,,0,2.7,13,62,0,4.5,1007.6,183.7,20,0,0
2025-03,宮城県,仙台市,66.0,3.8,↘️北西,,0,7.6,5,59,0,6.2,1010.1,184.8,9,1,0
2025-04,宮城県,仙台市,89.5,3.2,↘️北西,,0,12.0,0,70,0,9.7,1006.4,154.0,1,3,1
2025-05,宮城県,仙台市,100.0,3.8,↖️南東,,0,14.9,0,70,0,11.5,1005.7,74.5,0,1,0
1986-05,北海道,札幌市,48.0,2.8,↘️北西,,0,11.4,0,67,7.2,8.8,1005.7,161.1,0,0,0
1986-06,北海道,札幌市,23.5,2.3,↘️北西,,0,16.1,0,69,6.5,12.2,1007.8,227.6,0,0,0
1986-07,北海道,札幌市,66.5,2.3,↖️南東,,0,18.2,0,77,8.2,16.1,1008.1,135.7,0,1,0
1986-08,北海道,札幌市,71.0,2.3,↘️北西,,0,22.3,0,75,6.7,20.3,1007.3,183.4,0,2,1
1986-09,北海道,札幌市,202.0,2.0,⬆️南,,0,18.1,0,71,5.8,14.8,1009.4,188.2,0,2,0
1986-10,北海道,札幌市,208.5,1.8,⬆️南,,0,8.9,14,69,6.7,8.1,1014.2,145.8,4,4,0
1986-11,北海道,札幌市,82.5,2.4,⬆️南,,0,3.5,38,64,7.8,5.3,1013.6,93.9,18,2,0
1986-12,北海道,札幌市,104.0,2.2,↘️北西,,0,-1.5,99,68,7.7,3.8,1012.7,95.8,28,0,0
1987-01,北海道,札幌市,119.0,2.1,↘️北西,,0,-4.9,173,72,8.1,3.2,1010.1,77.6,31,0,0
1987-02,北海道,札幌市,82.0,2.3,↘️北西,,0,-3.8,130,68,7.9,3.3,1009.7,103.2,24,0,0
1987-03,北海道,札幌市,82.5,2.3,↘️北西,,0,-0.1,56,68,7.9,4.3,1009.0,126.0,24,0,0
1987-04,北海道,札幌市,38.5,2.6,↖️南東,,0,6.0,14,61,7.1,5.7,1010.6,176.7,10,0,1
1987-05,北海道,札幌市,64.5,2.7,↘️北西,,0,12.0,0,63,6.1,8.6,1009.1,204.3,2,2,0
1987-06,北海道,札幌市,17.0,2.3,↘️北西,,0,17.3,0,70,6.6,13.6,1007.3,235.5,0,1,0
1987-07,北海道,札幌市,98.5,2.3,↖️南東,,0,20.6,0,78,7.8,18.7,1003.8,149.5,0,1,2
1987-08,北海道,札幌市,134.5,2.3,↖️南東,,0,20.6,0,79,8.9,19.2,1007.7,84.4,0,0,1
1987-09,北海道,札幌市,55.0,2.6,⬆️南,,0,17.8,0,71,7.3,15.0,1013.1,148.9,0,0,0
1987-10,北海道,札幌市,118.5,2.2,↖️南東,,0,11.9,0,62,5.9,9.1,1013.6,180.1,2,2,0
1987-11,北海道,札幌市,77.0,2.5,↘️北西,,0,3.6,6,62,7.1,5.3,1014.6,103.3,12,2,0
1987-12,北海道,札幌市,110.5,2.0,↘️北西,,0,-2.3,135,69,7.3,3.7,1013.8,110.1,25,0,0
1988-01,北海道,札幌市,76.0,1.9,↘️北西,,0,-3.8,108,70,8.2,3.3,1009.4,84.3,28,0,0
1988-02,北海道,札幌市,104.5,2.2,↘️北西,,0,-5.2,185,69,7.8,2.9,1011.7,128.4,29,0,0
1988-03,北海道,札幌市,66.5,2.4,↘️北西,,0,-0.1,41,63,6.2,3.9,1012.4,175.0,27,1,0
1988-04,北海道,札幌市,61.5,2.7,↖️南東,,0,7.1,1,65,6.7,6.5,1011.7,186.9,4,0,1
1988-05,北海道,札幌市,91.5,2.8,↘️北西,,0,11.4,0,66,7.3,9.1,1008.0,184.9,0,0,0
1988-06,北海道,札幌市,79.5,2.3,↖️南東,,0,16.6,0,77,8.3,14.5,1006.3,159.7,0,0,0
1988-07,北海道,札幌市,24.0,2.2,↖️南東,,0,18.3,0,74,7.2,15.5,1009.2,225.8,0,0,0
1988-08,北海道,札幌市,165.0,2.6,↖️南東,,0,22.9,0,78,7.0,22.0,1008.1,185.2,0,3,0
1988-09,北海道,札幌市,70.0,1.8,↖️南東,,0,17.6,0,74,7.0,15.0,1012.3,153.1,0,1,0
1988-10,北海道,札幌市,101.5,2.3,↘️北西,,0,10.9,0,65,6.8,8.8,1009.1,138.2,0,2,0
1988-11,北海道,札幌市,137.0,2.0,⬆️南,,0,2.9,14,66,7.3,5.1,1008.8,114.6,18,1,0
1988-12,北海道,札幌市,144.0,2.2,↘️北西,,0,-0.4,179,70,8.3,4.3,1009.9,77.8,27,1,0
1989-01,北海道,札幌市,60.0,2.2,↘️北西,,0,-1.9,54,69,7.6,3.8,1016.2,107.5,25,1,0
1989-02,北海道,札幌市,27.5,2.1,↘️北西,,0,-1.4,44,63,7.5,3.5,1014.3,122.0,21,0,0
1989-03,北海道,札幌市,64.0,2.7,↘️北西,,0,2.4,20,69,8.3,5.0,1011.4,113.4,22,0,0
1989-04,北海道,札幌市,68.5,2.7,↘️北西,,0,7.3,0,65,7.9,6.7,1008.6,163.2,5,0,0
1989-05,北海道,札幌市,50.0,2.6,↖️南東,,0,11.4,0,65,7.3,8.6,1007.8,215.4,0,1,1
1989-06,北海道,札幌市,91.0,2.5,⬆️南,,0,15.2,0,72,6.6,12.4,1009.3,220.7,0,0,0
1989-07,北海道,札幌市,35.0,2.9,⬆️南,,0,21.0,0,74,7.1,18.5,1010.8,205.9,0,0,0
1989-08,北海道,札幌市,146.5,2.4,↘️北西,,0,23.0,0,71,6.7,19.9,1006.4,220.5,0,1,1
1989-09,北海道,札幌市,165.0,2.1,↖️南東,,0,18.4,0,72,7.8,15.7,1009.3,120.8,0,0,0
1989-10,北海道,札幌市,67.0,2.2,⬆️南,,0,11.8,0,68,6.9,9.7,1013.2,144.8,1,1,0
1989-11,北海道,札幌市,103.5,2.0,↘️北西,,0,6.6,4,67,7.3,6.7,1015.1,91.2,8,1,0
1989-12,北海道,札幌市,120.0,1.8,↘️北西,,0,-0.6,123,71,8.4,4.2,1011.5,88.1,28,0,0
1990-01,北海道,札幌市,138.0,1.8,↘️北西,,0,-4.9,196,69,7.0,3.1,1013.7,107.7,31,0,0
1990-02,北海道,札幌市,75.0,2.0,↖️南東,,0,-0.7,74,75,8.0,4.5,1021.0,95.7,23,0,0
1990-03,北海道,札幌市,77.5,2.4,↘️北西,,0,2.9,14,61,6.0,4.6,1012.2,208.1,16,1,0
1990-04,北海道,札幌市,86.5,2.9,↘️北西,,0,7.9,2,59,6.5,6.3,1009.1,198.7,5,1,0
1990-05,北海道,札幌市,25.0,2.4,↘️北西,,0,13.4,0,66,6.8,9.9,1009.0,221.0,0,0,0
1990-06,北海道,札幌市,37.5,2.4,↘️北西,,0,17.7,0,75,7.7,15.1,1006.6,160.5,0,2,1
1990-07,北海道,札幌市,48.5,2.5,↖️南東,,0,20.8,0,75,6.9,18.4,1006.8,206.9,0,0,0
1990-08,北海道,札幌市,137.5,2.2,↖️南東,,0,23.1,0,77,7.5,21.6,1005.9,167.9,0,4,0
1990-09,北海道,札幌市,123.5,1.8,⬆️南,,0,18.7,0,73,7.4,16.2,1012.9,162.8,0,0,2
1990-10,北海道,札幌市,87.0,1.8,↖️南東,,0,13.0,0,69,5.1,10.5,1015.0,182.1,0,0,0
1990-11,北海道,札幌市,73.0,2.1,⬆️南,,0,7.5,15,66,7.1,7.1,1014.5,90.8,6,0,0
1990-12,北海道,札幌市,158.0,1.8,⬆️南,,0,1.9,146,71,8.1,5.1,1010.3,67.1,22,0,0
1991-01,北海道,札幌市,182.0,1.7,↘️北西,,0,-1.2,250,75,8.6,4.3,1009.5,83.0,29,1,0
1991-02,北海道,札幌市,106.0,2.0,↘️北西,,0,-2.8,152,70,8.2,3.6,1009.7,97.0,25,0,1
1991-03,北海道,札幌市,60.5,2.3,↘️北西,,0,0.3,74,65,7.5,4.1,1014.0,120.6,26,1,0
1991-04,北海道,札幌市,77.5,2.7,↖️南東,,0,8.0,0,61,6.2,6.5,1011.9,178.9,2,0,1
1991-05,北海道,札幌市,23.0,2.5,↘️北西,,0,13.8,0,59,6.0,9.2,1008.4,253.7,1,0,0
1991-06,北海道,札幌市,28.0,2.3,↖️南東,,0,18.8,0,72,6.8,15.6,1004.8,205.4,0,1,0
1991-07,北海道,札幌市,76.5,2.5,↖️南東,,0,20.2,0,76,8.3,18.0,1004.6,139.8,0,1,0
1991-08,北海道,札幌市,108.0,2.1,↖️南東,,0,21.5,0,75,6.5,19.2,1007.3,211.8,0,0,0
1991-09,北海道,札幌市,56.0,1.9,↖️南東,,0,18.4,0,71,6.3,15.1,1010.7,164.5,0,0,0
1991-10,北海道,札幌市,84.0,1.8,⬆️南,,0,12.7,0,69,7.1,10.4,1011.2,122.1,0,1,1
1991-11,北海道,札幌市,54.0,1.8,↖️南東,,0,4.7,4,69,7.3,6.1,1014.9,91.3,16,1,0
1991-12,北海道,札幌市,117.0,1.8,↘️北西,,0,-0.9,135,69,8.0,4.2,1015.3,73.0,25,0,0
1992-01,北海道,札幌市,68.5,2.2,↖️南東,,0,-2.4,109,72,8.0,3.8,1012.8,62.8,30,0,1
1992-02,北海道,札幌市,53.5,2.5,↘️北西,,0,-2.5,74,69,7.5,3.6,1008.3,117.0,24,1,0
1992-03,北海道,札幌市,52.5,2.6,↘️北西,,0,1.0,60,66,6.5,4.4,1016.8,151.6,21,1,0
1992-04,北海道,札幌市,29.5,3.5,↖️南東,,0,6.9,0,65,7.5,6.4,1007.3,149.5,7,0,0
1992-05,北海道,札幌市,54.0,3.4,↘️北西,,0,11.7,0,66,7.0,9.0,1007.5,195.9,1,0,0
1992-06,北海道,札幌市,25.5,2.9,↖️南東,,0,16.4,0,74,7.2,13.7,1008.4,165.4,0,0,0
1992-07,北海道,札幌市,45.0,2.8,↖️南東,,0,20.7,0,75,7.5,18.3,1004.1,156.5,0,2,0
1992-08,北海道,札幌市,170.0,2.7,↖️南東,,0,21.1,0,77,7.8,19.4,1010.3,137.6,0,0,0
1992-09,北海道,札幌市,274.0,2.8,↖️南東,,0,16.2,0,76,7.1,14.2,1009.7,129.6,0,3,0
1992-10,北海道,札幌市,111.0,2.2,↖️南東,,0,11.6,0,73,6.0,9.9,1014.5,158.9,0,0,1
1992-11,北海道,札幌市,114.0,2.7,↖️南東,,0,4.8,43,67,6.9,5.9,1015.3,98.0,14,1,0
1992-12,北海道,札幌市,92.5,2.5,↘️北西,,0,0.1,90,69,7.9,4.5,1012.0,78.3,26,2,0
1993-01,北海道,札幌市,98.0,2.5,↘️北西,,0,-1.7,117,71,8.3,3.9,1013.1,77.3,28,0,0
1993-02,北海道,札幌市,105.5,2.3,↘️北西,,0,-2.1,174,72,8.4,3.8,1008.1,66.9,28,0,0
1993-03,北海道,札幌市,45.0,2.8,↘️北西,,0,1.3,41,61,6.7,4.1,1011.3,148.2,24,0,0
1993-04,北海道,札幌市,89.0,3.3,↘️北西,,0,6.2,5,62,7.0,5.7,1007.1,164.0,13,0,0
1993-05,北海道,札幌市,43.5,3.0,↘️北西,,0,11.9,0,68,8.1,9.4,1008.8,171.7,0,0,0
1993-06,北海道,札幌市,73.5,3.1,↘️北西,,0,15.4,0,77,8.5,13.3,1005.8,125.9,0,1,0
1993-07,北海道,札幌市,36.0,3.0,↖️南東,,0,19.1,0,70,7.8,15.3,1008.8,203.9,0,0,0
1993-08,北海道,札幌市,60.0,2.7,↖️南東,,0,20.0,0,76,7.2,17.7,1007.4,175.1,0,1,0
1993-09,北海道,札幌市,53.5,2.7,↖️南東,,0,17.5,0,72,6.5,14.4,1011.1,141.1,0,1,0
1993-10,北海道,札幌市,256.0,2.6,↖️南東,,0,11.5,0,67,6.8,9.2,1012.4,142.1,0,4,0
1993-11,北海道,札幌市,83.5,2.7,↖️南東,,0,5.8,9,67,7.6,6.4,1016.3,96.4,14,0,0
1993-12,北海道,札幌市,122.0,2.6,➡️西,,0,-0.1,62,68,8.5,4.3,1011.8,63.6,27,0,0
1994-01,北海道,札幌市,77.5,2.1,➡️西,,0,-4.7,128,68,7.6,3.0,1011.8,129.0,29,0,0
1994-02,北海道,札幌市,222.5,3.2,↘️北西,,0,-1.3,226,71,8.4,4.0,1003.4,65.9,26,1,0
1994-03,北海道,札幌市,156.5,2.8,↘️北西,,0,-0.5,146,68,8.2,4.1,1012.0,112.2,28,0,0
1994-04,北海道,札幌市,41.5,3.6,↘️北西,,0,7.0,0,57,6.4,5.6,1008.7,200.4,4,0,0
1994-05,北海道,札幌市,54.0,3.5,↖️南東,,0,13.5,0,58,6.1,9.0,1005.6,230.3,0,0,1
1994-06,北海道,札幌市,5.5,2.9,↘️北西,,0,16.9,0,70,6.5,13.4,1007.5,218.8,0,0,0
1994-07,北海道,札幌市,41.0,2.9,↖️南東,,0,22.2,0,74,7.0,19.7,1005.0,217.3,0,0,0
1994-08,北海道,札幌市,104.5,2.5,↖️南東,,0,24.8,0,74,7.2,23.2,1009.5,180.4,0,3,0
1994-09,北海道,札幌市,313.5,2.3,↖️南東,,0,19.8,0,75,7.6,17.3,1008.6,140.4,0,2,0
1994-10,北海道,札幌市,127.5,2.4,⬆️南,,0,12.4,0,67,5.9,9.7,1014.7,177.1,0,1,0
1994-11,北海道,札幌市,90.5,2.7,↖️南東,,0,5.4,38,67,7.1,6.2,1018.4,108.4,11,0,0
1994-12,北海道,札幌市,96.0,2.4,↘️北西,,0,-1.4,107,68,8.0,3.9,1013.1,87.7,24,0,0
1995-01,北海道,札幌市,124.0,2.8,↘️北西,,0,-3.3,154,71,8.2,3.5,1008.8,90.1,30,1,0
1995-02,北海道,札幌市,59.5,2.4,↘️北西,,0,-2.3,66,70,6.8,3.7,1012.8,130.0,25,0,0
1995-03,北海道,札幌市,50.0,2.7,⬆️南,,0,0.9,29,66,6.7,4.4,1013.7,183.2,21,0,0
1995-04,北海道,札幌市,107.0,3.4,↖️南東,,0,7.3,0,64,7.7,6.6,1008.4,159.3,12,0,0
1995-05,北海道,札幌市,50.5,3.2,↖️南東,,0,13.3,0,68,7.3,10.3,1009.0,157.6,0,1,1
1995-06,北海道,札幌市,35.0,2.8,↖️南東,,0,15.6,0,75,7.9,13.3,1008.1,146.2,0,0,0
1995-07,北海道,札幌市,86.5,2.3,↖️南東,,0,21.5,0,76,7.7,19.3,1004.9,136.0,0,0,2
1995-08,北海道,札幌市,172.5,2.3,↖️南東,,0,21.3,0,78,8.5,19.8,1007.4,109.7,0,1,0
1995-09,北海道,札幌市,112.0,2.3,⬆️南,,0,17.4,0,69,6.4,13.6,1008.0,171.8,0,1,0
1995-10,北海道,札幌市,130.0,2.2,↖️南東,,0,13.1,0,73,7.1,11.0,1013.1,128.8,0,2,0
1995-11,北海道,札幌市,133.0,3.1,↘️北西,,0,5.5,30,66,8.3,6.1,1005.2,81.4,17,0,0
1995-12,北海道,札幌市,180.5,2.5,↘️北西,,0,0.0,256,70,7.9,4.4,1008.9,81.6,25,0,0
1996-01,北海道,札幌市,157.0,3.1,↘️北西,,0,-3.7,183,67,8.2,3.2,1007.7,81.4,29,1,0
1996-02,北海道,札幌市,77.5,2.2,↘️北西,,0,-3.4,138,66,8.1,3.3,1011.0,109.6,24,0,0
1996-03,北海道,札幌市,73.0,2.9,↘️北西,,0,0.5,61,62,7.6,4.0,1009.3,145.5,25,0,0
1996-04,北海道,札幌市,30.0,2.9,↖️南東,,0,5.8,12,59,7.7,5.4,1008.9,145.8,15,0,1
1996-05,北海道,札幌市,88.0,3.3,↖️南東,,0,10.5,0,72,8.0,9.1,1009.2,142.3,0,0,2
1996-06,北海道,札幌市,29.0,3.1,↖️南東,,0,15.7,0,71,7.6,12.7,1006.4,163.3,0,2,0
1996-07,北海道,札幌市,88.5,2.8,↖️南東,,0,20.4,0,76,9.1,18.2,1007.0,120.8,0,2,0
1996-08,北海道,札幌市,85.5,3.0,↖️南東,,0,20.9,0,71,7.1,17.6,1009.2,177.8,0,1,0
1996-09,北海道,札幌市,124.5,2.8,↖️南東,,0,18.2,0,71,7.6,14.9,1010.8,149.1,0,4,0
1996-10,北海道,札幌市,153.0,2.6,↖️南東,,0,11.5,3,68,7.0,9.5,1013.6,137.9,2,3,0
1996-11,北海道,札幌市,96.0,2.6,⬆️南,,0,4.1,35,63,8.1,5.3,1012.7,105.9,17,0,0
1996-12,北海道,札幌市,97.0,2.4,↘️北西,,0,-0.7,96,67,8.2,4.0,1012.0,89.6,28,0,0
1997-01,北海道,札幌市,49.5,2.2,↘️北西,,0,-2.5,35,68,7.8,3.5,1007.3,102.4,25,0,0
1997-02,北海道,札幌市,120.0,2.7,↘️北西,,0,-1.8,146,70,8.0,3.8,1010.0,99.4,26,0,0
1997-03,北海道,札幌市,59.5,3.0,↘️北西,,0,0.2,60,62,7.5,3.9,1012.2,160.9,24,0,0
1997-04,北海道,札幌市,15.5,3.0,↘️北西,,0,7.2,3,59,6.3,6.0,1009.6,191.8,9,0,0
1997-05,北海道,札幌市,74.0,3.1,↖️南東,,0,11.9,0,66,7.9,9.1,1006.7,159.1,0,1,0
1997-06,北海道,札幌市,21.0,3.1,↘️北西,,0,15.8,0,76,7.4,13.8,1007.0,164.6,0,2,1
1997-07,北海道,札幌市,81.0,2.6,↖️南東,,0,22.0,0,73,7.2,19.3,1004.8,205.9,0,1,0
1997-08,北海道,札幌市,188.0,2.3,↖️南東,,0,20.5,0,77,8.2,18.6,1007.2,113.5,0,2,0
1997-09,北海道,札幌市,131.0,2.5,↖️南東,,0,17.1,0,70,7.0,13.6,1010.9,148.0,0,1,0
1997-10,北海道,札幌市,82.5,2.6,⬆️南,,0,10.8,0,68,6.5,9.0,1009.6,139.4,2,4,0
1997-11,北海道,札幌市,117.0,2.6,⬆️南,,0,7.1,1,69,7.2,7.1,1015.5,80.1,8,0,0
1997-12,北海道,札幌市,76.0,2.3,↘️北西,,0,0.4,69,67,8.3,4.3,1015.2,84.1,24,0,0
1998-01,北海道,札幌市,108.5,2.3,↘️北西,,0,-5.9,156,67,7.9,2.7,1013.1,89.1,30,0,0
1998-02,北海道,札幌市,69.0,2.6,↖️南東,,0,-3.6,117,67,6.6,3.2,1015.6,123.0,23,0,0
1998-03,北海道,札幌市,83.0,2.9,↘️北西,,0,1.6,63,64,6.6,4.4,1010.4,168.9,16,0,0
1998-04,北海道,札幌市,28.5,3.4,↖️南東,,0,9.0,2,63,5.9,7.3,1013.2,205.4,1,0,2
1998-05,北海道,札幌市,58.0,3.0,↖️南東,,0,13.5,0,64,6.5,9.7,1010.4,223.7,0,0,0
1998-06,北海道,札幌市,83.0,3.3,↖️南東,,0,15.5,0,74,7.4,13.2,1009.8,173.2,0,0,2
1998-07,北海道,札幌市,71.0,2.4,↖️南東,,0,20.3,0,80,7.5,18.9,1006.8,150.2,0,1,0
1998-08,北海道,札幌市,88.5,2.5,↖️南東,,0,21.1,0,79,8.3,19.8,1007.6,99.9,0,0,1
1998-09,北海道,札幌市,218.0,2.5,↖️南東,,0,19.2,0,77,7.1,17.2,1011.3,145.1,0,0,0
1998-10,北海道,札幌市,76.0,2.3,⬆️南,,0,13.2,0,72,6.5,11.0,1013.5,153.7,0,0,0
1998-11,北海道,札幌市,137.5,2.6,↘️北西,,0,3.2,64,72,7.9,5.7,1010.5,92.7,18,0,2
1998-12,北海道,札幌市,134.0,2.3,↘️北西,,0,-1.7,159,74,8.4,4.1,1013.0,68.7,31,0,0
1999-01,北海道,札幌市,135.0,2.7,↘️北西,,0,-3.2,194,72,8.5,3.6,1006.9,62.1,30,0,0
1999-02,北海道,札幌市,84.0,2.5,↘️北西,,0,-3.6,112,71,8.2,3.5,1007.8,92.0,25,1,0
1999-03,北海道,札幌市,86.0,3.1,↘️北西,,0,-0.5,90,67,7.9,4.1,1011.7,116.1,24,0,0
1999-04,北海道,札幌市,32.5,3.1,↖️南東,,0,6.9,13,68,7.0,6.9,1010.8,160.3,7,0,3
1999-05,北海道,札幌市,93.5,3.0,↘️北西,,0,11.9,0,69,7.0,9.5,1006.2,165.5,0,0,0
1999-06,北海道,札幌市,32.5,2.7,↖️南東,,0,17.8,0,71,7.2,14.2,1005.8,191.2,0,1,0
1999-07,北海道,札幌市,154.5,2.4,↖️南東,,0,22.1,0,81,8.1,21.8,1006.2,130.6,0,0,0
1999-08,北海道,札幌市,103.0,2.6,↖️南東,,0,24.9,0,78,6.8,24.5,1008.0,210.1,0,2,1
1999-09,北海道,札幌市,107.5,2.4,⬆️南,,0,19.7,0,74,7.1,17.1,1010.1,165.5,0,1,0
1999-10,北海道,札幌市,80.5,2.6,⬆️南,,0,11.9,0,73,7.1,10.4,1013.3,138.4,3,1,0
1999-11,北海道,札幌市,75.5,2.3,↘️北西,,0,5.5,29,69,7.5,6.4,1012.5,98.9,9,0,0
1999-12,北海道,札幌市,110.0,2.3,↘️北西,,0,-1.1,101,75,7.9,4.3,1011.1,81.3,31,1,1
2000-01,北海道,札幌市,131.5,2.2,⬆️南,,0,-3.1,202,79,8.4,4.0,1014.6,90.6,29,0,0
2000-02,北海道,札幌市,89.5,2.1,↘️北西,,0,-3.8,226,74,8.2,3.4,1007.2,121.7,28,0,0
2000-03,北海道,札幌市,103.0,3.0,↘️北西,,0,0.2,67,68,8.6,4.3,1005.5,129.1,28,1,0
2000-04,北海道,札幌市,123.5,3.6,↘️北西,,0,6.1,5,73,7.3,6.9,1005.9,139.4,9,0,0
2000-05,北海道,札幌市,76.0,3.0,↖️南東,,0,14.0,0,78,8.6,12.2,1008.6,146.0,0,1,1
2000-06,北海道,札幌市,50.5,2.8,↘️北西,,0,16.7,0,79,7.3,15.0,1005.2,169.4,0,1,0
2000-07,北海道,札幌市,194.0,2.6,↖️南東,,0,22.2,0,83,8.4,22.3,1003.9,133.0,0,2,0
2000-08,北海道,札幌市,103.5,2.5,↖️南東,,0,23.9,0,77,7.2,22.8,1008.7,194.8,0,1,0
2000-09,北海道,札幌市,307.0,2.4,⬆️南,,0,18.6,0,78,8.0,16.6,1009.5,112.1,0,1,0
2000-10,北海道,札幌市,24.5,2.4,⬆️南,,0,11.6,0,64,6.6,9.1,1012.9,149.6,2,0,0
2000-11,北海道,札幌市,140.0,2.7,↘️北西,,0,3.9,113,65,7.6,5.5,1016.0,103.7,19,0,0
2000-12,北海道,札幌市,101.5,2.7,↘️北西,,0,-2.5,95,70,7.8,3.7,1010.3,94.3,30,0,0
2001-01,北海道,札幌市,71.0,2.2,⬆️南,,0,-5.7,128,68,7.3,2.8,1009.3,112.0,27,0,0
2001-02,北海道,札幌市,64.0,2.8,↘️北西,,0,-5.5,92,63,8.0,2.7,1011.5,96.0,26,0,0
2001-03,北海道,札幌市,83.0,3.0,↘️北西,,0,0.2,64,65,7.9,4.1,1004.7,143.9,24,0,0
2001-04,北海道,札幌市,28.0,3.1,↖️南東,,0,8.3,2,59,6.1,6.4,1008.7,198.2,4,0,0
2001-05,北海道,札幌市,17.0,2.8,↖️南東,,0,13.4,0,66,6.7,9.9,1007.6,213.4,0,0,0
2001-06,北海道,札幌市,42.0,2.7,↘️北西,,0,16.7,0,71,7.1,13.6,1004.1,194.4,0,3,1
2001-07,北海道,札幌市,111.0,2.7,↖️南東,,0,20.7,0,79,8.8,19.3,1005.1,122.9,0,1,1
2001-08,北海道,札幌市,135.0,2.7,↖️南東,,0,21.1,0,74,7.2,18.4,1008.5,208.2,0,0,0
2001-09,北海道,札幌市,237.5,2.7,⬆️南,,0,17.1,0,70,6.8,14.0,1011.6,144.3,0,0,0
2001-10,北海道,札幌市,86.5,3.9,↘️北西,,0,12.1,0,69,7.5,9.9,1014.4,128.5,0,1,0
2001-11,北海道,札幌市,83.0,3.3,↘️北西,,0,5.0,34,66,6.6,5.9,1010.6,98.6,16,1,0
2001-12,北海道,札幌市,167.0,3.4,➡️西,,0,-3.4,200,66,7.9,3.2,1012.4,68.8,30,0,0
2002-01,北海道,札幌市,150.0,3.2,⬆️南,,0,-2.5,71,69,8.2,3.6,1007.4,75.6,30,0,0
2002-02,北海道,札幌市,60.5,3.2,↖️南東,,0,-0.6,73,67,6.7,4.0,1011.1,126.0,19,0,0
2002-03,北海道,札幌市,45.0,4.0,↘️北西,,0,2.5,37,61,7.1,4.5,1007.0,139.3,18,0,1
2002-04,北海道,札幌市,30.5,4.6,⬆️南,,0,9.6,0,60,6.7,7.1,1011.4,190.6,0,0,0
2002-05,北海道,札幌市,41.0,3.9,↘️北西,,0,13.6,0,61,6.6,9.3,1009.1,223.6,0,2,0
2002-06,北海道,札幌市,64.5,3.9,↖️南東,,0,15.9,0,70,7.7,12.6,1005.9,191.5,0,0,0
2002-07,北海道,札幌市,128.0,3.5,↖️南東,,0,20.5,0,79,8.4,19.0,1004.3,130.3,0,0,0
2002-08,北海道,札幌市,102.5,4.2,↖️南東,,0,20.1,0,79,8.8,18.5,1006.7,105.2,0,0,0
2002-09,北海道,札幌市,87.5,2.9,↖️南東,,0,17.7,0,68,6.7,13.8,1011.7,176.2,0,1,1
2002-10,北海道,札幌市,149.0,3.7,⬆️南,,0,12.0,0,65,7.1,9.5,1010.2,126.5,2,3,0
2002-11,北海道,札幌市,165.0,3.4,⬆️南,,0,2.8,25,68,8.1,5.2,1008.0,82.3,20,2,0
2002-12,北海道,札幌市,77.5,3.4,➡️西,,0,-3.0,112,61,7.3,3.1,1014.4,107.4,25,0,0
2003-01,北海道,札幌市,104.0,3.6,↘️北西,,0,-3.6,144,67,7.8,3.3,1008.0,102.4,29,0,0
2003-02,北海道,札幌市,59.5,2.7,↖️南東,,0,-3.5,120,70,7.6,3.4,1014.0,108.2,25,0,0
2003-03,北海道,札幌市,65.0,4.0,↘️北西,,0,0.7,64,63,7.5,4.1,1012.1,156.7,22,1,0
2003-04,北海道,札幌市,61.0,3.6,↘️北西,,0,8.2,0,63,6.9,6.7,1009.8,161.4,3,0,0
2003-05,北海道,札幌市,31.0,4.3,↖️南東,,0,12.9,0,61,5.9,9.1,1011.8,228.7,0,0,2
2003-06,北海道,札幌市,68.5,3.8,↖️南東,,0,17.1,0,70,6.5,13.5,1005.0,219.0,0,1,2
2003-07,北海道,札幌市,29.0,4.2,↖️南東,,0,17.7,0,71,7.4,14.2,1009.0,185.9,0,0,0
2003-08,北海道,札幌市,90.5,3.4,↖️南東,,0,20.7,0,75,7.9,18.2,1007.2,151.0,0,2,1
2003-09,北海道,札幌市,110.5,3.4,↖️南東,,0,17.5,0,72,6.9,14.3,1010.4,147.3,0,0,0
2003-10,北海道,札幌市,149.5,3.3,↖️南東,,0,11.6,0,68,6.6,9.3,1011.3,136.5,0,1,0
2003-11,北海道,札幌市,64.0,3.6,⬆️南,,0,6.2,2,65,7.2,6.5,1016.8,105.6,12,1,0
2003-12,北海道,札幌市,83.5,3.2,↘️北西,,0,0.0,67,67,8.0,4.1,1008.2,84.4,24,0,0
2004-01,北海道,札幌市,139.0,3.3,↖️南東,,0,-2.5,156,70,7.8,3.6,1008.8,86.8,31,3,0
2004-02,北海道,札幌市,158.5,3.7,⬆️南,,0,-1.3,131,69,8.3,3.9,1006.3,106.5,27,0,0
2004-03,北海道,札幌市,42.5,3.8,↖️南東,,0,0.7,30,64,7.3,4.2,1010.4,139.5,22,0,1
2004-04,北海道,札幌市,28.5,4.3,↘️北西,,0,6.6,11,55,7.2,5.3,1006.1,168.8,10,0,0
2004-05,北海道,札幌市,76.0,4.5,⬆️南,,0,13.8,0,63,7.6,9.9,1006.9,174.5,0,1,0
2004-06,北海道,札幌市,58.0,3.2,↖️南東,,0,18.5,0,64,7.3,13.5,1006.3,188.1,0,2,0
2004-07,北海道,札幌市,70.5,3.3,↖️南東,,0,21.3,0,75,7.9,19.0,1004.7,162.8,0,2,0
2004-08,北海道,札幌市,128.0,3.3,⬆️南,,0,21.9,0,70,7.4,18.7,1005.9,169.6,0,2,0
2004-09,北海道,札幌市,126.5,3.4,⬆️南,,0,18.4,0,68,6.9,14.1,1012.3,150.1,0,0,0
2004-10,北海道,札幌市,46.0,3.2,↖️南東,,0,12.5,8,63,7.0,9.4,1014.8,140.3,3,0,0
2004-11,北海道,札幌市,85.0,3.6,⬆️南,,0,7.2,18,66,6.8,7.1,1013.0,110.7,10,0,0
2004-12,北海道,札幌市,172.0,3.3,↘️北西,,0,-0.8,110,67,8.2,4.1,1012.6,70.7,29,2,0
2005-01,北海道,札幌市,153.5,3.0,⬆️南,,0,-3.5,237,71,8.5,3.5,1006.5,71.5,29,1,0
2005-02,北海道,札幌市,120.5,3.7,↘️北西,,0,-3.9,139,70,8.4,3.3,1010.1,95.3,28,0,0
2005-03,北海道,札幌市,124.0,3.9,↘️北西,,0,0.1,95,66,7.9,4.1,1006.6,134.6,26,0,0
2005-04,北海道,札幌市,55.0,4.8,↘️北西,,0,6.2,10,65,7.8,6.1,1008.2,123.2,9,2,0
2005-05,北海道,札幌市,62.0,4.2,⬆️南,,0,10.7,0,65,7.5,8.3,1007.5,176.9,0,0,0
2005-06,北海道,札幌市,51.0,3.8,↖️南東,,0,18.3,0,69,7.4,14.4,1004.2,194.9,0,0,1
2005-07,北海道,札幌市,119.0,3.6,↖️南東,,0,20.1,0,75,8.4,17.6,1004.9,156.9,0,0,0
2005-08,北海道,札幌市,114.0,3.5,↖️南東,,0,23.5,0,72,6.5,21.0,1006.2,201.2,0,3,0
2005-09,北海道,札幌市,126.0,3.1,⬆️南,,0,18.8,0,69,6.5,14.9,1012.8,158.3,0,1,0
2005-10,北海道,札幌市,72.0,3.1,⬆️南,,0,13.2,0,64,5.9,9.8,1012.8,169.0,0,1,0
2005-11,北海道,札幌市,150.5,3.1,⬆️南,,0,5.5,4,66,6.7,6.2,1009.4,106.2,17,3,0
2005-12,北海道,札幌市,89.0,2.8,↘️北西,,0,-2.6,147,65,7.5,3.3,1005.5,112.5,27,0,0
2006-01,北海道,札幌市,132.0,3.5,↘️北西,,0,-4.1,189,70,8.6,3.2,1010.9,66.8,30,0,0
2006-02,北海道,札幌市,89.0,3.6,⬆️南,,0,-2.7,104,66,7.9,3.5,1013.4,89.3,23,0,0
2006-03,北海道,札幌市,116.5,4.3,↘️北西,,0,1.3,104,66,8.5,4.5,1004.1,113.0,26,1,0
2006-04,北海道,札幌市,95.0,4.5,↘️北西,,0,5.2,26,66,8.1,5.8,1007.2,121.0,12,0,0
2006-05,北海道,札幌市,45.0,4.2,↘️北西,,0,12.9,0,59,6.8,8.6,1009.5,234.8,0,0,2
2006-06,北海道,札幌市,77.0,4.6,↖️南東,,0,15.7,0,75,8.0,13.4,1007.2,150.3,0,2,2
2006-07,北海道,札幌市,106.5,3.7,↖️南東,,0,20.6,0,71,7.7,17.1,1005.4,201.3,0,3,0
2006-08,北海道,札幌市,36.5,4.2,↖️南東,,0,24.3,0,72,7.5,21.8,1006.6,201.3,0,2,0
2006-09,北海道,札幌市,57.5,3.6,⬆️南,,0,18.5,0,65,6.1,13.9,1011.6,189.2,0,0,0
2006-10,北海道,札幌市,90.5,3.7,⬆️南,,0,11.7,0,65,6.0,9.3,1014.3,170.0,0,3,0
2006-11,北海道,札幌市,182.0,3.4,⬆️南,,0,6.2,25,69,8.4,6.9,1011.5,96.7,12,1,0
2006-12,北海道,札幌市,118.0,2.8,↘️北西,,0,-0.5,136,70,7.6,4.2,1015.0,91.7,27,0,0
2007-01,北海道,札幌市,112.0,3.1,↘️北西,,0,-1.8,134,71,8.4,3.9,1014.2,71.6,28,0,0
2007-02,北海道,札幌市,111.5,3.8,↘️北西,,0,-1.5,153,71,7.6,3.9,1010.9,75.5,26,0,0
2007-03,北海道,札幌市,91.0,3.6,⬆️南,,0,0.9,91,67,7.9,4.4,1009.1,129.2,27,1,0
2007-04,北海道,札幌市,57.5,3.4,⬆️南,,0,6.3,4,63,6.7,5.8,1010.3,174.3,10,0,0
2007-05,北海道,札幌市,87.0,4.3,↘️北西,,0,12.5,0,68,8.0,9.7,1003.6,184.0,0,1,0
2007-06,北海道,札幌市,38.0,3.4,↘️北西,,0,18.8,0,71,6.2,15.3,1006.4,223.4,0,3,0
2007-07,北海道,札幌市,45.0,4.2,↖️南東,,0,19.6,0,69,7.2,15.7,1004.0,228.8,0,2,0
2007-08,北海道,札幌市,65.5,2.6,↖️南東,,0,23.5,0,71,7.0,20.4,1006.4,165.7,0,1,0
2007-09,北海道,札幌市,193.5,3.1,⬆️南,,0,19.1,0,72,7.9,16.1,1010.4,125.1,0,1,0
2007-10,北海道,札幌市,66.5,2.9,⬆️南,,0,11.7,0,67,5.8,9.2,1013.5,150.0,0,2,0
2007-11,北海道,札幌市,75.0,3.4,↘️北西,,0,3.9,10,63,6.5,5.3,1012.6,118.5,14,0,0
2007-12,北海道,札幌市,86.0,2.8,↘️北西,,0,-0.6,63,65,8.2,3.9,1010.9,84.0,30,0,0
2008-01,北海道,札幌市,111.0,3.1,↘️北西,,0,-4.3,184,66,8.4,3.0,1012.3,91.6,30,0,0
2008-02,北海道,札幌市,111.0,3.7,↘️北西,,0,-3.4,145,69,7.3,3.4,1009.3,108.8,24,1,0
2008-03,北海道,札幌市,32.0,3.2,↘️北西,,0,3.3,21,67,7.0,5.2,1012.2,162.2,8,0,1
2008-04,北海道,札幌市,6.0,3.9,↘️北西,,0,9.4,0,58,6.1,6.8,1011.5,192.4,2,0,0
2008-05,北海道,札幌市,65.5,4.6,⬆️南,,0,12.4,0,68,7.2,9.8,1008.5,185.4,0,3,0
2008-06,北海道,札幌市,40.0,3.2,↖️南東,,0,17.0,0,71,7.0,13.7,1007.7,193.8,0,0,0
2008-07,北海道,札幌市,63.5,3.8,↖️南東,,0,21.4,0,75,7.7,19.1,1005.8,146.7,0,1,0
2008-08,北海道,札幌市,56.0,3.6,↖️南東,,0,21.2,0,71,6.7,18.0,1007.0,188.1,0,1,0
2008-09,北海道,札幌市,30.5,3.1,⬆️南,,0,19.2,0,65,5.4,14.8,1008.3,202.9,0,1,0
2008-10,北海道,札幌市,99.5,3.4,⬆️南,,0,12.9,0,66,6.1,10.0,1013.4,161.1,0,1,0
2008-11,北海道,札幌市,86.0,3.1,↘️北西,,0,4.6,32,68,7.0,5.9,1011.2,125.2,11,2,0
2008-12,北海道,札幌市,142.0,3.7,↘️北西,,0,0.8,116,71,8.1,4.9,1010.6,86.3,24,1,0
2009-01,北海道,札幌市,103.0,3.3,⬆️南,,0,-1.3,99,70,8.2,4.0,1012.7,85.9,28,1,0
2009-02,北海道,札幌市,143.0,4.0,↘️北西,,0,-2.2,174,70,8.7,3.7,1009.2,68.0,27,0,0
2009-03,北海道,札幌市,79.0,4.1,⬆️南,,0,1.5,69,65,8.0,4.6,1009.3,113.5,23,0,0
2009-04,北海道,札幌市,58.0,4.1,↘️北西,,0,7.7,2,57,6.3,5.9,1009.2,224.4,3,0,0
2009-05,北海道,札幌市,42.5,4.2,↖️南東,,0,13.9,0,61,5.9,9.4,1007.3,255.7,0,0,1
2009-06,北海道,札幌市,50.0,4.1,↖️南東,,0,17.5,0,72,8.0,14.1,1004.6,133.1,0,0,1
2009-07,北海道,札幌市,187.5,3.1,↘️北西,,0,19.7,0,79,8.9,18.2,1003.4,82.6,0,2,0
2009-08,北海道,札幌市,63.0,3.2,↖️南東,,0,21.5,0,73,8.1,18.8,1007.0,156.3,0,0,0
2009-09,北海道,札幌市,35.5,3.3,⬆️南,,0,17.8,0,67,5.8,13.6,1010.2,183.0,0,0,0
2009-10,北海道,札幌市,125.0,3.7,⬆️南,,0,12.5,0,65,7.0,9.5,1010.2,127.0,0,2,0
2009-11,北海道,札幌市,154.0,3.1,⬆️南,,0,5.1,8,69,7.6,6.3,1015.4,75.7,13,0,0
2009-12,北海道,札幌市,106.5,3.0,⬆️南,,0,-0.7,98,68,7.9,4.0,1009.2,99.2,26,2,0
2010-01,北海道,札幌市,112.0,3.3,↘️北西,,0,-2.0,154,68,8.3,3.7,1006.7,82.8,30,0,0
2010-02,北海道,札幌市,59.5,3.6,↘️北西,,0,-3.2,99,66,8.1,3.3,1012.4,92.6,25,1,0
2010-03,北海道,札幌市,79.5,3.9,↘️北西,,0,-0.1,123,65,8.3,4.0,1012.0,114.5,28,1,0
2010-04,北海道,札幌市,67.5,4.5,⬆️南,,0,5.5,3,63,8.3,5.7,1013.0,124.3,7,0,0
2010-05,北海道,札幌市,44.5,4.5,↘️北西,,0,12.2,0,65,7.5,9.1,1008.4,186.7,0,0,0
2010-06,北海道,札幌市,73.0,2.6,↘️北西,,0,19.2,0,72,7.4,16.0,1007.5,222.7,0,1,0
2010-07,北海道,札幌市,143.5,3.0,↘️北西,,0,22.1,0,79,9.2,21.1,1005.5,73.9,0,4,0
2010-08,北海道,札幌市,213.5,2.6,⬆️南,,0,24.8,0,73,8.1,22.6,1008.7,158.4,0,4,0
2010-09,北海道,札幌市,92.0,3.4,⬆️南,,0,20.0,0,65,6.7,15.7,1009.4,181.3,0,0,0
2010-10,北海道,札幌市,130.5,3.1,⬆️南,,0,12.2,9,68,6.8,10.0,1014.7,144.4,2,2,0
2010-11,北海道,札幌市,194.5,3.3,⬆️南,,0,5.9,25,69,7.2,6.6,1010.8,89.5,6,3,0
2010-12,北海道,札幌市,115.0,3.4,⬆️南,,0,0.6,58,70,8.3,4.7,1004.5,55.8,23,0,0
2011-01,北海道,札幌市,120.0,3.1,↘️北西,,0,-3.8,172,66,8.4,3.1,1006.4,115.5,29,1,0
2011-02,北海道,札幌市,69.5,3.4,↖️南東,,0,-1.1,111,67,6.8,3.9,1013.0,140.8,21,0,0
2011-03,北海道,札幌市,60.5,3.3,↘️北西,,0,0.7,101,60,7.5,3.8,1008.6,159.7,25,1,0
2011-04,北海道,札幌市,69.5,4.0,⬆️南,,0,6.9,14,62,7.2,6.2,1007.2,164.6,5,0,0
2011-05,北海道,札幌市,56.5,4.0,↘️北西,,0,11.1,0,71,8.1,9.4,1007.6,158.6,0,0,0
2011-06,北海道,札幌市,43.0,3.3,↘️北西,,0,17.3,0,73,8.1,14.4,1004.3,164.6,0,1,0
2011-07,北海道,札幌市,129.0,2.9,↖️南東,,0,21.8,0,78,8.4,20.2,1005.7,170.2,0,0,2
2011-08,北海道,札幌市,109.0,2.9,↖️南東,,0,23.6,0,72,7.1,20.8,1007.1,214.4,0,1,0
2011-09,北海道,札幌市,257.5,3.3,⬆️南,,0,19.2,0,75,7.8,17.0,1009.4,127.4,0,0,0
2011-10,北海道,札幌市,146.0,3.1,↖️南東,,0,12.1,0,69,6.4,9.8,1012.7,129.9,0,3,1
2011-11,北海道,札幌市,86.0,3.0,⬆️南,,0,6.0,32,68,7.3,6.5,1014.2,116.5,12,1,0
2011-12,北海道,札幌市,107.0,3.1,↘️北西,,0,-2.0,106,68,7.5,3.7,1011.0,91.4,30,1,0
2012-01,北海道,札幌市,71.5,3.2,↘️北西,,0,-4.5,99,67,7.3,3.0,1011.7,131.5,30,0,0
2012-02,北海道,札幌市,57.0,3.2,↘️北西,,0,-4.4,81,64,7.7,2.9,1010.4,133.8,28,0,0
2012-03,北海道,札幌市,44.5,3.4,↘️北西,,0,0.1,62,66,8.3,4.1,1010.7,143.6,24,0,0
2012-04,北海道,札幌市,34.5,4.2,↖️南東,,0,7.0,19,66,7.5,6.7,1009.8,166.2,9,0,0
2012-05,北海道,札幌市,83.5,4.0,↘️北西,,0,13.0,0,71,7.7,10.6,1008.1,207.2,0,1,0
2012-06,北海道,札幌市,51.5,3.3,↖️南東,,0,17.1,0,72,6.8,13.8,1008.2,215.6,0,0,0
2012-07,北海道,札幌市,81.5,3.3,↖️南東,,0,21.8,0,74,7.9,19.3,1004.9,205.6,0,1,0
2012-08,北海道,札幌市,121.0,3.4,↖️南東,,0,23.4,0,76,8.2,21.9,1009.0,146.7,0,0,0
2012-09,北海道,札幌市,191.0,3.2,⬆️南,,0,22.4,0,74,7.1,20.0,1011.8,166.2,0,4,0
2012-10,北海道,札幌市,115.0,3.5,⬆️南,,0,13.0,0,69,6.8,10.4,1011.1,153.2,0,3,0
2012-11,北海道,札幌市,219.0,3.4,↘️北西,,0,5.5,13,73,8.7,6.8,1008.0,79.5,13,3,0
2012-12,北海道,札幌市,209.0,3.3,↘️北西,,0,-2.3,212,69,8.6,3.7,1009.2,70.5,30,2,0
2013-01,北海道,札幌市,101.5,3.3,↘️北西,,0,-4.7,125,67,8.3,3.0,1011.8,111.2,30,0,0
2013-02,北海道,札幌市,117.0,3.3,⬆️南,,0,-4.0,168,68,7.9,3.2,1010.7,111.1,28,0,0
2013-03,北海道,札幌市,108.0,4.2,⬆️南,,0,0.0,105,67,8.6,4.2,1006.7,116.1,27,1,0
2013-04,北海道,札幌市,115.0,4.5,⬆️南,,0,6.3,5,64,8.3,6.1,1004.7,128.1,9,0,0
2013-05,北海道,札幌市,61.5,4.1,↘️北西,,0,11.3,0,72,8.1,9.6,1008.4,142.1,1,0,0
2013-06,北海道,札幌市,62.0,3.2,↘️北西,,0,17.6,0,76,5.8,15.1,1007.2,233.2,0,0,0
2013-07,北海道,札幌市,54.5,4.0,⬆️南,,0,22.5,0,75,7.1,20.2,1005.4,215.4,0,1,0
2013-08,北海道,札幌市,183.5,3.4,⬆️南,,0,23.1,0,79,8.3,22.4,1002.4,142.0,0,6,0
2013-09,北海道,札幌市,173.0,3.2,⬆️南,,0,18.8,0,73,7.6,16.1,1011.7,149.6,0,3,0
2013-10,北海道,札幌市,131.0,3.4,⬆️南,,0,12.9,0,71,7.4,10.8,1014.9,125.2,0,2,0
2013-11,北海道,札幌市,116.0,3.1,⬆️南,,0,6.3,20,68,7.7,6.6,1008.4,98.7,12,0,0
2013-12,北海道,札幌市,124.0,3.1,↘️北西,,0,0.8,101,70,8.2,4.6,1006.9,75.2,25,1,0
2014-01,北海道,札幌市,111.5,3.3,↘️北西,,0,-4.1,148,69,8.1,3.2,1010.6,87.8,31,0,0
2014-02,北海道,札幌市,89.0,3.4,↘️北西,,0,-3.5,118,69,7.1,3.3,1015.6,118.8,26,2,0
2014-03,北海道,札幌市,64.0,3.4,↘️北西,,0,0.5,84,68,7.6,4.4,1009.6,155.5,22,0,0
2014-04,北海道,札幌市,24.0,3.9,↘️北西,,0,7.3,7,53,5.0,5.2,1010.5,257.8,5,0,0
2014-05,北海道,札幌市,60.0,4.1,↖️南東,,0,14.0,0,65,7.6,10.3,1005.0,207.7,0,0,0
2014-06,北海道,札幌市,99.0,4.0,↖️南東,,0,18.7,0,73,7.3,15.3,1005.5,182.4,0,0,0
2014-07,北海道,札幌市,76.5,3.4,↘️北西,,0,22.5,0,70,7.2,18.8,1004.7,214.3,0,1,0
2014-08,北海道,札幌市,217.5,3.1,↖️南東,,0,22.4,0,73,7.2,19.7,1006.8,178.9,0,1,0
2014-09,北海道,札幌市,146.0,3.3,↖️南東,,0,18.1,0,68,6.5,14.0,1009.2,188.8,0,3,0
2014-10,北海道,札幌市,124.0,3.2,⬆️南,,0,11.3,0,64,6.4,8.7,1013.8,145.4,1,1,0
2014-11,北海道,札幌市,64.0,3.2,⬆️南,,0,6.1,32,66,7.1,6.4,1012.8,109.0,8,1,0
2014-12,北海道,札幌市,128.0,3.1,⬆️南,,0,-1.3,130,67,8.4,3.9,1005.7,66.3,28,2,0
2015-01,北海道,札幌市,143.5,3.8,↘️北西,,0,-1.5,127,70,8.6,3.9,1008.7,102.5,27,0,0
2015-02,北海道,札幌市,59.5,4.4,↘️北西,,0,-0.8,39,68,8.2,4.0,1009.7,95.4,24,0,0
2015-03,北海道,札幌市,125.5,3.5,⬆️南,,0,3.8,39,67,7.5,5.3,1009.6,144.0,17,0,0
2015-04,北海道,札幌市,90.0,4.2,⬆️南,,0,8.7,0,59,6.0,6.6,1011.9,220.4,3,1,0
2015-05,北海道,札幌市,37.0,4.4,⬆️南,,0,14.2,0,56,6.3,8.9,1003.9,263.2,0,2,0
2015-06,北海道,札幌市,66.5,3.7,↖️南東,,0,16.7,0,73,7.9,13.7,1005.4,151.4,0,1,0
2015-07,北海道,札幌市,64.0,3.1,↘️北西,,0,21.3,0,73,7.8,18.8,1005.0,175.0,0,0,0
2015-08,北海道,札幌市,131.5,3.0,↖️南東,,0,22.4,0,73,8.3,20.0,1008.0,158.6,0,2,0
2015-09,北海道,札幌市,198.0,2.8,⬆️南,,0,18.4,0,71,7.1,15.0,1010.4,151.8,0,5,0
2015-10,北海道,札幌市,98.0,4.0,⬆️南,,0,10.8,0,61,6.2,8.0,1009.1,150.9,2,2,0
2015-11,北海道,札幌市,137.0,2.8,↘️北西,,0,5.4,49,67,7.7,6.1,1018.7,108.2,9,0,0
2015-12,北海道,札幌市,124.0,2.9,⬆️南,,0,0.8,101,68,7.9,4.6,1013.1,91.6,21,1,0
2016-01,北海道,札幌市,74.0,2.7,↘️北西,,0,-3.5,98,65,8.3,3.1,1010.8,88.2,31,0,0
2016-02,北海道,札幌市,109.5,3.5,↘️北西,,0,-2.3,113,66,8.2,3.6,1012.6,99.3,26,2,1
2016-03,北海道,札幌市,60.5,3.7,↘️北西,,0,2.1,67,63,6.4,4.5,1013.5,164.1,21,1,0
2016-04,北海道,札幌市,58.5,4.4,↘️北西,,0,7.8,0,58,7.1,6.0,1009.0,174.9,4,0,0
2016-05,北海道,札幌市,40.5,4.3,⬆️南,,0,14.9,0,58,7.0,9.6,1008.5,229.5,0,1,0
2016-06,北海道,札幌市,112.5,4.4,⬆️南,,0,16.3,0,73,7.9,13.6,1006.3,157.7,0,1,0
2016-07,北海道,札幌市,118.5,3.9,↖️南東,,0,20.7,0,75,7.4,18.2,1006.8,211.1,0,0,0
2016-08,北海道,札幌市,279.0,3.4,⬆️南,,0,23.9,0,73,6.3,21.7,1004.0,225.3,0,3,0
2016-09,北海道,札幌市,107.0,3.0,⬆️南,,0,19.4,0,72,7.7,16.3,1011.8,155.0,0,1,0
2016-10,北海道,札幌市,78.0,3.8,↘️北西,,0,10.6,4,58,7.0,7.8,1012.0,145.0,6,2,0
2016-11,北海道,札幌市,115.5,3.6,↘️北西,,0,2.1,39,65,8.2,4.9,1014.3,89.6,22,0,1
2016-12,北海道,札幌市,206.5,3.1,↘️北西,,0,-1.0,198,69,7.7,4.0,1012.0,78.8,25,0,0
2017-01,北海道,札幌市,72.5,2.4,↘️北西,,0,-3.9,106,70,8.2,3.3,1010.4,77.2,29,0,0
2017-02,北海道,札幌市,57.5,3.8,↘️北西,,0,-2.0,88,66,8.5,3.6,1008.2,87.0,22,0,0
2017-03,北海道,札幌市,75.5,3.4,↘️北西,,0,1.4,73,64,6.8,4.3,1010.2,184.1,21,0,0
2017-04,北海道,札幌市,65.5,4.2,↖️南東,,0,7.7,4,59,6.7,6.2,1006.3,193.2,5,1,0
2017-05,北海道,札幌市,57.5,3.5,↖️南東,,0,14.4,0,62,7.1,10.0,1007.6,212.4,0,0,1
2017-06,北海道,札幌市,168.5,3.4,↘️北西,,0,16.0,0,72,7.8,13.0,1004.5,165.8,0,1,1
2017-07,北海道,札幌市,75.5,2.8,↘️北西,,0,22.9,0,73,7.0,20.0,1004.5,200.8,0,0,0
2017-08,北海道,札幌市,78.5,3.1,↖️南東,,0,21.7,0,70,7.8,18.0,1006.0,184.4,0,0,0
2017-09,北海道,札幌市,187.0,3.1,⬆️南,,0,17.7,0,67,6.2,13.5,1007.7,183.3,0,4,0
2017-10,北海道,札幌市,114.0,3.6,↖️南東,,0,11.3,0,63,6.9,8.6,1015.7,152.9,3,2,0
2017-11,北海道,札幌市,129.0,3.6,⬆️南,,0,4.3,62,66,7.6,5.7,1010.5,94.0,15,0,0
2017-12,北海道,札幌市,77.0,2.7,↘️北西,,0,-2.0,102,67,8.0,3.6,1009.0,84.8,29,0,0
2018-01,北海道,札幌市,99.5,2.9,⬆️南,,0,-2.6,147,66,8.1,3.5,1006.9,88.4,30,1,0
2018-02,北海道,札幌市,43.0,2.7,⬆️南,,0,-4.2,78,65,7.1,3.0,1010.8,115.3,26,0,0
2018-03,北海道,札幌市,115.5,4.1,↘️北西,,0,2.4,74,62,7.6,4.6,1011.9,159.1,19,0,0
2018-04,北海道,札幌市,36.5,3.6,↘️北西,,0,8.2,2,57,7.1,6.1,1009.1,184.1,9,0,0
2018-05,北海道,札幌市,66.0,3.4,↘️北西,,0,13.4,0,63,7.3,9.5,1007.3,205.4,0,0,1
2018-06,北海道,札幌市,141.5,4.0,↖️南東,,0,16.6,0,69,8.4,12.9,1005.4,160.1,0,1,0
2018-07,北海道,札幌市,155.5,2.9,↖️南東,,0,21.4,0,77,8.0,20.0,1007.1,177.4,0,2,1
2018-08,北海道,札幌市,228.5,3.2,↖️南東,,0,21.2,0,79,8.6,19.8,1006.1,123.4,0,3,0
2018-09,北海道,札幌市,49.5,3.5,⬆️南,,0,18.9,0,69,7.0,15.1,1010.5,184.4,0,1,0
2018-10,北海道,札幌市,187.0,3.1,⬆️南,,0,13.0,0,72,5.7,10.8,1011.4,161.4,0,1,0
2018-11,北海道,札幌市,73.0,2.9,⬆️南,,0,6.4,18,71,7.5,7.0,1015.7,106.8,9,0,0
2018-12,北海道,札幌市,86.5,3.2,↘️北西,,0,-1.0,106,73,7.8,4.3,1012.6,75.8,28,0,0
2019-01,北海道,札幌市,86.0,3.6,↘️北西,,0,-3.0,125,70,8.1,3.5,1009.5,102.5,30,0,0
2019-02,北海道,札幌市,32.5,3.2,↘️北西,,0,-2.6,52,65,7.4,3.4,1012.4,114.1,25,0,0
2019-03,北海道,札幌市,39.0,3.8,↘️北西,,0,2.5,33,65,7.4,4.8,1007.7,157.3,20,0,0
2019-04,北海道,札幌市,30.5,3.5,↘️北西,,0,8.0,1,59,6.0,6.1,1007.8,223.4,6,1,0
2019-05,北海道,札幌市,29.5,3.9,↖️南東,,0,15.7,0,61,5.4,10.6,1007.1,270.8,0,0,0
2019-06,北海道,札幌市,71.0,3.5,↖️南東,,0,17.4,0,73,7.3,14.3,1005.2,193.1,0,2,0
2019-07,北海道,札幌市,31.5,4.0,↖️南東,,0,21.7,0,76,7.5,19.9,1006.5,185.1,0,1,0
2019-08,北海道,札幌市,144.5,3.8,↖️南東,,0,22.5,0,78,7.9,21.4,1005.6,164.6,0,0,0
2019-09,北海道,札幌市,108.5,2.9,↖️南東,,0,19.3,0,70,6.1,15.9,1011.6,208.5,0,0,0
2019-10,北海道,札幌市,97.0,3.2,↖️南東,,0,13.3,0,70,6.1,10.9,1014.3,158.6,0,0,0
2019-11,北海道,札幌市,82.0,3.6,↘️北西,,0,3.9,44,66,7.2,5.5,1012.9,121.5,17,1,0
2019-12,北海道,札幌市,62.0,3.3,↘️北西,,0,-0.8,54,71,8.1,4.3,1013.8,88.2,25,0,0
2020-01,北海道,札幌市,51.5,2.9,↘️北西,,0,-2.3,85,71,8.1,3.7,1013.8,93.8,26,0,0
2020-02,北海道,札幌市,157.0,2.8,↘️北西,,0,-2.1,195,73,8.4,4.0,1014.2,99.6,25,0,0
2020-03,北海道,札幌市,107.5,3.5,↘️北西,,0,3.3,49,67,7.3,5.1,1008.8,174.2,18,1,1
2020-04,北海道,札幌市,52.5,3.9,↘️北西,,0,6.8,0,65,7.2,6.3,1008.7,187.3,7,0,0
2020-05,北海道,札幌市,45.5,3.6,↖️南東,,0,13.7,0,66,7.0,10.2,1006.8,205.3,0,3,0
2020-06,北海道,札幌市,51.5,3.8,↖️南東,,0,18.3,0,73,8.3,15.1,1004.1,142.4,0,2,1
2020-07,北海道,札幌市,56.5,3.2,↖️南東,,0,21.2,0,77,7.3,19.2,1006.4,200.0,0,0,0
2020-08,北海道,札幌市,124.0,3.4,↖️南東,,0,23.3,0,76,7.0,21.8,1006.9,189.5,0,0,0
2020-09,北海道,札幌市,53.5,3.4,↖️南東,,0,20.1,0,76,8.0,18.2,1011.7,140.1,0,0,0
2020-10,北海道,札幌市,66.0,3.3,⬆️南,,0,13.1,0,69,6.6,10.5,1012.7,152.9,0,0,0
2020-11,北海道,札幌市,113.0,3.3,⬆️南,,0,6.3,19,69,8.1,6.9,1013.4,84.0,13,1,0
2020-12,北海道,札幌市,26.5,2.9,↘️北西,,0,-1.6,50,65,7.0,3.7,1010.4,95.2,26,0,0
2021-01,北海道,札幌市,90.5,3.1,⬆️南,,0,-4.4,137,70,6.8,3.2,1011.3,109.5,27,1,0
2021-02,北海道,札幌市,78.5,3.4,↘️北西,,0,-2.2,75,69,8.2,3.8,1006.5,114.2,21,0,0
2021-03,北海道,札幌市,79.5,3.9,↘️北西,,0,3.8,50,67,7.2,5.5,1013.0,161.7,16,0,0
2021-04,北海道,札幌市,112.0,4.4,↘️北西,,0,7.9,0,60,6.2,6.3,1012.9,207.1,4,0,0
2021-05,北海道,札幌市,76.5,4.1,↖️南東,,0,13.1,0,71,8.0,10.7,1004.6,148.5,0,0,0
2021-06,北海道,札幌市,50.5,3.5,↖️南東,,0,18.9,0,71,5.9,15.3,1006.9,260.7,0,1,0
2021-07,北海道,札幌市,7.5,3.8,↖️南東,,0,23.9,0,74,5.3,21.7,1008.6,285.3,0,0,0
2021-08,北海道,札幌市,108.5,3.5,↖️南東,,0,22.9,0,73,7.6,20.4,1007.7,187.4,0,1,0
2021-09,北海道,札幌市,73.0,3.3,⬆️南,,0,18.8,0,73,6.6,15.9,1012.9,201.2,0,1,0
2021-10,北海道,札幌市,150.5,3.0,↖️南東,,0,12.5,0,73,6.7,10.7,1014.8,158.2,0,0,0
2021-11,北海道,札幌市,153.5,3.2,⬆️南,,0,7.3,4,72,7.0,7.6,1010.5,105.1,9,2,0
2021-12,北海道,札幌市,108.5,3.2,↘️北西,,0,-0.5,114,71,6.6,4.4,1009.4,110.1,24,0,0
2022-01,北海道,札幌市,170.0,3.4,↘️北西,,0,-3.2,182,76,8.2,3.8,1008.6,85.0,29,0,0
2022-02,北海道,札幌市,112.0,3.3,↘️北西,,0,-2.2,141,71,7.0,3.7,1009.7,120.7,26,0,0
2022-03,北海道,札幌市,54.5,3.3,↖️南東,,0,2.6,34,69,7.4,5.0,1009.8,131.9,19,0,0
2022-04,北海道,札幌市,15.0,4.0,↘️北西,,0,9.1,1,56,5.5,6.5,1011.6,243.0,5,0,0
2022-05,北海道,札幌市,66.5,4.3,↖️南東,,0,14.9,0,63,6.4,10.5,1007.1,224.1,0,0,2
2022-06,北海道,札幌市,71.0,3.8,↘️北西,,0,16.8,0,77,7.8,15.0,1006.2,173.2,0,2,2
2022-07,北海道,札幌市,63.0,3.1,↘️北西,,0,23.1,0,78,7.7,21.9,1005.9,179.4,0,0,0
2022-08,北海道,札幌市,233.0,3.7,↖️南東,,0,22.7,0,75,7.7,20.7,1003.8,152.6,0,0,0
2022-09,北海道,札幌市,87.5,3.4,↖️南東,,0,19.8,0,71,6.5,16.6,1011.6,196.1,0,1,0
2022-10,北海道,札幌市,80.0,2.9,↖️南東,,0,12.6,0,70,5.8,10.5,1015.7,164.0,0,1,0
2022-11,北海道,札幌市,82.5,3.3,↖️南東,,0,7.1,4,69,7.7,7.1,1013.7,96.7,8,0,0
2022-12,北海道,札幌市,119.0,2.6,↘️北西,,0,-1.4,103,75,8.2,4.2,1008.6,81.1,29,0,0
2023-01,北海道,札幌市,71.5,3.0,↘️北西,,0,-4.4,117,68,7.2,3.2,1010.3,123.8,29,0,0
2023-02,北海道,札幌市,104.0,2.8,↘️北西,,0,-2.7,151,75,7.6,3.8,1014.5,102.8,27,0,0
2023-03,北海道,札幌市,35.5,3.7,↖️南東,,0,4.9,14,65,5.8,5.7,1014.9,179.7,11,0,0
2023-04,北海道,札幌市,61.0,4.1,↘️北西,,0,9.2,0,62,7.0,7.2,1007.6,161.6,2,0,0
2023-05,北海道,札幌市,21.5,3.6,↘️北西,,0,13.8,0,66,6.5,10.3,1009.6,224.2,0,0,1
2023-06,北海道,札幌市,133.5,3.6,↖️南東,,0,19.3,0,73,7.2,16.3,1004.6,215.3,0,0,0
2023-07,北海道,札幌市,61.5,2.9,↘️北西,,0,23.8,0,77,7.8,22.7,1004.6,171.6,0,0,0
2023-08,北海道,札幌市,69.5,3.6,⬆️南,,0,26.7,0,78,7.5,27.2,1006.5,175.5,0,4,0
2023-09,北海道,札幌市,146.0,2.9,⬆️南,,0,21.5,0,76,7.5,19.7,1010.0,144.1,0,3,0
2023-10,北海道,札幌市,88.5,2.8,↖️南東,,0,13.3,0,71,5.9,11.0,1009.1,177.3,0,2,0
2023-11,北海道,札幌市,126.5,3.5,⬆️南,,0,6.7,21,71,7.4,7.5,1010.0,105.6,12,2,0
2023-12,北海道,札幌市,47.0,3.0,➡️西,,0,-0.7,56,67,6.9,4.1,1013.3,108.1,26,1,0
2024-01,北海道,札幌市,153.5,3.3,⬆️南,,0,-1.8,161,77,7.9,4.2,1011.2,81.0,30,1,0
2024-02,北海道,札幌市,117.0,3.3,↘️北西,,0,-1.9,151,71,7.6,3.9,1017.2,127.6,24,0,0
2024-03,北海道,札幌市,67.5,3.2,↘️北西,,0,0.8,69,67,6.9,4.4,1009.1,181.7,2,0,0
2024-04,北海道,札幌市,34.5,4.2,↘️北西,,0,10.4,1,65,0,8.3,1011.2,206.9,3,0,0
2024-05,北海道,札幌市,40.0,4.1,↘️北西,,0,14.2,0,65,0,10.3,1007.7,214.6,0,0,0
2024-06,北海道,札幌市,38.0,3.5,↖️南東,,0,19.0,0,74,0,16.3,1005.4,202.4,0,2,0
2024-07,北海道,札幌市,144.0,3.4,↘️北西,,0,23.3,0,77,0,22.0,1002.2,190.9,0,1,0
2024-08,北海道,札幌市,102.5,3.1,↘️北西,,0,24.6,0,81,0,24.9,1005.6,133.7,0,4,0
2024-09,北海道,札幌市,74.5,3.1,⬆️南,,0,19.9,0,69,0,16.0,1011.1,212.3,0,2,0
2024-10,北海道,札幌市,160.0,3.2,⬆️南,,0,13.8,0,72,0,11.6,1015.9,178.4,1,0,0
2024-11,北海道,札幌市,134.0,3.3,⬆️南,,0,6.0,35,72,0,6.9,1013.6,98.7,13,1,0
2024-12,北海道,札幌市,54.5,3.1,↘️北西,,0,-1.9,82,69,0,3.7,1007.0,91.3,29,1,0
2025-01,北海道,札幌市,68.5,2.7,↘️北西,,0,-1.2,80,72,0,4.1,1010.8,122.0,28,0,0
2025-02,北海道,札幌市,118.0,3.3,↘️北西,,0,-0.9,126,72,0,4.1,1005.1,120.0,25,0,0
2025-03,北海道,札幌市,94.5,3.7,↘️北西,,0,2.0,75,70,0,5.0,1010.5,125.1,25,0,0
2025-04,北海道,札幌市,110.0,3.7,↘️北西,,0,8.5,0,72,0,7.9,1007.5,134.8,3,1,0
2025-05,北海道,札幌市,21.0,4.2,⬆️南,,0,12.9,0,63,0,9.1,1005.8,62.7,0,0,0
1986-05,高知県,高知市,278.5,1.7,➡️西,,0,18.9,0,72,7.0,15.6,1007.7,171.4,0,1,0
1986-06,高知県,高知市,223.5,1.6,➡️西,,0,22.6,0,77,7.9,21.0,1007.0,179.7,0,2,2
1986-07,高知県,高知市,258.5,1.5,➡️西,,0,26.2,0,81,6.9,27.3,1007.9,175.6,0,3,1
1986-08,高知県,高知市,168.0,1.9,➡️西,,0,27.0,0,73,6.2,26.0,1006.4,234.6,0,1,0
1986-09,高知県,高知市,226.5,1.6,➡️西,,0,23.9,0,75,6.3,22.3,1009.6,168.2,0,4,0
1986-10,高知県,高知市,63.5,1.8,➡️西,,0,16.5,0,66,4.6,12.6,1016.1,216.4,0,2,0
1986-11,高知県,高知市,24.5,1.6,➡️西,,0,12.7,0,65,5.0,9.7,1019.2,169.3,0,0,0
1986-12,高知県,高知市,120.0,1.8,➡️西,,0,8.9,0,65,3.7,7.5,1018.6,210.6,0,2,0
1987-01,高知県,高知市,48.5,1.8,➡️西,,0,6.1,10,62,4.4,5.8,1018.6,203.0,2,0,1
1987-02,高知県,高知市,33.5,2.0,➡️西,,0,7.4,0,60,4.8,6.3,1016.1,179.9,4,0,0
1987-03,高知県,高知市,197.0,1.8,➡️西,,0,9.9,0,68,6.7,8.5,1013.6,173.7,2,0,1
1987-04,高知県,高知市,116.0,1.7,➡️西,,0,14.5,0,66,6.4,11.0,1015.2,196.5,0,0,0
1987-05,高知県,高知市,369.5,1.6,➡️西,,0,19.2,0,71,7.8,16.1,1012.1,193.0,0,0,0
1987-06,高知県,高知市,327.5,1.8,➡️西,,0,22.6,0,71,6.5,19.3,1007.3,211.3,0,1,0
1987-07,高知県,高知市,534.5,1.5,➡️西,,0,26.1,0,83,8.1,27.9,1007.0,140.1,0,1,0
1987-08,高知県,高知市,154.0,1.7,➡️西,,0,27.3,0,78,7.5,28.4,1008.3,180.2,0,6,0
1987-09,高知県,高知市,160.0,1.7,➡️西,,0,23.2,0,73,6.4,21.0,1010.7,178.7,0,3,0
1987-10,高知県,高知市,250.5,1.7,➡️西,,0,19.9,0,71,6.1,16.5,1014.4,191.8,0,0,0
1987-11,高知県,高知市,46.0,1.5,➡️西,,0,14.0,0,71,5.5,11.4,1017.8,143.0,0,0,0
1987-12,高知県,高知市,6.5,1.6,↘️北西,,0,8.1,0,64,3.9,6.8,1019.7,212.3,1,0,0
1988-01,高知県,高知市,40.0,1.6,➡️西,,0,7.4,0,61,5.1,6.4,1017.3,171.4,1,0,4
1988-02,高知県,高知市,21.0,1.9,➡️西,,0,6.2,0,53,5.1,5.1,1018.5,187.9,1,0,0
1988-03,高知県,高知市,217.5,2.0,➡️西,,0,9.6,0,60,7.6,7.3,1014.4,158.1,1,1,1
1988-04,高知県,高知市,392.5,2.1,↘️北西,,0,14.6,0,63,6.0,10.6,1013.6,190.9,0,0,0
1988-05,高知県,高知市,226.0,2.0,↘️北西,,0,19.0,0,70,6.4,15.1,1009.6,195.6,0,2,0
1988-06,高知県,高知市,930.5,1.8,➡️西,,0,22.8,0,77,8.2,21.3,1005.2,131.2,0,4,0
1988-07,高知県,高知市,117.5,1.8,➡️西,,0,26.4,0,80,8.4,27.6,1005.5,144.0,0,4,0
1988-08,高知県,高知市,366.0,1.9,➡️西,,0,27.0,0,74,7.3,26.3,1005.4,188.7,0,9,0
1988-09,高知県,高知市,222.5,1.8,➡️西,,0,24.6,0,74,7.7,22.8,1008.4,141.6,0,1,0
1988-10,高知県,高知市,23.5,2.0,➡️西,,0,18.6,0,64,5.1,13.7,1013.0,189.6,0,0,0
1988-11,高知県,高知市,25.5,2.0,↘️北西,,0,11.3,0,62,3.5,8.2,1015.1,223.7,0,0,0
1988-12,高知県,高知市,0.0,2.0,↘️北西,,0,7.5,0,60,3.1,6.1,1019.8,228.1,1,0,0
1989-01,高知県,高知市,194.5,1.8,↘️北西,,0,9.0,0,68,6.1,8.1,1018.7,158.6,1,1,2
1989-02,高知県,高知市,157.0,1.9,↘️北西,,0,8.9,0,67,5.9,7.9,1017.3,131.7,2,1,0
1989-03,高知県,高知市,269.0,2.2,➡️西,,0,10.6,0,58,5.0,7.5,1014.2,215.1,0,2,0
1989-04,高知県,高知市,141.0,2.0,➡️西,,0,15.6,0,65,6.7,11.5,1011.6,200.1,0,0,1
1989-05,高知県,高知市,303.0,1.9,➡️西,,0,18.7,0,76,7.6,16.3,1009.5,151.5,0,3,1
1989-06,高知県,高知市,373.0,1.8,➡️西,,0,22.0,0,77,8.0,20.5,1007.5,138.1,0,0,0
1989-07,高知県,高知市,385.5,2.0,➡️西,,0,25.8,0,79,8.1,26.0,1009.0,164.3,0,4,0
1989-08,高知県,高知市,705.5,2.0,➡️西,,0,26.6,0,76,6.7,26.2,1005.3,199.1,0,2,0
1989-09,高知県,高知市,638.0,1.8,➡️西,,0,24.3,0,79,7.7,24.2,1010.1,136.9,0,9,1
1989-10,高知県,高知市,30.5,1.9,↘️北西,,0,18.3,0,64,4.2,13.4,1014.5,231.8,0,0,0
1989-11,高知県,高知市,164.5,2.0,↘️北西,,0,13.8,0,65,4.8,10.8,1019.1,176.0,0,1,0
1989-12,高知県,高知市,7.0,2.0,↘️北西,,0,8.6,0,65,3.0,7.2,1017.9,233.7,0,0,0
1990-01,高知県,高知市,112.0,2.0,➡️西,,0,6.1,0,63,4.9,6.2,1020.0,181.9,2,0,0
1990-02,高知県,高知市,332.0,1.8,➡️西,,0,10.4,0,70,7.1,8.9,1019.9,119.8,0,0,0
1990-03,高知県,高知市,154.0,2.1,➡️西,,0,11.5,0,63,5.1,8.8,1015.7,214.0,2,0,1
1990-04,高知県,高知市,396.5,2.2,➡️西,,0,15.0,0,66,5.7,11.3,1012.3,203.2,0,0,0
1990-05,高知県,高知市,411.0,1.9,➡️西,,0,19.0,0,71,7.4,15.4,1012.0,180.6,0,1,0
1990-06,高知県,高知市,379.0,1.9,➡️西,,0,23.7,0,78,7.1,22.9,1008.0,185.6,0,2,0
1990-07,高知県,高知市,97.5,1.8,➡️西,,0,27.4,0,76,6.5,27.9,1006.6,226.2,0,1,0
1990-08,高知県,高知市,427.5,2.0,➡️西,,0,27.9,0,76,5.3,28.3,1006.3,226.8,0,6,0
1990-09,高知県,高知市,543.0,1.9,➡️西,,0,25.0,0,76,6.8,23.9,1010.6,160.0,0,5,0
1990-10,高知県,高知市,153.5,1.8,➡️西,,0,19.3,0,71,6.0,15.9,1014.4,156.4,0,2,0
1990-11,高知県,高知市,154.0,1.8,↘️北西,,0,15.0,0,72,4.7,12.2,1017.0,194.4,0,0,0
1990-12,高知県,高知市,44.0,2.0,➡️西,,0,8.5,0,63,4.0,7.0,1018.5,216.1,1,0,0
1991-01,高知県,高知市,33.0,2.1,➡️西,,0,6.4,0,58,4.7,5.7,1017.7,208.4,3,0,0
1991-02,高知県,高知市,91.0,2.2,➡️西,,0,6.1,0,58,5.0,5.6,1016.3,182.3,7,0,0
1991-03,高知県,高知市,237.5,1.7,➡️西,,0,12.5,0,71,6.9,10.4,1015.3,155.4,0,0,0
1991-04,高知県,高知市,314.0,1.8,➡️西,,0,16.9,0,70,6.7,13.7,1012.8,168.9,0,1,0
1991-05,高知県,高知市,271.0,1.9,➡️西,,0,18.6,0,72,7.3,15.7,1011.0,136.7,0,0,0
1991-06,高知県,高知市,367.0,1.4,➡️西,,0,23.7,0,83,9.0,24.4,1006.5,80.6,0,2,1
1991-07,高知県,高知市,256.5,1.8,⬅️東,,0,27.3,0,78,7.8,27.9,1006.3,197.0,0,9,1
1991-08,高知県,高知市,182.0,1.9,➡️西,,0,27.3,0,74,6.6,26.6,1003.8,185.5,0,0,0
1991-09,高知県,高知市,385.0,1.9,➡️西,,0,25.1,0,74,6.7,23.2,1009.3,156.1,0,3,0
1991-10,高知県,高知市,100.0,1.7,➡️西,,0,19.3,0,68,6.8,15.3,1010.7,137.0,0,0,0
1991-11,高知県,高知市,91.5,1.7,↘️北西,,0,13.4,0,64,3.7,9.6,1019.0,195.8,0,0,0
1991-12,高知県,高知市,112.5,1.9,↘️北西,,0,10.3,0,67,5.2,8.7,1019.1,159.4,1,0,0
1992-01,高知県,高知市,39.5,1.8,➡️西,,0,7.3,0,66,5.0,6.8,1018.3,175.8,0,0,0
1992-02,高知県,高知市,27.0,2.0,↘️北西,,0,6.7,0,58,5.6,5.6,1016.0,171.9,1,0,0
1992-03,高知県,高知市,301.5,1.7,➡️西,,0,11.9,0,72,8.1,10.1,1015.9,114.6,0,0,1
1992-04,高知県,高知市,272.5,2.1,↘️北西,,0,16.0,0,65,5.8,11.8,1010.1,205.5,0,1,1
1992-05,高知県,高知市,239.5,1.9,➡️西,,0,19.0,0,66,6.2,14.5,1008.9,199.1,0,3,1
1992-06,高知県,高知市,261.0,1.8,➡️西,,0,21.3,0,74,8.1,18.5,1006.8,143.2,0,3,0
1992-07,高知県,高知市,80.5,1.6,➡️西,,0,25.7,0,77,7.1,25.2,1007.5,190.7,0,2,0
1992-08,高知県,高知市,901.0,2.3,↖️南東,,0,26.6,0,78,8.4,27.1,1007.6,129.9,0,5,0
1992-09,高知県,高知市,280.5,1.9,➡️西,,0,23.9,0,70,6.6,20.8,1010.2,161.4,0,0,0
1992-10,高知県,高知市,171.0,1.9,➡️西,,0,18.8,0,65,4.7,14.0,1014.3,224.3,0,1,0
1992-11,高知県,高知市,61.5,1.9,↘️北西,,0,13.6,0,66,5.1,10.4,1019.1,174.3,0,1,0
1992-12,高知県,高知市,152.5,1.9,↘️北西,,0,9.1,0,64,3.8,7.6,1019.1,186.5,0,0,0
1993-01,高知県,高知市,43.5,1.9,➡️西,,0,7.8,0,64,5.9,6.9,1017.4,143.1,1,0,0
1993-02,高知県,高知市,196.0,2.4,↘️北西,,0,8.0,0,56,4.4,6.1,1015.8,203.1,4,0,0
1993-03,高知県,高知市,100.5,2.1,➡️西,,0,9.4,0,58,5.1,7.0,1015.7,206.8,1,0,0
1993-04,高知県,高知市,168.5,2.1,↘️北西,,0,14.8,0,57,4.9,10.0,1012.2,220.9,0,0,0
1993-05,高知県,高知市,249.0,1.9,➡️西,,0,18.5,0,69,6.6,14.4,1010.3,180.9,0,0,1
1993-06,高知県,高知市,617.0,1.8,➡️西,,0,22.6,0,78,7.5,21.2,1005.7,133.0,0,2,0
1993-07,高知県,高知市,875.0,1.9,➡️西,,0,24.9,0,82,8.7,25.9,1005.6,98.9,0,4,0
1993-08,高知県,高知市,186.0,1.9,➡️西,,0,26.4,0,77,7.2,26.3,1006.4,142.7,0,4,0
1993-09,高知県,高知市,325.0,1.7,➡️西,,0,23.4,0,74,7.5,21.3,1010.2,125.7,0,1,0
1993-10,高知県,高知市,200.5,1.9,➡️西,,0,17.7,0,65,5.4,13.2,1015.5,176.1,0,0,1
1993-11,高知県,高知市,331.5,1.8,➡️西,,0,14.6,0,72,6.1,12.4,1019.2,128.6,0,1,0
1993-12,高知県,高知市,62.0,1.9,↘️北西,,0,8.6,0,65,4.0,7.4,1019.3,183.7,0,1,0
1994-01,高知県,高知市,38.0,2.0,↘️北西,,0,6.3,0,63,4.4,5.9,1016.8,191.1,3,0,0
1994-02,高知県,高知市,125.0,2.2,↘️北西,,0,7.3,0,56,5.3,5.7,1012.9,175.0,1,0,0
1994-03,高知県,高知市,153.5,2.0,↘️北西,,0,9.4,0,57,5.4,6.7,1016.9,199.2,0,0,0
1994-04,高知県,高知市,290.5,1.9,➡️西,,0,16.4,0,67,6.5,12.5,1012.7,180.1,0,1,0
1994-05,高知県,高知市,202.5,2.1,➡️西,,0,20.3,0,66,6.4,15.6,1008.8,208.7,0,0,0
1994-06,高知県,高知市,217.5,1.8,➡️西,,0,23.2,0,72,7.0,20.4,1006.4,173.1,0,1,0
1994-07,高知県,高知市,176.5,2.1,↖️南東,,0,28.7,0,71,5.4,27.5,1005.3,262.4,0,1,0
1994-08,高知県,高知市,111.0,2.2,➡️西,,0,27.9,0,73,4.6,27.0,1010.3,268.9,0,1,0
1994-09,高知県,高知市,175.0,1.9,➡️西,,0,25.2,0,65,5.8,20.6,1006.5,216.2,0,4,0
1994-10,高知県,高知市,78.5,1.9,➡️西,,0,20.1,0,62,5.1,14.5,1014.6,181.5,0,1,0
1994-11,高知県,高知市,201.5,1.8,➡️西,,0,15.0,0,68,5.0,11.6,1020.5,163.9,0,0,0
1994-12,高知県,高知市,65.5,1.8,↘️北西,,0,9.7,0,60,4.9,7.3,1019.8,166.4,0,0,0
1995-01,高知県,高知市,33.5,2.0,➡️西,,0,6.2,0,56,4.3,5.3,1017.1,215.6,2,0,0
1995-02,高知県,高知市,31.5,2.0,↘️北西,,0,6.9,0,52,5.1,5.1,1016.8,188.3,1,1,0
1995-03,高知県,高知市,138.5,2.1,➡️西,,0,10.7,0,57,5.6,7.5,1014.1,201.5,0,0,0
1995-04,高知県,高知市,193.5,2.0,➡️西,,0,14.6,0,65,7.2,11.1,1013.2,152.3,0,1,0
1995-05,高知県,高知市,365.0,2.0,➡️西,,0,19.0,0,69,6.8,14.9,1010.1,194.5,0,3,0
1995-06,高知県,高知市,271.5,1.8,➡️西,,0,21.7,0,75,8.1,19.1,1005.2,144.1,0,0,0
1995-07,高知県,高知市,465.0,1.9,⬅️東,,0,27.1,0,78,7.1,27.5,1008.5,199.8,0,4,0
1995-08,高知県,高知市,148.0,1.8,➡️西,,0,28.5,0,69,4.8,26.5,1010.5,260.4,0,3,0
1995-09,高知県,高知市,110.5,2.1,➡️西,,0,24.2,0,66,7.5,19.8,1009.3,154.9,0,1,0
1995-10,高知県,高知市,101.5,1.8,➡️西,,0,19.6,0,66,4.4,15.0,1014.7,204.7,0,1,0
1995-11,高知県,高知市,48.5,2.0,↘️北西,,0,11.7,0,59,3.9,8.1,1015.5,216.3,0,0,0
1995-12,高知県,高知市,1.5,2.0,➡️西,,0,6.9,0,58,4.8,5.7,1018.7,193.5,4,0,0
1996-01,高知県,高知市,56.0,2.0,↘️北西,,0,6.3,0,57,4.6,5.6,1017.4,195.9,0,0,0
1996-02,高知県,高知市,51.5,2.1,➡️西,,0,6.0,2,56,4.9,5.3,1017.8,199.0,5,0,0
1996-03,高知県,高知市,236.5,2.2,➡️西,,0,9.9,0,61,6.9,7.6,1013.9,167.9,0,1,0
1996-04,高知県,高知市,104.0,2.0,↘️北西,,0,12.8,0,52,5.6,7.7,1014.2,224.2,0,0,0
1996-05,高知県,高知市,279.0,1.8,➡️西,,0,19.3,0,67,6.9,14.8,1010.7,195.9,0,4,0
1996-06,高知県,高知市,223.0,1.6,➡️西,,0,23.0,0,82,8.4,22.9,1007.3,101.1,0,2,0
1996-07,高知県,高知市,204.0,1.8,↖️南東,,0,26.8,0,78,6.4,27.0,1007.9,210.9,0,1,0
1996-08,高知県,高知市,140.0,1.9,➡️西,,0,27.4,0,75,6.9,27.2,1007.4,196.8,0,1,0
1996-09,高知県,高知市,160.0,1.8,➡️西,,0,23.7,0,73,7.7,21.2,1009.3,142.0,0,0,0
1996-10,高知県,高知市,131.0,1.6,➡️西,,0,18.8,0,69,6.1,14.8,1015.2,162.3,0,1,0
1996-11,高知県,高知市,41.0,1.8,➡️西,,0,14.2,0,67,5.9,11.2,1017.2,147.0,0,0,0
1996-12,高知県,高知市,106.5,1.9,➡️西,,0,8.0,0,67,3.3,7.1,1018.2,222.9,1,0,0
1997-01,高知県,高知市,39.0,2.0,➡️西,,0,5.6,1,59,3.8,5.3,1015.3,211.8,4,1,0
1997-02,高知県,高知市,42.0,2.0,➡️西,,0,7.2,0,60,4.9,6.2,1017.2,183.1,2,1,0
1997-03,高知県,高知市,162.5,1.9,➡️西,,0,11.9,0,64,5.8,8.8,1016.4,189.0,0,0,0
1997-04,高知県,高知市,125.5,1.8,➡️西,,0,15.7,0,67,6.2,11.9,1013.4,194.4,0,0,0
1997-05,高知県,高知市,123.5,1.9,➡️西,,0,19.9,0,72,6.7,16.7,1008.3,193.3,0,3,0
1997-06,高知県,高知市,307.0,1.9,➡️西,,0,23.1,0,76,8.0,21.1,1007.0,149.1,0,0,0
1997-07,高知県,高知市,266.5,1.9,⬅️東,,0,26.2,0,81,8.0,27.2,1006.7,144.9,0,3,0
1997-08,高知県,高知市,280.0,1.9,➡️西,,0,27.1,0,78,7.0,27.6,1008.7,180.9,0,7,0
1997-09,高知県,高知市,548.0,1.9,➡️西,,0,23.9,0,74,6.2,22.1,1009.3,162.4,0,1,0
1997-10,高知県,高知市,34.5,1.8,➡️西,,0,18.2,0,63,3.9,13.2,1014.6,243.7,0,0,0
1997-11,高知県,高知市,184.5,1.9,➡️西,,0,14.8,0,67,4.9,11.5,1018.2,170.9,0,3,0
1997-12,高知県,高知市,39.5,1.8,➡️西,,0,9.5,0,63,5.2,7.6,1019.2,188.5,0,0,2
1998-01,高知県,高知市,146.0,1.8,➡️西,,0,6.4,0,65,5.1,6.3,1017.4,175.5,2,1,0
1998-02,高知県,高知市,191.5,1.9,➡️西,,0,9.6,0,63,6.0,7.9,1016.5,155.2,1,0,0
1998-03,高知県,高知市,160.5,2.0,➡️西,,0,11.5,0,59,6.6,8.0,1016.1,189.1,0,0,0
1998-04,高知県,高知市,256.0,1.7,➡️西,,0,18.6,0,76,7.0,16.6,1013.7,175.9,0,3,0
1998-05,高知県,高知市,515.5,1.8,➡️西,,0,21.7,0,77,8.0,19.8,1011.9,128.5,0,0,0
1998-06,高知県,高知市,862.0,1.7,➡️西,,0,23.2,0,80,8.5,22.8,1007.6,121.9,0,2,0
1998-07,高知県,高知市,409.5,1.9,➡️西,,0,27.3,0,78,8.0,27.8,1005.3,192.0,0,0,0
1998-08,高知県,高知市,12.5,1.9,➡️西,,0,28.9,0,73,7.3,28.9,1007.2,227.5,0,3,0
1998-09,高知県,高知市,1355.0,1.9,➡️西,,0,25.4,0,77,7.5,24.7,1008.9,134.5,0,3,0
1998-10,高知県,高知市,445.0,1.8,➡️西,,0,20.9,0,74,6.5,18.2,1013.6,144.6,0,3,0
1998-11,高知県,高知市,16.0,1.8,➡️西,,0,14.2,0,65,5.0,10.6,1016.5,178.9,0,0,0
1998-12,高知県,高知市,13.5,1.7,➡️西,,0,10.4,0,54,4.2,6.9,1019.2,203.0,0,0,0
1999-01,高知県,高知市,26.0,1.9,➡️西,,0,6.8,0,51,4.1,5.0,1016.3,232.1,2,0,0
1999-02,高知県,高知市,47.0,2.0,➡️西,,0,6.7,1,58,4.3,5.7,1017.2,198.0,3,0,0
1999-03,高知県,高知市,232.0,1.9,➡️西,,0,12.4,0,64,8.0,9.6,1013.3,122.0,0,1,0
1999-04,高知県,高知市,297.0,2.2,➡️西,,0,15.5,0,65,5.8,11.5,1011.6,191.9,0,1,0
1999-05,高知県,高知市,333.5,2.0,➡️西,,0,20.1,0,68,7.1,15.7,1010.0,225.1,0,0,0
1999-06,高知県,高知市,563.5,1.7,➡️西,,0,23.3,0,79,8.2,22.6,1007.5,120.9,0,2,0
1999-07,高知県,高知市,837.0,2.1,↖️南東,,0,25.8,0,77,8.8,25.5,1006.2,128.3,0,1,0
1999-08,高知県,高知市,516.0,2.1,↖️南東,,0,27.0,0,81,7.9,28.7,1007.4,151.7,0,6,0
1999-09,高知県,高知市,345.0,1.7,➡️西,,0,26.2,0,80,7.9,26.9,1009.9,137.9,0,6,0
1999-10,高知県,高知市,133.5,1.7,➡️西,,0,20.3,0,68,6.0,16.6,1015.2,185.2,0,4,0
1999-11,高知県,高知市,242.0,1.9,➡️西,,0,14.0,0,66,5.1,10.7,1016.8,180.7,0,0,0
1999-12,高知県,高知市,8.5,1.9,↘️北西,,0,8.0,0,62,4.1,6.6,1020.0,194.0,1,0,0
2000-01,高知県,高知市,88.5,1.9,➡️西,,0,7.8,0,68,5.0,7.4,1019.9,167.9,1,0,0
2000-02,高知県,高知市,41.0,2.1,➡️西,,0,5.8,0,58,4.8,5.2,1017.0,201.8,7,0,0
2000-03,高知県,高知市,232.0,2.3,➡️西,,0,10.2,0,59,4.9,7.2,1015.5,240.5,0,1,0
2000-04,高知県,高知市,124.5,2.0,➡️西,,0,14.7,0,63,6.1,10.4,1011.9,200.0,0,0,0
2000-05,高知県,高知市,172.0,2.0,➡️西,,0,19.7,0,73,6.3,16.5,1010.8,213.6,0,3,0
2000-06,高知県,高知市,287.5,1.6,➡️西,,0,22.6,0,81,8.2,22.2,1008.3,124.7,0,1,0
2000-07,高知県,高知市,189.5,2.1,↖️南東,,0,27.3,0,75,7.6,26.8,1007.9,190.8,0,2,0
2000-08,高知県,高知市,266.5,2.0,➡️西,,0,27.6,0,74,6.0,27.0,1010.2,232.8,0,2,0
2000-09,高知県,高知市,748.0,1.9,➡️西,,0,24.3,0,74,6.1,22.6,1010.6,180.1,0,9,0
2000-10,高知県,高知市,97.5,1.7,➡️西,,0,20.7,0,74,8.0,18.1,1015.6,135.5,0,1,0
2000-11,高知県,高知市,191.0,1.8,➡️西,,0,15.6,0,72,6.0,13.1,1018.9,125.7,0,2,0
2000-12,高知県,高知市,62.0,1.8,➡️西,,0,8.9,0,70,4.4,8.0,1019.7,178.6,0,1,0
2001-01,高知県,高知市,85.5,2.0,➡️西,,0,5.7,0,63,5.2,5.7,1017.7,177.7,1,0,0
2001-02,高知県,高知市,99.5,1.9,➡️西,,0,8.3,0,65,6.1,7.3,1019.1,153.0,2,0,0
2001-03,高知県,高知市,69.5,2.2,➡️西,,0,11.1,0,61,6.3,8.1,1012.6,194.6,3,0,0
2001-04,高知県,高知市,100.5,2.0,➡️西,,0,15.9,0,62,5.8,11.2,1014.6,220.8,0,0,0
2001-05,高知県,高知市,472.0,1.9,➡️西,,0,20.6,0,71,7.7,17.1,1009.9,167.7,0,4,0
2001-06,高知県,高知市,196.0,1.6,➡️西,,0,23.6,0,78,9.0,22.8,1008.1,115.0,0,3,0
2001-07,高知県,高知市,223.5,1.8,➡️西,,0,27.7,0,75,6.1,27.7,1009.1,216.1,0,4,0
2001-08,高知県,高知市,136.0,2.0,➡️西,,0,27.8,0,71,6.0,26.3,1007.6,226.3,0,3,0
2001-09,高知県,高知市,332.5,1.9,➡️西,,0,24.3,0,70,6.4,21.1,1010.9,171.7,0,1,0
2001-10,高知県,高知市,580.0,1.9,➡️西,,0,19.8,0,67,4.8,15.2,1015.6,198.8,0,2,0
2001-11,高知県,高知市,59.5,1.8,➡️西,,0,12.8,0,66,4.1,9.6,1017.8,192.6,0,0,0
2001-12,高知県,高知市,62.5,2.0,➡️西,,0,8.2,0,62,4.3,6.7,1021.5,195.7,0,0,0
2002-01,高知県,高知市,119.5,2.0,➡️西,,0,7.0,0,61,5.2,6.3,1016.5,170.4,3,1,0
2002-02,高知県,高知市,34.5,2.0,➡️西,,0,7.9,0,61,4.8,6.5,1019.6,178.1,2,0,0
2002-03,高知県,高知市,245.0,2.1,➡️西,,0,12.5,0,61,5.1,8.7,1015.5,226.5,0,0,0
2002-04,高知県,高知市,151.0,2.0,➡️西,,0,16.6,0,65,7.3,12.4,1015.5,141.7,0,2,0
2002-05,高知県,高知市,262.5,1.7,➡️西,,0,20.4,0,74,7.6,17.3,1010.8,157.3,0,2,0
2002-06,高知県,高知市,218.0,1.9,➡️西,,0,23.3,0,75,8.1,21.0,1007.6,180.7,0,1,0
2002-07,高知県,高知市,199.5,2.2,↖️南東,,0,27.6,0,77,8.0,28.3,1007.2,153.0,0,2,0
2002-08,高知県,高知市,247.0,2.1,➡️西,,0,27.6,0,72,6.9,26.2,1008.9,203.9,0,1,0
2002-09,高知県,高知市,377.5,1.9,➡️西,,0,24.5,0,69,6.9,21.2,1011.9,185.1,0,2,0
2002-10,高知県,高知市,65.0,1.8,➡️西,,0,18.7,0,67,5.4,14.5,1015.2,194.8,0,0,0
2002-11,高知県,高知市,50.0,2.0,➡️西,,0,11.1,0,62,4.6,8.1,1017.8,167.3,0,0,0
2002-12,高知県,高知市,88.5,1.7,➡️西,,0,9.1,0,65,6.2,7.7,1020.0,141.4,1,0,0
2003-01,高知県,高知市,74.0,2.0,➡️西,,0,5.9,3,59,4.7,5.4,1018.1,188.8,5,0,0
2003-02,高知県,高知市,67.0,1.9,➡️西,,0,8.5,0,59,5.2,6.6,1018.2,179.4,1,0,0
2003-03,高知県,高知市,152.5,1.9,➡️西,,0,10.4,0,57,6.6,7.2,1017.6,195.4,1,0,0
2003-04,高知県,高知市,230.5,1.8,➡️西,,0,16.8,0,68,7.3,13.2,1014.4,151.2,0,0,1
2003-05,高知県,高知市,471.0,1.8,➡️西,,0,20.0,0,73,7.7,16.9,1012.7,136.2,0,2,0
2003-06,高知県,高知市,310.5,1.6,➡️西,,0,22.9,0,77,8.4,21.3,1007.9,122.6,0,2,0
2003-07,高知県,高知市,273.5,1.5,➡️西,,0,25.8,0,75,8.4,24.7,1008.2,138.7,0,4,0
2003-08,高知県,高知市,513.5,1.8,➡️西,,0,27.5,0,75,7.5,27.2,1008.7,179.0,0,2,0
2003-09,高知県,高知市,303.5,1.9,➡️西,,0,25.8,0,68,5.8,22.7,1011.9,229.4,0,9,0
2003-10,高知県,高知市,175.5,1.8,➡️西,,0,18.5,0,64,4.8,13.5,1015.2,201.6,0,1,0
2003-11,高知県,高知市,279.5,1.7,➡️西,,0,16.6,0,71,6.4,13.6,1018.7,132.3,0,0,0
2003-12,高知県,高知市,53.0,1.9,➡️西,,0,9.0,0,59,3.6,6.7,1018.6,211.3,3,0,0
2004-01,高知県,高知市,12.0,1.9,➡️西,,0,6.2,0,53,4.0,5.0,1018.7,228.9,1,0,0
2004-02,高知県,高知市,82.5,1.9,➡️西,,0,8.7,0,55,4.3,6.2,1017.7,203.5,2,0,0
2004-03,高知県,高知市,182.5,1.8,➡️西,,0,11.2,0,59,6.3,8.0,1017.3,181.6,0,0,0
2004-04,高知県,高知市,330.5,2.0,➡️西,,0,16.8,0,59,5.1,11.4,1012.8,249.2,0,0,0
2004-05,高知県,高知市,286.5,1.6,➡️西,,0,20.8,0,76,7.8,18.6,1011.2,159.0,0,0,0
2004-06,高知県,高知市,379.0,1.9,➡️西,,0,24.0,0,75,7.9,22.3,1009.7,155.5,0,2,0
2004-07,高知県,高知市,218.5,1.9,➡️西,,0,28.5,0,72,6.3,27.4,1008.4,251.6,0,4,0
2004-08,高知県,高知市,576.0,2.0,➡️西,,0,27.6,0,79,7.6,29.0,1008.2,164.8,0,8,0
2004-09,高知県,高知市,501.5,1.9,➡️西,,0,25.7,0,79,8.3,26.0,1013.8,107.7,0,9,0
2004-10,高知県,高知市,367.5,1.8,➡️西,,0,20.0,0,67,5.4,15.7,1014.9,183.1,0,2,0
2004-11,高知県,高知市,270.5,1.7,➡️西,,0,15.1,0,69,3.8,11.8,1020.2,203.3,0,0,1
2004-12,高知県,高知市,190.0,1.6,↘️北西,,0,10.6,0,66,4.9,8.4,1019.8,176.2,0,0,0
2005-01,高知県,高知市,22.0,1.7,➡️西,,0,6.3,0,61,5.5,5.8,1016.8,183.3,1,0,0
2005-02,高知県,高知市,126.0,1.8,➡️西,,0,6.9,6,63,5.4,6.4,1018.0,147.8,2,0,0
2005-03,高知県,高知市,141.5,1.8,➡️西,,0,9.6,0,61,5.6,7.4,1016.6,197.5,1,0,0
2005-04,高知県,高知市,95.0,1.8,➡️西,,0,16.5,0,62,5.2,11.6,1014.9,232.0,0,1,0
2005-05,高知県,高知市,256.0,1.8,➡️西,,0,20.2,0,67,6.8,15.6,1010.2,231.9,0,0,0
2005-06,高知県,高知市,74.0,1.7,➡️西,,0,24.3,0,75,7.7,22.7,1007.1,172.9,0,1,0
2005-07,高知県,高知市,248.5,1.5,➡️西,,0,27.1,0,78,7.2,27.4,1007.3,173.6,0,4,0
2005-08,高知県,高知市,203.5,1.7,➡️西,,0,27.8,0,74,6.6,27.2,1009.3,220.9,0,6,0
2005-09,高知県,高知市,355.0,1.9,➡️西,,0,26.0,0,73,7.2,24.6,1013.5,172.7,0,1,0
2005-10,高知県,高知市,102.0,1.5,➡️西,,0,20.7,0,70,6.5,17.5,1016.0,163.9,0,1,0
2005-11,高知県,高知市,108.5,1.6,➡️西,,0,13.8,0,66,4.5,10.4,1017.8,187.8,0,0,0
2005-12,高知県,高知市,13.5,1.9,➡️西,,0,5.2,12,60,3.7,5.2,1018.4,218.7,7,0,0
2006-01,高知県,高知市,81.5,1.6,➡️西,,0,7.2,0,60,5.4,6.3,1019.9,169.3,2,0,0
2006-02,高知県,高知市,277.0,1.8,➡️西,,0,8.9,0,62,6.1,7.5,1020.2,152.0,3,1,0
2006-03,高知県,高知市,106.0,1.9,➡️西,,0,10.1,0,61,5.9,7.6,1014.1,187.6,1,1,0
2006-04,高知県,高知市,406.0,2.0,➡️西,,0,15.0,0,65,6.4,11.0,1010.9,161.8,0,1,0
2006-05,高知県,高知市,637.5,1.8,➡️西,,0,20.4,0,74,7.9,17.6,1012.8,147.2,0,2,0
2006-06,高知県,高知市,344.0,1.7,➡️西,,0,23.4,0,79,8.5,22.6,1008.4,134.9,0,1,0
2006-07,高知県,高知市,474.5,1.6,⬅️東,,0,27.3,0,84,8.5,30.2,1008.2,125.7,0,4,0
2006-08,高知県,高知市,157.5,1.9,➡️西,,0,28.4,0,77,6.4,29.4,1007.7,221.5,0,8,0
2006-09,高知県,高知市,550.5,1.7,➡️西,,0,24.9,0,72,7.0,22.6,1010.6,179.0,0,4,0
2006-10,高知県,高知市,31.0,1.8,➡️西,,0,21.4,0,67,5.5,16.8,1015.1,210.7,0,0,0
2006-11,高知県,高知市,82.0,1.7,➡️西,,0,15.2,0,66,6.1,11.3,1016.4,162.3,0,2,0
2006-12,高知県,高知市,65.0,1.7,➡️西,,0,9.9,0,67,5.2,8.2,1021.3,182.0,2,0,0
2007-01,高知県,高知市,15.5,1.7,➡️西,,0,8.2,1,60,5.7,6.5,1021.2,181.8,2,0,0
2007-02,高知県,高知市,143.5,1.7,➡️西,,0,10.0,0,61,4.9,7.5,1017.6,181.5,0,1,0
2007-03,高知県,高知市,116.0,1.9,➡️西,,0,11.3,0,57,5.6,7.9,1016.6,226.4,0,0,0
2007-04,高知県,高知市,71.0,1.8,➡️西,,0,15.3,0,62,6.8,10.7,1014.8,185.5,0,3,0
2007-05,高知県,高知市,147.0,1.8,➡️西,,0,19.9,0,63,5.9,14.3,1008.7,225.0,0,1,0
2007-06,高知県,高知市,84.5,1.6,➡️西,,0,23.4,0,77,7.7,22.0,1008.9,152.6,0,2,0
2007-07,高知県,高知市,705.5,1.7,➡️西,,0,26.1,0,81,7.6,27.1,1004.5,132.7,0,4,0
2007-08,高知県,高知市,111.0,1.8,➡️西,,0,28.4,0,76,6.4,29.2,1011.1,237.4,0,2,0
2007-09,高知県,高知市,273.0,1.7,➡️西,,0,26.9,0,77,7.4,26.9,1011.0,171.3,0,2,0
2007-10,高知県,高知市,106.5,1.5,➡️西,,0,20.9,0,71,6.2,17.6,1015.9,170.8,0,1,0
2007-11,高知県,高知市,13.5,1.6,➡️西,,0,14.7,0,63,5.4,10.5,1018.3,182.7,0,0,0
2007-12,高知県,高知市,72.0,1.6,➡️西,,0,9.4,0,66,5.5,7.8,1017.9,162.9,2,1,0
2008-01,高知県,高知市,110.5,1.6,➡️西,,0,7.1,0,65,5.6,6.6,1019.7,160.4,2,0,0
2008-02,高知県,高知市,47.5,1.9,➡️西,,0,6.2,0,56,4.8,5.2,1019.0,213.3,4,0,0
2008-03,高知県,高知市,211.5,1.9,➡️西,,0,11.7,0,62,4.9,8.5,1015.6,226.4,0,0,0
2008-04,高知県,高知市,219.0,1.8,➡️西,,0,16.1,0,63,6.5,11.5,1013.4,210.3,0,0,0
2008-05,高知県,高知市,463.5,1.8,➡️西,,0,20.0,0,70,6.9,16.3,1009.8,182.9,0,1,0
2008-06,高知県,高知市,367.5,1.5,➡️西,,0,22.9,0,79,8.8,22.0,1008.9,104.0,0,1,0
2008-07,高知県,高知市,40.5,1.7,➡️西,,0,27.9,0,75,6.2,28.1,1009.0,243.6,0,4,0
2008-08,高知県,高知市,167.5,1.6,➡️西,,0,27.9,0,76,7.0,28.1,1007.4,195.8,0,4,0
2008-09,高知県,高知市,176.5,1.5,➡️西,,0,25.3,0,75,7.1,24.2,1010.9,148.1,0,2,0
2008-10,高知県,高知市,291.0,1.5,➡️西,,0,19.8,0,74,6.2,16.9,1016.7,161.0,0,0,0
2008-11,高知県,高知市,111.0,1.6,➡️西,,0,13.4,0,68,6.2,10.5,1018.3,155.3,0,1,0
2008-12,高知県,高知市,24.5,1.7,➡️西,,0,9.3,0,67,4.3,7.8,1019.8,181.6,0,1,0
2009-01,高知県,高知市,78.5,1.8,➡️西,,0,6.8,0,64,5.4,6.4,1019.7,181.0,4,0,0
2009-02,高知県,高知市,176.0,1.7,➡️西,,0,10.1,0,66,6.1,8.4,1016.4,146.4,0,0,0
2009-03,高知県,高知市,240.0,1.8,➡️西,,0,11.4,0,61,6.2,8.2,1016.8,167.1,0,0,0
2009-04,高知県,高知市,126.0,1.9,↘️北西,,0,15.9,0,60,4.8,10.8,1013.9,241.4,0,0,0
2009-05,高知県,高知市,48.5,1.8,➡️西,,0,20.4,0,65,6.9,15.4,1011.1,208.6,0,0,0
2009-06,高知県,高知市,244.0,1.6,➡️西,,0,23.3,0,76,7.9,21.7,1006.8,156.0,0,1,0
2009-07,高知県,高知市,291.5,1.5,⬅️東,,0,26.5,0,83,8.8,28.7,1007.6,102.8,0,5,0
2009-08,高知県,高知市,228.0,1.6,➡️西,,0,27.6,0,75,6.6,27.6,1008.3,203.4,0,2,0
2009-09,高知県,高知市,76.0,1.6,➡️西,,0,25.0,0,70,5.9,22.0,1011.4,200.7,0,1,0
2009-10,高知県,高知市,158.0,1.6,➡️西,,0,19.4,0,68,5.3,15.2,1014.1,181.6,0,0,0
2009-11,高知県,高知市,349.0,1.6,➡️西,,0,14.7,0,71,6.2,12.1,1018.8,151.4,0,1,0
2009-12,高知県,高知市,47.0,1.7,➡️西,,0,9.1,0,63,4.4,7.4,1017.3,197.0,2,0,0
2010-01,高知県,高知市,30.0,1.6,➡️西,,0,6.5,0,59,4.2,5.8,1019.3,207.0,0,0,0
2010-02,高知県,高知市,192.5,1.6,➡️西,,0,9.8,0,65,6.1,8.6,1017.5,152.5,0,1,0
2010-03,高知県,高知市,246.5,1.7,➡️西,,0,11.4,0,68,6.9,9.5,1017.2,135.9,0,1,0
2010-04,高知県,高知市,491.0,1.8,➡️西,,0,14.8,0,69,7.5,11.7,1016.4,151.9,0,0,0
2010-05,高知県,高知市,395.5,1.8,➡️西,,0,19.4,0,69,7.3,15.5,1011.4,198.8,0,0,0
2010-06,高知県,高知市,502.0,1.6,➡️西,,0,23.3,0,80,8.3,23.1,1010.6,134.2,0,1,1
2010-07,高知県,高知市,444.5,1.5,↖️南東,,0,27.0,0,82,8.3,29.2,1010.3,165.1,0,4,0
2010-08,高知県,高知市,115.5,1.7,➡️西,,0,29.1,0,77,6.4,30.8,1013.3,249.9,0,3,0
2010-09,高知県,高知市,128.0,1.8,➡️西,,0,26.4,0,73,6.0,25.1,1012.3,220.8,0,2,0
2010-10,高知県,高知市,314.5,1.6,➡️西,,0,20.7,0,70,7.9,17.2,1014.7,129.9,0,1,0
2010-11,高知県,高知市,62.0,1.7,➡️西,,0,13.5,0,67,5.1,10.3,1018.1,182.5,0,1,0
2010-12,高知県,高知市,171.0,1.8,↘️北西,,0,8.7,0,66,4.1,7.6,1012.9,189.9,4,0,0
2011-01,高知県,高知市,0.0,1.7,↘️北西,,0,4.3,0,53,3.9,4.3,1019.0,223.5,4,0,0
2011-02,高知県,高知市,80.0,1.6,➡️西,,0,8.9,0,63,5.9,7.3,1018.0,168.5,3,0,0
2011-03,高知県,高知市,37.5,1.9,➡️西,,0,9.3,0,56,5.5,6.6,1017.8,215.1,3,0,0
2011-04,高知県,高知市,180.0,1.9,➡️西,,0,14.9,0,59,5.2,10.0,1014.2,227.9,0,1,0
2011-05,高知県,高知市,360.0,1.8,➡️西,,0,19.9,0,73,7.9,17.1,1011.4,157.6,0,0,0
2011-06,高知県,高知市,420.5,1.6,➡️西,,0,23.6,0,85,9.4,25.0,1009.4,98.3,0,5,0
2011-07,高知県,高知市,381.0,1.7,➡️西,,0,27.0,0,80,7.6,28.3,1007.3,169.0,0,5,0
2011-08,高知県,高知市,66.0,1.6,➡️西,,0,28.2,0,78,7.2,29.4,1009.5,207.2,0,0,0
2011-09,高知県,高知市,651.5,1.7,➡️西,,0,25.4,0,74,7.2,24.4,1008.9,160.9,0,0,0
2011-10,高知県,高知市,206.5,1.6,➡️西,,0,20.1,0,70,6.7,16.4,1016.9,166.0,0,1,0
2011-11,高知県,高知市,254.0,1.5,➡️西,,0,16.0,0,72,6.3,13.5,1020.2,132.0,0,0,0
2011-12,高知県,高知市,49.0,1.7,➡️西,,0,8.3,0,63,4.7,7.1,1020.7,200.3,0,0,0
2012-01,高知県,高知市,31.5,1.6,➡️西,,0,6.3,0,59,5.4,5.6,1019.3,191.9,4,0,0
2012-02,高知県,高知市,156.5,1.7,➡️西,,0,6.6,0,64,6.1,6.4,1018.0,159.4,3,0,0
2012-03,高知県,高知市,199.0,1.8,➡️西,,0,11.1,0,64,6.2,8.6,1016.1,168.0,1,0,1
2012-04,高知県,高知市,295.5,1.8,➡️西,,0,15.8,0,68,6.3,12.3,1014.3,195.0,0,0,0
2012-05,高知県,高知市,89.5,1.8,➡️西,,0,20.2,0,66,7.2,15.4,1010.0,190.8,0,2,0
2012-06,高知県,高知市,734.0,1.5,➡️西,,0,22.9,0,83,9.3,22.9,1007.4,90.2,0,0,0
2012-07,高知県,高知市,260.0,1.6,➡️西,,0,27.2,0,81,7.6,29.0,1008.3,185.0,0,7,0
2012-08,高知県,高知市,344.5,1.7,➡️西,,0,27.8,0,81,7.8,30.1,1010.9,164.6,0,10,0
2012-09,高知県,高知市,533.5,1.7,➡️西,,0,24.8,0,79,7.1,24.6,1012.3,164.2,0,9,0
2012-10,高知県,高知市,91.0,1.7,↘️北西,,0,19.8,0,67,4.9,15.2,1014.8,217.9,0,1,0
2012-11,高知県,高知市,136.5,1.7,➡️西,,0,12.4,0,69,5.3,9.9,1016.0,163.0,0,2,0
2012-12,高知県,高知市,113.5,1.8,➡️西,,0,7.1,0,67,4.7,6.9,1018.3,176.4,0,0,0
2013-01,高知県,高知市,39.0,1.8,➡️西,,0,5.8,0,58,4.4,5.3,1020.5,211.7,4,0,0
2013-02,高知県,高知市,132.5,1.7,➡️西,,0,7.8,0,62,5.7,6.6,1019.9,177.3,3,0,0
2013-03,高知県,高知市,82.5,1.8,➡️西,,0,12.7,0,63,5.7,9.5,1015.1,209.8,0,0,1
2013-04,高知県,高知市,243.0,2.1,➡️西,,0,14.8,0,60,5.1,10.2,1012.1,244.2,0,2,0
2013-05,高知県,高知市,177.5,2.0,➡️西,,0,19.9,0,67,6.1,15.6,1012.2,246.9,0,0,0
2013-06,高知県,高知市,306.5,1.6,➡️西,,0,23.2,0,80,8.4,22.6,1008.2,98.4,0,1,0
2013-07,高知県,高知市,113.5,1.7,↖️南東,,0,28.1,0,76,7.8,28.6,1009.1,210.6,0,3,0
2013-08,高知県,高知市,85.5,1.8,➡️西,,0,29.0,0,73,5.8,29.0,1007.6,245.0,0,5,0
2013-09,高知県,高知市,377.5,1.9,➡️西,,0,24.9,0,71,5.8,22.1,1012.5,193.7,0,3,0
2013-10,高知県,高知市,579.5,2.0,➡️西,,0,20.7,0,71,6.2,17.7,1015.4,169.5,0,0,0
2013-11,高知県,高知市,94.5,1.8,➡️西,,0,12.9,0,67,5.2,10.2,1017.8,173.0,0,0,0
2013-12,高知県,高知市,95.5,1.8,➡️西,,0,7.4,0,66,4.5,6.7,1017.5,192.8,1,2,0
2014-01,高知県,高知市,38.5,1.7,➡️西,,0,7.0,0,62,4.5,6.2,1020.7,215.7,2,0,2
2014-02,高知県,高知市,132.5,1.8,➡️西,,0,8.1,0,59,6.2,6.6,1019.1,149.8,1,0,0
2014-03,高知県,高知市,259.0,1.9,➡️西,,0,11.4,0,62,5.2,8.7,1017.3,212.5,1,0,0
2014-04,高知県,高知市,214.0,1.8,➡️西,,0,15.3,0,65,6.3,11.2,1015.9,192.3,0,1,1
2014-05,高知県,高知市,202.0,1.9,➡️西,,0,19.8,0,65,5.8,14.6,1011.6,259.3,0,1,0
2014-06,高知県,高知市,297.0,1.7,➡️西,,0,22.7,0,77,8.9,21.1,1005.9,123.9,0,2,0
2014-07,高知県,高知市,195.0,1.8,➡️西,,0,26.9,0,76,7.9,26.8,1008.5,188.5,0,4,0
2014-08,高知県,高知市,1561.0,1.8,➡️西,,0,26.6,0,84,9.5,29.0,1008.4,80.0,0,11,0
2014-09,高知県,高知市,319.0,1.7,➡️西,,0,23.9,0,71,7.5,21.0,1011.4,155.3,0,4,0
2014-10,高知県,高知市,259.0,1.9,➡️西,,0,20.3,0,67,6.5,16.0,1015.7,162.7,0,3,0
2014-11,高知県,高知市,72.5,1.6,➡️西,,0,14.9,0,68,5.6,11.5,1018.2,171.6,0,0,0
2014-12,高知県,高知市,109.0,1.9,➡️西,,0,6.7,0,64,4.5,6.3,1019.0,183.4,2,0,0
2015-01,高知県,高知市,123.0,1.8,➡️西,,0,7.2,0,60,5.2,6.1,1018.9,192.0,3,2,0
2015-02,高知県,高知市,72.5,1.9,➡️西,,0,7.3,0,58,4.7,6.0,1018.1,187.4,0,0,0
2015-03,高知県,高知市,254.0,1.8,➡️西,,0,11.2,0,66,5.7,9.1,1018.2,204.4,0,0,0
2015-04,高知県,高知市,270.0,1.7,➡️西,,0,17.2,0,74,7.8,14.7,1015.1,133.6,0,1,0
2015-05,高知県,高知市,185.5,1.8,➡️西,,0,20.7,0,70,6.9,17.0,1010.1,229.9,0,1,0
2015-06,高知県,高知市,314.5,1.5,➡️西,,0,22.3,0,83,9.0,22.0,1007.4,102.5,0,0,2
2015-07,高知県,高知市,478.5,1.8,➡️西,,0,26.2,0,85,8.3,28.6,1008.4,131.0,0,1,0
2015-08,高知県,高知市,325.5,1.7,➡️西,,0,27.6,0,78,6.5,28.8,1007.9,192.6,0,1,0
2015-09,高知県,高知市,376.0,1.6,➡️西,,0,23.9,0,72,7.3,20.6,1010.8,156.9,0,0,0
2015-10,高知県,高知市,54.0,1.8,➡️西,,0,19.1,0,60,3.3,13.0,1016.1,245.7,0,0,0
2015-11,高知県,高知市,198.0,1.6,➡️西,,0,16.2,0,76,7.0,14.3,1020.1,132.9,0,0,0
2015-12,高知県,高知市,315.0,1.7,➡️西,,0,10.9,0,67,4.6,8.8,1020.7,189.5,0,0,0
2016-01,高知県,高知市,73.5,1.7,➡️西,,0,7.1,0,65,6.0,6.6,1019.4,154.6,4,0,0
2016-02,高知県,高知市,219.0,1.8,➡️西,,0,8.3,0,58,5.2,6.6,1020.8,184.6,1,2,0
2016-03,高知県,高知市,149.0,1.8,➡️西,,0,12.0,0,59,5.4,8.4,1018.9,210.7,1,1,0
2016-04,高知県,高知市,313.5,1.7,➡️西,,0,17.4,0,72,7.2,14.1,1013.1,170.8,0,0,0
2016-05,高知県,高知市,313.5,1.9,➡️西,,0,20.8,0,73,7.6,17.7,1012.7,214.0,0,1,0
2016-06,高知県,高知市,492.0,1.5,➡️西,,0,23.4,0,81,8.5,23.4,1008.4,110.0,0,3,0
2016-07,高知県,高知市,173.5,1.7,↖️南東,,0,27.5,0,78,7.8,28.4,1009.7,201.1,0,1,0
2016-08,高知県,高知市,109.5,1.9,➡️西,,0,28.7,0,72,5.0,28.1,1004.2,275.8,0,2,0
2016-09,高知県,高知市,579.5,1.5,➡️西,,0,25.8,0,82,8.9,27.0,1011.3,93.4,0,4,0
2016-10,高知県,高知市,164.0,1.5,➡️西,,0,21.9,0,71,7.6,19.0,1016.1,131.9,0,2,0
2016-11,高知県,高知市,100.0,1.6,➡️西,,0,14.7,0,70,5.1,11.7,1018.7,176.8,0,0,0
2016-12,高知県,高知市,136.0,1.7,➡️西,,0,9.9,0,70,5.2,8.7,1020.6,173.0,0,0,0
2017-01,高知県,高知市,23.0,1.8,➡️西,,0,7.1,0,59,4.5,5.9,1019.6,205.6,1,0,0
2017-02,高知県,高知市,63.5,1.9,➡️西,,0,7.5,0,56,4.6,5.7,1018.4,186.5,2,0,0
2017-03,高知県,高知市,52.5,1.9,➡️西,,0,10.2,0,57,6.6,6.9,1016.2,203.6,0,0,0
2017-04,高知県,高知市,293.5,1.7,➡️西,,0,16.3,0,66,6.3,12.3,1013.0,183.7,0,3,2
2017-05,高知県,高知市,127.5,1.7,➡️西,,0,20.4,0,67,6.5,15.9,1012.5,233.9,0,0,0
2017-06,高知県,高知市,344.0,1.7,➡️西,,0,22.9,0,72,8.4,19.8,1008.4,183.8,0,1,0
2017-07,高知県,高知市,181.5,1.6,➡️西,,0,27.8,0,81,8.3,30.1,1009.3,174.7,0,5,0
2017-08,高知県,高知市,208.5,1.8,➡️西,,0,28.9,0,76,6.9,30.0,1006.3,220.6,0,2,0
2017-09,高知県,高知市,207.5,1.7,➡️西,,0,24.2,0,74,7.5,21.9,1010.6,147.2,0,1,0
2017-10,高知県,高知市,428.5,1.7,➡️西,,0,19.6,0,77,7.0,17.8,1016.0,123.0,0,0,0
2017-11,高知県,高知市,54.5,1.5,➡️西,,0,12.9,0,72,6.0,10.9,1019.6,160.8,0,0,0
2017-12,高知県,高知市,37.5,1.7,➡️西,,0,6.8,0,63,4.5,6.2,1020.7,194.9,0,0,0
2018-01,高知県,高知市,96.5,1.7,➡️西,,0,5.4,0,65,4.3,6.0,1018.7,208.2,1,0,2
2018-02,高知県,高知市,108.0,1.7,➡️西,,0,5.8,2,62,5.5,5.8,1019.5,183.0,2,0,0
2018-03,高知県,高知市,226.0,1.8,➡️西,,0,12.9,0,66,4.8,9.9,1017.3,220.5,0,1,0
2018-04,高知県,高知市,201.0,1.8,➡️西,,0,17.3,0,67,5.2,13.3,1015.4,230.8,0,0,0
2018-05,高知県,高知市,275.5,1.8,➡️西,,0,20.1,0,72,7.1,16.8,1012.0,189.9,0,0,0
2018-06,高知県,高知市,355.0,1.7,➡️西,,0,23.4,0,80,7.7,23.0,1008.4,163.3,0,2,0
2018-07,高知県,高知市,630.5,2.0,↖️南東,,0,28.0,0,81,7.3,30.1,1009.3,198.2,0,2,0
2018-08,高知県,高知市,250.5,1.9,➡️西,,0,28.6,0,77,6.1,29.7,1008.4,228.9,0,5,0
2018-09,高知県,高知市,712.5,1.7,➡️西,,0,24.5,0,82,8.1,25.1,1011.0,118.6,0,3,0
2018-10,高知県,高知市,84.0,1.8,➡️西,,0,19.2,0,71,5.7,16.0,1015.9,203.8,0,0,0
2018-11,高知県,高知市,68.0,1.6,➡️西,,0,14.1,0,69,4.6,11.1,1020.2,187.9,0,1,0
2018-12,高知県,高知市,85.0,1.5,➡️西,,0,9.9,0,70,6.5,8.9,1021.4,131.9,2,0,0
2019-01,高知県,高知市,23.5,1.6,➡️西,,0,7.3,0,62,4.3,6.2,1020.3,184.0,1,0,0
2019-02,高知県,高知市,81.0,1.6,➡️西,,0,9.3,0,65,6.7,7.6,1019.5,156.2,0,0,0
2019-03,高知県,高知市,144.0,1.8,➡️西,,0,11.7,0,63,6.1,8.6,1014.8,205.9,0,1,0
2019-04,高知県,高知市,207.0,1.9,➡️西,,0,15.5,0,65,6.2,11.8,1013.5,216.6,0,0,0
2019-05,高知県,高知市,184.0,1.9,➡️西,,0,20.1,0,67,6.1,15.6,1012.6,239.1,0,3,0
2019-06,高知県,高知市,385.0,1.7,➡️西,,0,23.1,0,79,7.9,22.3,1006.6,173.4,0,4,2
2019-07,高知県,高知市,472.5,1.6,➡️西,,0,25.9,0,86,8.7,28.6,1007.8,114.6,0,3,0
2019-08,高知県,高知市,280.5,1.8,➡️西,,0,27.7,0,81,7.9,29.9,1007.4,154.8,0,2,0
2019-09,高知県,高知市,224.0,1.8,➡️西,,0,26.4,0,76,6.6,26.2,1013.2,177.9,0,1,0
2019-10,高知県,高知市,400.0,1.8,➡️西,,0,21.9,0,71,6.3,18.6,1014.3,173.4,0,1,0
2019-11,高知県,高知市,20.5,1.6,➡️西,,0,14.4,0,69,4.3,11.2,1019.0,191.0,0,0,0
2019-12,高知県,高知市,116.5,1.6,➡️西,,0,10.3,0,70,5.7,8.8,1021.1,147.8,0,1,0
2020-01,高知県,高知市,153.0,1.6,↘️北西,,0,9.2,0,67,5.6,7.9,1018.1,167.1,0,1,0
2020-02,高知県,高知市,99.5,1.8,➡️西,,0,9.0,0,65,1.1,7.5,1021.4,199.5,3,0,0
2020-03,高知県,高知市,175.0,1.7,↘️北西,,0,12.3,0,68,0,9.8,1015.1,190.6,0,0,1
2020-04,高知県,高知市,173.5,2.0,➡️西,,0,14.4,0,58,0,9.5,1014.4,265.6,0,0,0
2020-05,高知県,高知市,307.0,1.7,➡️西,,0,20.5,0,72,0,17.2,1011.0,219.7,0,2,0
2020-06,高知県,高知市,440.5,1.6,➡️西,,0,24.0,0,80,0,23.8,1007.4,150.4,0,2,0
2020-07,高知県,高知市,951.5,1.6,⬅️東,,0,25.8,0,86,0,28.5,1008.5,120.3,0,12,0
2020-08,高知県,高知市,92.0,1.8,↖️南東,,0,29.2,0,77,0,31.0,1011.0,269.5,0,14,0
2020-09,高知県,高知市,454.5,1.8,➡️西,,0,25.1,0,78,0,24.8,1010.4,135.4,0,10,0
2020-10,高知県,高知市,273.0,1.6,↘️北西,,0,19.6,0,69,0,15.7,1015.8,202.5,0,0,0
2020-11,高知県,高知市,94.5,1.5,↘️北西,,0,15.5,0,71,0,12.7,1021.2,175.3,0,2,0
2020-12,高知県,高知市,24.5,1.7,↘️北西,,0,8.7,0,62,0,7.1,1020.4,214.2,0,0,1
2021-01,高知県,高知市,76.0,1.6,↘️北西,,0,6.9,0,63,0,6.6,1020.1,206.1,4,0,0
2021-02,高知県,高知市,82.0,1.9,↘️北西,,0,9.6,0,60,0,7.2,1018.2,201.2,3,0,0
2021-03,高知県,高知市,286.0,1.7,↘️北西,,0,13.9,0,68,0,10.8,1017.5,182.1,1,1,2
2021-04,高知県,高知市,252.5,1.8,↘️北西,,0,15.9,0,66,0,11.8,1017.3,214.1,0,1,1
2021-05,高知県,高知市,411.0,1.7,➡️西,,0,19.6,0,79,0,18.0,1010.2,149.5,0,1,0
2021-06,高知県,高知市,369.5,1.6,↘️北西,,0,23.0,0,81,0,22.6,1008.8,126.6,0,2,0
2021-07,高知県,高知市,208.0,1.6,↘️北西,,0,26.8,0,81,0,28.2,1009.6,214.2,0,8,0
2021-08,高知県,高知市,841.0,1.8,↘️北西,,0,27.2,0,83,0,29.6,1009.4,157.3,0,11,0
2021-09,高知県,高知市,246.5,1.6,➡️西,,0,25.4,0,79,0,25.5,1012.2,118.5,0,4,0
2021-10,高知県,高知市,88.5,1.7,↘️北西,,0,20.8,0,68,0,17.1,1017.9,221.2,0,2,2
2021-11,高知県,高知市,229.5,1.7,↘️北西,,0,13.8,0,68,0,10.6,1017.5,191.6,0,1,0
2021-12,高知県,高知市,30.5,1.8,↘️北西,,0,8.8,0,63,0,7.2,1019.9,229.0,2,0,0
2022-01,高知県,高知市,32.0,1.5,↘️北西,,0,6.5,0,60,0,5.8,1019.1,200.7,2,0,0
2022-02,高知県,高知市,37.0,1.8,↘️北西,,0,6.4,0,57,0,5.4,1020.2,197.9,3,0,0
2022-03,高知県,高知市,159.0,1.7,↘️北西,,0,12.8,0,67,0,10.1,1015.8,198.4,0,0,0
2022-04,高知県,高知市,138.0,1.7,➡️西,,0,17.1,0,70,0,14.1,1015.6,202.2,0,2,1
2022-05,高知県,高知市,174.0,1.6,➡️西,,0,19.7,0,72,0,16.3,1012.2,194.0,0,0,0
2022-06,高知県,高知市,212.0,1.6,↘️北西,,0,23.7,0,80,0,23.4,1009.6,148.2,0,4,0
2022-07,高知県,高知市,646.5,1.6,↖️南東,,0,27.4,0,82,0,29.4,1007.2,162.7,0,11,0
2022-08,高知県,高知市,128.5,1.7,➡️西,,0,29.1,0,77,0,30.8,1008.3,212.4,0,10,0
2022-09,高知県,高知市,293.0,2.0,➡️西,,0,26.5,0,77,0,26.7,1010.3,162.0,0,8,0
2022-10,高知県,高知市,40.0,1.6,➡️西,,0,19.8,0,68,0,15.7,1018.0,210.3,0,0,0
2022-11,高知県,高知市,117.5,1.5,➡️西,,0,15.8,0,73,0,13.0,1018.2,192.8,0,2,0
2022-12,高知県,高知市,48.0,1.6,➡️西,,0,7.5,18,67,0,6.9,1019.2,189.2,3,0,0
2023-01,高知県,高知市,52.0,1.6,➡️西,,0,6.9,0,65,0,6.6,1019.8,201.0,4,0,0
2023-02,高知県,高知市,46.0,1.6,↘️北西,,0,8.5,0,64,0,7.2,1021.7,164.5,4,0,0
2023-03,高知県,高知市,169.5,2.3,➡️西,,0,13.8,0,71,0,11.3,1019.0,193.0,0,3,0
2023-04,高知県,高知市,464.0,3.0,➡️西,,0,16.7,0,68,0,12.8,1014.7,189.1,0,1,1
2023-05,高知県,高知市,327.5,2.5,⬆️南,,0,19.9,0,73,0,16.9,1013.6,211.0,0,3,0
2023-06,高知県,高知市,419.0,2.3,➡️西,,0,23.0,0,82,0,23.0,1008.6,124.7,0,6,1
2023-07,高知県,高知市,168.5,2.3,⬆️南,,0,27.6,0,81,0,29.7,1010.8,202.9,0,10,0
2023-08,高知県,高知市,751.0,3.1,➡️西,,0,28.2,0,82,0,31.1,1006.7,159.7,0,20,0
2023-09,高知県,高知市,199.5,2.5,➡️西,,0,27.0,0,77,0,27.2,1011.5,182.8,0,6,0
2023-10,高知県,高知市,30.0,2.6,➡️西,,0,19.6,0,64,0,14.4,1015.5,219.2,0,2,0
2023-11,高知県,高知市,96.0,2.7,➡️西,,0,14.4,0,71,0,12.0,1018.8,200.3,0,3,0
2023-12,高知県,高知市,60.0,2.7,➡️西,,0,9.4,0,69,0,8.4,1021.4,200.8,0,0,0
2024-01,高知県,高知市,15.0,2.9,➡️西,,0,8.3,0,62,0,6.9,1020.0,216.4,1,0,0
2024-02,高知県,高知市,153.0,2.5,➡️西,,0,10.5,0,70,0,9.2,1020.2,134.5,1,2,0
2024-03,高知県,高知市,249.0,3.0,➡️西,,0,11.3,0,64,0,8.9,1015.7,197.8,2,3,0
2024-04,高知県,高知市,244.0,2.4,➡️西,,0,18.1,0,77,0,15.9,1013.3,135.9,0,1,1
2024-05,高知県,高知市,505.5,2.8,➡️西,,0,20.0,0,72,0,16.7,1013.4,198.3,0,1,0
2024-06,高知県,高知市,366.5,2.4,➡️西,,0,23.2,0,80,0,22.9,1009.2,162.0,0,0,0
2024-07,高知県,高知市,223.5,2.2,⬆️南,,0,28.8,0,81,0,31.4,1010.0,231.1,0,11,0
2024-08,高知県,高知市,371.5,2.7,⬆️南,,0,29.7,0,77,0,31.9,1006.5,261.8,0,16,0
2024-09,高知県,高知市,117.0,2.5,➡️西,,0,27.7,0,76,0,28.2,1012.2,218.9,0,8,0
2024-10,高知県,高知市,199.0,2.3,➡️西,,0,22.6,0,77,0,21.0,1016.5,139.1,0,0,0
2024-11,高知県,高知市,133.0,2.7,➡️西,,0,15.9,0,69,0,12.8,1018.2,183.8,0,1,0
2024-12,高知県,高知市,0.0,2.9,➡️西,,0,8.2,0,62,0,6.6,1018.6,229.4,2,0,0
2025-01,高知県,高知市,17.5,2.8,➡️西,,0,6.6,0,60,0,5.8,1020.0,236.4,5,0,0
2025-02,高知県,高知市,28.5,2.9,➡️西,,0,5.7,0,59,0,5.4,1019.2,198.0,7,0,0
2025-03,高知県,高知市,181.5,2.9,➡️西,,0,12.3,0,66,0,9.7,1015.9,175.7,3,3,0
2025-04,高知県,高知市,182.5,2.6,➡️西,,0,16.3,0,69,0,13.0,1012.0,213.2,0,5,0
2025-05,高知県,高知市,189.0,2.9,➡️西,,0,18.1,0,69,0,14.0,1010.2,77.1,0,1,0
1986-05,広島県,広島市,266.0,2.1,↙️北東,,0,17.6,0,75,6.7,15.1,1006.2,159.5,0,1,0
1986-06,広島県,広島市,361.0,2.1,↙️北東,,0,22.0,0,78,7.1,20.4,1005.0,156.5,0,1,2
1986-07,広島県,広島市,252.0,1.9,↗️南西,,0,24.9,0,83,7.3,26.3,1006.1,161.2,0,5,2
1986-08,広島県,広島市,53.5,2.4,↙️北東,,0,27.1,0,75,5.0,26.8,1004.4,251.4,0,2,0
1986-09,広島県,広島市,128.0,2.7,↙️北東,,0,22.8,0,75,6.1,21.0,1008.6,175.6,0,1,0
1986-10,広島県,広島市,51.5,3.0,↙️北東,,0,15.7,0,72,5.0,12.9,1015.4,189.5,0,2,0
1986-11,広島県,広島市,17.5,2.9,↙️北東,,0,11.5,0,71,6.0,9.5,1018.8,150.9,0,0,2
1986-12,広島県,広島市,53.5,3.0,↙️北東,,0,7.9,0,73,5.1,7.7,1018.0,143.3,2,0,1
1987-01,広島県,広島市,46.5,2.9,↙️北東,,0,5.4,3,68,5.7,6.1,1018.0,157.0,7,0,2
1987-02,広島県,広島市,32.5,3.2,↙️北東,,0,6.1,0,67,5.7,6.4,1015.6,155.7,8,0,0
1987-03,広島県,広島市,182.5,2.8,↙️北東,,0,8.2,1,74,6.7,8.2,1013.0,146.2,3,0,4
1987-04,広島県,広島市,72.0,2.8,↙️北東,,0,13.0,0,67,6.1,10.1,1014.0,198.0,0,0,3
1987-05,広島県,広島市,178.5,2.4,↙️北東,,0,18.2,0,72,6.2,15.3,1010.5,212.4,0,0,1
1987-06,広島県,広島市,268.5,2.6,↙️北東,,0,22.4,0,70,6.0,18.8,1005.6,222.2,0,1,0
1987-07,広島県,広島市,390.5,2.2,↗️南西,,0,25.4,0,85,8.2,27.4,1004.7,119.6,0,1,1
1987-08,広島県,広島市,240.5,2.1,↗️南西,,0,26.5,0,80,7.7,27.6,1006.2,178.7,0,7,0
1987-09,広島県,広島市,220.5,3.0,⬇️北,,0,22.4,0,72,6.1,19.8,1009.9,187.4,0,2,0
1987-10,広島県,広島市,143.0,3.2,↙️北東,,0,18.7,0,72,6.0,15.6,1014.1,180.1,0,2,0
1987-11,広島県,広島市,84.5,2.8,↙️北東,,0,12.6,0,73,5.3,10.6,1017.4,160.3,0,0,1
1987-12,広島県,広島市,10.0,2.7,↙️北東,,0,7.5,3,71,4.0,7.3,1019.1,186.2,2,0,1
1988-01,広島県,広島市,23.5,4.1,↙️北東,,0,6.0,4,67,6.0,6.3,1014.3,131.2,6,1,3
1988-02,広島県,広島市,40.0,4.1,↙️北東,,0,5.0,0,60,6.9,5.2,1015.8,148.3,10,0,1
1988-03,広島県,広島市,128.5,4.3,↙️北東,,0,8.1,0,62,7.3,6.7,1011.7,139.4,6,1,0
1988-04,広島県,広島市,160.0,4.0,⬇️北,,0,13.6,0,58,5.4,9.2,1009.8,209.1,0,0,0
1988-05,広島県,広島市,176.0,3.8,⬇️北,,0,18.3,0,65,6.2,13.5,1005.6,215.8,0,2,1
1988-06,広島県,広島市,374.5,3.1,↙️北東,,0,22.8,0,73,7.5,20.2,1000.9,162.7,0,2,0
1988-07,広島県,広島市,142.0,2.9,⬇️北,,0,26.8,0,76,8.3,26.6,1001.4,146.5,0,2,2
1988-08,広島県,広島市,12.5,3.6,↙️北東,,0,27.4,0,70,6.9,25.5,1001.5,183.6,0,3,0
1988-09,広島県,広島市,175.5,4.0,↙️北東,,0,24.2,0,71,6.8,21.4,1005.1,163.4,0,2,0
1988-10,広島県,広島市,66.0,4.5,↙️北東,,0,17.5,0,67,5.1,13.2,1010.1,192.6,0,0,0
1988-11,広島県,広島市,16.5,4.3,↙️北東,,0,10.3,0,67,4.5,8.3,1011.7,187.7,1,2,2
1988-12,広島県,広島市,7.0,4.2,↙️北東,,0,6.5,1,67,4.7,6.4,1016.4,180.8,3,0,1
1989-01,広島県,広島市,120.5,4.2,↙️北東,,0,7.4,4,70,6.8,7.3,1015.7,125.6,3,0,2
1989-02,広島県,広島市,158.0,4.0,↙️北東,,0,7.1,0,69,7.0,7.0,1014.3,118.7,4,0,2
1989-03,広島県,広島市,83.5,4.4,⬇️北,,0,9.0,0,62,5.8,7.2,1011.2,189.0,1,0,0
1989-04,広島県,広島市,36.5,4.2,↙️北東,,0,15.3,0,58,5.9,10.1,1007.8,216.9,0,0,1
1989-05,広島県,広島市,172.0,3.3,⬇️北,,0,18.5,0,71,7.3,15.0,1005.5,172.6,0,4,0
1989-06,広島県,広島市,144.5,3.6,↙️北東,,0,22.1,0,69,7.3,18.3,1003.2,168.6,0,0,0
1989-07,広島県,広島市,187.5,3.6,↗️南西,,0,26.8,0,69,7.1,24.4,1004.3,208.4,0,3,0
1989-08,広島県,広島市,174.5,3.9,↙️北東,,0,27.4,0,72,7.1,26.0,1001.2,193.8,0,4,0
1989-09,広島県,広島市,345.5,3.7,⬇️北,,0,24.1,0,76,8.4,23.1,1006.0,132.5,0,3,0
1989-10,広島県,広島市,28.5,4.9,↙️北東,,0,17.2,0,64,4.7,12.3,1011.5,221.3,0,0,0
1989-11,広島県,広島市,117.0,4.5,↙️北東,,0,13.0,0,67,6.4,10.4,1015.8,155.5,0,1,0
1989-12,広島県,広島市,13.0,4.2,↙️北東,,0,8.0,0,67,5.2,7.1,1014.7,177.1,3,1,0
1990-01,広島県,広島市,92.0,3.8,↙️北東,,0,4.8,2,71,7.6,6.1,1017.0,115.5,11,0,2
1990-02,広島県,広島市,100.0,4.1,↙️北東,,0,8.6,0,69,7.7,7.7,1017.1,99.2,1,1,1
1990-03,広島県,広島市,91.0,4.4,↙️北東,,0,10.3,0,66,6.0,8.4,1012.7,182.0,2,0,1
1990-04,広島県,広島市,164.5,4.0,⬇️北,,0,14.4,0,62,6.4,10.3,1008.2,196.4,0,1,0
1990-05,広島県,広島市,184.5,3.4,⬇️北,,0,19.1,0,63,7.7,13.9,1007.7,215.0,0,0,0
1990-06,広島県,広島市,312.0,3.5,↗️南西,,0,24.0,0,72,7.3,21.6,1003.4,195.4,0,0,0
1990-07,広島県,広島市,144.0,3.2,↗️南西,,0,28.1,0,72,6.5,27.3,1002.2,231.1,0,6,0
1990-08,広島県,広島市,143.0,4.0,⬇️北,,0,29.2,0,68,4.8,27.4,1001.8,281.4,0,3,0
1990-09,広島県,広島市,298.0,4.4,↙️北東,,0,24.9,0,73,7.8,23.0,1006.9,128.6,0,5,0
1990-10,広島県,広島市,194.5,4.4,↙️北東,,0,18.2,0,72,6.3,15.1,1011.6,159.2,0,1,0
1990-11,広島県,広島市,99.5,4.5,↙️北東,,0,14.2,0,72,5.2,11.6,1013.9,163.6,0,0,1
1990-12,広島県,広島市,26.0,4.3,⬇️北,,0,7.9,4,68,6.2,7.2,1015.2,145.3,2,0,0
1991-01,広島県,広島市,48.5,3.8,⬇️北,,0,5.6,0,64,7.4,5.9,1014.9,122.2,12,0,1
1991-02,広島県,広島市,95.0,4.1,↙️北東,,0,5.0,3,67,6.8,5.9,1013.3,132.3,8,0,1
1991-03,広島県,広島市,199.0,4.1,↙️北東,,0,10.2,2,69,6.5,8.7,1012.7,142.8,1,0,0
1991-04,広島県,広島市,191.5,4.0,↙️北東,,0,15.2,0,67,6.4,11.8,1009.5,174.6,0,0,1
1991-05,広島県,広島市,108.5,3.4,⬇️北,,0,18.3,0,71,7.2,15.2,1006.9,138.1,0,0,2
1991-06,広島県,広島市,245.0,2.8,↗️南西,,0,23.6,0,81,8.6,23.4,1001.9,87.5,0,4,1
1991-07,広島県,広島市,462.5,3.4,↗️南西,,0,26.9,0,80,8.4,28.0,1001.6,133.6,0,10,0
1991-08,広島県,広島市,46.0,4.0,↙️北東,,0,27.7,0,69,6.6,25.6,1000.0,183.2,0,1,0
1991-09,広島県,広島市,106.5,4.2,↙️北東,,0,25.2,0,69,6.7,21.9,1005.3,160.9,0,4,0
1991-10,広島県,広島市,22.5,4.9,↙️北東,,0,18.4,0,64,5.9,13.7,1008.2,154.5,0,0,0
1991-11,広島県,広島市,46.5,4.5,↙️北東,,0,12.2,0,64,4.9,9.2,1016.1,174.9,0,0,1
1991-12,広島県,広島市,56.0,4.2,↙️北東,,0,8.9,0,71,6.0,8.3,1016.0,136.6,4,0,1
1992-01,広島県,広島市,57.0,4.1,⬇️北,,0,6.5,0,70,6.4,6.8,1015.0,109.8,2,0,0
1992-02,広島県,広島市,46.0,3.6,⬇️北,,0,6.2,1,65,6.2,6.2,1012.6,141.1,3,0,2
1992-03,広島県,広島市,210.0,4.2,↙️北東,,0,10.1,0,69,8.2,8.5,1013.2,99.1,0,0,3
1992-04,広島県,広島市,115.0,4.0,⬇️北,,0,15.3,0,62,5.9,10.7,1006.1,192.9,0,1,1
1992-05,広島県,広島市,96.5,3.8,↙️北東,,0,18.2,0,64,6.2,13.2,1005.1,192.6,0,2,2
1992-06,広島県,広島市,125.0,3.6,↙️北東,,0,22.2,0,67,7.4,17.5,1002.6,179.4,0,1,0
1992-07,広島県,広島市,161.5,3.0,↗️南西,,0,26.4,0,75,7.2,25.8,1003.2,186.2,0,4,0
1992-08,広島県,広島市,268.0,3.6,↙️北東,,0,27.7,0,77,7.6,28.0,1002.6,140.5,0,4,0
1992-09,広島県,広島市,82.0,4.1,↙️北東,,0,24.1,0,68,6.3,20.6,1006.4,175.8,0,1,0
1992-10,広島県,広島市,64.5,4.4,↙️北東,,0,18.2,0,67,5.3,14.0,1011.3,201.6,0,0,0
1992-11,広島県,広島市,43.5,4.5,↙️北東,,0,12.3,0,69,5.5,10.0,1016.0,143.7,2,0,1
1992-12,広島県,広島市,61.0,3.8,⬇️北,,0,8.2,0,70,6.3,7.7,1015.9,116.6,5,2,3
1993-01,広島県,広島市,54.5,3.5,↙️北東,,0,6.5,2,71,6.5,6.9,1014.5,99.0,6,0,0
1993-02,広島県,広島市,63.0,3.9,⬇️北,,0,6.8,3,67,5.9,6.6,1012.5,126.2,6,0,1
1993-03,広島県,広島市,87.5,4.1,⬇️北,,0,8.4,1,61,6.0,6.7,1012.6,170.2,4,1,1
1993-04,広島県,広島市,60.5,4.1,⬇️北,,0,14.2,0,58,5.7,9.6,1008.4,213.5,0,0,0
1993-05,広島県,広島市,157.5,3.4,⬇️北,,0,18.5,0,67,7.1,14.0,1006.2,179.1,0,0,0
1993-06,広島県,広島市,361.5,3.1,↗️南西,,0,22.4,0,76,8.0,20.7,1001.2,125.6,0,3,1
1993-07,広島県,広島市,645.5,3.4,⬇️北,,0,25.2,0,78,8.1,24.7,1001.0,122.1,0,3,1
1993-08,広島県,広島市,461.5,3.2,⬇️北,,0,25.7,0,79,7.4,25.8,1002.0,120.3,0,4,1
1993-09,広島県,広島市,202.0,3.9,⬇️北,,0,22.9,0,72,7.7,20.0,1006.7,130.6,0,3,0
1993-10,広島県,広島市,96.0,4.3,⬇️北,,0,16.9,0,67,5.9,12.8,1012.5,175.8,0,0,1
1993-11,広島県,広島市,148.5,4.0,⬇️北,,0,13.2,0,74,6.6,11.5,1015.9,88.7,1,0,1
1993-12,広島県,広島市,52.5,4.0,⬇️北,,0,7.8,0,67,6.2,7.1,1016.2,147.9,3,1,0
1994-01,広島県,広島市,37.0,3.6,⬇️北,,0,5.5,10,69,6.6,6.2,1013.5,133.1,7,0,1
1994-02,広島県,広島市,87.0,4.0,⬇️北,,0,6.0,6,65,7.1,6.0,1010.3,119.1,10,1,0
1994-03,広島県,広島市,89.5,4.0,⬇️北,,0,7.9,0,62,6.0,6.5,1013.8,178.6,3,0,1
1994-04,広島県,広島市,215.5,3.6,⬇️北,,0,15.9,0,62,6.8,11.2,1008.8,180.3,0,2,2
1994-05,広島県,広島市,137.0,3.8,⬇️北,,0,20.0,0,61,6.5,14.2,1004.3,213.4,0,0,0
1994-06,広島県,広島市,127.5,3.3,⬇️北,,0,23.2,0,70,7.7,19.8,1002.3,157.0,0,0,1
1994-07,広島県,広島市,27.0,3.7,⬇️北,,0,30.1,0,66,4.5,27.8,1001.0,300.5,0,4,0
1994-08,広島県,広島市,21.5,3.9,↗️南西,,0,29.8,0,66,4.0,27.0,1005.5,262.6,0,2,0
1994-09,広島県,広島市,61.5,4.5,⬇️北,,0,25.4,0,64,5.5,20.7,1003.2,206.0,0,2,0
1994-10,広島県,広島市,58.5,4.6,⬇️北,,0,19.4,0,65,5.5,14.6,1011.5,196.4,0,0,0
1994-11,広島県,広島市,42.5,4.3,⬇️北,,0,14.0,0,68,4.9,11.0,1017.3,160.9,0,1,1
1994-12,広島県,広島市,17.0,3.8,⬇️北,,0,8.7,0,67,6.5,7.6,1016.8,131.8,2,0,0
1995-01,広島県,広島市,30.5,3.7,⬇️北,,0,5.2,0,66,6.2,5.9,1014.0,142.4,8,0,0
1995-02,広島県,広島市,30.5,3.7,⬇️北,,0,6.0,5,63,6.4,5.8,1013.8,151.0,6,0,0
1995-03,広島県,広島市,69.5,3.9,⬇️北,,0,9.6,0,65,6.3,7.8,1010.8,174.7,1,0,0
1995-04,広島県,広島市,137.0,3.6,⬇️北,,0,13.9,0,66,6.8,10.7,1009.2,160.4,0,0,0
1995-05,広島県,広島市,269.5,3.7,⬇️北,,0,18.5,0,66,6.4,13.7,1006.1,205.1,0,1,0
1995-06,広島県,広島市,117.5,3.5,⬇️北,,0,21.7,0,69,7.3,17.9,1001.2,167.5,0,0,1
1995-07,広島県,広島市,452.0,3.4,↗️南西,,0,27.2,0,75,7.4,26.8,1004.0,172.3,0,5,0
1995-08,広島県,広島市,42.5,3.6,↗️南西,,0,29.7,0,70,5.4,28.7,1006.0,265.8,0,3,0
1995-09,広島県,広島市,114.5,4.5,↙️北東,,0,23.3,0,68,7.6,19.3,1006.2,152.0,0,0,0
1995-10,広島県,広島市,96.5,4.2,↙️北東,,0,18.7,0,70,5.1,15.0,1011.5,195.3,0,1,0
1995-11,広島県,広島市,20.0,4.1,⬇️北,,0,10.7,0,67,4.7,8.5,1012.2,169.6,0,0,1
1995-12,広島県,広島市,9.5,3.8,⬇️北,,0,6.4,8,70,6.3,6.7,1015.5,146.2,6,0,0
1996-01,広島県,広島市,39.5,3.8,⬇️北,,0,5.4,0,65,6.6,5.8,1014.3,134.5,7,0,0
1996-02,広島県,広島市,46.0,3.7,⬇️北,,0,4.5,20,69,6.0,5.9,1014.7,154.0,11,0,2
1996-03,広島県,広島市,180.5,4.0,↙️北東,,0,8.4,0,64,7.4,7.0,1010.7,139.4,5,0,1
1996-04,広島県,広島市,72.5,4.0,⬇️北,,0,11.8,0,59,6.0,8.3,1010.5,214.2,0,0,0
1996-05,広島県,広島市,101.0,3.6,⬇️北,,0,19.5,0,61,6.4,13.5,1006.6,230.6,0,3,0
1996-06,広島県,広島市,284.5,2.9,↗️南西,,0,23.2,0,79,8.6,22.3,1002.5,120.6,0,1,0
1996-07,広島県,広島市,104.0,3.7,↗️南西,,0,27.6,0,73,6.8,26.6,1003.5,231.3,0,0,0
1996-08,広島県,広島市,106.0,3.5,↙️北東,,0,28.2,0,74,6.6,27.8,1002.7,203.4,0,4,0
1996-09,広島県,広島市,172.0,4.2,↙️北東,,0,23.7,0,69,7.0,20.0,1005.9,173.2,0,1,0
1996-10,広島県,広島市,58.5,4.2,↙️北東,,0,18.0,0,73,5.7,15.1,1011.6,159.3,0,1,0
1996-11,広島県,広島市,39.0,4.1,↙️北東,,0,13.1,0,69,7.2,10.7,1013.9,114.3,0,0,0
1996-12,広島県,広島市,58.5,4.3,⬇️北,,0,7.1,11,76,5.5,7.7,1014.5,151.0,5,0,2
1997-01,広島県,広島市,18.0,4.1,⬇️北,,0,5.3,8,65,5.8,5.7,1012.1,158.5,8,0,0
1997-02,広島県,広島市,42.5,3.8,↙️北東,,0,5.7,9,67,6.4,6.1,1014.2,141.6,10,0,0
1997-03,広島県,広島市,95.0,4.1,↙️北東,,0,10.4,0,63,6.0,7.9,1013.3,178.7,1,0,0
1997-04,広島県,広島市,144.5,3.5,↙️北東,,0,14.8,0,66,5.9,11.1,1009.4,195.0,0,0,2
1997-05,広島県,広島市,291.5,3.3,⬇️北,,0,19.6,0,71,6.8,16.1,1003.7,191.4,0,4,2
1997-06,広島県,広島市,180.5,3.5,⬇️北,,0,23.7,0,69,7.5,20.0,1002.6,176.7,0,2,0
1997-07,広島県,広島市,457.5,4.1,↗️南西,,0,26.3,0,75,7.2,25.5,1002.0,162.1,0,2,1
1997-08,広島県,広島市,131.0,3.7,↗️南西,,0,28.0,0,73,6.1,27.3,1003.8,197.7,0,3,0
1997-09,広島県,広島市,243.0,4.2,↙️北東,,0,23.6,0,71,6.3,21.0,1005.9,150.6,0,0,0
1997-10,広島県,広島市,27.5,4.1,↙️北東,,0,17.6,0,66,3.9,13.3,1010.8,243.4,0,1,0
1997-11,広島県,広島市,168.0,4.2,↙️北東,,0,13.7,0,70,6.0,11.1,1014.4,150.0,0,2,0
1997-12,広島県,広島市,61.0,3.9,↙️北東,,0,8.6,0,68,6.6,7.6,1016.2,137.5,3,1,0
1998-01,広島県,広島市,137.0,3.9,↙️北東,,0,5.5,7,69,7.4,6.3,1014.7,117.8,6,0,0
1998-02,広島県,広島市,54.0,4.2,↙️北東,,0,7.9,0,68,6.2,7.4,1013.5,127.5,1,0,0
1998-03,広島県,広島市,102.0,3.8,↙️北東,,0,10.3,0,61,6.6,7.6,1012.6,178.9,1,1,0
1998-04,広島県,広島市,181.0,3.3,↙️北東,,0,17.4,0,72,6.9,14.4,1009.6,174.1,0,1,3
1998-05,広島県,広島市,180.5,3.4,↙️北東,,0,21.1,0,68,7.5,16.7,1007.8,175.4,0,0,1
1998-06,広島県,広島市,275.0,3.3,↙️北東,,0,23.2,0,74,8.5,21.0,1003.2,133.6,0,0,0
1998-07,広島県,広島市,129.0,3.3,↙️北東,,0,27.5,0,74,7.7,26.9,1001.0,179.6,0,3,0
1998-08,広島県,広島市,46.0,3.5,↗️南西,,0,29.0,0,71,7.6,28.4,1003.0,195.0,0,7,0
1998-09,広島県,広島市,118.5,3.9,↙️北東,,0,25.7,0,69,6.6,22.6,1005.0,152.9,0,1,0
1998-10,広島県,広島市,259.5,4.0,↙️北東,,0,20.5,0,73,6.7,17.6,1010.0,136.6,0,0,0
1998-11,広島県,広島市,24.0,4.1,↙️北東,,0,13.0,0,68,5.8,10.4,1013.1,162.5,0,0,1
1998-12,広島県,広島市,1.5,4.0,↙️北東,,0,9.5,0,65,4.5,7.6,1016.2,191.1,0,0,1
1999-01,広島県,広島市,32.0,3.6,↙️北東,,0,5.8,2,64,5.6,5.9,1013.1,170.2,6,0,1
1999-02,広島県,広島市,61.5,3.7,↙️北東,,0,5.6,15,67,5.4,6.0,1013.7,171.4,9,0,0
1999-03,広島県,広島市,106.0,3.9,↙️北東,,0,10.4,0,65,7.8,8.4,1010.1,127.1,1,0,2
1999-04,広島県,広島市,110.0,4.3,↙️北東,,0,14.7,0,63,6.5,10.6,1007.9,175.4,0,2,0
1999-05,広島県,広島市,163.0,3.6,↙️北東,,0,19.9,0,61,5.7,13.8,1005.4,258.5,0,0,0
1999-06,広島県,広島市,411.0,3.3,↙️北東,,0,23.3,0,75,8.0,21.1,1002.8,141.0,0,1,0
1999-07,広島県,広島市,206.0,3.4,↙️北東,,0,26.0,0,73,8.5,24.6,1001.4,122.1,0,5,0
1999-08,広島県,広島市,172.0,3.3,↙️北東,,0,28.0,0,73,7.7,27.2,1002.6,163.4,0,4,0
1999-09,広島県,広島市,313.5,3.4,↙️北東,,0,26.2,0,78,8.0,26.3,1005.5,127.6,0,5,0
1999-10,広島県,広島市,59.5,4.0,↙️北東,,0,19.6,0,66,6.0,15.6,1011.7,182.8,0,1,0
1999-11,広島県,広島市,58.5,4.1,↙️北東,,0,12.9,0,68,5.9,10.3,1013.5,156.4,0,0,0
1999-12,広島県,広島市,9.5,3.9,↙️北東,,0,7.6,0,65,5.5,6.8,1016.5,167.8,4,0,0
2000-01,広島県,広島市,52.5,3.6,↙️北東,,0,6.7,0,68,7.3,6.7,1015.4,124.1,5,0,0
2000-02,広島県,広島市,35.0,3.6,⬇️北,,0,4.7,12,66,7.0,5.5,1012.3,151.0,11,0,0
2000-03,広島県,広島市,167.0,4.0,⬇️北,,0,8.8,0,62,5.5,6.9,1010.3,209.9,1,2,1
2000-04,広島県,広島市,116.0,3.8,⬇️北,,0,14.1,0,61,6.3,9.6,1006.4,174.3,0,0,0
2000-05,広島県,広島市,127.0,3.3,⬇️北,,0,19.5,0,67,6.2,14.9,1004.9,219.5,0,2,0
2000-06,広島県,広島市,156.0,2.9,↗️南西,,0,23.0,0,75,7.7,21.1,1002.3,144.8,0,0,1
2000-07,広島県,広島市,84.0,3.7,↗️南西,,0,27.9,0,71,7.1,26.6,1001.6,206.4,0,4,0
2000-08,広島県,広島市,28.5,3.6,⬇️北,,0,28.6,0,69,6.4,26.7,1004.1,233.6,0,1,0
2000-09,広島県,広島市,136.5,4.2,↙️北東,,0,24.4,0,70,6.2,21.4,1005.0,168.6,0,1,0
2000-10,広島県,広島市,112.0,4.2,↙️北東,,0,19.1,0,71,7.3,15.8,1011.0,145.3,0,1,0
2000-11,広島県,広島市,108.5,4.3,↙️北東,,0,13.6,0,70,6.1,11.0,1014.5,137.4,0,0,0
2000-12,広島県,広島市,15.5,4.0,⬇️北,,0,7.9,0,68,5.7,7.3,1015.0,153.8,4,0,0
2001-01,広島県,広島市,87.0,4.0,⬇️北,,0,4.2,1,69,7.2,5.7,1013.4,120.2,12,0,0
2001-02,広島県,広島市,84.5,3.6,⬇️北,,0,6.1,0,71,7.1,6.7,1014.6,113.4,4,0,1
2001-03,広島県,広島市,48.0,3.9,⬇️北,,0,9.3,4,64,6.7,7.5,1007.7,172.3,5,0,0
2001-04,広島県,広島市,22.0,4.0,⬇️北,,0,15.1,0,59,5.6,10.2,1009.1,209.6,0,0,0
2001-05,広島県,広島市,185.0,3.4,⬇️北,,0,20.0,0,66,7.2,15.3,1004.3,189.7,0,1,0
2001-06,広島県,広島市,349.0,3.4,↗️南西,,0,23.3,0,75,8.6,21.4,1002.1,153.4,0,3,1
2001-07,広島県,広島市,147.5,3.3,↗️南西,,0,28.2,0,72,6.2,27.1,1003.1,242.5,0,5,0
2001-08,広島県,広島市,70.0,4.1,↙️北東,,0,28.4,0,66,6.0,25.3,1002.6,228.4,0,4,0
2001-09,広島県,広島市,176.5,4.2,↙️北東,,0,23.8,0,68,6.2,20.1,1006.2,189.4,0,2,0
2001-10,広島県,広島市,274.0,4.2,↙️北東,,0,18.7,0,69,6.0,14.7,1011.1,176.9,0,2,0
2001-11,広島県,広島市,66.5,4.2,⬇️北,,0,11.6,0,69,5.2,9.4,1013.2,168.3,0,0,0
2001-12,広島県,広島市,46.0,3.9,⬇️北,,0,6.8,0,69,6.1,6.8,1017.1,146.5,4,0,1
2002-01,広島県,広島市,56.0,3.9,⬇️北,,0,5.9,3,69,7.3,6.5,1011.9,124.5,14,0,3
2002-02,広島県,広島市,24.5,3.7,⬇️北,,0,6.6,1,66,6.0,6.4,1015.1,159.4,7,0,1
2002-03,広島県,広島市,179.0,4.1,⬇️北,,0,11.0,0,61,5.6,7.9,1010.5,209.6,0,0,0
2002-04,広島県,広島市,131.0,3.6,⬇️北,,0,15.7,0,62,7.3,11.2,1010.0,151.2,0,1,0
2002-05,広島県,広島市,215.0,3.3,↙️北東,,0,19.5,0,68,7.1,15.1,1005.6,166.1,0,2,0
2002-06,広島県,広島市,141.5,3.5,↙️北東,,0,23.5,0,65,6.8,18.5,1002.1,211.6,0,3,0
2002-07,広島県,広島市,156.0,3.7,↗️南西,,0,27.9,0,73,7.2,27.1,1000.8,161.8,0,4,0
2002-08,広島県,広島市,71.5,4.4,↗️南西,,0,28.3,0,67,6.4,25.5,1003.2,235.4,0,3,0
2002-09,広島県,広島市,137.5,4.3,↙️北東,,0,24.7,0,63,6.2,19.6,1006.9,211.9,0,1,0
2002-10,広島県,広島市,54.0,4.1,⬇️北,,0,17.9,0,68,4.7,13.9,1010.3,186.1,0,1,0
2002-11,広島県,広島市,37.0,4.1,⬇️北,,0,9.7,0,65,5.7,7.7,1013.1,152.8,0,1,0
2002-12,広島県,広島市,69.5,4.0,↙️北東,,0,7.4,0,73,7.1,7.6,1015.9,100.7,4,0,0
2003-01,広島県,広島市,45.5,3.8,⬇️北,,0,4.2,10,72,6.8,5.9,1013.5,133.3,10,0,0
2003-02,広島県,広島市,57.5,3.6,↙️北東,,0,6.3,0,71,6.9,6.7,1014.0,120.2,5,0,0
2003-03,広島県,広島市,93.5,3.8,↙️北東,,0,8.3,0,66,6.9,7.2,1013.2,169.1,4,1,0
2003-04,広島県,広島市,205.5,4.0,⬇️北,,0,15.2,0,69,7.4,12.1,1008.9,156.4,0,0,0
2003-05,広島県,広島市,189.0,3.8,↙️北東,,0,19.7,0,67,7.0,15.1,1006.7,200.1,0,3,0
2003-06,広島県,広島市,202.0,3.1,⬇️北,,0,22.8,0,76,8.4,20.8,1001.9,133.4,0,1,0
2003-07,広島県,広島市,466.0,3.1,↙️北東,,0,24.7,0,81,8.2,25.1,1002.6,129.0,0,4,0
2003-08,広島県,広島市,184.5,3.4,↙️北東,,0,27.3,0,78,7.4,27.9,1003.1,184.0,0,4,0
2003-09,広島県,広島市,94.5,4.1,↙️北東,,0,25.0,0,71,5.9,22.9,1007.0,224.8,0,2,0
2003-10,広島県,広島市,1.5,4.1,↙️北東,,0,17.6,0,65,4.8,13.1,1010.7,211.6,0,0,0
2003-11,広島県,広島市,131.0,4.0,↙️北東,,0,14.6,0,77,6.9,13.1,1014.3,108.9,0,0,0
2003-12,広島県,広島市,39.0,3.7,⬇️北,,0,7.4,5,74,5.5,7.5,1014.1,162.3,5,0,3
2004-01,広島県,広島市,3.5,3.9,↙️北東,,0,4.7,0,66,5.7,5.6,1014.3,175.8,11,0,1
2004-02,広島県,広島市,41.5,3.8,⬇️北,,0,7.3,0,63,5.0,6.4,1012.5,186.1,5,0,0
2004-03,広島県,広島市,67.5,4.3,↙️北東,,0,9.7,1,61,6.0,7.4,1012.5,189.5,3,1,0
2004-04,広島県,広島市,180.5,4.0,⬇️北,,0,15.5,0,58,5.0,10.1,1007.4,251.3,0,0,0
2004-05,広島県,広島市,417.5,3.4,↙️北東,,0,20.0,0,72,7.1,16.6,1005.2,176.4,0,0,0
2004-06,広島県,広島市,199.0,3.3,⬇️北,,0,24.0,0,69,7.1,20.5,1003.9,199.4,0,2,0
2004-07,広島県,広島市,82.0,3.8,↗️南西,,0,28.9,0,69,5.3,27.0,1002.9,249.4,0,6,0
2004-08,広島県,広島市,257.5,3.5,⬇️北,,0,28.0,0,75,7.4,28.0,1001.9,174.8,0,9,0
2004-09,広島県,広島市,299.0,4.1,↙️北東,,0,24.7,0,78,8.4,24.2,1008.1,97.2,0,5,0
2004-10,広島県,広島市,209.0,4.9,↙️北東,,0,18.1,0,71,5.7,14.8,1011.2,169.9,0,0,0
2004-11,広島県,広島市,34.0,3.8,⬇️北,,0,13.9,0,72,3.4,11.5,1015.2,195.5,0,0,0
2004-12,広島県,広島市,111.0,4.0,⬇️北,,0,8.8,0,73,5.3,8.2,1015.3,156.2,1,0,0
2005-01,広島県,広島市,12.0,3.7,⬇️北,,0,5.1,0,70,7.5,6.0,1012.1,125.7,11,0,1
2005-02,広島県,広島市,77.0,3.6,⬇️北,,0,4.9,9,69,6.5,5.9,1013.9,121.2,8,0,0
2005-03,広島県,広島市,118.0,3.7,⬇️北,,0,8.1,1,70,5.6,7.5,1011.4,179.3,7,0,0
2005-04,広島県,広島市,59.0,3.7,⬇️北,,0,15.6,0,59,5.2,10.3,1009.2,218.7,0,1,0
2005-05,広島県,広島市,108.5,3.7,⬇️北,,0,19.2,0,61,6.0,13.3,1004.7,264.9,0,0,0
2005-06,広島県,広島市,74.5,3.4,↗️南西,,0,24.5,0,68,7.0,20.8,1001.1,196.3,0,3,0
2005-07,広島県,広島市,413.0,3.1,↗️南西,,0,26.9,0,77,7.2,26.8,1001.4,165.1,0,5,0
2005-08,広島県,広島市,80.0,3.3,⬇️北,,0,27.9,0,71,6.9,26.4,1003.6,215.0,0,2,0
2005-09,広島県,広島市,194.0,4.0,↙️北東,,0,25.6,0,71,6.8,23.2,1007.9,179.9,0,0,0
2005-10,広島県,広島市,73.5,4.0,↙️北東,,0,19.3,0,70,5.8,15.8,1011.3,168.7,0,0,0
2005-11,広島県,広島市,78.0,4.1,↙️北東,,0,12.5,0,69,5.1,10.0,1012.7,172.4,0,0,2
2005-12,広島県,広島市,35.0,3.5,↙️北東,,0,4.0,34,73,6.8,5.9,1013.6,137.6,16,0,0
2006-01,広島県,広島市,36.0,3.6,↙️北東,,0,5.3,1,67,6.4,6.0,1015.4,140.3,8,0,0
2006-02,広島県,広島市,81.5,3.7,↙️北東,,0,6.1,3,70,7.3,6.6,1015.9,110.9,6,0,0
2006-03,広島県,広島市,103.5,3.5,↙️北東,,0,8.1,0,69,5.9,7.5,1009.2,169.3,7,1,0
2006-04,広島県,広島市,270.5,3.9,↙️北東,,0,13.2,0,65,6.5,9.7,1005.6,141.3,0,0,1
2006-05,広島県,広島市,333.5,3.4,↙️北東,,0,19.2,0,72,7.6,15.9,1007.0,156.9,0,1,0
2006-06,広島県,広島市,295.0,3.0,↙️北東,,0,23.4,0,72,8.0,20.5,1002.4,177.1,0,0,0
2006-07,広島県,広島市,311.5,3.1,↗️南西,,0,26.6,0,81,8.6,28.0,1002.1,117.6,0,5,0
2006-08,広島県,広島市,150.0,3.3,⬇️北,,0,29.0,0,73,6.2,28.6,1002.0,228.1,0,7,0
2006-09,広島県,広島市,227.5,4.3,↙️北東,,0,23.4,0,69,6.9,19.9,1005.9,176.2,0,1,0
2006-10,広島県,広島市,29.0,4.3,↙️北東,,0,20.1,0,65,4.7,15.1,1010.7,218.0,0,0,0
2006-11,広島県,広島市,67.5,4.2,↙️北東,,0,13.6,0,67,6.2,10.4,1011.7,155.0,0,3,0
2006-12,広島県,広島市,54.0,3.9,⬇️北,,0,7.9,1,70,6.2,7.5,1017.0,146.9,2,0,0
2007-01,広島県,広島市,22.0,3.8,⬇️北,,0,6.2,4,67,7.0,6.2,1016.7,132.4,3,0,1
2007-02,広島県,広島市,71.0,3.9,⬇️北,,0,8.2,0,64,5.2,7.0,1012.9,161.2,1,0,1
2007-03,広島県,広島市,98.0,4.0,⬇️北,,0,9.6,0,59,6.2,7.3,1011.6,194.3,3,2,1
2007-04,広島県,広島市,91.0,4.1,⬇️北,,0,14.0,0,58,7.1,9.1,1009.5,198.0,1,1,0
2007-05,広島県,広島市,198.5,3.5,⬇️北,,0,19.4,0,61,6.5,13.4,1003.1,236.4,0,3,0
2007-06,広島県,広島市,69.5,3.3,⬇️北,,0,23.4,0,69,8.3,19.7,1003.1,146.3,0,2,0
2007-07,広島県,広島市,235.5,3.1,⬇️北,,0,25.7,0,75,7.6,24.5,999.0,130.4,0,3,1
2007-08,広島県,広島市,53.0,3.5,⬇️北,,0,28.8,0,68,6.1,26.6,1004.9,244.1,0,5,0
2007-09,広島県,広島市,57.0,3.6,↙️北東,,0,27.0,0,66,7.1,23.4,1005.5,185.4,0,2,0
2007-10,広島県,広島市,56.0,4.0,↙️北東,,0,20.0,0,63,5.9,14.7,1011.2,182.6,0,1,0
2007-11,広島県,広島市,15.0,4.0,↙️北東,,0,12.8,0,63,5.5,9.3,1014.1,164.5,0,0,0
2007-12,広島県,広島市,81.0,3.7,⬇️北,,0,8.3,0,67,6.9,7.3,1013.1,123.8,2,0,0
2008-01,広島県,広島市,75.0,3.7,↙️北東,,0,5.4,1,67,6.9,6.0,1015.5,136.0,8,0,1
2008-02,広島県,広島市,39.0,3.6,⬇️北,,0,4.4,3,64,5.8,5.3,1014.6,168.3,17,0,0
2008-03,広島県,広島市,138.5,4.2,⬇️北,,0,9.8,0,63,5.2,7.5,1010.8,199.2,0,2,0
2008-04,広島県,広島市,128.0,4.0,⬇️北,,0,14.9,0,58,6.3,9.6,1008.4,202.4,0,1,0
2008-05,広島県,広島市,190.0,3.6,↙️北東,,0,19.4,0,61,6.8,13.6,1004.4,205.4,0,1,0
2008-06,広島県,広島市,133.0,3.2,↙️北東,,0,22.7,0,69,8.7,18.9,1003.3,115.1,0,0,0
2008-07,広島県,広島市,41.0,3.1,↗️南西,,0,28.5,0,67,7.3,25.6,1003.1,248.0,0,8,0
2008-08,広島県,広島市,113.5,3.7,↙️北東,,0,27.9,0,67,7.7,25.0,1001.9,178.1,0,5,0
2008-09,広島県,広島市,120.0,3.6,↙️北東,,0,24.9,0,67,6.9,21.1,1005.9,167.9,0,3,0
2008-10,広島県,広島市,50.0,3.9,↙️北東,,0,19.1,0,66,5.8,14.6,1011.6,184.4,0,0,0
2008-11,広島県,広島市,62.5,3.8,⬇️北,,0,12.0,0,67,6.4,9.5,1013.6,140.7,1,0,1
2008-12,広島県,広島市,58.0,3.7,↙️北東,,0,7.8,0,68,5.1,7.3,1014.8,155.2,6,0,0
2009-01,広島県,広島市,33.5,3.7,⬇️北,,0,5.2,2,68,6.7,6.0,1015.0,120.6,12,0,0
2009-02,広島県,広島市,120.5,3.6,↙️北東,,0,7.8,0,65,6.7,6.9,1012.0,122.3,1,0,0
2009-03,広島県,広島市,91.0,3.8,↙️北東,,0,9.7,0,59,6.2,7.1,1011.8,181.2,1,0,0
2009-04,広島県,広島市,84.5,3.9,↙️北東,,0,15.1,0,55,4.6,9.2,1008.5,239.4,0,1,0
2009-05,広島県,広島市,48.5,3.8,↙️北東,,0,19.8,0,55,6.5,12.5,1005.8,221.4,0,2,0
2009-06,広島県,広島市,233.0,3.2,↗️南西,,0,23.3,0,65,7.2,18.6,1000.7,194.9,0,3,0
2009-07,広島県,広島市,512.0,3.2,↗️南西,,0,25.8,0,75,9.3,24.8,1001.3,88.3,0,7,0
2009-08,広島県,広島市,60.0,3.3,↙️北東,,0,27.5,0,68,6.9,24.7,1002.7,183.7,0,0,0
2009-09,広島県,広島市,43.0,3.6,↙️北東,,0,24.2,0,64,5.7,19.0,1006.3,197.0,0,2,0
2009-10,広島県,広島市,57.0,4.0,↙️北東,,0,18.5,0,62,5.4,13.1,1009.3,182.2,0,1,0
2009-11,広島県,広島市,164.5,4.0,↙️北東,,0,12.7,0,67,6.4,10.1,1014.3,130.8,0,0,0
2009-12,広島県,広島市,39.0,3.7,↙️北東,,0,7.2,2,66,6.1,6.8,1012.7,134.3,6,0,0
2010-01,広島県,広島市,21.5,3.2,↙️北東,,0,5.2,0,64,6.1,5.7,1014.3,159.5,9,0,0
2010-02,広島県,広島市,108.5,3.5,↙️北東,,0,7.6,0,64,7.1,7.0,1012.8,130.9,4,0,0
2010-03,広島県,広島市,182.5,3.9,↙️北東,,0,9.1,0,63,7.3,7.4,1012.5,126.8,2,1,0
2010-04,広島県,広島市,236.0,3.6,↙️北東,,0,13.0,0,60,7.5,9.2,1011.3,135.0,0,0,0
2010-05,広島県,広島市,212.5,3.4,↙️北東,,0,18.5,0,58,6.4,12.3,1005.7,204.5,0,0,0
2010-06,広島県,広島市,269.0,2.9,↗️南西,,0,23.3,0,68,7.8,19.5,1004.5,166.7,0,3,0
2010-07,広島県,広島市,316.0,2.9,↗️南西,,0,27.2,0,72,8.2,25.5,1003.9,166.8,0,6,0
2010-08,広島県,広島市,5.5,3.2,↗️南西,,0,30.3,0,62,5.6,26.5,1006.8,268.4,0,2,0
2010-09,広島県,広島市,65.0,3.8,↙️北東,,0,26.2,0,62,6.1,21.2,1007.0,210.3,0,2,0
2010-10,広島県,広島市,62.0,3.9,↙️北東,,0,19.2,0,64,7.4,14.3,1010.3,129.7,0,0,0
2010-11,広島県,広島市,26.5,4.0,↙️北東,,0,12.0,0,62,4.6,8.6,1013.3,188.7,0,0,0
2010-12,広島県,広島市,81.0,3.8,↙️北東,,0,7.3,0,65,6.3,6.8,1008.0,161.8,7,0,3
2011-01,広島県,広島市,3.5,3.0,↙️北東,,0,2.9,3,62,5.6,4.6,1014.5,161.4,16,0,0
2011-02,広島県,広島市,73.0,3.7,↙️北東,,0,6.6,1,63,6.5,6.1,1013.2,142.2,3,0,0
2011-03,広島県,広島市,43.5,3.5,↙️北東,,0,7.2,0,60,5.7,6.1,1013.0,200.3,10,0,1
2011-04,広島県,広島市,90.0,3.8,↙️北東,,0,13.4,0,55,5.9,8.5,1008.6,213.5,0,1,0
2011-05,広島県,広島市,337.0,3.5,↙️北東,,0,19.5,0,64,7.7,14.5,1005.6,163.9,0,2,0
2011-06,広島県,広島市,201.0,2.8,↗️南西,,0,23.6,0,74,9.2,21.6,1003.0,103.8,0,2,0
2011-07,広島県,広島市,161.5,3.4,↗️南西,,0,27.6,0,68,7.8,24.8,1001.4,179.4,0,3,0
2011-08,広島県,広島市,106.5,2.9,↙️北東,,0,28.2,0,70,7.4,26.3,1003.6,178.3,0,3,0
2011-09,広島県,広島市,187.5,4.2,↙️北東,,0,24.9,0,66,6.3,21.0,1003.9,187.7,0,1,0
2011-10,広島県,広島市,164.0,3.8,↙️北東,,0,18.5,0,66,6.5,13.9,1012.0,178.0,0,0,0
2011-11,広島県,広島市,92.0,3.4,↙️北東,,0,14.7,0,67,6.8,11.5,1015.2,131.8,0,0,0
2011-12,広島県,広島市,42.5,3.4,↙️北東,,0,6.9,0,66,6.6,6.6,1016.2,128.6,6,0,0
2012-01,広島県,広島市,12.5,2.6,↙️北東,,0,4.7,0,63,7.2,5.3,1015.0,129.1,10,0,0
2012-02,広島県,広島市,97.5,3.0,↙️北東,,0,4.3,1,65,7.0,5.4,1013.8,111.3,12,0,0
2012-03,広島県,広島市,128.5,3.7,↙️北東,,0,8.7,0,66,6.9,7.4,1011.4,133.4,3,0,0
2012-04,広島県,広島市,154.5,3.5,↙️北東,,0,15.0,0,63,5.9,10.8,1008.2,192.5,0,2,0
2012-05,広島県,広島市,49.5,3.5,↙️北東,,0,19.6,0,61,6.6,13.9,1004.7,204.5,0,2,0
2012-06,広島県,広島市,196.5,2.8,↙️北東,,0,23.2,0,73,8.6,20.5,1001.7,118.1,0,0,0
2012-07,広島県,広島市,359.5,2.8,↗️南西,,0,27.4,0,76,7.7,27.4,1001.9,179.4,0,6,0
2012-08,広島県,広島市,122.0,3.3,↗️南西,,0,29.5,0,67,6.5,27.5,1004.3,228.1,0,3,0
2012-09,広島県,広島市,70.0,3.5,↙️北東,,0,25.6,0,68,7.3,22.4,1006.6,186.6,0,5,0
2012-10,広島県,広島市,83.5,4.3,↙️北東,,0,18.9,0,64,4.8,13.6,1010.2,210.2,0,1,0
2012-11,広島県,広島市,120.0,3.6,↙️北東,,0,11.7,0,67,6.5,9.2,1011.0,144.0,0,0,0
2012-12,広島県,広島市,84.0,3.6,↙️北東,,0,5.5,2,71,6.4,6.5,1014.0,125.0,10,0,0
2013-01,広島県,広島市,43.5,3.6,↙️北東,,0,4.4,6,66,6.1,5.5,1016.1,164.9,10,0,0
2013-02,広島県,広島市,93.5,3.2,↙️北東,,0,6.0,0,64,6.6,6.0,1015.3,154.2,3,0,1
2013-03,広島県,広島市,90.0,3.6,↙️北東,,0,10.7,0,63,5.7,8.3,1010.1,207.5,0,0,0
2013-04,広島県,広島市,100.5,3.7,↙️北東,,0,13.5,0,61,6.1,9.5,1006.7,217.1,0,2,1
2013-05,広島県,広島市,125.5,3.2,↙️北東,,0,19.7,0,60,5.7,13.8,1006.4,268.7,0,0,0
2013-06,広島県,広島市,329.5,2.7,↙️北東,,0,24.0,0,73,7.9,21.6,1002.3,141.3,0,0,0
2013-07,広島県,広島市,175.5,3.2,↗️南西,,0,28.3,0,73,7.4,27.5,1002.9,205.0,0,6,0
2013-08,広島県,広島市,238.0,3.0,↗️南西,,0,29.5,0,70,6.2,28.6,1001.9,238.7,0,5,0
2013-09,広島県,広島市,224.5,3.7,↙️北東,,0,24.6,0,69,5.8,21.2,1007.5,204.2,0,2,0
2013-10,広島県,広島市,295.0,4.1,↙️北東,,0,19.9,0,69,6.2,16.3,1011.1,155.1,0,1,0
2013-11,広島県,広島市,58.5,3.5,↙️北東,,0,11.9,0,68,5.6,9.7,1012.4,156.3,1,1,0
2013-12,広島県,広島市,46.5,3.4,↙️北東,,0,6.5,0,70,6.6,6.8,1012.6,135.8,6,0,1
2014-01,広島県,広島市,45.0,3.3,↙️北東,,0,5.7,0,68,5.7,6.2,1015.8,169.2,3,1,0
2014-02,広島県,広島市,42.0,4.0,↙️北東,,0,6.2,2,64,7.4,6.2,1015.6,116.0,8,0,1
2014-03,広島県,広島市,159.5,3.4,↙️北東,,0,10.0,0,64,6.2,8.0,1012.4,197.7,2,0,0
2014-04,広島県,広島市,79.5,3.5,↙️北東,,0,14.3,0,59,6.2,9.5,1010.5,191.3,0,1,0
2014-05,広島県,広島市,114.5,3.2,↙️北東,,0,19.6,0,61,5.2,13.7,1005.8,273.2,0,0,0
2014-06,広島県,広島市,119.0,2.7,↙️北東,,0,23.2,0,73,8.5,20.4,1000.3,133.0,0,1,0
2014-07,広島県,広島市,283.0,2.8,↗️南西,,0,26.9,0,74,7.6,26.0,1002.4,169.6,0,5,0
2014-08,広島県,広島市,337.5,3.2,↙️北東,,0,26.9,0,78,9.4,27.7,1002.5,84.8,0,9,0
2014-09,広島県,広島市,117.0,3.3,↙️北東,,0,23.9,0,66,7.1,19.4,1006.3,162.3,0,1,0
2014-10,広島県,広島市,143.5,4.3,↙️北東,,0,18.7,0,67,5.5,14.5,1011.3,186.1,0,1,0
2014-11,広島県,広島市,63.5,3.7,↙️北東,,0,13.4,0,69,6.1,10.6,1013.4,163.6,0,1,0
2014-12,広島県,広島市,69.0,3.3,↙️北東,,0,5.5,9,70,7.1,6.3,1014.3,132.9,11,0,0
2015-01,広島県,広島市,95.5,3.1,⬇️北,,0,5.8,5,69,7.4,6.3,1014.5,126.1,8,0,0
2015-02,広島県,広島市,24.0,3.1,↙️北東,,0,6.1,0,63,6.6,6.0,1013.4,128.6,5,1,1
2015-03,広島県,広島市,106.5,3.4,↙️北東,,0,10.0,0,57,6.1,7.2,1013.3,200.9,1,0,1
2015-04,広島県,広島市,198.0,3.3,↙️北東,,0,15.8,0,63,7.6,11.4,1009.6,150.5,0,3,0
2015-05,広島県,広島市,101.0,2.9,↙️北東,,0,20.5,0,60,6.2,14.0,1004.3,239.7,0,1,0
2015-06,広島県,広島市,237.5,2.8,↙️北東,,0,22.5,0,69,8.7,18.5,1001.7,149.4,0,0,1
2015-07,広島県,広島市,110.0,3.0,↗️南西,,0,26.5,0,72,8.4,24.8,1002.3,129.2,0,1,0
2015-08,広島県,広島市,215.5,2.9,↙️北東,,0,27.5,0,68,6.3,24.6,1002.3,201.8,0,3,0
2015-09,広島県,広島市,159.5,3.4,↙️北東,,0,23.1,0,66,7.1,18.6,1006.2,150.4,0,1,0
2015-10,広島県,広島市,94.0,3.7,↙️北東,,0,18.0,0,58,4.0,11.9,1011.4,227.0,0,0,0
2015-11,広島県,広島市,192.5,3.3,↙️北東,,0,14.6,0,69,7.6,11.8,1015.3,112.4,1,1,1
2015-12,広島県,広島市,107.0,3.4,↙️北東,,0,9.3,0,65,6.2,7.6,1016.1,147.4,0,0,0
2016-01,広島県,広島市,66.5,3.3,⬇️北,,0,5.6,6,66,7.3,6.1,1014.6,126.8,6,0,1
2016-02,広島県,広島市,95.0,3.3,↙️北東,,0,6.5,1,60,6.9,5.9,1016.0,134.1,7,0,0
2016-03,広島県,広島市,67.0,3.5,↙️北東,,0,10.4,0,58,6.0,7.4,1014.1,197.8,1,0,0
2016-04,広島県,広島市,274.0,3.3,↙️北東,,0,16.2,0,62,7.2,11.4,1007.6,182.5,0,0,0
2016-05,広島県,広島市,184.0,3.1,↙️北東,,0,20.3,0,61,7.2,14.3,1006.6,216.0,0,0,1
2016-06,広島県,広島市,509.5,2.8,↙️北東,,0,23.3,0,72,8.1,20.4,1002.7,125.4,0,3,0
2016-07,広島県,広島市,199.5,2.9,↗️南西,,0,27.7,0,69,8.3,25.4,1003.6,192.5,0,4,0
2016-08,広島県,広島市,90.0,3.4,↙️北東,,0,29.3,0,60,5.5,24.2,998.8,257.7,0,2,0
2016-09,広島県,広島市,307.5,3.0,↙️北東,,0,25.1,0,72,8.9,23.0,1006.0,83.3,0,3,0
2016-10,広島県,広島市,156.0,3.4,↙️北東,,0,20.2,0,66,8.0,16.0,1011.4,110.5,0,1,0
2016-11,広島県,広島市,82.5,3.4,↙️北東,,0,13.1,0,67,5.8,10.2,1014.3,144.4,0,0,1
2016-12,広島県,広島市,92.5,3.3,↙️北東,,0,8.9,0,69,6.9,7.9,1015.6,125.8,2,0,2
2017-01,広島県,広島市,52.0,3.1,↙️北東,,0,5.5,20,65,5.9,5.8,1015.1,161.1,10,0,1
2017-02,広島県,広島市,66.0,3.2,↙️北東,,0,6.1,0,62,5.6,5.8,1013.7,158.6,7,0,0
2017-03,広島県,広島市,55.5,3.5,↙️北東,,0,8.8,0,54,7.2,6.0,1011.5,178.3,1,1,0
2017-04,広島県,広島市,192.0,3.3,↙️北東,,0,15.6,0,58,6.1,10.2,1007.2,194.4,0,1,1
2017-05,広島県,広島市,50.5,3.0,↗️南西,,0,20.6,0,56,6.1,13.4,1006.6,256.6,0,0,0
2017-06,広島県,広島市,261.0,3.0,↙️北東,,0,22.5,0,61,7.7,16.6,1002.8,203.3,0,3,1
2017-07,広島県,広島市,174.5,2.6,⬆️南,,0,28.4,0,71,8.3,27.2,1003.2,157.9,0,6,0
2017-08,広島県,広島市,98.5,3.2,↙️北東,,0,29.0,0,64,6.6,25.2,1001.0,217.3,0,2,0
2017-09,広島県,広島市,250.0,3.5,↙️北東,,0,23.4,0,66,7.0,18.7,1005.6,149.2,0,2,0
2017-10,広島県,広島市,387.5,3.8,↙️北東,,0,18.4,0,70,7.1,14.9,1011.9,122.8,0,1,0
2017-11,広島県,広島市,20.5,3.4,↙️北東,,0,11.9,0,65,5.8,9.1,1014.5,160.5,0,0,0
2017-12,広島県,広島市,11.5,3.0,↙️北東,,0,5.8,0,61,7.0,5.6,1015.9,137.6,7,0,0
2018-01,広島県,広島市,55.0,3.0,⬇️北,,0,4.3,0,64,7.2,5.4,1013.9,136.1,15,0,0
2018-02,広島県,広島市,35.0,3.3,↙️北東,,0,4.7,2,57,6.0,4.8,1014.5,161.2,10,1,1
2018-03,広島県,広島市,201.0,3.7,↙️北東,,0,10.9,0,58,4.6,7.5,1012.5,217.5,0,2,0
2018-04,広島県,広島市,126.0,3.3,↙️北東,,0,16.2,0,55,5.3,10.0,1009.6,216.4,0,0,0
2018-05,広島県,広島市,209.0,3.1,↙️北東,,0,19.8,0,60,7.2,13.8,1006.1,197.2,0,2,0
2018-06,広島県,広島市,185.0,2.9,↙️北東,,0,23.1,0,67,7.9,18.9,1002.6,158.1,0,2,0
2018-07,広島県,広島市,492.0,3.0,↗️南西,,0,29.1,0,65,6.4,25.8,1002.8,257.6,0,1,0
2018-08,広島県,広島市,47.0,3.6,↙️北東,,0,29.8,0,59,5.9,24.3,1002.3,273.2,0,4,0
2018-09,広島県,広島市,365.0,3.4,↙️北東,,0,23.7,0,70,8.0,20.4,1005.9,108.3,0,2,0
2018-10,広島県,広島市,35.0,3.5,↙️北東,,0,18.5,0,61,5.9,13.2,1010.6,179.4,0,1,0
2018-11,広島県,広島市,38.0,3.6,↙️北東,,0,13.3,0,61,5.2,9.4,1015.3,170.6,0,0,0
2018-12,広島県,広島市,90.5,3.0,↙️北東,,0,8.5,0,68,7.3,7.8,1016.7,105.9,4,0,0
2019-01,広島県,広島市,26.5,3.2,↙️北東,,0,6.4,0,60,5.9,5.7,1015.6,164.2,2,0,0
2019-02,広島県,広島市,68.5,3.2,↙️北東,,0,7.6,0,58,7.3,6.0,1014.9,129.5,1,0,0
2019-03,広島県,広島市,102.0,3.4,⬇️北,,0,10.6,0,58,7.4,7.4,1009.7,187.5,0,1,0
2019-04,広島県,広島市,110.0,3.2,↙️北東,,0,14.8,0,55,6.6,9.4,1008.1,210.1,0,1,0
2019-05,広島県,広島市,63.5,3.2,↙️北東,,0,20.5,0,49,6.4,11.7,1006.5,268.2,0,1,0
2019-06,広島県,広島市,152.5,3.2,↙️北東,,0,23.2,0,63,7.7,17.7,1001.0,199.5,0,1,0
2019-07,広島県,広島市,259.5,2.6,↙️北東,,0,26.4,0,72,8.5,24.4,1001.8,131.4,0,3,0
2019-08,広島県,広島市,317.5,3.2,↗️南西,,0,28.5,0,68,7.6,25.9,1001.4,172.2,0,4,0
2019-09,広島県,広島市,89.0,3.5,↙️北東,,0,26.3,0,63,7.2,21.5,1007.8,191.2,0,1,0
2019-10,広島県,広島市,105.5,4.2,↙️北東,,0,20.3,0,63,6.3,15.0,1010.0,175.2,0,1,0
2019-11,広島県,広島市,5.0,3.8,↙️北東,,0,13.5,0,60,4.7,9.3,1014.4,188.5,0,0,0
2019-12,広島県,広島市,82.0,3.3,⬇️北,,0,8.6,0,65,7.0,7.3,1016.5,116.3,0,0,0
2020-01,広島県,広島市,87.0,3.2,↙️北東,,0,8.1,0,61,6.8,6.5,1013.6,138.6,0,0,0
2020-02,広島県,広島市,60.5,3.3,⬇️北,,0,7.8,0,58,6.3,6.2,1016.4,156.8,5,0,1
2020-03,広島県,広島市,169.5,3.4,↙️北東,,0,11.0,0,58,5.9,7.6,1010.1,188.8,2,0,0
2020-04,広島県,広島市,154.0,3.9,⬇️北,,0,13.2,0,50,5.1,7.3,1009.4,231.8,0,0,0
2020-05,広島県,広島市,130.5,2.9,⬇️北,,0,20.3,0,59,6.7,13.8,1005.0,209.6,0,0,0
2020-06,広島県,広島市,355.0,2.8,↗️南西,,0,24.2,0,67,7.6,19.8,1001.2,177.1,0,1,0
2020-07,広島県,広島市,768.5,2.7,↗️南西,,0,25.2,0,75,9.1,24.0,1002.2,84.2,0,3,0
2020-08,広島県,広島市,2.0,3.1,↗️南西,,0,29.9,0,62,5.6,25.8,1005.0,261.9,0,5,0
2020-09,広島県,広島市,145.5,3.9,↙️北東,,0,25.0,0,62,7.3,19.6,1004.7,158.8,0,1,0
2020-10,広島県,広島市,90.5,3.9,↙️北東,,0,18.7,0,58,5.5,12.6,1011.4,211.3,0,0,0
2020-11,広島県,広島市,25.0,3.3,↙️北東,,0,14.2,0,62,4.8,10.1,1016.2,190.6,0,0,0
2020-12,広島県,広島市,38.5,3.2,↙️北東,,0,7.2,0,60,5.7,6.1,1015.9,157.6,4,0,0
2021-01,広島県,広島市,50.5,3.3,↙️北東,,0,5.2,1,61,6.3,5.5,1015.4,167.6,12,0,0
2021-02,広島県,広島市,56.0,3.4,↙️北東,,0,8.2,1,55,5.4,6.1,1013.1,197.1,3,0,0
2021-03,広島県,広島市,142.5,3.4,↙️北東,,0,12.1,0,57,6.5,8.0,1012.3,199.5,0,0,0
2021-04,広島県,広島市,141.5,3.4,↙️北東,,0,15.4,0,50,5.7,8.6,1011.8,216.2,0,0,0
2021-05,広島県,広島市,250.5,3.0,↗️南西,,0,19.5,0,63,7.4,14.2,1004.1,157.4,0,1,0
2021-06,広島県,広島市,185.0,2.6,↙️北東,,0,23.8,0,64,8.2,18.7,1002.6,163.5,0,0,0
2021-07,広島県,広島市,380.0,2.8,↙️北東,,0,27.6,0,68,7.9,24.6,1003.5,172.9,0,6,0
2021-08,広島県,広島市,696.0,2.9,↗️南西,,0,27.4,0,72,7.6,25.6,1003.1,146.4,0,1,0
2021-09,広島県,広島市,221.0,3.0,↙️北東,,0,25.0,0,67,8.1,21.0,1006.8,115.3,0,4,0
2021-10,広島県,広島市,11.5,3.5,↙️北東,,0,19.9,0,60,4.3,14.3,1013.1,230.1,0,0,0
2021-11,広島県,広島市,104.0,3.4,⬇️北,,0,13.1,0,60,5.7,9.0,1012.3,174.4,0,0,0
2021-12,広島県,広島市,28.5,3.3,⬇️北,,0,7.8,1,61,6.0,6.6,1015.2,146.3,7,0,0
2022-01,広島県,広島市,12.0,3.1,↙️北東,,0,5.3,0,59,6.0,5.1,1014.8,161.8,8,0,0
2022-02,広島県,広島市,17.0,3.2,⬇️北,,0,4.8,1,56,5.7,4.7,1015.7,174.0,10,0,0
2022-03,広島県,広島市,124.0,3.1,↙️北東,,0,11.5,0,58,6.7,8.0,1010.5,169.5,0,0,0
2022-04,広島県,広島市,150.0,3.4,↙️北東,,0,16.4,0,54,6.5,10.4,1010.3,220.2,0,0,0
2022-05,広島県,広島市,31.0,2.9,⬇️北,,0,20.0,0,54,6.9,12.5,1006.5,244.5,0,0,0
2022-06,広島県,広島市,99.0,3.1,⬆️南,,0,24.2,0,64,7.5,19.4,1003.4,185.6,0,0,0
2022-07,広島県,広島市,319.0,2.7,↗️南西,,0,28.1,0,68,8.0,25.4,1001.1,154.2,0,5,0
2022-08,広島県,広島市,148.0,3.1,⬆️南,,0,29.2,0,65,7.7,26.1,1002.5,189.7,0,4,0
2022-09,広島県,広島市,222.5,3.8,↙️北東,,0,26.0,0,63,8.3,21.3,1005.0,132.8,0,3,0
2022-10,広島県,広島市,22.0,3.8,↙️北東,,0,18.9,0,58,4.7,12.8,1013.3,210.6,0,0,0
2022-11,広島県,広島市,42.0,3.5,↙️北東,,0,14.9,0,62,5.1,10.4,1013.3,188.9,0,0,0
2022-12,広島県,広島市,26.0,3.3,↙️北東,,0,6.4,8,61,6.5,5.7,1014.6,150.0,6,0,0
2023-01,広島県,広島市,45.5,3.0,↙️北東,,0,5.7,6,63,6.1,5.8,1015.0,163.8,7,0,0
2023-02,広島県,広島市,61.5,3.3,↙️北東,,0,6.9,0,61,6.4,6.0,1017.0,139.9,3,1,1
2023-03,広島県,広島市,64.5,3.3,↙️北東,,0,12.6,0,56,5.5,8.3,1013.6,213.6,0,0,0
2023-04,広島県,広島市,246.5,3.3,↙️北東,,0,15.7,0,56,6.1,9.9,1009.1,200.6,0,1,1
2023-05,広島県,広島市,255.0,3.3,↙️北東,,0,19.9,0,57,7.0,13.3,1007.8,209.8,0,1,0
2023-06,広島県,広島市,219.0,2.6,↙️北東,,0,23.3,0,68,8.2,19.5,1002.7,131.0,0,4,0
2023-07,広島県,広島市,307.5,2.9,↗️南西,,0,27.9,0,69,7.2,25.3,1004.4,198.0,0,6,1
2023-08,広島県,広島市,48.5,3.1,↙️北東,,0,30.0,0,63,6.7,26.2,1000.4,211.0,0,5,0
2023-09,広島県,広島市,115.0,3.2,↙️北東,,0,27.2,0,63,7.1,22.7,1005.9,157.5,0,2,0
2023-10,広島県,広島市,8.5,3.7,↙️北東,,0,18.9,0,55,5.1,11.7,1010.8,221.5,0,1,0
2023-11,広島県,広島市,33.0,3.5,↙️北東,,0,14.0,0,59,5.2,9.7,1013.5,183.1,0,0,1
2023-12,広島県,広島市,56.0,3.3,↙️北東,,0,8.2,0,63,6.5,7.1,1016.3,149.2,4,1,0
2024-01,広島県,広島市,42.5,3.3,↙️北東,,0,6.5,1,62,5.7,6.1,1015.4,140.7,4,0,1
2024-02,広島県,広島市,141.5,3.4,↙️北東,,0,8.4,0,62,7.2,6.9,1016.0,139.0,0,1,0
2024-03,広島県,広島市,155.5,3.1,↙️北東,,0,9.6,0,61,7.1,7.4,1010.9,165.1,0,1,0
2024-04,広島県,広島市,182.5,2.9,↙️北東,,0,17.5,0,62,0,12.3,1007.7,141.9,0,1,0
2024-05,広島県,広島市,210.5,3.4,↙️北東,,0,19.6,0,56,0,12.7,1007.7,229.0,0,0,0
2024-06,広島県,広島市,332.5,2.7,↙️北東,,0,23.5,0,66,0,19.2,1003.2,156.7,0,1,0
2024-07,広島県,広島市,297.0,3.0,⬆️南,,0,28.9,0,67,0,26.5,1003.9,201.0,0,6,0
2024-08,広島県,広島市,53.5,3.2,↙️北東,,0,30.7,0,59,0,25.8,1000.8,283.9,0,10,0
2024-09,広島県,広島市,46.5,3.3,↙️北東,,0,28.8,0,60,0,23.5,1006.5,246.5,0,5,0
2024-10,広島県,広島市,185.0,3.6,↙️北東,,0,21.3,0,64,0,16.2,1011.8,137.0,0,3,0
2024-11,広島県,広島市,258.0,3.7,↙️北東,,0,14.3,0,61,0,10.1,1013.7,165.4,0,1,0
2024-12,広島県,広島市,3.0,3.1,↙️北東,,0,7.4,0,60,0,6.1,1013.8,156.6,8,0,0
2025-01,広島県,広島市,8.5,3.4,↙️北東,,0,5.7,0,56,0,5.0,1015.1,176.6,11,0,0
2025-02,広島県,広島市,47.5,3.0,↙️北東,,0,4.1,6,61,0,5.0,1014.6,150.7,18,0,0
2025-03,広島県,広島市,158.0,3.6,↙️北東,,0,10.6,0,57,0,7.4,1011.3,164.6,7,2,0
2025-04,広島県,広島市,100.5,3.2,↙️北東,,0,15.5,0,55,0,9.7,1006.5,229.7,0,5,0
2025-05,広島県,広島市,94.5,3.4,↙️北東,,0,17.2,0,56,0,10.7,1004.5,70.4,0,2,0
1986-05,石川県,金沢市,177.5,2.2,⬅️東,,0,16.6,0,68,6.8,12.4,1006.8,199.4,0,0,0
1986-06,石川県,金沢市,185.0,1.9,⬅️東,,0,20.7,0,74,7.8,18.0,1005.8,143.8,0,1,1
1986-07,石川県,金沢市,276.5,1.7,⬅️東,,0,23.3,0,82,7.6,23.3,1006.8,127.3,0,3,1
1986-08,石川県,金沢市,25.0,1.8,⬅️東,,0,27.1,0,70,5.9,25.1,1005.1,240.2,0,0,0
1986-09,石川県,金沢市,109.0,1.8,⬅️東,,0,22.5,0,73,7.1,20.0,1009.1,148.2,0,0,0
1986-10,石川県,金沢市,177.0,1.9,↖️南東,,0,15.2,0,72,6.8,12.7,1014.9,141.6,0,5,0
1986-11,石川県,金沢市,134.0,2.1,↖️南東,,0,10.5,0,69,7.2,8.9,1018.7,125.2,1,2,0
1986-12,石川県,金沢市,210.5,2.3,↖️南東,,0,7.4,7,70,7.7,7.3,1017.0,78.1,5,4,0
1987-01,石川県,金沢市,304.0,2.5,↗️南西,,0,3.7,146,75,9.3,6.0,1016.6,49.1,18,4,0
1987-02,石川県,金沢市,135.5,2.6,↗️南西,,0,4.5,68,68,7.8,5.7,1014.3,88.5,13,6,0
1987-03,石川県,金沢市,196.5,2.3,⬅️東,,0,6.5,42,70,8.5,7.0,1012.9,96.3,8,1,0
1987-04,石川県,金沢市,43.0,2.2,⬅️東,,0,12.2,0,60,5.7,8.7,1014.4,219.1,2,0,0
1987-05,石川県,金沢市,204.0,1.9,⬅️東,,0,17.3,0,65,5.9,12.7,1010.9,186.4,0,1,0
1987-06,石川県,金沢市,140.0,1.9,⬅️東,,0,21.7,0,70,6.5,18.0,1006.3,225.6,0,0,0
1987-07,石川県,金沢市,165.5,2.1,↗️南西,,0,26.1,0,73,8.1,24.3,1004.8,163.0,0,2,0
1987-08,石川県,金沢市,184.5,2.0,⬅️東,,0,26.5,0,72,7.7,24.8,1006.4,157.5,0,2,0
1987-09,石川県,金沢市,92.5,1.9,⬅️東,,0,22.4,0,73,7.2,19.8,1010.5,143.7,0,0,0
1987-10,石川県,金沢市,147.0,2.0,↖️南東,,0,17.4,0,73,6.3,14.6,1014.7,151.8,0,1,0
1987-11,石川県,金沢市,179.0,2.1,↖️南東,,0,11.2,0,71,6.7,9.7,1017.6,111.5,1,7,0
1987-12,石川県,金沢市,206.0,2.4,↗️南西,,0,7.2,4,70,6.5,7.1,1017.6,116.4,8,9,0
1988-01,石川県,金沢市,286.0,2.7,↗️南西,,0,4.8,55,73,8.1,6.3,1015.3,64.0,16,8,0
1988-02,石川県,金沢市,153.0,2.5,⬅️東,,0,2.0,133,72,8.7,5.1,1017.6,81.9,21,3,0
1988-03,石川県,金沢市,181.0,2.3,⬅️東,,0,5.6,30,69,8.4,6.3,1014.5,91.1,9,3,0
1988-04,石川県,金沢市,155.5,2.4,⬅️東,,0,11.8,0,62,5.9,8.5,1012.7,185.1,0,2,0
1988-05,石川県,金沢市,187.0,2.2,⬅️東,,0,16.5,0,68,7.1,12.6,1008.6,185.9,0,1,0
1988-06,石川県,金沢市,228.0,1.9,⬅️東,,0,20.8,0,77,7.7,18.7,1004.2,131.2,0,3,0
1988-07,石川県,金沢市,208.5,1.8,⬅️東,,0,23.4,0,81,9.1,23.2,1004.8,67.8,0,0,1
1988-08,石川県,金沢市,147.0,1.5,↖️南東,,0,26.7,0,74,6.7,25.7,1004.9,186.8,0,11,0
1988-09,石川県,金沢市,303.5,1.7,⬅️東,,0,22.5,0,80,7.6,21.7,1008.4,129.1,0,1,0
1988-10,石川県,金沢市,214.5,2.0,⬅️東,,0,15.6,0,71,6.9,12.7,1012.8,142.6,0,5,0
1988-11,石川県,金沢市,471.5,2.6,↖️南東,,0,8.8,12,74,7.4,8.4,1012.3,104.1,3,12,0
1988-12,石川県,金沢市,254.5,2.4,↖️南東,,0,5.7,30,72,7.6,6.7,1017.4,94.2,13,6,0
1989-01,石川県,金沢市,195.5,2.0,↖️南東,,0,5.9,11,73,8.3,7.0,1018.4,80.7,9,1,0
1989-02,石川県,金沢市,255.5,2.0,⬅️東,,0,5.0,12,76,8.1,6.6,1017.0,79.9,13,2,0
1989-03,石川県,金沢市,137.0,2.3,⬅️東,,0,7.6,0,67,7.7,7.0,1013.4,123.4,5,1,0
1989-04,石川県,金沢市,114.0,2.3,⬅️東,,0,12.8,0,63,6.0,9.4,1010.9,206.3,0,3,0
1989-05,石川県,金沢市,117.5,2.1,⬅️東,,0,16.9,0,69,7.5,13.1,1008.6,178.7,0,1,0
1989-06,石川県,金沢市,114.5,1.8,⬅️東,,0,20.2,0,73,8.2,17.0,1006.7,127.1,0,1,0
1989-07,石川県,金沢市,220.5,1.7,⬅️東,,0,24.8,0,73,6.8,22.6,1008.2,187.5,0,4,0
1989-08,石川県,金沢市,166.5,1.9,⬅️東,,0,26.1,0,73,6.9,24.7,1004.4,183.6,0,0,0
1989-09,石川県,金沢市,609.5,1.8,⬅️東,,0,22.6,0,77,8.2,21.3,1009.1,102.1,0,3,0
1989-10,石川県,金沢市,183.0,1.8,↖️南東,,0,15.8,0,72,5.8,13.1,1014.0,144.6,0,3,0
1989-11,石川県,金沢市,338.5,2.1,↖️南東,,0,12.0,1,73,7.4,10.6,1017.3,100.2,1,9,0
1989-12,石川県,金沢市,225.0,2.1,↖️南東,,0,6.4,5,76,7.8,7.3,1016.2,79.6,8,5,0
1990-01,石川県,金沢市,281.5,2.4,↖️南東,,0,2.9,127,77,9.0,5.8,1018.0,56.8,23,5,0
1990-02,石川県,金沢市,158.5,2.0,⬅️東,,0,6.1,5,77,8.7,7.4,1020.5,65.3,2,0,0
1990-03,石川県,金沢市,153.5,2.3,↖️南東,,0,8.0,2,66,6.9,7.1,1015.3,151.7,4,2,0
1990-04,石川県,金沢市,157.5,2.4,↖️南東,,0,12.9,0,66,6.8,9.7,1010.8,155.8,0,1,1
1990-05,石川県,金沢市,142.5,1.9,↖️南東,,0,17.3,0,67,6.6,13.0,1010.6,210.0,0,1,0
1990-06,石川県,金沢市,222.0,2.1,➡️西,,0,22.7,0,72,7.9,19.5,1006.3,176.8,0,2,0
1990-07,石川県,金沢市,77.0,1.8,⬅️東,,0,26.5,0,72,7.5,24.9,1005.1,180.6,0,4,0
1990-08,石川県,金沢市,102.5,2.0,⬅️東,,0,27.9,0,68,4.6,25.6,1005.2,252.7,0,3,0
1990-09,石川県,金沢市,236.5,1.9,⬅️東,,0,23.6,0,75,7.2,21.7,1010.2,124.9,0,1,0
1990-10,石川県,金沢市,266.0,1.6,↖️南東,,0,17.0,0,74,7.0,14.6,1014.5,132.0,0,4,0
1990-11,石川県,金沢市,252.0,2.1,↖️南東,,0,13.5,0,74,6.8,11.5,1015.9,111.7,0,3,0
1990-12,石川県,金沢市,243.5,2.8,↖️南東,,0,7.8,0,72,7.7,7.6,1015.3,77.2,8,7,0
1991-01,石川県,金沢市,310.5,2.3,↖️南東,,0,3.4,63,80,9.0,6.2,1015.3,47.7,21,9,0
1991-02,石川県,金沢市,247.0,2.8,↗️南西,,0,3.2,80,73,9.0,5.6,1013.5,63.2,19,8,0
1991-03,石川県,金沢市,195.5,2.1,⬅️東,,0,7.0,3,73,7.6,7.3,1016.4,110.2,5,0,0
1991-04,石川県,金沢市,122.0,2.0,⬅️東,,0,13.0,0,66,6.3,9.9,1013.0,180.6,0,0,0
1991-05,石川県,金沢市,92.0,2.1,⬅️東,,0,17.3,0,67,6.9,13.4,1009.6,175.3,0,2,0
1991-06,石川県,金沢市,348.0,1.9,⬅️東,,0,22.7,0,76,8.4,20.7,1004.7,116.4,0,4,0
1991-07,石川県,金沢市,316.5,2.3,➡️西,,0,25.2,0,77,8.9,24.4,1004.0,87.9,0,6,2
1991-08,石川県,金沢市,162.0,1.9,⬅️東,,0,25.5,0,76,7.8,24.9,1004.0,133.3,0,1,0
1991-09,石川県,金沢市,98.5,2.0,⬅️東,,0,23.1,0,74,7.9,20.9,1009.1,137.1,0,1,0
1991-10,石川県,金沢市,214.5,2.4,⬅️東,,0,16.9,0,75,8.3,14.6,1010.7,88.6,0,1,0
1991-11,石川県,金沢市,276.0,4.1,↗️南西,,0,11.1,0,72,7.2,9.5,1017.3,109.9,1,4,0
1991-12,石川県,金沢市,177.0,4.7,⬅️東,,0,8.0,23,72,7.5,7.8,1017.1,90.4,5,6,0
1992-01,石川県,金沢市,285.0,4.7,↗️南西,,0,5.1,21,73,8.5,6.5,1015.9,68.5,10,7,0
1992-02,石川県,金沢市,190.5,4.7,↗️南西,,0,4.5,43,71,8.5,6.0,1013.0,80.8,19,7,0
1992-03,石川県,金沢市,201.0,4.2,⬅️東,,0,7.3,9,72,7.8,7.5,1016.4,125.9,3,0,1
1992-04,石川県,金沢市,180.5,4.5,⬅️東,,0,12.6,0,68,6.5,9.6,1008.1,172.8,0,2,0
1992-05,石川県,金沢市,122.5,4.2,⬅️東,,0,15.5,0,73,7.3,12.8,1007.5,190.3,0,2,0
1992-06,石川県,金沢市,83.5,3.2,⬅️東,,0,20.2,0,75,7.5,17.6,1005.4,175.8,0,1,0
1992-07,石川県,金沢市,104.5,3.8,➡️西,,0,24.9,0,77,7.8,24.2,1005.0,180.3,0,1,0
1992-08,石川県,金沢市,86.0,3.3,⬅️東,,0,26.5,0,78,7.0,26.7,1006.5,178.2,0,4,0
1992-09,石川県,金沢市,63.5,4.0,⬅️東,,0,22.3,0,70,7.0,19.1,1008.9,180.2,0,0,0
1992-10,石川県,金沢市,144.0,3.8,⬅️東,,0,16.7,0,77,7.3,14.7,1013.2,114.3,0,5,0
1992-11,石川県,金沢市,189.5,4.4,↗️南西,,0,11.6,10,70,6.7,9.7,1017.5,113.7,2,4,0
1992-12,石川県,金沢市,284.5,4.8,⬅️東,,0,7.2,12,75,8.7,7.8,1016.0,56.3,11,4,0
1993-01,石川県,金沢市,274.0,5.1,⬅️東,,0,4.8,23,75,8.5,6.5,1015.4,64.1,13,3,0
1993-02,石川県,金沢市,241.5,5.7,↗️南西,,0,5.4,26,70,8.4,6.3,1012.3,56.3,15,5,0
1993-03,石川県,金沢市,135.0,3.8,⬅️東,,0,6.2,31,68,7.7,6.5,1013.9,142.9,9,0,0
1993-04,石川県,金沢市,106.5,4.7,⬅️東,,0,11.2,0,65,6.0,8.8,1009.9,173.9,1,5,0
1993-05,石川県,金沢市,238.0,4.0,⬅️東,,0,16.2,0,70,6.6,12.6,1008.8,213.3,0,0,1
1993-06,石川県,金沢市,173.5,3.5,⬅️東,,0,20.0,0,81,8.9,18.9,1003.6,100.7,0,2,2
1993-07,石川県,金沢市,293.0,3.8,⬅️東,,0,23.5,0,82,9.2,23.6,1003.9,89.2,0,2,1
1993-08,石川県,金沢市,338.5,3.4,⬅️東,,0,23.7,0,82,8.5,24.1,1005.0,91.3,0,4,0
1993-09,石川県,金沢市,303.5,3.3,⬅️東,,0,20.9,0,77,7.9,19.1,1009.3,116.6,0,0,1
1993-10,石川県,金沢市,157.0,3.9,⬅️東,,0,15.8,0,71,7.2,12.7,1014.4,135.8,0,1,0
1993-11,石川県,金沢市,159.0,4.4,⬅️東,,0,12.9,0,71,7.7,10.7,1017.7,104.4,1,1,0
1993-12,石川県,金沢市,303.0,5.1,↗️南西,,0,6.7,5,72,8.3,7.2,1016.4,72.3,11,6,0
1994-01,石川県,金沢市,252.5,4.7,↗️南西,,0,3.9,105,72,9.0,5.9,1014.3,68.3,17,6,0
1994-02,石川県,金沢市,153.0,5.0,↘️北西,,0,3.4,60,71,8.5,5.5,1010.8,67.9,17,1,0
1994-03,石川県,金沢市,115.5,4.1,⬅️東,,0,5.4,2,67,7.4,6.0,1015.6,135.0,14,3,0
1994-04,石川県,金沢市,67.5,4.1,⬅️東,,0,13.3,0,60,5.8,9.2,1011.4,217.4,0,0,0
1994-05,石川県,金沢市,100.0,3.9,↗️南西,,0,18.3,0,64,6.4,13.2,1006.5,212.5,0,0,0
1994-06,石川県,金沢市,68.5,3.5,⬅️東,,0,21.2,0,75,7.6,18.7,1004.9,157.3,0,0,0
1994-07,石川県,金沢市,65.0,3.5,➡️西,,0,27.0,0,76,6.0,26.9,1004.0,209.3,0,2,1
1994-08,石川県,金沢市,38.0,3.0,⬅️東,,0,28.7,0,70,4.1,27.5,1008.2,290.4,0,2,0
1994-09,石川県,金沢市,224.5,3.5,⬅️東,,0,23.7,0,73,6.5,21.2,1005.3,160.1,0,6,0
1994-10,石川県,金沢市,149.0,3.8,⬅️東,,0,18.6,0,71,7.0,15.2,1013.9,159.0,0,1,0
1994-11,石川県,金沢市,159.5,4.0,⬅️東,,0,12.4,0,69,6.4,10.2,1019.5,125.3,0,5,0
1994-12,石川県,金沢市,207.5,5.2,↗️南西,,0,7.6,7,69,8.0,7.3,1017.4,81.0,10,6,0
1995-01,石川県,金沢市,370.5,4.9,↗️南西,,0,3.2,132,76,8.6,5.8,1013.7,63.9,24,8,0
1995-02,石川県,金沢市,135.5,3.9,⬅️東,,0,3.9,27,69,8.2,5.6,1015.0,100.3,17,6,0
1995-03,石川県,金沢市,178.0,4.4,⬅️東,,0,7.2,3,69,7.2,7.0,1012.5,126.1,7,2,0
1995-04,石川県,金沢市,157.5,4.5,⬅️東,,0,12.9,0,63,7.1,9.5,1010.8,168.6,2,3,0
1995-05,石川県,金沢市,159.0,3.8,➡️西,,0,16.8,0,71,6.8,13.2,1008.1,154.5,0,2,0
1995-06,石川県,金沢市,92.0,3.2,⬅️東,,0,19.5,0,79,8.5,17.7,1004.2,94.6,0,0,0
1995-07,石川県,金沢市,505.0,3.4,↗️南西,,0,25.3,0,79,8.2,25.3,1005.8,135.4,0,5,0
1995-08,石川県,金沢市,246.0,3.6,↗️南西,,0,28.1,0,70,6.0,26.2,1007.9,248.4,0,4,0
1995-09,石川県,金沢市,73.0,3.6,⬅️東,,0,21.6,0,72,7.8,18.5,1008.6,124.6,0,0,0
1995-10,石川県,金沢市,90.0,3.6,⬅️東,,0,17.9,0,70,6.7,14.4,1013.8,167.3,0,2,0
1995-11,石川県,金沢市,348.5,5.0,↗️南西,,0,10.0,0,65,7.1,7.9,1012.4,100.7,2,9,0
1995-12,石川県,金沢市,299.0,5.0,↗️南西,,0,5.2,18,70,8.8,6.2,1015.1,50.8,15,8,0
1996-01,石川県,金沢市,245.5,5.4,↗️南西,,0,4.0,35,72,8.4,5.9,1014.3,73.3,19,9,0
1996-02,石川県,金沢市,117.0,5.2,⬅️東,,0,3.3,80,69,8.5,5.4,1015.4,87.4,22,5,0
1996-03,石川県,金沢市,176.5,4.8,⬅️東,,0,6.3,6,70,8.2,6.8,1012.3,135.6,11,2,0
1996-04,石川県,金沢市,52.5,4.0,➡️西,,0,10.4,4,61,6.4,7.7,1012.0,199.8,6,2,0
1996-05,石川県,金沢市,109.0,3.4,⬅️東,,0,16.5,0,68,6.9,12.7,1009.3,206.6,0,3,0
1996-06,石川県,金沢市,342.5,4.0,⬅️東,,0,21.4,0,77,8.9,19.6,1004.8,112.7,0,3,0
1996-07,石川県,金沢市,42.0,3.3,⬅️東,,0,25.5,0,74,6.7,24.0,1006.1,218.5,0,2,1
1996-08,石川県,金沢市,121.0,3.5,⬅️東,,0,26.5,0,73,5.6,24.9,1005.8,245.5,0,0,0
1996-09,石川県,金沢市,179.5,3.3,⬅️東,,0,21.6,0,75,6.9,19.2,1008.9,159.8,0,0,0
1996-10,石川県,金沢市,114.0,3.2,⬅️東,,0,16.5,0,72,5.4,13.4,1014.1,185.6,0,2,0
1996-11,石川県,金沢市,316.5,4.5,⬅️東,,0,11.2,3,76,8.4,10.3,1015.6,65.5,1,2,0
1996-12,石川県,金沢市,318.5,4.8,↗️南西,,0,6.8,26,77,7.5,7.6,1014.8,83.0,9,6,0
1997-01,石川県,金沢市,268.5,5.4,↗️南西,,0,3.9,34,78,8.8,6.3,1011.7,62.8,20,8,0
1997-02,石川県,金沢市,114.0,4.8,↖️南東,,0,3.7,35,75,7.4,5.9,1014.9,95.5,17,7,0
1997-03,石川県,金沢市,92.5,4.6,⬅️東,,0,7.8,0,68,6.1,7.3,1015.5,186.3,3,1,0
1997-04,石川県,金沢市,219.5,4.2,⬅️東,,0,12.2,0,71,5.9,9.9,1011.7,181.2,0,0,1
1997-05,石川県,金沢市,231.5,4.2,↗️南西,,0,17.8,0,71,7.6,14.4,1005.5,166.3,0,3,1
1997-06,石川県,金沢市,195.0,3.1,⬅️東,,0,21.5,0,75,7.6,19.1,1005.5,176.5,0,0,0
1997-07,石川県,金沢市,351.5,3.8,⬅️東,,0,25.1,0,77,7.9,24.2,1004.5,134.8,0,1,0
1997-08,石川県,金沢市,98.0,3.6,↗️南西,,0,26.7,0,72,6.0,25.1,1006.3,226.2,0,4,0
1997-09,石川県,金沢市,258.5,3.9,⬅️東,,0,21.5,0,77,8.1,20.1,1008.9,118.5,0,1,0
1997-10,石川県,金沢市,232.5,4.3,↗️南西,,0,16.3,0,66,5.3,12.1,1012.1,184.9,0,10,0
1997-11,石川県,金沢市,227.5,3.7,⬅️東,,0,12.2,0,72,6.6,10.3,1016.5,120.4,0,2,0
1997-12,石川県,金沢市,216.5,4.5,↗️南西,,0,7.1,5,73,7.7,7.5,1017.4,95.5,7,4,0
1998-01,石川県,金沢市,287.0,5.6,↗️南西,,0,3.9,54,81,9.5,6.5,1015.2,46.1,19,9,0
1998-02,石川県,金沢市,126.0,4.3,⬅️東,,0,5.3,16,74,7.4,6.7,1015.8,104.8,9,3,0
1998-03,石川県,金沢市,100.5,4.1,⬅️東,,0,7.7,2,66,6.8,7.0,1014.4,176.6,3,1,0
1998-04,石川県,金沢市,180.0,3.7,⬅️東,,0,14.7,0,76,7.5,12.8,1012.7,124.5,1,0,1
1998-05,石川県,金沢市,302.5,3.6,⬅️東,,0,19.1,0,75,6.9,16.3,1010.7,204.4,0,0,0
1998-06,石川県,金沢市,178.0,4.0,⬅️東,,0,21.1,0,82,9.1,20.5,1006.2,93.3,0,0,1
1998-07,石川県,金沢市,127.0,3.5,⬅️東,,0,25.6,0,81,8.8,26.3,1003.8,143.4,0,4,0
1998-08,石川県,金沢市,373.0,3.7,↗️南西,,0,26.4,0,82,8.6,28.0,1005.2,109.6,0,4,0
1998-09,石川県,金沢市,326.0,3.2,⬅️東,,0,23.9,0,82,7.0,24.2,1008.2,125.4,0,2,0
1998-10,石川県,金沢市,209.5,3.7,⬅️東,,0,19.3,0,79,7.3,17.7,1012.7,113.5,0,2,0
1998-11,石川県,金沢市,248.5,4.8,↗️南西,,0,12.2,0,70,7.2,10.1,1014.2,110.1,1,8,0
1998-12,石川県,金沢市,173.0,4.6,⬅️東,,0,8.1,4,72,7.8,7.1,1017.6,81.0,4,7,0
1999-01,石川県,金沢市,262.5,4.4,↗️南西,,0,4.5,47,73,8.9,6.1,1013.2,62.4,20,11,0
1999-02,石川県,金沢市,239.5,4.4,↗️南西,,0,3.9,74,71,7.9,5.7,1014.3,85.0,18,7,0
1999-03,石川県,金沢市,95.0,4.5,⬅️東,,0,8.3,0,65,7.7,7.2,1013.1,133.4,6,0,0
1999-04,石川県,金沢市,153.5,3.9,⬅️東,,0,12.4,0,70,7.0,10.1,1010.3,162.7,1,1,0
1999-05,石川県,金沢市,125.0,4.0,➡️西,,0,17.9,0,63,6.2,12.6,1007.8,242.4,0,1,0
1999-06,石川県,金沢市,249.0,3.4,⬅️東,,0,21.3,0,76,8.0,19.1,1005.7,150.2,0,0,0
1999-07,石川県,金沢市,136.5,2.9,⬅️東,,0,25.3,0,75,8.1,23.8,1004.6,144.3,0,1,0
1999-08,石川県,金沢市,181.0,3.2,↗️南西,,0,28.0,0,71,6.6,26.4,1005.5,210.4,0,5,0
1999-09,石川県,金沢市,348.5,3.6,⬅️東,,0,25.1,0,76,7.9,24.1,1008.5,137.3,0,4,0
1999-10,石川県,金沢市,178.0,3.5,⬅️東,,0,17.9,0,70,6.5,14.5,1014.2,164.1,0,2,0
1999-11,石川県,金沢市,237.5,4.0,⬅️東,,0,12.3,0,73,7.2,10.5,1014.6,101.8,0,5,0
1999-12,石川県,金沢市,369.5,4.8,↗️南西,,0,6.8,21,73,8.7,7.2,1016.2,57.9,10,12,0
2000-01,石川県,金沢市,151.5,4.6,⬅️東,,0,5.3,46,73,8.9,6.5,1017.1,60.4,11,4,0
2000-02,石川県,金沢市,184.0,4.7,↗️南西,,0,2.8,123,72,9.1,5.4,1012.6,66.3,21,8,0
2000-03,石川県,金沢市,198.5,4.7,↗️南西,,0,6.5,35,65,7.3,6.3,1011.5,140.4,8,5,0
2000-04,石川県,金沢市,142.5,4.6,↗️南西,,0,12.3,0,63,6.7,9.0,1008.5,178.2,1,3,0
2000-05,石川県,金沢市,50.5,3.5,⬅️東,,0,18.1,0,71,7.4,14.5,1007.3,198.1,0,6,0
2000-06,石川県,金沢市,186.0,3.0,⬅️東,,0,21.6,0,76,7.8,19.4,1004.8,157.4,0,0,1
2000-07,石川県,金沢市,105.5,3.4,↗️南西,,0,26.9,0,72,6.7,25.0,1004.1,229.4,0,2,0
2000-08,石川県,金沢市,5.5,3.0,⬅️東,,0,28.4,0,70,5.8,26.7,1006.9,292.1,0,4,0
2000-09,石川県,金沢市,414.0,3.6,⬅️東,,0,23.7,0,71,6.6,20.9,1007.9,172.4,0,3,0
2000-10,石川県,金沢市,160.0,3.4,⬅️東,,0,17.1,0,73,7.1,14.5,1013.9,123.4,0,0,0
2000-11,石川県,金沢市,290.5,4.2,⬅️東,,0,11.9,0,72,7.1,10.3,1017.3,108.1,0,0,0
2000-12,石川県,金沢市,237.5,4.7,↗️南西,,0,6.7,7,69,7.5,6.7,1015.7,95.9,9,8,0
2001-01,石川県,金沢市,305.5,5.4,⬅️東,,0,2.5,163,76,9.7,5.6,1013.5,27.7,26,10,0
2001-02,石川県,金沢市,100.5,4.4,⬅️東,,0,4.0,27,71,8.0,5.8,1016.2,92.1,14,1,0
2001-03,石川県,金沢市,141.0,4.8,⬅️東,,0,7.0,44,66,7.7,6.5,1008.7,126.5,12,6,0
2001-04,石川県,金沢市,45.5,4.0,⬅️東,,0,13.0,0,59,5.4,8.7,1011.8,235.5,1,0,0
2001-05,石川県,金沢市,86.0,3.3,➡️西,,0,18.8,0,68,6.7,14.4,1006.9,197.2,0,1,0
2001-06,石川県,金沢市,245.0,3.9,↗️南西,,0,21.4,0,77,8.7,19.8,1004.5,112.4,0,4,1
2001-07,石川県,金沢市,66.0,3.4,➡️西,,0,27.3,0,73,5.5,26.0,1005.3,254.3,0,2,0
2001-08,石川県,金沢市,83.0,3.3,⬅️東,,0,27.2,0,75,5.9,26.7,1005.4,221.3,0,1,0
2001-09,石川県,金沢市,237.5,3.5,⬅️東,,0,21.9,0,77,7.3,20.4,1009.2,164.1,0,3,0
2001-10,石川県,金沢市,170.0,3.5,⬅️東,,0,17.5,0,72,6.5,14.5,1013.7,170.3,0,0,0
2001-11,石川県,金沢市,259.0,3.7,↖️南東,,0,11.3,0,69,6.8,9.2,1014.3,128.0,0,8,0
2001-12,石川県,金沢市,182.0,5.0,⬅️東,,0,6.2,1,73,8.9,7.0,1017.3,60.7,14,5,0
2002-01,石川県,金沢市,450.5,5.5,↗️南西,,0,4.5,64,78,8.9,6.6,1011.3,38.9,18,15,0
2002-02,石川県,金沢市,108.5,3.8,⬅️東,,0,5.1,67,71,8.1,6.2,1016.1,88.6,11,7,0
2002-03,石川県,金沢市,159.5,4.6,↗️南西,,0,9.0,0,65,6.5,7.4,1011.9,155.8,4,3,0
2002-04,石川県,金沢市,116.0,4.2,↗️南西,,0,14.7,0,63,7.2,10.6,1012.1,178.4,0,1,0
2002-05,石川県,金沢市,182.5,3.6,⬅️東,,0,17.1,0,73,7.3,14.1,1008.5,175.9,0,1,1
2002-06,石川県,金沢市,106.0,3.2,⬅️東,,0,21.6,0,70,6.9,18.0,1005.0,202.7,0,1,0
2002-07,石川県,金沢市,462.5,3.3,⬅️東,,0,26.8,0,77,7.1,27.0,1003.6,191.9,0,6,0
2002-08,石川県,金沢市,45.0,3.9,↗️南西,,0,27.6,0,70,6.3,25.8,1005.8,229.3,0,3,0
2002-09,石川県,金沢市,210.5,3.3,⬅️東,,0,23.0,0,73,7.0,20.4,1009.9,155.7,0,0,0
2002-10,石川県,金沢市,254.0,4.0,⬅️東,,0,17.4,0,70,6.3,14.1,1011.9,157.9,0,7,0
2002-11,石川県,金沢市,511.0,5.2,↗️南西,,0,9.3,0,71,8.3,8.3,1013.1,78.7,2,11,0
2002-12,石川県,金沢市,187.0,4.8,⬅️東,,0,6.0,41,76,9.0,7.1,1017.1,49.7,11,9,0
2003-01,石川県,金沢市,243.0,5.2,⬅️東,,0,3.7,59,74,8.7,5.9,1013.4,62.6,19,8,0
2003-02,石川県,金沢市,94.5,3.4,⬅️東,,0,4.4,17,71,8.0,6.0,1015.8,94.8,13,1,0
2003-03,石川県,金沢市,141.0,4.1,⬅️東,,0,6.3,7,66,7.7,6.3,1015.0,146.0,9,0,0
2003-04,石川県,金沢市,228.5,4.1,⬅️東,,0,12.8,0,73,7.5,10.7,1011.1,147.9,0,0,0
2003-05,石川県,金沢市,70.0,3.2,⬅️東,,0,18.3,0,67,6.4,14.2,1010.4,230.3,0,0,0
2003-06,石川県,金沢市,136.0,3.2,⬅️東,,0,21.9,0,76,8.3,20.0,1004.4,126.9,0,2,0
2003-07,石川県,金沢市,226.5,3.7,⬅️東,,0,22.8,0,82,9.3,22.6,1004.9,75.0,0,3,0
2003-08,石川県,金沢市,236.0,3.4,⬅️東,,0,26.0,0,79,8.2,26.3,1005.7,146.6,0,3,0
2003-09,石川県,金沢市,98.5,3.6,⬅️東,,0,23.5,0,75,7.0,22.0,1009.4,167.4,0,3,0
2003-10,石川県,金沢市,105.5,3.5,⬅️東,,0,16.5,0,68,6.3,12.7,1012.8,180.3,0,1,0
2003-11,石川県,金沢市,198.5,4.0,⬅️東,,0,13.6,0,75,7.5,11.8,1016.8,89.8,0,1,0
2003-12,石川県,金沢市,295.0,5.0,↗️南西,,0,7.5,9,72,8.9,7.5,1013.4,52.3,10,9,0
2004-01,石川県,金沢市,247.5,4.8,↗️南西,,0,3.8,87,74,8.6,5.9,1014.2,82.8,17,11,0
2004-02,石川県,金沢市,243.0,4.9,↗️南西,,0,5.5,45,70,7.4,6.2,1012.7,111.3,13,11,0
2004-03,石川県,金沢市,132.5,4.3,⬅️東,,0,7.8,48,64,6.9,6.6,1014.1,177.2,7,1,0
2004-04,石川県,金沢市,171.0,4.2,↗️南西,,0,13.4,0,61,5.8,9.2,1008.8,213.5,0,0,0
2004-05,石川県,金沢市,322.5,3.5,⬅️東,,0,18.6,0,72,7.8,15.2,1007.2,138.6,0,1,0
2004-06,石川県,金沢市,166.5,3.3,⬅️東,,0,22.5,0,72,7.2,19.5,1006.6,185.4,0,2,0
2004-07,石川県,金沢市,78.5,3.8,↗️南西,,0,27.3,0,71,6.9,25.7,1005.0,196.7,0,4,0
2004-08,石川県,金沢市,81.5,3.7,⬅️東,,0,27.4,0,68,7.2,24.4,1005.0,220.6,0,0,0
2004-09,石川県,金沢市,269.5,4.0,⬅️東,,0,24.2,0,74,8.3,22.0,1010.8,120.7,0,4,0
2004-10,石川県,金沢市,193.5,3.9,⬅️東,,0,17.3,0,74,7.1,14.7,1013.6,133.4,0,1,0
2004-11,石川県,金沢市,185.0,3.5,↖️南東,,0,13.8,0,71,6.3,11.2,1016.6,130.6,0,5,0
2004-12,石川県,金沢市,238.0,4.1,⬅️東,,0,8.2,1,70,7.5,7.6,1016.5,98.8,8,6,0
2005-01,石川県,金沢市,264.5,5.2,↗️南西,,0,4.2,50,73,8.9,5.9,1011.8,57.0,19,12,0
2005-02,石川県,金沢市,199.0,4.9,⬅️東,,0,3.4,92,74,9.3,5.8,1014.7,55.0,19,5,0
2005-03,石川県,金沢市,179.5,4.6,↗️南西,,0,6.8,17,66,7.9,6.6,1012.3,127.1,12,7,0
2005-04,石川県,金沢市,77.0,4.5,↗️南西,,0,13.7,0,58,5.8,8.9,1011.1,228.6,0,2,1
2005-05,石川県,金沢市,126.0,3.7,⬅️東,,0,16.4,0,67,6.5,12.4,1007.3,229.0,0,2,0
2005-06,石川県,金沢市,147.5,3.2,⬅️東,,0,22.9,0,71,8.0,19.8,1003.7,175.1,0,2,1
2005-07,石川県,金沢市,295.0,3.6,↗️南西,,0,25.3,0,76,8.2,24.5,1003.6,141.0,0,2,0
2005-08,石川県,金沢市,182.0,3.3,⬅️東,,0,27.7,0,70,6.9,25.9,1005.7,197.2,0,6,0
2005-09,石川県,金沢市,103.0,3.9,⬅️東,,0,24.3,0,71,7.4,21.6,1011.3,152.0,0,2,0
2005-10,石川県,金沢市,186.0,3.7,⬅️東,,0,18.1,0,71,7.5,14.8,1013.6,143.0,0,0,0
2005-11,石川県,金沢市,198.5,3.9,↗️南西,,0,11.6,0,69,7.0,9.3,1014.2,108.6,0,14,0
2005-12,石川県,金沢市,587.0,6.1,↗️南西,,0,3.4,114,76,9.3,5.9,1011.6,41.4,25,18,0
2006-01,石川県,金沢市,178.5,3.8,⬅️東,,0,2.5,90,73,8.8,5.4,1017.1,73.5,23,4,1
2006-02,石川県,金沢市,162.0,4.6,⬅️東,,0,4.0,49,72,8.5,5.9,1017.7,67.0,15,4,0
2006-03,石川県,金沢市,217.0,4.6,↗️南西,,0,6.5,29,67,7.9,6.4,1010.2,128.9,13,3,1
2006-04,石川県,金沢市,192.0,4.1,⬅️東,,0,11.3,0,65,7.6,8.5,1007.7,125.7,0,7,0
2006-05,石川県,金沢市,160.0,3.8,⬅️東,,0,17.4,0,69,7.7,13.6,1009.9,151.1,0,3,1
2006-06,石川県,金沢市,58.5,3.3,⬅️東,,0,21.4,0,73,8.1,18.6,1005.4,147.8,0,3,2
2006-07,石川県,金沢市,503.5,3.4,↗️南西,,0,24.3,0,79,9.0,23.7,1004.4,97.5,0,3,0
2006-08,石川県,金沢市,48.0,2.9,⬅️東,,0,28.3,0,68,5.4,26.0,1005.2,293.8,0,3,0
2006-09,石川県,金沢市,255.0,3.6,⬅️東,,0,22.2,0,72,7.1,19.2,1009.0,152.3,0,2,0
2006-10,石川県,金沢市,136.5,3.3,⬅️東,,0,18.1,0,72,6.1,14.8,1013.2,179.3,0,2,0
2006-11,石川県,金沢市,258.0,4.4,⬅️東,,0,12.5,0,68,7.1,9.9,1013.4,111.2,0,5,0
2006-12,石川県,金沢市,278.0,4.1,↗️南西,,0,7.1,5,71,8.4,7.2,1017.9,58.7,6,6,0
2007-01,石川県,金沢市,125.5,3.6,⬅️東,,0,5.1,0,69,8.2,6.0,1017.7,83.1,12,4,0
2007-02,石川県,金沢市,134.5,4.4,⬅️東,,0,6.2,6,64,6.7,6.1,1014.6,130.2,8,6,0
2007-03,石川県,金沢市,176.0,4.4,⬅️東,,0,7.3,23,62,7.7,6.5,1013.1,121.8,12,8,0
2007-04,石川県,金沢市,65.0,4.0,⬅️東,,0,12.0,0,61,6.9,8.5,1011.6,187.3,1,4,0
2007-05,石川県,金沢市,120.0,4.1,↗️南西,,0,17.2,0,62,6.4,12.0,1004.9,207.7,0,4,0
2007-06,石川県,金沢市,228.0,3.2,⬅️東,,0,21.5,0,71,8.2,18.1,1005.8,147.5,0,5,1
2007-07,石川県,金沢市,105.5,3.3,⬅️東,,0,23.3,0,77,8.7,22.1,1001.7,101.4,0,0,2
2007-08,石川県,金沢市,230.0,3.3,⬅️東,,0,28.1,0,65,6.2,24.3,1007.4,259.1,0,5,0
2007-09,石川県,金沢市,91.0,3.5,⬅️東,,0,24.8,0,70,7.5,22.0,1008.5,143.9,0,0,0
2007-10,石川県,金沢市,100.5,3.7,⬅️東,,0,17.5,0,65,6.6,13.0,1014.0,153.4,0,2,0
2007-11,石川県,金沢市,158.5,4.2,⬅️東,,0,11.2,0,66,7.1,8.8,1015.7,111.8,4,7,0
2007-12,石川県,金沢市,286.0,4.7,↗️南西,,0,7.5,0,70,8.8,7.3,1013.2,49.5,6,13,0
2008-01,石川県,金沢市,133.5,4.1,⬅️東,,0,3.8,39,68,9.4,5.5,1017.0,62.0,17,1,0
2008-02,石川県,金沢市,176.5,3.8,⬅️東,,0,2.4,88,71,8.6,5.1,1014.9,66.3,24,3,0
2008-03,石川県,金沢市,143.5,4.0,⬅️東,,0,8.2,11,66,7.0,7.1,1013.0,161.7,7,2,0
2008-04,石川県,金沢市,121.5,3.8,⬅️東,,0,13.0,0,64,6.1,9.4,1010.6,185.3,0,4,0
2008-05,石川県,金沢市,120.0,3.7,⬅️東,,0,17.5,0,63,6.6,12.6,1007.3,223.6,0,0,0
2008-06,石川県,金沢市,139.0,3.4,⬅️東,,0,20.6,0,70,8.3,17.0,1006.3,156.4,0,1,0
2008-07,石川県,金沢市,90.0,2.8,⬅️東,,0,26.8,0,69,7.4,24.4,1005.2,206.7,0,6,1
2008-08,石川県,金沢市,179.0,3.7,⬅️東,,0,26.6,0,70,6.8,24.1,1004.3,200.7,0,7,0
2008-09,石川県,金沢市,138.0,3.2,⬅️東,,0,22.9,0,69,7.4,19.7,1008.8,146.8,0,2,0
2008-10,石川県,金沢市,168.0,3.2,⬅️東,,0,17.9,0,67,6.4,13.7,1013.9,157.5,0,4,0
2008-11,石川県,金沢市,231.0,4.3,↗️南西,,0,11.2,0,66,7.3,8.8,1014.4,100.8,2,8,0
2008-12,石川県,金沢市,219.0,4.4,↗️南西,,0,7.6,2,65,6.9,6.8,1015.3,103.5,9,6,0
2009-01,石川県,金沢市,278.0,4.9,↗️南西,,0,4.0,53,69,8.7,5.7,1015.5,66.7,17,12,0
2009-02,石川県,金沢市,128.5,4.3,⬅️東,,0,5.4,22,65,7.7,5.9,1013.9,98.9,6,6,0
2009-03,石川県,金沢市,160.0,4.3,⬅️東,,0,7.3,0,62,7.5,6.3,1013.7,144.6,9,2,0
2009-04,石川県,金沢市,113.5,3.6,⬅️東,,0,12.5,0,61,5.8,8.8,1010.6,218.0,0,1,0
2009-05,石川県,金沢市,94.0,3.5,➡️西,,0,17.6,0,63,8.2,12.5,1008.4,181.5,0,0,0
2009-06,石川県,金沢市,136.0,3.2,⬅️東,,0,21.7,0,66,7.8,16.9,1003.3,175.8,0,1,0
2009-07,石川県,金沢市,447.0,4.0,↗️南西,,0,24.9,0,73,9.3,22.8,1003.3,87.5,0,7,0
2009-08,石川県,金沢市,126.0,3.7,⬅️東,,0,25.5,0,72,7.6,23.4,1005.7,185.9,0,2,0
2009-09,石川県,金沢市,69.5,3.4,⬅️東,,0,22.1,0,69,6.4,18.3,1009.4,179.9,0,3,0
2009-10,石川県,金沢市,180.5,3.3,⬅️東,,0,17.3,0,66,5.9,13.0,1011.3,184.4,0,4,0
2009-11,石川県,金沢市,224.0,4.0,⬅️東,,0,12.1,0,67,7.5,9.6,1016.2,105.2,0,2,0
2009-12,石川県,金沢市,335.0,4.9,↗️南西,,0,6.7,39,69,8.5,6.9,1012.8,74.4,10,8,0
2010-01,石川県,金沢市,305.0,4.7,↗️南西,,0,4.4,68,69,9.2,5.7,1013.9,65.2,23,8,0
2010-02,石川県,金沢市,210.0,4.6,⬅️東,,0,4.8,46,71,8.3,6.2,1014.7,69.8,16,6,0
2010-03,石川県,金沢市,222.0,5.0,⬅️東,,0,6.8,10,68,8.4,6.7,1014.6,86.6,8,1,0
2010-04,石川県,金沢市,221.0,4.4,⬅️東,,0,10.7,0,64,7.6,8.2,1014.1,141.4,0,1,0
2010-05,石川県,金沢市,153.5,3.7,⬅️東,,0,16.5,0,65,7.1,12.0,1008.2,179.1,0,1,0
2010-06,石川県,金沢市,240.5,2.8,⬅️東,,0,21.9,0,72,7.0,18.9,1007.4,192.1,0,1,1
2010-07,石川県,金沢市,223.5,3.1,↗️南西,,0,26.5,0,71,7.3,24.3,1006.2,216.8,0,6,0
2010-08,石川県,金沢市,55.0,2.9,⬅️東,,0,29.3,0,67,5.2,26.9,1009.3,267.2,0,4,0
2010-09,石川県,金沢市,297.0,3.6,⬅️東,,0,24.5,0,69,7.6,21.3,1009.0,151.3,0,4,0
2010-10,石川県,金沢市,226.0,3.3,⬅️東,,0,18.0,0,70,8.0,14.5,1013.0,133.7,0,0,0
2010-11,石川県,金沢市,281.5,4.0,↗️南西,,0,11.3,0,68,7.3,9.1,1014.2,100.6,0,8,0
2010-12,石川県,金沢市,423.5,5.6,↗️南西,,0,7.0,54,70,8.4,7.1,1007.5,70.9,12,17,0
2011-01,石川県,金沢市,312.0,4.8,↗️南西,,0,1.5,174,76,9.2,5.2,1013.4,42.5,30,12,0
2011-02,石川県,金沢市,109.0,3.9,⬅️東,,0,4.5,5,66,7.1,5.6,1015.6,122.3,11,3,0
2011-03,石川県,金沢市,126.0,4.1,↗️南西,,0,5.4,21,67,7.9,6.0,1013.7,136.6,16,5,0
2011-04,石川県,金沢市,132.5,4.3,↗️南西,,0,11.5,0,59,5.8,7.9,1010.5,189.7,0,2,0
2011-05,石川県,金沢市,280.0,4.3,⬅️東,,0,17.4,0,68,7.6,13.3,1007.8,181.8,0,3,1
2011-06,石川県,金沢市,142.0,3.6,↗️南西,,0,22.7,0,74,8.9,20.4,1005.3,158.8,0,7,0
2011-07,石川県,金沢市,128.0,3.4,↗️南西,,0,27.2,0,73,7.5,26.1,1004.1,184.0,0,4,0
2011-08,石川県,金沢市,191.5,3.4,⬅️東,,0,27.5,0,74,7.7,27.0,1006.2,194.1,0,3,0
2011-09,石川県,金沢市,376.0,3.6,⬅️東,,0,23.8,0,73,6.7,21.8,1007.1,175.3,0,1,0
2011-10,石川県,金沢市,89.0,3.5,⬅️東,,0,17.5,0,69,6.6,13.9,1014.6,171.8,0,0,0
2011-11,石川県,金沢市,217.0,3.4,⬅️東,,0,13.3,0,73,7.9,11.4,1016.9,109.3,0,4,0
2011-12,石川県,金沢市,364.0,4.6,↗️南西,,0,5.3,30,78,8.9,7.0,1016.5,52.1,17,10,0
2012-01,石川県,金沢市,252.5,4.2,⬅️東,,0,2.9,96,78,9.2,5.9,1015.7,59.9,22,8,0
2012-02,石川県,金沢市,189.0,4.6,⬅️東,,0,2.6,100,74,8.8,5.5,1014.8,79.2,23,6,0
2012-03,石川県,金沢市,214.5,4.9,⬅️東,,0,7.0,3,68,8.2,6.8,1012.9,118.6,7,5,0
2012-04,石川県,金沢市,112.0,4.1,⬅️東,,0,12.7,1,65,7.0,9.6,1010.5,178.3,3,4,0
2012-05,石川県,金沢市,107.0,3.6,⬅️東,,0,17.1,0,70,7.7,13.4,1007.2,216.3,0,5,0
2012-06,石川県,金沢市,112.5,3.4,⬅️東,,0,21.3,0,74,8.0,18.6,1005.0,190.9,0,1,0
2012-07,石川県,金沢市,228.0,3.1,↗️南西,,0,26.8,0,74,8.3,25.6,1004.1,202.6,0,2,0
2012-08,石川県,金沢市,135.5,3.1,⬅️東,,0,28.9,0,67,5.2,26.6,1007.7,289.1,0,5,0
2012-09,石川県,金沢市,310.5,2.6,⬆️南,,0,25.2,0,70,6.3,22.2,1009.2,187.5,0,7,0
2012-10,石川県,金沢市,211.0,3.4,⬅️東,,0,18.1,0,66,6.7,13.7,1012.2,182.0,0,2,0
2012-11,石川県,金沢市,433.5,4.4,↗️南西,,0,10.5,0,71,8.4,9.1,1012.0,71.4,0,10,0
2012-12,石川県,金沢市,369.5,5.2,⬅️東,,0,4.7,49,75,9.0,6.4,1014.2,60.3,21,11,0
2013-01,石川県,金沢市,243.5,4.6,⬅️東,,0,3.0,78,76,8.8,5.8,1016.4,68.0,20,10,0
2013-02,石川県,金沢市,152.0,4.3,⬅️東,,0,3.1,66,72,9.1,5.5,1016.9,77.7,19,3,0
2013-03,石川県,金沢市,110.0,4.4,⬅️東,,0,8.3,0,61,7.1,6.8,1012.1,163.7,8,1,0
2013-04,石川県,金沢市,209.0,4.4,↗️南西,,0,11.4,0,65,7.6,8.6,1008.2,174.3,1,6,0
2013-05,石川県,金沢市,92.0,3.3,⬅️東,,0,17.2,0,66,5.8,12.9,1009.1,254.7,0,0,2
2013-06,石川県,金沢市,151.0,3.1,⬅️東,,0,22.9,0,73,7.5,20.1,1005.1,219.2,0,0,0
2013-07,石川県,金沢市,360.5,4.1,↗️南西,,0,27.2,0,70,8.8,25.1,1004.3,193.2,0,3,0
2013-08,石川県,金沢市,300.0,3.3,↗️南西,,0,28.2,0,70,6.6,26.5,1003.7,246.8,0,5,0
2013-09,石川県,金沢市,413.5,3.1,⬅️東,,0,23.0,0,73,6.4,20.4,1010.5,180.4,0,3,0
2013-10,石川県,金沢市,324.0,3.6,⬅️東,,0,18.9,0,72,7.7,16.0,1013.7,138.3,0,1,0
2013-11,石川県,金沢市,598.5,4.8,↗️南西,,0,10.9,0,71,8.0,9.2,1012.9,101.2,2,11,0
2013-12,石川県,金沢市,364.0,5.0,↗️南西,,0,6.3,5,72,9.1,6.9,1012.1,50.8,11,14,0
2014-01,石川県,金沢市,155.0,4.4,↗️南西,,0,3.9,31,70,8.1,5.6,1017.0,90.8,18,7,0
2014-02,石川県,金沢市,95.5,4.0,⬅️東,,0,3.5,47,69,8.6,5.6,1018.4,77.4,18,0,0
2014-03,石川県,金沢市,296.5,4.4,⬅️東,,0,7.4,21,67,7.7,7.0,1013.6,139.6,13,0,0
2014-04,石川県,金沢市,88.0,3.3,⬅️東,,0,12.4,0,61,5.3,8.8,1013.1,237.5,1,1,0
2014-05,石川県,金沢市,91.5,3.5,➡️西,,0,18.0,0,61,6.2,12.4,1007.9,241.2,0,1,0
2014-06,石川県,金沢市,152.5,3.2,⬅️東,,0,22.7,0,73,8.2,19.8,1003.0,206.9,0,2,0
2014-07,石川県,金沢市,116.5,3.3,➡️西,,0,26.1,0,75,7.3,25.0,1004.7,198.9,0,3,0
2014-08,石川県,金沢市,497.5,3.4,⬅️東,,0,26.5,0,76,8.9,26.0,1005.5,126.8,0,7,0
2014-09,石川県,金沢市,80.0,2.9,⬅️東,,0,22.5,0,69,6.5,18.7,1009.0,203.4,0,1,0
2014-10,石川県,金沢市,249.5,3.9,⬅️東,,0,17.2,0,69,5.8,13.7,1014.4,176.2,0,1,0
2014-11,石川県,金沢市,196.0,3.6,⬅️東,,0,12.3,0,72,7.6,10.4,1015.1,114.6,0,8,0
2014-12,石川県,金沢市,616.0,5.0,➡️西,,0,4.7,60,76,9.3,6.6,1012.9,47.3,18,17,0
2015-01,石川県,金沢市,223.0,3.5,⬅️東,,0,3.9,45,75,9.5,6.0,1014.9,43.8,20,5,0
2015-02,石川県,金沢市,150.5,3.6,↗️南西,,0,4.8,21,70,9.1,6.0,1013.8,72.7,15,3,0
2015-03,石川県,金沢市,172.5,3.9,⬅️東,,0,7.7,9,68,7.3,7.1,1014.8,150.3,9,5,0
2015-04,石川県,金沢市,198.5,4.0,⬅️東,,0,13.3,0,68,7.7,10.2,1012.6,173.0,0,1,0
2015-05,石川県,金沢市,120.0,3.4,➡️西,,0,19.5,0,60,5.8,13.3,1006.5,271.8,0,1,0
2015-06,石川県,金沢市,107.5,3.2,⬅️東,,0,21.7,0,74,7.9,19.0,1004.3,172.7,0,1,0
2015-07,石川県,金沢市,159.0,3.7,⬅️東,,0,26.1,0,74,7.9,24.6,1005.1,193.9,0,1,0
2015-08,石川県,金沢市,123.5,3.0,⬅️東,,0,27.0,0,73,6.9,25.7,1005.0,220.9,0,1,0
2015-09,石川県,金沢市,272.0,3.7,⬅️東,,0,21.5,0,77,7.8,19.6,1009.0,138.9,0,2,0
2015-10,石川県,金沢市,77.5,4.1,⬅️東,,0,17.1,0,65,5.8,12.6,1013.2,192.4,0,2,0
2015-11,石川県,金沢市,225.5,4.0,⬅️東,,0,13.4,0,75,8.4,11.7,1017.7,90.1,0,3,0
2015-12,石川県,金沢市,335.0,4.2,⬅️東,,0,8.0,0,73,8.2,7.9,1017.4,72.8,5,7,0
2016-01,石川県,金沢市,240.5,5.2,↗️南西,,0,5.0,50,74,9.4,6.4,1014.9,57.1,17,10,0
2016-02,石川県,金沢市,281.5,4.4,↗️南西,,0,4.9,53,71,8.1,6.2,1017.1,101.0,16,9,0
2016-03,石川県,金沢市,56.5,3.7,⬅️東,,0,8.3,6,63,6.6,6.9,1016.5,160.4,6,0,2
2016-04,石川県,金沢市,201.0,4.2,⬅️東,,0,14.1,0,64,7.2,10.1,1010.0,197.0,0,0,0
2016-05,石川県,金沢市,81.5,3.9,⬅️東,,0,19.4,0,64,7.0,14.2,1008.7,225.9,0,0,0
2016-06,石川県,金沢市,200.0,3.4,⬅️東,,0,22.4,0,71,7.8,19.2,1005.2,176.9,0,2,0
2016-07,石川県,金沢市,160.0,3.3,➡️西,,0,26.2,0,74,8.1,25.1,1005.7,190.7,0,1,0
2016-08,石川県,金沢市,207.5,3.5,⬅️東,,0,27.5,0,71,5.7,26.0,1001.3,244.1,0,2,0
2016-09,石川県,金沢市,391.0,3.2,⬅️東,,0,23.8,0,78,8.9,22.7,1009.3,109.9,0,1,0
2016-10,石川県,金沢市,151.5,3.9,⬅️東,,0,18.0,0,68,7.4,14.5,1014.4,142.7,0,1,0
2016-11,石川県,金沢市,163.5,4.0,⬅️東,,0,11.4,0,69,7.6,9.4,1016.5,115.4,0,1,0
2016-12,石川県,金沢市,256.0,4.2,↗️南西,,0,7.9,8,70,8.5,7.5,1016.5,80.6,8,4,0
2017-01,石川県,金沢市,240.5,4.8,↗️南西,,0,4.5,42,69,8.4,5.8,1014.7,70.3,17,8,0
2017-02,石川県,金沢市,154.0,4.4,↗️南西,,0,4.4,21,68,8.3,5.6,1014.0,81.2,20,5,0
2017-03,石川県,金沢市,98.5,3.7,⬅️東,,0,7.2,7,63,7.7,6.3,1012.9,172.9,6,4,0
2017-04,石川県,金沢市,136.0,4.4,➡️西,,0,13.6,0,60,6.4,9.3,1009.3,197.2,0,2,1
2017-05,石川県,金沢市,52.0,3.6,➡️西,,0,18.9,0,62,6.5,13.4,1008.8,236.9,0,2,0
2017-06,石川県,金沢市,85.0,3.4,⬅️東,,0,20.3,0,69,7.7,16.4,1005.5,217.2,0,4,0
2017-07,石川県,金沢市,526.5,3.4,↗️南西,,0,27.2,0,74,8.1,26.6,1005.3,196.5,0,4,0
2017-08,石川県,金沢市,297.0,3.6,⬅️東,,0,27.3,0,73,8.4,26.2,1003.5,192.0,0,4,0
2017-09,石川県,金沢市,217.5,3.4,⬅️東,,0,22.4,0,70,7.0,18.8,1008.1,188.0,0,1,0
2017-10,石川県,金沢市,286.0,3.8,⬅️東,,0,17.1,0,74,8.6,14.6,1015.0,105.3,0,1,0
2017-11,石川県,金沢市,246.0,4.2,↗️南西,,0,10.9,0,68,7.1,9.0,1015.4,124.8,2,7,0
2017-12,石川県,金沢市,364.0,5.3,↗️南西,,0,5.6,41,71,9.3,6.4,1015.1,67.2,13,9,0
2018-01,石川県,金沢市,347.0,5.0,↗️南西,,0,2.8,139,75,9.2,5.7,1013.6,51.6,23,6,0
2018-02,石川県,金沢市,203.0,4.6,↗️南西,,0,3.0,133,71,8.4,5.3,1015.3,105.3,17,4,0
2018-03,石川県,金沢市,207.5,4.6,⬅️東,,0,8.7,0,63,5.4,7.0,1014.8,194.2,3,0,0
2018-04,石川県,金沢市,184.5,4.0,➡️西,,0,14.1,0,66,6.9,10.5,1011.5,194.0,1,3,0
2018-05,石川県,金沢市,225.0,3.8,⬅️東,,0,18.4,0,65,7.7,13.5,1008.1,182.0,0,4,0
2018-06,石川県,金沢市,97.5,3.8,⬅️東,,0,22.4,0,68,7.9,18.2,1005.2,189.5,0,0,0
2018-07,石川県,金沢市,207.0,3.0,⬅️東,,0,28.3,0,68,7.0,25.8,1005.9,289.4,0,0,0
2018-08,石川県,金沢市,253.0,3.6,⬅️東,,0,28.2,0,67,7.3,25.4,1005.0,217.8,0,7,0
2018-09,石川県,金沢市,529.0,3.6,⬅️東,,0,22.6,0,76,8.6,20.6,1008.8,111.8,0,1,0
2018-10,石川県,金沢市,153.5,3.8,⬅️東,,0,17.8,0,67,7.6,13.7,1012.8,153.1,0,3,0
2018-11,石川県,金沢市,112.0,3.2,⬅️東,,0,12.9,0,69,7.5,10.4,1017.2,130.8,0,0,0
2018-12,石川県,金沢市,246.5,4.3,⬅️東,,0,7.3,17,73,9.1,7.6,1017.6,61.2,11,4,0
2019-01,石川県,金沢市,192.0,4.2,↗️南西,,0,4.4,24,71,8.8,5.8,1016.2,77.4,20,7,0
2019-02,石川県,金沢市,93.0,3.8,⬅️東,,0,5.4,15,69,8.4,6.2,1016.9,94.3,10,0,0
2019-03,石川県,金沢市,131.5,4.0,⬅️東,,0,8.5,0,62,8.2,6.8,1011.2,142.6,7,8,0
2019-04,石川県,金沢市,146.5,3.7,⬅️東,,0,12.0,1,61,7.4,8.6,1010.6,179.3,3,2,0
2019-05,石川県,金沢市,84.0,3.3,⬅️東,,0,19.2,0,54,5.4,11.6,1009.0,310.4,0,1,0
2019-06,石川県,金沢市,246.0,3.2,⬅️東,,0,21.8,0,71,7.8,18.4,1003.4,184.3,0,2,0
2019-07,石川県,金沢市,126.5,3.1,⬅️東,,0,25.9,0,74,8.0,24.5,1004.5,150.5,0,1,0
2019-08,石川県,金沢市,339.0,3.4,⬅️東,,0,28.2,0,71,6.7,26.9,1004.3,228.2,0,3,0
2019-09,石川県,金沢市,55.5,3.7,⬅️東,,0,24.6,0,70,7.7,21.5,1011.3,181.1,0,1,0
2019-10,石川県,金沢市,286.5,3.9,⬅️東,,0,18.7,0,73,7.9,15.7,1012.7,115.3,0,2,0
2019-11,石川県,金沢市,138.0,4.0,⬅️東,,0,12.1,0,65,6.6,9.2,1016.4,140.2,0,2,0
2019-12,石川県,金沢市,171.0,4.2,⬅️東,,0,8.3,2,66,7.9,7.3,1017.4,92.0,3,5,0
2020-01,石川県,金沢市,234.0,4.2,⬅️東,,0,6.7,0,72,9.2,7.1,1014.8,64.3,6,6,0
2020-02,石川県,金沢市,146.0,4.3,↗️南西,,0,6.3,15,68,8.2,6.6,1017.5,93.8,13,5,0
2020-03,石川県,金沢市,143.0,4.6,⬅️東,,0,9.0,0,63,0,7.2,1011.9,160.0,5,7,0
2020-04,石川県,金沢市,174.5,4.4,➡️西,,0,11.2,0,61,0,8.0,1010.8,189.5,0,4,0
2020-05,石川県,金沢市,42.5,3.7,↗️南西,,0,18.5,0,66,0,13.9,1007.5,200.3,0,4,0
2020-06,石川県,金沢市,296.0,3.5,⬅️東,,0,23.2,0,70,0,19.8,1003.6,198.0,0,3,0
2020-07,石川県,金沢市,445.0,3.3,⬅️東,,0,24.3,0,81,0,24.5,1004.5,69.5,0,6,0
2020-08,石川県,金沢市,119.5,3.1,⬅️東,,0,28.9,0,69,0,27.3,1007.2,252.0,0,7,0
2020-09,石川県,金沢市,251.5,3.1,⬅️東,,0,24.8,0,72,0,22.5,1007.5,161.0,0,8,0
2020-10,石川県,金沢市,116.5,3.1,⬅️東,,0,17.5,0,67,0,13.4,1013.9,153.6,0,0,0
2020-11,石川県,金沢市,236.0,3.7,↗️南西,,0,13.0,0,67,0,10.0,1017.8,136.4,0,3,0
2020-12,石川県,金沢市,331.0,4.6,↗️南西,,0,7.0,32,73,0,7.3,1015.4,57.4,13,14,0
2021-01,石川県,金沢市,348.5,5.0,↗️南西,,0,3.9,101,76,0,6.1,1015.3,68.1,22,13,0
2021-02,石川県,金沢市,147.0,5.3,↗️南西,,0,6.6,38,63,0,6.1,1014.0,113.0,14,10,0
2021-03,石川県,金沢市,114.0,3.9,⬅️東,,0,9.7,0,64,0,7.7,1015.0,170.4,4,0,0
2021-04,石川県,金沢市,208.5,4.2,⬅️東,,0,12.9,0,61,0,9.0,1014.6,234.6,0,3,0
2021-05,石川県,金沢市,242.0,4.1,↗️南西,,0,18.0,0,67,0,13.8,1006.0,169.6,0,4,0
2021-06,石川県,金沢市,164.0,2.9,⬅️東,,0,22.5,0,69,0,18.7,1005.5,194.3,0,4,0
2021-07,石川県,金沢市,159.5,3.2,⬅️東,,0,27.0,0,75,0,26.3,1006.0,219.0,0,8,0
2021-08,石川県,金沢市,294.0,3.5,⬅️東,,0,27.1,0,74,0,26.3,1005.6,170.3,0,9,0
2021-09,石川県,金沢市,159.5,3.1,⬅️東,,0,23.4,0,73,0,20.7,1009.7,154.3,0,6,0
2021-10,石川県,金沢市,110.5,3.4,⬅️東,,0,18.3,0,68,0,14.6,1015.5,186.7,0,3,0
2021-11,石川県,金沢市,404.5,4.1,↗️南西,,0,12.3,0,67,0,9.6,1013.3,143.0,1,9,0
2021-12,石川県,金沢市,338.0,5.0,↗️南西,,0,7.0,38,72,0,7.3,1014.8,65.5,15,13,0
2022-01,石川県,金沢市,185.5,4.3,⬅️東,,0,3.4,62,71,0,5.5,1015.3,67.3,26,9,0
2022-02,石川県,金沢市,200.0,4.6,↗️南西,,0,3.3,106,72,0,5.5,1015.8,78.3,25,8,0
2022-03,石川県,金沢市,94.5,3.9,⬅️東,,0,8.9,0,64,0,7.3,1012.7,146.1,4,3,0
2022-04,石川県,金沢市,150.5,3.8,⬅️東,,0,13.8,0,63,0,10.3,1013.0,216.0,0,1,0
2022-05,石川県,金沢市,87.5,3.3,➡️西,,0,18.5,0,59,0,12.4,1008.9,243.4,0,1,1
2022-06,石川県,金沢市,107.0,4.0,⬅️東,,0,23.4,0,70,0,19.9,1005.7,231.8,0,4,0
2022-07,石川県,金沢市,186.0,3.2,⬅️東,,0,27.3,0,75,0,26.9,1003.5,206.7,0,14,0
2022-08,石川県,金沢市,382.5,3.5,↗️南西,,0,27.9,0,73,0,27.3,1004.3,181.0,0,11,0
2022-09,石川県,金沢市,199.0,3.6,⬅️東,,0,24.5,0,76,0,23.5,1008.9,160.0,0,2,0
2022-10,石川県,金沢市,143.0,3.6,⬅️東,,0,17.2,0,71,0,14.0,1015.8,164.8,0,4,0
2022-11,石川県,金沢市,126.0,3.2,⬅️東,,0,13.6,0,72,0,11.2,1015.3,154.7,0,4,0
2022-12,石川県,金沢市,362.0,5.4,↗️南西,,0,6.1,54,77,0,7.3,1013.7,52.6,13,15,2
2023-01,石川県,金沢市,197.0,4.1,↗️南西,,0,4.3,60,76,0,6.4,1015.4,80.0,23,8,0
2023-02,石川県,金沢市,114.5,3.8,⬅️東,,0,4.9,32,72,0,6.3,1018.8,100.9,20,2,0
2023-03,石川県,金沢市,131.5,3.6,⬅️東,,0,10.5,0,65,0,8.2,1016.2,203.6,2,2,0
2023-04,石川県,金沢市,171.5,4.0,⬅️東,,0,13.9,0,63,0,10.1,1011.5,195.4,0,3,0
2023-05,石川県,金沢市,231.0,3.5,⬅️東,,0,18.4,0,66,0,13.8,1010.4,234.0,0,2,0
2023-06,石川県,金沢市,255.5,3.4,⬅️東,,0,22.9,0,73,0,20.4,1004.9,186.4,0,5,0
2023-07,石川県,金沢市,202.5,3.5,↗️南西,,0,28.0,0,70,0,26.3,1006.3,231.8,0,8,0
2023-08,石川県,金沢市,40.0,2.9,⬅️東,,0,30.5,0,67,0,28.8,1003.8,271.5,0,12,0
2023-09,石川県,金沢市,108.0,3.1,⬅️東,,0,26.6,0,74,0,25.5,1008.5,152.8,0,7,0
2023-10,石川県,金沢市,173.5,3.3,⬆️南,,0,17.8,0,68,0,13.7,1012.3,180.0,0,8,0
2023-11,石川県,金沢市,344.5,4.6,↗️南西,,0,13.2,0,71,0,10.8,1014.3,116.1,0,12,0
2023-12,石川県,金沢市,363.5,4.6,↗️南西,,0,7.7,46,75,0,8.0,1016.6,77.3,8,8,0
2024-01,石川県,金沢市,288.5,4.6,↗️南西,,0,5.4,25,74,0,6.7,1016.0,75.8,12,9,0
2024-02,石川県,金沢市,172.0,4.3,⬅️東,,0,6.2,6,72,0,6.9,1018.7,91.1,17,2,0
2024-03,石川県,金沢市,208.5,4.7,⬅️東,,0,7.4,5,69,0,7.2,1012.3,124.2,13,7,0
2024-04,石川県,金沢市,160.0,3.5,⬅️東,,0,15.1,0,69,0,11.7,1010.8,201.2,0,2,0
2024-05,石川県,金沢市,193.0,3.6,⬅️東,,0,18.0,0,67,0,13.5,1009.9,205.7,0,1,0
2024-06,石川県,金沢市,156.5,3.2,⬅️東,,0,23.3,0,70,0,19.8,1005.4,223.6,0,2,0
2024-07,石川県,金沢市,326.0,4.0,↗️南西,,0,27.9,0,75,0,27.8,1005.5,158.0,0,15,0
2024-08,石川県,金沢市,83.0,3.2,⬅️東,,0,29.0,0,75,0,29.6,1003.9,226.1,0,9,0
2024-09,石川県,金沢市,129.5,3.2,⬅️東,,0,26.8,0,75,0,26.3,1009.3,196.2,0,6,0
2024-10,石川県,金沢市,248.5,3.4,⬅️東,,0,19.5,0,76,0,17.3,1014.8,134.5,0,2,0
2024-11,石川県,金沢市,429.5,4.1,⬅️東,,0,12.5,0,75,0,11.1,1015.6,124.5,0,6,0
2024-12,石川県,金沢市,385.0,4.8,↗️南西,,0,6.3,2,77,0,7.3,1013.1,40.9,19,13,0
2025-01,石川県,金沢市,284.5,4.6,↗️南西,,0,4.7,14,76,0,6.5,1014.8,92.5,22,13,0
2025-02,石川県,金沢市,222.5,4.8,↗️南西,,0,3.4,133,76,0,5.9,1013.7,74.0,24,8,0
2025-03,石川県,金沢市,137.5,4.6,⬅️東,,0,8.8,3,67,0,7.5,1013.1,151.5,13,1,0
2025-04,石川県,金沢市,102.5,4.0,➡️西,,0,13.4,0,68,0,10.3,1008.5,169.4,0,9,0
2025-05,石川県,金沢市,48.0,4.0,↗️南西,,0,16.0,0,66,0,11.8,1006.7,72.0,0,0,0
1986-05,北海道(東),釧路市,92.0,3.8,⬆️南,,0,7.8,0,82,7.4,8.6,1004.0,197.8,0,0,12
1986-06,北海道(東),釧路市,112.0,3.4,↙️北東,,0,10.6,0,87,7.5,11.1,1007.0,193.4,0,0,16
1986-07,北海道(東),釧路市,137.5,3.1,⬆️南,,0,13.3,0,90,8.8,13.9,1007.9,130.4,0,0,12
1986-08,北海道(東),釧路市,107.5,2.9,⬆️南,,0,18.1,0,91,9.0,18.9,1006.5,113.8,0,1,22
1986-09,北海道(東),釧路市,256.0,3.4,⬇️北,,0,15.6,0,85,6.8,15.1,1008.4,184.5,0,2,13
1986-10,北海道(東),釧路市,27.5,3.6,↙️北東,,0,8.2,0,72,4.8,8.2,1011.3,215.5,0,2,6
1986-11,北海道(東),釧路市,24.0,4.3,➡️西,,0,3.1,10,67,3.9,5.4,1010.2,199.7,7,0,2
1986-12,北海道(東),釧路市,74.0,4.1,↙️北東,,0,-2.3,8,66,3.8,3.5,1008.4,191.5,7,0,2
1987-01,北海道(東),釧路市,51.0,4.0,↙️北東,,0,-7.4,49,74,4.6,2.8,1006.6,176.9,25,0,3
1987-02,北海道(東),釧路市,8.5,4.1,↙️北東,,0,-6.4,16,73,4.8,3.0,1006.3,171.1,21,0,4
1987-03,北海道(東),釧路市,69.5,4.1,↙️北東,,0,-1.3,13,75,5.7,4.3,1005.9,200.5,16,0,5
1987-04,北海道(東),釧路市,33.0,3.6,⬆️南,,0,3.1,24,77,5.8,6.0,1008.3,204.5,10,0,10
1987-05,北海道(東),釧路市,53.5,4.0,⬆️南,,0,7.2,0,78,6.4,8.0,1007.7,222.6,1,1,13
1987-06,北海道(東),釧路市,52.5,3.3,⬆️南,,0,11.4,0,88,8.5,11.9,1006.7,153.7,0,0,15
1987-07,北海道(東),釧路市,205.0,2.9,↙️北東,,0,15.7,0,92,9.0,16.4,1003.3,104.9,0,4,22
1987-08,北海道(東),釧路市,120.0,2.9,↙️北東,,0,16.1,0,91,9.2,16.9,1007.7,83.4,0,1,16
1987-09,北海道(東),釧路市,105.0,3.9,⬆️南,,0,15.1,0,87,7.7,15.4,1012.4,125.4,0,0,15
1987-10,北海道(東),釧路市,121.0,4.0,↙️北東,,0,10.7,0,74,4.8,10.1,1010.8,194.1,0,1,7
1987-11,北海道(東),釧路市,53.5,4.3,↙️北東,,0,3.1,0,71,5.2,5.8,1010.9,167.1,4,1,2
1987-12,北海道(東),釧路市,37.0,3.8,➡️西,,0,-2.3,35,67,4.2,3.7,1009.9,186.0,13,0,1
1988-01,北海道(東),釧路市,15.5,3.6,↙️北東,,0,-5.7,0,68,3.5,2.9,1005.6,202.7,10,0,2
1988-02,北海道(東),釧路市,11.0,3.6,↙️北東,,0,-6.8,21,68,4.0,2.5,1008.2,225.6,18,0,0
1988-03,北海道(東),釧路市,58.0,3.6,↙️北東,,0,-1.7,63,73,5.7,4.0,1009.4,197.5,16,0,3
1988-04,北海道(東),釧路市,97.0,3.5,⬆️南,,0,3.3,2,82,6.3,6.5,1010.2,185.0,9,0,12
1988-05,北海道(東),釧路市,107.5,4.0,↙️北東,,0,8.2,0,77,7.4,8.5,1005.7,188.5,2,0,14
1988-06,北海道(東),釧路市,36.5,2.9,⬆️南,,0,13.0,0,89,8.4,13.3,1005.4,133.1,0,0,14
1988-07,北海道(東),釧路市,91.5,3.4,↙️北東,,0,12.5,0,86,8.8,12.6,1009.5,105.2,0,0,6
1988-08,北海道(東),釧路市,211.5,3.4,↖️南東,,0,18.2,0,90,9.2,19.0,1008.2,99.2,0,2,18
1988-09,北海道(東),釧路市,109.5,3.5,↙️北東,,0,15.4,0,84,8.2,14.9,1011.2,111.7,0,0,11
1988-10,北海道(東),釧路市,76.0,3.9,↙️北東,,0,9.7,0,71,4.8,8.8,1006.1,200.3,1,0,2
1988-11,北海道(東),釧路市,92.0,4.3,↙️北東,,0,2.8,13,70,5.2,5.4,1006.1,157.5,9,1,0
1988-12,北海道(東),釧路市,23.0,3.8,↙️北東,,0,-1.3,0,67,3.6,4.0,1006.2,182.3,6,1,4
1989-01,北海道(東),釧路市,21.5,3.6,↙️北東,,0,-3.6,36,74,5.1,3.6,1012.6,162.3,16,0,4
1989-02,北海道(東),釧路市,12.0,3.5,↙️北東,,0,-3.6,27,71,4.6,3.4,1010.9,185.2,13,0,1
1989-03,北海道(東),釧路市,101.0,4.2,↙️北東,,0,0.6,44,78,7.8,5.0,1008.5,119.7,23,0,7
1989-04,北海道(東),釧路市,120.0,4.4,⬆️南,,0,3.6,0,75,7.3,6.1,1006.3,156.8,10,0,9
1989-05,北海道(東),釧路市,66.5,3.5,⬆️南,,0,7.1,0,81,7.6,8.2,1006.9,188.7,1,1,14
1989-06,北海道(東),釧路市,170.0,3.9,↙️北東,,0,9.8,0,87,8.0,10.7,1009.3,137.3,0,0,13
1989-07,北海道(東),釧路市,51.0,3.3,⬆️南,,0,15.3,0,92,9.0,16.3,1010.9,95.6,0,0,23
1989-08,北海道(東),釧路市,243.5,3.7,⬆️南,,0,19.6,0,85,6.3,19.5,1005.2,209.7,0,1,11
1989-09,北海道(東),釧路市,120.5,3.1,↙️北東,,0,16.0,0,85,8.3,15.7,1008.3,99.4,0,1,13
1989-10,北海道(東),釧路市,17.5,3.8,↙️北東,,0,11.1,0,74,6.0,10.2,1011.4,164.3,0,2,4
1989-11,北海道(東),釧路市,106.0,4.1,↙️北東,,0,5.5,0,75,5.8,7.0,1012.8,141.0,1,1,7
1989-12,北海道(東),釧路市,46.0,4.0,↙️北東,,0,-1.1,30,67,4.5,4.0,1007.8,175.3,14,0,1
1990-01,北海道(東),釧路市,33.0,3.4,↙️北東,,0,-6.8,53,70,3.7,2.7,1010.3,216.9,18,0,0
1990-02,北海道(東),釧路市,67.0,3.5,↙️北東,,0,-2.7,8,76,5.0,4.0,1018.9,183.3,16,0,4
1990-03,北海道(東),釧路市,57.0,3.8,↙️北東,,0,0.3,51,72,4.2,4.6,1008.9,240.4,11,0,3
1990-04,北海道(東),釧路市,139.5,4.5,↙️北東,,0,4.2,10,76,7.3,6.4,1007.8,152.3,5,0,9
1990-05,北海道(東),釧路市,82.0,3.7,↙️北東,,0,9.3,0,79,6.8,9.3,1007.0,195.8,0,1,11
1990-06,北海道(東),釧路市,142.0,3.4,⬆️南,,0,13.2,0,85,8.6,12.9,1005.3,137.1,0,0,18
1990-07,北海道(東),釧路市,159.0,2.9,⬆️南,,0,15.8,0,90,8.8,16.3,1006.5,113.4,0,0,21
1990-08,北海道(東),釧路市,127.0,2.9,⬆️南,,0,18.8,0,90,8.5,19.7,1004.8,101.2,0,0,22
1990-09,北海道(東),釧路市,204.5,3.2,↙️北東,,0,15.9,0,88,8.7,16.0,1011.7,84.5,0,0,15
1990-10,北海道(東),釧路市,86.0,3.3,↙️北東,,0,11.2,0,82,5.7,11.0,1013.1,181.2,0,1,15
1990-11,北海道(東),釧路市,123.0,4.0,↙️北東,,0,6.4,0,72,5.0,7.2,1012.3,153.2,1,2,6
1990-12,北海道(東),釧路市,127.0,4.0,↙️北東,,0,1.1,21,70,4.0,4.9,1007.0,169.6,13,2,5
1991-01,北海道(東),釧路市,61.5,3.7,↙️北東,,0,-2.2,48,70,5.4,3.7,1005.8,162.8,17,0,0
1991-02,北海道(東),釧路市,45.5,3.5,↙️北東,,0,-4.8,50,72,4.6,3.1,1006.3,174.7,12,0,1
1991-03,北海道(東),釧路市,10.0,3.6,↙️北東,,0,-1.2,15,71,5.1,4.1,1010.8,219.3,17,0,5
1991-04,北海道(東),釧路市,41.0,3.6,⬆️南,,0,5.0,1,75,6.0,6.5,1009.9,190.5,2,0,10
1991-05,北海道(東),釧路市,46.5,3.2,⬆️南,,0,9.3,0,76,6.6,8.9,1006.1,213.3,1,2,14
1991-06,北海道(東),釧路市,43.0,2.7,⬆️南,,0,14.1,0,87,8.8,14.1,1004.0,108.4,0,1,21
1991-07,北海道(東),釧路市,114.5,3.3,↙️北東,,0,15.6,0,84,8.6,15.0,1004.4,101.4,0,0,8
1991-08,北海道(東),釧路市,179.5,3.0,↙️北東,,0,16.9,0,85,8.4,16.4,1006.3,106.9,0,0,15
1991-09,北海道(東),釧路市,150.0,3.1,↙️北東,,0,15.6,0,81,6.9,14.4,1009.2,168.9,0,1,13
1991-10,北海道(東),釧路市,138.5,3.7,↙️北東,,0,11.3,0,76,7.1,10.3,1009.7,123.4,0,0,5
1991-11,北海道(東),釧路市,30.5,3.5,➡️西,,0,4.5,0,64,4.1,5.7,1011.8,166.3,1,1,1
1991-12,北海道(東),釧路市,29.5,3.6,↙️北東,,0,-1.8,24,67,4.3,3.8,1011.5,151.3,8,0,3
1992-01,北海道(東),釧路市,28.5,3.1,↙️北東,,0,-5.7,26,76,4.0,3.1,1009.6,177.1,20,0,2
1992-02,北海道(東),釧路市,5.0,3.6,↙️北東,,0,-4.0,13,68,4.6,3.2,1004.9,180.7,13,0,2
1992-03,北海道(東),釧路市,21.0,3.2,↙️北東,,0,-1.1,5,71,4.9,4.1,1013.7,190.0,12,0,6
1992-04,北海道(東),釧路市,70.0,3.5,↙️北東,,0,3.5,4,76,7.1,6.0,1005.5,137.6,6,0,14
1992-05,北海道(東),釧路市,129.5,3.5,⬆️南,,0,7.4,0,81,7.4,8.4,1006.1,155.4,1,1,16
1992-06,北海道(東),釧路市,73.0,2.7,⬆️南,,0,10.9,0,87,8.5,11.3,1008.2,100.5,0,0,16
1992-07,北海道(東),釧路市,19.5,2.6,⬆️南,,0,16.1,0,87,8.1,15.9,1003.3,111.3,0,2,18
1992-08,北海道(東),釧路市,143.5,2.8,⬆️南,,0,17.2,0,87,8.7,17.2,1009.4,109.4,0,1,16
1992-09,北海道(東),釧路市,280.5,3.9,↙️北東,,0,13.9,0,83,7.3,13.4,1007.9,144.3,0,1,12
1992-10,北海道(東),釧路市,73.0,3.1,↙️北東,,0,9.5,0,80,6.4,9.7,1012.1,152.4,0,0,11
1992-11,北海道(東),釧路市,29.0,4.4,➡️西,,0,4.4,16,69,5.2,6.0,1012.0,158.0,3,0,3
1992-12,北海道(東),釧路市,85.5,3.5,↙️北東,,0,-1.6,16,72,4.6,4.1,1008.8,143.3,10,1,2
1993-01,北海道(東),釧路市,69.5,3.5,↙️北東,,0,-3.5,46,76,5.8,3.7,1010.3,122.8,20,0,4
1993-02,北海道(東),釧路市,17.5,3.7,↙️北東,,0,-3.6,25,73,6.3,3.5,1005.0,139.0,21,0,0
1993-03,北海道(東),釧路市,7.5,4.0,↙️北東,,0,-0.5,21,69,5.3,4.1,1008.0,238.6,17,0,3
1993-04,北海道(東),釧路市,115.5,4.0,↙️北東,,0,3.2,9,74,7.2,5.7,1004.0,169.7,14,0,8
1993-05,北海道(東),釧路市,104.5,3.2,⬆️南,,0,7.3,0,85,8.3,8.6,1007.2,135.9,0,0,17
1993-06,北海道(東),釧路市,240.0,3.5,⬆️南,,0,9.8,0,92,9.1,11.1,1005.8,68.4,0,1,16
1993-07,北海道(東),釧路市,69.0,3.0,⬆️南,,0,13.6,0,89,9.1,13.8,1009.2,100.0,0,0,10
1993-08,北海道(東),釧路市,178.0,3.4,⬆️南,,0,16.3,0,87,7.9,16.2,1006.6,150.1,0,2,18
1993-09,北海道(東),釧路市,164.5,3.4,↙️北東,,0,15.1,0,84,6.8,14.3,1010.0,158.0,0,4,8
1993-10,北海道(東),釧路市,160.5,3.8,↙️北東,,0,10.4,0,74,5.1,9.4,1009.6,194.4,0,0,8
1993-11,北海道(東),釧路市,79.0,4.4,➡️西,,0,4.7,0,68,4.7,6.1,1013.3,171.0,6,0,3
1993-12,北海道(東),釧路市,97.0,4.1,➡️西,,0,-0.8,46,68,4.9,4.1,1008.5,153.7,14,0,2
1994-01,北海道(東),釧路市,19.5,3.2,↙️北東,,0,-6.2,49,69,4.6,2.7,1008.2,197.6,20,0,1
1994-02,北海道(東),釧路市,74.0,4.5,⬇️北,,0,-3.0,27,71,6.6,3.6,998.5,127.0,17,0,1
1994-03,北海道(東),釧路市,98.5,4.1,➡️西,,0,-0.8,53,68,5.3,4.0,1009.0,222.7,19,0,1
1994-04,北海道(東),釧路市,52.0,4.4,↙️北東,,0,4.1,14,71,6.0,5.7,1006.1,214.4,6,0,6
1994-05,北海道(東),釧路市,137.0,4.2,↗️南西,,0,8.1,0,78,6.4,8.5,1004.8,214.1,1,0,9
1994-06,北海道(東),釧路市,135.0,3.6,⬆️南,,0,12.1,0,86,8.2,12.1,1006.1,126.0,0,1,20
1994-07,北海道(東),釧路市,33.0,2.7,⬆️南,,0,16.4,0,88,9.0,16.4,1004.3,108.5,0,0,17
1994-08,北海道(東),釧路市,66.5,3.0,⬆️南,,0,20.2,0,87,7.9,20.7,1008.2,167.1,0,1,21
1994-09,北海道(東),釧路市,257.5,3.7,↙️北東,,0,17.5,0,86,8.6,17.3,1007.5,97.9,0,1,13
1994-10,北海道(東),釧路市,47.0,3.3,↙️北東,,0,11.0,0,76,5.5,10.3,1012.0,184.8,0,0,14
1994-11,北海道(東),釧路市,31.5,3.9,⬇️北,,0,4.5,1,69,4.0,6.2,1015.3,179.6,3,1,1
1994-12,北海道(東),釧路市,12.0,3.6,↙️北東,,0,-2.4,15,65,4.3,3.5,1009.1,171.9,9,0,1
1995-01,北海道(東),釧路市,41.0,3.6,⬇️北,,0,-4.6,75,68,4.6,3.2,1005.0,159.6,14,0,2
1995-02,北海道(東),釧路市,4.0,3.8,↙️北東,,0,-4.0,9,73,5.6,3.4,1008.7,169.4,15,0,3
1995-03,北海道(東),釧路市,46.5,3.9,⬇️北,,0,-0.9,33,75,6.3,4.5,1011.5,191.1,13,0,3
1995-04,北海道(東),釧路市,165.0,3.9,⬆️南,,0,4.2,40,80,7.5,6.7,1006.4,158.2,10,1,15
1995-05,北海道(東),釧路市,155.5,3.7,⬆️南,,0,9.0,0,85,8.1,9.7,1008.1,147.4,0,1,20
1995-06,北海道(東),釧路市,43.5,3.2,⬆️南,,0,10.8,0,89,8.9,11.5,1007.5,101.2,0,0,14
1995-07,北海道(東),釧路市,161.0,3.0,⬆️南,,0,16.1,0,89,8.1,16.4,1003.5,138.9,0,0,22
1995-08,北海道(東),釧路市,150.5,2.7,⬆️南,,0,17.1,0,89,8.9,17.4,1006.4,88.9,0,1,18
1995-09,北海道(東),釧路市,123.5,3.4,↗️南西,,0,15.7,0,82,6.6,14.7,1005.7,176.0,0,2,13
1995-10,北海道(東),釧路市,160.5,3.5,↙️北東,,0,11.9,0,81,7.2,11.4,1011.1,137.5,0,2,10
1995-11,北海道(東),釧路市,25.5,4.2,➡️西,,0,5.6,0,69,5.3,6.5,1001.7,121.7,3,1,4
1995-12,北海道(東),釧路市,48.0,3.6,↙️北東,,0,-1.8,47,72,5.3,4.0,1004.7,157.1,13,0,3
1996-01,北海道(東),釧路市,27.0,4.1,➡️西,,0,-4.9,30,65,4.1,2.9,1003.0,194.6,13,0,1
1996-02,北海道(東),釧路市,12.5,3.4,↙️北東,,0,-4.8,25,67,4.5,3.0,1007.8,223.3,14,0,1
1996-03,北海道(東),釧路市,82.5,3.9,↙️北東,,0,-1.3,66,70,5.6,4.0,1006.3,205.1,16,0,5
1996-04,北海道(東),釧路市,13.5,3.5,↙️北東,,0,2.8,12,72,7.1,5.4,1006.9,176.0,13,0,6
1996-05,北海道(東),釧路市,225.5,3.8,↙️北東,,0,5.9,4,81,7.6,7.6,1008.2,161.4,7,0,14
1996-06,北海道(東),釧路市,99.0,3.1,⬆️南,,0,10.7,0,88,8.3,11.4,1006.0,113.3,0,1,14
1996-07,北海道(東),釧路市,141.5,3.0,↙️北東,,0,15.4,0,89,9.0,15.6,1006.1,97.7,0,0,16
1996-08,北海道(東),釧路市,89.0,3.0,⬆️南,,0,16.7,0,88,8.4,16.8,1008.7,107.7,0,0,18
1996-09,北海道(東),釧路市,175.0,3.2,↙️北東,,0,15.5,0,83,7.3,14.7,1009.8,136.9,0,1,9
1996-10,北海道(東),釧路市,32.5,3.9,⬆️南,,0,10.5,0,75,6.2,9.9,1011.4,175.2,0,0,10
1996-11,北海道(東),釧路市,68.0,4.2,➡️西,,0,3.8,1,65,4.4,5.5,1009.4,171.8,6,1,2
1996-12,北海道(東),釧路市,39.0,3.3,↙️北東,,0,-1.2,8,65,4.5,3.8,1008.6,176.5,10,1,3
1997-01,北海道(東),釧路市,21.0,4.0,⬇️北,,0,-3.5,7,67,5.0,3.2,1003.3,174.8,13,0,1
1997-02,北海道(東),釧路市,38.0,3.8,↙️北東,,0,-3.9,57,73,5.3,3.4,1006.6,179.6,16,0,3
1997-03,北海道(東),釧路市,35.5,4.1,⬇️北,,0,-1.3,12,67,4.8,3.8,1009.3,237.5,13,0,6
1997-04,北海道(東),釧路市,31.5,3.5,⬆️南,,0,4.1,0,72,6.0,5.9,1006.7,202.3,7,0,8
1997-05,北海道(東),釧路市,119.0,3.8,↙️北東,,0,6.8,0,80,7.9,7.9,1006.4,137.9,0,0,8
1997-06,北海道(東),釧路市,146.0,3.5,⬆️南,,0,10.8,0,86,8.8,11.3,1006.2,109.7,0,0,13
1997-07,北海道(東),釧路市,70.0,2.7,⬆️南,,0,16.0,0,90,8.9,16.5,1003.9,107.9,0,1,25
1997-08,北海道(東),釧路市,198.0,3.0,↙️北東,,0,14.8,0,90,9.4,15.2,1007.0,75.1,0,1,14
1997-09,北海道(東),釧路市,197.5,3.2,↙️北東,,0,14.6,0,86,8.7,14.3,1009.5,99.0,0,0,13
1997-10,北海道(東),釧路市,43.5,4.1,↗️南西,,0,10.2,0,75,5.4,9.7,1007.6,178.7,0,4,5
1997-11,北海道(東),釧路市,140.5,3.8,↙️北東,,0,6.0,0,71,5.5,6.9,1012.8,160.8,1,0,2
1997-12,北海道(東),釧路市,26.5,3.4,↙️北東,,0,-0.9,20,67,4.3,4.0,1011.8,190.5,9,0,3
1998-01,北海道(東),釧路市,54.5,3.6,↙️北東,,0,-6.7,42,62,3.5,2.4,1009.3,211.9,14,0,1
1998-02,北海道(東),釧路市,8.0,3.2,↙️北東,,0,-6.5,10,70,4.1,2.8,1012.7,206.3,9,0,2
1998-03,北海道(東),釧路市,33.0,4.1,↙️北東,,0,-0.3,19,68,5.7,4.1,1007.3,197.5,14,0,6
1998-04,北海道(東),釧路市,9.5,3.9,↗️南西,,0,4.7,0,72,7.1,6.1,1011.2,162.8,3,0,11
1998-05,北海道(東),釧路市,127.0,3.6,⬆️南,,0,8.1,0,75,7.5,8.2,1009.3,186.5,0,0,17
1998-06,北海道(東),釧路市,87.0,3.5,↙️北東,,0,10.9,0,83,8.4,11.0,1009.4,128.5,0,2,16
1998-07,北海道(東),釧路市,133.5,3.1,↙️北東,,0,15.4,0,84,9.0,14.9,1006.5,75.3,0,0,18
1998-08,北海道(東),釧路市,322.5,3.5,↙️北東,,0,17.9,0,86,9.1,17.8,1006.9,79.8,0,0,10
1998-09,北海道(東),釧路市,229.5,3.5,↙️北東,,0,16.5,0,85,8.5,16.1,1010.2,115.6,0,0,13
1998-10,北海道(東),釧路市,175.5,3.5,↙️北東,,0,11.2,0,80,6.3,10.7,1012.6,172.9,0,0,10
1998-11,北海道(東),釧路市,68.0,4.0,↙️北東,,0,3.6,21,67,5.0,5.6,1007.7,167.7,9,0,2
1998-12,北海道(東),釧路市,45.5,3.6,↙️北東,,0,-2.5,17,65,3.1,3.4,1009.9,200.7,12,0,1
1999-01,北海道(東),釧路市,24.0,3.7,↙️北東,,0,-3.9,4,66,4.7,3.1,1003.9,180.2,13,0,1
1999-02,北海道(東),釧路市,10.0,4.0,↙️北東,,0,-4.6,13,68,4.5,3.1,1005.2,184.8,15,0,3
1999-03,北海道(東),釧路市,52.0,4.1,↙️北東,,0,-2.0,81,71,6.5,3.9,1009.6,191.4,15,0,2
1999-04,北海道(東),釧路市,47.5,3.7,↙️北東,,0,3.1,5,80,7.5,6.3,1010.2,147.5,8,1,13
1999-05,北海道(東),釧路市,178.5,4.0,↙️北東,,0,8.2,0,80,7.0,8.6,1005.4,186.0,0,0,10
1999-06,北海道(東),釧路市,42.5,3.2,⬆️南,,0,12.8,0,84,8.3,12.4,1005.4,147.6,0,0,19
1999-07,北海道(東),釧路市,243.5,3.2,↙️北東,,0,16.3,0,89,8.7,16.7,1006.4,106.6,0,0,16
1999-08,北海道(東),釧路市,28.5,3.1,⬆️南,,0,19.8,0,89,8.6,20.6,1008.3,130.7,0,0,19
1999-09,北海道(東),釧路市,103.5,3.5,↙️北東,,0,17.7,0,82,7.1,16.9,1009.2,163.6,0,0,12
1999-10,北海道(東),釧路市,125.5,4.2,↙️北東,,0,11.3,0,75,6.2,10.3,1011.9,164.6,0,0,3
1999-11,北海道(東),釧路市,32.5,3.9,↙️北東,,0,4.4,0,69,3.7,6.1,1010.0,179.5,3,0,1
1999-12,北海道(東),釧路市,71.5,3.7,↙️北東,,0,-2.5,46,70,4.0,3.7,1008.3,180.5,10,1,1
2000-01,北海道(東),釧路市,134.5,3.6,↙️北東,,0,-5.1,109,75,4.7,3.3,1012.5,171.2,18,0,5
2000-02,北海道(東),釧路市,4.0,3.6,↙️北東,,0,-7.4,10,70,4.2,2.5,1004.8,218.5,10,0,0
2000-03,北海道(東),釧路市,117.0,4.1,↙️北東,,0,-2.1,40,71,5.2,3.8,1003.3,213.0,18,0,2
2000-04,北海道(東),釧路市,196.5,4.8,↙️北東,,0,3.9,9,78,6.8,6.3,1004.6,165.1,11,1,4
2000-05,北海道(東),釧路市,68.0,3.4,↙️北東,,0,9.6,0,86,8.7,10.3,1009.0,101.0,0,0,18
2000-06,北海道(東),釧路市,72.5,3.1,⬆️南,,0,12.7,0,88,8.4,13.1,1004.8,110.8,0,0,19
2000-07,北海道(東),釧路市,133.5,3.0,⬆️南,,0,17.6,0,91,8.9,18.3,1003.8,78.2,0,1,20
2000-08,北海道(東),釧路市,54.5,3.1,↙️北東,,0,19.5,0,87,8.1,19.8,1008.4,132.3,0,0,15
2000-09,北海道(東),釧路市,130.5,3.4,↙️北東,,0,16.4,0,86,8.0,16.1,1008.8,105.2,0,0,10
2000-10,北海道(東),釧路市,24.0,5.4,➡️西,,0,11.0,0,72,4.8,9.8,1010.7,224.0,1,0,6
2000-11,北海道(東),釧路市,41.5,5.3,↙️北東,,0,3.0,16,68,5.2,5.4,1013.3,154.6,9,0,0
2000-12,北海道(東),釧路市,69.5,6.0,➡️西,,0,-3.8,43,65,3.8,3.1,1007.0,174.7,12,0,2
2001-01,北海道(東),釧路市,22.0,5.3,↙️北東,,0,-6.7,9,64,4.3,2.5,1006.2,206.3,15,0,2
2001-02,北海道(東),釧路市,14.0,5.6,↙️北東,,0,-8.1,15,64,4.2,2.2,1008.3,201.1,10,0,0
2001-03,北海道(東),釧路市,80.0,6.7,↙️北東,,0,-1.5,17,68,5.6,3.9,1002.9,213.7,9,0,1
2001-04,北海道(東),釧路市,16.0,5.3,⬆️南,,0,4.6,0,76,6.0,6.4,1007.3,197.7,1,0,8
2001-05,北海道(東),釧路市,74.5,4.2,↙️北東,,0,7.3,0,84,8.0,8.7,1007.9,127.9,1,0,12
2001-06,北海道(東),釧路市,69.0,3.8,⬆️南,,0,12.1,0,84,7.0,11.9,1002.8,204.1,0,0,14
2001-07,北海道(東),釧路市,102.0,3.3,↙️北東,,0,15.5,0,90,9.1,15.9,1004.9,71.4,0,1,18
2001-08,北海道(東),釧路市,90.5,4.1,↙️北東,,0,16.5,0,88,8.6,16.6,1008.8,93.0,0,0,14
2001-09,北海道(東),釧路市,137.0,4.4,↙️北東,,0,14.8,0,83,7.4,14.2,1010.3,117.1,0,0,8
2001-10,北海道(東),釧路市,97.5,4.9,↙️北東,,0,10.0,0,77,6.1,9.6,1012.6,150.9,0,1,6
2001-11,北海道(東),釧路市,77.0,5.9,➡️西,,0,4.6,21,67,3.9,5.9,1007.7,183.0,2,0,5
2001-12,北海道(東),釧路市,32.0,6.0,➡️西,,0,-4.2,2,62,3.2,2.8,1008.9,204.2,8,1,1
2002-01,北海道(東),釧路市,80.5,5.7,↙️北東,,0,-3.6,19,70,4.9,3.4,1005.1,172.9,16,0,2
2002-02,北海道(東),釧路市,35.5,4.8,↙️北東,,0,-2.9,38,75,4.7,3.8,1008.8,179.2,10,0,9
2002-03,北海道(東),釧路市,25.5,5.9,↗️南西,,0,0.6,3,73,5.4,4.8,1004.8,191.2,9,0,4
2002-04,北海道(東),釧路市,56.0,5.0,⬆️南,,0,4.8,0,80,6.9,6.9,1011.6,181.2,3,0,13
2002-05,北海道(東),釧路市,21.0,4.4,↙️北東,,0,9.4,0,75,7.0,8.8,1008.1,196.3,0,0,11
2002-06,北海道(東),釧路市,48.0,4.5,⬆️南,,0,11.1,0,83,8.4,10.9,1005.2,120.8,0,1,14
2002-07,北海道(東),釧路市,154.0,3.5,↙️北東,,0,15.4,0,90,8.7,15.8,1004.4,107.4,0,0,21
2002-08,北海道(東),釧路市,179.5,4.2,↙️北東,,0,15.7,0,88,8.9,15.8,1006.7,87.1,0,0,16
2002-09,北海道(東),釧路市,114.0,4.4,↙️北東,,0,15.5,0,83,7.6,14.6,1010.5,150.8,0,3,10
2002-10,北海道(東),釧路市,200.0,5.5,↙️北東,,0,10.8,0,76,5.7,10.2,1009.3,166.4,1,1,6
2002-11,北海道(東),釧路市,66.0,7.3,➡️西,,0,3.4,7,64,4.7,5.2,1004.8,177.4,5,1,0
2002-12,北海道(東),釧路市,12.5,5.4,➡️西,,0,-4.5,16,62,3.1,2.8,1010.9,207.1,5,0,1
2003-01,北海道(東),釧路市,93.0,5.7,↙️北東,,0,-6.2,37,68,4.5,2.8,1005.5,182.9,18,0,1
2003-02,北海道(東),釧路市,9.0,4.5,↙️北東,,0,-6.0,11,65,4.8,2.7,1012.1,194.1,12,0,3
2003-03,北海道(東),釧路市,52.5,5.5,↙️北東,,0,-1.6,28,70,6.0,3.9,1009.5,197.7,16,0,1
2003-04,北海道(東),釧路市,55.0,4.8,⬆️南,,0,3.6,0,80,7.7,6.3,1008.5,145.5,5,0,11
2003-05,北海道(東),釧路市,34.0,4.2,⬆️南,,0,7.4,0,83,8.1,8.5,1011.4,139.6,0,0,19
2003-06,北海道(東),釧路市,176.5,4.0,⬆️南,,0,11.7,0,85,8.3,11.9,1004.8,136.5,0,0,16
2003-07,北海道(東),釧路市,198.5,3.6,⬆️南,,0,13.6,0,83,9.1,13.0,1009.6,94.2,0,0,3
2003-08,北海道(東),釧路市,190.0,3.4,⬆️南,,0,16.4,0,89,9.0,16.7,1007.1,95.0,0,1,21
2003-09,北海道(東),釧路市,166.5,4.0,↙️北東,,0,14.6,0,85,7.3,14.3,1009.5,134.9,0,0,8
2003-10,北海道(東),釧路市,69.5,5.1,⬆️南,,0,10.7,0,76,5.1,9.9,1009.8,199.9,0,0,7
2003-11,北海道(東),釧路市,105.5,5.7,↙️北東,,0,4.9,0,70,5.2,6.4,1014.6,161.2,3,0,3
2003-12,北海道(東),釧路市,31.5,5.5,↙️北東,,0,-1.5,22,68,3.9,3.8,1005.3,166.6,12,0,0
2004-01,北海道(東),釧路市,101.5,5.5,↙️北東,,0,-3.9,39,72,5.2,3.4,1006.1,162.4,18,0,1
2004-02,北海道(東),釧路市,49.0,6.1,↙️北東,,0,-2.9,30,69,4.8,3.5,1004.2,183.0,17,0,1
2004-03,北海道(東),釧路市,10.5,6.0,➡️西,,0,-0.8,23,68,5.2,4.0,1008.3,205.7,9,0,7
2004-04,北海道(東),釧路市,36.5,5.3,↙️北東,,0,3.8,12,71,6.5,5.6,1003.8,200.5,8,0,5
2004-05,北海道(東),釧路市,156.5,4.5,⬆️南,,0,8.8,0,81,8.0,9.2,1007.1,174.0,0,0,14
2004-06,北海道(東),釧路市,47.5,3.5,⬆️南,,0,13.1,0,82,7.8,12.3,1005.4,169.0,0,0,15
2004-07,北海道(東),釧路市,49.5,3.6,⬆️南,,0,16.7,0,86,7.9,16.5,1004.1,174.7,0,1,16
2004-08,北海道(東),釧路市,98.5,4.3,⬆️南,,0,18.5,0,83,7.4,17.9,1005.0,171.5,0,1,13
2004-09,北海道(東),釧路市,114.5,4.7,↗️南西,,0,16.2,0,83,7.1,15.3,1011.4,152.0,0,0,10
2004-10,北海道(東),釧路市,30.5,4.9,↙️北東,,0,10.9,0,76,6.0,10.3,1013.1,145.1,1,0,7
2004-11,北海道(東),釧路市,49.5,6.2,↙️北東,,0,6.1,0,71,4.7,7.2,1010.6,156.5,1,0,1
2004-12,北海道(東),釧路市,75.5,6.5,➡️西,,0,-1.8,65,65,4.0,3.6,1009.8,174.4,8,0,2
2005-01,北海道(東),釧路市,11.5,6.0,↙️北東,,0,-4.3,22,65,4.7,3.1,1004.0,167.3,12,0,1
2005-02,北海道(東),釧路市,26.5,5.3,↙️北東,,0,-4.9,40,64,5.3,2.8,1007.6,160.7,15,0,0
2005-03,北海道(東),釧路市,75.5,6.2,➡️西,,0,-1.0,17,66,5.5,3.9,1004.0,229.0,12,0,2
2005-04,北海道(東),釧路市,99.5,5.1,↙️北東,,0,4.0,3,71,6.5,5.7,1006.4,211.4,4,0,5
2005-05,北海道(東),釧路市,103.5,4.7,↙️北東,,0,6.6,0,78,8.3,7.6,1007.6,134.4,1,0,12
2005-06,北海道(東),釧路市,54.5,3.9,⬆️南,,0,12.4,0,85,8.3,12.3,1004.1,156.9,0,0,17
2005-07,北海道(東),釧路市,147.5,3.7,⬆️南,,0,14.8,0,89,9.4,15.2,1004.9,58.0,0,2,16
2005-08,北海道(東),釧路市,90.5,3.5,⬆️南,,0,19.7,0,88,8.4,20.3,1005.9,144.8,0,2,18
2005-09,北海道(東),釧路市,112.5,4.6,↙️北東,,0,16.7,0,83,7.6,16.0,1011.8,156.1,0,2,10
2005-10,北海道(東),釧路市,74.5,5.0,↙️北東,,0,11.7,0,78,5.5,10.9,1011.1,170.8,0,0,9
2005-11,北海道(東),釧路市,88.5,5.7,➡️西,,0,5.1,1,67,3.9,6.2,1007.4,200.8,3,2,2
2005-12,北海道(東),釧路市,49.5,5.9,↙️北東,,0,-2.7,42,62,4.9,3.1,1002.1,164.3,14,0,0
2006-01,北海道(東),釧路市,29.5,4.9,↙️北東,,0,-5.9,31,60,4.9,2.5,1007.5,198.2,9,0,0
2006-02,北海道(東),釧路市,16.0,6.2,↙️北東,,0,-3.9,14,65,6.0,3.2,1011.2,161.5,12,0,7
2006-03,北海道(東),釧路市,71.0,6.6,➡️西,,0,0.6,43,68,6.4,4.4,1002.2,144.6,13,0,2
2006-04,北海道(東),釧路市,158.0,5.4,↙️北東,,0,2.8,23,74,7.6,5.6,1006.2,157.4,14,0,8
2006-05,北海道(東),釧路市,174.5,5.2,⬆️南,,0,8.4,0,75,7.0,8.3,1008.7,220.9,0,0,9
2006-06,北海道(東),釧路市,282.5,4.2,⬆️南,,0,11.5,0,87,9.1,11.9,1007.6,85.7,0,4,16
2006-07,北海道(東),釧路市,18.5,3.3,⬆️南,,0,15.9,0,85,8.5,15.4,1005.7,121.9,0,0,12
2006-08,北海道(東),釧路市,92.5,4.4,⬆️南,,0,20.3,0,88,8.6,21.1,1006.5,137.7,0,2,19
2006-09,北海道(東),釧路市,121.0,4.5,↙️北東,,0,16.7,0,81,7.4,15.4,1010.5,156.1,0,0,9
2006-10,北海道(東),釧路市,130.5,5.9,↙️北東,,0,10.4,0,75,6.3,9.9,1012.0,168.0,0,1,5
2006-11,北海道(東),釧路市,98.5,5.9,↙️北東,,0,5.8,0,70,5.8,6.9,1009.4,162.4,2,2,2
2006-12,北海道(東),釧路市,60.0,5.2,↙️北東,,0,-2.0,18,66,4.3,3.5,1012.1,182.9,14,0,1
2007-01,北海道(東),釧路市,43.0,4.7,↙️北東,,0,-4.0,11,65,4.1,3.1,1012.0,183.2,14,0,2
2007-02,北海道(東),釧路市,31.5,5.4,↙️北東,,0,-3.2,40,66,5.0,3.3,1008.6,178.4,17,0,2
2007-03,北海道(東),釧路市,48.0,5.7,↙️北東,,0,-0.1,3,65,5.7,4.0,1007.3,204.5,14,0,3
2007-04,北海道(東),釧路市,39.0,4.7,↙️北東,,0,3.1,19,74,7.4,5.7,1009.6,151.5,13,0,8
2007-05,北海道(東),釧路市,259.0,5.8,↙️北東,,0,8.7,0,76,6.9,8.5,1003.1,200.1,0,2,7
2007-06,北海道(東),釧路市,107.5,3.9,⬆️南,,0,13.9,0,87,8.2,14.0,1005.9,121.0,0,2,16
2007-07,北海道(東),釧路市,185.0,3.6,⬆️南,,0,14.3,0,85,8.3,13.9,1004.4,137.1,0,0,10
2007-08,北海道(東),釧路市,35.0,3.5,⬆️南,,0,19.1,0,85,7.4,18.8,1005.3,197.4,0,0,19
2007-09,北海道(東),釧路市,220.5,4.4,↙️北東,,0,16.6,0,84,7.7,16.1,1009.7,119.4,0,1,7
2007-10,北海道(東),釧路市,72.5,5.4,↙️北東,,0,10.7,0,77,5.1,10.1,1011.8,191.4,0,1,6
2007-11,北海道(東),釧路市,55.0,6.5,➡️西,,0,3.8,0,63,3.2,5.3,1009.7,199.1,2,1,1
2007-12,北海道(東),釧路市,31.0,4.7,↙️北東,,0,-2.0,9,65,4.7,3.5,1008.3,169.4,8,0,1
2008-01,北海道(東),釧路市,8.0,5.0,↙️北東,,0,-6.4,9,64,3.2,2.4,1009.0,220.6,6,0,0
2008-02,北海道(東),釧路市,9.0,5.9,↙️北東,,0,-4.7,0,67,4.4,2.9,1006.0,208.8,13,0,0
2008-03,北海道(東),釧路市,56.0,4.9,↙️北東,,0,0.7,0,80,6.6,5.2,1010.7,167.4,13,0,8
2008-04,北海道(東),釧路市,53.5,4.8,↙️北東,,0,4.3,0,79,6.8,6.6,1010.9,158.2,2,0,15
2008-05,北海道(東),釧路市,103.0,5.2,↙️北東,,0,8.1,0,82,7.7,8.9,1008.5,156.3,0,0,11
2008-06,北海道(東),釧路市,75.5,4.3,↙️北東,,0,11.6,0,87,8.4,11.8,1007.4,138.3,0,1,18
2008-07,北海道(東),釧路市,91.0,3.4,⬆️南,,0,16.0,0,90,8.7,16.3,1006.0,111.5,0,3,21
2008-08,北海道(東),釧路市,176.0,4.3,⬆️南,,0,17.7,0,85,8.9,17.3,1006.9,94.5,0,1,7
2008-09,北海道(東),釧路市,115.0,4.7,⬆️南,,0,17.1,0,81,6.2,16.3,1006.8,175.3,0,0,13
2008-10,北海道(東),釧路市,83.5,5.1,↙️北東,,0,11.6,0,76,6.2,10.5,1012.1,174.7,0,1,8
2008-11,北海道(東),釧路市,34.5,6.0,➡️西,,0,4.0,0,69,4.4,5.9,1008.4,173.4,4,0,4
2008-12,北海道(東),釧路市,33.0,5.7,↙️北東,,0,0.7,16,70,5.6,4.9,1007.9,139.9,8,0,2
2009-01,北海道(東),釧路市,56.5,5.6,↙️北東,,0,-2.1,44,70,5.8,3.8,1010.3,154.7,16,0,3
2009-02,北海道(東),釧路市,56.5,5.6,↙️北東,,0,-4.0,60,69,4.9,3.3,1006.5,174.5,21,0,3
2009-03,北海道(東),釧路市,96.0,6.2,↙️北東,,0,0.6,6,73,7.0,4.8,1007.3,166.2,15,0,5
2009-04,北海道(東),釧路市,127.0,5.1,↙️北東,,0,4.1,6,74,5.9,6.0,1007.7,207.3,3,0,3
2009-05,北海道(東),釧路市,129.5,5.7,⬆️南,,0,9.4,0,77,6.6,8.9,1006.3,200.8,0,0,10
2009-06,北海道(東),釧路市,214.5,4.0,↙️北東,,0,12.1,0,87,8.3,12.3,1005.5,108.7,0,1,11
2009-07,北海道(東),釧路市,278.5,4.0,↙️北東,,0,15.2,0,87,8.8,15.0,1002.8,121.0,0,1,13
2009-08,北海道(東),釧路市,101.0,4.1,⬆️南,,0,17.3,0,87,8.6,17.1,1006.4,123.9,0,0,12
2009-09,北海道(東),釧路市,219.0,4.2,↙️北東,,0,15.8,0,82,6.5,14.7,1008.8,179.5,0,1,9
2009-10,北海道(東),釧路市,139.0,6.0,↙️北東,,0,11.2,0,73,5.8,9.9,1008.2,180.5,0,1,4
2009-11,北海道(東),釧路市,53.0,5.3,↙️北東,,0,3.9,1,72,6.1,6.1,1013.2,138.7,10,0,5
2009-12,北海道(東),釧路市,106.5,5.1,↙️北東,,0,-2.0,50,68,4.7,3.7,1007.1,177.6,16,0,0
2010-01,北海道(東),釧路市,31.0,6.0,↙️北東,,0,-3.6,45,69,4.9,3.4,1003.0,193.4,15,0,0
2010-02,北海道(東),釧路市,4.5,4.9,↙️北東,,0,-4.5,20,69,6.2,3.2,1009.8,168.1,19,0,2
2010-03,北海道(東),釧路市,59.0,5.9,↙️北東,,0,-0.9,62,69,6.1,4.0,1009.5,200.7,17,0,1
2010-04,北海道(東),釧路市,122.5,6.1,↗️南西,,0,3.2,12,74,7.0,5.7,1012.3,188.9,9,0,4
2010-05,北海道(東),釧路市,159.0,5.4,↙️北東,,0,7.7,0,80,8.3,8.3,1008.4,151.1,0,0,7
2010-06,北海道(東),釧路市,76.0,3.0,⬆️南,,0,13.4,0,88,8.7,13.8,1006.9,120.2,0,0,22
2010-07,北海道(東),釧路市,154.0,3.6,⬆️南,,0,17.3,0,90,9.3,17.7,1004.8,101.9,0,0,20
2010-08,北海道(東),釧路市,109.5,3.2,⬆️南,,0,20.3,0,87,8.4,20.7,1007.6,140.6,0,1,18
2010-09,北海道(東),釧路市,101.5,4.7,↙️北東,,0,17.6,0,77,6.8,15.9,1007.9,176.1,0,0,3
2010-10,北海道(東),釧路市,59.0,4.7,↙️北東,,0,11.2,0,77,6.5,10.6,1013.3,145.6,0,0,6
2010-11,北海道(東),釧路市,58.5,5.9,↙️北東,,0,5.2,0,71,4.9,6.5,1008.7,151.3,2,0,4
2010-12,北海道(東),釧路市,145.0,6.9,↙️北東,,0,0.9,26,69,5.9,4.7,1002.2,127.1,12,0,2
2011-01,北海道(東),釧路市,4.0,4.8,↙️北東,,0,-5.6,13,64,4.5,2.6,1003.0,211.2,14,0,0
2011-02,北海道(東),釧路市,12.0,5.3,↙️北東,,0,-2.9,21,70,4.8,3.6,1010.7,192.5,12,0,4
2011-03,北海道(東),釧路市,11.0,5.4,➡️西,,0,-0.2,17,65,5.9,3.9,1005.6,224.1,15,0,3
2011-04,北海道(東),釧路市,109.5,5.9,↗️南西,,0,4.4,0,73,6.8,6.1,1006.0,184.0,8,0,8
2011-05,北海道(東),釧路市,118.0,4.6,↙️北東,,0,7.0,0,82,8.4,8.2,1007.1,118.2,1,0,13
2011-06,北海道(東),釧路市,57.0,3.5,⬆️南,,0,12.3,0,87,9.1,12.6,1003.9,110.6,0,1,21
2011-07,北海道(東),釧路市,116.5,3.6,↙️北東,,0,17.4,0,86,8.1,17.1,1005.5,183.9,0,0,12
2011-08,北海道(東),釧路市,80.0,3.3,⬆️南,,0,18.8,0,89,8.8,19.3,1006.7,120.8,0,2,17
2011-09,北海道(東),釧路市,165.0,5.3,⬆️南,,0,17.6,0,87,8.7,17.8,1008.9,94.2,0,1,11
2011-10,北海道(東),釧路市,180.0,5.1,↙️北東,,0,11.3,0,78,5.6,10.5,1011.1,178.1,0,0,9
2011-11,北海道(東),釧路市,7.0,5.6,↙️北東,,0,5.5,0,69,5.6,6.6,1011.5,168.7,2,0,9
2011-12,北海道(東),釧路市,44.0,5.7,➡️西,,0,-2.5,26,63,3.2,3.3,1007.8,206.3,11,0,1
2012-01,北海道(東),釧路市,48.5,5.2,↙️北東,,0,-5.8,23,66,4.5,2.7,1008.4,202.3,16,0,0
2012-02,北海道(東),釧路市,10.5,6.0,↙️北東,,0,-6.3,22,65,4.3,2.6,1008.2,214.4,12,0,2
2012-03,北海道(東),釧路市,38.5,5.4,↙️北東,,0,-1.3,42,74,7.1,4.2,1009.2,170.8,21,0,3
2012-04,北海道(東),釧路市,96.0,5.3,⬆️南,,0,3.8,2,82,7.6,6.8,1009.6,136.3,6,0,12
2012-05,北海道(東),釧路市,196.0,5.1,↙️北東,,0,9.1,0,84,8.5,9.7,1007.3,143.3,0,1,12
2012-06,北海道(東),釧路市,75.5,4.0,⬆️南,,0,11.6,0,86,8.2,11.8,1008.5,138.7,0,0,11
2012-07,北海道(東),釧路市,77.0,3.5,↙️北東,,0,16.4,0,89,9.2,16.7,1004.7,139.0,0,0,19
2012-08,北海道(東),釧路市,101.0,3.8,⬆️南,,0,18.9,0,91,9.0,19.9,1008.6,94.7,0,0,20
2012-09,北海道(東),釧路市,66.0,4.2,↙️北東,,0,19.3,0,90,9.1,20.5,1012.1,97.4,0,1,16
2012-10,北海道(東),釧路市,205.0,5.6,↙️北東,,0,12.4,0,75,6.2,11.0,1009.8,173.2,0,3,3
2012-11,北海道(東),釧路市,169.5,5.7,↙️北東,,0,5.6,9,75,6.9,7.1,1005.8,132.2,6,0,1
2012-12,北海道(東),釧路市,113.0,6.0,↙️北東,,0,-3.1,56,69,4.8,3.6,1006.2,171.4,17,0,3
2013-01,北海道(東),釧路市,14.5,5.3,↙️北東,,0,-6.9,24,65,3.3,2.5,1008.6,216.6,9,0,0
2013-02,北海道(東),釧路市,20.5,5.6,↙️北東,,0,-5.0,28,67,5.4,2.9,1008.0,193.1,14,0,3
2013-03,北海道(東),釧路市,49.0,6.5,↗️南西,,0,-0.6,33,72,5.5,4.3,1003.9,220.0,12,1,6
2013-04,北海道(東),釧路市,171.0,6.0,↗️南西,,0,4.3,3,79,7.3,6.5,1002.9,162.5,8,0,10
2013-05,北海道(東),釧路市,71.5,5.0,↙️北東,,0,7.1,0,83,8.4,8.5,1007.7,119.0,2,0,11
2013-06,北海道(東),釧路市,28.0,3.5,⬆️南,,0,13.1,0,88,8.7,13.4,1006.8,124.4,0,0,19
2013-07,北海道(東),釧路市,128.5,3.7,↙️北東,,0,17.7,0,92,9.0,18.7,1005.9,90.1,0,0,21
2013-08,北海道(東),釧路市,90.0,4.1,↙️北東,,0,19.2,0,90,8.9,20.2,1002.2,100.1,0,3,13
2013-09,北海道(東),釧路市,247.5,4.8,↙️北東,,0,17.1,0,84,7.8,16.6,1010.7,139.7,0,0,8
2013-10,北海道(東),釧路市,253.5,5.6,↙️北東,,0,11.8,0,79,6.2,11.0,1013.3,178.8,1,0,5
2013-11,北海道(東),釧路市,92.5,6.1,↙️北東,,0,6.0,0,70,4.7,6.8,1006.4,179.8,2,1,1
2013-12,北海道(東),釧路市,63.0,6.1,➡️西,,0,0.9,2,66,4.9,4.4,1003.5,162.9,19,1,2
2014-01,北海道(東),釧路市,26.5,5.5,↙️北東,,0,-4.9,12,64,4.0,2.8,1007.7,209.8,13,0,0
2014-02,北海道(東),釧路市,34.0,5.5,↙️北東,,0,-4.2,26,67,5.1,3.1,1011.7,190.6,13,0,3
2014-03,北海道(東),釧路市,62.5,6.2,↙️北東,,0,-0.7,47,68,6.2,4.0,1006.7,202.0,18,0,4
2014-04,北海道(東),釧路市,101.5,5.1,➡️西,,0,4.2,2,64,4.6,5.2,1007.7,265.0,3,0,6
2014-05,北海道(東),釧路市,114.0,4.8,⬆️南,,0,9.3,0,79,7.6,9.2,1004.4,180.5,0,1,13
2014-06,北海道(東),釧路市,191.5,3.8,⬆️南,,0,13.8,0,92,9.0,14.2,1006.1,98.5,0,1,18
2014-07,北海道(東),釧路市,153.5,3.4,⬆️南,,0,17.6,0,87,9.0,17.7,1004.6,135.7,0,1,12
2014-08,北海道(東),釧路市,212.5,3.9,⬆️南,,0,19.1,0,87,7.7,19.2,1006.6,155.9,0,2,11
2014-09,北海道(東),釧路市,66.5,4.3,↙️北東,,0,15.9,0,82,7.0,14.9,1008.4,168.0,0,1,9
2014-10,北海道(東),釧路市,79.0,5.2,↙️北東,,0,10.2,0,75,5.6,9.5,1011.8,193.6,0,0,7
2014-11,北海道(東),釧路市,49.5,5.9,↙️北東,,0,5.3,0,72,5.1,6.7,1011.0,181.3,2,0,3
2014-12,北海道(東),釧路市,128.5,6.4,➡️西,,0,-1.8,31,65,4.8,3.6,1003.1,172.1,9,0,2
2015-01,北海道(東),釧路市,37.0,5.6,↙️北東,,0,-3.3,28,71,5.4,3.5,1005.5,166.7,15,0,2
2015-02,北海道(東),釧路市,76.5,6.3,↙️北東,,0,-2.1,47,74,6.8,4.0,1007.2,112.4,20,0,2
2015-03,北海道(東),釧路市,96.5,5.8,↗️南西,,0,1.7,45,81,7.5,5.6,1008.5,150.3,18,0,6
2015-04,北海道(東),釧路市,86.5,4.9,⬆️南,,0,5.5,0,80,7.4,7.2,1011.4,172.6,1,0,11
2015-05,北海道(東),釧路市,57.5,5.2,⬆️南,,0,10.4,0,78,6.5,9.7,1003.0,235.1,0,0,12
2015-06,北海道(東),釧路市,94.0,4.2,↙️北東,,0,12.9,0,85,8.4,12.7,1005.1,129.0,0,1,13
2015-07,北海道(東),釧路市,38.0,3.5,⬆️南,,0,17.7,0,88,8.1,18.0,1004.0,154.9,0,0,20
2015-08,北海道(東),釧路市,141.5,3.6,↙️北東,,0,18.4,0,85,8.4,17.9,1008.0,120.8,0,2,8
2015-09,北海道(東),釧路市,242.0,4.2,↙️北東,,0,16.2,0,83,7.2,15.7,1009.3,158.4,0,3,6
2015-10,北海道(東),釧路市,79.0,7.3,➡️西,,0,10.5,0,67,4.6,8.7,1006.3,220.2,1,1,6
2015-11,北海道(東),釧路市,158.0,5.7,↙️北東,,0,4.9,14,74,7.0,6.7,1016.5,130.6,5,1,1
2015-12,北海道(東),釧路市,51.5,5.5,➡️西,,0,0.1,6,68,4.4,4.4,1010.3,181.5,7,0,2
2016-01,北海道(東),釧路市,33.0,5.9,➡️西,,0,-4.4,29,63,4.4,2.8,1007.4,202.2,12,0,0
2016-02,北海道(東),釧路市,51.5,5.4,↙️北東,,0,-3.9,41,68,4.7,3.3,1010.6,209.8,9,0,2
2016-03,北海道(東),釧路市,23.5,4.7,↙️北東,,0,0.2,9,72,5.3,4.6,1011.7,252.0,9,0,8
2016-04,北海道(東),釧路市,91.0,5.6,↙️北東,,0,5.0,0,73,7.7,6.4,1007.2,168.9,4,0,8
2016-05,北海道(東),釧路市,108.0,4.9,⬆️南,,0,10.4,0,74,6.7,9.3,1008.0,227.3,0,1,8
2016-06,北海道(東),釧路市,287.0,4.4,↙️北東,,0,12.1,0,89,8.8,12.7,1006.4,113.1,0,0,12
2016-07,北海道(東),釧路市,160.5,3.9,⬆️南,,0,16.7,0,90,9.0,17.2,1007.0,95.9,0,2,14
2016-08,北海道(東),釧路市,431.5,5.7,⬆️南,,0,21.3,0,92,9.0,23.4,1003.7,107.3,0,0,22
2016-09,北海道(東),釧路市,145.0,4.3,↙️北東,,0,17.4,0,86,8.9,17.2,1010.9,111.2,0,0,9
2016-10,北海道(東),釧路市,46.0,5.9,➡️西,,0,10.1,0,68,4.4,8.8,1008.5,226.1,1,1,2
2016-11,北海道(東),釧路市,48.5,5.7,➡️西,,0,1.8,3,69,5.4,5.0,1011.3,166.4,10,1,7
2016-12,北海道(東),釧路市,72.5,5.7,↙️北東,,0,-2.8,44,73,4.5,3.8,1009.0,165.9,14,0,2
2017-01,北海道(東),釧路市,25.5,5.5,↙️北東,,0,-5.8,27,70,4.9,2.9,1007.7,175.1,15,0,1
2017-02,北海道(東),釧路市,13.0,5.2,↙️北東,,0,-3.6,22,69,5.8,3.4,1004.8,191.4,11,0,1
2017-03,北海道(東),釧路市,40.5,4.3,↙️北東,,0,-0.4,38,74,6.4,4.4,1007.6,217.2,14,0,5
2017-04,北海道(東),釧路市,57.0,5.1,⬆️南,,0,4.1,0,81,6.7,6.6,1005.1,195.9,7,1,10
2017-05,北海道(東),釧路市,77.5,4.2,↙️北東,,0,9.8,0,79,7.1,9.6,1006.6,215.3,0,1,7
2017-06,北海道(東),釧路市,127.0,4.6,⬆️南,,0,11.5,0,87,8.3,12.0,1003.6,149.9,0,2,15
2017-07,北海道(東),釧路市,109.0,3.2,⬆️南,,0,18.2,0,88,7.8,18.4,1003.2,178.7,0,2,18
2017-08,北海道(東),釧路市,33.5,3.9,↙️北東,,0,18.0,0,87,9.0,18.0,1005.7,97.9,0,0,9
2017-09,北海道(東),釧路市,149.0,4.8,↙️北東,,0,15.9,0,85,6.9,15.4,1006.4,166.3,0,4,10
2017-10,北海道(東),釧路市,135.0,5.5,↙️北東,,0,9.8,0,78,6.2,9.8,1013.4,176.4,1,0,4
2017-11,北海道(東),釧路市,61.0,6.6,➡️西,,0,4.7,0,68,4.9,6.3,1007.8,184.3,4,2,1
2017-12,北海道(東),釧路市,55.0,6.4,➡️西,,0,-1.9,22,67,4.6,3.7,1005.6,180.4,12,0,2
2018-01,北海道(東),釧路市,13.0,5.1,↙️北東,,0,-3.2,19,69,5.6,3.5,1004.3,176.2,15,0,1
2018-02,北海道(東),釧路市,12.5,6.1,↙️北東,,0,-4.8,28,67,4.9,3.0,1008.4,198.5,15,0,1
2018-03,北海道(東),釧路市,122.5,6.3,↙️北東,,0,1.1,20,74,6.7,5.0,1009.5,174.1,11,0,5
2018-04,北海道(東),釧路市,44.0,5.4,↗️南西,,0,4.9,13,78,7.2,6.8,1007.5,187.1,9,1,5
2018-05,北海道(東),釧路市,82.0,4.7,↙️北東,,0,9.5,0,82,7.6,9.9,1006.3,179.5,0,1,10
2018-06,北海道(東),釧路市,192.5,5.0,↙️北東,,0,12.6,0,86,8.4,12.7,1004.8,142.9,0,2,13
2018-07,北海道(東),釧路市,213.0,3.8,⬆️南,,0,16.5,0,91,9.3,17.3,1006.7,77.7,0,2,20
2018-08,北海道(東),釧路市,140.0,4.3,↙️北東,,0,17.4,0,88,8.9,17.6,1005.6,108.6,0,0,8
2018-09,北海道(東),釧路市,81.5,4.3,↙️北東,,0,16.4,0,87,7.4,16.2,1009.9,148.8,0,0,13
2018-10,北海道(東),釧路市,140.5,4.6,↙️北東,,0,11.8,0,82,5.7,11.4,1010.2,184.4,0,0,11
2018-11,北海道(東),釧路市,60.5,4.6,↙️北東,,0,5.5,0,74,5.1,7.0,1013.2,159.3,3,0,4
2018-12,北海道(東),釧路市,34.5,6.1,➡️西,,0,-1.7,43,66,4.2,3.7,1008.7,177.5,8,0,3
2019-01,北海道(東),釧路市,17.5,5.3,↙️北東,,0,-5.0,23,68,3.5,2.9,1006.0,208.0,12,0,2
2019-02,北海道(東),釧路市,17.5,5.2,↙️北東,,0,-4.9,17,71,4.4,3.2,1009.1,191.6,11,0,1
2019-03,北海道(東),釧路市,26.5,5.1,↙️北東,,0,0.0,15,76,5.8,4.7,1005.5,205.8,12,0,3
2019-04,北海道(東),釧路市,55.5,4.5,↙️北東,,0,4.5,1,74,6.2,6.2,1005.8,230.7,11,0,7
2019-05,北海道(東),釧路市,95.0,4.9,⬆️南,,0,10.6,0,82,5.7,10.4,1006.3,241.1,0,0,15
2019-06,北海道(東),釧路市,92.0,3.8,⬆️南,,0,12.9,0,87,8.3,13.0,1005.1,131.8,0,0,13
2019-07,北海道(東),釧路市,80.5,3.9,⬆️南,,0,17.0,0,91,9.3,17.8,1007.1,84.1,0,0,14
2019-08,北海道(東),釧路市,370.5,3.5,↙️北東,,0,18.5,0,90,8.8,19.4,1005.8,105.6,0,0,12
2019-09,北海道(東),釧路市,70.5,4.4,↙️北東,,0,17.3,0,81,6.2,16.1,1009.7,200.3,0,0,8
2019-10,北海道(東),釧路市,183.0,5.3,↙️北東,,0,12.1,0,80,6.5,11.6,1013.0,161.0,0,0,5
2019-11,北海道(東),釧路市,53.5,6.1,➡️西,,0,3.8,0,67,3.7,5.6,1009.5,208.6,2,0,2
2019-12,北海道(東),釧路市,36.0,5.8,↙️北東,,0,-1.9,7,71,4.5,4.0,1010.7,174.4,12,0,2
2020-01,北海道(東),釧路市,34.5,5.1,↙️北東,,0,-4.0,40,74,4.6,3.4,1010.8,184.6,10,0,4
2020-02,北海道(東),釧路市,27.0,5.0,↙️北東,,0,-4.0,24,71,5.9,3.4,1011.8,202.5,9,0,4
2020-03,北海道(東),釧路市,129.5,5.9,↙️北東,,0,1.5,40,76,0,5.3,1006.7,201.8,13,1,6
2020-04,北海道(東),釧路市,65.0,5.4,↙️北東,,0,4.1,9,78,0,6.5,1007.6,205.0,5,1,3
2020-05,北海道(東),釧路市,45.0,4.5,⬆️南,,0,9.4,0,81,0,9.5,1005.8,192.8,0,4,8
2020-06,北海道(東),釧路市,149.5,3.9,↙️北東,,0,14.1,0,89,0,14.3,1003.8,123.4,0,5,12
2020-07,北海道(東),釧路市,36.0,3.4,⬆️南,,0,16.5,0,92,0,17.3,1006.4,88.0,0,0,13
2020-08,北海道(東),釧路市,95.0,4.3,⬆️南,,0,19.5,0,90,0,20.4,1006.5,139.1,0,1,13
2020-09,北海道(東),釧路市,122.0,4.2,↙️北東,,0,17.2,0,88,0,17.8,1012.1,109.3,0,0,9
2020-10,北海道(東),釧路市,143.5,5.1,↙️北東,,0,12.2,0,79,0,11.4,1011.5,186.7,0,1,4
2020-11,北海道(東),釧路市,8.5,5.9,➡️西,,0,5.8,0,70,0,6.7,1010.7,167.6,3,1,1
2020-12,北海道(東),釧路市,0.5,5.5,➡️西,,0,-2.5,1,64,0,3.3,1006.8,214.9,3,0,0
2021-01,北海道(東),釧路市,65.0,5.5,↙️北東,,0,-5.9,81,71,0,2.9,1008.9,168.0,17,0,2
2021-02,北海道(東),釧路市,58.0,6.4,➡️西,,0,-3.8,24,72,0,3.5,1003.3,188.4,11,0,0
2021-03,北海道(東),釧路市,74.5,5.6,↙️北東,,0,1.6,11,75,0,5.3,1010.8,201.7,9,0,2
2021-04,北海道(東),釧路市,109.0,5.9,↙️北東,,0,4.9,0,74,0,6.5,1010.9,209.5,8,0,3
2021-05,北海道(東),釧路市,105.0,4.7,↙️北東,,0,9.9,0,83,0,10.2,1003.2,175.8,0,4,9
2021-06,北海道(東),釧路市,68.5,3.9,⬆️南,,0,13.5,0,85,0,13.2,1006.6,199.2,0,2,9
2021-07,北海道(東),釧路市,24.0,3.4,⬆️南,,0,18.9,0,91,0,20.1,1009.0,118.8,0,0,13
2021-08,北海道(東),釧路市,126.5,4.3,↙️北東,,0,18.5,0,87,0,19.0,1007.7,153.4,0,0,6
2021-09,北海道(東),釧路市,286.0,4.1,⬆️南,,0,15.9,0,85,0,15.4,1012.4,177.0,0,2,6
2021-10,北海道(東),釧路市,106.5,4.9,↙️北東,,0,11.1,0,83,0,11.3,1012.9,168.0,0,1,8
2021-11,北海道(東),釧路市,228.0,5.9,↙️北東,,0,6.8,0,77,0,7.9,1008.9,156.0,4,0,0
2021-12,北海道(東),釧路市,68.5,6.0,➡️西,,0,-0.5,17,70,0,4.4,1006.2,193.3,8,0,3
2022-01,北海道(東),釧路市,41.5,5.7,↙️北東,,0,-4.2,24,70,0,3.3,1005.0,192.8,11,0,1
2022-02,北海道(東),釧路市,16.0,4.7,↙️北東,,0,-4.1,15,72,0,3.3,1006.7,202.0,10,0,2
2022-03,北海道(東),釧路市,95.0,5.1,↙️北東,,0,0.9,35,81,0,5.3,1007.8,193.1,13,0,7
2022-04,北海道(東),釧路市,26.0,5.2,↗️南西,,0,5.6,12,77,0,7.0,1010.0,238.4,4,0,8
2022-05,北海道(東),釧路市,123.0,5.4,⬆️南,,0,10.0,0,85,0,10.5,1006.7,183.5,0,1,17
2022-06,北海道(東),釧路市,154.5,4.9,↙️北東,,0,13.5,0,87,0,13.9,1006.0,135.3,0,2,5
2022-07,北海道(東),釧路市,238.0,3.7,↙️北東,,0,19.2,0,91,0,20.3,1005.6,124.1,0,4,9
2022-08,北海道(東),釧路市,285.5,4.5,⬆️南,,0,19.5,0,91,0,20.7,1003.7,96.4,0,3,11
2022-09,北海道(東),釧路市,91.0,4.4,↙️北東,,0,17.5,0,87,0,17.5,1010.6,158.0,0,0,12
2022-10,北海道(東),釧路市,100.0,5.0,↙️北東,,0,11.7,0,80,0,11.3,1014.2,160.0,0,0,5
2022-11,北海道(東),釧路市,46.0,5.6,↙️北東,,0,6.6,0,70,0,7.0,1011.6,161.1,5,0,2
2022-12,北海道(東),釧路市,71.0,6.6,➡️西,,0,-1.1,22,61,0,3.5,1005.3,198.0,10,1,1
2023-01,北海道(東),釧路市,18.0,5.1,↙️北東,,0,-6.3,42,64,0,2.5,1007.3,221.9,11,0,0
2023-02,北海道(東),釧路市,20.0,4.8,↙️北東,,0,-5.4,42,71,0,3.0,1011.9,191.0,14,0,2
2023-03,北海道(東),釧路市,84.0,5.0,↙️北東,,0,2.4,8,76,0,5.6,1013.5,219.3,9,1,8
2023-04,北海道(東),釧路市,148.0,5.7,↙️北東,,0,6.7,0,71,0,7.0,1005.5,186.2,2,2,4
2023-05,北海道(東),釧路市,38.5,4.5,↙️北東,,0,10.0,0,79,0,9.7,1008.2,214.2,0,3,9
2023-06,北海道(東),釧路市,77.0,3.8,⬆️南,,0,15.5,0,85,0,15.0,1004.1,157.3,0,2,17
2023-07,北海道(東),釧路市,113.5,3.6,⬆️南,,0,20.0,0,86,0,20.0,1003.6,167.4,0,3,10
2023-08,北海道(東),釧路市,141.5,4.9,↙️北東,,0,21.8,0,90,0,23.6,1007.3,102.9,0,3,15
2023-09,北海道(東),釧路市,201.0,4.2,↙️北東,,0,19.9,0,87,0,20.4,1009.1,137.2,0,4,11
2023-10,北海道(東),釧路市,151.5,4.8,↙️北東,,0,12.5,0,77,0,11.2,1007.1,188.2,0,1,6
2023-11,北海道(東),釧路市,50.5,6.9,➡️西,,0,7.2,0,68,0,7.6,1007.7,166.2,2,0,3
2023-12,北海道(東),釧路市,22.0,5.4,➡️西,,0,-2.1,23,67,0,3.7,1010.4,194.1,11,1,1
2024-01,北海道(東),釧路市,20.5,5.2,↙️北東,,0,-3.6,31,71,0,3.5,1008.6,160.4,12,0,2
2024-02,北海道(東),釧路市,21.0,5.3,↙️北東,,0,-3.9,27,68,0,3.3,1014.3,214.3,15,0,2
2024-03,北海道(東),釧路市,50.5,5.6,↙️北東,,0,-0.6,12,68,0,4.1,1006.8,240.4,13,0,3
2024-04,北海道(東),釧路市,91.5,4.6,↙️北東,,0,7.2,0,79,0,8.2,1009.6,152.9,2,1,12
2024-05,北海道(東),釧路市,57.0,5.1,↙️北東,,0,9.9,0,79,0,9.7,1006.4,175.1,0,0,10
2024-06,北海道(東),釧路市,62.5,3.8,⬆️南,,0,14.3,0,86,0,14.2,1005.3,143.6,0,2,16
2024-07,北海道(東),釧路市,80.5,4.1,⬆️南,,0,19.9,0,87,0,20.1,1001.0,183.7,0,0,13
2024-08,北海道(東),釧路市,190.0,4.7,↙️北東,,0,21.2,0,90,0,22.9,1005.5,84.0,0,1,11
2024-09,北海道(東),釧路市,83.5,4.3,↙️北東,,0,17.7,0,80,0,16.5,1009.6,169.5,0,1,7
2024-10,北海道(東),釧路市,79.5,5.4,↙️北東,,0,13.4,0,77,0,12.2,1014.3,174.5,0,0,1
2024-11,北海道(東),釧路市,69.0,5.5,↙️北東,,0,5.6,0,69,0,6.5,1011.1,161.3,7,1,1
2024-12,北海道(東),釧路市,11.5,5.0,➡️西,,0,-2.9,19,64,0,3.2,1003.5,194.6,8,0,2
2025-01,北海道(東),釧路市,32.0,5.6,↙️北東,,0,-2.3,10,69,0,3.7,1007.7,179.3,11,0,0
2025-02,北海道(東),釧路市,39.5,5.4,↙️北東,,0,-2.2,51,70,0,3.7,1002.4,182.1,12,0,0
2025-03,北海道(東),釧路市,58.5,5.3,↙️北東,,0,0.7,39,71,0,4.6,1008.3,213.2,14,1,3
2025-04,北海道(東),釧路市,134.5,5.0,↙️北東,,0,6.0,0,80,0,7.5,1006.0,140.0,4,0,9
2025-05,北海道(東),釧路市,50.5,4.3,⬆️南,,0,8.9,0,82,0,9.2,1004.9,76.7,0,1,4
1986-05,沖縄県,那覇市,137.5,3.8,⬅️東,,0,23.4,0,77,7.1,22.4,1005.5,172.0,0,0,0
1986-06,沖縄県,那覇市,120.5,4.6,↗️南西,,0,26.5,0,81,7.4,28.1,1003.8,187.2,0,2,0
1986-07,沖縄県,那覇市,51.5,4.1,⬅️東,,0,28.8,0,78,5.2,30.7,1005.6,270.9,0,3,0
1986-08,沖縄県,那覇市,233.0,5.2,⬅️東,,0,28.3,0,75,6.1,28.8,999.9,212.8,0,4,0
1986-09,沖縄県,那覇市,350.0,4.1,↙️北東,,0,27.3,0,77,5.9,28.1,1006.2,194.5,0,4,0
1986-10,沖縄県,那覇市,51.0,4.5,↙️北東,,0,23.8,0,67,6.3,19.9,1013.0,157.8,0,0,0
1986-11,沖縄県,那覇市,120.5,5.4,↙️北東,,0,21.4,0,75,8.2,19.3,1014.0,75.6,0,0,0
1986-12,沖縄県,那覇市,15.5,4.5,↙️北東,,0,18.4,0,66,6.8,14.1,1017.0,125.9,0,0,0
1987-01,沖縄県,那覇市,157.0,4.4,↙️北東,,0,16.1,0,65,6.4,12.1,1018.2,134.3,0,0,0
1987-02,沖縄県,那覇市,64.5,4.1,↘️北西,,0,16.6,0,69,6.6,13.5,1017.0,107.7,0,0,0
1987-03,沖縄県,那覇市,135.5,5.5,⬇️北,,0,19.3,0,77,8.3,17.8,1010.8,101.5,0,6,1
1987-04,沖縄県,那覇市,84.0,4.9,↙️北東,,0,21.8,0,81,8.1,21.4,1009.3,110.2,0,2,5
1987-05,沖縄県,那覇市,287.0,5.1,↖️南東,,0,24.4,0,83,8.5,25.7,1006.3,123.7,0,5,1
1987-06,沖縄県,那覇市,430.5,4.4,↖️南東,,0,25.9,0,84,7.8,28.2,1001.5,152.6,0,8,0
1987-07,沖縄県,那覇市,42.5,6.1,↖️南東,,0,28.7,0,80,6.6,31.6,1003.2,252.7,0,0,0
1987-08,沖縄県,那覇市,402.5,5.4,↖️南東,,0,28.7,0,79,5.8,31.2,1003.8,234.0,0,4,0
1987-09,沖縄県,那覇市,62.5,4.7,↙️北東,,0,27.2,0,73,6.4,26.7,1004.1,207.4,0,2,0
1987-10,沖縄県,那覇市,162.0,4.8,↙️北東,,0,26.1,0,77,5.8,26.2,1007.6,183.5,0,4,0
1987-11,沖縄県,那覇市,174.0,5.2,↙️北東,,0,23.1,0,77,8.0,21.8,1010.9,87.4,0,0,0
1987-12,沖縄県,那覇市,107.0,5.6,↙️北東,,0,18.7,0,66,6.7,14.3,1015.2,124.1,0,0,0
1988-01,沖縄県,那覇市,195.5,5.5,↙️北東,,0,18.5,0,75,8.6,16.1,1012.9,72.3,0,0,0
1988-02,沖縄県,那覇市,169.0,5.5,↙️北東,,0,17.6,0,74,8.7,15.3,1013.3,69.3,0,2,0
1988-03,沖縄県,那覇市,175.0,5.7,↙️北東,,0,19.2,0,79,9.4,18.1,1008.9,42.2,0,3,0
1988-04,沖縄県,那覇市,343.5,5.2,↖️南東,,0,20.6,0,71,7.7,17.4,1009.4,126.7,0,2,0
1988-05,沖縄県,那覇市,476.0,5.7,⬅️東,,0,23.6,0,84,8.9,24.7,1004.1,106.8,0,4,1
1988-06,沖縄県,那覇市,162.5,6.0,↗️南西,,0,27.4,0,84,8.5,31.0,1001.9,160.0,0,4,0
1988-07,沖縄県,那覇市,21.0,5.2,➡️西,,0,29.7,0,76,5.1,31.7,1001.8,302.9,0,0,0
1988-08,沖縄県,那覇市,343.0,4.7,↗️南西,,0,28.3,0,79,6.8,30.2,1001.8,221.3,0,7,0
1988-09,沖縄県,那覇市,91.0,3.9,↙️北東,,0,27.7,0,76,6.8,28.3,1003.2,166.2,0,3,0
1988-10,沖縄県,那覇市,275.0,6.5,↙️北東,,0,25.0,0,70,7.1,22.5,1006.0,150.6,0,0,0
1988-11,沖縄県,那覇市,49.5,5.9,↙️北東,,0,20.1,0,59,6.9,14.1,1013.1,130.5,0,0,0
1988-12,沖縄県,那覇市,1.0,5.5,↙️北東,,0,17.9,0,59,6.0,12.2,1015.3,140.6,0,0,0
1989-01,沖縄県,那覇市,137.0,5.6,↙️北東,,0,17.8,0,72,7.7,15.0,1013.7,95.0,0,1,0
1989-02,沖縄県,那覇市,19.5,5.5,⬇️北,,0,17.7,0,69,7.2,14.2,1013.3,104.0,0,0,0
1989-03,沖縄県,那覇市,91.5,5.7,⬇️北,,0,17.8,0,66,7.1,13.8,1010.9,122.8,0,0,0
1989-04,沖縄県,那覇市,187.5,4.7,↖️南東,,0,21.3,0,79,7.6,20.2,1005.9,124.1,0,2,1
1989-05,沖縄県,那覇市,299.0,4.9,↖️南東,,0,23.7,0,81,8.6,24.0,1005.5,129.7,0,4,4
1989-06,沖縄県,那覇市,159.0,4.8,↗️南西,,0,26.6,0,82,8.0,28.9,1003.0,200.7,0,2,0
1989-07,沖縄県,那覇市,77.5,4.8,↖️南東,,0,28.6,0,78,8.2,30.6,1002.4,221.8,0,4,0
1989-08,沖縄県,那覇市,343.5,4.3,↘️北西,,0,28.1,0,81,7.2,30.6,998.5,208.7,0,4,0
1989-09,沖縄県,那覇市,147.0,5.4,↖️南東,,0,27.5,0,78,6.9,28.8,1003.3,163.3,0,3,0
1989-10,沖縄県,那覇市,7.0,4.9,↙️北東,,0,24.4,0,66,5.5,20.3,1008.8,172.2,0,0,0
1989-11,沖縄県,那覇市,138.5,6.0,⬇️北,,0,21.3,0,68,7.3,17.5,1013.4,104.2,0,0,0
1989-12,沖縄県,那覇市,78.0,4.9,↙️北東,,0,17.9,0,63,7.3,12.9,1014.1,112.4,0,0,0
1990-01,沖縄県,那覇市,126.0,5.7,↙️北東,,0,16.5,0,70,8.5,13.4,1014.7,80.1,0,0,0
1990-02,沖縄県,那覇市,201.0,5.1,↙️北東,,0,18.5,0,78,8.4,16.9,1014.4,83.1,0,1,0
1990-03,沖縄県,那覇市,60.5,4.9,⬇️北,,0,19.0,0,70,7.0,15.7,1012.4,134.2,0,2,0
1990-04,沖縄県,那覇市,357.0,5.3,↖️南東,,0,20.2,0,77,9.1,18.7,1007.7,76.1,0,4,0
1990-05,沖縄県,那覇市,209.0,5.9,↖️南東,,0,23.8,0,78,8.3,23.2,1006.0,125.3,0,4,0
1990-06,沖縄県,那覇市,310.0,5.6,↖️南東,,0,27.2,0,84,8.2,30.3,1003.3,148.9,0,4,0
1990-07,沖縄県,那覇市,34.5,5.0,↖️南東,,0,29.3,0,74,6.1,30.4,1002.9,279.4,0,6,0
1990-08,沖縄県,那覇市,164.0,7.1,↖️南東,,0,29.0,0,78,7.6,31.4,998.4,171.3,0,4,0
1990-09,沖縄県,那覇市,159.0,6.7,↖️南東,,0,27.4,0,78,6.9,28.4,1003.6,180.0,0,0,0
1990-10,沖縄県,那覇市,197.5,5.7,↙️北東,,0,24.2,0,70,5.6,21.2,1008.2,187.2,0,1,0
1990-11,沖縄県,那覇市,140.0,5.8,↙️北東,,0,22.4,0,69,6.2,19.0,1011.1,162.6,0,0,0
1990-12,沖縄県,那覇市,70.0,5.1,↙️北東,,0,18.9,0,63,6.3,14.1,1015.2,128.5,0,0,0
1991-01,沖縄県,那覇市,111.0,5.7,↙️北東,,0,17.3,0,68,8.6,13.7,1014.1,77.6,0,0,0
1991-02,沖縄県,那覇市,83.0,5.6,⬇️北,,0,16.4,0,62,7.5,11.8,1014.3,114.0,0,2,0
1991-03,沖縄県,那覇市,142.0,4.7,↙️北東,,0,20.5,0,81,8.3,19.7,1011.2,85.9,0,3,0
1991-04,沖縄県,那覇市,124.0,5.0,⬇️北,,0,22.1,0,78,8.5,21.1,1008.6,100.1,0,3,0
1991-05,沖縄県,那覇市,12.5,5.2,↗️南西,,0,24.6,0,77,7.5,24.4,1007.4,188.9,0,0,0
1991-06,沖縄県,那覇市,43.5,6.0,↗️南西,,0,28.8,0,78,6.9,30.8,1004.1,233.1,0,3,0
1991-07,沖縄県,那覇市,354.0,6.4,↖️南東,,0,29.5,0,77,6.3,31.3,1003.0,251.4,0,1,0
1991-08,沖縄県,那覇市,62.5,4.9,⬇️北,,0,28.9,0,76,5.5,30.4,998.9,225.0,0,1,0
1991-09,沖縄県,那覇市,484.0,6.4,⬅️東,,0,27.9,0,79,6.9,29.7,1001.4,169.8,0,4,0
1991-10,沖縄県,那覇市,118.5,5.9,↙️北東,,0,24.4,0,72,7.0,22.2,1005.6,149.3,0,0,0
1991-11,沖縄県,那覇市,45.0,5.7,↙️北東,,0,21.0,0,69,6.2,17.1,1013.1,127.6,0,0,0
1991-12,沖縄県,那覇市,31.5,4.9,↙️北東,,0,19.3,0,68,6.0,15.2,1014.9,161.4,0,0,0
1992-01,沖縄県,那覇市,138.5,5.3,⬇️北,,0,17.2,0,66,7.2,13.2,1015.1,95.8,0,1,0
1992-02,沖縄県,那覇市,259.0,5.1,↙️北東,,0,16.0,0,73,8.0,13.4,1012.7,78.4,0,1,0
1992-03,沖縄県,那覇市,268.0,5.3,↗️南西,,0,20.8,0,82,9.0,20.6,1011.0,67.5,0,4,0
1992-04,沖縄県,那覇市,244.5,4.7,⬇️北,,0,21.6,0,78,7.7,20.6,1006.8,102.4,0,6,0
1992-05,沖縄県,那覇市,114.5,4.0,↖️南東,,0,23.7,0,75,8.1,21.9,1005.6,112.5,0,2,0
1992-06,沖縄県,那覇市,292.0,5.3,↗️南西,,0,26.0,0,84,8.2,28.4,1002.1,131.6,0,3,0
1992-07,沖縄県,那覇市,67.5,4.6,↖️南東,,0,28.2,0,79,5.7,30.0,1005.5,237.9,0,2,0
1992-08,沖縄県,那覇市,442.5,5.5,↖️南東,,0,28.6,0,78,5.3,30.4,999.6,231.3,0,1,0
1992-09,沖縄県,那覇市,127.0,5.3,⬇️北,,0,27.4,0,77,5.1,28.2,1003.3,189.8,0,0,0
1992-10,沖縄県,那覇市,227.0,5.9,↙️北東,,0,24.6,0,69,5.5,21.4,1008.3,174.2,0,1,0
1992-11,沖縄県,那覇市,126.5,6.0,↙️北東,,0,21.3,0,67,6.5,17.0,1012.8,128.1,0,1,0
1992-12,沖縄県,那覇市,95.5,4.9,↙️北東,,0,19.1,0,70,7.1,15.5,1015.4,102.7,0,0,0
1993-01,沖縄県,那覇市,100.0,5.5,↙️北東,,0,17.4,0,72,8.4,14.7,1013.7,88.7,0,1,0
1993-02,沖縄県,那覇市,72.5,5.4,⬇️北,,0,17.0,0,64,6.7,12.6,1014.5,119.2,0,1,0
1993-03,沖縄県,那覇市,82.0,5.2,↙️北東,,0,18.3,0,71,7.4,15.4,1011.9,108.9,0,1,0
1993-04,沖縄県,那覇市,55.5,5.4,↙️北東,,0,20.7,0,78,8.4,19.6,1009.4,97.9,0,3,0
1993-05,沖縄県,那覇市,258.0,4.9,↖️南東,,0,24.6,0,78,7.3,24.2,1005.6,180.9,0,4,0
1993-06,沖縄県,那覇市,113.0,5.3,↗️南西,,0,27.0,0,83,7.1,29.7,1003.7,173.6,0,2,0
1993-07,沖縄県,那覇市,171.5,4.6,↗️南西,,0,29.1,0,79,7.1,31.5,1001.5,224.3,0,3,0
1993-08,沖縄県,那覇市,41.0,5.0,↖️南東,,0,28.9,0,77,4.9,30.6,1002.3,263.8,0,1,0
1993-09,沖縄県,那覇市,185.5,4.9,↖️南東,,0,27.5,0,74,5.2,27.3,1004.8,205.2,0,3,0
1993-10,沖縄県,那覇市,83.5,5.6,↙️北東,,0,24.9,0,68,5.8,21.8,1009.3,180.4,0,1,0
1993-11,沖縄県,那覇市,143.0,5.1,⬅️東,,0,22.8,0,74,7.1,21.0,1012.2,106.4,0,0,0
1993-12,沖縄県,那覇市,25.0,5.6,↙️北東,,0,18.8,0,65,7.1,14.4,1015.4,101.5,0,0,0
1994-01,沖縄県,那覇市,115.0,4.8,⬇️北,,0,17.3,0,66,6.5,13.3,1013.0,125.9,0,0,0
1994-02,沖縄県,那覇市,111.0,5.6,⬇️北,,0,17.1,0,69,8.0,13.8,1010.6,66.4,0,2,0
1994-03,沖縄県,那覇市,156.5,5.0,↙️北東,,0,17.1,0,69,7.7,13.5,1013.3,104.2,0,0,0
1994-04,沖縄県,那覇市,44.5,4.8,↖️南東,,0,22.4,0,81,7.5,22.1,1007.6,134.2,0,3,0
1994-05,沖縄県,那覇市,391.0,5.2,↖️南東,,0,23.4,0,78,6.9,22.5,1004.4,147.9,0,2,2
1994-06,沖縄県,那覇市,139.0,5.2,↗️南西,,0,26.9,0,86,8.4,30.6,1003.8,187.7,0,1,0
1994-07,沖縄県,那覇市,96.0,4.5,↖️南東,,0,29.4,0,76,4.8,31.2,1000.4,259.3,0,3,0
1994-08,沖縄県,那覇市,133.5,5.9,↖️南東,,0,28.7,0,80,6.6,31.5,1002.3,189.7,0,4,0
1994-09,沖縄県,那覇市,55.5,4.9,↙️北東,,0,26.8,0,68,5.4,24.1,1003.4,191.3,0,1,0
1994-10,沖縄県,那覇市,200.5,6.0,↙️北東,,0,24.4,0,74,6.4,23.0,1008.1,134.1,0,0,0
1994-11,沖縄県,那覇市,64.5,4.7,↙️北東,,0,22.5,0,71,5.1,19.5,1013.6,164.9,0,0,0
1994-12,沖縄県,那覇市,63.0,4.7,↙️北東,,0,20.2,0,74,7.1,17.7,1015.0,116.5,0,0,0
1995-01,沖縄県,那覇市,64.0,5.3,↙️北東,,0,16.4,0,66,7.3,12.5,1015.1,102.1,0,0,0
1995-02,沖縄県,那覇市,83.0,5.1,⬇️北,,0,15.7,0,68,8.8,12.4,1013.5,76.2,0,0,0
1995-03,沖縄県,那覇市,332.5,5.3,⬇️北,,0,17.6,0,69,8.1,14.5,1011.0,86.0,0,2,0
1995-04,沖縄県,那覇市,49.0,5.5,↗️南西,,0,22.1,0,82,8.4,22.3,1009.2,130.4,0,0,0
1995-05,沖縄県,那覇市,206.5,5.4,⬅️東,,0,23.3,0,79,8.8,23.0,1005.8,122.1,0,0,0
1995-06,沖縄県,那覇市,269.5,5.9,↗️南西,,0,26.3,0,88,9.2,30.2,1001.7,117.3,0,4,2
1995-07,沖縄県,那覇市,96.5,5.5,⬆️南,,0,28.5,0,79,7.1,30.8,1004.6,215.4,0,0,0
1995-08,沖縄県,那覇市,130.0,4.1,↖️南東,,0,29.0,0,78,5.7,31.2,1005.6,237.0,0,5,0
1995-09,沖縄県,那覇市,227.0,4.6,↙️北東,,0,27.8,0,76,6.7,28.6,1004.9,177.3,0,4,0
1995-10,沖縄県,那覇市,128.5,4.4,↙️北東,,0,26.1,0,77,5.7,26.1,1007.9,167.4,0,2,0
1995-11,沖縄県,那覇市,148.5,5.2,↙️北東,,0,21.0,0,62,7.3,15.5,1011.9,118.4,0,1,0
1995-12,沖縄県,那覇市,28.0,5.0,↙️北東,,0,17.8,0,64,7.3,13.1,1015.7,103.4,0,0,0
1996-01,沖縄県,那覇市,58.0,5.0,↙️北東,,0,17.1,0,66,6.7,13.1,1013.7,111.0,0,0,0
1996-02,沖縄県,那覇市,123.0,5.5,⬇️北,,0,16.3,0,70,7.8,13.3,1014.3,91.3,0,0,0
1996-03,沖縄県,那覇市,231.0,5.0,⬇️北,,0,19.0,0,75,7.5,17.1,1010.5,105.0,0,4,1
1996-04,沖縄県,那覇市,183.0,5.6,↙️北東,,0,19.5,0,70,7.7,16.2,1009.3,109.7,0,1,0
1996-05,沖縄県,那覇市,394.0,4.9,⬅️東,,0,22.4,0,78,8.1,21.1,1005.6,90.3,0,1,0
1996-06,沖縄県,那覇市,103.0,5.2,↗️南西,,0,27.5,0,84,6.1,30.8,1005.4,217.6,0,1,0
1996-07,沖縄県,那覇市,43.0,5.6,↖️南東,,0,29.4,0,73,6.0,30.0,1002.6,265.7,0,1,0
1996-08,沖縄県,那覇市,294.0,5.1,⬇️北,,0,28.1,0,79,6.2,29.8,1000.7,234.6,0,0,0
1996-09,沖縄県,那覇市,237.0,6.5,⬅️東,,0,27.9,0,76,5.7,28.7,1000.8,192.3,0,1,0
1996-10,沖縄県,那覇市,121.0,4.8,↙️北東,,0,24.6,0,75,6.2,23.4,1008.6,139.9,0,0,0
1996-11,沖縄県,那覇市,39.5,6.0,⬅️東,,0,23.2,0,74,7.1,21.3,1010.7,117.8,0,0,0
1996-12,沖縄県,那覇市,60.0,4.8,↙️北東,,0,18.1,0,62,5.2,13.0,1014.2,164.7,0,0,0
1997-01,沖縄県,那覇市,97.0,5.1,⬇️北,,0,16.5,0,62,7.1,11.8,1013.4,105.6,0,0,0
1997-02,沖縄県,那覇市,106.0,5.0,⬇️北,,0,17.1,0,66,7.0,13.1,1013.1,99.6,0,0,0
1997-03,沖縄県,那覇市,80.5,4.6,↙️北東,,0,19.9,0,72,6.2,16.8,1012.2,148.1,0,1,0
1997-04,沖縄県,那覇市,235.5,4.7,↖️南東,,0,22.0,0,78,7.5,20.9,1009.2,120.1,0,1,0
1997-05,沖縄県,那覇市,214.0,5.1,↖️南東,,0,24.6,0,78,8.2,24.1,1004.6,160.8,0,4,0
1997-06,沖縄県,那覇市,334.5,5.3,↗️南西,,0,26.1,0,81,8.0,27.1,1001.9,155.9,0,1,0
1997-07,沖縄県,那覇市,25.5,4.7,⬆️南,,0,28.4,0,76,6.2,29.4,1004.0,255.1,0,1,0
1997-08,沖縄県,那覇市,462.0,7.1,↖️南東,,0,27.8,0,82,7.6,30.6,1000.1,173.8,0,2,0
1997-09,沖縄県,那覇市,103.5,5.1,⬇️北,,0,26.8,0,73,6.6,25.7,1005.6,203.1,0,1,0
1997-10,沖縄県,那覇市,77.0,4.9,↙️北東,,0,24.3,0,70,6.3,21.3,1010.0,176.6,0,0,0
1997-11,沖縄県,那覇市,161.5,5.4,↙️北東,,0,22.6,0,69,6.5,19.1,1012.7,145.8,0,2,0
1997-12,沖縄県,那覇市,121.0,4.9,↙️北東,,0,19.7,0,69,6.9,15.9,1014.4,130.9,0,0,0
1998-01,沖縄県,那覇市,167.5,5.8,⬇️北,,0,18.7,0,70,8.7,15.5,1013.0,67.1,0,1,0
1998-02,沖縄県,那覇市,335.5,5.1,⬇️北,,0,18.5,0,75,8.9,16.4,1012.2,70.7,0,7,0
1998-03,沖縄県,那覇市,166.5,4.6,⬇️北,,0,20.2,0,75,7.3,18.0,1012.1,143.8,0,1,0
1998-04,沖縄県,那覇市,226.5,4.9,⬆️南,,0,23.5,0,80,8.2,23.5,1009.9,125.2,0,4,0
1998-05,沖縄県,那覇市,286.5,4.3,↖️南東,,0,26.1,0,83,8.3,28.1,1006.0,151.0,0,4,0
1998-06,沖縄県,那覇市,379.5,5.9,↗️南西,,0,27.4,0,84,8.4,30.9,1003.9,146.4,0,2,0
1998-07,沖縄県,那覇市,334.5,5.1,↗️南西,,0,29.5,0,78,7.7,32.2,1002.5,186.9,0,5,0
1998-08,沖縄県,那覇市,131.0,3.5,↖️南東,,0,30.1,0,74,4.9,31.5,1004.4,266.5,0,3,0
1998-09,沖縄県,那覇市,268.5,5.1,⬇️北,,0,28.4,0,73,6.2,28.1,1001.9,171.1,0,6,0
1998-10,沖縄県,那覇市,689.0,5.1,↖️南東,,0,26.7,0,77,7.9,27.0,1006.6,122.9,0,1,0
1998-11,沖縄県,那覇市,164.0,5.1,↙️北東,,0,23.0,0,71,7.6,20.1,1010.0,94.3,0,0,0
1998-12,沖縄県,那覇市,173.0,5.0,↙️北東,,0,20.2,0,70,7.4,16.7,1013.5,93.5,0,0,0
1999-01,沖縄県,那覇市,114.0,5.6,↙️北東,,0,18.0,0,67,8.3,14.0,1012.6,69.8,0,2,0
1999-02,沖縄県,那覇市,48.0,5.6,⬇️北,,0,17.4,0,63,6.8,12.9,1014.8,114.0,0,0,0
1999-03,沖縄県,那覇市,195.0,5.1,↙️北東,,0,20.9,0,78,8.2,19.6,1006.5,88.1,0,2,1
1999-04,沖縄県,那覇市,160.5,5.6,↙️北東,,0,21.7,0,72,6.4,18.8,1007.3,158.5,0,1,0
1999-05,沖縄県,那覇市,172.5,5.2,⬅️東,,0,23.7,0,76,8.6,22.6,1005.9,114.0,0,0,0
1999-06,沖縄県,那覇市,123.5,5.5,↗️南西,,0,27.5,0,84,7.8,30.7,1003.4,155.5,0,4,0
1999-07,沖縄県,那覇市,237.0,5.0,↖️南東,,0,28.3,0,81,8.1,31.2,998.7,159.3,0,3,0
1999-08,沖縄県,那覇市,211.0,5.2,↗️南西,,0,28.4,0,82,7.5,31.3,1001.9,172.5,0,0,0
1999-09,沖縄県,那覇市,693.5,5.2,↖️南東,,0,28.2,0,79,7.1,29.8,1002.4,173.5,0,1,0
1999-10,沖縄県,那覇市,67.5,4.4,↙️北東,,0,26.3,0,72,5.6,24.7,1009.0,192.7,0,3,0
1999-11,沖縄県,那覇市,66.5,5.2,↙️北東,,0,22.6,0,65,6.2,17.9,1011.4,151.1,0,0,0
1999-12,沖縄県,那覇市,158.5,5.9,↙️北東,,0,18.4,0,68,7.9,14.5,1014.9,89.7,0,0,0
2000-01,沖縄県,那覇市,87.0,6.1,↙️北東,,0,17.9,0,67,7.3,14.1,1013.8,105.9,0,1,0
2000-02,沖縄県,那覇市,149.0,5.6,↙️北東,,0,16.2,0,70,9.5,13.2,1012.2,32.6,0,0,0
2000-03,沖縄県,那覇市,118.5,5.7,↙️北東,,0,18.6,0,71,8.4,15.5,1010.3,81.6,0,0,0
2000-04,沖縄県,那覇市,394.0,4.9,⬇️北,,0,20.7,0,75,8.0,18.6,1006.7,87.0,0,1,1
2000-05,沖縄県,那覇市,66.5,4.7,⬅️東,,0,23.1,0,77,6.8,21.9,1004.9,156.2,0,0,1
2000-06,沖縄県,那覇市,186.5,5.0,↗️南西,,0,27.2,0,82,7.6,29.3,1003.6,192.9,0,2,0
2000-07,沖縄県,那覇市,367.5,5.8,↖️南東,,0,28.0,0,79,7.3,29.5,1000.6,173.1,0,3,0
2000-08,沖縄県,那覇市,279.5,6.2,↖️南東,,0,27.9,0,80,7.1,29.9,1000.7,172.5,0,1,0
2000-09,沖縄県,那覇市,317.0,5.5,⬇️北,,0,26.3,0,76,5.7,26.0,1001.0,191.4,0,0,0
2000-10,沖縄県,那覇市,95.0,4.5,↙️北東,,0,26.2,0,77,5.9,26.3,1007.4,171.3,0,1,0
2000-11,沖縄県,那覇市,292.5,5.6,↙️北東,,0,23.4,0,74,6.7,21.6,1010.7,110.9,0,2,0
2000-12,沖縄県,那覇市,260.0,5.4,↙️北東,,0,19.9,0,68,6.2,15.8,1012.4,139.1,0,0,0
2001-01,沖縄県,那覇市,118.5,5.8,⬇️北,,0,17.7,0,65,7.7,13.6,1012.3,103.8,0,1,0
2001-02,沖縄県,那覇市,37.5,5.9,↙️北東,,0,18.7,0,69,7.3,15.1,1011.9,91.7,0,0,0
2001-03,沖縄県,那覇市,96.0,5.0,⬇️北,,0,18.3,0,66,7.3,14.4,1010.0,114.2,0,1,0
2001-04,沖縄県,那覇市,235.5,5.1,↖️南東,,0,21.2,0,75,7.8,19.2,1007.4,106.3,0,1,1
2001-05,沖縄県,那覇市,478.5,4.9,↘️北西,,0,23.5,0,81,8.4,23.7,1003.5,91.4,0,1,2
2001-06,沖縄県,那覇市,151.5,5.0,↗️南西,,0,27.8,0,81,7.3,30.1,1003.3,152.0,0,4,0
2001-07,沖縄県,那覇市,50.5,4.1,↖️南東,,0,29.9,0,74,6.3,30.9,1002.6,224.4,0,10,0
2001-08,沖縄県,那覇市,200.0,4.2,⬅️東,,0,29.6,0,72,5.6,29.7,1000.7,219.7,0,8,0
2001-09,沖縄県,那覇市,1095.5,5.8,⬆️南,,0,27.5,0,82,8.2,29.9,999.9,92.5,0,5,0
2001-10,沖縄県,那覇市,55.0,5.8,↙️北東,,0,25.6,0,68,6.0,22.4,1007.5,167.2,0,1,0
2001-11,沖縄県,那覇市,3.5,5.3,↙️北東,,0,21.8,0,60,5.5,16.0,1012.0,158.9,0,0,0
2001-12,沖縄県,那覇市,122.0,5.1,⬇️北,,0,19.2,0,66,7.9,15.2,1016.0,95.4,0,0,0
2002-01,沖縄県,那覇市,39.0,5.8,⬇️北,,0,17.1,0,61,6.9,12.2,1014.2,106.0,0,0,0
2002-02,沖縄県,那覇市,52.5,4.5,⬇️北,,0,17.4,0,62,6.2,12.3,1015.1,130.3,0,0,0
2002-03,沖縄県,那覇市,93.0,5.0,↙️北東,,0,19.6,0,71,6.0,16.5,1010.8,152.0,0,1,0
2002-04,沖縄県,那覇市,61.5,5.1,↖️南東,,0,22.4,0,76,7.1,20.8,1009.0,136.3,0,2,0
2002-05,沖縄県,那覇市,125.0,4.6,↖️南東,,0,25.1,0,73,6.6,23.2,1004.9,190.6,0,3,0
2002-06,沖縄県,那覇市,290.5,5.3,↗️南西,,0,27.0,0,82,9.0,29.2,1002.3,90.2,0,2,0
2002-07,沖縄県,那覇市,445.0,6.9,⬅️東,,0,28.2,0,79,7.0,30.2,997.8,171.1,0,2,0
2002-08,沖縄県,那覇市,21.5,5.1,↖️南東,,0,28.7,0,72,5.9,28.4,1002.1,202.7,0,1,0
2002-09,沖縄県,那覇市,511.0,5.1,↙️北東,,0,27.5,0,72,5.0,26.4,1003.1,200.3,0,2,0
2002-10,沖縄県,那覇市,201.0,5.1,↙️北東,,0,24.7,0,70,7.0,21.7,1008.6,135.7,0,2,0
2002-11,沖縄県,那覇市,28.5,5.5,⬇️北,,0,21.1,0,63,7.5,16.2,1012.2,93.0,0,0,0
2002-12,沖縄県,那覇市,158.5,4.9,↙️北東,,0,19.4,0,70,7.7,16.1,1013.8,95.8,0,2,0
2003-01,沖縄県,那覇市,60.5,5.3,⬇️北,,0,15.7,0,59,6.5,10.6,1015.3,123.9,0,0,0
2003-02,沖縄県,那覇市,27.0,5.2,⬇️北,,0,18.1,0,65,7.3,13.9,1013.3,107.3,0,0,0
2003-03,沖縄県,那覇市,70.0,5.5,⬇️北,,0,18.4,0,67,7.6,14.3,1012.0,127.9,0,0,0
2003-04,沖縄県,那覇市,112.5,5.4,↖️南東,,0,22.6,0,76,8.1,21.1,1008.4,117.2,0,2,3
2003-05,沖縄県,那覇市,130.5,4.5,↖️南東,,0,24.4,0,75,7.9,23.0,1003.6,131.4,0,1,0
2003-06,沖縄県,那覇市,222.0,6.4,↗️南西,,0,26.6,0,79,8.0,27.4,1002.4,183.9,0,3,0
2003-07,沖縄県,那覇市,13.5,4.8,⬆️南,,0,29.9,0,73,5.8,30.6,1004.7,272.0,0,1,0
2003-08,沖縄県,那覇市,245.0,5.1,↖️南東,,0,29.6,0,73,6.5,30.2,1001.7,209.4,0,2,0
2003-09,沖縄県,那覇市,219.0,6.4,⬅️東,,0,28.5,0,71,5.7,27.7,1003.3,189.0,0,2,0
2003-10,沖縄県,那覇市,177.5,5.3,↙️北東,,0,24.7,0,62,5.6,19.4,1008.1,183.0,0,2,0
2003-11,沖縄県,那覇市,120.0,5.7,↙️北東,,0,23.8,0,72,8.5,21.5,1010.8,85.5,0,1,0
2003-12,沖縄県,那覇市,60.0,5.6,⬇️北,,0,18.7,0,58,7.0,12.6,1014.9,121.5,0,0,0
2004-01,沖縄県,那覇市,140.0,4.8,⬇️北,,0,16.8,0,63,7.9,12.3,1013.7,87.7,0,0,0
2004-02,沖縄県,那覇市,100.0,5.1,↙️北東,,0,17.1,0,63,4.9,12.5,1013.4,150.4,0,0,0
2004-03,沖縄県,那覇市,106.0,5.1,↙️北東,,0,19.2,0,69,7.3,15.6,1010.1,112.4,0,2,0
2004-04,沖縄県,那覇市,64.0,4.4,↖️南東,,0,21.9,0,69,6.5,18.4,1007.7,134.4,0,3,0
2004-05,沖縄県,那覇市,105.0,4.7,⬆️南,,0,25.5,0,77,8.0,25.0,1005.1,146.5,0,1,0
2004-06,沖縄県,那覇市,393.5,5.4,⬅️東,,0,26.7,0,77,7.5,26.9,1001.5,167.1,0,3,0
2004-07,沖縄県,那覇市,192.5,4.3,↖️南東,,0,28.8,0,73,6.5,28.9,1004.3,224.3,0,6,0
2004-08,沖縄県,那覇市,160.0,6.6,⬅️東,,0,29.0,0,74,7.7,29.6,998.0,172.1,0,5,0
2004-09,沖縄県,那覇市,375.0,6.1,↖️南東,,0,27.6,0,75,7.0,27.6,1002.9,155.5,0,2,0
2004-10,沖縄県,那覇市,151.5,7.4,↙️北東,,0,24.9,0,66,6.3,20.7,1005.8,161.7,0,0,0
2004-11,沖縄県,那覇市,68.5,5.0,↙️北東,,0,22.6,0,64,5.0,17.7,1013.2,175.3,0,0,0
2004-12,沖縄県,那覇市,70.0,5.7,↙️北東,,0,20.2,0,63,6.8,15.2,1012.4,120.6,0,0,0
2005-01,沖縄県,那覇市,69.5,5.4,↙️北東,,0,16.6,0,64,8.4,12.2,1015.6,75.7,0,0,0
2005-02,沖縄県,那覇市,172.0,5.6,↙️北東,,0,17.9,0,74,9.0,15.7,1015.6,35.3,0,1,0
2005-03,沖縄県,那覇市,169.5,5.7,⬇️北,,0,17.2,0,63,8.2,12.9,1016.5,102.2,0,3,0
2005-04,沖縄県,那覇市,98.5,5.1,↖️南東,,0,21.5,0,71,7.0,18.4,1012.6,129.7,0,0,0
2005-05,沖縄県,那覇市,175.5,5.2,⬅️東,,0,24.2,0,77,8.2,23.3,1006.5,98.3,0,3,0
2005-06,沖縄県,那覇市,860.5,6.3,↗️南西,,0,26.6,0,80,8.1,28.1,1004.5,108.8,0,10,0
2005-07,沖縄県,那覇市,6.5,5.7,↗️南西,,0,29.2,0,74,5.6,29.9,1006.6,241.8,0,0,0
2005-08,沖縄県,那覇市,112.0,5.0,↖️南東,,0,29.0,0,74,6.3,29.6,1005.3,197.8,0,9,0
2005-09,沖縄県,那覇市,64.0,5.5,↖️南東,,0,28.2,0,72,5.4,27.4,1007.3,192.9,0,1,0
2005-10,沖縄県,那覇市,60.0,5.3,↙️北東,,0,26.2,0,69,5.4,23.5,1011.1,186.2,0,0,0
2005-11,沖縄県,那覇市,48.0,5.2,↙️北東,,0,22.8,0,66,6.6,18.6,1013.8,122.1,0,0,0
2005-12,沖縄県,那覇市,111.5,6.4,⬇️北,,0,17.2,0,60,7.7,12.2,1018.0,88.5,0,0,0
2006-01,沖縄県,那覇市,191.5,5.4,↙️北東,,0,18.1,0,72,7.9,15.3,1015.5,80.9,0,1,0
2006-02,沖縄県,那覇市,101.5,5.4,↙️北東,,0,17.9,0,73,8.6,15.4,1017.9,62.4,0,0,0
2006-03,沖縄県,那覇市,113.0,5.4,⬇️北,,0,18.4,0,69,6.7,14.9,1012.9,135.1,0,1,0
2006-04,沖縄県,那覇市,305.0,5.0,⬇️北,,0,21.2,0,76,7.7,19.3,1010.1,107.9,0,5,0
2006-05,沖縄県,那覇市,333.5,4.8,⬆️南,,0,24.8,0,83,8.2,26.1,1009.3,114.5,0,3,0
2006-06,沖縄県,那覇市,333.5,5.0,↗️南西,,0,26.8,0,85,8.1,29.9,1006.1,140.2,0,1,0
2006-07,沖縄県,那覇市,114.0,6.3,↖️南東,,0,29.1,0,79,5.7,31.5,1005.1,236.9,0,0,0
2006-08,沖縄県,那覇市,142.0,4.6,⬅️東,,0,29.2,0,79,6.3,31.9,1003.2,204.1,0,5,0
2006-09,沖縄県,那覇市,135.5,4.4,↖️南東,,0,27.8,0,75,6.7,28.0,1006.4,169.4,0,4,0
2006-10,沖縄県,那覇市,39.0,5.1,↙️北東,,0,26.1,0,69,5.3,23.3,1010.3,180.5,0,1,0
2006-11,沖縄県,那覇市,116.5,4.4,↙️北東,,0,22.9,0,71,7.1,19.9,1013.2,115.5,0,2,0
2006-12,沖縄県,那覇市,143.0,6.1,↙️北東,,0,19.7,0,67,8.0,15.6,1017.3,73.4,0,1,0
2007-01,沖縄県,那覇市,184.5,5.1,↙️北東,,0,17.8,0,69,7.5,14.3,1018.4,94.8,0,0,0
2007-02,沖縄県,那覇市,67.5,4.8,⬇️北,,0,18.2,0,67,5.7,14.2,1015.5,142.8,0,2,0
2007-03,沖縄県,那覇市,116.5,5.6,↖️南東,,0,19.6,0,74,8.0,17.4,1013.2,91.3,0,0,0
2007-04,沖縄県,那覇市,225.0,5.5,↖️南東,,0,20.7,0,71,7.9,17.6,1012.0,99.7,0,0,0
2007-05,沖縄県,那覇市,101.5,4.5,⬅️東,,0,23.8,0,75,7.6,22.3,1008.0,147.1,0,1,2
2007-06,沖縄県,那覇市,472.0,5.5,↗️南西,,0,26.7,0,81,7.8,28.3,1005.8,137.1,0,6,0
2007-07,沖縄県,那覇市,229.0,5.6,↗️南西,,0,29.6,0,77,5.8,31.7,1003.7,262.0,0,3,0
2007-08,沖縄県,那覇市,594.0,5.7,↖️南東,,0,28.8,0,76,7.2,29.9,1005.6,169.1,0,7,0
2007-09,沖縄県,那覇市,440.5,5.1,⬅️東,,0,28.2,0,76,6.3,29.0,1004.6,187.1,0,0,0
2007-10,沖縄県,那覇市,78.0,6.0,↙️北東,,0,26.6,0,68,6.0,23.9,1010.7,191.2,0,1,0
2007-11,沖縄県,那覇市,104.0,6.2,↙️北東,,0,22.2,0,67,7.5,18.2,1013.3,92.3,0,0,0
2007-12,沖縄県,那覇市,204.0,5.0,↙️北東,,0,19.9,0,65,6.1,15.2,1015.1,144.9,0,2,0
2008-01,沖縄県,那覇市,70.0,4.8,↙️北東,,0,18.5,0,70,8.2,15.2,1016.7,64.8,0,0,0
2008-02,沖縄県,那覇市,123.0,5.7,↙️北東,,0,16.1,0,63,8.6,11.8,1017.0,62.3,0,0,0
2008-03,沖縄県,那覇市,245.5,4.8,⬇️北,,0,18.7,0,64,6.5,14.3,1013.8,146.6,0,3,0
2008-04,沖縄県,那覇市,69.0,5.0,↖️南東,,0,21.4,0,70,8.1,18.2,1011.1,118.5,0,1,0
2008-05,沖縄県,那覇市,118.5,4.7,↙️北東,,0,24.1,0,74,7.8,22.5,1005.9,151.8,0,3,0
2008-06,沖縄県,那覇市,152.5,4.8,↗️南西,,0,27.6,0,80,8.8,29.3,1006.5,167.4,0,4,0
2008-07,沖縄県,那覇市,82.5,4.7,↖️南東,,0,29.4,0,72,5.7,29.5,1005.4,256.8,0,0,0
2008-08,沖縄県,那覇市,139.5,4.3,↗️南西,,0,29.0,0,73,6.1,28.9,1005.2,243.3,0,6,0
2008-09,沖縄県,那覇市,267.5,4.9,↖️南東,,0,28.2,0,74,7.4,28.4,1006.7,150.5,0,5,0
2008-10,沖縄県,那覇市,214.5,4.5,↙️北東,,0,26.4,0,72,5.5,24.7,1011.6,208.1,0,2,0
2008-11,沖縄県,那覇市,119.0,5.1,↙️北東,,0,22.5,0,72,7.1,20.1,1014.7,114.5,0,0,0
2008-12,沖縄県,那覇市,19.5,4.9,↙️北東,,0,18.7,0,64,5.9,13.8,1014.6,130.5,0,0,0
2009-01,沖縄県,那覇市,32.5,5.7,⬇️北,,0,16.7,0,64,7.7,12.6,1015.4,103.9,0,0,0
2009-02,沖縄県,那覇市,37.0,4.8,↙️北東,,0,19.9,0,73,5.9,17.4,1011.6,134.9,0,0,0
2009-03,沖縄県,那覇市,165.5,5.3,⬇️北,,0,19.6,0,75,8.1,17.5,1010.2,87.5,0,2,0
2009-04,沖縄県,那覇市,132.5,5.5,⬅️東,,0,20.5,0,70,7.9,17.1,1009.0,133.0,0,0,0
2009-05,沖縄県,那覇市,185.0,4.8,⬇️北,,0,23.7,0,73,5.8,21.5,1006.2,219.4,0,1,0
2009-06,沖縄県,那覇市,402.0,5.1,↗️南西,,0,26.4,0,81,7.4,28.1,1002.2,159.9,0,5,0
2009-07,沖縄県,那覇市,62.0,5.1,↖️南東,,0,29.2,0,77,6.8,31.1,1003.4,253.8,0,3,0
2009-08,沖縄県,那覇市,98.0,4.9,⬅️東,,0,29.5,0,76,5.8,31.2,1000.6,222.6,0,4,0
2009-09,沖縄県,那覇市,23.0,5.6,⬅️東,,0,29.0,0,70,5.6,27.8,1003.3,218.7,0,3,0
2009-10,沖縄県,那覇市,356.0,5.6,↙️北東,,0,25.3,0,73,7.7,23.5,1006.3,117.1,0,1,0
2009-11,沖縄県,那覇市,145.5,5.8,↙️北東,,0,22.7,0,70,8.1,19.6,1011.4,110.8,0,0,0
2009-12,沖縄県,那覇市,225.5,5.0,↙️北東,,0,18.3,0,64,7.3,13.7,1013.2,115.0,0,2,0
2010-01,沖縄県,那覇市,90.0,5.0,↙️北東,,0,16.8,0,67,7.3,13.1,1015.8,92.7,0,0,0
2010-02,沖縄県,那覇市,276.5,5.6,⬇️北,,0,18.3,0,77,8.7,16.7,1011.8,69.5,0,3,0
2010-03,沖縄県,那覇市,41.5,5.8,↖️南東,,0,19.9,0,71,7.3,17.1,1012.7,134.9,0,0,0
2010-04,沖縄県,那覇市,219.0,5.4,↙️北東,,0,21.2,0,76,8.6,19.3,1010.4,81.3,0,2,1
2010-05,沖縄県,那覇市,574.5,5.1,↖️南東,,0,23.8,0,79,9.0,23.3,1005.1,111.8,0,2,0
2010-06,沖縄県,那覇市,220.5,5.4,⬆️南,,0,26.7,0,82,8.7,28.7,1003.9,128.1,0,2,0
2010-07,沖縄県,那覇市,348.5,5.7,↗️南西,,0,28.7,0,80,8.4,31.5,1005.2,146.2,0,7,0
2010-08,沖縄県,那覇市,281.5,5.3,⬅️東,,0,28.9,0,79,7.2,31.3,1004.1,183.5,0,3,0
2010-09,沖縄県,那覇市,193.0,4.9,↖️南東,,0,28.0,0,76,5.6,28.8,1005.9,207.2,0,3,0
2010-10,沖縄県,那覇市,368.0,5.3,↙️北東,,0,25.7,0,74,7.8,24.6,1006.7,119.7,0,6,0
2010-11,沖縄県,那覇市,194.0,5.1,↙️北東,,0,21.4,0,66,7.8,17.0,1011.8,105.1,0,0,0
2010-12,沖縄県,那覇市,88.5,5.3,↙️北東,,0,18.1,0,64,7.4,13.8,1010.2,122.7,0,0,0
2011-01,沖縄県,那覇市,97.0,5.8,⬇️北,,0,14.9,0,65,8.7,11.1,1015.2,59.7,0,0,0
2011-02,沖縄県,那覇市,121.5,4.5,⬇️北,,0,17.6,0,71,7.3,14.6,1011.3,104.4,0,0,0
2011-03,沖縄県,那覇市,40.0,5.2,⬇️北,,0,17.1,0,63,8.4,12.6,1014.0,88.0,0,0,0
2011-04,沖縄県,那覇市,90.0,4.7,↖️南東,,0,20.4,0,69,6.4,16.6,1009.8,182.4,0,1,0
2011-05,沖縄県,那覇市,299.5,5.1,↖️南東,,0,23.9,0,86,9.3,25.6,1005.1,75.7,0,1,1
2011-06,沖縄県,那覇市,223.5,6.4,↗️南西,,0,27.9,0,85,8.2,31.9,1003.9,189.5,0,0,0
2011-07,沖縄県,那覇市,111.0,5.1,↖️南東,,0,28.9,0,81,7.1,31.9,1001.8,234.9,0,2,0
2011-08,沖縄県,那覇市,471.5,5.9,⬅️東,,0,28.3,0,81,6.6,30.9,1000.8,199.2,0,2,0
2011-09,沖縄県,那覇市,71.5,5.8,⬇️北,,0,27.9,0,76,6.8,28.4,1001.7,205.2,0,0,0
2011-10,沖縄県,那覇市,212.0,5.0,↙️北東,,0,25.2,0,78,7.3,25.0,1009.0,114.7,0,1,0
2011-11,沖縄県,那覇市,314.0,5.7,⬅️東,,0,23.7,0,76,8.8,22.8,1011.5,78.8,0,1,0
2011-12,沖縄県,那覇市,70.5,5.7,↙️北東,,0,18.6,0,69,8.5,15.0,1014.7,69.8,0,0,0
2012-01,沖縄県,那覇市,119.0,5.3,↙️北東,,0,17.0,0,71,8.8,13.9,1013.2,54.4,0,0,0
2012-02,沖縄県,那覇市,109.5,5.2,↙️北東,,0,17.5,0,74,9.0,15.2,1012.3,57.3,0,1,0
2012-03,沖縄県,那覇市,81.0,5.6,↙️北東,,0,19.6,0,71,7.3,16.8,1011.9,124.8,0,1,0
2012-04,沖縄県,那覇市,356.5,5.5,↖️南東,,0,21.7,0,75,8.4,20.0,1008.5,99.6,0,8,0
2012-05,沖縄県,那覇市,229.5,5.0,↖️南東,,0,24.4,0,77,7.0,23.7,1003.6,141.6,0,2,1
2012-06,沖縄県,那覇市,372.0,6.0,⬆️南,,0,26.9,0,86,8.9,30.6,1000.2,124.7,0,5,0
2012-07,沖縄県,那覇市,96.0,5.4,↗️南西,,0,29.1,0,79,6.8,31.7,1002.5,239.5,0,3,0
2012-08,沖縄県,那覇市,674.0,6.4,⬆️南,,0,28.5,0,82,7.4,31.7,998.3,164.1,0,2,0
2012-09,沖縄県,那覇市,271.5,5.4,↖️南東,,0,27.2,0,76,7.3,27.3,1003.8,159.1,0,2,0
2012-10,沖縄県,那覇市,96.5,6.0,↙️北東,,0,24.6,0,70,6.2,21.6,1007.1,163.2,0,0,0
2012-11,沖縄県,那覇市,214.5,4.7,⬇️北,,0,21.0,0,67,7.9,16.8,1011.5,115.7,0,1,0
2012-12,沖縄県,那覇市,113.0,5.9,↙️北東,,0,18.5,0,65,7.7,14.2,1013.6,94.9,0,0,0
2013-01,沖縄県,那覇市,100.0,5.5,↙️北東,,0,17.0,0,66,7.7,12.9,1015.0,94.6,0,0,0
2013-02,沖縄県,那覇市,75.0,5.1,↙️北東,,0,18.6,0,72,7.4,15.7,1014.3,111.7,0,0,0
2013-03,沖縄県,那覇市,140.5,4.9,⬇️北,,0,20.4,0,72,6.7,17.6,1010.9,143.5,0,3,0
2013-04,沖縄県,那覇市,202.5,4.9,↖️南東,,0,20.6,0,74,8.4,18.3,1008.1,93.4,0,2,0
2013-05,沖縄県,那覇市,602.5,4.6,↖️南東,,0,23.7,0,81,8.9,24.2,1005.2,94.1,0,6,1
2013-06,沖縄県,那覇市,105.0,5.5,↗️南西,,0,27.9,0,80,6.9,30.3,1002.7,216.0,0,4,0
2013-07,沖縄県,那覇市,4.5,5.0,↖️南東,,0,29.4,0,73,5.8,29.9,1005.5,268.4,0,0,0
2013-08,沖縄県,那覇市,212.0,4.7,↖️南東,,0,29.6,0,76,5.8,31.2,1002.8,241.7,0,4,0
2013-09,沖縄県,那覇市,178.0,6.0,⬅️東,,0,28.3,0,74,5.6,28.5,1004.0,206.5,0,3,0
2013-10,沖縄県,那覇市,200.0,7.3,↙️北東,,0,25.3,0,72,6.4,23.4,1005.1,129.7,0,0,0
2013-11,沖縄県,那覇市,121.0,5.0,↙️北東,,0,21.3,0,66,7.4,17.4,1013.3,120.0,0,0,0
2013-12,沖縄県,那覇市,130.0,5.4,⬇️北,,0,17.3,0,64,7.7,12.7,1013.2,89.4,0,0,0
2014-01,沖縄県,那覇市,66.0,5.0,↙️北東,,0,16.8,0,61,6.2,11.8,1015.5,145.4,0,0,0
2014-02,沖縄県,那覇市,227.0,5.4,⬇️北,,0,17.9,0,72,7.4,14.9,1011.6,82.9,0,1,0
2014-03,沖縄県,那覇市,185.0,5.6,↙️北東,,0,18.4,0,69,7.4,15.2,1013.0,110.1,0,2,0
2014-04,沖縄県,那覇市,100.5,5.1,⬅️東,,0,20.9,0,73,6.7,18.2,1009.2,149.1,0,2,0
2014-05,沖縄県,那覇市,354.5,4.9,⬅️東,,0,23.6,0,81,8.7,23.7,1006.1,112.5,0,2,0
2014-06,沖縄県,那覇市,397.5,5.1,↗️南西,,0,26.9,0,85,8.7,30.3,1000.6,134.5,0,6,0
2014-07,沖縄県,那覇市,494.0,6.3,⬅️東,,0,29.3,0,80,6.6,32.6,1001.5,235.5,0,3,0
2014-08,沖縄県,那覇市,229.0,4.6,⬆️南,,0,28.7,0,82,7.0,32.0,1002.1,175.7,0,5,0
2014-09,沖縄県,那覇市,95.5,4.2,↖️南東,,0,28.8,0,75,5.7,29.8,1004.3,224.0,0,1,0
2014-10,沖縄県,那覇市,269.0,6.7,↙️北東,,0,25.4,0,70,5.9,22.9,1005.9,171.2,0,0,0
2014-11,沖縄県,那覇市,49.5,5.1,↙️北東,,0,22.6,0,68,6.5,18.7,1011.7,134.7,0,0,0
2014-12,沖縄県,那覇市,117.0,5.7,⬇️北,,0,17.6,0,62,8.0,12.7,1015.6,84.6,0,0,0
2015-01,沖縄県,那覇市,22.0,5.3,⬇️北,,0,16.6,0,61,7.7,11.7,1015.7,90.7,0,0,0
2015-02,沖縄県,那覇市,47.0,4.7,⬇️北,,0,16.8,0,65,7.2,12.9,1014.4,114.1,0,0,0
2015-03,沖縄県,那覇市,95.5,5.1,⬇️北,,0,19.0,0,72,7.6,16.0,1013.4,126.5,0,0,0
2015-04,沖縄県,那覇市,100.0,4.8,⬆️南,,0,22.2,0,76,8.2,20.6,1009.7,118.9,0,0,0
2015-05,沖縄県,那覇市,197.5,4.7,↗️南西,,0,24.9,0,81,8.0,25.8,1004.7,144.2,0,2,1
2015-06,沖縄県,那覇市,38.0,5.8,↗️南西,,0,28.7,0,83,7.6,32.5,1003.7,221.7,0,2,0
2015-07,沖縄県,那覇市,369.0,6.3,⬆️南,,0,29.0,0,79,7.2,31.3,1000.7,202.3,0,1,0
2015-08,沖縄県,那覇市,278.0,5.5,↖️南東,,0,28.7,0,79,7.5,31.0,1002.3,170.2,0,3,0
2015-09,沖縄県,那覇市,46.5,4.5,⬇️北,,0,27.8,0,73,5.8,27.5,1004.5,208.5,0,2,0
2015-10,沖縄県,那覇市,63.5,5.0,↙️北東,,0,25.5,0,68,5.7,22.3,1009.1,174.6,0,0,0
2015-11,沖縄県,那覇市,95.0,4.9,↙️北東,,0,23.8,0,71,6.8,21.2,1013.2,139.7,0,1,0
2015-12,沖縄県,那覇市,73.0,5.4,↙️北東,,0,20.1,0,68,7.3,16.2,1015.0,102.4,0,0,0
2016-01,沖縄県,那覇市,272.5,5.3,↙️北東,,0,17.4,0,71,8.6,14.5,1014.9,75.8,0,0,0
2016-02,沖縄県,那覇市,157.5,5.9,↙️北東,,0,16.9,0,65,7.7,13.0,1016.3,83.1,0,0,0
2016-03,沖縄県,那覇市,168.5,5.0,⬇️北,,0,18.7,0,70,7.8,15.5,1012.7,106.6,0,2,0
2016-04,沖縄県,那覇市,350.5,5.4,↗️南西,,0,23.0,0,82,8.5,23.3,1007.8,125.5,0,4,2
2016-05,沖縄県,那覇市,129.5,4.9,↖️南東,,0,25.7,0,82,8.4,27.4,1006.3,143.2,0,2,0
2016-06,沖縄県,那覇市,319.5,5.0,⬆️南,,0,28.4,0,82,7.7,31.7,1004.2,185.7,0,7,0
2016-07,沖縄県,那覇市,193.0,5.0,↖️南東,,0,29.8,0,76,6.7,31.7,1003.8,253.0,0,4,0
2016-08,沖縄県,那覇市,209.0,4.2,⬅️東,,0,29.5,0,74,6.4,30.7,998.5,226.4,0,6,0
2016-09,沖縄県,那覇市,342.0,5.6,↖️南東,,0,28.4,0,78,7.8,30.1,1003.3,141.8,0,6,0
2016-10,沖縄県,那覇市,75.5,5.1,⬅️東,,0,27.7,0,79,6.9,29.2,1007.2,175.6,0,0,0
2016-11,沖縄県,那覇市,103.0,4.8,↙️北東,,0,23.2,0,66,6.2,19.0,1012.1,128.4,0,0,0
2016-12,沖縄県,那覇市,47.5,5.4,↙️北東,,0,20.5,0,63,7.3,15.5,1014.5,112.1,0,0,0
2017-01,沖縄県,那覇市,92.5,4.7,↙️北東,,0,18.4,0,64,8.4,13.9,1015.0,77.0,0,0,0
2017-02,沖縄県,那覇市,84.0,5.2,↙️北東,,0,17.1,0,63,8.1,12.4,1015.3,79.9,0,0,0
2017-03,沖縄県,那覇市,96.5,5.0,⬇️北,,0,18.3,0,67,8.1,14.4,1011.6,102.4,0,0,0
2017-04,沖縄県,那覇市,67.0,5.2,↖️南東,,0,21.6,0,71,7.7,18.8,1008.7,128.6,0,0,1
2017-05,沖縄県,那覇市,315.5,4.5,⬅️東,,0,24.2,0,78,8.8,23.6,1006.3,112.1,0,3,1
2017-06,沖縄県,那覇市,444.5,5.1,↗️南西,,0,26.6,0,85,9.3,29.7,1003.2,107.7,0,6,0
2017-07,沖縄県,那覇市,44.0,3.7,↖️南東,,0,29.9,0,74,6.1,31.0,1005.1,267.2,0,3,0
2017-08,沖縄県,那覇市,56.5,4.8,➡️西,,0,30.4,0,74,6.1,32.1,1002.4,242.1,0,4,0
2017-09,沖縄県,那覇市,239.5,4.9,➡️西,,0,28.9,0,75,7.5,29.8,1004.2,186.1,0,4,0
2017-10,沖縄県,那覇市,270.0,6.3,↙️北東,,0,27.0,0,73,7.4,26.2,1006.0,155.8,0,1,0
2017-11,沖縄県,那覇市,146.5,5.4,⬅️東,,0,22.8,0,71,8.6,19.9,1011.9,85.6,0,1,0
2017-12,沖縄県,那覇市,50.5,5.3,↙️北東,,0,18.0,0,61,8.5,12.8,1015.0,101.5,0,0,0
2018-01,沖縄県,那覇市,150.5,5.5,↙️北東,,0,17.2,0,67,8.6,13.4,1013.4,74.9,0,0,0
2018-02,沖縄県,那覇市,84.0,5.4,⬇️北,,0,16.9,0,66,7.6,13.2,1013.8,97.9,0,0,0
2018-03,沖縄県,那覇市,100.5,5.2,⬅️東,,0,19.9,0,67,6.2,15.9,1011.5,181.6,0,2,1
2018-04,沖縄県,那覇市,126.0,4.9,↖️南東,,0,21.6,0,72,7.3,18.9,1010.1,161.3,0,3,0
2018-05,沖縄県,那覇市,33.0,4.7,↗️南西,,0,25.6,0,78,6.6,25.8,1006.3,238.4,0,2,1
2018-06,沖縄県,那覇市,218.5,5.2,↗️南西,,0,27.8,0,82,8.2,30.5,1001.4,171.7,0,1,0
2018-07,沖縄県,那覇市,429.0,6.5,⬅️東,,0,28.3,0,82,7.9,31.6,999.9,179.7,0,0,0
2018-08,沖縄県,那覇市,310.0,5.4,↖️南東,,0,28.5,0,82,6.8,31.7,999.1,203.4,0,3,0
2018-09,沖縄県,那覇市,334.5,5.5,↖️南東,,0,28.4,0,79,6.6,30.4,1002.6,174.6,0,2,0
2018-10,沖縄県,那覇市,375.0,5.2,↙️北東,,0,23.9,0,72,6.5,21.6,1008.7,151.8,0,2,0
2018-11,沖縄県,那覇市,160.5,4.8,↙️北東,,0,23.1,0,71,6.5,20.1,1012.4,155.9,0,0,0
2018-12,沖縄県,那覇市,148.0,5.2,↙️北東,,0,20.4,0,73,8.0,18.0,1014.6,85.3,0,1,0
2019-01,沖縄県,那覇市,55.0,4.6,↙️北東,,0,18.1,0,67,7.8,14.1,1016.2,97.4,0,0,0
2019-02,沖縄県,那覇市,156.5,4.4,↙️北東,,0,20.0,0,79,8.5,18.7,1013.5,78.4,0,0,0
2019-03,沖縄県,那覇市,183.5,5.5,⬇️北,,0,19.9,0,70,7.5,16.5,1010.7,129.8,0,0,0
2019-04,沖縄県,那覇市,128.0,5.0,↖️南東,,0,22.3,0,78,8.3,21.5,1008.2,119.2,0,2,0
2019-05,沖縄県,那覇市,208.5,4.4,⬇️北,,0,24.2,0,74,7.2,22.6,1005.2,150.7,0,2,0
2019-06,沖縄県,那覇市,595.5,5.2,↗️南西,,0,26.5,0,89,8.9,30.8,1001.7,90.7,0,5,0
2019-07,沖縄県,那覇市,284.0,5.4,↗️南西,,0,28.9,0,84,7.6,33.5,1002.1,196.2,0,4,0
2019-08,沖縄県,那覇市,208.0,5.6,↖️南東,,0,29.2,0,83,7.3,33.3,999.5,191.3,0,4,0
2019-09,沖縄県,那覇市,477.5,6.2,↖️南東,,0,28.0,0,82,7.2,30.8,1002.8,154.2,0,3,0
2019-10,沖縄県,那覇市,104.5,5.0,↙️北東,,0,26.0,0,75,5.8,25.1,1008.1,198.8,0,0,0
2019-11,沖縄県,那覇市,136.0,5.5,↙️北東,,0,23.1,0,70,6.9,19.9,1011.2,135.7,0,0,0
2019-12,沖縄県,那覇市,100.5,5.1,↙️北東,,0,20.0,0,73,7.1,17.2,1014.4,123.2,0,0,0
2020-01,沖縄県,那覇市,24.0,4.7,⬇️北,,0,18.7,0,68,7.3,15.0,1013.5,140.2,0,0,0
2020-02,沖縄県,那覇市,9.5,5.1,⬇️北,,0,18.7,0,68,7.1,15.2,1016.5,133.6,0,0,0
2020-03,沖縄県,那覇市,202.5,4.7,⬇️北,,0,20.1,0,75,7.4,18.1,1010.7,123.1,0,3,0
2020-04,沖縄県,那覇市,68.0,4.6,↙️北東,,0,19.8,0,71,7.9,16.6,1011.4,118.2,0,0,0
2020-05,沖縄県,那覇市,545.0,4.7,↖️南東,,0,24.8,0,85,8.7,26.7,1004.8,106.0,0,5,1
2020-06,沖縄県,那覇市,334.5,5.7,↗️南西,,0,28.1,0,88,8.4,33.3,1004.1,195.9,0,6,0
2020-07,沖縄県,那覇市,281.0,5.0,⬆️南,,0,29.3,0,83,7.8,33.8,1004.6,214.9,0,7,0
2020-08,沖縄県,那覇市,370.0,5.5,↖️南東,,0,29.4,0,81,6.9,33.2,1003.6,184.8,0,5,0
2020-09,沖縄県,那覇市,176.5,4.6,⬇️北,,0,27.7,0,82,7.2,30.4,1002.8,152.5,0,1,0
2020-10,沖縄県,那覇市,203.0,5.1,↙️北東,,0,25.8,0,71,4.9,23.8,1008.1,203.1,0,0,0
2020-11,沖縄県,那覇市,34.0,5.5,↙️北東,,0,23.4,0,73,6.9,21.2,1013.1,119.0,0,0,0
2020-12,沖縄県,那覇市,233.0,5.8,↙️北東,,0,19.2,0,78,9.1,17.7,1013.3,45.9,0,0,0
2021-01,沖縄県,那覇市,118.5,5.4,↙️北東,,0,16.8,0,71,7.3,14.0,1014.0,98.7,0,0,0
2021-02,沖縄県,那覇市,194.5,4.8,↙️北東,,0,18.5,0,72,5.8,15.6,1012.2,150.7,0,0,0
2021-03,沖縄県,那覇市,69.5,4.5,⬇️北,,0,20.8,0,76,6.5,19.0,1011.0,146.9,0,0,0
2021-04,沖縄県,那覇市,92.0,5.6,⬅️東,,0,21.7,0,73,7.3,19.1,1009.0,145.1,0,1,0
2021-05,沖縄県,那覇市,163.5,5.6,⬆️南,,0,25.8,0,87,8.5,29.0,1006.2,150.3,0,4,0
2021-06,沖縄県,那覇市,893.5,5.0,↗️南西,,0,27.1,0,90,9.2,32.1,1001.5,111.9,0,14,0
2021-07,沖縄県,那覇市,337.5,6.1,↖️南東,,0,28.8,0,84,7.4,33.2,1000.2,198.1,0,2,0
2021-08,沖縄県,那覇市,109.5,5.5,⬆️南,,0,28.7,0,83,6.7,32.7,1003.3,202.0,0,2,0
2021-09,沖縄県,那覇市,241.0,4.1,↖️南東,,0,28.8,0,80,5.3,31.6,1005.3,228.2,0,5,0
2021-10,沖縄県,那覇市,107.5,5.5,↙️北東,,0,26.0,0,73,5.9,24.7,1009.1,175.8,0,1,0
2021-11,沖縄県,那覇市,92.5,5.1,↙️北東,,0,21.8,0,69,7.0,18.2,1011.4,124.4,0,1,0
2021-12,沖縄県,那覇市,66.0,5.2,⬇️北,,0,18.9,0,67,6.9,14.7,1015.4,135.0,0,0,0
2022-01,沖縄県,那覇市,106.0,4.4,↙️北東,,0,17.7,0,72,7.8,14.8,1013.5,87.1,0,0,0
2022-02,沖縄県,那覇市,186.5,5.2,↙️北東,,0,17.2,0,75,8.6,14.8,1013.9,64.7,0,0,0
2022-03,沖縄県,那覇市,177.5,4.7,↙️北東,,0,20.4,0,78,7.4,18.8,1010.0,132.8,0,1,0
2022-04,沖縄県,那覇市,41.5,4.7,↙️北東,,0,22.7,0,77,7.2,21.7,1009.4,145.3,0,1,0
2022-05,沖縄県,那覇市,601.5,4.8,↙️北東,,0,23.5,0,88,9.6,25.9,1005.6,63.7,0,2,2
2022-06,沖縄県,那覇市,495.5,5.1,⬆️南,,0,27.0,0,90,8.3,31.9,1004.0,128.9,0,6,0
2022-07,沖縄県,那覇市,189.5,4.6,↗️南西,,0,29.4,0,84,7.2,34.3,1002.0,240.5,0,2,0
2022-08,沖縄県,那覇市,138.5,3.7,↖️南東,,0,29.9,0,80,6.0,33.6,1004.1,241.6,0,5,0
2022-09,沖縄県,那覇市,378.5,5.7,↙️北東,,0,28.3,0,83,7.5,31.7,1001.0,161.4,0,4,0
2022-10,沖縄県,那覇市,202.0,5.7,↙️北東,,0,26.0,0,76,6.7,25.7,1009.1,161.1,0,2,0
2022-11,沖縄県,那覇市,269.0,4.6,↙️北東,,0,23.6,0,82,8.0,24.0,1010.7,87.5,0,1,0
2022-12,沖縄県,那覇市,210.5,6.1,↙️北東,,0,18.6,0,72,8.2,15.9,1012.9,74.2,0,1,0
2023-01,沖縄県,那覇市,55.0,5.2,⬇️北,,0,17.5,0,68,7.2,14.0,1015.3,135.3,0,0,0
2023-02,沖縄県,那覇市,77.5,5.3,↙️北東,,0,19.0,0,72,7.7,16.1,1014.4,104.6,0,0,0
2023-03,沖縄県,那覇市,81.5,4.7,↙️北東,,0,20.0,0,75,7.3,18.0,1012.1,133.8,0,2,0
2023-04,沖縄県,那覇市,221.0,5.3,↖️南東,,0,22.5,0,78,6.9,21.3,1007.7,161.8,0,3,1
2023-05,沖縄県,那覇市,100.5,5.6,↖️南東,,0,24.3,0,79,7.8,24.2,1006.2,131.3,0,1,0
2023-06,沖縄県,那覇市,400.5,5.2,↗️南西,,0,27.2,0,88,8.2,31.7,1002.8,145.0,0,0,0
2023-07,沖縄県,那覇市,92.0,5.7,↖️南東,,0,29.6,0,81,8.0,33.7,1004.7,232.3,0,2,0
2023-08,沖縄県,那覇市,738.5,6.0,↖️南東,,0,28.6,0,85,7.1,33.3,996.5,181.9,0,3,0
2023-09,沖縄県,那覇市,204.5,3.9,↖️南東,,0,28.7,0,82,6.1,32.2,1004.1,199.9,0,6,0
2023-10,沖縄県,那覇市,81.0,4.3,↙️北東,,0,26.0,0,70,6.0,24.1,1009.3,185.9,0,3,0
2023-11,沖縄県,那覇市,56.5,4.7,↙️北東,,0,22.6,0,70,5.9,19.5,1013.5,155.6,0,0,0
2023-12,沖縄県,那覇市,183.0,5.0,↙️北東,,0,19.7,0,76,7.6,17.7,1015.3,93.5,0,0,0
2024-01,沖縄県,那覇市,43.0,4.7,⬇️北,,0,17.9,0,66,6.5,13.6,1015.9,124.9,0,0,0
2024-02,沖縄県,那覇市,49.0,4.7,⬇️北,,0,19.8,0,75,7.5,17.6,1014.9,128.7,0,0,0
2024-03,沖縄県,那覇市,194.0,5.2,⬇️北,,0,19.5,0,70,8.1,16.1,1012.1,113.2,0,2,0
2024-04,沖縄県,那覇市,470.5,4.6,↗️南西,,0,23.9,0,85,0,25.5,1006.7,120.2,0,10,0
2024-05,沖縄県,那覇市,475.0,4.6,↖️南東,,0,24.7,0,81,0,25.5,1006.7,138.6,0,6,0
2024-06,沖縄県,那覇市,763.5,5.1,⬆️南,,0,26.9,0,87,0,30.7,1004.7,132.1,0,9,1
2024-07,沖縄県,那覇市,98.0,5.0,↖️南東,,0,30.5,0,77,0,33.4,1005.0,267.1,0,4,0
2024-08,沖縄県,那覇市,110.0,4.0,➡️西,,0,30.2,0,78,0,33.3,1000.9,223.4,0,12,0
2024-09,沖縄県,那覇市,295.5,4.8,↖️南東,,0,28.8,0,82,0,32.3,1002.1,147.8,0,12,0
2024-10,沖縄県,那覇市,338.5,4.4,↙️北東,,0,27.6,0,79,0,29.3,1007.2,160.9,0,8,0
2024-11,沖縄県,那覇市,208.5,5.1,↙️北東,,0,23.9,0,73,0,22.4,1012.8,94.3,0,3,0
2024-12,沖縄県,那覇市,23.5,4.7,↙️北東,,0,18.6,0,64,0,13.7,1016.8,106.3,0,0,0
2025-01,沖縄県,那覇市,95.5,4.9,⬇️北,,0,16.8,0,63,0,12.2,1017.4,113.4,0,1,0
2025-02,沖縄県,那覇市,76.0,5.1,↙️北東,,0,16.0,0,68,0,12.6,1018.5,65.7,0,0,0
2025-03,沖縄県,那覇市,87.5,4.8,⬇️北,,0,19.4,0,75,0,17.7,1014.4,115.2,0,4,0
2025-04,沖縄県,那覇市,172.0,4.3,⬇️北,,0,20.5,0,76,0,18.5,1010.6,149.8,0,3,1
2025-05,沖縄県,那覇市,192.5,4.3,↖️南東,,0,22.8,0,83,0,23.2,1008.5,30.6,0,2,0
