年月,都道府県,未使用1,未使用2,未使用3,店舗タイプ,未使用4,ジョブカテゴリ,カウント
2013-09-01,北海道,-,-,-,総合,-,0,89
2013-09-01,青森県,-,-,-,総合,-,0,18
2013-09-01,岩手県,-,-,-,総合,-,0,14
2013-09-01,宮城県,-,-,-,総合,-,0,23
2013-09-01,秋田県,-,-,-,総合,-,0,18
2013-09-01,山形県,-,-,-,総合,-,0,8
2013-09-01,福島県,-,-,-,総合,-,0,20
2013-09-01,茨城県,-,-,-,総合,-,0,32
2013-09-01,栃木県,-,-,-,総合,-,0,24
2013-09-01,群馬県,-,-,-,総合,-,0,38
2013-09-01,埼玉県,-,-,-,総合,-,0,83
2013-09-01,千葉県,-,-,-,総合,-,0,97
2013-09-01,東京都,-,-,-,総合,-,0,159
2013-09-01,神奈川県,-,-,-,総合,-,0,109
2013-09-01,新潟県,-,-,-,総合,-,0,31
2013-09-01,山梨県,-,-,-,総合,-,0,10
2013-09-01,長野県,-,-,-,総合,-,0,37
2013-09-01,富山県,-,-,-,総合,-,0,13
2013-09-01,石川県,-,-,-,総合,-,0,18
2013-09-01,福井県,-,-,-,総合,-,0,11
2013-09-01,岐阜県,-,-,-,総合,-,0,35
2013-09-01,静岡県,-,-,-,総合,-,0,31
2013-09-01,愛知県,-,-,-,総合,-,0,106
2013-09-01,三重県,-,-,-,総合,-,0,34
2013-09-01,滋賀県,-,-,-,総合,-,0,45
2013-09-01,京都府,-,-,-,総合,-,0,51
2013-09-01,大阪府,-,-,-,総合,-,0,194
2013-09-01,兵庫県,-,-,-,総合,-,0,83
2013-09-01,奈良県,-,-,-,総合,-,0,26
2013-09-01,和歌山県,-,-,-,総合,-,0,8
2013-09-01,鳥取県,-,-,-,総合,-,0,8
2013-09-01,島根県,-,-,-,総合,-,0,12
2013-09-01,岡山県,-,-,-,総合,-,0,24
2013-09-01,広島県,-,-,-,総合,-,0,40
2013-09-01,山口県,-,-,-,総合,-,0,26
2013-09-01,徳島県,-,-,-,総合,-,0,5
2013-09-01,香川県,-,-,-,総合,-,0,13
2013-09-01,愛媛県,-,-,-,総合,-,0,12
2013-09-01,高知県,-,-,-,総合,-,0,7
2013-09-01,福岡県,-,-,-,総合,-,0,85
2013-09-01,佐賀県,-,-,-,総合,-,0,15
2013-09-01,長崎県,-,-,-,総合,-,0,18
2013-09-01,熊本県,-,-,-,総合,-,0,31
2013-09-01,大分県,-,-,-,総合,-,0,27
2013-09-01,宮崎県,-,-,-,総合,-,0,14
2013-09-01,鹿児島県,-,-,-,総合,-,0,25
2013-09-01,沖縄県,-,-,-,総合,-,0,33
2013-10-01,北海道,-,-,-,総合,-,0,88
2013-10-01,青森県,-,-,-,総合,-,0,18
2013-10-01,岩手県,-,-,-,総合,-,0,14
2013-10-01,宮城県,-,-,-,総合,-,0,23
2013-10-01,秋田県,-,-,-,総合,-,0,18
2013-10-01,山形県,-,-,-,総合,-,0,8
2013-10-01,福島県,-,-,-,総合,-,0,20
2013-10-01,茨城県,-,-,-,総合,-,0,32
2013-10-01,栃木県,-,-,-,総合,-,0,24
2013-10-01,群馬県,-,-,-,総合,-,0,38
2013-10-01,埼玉県,-,-,-,総合,-,0,83
2013-10-01,千葉県,-,-,-,総合,-,0,98
2013-10-01,東京都,-,-,-,総合,-,0,157
2013-10-01,神奈川県,-,-,-,総合,-,0,109
2013-10-01,新潟県,-,-,-,総合,-,0,31
2013-10-01,山梨県,-,-,-,総合,-,0,10
2013-10-01,長野県,-,-,-,総合,-,0,37
2013-10-01,富山県,-,-,-,総合,-,0,14
2013-10-01,石川県,-,-,-,総合,-,0,18
2013-10-01,福井県,-,-,-,総合,-,0,11
2013-10-01,岐阜県,-,-,-,総合,-,0,35
2013-10-01,静岡県,-,-,-,総合,-,0,31
2013-10-01,愛知県,-,-,-,総合,-,0,106
2013-10-01,三重県,-,-,-,総合,-,0,33
2013-10-01,滋賀県,-,-,-,総合,-,0,45
2013-10-01,京都府,-,-,-,総合,-,0,51
2013-10-01,大阪府,-,-,-,総合,-,0,194
2013-10-01,兵庫県,-,-,-,総合,-,0,83
2013-10-01,奈良県,-,-,-,総合,-,0,26
2013-10-01,和歌山県,-,-,-,総合,-,0,8
2013-10-01,鳥取県,-,-,-,総合,-,0,8
2013-10-01,島根県,-,-,-,総合,-,0,12
2013-10-01,岡山県,-,-,-,総合,-,0,25
2013-10-01,広島県,-,-,-,総合,-,0,42
2013-10-01,山口県,-,-,-,総合,-,0,26
2013-10-01,徳島県,-,-,-,総合,-,0,5
2013-10-01,香川県,-,-,-,総合,-,0,13
2013-10-01,愛媛県,-,-,-,総合,-,0,12
2013-10-01,高知県,-,-,-,総合,-,0,7
2013-10-01,福岡県,-,-,-,総合,-,0,85
2013-10-01,佐賀県,-,-,-,総合,-,0,15
2013-10-01,長崎県,-,-,-,総合,-,0,18
2013-10-01,熊本県,-,-,-,総合,-,0,32
2013-10-01,大分県,-,-,-,総合,-,0,27
2013-10-01,宮崎県,-,-,-,総合,-,0,14
2013-10-01,鹿児島県,-,-,-,総合,-,0,25
2013-10-01,沖縄県,-,-,-,総合,-,0,33
2013-11-01,北海道,-,-,-,総合,-,0,88
2013-11-01,青森県,-,-,-,総合,-,0,18
2013-11-01,岩手県,-,-,-,総合,-,0,15
2013-11-01,宮城県,-,-,-,総合,-,0,24
2013-11-01,秋田県,-,-,-,総合,-,0,18
2013-11-01,山形県,-,-,-,総合,-,0,8
2013-11-01,福島県,-,-,-,総合,-,0,20
2013-11-01,茨城県,-,-,-,総合,-,0,32
2013-11-01,栃木県,-,-,-,総合,-,0,24
2013-11-01,群馬県,-,-,-,総合,-,0,38
2013-11-01,埼玉県,-,-,-,総合,-,0,84
2013-11-01,千葉県,-,-,-,総合,-,0,98
2013-11-01,東京都,-,-,-,総合,-,0,157
2013-11-01,神奈川県,-,-,-,総合,-,0,109
2013-11-01,新潟県,-,-,-,総合,-,0,31
2013-11-01,山梨県,-,-,-,総合,-,0,10
2013-11-01,長野県,-,-,-,総合,-,0,37
2013-11-01,富山県,-,-,-,総合,-,0,14
2013-11-01,石川県,-,-,-,総合,-,0,18
2013-11-01,福井県,-,-,-,総合,-,0,11
2013-11-01,岐阜県,-,-,-,総合,-,0,35
2013-11-01,静岡県,-,-,-,総合,-,0,31
2013-11-01,愛知県,-,-,-,総合,-,0,107
2013-11-01,三重県,-,-,-,総合,-,0,36
2013-11-01,滋賀県,-,-,-,総合,-,0,45
2013-11-01,京都府,-,-,-,総合,-,0,51
2013-11-01,大阪府,-,-,-,総合,-,0,195
2013-11-01,兵庫県,-,-,-,総合,-,0,83
2013-11-01,奈良県,-,-,-,総合,-,0,26
2013-11-01,和歌山県,-,-,-,総合,-,0,8
2013-11-01,鳥取県,-,-,-,総合,-,0,8
2013-11-01,島根県,-,-,-,総合,-,0,12
2013-11-01,岡山県,-,-,-,総合,-,0,25
2013-11-01,広島県,-,-,-,総合,-,0,42
2013-11-01,山口県,-,-,-,総合,-,0,26
2013-11-01,徳島県,-,-,-,総合,-,0,5
2013-11-01,香川県,-,-,-,総合,-,0,13
2013-11-01,愛媛県,-,-,-,総合,-,0,12
2013-11-01,高知県,-,-,-,総合,-,0,7
2013-11-01,福岡県,-,-,-,総合,-,0,87
2013-11-01,佐賀県,-,-,-,総合,-,0,15
2013-11-01,長崎県,-,-,-,総合,-,0,17
2013-11-01,熊本県,-,-,-,総合,-,0,33
2013-11-01,大分県,-,-,-,総合,-,0,27
2013-11-01,宮崎県,-,-,-,総合,-,0,14
2013-11-01,鹿児島県,-,-,-,総合,-,0,26
2013-11-01,沖縄県,-,-,-,総合,-,0,33
2013-12-01,北海道,-,-,-,総合,-,0,88
2013-12-01,青森県,-,-,-,総合,-,0,19
2013-12-01,岩手県,-,-,-,総合,-,0,15
2013-12-01,宮城県,-,-,-,総合,-,0,24
2013-12-01,秋田県,-,-,-,総合,-,0,18
2013-12-01,山形県,-,-,-,総合,-,0,8
2013-12-01,福島県,-,-,-,総合,-,0,20
2013-12-01,茨城県,-,-,-,総合,-,0,32
2013-12-01,栃木県,-,-,-,総合,-,0,24
2013-12-01,群馬県,-,-,-,総合,-,0,38
2013-12-01,埼玉県,-,-,-,総合,-,0,84
2013-12-01,千葉県,-,-,-,総合,-,0,98
2013-12-01,東京都,-,-,-,総合,-,0,158
2013-12-01,神奈川県,-,-,-,総合,-,0,109
2013-12-01,新潟県,-,-,-,総合,-,0,31
2013-12-01,山梨県,-,-,-,総合,-,0,10
2013-12-01,長野県,-,-,-,総合,-,0,37
2013-12-01,富山県,-,-,-,総合,-,0,14
2013-12-01,石川県,-,-,-,総合,-,0,18
2013-12-01,福井県,-,-,-,総合,-,0,11
2013-12-01,岐阜県,-,-,-,総合,-,0,35
2013-12-01,静岡県,-,-,-,総合,-,0,31
2013-12-01,愛知県,-,-,-,総合,-,0,108
2013-12-01,三重県,-,-,-,総合,-,0,36
2013-12-01,滋賀県,-,-,-,総合,-,0,46
2013-12-01,京都府,-,-,-,総合,-,0,51
2013-12-01,大阪府,-,-,-,総合,-,0,196
2013-12-01,兵庫県,-,-,-,総合,-,0,83
2013-12-01,奈良県,-,-,-,総合,-,0,27
2013-12-01,和歌山県,-,-,-,総合,-,0,8
2013-12-01,鳥取県,-,-,-,総合,-,0,8
2013-12-01,島根県,-,-,-,総合,-,0,12
2013-12-01,岡山県,-,-,-,総合,-,0,25
2013-12-01,広島県,-,-,-,総合,-,0,42
2013-12-01,山口県,-,-,-,総合,-,0,26
2013-12-01,徳島県,-,-,-,総合,-,0,5
2013-12-01,香川県,-,-,-,総合,-,0,13
2013-12-01,愛媛県,-,-,-,総合,-,0,12
2013-12-01,高知県,-,-,-,総合,-,0,7
2013-12-01,福岡県,-,-,-,総合,-,0,87
2013-12-01,佐賀県,-,-,-,総合,-,0,15
2013-12-01,長崎県,-,-,-,総合,-,0,17
2013-12-01,熊本県,-,-,-,総合,-,0,33
2013-12-01,大分県,-,-,-,総合,-,0,27
2013-12-01,宮崎県,-,-,-,総合,-,0,14
2013-12-01,鹿児島県,-,-,-,総合,-,0,26
2013-12-01,沖縄県,-,-,-,総合,-,0,33
2014-01-01,北海道,-,-,-,総合,-,0,88
2014-01-01,青森県,-,-,-,総合,-,0,19
2014-01-01,岩手県,-,-,-,総合,-,0,15
2014-01-01,宮城県,-,-,-,総合,-,0,24
2014-01-01,秋田県,-,-,-,総合,-,0,18
2014-01-01,山形県,-,-,-,総合,-,0,8
2014-01-01,福島県,-,-,-,総合,-,0,20
2014-01-01,茨城県,-,-,-,総合,-,0,32
2014-01-01,栃木県,-,-,-,総合,-,0,24
2014-01-01,群馬県,-,-,-,総合,-,0,38
2014-01-01,埼玉県,-,-,-,総合,-,0,84
2014-01-01,千葉県,-,-,-,総合,-,0,98
2014-01-01,東京都,-,-,-,総合,-,0,158
2014-01-01,神奈川県,-,-,-,総合,-,0,109
2014-01-01,新潟県,-,-,-,総合,-,0,31
2014-01-01,山梨県,-,-,-,総合,-,0,10
2014-01-01,長野県,-,-,-,総合,-,0,37
2014-01-01,富山県,-,-,-,総合,-,0,14
2014-01-01,石川県,-,-,-,総合,-,0,18
2014-01-01,福井県,-,-,-,総合,-,0,11
2014-01-01,岐阜県,-,-,-,総合,-,0,35
2014-01-01,静岡県,-,-,-,総合,-,0,31
2014-01-01,愛知県,-,-,-,総合,-,0,107
2014-01-01,三重県,-,-,-,総合,-,0,36
2014-01-01,滋賀県,-,-,-,総合,-,0,46
2014-01-01,京都府,-,-,-,総合,-,0,51
2014-01-01,大阪府,-,-,-,総合,-,0,196
2014-01-01,兵庫県,-,-,-,総合,-,0,84
2014-01-01,奈良県,-,-,-,総合,-,0,27
2014-01-01,和歌山県,-,-,-,総合,-,0,8
2014-01-01,鳥取県,-,-,-,総合,-,0,8
2014-01-01,島根県,-,-,-,総合,-,0,12
2014-01-01,岡山県,-,-,-,総合,-,0,25
2014-01-01,広島県,-,-,-,総合,-,0,42
2014-01-01,山口県,-,-,-,総合,-,0,26
2014-01-01,徳島県,-,-,-,総合,-,0,5
2014-01-01,香川県,-,-,-,総合,-,0,12
2014-01-01,愛媛県,-,-,-,総合,-,0,13
2014-01-01,高知県,-,-,-,総合,-,0,7
2014-01-01,福岡県,-,-,-,総合,-,0,87
2014-01-01,佐賀県,-,-,-,総合,-,0,14
2014-01-01,長崎県,-,-,-,総合,-,0,17
2014-01-01,熊本県,-,-,-,総合,-,0,33
2014-01-01,大分県,-,-,-,総合,-,0,27
2014-01-01,宮崎県,-,-,-,総合,-,0,14
2014-01-01,鹿児島県,-,-,-,総合,-,0,26
2014-01-01,沖縄県,-,-,-,総合,-,0,31
2014-02-01,北海道,-,-,-,総合,-,0,87
2014-02-01,青森県,-,-,-,総合,-,0,19
2014-02-01,岩手県,-,-,-,総合,-,0,15
2014-02-01,宮城県,-,-,-,総合,-,0,24
2014-02-01,秋田県,-,-,-,総合,-,0,18
2014-02-01,山形県,-,-,-,総合,-,0,8
2014-02-01,福島県,-,-,-,総合,-,0,20
2014-02-01,茨城県,-,-,-,総合,-,0,32
2014-02-01,栃木県,-,-,-,総合,-,0,24
2014-02-01,群馬県,-,-,-,総合,-,0,38
2014-02-01,埼玉県,-,-,-,総合,-,0,84
2014-02-01,千葉県,-,-,-,総合,-,0,98
2014-02-01,東京都,-,-,-,総合,-,0,159
2014-02-01,神奈川県,-,-,-,総合,-,0,109
2014-02-01,新潟県,-,-,-,総合,-,0,31
2014-02-01,山梨県,-,-,-,総合,-,0,10
2014-02-01,長野県,-,-,-,総合,-,0,37
2014-02-01,富山県,-,-,-,総合,-,0,14
2014-02-01,石川県,-,-,-,総合,-,0,18
2014-02-01,福井県,-,-,-,総合,-,0,11
2014-02-01,岐阜県,-,-,-,総合,-,0,35
2014-02-01,静岡県,-,-,-,総合,-,0,31
2014-02-01,愛知県,-,-,-,総合,-,0,107
2014-02-01,三重県,-,-,-,総合,-,0,37
2014-02-01,滋賀県,-,-,-,総合,-,0,46
2014-02-01,京都府,-,-,-,総合,-,0,51
2014-02-01,大阪府,-,-,-,総合,-,0,194
2014-02-01,兵庫県,-,-,-,総合,-,0,84
2014-02-01,奈良県,-,-,-,総合,-,0,27
2014-02-01,和歌山県,-,-,-,総合,-,0,9
2014-02-01,鳥取県,-,-,-,総合,-,0,8
2014-02-01,島根県,-,-,-,総合,-,0,12
2014-02-01,岡山県,-,-,-,総合,-,0,25
2014-02-01,広島県,-,-,-,総合,-,0,42
2014-02-01,山口県,-,-,-,総合,-,0,27
2014-02-01,徳島県,-,-,-,総合,-,0,5
2014-02-01,香川県,-,-,-,総合,-,0,12
2014-02-01,愛媛県,-,-,-,総合,-,0,13
2014-02-01,高知県,-,-,-,総合,-,0,7
2014-02-01,福岡県,-,-,-,総合,-,0,87
2014-02-01,佐賀県,-,-,-,総合,-,0,14
2014-02-01,長崎県,-,-,-,総合,-,0,18
2014-02-01,熊本県,-,-,-,総合,-,0,33
2014-02-01,大分県,-,-,-,総合,-,0,27
2014-02-01,宮崎県,-,-,-,総合,-,0,14
2014-02-01,鹿児島県,-,-,-,総合,-,0,26
2014-02-01,沖縄県,-,-,-,総合,-,0,31
2014-03-01,北海道,-,-,-,総合,-,0,87
2014-03-01,青森県,-,-,-,総合,-,0,19
2014-03-01,岩手県,-,-,-,総合,-,0,16
2014-03-01,宮城県,-,-,-,総合,-,0,24
2014-03-01,秋田県,-,-,-,総合,-,0,18
2014-03-01,山形県,-,-,-,総合,-,0,9
2014-03-01,福島県,-,-,-,総合,-,0,20
2014-03-01,茨城県,-,-,-,総合,-,0,33
2014-03-01,栃木県,-,-,-,総合,-,0,24
2014-03-01,群馬県,-,-,-,総合,-,0,38
2014-03-01,埼玉県,-,-,-,総合,-,0,84
2014-03-01,千葉県,-,-,-,総合,-,0,98
2014-03-01,東京都,-,-,-,総合,-,0,158
2014-03-01,神奈川県,-,-,-,総合,-,0,109
2014-03-01,新潟県,-,-,-,総合,-,0,31
2014-03-01,山梨県,-,-,-,総合,-,0,10
2014-03-01,長野県,-,-,-,総合,-,0,37
2014-03-01,富山県,-,-,-,総合,-,0,14
2014-03-01,石川県,-,-,-,総合,-,0,18
2014-03-01,福井県,-,-,-,総合,-,0,11
2014-03-01,岐阜県,-,-,-,総合,-,0,35
2014-03-01,静岡県,-,-,-,総合,-,0,31
2014-03-01,愛知県,-,-,-,総合,-,0,108
2014-03-01,三重県,-,-,-,総合,-,0,38
2014-03-01,滋賀県,-,-,-,総合,-,0,46
2014-03-01,京都府,-,-,-,総合,-,0,51
2014-03-01,大阪府,-,-,-,総合,-,0,197
2014-03-01,兵庫県,-,-,-,総合,-,0,84
2014-03-01,奈良県,-,-,-,総合,-,0,27
2014-03-01,和歌山県,-,-,-,総合,-,0,10
2014-03-01,鳥取県,-,-,-,総合,-,0,8
2014-03-01,島根県,-,-,-,総合,-,0,12
2014-03-01,岡山県,-,-,-,総合,-,0,25
2014-03-01,広島県,-,-,-,総合,-,0,42
2014-03-01,山口県,-,-,-,総合,-,0,27
2014-03-01,徳島県,-,-,-,総合,-,0,5
2014-03-01,香川県,-,-,-,総合,-,0,13
2014-03-01,愛媛県,-,-,-,総合,-,0,13
2014-03-01,高知県,-,-,-,総合,-,0,7
2014-03-01,福岡県,-,-,-,総合,-,0,89
2014-03-01,佐賀県,-,-,-,総合,-,0,14
2014-03-01,長崎県,-,-,-,総合,-,0,18
2014-03-01,熊本県,-,-,-,総合,-,0,33
2014-03-01,大分県,-,-,-,総合,-,0,27
2014-03-01,宮崎県,-,-,-,総合,-,0,14
2014-03-01,鹿児島県,-,-,-,総合,-,0,26
2014-03-01,沖縄県,-,-,-,総合,-,0,31
2014-04-01,北海道,-,-,-,総合,-,0,87
2014-04-01,青森県,-,-,-,総合,-,0,20
2014-04-01,岩手県,-,-,-,総合,-,0,16
2014-04-01,宮城県,-,-,-,総合,-,0,24
2014-04-01,秋田県,-,-,-,総合,-,0,18
2014-04-01,山形県,-,-,-,総合,-,0,9
2014-04-01,福島県,-,-,-,総合,-,0,21
2014-04-01,茨城県,-,-,-,総合,-,0,33
2014-04-01,栃木県,-,-,-,総合,-,0,24
2014-04-01,群馬県,-,-,-,総合,-,0,38
2014-04-01,埼玉県,-,-,-,総合,-,0,81
2014-04-01,千葉県,-,-,-,総合,-,0,98
2014-04-01,東京都,-,-,-,総合,-,0,132
2014-04-01,神奈川県,-,-,-,総合,-,0,98
2014-04-01,新潟県,-,-,-,総合,-,0,31
2014-04-01,山梨県,-,-,-,総合,-,0,10
2014-04-01,長野県,-,-,-,総合,-,0,37
2014-04-01,富山県,-,-,-,総合,-,0,14
2014-04-01,石川県,-,-,-,総合,-,0,18
2014-04-01,福井県,-,-,-,総合,-,0,11
2014-04-01,岐阜県,-,-,-,総合,-,0,35
2014-04-01,静岡県,-,-,-,総合,-,0,31
2014-04-01,愛知県,-,-,-,総合,-,0,109
2014-04-01,三重県,-,-,-,総合,-,0,38
2014-04-01,滋賀県,-,-,-,総合,-,0,46
2014-04-01,京都府,-,-,-,総合,-,0,49
2014-04-01,大阪府,-,-,-,総合,-,0,174
2014-04-01,兵庫県,-,-,-,総合,-,0,80
2014-04-01,奈良県,-,-,-,総合,-,0,26
2014-04-01,和歌山県,-,-,-,総合,-,0,10
2014-04-01,鳥取県,-,-,-,総合,-,0,8
2014-04-01,島根県,-,-,-,総合,-,0,12
2014-04-01,岡山県,-,-,-,総合,-,0,26
2014-04-01,広島県,-,-,-,総合,-,0,42
2014-04-01,山口県,-,-,-,総合,-,0,27
2014-04-01,徳島県,-,-,-,総合,-,0,5
2014-04-01,香川県,-,-,-,総合,-,0,12
2014-04-01,愛媛県,-,-,-,総合,-,0,13
2014-04-01,高知県,-,-,-,総合,-,0,7
2014-04-01,福岡県,-,-,-,総合,-,0,89
2014-04-01,佐賀県,-,-,-,総合,-,0,13
2014-04-01,長崎県,-,-,-,総合,-,0,18
2014-04-01,熊本県,-,-,-,総合,-,0,33
2014-04-01,大分県,-,-,-,総合,-,0,27
2014-04-01,宮崎県,-,-,-,総合,-,0,14
2014-04-01,鹿児島県,-,-,-,総合,-,0,26
2014-04-01,沖縄県,-,-,-,総合,-,0,31
2014-05-01,北海道,-,-,-,総合,-,0,87
2014-05-01,青森県,-,-,-,総合,-,0,21
2014-05-01,岩手県,-,-,-,総合,-,0,16
2014-05-01,宮城県,-,-,-,総合,-,0,24
2014-05-01,秋田県,-,-,-,総合,-,0,18
2014-05-01,山形県,-,-,-,総合,-,0,9
2014-05-01,福島県,-,-,-,総合,-,0,21
2014-05-01,茨城県,-,-,-,総合,-,0,33
2014-05-01,栃木県,-,-,-,総合,-,0,23
2014-05-01,群馬県,-,-,-,総合,-,0,38
2014-05-01,埼玉県,-,-,-,総合,-,0,81
2014-05-01,千葉県,-,-,-,総合,-,0,98
2014-05-01,東京都,-,-,-,総合,-,0,133
2014-05-01,神奈川県,-,-,-,総合,-,0,97
2014-05-01,新潟県,-,-,-,総合,-,0,31
2014-05-01,山梨県,-,-,-,総合,-,0,10
2014-05-01,長野県,-,-,-,総合,-,0,37
2014-05-01,富山県,-,-,-,総合,-,0,14
2014-05-01,石川県,-,-,-,総合,-,0,18
2014-05-01,福井県,-,-,-,総合,-,0,11
2014-05-01,岐阜県,-,-,-,総合,-,0,35
2014-05-01,静岡県,-,-,-,総合,-,0,31
2014-05-01,愛知県,-,-,-,総合,-,0,108
2014-05-01,三重県,-,-,-,総合,-,0,38
2014-05-01,滋賀県,-,-,-,総合,-,0,46
2014-05-01,京都府,-,-,-,総合,-,0,49
2014-05-01,大阪府,-,-,-,総合,-,0,174
2014-05-01,兵庫県,-,-,-,総合,-,0,80
2014-05-01,奈良県,-,-,-,総合,-,0,26
2014-05-01,和歌山県,-,-,-,総合,-,0,10
2014-05-01,鳥取県,-,-,-,総合,-,0,8
2014-05-01,島根県,-,-,-,総合,-,0,12
2014-05-01,岡山県,-,-,-,総合,-,0,26
2014-05-01,広島県,-,-,-,総合,-,0,40
2014-05-01,山口県,-,-,-,総合,-,0,27
2014-05-01,徳島県,-,-,-,総合,-,0,5
2014-05-01,香川県,-,-,-,総合,-,0,12
2014-05-01,愛媛県,-,-,-,総合,-,0,13
2014-05-01,高知県,-,-,-,総合,-,0,7
2014-05-01,福岡県,-,-,-,総合,-,0,89
2014-05-01,佐賀県,-,-,-,総合,-,0,13
2014-05-01,長崎県,-,-,-,総合,-,0,18
2014-05-01,熊本県,-,-,-,総合,-,0,32
2014-05-01,大分県,-,-,-,総合,-,0,27
2014-05-01,宮崎県,-,-,-,総合,-,0,14
2014-05-01,鹿児島県,-,-,-,総合,-,0,26
2014-05-01,沖縄県,-,-,-,総合,-,0,31
2014-06-01,北海道,-,-,-,総合,-,0,87
2014-06-01,青森県,-,-,-,総合,-,0,21
2014-06-01,岩手県,-,-,-,総合,-,0,15
2014-06-01,宮城県,-,-,-,総合,-,0,24
2014-06-01,秋田県,-,-,-,総合,-,0,18
2014-06-01,山形県,-,-,-,総合,-,0,9
2014-06-01,福島県,-,-,-,総合,-,0,21
2014-06-01,茨城県,-,-,-,総合,-,0,33
2014-06-01,栃木県,-,-,-,総合,-,0,23
2014-06-01,群馬県,-,-,-,総合,-,0,38
2014-06-01,埼玉県,-,-,-,総合,-,0,81
2014-06-01,千葉県,-,-,-,総合,-,0,98
2014-06-01,東京都,-,-,-,総合,-,0,133
2014-06-01,神奈川県,-,-,-,総合,-,0,97
2014-06-01,新潟県,-,-,-,総合,-,0,31
2014-06-01,山梨県,-,-,-,総合,-,0,10
2014-06-01,長野県,-,-,-,総合,-,0,37
2014-06-01,富山県,-,-,-,総合,-,0,14
2014-06-01,石川県,-,-,-,総合,-,0,18
2014-06-01,福井県,-,-,-,総合,-,0,11
2014-06-01,岐阜県,-,-,-,総合,-,0,35
2014-06-01,静岡県,-,-,-,総合,-,0,31
2014-06-01,愛知県,-,-,-,総合,-,0,109
2014-06-01,三重県,-,-,-,総合,-,0,38
2014-06-01,滋賀県,-,-,-,総合,-,0,46
2014-06-01,京都府,-,-,-,総合,-,0,49
2014-06-01,大阪府,-,-,-,総合,-,0,174
2014-06-01,兵庫県,-,-,-,総合,-,0,80
2014-06-01,奈良県,-,-,-,総合,-,0,26
2014-06-01,和歌山県,-,-,-,総合,-,0,10
2014-06-01,鳥取県,-,-,-,総合,-,0,8
2014-06-01,島根県,-,-,-,総合,-,0,12
2014-06-01,岡山県,-,-,-,総合,-,0,26
2014-06-01,広島県,-,-,-,総合,-,0,40
2014-06-01,山口県,-,-,-,総合,-,0,27
2014-06-01,徳島県,-,-,-,総合,-,0,5
2014-06-01,香川県,-,-,-,総合,-,0,12
2014-06-01,愛媛県,-,-,-,総合,-,0,13
2014-06-01,高知県,-,-,-,総合,-,0,7
2014-06-01,福岡県,-,-,-,総合,-,0,90
2014-06-01,佐賀県,-,-,-,総合,-,0,13
2014-06-01,長崎県,-,-,-,総合,-,0,18
2014-06-01,熊本県,-,-,-,総合,-,0,33
2014-06-01,大分県,-,-,-,総合,-,0,27
2014-06-01,宮崎県,-,-,-,総合,-,0,14
2014-06-01,鹿児島県,-,-,-,総合,-,0,26
2014-06-01,沖縄県,-,-,-,総合,-,0,31
2014-07-01,北海道,-,-,-,総合,-,0,89
2014-07-01,青森県,-,-,-,総合,-,0,22
2014-07-01,岩手県,-,-,-,総合,-,0,16
2014-07-01,宮城県,-,-,-,総合,-,0,24
2014-07-01,秋田県,-,-,-,総合,-,0,19
2014-07-01,山形県,-,-,-,総合,-,0,9
2014-07-01,福島県,-,-,-,総合,-,0,21
2014-07-01,茨城県,-,-,-,総合,-,0,33
2014-07-01,栃木県,-,-,-,総合,-,0,23
2014-07-01,群馬県,-,-,-,総合,-,0,38
2014-07-01,埼玉県,-,-,-,総合,-,0,81
2014-07-01,千葉県,-,-,-,総合,-,0,99
2014-07-01,東京都,-,-,-,総合,-,0,131
2014-07-01,神奈川県,-,-,-,総合,-,0,97
2014-07-01,新潟県,-,-,-,総合,-,0,31
2014-07-01,山梨県,-,-,-,総合,-,0,10
2014-07-01,長野県,-,-,-,総合,-,0,37
2014-07-01,富山県,-,-,-,総合,-,0,14
2014-07-01,石川県,-,-,-,総合,-,0,18
2014-07-01,福井県,-,-,-,総合,-,0,11
2014-07-01,岐阜県,-,-,-,総合,-,0,35
2014-07-01,静岡県,-,-,-,総合,-,0,31
2014-07-01,愛知県,-,-,-,総合,-,0,110
2014-07-01,三重県,-,-,-,総合,-,0,38
2014-07-01,滋賀県,-,-,-,総合,-,0,46
2014-07-01,京都府,-,-,-,総合,-,0,49
2014-07-01,大阪府,-,-,-,総合,-,0,175
2014-07-01,兵庫県,-,-,-,総合,-,0,80
2014-07-01,奈良県,-,-,-,総合,-,0,26
2014-07-01,和歌山県,-,-,-,総合,-,0,10
2014-07-01,鳥取県,-,-,-,総合,-,0,8
2014-07-01,島根県,-,-,-,総合,-,0,12
2014-07-01,岡山県,-,-,-,総合,-,0,26
2014-07-01,広島県,-,-,-,総合,-,0,40
2014-07-01,山口県,-,-,-,総合,-,0,27
2014-07-01,徳島県,-,-,-,総合,-,0,5
2014-07-01,香川県,-,-,-,総合,-,0,12
2014-07-01,愛媛県,-,-,-,総合,-,0,13
2014-07-01,高知県,-,-,-,総合,-,0,7
2014-07-01,福岡県,-,-,-,総合,-,0,90
2014-07-01,佐賀県,-,-,-,総合,-,0,13
2014-07-01,長崎県,-,-,-,総合,-,0,18
2014-07-01,熊本県,-,-,-,総合,-,0,33
2014-07-01,大分県,-,-,-,総合,-,0,27
2014-07-01,宮崎県,-,-,-,総合,-,0,15
2014-07-01,鹿児島県,-,-,-,総合,-,0,26
2014-07-01,沖縄県,-,-,-,総合,-,0,31
2014-08-01,北海道,-,-,-,総合,-,0,89
2014-08-01,青森県,-,-,-,総合,-,0,22
2014-08-01,岩手県,-,-,-,総合,-,0,16
2014-08-01,宮城県,-,-,-,総合,-,0,24
2014-08-01,秋田県,-,-,-,総合,-,0,20
2014-08-01,山形県,-,-,-,総合,-,0,9
2014-08-01,福島県,-,-,-,総合,-,0,21
2014-08-01,茨城県,-,-,-,総合,-,0,33
2014-08-01,栃木県,-,-,-,総合,-,0,23
2014-08-01,群馬県,-,-,-,総合,-,0,38
2014-08-01,埼玉県,-,-,-,総合,-,0,81
2014-08-01,千葉県,-,-,-,総合,-,0,100
2014-08-01,東京都,-,-,-,総合,-,0,130
2014-08-01,神奈川県,-,-,-,総合,-,0,97
2014-08-01,新潟県,-,-,-,総合,-,0,31
2014-08-01,山梨県,-,-,-,総合,-,0,10
2014-08-01,長野県,-,-,-,総合,-,0,37
2014-08-01,富山県,-,-,-,総合,-,0,14
2014-08-01,石川県,-,-,-,総合,-,0,18
2014-08-01,福井県,-,-,-,総合,-,0,11
2014-08-01,岐阜県,-,-,-,総合,-,0,35
2014-08-01,静岡県,-,-,-,総合,-,0,31
2014-08-01,愛知県,-,-,-,総合,-,0,109
2014-08-01,三重県,-,-,-,総合,-,0,38
2014-08-01,滋賀県,-,-,-,総合,-,0,46
2014-08-01,京都府,-,-,-,総合,-,0,49
2014-08-01,大阪府,-,-,-,総合,-,0,175
2014-08-01,兵庫県,-,-,-,総合,-,0,80
2014-08-01,奈良県,-,-,-,総合,-,0,26
2014-08-01,和歌山県,-,-,-,総合,-,0,10
2014-08-01,鳥取県,-,-,-,総合,-,0,8
2014-08-01,島根県,-,-,-,総合,-,0,11
2014-08-01,岡山県,-,-,-,総合,-,0,26
2014-08-01,広島県,-,-,-,総合,-,0,39
2014-08-01,山口県,-,-,-,総合,-,0,27
2014-08-01,徳島県,-,-,-,総合,-,0,5
2014-08-01,香川県,-,-,-,総合,-,0,12
2014-08-01,愛媛県,-,-,-,総合,-,0,13
2014-08-01,高知県,-,-,-,総合,-,0,7
2014-08-01,福岡県,-,-,-,総合,-,0,90
2014-08-01,佐賀県,-,-,-,総合,-,0,13
2014-08-01,長崎県,-,-,-,総合,-,0,18
2014-08-01,熊本県,-,-,-,総合,-,0,33
2014-08-01,大分県,-,-,-,総合,-,0,27
2014-08-01,宮崎県,-,-,-,総合,-,0,15
2014-08-01,鹿児島県,-,-,-,総合,-,0,26
2014-08-01,沖縄県,-,-,-,総合,-,0,31
2014-09-01,北海道,-,-,-,総合,-,0,90
2014-09-01,青森県,-,-,-,総合,-,0,22
2014-09-01,岩手県,-,-,-,総合,-,0,17
2014-09-01,宮城県,-,-,-,総合,-,0,24
2014-09-01,秋田県,-,-,-,総合,-,0,20
2014-09-01,山形県,-,-,-,総合,-,0,9
2014-09-01,福島県,-,-,-,総合,-,0,21
2014-09-01,茨城県,-,-,-,総合,-,0,33
2014-09-01,栃木県,-,-,-,総合,-,0,23
2014-09-01,群馬県,-,-,-,総合,-,0,38
2014-09-01,埼玉県,-,-,-,総合,-,0,81
2014-09-01,千葉県,-,-,-,総合,-,0,98
2014-09-01,東京都,-,-,-,総合,-,0,131
2014-09-01,神奈川県,-,-,-,総合,-,0,96
2014-09-01,新潟県,-,-,-,総合,-,0,31
2014-09-01,山梨県,-,-,-,総合,-,0,10
2014-09-01,長野県,-,-,-,総合,-,0,37
2014-09-01,富山県,-,-,-,総合,-,0,14
2014-09-01,石川県,-,-,-,総合,-,0,18
2014-09-01,福井県,-,-,-,総合,-,0,11
2014-09-01,岐阜県,-,-,-,総合,-,0,35
2014-09-01,静岡県,-,-,-,総合,-,0,31
2014-09-01,愛知県,-,-,-,総合,-,0,109
2014-09-01,三重県,-,-,-,総合,-,0,38
2014-09-01,滋賀県,-,-,-,総合,-,0,46
2014-09-01,京都府,-,-,-,総合,-,0,49
2014-09-01,大阪府,-,-,-,総合,-,0,175
2014-09-01,兵庫県,-,-,-,総合,-,0,81
2014-09-01,奈良県,-,-,-,総合,-,0,26
2014-09-01,和歌山県,-,-,-,総合,-,0,11
2014-09-01,鳥取県,-,-,-,総合,-,0,9
2014-09-01,島根県,-,-,-,総合,-,0,12
2014-09-01,岡山県,-,-,-,総合,-,0,25
2014-09-01,広島県,-,-,-,総合,-,0,39
2014-09-01,山口県,-,-,-,総合,-,0,27
2014-09-01,徳島県,-,-,-,総合,-,0,5
2014-09-01,香川県,-,-,-,総合,-,0,12
2014-09-01,愛媛県,-,-,-,総合,-,0,13
2014-09-01,高知県,-,-,-,総合,-,0,7
2014-09-01,福岡県,-,-,-,総合,-,0,90
2014-09-01,佐賀県,-,-,-,総合,-,0,13
2014-09-01,長崎県,-,-,-,総合,-,0,18
2014-09-01,熊本県,-,-,-,総合,-,0,33
2014-09-01,大分県,-,-,-,総合,-,0,28
2014-09-01,宮崎県,-,-,-,総合,-,0,15
2014-09-01,鹿児島県,-,-,-,総合,-,0,26
2014-09-01,沖縄県,-,-,-,総合,-,0,31
2014-10-01,北海道,-,-,-,総合,-,0,92
2014-10-01,青森県,-,-,-,総合,-,0,22
2014-10-01,岩手県,-,-,-,総合,-,0,19
2014-10-01,宮城県,-,-,-,総合,-,0,24
2014-10-01,秋田県,-,-,-,総合,-,0,20
2014-10-01,山形県,-,-,-,総合,-,0,9
2014-10-01,福島県,-,-,-,総合,-,0,21
2014-10-01,茨城県,-,-,-,総合,-,0,34
2014-10-01,栃木県,-,-,-,総合,-,0,23
2014-10-01,群馬県,-,-,-,総合,-,0,38
2014-10-01,埼玉県,-,-,-,総合,-,0,81
2014-10-01,千葉県,-,-,-,総合,-,0,99
2014-10-01,東京都,-,-,-,総合,-,0,131
2014-10-01,神奈川県,-,-,-,総合,-,0,96
2014-10-01,新潟県,-,-,-,総合,-,0,31
2014-10-01,山梨県,-,-,-,総合,-,0,10
2014-10-01,長野県,-,-,-,総合,-,0,37
2014-10-01,富山県,-,-,-,総合,-,0,14
2014-10-01,石川県,-,-,-,総合,-,0,18
2014-10-01,福井県,-,-,-,総合,-,0,11
2014-10-01,岐阜県,-,-,-,総合,-,0,35
2014-10-01,静岡県,-,-,-,総合,-,0,31
2014-10-01,愛知県,-,-,-,総合,-,0,110
2014-10-01,三重県,-,-,-,総合,-,0,38
2014-10-01,滋賀県,-,-,-,総合,-,0,46
2014-10-01,京都府,-,-,-,総合,-,0,50
2014-10-01,大阪府,-,-,-,総合,-,0,174
2014-10-01,兵庫県,-,-,-,総合,-,0,81
2014-10-01,奈良県,-,-,-,総合,-,0,26
2014-10-01,和歌山県,-,-,-,総合,-,0,11
2014-10-01,鳥取県,-,-,-,総合,-,0,9
2014-10-01,島根県,-,-,-,総合,-,0,12
2014-10-01,岡山県,-,-,-,総合,-,0,24
2014-10-01,広島県,-,-,-,総合,-,0,39
2014-10-01,山口県,-,-,-,総合,-,0,27
2014-10-01,徳島県,-,-,-,総合,-,0,5
2014-10-01,香川県,-,-,-,総合,-,0,12
2014-10-01,愛媛県,-,-,-,総合,-,0,13
2014-10-01,高知県,-,-,-,総合,-,0,7
2014-10-01,福岡県,-,-,-,総合,-,0,90
2014-10-01,佐賀県,-,-,-,総合,-,0,13
2014-10-01,長崎県,-,-,-,総合,-,0,18
2014-10-01,熊本県,-,-,-,総合,-,0,33
2014-10-01,大分県,-,-,-,総合,-,0,28
2014-10-01,宮崎県,-,-,-,総合,-,0,15
2014-10-01,鹿児島県,-,-,-,総合,-,0,26
2014-10-01,沖縄県,-,-,-,総合,-,0,31
2014-11-01,北海道,-,-,-,総合,-,0,92
2014-11-01,青森県,-,-,-,総合,-,0,23
2014-11-01,岩手県,-,-,-,総合,-,0,19
2014-11-01,宮城県,-,-,-,総合,-,0,24
2014-11-01,秋田県,-,-,-,総合,-,0,20
2014-11-01,山形県,-,-,-,総合,-,0,9
2014-11-01,福島県,-,-,-,総合,-,0,21
2014-11-01,茨城県,-,-,-,総合,-,0,34
2014-11-01,栃木県,-,-,-,総合,-,0,23
2014-11-01,群馬県,-,-,-,総合,-,0,38
2014-11-01,埼玉県,-,-,-,総合,-,0,82
2014-11-01,千葉県,-,-,-,総合,-,0,99
2014-11-01,東京都,-,-,-,総合,-,0,132
2014-11-01,神奈川県,-,-,-,総合,-,0,97
2014-11-01,新潟県,-,-,-,総合,-,0,31
2014-11-01,山梨県,-,-,-,総合,-,0,10
2014-11-01,長野県,-,-,-,総合,-,0,36
2014-11-01,富山県,-,-,-,総合,-,0,14
2014-11-01,石川県,-,-,-,総合,-,0,18
2014-11-01,福井県,-,-,-,総合,-,0,11
2014-11-01,岐阜県,-,-,-,総合,-,0,35
2014-11-01,静岡県,-,-,-,総合,-,0,31
2014-11-01,愛知県,-,-,-,総合,-,0,109
2014-11-01,三重県,-,-,-,総合,-,0,38
2014-11-01,滋賀県,-,-,-,総合,-,0,46
2014-11-01,京都府,-,-,-,総合,-,0,50
2014-11-01,大阪府,-,-,-,総合,-,0,175
2014-11-01,兵庫県,-,-,-,総合,-,0,81
2014-11-01,奈良県,-,-,-,総合,-,0,27
2014-11-01,和歌山県,-,-,-,総合,-,0,11
2014-11-01,鳥取県,-,-,-,総合,-,0,9
2014-11-01,島根県,-,-,-,総合,-,0,12
2014-11-01,岡山県,-,-,-,総合,-,0,24
2014-11-01,広島県,-,-,-,総合,-,0,39
2014-11-01,山口県,-,-,-,総合,-,0,27
2014-11-01,徳島県,-,-,-,総合,-,0,5
2014-11-01,香川県,-,-,-,総合,-,0,12
2014-11-01,愛媛県,-,-,-,総合,-,0,13
2014-11-01,高知県,-,-,-,総合,-,0,7
2014-11-01,福岡県,-,-,-,総合,-,0,90
2014-11-01,佐賀県,-,-,-,総合,-,0,13
2014-11-01,長崎県,-,-,-,総合,-,0,18
2014-11-01,熊本県,-,-,-,総合,-,0,33
2014-11-01,大分県,-,-,-,総合,-,0,28
2014-11-01,宮崎県,-,-,-,総合,-,0,15
2014-11-01,鹿児島県,-,-,-,総合,-,0,26
2014-11-01,沖縄県,-,-,-,総合,-,0,31
2014-12-01,北海道,-,-,-,総合,-,0,92
2014-12-01,青森県,-,-,-,総合,-,0,24
2014-12-01,岩手県,-,-,-,総合,-,0,19
2014-12-01,宮城県,-,-,-,総合,-,0,24
2014-12-01,秋田県,-,-,-,総合,-,0,20
2014-12-01,山形県,-,-,-,総合,-,0,9
2014-12-01,福島県,-,-,-,総合,-,0,21
2014-12-01,茨城県,-,-,-,総合,-,0,34
2014-12-01,栃木県,-,-,-,総合,-,0,23
2014-12-01,群馬県,-,-,-,総合,-,0,37
2014-12-01,埼玉県,-,-,-,総合,-,0,81
2014-12-01,千葉県,-,-,-,総合,-,0,97
2014-12-01,東京都,-,-,-,総合,-,0,133
2014-12-01,神奈川県,-,-,-,総合,-,0,96
2014-12-01,新潟県,-,-,-,総合,-,0,31
2014-12-01,山梨県,-,-,-,総合,-,0,10
2014-12-01,長野県,-,-,-,総合,-,0,36
2014-12-01,富山県,-,-,-,総合,-,0,14
2014-12-01,石川県,-,-,-,総合,-,0,18
2014-12-01,福井県,-,-,-,総合,-,0,11
2014-12-01,岐阜県,-,-,-,総合,-,0,36
2014-12-01,静岡県,-,-,-,総合,-,0,31
2014-12-01,愛知県,-,-,-,総合,-,0,109
2014-12-01,三重県,-,-,-,総合,-,0,38
2014-12-01,滋賀県,-,-,-,総合,-,0,46
2014-12-01,京都府,-,-,-,総合,-,0,50
2014-12-01,大阪府,-,-,-,総合,-,0,174
2014-12-01,兵庫県,-,-,-,総合,-,0,81
2014-12-01,奈良県,-,-,-,総合,-,0,27
2014-12-01,和歌山県,-,-,-,総合,-,0,11
2014-12-01,鳥取県,-,-,-,総合,-,0,9
2014-12-01,島根県,-,-,-,総合,-,0,11
2014-12-01,岡山県,-,-,-,総合,-,0,25
2014-12-01,広島県,-,-,-,総合,-,0,40
2014-12-01,山口県,-,-,-,総合,-,0,27
2014-12-01,徳島県,-,-,-,総合,-,0,5
2014-12-01,香川県,-,-,-,総合,-,0,12
2014-12-01,愛媛県,-,-,-,総合,-,0,13
2014-12-01,高知県,-,-,-,総合,-,0,7
2014-12-01,福岡県,-,-,-,総合,-,0,89
2014-12-01,佐賀県,-,-,-,総合,-,0,13
2014-12-01,長崎県,-,-,-,総合,-,0,18
2014-12-01,熊本県,-,-,-,総合,-,0,33
2014-12-01,大分県,-,-,-,総合,-,0,28
2014-12-01,宮崎県,-,-,-,総合,-,0,15
2014-12-01,鹿児島県,-,-,-,総合,-,0,26
2014-12-01,沖縄県,-,-,-,総合,-,0,31
2015-01-01,北海道,-,-,-,総合,-,0,92
2015-01-01,青森県,-,-,-,総合,-,0,24
2015-01-01,岩手県,-,-,-,総合,-,0,19
2015-01-01,宮城県,-,-,-,総合,-,0,24
2015-01-01,秋田県,-,-,-,総合,-,0,20
2015-01-01,山形県,-,-,-,総合,-,0,9
2015-01-01,福島県,-,-,-,総合,-,0,21
2015-01-01,茨城県,-,-,-,総合,-,0,34
2015-01-01,栃木県,-,-,-,総合,-,0,22
2015-01-01,群馬県,-,-,-,総合,-,0,37
2015-01-01,埼玉県,-,-,-,総合,-,0,81
2015-01-01,千葉県,-,-,-,総合,-,0,97
2015-01-01,東京都,-,-,-,総合,-,0,133
2015-01-01,神奈川県,-,-,-,総合,-,0,96
2015-01-01,新潟県,-,-,-,総合,-,0,31
2015-01-01,山梨県,-,-,-,総合,-,0,10
2015-01-01,長野県,-,-,-,総合,-,0,36
2015-01-01,富山県,-,-,-,総合,-,0,14
2015-01-01,石川県,-,-,-,総合,-,0,18
2015-01-01,福井県,-,-,-,総合,-,0,11
2015-01-01,岐阜県,-,-,-,総合,-,0,35
2015-01-01,静岡県,-,-,-,総合,-,0,30
2015-01-01,愛知県,-,-,-,総合,-,0,109
2015-01-01,三重県,-,-,-,総合,-,0,38
2015-01-01,滋賀県,-,-,-,総合,-,0,46
2015-01-01,京都府,-,-,-,総合,-,0,50
2015-01-01,大阪府,-,-,-,総合,-,0,174
2015-01-01,兵庫県,-,-,-,総合,-,0,81
2015-01-01,奈良県,-,-,-,総合,-,0,26
2015-01-01,和歌山県,-,-,-,総合,-,0,11
2015-01-01,鳥取県,-,-,-,総合,-,0,9
2015-01-01,島根県,-,-,-,総合,-,0,11
2015-01-01,岡山県,-,-,-,総合,-,0,25
2015-01-01,広島県,-,-,-,総合,-,0,40
2015-01-01,山口県,-,-,-,総合,-,0,27
2015-01-01,徳島県,-,-,-,総合,-,0,5
2015-01-01,香川県,-,-,-,総合,-,0,12
2015-01-01,愛媛県,-,-,-,総合,-,0,13
2015-01-01,高知県,-,-,-,総合,-,0,7
2015-01-01,福岡県,-,-,-,総合,-,0,90
2015-01-01,佐賀県,-,-,-,総合,-,0,13
2015-01-01,長崎県,-,-,-,総合,-,0,18
2015-01-01,熊本県,-,-,-,総合,-,0,33
2015-01-01,大分県,-,-,-,総合,-,0,28
2015-01-01,宮崎県,-,-,-,総合,-,0,15
2015-01-01,鹿児島県,-,-,-,総合,-,0,26
2015-01-01,沖縄県,-,-,-,総合,-,0,31
2015-02-01,北海道,-,-,-,総合,-,0,92
2015-02-01,青森県,-,-,-,総合,-,0,24
2015-02-01,岩手県,-,-,-,総合,-,0,19
2015-02-01,宮城県,-,-,-,総合,-,0,24
2015-02-01,秋田県,-,-,-,総合,-,0,20
2015-02-01,山形県,-,-,-,総合,-,0,9
2015-02-01,福島県,-,-,-,総合,-,0,21
2015-02-01,茨城県,-,-,-,総合,-,0,33
2015-02-01,栃木県,-,-,-,総合,-,0,22
2015-02-01,群馬県,-,-,-,総合,-,0,37
2015-02-01,埼玉県,-,-,-,総合,-,0,81
2015-02-01,千葉県,-,-,-,総合,-,0,97
2015-02-01,東京都,-,-,-,総合,-,0,132
2015-02-01,神奈川県,-,-,-,総合,-,0,96
2015-02-01,新潟県,-,-,-,総合,-,0,31
2015-02-01,山梨県,-,-,-,総合,-,0,10
2015-02-01,長野県,-,-,-,総合,-,0,36
2015-02-01,富山県,-,-,-,総合,-,0,14
2015-02-01,石川県,-,-,-,総合,-,0,18
2015-02-01,福井県,-,-,-,総合,-,0,11
2015-02-01,岐阜県,-,-,-,総合,-,0,35
2015-02-01,静岡県,-,-,-,総合,-,0,30
2015-02-01,愛知県,-,-,-,総合,-,0,109
2015-02-01,三重県,-,-,-,総合,-,0,38
2015-02-01,滋賀県,-,-,-,総合,-,0,45
2015-02-01,京都府,-,-,-,総合,-,0,50
2015-02-01,大阪府,-,-,-,総合,-,0,174
2015-02-01,兵庫県,-,-,-,総合,-,0,81
2015-02-01,奈良県,-,-,-,総合,-,0,26
2015-02-01,和歌山県,-,-,-,総合,-,0,11
2015-02-01,鳥取県,-,-,-,総合,-,0,9
2015-02-01,島根県,-,-,-,総合,-,0,11
2015-02-01,岡山県,-,-,-,総合,-,0,25
2015-02-01,広島県,-,-,-,総合,-,0,40
2015-02-01,山口県,-,-,-,総合,-,0,27
2015-02-01,徳島県,-,-,-,総合,-,0,5
2015-02-01,香川県,-,-,-,総合,-,0,12
2015-02-01,愛媛県,-,-,-,総合,-,0,13
2015-02-01,高知県,-,-,-,総合,-,0,7
2015-02-01,福岡県,-,-,-,総合,-,0,89
2015-02-01,佐賀県,-,-,-,総合,-,0,13
2015-02-01,長崎県,-,-,-,総合,-,0,18
2015-02-01,熊本県,-,-,-,総合,-,0,33
2015-02-01,大分県,-,-,-,総合,-,0,28
2015-02-01,宮崎県,-,-,-,総合,-,0,15
2015-02-01,鹿児島県,-,-,-,総合,-,0,26
2015-02-01,沖縄県,-,-,-,総合,-,0,31
2015-03-01,北海道,-,-,-,総合,-,0,93
2015-03-01,青森県,-,-,-,総合,-,0,24
2015-03-01,岩手県,-,-,-,総合,-,0,19
2015-03-01,宮城県,-,-,-,総合,-,0,24
2015-03-01,秋田県,-,-,-,総合,-,0,20
2015-03-01,山形県,-,-,-,総合,-,0,9
2015-03-01,福島県,-,-,-,総合,-,0,21
2015-03-01,茨城県,-,-,-,総合,-,0,33
2015-03-01,栃木県,-,-,-,総合,-,0,22
2015-03-01,群馬県,-,-,-,総合,-,0,37
2015-03-01,埼玉県,-,-,-,総合,-,0,80
2015-03-01,千葉県,-,-,-,総合,-,0,97
2015-03-01,東京都,-,-,-,総合,-,0,132
2015-03-01,神奈川県,-,-,-,総合,-,0,96
2015-03-01,新潟県,-,-,-,総合,-,0,31
2015-03-01,山梨県,-,-,-,総合,-,0,10
2015-03-01,長野県,-,-,-,総合,-,0,35
2015-03-01,富山県,-,-,-,総合,-,0,14
2015-03-01,石川県,-,-,-,総合,-,0,18
2015-03-01,福井県,-,-,-,総合,-,,11
2015-03-01,岐阜県,-,-,-,総合,-,,35
2015-03-01,静岡県,-,-,-,総合,-,,30
2015-03-01,愛知県,-,-,-,総合,-,,109
2015-03-01,三重県,-,-,-,総合,-,,38
2015-03-01,滋賀県,-,-,-,総合,-,,45
2015-03-01,京都府,-,-,-,総合,-,,50
2015-03-01,大阪府,-,-,-,総合,-,,173
2015-03-01,兵庫県,-,-,-,総合,-,,81
2015-03-01,奈良県,-,-,-,総合,-,,26
2015-03-01,和歌山県,-,-,-,総合,-,,11
2015-03-01,鳥取県,-,-,-,総合,-,,9
2015-03-01,島根県,-,-,-,総合,-,,11
2015-03-01,岡山県,-,-,-,総合,-,,25
2015-03-01,広島県,-,-,-,総合,-,,40
2015-03-01,山口県,-,-,-,総合,-,,27
2015-03-01,徳島県,-,-,-,総合,-,,5
2015-03-01,香川県,-,-,-,総合,-,,12
2015-03-01,愛媛県,-,-,-,総合,-,,13
2015-03-01,高知県,-,-,-,総合,-,,7
2015-03-01,福岡県,-,-,-,総合,-,,89
2015-03-01,佐賀県,-,-,-,総合,-,,13
2015-03-01,長崎県,-,-,-,総合,-,,19
2015-03-01,熊本県,-,-,-,総合,-,,33
2015-03-01,大分県,-,-,-,総合,-,,28
2015-03-01,宮崎県,-,-,-,総合,-,,15
2015-03-01,鹿児島県,-,-,-,総合,-,,26
2015-03-01,沖縄県,-,-,-,総合,-,,31
2015-04-01,北海道,-,-,-,総合,-,,93
2015-04-01,青森県,-,-,-,総合,-,,24
2015-04-01,岩手県,-,-,-,総合,-,,19
2015-04-01,宮城県,-,-,-,総合,-,,24
2015-04-01,秋田県,-,-,-,総合,-,,20
2015-04-01,山形県,-,-,-,総合,-,,9
2015-04-01,福島県,-,-,-,総合,-,,21
2015-04-01,茨城県,-,-,-,総合,-,,33
2015-04-01,栃木県,-,-,-,総合,-,,22
2015-04-01,群馬県,-,-,-,総合,-,,37
2015-04-01,埼玉県,-,-,-,総合,-,,80
2015-04-01,千葉県,-,-,-,総合,-,,97
2015-04-01,東京都,-,-,-,総合,-,,131
2015-04-01,神奈川県,-,-,-,総合,-,,97
2015-04-01,新潟県,-,-,-,総合,-,,31
2015-04-01,山梨県,-,-,-,総合,-,,10
2015-04-01,長野県,-,-,-,総合,-,,35
2015-04-01,富山県,-,-,-,総合,-,,14
2015-04-01,石川県,-,-,-,総合,-,,18
2015-04-01,福井県,-,-,-,総合,-,,11
2015-04-01,岐阜県,-,-,-,総合,-,,36
2015-04-01,静岡県,-,-,-,総合,-,,28
2015-04-01,愛知県,-,-,-,総合,-,,109
2015-04-01,三重県,-,-,-,総合,-,,38
2015-04-01,滋賀県,-,-,-,総合,-,,44
2015-04-01,京都府,-,-,-,総合,-,,51
2015-04-01,大阪府,-,-,-,総合,-,,173
2015-04-01,兵庫県,-,-,-,総合,-,,80
2015-04-01,奈良県,-,-,-,総合,-,,27
2015-04-01,和歌山県,-,-,-,総合,-,,11
2015-04-01,鳥取県,-,-,-,総合,-,,9
2015-04-01,島根県,-,-,-,総合,-,,11
2015-04-01,岡山県,-,-,-,総合,-,,25
2015-04-01,広島県,-,-,-,総合,-,,41
2015-04-01,山口県,-,-,-,総合,-,,27
2015-04-01,徳島県,-,-,-,総合,-,,5
2015-04-01,香川県,-,-,-,総合,-,,12
2015-04-01,愛媛県,-,-,-,総合,-,,13
2015-04-01,高知県,-,-,-,総合,-,,7
2015-04-01,福岡県,-,-,-,総合,-,,88
2015-04-01,佐賀県,-,-,-,総合,-,,13
2015-04-01,長崎県,-,-,-,総合,-,,18
2015-04-01,熊本県,-,-,-,総合,-,,33
2015-04-01,大分県,-,-,-,総合,-,,28
2015-04-01,宮崎県,-,-,-,総合,-,,15
2015-04-01,鹿児島県,-,-,-,総合,-,,26
2015-04-01,沖縄県,-,-,-,総合,-,,32
2015-05-01,北海道,-,-,-,総合,-,,92
2015-05-01,青森県,-,-,-,総合,-,,24
2015-05-01,岩手県,-,-,-,総合,-,,19
2015-05-01,宮城県,-,-,-,総合,-,,24
2015-05-01,秋田県,-,-,-,総合,-,,20
2015-05-01,山形県,-,-,-,総合,-,,9
2015-05-01,福島県,-,-,-,総合,-,,21
2015-05-01,茨城県,-,-,-,総合,-,,33
2015-05-01,栃木県,-,-,-,総合,-,,22
2015-05-01,群馬県,-,-,-,総合,-,,37
2015-05-01,埼玉県,-,-,-,総合,-,,80
2015-05-01,千葉県,-,-,-,総合,-,,97
2015-05-01,東京都,-,-,-,総合,-,,131
2015-05-01,神奈川県,-,-,-,総合,-,,96
2015-05-01,新潟県,-,-,-,総合,-,,31
2015-05-01,山梨県,-,-,-,総合,-,,10
2015-05-01,長野県,-,-,-,総合,-,,36
2015-05-01,富山県,-,-,-,総合,-,,14
2015-05-01,石川県,-,-,-,総合,-,,18
2015-05-01,福井県,-,-,-,総合,-,,11
2015-05-01,岐阜県,-,-,-,総合,-,,37
2015-05-01,静岡県,-,-,-,総合,-,,28
2015-05-01,愛知県,-,-,-,総合,-,,110
2015-05-01,三重県,-,-,-,総合,-,,38
2015-05-01,滋賀県,-,-,-,総合,-,,44
2015-05-01,京都府,-,-,-,総合,-,,50
2015-05-01,大阪府,-,-,-,総合,-,,173
2015-05-01,兵庫県,-,-,-,総合,-,,80
2015-05-01,奈良県,-,-,-,総合,-,,27
2015-05-01,和歌山県,-,-,-,総合,-,,11
2015-05-01,鳥取県,-,-,-,総合,-,,9
2015-05-01,島根県,-,-,-,総合,-,,11
2015-05-01,岡山県,-,-,-,総合,-,,25
2015-05-01,広島県,-,-,-,総合,-,,41
2015-05-01,山口県,-,-,-,総合,-,,27
2015-05-01,徳島県,-,-,-,総合,-,,5
2015-05-01,香川県,-,-,-,総合,-,,12
2015-05-01,愛媛県,-,-,-,総合,-,,13
2015-05-01,高知県,-,-,-,総合,-,,7
2015-05-01,福岡県,-,-,-,総合,-,,88
2015-05-01,佐賀県,-,-,-,総合,-,,13
2015-05-01,長崎県,-,-,-,総合,-,,18
2015-05-01,熊本県,-,-,-,総合,-,,33
2015-05-01,大分県,-,-,-,総合,-,,28
2015-05-01,宮崎県,-,-,-,総合,-,,15
2015-05-01,鹿児島県,-,-,-,総合,-,,26
2015-05-01,沖縄県,-,-,-,総合,-,,32
2015-06-01,北海道,-,-,-,総合,-,,90
2015-06-01,青森県,-,-,-,総合,-,,24
2015-06-01,岩手県,-,-,-,総合,-,,19
2015-06-01,宮城県,-,-,-,総合,-,,24
2015-06-01,秋田県,-,-,-,総合,-,,20
2015-06-01,山形県,-,-,-,総合,-,,9
2015-06-01,福島県,-,-,-,総合,-,,21
2015-06-01,茨城県,-,-,-,総合,-,,33
2015-06-01,栃木県,-,-,-,総合,-,,22
2015-06-01,群馬県,-,-,-,総合,-,,37
2015-06-01,埼玉県,-,-,-,総合,-,,80
2015-06-01,千葉県,-,-,-,総合,-,,96
2015-06-01,東京都,-,-,-,総合,-,,130
2015-06-01,神奈川県,-,-,-,総合,-,,96
2015-06-01,新潟県,-,-,-,総合,-,,31
2015-06-01,山梨県,-,-,-,総合,-,,10
2015-06-01,長野県,-,-,-,総合,-,,36
2015-06-01,富山県,-,-,-,総合,-,,14
2015-06-01,石川県,-,-,-,総合,-,,18
2015-06-01,福井県,-,-,-,総合,-,,11
2015-06-01,岐阜県,-,-,-,総合,-,,37
2015-06-01,静岡県,-,-,-,総合,-,,28
2015-06-01,愛知県,-,-,-,総合,-,,110
2015-06-01,三重県,-,-,-,総合,-,,38
2015-06-01,滋賀県,-,-,-,総合,-,,44
2015-06-01,京都府,-,-,-,総合,-,,50
2015-06-01,大阪府,-,-,-,総合,-,,173
2015-06-01,兵庫県,-,-,-,総合,-,,81
2015-06-01,奈良県,-,-,-,総合,-,,28
2015-06-01,和歌山県,-,-,-,総合,-,,11
2015-06-01,鳥取県,-,-,-,総合,-,,9
2015-06-01,島根県,-,-,-,総合,-,,12
2015-06-01,岡山県,-,-,-,総合,-,,26
2015-06-01,広島県,-,-,-,総合,-,,41
2015-06-01,山口県,-,-,-,総合,-,,27
2015-06-01,徳島県,-,-,-,総合,-,,5
2015-06-01,香川県,-,-,-,総合,-,,11
2015-06-01,愛媛県,-,-,-,総合,-,,13
2015-06-01,高知県,-,-,-,総合,-,,7
2015-06-01,福岡県,-,-,-,総合,-,,89
2015-06-01,佐賀県,-,-,-,総合,-,,13
2015-06-01,長崎県,-,-,-,総合,-,,18
2015-06-01,熊本県,-,-,-,総合,-,,33
2015-06-01,大分県,-,-,-,総合,-,,29
2015-06-01,宮崎県,-,-,-,総合,-,,15
2015-06-01,鹿児島県,-,-,-,総合,-,,26
2015-06-01,沖縄県,-,-,-,総合,-,,32
2015-07-01,北海道,-,-,-,総合,-,,90
2015-07-01,青森県,-,-,-,総合,-,,24
2015-07-01,岩手県,-,-,-,総合,-,,19
2015-07-01,宮城県,-,-,-,総合,-,,24
2015-07-01,秋田県,-,-,-,総合,-,,20
2015-07-01,山形県,-,-,-,総合,-,,9
2015-07-01,福島県,-,-,-,総合,-,,21
2015-07-01,茨城県,-,-,-,総合,-,,32
2015-07-01,栃木県,-,-,-,総合,-,,22
2015-07-01,群馬県,-,-,-,総合,-,,37
2015-07-01,埼玉県,-,-,-,総合,-,,80
2015-07-01,千葉県,-,-,-,総合,-,,96
2015-07-01,東京都,-,-,-,総合,-,,130
2015-07-01,神奈川県,-,-,-,総合,-,,96
2015-07-01,新潟県,-,-,-,総合,-,,31
2015-07-01,山梨県,-,-,-,総合,-,,10
2015-07-01,長野県,-,-,-,総合,-,,36
2015-07-01,富山県,-,-,-,総合,-,,15
2015-07-01,石川県,-,-,-,総合,-,,18
2015-07-01,福井県,-,-,-,総合,-,,11
2015-07-01,岐阜県,-,-,-,総合,-,,37
2015-07-01,静岡県,-,-,-,総合,-,,28
2015-07-01,愛知県,-,-,-,総合,-,,110
2015-07-01,三重県,-,-,-,総合,-,,39
2015-07-01,滋賀県,-,-,-,総合,-,,44
2015-07-01,京都府,-,-,-,総合,-,,50
2015-07-01,大阪府,-,-,-,総合,-,,175
2015-07-01,兵庫県,-,-,-,総合,-,,81
2015-07-01,奈良県,-,-,-,総合,-,,28
2015-07-01,和歌山県,-,-,-,総合,-,,11
2015-07-01,鳥取県,-,-,-,総合,-,,9
2015-07-01,島根県,-,-,-,総合,-,,12
2015-07-01,岡山県,-,-,-,総合,-,,26
2015-07-01,広島県,-,-,-,総合,-,,41
2015-07-01,山口県,-,-,-,総合,-,,27
2015-07-01,徳島県,-,-,-,総合,-,,5
2015-07-01,香川県,-,-,-,総合,-,,11
2015-07-01,愛媛県,-,-,-,総合,-,,13
2015-07-01,高知県,-,-,-,総合,-,,7
2015-07-01,福岡県,-,-,-,総合,-,,89
2015-07-01,佐賀県,-,-,-,総合,-,,13
2015-07-01,長崎県,-,-,-,総合,-,,18
2015-07-01,熊本県,-,-,-,総合,-,,33
2015-07-01,大分県,-,-,-,総合,-,,29
2015-07-01,宮崎県,-,-,-,総合,-,,15
2015-07-01,鹿児島県,-,-,-,総合,-,,26
2015-07-01,沖縄県,-,-,-,総合,-,,32
2015-08-01,北海道,-,-,-,総合,-,,90
2015-08-01,青森県,-,-,-,総合,-,,24
2015-08-01,岩手県,-,-,-,総合,-,,20
2015-08-01,宮城県,-,-,-,総合,-,,24
2015-08-01,秋田県,-,-,-,総合,-,,20
2015-08-01,山形県,-,-,-,総合,-,,9
2015-08-01,福島県,-,-,-,総合,-,,21
2015-08-01,茨城県,-,-,-,総合,-,,32
2015-08-01,栃木県,-,-,-,総合,-,,22
2015-08-01,群馬県,-,-,-,総合,-,,37
2015-08-01,埼玉県,-,-,-,総合,-,,80
2015-08-01,千葉県,-,-,-,総合,-,,96
2015-08-01,東京都,-,-,-,総合,-,,130
2015-08-01,神奈川県,-,-,-,総合,-,,96
2015-08-01,新潟県,-,-,-,総合,-,,31
2015-08-01,山梨県,-,-,-,総合,-,,10
2015-08-01,長野県,-,-,-,総合,-,,36
2015-08-01,富山県,-,-,-,総合,-,,15
2015-08-01,石川県,-,-,-,総合,-,,18
2015-08-01,福井県,-,-,-,総合,-,,11
2015-08-01,岐阜県,-,-,-,総合,-,,37
2015-08-01,静岡県,-,-,-,総合,-,,27
2015-08-01,愛知県,-,-,-,総合,-,,110
2015-08-01,三重県,-,-,-,総合,-,,39
2015-08-01,滋賀県,-,-,-,総合,-,,44
2015-08-01,京都府,-,-,-,総合,-,,51
2015-08-01,大阪府,-,-,-,総合,-,,174
2015-08-01,兵庫県,-,-,-,総合,-,,80
2015-08-01,奈良県,-,-,-,総合,-,,28
2015-08-01,和歌山県,-,-,-,総合,-,,11
2015-08-01,鳥取県,-,-,-,総合,-,,9
2015-08-01,島根県,-,-,-,総合,-,,12
2015-08-01,岡山県,-,-,-,総合,-,,26
2015-08-01,広島県,-,-,-,総合,-,,41
2015-08-01,山口県,-,-,-,総合,-,,27
2015-08-01,徳島県,-,-,-,総合,-,,5
2015-08-01,香川県,-,-,-,総合,-,,11
2015-08-01,愛媛県,-,-,-,総合,-,,13
2015-08-01,高知県,-,-,-,総合,-,,7
2015-08-01,福岡県,-,-,-,総合,-,,88
2015-08-01,佐賀県,-,-,-,総合,-,,13
2015-08-01,長崎県,-,-,-,総合,-,,18
2015-08-01,熊本県,-,-,-,総合,-,,33
2015-08-01,大分県,-,-,-,総合,-,,29
2015-08-01,宮崎県,-,-,-,総合,-,,15
2015-08-01,鹿児島県,-,-,-,総合,-,,26
2015-08-01,沖縄県,-,-,-,総合,-,,32
2015-09-01,北海道,-,-,-,総合,-,,90
2015-09-01,青森県,-,-,-,総合,-,,24
2015-09-01,岩手県,-,-,-,総合,-,,20
2015-09-01,宮城県,-,-,-,総合,-,,24
2015-09-01,秋田県,-,-,-,総合,-,,20
2015-09-01,山形県,-,-,-,総合,-,,9
2015-09-01,福島県,-,-,-,総合,-,,21
2015-09-01,茨城県,-,-,-,総合,-,,32
2015-09-01,栃木県,-,-,-,総合,-,,22
2015-09-01,群馬県,-,-,-,総合,-,,37
2015-09-01,埼玉県,-,-,-,総合,-,,80
2015-09-01,千葉県,-,-,-,総合,-,,97
2015-09-01,東京都,-,-,-,総合,-,,130
2015-09-01,神奈川県,-,-,-,総合,-,,96
2015-09-01,新潟県,-,-,-,総合,-,,31
2015-09-01,山梨県,-,-,-,総合,-,,10
2015-09-01,長野県,-,-,-,総合,-,,36
2015-09-01,富山県,-,-,-,総合,-,,15
2015-09-01,石川県,-,-,-,総合,-,,18
2015-09-01,福井県,-,-,-,総合,-,,11
2015-09-01,岐阜県,-,-,-,総合,-,,37
2015-09-01,静岡県,-,-,-,総合,-,,27
2015-09-01,愛知県,-,-,-,総合,-,,109
2015-09-01,三重県,-,-,-,総合,-,,40
2015-09-01,滋賀県,-,-,-,総合,-,,44
2015-09-01,京都府,-,-,-,総合,-,,51
2015-09-01,大阪府,-,-,-,総合,-,,172
2015-09-01,兵庫県,-,-,-,総合,-,,80
2015-09-01,奈良県,-,-,-,総合,-,,28
2015-09-01,和歌山県,-,-,-,総合,-,,11
2015-09-01,鳥取県,-,-,-,総合,-,,9
2015-09-01,島根県,-,-,-,総合,-,,12
2015-09-01,岡山県,-,-,-,総合,-,,26
2015-09-01,広島県,-,-,-,総合,-,,41
2015-09-01,山口県,-,-,-,総合,-,,27
2015-09-01,徳島県,-,-,-,総合,-,,5
2015-09-01,香川県,-,-,-,総合,-,,11
2015-09-01,愛媛県,-,-,-,総合,-,,13
2015-09-01,高知県,-,-,-,総合,-,,7
2015-09-01,福岡県,-,-,-,総合,-,,89
2015-09-01,佐賀県,-,-,-,総合,-,,13
2015-09-01,長崎県,-,-,-,総合,-,,18
2015-09-01,熊本県,-,-,-,総合,-,,33
2015-09-01,大分県,-,-,-,総合,-,,29
2015-09-01,宮崎県,-,-,-,総合,-,,15
2015-09-01,鹿児島県,-,-,-,総合,-,,25
2015-09-01,沖縄県,-,-,-,総合,-,,32
2015-10-01,北海道,-,-,-,総合,-,,90
2015-10-01,青森県,-,-,-,総合,-,,25
2015-10-01,岩手県,-,-,-,総合,-,,20
2015-10-01,宮城県,-,-,-,総合,-,,24
2015-10-01,秋田県,-,-,-,総合,-,,20
2015-10-01,山形県,-,-,-,総合,-,,9
2015-10-01,福島県,-,-,-,総合,-,,21
2015-10-01,茨城県,-,-,-,総合,-,,32
2015-10-01,栃木県,-,-,-,総合,-,,22
2015-10-01,群馬県,-,-,-,総合,-,,36
2015-10-01,埼玉県,-,-,-,総合,-,,80
2015-10-01,千葉県,-,-,-,総合,-,,96
2015-10-01,東京都,-,-,-,総合,-,,130
2015-10-01,神奈川県,-,-,-,総合,-,,95
2015-10-01,新潟県,-,-,-,総合,-,,31
2015-10-01,山梨県,-,-,-,総合,-,,10
2015-10-01,長野県,-,-,-,総合,-,,36
2015-10-01,富山県,-,-,-,総合,-,,15
2015-10-01,石川県,-,-,-,総合,-,,18
2015-10-01,福井県,-,-,-,総合,-,,11
2015-10-01,岐阜県,-,-,-,総合,-,,37
2015-10-01,静岡県,-,-,-,総合,-,,26
2015-10-01,愛知県,-,-,-,総合,-,,109
2015-10-01,三重県,-,-,-,総合,-,,40
2015-10-01,滋賀県,-,-,-,総合,-,,44
2015-10-01,京都府,-,-,-,総合,-,,51
2015-10-01,大阪府,-,-,-,総合,-,,172
2015-10-01,兵庫県,-,-,-,総合,-,,80
2015-10-01,奈良県,-,-,-,総合,-,,28
2015-10-01,和歌山県,-,-,-,総合,-,,11
2015-10-01,鳥取県,-,-,-,総合,-,,9
2015-10-01,島根県,-,-,-,総合,-,,12
2015-10-01,岡山県,-,-,-,総合,-,,25
2015-10-01,広島県,-,-,-,総合,-,,41
2015-10-01,山口県,-,-,-,総合,-,,27
2015-10-01,徳島県,-,-,-,総合,-,,5
2015-10-01,香川県,-,-,-,総合,-,,11
2015-10-01,愛媛県,-,-,-,総合,-,,13
2015-10-01,高知県,-,-,-,総合,-,,7
2015-10-01,福岡県,-,-,-,総合,-,,89
2015-10-01,佐賀県,-,-,-,総合,-,,13
2015-10-01,長崎県,-,-,-,総合,-,,18
2015-10-01,熊本県,-,-,-,総合,-,,33
2015-10-01,大分県,-,-,-,総合,-,,29
2015-10-01,宮崎県,-,-,-,総合,-,,15
2015-10-01,鹿児島県,-,-,-,総合,-,,25
2015-10-01,沖縄県,-,-,-,総合,-,,32
2015-11-01,北海道,-,-,-,総合,-,,89
2015-11-01,青森県,-,-,-,総合,-,,25
2015-11-01,岩手県,-,-,-,総合,-,,23
2015-11-01,宮城県,-,-,-,総合,-,,24
2015-11-01,秋田県,-,-,-,総合,-,,20
2015-11-01,山形県,-,-,-,総合,-,,9
2015-11-01,福島県,-,-,-,総合,-,,21
2015-11-01,茨城県,-,-,-,総合,-,,31
2015-11-01,栃木県,-,-,-,総合,-,,22
2015-11-01,群馬県,-,-,-,総合,-,,36
2015-11-01,埼玉県,-,-,-,総合,-,,80
2015-11-01,千葉県,-,-,-,総合,-,,96
2015-11-01,東京都,-,-,-,総合,-,,131
2015-11-01,神奈川県,-,-,-,総合,-,,95
2015-11-01,新潟県,-,-,-,総合,-,,31
2015-11-01,山梨県,-,-,-,総合,-,,10
2015-11-01,長野県,-,-,-,総合,-,,37
2015-11-01,富山県,-,-,-,総合,-,,15
2015-11-01,石川県,-,-,-,総合,-,,18
2015-11-01,福井県,-,-,-,総合,-,,11
2015-11-01,岐阜県,-,-,-,総合,-,,37
2015-11-01,静岡県,-,-,-,総合,-,,27
2015-11-01,愛知県,-,-,-,総合,-,,110
2015-11-01,三重県,-,-,-,総合,-,,40
2015-11-01,滋賀県,-,-,-,総合,-,,44
2015-11-01,京都府,-,-,-,総合,-,,51
2015-11-01,大阪府,-,-,-,総合,-,,173
2015-11-01,兵庫県,-,-,-,総合,-,,80
2015-11-01,奈良県,-,-,-,総合,-,,28
2015-11-01,和歌山県,-,-,-,総合,-,,11
2015-11-01,鳥取県,-,-,-,総合,-,,9
2015-11-01,島根県,-,-,-,総合,-,,12
2015-11-01,岡山県,-,-,-,総合,-,,25
2015-11-01,広島県,-,-,-,総合,-,,41
2015-11-01,山口県,-,-,-,総合,-,,26
2015-11-01,徳島県,-,-,-,総合,-,,5
2015-11-01,香川県,-,-,-,総合,-,,11
2015-11-01,愛媛県,-,-,-,総合,-,,13
2015-11-01,高知県,-,-,-,総合,-,,7
2015-11-01,福岡県,-,-,-,総合,-,,89
2015-11-01,佐賀県,-,-,-,総合,-,,13
2015-11-01,長崎県,-,-,-,総合,-,,18
2015-11-01,熊本県,-,-,-,総合,-,,33
2015-11-01,大分県,-,-,-,総合,-,,29
2015-11-01,宮崎県,-,-,-,総合,-,,15
2015-11-01,鹿児島県,-,-,-,総合,-,,25
2015-11-01,沖縄県,-,-,-,総合,-,,32
2015-12-01,北海道,-,-,-,総合,-,,89
2015-12-01,青森県,-,-,-,総合,-,,25
2015-12-01,岩手県,-,-,-,総合,-,,23
2015-12-01,宮城県,-,-,-,総合,-,,25
2015-12-01,秋田県,-,-,-,総合,-,,20
2015-12-01,山形県,-,-,-,総合,-,,9
2015-12-01,福島県,-,-,-,総合,-,,21
2015-12-01,茨城県,-,-,-,総合,-,,31
2015-12-01,栃木県,-,-,-,総合,-,,22
2015-12-01,群馬県,-,-,-,総合,-,,36
2015-12-01,埼玉県,-,-,-,総合,-,,80
2015-12-01,千葉県,-,-,-,総合,-,,96
2015-12-01,東京都,-,-,-,総合,-,,133
2015-12-01,神奈川県,-,-,-,総合,-,,94
2015-12-01,新潟県,-,-,-,総合,-,,31
2015-12-01,山梨県,-,-,-,総合,-,,10
2015-12-01,長野県,-,-,-,総合,-,,37
2015-12-01,富山県,-,-,-,総合,-,,15
2015-12-01,石川県,-,-,-,総合,-,,18
2015-12-01,福井県,-,-,-,総合,-,,11
2015-12-01,岐阜県,-,-,-,総合,-,,37
2015-12-01,静岡県,-,-,-,総合,-,,27
2015-12-01,愛知県,-,-,-,総合,-,,113
2015-12-01,三重県,-,-,-,総合,-,,40
2015-12-01,滋賀県,-,-,-,総合,-,,44
2015-12-01,京都府,-,-,-,総合,-,,49
2015-12-01,大阪府,-,-,-,総合,-,,173
2015-12-01,兵庫県,-,-,-,総合,-,,80
2015-12-01,奈良県,-,-,-,総合,-,,28
2015-12-01,和歌山県,-,-,-,総合,-,,11
2015-12-01,鳥取県,-,-,-,総合,-,,9
2015-12-01,島根県,-,-,-,総合,-,,12
2015-12-01,岡山県,-,-,-,総合,-,,25
2015-12-01,広島県,-,-,-,総合,-,,41
2015-12-01,山口県,-,-,-,総合,-,,26
2015-12-01,徳島県,-,-,-,総合,-,,5
2015-12-01,香川県,-,-,-,総合,-,,11
2015-12-01,愛媛県,-,-,-,総合,-,,13
2015-12-01,高知県,-,-,-,総合,-,,7
2015-12-01,福岡県,-,-,-,総合,-,,89
2015-12-01,佐賀県,-,-,-,総合,-,,13
2015-12-01,長崎県,-,-,-,総合,-,,18
2015-12-01,熊本県,-,-,-,総合,-,,33
2015-12-01,大分県,-,-,-,総合,-,,29
2015-12-01,宮崎県,-,-,-,総合,-,,15
2015-12-01,鹿児島県,-,-,-,総合,-,,26
2015-12-01,沖縄県,-,-,-,総合,-,,32
2016-01-01,北海道,-,-,-,総合,-,,89
2016-01-01,青森県,-,-,-,総合,-,,25
2016-01-01,岩手県,-,-,-,総合,-,,23
2016-01-01,宮城県,-,-,-,総合,-,,25
2016-01-01,秋田県,-,-,-,総合,-,,20
2016-01-01,山形県,-,-,-,総合,-,,9
2016-01-01,福島県,-,-,-,総合,-,,21
2016-01-01,茨城県,-,-,-,総合,-,,30
2016-01-01,栃木県,-,-,-,総合,-,,22
2016-01-01,群馬県,-,-,-,総合,-,,36
2016-01-01,埼玉県,-,-,-,総合,-,,80
2016-01-01,千葉県,-,-,-,総合,-,,96
2016-01-01,東京都,-,-,-,総合,-,,133
2016-01-01,神奈川県,-,-,-,総合,-,,94
2016-01-01,新潟県,-,-,-,総合,-,,31
2016-01-01,山梨県,-,-,-,総合,-,,10
2016-01-01,長野県,-,-,-,総合,-,,37
2016-01-01,富山県,-,-,-,総合,-,,15
2016-01-01,石川県,-,-,-,総合,-,,18
2016-01-01,福井県,-,-,-,総合,-,,11
2016-01-01,岐阜県,-,-,-,総合,-,,37
2016-01-01,静岡県,-,-,-,総合,-,,27
2016-01-01,愛知県,-,-,-,総合,-,,112
2016-01-01,三重県,-,-,-,総合,-,,39
2016-01-01,滋賀県,-,-,-,総合,-,,44
2016-01-01,京都府,-,-,-,総合,-,,49
2016-01-01,大阪府,-,-,-,総合,-,,173
2016-01-01,兵庫県,-,-,-,総合,-,,80
2016-01-01,奈良県,-,-,-,総合,-,,28
2016-01-01,和歌山県,-,-,-,総合,-,,11
2016-01-01,鳥取県,-,-,-,総合,-,,9
2016-01-01,島根県,-,-,-,総合,-,,12
2016-01-01,岡山県,-,-,-,総合,-,,25
2016-01-01,広島県,-,-,-,総合,-,,41
2016-01-01,山口県,-,-,-,総合,-,,26
2016-01-01,徳島県,-,-,-,総合,-,,5
2016-01-01,香川県,-,-,-,総合,-,,11
2016-01-01,愛媛県,-,-,-,総合,-,,13
2016-01-01,高知県,-,-,-,総合,-,,7
2016-01-01,福岡県,-,-,-,総合,-,,88
2016-01-01,佐賀県,-,-,-,総合,-,,13
2016-01-01,長崎県,-,-,-,総合,-,,18
2016-01-01,熊本県,-,-,-,総合,-,,33
2016-01-01,大分県,-,-,-,総合,-,,29
2016-01-01,宮崎県,-,-,-,総合,-,,15
2016-01-01,鹿児島県,-,-,-,総合,-,,25
2016-01-01,沖縄県,-,-,-,総合,-,,32
2016-02-01,北海道,-,-,-,総合,-,,88
2016-02-01,青森県,-,-,-,総合,-,,25
2016-02-01,岩手県,-,-,-,総合,-,,23
2016-02-01,宮城県,-,-,-,総合,-,,25
2016-02-01,秋田県,-,-,-,総合,-,,20
2016-02-01,山形県,-,-,-,総合,-,,9
2016-02-01,福島県,-,-,-,総合,-,,21
2016-02-01,茨城県,-,-,-,総合,-,,30
2016-02-01,栃木県,-,-,-,総合,-,,22
2016-02-01,群馬県,-,-,-,総合,-,,36
2016-02-01,埼玉県,-,-,-,総合,-,,80
2016-02-01,千葉県,-,-,-,総合,-,,97
2016-02-01,東京都,-,-,-,総合,-,,131
2016-02-01,神奈川県,-,-,-,総合,-,,94
2016-02-01,新潟県,-,-,-,総合,-,,31
2016-02-01,山梨県,-,-,-,総合,-,,10
2016-02-01,長野県,-,-,-,総合,-,,37
2016-02-01,富山県,-,-,-,総合,-,,15
2016-02-01,石川県,-,-,-,総合,-,,18
2016-02-01,福井県,-,-,-,総合,-,,11
2016-02-01,岐阜県,-,-,-,総合,-,,37
2016-02-01,静岡県,-,-,-,総合,-,,27
2016-02-01,愛知県,-,-,-,総合,-,,112
2016-02-01,三重県,-,-,-,総合,-,,39
2016-02-01,滋賀県,-,-,-,総合,-,,44
2016-02-01,京都府,-,-,-,総合,-,,49
2016-02-01,大阪府,-,-,-,総合,-,,170
2016-02-01,兵庫県,-,-,-,総合,-,,77
2016-02-01,奈良県,-,-,-,総合,-,,27
2016-02-01,和歌山県,-,-,-,総合,-,,11
2016-02-01,鳥取県,-,-,-,総合,-,,10
2016-02-01,島根県,-,-,-,総合,-,,11
2016-02-01,岡山県,-,-,-,総合,-,,25
2016-02-01,広島県,-,-,-,総合,-,,41
2016-02-01,山口県,-,-,-,総合,-,,26
2016-02-01,徳島県,-,-,-,総合,-,,5
2016-02-01,香川県,-,-,-,総合,-,,11
2016-02-01,愛媛県,-,-,-,総合,-,,13
2016-02-01,高知県,-,-,-,総合,-,,7
2016-02-01,福岡県,-,-,-,総合,-,,87
2016-02-01,佐賀県,-,-,-,総合,-,,13
2016-02-01,長崎県,-,-,-,総合,-,,19
2016-02-01,熊本県,-,-,-,総合,-,,33
2016-02-01,大分県,-,-,-,総合,-,,29
2016-02-01,宮崎県,-,-,-,総合,-,,15
2016-02-01,鹿児島県,-,-,-,総合,-,,26
2016-02-01,沖縄県,-,-,-,総合,-,,32
2016-03-01,北海道,-,-,-,総合,-,,88
2016-03-01,青森県,-,-,-,総合,-,,26
2016-03-01,岩手県,-,-,-,総合,-,,23
2016-03-01,宮城県,-,-,-,総合,-,,25
2016-03-01,秋田県,-,-,-,総合,-,,20
2016-03-01,山形県,-,-,-,総合,-,,9
2016-03-01,福島県,-,-,-,総合,-,,22
2016-03-01,茨城県,-,-,-,総合,-,,30
2016-03-01,栃木県,-,-,-,総合,-,,22
2016-03-01,群馬県,-,-,-,総合,-,,36
2016-03-01,埼玉県,-,-,-,総合,-,,80
2016-03-01,千葉県,-,-,-,総合,-,,97
2016-03-01,東京都,-,-,-,総合,-,,131
2016-03-01,神奈川県,-,-,-,総合,-,,94
2016-03-01,新潟県,-,-,-,総合,-,,31
2016-03-01,山梨県,-,-,-,総合,-,,10
2016-03-01,長野県,-,-,-,総合,-,,37
2016-03-01,富山県,-,-,-,総合,-,,15
2016-03-01,石川県,-,-,-,総合,-,,18
2016-03-01,福井県,-,-,-,総合,-,,11
2016-03-01,岐阜県,-,-,-,総合,-,,37
2016-03-01,静岡県,-,-,-,総合,-,,27
2016-03-01,愛知県,-,-,-,総合,-,,113
2016-03-01,三重県,-,-,-,総合,-,,39
2016-03-01,滋賀県,-,-,-,総合,-,,45
2016-03-01,京都府,-,-,-,総合,-,,49
2016-03-01,大阪府,-,-,-,総合,-,,174
2016-03-01,兵庫県,-,-,-,総合,-,,80
2016-03-01,奈良県,-,-,-,総合,-,,28
2016-03-01,和歌山県,-,-,-,総合,-,,11
2016-03-01,鳥取県,-,-,-,総合,-,,10
2016-03-01,島根県,-,-,-,総合,-,,11
2016-03-01,岡山県,-,-,-,総合,-,,25
2016-03-01,広島県,-,-,-,総合,-,,41
2016-03-01,山口県,-,-,-,総合,-,,26
2016-03-01,徳島県,-,-,-,総合,-,,5
2016-03-01,香川県,-,-,-,総合,-,,11
2016-03-01,愛媛県,-,-,-,総合,-,,13
2016-03-01,高知県,-,-,-,総合,-,,7
2016-03-01,福岡県,-,-,-,総合,-,,87
2016-03-01,佐賀県,-,-,-,総合,-,,13
2016-03-01,長崎県,-,-,-,総合,-,,19
2016-03-01,熊本県,-,-,-,総合,-,,33
2016-03-01,大分県,-,-,-,総合,-,,29
2016-03-01,宮崎県,-,-,-,総合,-,,14
2016-03-01,鹿児島県,-,-,-,総合,-,,26
2016-03-01,沖縄県,-,-,-,総合,-,,32
2016-04-01,北海道,-,-,-,総合,-,,89
2016-04-01,青森県,-,-,-,総合,-,,26
2016-04-01,岩手県,-,-,-,総合,-,,23
2016-04-01,宮城県,-,-,-,総合,-,,25
2016-04-01,秋田県,-,-,-,総合,-,,20
2016-04-01,山形県,-,-,-,総合,-,,9
2016-04-01,福島県,-,-,-,総合,-,,22
2016-04-01,茨城県,-,-,-,総合,-,,30
2016-04-01,栃木県,-,-,-,総合,-,,22
2016-04-01,群馬県,-,-,-,総合,-,,36
2016-04-01,埼玉県,-,-,-,総合,-,,80
2016-04-01,千葉県,-,-,-,総合,-,,96
2016-04-01,東京都,-,-,-,総合,-,,130
2016-04-01,神奈川県,-,-,-,総合,-,,94
2016-04-01,新潟県,-,-,-,総合,-,,31
2016-04-01,山梨県,-,-,-,総合,-,,10
2016-04-01,長野県,-,-,-,総合,-,,37
2016-04-01,富山県,-,-,-,総合,-,,15
2016-04-01,石川県,-,-,-,総合,-,,18
2016-04-01,福井県,-,-,-,総合,-,,11
2016-04-01,岐阜県,-,-,-,総合,-,,37
2016-04-01,静岡県,-,-,-,総合,-,,27
2016-04-01,愛知県,-,-,-,総合,-,,113
2016-04-01,三重県,-,-,-,総合,-,,39
2016-04-01,滋賀県,-,-,-,総合,-,,45
2016-04-01,京都府,-,-,-,総合,-,,49
2016-04-01,大阪府,-,-,-,総合,-,,175
2016-04-01,兵庫県,-,-,-,総合,-,,79
2016-04-01,奈良県,-,-,-,総合,-,,28
2016-04-01,和歌山県,-,-,-,総合,-,,11
2016-04-01,鳥取県,-,-,-,総合,-,,10
2016-04-01,島根県,-,-,-,総合,-,,11
2016-04-01,岡山県,-,-,-,総合,-,,25
2016-04-01,広島県,-,-,-,総合,-,,41
2016-04-01,山口県,-,-,-,総合,-,,26
2016-04-01,徳島県,-,-,-,総合,-,,5
2016-04-01,香川県,-,-,-,総合,-,,11
2016-04-01,愛媛県,-,-,-,総合,-,,14
2016-04-01,高知県,-,-,-,総合,-,,7
2016-04-01,福岡県,-,-,-,総合,-,,89
2016-04-01,佐賀県,-,-,-,総合,-,,14
2016-04-01,長崎県,-,-,-,総合,-,,19
2016-04-01,熊本県,-,-,-,総合,-,,33
2016-04-01,大分県,-,-,-,総合,-,,29
2016-04-01,宮崎県,-,-,-,総合,-,,15
2016-04-01,鹿児島県,-,-,-,総合,-,,26
2016-04-01,沖縄県,-,-,-,総合,-,,32
2016-05-01,北海道,-,-,-,総合,-,,89
2016-05-01,青森県,-,-,-,総合,-,,26
2016-05-01,岩手県,-,-,-,総合,-,,23
2016-05-01,宮城県,-,-,-,総合,-,,25
2016-05-01,秋田県,-,-,-,総合,-,,20
2016-05-01,山形県,-,-,-,総合,-,,9
2016-05-01,福島県,-,-,-,総合,-,,22
2016-05-01,茨城県,-,-,-,総合,-,,30
2016-05-01,栃木県,-,-,-,総合,-,,22
2016-05-01,群馬県,-,-,-,総合,-,,36
2016-05-01,埼玉県,-,-,-,総合,-,,80
2016-05-01,千葉県,-,-,-,総合,-,,96
2016-05-01,東京都,-,-,-,総合,-,,130
2016-05-01,神奈川県,-,-,-,総合,-,,94
2016-05-01,新潟県,-,-,-,総合,-,,31
2016-05-01,山梨県,-,-,-,総合,-,,10
2016-05-01,長野県,-,-,-,総合,-,,37
2016-05-01,富山県,-,-,-,総合,-,,15
2016-05-01,石川県,-,-,-,総合,-,,18
2016-05-01,福井県,-,-,-,総合,-,,11
2016-05-01,岐阜県,-,-,-,総合,-,,37
2016-05-01,静岡県,-,-,-,総合,-,,27
2016-05-01,愛知県,-,-,-,総合,-,,113
2016-05-01,三重県,-,-,-,総合,-,,39
2016-05-01,滋賀県,-,-,-,総合,-,,44
2016-05-01,京都府,-,-,-,総合,-,,49
2016-05-01,大阪府,-,-,-,総合,-,,176
2016-05-01,兵庫県,-,-,-,総合,-,,78
2016-05-01,奈良県,-,-,-,総合,-,,28
2016-05-01,和歌山県,-,-,-,総合,-,,11
2016-05-01,鳥取県,-,-,-,総合,-,,10
2016-05-01,島根県,-,-,-,総合,-,,12
2016-05-01,岡山県,-,-,-,総合,-,,25
2016-05-01,広島県,-,-,-,総合,-,,41
2016-05-01,山口県,-,-,-,総合,-,,26
2016-05-01,徳島県,-,-,-,総合,-,,5
2016-05-01,香川県,-,-,-,総合,-,,11
2016-05-01,愛媛県,-,-,-,総合,-,,14
2016-05-01,高知県,-,-,-,総合,-,,7
2016-05-01,福岡県,-,-,-,総合,-,,89
2016-05-01,佐賀県,-,-,-,総合,-,,14
2016-05-01,長崎県,-,-,-,総合,-,,19
2016-05-01,熊本県,-,-,-,総合,-,,33
2016-05-01,大分県,-,-,-,総合,-,,29
2016-05-01,宮崎県,-,-,-,総合,-,,15
2016-05-01,鹿児島県,-,-,-,総合,-,,26
2016-05-01,沖縄県,-,-,-,総合,-,,32
2016-06-01,北海道,-,-,-,総合,-,,89
2016-06-01,青森県,-,-,-,総合,-,,26
2016-06-01,岩手県,-,-,-,総合,-,,23
2016-06-01,宮城県,-,-,-,総合,-,,24
2016-06-01,秋田県,-,-,-,総合,-,,20
2016-06-01,山形県,-,-,-,総合,-,,9
2016-06-01,福島県,-,-,-,総合,-,,22
2016-06-01,茨城県,-,-,-,総合,-,,30
2016-06-01,栃木県,-,-,-,総合,-,,22
2016-06-01,群馬県,-,-,-,総合,-,,34
2016-06-01,埼玉県,-,-,-,総合,-,,80
2016-06-01,千葉県,-,-,-,総合,-,,97
2016-06-01,東京都,-,-,-,総合,-,,130
2016-06-01,神奈川県,-,-,-,総合,-,,94
2016-06-01,新潟県,-,-,-,総合,-,,32
2016-06-01,山梨県,-,-,-,総合,-,,10
2016-06-01,長野県,-,-,-,総合,-,,37
2016-06-01,富山県,-,-,-,総合,-,,15
2016-06-01,石川県,-,-,-,総合,-,,18
2016-06-01,福井県,-,-,-,総合,-,,11
2016-06-01,岐阜県,-,-,-,総合,-,,37
2016-06-01,静岡県,-,-,-,総合,-,,27
2016-06-01,愛知県,-,-,-,総合,-,,113
2016-06-01,三重県,-,-,-,総合,-,,39
2016-06-01,滋賀県,-,-,-,総合,-,,44
2016-06-01,京都府,-,-,-,総合,-,,49
2016-06-01,大阪府,-,-,-,総合,-,,176
2016-06-01,兵庫県,-,-,-,総合,-,,78
2016-06-01,奈良県,-,-,-,総合,-,,28
2016-06-01,和歌山県,-,-,-,総合,-,,11
2016-06-01,鳥取県,-,-,-,総合,-,,10
2016-06-01,島根県,-,-,-,総合,-,,12
2016-06-01,岡山県,-,-,-,総合,-,,24
2016-06-01,広島県,-,-,-,総合,-,,41
2016-06-01,山口県,-,-,-,総合,-,,26
2016-06-01,徳島県,-,-,-,総合,-,,5
2016-06-01,香川県,-,-,-,総合,-,,11
2016-06-01,愛媛県,-,-,-,総合,-,,14
2016-06-01,高知県,-,-,-,総合,-,,7
2016-06-01,福岡県,-,-,-,総合,-,,89
2016-06-01,佐賀県,-,-,-,総合,-,,14
2016-06-01,長崎県,-,-,-,総合,-,,19
2016-06-01,熊本県,-,-,-,総合,-,,33
2016-06-01,大分県,-,-,-,総合,-,,29
2016-06-01,宮崎県,-,-,-,総合,-,,15
2016-06-01,鹿児島県,-,-,-,総合,-,,26
2016-06-01,沖縄県,-,-,-,総合,-,,32
2016-07-01,北海道,-,-,-,総合,-,,89
2016-07-01,青森県,-,-,-,総合,-,,26
2016-07-01,岩手県,-,-,-,総合,-,,23
2016-07-01,宮城県,-,-,-,総合,-,,24
2016-07-01,秋田県,-,-,-,総合,-,,20
2016-07-01,山形県,-,-,-,総合,-,,9
2016-07-01,福島県,-,-,-,総合,-,,22
2016-07-01,茨城県,-,-,-,総合,-,,30
2016-07-01,栃木県,-,-,-,総合,-,,22
2016-07-01,群馬県,-,-,-,総合,-,,34
2016-07-01,埼玉県,-,-,-,総合,-,,80
2016-07-01,千葉県,-,-,-,総合,-,,97
2016-07-01,東京都,-,-,-,総合,-,,129
2016-07-01,神奈川県,-,-,-,総合,-,,94
2016-07-01,新潟県,-,-,-,総合,-,,33
2016-07-01,山梨県,-,-,-,総合,-,,10
2016-07-01,長野県,-,-,-,総合,-,,38
2016-07-01,富山県,-,-,-,総合,-,,15
2016-07-01,石川県,-,-,-,総合,-,,18
2016-07-01,福井県,-,-,-,総合,-,,11
2016-07-01,岐阜県,-,-,-,総合,-,,38
2016-07-01,静岡県,-,-,-,総合,-,,27
2016-07-01,愛知県,-,-,-,総合,-,,113
2016-07-01,三重県,-,-,-,総合,-,,38
2016-07-01,滋賀県,-,-,-,総合,-,,43
2016-07-01,京都府,-,-,-,総合,-,,49
2016-07-01,大阪府,-,-,-,総合,-,,176
2016-07-01,兵庫県,-,-,-,総合,-,,78
2016-07-01,奈良県,-,-,-,総合,-,,28
2016-07-01,和歌山県,-,-,-,総合,-,,11
2016-07-01,鳥取県,-,-,-,総合,-,,10
2016-07-01,島根県,-,-,-,総合,-,,12
2016-07-01,岡山県,-,-,-,総合,-,,23
2016-07-01,広島県,-,-,-,総合,-,,41
2016-07-01,山口県,-,-,-,総合,-,,27
2016-07-01,徳島県,-,-,-,総合,-,,5
2016-07-01,香川県,-,-,-,総合,-,,11
2016-07-01,愛媛県,-,-,-,総合,-,,14
2016-07-01,高知県,-,-,-,総合,-,,7
2016-07-01,福岡県,-,-,-,総合,-,,89
2016-07-01,佐賀県,-,-,-,総合,-,,14
2016-07-01,長崎県,-,-,-,総合,-,,19
2016-07-01,熊本県,-,-,-,総合,-,,33
2016-07-01,大分県,-,-,-,総合,-,,29
2016-07-01,宮崎県,-,-,-,総合,-,,15
2016-07-01,鹿児島県,-,-,-,総合,-,,26
2016-07-01,沖縄県,-,-,-,総合,-,,31
2016-08-01,北海道,-,-,-,総合,-,,89
2016-08-01,青森県,-,-,-,総合,-,,26
2016-08-01,岩手県,-,-,-,総合,-,,23
2016-08-01,宮城県,-,-,-,総合,-,,25
2016-08-01,秋田県,-,-,-,総合,-,,20
2016-08-01,山形県,-,-,-,総合,-,,9
2016-08-01,福島県,-,-,-,総合,-,,23
2016-08-01,茨城県,-,-,-,総合,-,,30
2016-08-01,栃木県,-,-,-,総合,-,,22
2016-08-01,群馬県,-,-,-,総合,-,,34
2016-08-01,埼玉県,-,-,-,総合,-,,79
2016-08-01,千葉県,-,-,-,総合,-,,95
2016-08-01,東京都,-,-,-,総合,-,,130
2016-08-01,神奈川県,-,-,-,総合,-,,93
2016-08-01,新潟県,-,-,-,総合,-,,33
2016-08-01,山梨県,-,-,-,総合,-,,10
2016-08-01,長野県,-,-,-,総合,-,,38
2016-08-01,富山県,-,-,-,総合,-,,15
2016-08-01,石川県,-,-,-,総合,-,,18
2016-08-01,福井県,-,-,-,総合,-,,11
2016-08-01,岐阜県,-,-,-,総合,-,,37
2016-08-01,静岡県,-,-,-,総合,-,,27
2016-08-01,愛知県,-,-,-,総合,-,,113
2016-08-01,三重県,-,-,-,総合,-,,38
2016-08-01,滋賀県,-,-,-,総合,-,,43
2016-08-01,京都府,-,-,-,総合,-,,48
2016-08-01,大阪府,-,-,-,総合,-,,176
2016-08-01,兵庫県,-,-,-,総合,-,,79
2016-08-01,奈良県,-,-,-,総合,-,,28
2016-08-01,和歌山県,-,-,-,総合,-,,11
2016-08-01,鳥取県,-,-,-,総合,-,,10
2016-08-01,島根県,-,-,-,総合,-,,12
2016-08-01,岡山県,-,-,-,総合,-,,23
2016-08-01,広島県,-,-,-,総合,-,,41
2016-08-01,山口県,-,-,-,総合,-,,28
2016-08-01,徳島県,-,-,-,総合,-,,5
2016-08-01,香川県,-,-,-,総合,-,,11
2016-08-01,愛媛県,-,-,-,総合,-,,14
2016-08-01,高知県,-,-,-,総合,-,,7
2016-08-01,福岡県,-,-,-,総合,-,,88
2016-08-01,佐賀県,-,-,-,総合,-,,14
2016-08-01,長崎県,-,-,-,総合,-,,18
2016-08-01,熊本県,-,-,-,総合,-,,33
2016-08-01,大分県,-,-,-,総合,-,,29
2016-08-01,宮崎県,-,-,-,総合,-,,15
2016-08-01,鹿児島県,-,-,-,総合,-,,25
2016-08-01,沖縄県,-,-,-,総合,-,,31
2016-09-01,北海道,-,-,-,総合,-,,89
2016-09-01,青森県,-,-,-,総合,-,,26
2016-09-01,岩手県,-,-,-,総合,-,,23
2016-09-01,宮城県,-,-,-,総合,-,,25
2016-09-01,秋田県,-,-,-,総合,-,,20
2016-09-01,山形県,-,-,-,総合,-,,9
2016-09-01,福島県,-,-,-,総合,-,,23
2016-09-01,茨城県,-,-,-,総合,-,,30
2016-09-01,栃木県,-,-,-,総合,-,,22
2016-09-01,群馬県,-,-,-,総合,-,,33
2016-09-01,埼玉県,-,-,-,総合,-,,77
2016-09-01,千葉県,-,-,-,総合,-,,95
2016-09-01,東京都,-,-,-,総合,-,,130
2016-09-01,神奈川県,-,-,-,総合,-,,94
2016-09-01,新潟県,-,-,-,総合,-,,33
2016-09-01,山梨県,-,-,-,総合,-,,10
2016-09-01,長野県,-,-,-,総合,-,,38
2016-09-01,富山県,-,-,-,総合,-,,15
2016-09-01,石川県,-,-,-,総合,-,,18
2016-09-01,福井県,-,-,-,総合,-,,11
2016-09-01,岐阜県,-,-,-,総合,-,,37
2016-09-01,静岡県,-,-,-,総合,-,,27
2016-09-01,愛知県,-,-,-,総合,-,,113
2016-09-01,三重県,-,-,-,総合,-,,38
2016-09-01,滋賀県,-,-,-,総合,-,,42
2016-09-01,京都府,-,-,-,総合,-,,48
2016-09-01,大阪府,-,-,-,総合,-,,176
2016-09-01,兵庫県,-,-,-,総合,-,,79
2016-09-01,奈良県,-,-,-,総合,-,,28
2016-09-01,和歌山県,-,-,-,総合,-,,11
2016-09-01,鳥取県,-,-,-,総合,-,,10
2016-09-01,島根県,-,-,-,総合,-,,12
2016-09-01,岡山県,-,-,-,総合,-,,23
2016-09-01,広島県,-,-,-,総合,-,,41
2016-09-01,山口県,-,-,-,総合,-,,29
2016-09-01,徳島県,-,-,-,総合,-,,5
2016-09-01,香川県,-,-,-,総合,-,,11
2016-09-01,愛媛県,-,-,-,総合,-,,14
2016-09-01,高知県,-,-,-,総合,-,,7
2016-09-01,福岡県,-,-,-,総合,-,,89
2016-09-01,佐賀県,-,-,-,総合,-,,14
2016-09-01,長崎県,-,-,-,総合,-,,18
2016-09-01,熊本県,-,-,-,総合,-,,35
2016-09-01,大分県,-,-,-,総合,-,,28
2016-09-01,宮崎県,-,-,-,総合,-,,15
2016-09-01,鹿児島県,-,-,-,総合,-,,25
2016-09-01,沖縄県,-,-,-,総合,-,,31
2016-10-01,北海道,-,-,-,総合,-,,90
2016-10-01,青森県,-,-,-,総合,-,,26
2016-10-01,岩手県,-,-,-,総合,-,,23
2016-10-01,宮城県,-,-,-,総合,-,,26
2016-10-01,秋田県,-,-,-,総合,-,,20
2016-10-01,山形県,-,-,-,総合,-,,9
2016-10-01,福島県,-,-,-,総合,-,,23
2016-10-01,茨城県,-,-,-,総合,-,,30
2016-10-01,栃木県,-,-,-,総合,-,,22
2016-10-01,群馬県,-,-,-,総合,-,,33
2016-10-01,埼玉県,-,-,-,総合,-,,77
2016-10-01,千葉県,-,-,-,総合,-,,95
2016-10-01,東京都,-,-,-,総合,-,,130
2016-10-01,神奈川県,-,-,-,総合,-,,92
2016-10-01,新潟県,-,-,-,総合,-,,33
2016-10-01,山梨県,-,-,-,総合,-,,10
2016-10-01,長野県,-,-,-,総合,-,,38
2016-10-01,富山県,-,-,-,総合,-,,15
2016-10-01,石川県,-,-,-,総合,-,,18
2016-10-01,福井県,-,-,-,総合,-,,11
2016-10-01,岐阜県,-,-,-,総合,-,,37
2016-10-01,静岡県,-,-,-,総合,-,,27
2016-10-01,愛知県,-,-,-,総合,-,,113
2016-10-01,三重県,-,-,-,総合,-,,38
2016-10-01,滋賀県,-,-,-,総合,-,,42
2016-10-01,京都府,-,-,-,総合,-,,48
2016-10-01,大阪府,-,-,-,総合,-,,175
2016-10-01,兵庫県,-,-,-,総合,-,,79
2016-10-01,奈良県,-,-,-,総合,-,,28
2016-10-01,和歌山県,-,-,-,総合,-,,11
2016-10-01,鳥取県,-,-,-,総合,-,,10
2016-10-01,島根県,-,-,-,総合,-,,12
2016-10-01,岡山県,-,-,-,総合,-,,22
2016-10-01,広島県,-,-,-,総合,-,,41
2016-10-01,山口県,-,-,-,総合,-,,29
2016-10-01,徳島県,-,-,-,総合,-,,5
2016-10-01,香川県,-,-,-,総合,-,,11
2016-10-01,愛媛県,-,-,-,総合,-,,14
2016-10-01,高知県,-,-,-,総合,-,,7
2016-10-01,福岡県,-,-,-,総合,-,,91
2016-10-01,佐賀県,-,-,-,総合,-,,14
2016-10-01,長崎県,-,-,-,総合,-,,18
2016-10-01,熊本県,-,-,-,総合,-,,35
2016-10-01,大分県,-,-,-,総合,-,,28
2016-10-01,宮崎県,-,-,-,総合,-,,15
2016-10-01,鹿児島県,-,-,-,総合,-,,25
2016-10-01,沖縄県,-,-,-,総合,-,,31
2016-11-01,北海道,-,-,-,総合,-,,90
2016-11-01,青森県,-,-,-,総合,-,,26
2016-11-01,岩手県,-,-,-,総合,-,,23
2016-11-01,宮城県,-,-,-,総合,-,,26
2016-11-01,秋田県,-,-,-,総合,-,,20
2016-11-01,山形県,-,-,-,総合,-,,9
2016-11-01,福島県,-,-,-,総合,-,,23
2016-11-01,茨城県,-,-,-,総合,-,,31
2016-11-01,栃木県,-,-,-,総合,-,,22
2016-11-01,群馬県,-,-,-,総合,-,,33
2016-11-01,埼玉県,-,-,-,総合,-,,77
2016-11-01,千葉県,-,-,-,総合,-,,94
2016-11-01,東京都,-,-,-,総合,-,,130
2016-11-01,神奈川県,-,-,-,総合,-,,92
2016-11-01,新潟県,-,-,-,総合,-,,33
2016-11-01,山梨県,-,-,-,総合,-,,11
2016-11-01,長野県,-,-,-,総合,-,,39
2016-11-01,富山県,-,-,-,総合,-,,15
2016-11-01,石川県,-,-,-,総合,-,,18
2016-11-01,福井県,-,-,-,総合,-,,11
2016-11-01,岐阜県,-,-,-,総合,-,,38
2016-11-01,静岡県,-,-,-,総合,-,,27
2016-11-01,愛知県,-,-,-,総合,-,,113
2016-11-01,三重県,-,-,-,総合,-,,38
2016-11-01,滋賀県,-,-,-,総合,-,,43
2016-11-01,京都府,-,-,-,総合,-,,48
2016-11-01,大阪府,-,-,-,総合,-,,175
2016-11-01,兵庫県,-,-,-,総合,-,,79
2016-11-01,奈良県,-,-,-,総合,-,,28
2016-11-01,和歌山県,-,-,-,総合,-,,11
2016-11-01,鳥取県,-,-,-,総合,-,,10
2016-11-01,島根県,-,-,-,総合,-,,12
2016-11-01,岡山県,-,-,-,総合,-,,22
2016-11-01,広島県,-,-,-,総合,-,,40
2016-11-01,山口県,-,-,-,総合,-,,29
2016-11-01,徳島県,-,-,-,総合,-,,5
2016-11-01,香川県,-,-,-,総合,-,,11
2016-11-01,愛媛県,-,-,-,総合,-,,14
2016-11-01,高知県,-,-,-,総合,-,,7
2016-11-01,福岡県,-,-,-,総合,-,,91
2016-11-01,佐賀県,-,-,-,総合,-,,14
2016-11-01,長崎県,-,-,-,総合,-,,18
2016-11-01,熊本県,-,-,-,総合,-,,35
2016-11-01,大分県,-,-,-,総合,-,,28
2016-11-01,宮崎県,-,-,-,総合,-,,15
2016-11-01,鹿児島県,-,-,-,総合,-,,25
2016-11-01,沖縄県,-,-,-,総合,-,,31
2016-12-01,北海道,-,-,-,総合,-,,90
2016-12-01,青森県,-,-,-,総合,-,,26
2016-12-01,岩手県,-,-,-,総合,-,,23
2016-12-01,宮城県,-,-,-,総合,-,,26
2016-12-01,秋田県,-,-,-,総合,-,,20
2016-12-01,山形県,-,-,-,総合,-,,9
2016-12-01,福島県,-,-,-,総合,-,,22
2016-12-01,茨城県,-,-,-,総合,-,,31
2016-12-01,栃木県,-,-,-,総合,-,,23
2016-12-01,群馬県,-,-,-,総合,-,,33
2016-12-01,埼玉県,-,-,-,総合,-,,77
2016-12-01,千葉県,-,-,-,総合,-,,94
2016-12-01,東京都,-,-,-,総合,-,,131
2016-12-01,神奈川県,-,-,-,総合,-,,92
2016-12-01,新潟県,-,-,-,総合,-,,33
2016-12-01,山梨県,-,-,-,総合,-,,11
2016-12-01,長野県,-,-,-,総合,-,,39
2016-12-01,富山県,-,-,-,総合,-,,15
2016-12-01,石川県,-,-,-,総合,-,,18
2016-12-01,福井県,-,-,-,総合,-,,11
2016-12-01,岐阜県,-,-,-,総合,-,,38
2016-12-01,静岡県,-,-,-,総合,-,,27
2016-12-01,愛知県,-,-,-,総合,-,,114
2016-12-01,三重県,-,-,-,総合,-,,38
2016-12-01,滋賀県,-,-,-,総合,-,,43
2016-12-01,京都府,-,-,-,総合,-,,48
2016-12-01,大阪府,-,-,-,総合,-,,175
2016-12-01,兵庫県,-,-,-,総合,-,,79
2016-12-01,奈良県,-,-,-,総合,-,,28
2016-12-01,和歌山県,-,-,-,総合,-,,11
2016-12-01,鳥取県,-,-,-,総合,-,,10
2016-12-01,島根県,-,-,-,総合,-,,12
2016-12-01,岡山県,-,-,-,総合,-,,22
2016-12-01,広島県,-,-,-,総合,-,,40
2016-12-01,山口県,-,-,-,総合,-,,29
2016-12-01,徳島県,-,-,-,総合,-,,5
2016-12-01,香川県,-,-,-,総合,-,,11
2016-12-01,愛媛県,-,-,-,総合,-,,14
2016-12-01,高知県,-,-,-,総合,-,,7
2016-12-01,福岡県,-,-,-,総合,-,,93
2016-12-01,佐賀県,-,-,-,総合,-,,14
2016-12-01,長崎県,-,-,-,総合,-,,18
2016-12-01,熊本県,-,-,-,総合,-,,35
2016-12-01,大分県,-,-,-,総合,-,,28
2016-12-01,宮崎県,-,-,-,総合,-,,15
2016-12-01,鹿児島県,-,-,-,総合,-,,25
2016-12-01,沖縄県,-,-,-,総合,-,,31
2017-01-01,北海道,-,-,-,総合,-,,90
2017-01-01,青森県,-,-,-,総合,-,,26
2017-01-01,岩手県,-,-,-,総合,-,,23
2017-01-01,宮城県,-,-,-,総合,-,,26
2017-01-01,秋田県,-,-,-,総合,-,,20
2017-01-01,山形県,-,-,-,総合,-,,9
2017-01-01,福島県,-,-,-,総合,-,,22
2017-01-01,茨城県,-,-,-,総合,-,,30
2017-01-01,栃木県,-,-,-,総合,-,,23
2017-01-01,群馬県,-,-,-,総合,-,,33
2017-01-01,埼玉県,-,-,-,総合,-,,76
2017-01-01,千葉県,-,-,-,総合,-,,93
2017-01-01,東京都,-,-,-,総合,-,,128
2017-01-01,神奈川県,-,-,-,総合,-,,92
2017-01-01,新潟県,-,-,-,総合,-,,33
2017-01-01,山梨県,-,-,-,総合,-,,11
2017-01-01,長野県,-,-,-,総合,-,,39
2017-01-01,富山県,-,-,-,総合,-,,14
2017-01-01,石川県,-,-,-,総合,-,,18
2017-01-01,福井県,-,-,-,総合,-,,11
2017-01-01,岐阜県,-,-,-,総合,-,,38
2017-01-01,静岡県,-,-,-,総合,-,,27
2017-01-01,愛知県,-,-,-,総合,-,,114
2017-01-01,三重県,-,-,-,総合,-,,38
2017-01-01,滋賀県,-,-,-,総合,-,,42
2017-01-01,京都府,-,-,-,総合,-,,48
2017-01-01,大阪府,-,-,-,総合,-,,173
2017-01-01,兵庫県,-,-,-,総合,-,,80
2017-01-01,奈良県,-,-,-,総合,-,,28
2017-01-01,和歌山県,-,-,-,総合,-,,11
2017-01-01,鳥取県,-,-,-,総合,-,,10
2017-01-01,島根県,-,-,-,総合,-,,12
2017-01-01,岡山県,-,-,-,総合,-,,22
2017-01-01,広島県,-,-,-,総合,-,,40
2017-01-01,山口県,-,-,-,総合,-,,29
2017-01-01,徳島県,-,-,-,総合,-,,5
2017-01-01,香川県,-,-,-,総合,-,,11
2017-01-01,愛媛県,-,-,-,総合,-,,14
2017-01-01,高知県,-,-,-,総合,-,,7
2017-01-01,福岡県,-,-,-,総合,-,,93
2017-01-01,佐賀県,-,-,-,総合,-,,14
2017-01-01,長崎県,-,-,-,総合,-,,18
2017-01-01,熊本県,-,-,-,総合,-,,35
2017-01-01,大分県,-,-,-,総合,-,,28
2017-01-01,宮崎県,-,-,-,総合,-,,15
2017-01-01,鹿児島県,-,-,-,総合,-,,25
2017-01-01,沖縄県,-,-,-,総合,-,,31
2017-02-01,北海道,-,-,-,総合,-,,89
2017-02-01,青森県,-,-,-,総合,-,,26
2017-02-01,岩手県,-,-,-,総合,-,,22
2017-02-01,宮城県,-,-,-,総合,-,,25
2017-02-01,秋田県,-,-,-,総合,-,,20
2017-02-01,山形県,-,-,-,総合,-,,9
2017-02-01,福島県,-,-,-,総合,-,,21
2017-02-01,茨城県,-,-,-,総合,-,,30
2017-02-01,栃木県,-,-,-,総合,-,,22
2017-02-01,群馬県,-,-,-,総合,-,,33
2017-02-01,埼玉県,-,-,-,総合,-,,76
2017-02-01,千葉県,-,-,-,総合,-,,93
2017-02-01,東京都,-,-,-,総合,-,,127
2017-02-01,神奈川県,-,-,-,総合,-,,92
2017-02-01,新潟県,-,-,-,総合,-,,32
2017-02-01,山梨県,-,-,-,総合,-,,11
2017-02-01,長野県,-,-,-,総合,-,,38
2017-02-01,富山県,-,-,-,総合,-,,14
2017-02-01,石川県,-,-,-,総合,-,,18
2017-02-01,福井県,-,-,-,総合,-,,11
2017-02-01,岐阜県,-,-,-,総合,-,,38
2017-02-01,静岡県,-,-,-,総合,-,,27
2017-02-01,愛知県,-,-,-,総合,-,,113
2017-02-01,三重県,-,-,-,総合,-,,39
2017-02-01,滋賀県,-,-,-,総合,-,,42
2017-02-01,京都府,-,-,-,総合,-,,48
2017-02-01,大阪府,-,-,-,総合,-,,173
2017-02-01,兵庫県,-,-,-,総合,-,,79
2017-02-01,奈良県,-,-,-,総合,-,,28
2017-02-01,和歌山県,-,-,-,総合,-,,11
2017-02-01,鳥取県,-,-,-,総合,-,,10
2017-02-01,島根県,-,-,-,総合,-,,13
2017-02-01,岡山県,-,-,-,総合,-,,22
2017-02-01,広島県,-,-,-,総合,-,,40
2017-02-01,山口県,-,-,-,総合,-,,29
2017-02-01,徳島県,-,-,-,総合,-,,5
2017-02-01,香川県,-,-,-,総合,-,,11
2017-02-01,愛媛県,-,-,-,総合,-,,14
2017-02-01,高知県,-,-,-,総合,-,,7
2017-02-01,福岡県,-,-,-,総合,-,,92
2017-02-01,佐賀県,-,-,-,総合,-,,14
2017-02-01,長崎県,-,-,-,総合,-,,18
2017-02-01,熊本県,-,-,-,総合,-,,35
2017-02-01,大分県,-,-,-,総合,-,,28
2017-02-01,宮崎県,-,-,-,総合,-,,15
2017-02-01,鹿児島県,-,-,-,総合,-,,25
2017-02-01,沖縄県,-,-,-,総合,-,,31
2017-03-01,北海道,-,-,-,総合,-,,89
2017-03-01,青森県,-,-,-,総合,-,,26
2017-03-01,岩手県,-,-,-,総合,-,,22
2017-03-01,宮城県,-,-,-,総合,-,,25
2017-03-01,秋田県,-,-,-,総合,-,,20
2017-03-01,山形県,-,-,-,総合,-,,9
2017-03-01,福島県,-,-,-,総合,-,,20
2017-03-01,茨城県,-,-,-,総合,-,,30
2017-03-01,栃木県,-,-,-,総合,-,,22
2017-03-01,群馬県,-,-,-,総合,-,,33
2017-03-01,埼玉県,-,-,-,総合,-,,76
2017-03-01,千葉県,-,-,-,総合,-,,93
2017-03-01,東京都,-,-,-,総合,-,,127
2017-03-01,神奈川県,-,-,-,総合,-,,92
2017-03-01,新潟県,-,-,-,総合,-,,33
2017-03-01,山梨県,-,-,-,総合,-,,11
2017-03-01,長野県,-,-,-,総合,-,,38
2017-03-01,富山県,-,-,-,総合,-,,14
2017-03-01,石川県,-,-,-,総合,-,,19
2017-03-01,福井県,-,-,-,総合,-,,11
2017-03-01,岐阜県,-,-,-,総合,-,,38
2017-03-01,静岡県,-,-,-,総合,-,,27
2017-03-01,愛知県,-,-,-,総合,-,,113
2017-03-01,三重県,-,-,-,総合,-,,40
2017-03-01,滋賀県,-,-,-,総合,-,,41
2017-03-01,京都府,-,-,-,総合,-,,47
2017-03-01,大阪府,-,-,-,総合,-,,173
2017-03-01,兵庫県,-,-,-,総合,-,,79
2017-03-01,奈良県,-,-,-,総合,-,,27
2017-03-01,和歌山県,-,-,-,総合,-,,11
2017-03-01,鳥取県,-,-,-,総合,-,,10
2017-03-01,島根県,-,-,-,総合,-,,13
2017-03-01,岡山県,-,-,-,総合,-,,22
2017-03-01,広島県,-,-,-,総合,-,,39
2017-03-01,山口県,-,-,-,総合,-,,30
2017-03-01,徳島県,-,-,-,総合,-,,5
2017-03-01,香川県,-,-,-,総合,-,,11
2017-03-01,愛媛県,-,-,-,総合,-,,14
2017-03-01,高知県,-,-,-,総合,-,,7
2017-03-01,福岡県,-,-,-,総合,-,,92
2017-03-01,佐賀県,-,-,-,総合,-,,13
2017-03-01,長崎県,-,-,-,総合,-,,18
2017-03-01,熊本県,-,-,-,総合,-,,35
2017-03-01,大分県,-,-,-,総合,-,,28
2017-03-01,宮崎県,-,-,-,総合,-,,15
2017-03-01,鹿児島県,-,-,-,総合,-,,25
2017-03-01,沖縄県,-,-,-,総合,-,,31
2017-04-01,北海道,-,-,-,総合,-,,89
2017-04-01,青森県,-,-,-,総合,-,,26
2017-04-01,岩手県,-,-,-,総合,-,,22
2017-04-01,宮城県,-,-,-,総合,-,,25
2017-04-01,秋田県,-,-,-,総合,-,,20
2017-04-01,山形県,-,-,-,総合,-,,9
2017-04-01,福島県,-,-,-,総合,-,,20
2017-04-01,茨城県,-,-,-,総合,-,,30
2017-04-01,栃木県,-,-,-,総合,-,,22
2017-04-01,群馬県,-,-,-,総合,-,,33
2017-04-01,埼玉県,-,-,-,総合,-,,76
2017-04-01,千葉県,-,-,-,総合,-,,93
2017-04-01,東京都,-,-,-,総合,-,,126
2017-04-01,神奈川県,-,-,-,総合,-,,92
2017-04-01,新潟県,-,-,-,総合,-,,33
2017-04-01,山梨県,-,-,-,総合,-,,11
2017-04-01,長野県,-,-,-,総合,-,,38
2017-04-01,富山県,-,-,-,総合,-,,14
2017-04-01,石川県,-,-,-,総合,-,,19
2017-04-01,福井県,-,-,-,総合,-,,11
2017-04-01,岐阜県,-,-,-,総合,-,,39
2017-04-01,静岡県,-,-,-,総合,-,,27
2017-04-01,愛知県,-,-,-,総合,-,,113
2017-04-01,三重県,-,-,-,総合,-,,40
2017-04-01,滋賀県,-,-,-,総合,-,,41
2017-04-01,京都府,-,-,-,総合,-,,47
2017-04-01,大阪府,-,-,-,総合,-,,174
2017-04-01,兵庫県,-,-,-,総合,-,,79
2017-04-01,奈良県,-,-,-,総合,-,,27
2017-04-01,和歌山県,-,-,-,総合,-,,11
2017-04-01,鳥取県,-,-,-,総合,-,,10
2017-04-01,島根県,-,-,-,総合,-,,13
2017-04-01,岡山県,-,-,-,総合,-,,22
2017-04-01,広島県,-,-,-,総合,-,,39
2017-04-01,山口県,-,-,-,総合,-,,30
2017-04-01,徳島県,-,-,-,総合,-,,6
2017-04-01,香川県,-,-,-,総合,-,,11
2017-04-01,愛媛県,-,-,-,総合,-,,14
2017-04-01,高知県,-,-,-,総合,-,,7
2017-04-01,福岡県,-,-,-,総合,-,,92
2017-04-01,佐賀県,-,-,-,総合,-,,13
2017-04-01,長崎県,-,-,-,総合,-,,18
2017-04-01,熊本県,-,-,-,総合,-,,34
2017-04-01,大分県,-,-,-,総合,-,,27
2017-04-01,宮崎県,-,-,-,総合,-,,15
2017-04-01,鹿児島県,-,-,-,総合,-,,25
2017-04-01,沖縄県,-,-,-,総合,-,,31
2017-05-01,北海道,-,-,-,総合,-,,89
2017-05-01,青森県,-,-,-,総合,-,,26
2017-05-01,岩手県,-,-,-,総合,-,,22
2017-05-01,宮城県,-,-,-,総合,-,,25
2017-05-01,秋田県,-,-,-,総合,-,,20
2017-05-01,山形県,-,-,-,総合,-,,9
2017-05-01,福島県,-,-,-,総合,-,,20
2017-05-01,茨城県,-,-,-,総合,-,,30
2017-05-01,栃木県,-,-,-,総合,-,,22
2017-05-01,群馬県,-,-,-,総合,-,,33
2017-05-01,埼玉県,-,-,-,総合,-,,74
2017-05-01,千葉県,-,-,-,総合,-,,92
2017-05-01,東京都,-,-,-,総合,-,,125
2017-05-01,神奈川県,-,-,-,総合,-,,92
2017-05-01,新潟県,-,-,-,総合,-,,33
2017-05-01,山梨県,-,-,-,総合,-,,11
2017-05-01,長野県,-,-,-,総合,-,,38
2017-05-01,富山県,-,-,-,総合,-,,14
2017-05-01,石川県,-,-,-,総合,-,,19
2017-05-01,福井県,-,-,-,総合,-,,11
2017-05-01,岐阜県,-,-,-,総合,-,,38
2017-05-01,静岡県,-,-,-,総合,-,,27
2017-05-01,愛知県,-,-,-,総合,-,,112
2017-05-01,三重県,-,-,-,総合,-,,40
2017-05-01,滋賀県,-,-,-,総合,-,,41
2017-05-01,京都府,-,-,-,総合,-,,47
2017-05-01,大阪府,-,-,-,総合,-,,174
2017-05-01,兵庫県,-,-,-,総合,-,,79
2017-05-01,奈良県,-,-,-,総合,-,,27
2017-05-01,和歌山県,-,-,-,総合,-,,11
2017-05-01,鳥取県,-,-,-,総合,-,,10
2017-05-01,島根県,-,-,-,総合,-,,14
2017-05-01,岡山県,-,-,-,総合,-,,22
2017-05-01,広島県,-,-,-,総合,-,,39
2017-05-01,山口県,-,-,-,総合,-,,30
2017-05-01,徳島県,-,-,-,総合,-,,6
2017-05-01,香川県,-,-,-,総合,-,,11
2017-05-01,愛媛県,-,-,-,総合,-,,14
2017-05-01,高知県,-,-,-,総合,-,,7
2017-05-01,福岡県,-,-,-,総合,-,,92
2017-05-01,佐賀県,-,-,-,総合,-,,13
2017-05-01,長崎県,-,-,-,総合,-,,18
2017-05-01,熊本県,-,-,-,総合,-,,32
2017-05-01,大分県,-,-,-,総合,-,,28
2017-05-01,宮崎県,-,-,-,総合,-,,16
2017-05-01,鹿児島県,-,-,-,総合,-,,25
2017-05-01,沖縄県,-,-,-,総合,-,,31
2017-06-01,北海道,-,-,-,総合,-,,89
2017-06-01,青森県,-,-,-,総合,-,,26
2017-06-01,岩手県,-,-,-,総合,-,,22
2017-06-01,宮城県,-,-,-,総合,-,,25
2017-06-01,秋田県,-,-,-,総合,-,,20
2017-06-01,山形県,-,-,-,総合,-,,9
2017-06-01,福島県,-,-,-,総合,-,,19
2017-06-01,茨城県,-,-,-,総合,-,,30
2017-06-01,栃木県,-,-,-,総合,-,,22
2017-06-01,群馬県,-,-,-,総合,-,,33
2017-06-01,埼玉県,-,-,-,総合,-,,73
2017-06-01,千葉県,-,-,-,総合,-,,92
2017-06-01,東京都,-,-,-,総合,-,,123
2017-06-01,神奈川県,-,-,-,総合,-,,90
2017-06-01,新潟県,-,-,-,総合,-,,33
2017-06-01,山梨県,-,-,-,総合,-,,11
2017-06-01,長野県,-,-,-,総合,-,,38
2017-06-01,富山県,-,-,-,総合,-,,14
2017-06-01,石川県,-,-,-,総合,-,,19
2017-06-01,福井県,-,-,-,総合,-,,11
2017-06-01,岐阜県,-,-,-,総合,-,,38
2017-06-01,静岡県,-,-,-,総合,-,,26
2017-06-01,愛知県,-,-,-,総合,-,,112
2017-06-01,三重県,-,-,-,総合,-,,40
2017-06-01,滋賀県,-,-,-,総合,-,,41
2017-06-01,京都府,-,-,-,総合,-,,47
2017-06-01,大阪府,-,-,-,総合,-,,174
2017-06-01,兵庫県,-,-,-,総合,-,,80
2017-06-01,奈良県,-,-,-,総合,-,,27
2017-06-01,和歌山県,-,-,-,総合,-,,11
2017-06-01,鳥取県,-,-,-,総合,-,,10
2017-06-01,島根県,-,-,-,総合,-,,14
2017-06-01,岡山県,-,-,-,総合,-,,22
2017-06-01,広島県,-,-,-,総合,-,,39
2017-06-01,山口県,-,-,-,総合,-,,30
2017-06-01,徳島県,-,-,-,総合,-,,6
2017-06-01,香川県,-,-,-,総合,-,,11
2017-06-01,愛媛県,-,-,-,総合,-,,14
2017-06-01,高知県,-,-,-,総合,-,,7
2017-06-01,福岡県,-,-,-,総合,-,,91
2017-06-01,佐賀県,-,-,-,総合,-,,13
2017-06-01,長崎県,-,-,-,総合,-,,18
2017-06-01,熊本県,-,-,-,総合,-,,32
2017-06-01,大分県,-,-,-,総合,-,,28
2017-06-01,宮崎県,-,-,-,総合,-,,16
2017-06-01,鹿児島県,-,-,-,総合,-,,25
2017-06-01,沖縄県,-,-,-,総合,-,,31
2017-07-01,北海道,-,-,-,総合,-,,89
2017-07-01,青森県,-,-,-,総合,-,,26
2017-07-01,岩手県,-,-,-,総合,-,,22
2017-07-01,宮城県,-,-,-,総合,-,,25
2017-07-01,秋田県,-,-,-,総合,-,,20
2017-07-01,山形県,-,-,-,総合,-,,9
2017-07-01,福島県,-,-,-,総合,-,,19
2017-07-01,茨城県,-,-,-,総合,-,,30
2017-07-01,栃木県,-,-,-,総合,-,,22
2017-07-01,群馬県,-,-,-,総合,-,,33
2017-07-01,埼玉県,-,-,-,総合,-,,73
2017-07-01,千葉県,-,-,-,総合,-,,94
2017-07-01,東京都,-,-,-,総合,-,,123
2017-07-01,神奈川県,-,-,-,総合,-,,90
2017-07-01,新潟県,-,-,-,総合,-,,33
2017-07-01,山梨県,-,-,-,総合,-,,11
2017-07-01,長野県,-,-,-,総合,-,,38
2017-07-01,富山県,-,-,-,総合,-,,14
2017-07-01,石川県,-,-,-,総合,-,,19
2017-07-01,福井県,-,-,-,総合,-,,11
2017-07-01,岐阜県,-,-,-,総合,-,,38
2017-07-01,静岡県,-,-,-,総合,-,,26
2017-07-01,愛知県,-,-,-,総合,-,,112
2017-07-01,三重県,-,-,-,総合,-,,40
2017-07-01,滋賀県,-,-,-,総合,-,,41
2017-07-01,京都府,-,-,-,総合,-,,47
2017-07-01,大阪府,-,-,-,総合,-,,174
2017-07-01,兵庫県,-,-,-,総合,-,,81
2017-07-01,奈良県,-,-,-,総合,-,,27
2017-07-01,和歌山県,-,-,-,総合,-,,11
2017-07-01,鳥取県,-,-,-,総合,-,,10
2017-07-01,島根県,-,-,-,総合,-,,14
2017-07-01,岡山県,-,-,-,総合,-,,22
2017-07-01,広島県,-,-,-,総合,-,,39
2017-07-01,山口県,-,-,-,総合,-,,30
2017-07-01,徳島県,-,-,-,総合,-,,6
2017-07-01,香川県,-,-,-,総合,-,,11
2017-07-01,愛媛県,-,-,-,総合,-,,14
2017-07-01,高知県,-,-,-,総合,-,,7
2017-07-01,福岡県,-,-,-,総合,-,,92
2017-07-01,佐賀県,-,-,-,総合,-,,13
2017-07-01,長崎県,-,-,-,総合,-,,18
2017-07-01,熊本県,-,-,-,総合,-,,32
2017-07-01,大分県,-,-,-,総合,-,,28
2017-07-01,宮崎県,-,-,-,総合,-,,16
2017-07-01,鹿児島県,-,-,-,総合,-,,26
2017-07-01,沖縄県,-,-,-,総合,-,,31
2017-08-01,北海道,-,-,-,総合,-,,89
2017-08-01,青森県,-,-,-,総合,-,,26
2017-08-01,岩手県,-,-,-,総合,-,,22
2017-08-01,宮城県,-,-,-,総合,-,,24
2017-08-01,秋田県,-,-,-,総合,-,,20
2017-08-01,山形県,-,-,-,総合,-,,9
2017-08-01,福島県,-,-,-,総合,-,,19
2017-08-01,茨城県,-,-,-,総合,-,,29
2017-08-01,栃木県,-,-,-,総合,-,,22
2017-08-01,群馬県,-,-,-,総合,-,,33
2017-08-01,埼玉県,-,-,-,総合,-,,73
2017-08-01,千葉県,-,-,-,総合,-,,94
2017-08-01,東京都,-,-,-,総合,-,,123
2017-08-01,神奈川県,-,-,-,総合,-,,90
2017-08-01,新潟県,-,-,-,総合,-,,33
2017-08-01,山梨県,-,-,-,総合,-,,11
2017-08-01,長野県,-,-,-,総合,-,,38
2017-08-01,富山県,-,-,-,総合,-,,14
2017-08-01,石川県,-,-,-,総合,-,,19
2017-08-01,福井県,-,-,-,総合,-,,11
2017-08-01,岐阜県,-,-,-,総合,-,,38
2017-08-01,静岡県,-,-,-,総合,-,,26
2017-08-01,愛知県,-,-,-,総合,-,,112
2017-08-01,三重県,-,-,-,総合,-,,40
2017-08-01,滋賀県,-,-,-,総合,-,,41
2017-08-01,京都府,-,-,-,総合,-,,47
2017-08-01,大阪府,-,-,-,総合,-,,174
2017-08-01,兵庫県,-,-,-,総合,-,,81
2017-08-01,奈良県,-,-,-,総合,-,,27
2017-08-01,和歌山県,-,-,-,総合,-,,11
2017-08-01,鳥取県,-,-,-,総合,-,,10
2017-08-01,島根県,-,-,-,総合,-,,14
2017-08-01,岡山県,-,-,-,総合,-,,22
2017-08-01,広島県,-,-,-,総合,-,,39
2017-08-01,山口県,-,-,-,総合,-,,30
2017-08-01,徳島県,-,-,-,総合,-,,6
2017-08-01,香川県,-,-,-,総合,-,,11
2017-08-01,愛媛県,-,-,-,総合,-,,14
2017-08-01,高知県,-,-,-,総合,-,,7
2017-08-01,福岡県,-,-,-,総合,-,,92
2017-08-01,佐賀県,-,-,-,総合,-,,12
2017-08-01,長崎県,-,-,-,総合,-,,18
2017-08-01,熊本県,-,-,-,総合,-,,33
2017-08-01,大分県,-,-,-,総合,-,,28
2017-08-01,宮崎県,-,-,-,総合,-,,16
2017-08-01,鹿児島県,-,-,-,総合,-,,26
2017-08-01,沖縄県,-,-,-,総合,-,,32
2017-09-01,北海道,-,-,-,総合,-,,89
2017-09-01,青森県,-,-,-,総合,-,,26
2017-09-01,岩手県,-,-,-,総合,-,,22
2017-09-01,宮城県,-,-,-,総合,-,,24
2017-09-01,秋田県,-,-,-,総合,-,,20
2017-09-01,山形県,-,-,-,総合,-,,9
2017-09-01,福島県,-,-,-,総合,-,,19
2017-09-01,茨城県,-,-,-,総合,-,,29
2017-09-01,栃木県,-,-,-,総合,-,,22
2017-09-01,群馬県,-,-,-,総合,-,,33
2017-09-01,埼玉県,-,-,-,総合,-,,74
2017-09-01,千葉県,-,-,-,総合,-,,93
2017-09-01,東京都,-,-,-,総合,-,,123
2017-09-01,神奈川県,-,-,-,総合,-,,90
2017-09-01,新潟県,-,-,-,総合,-,,34
2017-09-01,山梨県,-,-,-,総合,-,,11
2017-09-01,長野県,-,-,-,総合,-,,40
2017-09-01,富山県,-,-,-,総合,-,,14
2017-09-01,石川県,-,-,-,総合,-,,19
2017-09-01,福井県,-,-,-,総合,-,,11
2017-09-01,岐阜県,-,-,-,総合,-,,38
2017-09-01,静岡県,-,-,-,総合,-,,26
2017-09-01,愛知県,-,-,-,総合,-,,113
2017-09-01,三重県,-,-,-,総合,-,,40
2017-09-01,滋賀県,-,-,-,総合,-,,41
2017-09-01,京都府,-,-,-,総合,-,,46
2017-09-01,大阪府,-,-,-,総合,-,,172
2017-09-01,兵庫県,-,-,-,総合,-,,81
2017-09-01,奈良県,-,-,-,総合,-,,27
2017-09-01,和歌山県,-,-,-,総合,-,,11
2017-09-01,鳥取県,-,-,-,総合,-,,10
2017-09-01,島根県,-,-,-,総合,-,,14
2017-09-01,岡山県,-,-,-,総合,-,,22
2017-09-01,広島県,-,-,-,総合,-,,39
2017-09-01,山口県,-,-,-,総合,-,,30
2017-09-01,徳島県,-,-,-,総合,-,,6
2017-09-01,香川県,-,-,-,総合,-,,11
2017-09-01,愛媛県,-,-,-,総合,-,,14
2017-09-01,高知県,-,-,-,総合,-,,7
2017-09-01,福岡県,-,-,-,総合,-,,92
2017-09-01,佐賀県,-,-,-,総合,-,,13
2017-09-01,長崎県,-,-,-,総合,-,,18
2017-09-01,熊本県,-,-,-,総合,-,,34
2017-09-01,大分県,-,-,-,総合,-,,28
2017-09-01,宮崎県,-,-,-,総合,-,,16
2017-09-01,鹿児島県,-,-,-,総合,-,,26
2017-09-01,沖縄県,-,-,-,総合,-,,32
2017-10-01,北海道,-,-,-,総合,-,,89
2017-10-01,青森県,-,-,-,総合,-,,26
2017-10-01,岩手県,-,-,-,総合,-,,22
2017-10-01,宮城県,-,-,-,総合,-,,24
2017-10-01,秋田県,-,-,-,総合,-,,20
2017-10-01,山形県,-,-,-,総合,-,,9
2017-10-01,福島県,-,-,-,総合,-,,19
2017-10-01,茨城県,-,-,-,総合,-,,29
2017-10-01,栃木県,-,-,-,総合,-,,22
2017-10-01,群馬県,-,-,-,総合,-,,33
2017-10-01,埼玉県,-,-,-,総合,-,,73
2017-10-01,千葉県,-,-,-,総合,-,,93
2017-10-01,東京都,-,-,-,総合,-,,122
2017-10-01,神奈川県,-,-,-,総合,-,,90
2017-10-01,新潟県,-,-,-,総合,-,,34
2017-10-01,山梨県,-,-,-,総合,-,,11
2017-10-01,長野県,-,-,-,総合,-,,40
2017-10-01,富山県,-,-,-,総合,-,,14
2017-10-01,石川県,-,-,-,総合,-,,19
2017-10-01,福井県,-,-,-,総合,-,,11
2017-10-01,岐阜県,-,-,-,総合,-,,38
2017-10-01,静岡県,-,-,-,総合,-,,26
2017-10-01,愛知県,-,-,-,総合,-,,113
2017-10-01,三重県,-,-,-,総合,-,,41
2017-10-01,滋賀県,-,-,-,総合,-,,41
2017-10-01,京都府,-,-,-,総合,-,,46
2017-10-01,大阪府,-,-,-,総合,-,,173
2017-10-01,兵庫県,-,-,-,総合,-,,81
2017-10-01,奈良県,-,-,-,総合,-,,27
2017-10-01,和歌山県,-,-,-,総合,-,,11
2017-10-01,鳥取県,-,-,-,総合,-,,11
2017-10-01,島根県,-,-,-,総合,-,,15
2017-10-01,岡山県,-,-,-,総合,-,,22
2017-10-01,広島県,-,-,-,総合,-,,39
2017-10-01,山口県,-,-,-,総合,-,,30
2017-10-01,徳島県,-,-,-,総合,-,,6
2017-10-01,香川県,-,-,-,総合,-,,11
2017-10-01,愛媛県,-,-,-,総合,-,,14
2017-10-01,高知県,-,-,-,総合,-,,7
2017-10-01,福岡県,-,-,-,総合,-,,92
2017-10-01,佐賀県,-,-,-,総合,-,,13
2017-10-01,長崎県,-,-,-,総合,-,,18
2017-10-01,熊本県,-,-,-,総合,-,,34
2017-10-01,大分県,-,-,-,総合,-,,28
2017-10-01,宮崎県,-,-,-,総合,-,,16
2017-10-01,鹿児島県,-,-,-,総合,-,,26
2017-10-01,沖縄県,-,-,-,総合,-,,32
2017-11-01,北海道,-,-,-,総合,-,,89
2017-11-01,青森県,-,-,-,総合,-,,26
2017-11-01,岩手県,-,-,-,総合,-,,22
2017-11-01,宮城県,-,-,-,総合,-,,24
2017-11-01,秋田県,-,-,-,総合,-,,20
2017-11-01,山形県,-,-,-,総合,-,,9
2017-11-01,福島県,-,-,-,総合,-,,19
2017-11-01,茨城県,-,-,-,総合,-,,28
2017-11-01,栃木県,-,-,-,総合,-,,22
2017-11-01,群馬県,-,-,-,総合,-,,33
2017-11-01,埼玉県,-,-,-,総合,-,,73
2017-11-01,千葉県,-,-,-,総合,-,,94
2017-11-01,東京都,-,-,-,総合,-,,124
2017-11-01,神奈川県,-,-,-,総合,-,,89
2017-11-01,新潟県,-,-,-,総合,-,,34
2017-11-01,山梨県,-,-,-,総合,-,,11
2017-11-01,長野県,-,-,-,総合,-,,40
2017-11-01,富山県,-,-,-,総合,-,,14
2017-11-01,石川県,-,-,-,総合,-,,19
2017-11-01,福井県,-,-,-,総合,-,,11
2017-11-01,岐阜県,-,-,-,総合,-,,38
2017-11-01,静岡県,-,-,-,総合,-,,26
2017-11-01,愛知県,-,-,-,総合,-,,114
2017-11-01,三重県,-,-,-,総合,-,,41
2017-11-01,滋賀県,-,-,-,総合,-,,41
2017-11-01,京都府,-,-,-,総合,-,,46
2017-11-01,大阪府,-,-,-,総合,-,,173
2017-11-01,兵庫県,-,-,-,総合,-,,81
2017-11-01,奈良県,-,-,-,総合,-,,27
2017-11-01,和歌山県,-,-,-,総合,-,,11
2017-11-01,鳥取県,-,-,-,総合,-,,11
2017-11-01,島根県,-,-,-,総合,-,,15
2017-11-01,岡山県,-,-,-,総合,-,,22
2017-11-01,広島県,-,-,-,総合,-,,38
2017-11-01,山口県,-,-,-,総合,-,,30
2017-11-01,徳島県,-,-,-,総合,-,,6
2017-11-01,香川県,-,-,-,総合,-,,11
2017-11-01,愛媛県,-,-,-,総合,-,,14
2017-11-01,高知県,-,-,-,総合,-,,7
2017-11-01,福岡県,-,-,-,総合,-,,93
2017-11-01,佐賀県,-,-,-,総合,-,,13
2017-11-01,長崎県,-,-,-,総合,-,,19
2017-11-01,熊本県,-,-,-,総合,-,,34
2017-11-01,大分県,-,-,-,総合,-,,29
2017-11-01,宮崎県,-,-,-,総合,-,,16
2017-11-01,鹿児島県,-,-,-,総合,-,,26
2017-11-01,沖縄県,-,-,-,総合,-,,26
2017-12-01,北海道,-,-,-,総合,-,,90
2017-12-01,青森県,-,-,-,総合,-,,26
2017-12-01,岩手県,-,-,-,総合,-,,22
2017-12-01,宮城県,-,-,-,総合,-,,24
2017-12-01,秋田県,-,-,-,総合,-,,20
2017-12-01,山形県,-,-,-,総合,-,,9
2017-12-01,福島県,-,-,-,総合,-,,19
2017-12-01,茨城県,-,-,-,総合,-,,28
2017-12-01,栃木県,-,-,-,総合,-,,23
2017-12-01,群馬県,-,-,-,総合,-,,33
2017-12-01,埼玉県,-,-,-,総合,-,,73
2017-12-01,千葉県,-,-,-,総合,-,,94
2017-12-01,東京都,-,-,-,総合,-,,125
2017-12-01,神奈川県,-,-,-,総合,-,,88
2017-12-01,新潟県,-,-,-,総合,-,,34
2017-12-01,山梨県,-,-,-,総合,-,,11
2017-12-01,長野県,-,-,-,総合,-,,40
2017-12-01,富山県,-,-,-,総合,-,,14
2017-12-01,石川県,-,-,-,総合,-,,19
2017-12-01,福井県,-,-,-,総合,-,,11
2017-12-01,岐阜県,-,-,-,総合,-,,38
2017-12-01,静岡県,-,-,-,総合,-,,26
2017-12-01,愛知県,-,-,-,総合,-,,112
2017-12-01,三重県,-,-,-,総合,-,,42
2017-12-01,滋賀県,-,-,-,総合,-,,41
2017-12-01,京都府,-,-,-,総合,-,,46
2017-12-01,大阪府,-,-,-,総合,-,,173
2017-12-01,兵庫県,-,-,-,総合,-,,81
2017-12-01,奈良県,-,-,-,総合,-,,27
2017-12-01,和歌山県,-,-,-,総合,-,,11
2017-12-01,鳥取県,-,-,-,総合,-,,11
2017-12-01,島根県,-,-,-,総合,-,,15
2017-12-01,岡山県,-,-,-,総合,-,,22
2017-12-01,広島県,-,-,-,総合,-,,38
2017-12-01,山口県,-,-,-,総合,-,,30
2017-12-01,徳島県,-,-,-,総合,-,,6
2017-12-01,香川県,-,-,-,総合,-,,11
2017-12-01,愛媛県,-,-,-,総合,-,,14
2017-12-01,高知県,-,-,-,総合,-,,7
2017-12-01,福岡県,-,-,-,総合,-,,93
2017-12-01,佐賀県,-,-,-,総合,-,,13
2017-12-01,長崎県,-,-,-,総合,-,,19
2017-12-01,熊本県,-,-,-,総合,-,,34
2017-12-01,大分県,-,-,-,総合,-,,29
2017-12-01,宮崎県,-,-,-,総合,-,,16
2017-12-01,鹿児島県,-,-,-,総合,-,,26
2017-12-01,沖縄県,-,-,-,総合,-,,26
2018-01-01,北海道,-,-,-,総合,-,,90
2018-01-01,青森県,-,-,-,総合,-,,26
2018-01-01,岩手県,-,-,-,総合,-,,22
2018-01-01,宮城県,-,-,-,総合,-,,24
2018-01-01,秋田県,-,-,-,総合,-,,20
2018-01-01,山形県,-,-,-,総合,-,,9
2018-01-01,福島県,-,-,-,総合,-,,19
2018-01-01,茨城県,-,-,-,総合,-,,28
2018-01-01,栃木県,-,-,-,総合,-,,23
2018-01-01,群馬県,-,-,-,総合,-,,33
2018-01-01,埼玉県,-,-,-,総合,-,,72
2018-01-01,千葉県,-,-,-,総合,-,,94
2018-01-01,東京都,-,-,-,総合,-,,125
2018-01-01,神奈川県,-,-,-,総合,-,,88
2018-01-01,新潟県,-,-,-,総合,-,,34
2018-01-01,山梨県,-,-,-,総合,-,,11
2018-01-01,長野県,-,-,-,総合,-,,40
2018-01-01,富山県,-,-,-,総合,-,,14
2018-01-01,石川県,-,-,-,総合,-,,19
2018-01-01,福井県,-,-,-,総合,-,,11
2018-01-01,岐阜県,-,-,-,総合,-,,38
2018-01-01,静岡県,-,-,-,総合,-,,26
2018-01-01,愛知県,-,-,-,総合,-,,113
2018-01-01,三重県,-,-,-,総合,-,,42
2018-01-01,滋賀県,-,-,-,総合,-,,41
2018-01-01,京都府,-,-,-,総合,-,,46
2018-01-01,大阪府,-,-,-,総合,-,,173
2018-01-01,兵庫県,-,-,-,総合,-,,81
2018-01-01,奈良県,-,-,-,総合,-,,27
2018-01-01,和歌山県,-,-,-,総合,-,,11
2018-01-01,鳥取県,-,-,-,総合,-,,11
2018-01-01,島根県,-,-,-,総合,-,,15
2018-01-01,岡山県,-,-,-,総合,-,,22
2018-01-01,広島県,-,-,-,総合,-,,38
2018-01-01,山口県,-,-,-,総合,-,,30
2018-01-01,徳島県,-,-,-,総合,-,,6
2018-01-01,香川県,-,-,-,総合,-,,11
2018-01-01,愛媛県,-,-,-,総合,-,,14
2018-01-01,高知県,-,-,-,総合,-,,7
2018-01-01,福岡県,-,-,-,総合,-,,94
2018-01-01,佐賀県,-,-,-,総合,-,,13
2018-01-01,長崎県,-,-,-,総合,-,,19
2018-01-01,熊本県,-,-,-,総合,-,,34
2018-01-01,大分県,-,-,-,総合,-,,29
2018-01-01,宮崎県,-,-,-,総合,-,,16
2018-01-01,鹿児島県,-,-,-,総合,-,,26
2018-01-01,沖縄県,-,-,-,総合,-,,26
2018-02-01,北海道,-,-,-,総合,-,,90
2018-02-01,青森県,-,-,-,総合,-,,26
2018-02-01,岩手県,-,-,-,総合,-,,22
2018-02-01,宮城県,-,-,-,総合,-,,24
2018-02-01,秋田県,-,-,-,総合,-,,20
2018-02-01,山形県,-,-,-,総合,-,,9
2018-02-01,福島県,-,-,-,総合,-,,19
2018-02-01,茨城県,-,-,-,総合,-,,28
2018-02-01,栃木県,-,-,-,総合,-,,23
2018-02-01,群馬県,-,-,-,総合,-,,33
2018-02-01,埼玉県,-,-,-,総合,-,,72
2018-02-01,千葉県,-,-,-,総合,-,,94
2018-02-01,東京都,-,-,-,総合,-,,125
2018-02-01,神奈川県,-,-,-,総合,-,,88
2018-02-01,新潟県,-,-,-,総合,-,,34
2018-02-01,山梨県,-,-,-,総合,-,,11
2018-02-01,長野県,-,-,-,総合,-,,40
2018-02-01,富山県,-,-,-,総合,-,,14
2018-02-01,石川県,-,-,-,総合,-,,19
2018-02-01,福井県,-,-,-,総合,-,,11
2018-02-01,岐阜県,-,-,-,総合,-,,38
2018-02-01,静岡県,-,-,-,総合,-,,26
2018-02-01,愛知県,-,-,-,総合,-,,113
2018-02-01,三重県,-,-,-,総合,-,,42
2018-02-01,滋賀県,-,-,-,総合,-,,42
2018-02-01,京都府,-,-,-,総合,-,,46
2018-02-01,大阪府,-,-,-,総合,-,,173
2018-02-01,兵庫県,-,-,-,総合,-,,80
2018-02-01,奈良県,-,-,-,総合,-,,27
2018-02-01,和歌山県,-,-,-,総合,-,,11
2018-02-01,鳥取県,-,-,-,総合,-,,11
2018-02-01,島根県,-,-,-,総合,-,,16
2018-02-01,岡山県,-,-,-,総合,-,,22
2018-02-01,広島県,-,-,-,総合,-,,38
2018-02-01,山口県,-,-,-,総合,-,,29
2018-02-01,徳島県,-,-,-,総合,-,,6
2018-02-01,香川県,-,-,-,総合,-,,11
2018-02-01,愛媛県,-,-,-,総合,-,,14
2018-02-01,高知県,-,-,-,総合,-,,7
2018-02-01,福岡県,-,-,-,総合,-,,94
2018-02-01,佐賀県,-,-,-,総合,-,,13
2018-02-01,長崎県,-,-,-,総合,-,,19
2018-02-01,熊本県,-,-,-,総合,-,,34
2018-02-01,大分県,-,-,-,総合,-,,29
2018-02-01,宮崎県,-,-,-,総合,-,,16
2018-02-01,鹿児島県,-,-,-,総合,-,,26
2018-02-01,沖縄県,-,-,-,総合,-,,26
2018-03-01,北海道,-,-,-,総合,-,,89
2018-03-01,青森県,-,-,-,総合,-,,26
2018-03-01,岩手県,-,-,-,総合,-,,22
2018-03-01,宮城県,-,-,-,総合,-,,24
2018-03-01,秋田県,-,-,-,総合,-,,20
2018-03-01,山形県,-,-,-,総合,-,,9
2018-03-01,福島県,-,-,-,総合,-,,19
2018-03-01,茨城県,-,-,-,総合,-,,28
2018-03-01,栃木県,-,-,-,総合,-,,23
2018-03-01,群馬県,-,-,-,総合,-,,32
2018-03-01,埼玉県,-,-,-,総合,-,,73
2018-03-01,千葉県,-,-,-,総合,-,,96
2018-03-01,東京都,-,-,-,総合,-,,125
2018-03-01,神奈川県,-,-,-,総合,-,,89
2018-03-01,新潟県,-,-,-,総合,-,,34
2018-03-01,山梨県,-,-,-,総合,-,,10
2018-03-01,長野県,-,-,-,総合,-,,40
2018-03-01,富山県,-,-,-,総合,-,,14
2018-03-01,石川県,-,-,-,総合,-,,19
2018-03-01,福井県,-,-,-,総合,-,,11
2018-03-01,岐阜県,-,-,-,総合,-,,38
2018-03-01,静岡県,-,-,-,総合,-,,26
2018-03-01,愛知県,-,-,-,総合,-,,113
2018-03-01,三重県,-,-,-,総合,-,,42
2018-03-01,滋賀県,-,-,-,総合,-,,42
2018-03-01,京都府,-,-,-,総合,-,,46
2018-03-01,大阪府,-,-,-,総合,-,,172
2018-03-01,兵庫県,-,-,-,総合,-,,80
2018-03-01,奈良県,-,-,-,総合,-,,27
2018-03-01,和歌山県,-,-,-,総合,-,,11
2018-03-01,鳥取県,-,-,-,総合,-,,11
2018-03-01,島根県,-,-,-,総合,-,,16
2018-03-01,岡山県,-,-,-,総合,-,,22
2018-03-01,広島県,-,-,-,総合,-,,38
2018-03-01,山口県,-,-,-,総合,-,,29
2018-03-01,徳島県,-,-,-,総合,-,,6
2018-03-01,香川県,-,-,-,総合,-,,11
2018-03-01,愛媛県,-,-,-,総合,-,,14
2018-03-01,高知県,-,-,-,総合,-,,7
2018-03-01,福岡県,-,-,-,総合,-,,95
2018-03-01,佐賀県,-,-,-,総合,-,,13
2018-03-01,長崎県,-,-,-,総合,-,,19
2018-03-01,熊本県,-,-,-,総合,-,,34
2018-03-01,大分県,-,-,-,総合,-,,29
2018-03-01,宮崎県,-,-,-,総合,-,,16
2018-03-01,鹿児島県,-,-,-,総合,-,,26
2018-03-01,沖縄県,-,-,-,総合,-,,26
2018-04-01,北海道,-,-,-,総合,-,,89
2018-04-01,青森県,-,-,-,総合,-,,26
2018-04-01,岩手県,-,-,-,総合,-,,22
2018-04-01,宮城県,-,-,-,総合,-,,24
2018-04-01,秋田県,-,-,-,総合,-,,20
2018-04-01,山形県,-,-,-,総合,-,,9
2018-04-01,福島県,-,-,-,総合,-,,19
2018-04-01,茨城県,-,-,-,総合,-,,28
2018-04-01,栃木県,-,-,-,総合,-,,23
2018-04-01,群馬県,-,-,-,総合,-,,32
2018-04-01,埼玉県,-,-,-,総合,-,,72
2018-04-01,千葉県,-,-,-,総合,-,,96
2018-04-01,東京都,-,-,-,総合,-,,126
2018-04-01,神奈川県,-,-,-,総合,-,,89
2018-04-01,新潟県,-,-,-,総合,-,,34
2018-04-01,山梨県,-,-,-,総合,-,,10
2018-04-01,長野県,-,-,-,総合,-,,40
2018-04-01,富山県,-,-,-,総合,-,,14
2018-04-01,石川県,-,-,-,総合,-,,19
2018-04-01,福井県,-,-,-,総合,-,,11
2018-04-01,岐阜県,-,-,-,総合,-,,38
2018-04-01,静岡県,-,-,-,総合,-,,26
2018-04-01,愛知県,-,-,-,総合,-,,113
2018-04-01,三重県,-,-,-,総合,-,,42
2018-04-01,滋賀県,-,-,-,総合,-,,42
2018-04-01,京都府,-,-,-,総合,-,,46
2018-04-01,大阪府,-,-,-,総合,-,,173
2018-04-01,兵庫県,-,-,-,総合,-,,80
2018-04-01,奈良県,-,-,-,総合,-,,27
2018-04-01,和歌山県,-,-,-,総合,-,,11
2018-04-01,鳥取県,-,-,-,総合,-,,11
2018-04-01,島根県,-,-,-,総合,-,,16
2018-04-01,岡山県,-,-,-,総合,-,,22
2018-04-01,広島県,-,-,-,総合,-,,39
2018-04-01,山口県,-,-,-,総合,-,,29
2018-04-01,徳島県,-,-,-,総合,-,,6
2018-04-01,香川県,-,-,-,総合,-,,11
2018-04-01,愛媛県,-,-,-,総合,-,,14
2018-04-01,高知県,-,-,-,総合,-,,7
2018-04-01,福岡県,-,-,-,総合,-,,95
2018-04-01,佐賀県,-,-,-,総合,-,,13
2018-04-01,長崎県,-,-,-,総合,-,,19
2018-04-01,熊本県,-,-,-,総合,-,,34
2018-04-01,大分県,-,-,-,総合,-,,29
2018-04-01,宮崎県,-,-,-,総合,-,,17
2018-04-01,鹿児島県,-,-,-,総合,-,,26
2018-04-01,沖縄県,-,-,-,総合,-,,26
2018-05-01,北海道,-,-,-,総合,-,,89
2018-05-01,青森県,-,-,-,総合,-,,26
2018-05-01,岩手県,-,-,-,総合,-,,22
2018-05-01,宮城県,-,-,-,総合,-,,24
2018-05-01,秋田県,-,-,-,総合,-,,20
2018-05-01,山形県,-,-,-,総合,-,,9
2018-05-01,福島県,-,-,-,総合,-,,19
2018-05-01,茨城県,-,-,-,総合,-,,28
2018-05-01,栃木県,-,-,-,総合,-,,23
2018-05-01,群馬県,-,-,-,総合,-,,32
2018-05-01,埼玉県,-,-,-,総合,-,,72
2018-05-01,千葉県,-,-,-,総合,-,,96
2018-05-01,東京都,-,-,-,総合,-,,127
2018-05-01,神奈川県,-,-,-,総合,-,,90
2018-05-01,新潟県,-,-,-,総合,-,,34
2018-05-01,山梨県,-,-,-,総合,-,,10
2018-05-01,長野県,-,-,-,総合,-,,40
2018-05-01,富山県,-,-,-,総合,-,,14
2018-05-01,石川県,-,-,-,総合,-,,19
2018-05-01,福井県,-,-,-,総合,-,,11
2018-05-01,岐阜県,-,-,-,総合,-,,38
2018-05-01,静岡県,-,-,-,総合,-,,26
2018-05-01,愛知県,-,-,-,総合,-,,113
2018-05-01,三重県,-,-,-,総合,-,,42
2018-05-01,滋賀県,-,-,-,総合,-,,43
2018-05-01,京都府,-,-,-,総合,-,,46
2018-05-01,大阪府,-,-,-,総合,-,,174
2018-05-01,兵庫県,-,-,-,総合,-,,80
2018-05-01,奈良県,-,-,-,総合,-,,27
2018-05-01,和歌山県,-,-,-,総合,-,,11
2018-05-01,鳥取県,-,-,-,総合,-,,11
2018-05-01,島根県,-,-,-,総合,-,,16
2018-05-01,岡山県,-,-,-,総合,-,,22
2018-05-01,広島県,-,-,-,総合,-,,39
2018-05-01,山口県,-,-,-,総合,-,,29
2018-05-01,徳島県,-,-,-,総合,-,,6
2018-05-01,香川県,-,-,-,総合,-,,11
2018-05-01,愛媛県,-,-,-,総合,-,,14
2018-05-01,高知県,-,-,-,総合,-,,7
2018-05-01,福岡県,-,-,-,総合,-,,94
2018-05-01,佐賀県,-,-,-,総合,-,,12
2018-05-01,長崎県,-,-,-,総合,-,,19
2018-05-01,熊本県,-,-,-,総合,-,,35
2018-05-01,大分県,-,-,-,総合,-,,29
2018-05-01,宮崎県,-,-,-,総合,-,,17
2018-05-01,鹿児島県,-,-,-,総合,-,,27
2018-05-01,沖縄県,-,-,-,総合,-,,28
2018-06-01,北海道,-,-,-,総合,-,,89
2018-06-01,青森県,-,-,-,総合,-,,26
2018-06-01,岩手県,-,-,-,総合,-,,22
2018-06-01,宮城県,-,-,-,総合,-,,24
2018-06-01,秋田県,-,-,-,総合,-,,20
2018-06-01,山形県,-,-,-,総合,-,,9
2018-06-01,福島県,-,-,-,総合,-,,20
2018-06-01,茨城県,-,-,-,総合,-,,28
2018-06-01,栃木県,-,-,-,総合,-,,23
2018-06-01,群馬県,-,-,-,総合,-,,33
2018-06-01,埼玉県,-,-,-,総合,-,,73
2018-06-01,千葉県,-,-,-,総合,-,,96
2018-06-01,東京都,-,-,-,総合,-,,127
2018-06-01,神奈川県,-,-,-,総合,-,,90
2018-06-01,新潟県,-,-,-,総合,-,,34
2018-06-01,山梨県,-,-,-,総合,-,,10
2018-06-01,長野県,-,-,-,総合,-,,40
2018-06-01,富山県,-,-,-,総合,-,,14
2018-06-01,石川県,-,-,-,総合,-,,19
2018-06-01,福井県,-,-,-,総合,-,,11
2018-06-01,岐阜県,-,-,-,総合,-,,37
2018-06-01,静岡県,-,-,-,総合,-,,26
2018-06-01,愛知県,-,-,-,総合,-,,113
2018-06-01,三重県,-,-,-,総合,-,,42
2018-06-01,滋賀県,-,-,-,総合,-,,43
2018-06-01,京都府,-,-,-,総合,-,,46
2018-06-01,大阪府,-,-,-,総合,-,,173
2018-06-01,兵庫県,-,-,-,総合,-,,80
2018-06-01,奈良県,-,-,-,総合,-,,27
2018-06-01,和歌山県,-,-,-,総合,-,,11
2018-06-01,鳥取県,-,-,-,総合,-,,11
2018-06-01,島根県,-,-,-,総合,-,,16
2018-06-01,岡山県,-,-,-,総合,-,,22
2018-06-01,広島県,-,-,-,総合,-,,39
2018-06-01,山口県,-,-,-,総合,-,,30
2018-06-01,徳島県,-,-,-,総合,-,,6
2018-06-01,香川県,-,-,-,総合,-,,11
2018-06-01,愛媛県,-,-,-,総合,-,,14
2018-06-01,高知県,-,-,-,総合,-,,7
2018-06-01,福岡県,-,-,-,総合,-,,94
2018-06-01,佐賀県,-,-,-,総合,-,,12
2018-06-01,長崎県,-,-,-,総合,-,,19
2018-06-01,熊本県,-,-,-,総合,-,,35
2018-06-01,大分県,-,-,-,総合,-,,29
2018-06-01,宮崎県,-,-,-,総合,-,,17
2018-06-01,鹿児島県,-,-,-,総合,-,,27
2018-06-01,沖縄県,-,-,-,総合,-,,28
2018-07-01,北海道,-,-,-,総合,-,,89
2018-07-01,青森県,-,-,-,総合,-,,26
2018-07-01,岩手県,-,-,-,総合,-,,22
2018-07-01,宮城県,-,-,-,総合,-,,24
2018-07-01,秋田県,-,-,-,総合,-,,20
2018-07-01,山形県,-,-,-,総合,-,,9
2018-07-01,福島県,-,-,-,総合,-,,20
2018-07-01,茨城県,-,-,-,総合,-,,28
2018-07-01,栃木県,-,-,-,総合,-,,23
2018-07-01,群馬県,-,-,-,総合,-,,33
2018-07-01,埼玉県,-,-,-,総合,-,,74
2018-07-01,千葉県,-,-,-,総合,-,,95
2018-07-01,東京都,-,-,-,総合,-,,127
2018-07-01,神奈川県,-,-,-,総合,-,,90
2018-07-01,新潟県,-,-,-,総合,-,,33
2018-07-01,山梨県,-,-,-,総合,-,,11
2018-07-01,長野県,-,-,-,総合,-,,40
2018-07-01,富山県,-,-,-,総合,-,,14
2018-07-01,石川県,-,-,-,総合,-,,19
2018-07-01,福井県,-,-,-,総合,-,,11
2018-07-01,岐阜県,-,-,-,総合,-,,37
2018-07-01,静岡県,-,-,-,総合,-,,26
2018-07-01,愛知県,-,-,-,総合,-,,113
2018-07-01,三重県,-,-,-,総合,-,,41
2018-07-01,滋賀県,-,-,-,総合,-,,43
2018-07-01,京都府,-,-,-,総合,-,,46
2018-07-01,大阪府,-,-,-,総合,-,,173
2018-07-01,兵庫県,-,-,-,総合,-,,78
2018-07-01,奈良県,-,-,-,総合,-,,27
2018-07-01,和歌山県,-,-,-,総合,-,,11
2018-07-01,鳥取県,-,-,-,総合,-,,11
2018-07-01,島根県,-,-,-,総合,-,,16
2018-07-01,岡山県,-,-,-,総合,-,,22
2018-07-01,広島県,-,-,-,総合,-,,38
2018-07-01,山口県,-,-,-,総合,-,,30
2018-07-01,徳島県,-,-,-,総合,-,,6
2018-07-01,香川県,-,-,-,総合,-,,11
2018-07-01,愛媛県,-,-,-,総合,-,,14
2018-07-01,高知県,-,-,-,総合,-,,7
2018-07-01,福岡県,-,-,-,総合,-,,93
2018-07-01,佐賀県,-,-,-,総合,-,,12
2018-07-01,長崎県,-,-,-,総合,-,,19
2018-07-01,熊本県,-,-,-,総合,-,,35
2018-07-01,大分県,-,-,-,総合,-,,29
2018-07-01,宮崎県,-,-,-,総合,-,,17
2018-07-01,鹿児島県,-,-,-,総合,-,,27
2018-07-01,沖縄県,-,-,-,総合,-,,28
2018-08-01,北海道,-,-,-,総合,-,,88
2018-08-01,青森県,-,-,-,総合,-,,26
2018-08-01,岩手県,-,-,-,総合,-,,22
2018-08-01,宮城県,-,-,-,総合,-,,24
2018-08-01,秋田県,-,-,-,総合,-,,20
2018-08-01,山形県,-,-,-,総合,-,,9
2018-08-01,福島県,-,-,-,総合,-,,20
2018-08-01,茨城県,-,-,-,総合,-,,28
2018-08-01,栃木県,-,-,-,総合,-,,23
2018-08-01,群馬県,-,-,-,総合,-,,34
2018-08-01,埼玉県,-,-,-,総合,-,,72
2018-08-01,千葉県,-,-,-,総合,-,,94
2018-08-01,東京都,-,-,-,総合,-,,127
2018-08-01,神奈川県,-,-,-,総合,-,,90
2018-08-01,新潟県,-,-,-,総合,-,,31
2018-08-01,山梨県,-,-,-,総合,-,,11
2018-08-01,長野県,-,-,-,総合,-,,39
2018-08-01,富山県,-,-,-,総合,-,,14
2018-08-01,石川県,-,-,-,総合,-,,19
2018-08-01,福井県,-,-,-,総合,-,,11
2018-08-01,岐阜県,-,-,-,総合,-,,36
2018-08-01,静岡県,-,-,-,総合,-,,26
2018-08-01,愛知県,-,-,-,総合,-,,113
2018-08-01,三重県,-,-,-,総合,-,,41
2018-08-01,滋賀県,-,-,-,総合,-,,44
2018-08-01,京都府,-,-,-,総合,-,,46
2018-08-01,大阪府,-,-,-,総合,-,,172
2018-08-01,兵庫県,-,-,-,総合,-,,78
2018-08-01,奈良県,-,-,-,総合,-,,27
2018-08-01,和歌山県,-,-,-,総合,-,,11
2018-08-01,鳥取県,-,-,-,総合,-,,11
2018-08-01,島根県,-,-,-,総合,-,,16
2018-08-01,岡山県,-,-,-,総合,-,,22
2018-08-01,広島県,-,-,-,総合,-,,37
2018-08-01,山口県,-,-,-,総合,-,,29
2018-08-01,徳島県,-,-,-,総合,-,,6
2018-08-01,香川県,-,-,-,総合,-,,11
2018-08-01,愛媛県,-,-,-,総合,-,,14
2018-08-01,高知県,-,-,-,総合,-,,7
2018-08-01,福岡県,-,-,-,総合,-,,93
2018-08-01,佐賀県,-,-,-,総合,-,,12
2018-08-01,長崎県,-,-,-,総合,-,,19
2018-08-01,熊本県,-,-,-,総合,-,,36
2018-08-01,大分県,-,-,-,総合,-,,29
2018-08-01,宮崎県,-,-,-,総合,-,,17
2018-08-01,鹿児島県,-,-,-,総合,-,,27
2018-08-01,沖縄県,-,-,-,総合,-,,28
2018-09-01,北海道,-,-,-,総合,-,,88
2018-09-01,青森県,-,-,-,総合,-,,26
2018-09-01,岩手県,-,-,-,総合,-,,23
2018-09-01,宮城県,-,-,-,総合,-,,25
2018-09-01,秋田県,-,-,-,総合,-,,20
2018-09-01,山形県,-,-,-,総合,-,,9
2018-09-01,福島県,-,-,-,総合,-,,20
2018-09-01,茨城県,-,-,-,総合,-,,28
2018-09-01,栃木県,-,-,-,総合,-,,23
2018-09-01,群馬県,-,-,-,総合,-,,34
2018-09-01,埼玉県,-,-,-,総合,-,,71
2018-09-01,千葉県,-,-,-,総合,-,,94
2018-09-01,東京都,-,-,-,総合,-,,127
2018-09-01,神奈川県,-,-,-,総合,-,,88
2018-09-01,新潟県,-,-,-,総合,-,,31
2018-09-01,山梨県,-,-,-,総合,-,,11
2018-09-01,長野県,-,-,-,総合,-,,39
2018-09-01,富山県,-,-,-,総合,-,,14
2018-09-01,石川県,-,-,-,総合,-,,19
2018-09-01,福井県,-,-,-,総合,-,,11
2018-09-01,岐阜県,-,-,-,総合,-,,36
2018-09-01,静岡県,-,-,-,総合,-,,26
2018-09-01,愛知県,-,-,-,総合,-,,113
2018-09-01,三重県,-,-,-,総合,-,,41
2018-09-01,滋賀県,-,-,-,総合,-,,44
2018-09-01,京都府,-,-,-,総合,-,,46
2018-09-01,大阪府,-,-,-,総合,-,,172
2018-09-01,兵庫県,-,-,-,総合,-,,78
2018-09-01,奈良県,-,-,-,総合,-,,27
2018-09-01,和歌山県,-,-,-,総合,-,,11
2018-09-01,鳥取県,-,-,-,総合,-,,11
2018-09-01,島根県,-,-,-,総合,-,,16
2018-09-01,岡山県,-,-,-,総合,-,,22
2018-09-01,広島県,-,-,-,総合,-,,37
2018-09-01,山口県,-,-,-,総合,-,,29
2018-09-01,徳島県,-,-,-,総合,-,,6
2018-09-01,香川県,-,-,-,総合,-,,11
2018-09-01,愛媛県,-,-,-,総合,-,,14
2018-09-01,高知県,-,-,-,総合,-,,7
2018-09-01,福岡県,-,-,-,総合,-,,92
2018-09-01,佐賀県,-,-,-,総合,-,,12
2018-09-01,長崎県,-,-,-,総合,-,,19
2018-09-01,熊本県,-,-,-,総合,-,,36
2018-09-01,大分県,-,-,-,総合,-,,29
2018-09-01,宮崎県,-,-,-,総合,-,,17
2018-09-01,鹿児島県,-,-,-,総合,-,,28
2018-09-01,沖縄県,-,-,-,総合,-,,28
2018-10-01,北海道,-,-,-,総合,-,,90
2018-10-01,青森県,-,-,-,総合,-,,26
2018-10-01,岩手県,-,-,-,総合,-,,23
2018-10-01,宮城県,-,-,-,総合,-,,25
2018-10-01,秋田県,-,-,-,総合,-,,20
2018-10-01,山形県,-,-,-,総合,-,,9
2018-10-01,福島県,-,-,-,総合,-,,20
2018-10-01,茨城県,-,-,-,総合,-,,29
2018-10-01,栃木県,-,-,-,総合,-,,25
2018-10-01,群馬県,-,-,-,総合,-,,34
2018-10-01,埼玉県,-,-,-,総合,-,,71
2018-10-01,千葉県,-,-,-,総合,-,,95
2018-10-01,東京都,-,-,-,総合,-,,126
2018-10-01,神奈川県,-,-,-,総合,-,,91
2018-10-01,新潟県,-,-,-,総合,-,,31
2018-10-01,山梨県,-,-,-,総合,-,,11
2018-10-01,長野県,-,-,-,総合,-,,39
2018-10-01,富山県,-,-,-,総合,-,,14
2018-10-01,石川県,-,-,-,総合,-,,19
2018-10-01,福井県,-,-,-,総合,-,,11
2018-10-01,岐阜県,-,-,-,総合,-,,38
2018-10-01,静岡県,-,-,-,総合,-,,26
2018-10-01,愛知県,-,-,-,総合,-,,114
2018-10-01,三重県,-,-,-,総合,-,,42
2018-10-01,滋賀県,-,-,-,総合,-,,44
2018-10-01,京都府,-,-,-,総合,-,,47
2018-10-01,大阪府,-,-,-,総合,-,,177
2018-10-01,兵庫県,-,-,-,総合,-,,79
2018-10-01,奈良県,-,-,-,総合,-,,28
2018-10-01,和歌山県,-,-,-,総合,-,,11
2018-10-01,鳥取県,-,-,-,総合,-,,11
2018-10-01,島根県,-,-,-,総合,-,,18
2018-10-01,岡山県,-,-,-,総合,-,,22
2018-10-01,広島県,-,-,-,総合,-,,37
2018-10-01,山口県,-,-,-,総合,-,,30
2018-10-01,徳島県,-,-,-,総合,-,,6
2018-10-01,香川県,-,-,-,総合,-,,11
2018-10-01,愛媛県,-,-,-,総合,-,,14
2018-10-01,高知県,-,-,-,総合,-,,7
2018-10-01,福岡県,-,-,-,総合,-,,92
2018-10-01,佐賀県,-,-,-,総合,-,,15
2018-10-01,長崎県,-,-,-,総合,-,,19
2018-10-01,熊本県,-,-,-,総合,-,,37
2018-10-01,大分県,-,-,-,総合,-,,31
2018-10-01,宮崎県,-,-,-,総合,-,,17
2018-10-01,鹿児島県,-,-,-,総合,-,,28
2018-10-01,沖縄県,-,-,-,総合,-,,29
2018-11-01,北海道,-,-,-,総合,-,,90
2018-11-01,青森県,-,-,-,総合,-,,26
2018-11-01,岩手県,-,-,-,総合,-,,23
2018-11-01,宮城県,-,-,-,総合,-,,25
2018-11-01,秋田県,-,-,-,総合,-,,20
2018-11-01,山形県,-,-,-,総合,-,,9
2018-11-01,福島県,-,-,-,総合,-,,20
2018-11-01,茨城県,-,-,-,総合,-,,28
2018-11-01,栃木県,-,-,-,総合,-,,25
2018-11-01,群馬県,-,-,-,総合,-,,34
2018-11-01,埼玉県,-,-,-,総合,-,,73
2018-11-01,千葉県,-,-,-,総合,-,,94
2018-11-01,東京都,-,-,-,総合,-,,127
2018-11-01,神奈川県,-,-,-,総合,-,,91
2018-11-01,新潟県,-,-,-,総合,-,,30
2018-11-01,山梨県,-,-,-,総合,-,,11
2018-11-01,長野県,-,-,-,総合,-,,39
2018-11-01,富山県,-,-,-,総合,-,,14
2018-11-01,石川県,-,-,-,総合,-,,19
2018-11-01,福井県,-,-,-,総合,-,,11
2018-11-01,岐阜県,-,-,-,総合,-,,39
2018-11-01,静岡県,-,-,-,総合,-,,26
2018-11-01,愛知県,-,-,-,総合,-,,114
2018-11-01,三重県,-,-,-,総合,-,,43
2018-11-01,滋賀県,-,-,-,総合,-,,44
2018-11-01,京都府,-,-,-,総合,-,,47
2018-11-01,大阪府,-,-,-,総合,-,,176
2018-11-01,兵庫県,-,-,-,総合,-,,79
2018-11-01,奈良県,-,-,-,総合,-,,28
2018-11-01,和歌山県,-,-,-,総合,-,,11
2018-11-01,鳥取県,-,-,-,総合,-,,11
2018-11-01,島根県,-,-,-,総合,-,,18
2018-11-01,岡山県,-,-,-,総合,-,,22
2018-11-01,広島県,-,-,-,総合,-,,37
2018-11-01,山口県,-,-,-,総合,-,,30
2018-11-01,徳島県,-,-,-,総合,-,,6
2018-11-01,香川県,-,-,-,総合,-,,11
2018-11-01,愛媛県,-,-,-,総合,-,,14
2018-11-01,高知県,-,-,-,総合,-,,7
2018-11-01,福岡県,-,-,-,総合,-,,92
2018-11-01,佐賀県,-,-,-,総合,-,,15
2018-11-01,長崎県,-,-,-,総合,-,,19
2018-11-01,熊本県,-,-,-,総合,-,,37
2018-11-01,大分県,-,-,-,総合,-,,32
2018-11-01,宮崎県,-,-,-,総合,-,,17
2018-11-01,鹿児島県,-,-,-,総合,-,,28
2018-11-01,沖縄県,-,-,-,総合,-,,29
2018-12-01,北海道,-,-,-,総合,-,,89
2018-12-01,青森県,-,-,-,総合,-,,26
2018-12-01,岩手県,-,-,-,総合,-,,23
2018-12-01,宮城県,-,-,-,総合,-,,25
2018-12-01,秋田県,-,-,-,総合,-,,20
2018-12-01,山形県,-,-,-,総合,-,,9
2018-12-01,福島県,-,-,-,総合,-,,20
2018-12-01,茨城県,-,-,-,総合,-,,28
2018-12-01,栃木県,-,-,-,総合,-,,25
2018-12-01,群馬県,-,-,-,総合,-,,34
2018-12-01,埼玉県,-,-,-,総合,-,,73
2018-12-01,千葉県,-,-,-,総合,-,,95
2018-12-01,東京都,-,-,-,総合,-,,127
2018-12-01,神奈川県,-,-,-,総合,-,,92
2018-12-01,新潟県,-,-,-,総合,-,,29
2018-12-01,山梨県,-,-,-,総合,-,,11
2018-12-01,長野県,-,-,-,総合,-,,39
2018-12-01,富山県,-,-,-,総合,-,,14
2018-12-01,石川県,-,-,-,総合,-,,19
2018-12-01,福井県,-,-,-,総合,-,,11
2018-12-01,岐阜県,-,-,-,総合,-,,39
2018-12-01,静岡県,-,-,-,総合,-,,26
2018-12-01,愛知県,-,-,-,総合,-,,114
2018-12-01,三重県,-,-,-,総合,-,,43
2018-12-01,滋賀県,-,-,-,総合,-,,44
2018-12-01,京都府,-,-,-,総合,-,,47
2018-12-01,大阪府,-,-,-,総合,-,,177
2018-12-01,兵庫県,-,-,-,総合,-,,81
2018-12-01,奈良県,-,-,-,総合,-,,28
2018-12-01,和歌山県,-,-,-,総合,-,,11
2018-12-01,鳥取県,-,-,-,総合,-,,11
2018-12-01,島根県,-,-,-,総合,-,,16
2018-12-01,岡山県,-,-,-,総合,-,,23
2018-12-01,広島県,-,-,-,総合,-,,37
2018-12-01,山口県,-,-,-,総合,-,,30
2018-12-01,徳島県,-,-,-,総合,-,,6
2018-12-01,香川県,-,-,-,総合,-,,11
2018-12-01,愛媛県,-,-,-,総合,-,,14
2018-12-01,高知県,-,-,-,総合,-,,7
2018-12-01,福岡県,-,-,-,総合,-,,93
2018-12-01,佐賀県,-,-,-,総合,-,,16
2018-12-01,長崎県,-,-,-,総合,-,,19
2018-12-01,熊本県,-,-,-,総合,-,,38
2018-12-01,大分県,-,-,-,総合,-,,32
2018-12-01,宮崎県,-,-,-,総合,-,,17
2018-12-01,鹿児島県,-,-,-,総合,-,,28
2018-12-01,沖縄県,-,-,-,総合,-,,29
2019-01-01,北海道,-,-,-,総合,-,,89
2019-01-01,青森県,-,-,-,総合,-,,26
2019-01-01,岩手県,-,-,-,総合,-,,23
2019-01-01,宮城県,-,-,-,総合,-,,25
2019-01-01,秋田県,-,-,-,総合,-,,20
2019-01-01,山形県,-,-,-,総合,-,,9
2019-01-01,福島県,-,-,-,総合,-,,21
2019-01-01,茨城県,-,-,-,総合,-,,27
2019-01-01,栃木県,-,-,-,総合,-,,24
2019-01-01,群馬県,-,-,-,総合,-,,34
2019-01-01,埼玉県,-,-,-,総合,-,,71
2019-01-01,千葉県,-,-,-,総合,-,,95
2019-01-01,東京都,-,-,-,総合,-,,126
2019-01-01,神奈川県,-,-,-,総合,-,,92
2019-01-01,新潟県,-,-,-,総合,-,,29
2019-01-01,山梨県,-,-,-,総合,-,,11
2019-01-01,長野県,-,-,-,総合,-,,39
2019-01-01,富山県,-,-,-,総合,-,,14
2019-01-01,石川県,-,-,-,総合,-,,19
2019-01-01,福井県,-,-,-,総合,-,,11
2019-01-01,岐阜県,-,-,-,総合,-,,38
2019-01-01,静岡県,-,-,-,総合,-,,26
2019-01-01,愛知県,-,-,-,総合,-,,114
2019-01-01,三重県,-,-,-,総合,-,,42
2019-01-01,滋賀県,-,-,-,総合,-,,44
2019-01-01,京都府,-,-,-,総合,-,,46
2019-01-01,大阪府,-,-,-,総合,-,,174
2019-01-01,兵庫県,-,-,-,総合,-,,81
2019-01-01,奈良県,-,-,-,総合,-,,28
2019-01-01,和歌山県,-,-,-,総合,-,,11
2019-01-01,鳥取県,-,-,-,総合,-,,11
2019-01-01,島根県,-,-,-,総合,-,,16
2019-01-01,岡山県,-,-,-,総合,-,,23
2019-01-01,広島県,-,-,-,総合,-,,36
2019-01-01,山口県,-,-,-,総合,-,,31
2019-01-01,徳島県,-,-,-,総合,-,,6
2019-01-01,香川県,-,-,-,総合,-,,11
2019-01-01,愛媛県,-,-,-,総合,-,,14
2019-01-01,高知県,-,-,-,総合,-,,7
2019-01-01,福岡県,-,-,-,総合,-,,93
2019-01-01,佐賀県,-,-,-,総合,-,,16
2019-01-01,長崎県,-,-,-,総合,-,,19
2019-01-01,熊本県,-,-,-,総合,-,,38
2019-01-01,大分県,-,-,-,総合,-,,32
2019-01-01,宮崎県,-,-,-,総合,-,,17
2019-01-01,鹿児島県,-,-,-,総合,-,,28
2019-01-01,沖縄県,-,-,-,総合,-,,29
2019-02-01,北海道,-,-,-,総合,-,,89
2019-02-01,青森県,-,-,-,総合,-,,26
2019-02-01,岩手県,-,-,-,総合,-,,23
2019-02-01,宮城県,-,-,-,総合,-,,25
2019-02-01,秋田県,-,-,-,総合,-,,20
2019-02-01,山形県,-,-,-,総合,-,,9
2019-02-01,福島県,-,-,-,総合,-,,21
2019-02-01,茨城県,-,-,-,総合,-,,27
2019-02-01,栃木県,-,-,-,総合,-,,24
2019-02-01,群馬県,-,-,-,総合,-,,34
2019-02-01,埼玉県,-,-,-,総合,-,,71
2019-02-01,千葉県,-,-,-,総合,-,,95
2019-02-01,東京都,-,-,-,総合,-,,127
2019-02-01,神奈川県,-,-,-,総合,-,,92
2019-02-01,新潟県,-,-,-,総合,-,,29
2019-02-01,山梨県,-,-,-,総合,-,,11
2019-02-01,長野県,-,-,-,総合,-,,39
2019-02-01,富山県,-,-,-,総合,-,,14
2019-02-01,石川県,-,-,-,総合,-,,19
2019-02-01,福井県,-,-,-,総合,-,,11
2019-02-01,岐阜県,-,-,-,総合,-,,39
2019-02-01,静岡県,-,-,-,総合,-,,27
2019-02-01,愛知県,-,-,-,総合,-,,114
2019-02-01,三重県,-,-,-,総合,-,,43
2019-02-01,滋賀県,-,-,-,総合,-,,45
2019-02-01,京都府,-,-,-,総合,-,,46
2019-02-01,大阪府,-,-,-,総合,-,,172
2019-02-01,兵庫県,-,-,-,総合,-,,81
2019-02-01,奈良県,-,-,-,総合,-,,28
2019-02-01,和歌山県,-,-,-,総合,-,,11
2019-02-01,鳥取県,-,-,-,総合,-,,11
2019-02-01,島根県,-,-,-,総合,-,,16
2019-02-01,岡山県,-,-,-,総合,-,,23
2019-02-01,広島県,-,-,-,総合,-,,36
2019-02-01,山口県,-,-,-,総合,-,,32
2019-02-01,徳島県,-,-,-,総合,-,,6
2019-02-01,香川県,-,-,-,総合,-,,11
2019-02-01,愛媛県,-,-,-,総合,-,,14
2019-02-01,高知県,-,-,-,総合,-,,7
2019-02-01,福岡県,-,-,-,総合,-,,93
2019-02-01,佐賀県,-,-,-,総合,-,,16
2019-02-01,長崎県,-,-,-,総合,-,,19
2019-02-01,熊本県,-,-,-,総合,-,,38
2019-02-01,大分県,-,-,-,総合,-,,32
2019-02-01,宮崎県,-,-,-,総合,-,,17
2019-02-01,鹿児島県,-,-,-,総合,-,,28
2019-02-01,沖縄県,-,-,-,総合,-,,29
2019-03-01,北海道,-,-,-,総合,-,,89
2019-03-01,青森県,-,-,-,総合,-,,26
2019-03-01,岩手県,-,-,-,総合,-,,23
2019-03-01,宮城県,-,-,-,総合,-,,25
2019-03-01,秋田県,-,-,-,総合,-,,20
2019-03-01,山形県,-,-,-,総合,-,,9
2019-03-01,福島県,-,-,-,総合,-,,20
2019-03-01,茨城県,-,-,-,総合,-,,27
2019-03-01,栃木県,-,-,-,総合,-,,24
2019-03-01,群馬県,-,-,-,総合,-,,34
2019-03-01,埼玉県,-,-,-,総合,-,,72
2019-03-01,千葉県,-,-,-,総合,-,,94
2019-03-01,東京都,-,-,-,総合,-,,126
2019-03-01,神奈川県,-,-,-,総合,-,,90
2019-03-01,新潟県,-,-,-,総合,-,,29
2019-03-01,山梨県,-,-,-,総合,-,,11
2019-03-01,長野県,-,-,-,総合,-,,39
2019-03-01,富山県,-,-,-,総合,-,,14
2019-03-01,石川県,-,-,-,総合,-,,19
2019-03-01,福井県,-,-,-,総合,-,,11
2019-03-01,岐阜県,-,-,-,総合,-,,40
2019-03-01,静岡県,-,-,-,総合,-,,27
2019-03-01,愛知県,-,-,-,総合,-,,114
2019-03-01,三重県,-,-,-,総合,-,,43
2019-03-01,滋賀県,-,-,-,総合,-,,45
2019-03-01,京都府,-,-,-,総合,-,,47
2019-03-01,大阪府,-,-,-,総合,-,,171
2019-03-01,兵庫県,-,-,-,総合,-,,81
2019-03-01,奈良県,-,-,-,総合,-,,28
2019-03-01,和歌山県,-,-,-,総合,-,,11
2019-03-01,鳥取県,-,-,-,総合,-,,11
2019-03-01,島根県,-,-,-,総合,-,,16
2019-03-01,岡山県,-,-,-,総合,-,,23
2019-03-01,広島県,-,-,-,総合,-,,37
2019-03-01,山口県,-,-,-,総合,-,,31
2019-03-01,徳島県,-,-,-,総合,-,,6
2019-03-01,香川県,-,-,-,総合,-,,11
2019-03-01,愛媛県,-,-,-,総合,-,,14
2019-03-01,高知県,-,-,-,総合,-,,7
2019-03-01,福岡県,-,-,-,総合,-,,93
2019-03-01,佐賀県,-,-,-,総合,-,,16
2019-03-01,長崎県,-,-,-,総合,-,,19
2019-03-01,熊本県,-,-,-,総合,-,,38
2019-03-01,大分県,-,-,-,総合,-,,32
2019-03-01,宮崎県,-,-,-,総合,-,,17
2019-03-01,鹿児島県,-,-,-,総合,-,,28
2019-03-01,沖縄県,-,-,-,総合,-,,29
2019-04-01,北海道,-,-,-,総合,-,,89
2019-04-01,青森県,-,-,-,総合,-,,27
2019-04-01,岩手県,-,-,-,総合,-,,23
2019-04-01,宮城県,-,-,-,総合,-,,25
2019-04-01,秋田県,-,-,-,総合,-,,20
2019-04-01,山形県,-,-,-,総合,-,,9
2019-04-01,福島県,-,-,-,総合,-,,20
2019-04-01,茨城県,-,-,-,総合,-,,27
2019-04-01,栃木県,-,-,-,総合,-,,24
2019-04-01,群馬県,-,-,-,総合,-,,33
2019-04-01,埼玉県,-,-,-,総合,-,,72
2019-04-01,千葉県,-,-,-,総合,-,,95
2019-04-01,東京都,-,-,-,総合,-,,126
2019-04-01,神奈川県,-,-,-,総合,-,,88
2019-04-01,新潟県,-,-,-,総合,-,,29
2019-04-01,山梨県,-,-,-,総合,-,,11
2019-04-01,長野県,-,-,-,総合,-,,39
2019-04-01,富山県,-,-,-,総合,-,,15
2019-04-01,石川県,-,-,-,総合,-,,19
2019-04-01,福井県,-,-,-,総合,-,,11
2019-04-01,岐阜県,-,-,-,総合,-,,40
2019-04-01,静岡県,-,-,-,総合,-,,27
2019-04-01,愛知県,-,-,-,総合,-,,114
2019-04-01,三重県,-,-,-,総合,-,,42
2019-04-01,滋賀県,-,-,-,総合,-,,45
2019-04-01,京都府,-,-,-,総合,-,,47
2019-04-01,大阪府,-,-,-,総合,-,,170
2019-04-01,兵庫県,-,-,-,総合,-,,80
2019-04-01,奈良県,-,-,-,総合,-,,29
2019-04-01,和歌山県,-,-,-,総合,-,,11
2019-04-01,鳥取県,-,-,-,総合,-,,11
2019-04-01,島根県,-,-,-,総合,-,,18
2019-04-01,岡山県,-,-,-,総合,-,,23
2019-04-01,広島県,-,-,-,総合,-,,37
2019-04-01,山口県,-,-,-,総合,-,,31
2019-04-01,徳島県,-,-,-,総合,-,,6
2019-04-01,香川県,-,-,-,総合,-,,11
2019-04-01,愛媛県,-,-,-,総合,-,,14
2019-04-01,高知県,-,-,-,総合,-,,7
2019-04-01,福岡県,-,-,-,総合,-,,93
2019-04-01,佐賀県,-,-,-,総合,-,,16
2019-04-01,長崎県,-,-,-,総合,-,,19
2019-04-01,熊本県,-,-,-,総合,-,,38
2019-04-01,大分県,-,-,-,総合,-,,32
2019-04-01,宮崎県,-,-,-,総合,-,,18
2019-04-01,鹿児島県,-,-,-,総合,-,,28
2019-04-01,沖縄県,-,-,-,総合,-,,29
2019-05-01,北海道,-,-,-,総合,-,,89
2019-05-01,青森県,-,-,-,総合,-,,27
2019-05-01,岩手県,-,-,-,総合,-,,23
2019-05-01,宮城県,-,-,-,総合,-,,25
2019-05-01,秋田県,-,-,-,総合,-,,20
2019-05-01,山形県,-,-,-,総合,-,,9
2019-05-01,福島県,-,-,-,総合,-,,20
2019-05-01,茨城県,-,-,-,総合,-,,27
2019-05-01,栃木県,-,-,-,総合,-,,24
2019-05-01,群馬県,-,-,-,総合,-,,33
2019-05-01,埼玉県,-,-,-,総合,-,,72
2019-05-01,千葉県,-,-,-,総合,-,,95
2019-05-01,東京都,-,-,-,総合,-,,126
2019-05-01,神奈川県,-,-,-,総合,-,,87
2019-05-01,新潟県,-,-,-,総合,-,,29
2019-05-01,山梨県,-,-,-,総合,-,,11
2019-05-01,長野県,-,-,-,総合,-,,39
2019-05-01,富山県,-,-,-,総合,-,,15
2019-05-01,石川県,-,-,-,総合,-,,19
2019-05-01,福井県,-,-,-,総合,-,,11
2019-05-01,岐阜県,-,-,-,総合,-,,40
2019-05-01,静岡県,-,-,-,総合,-,,27
2019-05-01,愛知県,-,-,-,総合,-,,114
2019-05-01,三重県,-,-,-,総合,-,,43
2019-05-01,滋賀県,-,-,-,総合,-,,45
2019-05-01,京都府,-,-,-,総合,-,,47
2019-05-01,大阪府,-,-,-,総合,-,,169
2019-05-01,兵庫県,-,-,-,総合,-,,80
2019-05-01,奈良県,-,-,-,総合,-,,29
2019-05-01,和歌山県,-,-,-,総合,-,,11
2019-05-01,鳥取県,-,-,-,総合,-,,11
2019-05-01,島根県,-,-,-,総合,-,,18
2019-05-01,岡山県,-,-,-,総合,-,,23
2019-05-01,広島県,-,-,-,総合,-,,37
2019-05-01,山口県,-,-,-,総合,-,,31
2019-05-01,徳島県,-,-,-,総合,-,,6
2019-05-01,香川県,-,-,-,総合,-,,11
2019-05-01,愛媛県,-,-,-,総合,-,,14
2019-05-01,高知県,-,-,-,総合,-,,7
2019-05-01,福岡県,-,-,-,総合,-,,95
2019-05-01,佐賀県,-,-,-,総合,-,,16
2019-05-01,長崎県,-,-,-,総合,-,,19
2019-05-01,熊本県,-,-,-,総合,-,,39
2019-05-01,大分県,-,-,-,総合,-,,32
2019-05-01,宮崎県,-,-,-,総合,-,,19
2019-05-01,鹿児島県,-,-,-,総合,-,,28
2019-05-01,沖縄県,-,-,-,総合,-,,29
2019-06-01,北海道,-,-,-,総合,-,,88
2019-06-01,青森県,-,-,-,総合,-,,27
2019-06-01,岩手県,-,-,-,総合,-,,24
2019-06-01,宮城県,-,-,-,総合,-,,25
2019-06-01,秋田県,-,-,-,総合,-,,20
2019-06-01,山形県,-,-,-,総合,-,,9
2019-06-01,福島県,-,-,-,総合,-,,20
2019-06-01,茨城県,-,-,-,総合,-,,27
2019-06-01,栃木県,-,-,-,総合,-,,24
2019-06-01,群馬県,-,-,-,総合,-,,33
2019-06-01,埼玉県,-,-,-,総合,-,,70
2019-06-01,千葉県,-,-,-,総合,-,,95
2019-06-01,東京都,-,-,-,総合,-,,126
2019-06-01,神奈川県,-,-,-,総合,-,,87
2019-06-01,新潟県,-,-,-,総合,-,,29
2019-06-01,山梨県,-,-,-,総合,-,,11
2019-06-01,長野県,-,-,-,総合,-,,39
2019-06-01,富山県,-,-,-,総合,-,,15
2019-06-01,石川県,-,-,-,総合,-,,19
2019-06-01,福井県,-,-,-,総合,-,,11
2019-06-01,岐阜県,-,-,-,総合,-,,40
2019-06-01,静岡県,-,-,-,総合,-,,27
2019-06-01,愛知県,-,-,-,総合,-,,113
2019-06-01,三重県,-,-,-,総合,-,,43
2019-06-01,滋賀県,-,-,-,総合,-,,44
2019-06-01,京都府,-,-,-,総合,-,,47
2019-06-01,大阪府,-,-,-,総合,-,,168
2019-06-01,兵庫県,-,-,-,総合,-,,80
2019-06-01,奈良県,-,-,-,総合,-,,29
2019-06-01,和歌山県,-,-,-,総合,-,,11
2019-06-01,鳥取県,-,-,-,総合,-,,11
2019-06-01,島根県,-,-,-,総合,-,,18
2019-06-01,岡山県,-,-,-,総合,-,,22
2019-06-01,広島県,-,-,-,総合,-,,38
2019-06-01,山口県,-,-,-,総合,-,,32
2019-06-01,徳島県,-,-,-,総合,-,,6
2019-06-01,香川県,-,-,-,総合,-,,11
2019-06-01,愛媛県,-,-,-,総合,-,,14
2019-06-01,高知県,-,-,-,総合,-,,7
2019-06-01,福岡県,-,-,-,総合,-,,95
2019-06-01,佐賀県,-,-,-,総合,-,,16
2019-06-01,長崎県,-,-,-,総合,-,,19
2019-06-01,熊本県,-,-,-,総合,-,,39
2019-06-01,大分県,-,-,-,総合,-,,32
2019-06-01,宮崎県,-,-,-,総合,-,,19
2019-06-01,鹿児島県,-,-,-,総合,-,,28
2019-06-01,沖縄県,-,-,-,総合,-,,29
2019-07-01,北海道,-,-,-,総合,-,,88
2019-07-01,青森県,-,-,-,総合,-,,28
2019-07-01,岩手県,-,-,-,総合,-,,24
2019-07-01,宮城県,-,-,-,総合,-,,25
2019-07-01,秋田県,-,-,-,総合,-,,20
2019-07-01,山形県,-,-,-,総合,-,,9
2019-07-01,福島県,-,-,-,総合,-,,20
2019-07-01,茨城県,-,-,-,総合,-,,27
2019-07-01,栃木県,-,-,-,総合,-,,24
2019-07-01,群馬県,-,-,-,総合,-,,33
2019-07-01,埼玉県,-,-,-,総合,-,,69
2019-07-01,千葉県,-,-,-,総合,-,,95
2019-07-01,東京都,-,-,-,総合,-,,127
2019-07-01,神奈川県,-,-,-,総合,-,,87
2019-07-01,新潟県,-,-,-,総合,-,,29
2019-07-01,山梨県,-,-,-,総合,-,,11
2019-07-01,長野県,-,-,-,総合,-,,39
2019-07-01,富山県,-,-,-,総合,-,,15
2019-07-01,石川県,-,-,-,総合,-,,19
2019-07-01,福井県,-,-,-,総合,-,,11
2019-07-01,岐阜県,-,-,-,総合,-,,40
2019-07-01,静岡県,-,-,-,総合,-,,27
2019-07-01,愛知県,-,-,-,総合,-,,113
2019-07-01,三重県,-,-,-,総合,-,,43
2019-07-01,滋賀県,-,-,-,総合,-,,44
2019-07-01,京都府,-,-,-,総合,-,,47
2019-07-01,大阪府,-,-,-,総合,-,,166
2019-07-01,兵庫県,-,-,-,総合,-,,81
2019-07-01,奈良県,-,-,-,総合,-,,30
2019-07-01,和歌山県,-,-,-,総合,-,,11
2019-07-01,鳥取県,-,-,-,総合,-,,11
2019-07-01,島根県,-,-,-,総合,-,,18
2019-07-01,岡山県,-,-,-,総合,-,,22
2019-07-01,広島県,-,-,-,総合,-,,38
2019-07-01,山口県,-,-,-,総合,-,,32
2019-07-01,徳島県,-,-,-,総合,-,,6
2019-07-01,香川県,-,-,-,総合,-,,11
2019-07-01,愛媛県,-,-,-,総合,-,,14
2019-07-01,高知県,-,-,-,総合,-,,7
2019-07-01,福岡県,-,-,-,総合,-,,96
2019-07-01,佐賀県,-,-,-,総合,-,,16
2019-07-01,長崎県,-,-,-,総合,-,,19
2019-07-01,熊本県,-,-,-,総合,-,,38
2019-07-01,大分県,-,-,-,総合,-,,31
2019-07-01,宮崎県,-,-,-,総合,-,,18
2019-07-01,鹿児島県,-,-,-,総合,-,,28
2019-07-01,沖縄県,-,-,-,総合,-,,29
2019-08-01,北海道,-,-,-,総合,-,,88
2019-08-01,青森県,-,-,-,総合,-,,28
2019-08-01,岩手県,-,-,-,総合,-,,24
2019-08-01,宮城県,-,-,-,総合,-,,25
2019-08-01,秋田県,-,-,-,総合,-,,20
2019-08-01,山形県,-,-,-,総合,-,,9
2019-08-01,福島県,-,-,-,総合,-,,20
2019-08-01,茨城県,-,-,-,総合,-,,27
2019-08-01,栃木県,-,-,-,総合,-,,24
2019-08-01,群馬県,-,-,-,総合,-,,33
2019-08-01,埼玉県,-,-,-,総合,-,,69
2019-08-01,千葉県,-,-,-,総合,-,,93
2019-08-01,東京都,-,-,-,総合,-,,127
2019-08-01,神奈川県,-,-,-,総合,-,,87
2019-08-01,新潟県,-,-,-,総合,-,,29
2019-08-01,山梨県,-,-,-,総合,-,,11
2019-08-01,長野県,-,-,-,総合,-,,39
2019-08-01,富山県,-,-,-,総合,-,,14
2019-08-01,石川県,-,-,-,総合,-,,19
2019-08-01,福井県,-,-,-,総合,-,,11
2019-08-01,岐阜県,-,-,-,総合,-,,40
2019-08-01,静岡県,-,-,-,総合,-,,26
2019-08-01,愛知県,-,-,-,総合,-,,113
2019-08-01,三重県,-,-,-,総合,-,,43
2019-08-01,滋賀県,-,-,-,総合,-,,44
2019-08-01,京都府,-,-,-,総合,-,,47
2019-08-01,大阪府,-,-,-,総合,-,,166
2019-08-01,兵庫県,-,-,-,総合,-,,81
2019-08-01,奈良県,-,-,-,総合,-,,30
2019-08-01,和歌山県,-,-,-,総合,-,,11
2019-08-01,鳥取県,-,-,-,総合,-,,11
2019-08-01,島根県,-,-,-,総合,-,,18
2019-08-01,岡山県,-,-,-,総合,-,,22
2019-08-01,広島県,-,-,-,総合,-,,38
2019-08-01,山口県,-,-,-,総合,-,,32
2019-08-01,徳島県,-,-,-,総合,-,,6
2019-08-01,香川県,-,-,-,総合,-,,11
2019-08-01,愛媛県,-,-,-,総合,-,,14
2019-08-01,高知県,-,-,-,総合,-,,7
2019-08-01,福岡県,-,-,-,総合,-,,96
2019-08-01,佐賀県,-,-,-,総合,-,,16
2019-08-01,長崎県,-,-,-,総合,-,,19
2019-08-01,熊本県,-,-,-,総合,-,,38
2019-08-01,大分県,-,-,-,総合,-,,31
2019-08-01,宮崎県,-,-,-,総合,-,,18
2019-08-01,鹿児島県,-,-,-,総合,-,,28
2019-08-01,沖縄県,-,-,-,総合,-,,29
2019-09-01,北海道,-,-,-,総合,-,,88
2019-09-01,青森県,-,-,-,総合,-,,28
2019-09-01,岩手県,-,-,-,総合,-,,24
2019-09-01,宮城県,-,-,-,総合,-,,25
2019-09-01,秋田県,-,-,-,総合,-,,20
2019-09-01,山形県,-,-,-,総合,-,,9
2019-09-01,福島県,-,-,-,総合,-,,20
2019-09-01,茨城県,-,-,-,総合,-,,26
2019-09-01,栃木県,-,-,-,総合,-,,24
2019-09-01,群馬県,-,-,-,総合,-,,33
2019-09-01,埼玉県,-,-,-,総合,-,,70
2019-09-01,千葉県,-,-,-,総合,-,,93
2019-09-01,東京都,-,-,-,総合,-,,126
2019-09-01,神奈川県,-,-,-,総合,-,,87
2019-09-01,新潟県,-,-,-,総合,-,,29
2019-09-01,山梨県,-,-,-,総合,-,,11
2019-09-01,長野県,-,-,-,総合,-,,38
2019-09-01,富山県,-,-,-,総合,-,,14
2019-09-01,石川県,-,-,-,総合,-,,19
2019-09-01,福井県,-,-,-,総合,-,,10
2019-09-01,岐阜県,-,-,-,総合,-,,40
2019-09-01,静岡県,-,-,-,総合,-,,26
2019-09-01,愛知県,-,-,-,総合,-,,111
2019-09-01,三重県,-,-,-,総合,-,,42
2019-09-01,滋賀県,-,-,-,総合,-,,44
2019-09-01,京都府,-,-,-,総合,-,,47
2019-09-01,大阪府,-,-,-,総合,-,,165
2019-09-01,兵庫県,-,-,-,総合,-,,81
2019-09-01,奈良県,-,-,-,総合,-,,29
2019-09-01,和歌山県,-,-,-,総合,-,,11
2019-09-01,鳥取県,-,-,-,総合,-,,11
2019-09-01,島根県,-,-,-,総合,-,,18
2019-09-01,岡山県,-,-,-,総合,-,,22
2019-09-01,広島県,-,-,-,総合,-,,38
2019-09-01,山口県,-,-,-,総合,-,,32
2019-09-01,徳島県,-,-,-,総合,-,,6
2019-09-01,香川県,-,-,-,総合,-,,11
2019-09-01,愛媛県,-,-,-,総合,-,,13
2019-09-01,高知県,-,-,-,総合,-,,7
2019-09-01,福岡県,-,-,-,総合,-,,96
2019-09-01,佐賀県,-,-,-,総合,-,,16
2019-09-01,長崎県,-,-,-,総合,-,,19
2019-09-01,熊本県,-,-,-,総合,-,,38
2019-09-01,大分県,-,-,-,総合,-,,31
2019-09-01,宮崎県,-,-,-,総合,-,,18
2019-09-01,鹿児島県,-,-,-,総合,-,,28
2019-09-01,沖縄県,-,-,-,総合,-,,29
2019-10-01,北海道,-,-,-,総合,-,,89
2019-10-01,青森県,-,-,-,総合,-,,28
2019-10-01,岩手県,-,-,-,総合,-,,24
2019-10-01,宮城県,-,-,-,総合,-,,25
2019-10-01,秋田県,-,-,-,総合,-,,20
2019-10-01,山形県,-,-,-,総合,-,,9
2019-10-01,福島県,-,-,-,総合,-,,20
2019-10-01,茨城県,-,-,-,総合,-,,26
2019-10-01,栃木県,-,-,-,総合,-,,24
2019-10-01,群馬県,-,-,-,総合,-,,33
2019-10-01,埼玉県,-,-,-,総合,-,,70
2019-10-01,千葉県,-,-,-,総合,-,,93
2019-10-01,東京都,-,-,-,総合,-,,126
2019-10-01,神奈川県,-,-,-,総合,-,,87
2019-10-01,新潟県,-,-,-,総合,-,,29
2019-10-01,山梨県,-,-,-,総合,-,,11
2019-10-01,長野県,-,-,-,総合,-,,38
2019-10-01,富山県,-,-,-,総合,-,,14
2019-10-01,石川県,-,-,-,総合,-,,19
2019-10-01,福井県,-,-,-,総合,-,,10
2019-10-01,岐阜県,-,-,-,総合,-,,40
2019-10-01,静岡県,-,-,-,総合,-,,26
2019-10-01,愛知県,-,-,-,総合,-,,111
2019-10-01,三重県,-,-,-,総合,-,,42
2019-10-01,滋賀県,-,-,-,総合,-,,44
2019-10-01,京都府,-,-,-,総合,-,,47
2019-10-01,大阪府,-,-,-,総合,-,,165
2019-10-01,兵庫県,-,-,-,総合,-,,82
2019-10-01,奈良県,-,-,-,総合,-,,29
2019-10-01,和歌山県,-,-,-,総合,-,,11
2019-10-01,鳥取県,-,-,-,総合,-,,11
2019-10-01,島根県,-,-,-,総合,-,,18
2019-10-01,岡山県,-,-,-,総合,-,,22
2019-10-01,広島県,-,-,-,総合,-,,38
2019-10-01,山口県,-,-,-,総合,-,,32
2019-10-01,徳島県,-,-,-,総合,-,,6
2019-10-01,香川県,-,-,-,総合,-,,11
2019-10-01,愛媛県,-,-,-,総合,-,,13
2019-10-01,高知県,-,-,-,総合,-,,7
2019-10-01,福岡県,-,-,-,総合,-,,96
2019-10-01,佐賀県,-,-,-,総合,-,,15
2019-10-01,長崎県,-,-,-,総合,-,,19
2019-10-01,熊本県,-,-,-,総合,-,,38
2019-10-01,大分県,-,-,-,総合,-,,31
2019-10-01,宮崎県,-,-,-,総合,-,,18
2019-10-01,鹿児島県,-,-,-,総合,-,,28
2019-10-01,沖縄県,-,-,-,総合,-,,29
2019-11-01,北海道,-,-,-,総合,-,,89
2019-11-01,青森県,-,-,-,総合,-,,28
2019-11-01,岩手県,-,-,-,総合,-,,24
2019-11-01,宮城県,-,-,-,総合,-,,25
2019-11-01,秋田県,-,-,-,総合,-,,20
2019-11-01,山形県,-,-,-,総合,-,,9
2019-11-01,福島県,-,-,-,総合,-,,20
2019-11-01,茨城県,-,-,-,総合,-,,26
2019-11-01,栃木県,-,-,-,総合,-,,24
2019-11-01,群馬県,-,-,-,総合,-,,33
2019-11-01,埼玉県,-,-,-,総合,-,,70
2019-11-01,千葉県,-,-,-,総合,-,,91
2019-11-01,東京都,-,-,-,総合,-,,126
2019-11-01,神奈川県,-,-,-,総合,-,,87
2019-11-01,新潟県,-,-,-,総合,-,,29
2019-11-01,山梨県,-,-,-,総合,-,,11
2019-11-01,長野県,-,-,-,総合,-,,37
2019-11-01,富山県,-,-,-,総合,-,,13
2019-11-01,石川県,-,-,-,総合,-,,19
2019-11-01,福井県,-,-,-,総合,-,,10
2019-11-01,岐阜県,-,-,-,総合,-,,39
2019-11-01,静岡県,-,-,-,総合,-,,25
2019-11-01,愛知県,-,-,-,総合,-,,109
2019-11-01,三重県,-,-,-,総合,-,,42
2019-11-01,滋賀県,-,-,-,総合,-,,45
2019-11-01,京都府,-,-,-,総合,-,,46
2019-11-01,大阪府,-,-,-,総合,-,,165
2019-11-01,兵庫県,-,-,-,総合,-,,82
2019-11-01,奈良県,-,-,-,総合,-,,28
2019-11-01,和歌山県,-,-,-,総合,-,,11
2019-11-01,鳥取県,-,-,-,総合,-,,11
2019-11-01,島根県,-,-,-,総合,-,,18
2019-11-01,岡山県,-,-,-,総合,-,,22
2019-11-01,広島県,-,-,-,総合,-,,38
2019-11-01,山口県,-,-,-,総合,-,,32
2019-11-01,徳島県,-,-,-,総合,-,,6
2019-11-01,香川県,-,-,-,総合,-,,11
2019-11-01,愛媛県,-,-,-,総合,-,,13
2019-11-01,高知県,-,-,-,総合,-,,7
2019-11-01,福岡県,-,-,-,総合,-,,96
2019-11-01,佐賀県,-,-,-,総合,-,,16
2019-11-01,長崎県,-,-,-,総合,-,,19
2019-11-01,熊本県,-,-,-,総合,-,,37
2019-11-01,大分県,-,-,-,総合,-,,31
2019-11-01,宮崎県,-,-,-,総合,-,,19
2019-11-01,鹿児島県,-,-,-,総合,-,,28
2019-11-01,沖縄県,-,-,-,総合,-,,29
2019-12-01,北海道,-,-,-,総合,-,,90
2019-12-01,青森県,-,-,-,総合,-,,28
2019-12-01,岩手県,-,-,-,総合,-,,23
2019-12-01,宮城県,-,-,-,総合,-,,25
2019-12-01,秋田県,-,-,-,総合,-,,20
2019-12-01,山形県,-,-,-,総合,-,,9
2019-12-01,福島県,-,-,-,総合,-,,20
2019-12-01,茨城県,-,-,-,総合,-,,26
2019-12-01,栃木県,-,-,-,総合,-,,24
2019-12-01,群馬県,-,-,-,総合,-,,33
2019-12-01,埼玉県,-,-,-,総合,-,,69
2019-12-01,千葉県,-,-,-,総合,-,,91
2019-12-01,東京都,-,-,-,総合,-,,125
2019-12-01,神奈川県,-,-,-,総合,-,,86
2019-12-01,新潟県,-,-,-,総合,-,,29
2019-12-01,山梨県,-,-,-,総合,-,,11
2019-12-01,長野県,-,-,-,総合,-,,36
2019-12-01,富山県,-,-,-,総合,-,,13
2019-12-01,石川県,-,-,-,総合,-,,19
2019-12-01,福井県,-,-,-,総合,-,,10
2019-12-01,岐阜県,-,-,-,総合,-,,39
2019-12-01,静岡県,-,-,-,総合,-,,25
2019-12-01,愛知県,-,-,-,総合,-,,109
2019-12-01,三重県,-,-,-,総合,-,,42
2019-12-01,滋賀県,-,-,-,総合,-,,45
2019-12-01,京都府,-,-,-,総合,-,,46
2019-12-01,大阪府,-,-,-,総合,-,,165
2019-12-01,兵庫県,-,-,-,総合,-,,81
2019-12-01,奈良県,-,-,-,総合,-,,28
2019-12-01,和歌山県,-,-,-,総合,-,,11
2019-12-01,鳥取県,-,-,-,総合,-,,11
2019-12-01,島根県,-,-,-,総合,-,,18
2019-12-01,岡山県,-,-,-,総合,-,,22
2019-12-01,広島県,-,-,-,総合,-,,38
2019-12-01,山口県,-,-,-,総合,-,,32
2019-12-01,徳島県,-,-,-,総合,-,,6
2019-12-01,香川県,-,-,-,総合,-,,11
2019-12-01,愛媛県,-,-,-,総合,-,,13
2019-12-01,高知県,-,-,-,総合,-,,7
2019-12-01,福岡県,-,-,-,総合,-,,96
2019-12-01,佐賀県,-,-,-,総合,-,,16
2019-12-01,長崎県,-,-,-,総合,-,,19
2019-12-01,熊本県,-,-,-,総合,-,,38
2019-12-01,大分県,-,-,-,総合,-,,31
2019-12-01,宮崎県,-,-,-,総合,-,,19
2019-12-01,鹿児島県,-,-,-,総合,-,,28
2019-12-01,沖縄県,-,-,-,総合,-,,30
2020-01-01,北海道,-,-,-,総合,-,,90
2020-01-01,青森県,-,-,-,総合,-,,28
2020-01-01,岩手県,-,-,-,総合,-,,23
2020-01-01,宮城県,-,-,-,総合,-,,25
2020-01-01,秋田県,-,-,-,総合,-,,20
2020-01-01,山形県,-,-,-,総合,-,,9
2020-01-01,福島県,-,-,-,総合,-,,19
2020-01-01,茨城県,-,-,-,総合,-,,26
2020-01-01,栃木県,-,-,-,総合,-,,24
2020-01-01,群馬県,-,-,-,総合,-,,33
2020-01-01,埼玉県,-,-,-,総合,-,,70
2020-01-01,千葉県,-,-,-,総合,-,,91
2020-01-01,東京都,-,-,-,総合,-,,125
2020-01-01,神奈川県,-,-,-,総合,-,,85
2020-01-01,新潟県,-,-,-,総合,-,,29
2020-01-01,山梨県,-,-,-,総合,-,,11
2020-01-01,長野県,-,-,-,総合,-,,36
2020-01-01,富山県,-,-,-,総合,-,,13
2020-01-01,石川県,-,-,-,総合,-,,19
2020-01-01,福井県,-,-,-,総合,-,,10
2020-01-01,岐阜県,-,-,-,総合,-,,39
2020-01-01,静岡県,-,-,-,総合,-,,24
2020-01-01,愛知県,-,-,-,総合,-,,108
2020-01-01,三重県,-,-,-,総合,-,,42
2020-01-01,滋賀県,-,-,-,総合,-,,45
2020-01-01,京都府,-,-,-,総合,-,,46
2020-01-01,大阪府,-,-,-,総合,-,,165
2020-01-01,兵庫県,-,-,-,総合,-,,79
2020-01-01,奈良県,-,-,-,総合,-,,27
2020-01-01,和歌山県,-,-,-,総合,-,,11
2020-01-01,鳥取県,-,-,-,総合,-,,11
2020-01-01,島根県,-,-,-,総合,-,,18
2020-01-01,岡山県,-,-,-,総合,-,,22
2020-01-01,広島県,-,-,-,総合,-,,39
2020-01-01,山口県,-,-,-,総合,-,,31
2020-01-01,徳島県,-,-,-,総合,-,,6
2020-01-01,香川県,-,-,-,総合,-,,11
2020-01-01,愛媛県,-,-,-,総合,-,,13
2020-01-01,高知県,-,-,-,総合,-,,7
2020-01-01,福岡県,-,-,-,総合,-,,96
2020-01-01,佐賀県,-,-,-,総合,-,,16
2020-01-01,長崎県,-,-,-,総合,-,,18
2020-01-01,熊本県,-,-,-,総合,-,,38
2020-01-01,大分県,-,-,-,総合,-,,31
2020-01-01,宮崎県,-,-,-,総合,-,,19
2020-01-01,鹿児島県,-,-,-,総合,-,,28
2020-01-01,沖縄県,-,-,-,総合,-,,30
2020-02-01,北海道,-,-,-,総合,-,,90
2020-02-01,青森県,-,-,-,総合,-,,28
2020-02-01,岩手県,-,-,-,総合,-,,24
2020-02-01,宮城県,-,-,-,総合,-,,25
2020-02-01,秋田県,-,-,-,総合,-,,20
2020-02-01,山形県,-,-,-,総合,-,,9
2020-02-01,福島県,-,-,-,総合,-,,19
2020-02-01,茨城県,-,-,-,総合,-,,26
2020-02-01,栃木県,-,-,-,総合,-,,23
2020-02-01,群馬県,-,-,-,総合,-,,33
2020-02-01,埼玉県,-,-,-,総合,-,,69
2020-02-01,千葉県,-,-,-,総合,-,,91
2020-02-01,東京都,-,-,-,総合,-,,126
2020-02-01,神奈川県,-,-,-,総合,-,,85
2020-02-01,新潟県,-,-,-,総合,-,,29
2020-02-01,山梨県,-,-,-,総合,-,,11
2020-02-01,長野県,-,-,-,総合,-,,36
2020-02-01,富山県,-,-,-,総合,-,,12
2020-02-01,石川県,-,-,-,総合,-,,19
2020-02-01,福井県,-,-,-,総合,-,,10
2020-02-01,岐阜県,-,-,-,総合,-,,40
2020-02-01,静岡県,-,-,-,総合,-,,23
2020-02-01,愛知県,-,-,-,総合,-,,107
2020-02-01,三重県,-,-,-,総合,-,,42
2020-02-01,滋賀県,-,-,-,総合,-,,45
2020-02-01,京都府,-,-,-,総合,-,,46
2020-02-01,大阪府,-,-,-,総合,-,,163
2020-02-01,兵庫県,-,-,-,総合,-,,79
2020-02-01,奈良県,-,-,-,総合,-,,28
2020-02-01,和歌山県,-,-,-,総合,-,,11
2020-02-01,鳥取県,-,-,-,総合,-,,11
2020-02-01,島根県,-,-,-,総合,-,,18
2020-02-01,岡山県,-,-,-,総合,-,,22
2020-02-01,広島県,-,-,-,総合,-,,39
2020-02-01,山口県,-,-,-,総合,-,,31
2020-02-01,徳島県,-,-,-,総合,-,,6
2020-02-01,香川県,-,-,-,総合,-,,11
2020-02-01,愛媛県,-,-,-,総合,-,,13
2020-02-01,高知県,-,-,-,総合,-,,7
2020-02-01,福岡県,-,-,-,総合,-,,96
2020-02-01,佐賀県,-,-,-,総合,-,,16
2020-02-01,長崎県,-,-,-,総合,-,,18
2020-02-01,熊本県,-,-,-,総合,-,,38
2020-02-01,大分県,-,-,-,総合,-,,31
2020-02-01,宮崎県,-,-,-,総合,-,,19
2020-02-01,鹿児島県,-,-,-,総合,-,,28
2020-02-01,沖縄県,-,-,-,総合,-,,30
2020-03-01,北海道,-,-,-,総合,-,,89
2020-03-01,青森県,-,-,-,総合,-,,28
2020-03-01,岩手県,-,-,-,総合,-,,24
2020-03-01,宮城県,-,-,-,総合,-,,25
2020-03-01,秋田県,-,-,-,総合,-,,20
2020-03-01,山形県,-,-,-,総合,-,,9
2020-03-01,福島県,-,-,-,総合,-,,19
2020-03-01,茨城県,-,-,-,総合,-,,26
2020-03-01,栃木県,-,-,-,総合,-,,23
2020-03-01,群馬県,-,-,-,総合,-,,33
2020-03-01,埼玉県,-,-,-,総合,-,,69
2020-03-01,千葉県,-,-,-,総合,-,,91
2020-03-01,東京都,-,-,-,総合,-,,126
2020-03-01,神奈川県,-,-,-,総合,-,,86
2020-03-01,新潟県,-,-,-,総合,-,,29
2020-03-01,山梨県,-,-,-,総合,-,,11
2020-03-01,長野県,-,-,-,総合,-,,36
2020-03-01,富山県,-,-,-,総合,-,,12
2020-03-01,石川県,-,-,-,総合,-,,19
2020-03-01,福井県,-,-,-,総合,-,,10
2020-03-01,岐阜県,-,-,-,総合,-,,39
2020-03-01,静岡県,-,-,-,総合,-,,23
2020-03-01,愛知県,-,-,-,総合,-,,107
2020-03-01,三重県,-,-,-,総合,-,,42
2020-03-01,滋賀県,-,-,-,総合,-,,45
2020-03-01,京都府,-,-,-,総合,-,,46
2020-03-01,大阪府,-,-,-,総合,-,,163
2020-03-01,兵庫県,-,-,-,総合,-,,78
2020-03-01,奈良県,-,-,-,総合,-,,28
2020-03-01,和歌山県,-,-,-,総合,-,,11
2020-03-01,鳥取県,-,-,-,総合,-,,11
2020-03-01,島根県,-,-,-,総合,-,,18
2020-03-01,岡山県,-,-,-,総合,-,,22
2020-03-01,広島県,-,-,-,総合,-,,39
2020-03-01,山口県,-,-,-,総合,-,,30
2020-03-01,徳島県,-,-,-,総合,-,,6
2020-03-01,香川県,-,-,-,総合,-,,11
2020-03-01,愛媛県,-,-,-,総合,-,,13
2020-03-01,高知県,-,-,-,総合,-,,7
2020-03-01,福岡県,-,-,-,総合,-,,94
2020-03-01,佐賀県,-,-,-,総合,-,,16
2020-03-01,長崎県,-,-,-,総合,-,,18
2020-03-01,熊本県,-,-,-,総合,-,,38
2020-03-01,大分県,-,-,-,総合,-,,31
2020-03-01,宮崎県,-,-,-,総合,-,,19
2020-03-01,鹿児島県,-,-,-,総合,-,,28
2020-03-01,沖縄県,-,-,-,総合,-,,29
2020-04-01,北海道,-,-,-,総合,-,,89
2020-04-01,青森県,-,-,-,総合,-,,28
2020-04-01,岩手県,-,-,-,総合,-,,24
2020-04-01,宮城県,-,-,-,総合,-,,25
2020-04-01,秋田県,-,-,-,総合,-,,20
2020-04-01,山形県,-,-,-,総合,-,,9
2020-04-01,福島県,-,-,-,総合,-,,19
2020-04-01,茨城県,-,-,-,総合,-,,26
2020-04-01,栃木県,-,-,-,総合,-,,23
2020-04-01,群馬県,-,-,-,総合,-,,33
2020-04-01,埼玉県,-,-,-,総合,-,,68
2020-04-01,千葉県,-,-,-,総合,-,,92
2020-04-01,東京都,-,-,-,総合,-,,125
2020-04-01,神奈川県,-,-,-,総合,-,,87
2020-04-01,新潟県,-,-,-,総合,-,,29
2020-04-01,山梨県,-,-,-,総合,-,,11
2020-04-01,長野県,-,-,-,総合,-,,36
2020-04-01,富山県,-,-,-,総合,-,,12
2020-04-01,石川県,-,-,-,総合,-,,19
2020-04-01,福井県,-,-,-,総合,-,,10
2020-04-01,岐阜県,-,-,-,総合,-,,39
2020-04-01,静岡県,-,-,-,総合,-,,23
2020-04-01,愛知県,-,-,-,総合,-,,107
2020-04-01,三重県,-,-,-,総合,-,,42
2020-04-01,滋賀県,-,-,-,総合,-,,45
2020-04-01,京都府,-,-,-,総合,-,,46
2020-04-01,大阪府,-,-,-,総合,-,,163
2020-04-01,兵庫県,-,-,-,総合,-,,78
2020-04-01,奈良県,-,-,-,総合,-,,28
2020-04-01,和歌山県,-,-,-,総合,-,,11
2020-04-01,鳥取県,-,-,-,総合,-,,11
2020-04-01,島根県,-,-,-,総合,-,,18
2020-04-01,岡山県,-,-,-,総合,-,,21
2020-04-01,広島県,-,-,-,総合,-,,39
2020-04-01,山口県,-,-,-,総合,-,,30
2020-04-01,徳島県,-,-,-,総合,-,,6
2020-04-01,香川県,-,-,-,総合,-,,11
2020-04-01,愛媛県,-,-,-,総合,-,,13
2020-04-01,高知県,-,-,-,総合,-,,7
2020-04-01,福岡県,-,-,-,総合,-,,93
2020-04-01,佐賀県,-,-,-,総合,-,,16
2020-04-01,長崎県,-,-,-,総合,-,,18
2020-04-01,熊本県,-,-,-,総合,-,,38
2020-04-01,大分県,-,-,-,総合,-,,31
2020-04-01,宮崎県,-,-,-,総合,-,,18
2020-04-01,鹿児島県,-,-,-,総合,-,,28
2020-04-01,沖縄県,-,-,-,総合,-,,29
2020-05-01,北海道,-,-,-,総合,-,,90
2020-05-01,青森県,-,-,-,総合,-,,28
2020-05-01,岩手県,-,-,-,総合,-,,24
2020-05-01,宮城県,-,-,-,総合,-,,25
2020-05-01,秋田県,-,-,-,総合,-,,20
2020-05-01,山形県,-,-,-,総合,-,,9
2020-05-01,福島県,-,-,-,総合,-,,19
2020-05-01,茨城県,-,-,-,総合,-,,26
2020-05-01,栃木県,-,-,-,総合,-,,23
2020-05-01,群馬県,-,-,-,総合,-,,33
2020-05-01,埼玉県,-,-,-,総合,-,,68
2020-05-01,千葉県,-,-,-,総合,-,,92
2020-05-01,東京都,-,-,-,総合,-,,125
2020-05-01,神奈川県,-,-,-,総合,-,,86
2020-05-01,新潟県,-,-,-,総合,-,,29
2020-05-01,山梨県,-,-,-,総合,-,,11
2020-05-01,長野県,-,-,-,総合,-,,36
2020-05-01,富山県,-,-,-,総合,-,,12
2020-05-01,石川県,-,-,-,総合,-,,19
2020-05-01,福井県,-,-,-,総合,-,,10
2020-05-01,岐阜県,-,-,-,総合,-,,39
2020-05-01,静岡県,-,-,-,総合,-,,23
2020-05-01,愛知県,-,-,-,総合,-,,107
2020-05-01,三重県,-,-,-,総合,-,,42
2020-05-01,滋賀県,-,-,-,総合,-,,45
2020-05-01,京都府,-,-,-,総合,-,,46
2020-05-01,大阪府,-,-,-,総合,-,,163
2020-05-01,兵庫県,-,-,-,総合,-,,79
2020-05-01,奈良県,-,-,-,総合,-,,28
2020-05-01,和歌山県,-,-,-,総合,-,,11
2020-05-01,鳥取県,-,-,-,総合,-,,11
2020-05-01,島根県,-,-,-,総合,-,,18
2020-05-01,岡山県,-,-,-,総合,-,,21
2020-05-01,広島県,-,-,-,総合,-,,39
2020-05-01,山口県,-,-,-,総合,-,,30
2020-05-01,徳島県,-,-,-,総合,-,,6
2020-05-01,香川県,-,-,-,総合,-,,11
2020-05-01,愛媛県,-,-,-,総合,-,,13
2020-05-01,高知県,-,-,-,総合,-,,7
2020-05-01,福岡県,-,-,-,総合,-,,94
2020-05-01,佐賀県,-,-,-,総合,-,,16
2020-05-01,長崎県,-,-,-,総合,-,,18
2020-05-01,熊本県,-,-,-,総合,-,,38
2020-05-01,大分県,-,-,-,総合,-,,31
2020-05-01,宮崎県,-,-,-,総合,-,,18
2020-05-01,鹿児島県,-,-,-,総合,-,,28
2020-05-01,沖縄県,-,-,-,総合,-,,29
2020-06-01,北海道,-,-,-,総合,-,,89
2020-06-01,青森県,-,-,-,総合,-,,28
2020-06-01,岩手県,-,-,-,総合,-,,24
2020-06-01,宮城県,-,-,-,総合,-,,25
2020-06-01,秋田県,-,-,-,総合,-,,20
2020-06-01,山形県,-,-,-,総合,-,,9
2020-06-01,福島県,-,-,-,総合,-,,19
2020-06-01,茨城県,-,-,-,総合,-,,26
2020-06-01,栃木県,-,-,-,総合,-,,24
2020-06-01,群馬県,-,-,-,総合,-,,33
2020-06-01,埼玉県,-,-,-,総合,-,,68
2020-06-01,千葉県,-,-,-,総合,-,,91
2020-06-01,東京都,-,-,-,総合,-,,124
2020-06-01,神奈川県,-,-,-,総合,-,,85
2020-06-01,新潟県,-,-,-,総合,-,,29
2020-06-01,山梨県,-,-,-,総合,-,,11
2020-06-01,長野県,-,-,-,総合,-,,36
2020-06-01,富山県,-,-,-,総合,-,,12
2020-06-01,石川県,-,-,-,総合,-,,19
2020-06-01,福井県,-,-,-,総合,-,,10
2020-06-01,岐阜県,-,-,-,総合,-,,39
2020-06-01,静岡県,-,-,-,総合,-,,23
2020-06-01,愛知県,-,-,-,総合,-,,108
2020-06-01,三重県,-,-,-,総合,-,,43
2020-06-01,滋賀県,-,-,-,総合,-,,45
2020-06-01,京都府,-,-,-,総合,-,,45
2020-06-01,大阪府,-,-,-,総合,-,,163
2020-06-01,兵庫県,-,-,-,総合,-,,79
2020-06-01,奈良県,-,-,-,総合,-,,28
2020-06-01,和歌山県,-,-,-,総合,-,,11
2020-06-01,鳥取県,-,-,-,総合,-,,11
2020-06-01,島根県,-,-,-,総合,-,,18
2020-06-01,岡山県,-,-,-,総合,-,,21
2020-06-01,広島県,-,-,-,総合,-,,39
2020-06-01,山口県,-,-,-,総合,-,,30
2020-06-01,徳島県,-,-,-,総合,-,,6
2020-06-01,香川県,-,-,-,総合,-,,11
2020-06-01,愛媛県,-,-,-,総合,-,,13
2020-06-01,高知県,-,-,-,総合,-,,7
2020-06-01,福岡県,-,-,-,総合,-,,94
2020-06-01,佐賀県,-,-,-,総合,-,,16
2020-06-01,長崎県,-,-,-,総合,-,,18
2020-06-01,熊本県,-,-,-,総合,-,,38
2020-06-01,大分県,-,-,-,総合,-,,31
2020-06-01,宮崎県,-,-,-,総合,-,,18
2020-06-01,鹿児島県,-,-,-,総合,-,,28
2020-06-01,沖縄県,-,-,-,総合,-,,30
2020-07-01,北海道,-,-,-,総合,-,,89
2020-07-01,青森県,-,-,-,総合,-,,29
2020-07-01,岩手県,-,-,-,総合,-,,24
2020-07-01,宮城県,-,-,-,総合,-,,25
2020-07-01,秋田県,-,-,-,総合,-,,20
2020-07-01,山形県,-,-,-,総合,-,,9
2020-07-01,福島県,-,-,-,総合,-,,19
2020-07-01,茨城県,-,-,-,総合,-,,26
2020-07-01,栃木県,-,-,-,総合,-,,24
2020-07-01,群馬県,-,-,-,総合,-,,33
2020-07-01,埼玉県,-,-,-,総合,-,,68
2020-07-01,千葉県,-,-,-,総合,-,,91
2020-07-01,東京都,-,-,-,総合,-,,124
2020-07-01,神奈川県,-,-,-,総合,-,,86
2020-07-01,新潟県,-,-,-,総合,-,,29
2020-07-01,山梨県,-,-,-,総合,-,,11
2020-07-01,長野県,-,-,-,総合,-,,36
2020-07-01,富山県,-,-,-,総合,-,,12
2020-07-01,石川県,-,-,-,総合,-,,19
2020-07-01,福井県,-,-,-,総合,-,,10
2020-07-01,岐阜県,-,-,-,総合,-,,39
2020-07-01,静岡県,-,-,-,総合,-,,23
2020-07-01,愛知県,-,-,-,総合,-,,108
2020-07-01,三重県,-,-,-,総合,-,,43
2020-07-01,滋賀県,-,-,-,総合,-,,44
2020-07-01,京都府,-,-,-,総合,-,,45
2020-07-01,大阪府,-,-,-,総合,-,,162
2020-07-01,兵庫県,-,-,-,総合,-,,79
2020-07-01,奈良県,-,-,-,総合,-,,28
2020-07-01,和歌山県,-,-,-,総合,-,,11
2020-07-01,鳥取県,-,-,-,総合,-,,11
2020-07-01,島根県,-,-,-,総合,-,,18
2020-07-01,岡山県,-,-,-,総合,-,,21
2020-07-01,広島県,-,-,-,総合,-,,38
2020-07-01,山口県,-,-,-,総合,-,,29
2020-07-01,徳島県,-,-,-,総合,-,,6
2020-07-01,香川県,-,-,-,総合,-,,11
2020-07-01,愛媛県,-,-,-,総合,-,,13
2020-07-01,高知県,-,-,-,総合,-,,7
2020-07-01,福岡県,-,-,-,総合,-,,95
2020-07-01,佐賀県,-,-,-,総合,-,,16
2020-07-01,長崎県,-,-,-,総合,-,,18
2020-07-01,熊本県,-,-,-,総合,-,,38
2020-07-01,大分県,-,-,-,総合,-,,31
2020-07-01,宮崎県,-,-,-,総合,-,,18
2020-07-01,鹿児島県,-,-,-,総合,-,,28
2020-07-01,沖縄県,-,-,-,総合,-,,30
2020-08-01,北海道,-,-,-,総合,-,,89
2020-08-01,青森県,-,-,-,総合,-,,29
2020-08-01,岩手県,-,-,-,総合,-,,24
2020-08-01,宮城県,-,-,-,総合,-,,25
2020-08-01,秋田県,-,-,-,総合,-,,20
2020-08-01,山形県,-,-,-,総合,-,,9
2020-08-01,福島県,-,-,-,総合,-,,19
2020-08-01,茨城県,-,-,-,総合,-,,26
2020-08-01,栃木県,-,-,-,総合,-,,24
2020-08-01,群馬県,-,-,-,総合,-,,33
2020-08-01,埼玉県,-,-,-,総合,-,,69
2020-08-01,千葉県,-,-,-,総合,-,,90
2020-08-01,東京都,-,-,-,総合,-,,124
2020-08-01,神奈川県,-,-,-,総合,-,,86
2020-08-01,新潟県,-,-,-,総合,-,,29
2020-08-01,山梨県,-,-,-,総合,-,,11
2020-08-01,長野県,-,-,-,総合,-,,36
2020-08-01,富山県,-,-,-,総合,-,,12
2020-08-01,石川県,-,-,-,総合,-,,19
2020-08-01,福井県,-,-,-,総合,-,,10
2020-08-01,岐阜県,-,-,-,総合,-,,39
2020-08-01,静岡県,-,-,-,総合,-,,23
2020-08-01,愛知県,-,-,-,総合,-,,108
2020-08-01,三重県,-,-,-,総合,-,,43
2020-08-01,滋賀県,-,-,-,総合,-,,44
2020-08-01,京都府,-,-,-,総合,-,,45
2020-08-01,大阪府,-,-,-,総合,-,,161
2020-08-01,兵庫県,-,-,-,総合,-,,79
2020-08-01,奈良県,-,-,-,総合,-,,28
2020-08-01,和歌山県,-,-,-,総合,-,,11
2020-08-01,鳥取県,-,-,-,総合,-,,11
2020-08-01,島根県,-,-,-,総合,-,,18
2020-08-01,岡山県,-,-,-,総合,-,,21
2020-08-01,広島県,-,-,-,総合,-,,38
2020-08-01,山口県,-,-,-,総合,-,,29
2020-08-01,徳島県,-,-,-,総合,-,,6
2020-08-01,香川県,-,-,-,総合,-,,11
2020-08-01,愛媛県,-,-,-,総合,-,,13
2020-08-01,高知県,-,-,-,総合,-,,7
2020-08-01,福岡県,-,-,-,総合,-,,95
2020-08-01,佐賀県,-,-,-,総合,-,,16
2020-08-01,長崎県,-,-,-,総合,-,,18
2020-08-01,熊本県,-,-,-,総合,-,,38
2020-08-01,大分県,-,-,-,総合,-,,31
2020-08-01,宮崎県,-,-,-,総合,-,,19
2020-08-01,鹿児島県,-,-,-,総合,-,,28
2020-08-01,沖縄県,-,-,-,総合,-,,31
2020-09-01,北海道,-,-,-,総合,-,,89
2020-09-01,青森県,-,-,-,総合,-,,29
2020-09-01,岩手県,-,-,-,総合,-,,24
2020-09-01,宮城県,-,-,-,総合,-,,25
2020-09-01,秋田県,-,-,-,総合,-,,20
2020-09-01,山形県,-,-,-,総合,-,,9
2020-09-01,福島県,-,-,-,総合,-,,19
2020-09-01,茨城県,-,-,-,総合,-,,26
2020-09-01,栃木県,-,-,-,総合,-,,24
2020-09-01,群馬県,-,-,-,総合,-,,33
2020-09-01,埼玉県,-,-,-,総合,-,,69
2020-09-01,千葉県,-,-,-,総合,-,,92
2020-09-01,東京都,-,-,-,総合,-,,124
2020-09-01,神奈川県,-,-,-,総合,-,,86
2020-09-01,新潟県,-,-,-,総合,-,,29
2020-09-01,山梨県,-,-,-,総合,-,,11
2020-09-01,長野県,-,-,-,総合,-,,36
2020-09-01,富山県,-,-,-,総合,-,,12
2020-09-01,石川県,-,-,-,総合,-,,18
2020-09-01,福井県,-,-,-,総合,-,,10
2020-09-01,岐阜県,-,-,-,総合,-,,39
2020-09-01,静岡県,-,-,-,総合,-,,24
2020-09-01,愛知県,-,-,-,総合,-,,108
2020-09-01,三重県,-,-,-,総合,-,,43
2020-09-01,滋賀県,-,-,-,総合,-,,43
2020-09-01,京都府,-,-,-,総合,-,,45
2020-09-01,大阪府,-,-,-,総合,-,,162
2020-09-01,兵庫県,-,-,-,総合,-,,79
2020-09-01,奈良県,-,-,-,総合,-,,28
2020-09-01,和歌山県,-,-,-,総合,-,,11
2020-09-01,鳥取県,-,-,-,総合,-,,11
2020-09-01,島根県,-,-,-,総合,-,,18
2020-09-01,岡山県,-,-,-,総合,-,,21
2020-09-01,広島県,-,-,-,総合,-,,38
2020-09-01,山口県,-,-,-,総合,-,,29
2020-09-01,徳島県,-,-,-,総合,-,,6
2020-09-01,香川県,-,-,-,総合,-,,11
2020-09-01,愛媛県,-,-,-,総合,-,,13
2020-09-01,高知県,-,-,-,総合,-,,7
2020-09-01,福岡県,-,-,-,総合,-,,95
2020-09-01,佐賀県,-,-,-,総合,-,,16
2020-09-01,長崎県,-,-,-,総合,-,,18
2020-09-01,熊本県,-,-,-,総合,-,,38
2020-09-01,大分県,-,-,-,総合,-,,31
2020-09-01,宮崎県,-,-,-,総合,-,,19
2020-09-01,鹿児島県,-,-,-,総合,-,,28
2020-09-01,沖縄県,-,-,-,総合,-,,31
2020-10-01,北海道,-,-,-,総合,-,,89
2020-10-01,青森県,-,-,-,総合,-,,29
2020-10-01,岩手県,-,-,-,総合,-,,24
2020-10-01,宮城県,-,-,-,総合,-,,25
2020-10-01,秋田県,-,-,-,総合,-,,20
2020-10-01,山形県,-,-,-,総合,-,,9
2020-10-01,福島県,-,-,-,総合,-,,18
2020-10-01,茨城県,-,-,-,総合,-,,26
2020-10-01,栃木県,-,-,-,総合,-,,24
2020-10-01,群馬県,-,-,-,総合,-,,33
2020-10-01,埼玉県,-,-,-,総合,-,,69
2020-10-01,千葉県,-,-,-,総合,-,,92
2020-10-01,東京都,-,-,-,総合,-,,123
2020-10-01,神奈川県,-,-,-,総合,-,,86
2020-10-01,新潟県,-,-,-,総合,-,,29
2020-10-01,山梨県,-,-,-,総合,-,,11
2020-10-01,長野県,-,-,-,総合,-,,36
2020-10-01,富山県,-,-,-,総合,-,,13
2020-10-01,石川県,-,-,-,総合,-,,18
2020-10-01,福井県,-,-,-,総合,-,,10
2020-10-01,岐阜県,-,-,-,総合,-,,39
2020-10-01,静岡県,-,-,-,総合,-,,24
2020-10-01,愛知県,-,-,-,総合,-,,109
2020-10-01,三重県,-,-,-,総合,-,,43
2020-10-01,滋賀県,-,-,-,総合,-,,43
2020-10-01,京都府,-,-,-,総合,-,,44
2020-10-01,大阪府,-,-,-,総合,-,,161
2020-10-01,兵庫県,-,-,-,総合,-,,79
2020-10-01,奈良県,-,-,-,総合,-,,28
2020-10-01,和歌山県,-,-,-,総合,-,,11
2020-10-01,鳥取県,-,-,-,総合,-,,11
2020-10-01,島根県,-,-,-,総合,-,,18
2020-10-01,岡山県,-,-,-,総合,-,,21
2020-10-01,広島県,-,-,-,総合,-,,38
2020-10-01,山口県,-,-,-,総合,-,,29
2020-10-01,徳島県,-,-,-,総合,-,,6
2020-10-01,香川県,-,-,-,総合,-,,11
2020-10-01,愛媛県,-,-,-,総合,-,,13
2020-10-01,高知県,-,-,-,総合,-,,7
2020-10-01,福岡県,-,-,-,総合,-,,93
2020-10-01,佐賀県,-,-,-,総合,-,,16
2020-10-01,長崎県,-,-,-,総合,-,,18
2020-10-01,熊本県,-,-,-,総合,-,,38
2020-10-01,大分県,-,-,-,総合,-,,31
2020-10-01,宮崎県,-,-,-,総合,-,,19
2020-10-01,鹿児島県,-,-,-,総合,-,,28
2020-10-01,沖縄県,-,-,-,総合,-,,31
2020-11-01,北海道,-,-,-,総合,-,,88
2020-11-01,青森県,-,-,-,総合,-,,29
2020-11-01,岩手県,-,-,-,総合,-,,24
2020-11-01,宮城県,-,-,-,総合,-,,25
2020-11-01,秋田県,-,-,-,総合,-,,20
2020-11-01,山形県,-,-,-,総合,-,,9
2020-11-01,福島県,-,-,-,総合,-,,18
2020-11-01,茨城県,-,-,-,総合,-,,26
2020-11-01,栃木県,-,-,-,総合,-,,23
2020-11-01,群馬県,-,-,-,総合,-,,33
2020-11-01,埼玉県,-,-,-,総合,-,,68
2020-11-01,千葉県,-,-,-,総合,-,,92
2020-11-01,東京都,-,-,-,総合,-,,123
2020-11-01,神奈川県,-,-,-,総合,-,,86
2020-11-01,新潟県,-,-,-,総合,-,,29
2020-11-01,山梨県,-,-,-,総合,-,,12
2020-11-01,長野県,-,-,-,総合,-,,36
2020-11-01,富山県,-,-,-,総合,-,,13
2020-11-01,石川県,-,-,-,総合,-,,18
2020-11-01,福井県,-,-,-,総合,-,,10
2020-11-01,岐阜県,-,-,-,総合,-,,39
2020-11-01,静岡県,-,-,-,総合,-,,24
2020-11-01,愛知県,-,-,-,総合,-,,109
2020-11-01,三重県,-,-,-,総合,-,,43
2020-11-01,滋賀県,-,-,-,総合,-,,43
2020-11-01,京都府,-,-,-,総合,-,,44
2020-11-01,大阪府,-,-,-,総合,-,,161
2020-11-01,兵庫県,-,-,-,総合,-,,79
2020-11-01,奈良県,-,-,-,総合,-,,28
2020-11-01,和歌山県,-,-,-,総合,-,,11
2020-11-01,鳥取県,-,-,-,総合,-,,11
2020-11-01,島根県,-,-,-,総合,-,,18
2020-11-01,岡山県,-,-,-,総合,-,,21
2020-11-01,広島県,-,-,-,総合,-,,38
2020-11-01,山口県,-,-,-,総合,-,,29
2020-11-01,徳島県,-,-,-,総合,-,,6
2020-11-01,香川県,-,-,-,総合,-,,11
2020-11-01,愛媛県,-,-,-,総合,-,,13
2020-11-01,高知県,-,-,-,総合,-,,7
2020-11-01,福岡県,-,-,-,総合,-,,95
2020-11-01,佐賀県,-,-,-,総合,-,,16
2020-11-01,長崎県,-,-,-,総合,-,,19
2020-11-01,熊本県,-,-,-,総合,-,,38
2020-11-01,大分県,-,-,-,総合,-,,30
2020-11-01,宮崎県,-,-,-,総合,-,,19
2020-11-01,鹿児島県,-,-,-,総合,-,,28
2020-11-01,沖縄県,-,-,-,総合,-,,31
2020-12-01,北海道,-,-,-,総合,-,,88
2020-12-01,青森県,-,-,-,総合,-,,29
2020-12-01,岩手県,-,-,-,総合,-,,24
2020-12-01,宮城県,-,-,-,総合,-,,24
2020-12-01,秋田県,-,-,-,総合,-,,20
2020-12-01,山形県,-,-,-,総合,-,,9
2020-12-01,福島県,-,-,-,総合,-,,18
2020-12-01,茨城県,-,-,-,総合,-,,25
2020-12-01,栃木県,-,-,-,総合,-,,23
2020-12-01,群馬県,-,-,-,総合,-,,32
2020-12-01,埼玉県,-,-,-,総合,-,,69
2020-12-01,千葉県,-,-,-,総合,-,,92
2020-12-01,東京都,-,-,-,総合,-,,123
2020-12-01,神奈川県,-,-,-,総合,-,,87
2020-12-01,新潟県,-,-,-,総合,-,,29
2020-12-01,山梨県,-,-,-,総合,-,,12
2020-12-01,長野県,-,-,-,総合,-,,36
2020-12-01,富山県,-,-,-,総合,-,,13
2020-12-01,石川県,-,-,-,総合,-,,18
2020-12-01,福井県,-,-,-,総合,-,,10
2020-12-01,岐阜県,-,-,-,総合,-,,39
2020-12-01,静岡県,-,-,-,総合,-,,24
2020-12-01,愛知県,-,-,-,総合,-,,108
2020-12-01,三重県,-,-,-,総合,-,,43
2020-12-01,滋賀県,-,-,-,総合,-,,43
2020-12-01,京都府,-,-,-,総合,-,,44
2020-12-01,大阪府,-,-,-,総合,-,,161
2020-12-01,兵庫県,-,-,-,総合,-,,79
2020-12-01,奈良県,-,-,-,総合,-,,28
2020-12-01,和歌山県,-,-,-,総合,-,,11
2020-12-01,鳥取県,-,-,-,総合,-,,11
2020-12-01,島根県,-,-,-,総合,-,,18
2020-12-01,岡山県,-,-,-,総合,-,,21
2020-12-01,広島県,-,-,-,総合,-,,38
2020-12-01,山口県,-,-,-,総合,-,,29
2020-12-01,徳島県,-,-,-,総合,-,,6
2020-12-01,香川県,-,-,-,総合,-,,11
2020-12-01,愛媛県,-,-,-,総合,-,,13
2020-12-01,高知県,-,-,-,総合,-,,7
2020-12-01,福岡県,-,-,-,総合,-,,95
2020-12-01,佐賀県,-,-,-,総合,-,,16
2020-12-01,長崎県,-,-,-,総合,-,,19
2020-12-01,熊本県,-,-,-,総合,-,,38
2020-12-01,大分県,-,-,-,総合,-,,30
2020-12-01,宮崎県,-,-,-,総合,-,,19
2020-12-01,鹿児島県,-,-,-,総合,-,,29
2020-12-01,沖縄県,-,-,-,総合,-,,31
2021-01-01,北海道,-,-,-,総合,-,,88
2021-01-01,青森県,-,-,-,総合,-,,29
2021-01-01,岩手県,-,-,-,総合,-,,24
2021-01-01,宮城県,-,-,-,総合,-,,24
2021-01-01,秋田県,-,-,-,総合,-,,20
2021-01-01,山形県,-,-,-,総合,-,,9
2021-01-01,福島県,-,-,-,総合,-,,18
2021-01-01,茨城県,-,-,-,総合,-,,25
2021-01-01,栃木県,-,-,-,総合,-,,23
2021-01-01,群馬県,-,-,-,総合,-,,32
2021-01-01,埼玉県,-,-,-,総合,-,,69
2021-01-01,千葉県,-,-,-,総合,-,,92
2021-01-01,東京都,-,-,-,総合,-,,123
2021-01-01,神奈川県,-,-,-,総合,-,,87
2021-01-01,新潟県,-,-,-,総合,-,,29
2021-01-01,山梨県,-,-,-,総合,-,,12
2021-01-01,長野県,-,-,-,総合,-,,36
2021-01-01,富山県,-,-,-,総合,-,,13
2021-01-01,石川県,-,-,-,総合,-,,18
2021-01-01,福井県,-,-,-,総合,-,,9
2021-01-01,岐阜県,-,-,-,総合,-,,39
2021-01-01,静岡県,-,-,-,総合,-,,24
2021-01-01,愛知県,-,-,-,総合,-,,109
2021-01-01,三重県,-,-,-,総合,-,,43
2021-01-01,滋賀県,-,-,-,総合,-,,43
2021-01-01,京都府,-,-,-,総合,-,,45
2021-01-01,大阪府,-,-,-,総合,-,,159
2021-01-01,兵庫県,-,-,-,総合,-,,79
2021-01-01,奈良県,-,-,-,総合,-,,28
2021-01-01,和歌山県,-,-,-,総合,-,,11
2021-01-01,鳥取県,-,-,-,総合,-,,11
2021-01-01,島根県,-,-,-,総合,-,,17
2021-01-01,岡山県,-,-,-,総合,-,,21
2021-01-01,広島県,-,-,-,総合,-,,37
2021-01-01,山口県,-,-,-,総合,-,,29
2021-01-01,徳島県,-,-,-,総合,-,,6
2021-01-01,香川県,-,-,-,総合,-,,11
2021-01-01,愛媛県,-,-,-,総合,-,,13
2021-01-01,高知県,-,-,-,総合,-,,7
2021-01-01,福岡県,-,-,-,総合,-,,95
2021-01-01,佐賀県,-,-,-,総合,-,,16
2021-01-01,長崎県,-,-,-,総合,-,,19
2021-01-01,熊本県,-,-,-,総合,-,,39
2021-01-01,大分県,-,-,-,総合,-,,30
2021-01-01,宮崎県,-,-,-,総合,-,,19
2021-01-01,鹿児島県,-,-,-,総合,-,,29
2021-01-01,沖縄県,-,-,-,総合,-,,31
2021-02-01,北海道,-,-,-,総合,-,,88
2021-02-01,青森県,-,-,-,総合,-,,29
2021-02-01,岩手県,-,-,-,総合,-,,24
2021-02-01,宮城県,-,-,-,総合,-,,24
2021-02-01,秋田県,-,-,-,総合,-,,20
2021-02-01,山形県,-,-,-,総合,-,,9
2021-02-01,福島県,-,-,-,総合,-,,18
2021-02-01,茨城県,-,-,-,総合,-,,26
2021-02-01,栃木県,-,-,-,総合,-,,23
2021-02-01,群馬県,-,-,-,総合,-,,32
2021-02-01,埼玉県,-,-,-,総合,-,,69
2021-02-01,千葉県,-,-,-,総合,-,,91
2021-02-01,東京都,-,-,-,総合,-,,123
2021-02-01,神奈川県,-,-,-,総合,-,,88
2021-02-01,新潟県,-,-,-,総合,-,,29
2021-02-01,山梨県,-,-,-,総合,-,,12
2021-02-01,長野県,-,-,-,総合,-,,35
2021-02-01,富山県,-,-,-,総合,-,,13
2021-02-01,石川県,-,-,-,総合,-,,18
2021-02-01,福井県,-,-,-,総合,-,,9
2021-02-01,岐阜県,-,-,-,総合,-,,39
2021-02-01,静岡県,-,-,-,総合,-,,24
2021-02-01,愛知県,-,-,-,総合,-,,109
2021-02-01,三重県,-,-,-,総合,-,,42
2021-02-01,滋賀県,-,-,-,総合,-,,43
2021-02-01,京都府,-,-,-,総合,-,,45
2021-02-01,大阪府,-,-,-,総合,-,,159
2021-02-01,兵庫県,-,-,-,総合,-,,79
2021-02-01,奈良県,-,-,-,総合,-,,28
2021-02-01,和歌山県,-,-,-,総合,-,,11
2021-02-01,鳥取県,-,-,-,総合,-,,11
2021-02-01,島根県,-,-,-,総合,-,,17
2021-02-01,岡山県,-,-,-,総合,-,,21
2021-02-01,広島県,-,-,-,総合,-,,36
2021-02-01,山口県,-,-,-,総合,-,,29
2021-02-01,徳島県,-,-,-,総合,-,,6
2021-02-01,香川県,-,-,-,総合,-,,11
2021-02-01,愛媛県,-,-,-,総合,-,,13
2021-02-01,高知県,-,-,-,総合,-,,7
2021-02-01,福岡県,-,-,-,総合,-,,95
2021-02-01,佐賀県,-,-,-,総合,-,,16
2021-02-01,長崎県,-,-,-,総合,-,,19
2021-02-01,熊本県,-,-,-,総合,-,,39
2021-02-01,大分県,-,-,-,総合,-,,30
2021-02-01,宮崎県,-,-,-,総合,-,,19
2021-02-01,鹿児島県,-,-,-,総合,-,,29
2021-02-01,沖縄県,-,-,-,総合,-,,31
2021-03-01,北海道,-,-,-,総合,-,,88
2021-03-01,青森県,-,-,-,総合,-,,30
2021-03-01,岩手県,-,-,-,総合,-,,24
2021-03-01,宮城県,-,-,-,総合,-,,25
2021-03-01,秋田県,-,-,-,総合,-,,20
2021-03-01,山形県,-,-,-,総合,-,,9
2021-03-01,福島県,-,-,-,総合,-,,18
2021-03-01,茨城県,-,-,-,総合,-,,26
2021-03-01,栃木県,-,-,-,総合,-,,23
2021-03-01,群馬県,-,-,-,総合,-,,32
2021-03-01,埼玉県,-,-,-,総合,-,,69
2021-03-01,千葉県,-,-,-,総合,-,,90
2021-03-01,東京都,-,-,-,総合,-,,123
2021-03-01,神奈川県,-,-,-,総合,-,,88
2021-03-01,新潟県,-,-,-,総合,-,,29
2021-03-01,山梨県,-,-,-,総合,-,,12
2021-03-01,長野県,-,-,-,総合,-,,35
2021-03-01,富山県,-,-,-,総合,-,,13
2021-03-01,石川県,-,-,-,総合,-,,18
2021-03-01,福井県,-,-,-,総合,-,,9
2021-03-01,岐阜県,-,-,-,総合,-,,40
2021-03-01,静岡県,-,-,-,総合,-,,24
2021-03-01,愛知県,-,-,-,総合,-,,109
2021-03-01,三重県,-,-,-,総合,-,,43
2021-03-01,滋賀県,-,-,-,総合,-,,43
2021-03-01,京都府,-,-,-,総合,-,,45
2021-03-01,大阪府,-,-,-,総合,-,,158
2021-03-01,兵庫県,-,-,-,総合,-,,79
2021-03-01,奈良県,-,-,-,総合,-,,28
2021-03-01,和歌山県,-,-,-,総合,-,,11
2021-03-01,鳥取県,-,-,-,総合,-,,11
2021-03-01,島根県,-,-,-,総合,-,,17
2021-03-01,岡山県,-,-,-,総合,-,,21
2021-03-01,広島県,-,-,-,総合,-,,36
2021-03-01,山口県,-,-,-,総合,-,,29
2021-03-01,徳島県,-,-,-,総合,-,,5
2021-03-01,香川県,-,-,-,総合,-,,11
2021-03-01,愛媛県,-,-,-,総合,-,,13
2021-03-01,高知県,-,-,-,総合,-,,7
2021-03-01,福岡県,-,-,-,総合,-,,95
2021-03-01,佐賀県,-,-,-,総合,-,,16
2021-03-01,長崎県,-,-,-,総合,-,,18
2021-03-01,熊本県,-,-,-,総合,-,,38
2021-03-01,大分県,-,-,-,総合,-,,30
2021-03-01,宮崎県,-,-,-,総合,-,,19
2021-03-01,鹿児島県,-,-,-,総合,-,,29
2021-03-01,沖縄県,-,-,-,総合,-,,31
2021-04-01,北海道,-,-,-,総合,-,,88
2021-04-01,青森県,-,-,-,総合,-,,30
2021-04-01,岩手県,-,-,-,総合,-,,24
2021-04-01,宮城県,-,-,-,総合,-,,25
2021-04-01,秋田県,-,-,-,総合,-,,20
2021-04-01,山形県,-,-,-,総合,-,,9
2021-04-01,福島県,-,-,-,総合,-,,18
2021-04-01,茨城県,-,-,-,総合,-,,26
2021-04-01,栃木県,-,-,-,総合,-,,23
2021-04-01,群馬県,-,-,-,総合,-,,32
2021-04-01,埼玉県,-,-,-,総合,-,,69
2021-04-01,千葉県,-,-,-,総合,-,,91
2021-04-01,東京都,-,-,-,総合,-,,123
2021-04-01,神奈川県,-,-,-,総合,-,,88
2021-04-01,新潟県,-,-,-,総合,-,,29
2021-04-01,山梨県,-,-,-,総合,-,,12
2021-04-01,長野県,-,-,-,総合,-,,35
2021-04-01,富山県,-,-,-,総合,-,,13
2021-04-01,石川県,-,-,-,総合,-,,18
2021-04-01,福井県,-,-,-,総合,-,,9
2021-04-01,岐阜県,-,-,-,総合,-,,40
2021-04-01,静岡県,-,-,-,総合,-,,24
2021-04-01,愛知県,-,-,-,総合,-,,109
2021-04-01,三重県,-,-,-,総合,-,,43
2021-04-01,滋賀県,-,-,-,総合,-,,43
2021-04-01,京都府,-,-,-,総合,-,,45
2021-04-01,大阪府,-,-,-,総合,-,,157
2021-04-01,兵庫県,-,-,-,総合,-,,79
2021-04-01,奈良県,-,-,-,総合,-,,27
2021-04-01,和歌山県,-,-,-,総合,-,,11
2021-04-01,鳥取県,-,-,-,総合,-,,11
2021-04-01,島根県,-,-,-,総合,-,,17
2021-04-01,岡山県,-,-,-,総合,-,,21
2021-04-01,広島県,-,-,-,総合,-,,36
2021-04-01,山口県,-,-,-,総合,-,,29
2021-04-01,徳島県,-,-,-,総合,-,,5
2021-04-01,香川県,-,-,-,総合,-,,11
2021-04-01,愛媛県,-,-,-,総合,-,,13
2021-04-01,高知県,-,-,-,総合,-,,7
2021-04-01,福岡県,-,-,-,総合,-,,95
2021-04-01,佐賀県,-,-,-,総合,-,,16
2021-04-01,長崎県,-,-,-,総合,-,,18
2021-04-01,熊本県,-,-,-,総合,-,,38
2021-04-01,大分県,-,-,-,総合,-,,30
2021-04-01,宮崎県,-,-,-,総合,-,,19
2021-04-01,鹿児島県,-,-,-,総合,-,,29
2021-04-01,沖縄県,-,-,-,総合,-,,31
2021-05-01,北海道,-,-,-,総合,-,,88
2021-05-01,青森県,-,-,-,総合,-,,30
2021-05-01,岩手県,-,-,-,総合,-,,24
2021-05-01,宮城県,-,-,-,総合,-,,25
2021-05-01,秋田県,-,-,-,総合,-,,20
2021-05-01,山形県,-,-,-,総合,-,,9
2021-05-01,福島県,-,-,-,総合,-,,18
2021-05-01,茨城県,-,-,-,総合,-,,26
2021-05-01,栃木県,-,-,-,総合,-,,23
2021-05-01,群馬県,-,-,-,総合,-,,32
2021-05-01,埼玉県,-,-,-,総合,-,,70
2021-05-01,千葉県,-,-,-,総合,-,,91
2021-05-01,東京都,-,-,-,総合,-,,123
2021-05-01,神奈川県,-,-,-,総合,-,,88
2021-05-01,新潟県,-,-,-,総合,-,,29
2021-05-01,山梨県,-,-,-,総合,-,,12
2021-05-01,長野県,-,-,-,総合,-,,35
2021-05-01,富山県,-,-,-,総合,-,,13
2021-05-01,石川県,-,-,-,総合,-,,18
2021-05-01,福井県,-,-,-,総合,-,,9
2021-05-01,岐阜県,-,-,-,総合,-,,40
2021-05-01,静岡県,-,-,-,総合,-,,24
2021-05-01,愛知県,-,-,-,総合,-,,109
2021-05-01,三重県,-,-,-,総合,-,,43
2021-05-01,滋賀県,-,-,-,総合,-,,43
2021-05-01,京都府,-,-,-,総合,-,,45
2021-05-01,大阪府,-,-,-,総合,-,,157
2021-05-01,兵庫県,-,-,-,総合,-,,79
2021-05-01,奈良県,-,-,-,総合,-,,27
2021-05-01,和歌山県,-,-,-,総合,-,,11
2021-05-01,鳥取県,-,-,-,総合,-,,11
2021-05-01,島根県,-,-,-,総合,-,,17
2021-05-01,岡山県,-,-,-,総合,-,,21
2021-05-01,広島県,-,-,-,総合,-,,36
2021-05-01,山口県,-,-,-,総合,-,,29
2021-05-01,徳島県,-,-,-,総合,-,,5
2021-05-01,香川県,-,-,-,総合,-,,11
2021-05-01,愛媛県,-,-,-,総合,-,,13
2021-05-01,高知県,-,-,-,総合,-,,7
2021-05-01,福岡県,-,-,-,総合,-,,95
2021-05-01,佐賀県,-,-,-,総合,-,,16
2021-05-01,長崎県,-,-,-,総合,-,,18
2021-05-01,熊本県,-,-,-,総合,-,,38
2021-05-01,大分県,-,-,-,総合,-,,30
2021-05-01,宮崎県,-,-,-,総合,-,,19
2021-05-01,鹿児島県,-,-,-,総合,-,,29
2021-05-01,沖縄県,-,-,-,総合,-,,31
2021-06-01,北海道,-,-,-,総合,-,,88
2021-06-01,青森県,-,-,-,総合,-,,30
2021-06-01,岩手県,-,-,-,総合,-,,24
2021-06-01,宮城県,-,-,-,総合,-,,25
2021-06-01,秋田県,-,-,-,総合,-,,20
2021-06-01,山形県,-,-,-,総合,-,,9
2021-06-01,福島県,-,-,-,総合,-,,18
2021-06-01,茨城県,-,-,-,総合,-,,25
2021-06-01,栃木県,-,-,-,総合,-,,23
2021-06-01,群馬県,-,-,-,総合,-,,32
2021-06-01,埼玉県,-,-,-,総合,-,,71
2021-06-01,千葉県,-,-,-,総合,-,,91
2021-06-01,東京都,-,-,-,総合,-,,123
2021-06-01,神奈川県,-,-,-,総合,-,,88
2021-06-01,新潟県,-,-,-,総合,-,,29
2021-06-01,山梨県,-,-,-,総合,-,,12
2021-06-01,長野県,-,-,-,総合,-,,35
2021-06-01,富山県,-,-,-,総合,-,,13
2021-06-01,石川県,-,-,-,総合,-,,18
2021-06-01,福井県,-,-,-,総合,-,,9
2021-06-01,岐阜県,-,-,-,総合,-,,41
2021-06-01,静岡県,-,-,-,総合,-,,24
2021-06-01,愛知県,-,-,-,総合,-,,107
2021-06-01,三重県,-,-,-,総合,-,,43
2021-06-01,滋賀県,-,-,-,総合,-,,43
2021-06-01,京都府,-,-,-,総合,-,,45
2021-06-01,大阪府,-,-,-,総合,-,,156
2021-06-01,兵庫県,-,-,-,総合,-,,79
2021-06-01,奈良県,-,-,-,総合,-,,26
2021-06-01,和歌山県,-,-,-,総合,-,,11
2021-06-01,鳥取県,-,-,-,総合,-,,11
2021-06-01,島根県,-,-,-,総合,-,,17
2021-06-01,岡山県,-,-,-,総合,-,,21
2021-06-01,広島県,-,-,-,総合,-,,36
2021-06-01,山口県,-,-,-,総合,-,,29
2021-06-01,徳島県,-,-,-,総合,-,,5
2021-06-01,香川県,-,-,-,総合,-,,11
2021-06-01,愛媛県,-,-,-,総合,-,,13
2021-06-01,高知県,-,-,-,総合,-,,7
2021-06-01,福岡県,-,-,-,総合,-,,94
2021-06-01,佐賀県,-,-,-,総合,-,,16
2021-06-01,長崎県,-,-,-,総合,-,,18
2021-06-01,熊本県,-,-,-,総合,-,,39
2021-06-01,大分県,-,-,-,総合,-,,31
2021-06-01,宮崎県,-,-,-,総合,-,,19
2021-06-01,鹿児島県,-,-,-,総合,-,,29
2021-06-01,沖縄県,-,-,-,総合,-,,31
2021-07-01,北海道,-,-,-,総合,-,,88
2021-07-01,青森県,-,-,-,総合,-,,28
2021-07-01,岩手県,-,-,-,総合,-,,24
2021-07-01,宮城県,-,-,-,総合,-,,25
2021-07-01,秋田県,-,-,-,総合,-,,20
2021-07-01,山形県,-,-,-,総合,-,,9
2021-07-01,福島県,-,-,-,総合,-,,18
2021-07-01,茨城県,-,-,-,総合,-,,25
2021-07-01,栃木県,-,-,-,総合,-,,23
2021-07-01,群馬県,-,-,-,総合,-,,32
2021-07-01,埼玉県,-,-,-,総合,-,,71
2021-07-01,千葉県,-,-,-,総合,-,,91
2021-07-01,東京都,-,-,-,総合,-,,123
2021-07-01,神奈川県,-,-,-,総合,-,,88
2021-07-01,新潟県,-,-,-,総合,-,,29
2021-07-01,山梨県,-,-,-,総合,-,,11
2021-07-01,長野県,-,-,-,総合,-,,35
2021-07-01,富山県,-,-,-,総合,-,,13
2021-07-01,石川県,-,-,-,総合,-,,19
2021-07-01,福井県,-,-,-,総合,-,,9
2021-07-01,岐阜県,-,-,-,総合,-,,41
2021-07-01,静岡県,-,-,-,総合,-,,24
2021-07-01,愛知県,-,-,-,総合,-,,109
2021-07-01,三重県,-,-,-,総合,-,,43
2021-07-01,滋賀県,-,-,-,総合,-,,43
2021-07-01,京都府,-,-,-,総合,-,,45
2021-07-01,大阪府,-,-,-,総合,-,,156
2021-07-01,兵庫県,-,-,-,総合,-,,79
2021-07-01,奈良県,-,-,-,総合,-,,26
2021-07-01,和歌山県,-,-,-,総合,-,,11
2021-07-01,鳥取県,-,-,-,総合,-,,11
2021-07-01,島根県,-,-,-,総合,-,,17
2021-07-01,岡山県,-,-,-,総合,-,,21
2021-07-01,広島県,-,-,-,総合,-,,35
2021-07-01,山口県,-,-,-,総合,-,,29
2021-07-01,徳島県,-,-,-,総合,-,,5
2021-07-01,香川県,-,-,-,総合,-,,11
2021-07-01,愛媛県,-,-,-,総合,-,,13
2021-07-01,高知県,-,-,-,総合,-,,7
2021-07-01,福岡県,-,-,-,総合,-,,94
2021-07-01,佐賀県,-,-,-,総合,-,,16
2021-07-01,長崎県,-,-,-,総合,-,,18
2021-07-01,熊本県,-,-,-,総合,-,,39
2021-07-01,大分県,-,-,-,総合,-,,31
2021-07-01,宮崎県,-,-,-,総合,-,,19
2021-07-01,鹿児島県,-,-,-,総合,-,,29
2021-07-01,沖縄県,-,-,-,総合,-,,31
2021-08-01,北海道,-,-,-,総合,-,,88
2021-08-01,青森県,-,-,-,総合,-,,29
2021-08-01,岩手県,-,-,-,総合,-,,24
2021-08-01,宮城県,-,-,-,総合,-,,25
2021-08-01,秋田県,-,-,-,総合,-,,20
2021-08-01,山形県,-,-,-,総合,-,,9
2021-08-01,福島県,-,-,-,総合,-,,18
2021-08-01,茨城県,-,-,-,総合,-,,25
2021-08-01,栃木県,-,-,-,総合,-,,23
2021-08-01,群馬県,-,-,-,総合,-,,32
2021-08-01,埼玉県,-,-,-,総合,-,,71
2021-08-01,千葉県,-,-,-,総合,-,,91
2021-08-01,東京都,-,-,-,総合,-,,122
2021-08-01,神奈川県,-,-,-,総合,-,,88
2021-08-01,新潟県,-,-,-,総合,-,,29
2021-08-01,山梨県,-,-,-,総合,-,,11
2021-08-01,長野県,-,-,-,総合,-,,35
2021-08-01,富山県,-,-,-,総合,-,,13
2021-08-01,石川県,-,-,-,総合,-,,19
2021-08-01,福井県,-,-,-,総合,-,,9
2021-08-01,岐阜県,-,-,-,総合,-,,41
2021-08-01,静岡県,-,-,-,総合,-,,24
2021-08-01,愛知県,-,-,-,総合,-,,108
2021-08-01,三重県,-,-,-,総合,-,,43
2021-08-01,滋賀県,-,-,-,総合,-,,43
2021-08-01,京都府,-,-,-,総合,-,,44
2021-08-01,大阪府,-,-,-,総合,-,,157
2021-08-01,兵庫県,-,-,-,総合,-,,79
2021-08-01,奈良県,-,-,-,総合,-,,26
2021-08-01,和歌山県,-,-,-,総合,-,,11
2021-08-01,鳥取県,-,-,-,総合,-,,11
2021-08-01,島根県,-,-,-,総合,-,,17
2021-08-01,岡山県,-,-,-,総合,-,,21
2021-08-01,広島県,-,-,-,総合,-,,35
2021-08-01,山口県,-,-,-,総合,-,,29
2021-08-01,徳島県,-,-,-,総合,-,,5
2021-08-01,香川県,-,-,-,総合,-,,11
2021-08-01,愛媛県,-,-,-,総合,-,,13
2021-08-01,高知県,-,-,-,総合,-,,7
2021-08-01,福岡県,-,-,-,総合,-,,94
2021-08-01,佐賀県,-,-,-,総合,-,,17
2021-08-01,長崎県,-,-,-,総合,-,,18
2021-08-01,熊本県,-,-,-,総合,-,,39
2021-08-01,大分県,-,-,-,総合,-,,31
2021-08-01,宮崎県,-,-,-,総合,-,,19
2021-08-01,鹿児島県,-,-,-,総合,-,,29
2021-08-01,沖縄県,-,-,-,総合,-,,31
2021-09-01,北海道,-,-,-,総合,-,,87
2021-09-01,青森県,-,-,-,総合,-,,29
2021-09-01,岩手県,-,-,-,総合,-,,24
2021-09-01,宮城県,-,-,-,総合,-,,25
2021-09-01,秋田県,-,-,-,総合,-,,20
2021-09-01,山形県,-,-,-,総合,-,,9
2021-09-01,福島県,-,-,-,総合,-,,18
2021-09-01,茨城県,-,-,-,総合,-,,25
2021-09-01,栃木県,-,-,-,総合,-,,22
2021-09-01,群馬県,-,-,-,総合,-,,32
2021-09-01,埼玉県,-,-,-,総合,-,,72
2021-09-01,千葉県,-,-,-,総合,-,,90
2021-09-01,東京都,-,-,-,総合,-,,122
2021-09-01,神奈川県,-,-,-,総合,-,,88
2021-09-01,新潟県,-,-,-,総合,-,,29
2021-09-01,山梨県,-,-,-,総合,-,,12
2021-09-01,長野県,-,-,-,総合,-,,35
2021-09-01,富山県,-,-,-,総合,-,,13
2021-09-01,石川県,-,-,-,総合,-,,19
2021-09-01,福井県,-,-,-,総合,-,,9
2021-09-01,岐阜県,-,-,-,総合,-,,41
2021-09-01,静岡県,-,-,-,総合,-,,24
2021-09-01,愛知県,-,-,-,総合,-,,108
2021-09-01,三重県,-,-,-,総合,-,,43
2021-09-01,滋賀県,-,-,-,総合,-,,43
2021-09-01,京都府,-,-,-,総合,-,,44
2021-09-01,大阪府,-,-,-,総合,-,,157
2021-09-01,兵庫県,-,-,-,総合,-,,79
2021-09-01,奈良県,-,-,-,総合,-,,26
2021-09-01,和歌山県,-,-,-,総合,-,,11
2021-09-01,鳥取県,-,-,-,総合,-,,11
2021-09-01,島根県,-,-,-,総合,-,,17
2021-09-01,岡山県,-,-,-,総合,-,,21
2021-09-01,広島県,-,-,-,総合,-,,35
2021-09-01,山口県,-,-,-,総合,-,,29
2021-09-01,徳島県,-,-,-,総合,-,,5
2021-09-01,香川県,-,-,-,総合,-,,11
2021-09-01,愛媛県,-,-,-,総合,-,,13
2021-09-01,高知県,-,-,-,総合,-,,7
2021-09-01,福岡県,-,-,-,総合,-,,94
2021-09-01,佐賀県,-,-,-,総合,-,,17
2021-09-01,長崎県,-,-,-,総合,-,,18
2021-09-01,熊本県,-,-,-,総合,-,,39
2021-09-01,大分県,-,-,-,総合,-,,31
2021-09-01,宮崎県,-,-,-,総合,-,,19
2021-09-01,鹿児島県,-,-,-,総合,-,,29
2021-09-01,沖縄県,-,-,-,総合,-,,31
2021-10-01,北海道,-,-,-,総合,-,,87
2021-10-01,青森県,-,-,-,総合,-,,29
2021-10-01,岩手県,-,-,-,総合,-,,24
2021-10-01,宮城県,-,-,-,総合,-,,25
2021-10-01,秋田県,-,-,-,総合,-,,20
2021-10-01,山形県,-,-,-,総合,-,,9
2021-10-01,福島県,-,-,-,総合,-,,18
2021-10-01,茨城県,-,-,-,総合,-,,25
2021-10-01,栃木県,-,-,-,総合,-,,22
2021-10-01,群馬県,-,-,-,総合,-,,32
2021-10-01,埼玉県,-,-,-,総合,-,,72
2021-10-01,千葉県,-,-,-,総合,-,,90
2021-10-01,東京都,-,-,-,総合,-,,122
2021-10-01,神奈川県,-,-,-,総合,-,,88
2021-10-01,新潟県,-,-,-,総合,-,,29
2021-10-01,山梨県,-,-,-,総合,-,,12
2021-10-01,長野県,-,-,-,総合,-,,35
2021-10-01,富山県,-,-,-,総合,-,,13
2021-10-01,石川県,-,-,-,総合,-,,19
2021-10-01,福井県,-,-,-,総合,-,,9
2021-10-01,岐阜県,-,-,-,総合,-,,40
2021-10-01,静岡県,-,-,-,総合,-,,24
2021-10-01,愛知県,-,-,-,総合,-,,108
2021-10-01,三重県,-,-,-,総合,-,,43
2021-10-01,滋賀県,-,-,-,総合,-,,43
2021-10-01,京都府,-,-,-,総合,-,,44
2021-10-01,大阪府,-,-,-,総合,-,,157
2021-10-01,兵庫県,-,-,-,総合,-,,79
2021-10-01,奈良県,-,-,-,総合,-,,26
2021-10-01,和歌山県,-,-,-,総合,-,,11
2021-10-01,鳥取県,-,-,-,総合,-,,11
2021-10-01,島根県,-,-,-,総合,-,,17
2021-10-01,岡山県,-,-,-,総合,-,,21
2021-10-01,広島県,-,-,-,総合,-,,35
2021-10-01,山口県,-,-,-,総合,-,,29
2021-10-01,徳島県,-,-,-,総合,-,,5
2021-10-01,香川県,-,-,-,総合,-,,11
2021-10-01,愛媛県,-,-,-,総合,-,,13
2021-10-01,高知県,-,-,-,総合,-,,7
2021-10-01,福岡県,-,-,-,総合,-,,94
2021-10-01,佐賀県,-,-,-,総合,-,,17
2021-10-01,長崎県,-,-,-,総合,-,,18
2021-10-01,熊本県,-,-,-,総合,-,,38
2021-10-01,大分県,-,-,-,総合,-,,31
2021-10-01,宮崎県,-,-,-,総合,-,,17
2021-10-01,鹿児島県,-,-,-,総合,-,,16
2021-10-01,沖縄県,-,-,-,総合,-,,31
2021-11-01,北海道,-,-,-,総合,-,,86
2021-11-01,青森県,-,-,-,総合,-,,29
2021-11-01,岩手県,-,-,-,総合,-,,24
2021-11-01,宮城県,-,-,-,総合,-,,25
2021-11-01,秋田県,-,-,-,総合,-,,21
2021-11-01,山形県,-,-,-,総合,-,,9
2021-11-01,福島県,-,-,-,総合,-,,18
2021-11-01,茨城県,-,-,-,総合,-,,25
2021-11-01,栃木県,-,-,-,総合,-,,22
2021-11-01,群馬県,-,-,-,総合,-,,32
2021-11-01,埼玉県,-,-,-,総合,-,,72
2021-11-01,千葉県,-,-,-,総合,-,,91
2021-11-01,東京都,-,-,-,総合,-,,124
2021-11-01,神奈川県,-,-,-,総合,-,,88
2021-11-01,新潟県,-,-,-,総合,-,,29
2021-11-01,山梨県,-,-,-,総合,-,,12
2021-11-01,長野県,-,-,-,総合,-,,35
2021-11-01,富山県,-,-,-,総合,-,,13
2021-11-01,石川県,-,-,-,総合,-,,19
2021-11-01,福井県,-,-,-,総合,-,,9
2021-11-01,岐阜県,-,-,-,総合,-,,40
2021-11-01,静岡県,-,-,-,総合,-,,24
2021-11-01,愛知県,-,-,-,総合,-,,109
2021-11-01,三重県,-,-,-,総合,-,,42
2021-11-01,滋賀県,-,-,-,総合,-,,43
2021-11-01,京都府,-,-,-,総合,-,,44
2021-11-01,大阪府,-,-,-,総合,-,,157
2021-11-01,兵庫県,-,-,-,総合,-,,79
2021-11-01,奈良県,-,-,-,総合,-,,26
2021-11-01,和歌山県,-,-,-,総合,-,,11
2021-11-01,鳥取県,-,-,-,総合,-,,11
2021-11-01,島根県,-,-,-,総合,-,,17
2021-11-01,岡山県,-,-,-,総合,-,,21
2021-11-01,広島県,-,-,-,総合,-,,35
2021-11-01,山口県,-,-,-,総合,-,,29
2021-11-01,徳島県,-,-,-,総合,-,,5
2021-11-01,香川県,-,-,-,総合,-,,11
2021-11-01,愛媛県,-,-,-,総合,-,,13
2021-11-01,高知県,-,-,-,総合,-,,7
2021-11-01,福岡県,-,-,-,総合,-,,94
2021-11-01,佐賀県,-,-,-,総合,-,,17
2021-11-01,長崎県,-,-,-,総合,-,,17
2021-11-01,熊本県,-,-,-,総合,-,,38
2021-11-01,大分県,-,-,-,総合,-,,31
2021-11-01,宮崎県,-,-,-,総合,-,,17
2021-11-01,鹿児島県,-,-,-,総合,-,,16
2021-11-01,沖縄県,-,-,-,総合,-,,31
2021-12-01,北海道,-,-,-,総合,-,,87
2021-12-01,青森県,-,-,-,総合,-,,29
2021-12-01,岩手県,-,-,-,総合,-,,24
2021-12-01,宮城県,-,-,-,総合,-,,25
2021-12-01,秋田県,-,-,-,総合,-,,21
2021-12-01,山形県,-,-,-,総合,-,,9
2021-12-01,福島県,-,-,-,総合,-,,18
2021-12-01,茨城県,-,-,-,総合,-,,25
2021-12-01,栃木県,-,-,-,総合,-,,22
2021-12-01,群馬県,-,-,-,総合,-,,32
2021-12-01,埼玉県,-,-,-,総合,-,,72
2021-12-01,千葉県,-,-,-,総合,-,,91
2021-12-01,東京都,-,-,-,総合,-,,124
2021-12-01,神奈川県,-,-,-,総合,-,,88
2021-12-01,新潟県,-,-,-,総合,-,,29
2021-12-01,山梨県,-,-,-,総合,-,,12
2021-12-01,長野県,-,-,-,総合,-,,35
2021-12-01,富山県,-,-,-,総合,-,,13
2021-12-01,石川県,-,-,-,総合,-,,19
2021-12-01,福井県,-,-,-,総合,-,,9
2021-12-01,岐阜県,-,-,-,総合,-,,40
2021-12-01,静岡県,-,-,-,総合,-,,24
2021-12-01,愛知県,-,-,-,総合,-,,108
2021-12-01,三重県,-,-,-,総合,-,,42
2021-12-01,滋賀県,-,-,-,総合,-,,43
2021-12-01,京都府,-,-,-,総合,-,,44
2021-12-01,大阪府,-,-,-,総合,-,,157
2021-12-01,兵庫県,-,-,-,総合,-,,79
2021-12-01,奈良県,-,-,-,総合,-,,26
2021-12-01,和歌山県,-,-,-,総合,-,,11
2021-12-01,鳥取県,-,-,-,総合,-,,11
2021-12-01,島根県,-,-,-,総合,-,,17
2021-12-01,岡山県,-,-,-,総合,-,,21
2021-12-01,広島県,-,-,-,総合,-,,36
2021-12-01,山口県,-,-,-,総合,-,,29
2021-12-01,徳島県,-,-,-,総合,-,,5
2021-12-01,香川県,-,-,-,総合,-,,11
2021-12-01,愛媛県,-,-,-,総合,-,,13
2021-12-01,高知県,-,-,-,総合,-,,7
2021-12-01,福岡県,-,-,-,総合,-,,95
2021-12-01,佐賀県,-,-,-,総合,-,,17
2021-12-01,長崎県,-,-,-,総合,-,,17
2021-12-01,熊本県,-,-,-,総合,-,,38
2021-12-01,大分県,-,-,-,総合,-,,31
2021-12-01,宮崎県,-,-,-,総合,-,,17
2021-12-01,鹿児島県,-,-,-,総合,-,,16
2021-12-01,沖縄県,-,-,-,総合,-,,31
2022-01-01,北海道,-,-,-,総合,-,,87
2022-01-01,青森県,-,-,-,総合,-,,29
2022-01-01,岩手県,-,-,-,総合,-,,24
2022-01-01,宮城県,-,-,-,総合,-,,25
2022-01-01,秋田県,-,-,-,総合,-,,21
2022-01-01,山形県,-,-,-,総合,-,,9
2022-01-01,福島県,-,-,-,総合,-,,18
2022-01-01,茨城県,-,-,-,総合,-,,25
2022-01-01,栃木県,-,-,-,総合,-,,22
2022-01-01,群馬県,-,-,-,総合,-,,32
2022-01-01,埼玉県,-,-,-,総合,-,,71
2022-01-01,千葉県,-,-,-,総合,-,,91
2022-01-01,東京都,-,-,-,総合,-,,124
2022-01-01,神奈川県,-,-,-,総合,-,,89
2022-01-01,新潟県,-,-,-,総合,-,,29
2022-01-01,山梨県,-,-,-,総合,-,,12
2022-01-01,長野県,-,-,-,総合,-,,35
2022-01-01,富山県,-,-,-,総合,-,,12
2022-01-01,石川県,-,-,-,総合,-,,19
2022-01-01,福井県,-,-,-,総合,-,,9
2022-01-01,岐阜県,-,-,-,総合,-,,40
2022-01-01,静岡県,-,-,-,総合,-,,24
2022-01-01,愛知県,-,-,-,総合,-,,108
2022-01-01,三重県,-,-,-,総合,-,,42
2022-01-01,滋賀県,-,-,-,総合,-,,43
2022-01-01,京都府,-,-,-,総合,-,,44
2022-01-01,大阪府,-,-,-,総合,-,,157
2022-01-01,兵庫県,-,-,-,総合,-,,79
2022-01-01,奈良県,-,-,-,総合,-,,26
2022-01-01,和歌山県,-,-,-,総合,-,,11
2022-01-01,鳥取県,-,-,-,総合,-,,11
2022-01-01,島根県,-,-,-,総合,-,,17
2022-01-01,岡山県,-,-,-,総合,-,,21
2022-01-01,広島県,-,-,-,総合,-,,36
2022-01-01,山口県,-,-,-,総合,-,,28
2022-01-01,徳島県,-,-,-,総合,-,,5
2022-01-01,香川県,-,-,-,総合,-,,11
2022-01-01,愛媛県,-,-,-,総合,-,,13
2022-01-01,高知県,-,-,-,総合,-,,7
2022-01-01,福岡県,-,-,-,総合,-,,95
2022-01-01,佐賀県,-,-,-,総合,-,,17
2022-01-01,長崎県,-,-,-,総合,-,,17
2022-01-01,熊本県,-,-,-,総合,-,,38
2022-01-01,大分県,-,-,-,総合,-,,31
2022-01-01,宮崎県,-,-,-,総合,-,,17
2022-01-01,鹿児島県,-,-,-,総合,-,,16
2022-01-01,沖縄県,-,-,-,総合,-,,31
2022-02-01,北海道,-,-,-,総合,-,,87
2022-02-01,青森県,-,-,-,総合,-,,29
2022-02-01,岩手県,-,-,-,総合,-,,24
2022-02-01,宮城県,-,-,-,総合,-,,25
2022-02-01,秋田県,-,-,-,総合,-,,21
2022-02-01,山形県,-,-,-,総合,-,,9
2022-02-01,福島県,-,-,-,総合,-,,19
2022-02-01,茨城県,-,-,-,総合,-,,25
2022-02-01,栃木県,-,-,-,総合,-,,22
2022-02-01,群馬県,-,-,-,総合,-,,32
2022-02-01,埼玉県,-,-,-,総合,-,,71
2022-02-01,千葉県,-,-,-,総合,-,,91
2022-02-01,東京都,-,-,-,総合,-,,124
2022-02-01,神奈川県,-,-,-,総合,-,,89
2022-02-01,新潟県,-,-,-,総合,-,,29
2022-02-01,山梨県,-,-,-,総合,-,,12
2022-02-01,長野県,-,-,-,総合,-,,36
2022-02-01,富山県,-,-,-,総合,-,,13
2022-02-01,石川県,-,-,-,総合,-,,19
2022-02-01,福井県,-,-,-,総合,-,,9
2022-02-01,岐阜県,-,-,-,総合,-,,40
2022-02-01,静岡県,-,-,-,総合,-,,24
2022-02-01,愛知県,-,-,-,総合,-,,108
2022-02-01,三重県,-,-,-,総合,-,,42
2022-02-01,滋賀県,-,-,-,総合,-,,44
2022-02-01,京都府,-,-,-,総合,-,,44
2022-02-01,大阪府,-,-,-,総合,-,,157
2022-02-01,兵庫県,-,-,-,総合,-,,79
2022-02-01,奈良県,-,-,-,総合,-,,26
2022-02-01,和歌山県,-,-,-,総合,-,,11
2022-02-01,鳥取県,-,-,-,総合,-,,11
2022-02-01,島根県,-,-,-,総合,-,,17
2022-02-01,岡山県,-,-,-,総合,-,,21
2022-02-01,広島県,-,-,-,総合,-,,36
2022-02-01,山口県,-,-,-,総合,-,,28
2022-02-01,徳島県,-,-,-,総合,-,,5
2022-02-01,香川県,-,-,-,総合,-,,11
2022-02-01,愛媛県,-,-,-,総合,-,,13
2022-02-01,高知県,-,-,-,総合,-,,7
2022-02-01,福岡県,-,-,-,総合,-,,95
2022-02-01,佐賀県,-,-,-,総合,-,,17
2022-02-01,長崎県,-,-,-,総合,-,,17
2022-02-01,熊本県,-,-,-,総合,-,,38
2022-02-01,大分県,-,-,-,総合,-,,31
2022-02-01,宮崎県,-,-,-,総合,-,,17
2022-02-01,鹿児島県,-,-,-,総合,-,,16
2022-02-01,沖縄県,-,-,-,総合,-,,31
2022-03-01,北海道,-,-,-,総合,-,,87
2022-03-01,青森県,-,-,-,総合,-,,29
2022-03-01,岩手県,-,-,-,総合,-,,24
2022-03-01,宮城県,-,-,-,総合,-,,25
2022-03-01,秋田県,-,-,-,総合,-,,21
2022-03-01,山形県,-,-,-,総合,-,,9
2022-03-01,福島県,-,-,-,総合,-,,18
2022-03-01,茨城県,-,-,-,総合,-,,25
2022-03-01,栃木県,-,-,-,総合,-,,23
2022-03-01,群馬県,-,-,-,総合,-,,32
2022-03-01,埼玉県,-,-,-,総合,-,,70
2022-03-01,千葉県,-,-,-,総合,-,,91
2022-03-01,東京都,-,-,-,総合,-,,123
2022-03-01,神奈川県,-,-,-,総合,-,,89
2022-03-01,新潟県,-,-,-,総合,-,,29
2022-03-01,山梨県,-,-,-,総合,-,,12
2022-03-01,長野県,-,-,-,総合,-,,36
2022-03-01,富山県,-,-,-,総合,-,,13
2022-03-01,石川県,-,-,-,総合,-,,19
2022-03-01,福井県,-,-,-,総合,-,,9
2022-03-01,岐阜県,-,-,-,総合,-,,41
2022-03-01,静岡県,-,-,-,総合,-,,24
2022-03-01,愛知県,-,-,-,総合,-,,109
2022-03-01,三重県,-,-,-,総合,-,,42
2022-03-01,滋賀県,-,-,-,総合,-,,44
2022-03-01,京都府,-,-,-,総合,-,,44
2022-03-01,大阪府,-,-,-,総合,-,,157
2022-03-01,兵庫県,-,-,-,総合,-,,79
2022-03-01,奈良県,-,-,-,総合,-,,26
2022-03-01,和歌山県,-,-,-,総合,-,,11
2022-03-01,鳥取県,-,-,-,総合,-,,11
2022-03-01,島根県,-,-,-,総合,-,,17
2022-03-01,岡山県,-,-,-,総合,-,,21
2022-03-01,広島県,-,-,-,総合,-,,36
2022-03-01,山口県,-,-,-,総合,-,,28
2022-03-01,徳島県,-,-,-,総合,-,,5
2022-03-01,香川県,-,-,-,総合,-,,11
2022-03-01,愛媛県,-,-,-,総合,-,,13
2022-03-01,高知県,-,-,-,総合,-,,7
2022-03-01,福岡県,-,-,-,総合,-,,95
2022-03-01,佐賀県,-,-,-,総合,-,,17
2022-03-01,長崎県,-,-,-,総合,-,,18
2022-03-01,熊本県,-,-,-,総合,-,,38
2022-03-01,大分県,-,-,-,総合,-,,31
2022-03-01,宮崎県,-,-,-,総合,-,,17
2022-03-01,鹿児島県,-,-,-,総合,-,,16
2022-03-01,沖縄県,-,-,-,総合,-,,31
2022-04-01,北海道,-,-,-,総合,-,,87
2022-04-01,青森県,-,-,-,総合,-,,29
2022-04-01,岩手県,-,-,-,総合,-,,24
2022-04-01,宮城県,-,-,-,総合,-,,24
2022-04-01,秋田県,-,-,-,総合,-,,21
2022-04-01,山形県,-,-,-,総合,-,,9
2022-04-01,福島県,-,-,-,総合,-,,18
2022-04-01,茨城県,-,-,-,総合,-,,25
2022-04-01,栃木県,-,-,-,総合,-,,23
2022-04-01,群馬県,-,-,-,総合,-,,32
2022-04-01,埼玉県,-,-,-,総合,-,,70
2022-04-01,千葉県,-,-,-,総合,-,,92
2022-04-01,東京都,-,-,-,総合,-,,124
2022-04-01,神奈川県,-,-,-,総合,-,,88
2022-04-01,新潟県,-,-,-,総合,-,,29
2022-04-01,山梨県,-,-,-,総合,-,,12
2022-04-01,長野県,-,-,-,総合,-,,36
2022-04-01,富山県,-,-,-,総合,-,,13
2022-04-01,石川県,-,-,-,総合,-,,19
2022-04-01,福井県,-,-,-,総合,-,,9
2022-04-01,岐阜県,-,-,-,総合,-,,41
2022-04-01,静岡県,-,-,-,総合,-,,24
2022-04-01,愛知県,-,-,-,総合,-,,110
2022-04-01,三重県,-,-,-,総合,-,,42
2022-04-01,滋賀県,-,-,-,総合,-,,44
2022-04-01,京都府,-,-,-,総合,-,,44
2022-04-01,大阪府,-,-,-,総合,-,,158
2022-04-01,兵庫県,-,-,-,総合,-,,79
2022-04-01,奈良県,-,-,-,総合,-,,26
2022-04-01,和歌山県,-,-,-,総合,-,,11
2022-04-01,鳥取県,-,-,-,総合,-,,11
2022-04-01,島根県,-,-,-,総合,-,,17
2022-04-01,岡山県,-,-,-,総合,-,,21
2022-04-01,広島県,-,-,-,総合,-,,36
2022-04-01,山口県,-,-,-,総合,-,,28
2022-04-01,徳島県,-,-,-,総合,-,,5
2022-04-01,香川県,-,-,-,総合,-,,11
2022-04-01,愛媛県,-,-,-,総合,-,,13
2022-04-01,高知県,-,-,-,総合,-,,7
2022-04-01,福岡県,-,-,-,総合,-,,96
2022-04-01,佐賀県,-,-,-,総合,-,,17
2022-04-01,長崎県,-,-,-,総合,-,,18
2022-04-01,熊本県,-,-,-,総合,-,,38
2022-04-01,大分県,-,-,-,総合,-,,31
2022-04-01,宮崎県,-,-,-,総合,-,,17
2022-04-01,鹿児島県,-,-,-,総合,-,,16
2022-04-01,沖縄県,-,-,-,総合,-,,31
2022-05-01,北海道,-,-,-,総合,-,,87
2022-05-01,青森県,-,-,-,総合,-,,30
2022-05-01,岩手県,-,-,-,総合,-,,24
2022-05-01,宮城県,-,-,-,総合,-,,24
2022-05-01,秋田県,-,-,-,総合,-,,21
2022-05-01,山形県,-,-,-,総合,-,,9
2022-05-01,福島県,-,-,-,総合,-,,18
2022-05-01,茨城県,-,-,-,総合,-,,25
2022-05-01,栃木県,-,-,-,総合,-,,23
2022-05-01,群馬県,-,-,-,総合,-,,32
2022-05-01,埼玉県,-,-,-,総合,-,,70
2022-05-01,千葉県,-,-,-,総合,-,,92
2022-05-01,東京都,-,-,-,総合,-,,124
2022-05-01,神奈川県,-,-,-,総合,-,,89
2022-05-01,新潟県,-,-,-,総合,-,,29
2022-05-01,山梨県,-,-,-,総合,-,,12
2022-05-01,長野県,-,-,-,総合,-,,36
2022-05-01,富山県,-,-,-,総合,-,,13
2022-05-01,石川県,-,-,-,総合,-,,19
2022-05-01,福井県,-,-,-,総合,-,,9
2022-05-01,岐阜県,-,-,-,総合,-,,41
2022-05-01,静岡県,-,-,-,総合,-,,24
2022-05-01,愛知県,-,-,-,総合,-,,110
2022-05-01,三重県,-,-,-,総合,-,,42
2022-05-01,滋賀県,-,-,-,総合,-,,44
2022-05-01,京都府,-,-,-,総合,-,,44
2022-05-01,大阪府,-,-,-,総合,-,,158
2022-05-01,兵庫県,-,-,-,総合,-,,79
2022-05-01,奈良県,-,-,-,総合,-,,26
2022-05-01,和歌山県,-,-,-,総合,-,,11
2022-05-01,鳥取県,-,-,-,総合,-,,11
2022-05-01,島根県,-,-,-,総合,-,,17
2022-05-01,岡山県,-,-,-,総合,-,,21
2022-05-01,広島県,-,-,-,総合,-,,36
2022-05-01,山口県,-,-,-,総合,-,,28
2022-05-01,徳島県,-,-,-,総合,-,,5
2022-05-01,香川県,-,-,-,総合,-,,11
2022-05-01,愛媛県,-,-,-,総合,-,,13
2022-05-01,高知県,-,-,-,総合,-,,7
2022-05-01,福岡県,-,-,-,総合,-,,96
2022-05-01,佐賀県,-,-,-,総合,-,,17
2022-05-01,長崎県,-,-,-,総合,-,,18
2022-05-01,熊本県,-,-,-,総合,-,,38
2022-05-01,大分県,-,-,-,総合,-,,31
2022-05-01,宮崎県,-,-,-,総合,-,,17
2022-05-01,鹿児島県,-,-,-,総合,-,,16
2022-05-01,沖縄県,-,-,-,総合,-,,31
2022-06-01,北海道,-,-,-,総合,-,,87
2022-06-01,青森県,-,-,-,総合,-,,30
2022-06-01,岩手県,-,-,-,総合,-,,24
2022-06-01,宮城県,-,-,-,総合,-,,24
2022-06-01,秋田県,-,-,-,総合,-,,21
2022-06-01,山形県,-,-,-,総合,-,,9
2022-06-01,福島県,-,-,-,総合,-,,18
2022-06-01,茨城県,-,-,-,総合,-,,25
2022-06-01,栃木県,-,-,-,総合,-,,23
2022-06-01,群馬県,-,-,-,総合,-,,32
2022-06-01,埼玉県,-,-,-,総合,-,,71
2022-06-01,千葉県,-,-,-,総合,-,,92
2022-06-01,東京都,-,-,-,総合,-,,124
2022-06-01,神奈川県,-,-,-,総合,-,,89
2022-06-01,新潟県,-,-,-,総合,-,,28
2022-06-01,山梨県,-,-,-,総合,-,,12
2022-06-01,長野県,-,-,-,総合,-,,36
2022-06-01,富山県,-,-,-,総合,-,,13
2022-06-01,石川県,-,-,-,総合,-,,19
2022-06-01,福井県,-,-,-,総合,-,,9
2022-06-01,岐阜県,-,-,-,総合,-,,41
2022-06-01,静岡県,-,-,-,総合,-,,24
2022-06-01,愛知県,-,-,-,総合,-,,110
2022-06-01,三重県,-,-,-,総合,-,,42
2022-06-01,滋賀県,-,-,-,総合,-,,44
2022-06-01,京都府,-,-,-,総合,-,,44
2022-06-01,大阪府,-,-,-,総合,-,,158
2022-06-01,兵庫県,-,-,-,総合,-,,78
2022-06-01,奈良県,-,-,-,総合,-,,26
2022-06-01,和歌山県,-,-,-,総合,-,,11
2022-06-01,鳥取県,-,-,-,総合,-,,11
2022-06-01,島根県,-,-,-,総合,-,,17
2022-06-01,岡山県,-,-,-,総合,-,,21
2022-06-01,広島県,-,-,-,総合,-,,36
2022-06-01,山口県,-,-,-,総合,-,,28
2022-06-01,徳島県,-,-,-,総合,-,,5
2022-06-01,香川県,-,-,-,総合,-,,11
2022-06-01,愛媛県,-,-,-,総合,-,,13
2022-06-01,高知県,-,-,-,総合,-,,7
2022-06-01,福岡県,-,-,-,総合,-,,96
2022-06-01,佐賀県,-,-,-,総合,-,,17
2022-06-01,長崎県,-,-,-,総合,-,,18
2022-06-01,熊本県,-,-,-,総合,-,,38
2022-06-01,大分県,-,-,-,総合,-,,31
2022-06-01,宮崎県,-,-,-,総合,-,,17
2022-06-01,鹿児島県,-,-,-,総合,-,,16
2022-06-01,沖縄県,-,-,-,総合,-,,31
2022-07-01,北海道,-,-,-,総合,-,,87
2022-07-01,青森県,-,-,-,総合,-,,30
2022-07-01,岩手県,-,-,-,総合,-,,24
2022-07-01,宮城県,-,-,-,総合,-,,24
2022-07-01,秋田県,-,-,-,総合,-,,21
2022-07-01,山形県,-,-,-,総合,-,,9
2022-07-01,福島県,-,-,-,総合,-,,18
2022-07-01,茨城県,-,-,-,総合,-,,25
2022-07-01,栃木県,-,-,-,総合,-,,23
2022-07-01,群馬県,-,-,-,総合,-,,32
2022-07-01,埼玉県,-,-,-,総合,-,,71
2022-07-01,千葉県,-,-,-,総合,-,,91
2022-07-01,東京都,-,-,-,総合,-,,124
2022-07-01,神奈川県,-,-,-,総合,-,,89
2022-07-01,新潟県,-,-,-,総合,-,,28
2022-07-01,山梨県,-,-,-,総合,-,,12
2022-07-01,長野県,-,-,-,総合,-,,35
2022-07-01,富山県,-,-,-,総合,-,,13
2022-07-01,石川県,-,-,-,総合,-,,19
2022-07-01,福井県,-,-,-,総合,-,,9
2022-07-01,岐阜県,-,-,-,総合,-,,41
2022-07-01,静岡県,-,-,-,総合,-,,24
2022-07-01,愛知県,-,-,-,総合,-,,109
2022-07-01,三重県,-,-,-,総合,-,,42
2022-07-01,滋賀県,-,-,-,総合,-,,43
2022-07-01,京都府,-,-,-,総合,-,,44
2022-07-01,大阪府,-,-,-,総合,-,,157
2022-07-01,兵庫県,-,-,-,総合,-,,79
2022-07-01,奈良県,-,-,-,総合,-,,26
2022-07-01,和歌山県,-,-,-,総合,-,,11
2022-07-01,鳥取県,-,-,-,総合,-,,11
2022-07-01,島根県,-,-,-,総合,-,,17
2022-07-01,岡山県,-,-,-,総合,-,,21
2022-07-01,広島県,-,-,-,総合,-,,35
2022-07-01,山口県,-,-,-,総合,-,,28
2022-07-01,徳島県,-,-,-,総合,-,,5
2022-07-01,香川県,-,-,-,総合,-,,11
2022-07-01,愛媛県,-,-,-,総合,-,,13
2022-07-01,高知県,-,-,-,総合,-,,7
2022-07-01,福岡県,-,-,-,総合,-,,96
2022-07-01,佐賀県,-,-,-,総合,-,,17
2022-07-01,長崎県,-,-,-,総合,-,,18
2022-07-01,熊本県,-,-,-,総合,-,,38
2022-07-01,大分県,-,-,-,総合,-,,31
2022-07-01,宮崎県,-,-,-,総合,-,,17
2022-07-01,鹿児島県,-,-,-,総合,-,,16
2022-07-01,沖縄県,-,-,-,総合,-,,31
2022-08-01,北海道,-,-,-,総合,-,,87
2022-08-01,青森県,-,-,-,総合,-,,30
2022-08-01,岩手県,-,-,-,総合,-,,24
2022-08-01,宮城県,-,-,-,総合,-,,24
2022-08-01,秋田県,-,-,-,総合,-,,21
2022-08-01,山形県,-,-,-,総合,-,,9
2022-08-01,福島県,-,-,-,総合,-,,19
2022-08-01,茨城県,-,-,-,総合,-,,25
2022-08-01,栃木県,-,-,-,総合,-,,23
2022-08-01,群馬県,-,-,-,総合,-,,32
2022-08-01,埼玉県,-,-,-,総合,-,,71
2022-08-01,千葉県,-,-,-,総合,-,,91
2022-08-01,東京都,-,-,-,総合,-,,121
2022-08-01,神奈川県,-,-,-,総合,-,,89
2022-08-01,新潟県,-,-,-,総合,-,,28
2022-08-01,山梨県,-,-,-,総合,-,,12
2022-08-01,長野県,-,-,-,総合,-,,36
2022-08-01,富山県,-,-,-,総合,-,,13
2022-08-01,石川県,-,-,-,総合,-,,19
2022-08-01,福井県,-,-,-,総合,-,,9
2022-08-01,岐阜県,-,-,-,総合,-,,40
2022-08-01,静岡県,-,-,-,総合,-,,24
2022-08-01,愛知県,-,-,-,総合,-,,109
2022-08-01,三重県,-,-,-,総合,-,,43
2022-08-01,滋賀県,-,-,-,総合,-,,43
2022-08-01,京都府,-,-,-,総合,-,,43
2022-08-01,大阪府,-,-,-,総合,-,,157
2022-08-01,兵庫県,-,-,-,総合,-,,79
2022-08-01,奈良県,-,-,-,総合,-,,26
2022-08-01,和歌山県,-,-,-,総合,-,,11
2022-08-01,鳥取県,-,-,-,総合,-,,11
2022-08-01,島根県,-,-,-,総合,-,,17
2022-08-01,岡山県,-,-,-,総合,-,,21
2022-08-01,広島県,-,-,-,総合,-,,34
2022-08-01,山口県,-,-,-,総合,-,,28
2022-08-01,徳島県,-,-,-,総合,-,,5
2022-08-01,香川県,-,-,-,総合,-,,11
2022-08-01,愛媛県,-,-,-,総合,-,,13
2022-08-01,高知県,-,-,-,総合,-,,7
2022-08-01,福岡県,-,-,-,総合,-,,96
2022-08-01,佐賀県,-,-,-,総合,-,,17
2022-08-01,長崎県,-,-,-,総合,-,,18
2022-08-01,熊本県,-,-,-,総合,-,,38
2022-08-01,大分県,-,-,-,総合,-,,31
2022-08-01,宮崎県,-,-,-,総合,-,,17
2022-08-01,鹿児島県,-,-,-,総合,-,,16
2022-08-01,沖縄県,-,-,-,総合,-,,31
2022-09-01,北海道,-,-,-,総合,-,,87
2022-09-01,青森県,-,-,-,総合,-,,30
2022-09-01,岩手県,-,-,-,総合,-,,24
2022-09-01,宮城県,-,-,-,総合,-,,24
2022-09-01,秋田県,-,-,-,総合,-,,21
2022-09-01,山形県,-,-,-,総合,-,,9
2022-09-01,福島県,-,-,-,総合,-,,19
2022-09-01,茨城県,-,-,-,総合,-,,25
2022-09-01,栃木県,-,-,-,総合,-,,23
2022-09-01,群馬県,-,-,-,総合,-,,32
2022-09-01,埼玉県,-,-,-,総合,-,,71
2022-09-01,千葉県,-,-,-,総合,-,,91
2022-09-01,東京都,-,-,-,総合,-,,123
2022-09-01,神奈川県,-,-,-,総合,-,,89
2022-09-01,新潟県,-,-,-,総合,-,,28
2022-09-01,山梨県,-,-,-,総合,-,,12
2022-09-01,長野県,-,-,-,総合,-,,37
2022-09-01,富山県,-,-,-,総合,-,,13
2022-09-01,石川県,-,-,-,総合,-,,19
2022-09-01,福井県,-,-,-,総合,-,,9
2022-09-01,岐阜県,-,-,-,総合,-,,40
2022-09-01,静岡県,-,-,-,総合,-,,24
2022-09-01,愛知県,-,-,-,総合,-,,108
2022-09-01,三重県,-,-,-,総合,-,,43
2022-09-01,滋賀県,-,-,-,総合,-,,43
2022-09-01,京都府,-,-,-,総合,-,,43
2022-09-01,大阪府,-,-,-,総合,-,,158
2022-09-01,兵庫県,-,-,-,総合,-,,79
2022-09-01,奈良県,-,-,-,総合,-,,26
2022-09-01,和歌山県,-,-,-,総合,-,,11
2022-09-01,鳥取県,-,-,-,総合,-,,11
2022-09-01,島根県,-,-,-,総合,-,,17
2022-09-01,岡山県,-,-,-,総合,-,,21
2022-09-01,広島県,-,-,-,総合,-,,34
2022-09-01,山口県,-,-,-,総合,-,,28
2022-09-01,徳島県,-,-,-,総合,-,,5
2022-09-01,香川県,-,-,-,総合,-,,11
2022-09-01,愛媛県,-,-,-,総合,-,,13
2022-09-01,高知県,-,-,-,総合,-,,7
2022-09-01,福岡県,-,-,-,総合,-,,96
2022-09-01,佐賀県,-,-,-,総合,-,,17
2022-09-01,長崎県,-,-,-,総合,-,,18
2022-09-01,熊本県,-,-,-,総合,-,,38
2022-09-01,大分県,-,-,-,総合,-,,31
2022-09-01,宮崎県,-,-,-,総合,-,,17
2022-09-01,鹿児島県,-,-,-,総合,-,,16
2022-09-01,沖縄県,-,-,-,総合,-,,31
2022-10-01,北海道,-,-,-,総合,-,,89
2022-10-01,青森県,-,-,-,総合,-,,30
2022-10-01,岩手県,-,-,-,総合,-,,24
2022-10-01,宮城県,-,-,-,総合,-,,24
2022-10-01,秋田県,-,-,-,総合,-,,21
2022-10-01,山形県,-,-,-,総合,-,,9
2022-10-01,福島県,-,-,-,総合,-,,19
2022-10-01,茨城県,-,-,-,総合,-,,25
2022-10-01,栃木県,-,-,-,総合,-,,23
2022-10-01,群馬県,-,-,-,総合,-,,33
2022-10-01,埼玉県,-,-,-,総合,-,,71
2022-10-01,千葉県,-,-,-,総合,-,,91
2022-10-01,東京都,-,-,-,総合,-,,123
2022-10-01,神奈川県,-,-,-,総合,-,,90
2022-10-01,新潟県,-,-,-,総合,-,,28
2022-10-01,山梨県,-,-,-,総合,-,,12
2022-10-01,長野県,-,-,-,総合,-,,37
2022-10-01,富山県,-,-,-,総合,-,,13
2022-10-01,石川県,-,-,-,総合,-,,19
2022-10-01,福井県,-,-,-,総合,-,,9
2022-10-01,岐阜県,-,-,-,総合,-,,41
2022-10-01,静岡県,-,-,-,総合,-,,24
2022-10-01,愛知県,-,-,-,総合,-,,108
2022-10-01,三重県,-,-,-,総合,-,,43
2022-10-01,滋賀県,-,-,-,総合,-,,43
2022-10-01,京都府,-,-,-,総合,-,,43
2022-10-01,大阪府,-,-,-,総合,-,,159
2022-10-01,兵庫県,-,-,-,総合,-,,79
2022-10-01,奈良県,-,-,-,総合,-,,26
2022-10-01,和歌山県,-,-,-,総合,-,,11
2022-10-01,鳥取県,-,-,-,総合,-,,11
2022-10-01,島根県,-,-,-,総合,-,,17
2022-10-01,岡山県,-,-,-,総合,-,,21
2022-10-01,広島県,-,-,-,総合,-,,35
2022-10-01,山口県,-,-,-,総合,-,,28
2022-10-01,徳島県,-,-,-,総合,-,,5
2022-10-01,香川県,-,-,-,総合,-,,11
2022-10-01,愛媛県,-,-,-,総合,-,,13
2022-10-01,高知県,-,-,-,総合,-,,7
2022-10-01,福岡県,-,-,-,総合,-,,96
2022-10-01,佐賀県,-,-,-,総合,-,,17
2022-10-01,長崎県,-,-,-,総合,-,,18
2022-10-01,熊本県,-,-,-,総合,-,,39
2022-10-01,大分県,-,-,-,総合,-,,31
2022-10-01,宮崎県,-,-,-,総合,-,,17
2022-10-01,鹿児島県,-,-,-,総合,-,,17
2022-10-01,沖縄県,-,-,-,総合,-,,31
2022-11-01,北海道,-,-,-,総合,-,,89
2022-11-01,青森県,-,-,-,総合,-,,30
2022-11-01,岩手県,-,-,-,総合,-,,24
2022-11-01,宮城県,-,-,-,総合,-,,24
2022-11-01,秋田県,-,-,-,総合,-,,21
2022-11-01,山形県,-,-,-,総合,-,,9
2022-11-01,福島県,-,-,-,総合,-,,20
2022-11-01,茨城県,-,-,-,総合,-,,25
2022-11-01,栃木県,-,-,-,総合,-,,22
2022-11-01,群馬県,-,-,-,総合,-,,33
2022-11-01,埼玉県,-,-,-,総合,-,,71
2022-11-01,千葉県,-,-,-,総合,-,,91
2022-11-01,東京都,-,-,-,総合,-,,123
2022-11-01,神奈川県,-,-,-,総合,-,,90
2022-11-01,新潟県,-,-,-,総合,-,,28
2022-11-01,山梨県,-,-,-,総合,-,,12
2022-11-01,長野県,-,-,-,総合,-,,37
2022-11-01,富山県,-,-,-,総合,-,,13
2022-11-01,石川県,-,-,-,総合,-,,19
2022-11-01,福井県,-,-,-,総合,-,,9
2022-11-01,岐阜県,-,-,-,総合,-,,41
2022-11-01,静岡県,-,-,-,総合,-,,24
2022-11-01,愛知県,-,-,-,総合,-,,108
2022-11-01,三重県,-,-,-,総合,-,,43
2022-11-01,滋賀県,-,-,-,総合,-,,43
2022-11-01,京都府,-,-,-,総合,-,,42
2022-11-01,大阪府,-,-,-,総合,-,,159
2022-11-01,兵庫県,-,-,-,総合,-,,79
2022-11-01,奈良県,-,-,-,総合,-,,26
2022-11-01,和歌山県,-,-,-,総合,-,,10
2022-11-01,鳥取県,-,-,-,総合,-,,11
2022-11-01,島根県,-,-,-,総合,-,,17
2022-11-01,岡山県,-,-,-,総合,-,,21
2022-11-01,広島県,-,-,-,総合,-,,35
2022-11-01,山口県,-,-,-,総合,-,,28
2022-11-01,徳島県,-,-,-,総合,-,,5
2022-11-01,香川県,-,-,-,総合,-,,11
2022-11-01,愛媛県,-,-,-,総合,-,,13
2022-11-01,高知県,-,-,-,総合,-,,7
2022-11-01,福岡県,-,-,-,総合,-,,96
2022-11-01,佐賀県,-,-,-,総合,-,,17
2022-11-01,長崎県,-,-,-,総合,-,,18
2022-11-01,熊本県,-,-,-,総合,-,,39
2022-11-01,大分県,-,-,-,総合,-,,31
2022-11-01,宮崎県,-,-,-,総合,-,,17
2022-11-01,鹿児島県,-,-,-,総合,-,,17
2022-11-01,沖縄県,-,-,-,総合,-,,31
2022-12-01,北海道,-,-,-,総合,-,,90
2022-12-01,青森県,-,-,-,総合,-,,30
2022-12-01,岩手県,-,-,-,総合,-,,24
2022-12-01,宮城県,-,-,-,総合,-,,24
2022-12-01,秋田県,-,-,-,総合,-,,21
2022-12-01,山形県,-,-,-,総合,-,,9
2022-12-01,福島県,-,-,-,総合,-,,20
2022-12-01,茨城県,-,-,-,総合,-,,25
2022-12-01,栃木県,-,-,-,総合,-,,23
2022-12-01,群馬県,-,-,-,総合,-,,33
2022-12-01,埼玉県,-,-,-,総合,-,,72
2022-12-01,千葉県,-,-,-,総合,-,,90
2022-12-01,東京都,-,-,-,総合,-,,123
2022-12-01,神奈川県,-,-,-,総合,-,,91
2022-12-01,新潟県,-,-,-,総合,-,,28
2022-12-01,山梨県,-,-,-,総合,-,,12
2022-12-01,長野県,-,-,-,総合,-,,37
2022-12-01,富山県,-,-,-,総合,-,,13
2022-12-01,石川県,-,-,-,総合,-,,19
2022-12-01,福井県,-,-,-,総合,-,,9
2022-12-01,岐阜県,-,-,-,総合,-,,41
2022-12-01,静岡県,-,-,-,総合,-,,24
2022-12-01,愛知県,-,-,-,総合,-,,108
2022-12-01,三重県,-,-,-,総合,-,,43
2022-12-01,滋賀県,-,-,-,総合,-,,43
2022-12-01,京都府,-,-,-,総合,-,,42
2022-12-01,大阪府,-,-,-,総合,-,,159
2022-12-01,兵庫県,-,-,-,総合,-,,79
2022-12-01,奈良県,-,-,-,総合,-,,26
2022-12-01,和歌山県,-,-,-,総合,-,,10
2022-12-01,鳥取県,-,-,-,総合,-,,11
2022-12-01,島根県,-,-,-,総合,-,,17
2022-12-01,岡山県,-,-,-,総合,-,,21
2022-12-01,広島県,-,-,-,総合,-,,35
2022-12-01,山口県,-,-,-,総合,-,,28
2022-12-01,徳島県,-,-,-,総合,-,,5
2022-12-01,香川県,-,-,-,総合,-,,11
2022-12-01,愛媛県,-,-,-,総合,-,,13
2022-12-01,高知県,-,-,-,総合,-,,7
2022-12-01,福岡県,-,-,-,総合,-,,98
2022-12-01,佐賀県,-,-,-,総合,-,,17
2022-12-01,長崎県,-,-,-,総合,-,,18
2022-12-01,熊本県,-,-,-,総合,-,,40
2022-12-01,大分県,-,-,-,総合,-,,31
2022-12-01,宮崎県,-,-,-,総合,-,,18
2022-12-01,鹿児島県,-,-,-,総合,-,,30
2022-12-01,沖縄県,-,-,-,総合,-,,31
2023-01-01,北海道,-,-,-,総合,-,,90
2023-01-01,青森県,-,-,-,総合,-,,30
2023-01-01,岩手県,-,-,-,総合,-,,24
2023-01-01,宮城県,-,-,-,総合,-,,24
2023-01-01,秋田県,-,-,-,総合,-,,21
2023-01-01,山形県,-,-,-,総合,-,,9
2023-01-01,福島県,-,-,-,総合,-,,20
2023-01-01,茨城県,-,-,-,総合,-,,25
2023-01-01,栃木県,-,-,-,総合,-,,23
2023-01-01,群馬県,-,-,-,総合,-,,33
2023-01-01,埼玉県,-,-,-,総合,-,,72
2023-01-01,千葉県,-,-,-,総合,-,,90
2023-01-01,東京都,-,-,-,総合,-,,123
2023-01-01,神奈川県,-,-,-,総合,-,,91
2023-01-01,新潟県,-,-,-,総合,-,,28
2023-01-01,山梨県,-,-,-,総合,-,,12
2023-01-01,長野県,-,-,-,総合,-,,36
2023-01-01,富山県,-,-,-,総合,-,,13
2023-01-01,石川県,-,-,-,総合,-,,19
2023-01-01,福井県,-,-,-,総合,-,,9
2023-01-01,岐阜県,-,-,-,総合,-,,40
2023-01-01,静岡県,-,-,-,総合,-,,24
2023-01-01,愛知県,-,-,-,総合,-,,108
2023-01-01,三重県,-,-,-,総合,-,,43
2023-01-01,滋賀県,-,-,-,総合,-,,43
2023-01-01,京都府,-,-,-,総合,-,,42
2023-01-01,大阪府,-,-,-,総合,-,,158
2023-01-01,兵庫県,-,-,-,総合,-,,79
2023-01-01,奈良県,-,-,-,総合,-,,26
2023-01-01,和歌山県,-,-,-,総合,-,,11
2023-01-01,鳥取県,-,-,-,総合,-,,11
2023-01-01,島根県,-,-,-,総合,-,,17
2023-01-01,岡山県,-,-,-,総合,-,,21
2023-01-01,広島県,-,-,-,総合,-,,35
2023-01-01,山口県,-,-,-,総合,-,,28
2023-01-01,徳島県,-,-,-,総合,-,,5
2023-01-01,香川県,-,-,-,総合,-,,11
2023-01-01,愛媛県,-,-,-,総合,-,,13
2023-01-01,高知県,-,-,-,総合,-,,7
2023-01-01,福岡県,-,-,-,総合,-,,97
2023-01-01,佐賀県,-,-,-,総合,-,,17
2023-01-01,長崎県,-,-,-,総合,-,,18
2023-01-01,熊本県,-,-,-,総合,-,,40
2023-01-01,大分県,-,-,-,総合,-,,32
2023-01-01,宮崎県,-,-,-,総合,-,,18
2023-01-01,鹿児島県,-,-,-,総合,-,,30
2023-01-01,沖縄県,-,-,-,総合,-,,31
2023-02-01,北海道,-,-,-,総合,-,,90
2023-02-01,青森県,-,-,-,総合,-,,29
2023-02-01,岩手県,-,-,-,総合,-,,24
2023-02-01,宮城県,-,-,-,総合,-,,24
2023-02-01,秋田県,-,-,-,総合,-,,21
2023-02-01,山形県,-,-,-,総合,-,,9
2023-02-01,福島県,-,-,-,総合,-,,20
2023-02-01,茨城県,-,-,-,総合,-,,26
2023-02-01,栃木県,-,-,-,総合,-,,23
2023-02-01,群馬県,-,-,-,総合,-,,33
2023-02-01,埼玉県,-,-,-,総合,-,,71
2023-02-01,千葉県,-,-,-,総合,-,,90
2023-02-01,東京都,-,-,-,総合,-,,123
2023-02-01,神奈川県,-,-,-,総合,-,,91
2023-02-01,新潟県,-,-,-,総合,-,,28
2023-02-01,山梨県,-,-,-,総合,-,,12
2023-02-01,長野県,-,-,-,総合,-,,36
2023-02-01,富山県,-,-,-,総合,-,,13
2023-02-01,石川県,-,-,-,総合,-,,19
2023-02-01,福井県,-,-,-,総合,-,,9
2023-02-01,岐阜県,-,-,-,総合,-,,40
2023-02-01,静岡県,-,-,-,総合,-,,24
2023-02-01,愛知県,-,-,-,総合,-,,108
2023-02-01,三重県,-,-,-,総合,-,,43
2023-02-01,滋賀県,-,-,-,総合,-,,43
2023-02-01,京都府,-,-,-,総合,-,,42
2023-02-01,大阪府,-,-,-,総合,-,,158
2023-02-01,兵庫県,-,-,-,総合,-,,79
2023-02-01,奈良県,-,-,-,総合,-,,26
2023-02-01,和歌山県,-,-,-,総合,-,,11
2023-02-01,鳥取県,-,-,-,総合,-,,11
2023-02-01,島根県,-,-,-,総合,-,,17
2023-02-01,岡山県,-,-,-,総合,-,,21
2023-02-01,広島県,-,-,-,総合,-,,35
2023-02-01,山口県,-,-,-,総合,-,,28
2023-02-01,徳島県,-,-,-,総合,-,,5
2023-02-01,香川県,-,-,-,総合,-,,11
2023-02-01,愛媛県,-,-,-,総合,-,,13
2023-02-01,高知県,-,-,-,総合,-,,7
2023-02-01,福岡県,-,-,-,総合,-,,97
2023-02-01,佐賀県,-,-,-,総合,-,,17
2023-02-01,長崎県,-,-,-,総合,-,,18
2023-02-01,熊本県,-,-,-,総合,-,,40
2023-02-01,大分県,-,-,-,総合,-,,32
2023-02-01,宮崎県,-,-,-,総合,-,,18
2023-02-01,鹿児島県,-,-,-,総合,-,,30
2023-02-01,沖縄県,-,-,-,総合,-,,34
2023-03-01,北海道,-,-,-,総合,-,,91
2023-03-01,青森県,-,-,-,総合,-,,29
2023-03-01,岩手県,-,-,-,総合,-,,24
2023-03-01,宮城県,-,-,-,総合,-,,24
2023-03-01,秋田県,-,-,-,総合,-,,21
2023-03-01,山形県,-,-,-,総合,-,,9
2023-03-01,福島県,-,-,-,総合,-,,19
2023-03-01,茨城県,-,-,-,総合,-,,26
2023-03-01,栃木県,-,-,-,総合,-,,23
2023-03-01,群馬県,-,-,-,総合,-,,34
2023-03-01,埼玉県,-,-,-,総合,-,,71
2023-03-01,千葉県,-,-,-,総合,-,,90
2023-03-01,東京都,-,-,-,総合,-,,122
2023-03-01,神奈川県,-,-,-,総合,-,,91
2023-03-01,新潟県,-,-,-,総合,-,,28
2023-03-01,山梨県,-,-,-,総合,-,,12
2023-03-01,長野県,-,-,-,総合,-,,36
2023-03-01,富山県,-,-,-,総合,-,,13
2023-03-01,石川県,-,-,-,総合,-,,19
2023-03-01,福井県,-,-,-,総合,-,,9
2023-03-01,岐阜県,-,-,-,総合,-,,40
2023-03-01,静岡県,-,-,-,総合,-,,25
2023-03-01,愛知県,-,-,-,総合,-,,108
2023-03-01,三重県,-,-,-,総合,-,,43
2023-03-01,滋賀県,-,-,-,総合,-,,42
2023-03-01,京都府,-,-,-,総合,-,,42
2023-03-01,大阪府,-,-,-,総合,-,,158
2023-03-01,兵庫県,-,-,-,総合,-,,79
2023-03-01,奈良県,-,-,-,総合,-,,26
2023-03-01,和歌山県,-,-,-,総合,-,,11
2023-03-01,鳥取県,-,-,-,総合,-,,12
2023-03-01,島根県,-,-,-,総合,-,,17
2023-03-01,岡山県,-,-,-,総合,-,,21
2023-03-01,広島県,-,-,-,総合,-,,35
2023-03-01,山口県,-,-,-,総合,-,,28
2023-03-01,徳島県,-,-,-,総合,-,,5
2023-03-01,香川県,-,-,-,総合,-,,11
2023-03-01,愛媛県,-,-,-,総合,-,,13
2023-03-01,高知県,-,-,-,総合,-,,7
2023-03-01,福岡県,-,-,-,総合,-,,98
2023-03-01,佐賀県,-,-,-,総合,-,,17
2023-03-01,長崎県,-,-,-,総合,-,,18
2023-03-01,熊本県,-,-,-,総合,-,,40
2023-03-01,大分県,-,-,-,総合,-,,33
2023-03-01,宮崎県,-,-,-,総合,-,,18
2023-03-01,鹿児島県,-,-,-,総合,-,,30
2023-03-01,沖縄県,-,-,-,総合,-,,34
2023-04-01,北海道,-,-,-,総合,-,,92
2023-04-01,青森県,-,-,-,総合,-,,29
2023-04-01,岩手県,-,-,-,総合,-,,24
2023-04-01,宮城県,-,-,-,総合,-,,24
2023-04-01,秋田県,-,-,-,総合,-,,21
2023-04-01,山形県,-,-,-,総合,-,,9
2023-04-01,福島県,-,-,-,総合,-,,18
2023-04-01,茨城県,-,-,-,総合,-,,26
2023-04-01,栃木県,-,-,-,総合,-,,23
2023-04-01,群馬県,-,-,-,総合,-,,34
2023-04-01,埼玉県,-,-,-,総合,-,,71
2023-04-01,千葉県,-,-,-,総合,-,,90
2023-04-01,東京都,-,-,-,総合,-,,121
2023-04-01,神奈川県,-,-,-,総合,-,,91
2023-04-01,新潟県,-,-,-,総合,-,,28
2023-04-01,山梨県,-,-,-,総合,-,,12
2023-04-01,長野県,-,-,-,総合,-,,36
2023-04-01,富山県,-,-,-,総合,-,,13
2023-04-01,石川県,-,-,-,総合,-,,19
2023-04-01,福井県,-,-,-,総合,-,,9
2023-04-01,岐阜県,-,-,-,総合,-,,39
2023-04-01,静岡県,-,-,-,総合,-,,24
2023-04-01,愛知県,-,-,-,総合,-,,109
2023-04-01,三重県,-,-,-,総合,-,,43
2023-04-01,滋賀県,-,-,-,総合,-,,42
2023-04-01,京都府,-,-,-,総合,-,,42
2023-04-01,大阪府,-,-,-,総合,-,,159
2023-04-01,兵庫県,-,-,-,総合,-,,79
2023-04-01,奈良県,-,-,-,総合,-,,26
2023-04-01,和歌山県,-,-,-,総合,-,,11
2023-04-01,鳥取県,-,-,-,総合,-,,12
2023-04-01,島根県,-,-,-,総合,-,,17
2023-04-01,岡山県,-,-,-,総合,-,,21
2023-04-01,広島県,-,-,-,総合,-,,35
2023-04-01,山口県,-,-,-,総合,-,,28
2023-04-01,徳島県,-,-,-,総合,-,,5
2023-04-01,香川県,-,-,-,総合,-,,11
2023-04-01,愛媛県,-,-,-,総合,-,,12
2023-04-01,高知県,-,-,-,総合,-,,7
2023-04-01,福岡県,-,-,-,総合,-,,98
2023-04-01,佐賀県,-,-,-,総合,-,,17
2023-04-01,長崎県,-,-,-,総合,-,,18
2023-04-01,熊本県,-,-,-,総合,-,,41
2023-04-01,大分県,-,-,-,総合,-,,33
2023-04-01,宮崎県,-,-,-,総合,-,,19
2023-04-01,鹿児島県,-,-,-,総合,-,,30
2023-04-01,沖縄県,-,-,-,総合,-,,34
2023-05-01,北海道,-,-,-,総合,-,,90
2023-05-01,青森県,-,-,-,総合,-,,29
2023-05-01,岩手県,-,-,-,総合,-,,24
2023-05-01,宮城県,-,-,-,総合,-,,24
2023-05-01,秋田県,-,-,-,総合,-,,21
2023-05-01,山形県,-,-,-,総合,-,,9
2023-05-01,福島県,-,-,-,総合,-,,18
2023-05-01,茨城県,-,-,-,総合,-,,26
2023-05-01,栃木県,-,-,-,総合,-,,23
2023-05-01,群馬県,-,-,-,総合,-,,34
2023-05-01,埼玉県,-,-,-,総合,-,,71
2023-05-01,千葉県,-,-,-,総合,-,,90
2023-05-01,東京都,-,-,-,総合,-,,121
2023-05-01,神奈川県,-,-,-,総合,-,,91
2023-05-01,新潟県,-,-,-,総合,-,,28
2023-05-01,山梨県,-,-,-,総合,-,,12
2023-05-01,長野県,-,-,-,総合,-,,36
2023-05-01,富山県,-,-,-,総合,-,,13
2023-05-01,石川県,-,-,-,総合,-,,19
2023-05-01,福井県,-,-,-,総合,-,,9
2023-05-01,岐阜県,-,-,-,総合,-,,39
2023-05-01,静岡県,-,-,-,総合,-,,25
2023-05-01,愛知県,-,-,-,総合,-,,109
2023-05-01,三重県,-,-,-,総合,-,,43
2023-05-01,滋賀県,-,-,-,総合,-,,41
2023-05-01,京都府,-,-,-,総合,-,,42
2023-05-01,大阪府,-,-,-,総合,-,,159
2023-05-01,兵庫県,-,-,-,総合,-,,79
2023-05-01,奈良県,-,-,-,総合,-,,26
2023-05-01,和歌山県,-,-,-,総合,-,,11
2023-05-01,鳥取県,-,-,-,総合,-,,12
2023-05-01,島根県,-,-,-,総合,-,,17
2023-05-01,岡山県,-,-,-,総合,-,,21
2023-05-01,広島県,-,-,-,総合,-,,34
2023-05-01,山口県,-,-,-,総合,-,,28
2023-05-01,徳島県,-,-,-,総合,-,,5
2023-05-01,香川県,-,-,-,総合,-,,11
2023-05-01,愛媛県,-,-,-,総合,-,,12
2023-05-01,高知県,-,-,-,総合,-,,7
2023-05-01,福岡県,-,-,-,総合,-,,98
2023-05-01,佐賀県,-,-,-,総合,-,,17
2023-05-01,長崎県,-,-,-,総合,-,,18
2023-05-01,熊本県,-,-,-,総合,-,,41
2023-05-01,大分県,-,-,-,総合,-,,33
2023-05-01,宮崎県,-,-,-,総合,-,,19
2023-05-01,鹿児島県,-,-,-,総合,-,,30
2023-05-01,沖縄県,-,-,-,総合,-,,34
2023-06-01,北海道,-,-,-,総合,-,,90
2023-06-01,青森県,-,-,-,総合,-,,29
2023-06-01,岩手県,-,-,-,総合,-,,24
2023-06-01,宮城県,-,-,-,総合,-,,24
2023-06-01,秋田県,-,-,-,総合,-,,21
2023-06-01,山形県,-,-,-,総合,-,,9
2023-06-01,福島県,-,-,-,総合,-,,18
2023-06-01,茨城県,-,-,-,総合,-,,26
2023-06-01,栃木県,-,-,-,総合,-,,23
2023-06-01,群馬県,-,-,-,総合,-,,33
2023-06-01,埼玉県,-,-,-,総合,-,,70
2023-06-01,千葉県,-,-,-,総合,-,,90
2023-06-01,東京都,-,-,-,総合,-,,122
2023-06-01,神奈川県,-,-,-,総合,-,,91
2023-06-01,新潟県,-,-,-,総合,-,,28
2023-06-01,山梨県,-,-,-,総合,-,,12
2023-06-01,長野県,-,-,-,総合,-,,36
2023-06-01,富山県,-,-,-,総合,-,,13
2023-06-01,石川県,-,-,-,総合,-,,19
2023-06-01,福井県,-,-,-,総合,-,,9
2023-06-01,岐阜県,-,-,-,総合,-,,40
2023-06-01,静岡県,-,-,-,総合,-,,25
2023-06-01,愛知県,-,-,-,総合,-,,109
2023-06-01,三重県,-,-,-,総合,-,,44
2023-06-01,滋賀県,-,-,-,総合,-,,41
2023-06-01,京都府,-,-,-,総合,-,,42
2023-06-01,大阪府,-,-,-,総合,-,,159
2023-06-01,兵庫県,-,-,-,総合,-,,79
2023-06-01,奈良県,-,-,-,総合,-,,26
2023-06-01,和歌山県,-,-,-,総合,-,,11
2023-06-01,鳥取県,-,-,-,総合,-,,12
2023-06-01,島根県,-,-,-,総合,-,,17
2023-06-01,岡山県,-,-,-,総合,-,,21
2023-06-01,広島県,-,-,-,総合,-,,34
2023-06-01,山口県,-,-,-,総合,-,,28
2023-06-01,徳島県,-,-,-,総合,-,,5
2023-06-01,香川県,-,-,-,総合,-,,11
2023-06-01,愛媛県,-,-,-,総合,-,,14
2023-06-01,高知県,-,-,-,総合,-,,7
2023-06-01,福岡県,-,-,-,総合,-,,98
2023-06-01,佐賀県,-,-,-,総合,-,,17
2023-06-01,長崎県,-,-,-,総合,-,,18
2023-06-01,熊本県,-,-,-,総合,-,,41
2023-06-01,大分県,-,-,-,総合,-,,33
2023-06-01,宮崎県,-,-,-,総合,-,,19
2023-06-01,鹿児島県,-,-,-,総合,-,,30
2023-06-01,沖縄県,-,-,-,総合,-,,34
2023-07-01,北海道,-,-,-,総合,-,,90
2023-07-01,青森県,-,-,-,総合,-,,28
2023-07-01,岩手県,-,-,-,総合,-,,24
2023-07-01,宮城県,-,-,-,総合,-,,24
2023-07-01,秋田県,-,-,-,総合,-,,22
2023-07-01,山形県,-,-,-,総合,-,,9
2023-07-01,福島県,-,-,-,総合,-,,17
2023-07-01,茨城県,-,-,-,総合,-,,26
2023-07-01,栃木県,-,-,-,総合,-,,23
2023-07-01,群馬県,-,-,-,総合,-,,33
2023-07-01,埼玉県,-,-,-,総合,-,,70
2023-07-01,千葉県,-,-,-,総合,-,,90
2023-07-01,東京都,-,-,-,総合,-,,123
2023-07-01,神奈川県,-,-,-,総合,-,,91
2023-07-01,新潟県,-,-,-,総合,-,,28
2023-07-01,山梨県,-,-,-,総合,-,,12
2023-07-01,長野県,-,-,-,総合,-,,36
2023-07-01,富山県,-,-,-,総合,-,,13
2023-07-01,石川県,-,-,-,総合,-,,19
2023-07-01,福井県,-,-,-,総合,-,,9
2023-07-01,岐阜県,-,-,-,総合,-,,40
2023-07-01,静岡県,-,-,-,総合,-,,25
2023-07-01,愛知県,-,-,-,総合,-,,109
2023-07-01,三重県,-,-,-,総合,-,,44
2023-07-01,滋賀県,-,-,-,総合,-,,41
2023-07-01,京都府,-,-,-,総合,-,,42
2023-07-01,大阪府,-,-,-,総合,-,,158
2023-07-01,兵庫県,-,-,-,総合,-,,79
2023-07-01,奈良県,-,-,-,総合,-,,26
2023-07-01,和歌山県,-,-,-,総合,-,,11
2023-07-01,鳥取県,-,-,-,総合,-,,12
2023-07-01,島根県,-,-,-,総合,-,,17
2023-07-01,岡山県,-,-,-,総合,-,,21
2023-07-01,広島県,-,-,-,総合,-,,34
2023-07-01,山口県,-,-,-,総合,-,,28
2023-07-01,徳島県,-,-,-,総合,-,,5
2023-07-01,香川県,-,-,-,総合,-,,11
2023-07-01,愛媛県,-,-,-,総合,-,,14
2023-07-01,高知県,-,-,-,総合,-,,7
2023-07-01,福岡県,-,-,-,総合,-,,99
2023-07-01,佐賀県,-,-,-,総合,-,,17
2023-07-01,長崎県,-,-,-,総合,-,,18
2023-07-01,熊本県,-,-,-,総合,-,,40
2023-07-01,大分県,-,-,-,総合,-,,35
2023-07-01,宮崎県,-,-,-,総合,-,,19
2023-07-01,鹿児島県,-,-,-,総合,-,,30
2023-07-01,沖縄県,-,-,-,総合,-,,34
2023-08-01,北海道,-,-,-,総合,-,,89
2023-08-01,青森県,-,-,-,総合,-,,28
2023-08-01,岩手県,-,-,-,総合,-,,24
2023-08-01,宮城県,-,-,-,総合,-,,24
2023-08-01,秋田県,-,-,-,総合,-,,22
2023-08-01,山形県,-,-,-,総合,-,,9
2023-08-01,福島県,-,-,-,総合,-,,17
2023-08-01,茨城県,-,-,-,総合,-,,26
2023-08-01,栃木県,-,-,-,総合,-,,23
2023-08-01,群馬県,-,-,-,総合,-,,33
2023-08-01,埼玉県,-,-,-,総合,-,,70
2023-08-01,千葉県,-,-,-,総合,-,,90
2023-08-01,東京都,-,-,-,総合,-,,123
2023-08-01,神奈川県,-,-,-,総合,-,,91
2023-08-01,新潟県,-,-,-,総合,-,,28
2023-08-01,山梨県,-,-,-,総合,-,,12
2023-08-01,長野県,-,-,-,総合,-,,36
2023-08-01,富山県,-,-,-,総合,-,,13
2023-08-01,石川県,-,-,-,総合,-,,19
2023-08-01,福井県,-,-,-,総合,-,,9
2023-08-01,岐阜県,-,-,-,総合,-,,40
2023-08-01,静岡県,-,-,-,総合,-,,25
2023-08-01,愛知県,-,-,-,総合,-,,110
2023-08-01,三重県,-,-,-,総合,-,,45
2023-08-01,滋賀県,-,-,-,総合,-,,41
2023-08-01,京都府,-,-,-,総合,-,,42
2023-08-01,大阪府,-,-,-,総合,-,,157
2023-08-01,兵庫県,-,-,-,総合,-,,79
2023-08-01,奈良県,-,-,-,総合,-,,26
2023-08-01,和歌山県,-,-,-,総合,-,,11
2023-08-01,鳥取県,-,-,-,総合,-,,12
2023-08-01,島根県,-,-,-,総合,-,,17
2023-08-01,岡山県,-,-,-,総合,-,,21
2023-08-01,広島県,-,-,-,総合,-,,34
2023-08-01,山口県,-,-,-,総合,-,,28
2023-08-01,徳島県,-,-,-,総合,-,,5
2023-08-01,香川県,-,-,-,総合,-,,12
2023-08-01,愛媛県,-,-,-,総合,-,,14
2023-08-01,高知県,-,-,-,総合,-,,7
2023-08-01,福岡県,-,-,-,総合,-,,99
2023-08-01,佐賀県,-,-,-,総合,-,,17
2023-08-01,長崎県,-,-,-,総合,-,,18
2023-08-01,熊本県,-,-,-,総合,-,,40
2023-08-01,大分県,-,-,-,総合,-,,35
2023-08-01,宮崎県,-,-,-,総合,-,,19
2023-08-01,鹿児島県,-,-,-,総合,-,,30
2023-08-01,沖縄県,-,-,-,総合,-,,34
2023-09-01,北海道,-,-,-,総合,-,,87
2023-09-01,青森県,-,-,-,総合,-,,28
2023-09-01,岩手県,-,-,-,総合,-,,24
2023-09-01,宮城県,-,-,-,総合,-,,23
2023-09-01,秋田県,-,-,-,総合,-,,22
2023-09-01,山形県,-,-,-,総合,-,,9
2023-09-01,福島県,-,-,-,総合,-,,17
2023-09-01,茨城県,-,-,-,総合,-,,26
2023-09-01,栃木県,-,-,-,総合,-,,23
2023-09-01,群馬県,-,-,-,総合,-,,33
2023-09-01,埼玉県,-,-,-,総合,-,,70
2023-09-01,千葉県,-,-,-,総合,-,,90
2023-09-01,東京都,-,-,-,総合,-,,123
2023-09-01,神奈川県,-,-,-,総合,-,,90
2023-09-01,新潟県,-,-,-,総合,-,,28
2023-09-01,山梨県,-,-,-,総合,-,,12
2023-09-01,長野県,-,-,-,総合,-,,36
2023-09-01,富山県,-,-,-,総合,-,,13
2023-09-01,石川県,-,-,-,総合,-,,19
2023-09-01,福井県,-,-,-,総合,-,,9
2023-09-01,岐阜県,-,-,-,総合,-,,40
2023-09-01,静岡県,-,-,-,総合,-,,24
2023-09-01,愛知県,-,-,-,総合,-,,110
2023-09-01,三重県,-,-,-,総合,-,,44
2023-09-01,滋賀県,-,-,-,総合,-,,41
2023-09-01,京都府,-,-,-,総合,-,,42
2023-09-01,大阪府,-,-,-,総合,-,,158
2023-09-01,兵庫県,-,-,-,総合,-,,79
2023-09-01,奈良県,-,-,-,総合,-,,26
2023-09-01,和歌山県,-,-,-,総合,-,,11
2023-09-01,鳥取県,-,-,-,総合,-,,12
2023-09-01,島根県,-,-,-,総合,-,,17
2023-09-01,岡山県,-,-,-,総合,-,,21
2023-09-01,広島県,-,-,-,総合,-,,34
2023-09-01,山口県,-,-,-,総合,-,,28
2023-09-01,徳島県,-,-,-,総合,-,,5
2023-09-01,香川県,-,-,-,総合,-,,11
2023-09-01,愛媛県,-,-,-,総合,-,,14
2023-09-01,高知県,-,-,-,総合,-,,7
2023-09-01,福岡県,-,-,-,総合,-,,99
2023-09-01,佐賀県,-,-,-,総合,-,,17
2023-09-01,長崎県,-,-,-,総合,-,,18
2023-09-01,熊本県,-,-,-,総合,-,,40
2023-09-01,大分県,-,-,-,総合,-,,35
2023-09-01,宮崎県,-,-,-,総合,-,,19
2023-09-01,鹿児島県,-,-,-,総合,-,,30
2023-09-01,沖縄県,-,-,-,総合,-,,34
2023-10-01,北海道,-,-,-,総合,-,,86
2023-10-01,青森県,-,-,-,総合,-,,28
2023-10-01,岩手県,-,-,-,総合,-,,24
2023-10-01,宮城県,-,-,-,総合,-,,23
2023-10-01,秋田県,-,-,-,総合,-,,22
2023-10-01,山形県,-,-,-,総合,-,,9
2023-10-01,福島県,-,-,-,総合,-,,17
2023-10-01,茨城県,-,-,-,総合,-,,26
2023-10-01,栃木県,-,-,-,総合,-,,23
2023-10-01,群馬県,-,-,-,総合,-,,33
2023-10-01,埼玉県,-,-,-,総合,-,,69
2023-10-01,千葉県,-,-,-,総合,-,,90
2023-10-01,東京都,-,-,-,総合,-,,123
2023-10-01,神奈川県,-,-,-,総合,-,,90
2023-10-01,新潟県,-,-,-,総合,-,,28
2023-10-01,山梨県,-,-,-,総合,-,,12
2023-10-01,長野県,-,-,-,総合,-,,36
2023-10-01,富山県,-,-,-,総合,-,,13
2023-10-01,石川県,-,-,-,総合,-,,19
2023-10-01,福井県,-,-,-,総合,-,,9
2023-10-01,岐阜県,-,-,-,総合,-,,40
2023-10-01,静岡県,-,-,-,総合,-,,25
2023-10-01,愛知県,-,-,-,総合,-,,110
2023-10-01,三重県,-,-,-,総合,-,,44
2023-10-01,滋賀県,-,-,-,総合,-,,41
2023-10-01,京都府,-,-,-,総合,-,,42
2023-10-01,大阪府,-,-,-,総合,-,,159
2023-10-01,兵庫県,-,-,-,総合,-,,79
2023-10-01,奈良県,-,-,-,総合,-,,26
2023-10-01,和歌山県,-,-,-,総合,-,,11
2023-10-01,鳥取県,-,-,-,総合,-,,12
2023-10-01,島根県,-,-,-,総合,-,,17
2023-10-01,岡山県,-,-,-,総合,-,,21
2023-10-01,広島県,-,-,-,総合,-,,34
2023-10-01,山口県,-,-,-,総合,-,,28
2023-10-01,徳島県,-,-,-,総合,-,,5
2023-10-01,香川県,-,-,-,総合,-,,11
2023-10-01,愛媛県,-,-,-,総合,-,,14
2023-10-01,高知県,-,-,-,総合,-,,7
2023-10-01,福岡県,-,-,-,総合,-,,99
2023-10-01,佐賀県,-,-,-,総合,-,,17
2023-10-01,長崎県,-,-,-,総合,-,,18
2023-10-01,熊本県,-,-,-,総合,-,,40
2023-10-01,大分県,-,-,-,総合,-,,35
2023-10-01,宮崎県,-,-,-,総合,-,,19
2023-10-01,鹿児島県,-,-,-,総合,-,,30
2023-10-01,沖縄県,-,-,-,総合,-,,35
2023-11-01,北海道,-,-,-,総合,-,,87
2023-11-01,青森県,-,-,-,総合,-,,28
2023-11-01,岩手県,-,-,-,総合,-,,24
2023-11-01,宮城県,-,-,-,総合,-,,23
2023-11-01,秋田県,-,-,-,総合,-,,22
2023-11-01,山形県,-,-,-,総合,-,,9
2023-11-01,福島県,-,-,-,総合,-,,17
2023-11-01,茨城県,-,-,-,総合,-,,25
2023-11-01,栃木県,-,-,-,総合,-,,23
2023-11-01,群馬県,-,-,-,総合,-,,33
2023-11-01,埼玉県,-,-,-,総合,-,,69
2023-11-01,千葉県,-,-,-,総合,-,,90
2023-11-01,東京都,-,-,-,総合,-,,123
2023-11-01,神奈川県,-,-,-,総合,-,,90
2023-11-01,新潟県,-,-,-,総合,-,,28
2023-11-01,山梨県,-,-,-,総合,-,,12
2023-11-01,長野県,-,-,-,総合,-,,36
2023-11-01,富山県,-,-,-,総合,-,,13
2023-11-01,石川県,-,-,-,総合,-,,19
2023-11-01,福井県,-,-,-,総合,-,,9
2023-11-01,岐阜県,-,-,-,総合,-,,40
2023-11-01,静岡県,-,-,-,総合,-,,25
2023-11-01,愛知県,-,-,-,総合,-,,111
2023-11-01,三重県,-,-,-,総合,-,,44
2023-11-01,滋賀県,-,-,-,総合,-,,40
2023-11-01,京都府,-,-,-,総合,-,,42
2023-11-01,大阪府,-,-,-,総合,-,,157
2023-11-01,兵庫県,-,-,-,総合,-,,79
2023-11-01,奈良県,-,-,-,総合,-,,26
2023-11-01,和歌山県,-,-,-,総合,-,,11
2023-11-01,鳥取県,-,-,-,総合,-,,12
2023-11-01,島根県,-,-,-,総合,-,,17
2023-11-01,岡山県,-,-,-,総合,-,,21
2023-11-01,広島県,-,-,-,総合,-,,34
2023-11-01,山口県,-,-,-,総合,-,,28
2023-11-01,徳島県,-,-,-,総合,-,,5
2023-11-01,香川県,-,-,-,総合,-,,11
2023-11-01,愛媛県,-,-,-,総合,-,,14
2023-11-01,高知県,-,-,-,総合,-,,7
2023-11-01,福岡県,-,-,-,総合,-,,100
2023-11-01,佐賀県,-,-,-,総合,-,,17
2023-11-01,長崎県,-,-,-,総合,-,,18
2023-11-01,熊本県,-,-,-,総合,-,,40
2023-11-01,大分県,-,-,-,総合,-,,35
2023-11-01,宮崎県,-,-,-,総合,-,,19
2023-11-01,鹿児島県,-,-,-,総合,-,,30
2023-11-01,沖縄県,-,-,-,総合,-,,35
2023-12-01,北海道,-,-,-,総合,-,,87
2023-12-01,青森県,-,-,-,総合,-,,27
2023-12-01,岩手県,-,-,-,総合,-,,24
2023-12-01,宮城県,-,-,-,総合,-,,24
2023-12-01,秋田県,-,-,-,総合,-,,22
2023-12-01,山形県,-,-,-,総合,-,,9
2023-12-01,福島県,-,-,-,総合,-,,18
2023-12-01,茨城県,-,-,-,総合,-,,25
2023-12-01,栃木県,-,-,-,総合,-,,23
2023-12-01,群馬県,-,-,-,総合,-,,33
2023-12-01,埼玉県,-,-,-,総合,-,,68
2023-12-01,千葉県,-,-,-,総合,-,,90
2023-12-01,東京都,-,-,-,総合,-,,121
2023-12-01,神奈川県,-,-,-,総合,-,,90
2023-12-01,新潟県,-,-,-,総合,-,,28
2023-12-01,山梨県,-,-,-,総合,-,,12
2023-12-01,長野県,-,-,-,総合,-,,36
2023-12-01,富山県,-,-,-,総合,-,,13
2023-12-01,石川県,-,-,-,総合,-,,19
2023-12-01,福井県,-,-,-,総合,-,,9
2023-12-01,岐阜県,-,-,-,総合,-,,40
2023-12-01,静岡県,-,-,-,総合,-,,25
2023-12-01,愛知県,-,-,-,総合,-,,112
2023-12-01,三重県,-,-,-,総合,-,,45
2023-12-01,滋賀県,-,-,-,総合,-,,40
2023-12-01,京都府,-,-,-,総合,-,,42
2023-12-01,大阪府,-,-,-,総合,-,,157
2023-12-01,兵庫県,-,-,-,総合,-,,79
2023-12-01,奈良県,-,-,-,総合,-,,26
2023-12-01,和歌山県,-,-,-,総合,-,,11
2023-12-01,鳥取県,-,-,-,総合,-,,12
2023-12-01,島根県,-,-,-,総合,-,,18
2023-12-01,岡山県,-,-,-,総合,-,,21
2023-12-01,広島県,-,-,-,総合,-,,34
2023-12-01,山口県,-,-,-,総合,-,,28
2023-12-01,徳島県,-,-,-,総合,-,,5
2023-12-01,香川県,-,-,-,総合,-,,11
2023-12-01,愛媛県,-,-,-,総合,-,,13
2023-12-01,高知県,-,-,-,総合,-,,7
2023-12-01,福岡県,-,-,-,総合,-,,100
2023-12-01,佐賀県,-,-,-,総合,-,,17
2023-12-01,長崎県,-,-,-,総合,-,,18
2023-12-01,熊本県,-,-,-,総合,-,,38
2023-12-01,大分県,-,-,-,総合,-,,35
2023-12-01,宮崎県,-,-,-,総合,-,,19
2023-12-01,鹿児島県,-,-,-,総合,-,,30
2023-12-01,沖縄県,-,-,-,総合,-,,35
2024-01-01,北海道,-,-,-,総合,-,,88
2024-01-01,青森県,-,-,-,総合,-,,27
2024-01-01,岩手県,-,-,-,総合,-,,24
2024-01-01,宮城県,-,-,-,総合,-,,23
2024-01-01,秋田県,-,-,-,総合,-,,22
2024-01-01,山形県,-,-,-,総合,-,,9
2024-01-01,福島県,-,-,-,総合,-,,17
2024-01-01,茨城県,-,-,-,総合,-,,25
2024-01-01,栃木県,-,-,-,総合,-,,23
2024-01-01,群馬県,-,-,-,総合,-,,33
2024-01-01,埼玉県,-,-,-,総合,-,,68
2024-01-01,千葉県,-,-,-,総合,-,,90
2024-01-01,東京都,-,-,-,総合,-,,121
2024-01-01,神奈川県,-,-,-,総合,-,,89
2024-01-01,新潟県,-,-,-,総合,-,,28
2024-01-01,山梨県,-,-,-,総合,-,,12
2024-01-01,長野県,-,-,-,総合,-,,36
2024-01-01,富山県,-,-,-,総合,-,,13
2024-01-01,石川県,-,-,-,総合,-,,19
2024-01-01,福井県,-,-,-,総合,-,,9
2024-01-01,岐阜県,-,-,-,総合,-,,40
2024-01-01,静岡県,-,-,-,総合,-,,25
2024-01-01,愛知県,-,-,-,総合,-,,111
2024-01-01,三重県,-,-,-,総合,-,,45
2024-01-01,滋賀県,-,-,-,総合,-,,40
2024-01-01,京都府,-,-,-,総合,-,,43
2024-01-01,大阪府,-,-,-,総合,-,,157
2024-01-01,兵庫県,-,-,-,総合,-,,79
2024-01-01,奈良県,-,-,-,総合,-,,26
2024-01-01,和歌山県,-,-,-,総合,-,,11
2024-01-01,鳥取県,-,-,-,総合,-,,12
2024-01-01,島根県,-,-,-,総合,-,,18
2024-01-01,岡山県,-,-,-,総合,-,,20
2024-01-01,広島県,-,-,-,総合,-,,34
2024-01-01,山口県,-,-,-,総合,-,,28
2024-01-01,徳島県,-,-,-,総合,-,,5
2024-01-01,香川県,-,-,-,総合,-,,11
2024-01-01,愛媛県,-,-,-,総合,-,,13
2024-01-01,高知県,-,-,-,総合,-,,7
2024-01-01,福岡県,-,-,-,総合,-,,100
2024-01-01,佐賀県,-,-,-,総合,-,,17
2024-01-01,長崎県,-,-,-,総合,-,,18
2024-01-01,熊本県,-,-,-,総合,-,,38
2024-01-01,大分県,-,-,-,総合,-,,35
2024-01-01,宮崎県,-,-,-,総合,-,,19
2024-01-01,鹿児島県,-,-,-,総合,-,,29
2024-01-01,沖縄県,-,-,-,総合,-,,35
2024-02-01,北海道,-,-,-,総合,-,,88
2024-02-01,青森県,-,-,-,総合,-,,27
2024-02-01,岩手県,-,-,-,総合,-,,24
2024-02-01,宮城県,-,-,-,総合,-,,23
2024-02-01,秋田県,-,-,-,総合,-,,22
2024-02-01,山形県,-,-,-,総合,-,,9
2024-02-01,福島県,-,-,-,総合,-,,17
2024-02-01,茨城県,-,-,-,総合,-,,25
2024-02-01,栃木県,-,-,-,総合,-,,23
2024-02-01,群馬県,-,-,-,総合,-,,30
2024-02-01,埼玉県,-,-,-,総合,-,,67
2024-02-01,千葉県,-,-,-,総合,-,,88
2024-02-01,東京都,-,-,-,総合,-,,121
2024-02-01,神奈川県,-,-,-,総合,-,,89
2024-02-01,新潟県,-,-,-,総合,-,,29
2024-02-01,山梨県,-,-,-,総合,-,,12
2024-02-01,長野県,-,-,-,総合,-,,35
2024-02-01,富山県,-,-,-,総合,-,,13
2024-02-01,石川県,-,-,-,総合,-,,19
2024-02-01,福井県,-,-,-,総合,-,,9
2024-02-01,岐阜県,-,-,-,総合,-,,40
2024-02-01,静岡県,-,-,-,総合,-,,25
2024-02-01,愛知県,-,-,-,総合,-,,113
2024-02-01,三重県,-,-,-,総合,-,,44
2024-02-01,滋賀県,-,-,-,総合,-,,39
2024-02-01,京都府,-,-,-,総合,-,,43
2024-02-01,大阪府,-,-,-,総合,-,,158
2024-02-01,兵庫県,-,-,-,総合,-,,79
2024-02-01,奈良県,-,-,-,総合,-,,26
2024-02-01,和歌山県,-,-,-,総合,-,,11
2024-02-01,鳥取県,-,-,-,総合,-,,12
2024-02-01,島根県,-,-,-,総合,-,,18
2024-02-01,岡山県,-,-,-,総合,-,,20
2024-02-01,広島県,-,-,-,総合,-,,34
2024-02-01,山口県,-,-,-,総合,-,,28
2024-02-01,徳島県,-,-,-,総合,-,,5
2024-02-01,香川県,-,-,-,総合,-,,11
2024-02-01,愛媛県,-,-,-,総合,-,,13
2024-02-01,高知県,-,-,-,総合,-,,7
2024-02-01,福岡県,-,-,-,総合,-,,100
2024-02-01,佐賀県,-,-,-,総合,-,,17
2024-02-01,長崎県,-,-,-,総合,-,,18
2024-02-01,熊本県,-,-,-,総合,-,,39
2024-02-01,大分県,-,-,-,総合,-,,34
2024-02-01,宮崎県,-,-,-,総合,-,,19
2024-02-01,鹿児島県,-,-,-,総合,-,,29
2024-02-01,沖縄県,-,-,-,総合,-,,35
2024-03-01,北海道,-,-,-,総合,-,,87
2024-03-01,青森県,-,-,-,総合,-,,26
2024-03-01,岩手県,-,-,-,総合,-,,24
2024-03-01,宮城県,-,-,-,総合,-,,24
2024-03-01,秋田県,-,-,-,総合,-,,22
2024-03-01,山形県,-,-,-,総合,-,,9
2024-03-01,福島県,-,-,-,総合,-,,16
2024-03-01,茨城県,-,-,-,総合,-,,26
2024-03-01,栃木県,-,-,-,総合,-,,23
2024-03-01,群馬県,-,-,-,総合,-,,31
2024-03-01,埼玉県,-,-,-,総合,-,,66
2024-03-01,千葉県,-,-,-,総合,-,,87
2024-03-01,東京都,-,-,-,総合,-,,121
2024-03-01,神奈川県,-,-,-,総合,-,,88
2024-03-01,新潟県,-,-,-,総合,-,,29
2024-03-01,山梨県,-,-,-,総合,-,,12
2024-03-01,長野県,-,-,-,総合,-,,35
2024-03-01,富山県,-,-,-,総合,-,,13
2024-03-01,石川県,-,-,-,総合,-,,19
2024-03-01,福井県,-,-,-,総合,-,,9
2024-03-01,岐阜県,-,-,-,総合,-,,40
2024-03-01,静岡県,-,-,-,総合,-,,25
2024-03-01,愛知県,-,-,-,総合,-,,113
2024-03-01,三重県,-,-,-,総合,-,,45
2024-03-01,滋賀県,-,-,-,総合,-,,39
2024-03-01,京都府,-,-,-,総合,-,,43
2024-03-01,大阪府,-,-,-,総合,-,,155
2024-03-01,兵庫県,-,-,-,総合,-,,79
2024-03-01,奈良県,-,-,-,総合,-,,26
2024-03-01,和歌山県,-,-,-,総合,-,,11
2024-03-01,鳥取県,-,-,-,総合,-,,12
2024-03-01,島根県,-,-,-,総合,-,,18
2024-03-01,岡山県,-,-,-,総合,-,,20
2024-03-01,広島県,-,-,-,総合,-,,34
2024-03-01,山口県,-,-,-,総合,-,,28
2024-03-01,徳島県,-,-,-,総合,-,,5
2024-03-01,香川県,-,-,-,総合,-,,10
2024-03-01,愛媛県,-,-,-,総合,-,,13
2024-03-01,高知県,-,-,-,総合,-,,7
2024-03-01,福岡県,-,-,-,総合,-,,100
2024-03-01,佐賀県,-,-,-,総合,-,,17
2024-03-01,長崎県,-,-,-,総合,-,,18
2024-03-01,熊本県,-,-,-,総合,-,,39
2024-03-01,大分県,-,-,-,総合,-,,36
2024-03-01,宮崎県,-,-,-,総合,-,,19
2024-03-01,鹿児島県,-,-,-,総合,-,,29
2024-03-01,沖縄県,-,-,-,総合,-,,34
2024-04-01,北海道,-,-,-,総合,-,,87
2024-04-01,青森県,-,-,-,総合,-,,25
2024-04-01,岩手県,-,-,-,総合,-,,24
2024-04-01,宮城県,-,-,-,総合,-,,24
2024-04-01,秋田県,-,-,-,総合,-,,22
2024-04-01,山形県,-,-,-,総合,-,,9
2024-04-01,福島県,-,-,-,総合,-,,16
2024-04-01,茨城県,-,-,-,総合,-,,26
2024-04-01,栃木県,-,-,-,総合,-,,23
2024-04-01,群馬県,-,-,-,総合,-,,31
2024-04-01,埼玉県,-,-,-,総合,-,,66
2024-04-01,千葉県,-,-,-,総合,-,,86
2024-04-01,東京都,-,-,-,総合,-,,121
2024-04-01,神奈川県,-,-,-,総合,-,,87
2024-04-01,新潟県,-,-,-,総合,-,,30
2024-04-01,山梨県,-,-,-,総合,-,,12
2024-04-01,長野県,-,-,-,総合,-,,35
2024-04-01,富山県,-,-,-,総合,-,,13
2024-04-01,石川県,-,-,-,総合,-,,19
2024-04-01,福井県,-,-,-,総合,-,,9
2024-04-01,岐阜県,-,-,-,総合,-,,39
2024-04-01,静岡県,-,-,-,総合,-,,27
2024-04-01,愛知県,-,-,-,総合,-,,114
2024-04-01,三重県,-,-,-,総合,-,,45
2024-04-01,滋賀県,-,-,-,総合,-,,39
2024-04-01,京都府,-,-,-,総合,-,,43
2024-04-01,大阪府,-,-,-,総合,-,,155
2024-04-01,兵庫県,-,-,-,総合,-,,79
2024-04-01,奈良県,-,-,-,総合,-,,26
2024-04-01,和歌山県,-,-,-,総合,-,,11
2024-04-01,鳥取県,-,-,-,総合,-,,12
2024-04-01,島根県,-,-,-,総合,-,,18
2024-04-01,岡山県,-,-,-,総合,-,,20
2024-04-01,広島県,-,-,-,総合,-,,34
2024-04-01,山口県,-,-,-,総合,-,,28
2024-04-01,徳島県,-,-,-,総合,-,,5
2024-04-01,香川県,-,-,-,総合,-,,10
2024-04-01,愛媛県,-,-,-,総合,-,,13
2024-04-01,高知県,-,-,-,総合,-,,7
2024-04-01,福岡県,-,-,-,総合,-,,100
2024-04-01,佐賀県,-,-,-,総合,-,,17
2024-04-01,長崎県,-,-,-,総合,-,,19
2024-04-01,熊本県,-,-,-,総合,-,,39
2024-04-01,大分県,-,-,-,総合,-,,36
2024-04-01,宮崎県,-,-,-,総合,-,,19
2024-04-01,鹿児島県,-,-,-,総合,-,,29
2024-04-01,沖縄県,-,-,-,総合,-,,35
2024-05-01,北海道,-,-,-,総合,-,,87
2024-05-01,青森県,-,-,-,総合,-,,25
2024-05-01,岩手県,-,-,-,総合,-,,24
2024-05-01,宮城県,-,-,-,総合,-,,23
2024-05-01,秋田県,-,-,-,総合,-,,22
2024-05-01,山形県,-,-,-,総合,-,,9
2024-05-01,福島県,-,-,-,総合,-,,16
2024-05-01,茨城県,-,-,-,総合,-,,26
2024-05-01,栃木県,-,-,-,総合,-,,23
2024-05-01,群馬県,-,-,-,総合,-,,31
2024-05-01,埼玉県,-,-,-,総合,-,,65
2024-05-01,千葉県,-,-,-,総合,-,,85
2024-05-01,東京都,-,-,-,総合,-,,121
2024-05-01,神奈川県,-,-,-,総合,-,,87
2024-05-01,新潟県,-,-,-,総合,-,,30
2024-05-01,山梨県,-,-,-,総合,-,,12
2024-05-01,長野県,-,-,-,総合,-,,35
2024-05-01,富山県,-,-,-,総合,-,,13
2024-05-01,石川県,-,-,-,総合,-,,19
2024-05-01,福井県,-,-,-,総合,-,,9
2024-05-01,岐阜県,-,-,-,総合,-,,39
2024-05-01,静岡県,-,-,-,総合,-,,27
2024-05-01,愛知県,-,-,-,総合,-,,113
2024-05-01,三重県,-,-,-,総合,-,,45
2024-05-01,滋賀県,-,-,-,総合,-,,39
2024-05-01,京都府,-,-,-,総合,-,,43
2024-05-01,大阪府,-,-,-,総合,-,,155
2024-05-01,兵庫県,-,-,-,総合,-,,79
2024-05-01,奈良県,-,-,-,総合,-,,26
2024-05-01,和歌山県,-,-,-,総合,-,,11
2024-05-01,鳥取県,-,-,-,総合,-,,12
2024-05-01,島根県,-,-,-,総合,-,,18
2024-05-01,岡山県,-,-,-,総合,-,,20
2024-05-01,広島県,-,-,-,総合,-,,34
2024-05-01,山口県,-,-,-,総合,-,,28
2024-05-01,徳島県,-,-,-,総合,-,,5
2024-05-01,香川県,-,-,-,総合,-,,10
2024-05-01,愛媛県,-,-,-,総合,-,,12
2024-05-01,高知県,-,-,-,総合,-,,7
2024-05-01,福岡県,-,-,-,総合,-,,101
2024-05-01,佐賀県,-,-,-,総合,-,,17
2024-05-01,長崎県,-,-,-,総合,-,,19
2024-05-01,熊本県,-,-,-,総合,-,,39
2024-05-01,大分県,-,-,-,総合,-,,36
2024-05-01,宮崎県,-,-,-,総合,-,,19
2024-05-01,鹿児島県,-,-,-,総合,-,,28
2024-05-01,沖縄県,-,-,-,総合,-,,35
2024-06-01,北海道,-,-,-,総合,-,,86
2024-06-01,青森県,-,-,-,総合,-,,25
2024-06-01,岩手県,-,-,-,総合,-,,24
2024-06-01,宮城県,-,-,-,総合,-,,23
2024-06-01,秋田県,-,-,-,総合,-,,22
2024-06-01,山形県,-,-,-,総合,-,,9
2024-06-01,福島県,-,-,-,総合,-,,16
2024-06-01,茨城県,-,-,-,総合,-,,26
2024-06-01,栃木県,-,-,-,総合,-,,23
2024-06-01,群馬県,-,-,-,総合,-,,31
2024-06-01,埼玉県,-,-,-,総合,-,,65
2024-06-01,千葉県,-,-,-,総合,-,,85
2024-06-01,東京都,-,-,-,総合,-,,121
2024-06-01,神奈川県,-,-,-,総合,-,,87
2024-06-01,新潟県,-,-,-,総合,-,,30
2024-06-01,山梨県,-,-,-,総合,-,,12
2024-06-01,長野県,-,-,-,総合,-,,35
2024-06-01,富山県,-,-,-,総合,-,,13
2024-06-01,石川県,-,-,-,総合,-,,19
2024-06-01,福井県,-,-,-,総合,-,,10
2024-06-01,岐阜県,-,-,-,総合,-,,39
2024-06-01,静岡県,-,-,-,総合,-,,27
2024-06-01,愛知県,-,-,-,総合,-,,112
2024-06-01,三重県,-,-,-,総合,-,,45
2024-06-01,滋賀県,-,-,-,総合,-,,40
2024-06-01,京都府,-,-,-,総合,-,,43
2024-06-01,大阪府,-,-,-,総合,-,,155
2024-06-01,兵庫県,-,-,-,総合,-,,79
2024-06-01,奈良県,-,-,-,総合,-,,26
2024-06-01,和歌山県,-,-,-,総合,-,,11
2024-06-01,鳥取県,-,-,-,総合,-,,12
2024-06-01,島根県,-,-,-,総合,-,,18
2024-06-01,岡山県,-,-,-,総合,-,,20
2024-06-01,広島県,-,-,-,総合,-,,34
2024-06-01,山口県,-,-,-,総合,-,,28
2024-06-01,徳島県,-,-,-,総合,-,,5
2024-06-01,香川県,-,-,-,総合,-,,10
2024-06-01,愛媛県,-,-,-,総合,-,,12
2024-06-01,高知県,-,-,-,総合,-,,7
2024-06-01,福岡県,-,-,-,総合,-,,103
2024-06-01,佐賀県,-,-,-,総合,-,,17
2024-06-01,長崎県,-,-,-,総合,-,,19
2024-06-01,熊本県,-,-,-,総合,-,,41
2024-06-01,大分県,-,-,-,総合,-,,35
2024-06-01,宮崎県,-,-,-,総合,-,,19
2024-06-01,鹿児島県,-,-,-,総合,-,,28
2024-06-01,沖縄県,-,-,-,総合,-,,36
2024-07-01,北海道,-,-,-,総合,-,,87
2024-07-01,青森県,-,-,-,総合,-,,25
2024-07-01,岩手県,-,-,-,総合,-,,24
2024-07-01,宮城県,-,-,-,総合,-,,24
2024-07-01,秋田県,-,-,-,総合,-,,22
2024-07-01,山形県,-,-,-,総合,-,,8
2024-07-01,福島県,-,-,-,総合,-,,16
2024-07-01,茨城県,-,-,-,総合,-,,26
2024-07-01,栃木県,-,-,-,総合,-,,23
2024-07-01,群馬県,-,-,-,総合,-,,31
2024-07-01,埼玉県,-,-,-,総合,-,,64
2024-07-01,千葉県,-,-,-,総合,-,,86
2024-07-01,東京都,-,-,-,総合,-,,121
2024-07-01,神奈川県,-,-,-,総合,-,,87
2024-07-01,新潟県,-,-,-,総合,-,,29
2024-07-01,山梨県,-,-,-,総合,-,,12
2024-07-01,長野県,-,-,-,総合,-,,35
2024-07-01,富山県,-,-,-,総合,-,,14
2024-07-01,石川県,-,-,-,総合,-,,19
2024-07-01,福井県,-,-,-,総合,-,,10
2024-07-01,岐阜県,-,-,-,総合,-,,38
2024-07-01,静岡県,-,-,-,総合,-,,27
2024-07-01,愛知県,-,-,-,総合,-,,112
2024-07-01,三重県,-,-,-,総合,-,,45
2024-07-01,滋賀県,-,-,-,総合,-,,40
2024-07-01,京都府,-,-,-,総合,-,,43
2024-07-01,大阪府,-,-,-,総合,-,,155
2024-07-01,兵庫県,-,-,-,総合,-,,79
2024-07-01,奈良県,-,-,-,総合,-,,27
2024-07-01,和歌山県,-,-,-,総合,-,,11
2024-07-01,鳥取県,-,-,-,総合,-,,12
2024-07-01,島根県,-,-,-,総合,-,,18
2024-07-01,岡山県,-,-,-,総合,-,,19
2024-07-01,広島県,-,-,-,総合,-,,33
2024-07-01,山口県,-,-,-,総合,-,,28
2024-07-01,徳島県,-,-,-,総合,-,,5
2024-07-01,香川県,-,-,-,総合,-,,10
2024-07-01,愛媛県,-,-,-,総合,-,,12
2024-07-01,高知県,-,-,-,総合,-,,7
2024-07-01,福岡県,-,-,-,総合,-,,102
2024-07-01,佐賀県,-,-,-,総合,-,,18
2024-07-01,長崎県,-,-,-,総合,-,,19
2024-07-01,熊本県,-,-,-,総合,-,,41
2024-07-01,大分県,-,-,-,総合,-,,35
2024-07-01,宮崎県,-,-,-,総合,-,,19
2024-07-01,鹿児島県,-,-,-,総合,-,,28
2024-07-01,沖縄県,-,-,-,総合,-,,36
2024-08-01,北海道,-,-,-,総合,-,,85
2024-08-01,青森県,-,-,-,総合,-,,25
2024-08-01,岩手県,-,-,-,総合,-,,23
2024-08-01,宮城県,-,-,-,総合,-,,24
2024-08-01,秋田県,-,-,-,総合,-,,22
2024-08-01,山形県,-,-,-,総合,-,,8
2024-08-01,福島県,-,-,-,総合,-,,16
2024-08-01,茨城県,-,-,-,総合,-,,25
2024-08-01,栃木県,-,-,-,総合,-,,23
2024-08-01,群馬県,-,-,-,総合,-,,31
2024-08-01,埼玉県,-,-,-,総合,-,,63
2024-08-01,千葉県,-,-,-,総合,-,,85
2024-08-01,東京都,-,-,-,総合,-,,121
2024-08-01,神奈川県,-,-,-,総合,-,,84
2024-08-01,新潟県,-,-,-,総合,-,,28
2024-08-01,山梨県,-,-,-,総合,-,,12
2024-08-01,長野県,-,-,-,総合,-,,35
2024-08-01,富山県,-,-,-,総合,-,,14
2024-08-01,石川県,-,-,-,総合,-,,19
2024-08-01,福井県,-,-,-,総合,-,,10
2024-08-01,岐阜県,-,-,-,総合,-,,37
2024-08-01,静岡県,-,-,-,総合,-,,27
2024-08-01,愛知県,-,-,-,総合,-,,112
2024-08-01,三重県,-,-,-,総合,-,,45
2024-08-01,滋賀県,-,-,-,総合,-,,40
2024-08-01,京都府,-,-,-,総合,-,,43
2024-08-01,大阪府,-,-,-,総合,-,,154
2024-08-01,兵庫県,-,-,-,総合,-,,79
2024-08-01,奈良県,-,-,-,総合,-,,27
2024-08-01,和歌山県,-,-,-,総合,-,,11
2024-08-01,鳥取県,-,-,-,総合,-,,12
2024-08-01,島根県,-,-,-,総合,-,,19
2024-08-01,岡山県,-,-,-,総合,-,,19
2024-08-01,広島県,-,-,-,総合,-,,33
2024-08-01,山口県,-,-,-,総合,-,,28
2024-08-01,徳島県,-,-,-,総合,-,,5
2024-08-01,香川県,-,-,-,総合,-,,10
2024-08-01,愛媛県,-,-,-,総合,-,,12
2024-08-01,高知県,-,-,-,総合,-,,7
2024-08-01,福岡県,-,-,-,総合,-,,103
2024-08-01,佐賀県,-,-,-,総合,-,,18
2024-08-01,長崎県,-,-,-,総合,-,,20
2024-08-01,熊本県,-,-,-,総合,-,,41
2024-08-01,大分県,-,-,-,総合,-,,35
2024-08-01,宮崎県,-,-,-,総合,-,,20
2024-08-01,鹿児島県,-,-,-,総合,-,,28
2024-08-01,沖縄県,-,-,-,総合,-,,35
2024-09-01,北海道,-,-,-,総合,-,,78
2024-09-01,青森県,-,-,-,総合,-,,25
2024-09-01,岩手県,-,-,-,総合,-,,23
2024-09-01,宮城県,-,-,-,総合,-,,25
2024-09-01,秋田県,-,-,-,総合,-,,22
2024-09-01,山形県,-,-,-,総合,-,,8
2024-09-01,福島県,-,-,-,総合,-,,16
2024-09-01,茨城県,-,-,-,総合,-,,24
2024-09-01,栃木県,-,-,-,総合,-,,23
2024-09-01,群馬県,-,-,-,総合,-,,31
2024-09-01,埼玉県,-,-,-,総合,-,,63
2024-09-01,千葉県,-,-,-,総合,-,,85
2024-09-01,東京都,-,-,-,総合,-,,121
2024-09-01,神奈川県,-,-,-,総合,-,,84
2024-09-01,新潟県,-,-,-,総合,-,,28
2024-09-01,山梨県,-,-,-,総合,-,,12
2024-09-01,長野県,-,-,-,総合,-,,35
2024-09-01,富山県,-,-,-,総合,-,,14
2024-09-01,石川県,-,-,-,総合,-,,19
2024-09-01,福井県,-,-,-,総合,-,,10
2024-09-01,岐阜県,-,-,-,総合,-,,37
2024-09-01,静岡県,-,-,-,総合,-,,26
2024-09-01,愛知県,-,-,-,総合,-,,112
2024-09-01,三重県,-,-,-,総合,-,,45
2024-09-01,滋賀県,-,-,-,総合,-,,40
2024-09-01,京都府,-,-,-,総合,-,,43
2024-09-01,大阪府,-,-,-,総合,-,,155
2024-09-01,兵庫県,-,-,-,総合,-,,79
2024-09-01,奈良県,-,-,-,総合,-,,27
2024-09-01,和歌山県,-,-,-,総合,-,,11
2024-09-01,鳥取県,-,-,-,総合,-,,12
2024-09-01,島根県,-,-,-,総合,-,,19
2024-09-01,岡山県,-,-,-,総合,-,,19
2024-09-01,広島県,-,-,-,総合,-,,33
2024-09-01,山口県,-,-,-,総合,-,,28
2024-09-01,徳島県,-,-,-,総合,-,,5
2024-09-01,香川県,-,-,-,総合,-,,11
2024-09-01,愛媛県,-,-,-,総合,-,,11
2024-09-01,高知県,-,-,-,総合,-,,7
2024-09-01,福岡県,-,-,-,総合,-,,103
2024-09-01,佐賀県,-,-,-,総合,-,,18
2024-09-01,長崎県,-,-,-,総合,-,,20
2024-09-01,熊本県,-,-,-,総合,-,,40
2024-09-01,大分県,-,-,-,総合,-,,36
2024-09-01,宮崎県,-,-,-,総合,-,,20
2024-09-01,鹿児島県,-,-,-,総合,-,,28
2024-09-01,沖縄県,-,-,-,総合,-,,36
2013-09-01,北海道,-,-,-,食品,-,,977
2013-09-01,青森県,-,-,-,食品,-,,202
2013-09-01,岩手県,-,-,-,食品,-,,227
2013-09-01,宮城県,-,-,-,食品,-,,318
2013-09-01,秋田県,-,-,-,食品,-,,143
2013-09-01,山形県,-,-,-,食品,-,,217
2013-09-01,福島県,-,-,-,食品,-,,330
2013-09-01,茨城県,-,-,-,食品,-,,381
2013-09-01,栃木県,-,-,-,食品,-,,278
2013-09-01,群馬県,-,-,-,食品,-,,227
2013-09-01,埼玉県,-,-,-,食品,-,,959
2013-09-01,千葉県,-,-,-,食品,-,,798
2013-09-01,東京都,-,-,-,食品,-,,2053
2013-09-01,神奈川県,-,-,-,食品,-,,1213
2013-09-01,新潟県,-,-,-,食品,-,,361
2013-09-01,山梨県,-,-,-,食品,-,,114
2013-09-01,長野県,-,-,-,食品,-,,285
2013-09-01,富山県,-,-,-,食品,-,,142
2013-09-01,石川県,-,-,-,食品,-,,180
2013-09-01,福井県,-,-,-,食品,-,,136
2013-09-01,岐阜県,-,-,-,食品,-,,231
2013-09-01,静岡県,-,-,-,食品,-,,533
2013-09-01,愛知県,-,-,-,食品,-,,812
2013-09-01,三重県,-,-,-,食品,-,,268
2013-09-01,滋賀県,-,-,-,食品,-,,170
2013-09-01,京都府,-,-,-,食品,-,,369
2013-09-01,大阪府,-,-,-,食品,-,,1121
2013-09-01,兵庫県,-,-,-,食品,-,,830
2013-09-01,奈良県,-,-,-,食品,-,,195
2013-09-01,和歌山県,-,-,-,食品,-,,139
2013-09-01,鳥取県,-,-,-,食品,-,,101
2013-09-01,島根県,-,-,-,食品,-,,163
2013-09-01,岡山県,-,-,-,食品,-,,329
2013-09-01,広島県,-,-,-,食品,-,,468
2013-09-01,山口県,-,-,-,食品,-,,260
2013-09-01,徳島県,-,-,-,食品,-,,133
2013-09-01,香川県,-,-,-,食品,-,,162
2013-09-01,愛媛県,-,-,-,食品,-,,264
2013-09-01,高知県,-,-,-,食品,-,,148
2013-09-01,福岡県,-,-,-,食品,-,,669
2013-09-01,佐賀県,-,-,-,食品,-,,135
2013-09-01,長崎県,-,-,-,食品,-,,200
2013-09-01,熊本県,-,-,-,食品,-,,218
2013-09-01,大分県,-,-,-,食品,-,,224
2013-09-01,宮崎県,-,-,-,食品,-,,199
2013-09-01,鹿児島県,-,-,-,食品,-,,314
2013-09-01,沖縄県,-,-,-,食品,-,,242
2013-10-01,北海道,-,-,-,食品,-,,978
2013-10-01,青森県,-,-,-,食品,-,,204
2013-10-01,岩手県,-,-,-,食品,-,,233
2013-10-01,宮城県,-,-,-,食品,-,,319
2013-10-01,秋田県,-,-,-,食品,-,,143
2013-10-01,山形県,-,-,-,食品,-,,217
2013-10-01,福島県,-,-,-,食品,-,,330
2013-10-01,茨城県,-,-,-,食品,-,,381
2013-10-01,栃木県,-,-,-,食品,-,,278
2013-10-01,群馬県,-,-,-,食品,-,,228
2013-10-01,埼玉県,-,-,-,食品,-,,961
2013-10-01,千葉県,-,-,-,食品,-,,797
2013-10-01,東京都,-,-,-,食品,-,,2065
2013-10-01,神奈川県,-,-,-,食品,-,,1219
2013-10-01,新潟県,-,-,-,食品,-,,359
2013-10-01,山梨県,-,-,-,食品,-,,115
2013-10-01,長野県,-,-,-,食品,-,,286
2013-10-01,富山県,-,-,-,食品,-,,142
2013-10-01,石川県,-,-,-,食品,-,,180
2013-10-01,福井県,-,-,-,食品,-,,135
2013-10-01,岐阜県,-,-,-,食品,-,,232
2013-10-01,静岡県,-,-,-,食品,-,,532
2013-10-01,愛知県,-,-,-,食品,-,,815
2013-10-01,三重県,-,-,-,食品,-,,271
2013-10-01,滋賀県,-,-,-,食品,-,,173
2013-10-01,京都府,-,-,-,食品,-,,370
2013-10-01,大阪府,-,-,-,食品,-,,1129
2013-10-01,兵庫県,-,-,-,食品,-,,840
2013-10-01,奈良県,-,-,-,食品,-,,195
2013-10-01,和歌山県,-,-,-,食品,-,,139
2013-10-01,鳥取県,-,-,-,食品,-,,101
2013-10-01,島根県,-,-,-,食品,-,,163
2013-10-01,岡山県,-,-,-,食品,-,,329
2013-10-01,広島県,-,-,-,食品,-,,468
2013-10-01,山口県,-,-,-,食品,-,,263
2013-10-01,徳島県,-,-,-,食品,-,,133
2013-10-01,香川県,-,-,-,食品,-,,163
2013-10-01,愛媛県,-,-,-,食品,-,,262
2013-10-01,高知県,-,-,-,食品,-,,148
2013-10-01,福岡県,-,-,-,食品,-,,668
2013-10-01,佐賀県,-,-,-,食品,-,,135
2013-10-01,長崎県,-,-,-,食品,-,,200
2013-10-01,熊本県,-,-,-,食品,-,,218
2013-10-01,大分県,-,-,-,食品,-,,225
2013-10-01,宮崎県,-,-,-,食品,-,,199
2013-10-01,鹿児島県,-,-,-,食品,-,,314
2013-10-01,沖縄県,-,-,-,食品,-,,243
2013-11-01,北海道,-,-,-,食品,-,,991
2013-11-01,青森県,-,-,-,食品,-,,209
2013-11-01,岩手県,-,-,-,食品,-,,238
2013-11-01,宮城県,-,-,-,食品,-,,323
2013-11-01,秋田県,-,-,-,食品,-,,144
2013-11-01,山形県,-,-,-,食品,-,,214
2013-11-01,福島県,-,-,-,食品,-,,337
2013-11-01,茨城県,-,-,-,食品,-,,391
2013-11-01,栃木県,-,-,-,食品,-,,276
2013-11-01,群馬県,-,-,-,食品,-,,230
2013-11-01,埼玉県,-,-,-,食品,-,,972
2013-11-01,千葉県,-,-,-,食品,-,,809
2013-11-01,東京都,-,-,-,食品,-,,2090
2013-11-01,神奈川県,-,-,-,食品,-,,1235
2013-11-01,新潟県,-,-,-,食品,-,,368
2013-11-01,山梨県,-,-,-,食品,-,,114
2013-11-01,長野県,-,-,-,食品,-,,290
2013-11-01,富山県,-,-,-,食品,-,,144
2013-11-01,石川県,-,-,-,食品,-,,186
2013-11-01,福井県,-,-,-,食品,-,,135
2013-11-01,岐阜県,-,-,-,食品,-,,234
2013-11-01,静岡県,-,-,-,食品,-,,538
2013-11-01,愛知県,-,-,-,食品,-,,830
2013-11-01,三重県,-,-,-,食品,-,,272
2013-11-01,滋賀県,-,-,-,食品,-,,174
2013-11-01,京都府,-,-,-,食品,-,,371
2013-11-01,大阪府,-,-,-,食品,-,,1139
2013-11-01,兵庫県,-,-,-,食品,-,,846
2013-11-01,奈良県,-,-,-,食品,-,,196
2013-11-01,和歌山県,-,-,-,食品,-,,141
2013-11-01,鳥取県,-,-,-,食品,-,,102
2013-11-01,島根県,-,-,-,食品,-,,164
2013-11-01,岡山県,-,-,-,食品,-,,332
2013-11-01,広島県,-,-,-,食品,-,,470
2013-11-01,山口県,-,-,-,食品,-,,263
2013-11-01,徳島県,-,-,-,食品,-,,136
2013-11-01,香川県,-,-,-,食品,-,,163
2013-11-01,愛媛県,-,-,-,食品,-,,265
2013-11-01,高知県,-,-,-,食品,-,,148
2013-11-01,福岡県,-,-,-,食品,-,,671
2013-11-01,佐賀県,-,-,-,食品,-,,135
2013-11-01,長崎県,-,-,-,食品,-,,205
2013-11-01,熊本県,-,-,-,食品,-,,218
2013-11-01,大分県,-,-,-,食品,-,,227
2013-11-01,宮崎県,-,-,-,食品,-,,200
2013-11-01,鹿児島県,-,-,-,食品,-,,316
2013-11-01,沖縄県,-,-,-,食品,-,,243
2013-12-01,北海道,-,-,-,食品,-,,996
2013-12-01,青森県,-,-,-,食品,-,,209
2013-12-01,岩手県,-,-,-,食品,-,,239
2013-12-01,宮城県,-,-,-,食品,-,,324
2013-12-01,秋田県,-,-,-,食品,-,,144
2013-12-01,山形県,-,-,-,食品,-,,215
2013-12-01,福島県,-,-,-,食品,-,,338
2013-12-01,茨城県,-,-,-,食品,-,,391
2013-12-01,栃木県,-,-,-,食品,-,,275
2013-12-01,群馬県,-,-,-,食品,-,,231
2013-12-01,埼玉県,-,-,-,食品,-,,978
2013-12-01,千葉県,-,-,-,食品,-,,817
2013-12-01,東京都,-,-,-,食品,-,,2102
2013-12-01,神奈川県,-,-,-,食品,-,,1239
2013-12-01,新潟県,-,-,-,食品,-,,368
2013-12-01,山梨県,-,-,-,食品,-,,114
2013-12-01,長野県,-,-,-,食品,-,,291
2013-12-01,富山県,-,-,-,食品,-,,144
2013-12-01,石川県,-,-,-,食品,-,,186
2013-12-01,福井県,-,-,-,食品,-,,138
2013-12-01,岐阜県,-,-,-,食品,-,,233
2013-12-01,静岡県,-,-,-,食品,-,,541
2013-12-01,愛知県,-,-,-,食品,-,,836
2013-12-01,三重県,-,-,-,食品,-,,271
2013-12-01,滋賀県,-,-,-,食品,-,,175
2013-12-01,京都府,-,-,-,食品,-,,376
2013-12-01,大阪府,-,-,-,食品,-,,1140
2013-12-01,兵庫県,-,-,-,食品,-,,846
2013-12-01,奈良県,-,-,-,食品,-,,200
2013-12-01,和歌山県,-,-,-,食品,-,,145
2013-12-01,鳥取県,-,-,-,食品,-,,102
2013-12-01,島根県,-,-,-,食品,-,,164
2013-12-01,岡山県,-,-,-,食品,-,,340
2013-12-01,広島県,-,-,-,食品,-,,469
2013-12-01,山口県,-,-,-,食品,-,,264
2013-12-01,徳島県,-,-,-,食品,-,,139
2013-12-01,香川県,-,-,-,食品,-,,163
2013-12-01,愛媛県,-,-,-,食品,-,,265
2013-12-01,高知県,-,-,-,食品,-,,159
2013-12-01,福岡県,-,-,-,食品,-,,679
2013-12-01,佐賀県,-,-,-,食品,-,,135
2013-12-01,長崎県,-,-,-,食品,-,,206
2013-12-01,熊本県,-,-,-,食品,-,,219
2013-12-01,大分県,-,-,-,食品,-,,224
2013-12-01,宮崎県,-,-,-,食品,-,,200
2013-12-01,鹿児島県,-,-,-,食品,-,,316
2013-12-01,沖縄県,-,-,-,食品,-,,242
2014-01-01,北海道,-,-,-,食品,-,,1011
2014-01-01,青森県,-,-,-,食品,-,,207
2014-01-01,岩手県,-,-,-,食品,-,,239
2014-01-01,宮城県,-,-,-,食品,-,,325
2014-01-01,秋田県,-,-,-,食品,-,,144
2014-01-01,山形県,-,-,-,食品,-,,216
2014-01-01,福島県,-,-,-,食品,-,,336
2014-01-01,茨城県,-,-,-,食品,-,,389
2014-01-01,栃木県,-,-,-,食品,-,,276
2014-01-01,群馬県,-,-,-,食品,-,,230
2014-01-01,埼玉県,-,-,-,食品,-,,976
2014-01-01,千葉県,-,-,-,食品,-,,814
2014-01-01,東京都,-,-,-,食品,-,,2104
2014-01-01,神奈川県,-,-,-,食品,-,,1232
2014-01-01,新潟県,-,-,-,食品,-,,366
2014-01-01,山梨県,-,-,-,食品,-,,114
2014-01-01,長野県,-,-,-,食品,-,,292
2014-01-01,富山県,-,-,-,食品,-,,146
2014-01-01,石川県,-,-,-,食品,-,,188
2014-01-01,福井県,-,-,-,食品,-,,138
2014-01-01,岐阜県,-,-,-,食品,-,,234
2014-01-01,静岡県,-,-,-,食品,-,,541
2014-01-01,愛知県,-,-,-,食品,-,,835
2014-01-01,三重県,-,-,-,食品,-,,271
2014-01-01,滋賀県,-,-,-,食品,-,,169
2014-01-01,京都府,-,-,-,食品,-,,373
2014-01-01,大阪府,-,-,-,食品,-,,1138
2014-01-01,兵庫県,-,-,-,食品,-,,843
2014-01-01,奈良県,-,-,-,食品,-,,197
2014-01-01,和歌山県,-,-,-,食品,-,,144
2014-01-01,鳥取県,-,-,-,食品,-,,103
2014-01-01,島根県,-,-,-,食品,-,,164
2014-01-01,岡山県,-,-,-,食品,-,,340
2014-01-01,広島県,-,-,-,食品,-,,469
2014-01-01,山口県,-,-,-,食品,-,,264
2014-01-01,徳島県,-,-,-,食品,-,,141
2014-01-01,香川県,-,-,-,食品,-,,163
2014-01-01,愛媛県,-,-,-,食品,-,,263
2014-01-01,高知県,-,-,-,食品,-,,160
2014-01-01,福岡県,-,-,-,食品,-,,680
2014-01-01,佐賀県,-,-,-,食品,-,,135
2014-01-01,長崎県,-,-,-,食品,-,,207
2014-01-01,熊本県,-,-,-,食品,-,,221
2014-01-01,大分県,-,-,-,食品,-,,224
2014-01-01,宮崎県,-,-,-,食品,-,,200
2014-01-01,鹿児島県,-,-,-,食品,-,,316
2014-01-01,沖縄県,-,-,-,食品,-,,242
2014-02-01,北海道,-,-,-,食品,-,,1016
2014-02-01,青森県,-,-,-,食品,-,,207
2014-02-01,岩手県,-,-,-,食品,-,,238
2014-02-01,宮城県,-,-,-,食品,-,,325
2014-02-01,秋田県,-,-,-,食品,-,,143
2014-02-01,山形県,-,-,-,食品,-,,216
2014-02-01,福島県,-,-,-,食品,-,,337
2014-02-01,茨城県,-,-,-,食品,-,,389
2014-02-01,栃木県,-,-,-,食品,-,,276
2014-02-01,群馬県,-,-,-,食品,-,,230
2014-02-01,埼玉県,-,-,-,食品,-,,971
2014-02-01,千葉県,-,-,-,食品,-,,812
2014-02-01,東京都,-,-,-,食品,-,,2096
2014-02-01,神奈川県,-,-,-,食品,-,,1227
2014-02-01,新潟県,-,-,-,食品,-,,363
2014-02-01,山梨県,-,-,-,食品,-,,114
2014-02-01,長野県,-,-,-,食品,-,,286
2014-02-01,富山県,-,-,-,食品,-,,146
2014-02-01,石川県,-,-,-,食品,-,,187
2014-02-01,福井県,-,-,-,食品,-,,138
2014-02-01,岐阜県,-,-,-,食品,-,,233
2014-02-01,静岡県,-,-,-,食品,-,,536
2014-02-01,愛知県,-,-,-,食品,-,,833
2014-02-01,三重県,-,-,-,食品,-,,269
2014-02-01,滋賀県,-,-,-,食品,-,,169
2014-02-01,京都府,-,-,-,食品,-,,371
2014-02-01,大阪府,-,-,-,食品,-,,1140
2014-02-01,兵庫県,-,-,-,食品,-,,845
2014-02-01,奈良県,-,-,-,食品,-,,197
2014-02-01,和歌山県,-,-,-,食品,-,,142
2014-02-01,鳥取県,-,-,-,食品,-,,103
2014-02-01,島根県,-,-,-,食品,-,,167
2014-02-01,岡山県,-,-,-,食品,-,,341
2014-02-01,広島県,-,-,-,食品,-,,467
2014-02-01,山口県,-,-,-,食品,-,,263
2014-02-01,徳島県,-,-,-,食品,-,,141
2014-02-01,香川県,-,-,-,食品,-,,162
2014-02-01,愛媛県,-,-,-,食品,-,,263
2014-02-01,高知県,-,-,-,食品,-,,161
2014-02-01,福岡県,-,-,-,食品,-,,678
2014-02-01,佐賀県,-,-,-,食品,-,,135
2014-02-01,長崎県,-,-,-,食品,-,,206
2014-02-01,熊本県,-,-,-,食品,-,,225
2014-02-01,大分県,-,-,-,食品,-,,223
2014-02-01,宮崎県,-,-,-,食品,-,,200
2014-02-01,鹿児島県,-,-,-,食品,-,,314
2014-02-01,沖縄県,-,-,-,食品,-,,242
2014-03-01,北海道,-,-,-,食品,-,,1009
2014-03-01,青森県,-,-,-,食品,-,,204
2014-03-01,岩手県,-,-,-,食品,-,,236
2014-03-01,宮城県,-,-,-,食品,-,,325
2014-03-01,秋田県,-,-,-,食品,-,,143
2014-03-01,山形県,-,-,-,食品,-,,216
2014-03-01,福島県,-,-,-,食品,-,,338
2014-03-01,茨城県,-,-,-,食品,-,,393
2014-03-01,栃木県,-,-,-,食品,-,,276
2014-03-01,群馬県,-,-,-,食品,-,,228
2014-03-01,埼玉県,-,-,-,食品,-,,974
2014-03-01,千葉県,-,-,-,食品,-,,812
2014-03-01,東京都,-,-,-,食品,-,,2110
2014-03-01,神奈川県,-,-,-,食品,-,,1231
2014-03-01,新潟県,-,-,-,食品,-,,362
2014-03-01,山梨県,-,-,-,食品,-,,114
2014-03-01,長野県,-,-,-,食品,-,,288
2014-03-01,富山県,-,-,-,食品,-,,146
2014-03-01,石川県,-,-,-,食品,-,,186
2014-03-01,福井県,-,-,-,食品,-,,138
2014-03-01,岐阜県,-,-,-,食品,-,,234
2014-03-01,静岡県,-,-,-,食品,-,,534
2014-03-01,愛知県,-,-,-,食品,-,,825
2014-03-01,三重県,-,-,-,食品,-,,270
2014-03-01,滋賀県,-,-,-,食品,-,,169
2014-03-01,京都府,-,-,-,食品,-,,373
2014-03-01,大阪府,-,-,-,食品,-,,1150
2014-03-01,兵庫県,-,-,-,食品,-,,844
2014-03-01,奈良県,-,-,-,食品,-,,197
2014-03-01,和歌山県,-,-,-,食品,-,,143
2014-03-01,鳥取県,-,-,-,食品,-,,103
2014-03-01,島根県,-,-,-,食品,-,,167
2014-03-01,岡山県,-,-,-,食品,-,,341
2014-03-01,広島県,-,-,-,食品,-,,464
2014-03-01,山口県,-,-,-,食品,-,,262
2014-03-01,徳島県,-,-,-,食品,-,,141
2014-03-01,香川県,-,-,-,食品,-,,161
2014-03-01,愛媛県,-,-,-,食品,-,,263
2014-03-01,高知県,-,-,-,食品,-,,160
2014-03-01,福岡県,-,-,-,食品,-,,678
2014-03-01,佐賀県,-,-,-,食品,-,,135
2014-03-01,長崎県,-,-,-,食品,-,,205
2014-03-01,熊本県,-,-,-,食品,-,,224
2014-03-01,大分県,-,-,-,食品,-,,222
2014-03-01,宮崎県,-,-,-,食品,-,,200
2014-03-01,鹿児島県,-,-,-,食品,-,,314
2014-03-01,沖縄県,-,-,-,食品,-,,241
2014-04-01,北海道,-,-,-,食品,-,,1013
2014-04-01,青森県,-,-,-,食品,-,,206
2014-04-01,岩手県,-,-,-,食品,-,,234
2014-04-01,宮城県,-,-,-,食品,-,,325
2014-04-01,秋田県,-,-,-,食品,-,,144
2014-04-01,山形県,-,-,-,食品,-,,215
2014-04-01,福島県,-,-,-,食品,-,,338
2014-04-01,茨城県,-,-,-,食品,-,,393
2014-04-01,栃木県,-,-,-,食品,-,,275
2014-04-01,群馬県,-,-,-,食品,-,,227
2014-04-01,埼玉県,-,-,-,食品,-,,979
2014-04-01,千葉県,-,-,-,食品,-,,817
2014-04-01,東京都,-,-,-,食品,-,,2157
2014-04-01,神奈川県,-,-,-,食品,-,,1247
2014-04-01,新潟県,-,-,-,食品,-,,363
2014-04-01,山梨県,-,-,-,食品,-,,112
2014-04-01,長野県,-,-,-,食品,-,,283
2014-04-01,富山県,-,-,-,食品,-,,146
2014-04-01,石川県,-,-,-,食品,-,,187
2014-04-01,福井県,-,-,-,食品,-,,138
2014-04-01,岐阜県,-,-,-,食品,-,,235
2014-04-01,静岡県,-,-,-,食品,-,,541
2014-04-01,愛知県,-,-,-,食品,-,,829
2014-04-01,三重県,-,-,-,食品,-,,272
2014-04-01,滋賀県,-,-,-,食品,-,,161
2014-04-01,京都府,-,-,-,食品,-,,369
2014-04-01,大阪府,-,-,-,食品,-,,1185
2014-04-01,兵庫県,-,-,-,食品,-,,845
2014-04-01,奈良県,-,-,-,食品,-,,199
2014-04-01,和歌山県,-,-,-,食品,-,,148
2014-04-01,鳥取県,-,-,-,食品,-,,103
2014-04-01,島根県,-,-,-,食品,-,,166
2014-04-01,岡山県,-,-,-,食品,-,,341
2014-04-01,広島県,-,-,-,食品,-,,465
2014-04-01,山口県,-,-,-,食品,-,,261
2014-04-01,徳島県,-,-,-,食品,-,,143
2014-04-01,香川県,-,-,-,食品,-,,161
2014-04-01,愛媛県,-,-,-,食品,-,,264
2014-04-01,高知県,-,-,-,食品,-,,160
2014-04-01,福岡県,-,-,-,食品,-,,673
2014-04-01,佐賀県,-,-,-,食品,-,,135
2014-04-01,長崎県,-,-,-,食品,-,,202
2014-04-01,熊本県,-,-,-,食品,-,,226
2014-04-01,大分県,-,-,-,食品,-,,221
2014-04-01,宮崎県,-,-,-,食品,-,,199
2014-04-01,鹿児島県,-,-,-,食品,-,,314
2014-04-01,沖縄県,-,-,-,食品,-,,244
2014-05-01,北海道,-,-,-,食品,-,,1016
2014-05-01,青森県,-,-,-,食品,-,,206
2014-05-01,岩手県,-,-,-,食品,-,,232
2014-05-01,宮城県,-,-,-,食品,-,,326
2014-05-01,秋田県,-,-,-,食品,-,,144
2014-05-01,山形県,-,-,-,食品,-,,215
2014-05-01,福島県,-,-,-,食品,-,,338
2014-05-01,茨城県,-,-,-,食品,-,,393
2014-05-01,栃木県,-,-,-,食品,-,,276
2014-05-01,群馬県,-,-,-,食品,-,,226
2014-05-01,埼玉県,-,-,-,食品,-,,982
2014-05-01,千葉県,-,-,-,食品,-,,819
2014-05-01,東京都,-,-,-,食品,-,,2165
2014-05-01,神奈川県,-,-,-,食品,-,,1250
2014-05-01,新潟県,-,-,-,食品,-,,364
2014-05-01,山梨県,-,-,-,食品,-,,112
2014-05-01,長野県,-,-,-,食品,-,,284
2014-05-01,富山県,-,-,-,食品,-,,146
2014-05-01,石川県,-,-,-,食品,-,,187
2014-05-01,福井県,-,-,-,食品,-,,137
2014-05-01,岐阜県,-,-,-,食品,-,,235
2014-05-01,静岡県,-,-,-,食品,-,,540
2014-05-01,愛知県,-,-,-,食品,-,,824
2014-05-01,三重県,-,-,-,食品,-,,268
2014-05-01,滋賀県,-,-,-,食品,-,,161
2014-05-01,京都府,-,-,-,食品,-,,367
2014-05-01,大阪府,-,-,-,食品,-,,1186
2014-05-01,兵庫県,-,-,-,食品,-,,846
2014-05-01,奈良県,-,-,-,食品,-,,198
2014-05-01,和歌山県,-,-,-,食品,-,,147
2014-05-01,鳥取県,-,-,-,食品,-,,101
2014-05-01,島根県,-,-,-,食品,-,,167
2014-05-01,岡山県,-,-,-,食品,-,,341
2014-05-01,広島県,-,-,-,食品,-,,468
2014-05-01,山口県,-,-,-,食品,-,,260
2014-05-01,徳島県,-,-,-,食品,-,,144
2014-05-01,香川県,-,-,-,食品,-,,161
2014-05-01,愛媛県,-,-,-,食品,-,,262
2014-05-01,高知県,-,-,-,食品,-,,159
2014-05-01,福岡県,-,-,-,食品,-,,673
2014-05-01,佐賀県,-,-,-,食品,-,,135
2014-05-01,長崎県,-,-,-,食品,-,,202
2014-05-01,熊本県,-,-,-,食品,-,,226
2014-05-01,大分県,-,-,-,食品,-,,220
2014-05-01,宮崎県,-,-,-,食品,-,,199
2014-05-01,鹿児島県,-,-,-,食品,-,,314
2014-05-01,沖縄県,-,-,-,食品,-,,244
2014-06-01,北海道,-,-,-,食品,-,,1014
2014-06-01,青森県,-,-,-,食品,-,,207
2014-06-01,岩手県,-,-,-,食品,-,,232
2014-06-01,宮城県,-,-,-,食品,-,,326
2014-06-01,秋田県,-,-,-,食品,-,,145
2014-06-01,山形県,-,-,-,食品,-,,217
2014-06-01,福島県,-,-,-,食品,-,,339
2014-06-01,茨城県,-,-,-,食品,-,,392
2014-06-01,栃木県,-,-,-,食品,-,,276
2014-06-01,群馬県,-,-,-,食品,-,,228
2014-06-01,埼玉県,-,-,-,食品,-,,988
2014-06-01,千葉県,-,-,-,食品,-,,818
2014-06-01,東京都,-,-,-,食品,-,,2176
2014-06-01,神奈川県,-,-,-,食品,-,,1251
2014-06-01,新潟県,-,-,-,食品,-,,365
2014-06-01,山梨県,-,-,-,食品,-,,115
2014-06-01,長野県,-,-,-,食品,-,,285
2014-06-01,富山県,-,-,-,食品,-,,146
2014-06-01,石川県,-,-,-,食品,-,,187
2014-06-01,福井県,-,-,-,食品,-,,137
2014-06-01,岐阜県,-,-,-,食品,-,,233
2014-06-01,静岡県,-,-,-,食品,-,,538
2014-06-01,愛知県,-,-,-,食品,-,,829
2014-06-01,三重県,-,-,-,食品,-,,268
2014-06-01,滋賀県,-,-,-,食品,-,,162
2014-06-01,京都府,-,-,-,食品,-,,374
2014-06-01,大阪府,-,-,-,食品,-,,1186
2014-06-01,兵庫県,-,-,-,食品,-,,849
2014-06-01,奈良県,-,-,-,食品,-,,197
2014-06-01,和歌山県,-,-,-,食品,-,,147
2014-06-01,鳥取県,-,-,-,食品,-,,100
2014-06-01,島根県,-,-,-,食品,-,,164
2014-06-01,岡山県,-,-,-,食品,-,,340
2014-06-01,広島県,-,-,-,食品,-,,466
2014-06-01,山口県,-,-,-,食品,-,,259
2014-06-01,徳島県,-,-,-,食品,-,,145
2014-06-01,香川県,-,-,-,食品,-,,162
2014-06-01,愛媛県,-,-,-,食品,-,,264
2014-06-01,高知県,-,-,-,食品,-,,159
2014-06-01,福岡県,-,-,-,食品,-,,670
2014-06-01,佐賀県,-,-,-,食品,-,,134
2014-06-01,長崎県,-,-,-,食品,-,,202
2014-06-01,熊本県,-,-,-,食品,-,,226
2014-06-01,大分県,-,-,-,食品,-,,220
2014-06-01,宮崎県,-,-,-,食品,-,,199
2014-06-01,鹿児島県,-,-,-,食品,-,,314
2014-06-01,沖縄県,-,-,-,食品,-,,243
2014-07-01,北海道,-,-,-,食品,-,,1018
2014-07-01,青森県,-,-,-,食品,-,,210
2014-07-01,岩手県,-,-,-,食品,-,,232
2014-07-01,宮城県,-,-,-,食品,-,,328
2014-07-01,秋田県,-,-,-,食品,-,,146
2014-07-01,山形県,-,-,-,食品,-,,216
2014-07-01,福島県,-,-,-,食品,-,,339
2014-07-01,茨城県,-,-,-,食品,-,,394
2014-07-01,栃木県,-,-,-,食品,-,,274
2014-07-01,群馬県,-,-,-,食品,-,,228
2014-07-01,埼玉県,-,-,-,食品,-,,990
2014-07-01,千葉県,-,-,-,食品,-,,820
2014-07-01,東京都,-,-,-,食品,-,,2195
2014-07-01,神奈川県,-,-,-,食品,-,,1262
2014-07-01,新潟県,-,-,-,食品,-,,365
2014-07-01,山梨県,-,-,-,食品,-,,115
2014-07-01,長野県,-,-,-,食品,-,,286
2014-07-01,富山県,-,-,-,食品,-,,147
2014-07-01,石川県,-,-,-,食品,-,,187
2014-07-01,福井県,-,-,-,食品,-,,137
2014-07-01,岐阜県,-,-,-,食品,-,,235
2014-07-01,静岡県,-,-,-,食品,-,,537
2014-07-01,愛知県,-,-,-,食品,-,,834
2014-07-01,三重県,-,-,-,食品,-,,268
2014-07-01,滋賀県,-,-,-,食品,-,,162
2014-07-01,京都府,-,-,-,食品,-,,374
2014-07-01,大阪府,-,-,-,食品,-,,1191
2014-07-01,兵庫県,-,-,-,食品,-,,853
2014-07-01,奈良県,-,-,-,食品,-,,196
2014-07-01,和歌山県,-,-,-,食品,-,,147
2014-07-01,鳥取県,-,-,-,食品,-,,100
2014-07-01,島根県,-,-,-,食品,-,,164
2014-07-01,岡山県,-,-,-,食品,-,,340
2014-07-01,広島県,-,-,-,食品,-,,466
2014-07-01,山口県,-,-,-,食品,-,,261
2014-07-01,徳島県,-,-,-,食品,-,,146
2014-07-01,香川県,-,-,-,食品,-,,161
2014-07-01,愛媛県,-,-,-,食品,-,,265
2014-07-01,高知県,-,-,-,食品,-,,159
2014-07-01,福岡県,-,-,-,食品,-,,672
2014-07-01,佐賀県,-,-,-,食品,-,,134
2014-07-01,長崎県,-,-,-,食品,-,,201
2014-07-01,熊本県,-,-,-,食品,-,,226
2014-07-01,大分県,-,-,-,食品,-,,221
2014-07-01,宮崎県,-,-,-,食品,-,,199
2014-07-01,鹿児島県,-,-,-,食品,-,,317
2014-07-01,沖縄県,-,-,-,食品,-,,244
2014-08-01,北海道,-,-,-,食品,-,,1025
2014-08-01,青森県,-,-,-,食品,-,,210
2014-08-01,岩手県,-,-,-,食品,-,,232
2014-08-01,宮城県,-,-,-,食品,-,,328
2014-08-01,秋田県,-,-,-,食品,-,,146
2014-08-01,山形県,-,-,-,食品,-,,216
2014-08-01,福島県,-,-,-,食品,-,,339
2014-08-01,茨城県,-,-,-,食品,-,,395
2014-08-01,栃木県,-,-,-,食品,-,,274
2014-08-01,群馬県,-,-,-,食品,-,,228
2014-08-01,埼玉県,-,-,-,食品,-,,989
2014-08-01,千葉県,-,-,-,食品,-,,823
2014-08-01,東京都,-,-,-,食品,-,,2210
2014-08-01,神奈川県,-,-,-,食品,-,,1264
2014-08-01,新潟県,-,-,-,食品,-,,361
2014-08-01,山梨県,-,-,-,食品,-,,115
2014-08-01,長野県,-,-,-,食品,-,,286
2014-08-01,富山県,-,-,-,食品,-,,147
2014-08-01,石川県,-,-,-,食品,-,,187
2014-08-01,福井県,-,-,-,食品,-,,136
2014-08-01,岐阜県,-,-,-,食品,-,,235
2014-08-01,静岡県,-,-,-,食品,-,,538
2014-08-01,愛知県,-,-,-,食品,-,,835
2014-08-01,三重県,-,-,-,食品,-,,267
2014-08-01,滋賀県,-,-,-,食品,-,,161
2014-08-01,京都府,-,-,-,食品,-,,373
2014-08-01,大阪府,-,-,-,食品,-,,1190
2014-08-01,兵庫県,-,-,-,食品,-,,849
2014-08-01,奈良県,-,-,-,食品,-,,196
2014-08-01,和歌山県,-,-,-,食品,-,,144
2014-08-01,鳥取県,-,-,-,食品,-,,100
2014-08-01,島根県,-,-,-,食品,-,,165
2014-08-01,岡山県,-,-,-,食品,-,,338
2014-08-01,広島県,-,-,-,食品,-,,465
2014-08-01,山口県,-,-,-,食品,-,,261
2014-08-01,徳島県,-,-,-,食品,-,,146
2014-08-01,香川県,-,-,-,食品,-,,163
2014-08-01,愛媛県,-,-,-,食品,-,,263
2014-08-01,高知県,-,-,-,食品,-,,159
2014-08-01,福岡県,-,-,-,食品,-,,672
2014-08-01,佐賀県,-,-,-,食品,-,,134
2014-08-01,長崎県,-,-,-,食品,-,,201
2014-08-01,熊本県,-,-,-,食品,-,,226
2014-08-01,大分県,-,-,-,食品,-,,220
2014-08-01,宮崎県,-,-,-,食品,-,,198
2014-08-01,鹿児島県,-,-,-,食品,-,,316
2014-08-01,沖縄県,-,-,-,食品,-,,244
2014-09-01,北海道,-,-,-,食品,-,,1026
2014-09-01,青森県,-,-,-,食品,-,,210
2014-09-01,岩手県,-,-,-,食品,-,,231
2014-09-01,宮城県,-,-,-,食品,-,,328
2014-09-01,秋田県,-,-,-,食品,-,,147
2014-09-01,山形県,-,-,-,食品,-,,216
2014-09-01,福島県,-,-,-,食品,-,,339
2014-09-01,茨城県,-,-,-,食品,-,,396
2014-09-01,栃木県,-,-,-,食品,-,,276
2014-09-01,群馬県,-,-,-,食品,-,,228
2014-09-01,埼玉県,-,-,-,食品,-,,989
2014-09-01,千葉県,-,-,-,食品,-,,824
2014-09-01,東京都,-,-,-,食品,-,,2213
2014-09-01,神奈川県,-,-,-,食品,-,,1267
2014-09-01,新潟県,-,-,-,食品,-,,361
2014-09-01,山梨県,-,-,-,食品,-,,116
2014-09-01,長野県,-,-,-,食品,-,,286
2014-09-01,富山県,-,-,-,食品,-,,146
2014-09-01,石川県,-,-,-,食品,-,,187
2014-09-01,福井県,-,-,-,食品,-,,136
2014-09-01,岐阜県,-,-,-,食品,-,,235
2014-09-01,静岡県,-,-,-,食品,-,,536
2014-09-01,愛知県,-,-,-,食品,-,,841
2014-09-01,三重県,-,-,-,食品,-,,260
2014-09-01,滋賀県,-,-,-,食品,-,,161
2014-09-01,京都府,-,-,-,食品,-,,373
2014-09-01,大阪府,-,-,-,食品,-,,1193
2014-09-01,兵庫県,-,-,-,食品,-,,849
2014-09-01,奈良県,-,-,-,食品,-,,195
2014-09-01,和歌山県,-,-,-,食品,-,,144
2014-09-01,鳥取県,-,-,-,食品,-,,101
2014-09-01,島根県,-,-,-,食品,-,,165
2014-09-01,岡山県,-,-,-,食品,-,,338
2014-09-01,広島県,-,-,-,食品,-,,468
2014-09-01,山口県,-,-,-,食品,-,,261
2014-09-01,徳島県,-,-,-,食品,-,,146
2014-09-01,香川県,-,-,-,食品,-,,163
2014-09-01,愛媛県,-,-,-,食品,-,,261
2014-09-01,高知県,-,-,-,食品,-,,159
2014-09-01,福岡県,-,-,-,食品,-,,673
2014-09-01,佐賀県,-,-,-,食品,-,,134
2014-09-01,長崎県,-,-,-,食品,-,,200
2014-09-01,熊本県,-,-,-,食品,-,,226
2014-09-01,大分県,-,-,-,食品,-,,219
2014-09-01,宮崎県,-,-,-,食品,-,,198
2014-09-01,鹿児島県,-,-,-,食品,-,,316
2014-09-01,沖縄県,-,-,-,食品,-,,244
2014-10-01,北海道,-,-,-,食品,-,,1026
2014-10-01,青森県,-,-,-,食品,-,,210
2014-10-01,岩手県,-,-,-,食品,-,,231
2014-10-01,宮城県,-,-,-,食品,-,,330
2014-10-01,秋田県,-,-,-,食品,-,,147
2014-10-01,山形県,-,-,-,食品,-,,218
2014-10-01,福島県,-,-,-,食品,-,,339
2014-10-01,茨城県,-,-,-,食品,-,,399
2014-10-01,栃木県,-,-,-,食品,-,,276
2014-10-01,群馬県,-,-,-,食品,-,,228
2014-10-01,埼玉県,-,-,-,食品,-,,993
2014-10-01,千葉県,-,-,-,食品,-,,824
2014-10-01,東京都,-,-,-,食品,-,,2234
2014-10-01,神奈川県,-,-,-,食品,-,,1272
2014-10-01,新潟県,-,-,-,食品,-,,363
2014-10-01,山梨県,-,-,-,食品,-,,116
2014-10-01,長野県,-,-,-,食品,-,,286
2014-10-01,富山県,-,-,-,食品,-,,146
2014-10-01,石川県,-,-,-,食品,-,,187
2014-10-01,福井県,-,-,-,食品,-,,137
2014-10-01,岐阜県,-,-,-,食品,-,,236
2014-10-01,静岡県,-,-,-,食品,-,,538
2014-10-01,愛知県,-,-,-,食品,-,,844
2014-10-01,三重県,-,-,-,食品,-,,260
2014-10-01,滋賀県,-,-,-,食品,-,,159
2014-10-01,京都府,-,-,-,食品,-,,374
2014-10-01,大阪府,-,-,-,食品,-,,1195
2014-10-01,兵庫県,-,-,-,食品,-,,851
2014-10-01,奈良県,-,-,-,食品,-,,194
2014-10-01,和歌山県,-,-,-,食品,-,,144
2014-10-01,鳥取県,-,-,-,食品,-,,101
2014-10-01,島根県,-,-,-,食品,-,,165
2014-10-01,岡山県,-,-,-,食品,-,,339
2014-10-01,広島県,-,-,-,食品,-,,470
2014-10-01,山口県,-,-,-,食品,-,,261
2014-10-01,徳島県,-,-,-,食品,-,,145
2014-10-01,香川県,-,-,-,食品,-,,163
2014-10-01,愛媛県,-,-,-,食品,-,,261
2014-10-01,高知県,-,-,-,食品,-,,159
2014-10-01,福岡県,-,-,-,食品,-,,675
2014-10-01,佐賀県,-,-,-,食品,-,,134
2014-10-01,長崎県,-,-,-,食品,-,,199
2014-10-01,熊本県,-,-,-,食品,-,,225
2014-10-01,大分県,-,-,-,食品,-,,219
2014-10-01,宮崎県,-,-,-,食品,-,,198
2014-10-01,鹿児島県,-,-,-,食品,-,,314
2014-10-01,沖縄県,-,-,-,食品,-,,244
2014-11-01,北海道,-,-,-,食品,-,,1030
2014-11-01,青森県,-,-,-,食品,-,,209
2014-11-01,岩手県,-,-,-,食品,-,,233
2014-11-01,宮城県,-,-,-,食品,-,,330
2014-11-01,秋田県,-,-,-,食品,-,,148
2014-11-01,山形県,-,-,-,食品,-,,218
2014-11-01,福島県,-,-,-,食品,-,,340
2014-11-01,茨城県,-,-,-,食品,-,,400
2014-11-01,栃木県,-,-,-,食品,-,,278
2014-11-01,群馬県,-,-,-,食品,-,,230
2014-11-01,埼玉県,-,-,-,食品,-,,997
2014-11-01,千葉県,-,-,-,食品,-,,825
2014-11-01,東京都,-,-,-,食品,-,,2252
2014-11-01,神奈川県,-,-,-,食品,-,,1276
2014-11-01,新潟県,-,-,-,食品,-,,366
2014-11-01,山梨県,-,-,-,食品,-,,117
2014-11-01,長野県,-,-,-,食品,-,,284
2014-11-01,富山県,-,-,-,食品,-,,146
2014-11-01,石川県,-,-,-,食品,-,,188
2014-11-01,福井県,-,-,-,食品,-,,138
2014-11-01,岐阜県,-,-,-,食品,-,,236
2014-11-01,静岡県,-,-,-,食品,-,,542
2014-11-01,愛知県,-,-,-,食品,-,,846
2014-11-01,三重県,-,-,-,食品,-,,257
2014-11-01,滋賀県,-,-,-,食品,-,,160
2014-11-01,京都府,-,-,-,食品,-,,375
2014-11-01,大阪府,-,-,-,食品,-,,1197
2014-11-01,兵庫県,-,-,-,食品,-,,851
2014-11-01,奈良県,-,-,-,食品,-,,193
2014-11-01,和歌山県,-,-,-,食品,-,,144
2014-11-01,鳥取県,-,-,-,食品,-,,103
2014-11-01,島根県,-,-,-,食品,-,,165
2014-11-01,岡山県,-,-,-,食品,-,,342
2014-11-01,広島県,-,-,-,食品,-,,474
2014-11-01,山口県,-,-,-,食品,-,,262
2014-11-01,徳島県,-,-,-,食品,-,,145
2014-11-01,香川県,-,-,-,食品,-,,163
2014-11-01,愛媛県,-,-,-,食品,-,,262
2014-11-01,高知県,-,-,-,食品,-,,159
2014-11-01,福岡県,-,-,-,食品,-,,674
2014-11-01,佐賀県,-,-,-,食品,-,,134
2014-11-01,長崎県,-,-,-,食品,-,,201
2014-11-01,熊本県,-,-,-,食品,-,,226
2014-11-01,大分県,-,-,-,食品,-,,219
2014-11-01,宮崎県,-,-,-,食品,-,,199
2014-11-01,鹿児島県,-,-,-,食品,-,,314
2014-11-01,沖縄県,-,-,-,食品,-,,244
2014-12-01,北海道,-,-,-,食品,-,,1035
2014-12-01,青森県,-,-,-,食品,-,,211
2014-12-01,岩手県,-,-,-,食品,-,,233
2014-12-01,宮城県,-,-,-,食品,-,,331
2014-12-01,秋田県,-,-,-,食品,-,,148
2014-12-01,山形県,-,-,-,食品,-,,219
2014-12-01,福島県,-,-,-,食品,-,,340
2014-12-01,茨城県,-,-,-,食品,-,,399
2014-12-01,栃木県,-,-,-,食品,-,,279
2014-12-01,群馬県,-,-,-,食品,-,,234
2014-12-01,埼玉県,-,-,-,食品,-,,1006
2014-12-01,千葉県,-,-,-,食品,-,,825
2014-12-01,東京都,-,-,-,食品,-,,2264
2014-12-01,神奈川県,-,-,-,食品,-,,1280
2014-12-01,新潟県,-,-,-,食品,-,,367
2014-12-01,山梨県,-,-,-,食品,-,,117
2014-12-01,長野県,-,-,-,食品,-,,284
2014-12-01,富山県,-,-,-,食品,-,,147
2014-12-01,石川県,-,-,-,食品,-,,188
2014-12-01,福井県,-,-,-,食品,-,,140
2014-12-01,岐阜県,-,-,-,食品,-,,236
2014-12-01,静岡県,-,-,-,食品,-,,542
2014-12-01,愛知県,-,-,-,食品,-,,851
2014-12-01,三重県,-,-,-,食品,-,,257
2014-12-01,滋賀県,-,-,-,食品,-,,162
2014-12-01,京都府,-,-,-,食品,-,,376
2014-12-01,大阪府,-,-,-,食品,-,,1203
2014-12-01,兵庫県,-,-,-,食品,-,,841
2014-12-01,奈良県,-,-,-,食品,-,,193
2014-12-01,和歌山県,-,-,-,食品,-,,144
2014-12-01,鳥取県,-,-,-,食品,-,,101
2014-12-01,島根県,-,-,-,食品,-,,165
2014-12-01,岡山県,-,-,-,食品,-,,344
2014-12-01,広島県,-,-,-,食品,-,,474
2014-12-01,山口県,-,-,-,食品,-,,262
2014-12-01,徳島県,-,-,-,食品,-,,145
2014-12-01,香川県,-,-,-,食品,-,,164
2014-12-01,愛媛県,-,-,-,食品,-,,262
2014-12-01,高知県,-,-,-,食品,-,,160
2014-12-01,福岡県,-,-,-,食品,-,,675
2014-12-01,佐賀県,-,-,-,食品,-,,134
2014-12-01,長崎県,-,-,-,食品,-,,201
2014-12-01,熊本県,-,-,-,食品,-,,227
2014-12-01,大分県,-,-,-,食品,-,,220
2014-12-01,宮崎県,-,-,-,食品,-,,205
2014-12-01,鹿児島県,-,-,-,食品,-,,318
2014-12-01,沖縄県,-,-,-,食品,-,,245
2015-01-01,北海道,-,-,-,食品,-,,1034
2015-01-01,青森県,-,-,-,食品,-,,211
2015-01-01,岩手県,-,-,-,食品,-,,233
2015-01-01,宮城県,-,-,-,食品,-,,331
2015-01-01,秋田県,-,-,-,食品,-,,149
2015-01-01,山形県,-,-,-,食品,-,,219
2015-01-01,福島県,-,-,-,食品,-,,341
2015-01-01,茨城県,-,-,-,食品,-,,398
2015-01-01,栃木県,-,-,-,食品,-,,287
2015-01-01,群馬県,-,-,-,食品,-,,234
2015-01-01,埼玉県,-,-,-,食品,-,,1007
2015-01-01,千葉県,-,-,-,食品,-,,823
2015-01-01,東京都,-,-,-,食品,-,,2265
2015-01-01,神奈川県,-,-,-,食品,-,,1279
2015-01-01,新潟県,-,-,-,食品,-,,365
2015-01-01,山梨県,-,-,-,食品,-,,118
2015-01-01,長野県,-,-,-,食品,-,,283
2015-01-01,富山県,-,-,-,食品,-,,147
2015-01-01,石川県,-,-,-,食品,-,,188
2015-01-01,福井県,-,-,-,食品,-,,140
2015-01-01,岐阜県,-,-,-,食品,-,,234
2015-01-01,静岡県,-,-,-,食品,-,,543
2015-01-01,愛知県,-,-,-,食品,-,,850
2015-01-01,三重県,-,-,-,食品,-,,256
2015-01-01,滋賀県,-,-,-,食品,-,,162
2015-01-01,京都府,-,-,-,食品,-,,376
2015-01-01,大阪府,-,-,-,食品,-,,1200
2015-01-01,兵庫県,-,-,-,食品,-,,840
2015-01-01,奈良県,-,-,-,食品,-,,193
2015-01-01,和歌山県,-,-,-,食品,-,,143
2015-01-01,鳥取県,-,-,-,食品,-,,100
2015-01-01,島根県,-,-,-,食品,-,,165
2015-01-01,岡山県,-,-,-,食品,-,,343
2015-01-01,広島県,-,-,-,食品,-,,474
2015-01-01,山口県,-,-,-,食品,-,,262
2015-01-01,徳島県,-,-,-,食品,-,,145
2015-01-01,香川県,-,-,-,食品,-,,164
2015-01-01,愛媛県,-,-,-,食品,-,,262
2015-01-01,高知県,-,-,-,食品,-,,160
2015-01-01,福岡県,-,-,-,食品,-,,672
2015-01-01,佐賀県,-,-,-,食品,-,,135
2015-01-01,長崎県,-,-,-,食品,-,,201
2015-01-01,熊本県,-,-,-,食品,-,,231
2015-01-01,大分県,-,-,-,食品,-,,220
2015-01-01,宮崎県,-,-,-,食品,-,,205
2015-01-01,鹿児島県,-,-,-,食品,-,,319
2015-01-01,沖縄県,-,-,-,食品,-,,245
2015-02-01,北海道,-,-,-,食品,-,,1037
2015-02-01,青森県,-,-,-,食品,-,,212
2015-02-01,岩手県,-,-,-,食品,-,,235
2015-02-01,宮城県,-,-,-,食品,-,,334
2015-02-01,秋田県,-,-,-,食品,-,,149
2015-02-01,山形県,-,-,-,食品,-,,219
2015-02-01,福島県,-,-,-,食品,-,,342
2015-02-01,茨城県,-,-,-,食品,-,,399
2015-02-01,栃木県,-,-,-,食品,-,,286
2015-02-01,群馬県,-,-,-,食品,-,,233
2015-02-01,埼玉県,-,-,-,食品,-,,1009
2015-02-01,千葉県,-,-,-,食品,-,,823
2015-02-01,東京都,-,-,-,食品,-,,2276
2015-02-01,神奈川県,-,-,-,食品,-,,1284
2015-02-01,新潟県,-,-,-,食品,-,,365
2015-02-01,山梨県,-,-,-,食品,-,,117
2015-02-01,長野県,-,-,-,食品,-,,282
2015-02-01,富山県,-,-,-,食品,-,,147
2015-02-01,石川県,-,-,-,食品,-,,191
2015-02-01,福井県,-,-,-,食品,-,,140
2015-02-01,岐阜県,-,-,-,食品,-,,234
2015-02-01,静岡県,-,-,-,食品,-,,544
2015-02-01,愛知県,-,-,-,食品,-,,848
2015-02-01,三重県,-,-,-,食品,-,,256
2015-02-01,滋賀県,-,-,-,食品,-,,163
2015-02-01,京都府,-,-,-,食品,-,,380
2015-02-01,大阪府,-,-,-,食品,-,,1205
2015-02-01,兵庫県,-,-,-,食品,-,,843
2015-02-01,奈良県,-,-,-,食品,-,,193
2015-02-01,和歌山県,-,-,-,食品,-,,147
2015-02-01,鳥取県,-,-,-,食品,-,,100
2015-02-01,島根県,-,-,-,食品,-,,165
2015-02-01,岡山県,-,-,-,食品,-,,343
2015-02-01,広島県,-,-,-,食品,-,,483
2015-02-01,山口県,-,-,-,食品,-,,262
2015-02-01,徳島県,-,-,-,食品,-,,145
2015-02-01,香川県,-,-,-,食品,-,,164
2015-02-01,愛媛県,-,-,-,食品,-,,261
2015-02-01,高知県,-,-,-,食品,-,,161
2015-02-01,福岡県,-,-,-,食品,-,,670
2015-02-01,佐賀県,-,-,-,食品,-,,137
2015-02-01,長崎県,-,-,-,食品,-,,201
2015-02-01,熊本県,-,-,-,食品,-,,233
2015-02-01,大分県,-,-,-,食品,-,,220
2015-02-01,宮崎県,-,-,-,食品,-,,206
2015-02-01,鹿児島県,-,-,-,食品,-,,320
2015-02-01,沖縄県,-,-,-,食品,-,,245
2015-03-01,北海道,-,-,-,食品,-,,1039
2015-03-01,青森県,-,-,-,食品,-,,212
2015-03-01,岩手県,-,-,-,食品,-,,235
2015-03-01,宮城県,-,-,-,食品,-,,332
2015-03-01,秋田県,-,-,-,食品,-,,150
2015-03-01,山形県,-,-,-,食品,-,,219
2015-03-01,福島県,-,-,-,食品,-,,343
2015-03-01,茨城県,-,-,-,食品,-,,402
2015-03-01,栃木県,-,-,-,食品,-,,286
2015-03-01,群馬県,-,-,-,食品,-,,234
2015-03-01,埼玉県,-,-,-,食品,-,,1021
2015-03-01,千葉県,-,-,-,食品,-,,825
2015-03-01,東京都,-,-,-,食品,-,,2291
2015-03-01,神奈川県,-,-,-,食品,-,,1283
2015-03-01,新潟県,-,-,-,食品,-,,366
2015-03-01,山梨県,-,-,-,食品,-,,118
2015-03-01,長野県,-,-,-,食品,-,,278
2015-03-01,富山県,-,-,-,食品,-,,147
2015-03-01,石川県,-,-,-,食品,-,,193
2015-03-01,福井県,-,-,-,食品,-,,140
2015-03-01,岐阜県,-,-,-,食品,-,,236
2015-03-01,静岡県,-,-,-,食品,-,,545
2015-03-01,愛知県,-,-,-,食品,-,,847
2015-03-01,三重県,-,-,-,食品,-,,256
2015-03-01,滋賀県,-,-,-,食品,-,,163
2015-03-01,京都府,-,-,-,食品,-,,383
2015-03-01,大阪府,-,-,-,食品,-,,1210
2015-03-01,兵庫県,-,-,-,食品,-,,844
2015-03-01,奈良県,-,-,-,食品,-,,194
2015-03-01,和歌山県,-,-,-,食品,-,,147
2015-03-01,鳥取県,-,-,-,食品,-,,101
2015-03-01,島根県,-,-,-,食品,-,,165
2015-03-01,岡山県,-,-,-,食品,-,,343
2015-03-01,広島県,-,-,-,食品,-,,481
2015-03-01,山口県,-,-,-,食品,-,,261
2015-03-01,徳島県,-,-,-,食品,-,,145
2015-03-01,香川県,-,-,-,食品,-,,164
2015-03-01,愛媛県,-,-,-,食品,-,,261
2015-03-01,高知県,-,-,-,食品,-,,162
2015-03-01,福岡県,-,-,-,食品,-,,668
2015-03-01,佐賀県,-,-,-,食品,-,,138
2015-03-01,長崎県,-,-,-,食品,-,,201
2015-03-01,熊本県,-,-,-,食品,-,,234
2015-03-01,大分県,-,-,-,食品,-,,220
2015-03-01,宮崎県,-,-,-,食品,-,,207
2015-03-01,鹿児島県,-,-,-,食品,-,,321
2015-03-01,沖縄県,-,-,-,食品,-,,245
2015-04-01,北海道,-,-,-,食品,-,,1041
2015-04-01,青森県,-,-,-,食品,-,,212
2015-04-01,岩手県,-,-,-,食品,-,,236
2015-04-01,宮城県,-,-,-,食品,-,,326
2015-04-01,秋田県,-,-,-,食品,-,,150
2015-04-01,山形県,-,-,-,食品,-,,219
2015-04-01,福島県,-,-,-,食品,-,,343
2015-04-01,茨城県,-,-,-,食品,-,,403
2015-04-01,栃木県,-,-,-,食品,-,,286
2015-04-01,群馬県,-,-,-,食品,-,,236
2015-04-01,埼玉県,-,-,-,食品,-,,1021
2015-04-01,千葉県,-,-,-,食品,-,,822
2015-04-01,東京都,-,-,-,食品,-,,2292
2015-04-01,神奈川県,-,-,-,食品,-,,1283
2015-04-01,新潟県,-,-,-,食品,-,,366
2015-04-01,山梨県,-,-,-,食品,-,,118
2015-04-01,長野県,-,-,-,食品,-,,275
2015-04-01,富山県,-,-,-,食品,-,,147
2015-04-01,石川県,-,-,-,食品,-,,195
2015-04-01,福井県,-,-,-,食品,-,,140
2015-04-01,岐阜県,-,-,-,食品,-,,234
2015-04-01,静岡県,-,-,-,食品,-,,541
2015-04-01,愛知県,-,-,-,食品,-,,844
2015-04-01,三重県,-,-,-,食品,-,,256
2015-04-01,滋賀県,-,-,-,食品,-,,163
2015-04-01,京都府,-,-,-,食品,-,,383
2015-04-01,大阪府,-,-,-,食品,-,,1214
2015-04-01,兵庫県,-,-,-,食品,-,,843
2015-04-01,奈良県,-,-,-,食品,-,,195
2015-04-01,和歌山県,-,-,-,食品,-,,147
2015-04-01,鳥取県,-,-,-,食品,-,,101
2015-04-01,島根県,-,-,-,食品,-,,163
2015-04-01,岡山県,-,-,-,食品,-,,343
2015-04-01,広島県,-,-,-,食品,-,,484
2015-04-01,山口県,-,-,-,食品,-,,260
2015-04-01,徳島県,-,-,-,食品,-,,145
2015-04-01,香川県,-,-,-,食品,-,,164
2015-04-01,愛媛県,-,-,-,食品,-,,261
2015-04-01,高知県,-,-,-,食品,-,,163
2015-04-01,福岡県,-,-,-,食品,-,,655
2015-04-01,佐賀県,-,-,-,食品,-,,139
2015-04-01,長崎県,-,-,-,食品,-,,201
2015-04-01,熊本県,-,-,-,食品,-,,235
2015-04-01,大分県,-,-,-,食品,-,,218
2015-04-01,宮崎県,-,-,-,食品,-,,207
2015-04-01,鹿児島県,-,-,-,食品,-,,322
2015-04-01,沖縄県,-,-,-,食品,-,,244
2015-05-01,北海道,-,-,-,食品,-,,1047
2015-05-01,青森県,-,-,-,食品,-,,211
2015-05-01,岩手県,-,-,-,食品,-,,239
2015-05-01,宮城県,-,-,-,食品,-,,328
2015-05-01,秋田県,-,-,-,食品,-,,150
2015-05-01,山形県,-,-,-,食品,-,,219
2015-05-01,福島県,-,-,-,食品,-,,342
2015-05-01,茨城県,-,-,-,食品,-,,403
2015-05-01,栃木県,-,-,-,食品,-,,285
2015-05-01,群馬県,-,-,-,食品,-,,236
2015-05-01,埼玉県,-,-,-,食品,-,,1020
2015-05-01,千葉県,-,-,-,食品,-,,823
2015-05-01,東京都,-,-,-,食品,-,,2299
2015-05-01,神奈川県,-,-,-,食品,-,,1287
2015-05-01,新潟県,-,-,-,食品,-,,373
2015-05-01,山梨県,-,-,-,食品,-,,119
2015-05-01,長野県,-,-,-,食品,-,,277
2015-05-01,富山県,-,-,-,食品,-,,147
2015-05-01,石川県,-,-,-,食品,-,,193
2015-05-01,福井県,-,-,-,食品,-,,139
2015-05-01,岐阜県,-,-,-,食品,-,,235
2015-05-01,静岡県,-,-,-,食品,-,,540
2015-05-01,愛知県,-,-,-,食品,-,,843
2015-05-01,三重県,-,-,-,食品,-,,253
2015-05-01,滋賀県,-,-,-,食品,-,,163
2015-05-01,京都府,-,-,-,食品,-,,383
2015-05-01,大阪府,-,-,-,食品,-,,1215
2015-05-01,兵庫県,-,-,-,食品,-,,841
2015-05-01,奈良県,-,-,-,食品,-,,197
2015-05-01,和歌山県,-,-,-,食品,-,,147
2015-05-01,鳥取県,-,-,-,食品,-,,101
2015-05-01,島根県,-,-,-,食品,-,,160
2015-05-01,岡山県,-,-,-,食品,-,,344
2015-05-01,広島県,-,-,-,食品,-,,483
2015-05-01,山口県,-,-,-,食品,-,,258
2015-05-01,徳島県,-,-,-,食品,-,,144
2015-05-01,香川県,-,-,-,食品,-,,164
2015-05-01,愛媛県,-,-,-,食品,-,,261
2015-05-01,高知県,-,-,-,食品,-,,163
2015-05-01,福岡県,-,-,-,食品,-,,657
2015-05-01,佐賀県,-,-,-,食品,-,,138
2015-05-01,長崎県,-,-,-,食品,-,,206
2015-05-01,熊本県,-,-,-,食品,-,,234
2015-05-01,大分県,-,-,-,食品,-,,218
2015-05-01,宮崎県,-,-,-,食品,-,,205
2015-05-01,鹿児島県,-,-,-,食品,-,,322
2015-05-01,沖縄県,-,-,-,食品,-,,244
2015-06-01,北海道,-,-,-,食品,-,,1050
2015-06-01,青森県,-,-,-,食品,-,,211
2015-06-01,岩手県,-,-,-,食品,-,,238
2015-06-01,宮城県,-,-,-,食品,-,,329
2015-06-01,秋田県,-,-,-,食品,-,,149
2015-06-01,山形県,-,-,-,食品,-,,219
2015-06-01,福島県,-,-,-,食品,-,,342
2015-06-01,茨城県,-,-,-,食品,-,,403
2015-06-01,栃木県,-,-,-,食品,-,,287
2015-06-01,群馬県,-,-,-,食品,-,,237
2015-06-01,埼玉県,-,-,-,食品,-,,1017
2015-06-01,千葉県,-,-,-,食品,-,,825
2015-06-01,東京都,-,-,-,食品,-,,2308
2015-06-01,神奈川県,-,-,-,食品,-,,1291
2015-06-01,新潟県,-,-,-,食品,-,,374
2015-06-01,山梨県,-,-,-,食品,-,,119
2015-06-01,長野県,-,-,-,食品,-,,278
2015-06-01,富山県,-,-,-,食品,-,,148
2015-06-01,石川県,-,-,-,食品,-,,192
2015-06-01,福井県,-,-,-,食品,-,,135
2015-06-01,岐阜県,-,-,-,食品,-,,236
2015-06-01,静岡県,-,-,-,食品,-,,543
2015-06-01,愛知県,-,-,-,食品,-,,845
2015-06-01,三重県,-,-,-,食品,-,,253
2015-06-01,滋賀県,-,-,-,食品,-,,163
2015-06-01,京都府,-,-,-,食品,-,,383
2015-06-01,大阪府,-,-,-,食品,-,,1214
2015-06-01,兵庫県,-,-,-,食品,-,,842
2015-06-01,奈良県,-,-,-,食品,-,,196
2015-06-01,和歌山県,-,-,-,食品,-,,144
2015-06-01,鳥取県,-,-,-,食品,-,,100
2015-06-01,島根県,-,-,-,食品,-,,160
2015-06-01,岡山県,-,-,-,食品,-,,344
2015-06-01,広島県,-,-,-,食品,-,,485
2015-06-01,山口県,-,-,-,食品,-,,257
2015-06-01,徳島県,-,-,-,食品,-,,143
2015-06-01,香川県,-,-,-,食品,-,,163
2015-06-01,愛媛県,-,-,-,食品,-,,261
2015-06-01,高知県,-,-,-,食品,-,,162
2015-06-01,福岡県,-,-,-,食品,-,,657
2015-06-01,佐賀県,-,-,-,食品,-,,138
2015-06-01,長崎県,-,-,-,食品,-,,209
2015-06-01,熊本県,-,-,-,食品,-,,235
2015-06-01,大分県,-,-,-,食品,-,,220
2015-06-01,宮崎県,-,-,-,食品,-,,205
2015-06-01,鹿児島県,-,-,-,食品,-,,322
2015-06-01,沖縄県,-,-,-,食品,-,,245
2015-07-01,北海道,-,-,-,食品,-,,1060
2015-07-01,青森県,-,-,-,食品,-,,212
2015-07-01,岩手県,-,-,-,食品,-,,239
2015-07-01,宮城県,-,-,-,食品,-,,332
2015-07-01,秋田県,-,-,-,食品,-,,149
2015-07-01,山形県,-,-,-,食品,-,,219
2015-07-01,福島県,-,-,-,食品,-,,341
2015-07-01,茨城県,-,-,-,食品,-,,405
2015-07-01,栃木県,-,-,-,食品,-,,289
2015-07-01,群馬県,-,-,-,食品,-,,238
2015-07-01,埼玉県,-,-,-,食品,-,,1018
2015-07-01,千葉県,-,-,-,食品,-,,828
2015-07-01,東京都,-,-,-,食品,-,,2324
2015-07-01,神奈川県,-,-,-,食品,-,,1297
2015-07-01,新潟県,-,-,-,食品,-,,374
2015-07-01,山梨県,-,-,-,食品,-,,120
2015-07-01,長野県,-,-,-,食品,-,,279
2015-07-01,富山県,-,-,-,食品,-,,149
2015-07-01,石川県,-,-,-,食品,-,,194
2015-07-01,福井県,-,-,-,食品,-,,134
2015-07-01,岐阜県,-,-,-,食品,-,,237
2015-07-01,静岡県,-,-,-,食品,-,,546
2015-07-01,愛知県,-,-,-,食品,-,,851
2015-07-01,三重県,-,-,-,食品,-,,252
2015-07-01,滋賀県,-,-,-,食品,-,,161
2015-07-01,京都府,-,-,-,食品,-,,384
2015-07-01,大阪府,-,-,-,食品,-,,1213
2015-07-01,兵庫県,-,-,-,食品,-,,844
2015-07-01,奈良県,-,-,-,食品,-,,196
2015-07-01,和歌山県,-,-,-,食品,-,,145
2015-07-01,鳥取県,-,-,-,食品,-,,100
2015-07-01,島根県,-,-,-,食品,-,,160
2015-07-01,岡山県,-,-,-,食品,-,,347
2015-07-01,広島県,-,-,-,食品,-,,484
2015-07-01,山口県,-,-,-,食品,-,,257
2015-07-01,徳島県,-,-,-,食品,-,,144
2015-07-01,香川県,-,-,-,食品,-,,163
2015-07-01,愛媛県,-,-,-,食品,-,,262
2015-07-01,高知県,-,-,-,食品,-,,163
2015-07-01,福岡県,-,-,-,食品,-,,657
2015-07-01,佐賀県,-,-,-,食品,-,,138
2015-07-01,長崎県,-,-,-,食品,-,,209
2015-07-01,熊本県,-,-,-,食品,-,,234
2015-07-01,大分県,-,-,-,食品,-,,219
2015-07-01,宮崎県,-,-,-,食品,-,,205
2015-07-01,鹿児島県,-,-,-,食品,-,,329
2015-07-01,沖縄県,-,-,-,食品,-,,243
2015-08-01,北海道,-,-,-,食品,-,,1062
2015-08-01,青森県,-,-,-,食品,-,,212
2015-08-01,岩手県,-,-,-,食品,-,,237
2015-08-01,宮城県,-,-,-,食品,-,,330
2015-08-01,秋田県,-,-,-,食品,-,,149
2015-08-01,山形県,-,-,-,食品,-,,219
2015-08-01,福島県,-,-,-,食品,-,,341
2015-08-01,茨城県,-,-,-,食品,-,,406
2015-08-01,栃木県,-,-,-,食品,-,,289
2015-08-01,群馬県,-,-,-,食品,-,,238
2015-08-01,埼玉県,-,-,-,食品,-,,1013
2015-08-01,千葉県,-,-,-,食品,-,,825
2015-08-01,東京都,-,-,-,食品,-,,2321
2015-08-01,神奈川県,-,-,-,食品,-,,1298
2015-08-01,新潟県,-,-,-,食品,-,,374
2015-08-01,山梨県,-,-,-,食品,-,,120
2015-08-01,長野県,-,-,-,食品,-,,279
2015-08-01,富山県,-,-,-,食品,-,,149
2015-08-01,石川県,-,-,-,食品,-,,194
2015-08-01,福井県,-,-,-,食品,-,,134
2015-08-01,岐阜県,-,-,-,食品,-,,237
2015-08-01,静岡県,-,-,-,食品,-,,546
2015-08-01,愛知県,-,-,-,食品,-,,851
2015-08-01,三重県,-,-,-,食品,-,,252
2015-08-01,滋賀県,-,-,-,食品,-,,164
2015-08-01,京都府,-,-,-,食品,-,,384
2015-08-01,大阪府,-,-,-,食品,-,,1213
2015-08-01,兵庫県,-,-,-,食品,-,,845
2015-08-01,奈良県,-,-,-,食品,-,,195
2015-08-01,和歌山県,-,-,-,食品,-,,145
2015-08-01,鳥取県,-,-,-,食品,-,,100
2015-08-01,島根県,-,-,-,食品,-,,160
2015-08-01,岡山県,-,-,-,食品,-,,346
2015-08-01,広島県,-,-,-,食品,-,,484
2015-08-01,山口県,-,-,-,食品,-,,257
2015-08-01,徳島県,-,-,-,食品,-,,144
2015-08-01,香川県,-,-,-,食品,-,,163
2015-08-01,愛媛県,-,-,-,食品,-,,262
2015-08-01,高知県,-,-,-,食品,-,,163
2015-08-01,福岡県,-,-,-,食品,-,,645
2015-08-01,佐賀県,-,-,-,食品,-,,138
2015-08-01,長崎県,-,-,-,食品,-,,207
2015-08-01,熊本県,-,-,-,食品,-,,234
2015-08-01,大分県,-,-,-,食品,-,,218
2015-08-01,宮崎県,-,-,-,食品,-,,206
2015-08-01,鹿児島県,-,-,-,食品,-,,328
2015-08-01,沖縄県,-,-,-,食品,-,,243
2015-09-01,北海道,-,-,-,食品,-,,1060
2015-09-01,青森県,-,-,-,食品,-,,212
2015-09-01,岩手県,-,-,-,食品,-,,237
2015-09-01,宮城県,-,-,-,食品,-,,328
2015-09-01,秋田県,-,-,-,食品,-,,148
2015-09-01,山形県,-,-,-,食品,-,,219
2015-09-01,福島県,-,-,-,食品,-,,341
2015-09-01,茨城県,-,-,-,食品,-,,407
2015-09-01,栃木県,-,-,-,食品,-,,288
2015-09-01,群馬県,-,-,-,食品,-,,239
2015-09-01,埼玉県,-,-,-,食品,-,,1011
2015-09-01,千葉県,-,-,-,食品,-,,827
2015-09-01,東京都,-,-,-,食品,-,,2323
2015-09-01,神奈川県,-,-,-,食品,-,,1299
2015-09-01,新潟県,-,-,-,食品,-,,375
2015-09-01,山梨県,-,-,-,食品,-,,120
2015-09-01,長野県,-,-,-,食品,-,,283
2015-09-01,富山県,-,-,-,食品,-,,146
2015-09-01,石川県,-,-,-,食品,-,,191
2015-09-01,福井県,-,-,-,食品,-,,134
2015-09-01,岐阜県,-,-,-,食品,-,,237
2015-09-01,静岡県,-,-,-,食品,-,,548
2015-09-01,愛知県,-,-,-,食品,-,,848
2015-09-01,三重県,-,-,-,食品,-,,252
2015-09-01,滋賀県,-,-,-,食品,-,,164
2015-09-01,京都府,-,-,-,食品,-,,384
2015-09-01,大阪府,-,-,-,食品,-,,1215
2015-09-01,兵庫県,-,-,-,食品,-,,845
2015-09-01,奈良県,-,-,-,食品,-,,196
2015-09-01,和歌山県,-,-,-,食品,-,,147
2015-09-01,鳥取県,-,-,-,食品,-,,100
2015-09-01,島根県,-,-,-,食品,-,,160
2015-09-01,岡山県,-,-,-,食品,-,,346
2015-09-01,広島県,-,-,-,食品,-,,484
2015-09-01,山口県,-,-,-,食品,-,,256
2015-09-01,徳島県,-,-,-,食品,-,,144
2015-09-01,香川県,-,-,-,食品,-,,163
2015-09-01,愛媛県,-,-,-,食品,-,,262
2015-09-01,高知県,-,-,-,食品,-,,163
2015-09-01,福岡県,-,-,-,食品,-,,653
2015-09-01,佐賀県,-,-,-,食品,-,,138
2015-09-01,長崎県,-,-,-,食品,-,,214
2015-09-01,熊本県,-,-,-,食品,-,,234
2015-09-01,大分県,-,-,-,食品,-,,219
2015-09-01,宮崎県,-,-,-,食品,-,,206
2015-09-01,鹿児島県,-,-,-,食品,-,,329
2015-09-01,沖縄県,-,-,-,食品,-,,243
2015-10-01,北海道,-,-,-,食品,-,,1061
2015-10-01,青森県,-,-,-,食品,-,,213
2015-10-01,岩手県,-,-,-,食品,-,,239
2015-10-01,宮城県,-,-,-,食品,-,,331
2015-10-01,秋田県,-,-,-,食品,-,,148
2015-10-01,山形県,-,-,-,食品,-,,222
2015-10-01,福島県,-,-,-,食品,-,,340
2015-10-01,茨城県,-,-,-,食品,-,,413
2015-10-01,栃木県,-,-,-,食品,-,,287
2015-10-01,群馬県,-,-,-,食品,-,,239
2015-10-01,埼玉県,-,-,-,食品,-,,1018
2015-10-01,千葉県,-,-,-,食品,-,,832
2015-10-01,東京都,-,-,-,食品,-,,2331
2015-10-01,神奈川県,-,-,-,食品,-,,1305
2015-10-01,新潟県,-,-,-,食品,-,,375
2015-10-01,山梨県,-,-,-,食品,-,,120
2015-10-01,長野県,-,-,-,食品,-,,281
2015-10-01,富山県,-,-,-,食品,-,,145
2015-10-01,石川県,-,-,-,食品,-,,191
2015-10-01,福井県,-,-,-,食品,-,,133
2015-10-01,岐阜県,-,-,-,食品,-,,245
2015-10-01,静岡県,-,-,-,食品,-,,549
2015-10-01,愛知県,-,-,-,食品,-,,851
2015-10-01,三重県,-,-,-,食品,-,,251
2015-10-01,滋賀県,-,-,-,食品,-,,164
2015-10-01,京都府,-,-,-,食品,-,,385
2015-10-01,大阪府,-,-,-,食品,-,,1223
2015-10-01,兵庫県,-,-,-,食品,-,,844
2015-10-01,奈良県,-,-,-,食品,-,,196
2015-10-01,和歌山県,-,-,-,食品,-,,148
2015-10-01,鳥取県,-,-,-,食品,-,,100
2015-10-01,島根県,-,-,-,食品,-,,160
2015-10-01,岡山県,-,-,-,食品,-,,347
2015-10-01,広島県,-,-,-,食品,-,,484
2015-10-01,山口県,-,-,-,食品,-,,257
2015-10-01,徳島県,-,-,-,食品,-,,146
2015-10-01,香川県,-,-,-,食品,-,,165
2015-10-01,愛媛県,-,-,-,食品,-,,263
2015-10-01,高知県,-,-,-,食品,-,,164
2015-10-01,福岡県,-,-,-,食品,-,,652
2015-10-01,佐賀県,-,-,-,食品,-,,138
2015-10-01,長崎県,-,-,-,食品,-,,213
2015-10-01,熊本県,-,-,-,食品,-,,234
2015-10-01,大分県,-,-,-,食品,-,,219
2015-10-01,宮崎県,-,-,-,食品,-,,201
2015-10-01,鹿児島県,-,-,-,食品,-,,328
2015-10-01,沖縄県,-,-,-,食品,-,,243
2015-11-01,北海道,-,-,-,食品,-,,1060
2015-11-01,青森県,-,-,-,食品,-,,215
2015-11-01,岩手県,-,-,-,食品,-,,240
2015-11-01,宮城県,-,-,-,食品,-,,331
2015-11-01,秋田県,-,-,-,食品,-,,147
2015-11-01,山形県,-,-,-,食品,-,,220
2015-11-01,福島県,-,-,-,食品,-,,340
2015-11-01,茨城県,-,-,-,食品,-,,418
2015-11-01,栃木県,-,-,-,食品,-,,291
2015-11-01,群馬県,-,-,-,食品,-,,239
2015-11-01,埼玉県,-,-,-,食品,-,,1027
2015-11-01,千葉県,-,-,-,食品,-,,841
2015-11-01,東京都,-,-,-,食品,-,,2342
2015-11-01,神奈川県,-,-,-,食品,-,,1311
2015-11-01,新潟県,-,-,-,食品,-,,380
2015-11-01,山梨県,-,-,-,食品,-,,121
2015-11-01,長野県,-,-,-,食品,-,,282
2015-11-01,富山県,-,-,-,食品,-,,147
2015-11-01,石川県,-,-,-,食品,-,,192
2015-11-01,福井県,-,-,-,食品,-,,133
2015-11-01,岐阜県,-,-,-,食品,-,,249
2015-11-01,静岡県,-,-,-,食品,-,,549
2015-11-01,愛知県,-,-,-,食品,-,,855
2015-11-01,三重県,-,-,-,食品,-,,251
2015-11-01,滋賀県,-,-,-,食品,-,,164
2015-11-01,京都府,-,-,-,食品,-,,386
2015-11-01,大阪府,-,-,-,食品,-,,1227
2015-11-01,兵庫県,-,-,-,食品,-,,847
2015-11-01,奈良県,-,-,-,食品,-,,198
2015-11-01,和歌山県,-,-,-,食品,-,,148
2015-11-01,鳥取県,-,-,-,食品,-,,100
2015-11-01,島根県,-,-,-,食品,-,,159
2015-11-01,岡山県,-,-,-,食品,-,,345
2015-11-01,広島県,-,-,-,食品,-,,482
2015-11-01,山口県,-,-,-,食品,-,,258
2015-11-01,徳島県,-,-,-,食品,-,,146
2015-11-01,香川県,-,-,-,食品,-,,166
2015-11-01,愛媛県,-,-,-,食品,-,,263
2015-11-01,高知県,-,-,-,食品,-,,165
2015-11-01,福岡県,-,-,-,食品,-,,648
2015-11-01,佐賀県,-,-,-,食品,-,,138
2015-11-01,長崎県,-,-,-,食品,-,,214
2015-11-01,熊本県,-,-,-,食品,-,,234
2015-11-01,大分県,-,-,-,食品,-,,219
2015-11-01,宮崎県,-,-,-,食品,-,,201
2015-11-01,鹿児島県,-,-,-,食品,-,,327
2015-11-01,沖縄県,-,-,-,食品,-,,241
2015-12-01,北海道,-,-,-,食品,-,,1058
2015-12-01,青森県,-,-,-,食品,-,,215
2015-12-01,岩手県,-,-,-,食品,-,,241
2015-12-01,宮城県,-,-,-,食品,-,,332
2015-12-01,秋田県,-,-,-,食品,-,,147
2015-12-01,山形県,-,-,-,食品,-,,219
2015-12-01,福島県,-,-,-,食品,-,,340
2015-12-01,茨城県,-,-,-,食品,-,,419
2015-12-01,栃木県,-,-,-,食品,-,,291
2015-12-01,群馬県,-,-,-,食品,-,,240
2015-12-01,埼玉県,-,-,-,食品,-,,1032
2015-12-01,千葉県,-,-,-,食品,-,,840
2015-12-01,東京都,-,-,-,食品,-,,2347
2015-12-01,神奈川県,-,-,-,食品,-,,1312
2015-12-01,新潟県,-,-,-,食品,-,,379
2015-12-01,山梨県,-,-,-,食品,-,,121
2015-12-01,長野県,-,-,-,食品,-,,282
2015-12-01,富山県,-,-,-,食品,-,,145
2015-12-01,石川県,-,-,-,食品,-,,191
2015-12-01,福井県,-,-,-,食品,-,,134
2015-12-01,岐阜県,-,-,-,食品,-,,249
2015-12-01,静岡県,-,-,-,食品,-,,550
2015-12-01,愛知県,-,-,-,食品,-,,862
2015-12-01,三重県,-,-,-,食品,-,,257
2015-12-01,滋賀県,-,-,-,食品,-,,165
2015-12-01,京都府,-,-,-,食品,-,,386
2015-12-01,大阪府,-,-,-,食品,-,,1228
2015-12-01,兵庫県,-,-,-,食品,-,,846
2015-12-01,奈良県,-,-,-,食品,-,,195
2015-12-01,和歌山県,-,-,-,食品,-,,148
2015-12-01,鳥取県,-,-,-,食品,-,,100
2015-12-01,島根県,-,-,-,食品,-,,160
2015-12-01,岡山県,-,-,-,食品,-,,346
2015-12-01,広島県,-,-,-,食品,-,,485
2015-12-01,山口県,-,-,-,食品,-,,258
2015-12-01,徳島県,-,-,-,食品,-,,150
2015-12-01,香川県,-,-,-,食品,-,,166
2015-12-01,愛媛県,-,-,-,食品,-,,264
2015-12-01,高知県,-,-,-,食品,-,,163
2015-12-01,福岡県,-,-,-,食品,-,,650
2015-12-01,佐賀県,-,-,-,食品,-,,138
2015-12-01,長崎県,-,-,-,食品,-,,214
2015-12-01,熊本県,-,-,-,食品,-,,233
2015-12-01,大分県,-,-,-,食品,-,,218
2015-12-01,宮崎県,-,-,-,食品,-,,201
2015-12-01,鹿児島県,-,-,-,食品,-,,328
2015-12-01,沖縄県,-,-,-,食品,-,,242
2016-01-01,北海道,-,-,-,食品,-,,1069
2016-01-01,青森県,-,-,-,食品,-,,214
2016-01-01,岩手県,-,-,-,食品,-,,241
2016-01-01,宮城県,-,-,-,食品,-,,333
2016-01-01,秋田県,-,-,-,食品,-,,146
2016-01-01,山形県,-,-,-,食品,-,,218
2016-01-01,福島県,-,-,-,食品,-,,340
2016-01-01,茨城県,-,-,-,食品,-,,418
2016-01-01,栃木県,-,-,-,食品,-,,289
2016-01-01,群馬県,-,-,-,食品,-,,241
2016-01-01,埼玉県,-,-,-,食品,-,,1030
2016-01-01,千葉県,-,-,-,食品,-,,838
2016-01-01,東京都,-,-,-,食品,-,,2348
2016-01-01,神奈川県,-,-,-,食品,-,,1309
2016-01-01,新潟県,-,-,-,食品,-,,377
2016-01-01,山梨県,-,-,-,食品,-,,120
2016-01-01,長野県,-,-,-,食品,-,,285
2016-01-01,富山県,-,-,-,食品,-,,145
2016-01-01,石川県,-,-,-,食品,-,,191
2016-01-01,福井県,-,-,-,食品,-,,134
2016-01-01,岐阜県,-,-,-,食品,-,,250
2016-01-01,静岡県,-,-,-,食品,-,,547
2016-01-01,愛知県,-,-,-,食品,-,,864
2016-01-01,三重県,-,-,-,食品,-,,256
2016-01-01,滋賀県,-,-,-,食品,-,,164
2016-01-01,京都府,-,-,-,食品,-,,385
2016-01-01,大阪府,-,-,-,食品,-,,1224
2016-01-01,兵庫県,-,-,-,食品,-,,842
2016-01-01,奈良県,-,-,-,食品,-,,195
2016-01-01,和歌山県,-,-,-,食品,-,,148
2016-01-01,鳥取県,-,-,-,食品,-,,99
2016-01-01,島根県,-,-,-,食品,-,,162
2016-01-01,岡山県,-,-,-,食品,-,,346
2016-01-01,広島県,-,-,-,食品,-,,483
2016-01-01,山口県,-,-,-,食品,-,,257
2016-01-01,徳島県,-,-,-,食品,-,,152
2016-01-01,香川県,-,-,-,食品,-,,166
2016-01-01,愛媛県,-,-,-,食品,-,,264
2016-01-01,高知県,-,-,-,食品,-,,162
2016-01-01,福岡県,-,-,-,食品,-,,649
2016-01-01,佐賀県,-,-,-,食品,-,,138
2016-01-01,長崎県,-,-,-,食品,-,,214
2016-01-01,熊本県,-,-,-,食品,-,,236
2016-01-01,大分県,-,-,-,食品,-,,219
2016-01-01,宮崎県,-,-,-,食品,-,,202
2016-01-01,鹿児島県,-,-,-,食品,-,,330
2016-01-01,沖縄県,-,-,-,食品,-,,242
2016-02-01,北海道,-,-,-,食品,-,,1068
2016-02-01,青森県,-,-,-,食品,-,,214
2016-02-01,岩手県,-,-,-,食品,-,,244
2016-02-01,宮城県,-,-,-,食品,-,,335
2016-02-01,秋田県,-,-,-,食品,-,,146
2016-02-01,山形県,-,-,-,食品,-,,218
2016-02-01,福島県,-,-,-,食品,-,,340
2016-02-01,茨城県,-,-,-,食品,-,,418
2016-02-01,栃木県,-,-,-,食品,-,,290
2016-02-01,群馬県,-,-,-,食品,-,,241
2016-02-01,埼玉県,-,-,-,食品,-,,1031
2016-02-01,千葉県,-,-,-,食品,-,,836
2016-02-01,東京都,-,-,-,食品,-,,2346
2016-02-01,神奈川県,-,-,-,食品,-,,1311
2016-02-01,新潟県,-,-,-,食品,-,,371
2016-02-01,山梨県,-,-,-,食品,-,,120
2016-02-01,長野県,-,-,-,食品,-,,285
2016-02-01,富山県,-,-,-,食品,-,,145
2016-02-01,石川県,-,-,-,食品,-,,192
2016-02-01,福井県,-,-,-,食品,-,,134
2016-02-01,岐阜県,-,-,-,食品,-,,249
2016-02-01,静岡県,-,-,-,食品,-,,547
2016-02-01,愛知県,-,-,-,食品,-,,865
2016-02-01,三重県,-,-,-,食品,-,,256
2016-02-01,滋賀県,-,-,-,食品,-,,164
2016-02-01,京都府,-,-,-,食品,-,,383
2016-02-01,大阪府,-,-,-,食品,-,,1222
2016-02-01,兵庫県,-,-,-,食品,-,,842
2016-02-01,奈良県,-,-,-,食品,-,,196
2016-02-01,和歌山県,-,-,-,食品,-,,147
2016-02-01,鳥取県,-,-,-,食品,-,,99
2016-02-01,島根県,-,-,-,食品,-,,162
2016-02-01,岡山県,-,-,-,食品,-,,345
2016-02-01,広島県,-,-,-,食品,-,,481
2016-02-01,山口県,-,-,-,食品,-,,254
2016-02-01,徳島県,-,-,-,食品,-,,151
2016-02-01,香川県,-,-,-,食品,-,,166
2016-02-01,愛媛県,-,-,-,食品,-,,263
2016-02-01,高知県,-,-,-,食品,-,,161
2016-02-01,福岡県,-,-,-,食品,-,,649
2016-02-01,佐賀県,-,-,-,食品,-,,138
2016-02-01,長崎県,-,-,-,食品,-,,214
2016-02-01,熊本県,-,-,-,食品,-,,236
2016-02-01,大分県,-,-,-,食品,-,,219
2016-02-01,宮崎県,-,-,-,食品,-,,201
2016-02-01,鹿児島県,-,-,-,食品,-,,330
2016-02-01,沖縄県,-,-,-,食品,-,,242
2016-03-01,北海道,-,-,-,食品,-,,1068
2016-03-01,青森県,-,-,-,食品,-,,217
2016-03-01,岩手県,-,-,-,食品,-,,244
2016-03-01,宮城県,-,-,-,食品,-,,339
2016-03-01,秋田県,-,-,-,食品,-,,146
2016-03-01,山形県,-,-,-,食品,-,,217
2016-03-01,福島県,-,-,-,食品,-,,340
2016-03-01,茨城県,-,-,-,食品,-,,420
2016-03-01,栃木県,-,-,-,食品,-,,290
2016-03-01,群馬県,-,-,-,食品,-,,241
2016-03-01,埼玉県,-,-,-,食品,-,,1035
2016-03-01,千葉県,-,-,-,食品,-,,843
2016-03-01,東京都,-,-,-,食品,-,,2386
2016-03-01,神奈川県,-,-,-,食品,-,,1314
2016-03-01,新潟県,-,-,-,食品,-,,377
2016-03-01,山梨県,-,-,-,食品,-,,121
2016-03-01,長野県,-,-,-,食品,-,,285
2016-03-01,富山県,-,-,-,食品,-,,145
2016-03-01,石川県,-,-,-,食品,-,,191
2016-03-01,福井県,-,-,-,食品,-,,134
2016-03-01,岐阜県,-,-,-,食品,-,,249
2016-03-01,静岡県,-,-,-,食品,-,,548
2016-03-01,愛知県,-,-,-,食品,-,,867
2016-03-01,三重県,-,-,-,食品,-,,260
2016-03-01,滋賀県,-,-,-,食品,-,,165
2016-03-01,京都府,-,-,-,食品,-,,382
2016-03-01,大阪府,-,-,-,食品,-,,1226
2016-03-01,兵庫県,-,-,-,食品,-,,843
2016-03-01,奈良県,-,-,-,食品,-,,194
2016-03-01,和歌山県,-,-,-,食品,-,,147
2016-03-01,鳥取県,-,-,-,食品,-,,100
2016-03-01,島根県,-,-,-,食品,-,,162
2016-03-01,岡山県,-,-,-,食品,-,,351
2016-03-01,広島県,-,-,-,食品,-,,484
2016-03-01,山口県,-,-,-,食品,-,,254
2016-03-01,徳島県,-,-,-,食品,-,,151
2016-03-01,香川県,-,-,-,食品,-,,165
2016-03-01,愛媛県,-,-,-,食品,-,,262
2016-03-01,高知県,-,-,-,食品,-,,160
2016-03-01,福岡県,-,-,-,食品,-,,651
2016-03-01,佐賀県,-,-,-,食品,-,,138
2016-03-01,長崎県,-,-,-,食品,-,,214
2016-03-01,熊本県,-,-,-,食品,-,,236
2016-03-01,大分県,-,-,-,食品,-,,219
2016-03-01,宮崎県,-,-,-,食品,-,,201
2016-03-01,鹿児島県,-,-,-,食品,-,,331
2016-03-01,沖縄県,-,-,-,食品,-,,242
2016-04-01,北海道,-,-,-,食品,-,,1062
2016-04-01,青森県,-,-,-,食品,-,,218
2016-04-01,岩手県,-,-,-,食品,-,,247
2016-04-01,宮城県,-,-,-,食品,-,,339
2016-04-01,秋田県,-,-,-,食品,-,,146
2016-04-01,山形県,-,-,-,食品,-,,218
2016-04-01,福島県,-,-,-,食品,-,,340
2016-04-01,茨城県,-,-,-,食品,-,,421
2016-04-01,栃木県,-,-,-,食品,-,,293
2016-04-01,群馬県,-,-,-,食品,-,,241
2016-04-01,埼玉県,-,-,-,食品,-,,1039
2016-04-01,千葉県,-,-,-,食品,-,,851
2016-04-01,東京都,-,-,-,食品,-,,2402
2016-04-01,神奈川県,-,-,-,食品,-,,1316
2016-04-01,新潟県,-,-,-,食品,-,,377
2016-04-01,山梨県,-,-,-,食品,-,,120
2016-04-01,長野県,-,-,-,食品,-,,286
2016-04-01,富山県,-,-,-,食品,-,,145
2016-04-01,石川県,-,-,-,食品,-,,190
2016-04-01,福井県,-,-,-,食品,-,,134
2016-04-01,岐阜県,-,-,-,食品,-,,249
2016-04-01,静岡県,-,-,-,食品,-,,550
2016-04-01,愛知県,-,-,-,食品,-,,870
2016-04-01,三重県,-,-,-,食品,-,,260
2016-04-01,滋賀県,-,-,-,食品,-,,167
2016-04-01,京都府,-,-,-,食品,-,,383
2016-04-01,大阪府,-,-,-,食品,-,,1230
2016-04-01,兵庫県,-,-,-,食品,-,,844
2016-04-01,奈良県,-,-,-,食品,-,,194
2016-04-01,和歌山県,-,-,-,食品,-,,146
2016-04-01,鳥取県,-,-,-,食品,-,,99
2016-04-01,島根県,-,-,-,食品,-,,163
2016-04-01,岡山県,-,-,-,食品,-,,346
2016-04-01,広島県,-,-,-,食品,-,,480
2016-04-01,山口県,-,-,-,食品,-,,249
2016-04-01,徳島県,-,-,-,食品,-,,151
2016-04-01,香川県,-,-,-,食品,-,,165
2016-04-01,愛媛県,-,-,-,食品,-,,261
2016-04-01,高知県,-,-,-,食品,-,,162
2016-04-01,福岡県,-,-,-,食品,-,,646
2016-04-01,佐賀県,-,-,-,食品,-,,138
2016-04-01,長崎県,-,-,-,食品,-,,213
2016-04-01,熊本県,-,-,-,食品,-,,235
2016-04-01,大分県,-,-,-,食品,-,,220
2016-04-01,宮崎県,-,-,-,食品,-,,201
2016-04-01,鹿児島県,-,-,-,食品,-,,331
2016-04-01,沖縄県,-,-,-,食品,-,,242
2016-05-01,北海道,-,-,-,食品,-,,1059
2016-05-01,青森県,-,-,-,食品,-,,218
2016-05-01,岩手県,-,-,-,食品,-,,246
2016-05-01,宮城県,-,-,-,食品,-,,339
2016-05-01,秋田県,-,-,-,食品,-,,146
2016-05-01,山形県,-,-,-,食品,-,,215
2016-05-01,福島県,-,-,-,食品,-,,337
2016-05-01,茨城県,-,-,-,食品,-,,422
2016-05-01,栃木県,-,-,-,食品,-,,292
2016-05-01,群馬県,-,-,-,食品,-,,239
2016-05-01,埼玉県,-,-,-,食品,-,,1039
2016-05-01,千葉県,-,-,-,食品,-,,853
2016-05-01,東京都,-,-,-,食品,-,,2416
2016-05-01,神奈川県,-,-,-,食品,-,,1312
2016-05-01,新潟県,-,-,-,食品,-,,375
2016-05-01,山梨県,-,-,-,食品,-,,120
2016-05-01,長野県,-,-,-,食品,-,,285
2016-05-01,富山県,-,-,-,食品,-,,145
2016-05-01,石川県,-,-,-,食品,-,,189
2016-05-01,福井県,-,-,-,食品,-,,136
2016-05-01,岐阜県,-,-,-,食品,-,,249
2016-05-01,静岡県,-,-,-,食品,-,,552
2016-05-01,愛知県,-,-,-,食品,-,,869
2016-05-01,三重県,-,-,-,食品,-,,260
2016-05-01,滋賀県,-,-,-,食品,-,,166
2016-05-01,京都府,-,-,-,食品,-,,381
2016-05-01,大阪府,-,-,-,食品,-,,1228
2016-05-01,兵庫県,-,-,-,食品,-,,846
2016-05-01,奈良県,-,-,-,食品,-,,193
2016-05-01,和歌山県,-,-,-,食品,-,,161
2016-05-01,鳥取県,-,-,-,食品,-,,99
2016-05-01,島根県,-,-,-,食品,-,,162
2016-05-01,岡山県,-,-,-,食品,-,,347
2016-05-01,広島県,-,-,-,食品,-,,475
2016-05-01,山口県,-,-,-,食品,-,,249
2016-05-01,徳島県,-,-,-,食品,-,,151
2016-05-01,香川県,-,-,-,食品,-,,165
2016-05-01,愛媛県,-,-,-,食品,-,,261
2016-05-01,高知県,-,-,-,食品,-,,165
2016-05-01,福岡県,-,-,-,食品,-,,638
2016-05-01,佐賀県,-,-,-,食品,-,,138
2016-05-01,長崎県,-,-,-,食品,-,,214
2016-05-01,熊本県,-,-,-,食品,-,,236
2016-05-01,大分県,-,-,-,食品,-,,219
2016-05-01,宮崎県,-,-,-,食品,-,,201
2016-05-01,鹿児島県,-,-,-,食品,-,,331
2016-05-01,沖縄県,-,-,-,食品,-,,243
2016-06-01,北海道,-,-,-,食品,-,,1061
2016-06-01,青森県,-,-,-,食品,-,,217
2016-06-01,岩手県,-,-,-,食品,-,,245
2016-06-01,宮城県,-,-,-,食品,-,,340
2016-06-01,秋田県,-,-,-,食品,-,,146
2016-06-01,山形県,-,-,-,食品,-,,215
2016-06-01,福島県,-,-,-,食品,-,,339
2016-06-01,茨城県,-,-,-,食品,-,,422
2016-06-01,栃木県,-,-,-,食品,-,,294
2016-06-01,群馬県,-,-,-,食品,-,,239
2016-06-01,埼玉県,-,-,-,食品,-,,1040
2016-06-01,千葉県,-,-,-,食品,-,,855
2016-06-01,東京都,-,-,-,食品,-,,2437
2016-06-01,神奈川県,-,-,-,食品,-,,1317
2016-06-01,新潟県,-,-,-,食品,-,,376
2016-06-01,山梨県,-,-,-,食品,-,,120
2016-06-01,長野県,-,-,-,食品,-,,288
2016-06-01,富山県,-,-,-,食品,-,,145
2016-06-01,石川県,-,-,-,食品,-,,188
2016-06-01,福井県,-,-,-,食品,-,,136
2016-06-01,岐阜県,-,-,-,食品,-,,249
2016-06-01,静岡県,-,-,-,食品,-,,550
2016-06-01,愛知県,-,-,-,食品,-,,877
2016-06-01,三重県,-,-,-,食品,-,,261
2016-06-01,滋賀県,-,-,-,食品,-,,166
2016-06-01,京都府,-,-,-,食品,-,,385
2016-06-01,大阪府,-,-,-,食品,-,,1234
2016-06-01,兵庫県,-,-,-,食品,-,,846
2016-06-01,奈良県,-,-,-,食品,-,,194
2016-06-01,和歌山県,-,-,-,食品,-,,161
2016-06-01,鳥取県,-,-,-,食品,-,,99
2016-06-01,島根県,-,-,-,食品,-,,163
2016-06-01,岡山県,-,-,-,食品,-,,349
2016-06-01,広島県,-,-,-,食品,-,,477
2016-06-01,山口県,-,-,-,食品,-,,249
2016-06-01,徳島県,-,-,-,食品,-,,151
2016-06-01,香川県,-,-,-,食品,-,,165
2016-06-01,愛媛県,-,-,-,食品,-,,261
2016-06-01,高知県,-,-,-,食品,-,,165
2016-06-01,福岡県,-,-,-,食品,-,,642
2016-06-01,佐賀県,-,-,-,食品,-,,138
2016-06-01,長崎県,-,-,-,食品,-,,213
2016-06-01,熊本県,-,-,-,食品,-,,235
2016-06-01,大分県,-,-,-,食品,-,,196
2016-06-01,宮崎県,-,-,-,食品,-,,201
2016-06-01,鹿児島県,-,-,-,食品,-,,332
2016-06-01,沖縄県,-,-,-,食品,-,,242
2016-07-01,北海道,-,-,-,食品,-,,1060
2016-07-01,青森県,-,-,-,食品,-,,218
2016-07-01,岩手県,-,-,-,食品,-,,245
2016-07-01,宮城県,-,-,-,食品,-,,343
2016-07-01,秋田県,-,-,-,食品,-,,146
2016-07-01,山形県,-,-,-,食品,-,,215
2016-07-01,福島県,-,-,-,食品,-,,339
2016-07-01,茨城県,-,-,-,食品,-,,420
2016-07-01,栃木県,-,-,-,食品,-,,295
2016-07-01,群馬県,-,-,-,食品,-,,239
2016-07-01,埼玉県,-,-,-,食品,-,,1042
2016-07-01,千葉県,-,-,-,食品,-,,865
2016-07-01,東京都,-,-,-,食品,-,,2438
2016-07-01,神奈川県,-,-,-,食品,-,,1321
2016-07-01,新潟県,-,-,-,食品,-,,376
2016-07-01,山梨県,-,-,-,食品,-,,121
2016-07-01,長野県,-,-,-,食品,-,,288
2016-07-01,富山県,-,-,-,食品,-,,146
2016-07-01,石川県,-,-,-,食品,-,,188
2016-07-01,福井県,-,-,-,食品,-,,137
2016-07-01,岐阜県,-,-,-,食品,-,,248
2016-07-01,静岡県,-,-,-,食品,-,,553
2016-07-01,愛知県,-,-,-,食品,-,,879
2016-07-01,三重県,-,-,-,食品,-,,260
2016-07-01,滋賀県,-,-,-,食品,-,,166
2016-07-01,京都府,-,-,-,食品,-,,386
2016-07-01,大阪府,-,-,-,食品,-,,1237
2016-07-01,兵庫県,-,-,-,食品,-,,849
2016-07-01,奈良県,-,-,-,食品,-,,195
2016-07-01,和歌山県,-,-,-,食品,-,,162
2016-07-01,鳥取県,-,-,-,食品,-,,99
2016-07-01,島根県,-,-,-,食品,-,,163
2016-07-01,岡山県,-,-,-,食品,-,,349
2016-07-01,広島県,-,-,-,食品,-,,477
2016-07-01,山口県,-,-,-,食品,-,,249
2016-07-01,徳島県,-,-,-,食品,-,,151
2016-07-01,香川県,-,-,-,食品,-,,165
2016-07-01,愛媛県,-,-,-,食品,-,,261
2016-07-01,高知県,-,-,-,食品,-,,165
2016-07-01,福岡県,-,-,-,食品,-,,641
2016-07-01,佐賀県,-,-,-,食品,-,,138
2016-07-01,長崎県,-,-,-,食品,-,,213
2016-07-01,熊本県,-,-,-,食品,-,,235
2016-07-01,大分県,-,-,-,食品,-,,213
2016-07-01,宮崎県,-,-,-,食品,-,,201
2016-07-01,鹿児島県,-,-,-,食品,-,,332
2016-07-01,沖縄県,-,-,-,食品,-,,242
2016-08-01,北海道,-,-,-,食品,-,,1056
2016-08-01,青森県,-,-,-,食品,-,,218
2016-08-01,岩手県,-,-,-,食品,-,,244
2016-08-01,宮城県,-,-,-,食品,-,,343
2016-08-01,秋田県,-,-,-,食品,-,,147
2016-08-01,山形県,-,-,-,食品,-,,215
2016-08-01,福島県,-,-,-,食品,-,,339
2016-08-01,茨城県,-,-,-,食品,-,,421
2016-08-01,栃木県,-,-,-,食品,-,,291
2016-08-01,群馬県,-,-,-,食品,-,,239
2016-08-01,埼玉県,-,-,-,食品,-,,1037
2016-08-01,千葉県,-,-,-,食品,-,,864
2016-08-01,東京都,-,-,-,食品,-,,2422
2016-08-01,神奈川県,-,-,-,食品,-,,1323
2016-08-01,新潟県,-,-,-,食品,-,,377
2016-08-01,山梨県,-,-,-,食品,-,,121
2016-08-01,長野県,-,-,-,食品,-,,284
2016-08-01,富山県,-,-,-,食品,-,,146
2016-08-01,石川県,-,-,-,食品,-,,188
2016-08-01,福井県,-,-,-,食品,-,,133
2016-08-01,岐阜県,-,-,-,食品,-,,247
2016-08-01,静岡県,-,-,-,食品,-,,553
2016-08-01,愛知県,-,-,-,食品,-,,881
2016-08-01,三重県,-,-,-,食品,-,,260
2016-08-01,滋賀県,-,-,-,食品,-,,166
2016-08-01,京都府,-,-,-,食品,-,,387
2016-08-01,大阪府,-,-,-,食品,-,,1236
2016-08-01,兵庫県,-,-,-,食品,-,,848
2016-08-01,奈良県,-,-,-,食品,-,,194
2016-08-01,和歌山県,-,-,-,食品,-,,162
2016-08-01,鳥取県,-,-,-,食品,-,,98
2016-08-01,島根県,-,-,-,食品,-,,163
2016-08-01,岡山県,-,-,-,食品,-,,347
2016-08-01,広島県,-,-,-,食品,-,,478
2016-08-01,山口県,-,-,-,食品,-,,248
2016-08-01,徳島県,-,-,-,食品,-,,151
2016-08-01,香川県,-,-,-,食品,-,,165
2016-08-01,愛媛県,-,-,-,食品,-,,260
2016-08-01,高知県,-,-,-,食品,-,,164
2016-08-01,福岡県,-,-,-,食品,-,,641
2016-08-01,佐賀県,-,-,-,食品,-,,136
2016-08-01,長崎県,-,-,-,食品,-,,213
2016-08-01,熊本県,-,-,-,食品,-,,235
2016-08-01,大分県,-,-,-,食品,-,,213
2016-08-01,宮崎県,-,-,-,食品,-,,201
2016-08-01,鹿児島県,-,-,-,食品,-,,332
2016-08-01,沖縄県,-,-,-,食品,-,,241
2016-09-01,北海道,-,-,-,食品,-,,1055
2016-09-01,青森県,-,-,-,食品,-,,219
2016-09-01,岩手県,-,-,-,食品,-,,244
2016-09-01,宮城県,-,-,-,食品,-,,343
2016-09-01,秋田県,-,-,-,食品,-,,146
2016-09-01,山形県,-,-,-,食品,-,,217
2016-09-01,福島県,-,-,-,食品,-,,339
2016-09-01,茨城県,-,-,-,食品,-,,422
2016-09-01,栃木県,-,-,-,食品,-,,293
2016-09-01,群馬県,-,-,-,食品,-,,239
2016-09-01,埼玉県,-,-,-,食品,-,,1038
2016-09-01,千葉県,-,-,-,食品,-,,860
2016-09-01,東京都,-,-,-,食品,-,,2429
2016-09-01,神奈川県,-,-,-,食品,-,,1323
2016-09-01,新潟県,-,-,-,食品,-,,381
2016-09-01,山梨県,-,-,-,食品,-,,121
2016-09-01,長野県,-,-,-,食品,-,,285
2016-09-01,富山県,-,-,-,食品,-,,144
2016-09-01,石川県,-,-,-,食品,-,,190
2016-09-01,福井県,-,-,-,食品,-,,133
2016-09-01,岐阜県,-,-,-,食品,-,,248
2016-09-01,静岡県,-,-,-,食品,-,,553
2016-09-01,愛知県,-,-,-,食品,-,,883
2016-09-01,三重県,-,-,-,食品,-,,263
2016-09-01,滋賀県,-,-,-,食品,-,,170
2016-09-01,京都府,-,-,-,食品,-,,389
2016-09-01,大阪府,-,-,-,食品,-,,1237
2016-09-01,兵庫県,-,-,-,食品,-,,846
2016-09-01,奈良県,-,-,-,食品,-,,194
2016-09-01,和歌山県,-,-,-,食品,-,,162
2016-09-01,鳥取県,-,-,-,食品,-,,98
2016-09-01,島根県,-,-,-,食品,-,,163
2016-09-01,岡山県,-,-,-,食品,-,,349
2016-09-01,広島県,-,-,-,食品,-,,494
2016-09-01,山口県,-,-,-,食品,-,,247
2016-09-01,徳島県,-,-,-,食品,-,,151
2016-09-01,香川県,-,-,-,食品,-,,165
2016-09-01,愛媛県,-,-,-,食品,-,,259
2016-09-01,高知県,-,-,-,食品,-,,165
2016-09-01,福岡県,-,-,-,食品,-,,648
2016-09-01,佐賀県,-,-,-,食品,-,,136
2016-09-01,長崎県,-,-,-,食品,-,,212
2016-09-01,熊本県,-,-,-,食品,-,,237
2016-09-01,大分県,-,-,-,食品,-,,214
2016-09-01,宮崎県,-,-,-,食品,-,,201
2016-09-01,鹿児島県,-,-,-,食品,-,,334
2016-09-01,沖縄県,-,-,-,食品,-,,241
2016-10-01,北海道,-,-,-,食品,-,,1054
2016-10-01,青森県,-,-,-,食品,-,,219
2016-10-01,岩手県,-,-,-,食品,-,,244
2016-10-01,宮城県,-,-,-,食品,-,,343
2016-10-01,秋田県,-,-,-,食品,-,,146
2016-10-01,山形県,-,-,-,食品,-,,217
2016-10-01,福島県,-,-,-,食品,-,,339
2016-10-01,茨城県,-,-,-,食品,-,,423
2016-10-01,栃木県,-,-,-,食品,-,,294
2016-10-01,群馬県,-,-,-,食品,-,,239
2016-10-01,埼玉県,-,-,-,食品,-,,1043
2016-10-01,千葉県,-,-,-,食品,-,,861
2016-10-01,東京都,-,-,-,食品,-,,2436
2016-10-01,神奈川県,-,-,-,食品,-,,1325
2016-10-01,新潟県,-,-,-,食品,-,,382
2016-10-01,山梨県,-,-,-,食品,-,,121
2016-10-01,長野県,-,-,-,食品,-,,285
2016-10-01,富山県,-,-,-,食品,-,,145
2016-10-01,石川県,-,-,-,食品,-,,191
2016-10-01,福井県,-,-,-,食品,-,,131
2016-10-01,岐阜県,-,-,-,食品,-,,248
2016-10-01,静岡県,-,-,-,食品,-,,553
2016-10-01,愛知県,-,-,-,食品,-,,889
2016-10-01,三重県,-,-,-,食品,-,,263
2016-10-01,滋賀県,-,-,-,食品,-,,170
2016-10-01,京都府,-,-,-,食品,-,,391
2016-10-01,大阪府,-,-,-,食品,-,,1241
2016-10-01,兵庫県,-,-,-,食品,-,,847
2016-10-01,奈良県,-,-,-,食品,-,,193
2016-10-01,和歌山県,-,-,-,食品,-,,164
2016-10-01,鳥取県,-,-,-,食品,-,,94
2016-10-01,島根県,-,-,-,食品,-,,161
2016-10-01,岡山県,-,-,-,食品,-,,343
2016-10-01,広島県,-,-,-,食品,-,,490
2016-10-01,山口県,-,-,-,食品,-,,248
2016-10-01,徳島県,-,-,-,食品,-,,152
2016-10-01,香川県,-,-,-,食品,-,,168
2016-10-01,愛媛県,-,-,-,食品,-,,259
2016-10-01,高知県,-,-,-,食品,-,,166
2016-10-01,福岡県,-,-,-,食品,-,,649
2016-10-01,佐賀県,-,-,-,食品,-,,136
2016-10-01,長崎県,-,-,-,食品,-,,213
2016-10-01,熊本県,-,-,-,食品,-,,236
2016-10-01,大分県,-,-,-,食品,-,,216
2016-10-01,宮崎県,-,-,-,食品,-,,201
2016-10-01,鹿児島県,-,-,-,食品,-,,334
2016-10-01,沖縄県,-,-,-,食品,-,,241
2016-11-01,北海道,-,-,-,食品,-,,1058
2016-11-01,青森県,-,-,-,食品,-,,220
2016-11-01,岩手県,-,-,-,食品,-,,244
2016-11-01,宮城県,-,-,-,食品,-,,342
2016-11-01,秋田県,-,-,-,食品,-,,146
2016-11-01,山形県,-,-,-,食品,-,,217
2016-11-01,福島県,-,-,-,食品,-,,339
2016-11-01,茨城県,-,-,-,食品,-,,427
2016-11-01,栃木県,-,-,-,食品,-,,295
2016-11-01,群馬県,-,-,-,食品,-,,237
2016-11-01,埼玉県,-,-,-,食品,-,,1044
2016-11-01,千葉県,-,-,-,食品,-,,865
2016-11-01,東京都,-,-,-,食品,-,,2444
2016-11-01,神奈川県,-,-,-,食品,-,,1327
2016-11-01,新潟県,-,-,-,食品,-,,383
2016-11-01,山梨県,-,-,-,食品,-,,122
2016-11-01,長野県,-,-,-,食品,-,,285
2016-11-01,富山県,-,-,-,食品,-,,144
2016-11-01,石川県,-,-,-,食品,-,,193
2016-11-01,福井県,-,-,-,食品,-,,131
2016-11-01,岐阜県,-,-,-,食品,-,,248
2016-11-01,静岡県,-,-,-,食品,-,,555
2016-11-01,愛知県,-,-,-,食品,-,,894
2016-11-01,三重県,-,-,-,食品,-,,266
2016-11-01,滋賀県,-,-,-,食品,-,,172
2016-11-01,京都府,-,-,-,食品,-,,392
2016-11-01,大阪府,-,-,-,食品,-,,1244
2016-11-01,兵庫県,-,-,-,食品,-,,846
2016-11-01,奈良県,-,-,-,食品,-,,194
2016-11-01,和歌山県,-,-,-,食品,-,,164
2016-11-01,鳥取県,-,-,-,食品,-,,94
2016-11-01,島根県,-,-,-,食品,-,,162
2016-11-01,岡山県,-,-,-,食品,-,,343
2016-11-01,広島県,-,-,-,食品,-,,490
2016-11-01,山口県,-,-,-,食品,-,,248
2016-11-01,徳島県,-,-,-,食品,-,,153
2016-11-01,香川県,-,-,-,食品,-,,168
2016-11-01,愛媛県,-,-,-,食品,-,,259
2016-11-01,高知県,-,-,-,食品,-,,169
2016-11-01,福岡県,-,-,-,食品,-,,648
2016-11-01,佐賀県,-,-,-,食品,-,,137
2016-11-01,長崎県,-,-,-,食品,-,,213
2016-11-01,熊本県,-,-,-,食品,-,,236
2016-11-01,大分県,-,-,-,食品,-,,217
2016-11-01,宮崎県,-,-,-,食品,-,,200
2016-11-01,鹿児島県,-,-,-,食品,-,,334
2016-11-01,沖縄県,-,-,-,食品,-,,242
2016-12-01,北海道,-,-,-,食品,-,,1065
2016-12-01,青森県,-,-,-,食品,-,,219
2016-12-01,岩手県,-,-,-,食品,-,,245
2016-12-01,宮城県,-,-,-,食品,-,,346
2016-12-01,秋田県,-,-,-,食品,-,,148
2016-12-01,山形県,-,-,-,食品,-,,215
2016-12-01,福島県,-,-,-,食品,-,,340
2016-12-01,茨城県,-,-,-,食品,-,,427
2016-12-01,栃木県,-,-,-,食品,-,,297
2016-12-01,群馬県,-,-,-,食品,-,,237
2016-12-01,埼玉県,-,-,-,食品,-,,1045
2016-12-01,千葉県,-,-,-,食品,-,,867
2016-12-01,東京都,-,-,-,食品,-,,2459
2016-12-01,神奈川県,-,-,-,食品,-,,1332
2016-12-01,新潟県,-,-,-,食品,-,,382
2016-12-01,山梨県,-,-,-,食品,-,,123
2016-12-01,長野県,-,-,-,食品,-,,284
2016-12-01,富山県,-,-,-,食品,-,,143
2016-12-01,石川県,-,-,-,食品,-,,193
2016-12-01,福井県,-,-,-,食品,-,,135
2016-12-01,岐阜県,-,-,-,食品,-,,249
2016-12-01,静岡県,-,-,-,食品,-,,556
2016-12-01,愛知県,-,-,-,食品,-,,894
2016-12-01,三重県,-,-,-,食品,-,,267
2016-12-01,滋賀県,-,-,-,食品,-,,176
2016-12-01,京都府,-,-,-,食品,-,,393
2016-12-01,大阪府,-,-,-,食品,-,,1241
2016-12-01,兵庫県,-,-,-,食品,-,,849
2016-12-01,奈良県,-,-,-,食品,-,,195
2016-12-01,和歌山県,-,-,-,食品,-,,164
2016-12-01,鳥取県,-,-,-,食品,-,,95
2016-12-01,島根県,-,-,-,食品,-,,162
2016-12-01,岡山県,-,-,-,食品,-,,343
2016-12-01,広島県,-,-,-,食品,-,,494
2016-12-01,山口県,-,-,-,食品,-,,249
2016-12-01,徳島県,-,-,-,食品,-,,157
2016-12-01,香川県,-,-,-,食品,-,,169
2016-12-01,愛媛県,-,-,-,食品,-,,255
2016-12-01,高知県,-,-,-,食品,-,,168
2016-12-01,福岡県,-,-,-,食品,-,,646
2016-12-01,佐賀県,-,-,-,食品,-,,137
2016-12-01,長崎県,-,-,-,食品,-,,213
2016-12-01,熊本県,-,-,-,食品,-,,238
2016-12-01,大分県,-,-,-,食品,-,,215
2016-12-01,宮崎県,-,-,-,食品,-,,201
2016-12-01,鹿児島県,-,-,-,食品,-,,336
2016-12-01,沖縄県,-,-,-,食品,-,,241
2017-01-01,北海道,-,-,-,食品,-,,1065
2017-01-01,青森県,-,-,-,食品,-,,219
2017-01-01,岩手県,-,-,-,食品,-,,244
2017-01-01,宮城県,-,-,-,食品,-,,345
2017-01-01,秋田県,-,-,-,食品,-,,148
2017-01-01,山形県,-,-,-,食品,-,,215
2017-01-01,福島県,-,-,-,食品,-,,340
2017-01-01,茨城県,-,-,-,食品,-,,426
2017-01-01,栃木県,-,-,-,食品,-,,297
2017-01-01,群馬県,-,-,-,食品,-,,237
2017-01-01,埼玉県,-,-,-,食品,-,,1043
2017-01-01,千葉県,-,-,-,食品,-,,866
2017-01-01,東京都,-,-,-,食品,-,,2464
2017-01-01,神奈川県,-,-,-,食品,-,,1331
2017-01-01,新潟県,-,-,-,食品,-,,381
2017-01-01,山梨県,-,-,-,食品,-,,123
2017-01-01,長野県,-,-,-,食品,-,,284
2017-01-01,富山県,-,-,-,食品,-,,143
2017-01-01,石川県,-,-,-,食品,-,,191
2017-01-01,福井県,-,-,-,食品,-,,135
2017-01-01,岐阜県,-,-,-,食品,-,,249
2017-01-01,静岡県,-,-,-,食品,-,,554
2017-01-01,愛知県,-,-,-,食品,-,,896
2017-01-01,三重県,-,-,-,食品,-,,271
2017-01-01,滋賀県,-,-,-,食品,-,,176
2017-01-01,京都府,-,-,-,食品,-,,394
2017-01-01,大阪府,-,-,-,食品,-,,1242
2017-01-01,兵庫県,-,-,-,食品,-,,847
2017-01-01,奈良県,-,-,-,食品,-,,193
2017-01-01,和歌山県,-,-,-,食品,-,,164
2017-01-01,鳥取県,-,-,-,食品,-,,95
2017-01-01,島根県,-,-,-,食品,-,,162
2017-01-01,岡山県,-,-,-,食品,-,,345
2017-01-01,広島県,-,-,-,食品,-,,493
2017-01-01,山口県,-,-,-,食品,-,,249
2017-01-01,徳島県,-,-,-,食品,-,,157
2017-01-01,香川県,-,-,-,食品,-,,168
2017-01-01,愛媛県,-,-,-,食品,-,,255
2017-01-01,高知県,-,-,-,食品,-,,168
2017-01-01,福岡県,-,-,-,食品,-,,646
2017-01-01,佐賀県,-,-,-,食品,-,,137
2017-01-01,長崎県,-,-,-,食品,-,,212
2017-01-01,熊本県,-,-,-,食品,-,,238
2017-01-01,大分県,-,-,-,食品,-,,215
2017-01-01,宮崎県,-,-,-,食品,-,,200
2017-01-01,鹿児島県,-,-,-,食品,-,,336
2017-01-01,沖縄県,-,-,-,食品,-,,241
2017-02-01,北海道,-,-,-,食品,-,,1063
2017-02-01,青森県,-,-,-,食品,-,,219
2017-02-01,岩手県,-,-,-,食品,-,,243
2017-02-01,宮城県,-,-,-,食品,-,,346
2017-02-01,秋田県,-,-,-,食品,-,,148
2017-02-01,山形県,-,-,-,食品,-,,216
2017-02-01,福島県,-,-,-,食品,-,,341
2017-02-01,茨城県,-,-,-,食品,-,,425
2017-02-01,栃木県,-,-,-,食品,-,,297
2017-02-01,群馬県,-,-,-,食品,-,,237
2017-02-01,埼玉県,-,-,-,食品,-,,1045
2017-02-01,千葉県,-,-,-,食品,-,,868
2017-02-01,東京都,-,-,-,食品,-,,2466
2017-02-01,神奈川県,-,-,-,食品,-,,1333
2017-02-01,新潟県,-,-,-,食品,-,,381
2017-02-01,山梨県,-,-,-,食品,-,,123
2017-02-01,長野県,-,-,-,食品,-,,284
2017-02-01,富山県,-,-,-,食品,-,,142
2017-02-01,石川県,-,-,-,食品,-,,190
2017-02-01,福井県,-,-,-,食品,-,,135
2017-02-01,岐阜県,-,-,-,食品,-,,249
2017-02-01,静岡県,-,-,-,食品,-,,563
2017-02-01,愛知県,-,-,-,食品,-,,895
2017-02-01,三重県,-,-,-,食品,-,,271
2017-02-01,滋賀県,-,-,-,食品,-,,177
2017-02-01,京都府,-,-,-,食品,-,,394
2017-02-01,大阪府,-,-,-,食品,-,,1239
2017-02-01,兵庫県,-,-,-,食品,-,,846
2017-02-01,奈良県,-,-,-,食品,-,,194
2017-02-01,和歌山県,-,-,-,食品,-,,164
2017-02-01,鳥取県,-,-,-,食品,-,,95
2017-02-01,島根県,-,-,-,食品,-,,161
2017-02-01,岡山県,-,-,-,食品,-,,346
2017-02-01,広島県,-,-,-,食品,-,,492
2017-02-01,山口県,-,-,-,食品,-,,246
2017-02-01,徳島県,-,-,-,食品,-,,155
2017-02-01,香川県,-,-,-,食品,-,,168
2017-02-01,愛媛県,-,-,-,食品,-,,255
2017-02-01,高知県,-,-,-,食品,-,,168
2017-02-01,福岡県,-,-,-,食品,-,,639
2017-02-01,佐賀県,-,-,-,食品,-,,135
2017-02-01,長崎県,-,-,-,食品,-,,212
2017-02-01,熊本県,-,-,-,食品,-,,236
2017-02-01,大分県,-,-,-,食品,-,,215
2017-02-01,宮崎県,-,-,-,食品,-,,200
2017-02-01,鹿児島県,-,-,-,食品,-,,335
2017-02-01,沖縄県,-,-,-,食品,-,,241
2017-03-01,北海道,-,-,-,食品,-,,1060
2017-03-01,青森県,-,-,-,食品,-,,219
2017-03-01,岩手県,-,-,-,食品,-,,243
2017-03-01,宮城県,-,-,-,食品,-,,346
2017-03-01,秋田県,-,-,-,食品,-,,152
2017-03-01,山形県,-,-,-,食品,-,,215
2017-03-01,福島県,-,-,-,食品,-,,340
2017-03-01,茨城県,-,-,-,食品,-,,425
2017-03-01,栃木県,-,-,-,食品,-,,296
2017-03-01,群馬県,-,-,-,食品,-,,238
2017-03-01,埼玉県,-,-,-,食品,-,,1049
2017-03-01,千葉県,-,-,-,食品,-,,870
2017-03-01,東京都,-,-,-,食品,-,,2479
2017-03-01,神奈川県,-,-,-,食品,-,,1340
2017-03-01,新潟県,-,-,-,食品,-,,381
2017-03-01,山梨県,-,-,-,食品,-,,123
2017-03-01,長野県,-,-,-,食品,-,,284
2017-03-01,富山県,-,-,-,食品,-,,143
2017-03-01,石川県,-,-,-,食品,-,,190
2017-03-01,福井県,-,-,-,食品,-,,135
2017-03-01,岐阜県,-,-,-,食品,-,,249
2017-03-01,静岡県,-,-,-,食品,-,,564
2017-03-01,愛知県,-,-,-,食品,-,,897
2017-03-01,三重県,-,-,-,食品,-,,269
2017-03-01,滋賀県,-,-,-,食品,-,,178
2017-03-01,京都府,-,-,-,食品,-,,393
2017-03-01,大阪府,-,-,-,食品,-,,1244
2017-03-01,兵庫県,-,-,-,食品,-,,846
2017-03-01,奈良県,-,-,-,食品,-,,196
2017-03-01,和歌山県,-,-,-,食品,-,,163
2017-03-01,鳥取県,-,-,-,食品,-,,95
2017-03-01,島根県,-,-,-,食品,-,,162
2017-03-01,岡山県,-,-,-,食品,-,,348
2017-03-01,広島県,-,-,-,食品,-,,492
2017-03-01,山口県,-,-,-,食品,-,,246
2017-03-01,徳島県,-,-,-,食品,-,,156
2017-03-01,香川県,-,-,-,食品,-,,168
2017-03-01,愛媛県,-,-,-,食品,-,,257
2017-03-01,高知県,-,-,-,食品,-,,170
2017-03-01,福岡県,-,-,-,食品,-,,638
2017-03-01,佐賀県,-,-,-,食品,-,,135
2017-03-01,長崎県,-,-,-,食品,-,,212
2017-03-01,熊本県,-,-,-,食品,-,,236
2017-03-01,大分県,-,-,-,食品,-,,211
2017-03-01,宮崎県,-,-,-,食品,-,,200
2017-03-01,鹿児島県,-,-,-,食品,-,,335
2017-03-01,沖縄県,-,-,-,食品,-,,241
2017-04-01,北海道,-,-,-,食品,-,,1061
2017-04-01,青森県,-,-,-,食品,-,,220
2017-04-01,岩手県,-,-,-,食品,-,,243
2017-04-01,宮城県,-,-,-,食品,-,,349
2017-04-01,秋田県,-,-,-,食品,-,,152
2017-04-01,山形県,-,-,-,食品,-,,217
2017-04-01,福島県,-,-,-,食品,-,,340
2017-04-01,茨城県,-,-,-,食品,-,,426
2017-04-01,栃木県,-,-,-,食品,-,,296
2017-04-01,群馬県,-,-,-,食品,-,,238
2017-04-01,埼玉県,-,-,-,食品,-,,1053
2017-04-01,千葉県,-,-,-,食品,-,,874
2017-04-01,東京都,-,-,-,食品,-,,2491
2017-04-01,神奈川県,-,-,-,食品,-,,1341
2017-04-01,新潟県,-,-,-,食品,-,,379
2017-04-01,山梨県,-,-,-,食品,-,,127
2017-04-01,長野県,-,-,-,食品,-,,285
2017-04-01,富山県,-,-,-,食品,-,,144
2017-04-01,石川県,-,-,-,食品,-,,191
2017-04-01,福井県,-,-,-,食品,-,,135
2017-04-01,岐阜県,-,-,-,食品,-,,250
2017-04-01,静岡県,-,-,-,食品,-,,567
2017-04-01,愛知県,-,-,-,食品,-,,899
2017-04-01,三重県,-,-,-,食品,-,,271
2017-04-01,滋賀県,-,-,-,食品,-,,178
2017-04-01,京都府,-,-,-,食品,-,,395
2017-04-01,大阪府,-,-,-,食品,-,,1250
2017-04-01,兵庫県,-,-,-,食品,-,,847
2017-04-01,奈良県,-,-,-,食品,-,,194
2017-04-01,和歌山県,-,-,-,食品,-,,163
2017-04-01,鳥取県,-,-,-,食品,-,,96
2017-04-01,島根県,-,-,-,食品,-,,162
2017-04-01,岡山県,-,-,-,食品,-,,349
2017-04-01,広島県,-,-,-,食品,-,,495
2017-04-01,山口県,-,-,-,食品,-,,247
2017-04-01,徳島県,-,-,-,食品,-,,156
2017-04-01,香川県,-,-,-,食品,-,,168
2017-04-01,愛媛県,-,-,-,食品,-,,257
2017-04-01,高知県,-,-,-,食品,-,,169
2017-04-01,福岡県,-,-,-,食品,-,,639
2017-04-01,佐賀県,-,-,-,食品,-,,135
2017-04-01,長崎県,-,-,-,食品,-,,212
2017-04-01,熊本県,-,-,-,食品,-,,236
2017-04-01,大分県,-,-,-,食品,-,,210
2017-04-01,宮崎県,-,-,-,食品,-,,200
2017-04-01,鹿児島県,-,-,-,食品,-,,334
2017-04-01,沖縄県,-,-,-,食品,-,,245
2017-05-01,北海道,-,-,-,食品,-,,1059
2017-05-01,青森県,-,-,-,食品,-,,220
2017-05-01,岩手県,-,-,-,食品,-,,243
2017-05-01,宮城県,-,-,-,食品,-,,349
2017-05-01,秋田県,-,-,-,食品,-,,153
2017-05-01,山形県,-,-,-,食品,-,,217
2017-05-01,福島県,-,-,-,食品,-,,340
2017-05-01,茨城県,-,-,-,食品,-,,427
2017-05-01,栃木県,-,-,-,食品,-,,296
2017-05-01,群馬県,-,-,-,食品,-,,238
2017-05-01,埼玉県,-,-,-,食品,-,,1055
2017-05-01,千葉県,-,-,-,食品,-,,873
2017-05-01,東京都,-,-,-,食品,-,,2495
2017-05-01,神奈川県,-,-,-,食品,-,,1340
2017-05-01,新潟県,-,-,-,食品,-,,379
2017-05-01,山梨県,-,-,-,食品,-,,126
2017-05-01,長野県,-,-,-,食品,-,,287
2017-05-01,富山県,-,-,-,食品,-,,144
2017-05-01,石川県,-,-,-,食品,-,,190
2017-05-01,福井県,-,-,-,食品,-,,134
2017-05-01,岐阜県,-,-,-,食品,-,,250
2017-05-01,静岡県,-,-,-,食品,-,,568
2017-05-01,愛知県,-,-,-,食品,-,,901
2017-05-01,三重県,-,-,-,食品,-,,271
2017-05-01,滋賀県,-,-,-,食品,-,,176
2017-05-01,京都府,-,-,-,食品,-,,395
2017-05-01,大阪府,-,-,-,食品,-,,1247
2017-05-01,兵庫県,-,-,-,食品,-,,848
2017-05-01,奈良県,-,-,-,食品,-,,193
2017-05-01,和歌山県,-,-,-,食品,-,,163
2017-05-01,鳥取県,-,-,-,食品,-,,96
2017-05-01,島根県,-,-,-,食品,-,,162
2017-05-01,岡山県,-,-,-,食品,-,,349
2017-05-01,広島県,-,-,-,食品,-,,494
2017-05-01,山口県,-,-,-,食品,-,,247
2017-05-01,徳島県,-,-,-,食品,-,,156
2017-05-01,香川県,-,-,-,食品,-,,168
2017-05-01,愛媛県,-,-,-,食品,-,,257
2017-05-01,高知県,-,-,-,食品,-,,169
2017-05-01,福岡県,-,-,-,食品,-,,636
2017-05-01,佐賀県,-,-,-,食品,-,,135
2017-05-01,長崎県,-,-,-,食品,-,,213
2017-05-01,熊本県,-,-,-,食品,-,,237
2017-05-01,大分県,-,-,-,食品,-,,210
2017-05-01,宮崎県,-,-,-,食品,-,,200
2017-05-01,鹿児島県,-,-,-,食品,-,,335
2017-05-01,沖縄県,-,-,-,食品,-,,247
2017-06-01,北海道,-,-,-,食品,-,,1059
2017-06-01,青森県,-,-,-,食品,-,,220
2017-06-01,岩手県,-,-,-,食品,-,,243
2017-06-01,宮城県,-,-,-,食品,-,,350
2017-06-01,秋田県,-,-,-,食品,-,,153
2017-06-01,山形県,-,-,-,食品,-,,216
2017-06-01,福島県,-,-,-,食品,-,,340
2017-06-01,茨城県,-,-,-,食品,-,,427
2017-06-01,栃木県,-,-,-,食品,-,,298
2017-06-01,群馬県,-,-,-,食品,-,,238
2017-06-01,埼玉県,-,-,-,食品,-,,1059
2017-06-01,千葉県,-,-,-,食品,-,,875
2017-06-01,東京都,-,-,-,食品,-,,2502
2017-06-01,神奈川県,-,-,-,食品,-,,1349
2017-06-01,新潟県,-,-,-,食品,-,,379
2017-06-01,山梨県,-,-,-,食品,-,,126
2017-06-01,長野県,-,-,-,食品,-,,287
2017-06-01,富山県,-,-,-,食品,-,,143
2017-06-01,石川県,-,-,-,食品,-,,190
2017-06-01,福井県,-,-,-,食品,-,,134
2017-06-01,岐阜県,-,-,-,食品,-,,250
2017-06-01,静岡県,-,-,-,食品,-,,568
2017-06-01,愛知県,-,-,-,食品,-,,900
2017-06-01,三重県,-,-,-,食品,-,,270
2017-06-01,滋賀県,-,-,-,食品,-,,176
2017-06-01,京都府,-,-,-,食品,-,,396
2017-06-01,大阪府,-,-,-,食品,-,,1243
2017-06-01,兵庫県,-,-,-,食品,-,,845
2017-06-01,奈良県,-,-,-,食品,-,,194
2017-06-01,和歌山県,-,-,-,食品,-,,163
2017-06-01,鳥取県,-,-,-,食品,-,,97
2017-06-01,島根県,-,-,-,食品,-,,161
2017-06-01,岡山県,-,-,-,食品,-,,349
2017-06-01,広島県,-,-,-,食品,-,,493
2017-06-01,山口県,-,-,-,食品,-,,248
2017-06-01,徳島県,-,-,-,食品,-,,155
2017-06-01,香川県,-,-,-,食品,-,,169
2017-06-01,愛媛県,-,-,-,食品,-,,256
2017-06-01,高知県,-,-,-,食品,-,,169
2017-06-01,福岡県,-,-,-,食品,-,,635
2017-06-01,佐賀県,-,-,-,食品,-,,135
2017-06-01,長崎県,-,-,-,食品,-,,213
2017-06-01,熊本県,-,-,-,食品,-,,237
2017-06-01,大分県,-,-,-,食品,-,,211
2017-06-01,宮崎県,-,-,-,食品,-,,200
2017-06-01,鹿児島県,-,-,-,食品,-,,332
2017-06-01,沖縄県,-,-,-,食品,-,,248
2017-07-01,北海道,-,-,-,食品,-,,1058
2017-07-01,青森県,-,-,-,食品,-,,221
2017-07-01,岩手県,-,-,-,食品,-,,245
2017-07-01,宮城県,-,-,-,食品,-,,351
2017-07-01,秋田県,-,-,-,食品,-,,155
2017-07-01,山形県,-,-,-,食品,-,,216
2017-07-01,福島県,-,-,-,食品,-,,341
2017-07-01,茨城県,-,-,-,食品,-,,428
2017-07-01,栃木県,-,-,-,食品,-,,296
2017-07-01,群馬県,-,-,-,食品,-,,238
2017-07-01,埼玉県,-,-,-,食品,-,,1059
2017-07-01,千葉県,-,-,-,食品,-,,877
2017-07-01,東京都,-,-,-,食品,-,,2505
2017-07-01,神奈川県,-,-,-,食品,-,,1351
2017-07-01,新潟県,-,-,-,食品,-,,379
2017-07-01,山梨県,-,-,-,食品,-,,127
2017-07-01,長野県,-,-,-,食品,-,,289
2017-07-01,富山県,-,-,-,食品,-,,143
2017-07-01,石川県,-,-,-,食品,-,,189
2017-07-01,福井県,-,-,-,食品,-,,134
2017-07-01,岐阜県,-,-,-,食品,-,,250
2017-07-01,静岡県,-,-,-,食品,-,,572
2017-07-01,愛知県,-,-,-,食品,-,,904
2017-07-01,三重県,-,-,-,食品,-,,271
2017-07-01,滋賀県,-,-,-,食品,-,,178
2017-07-01,京都府,-,-,-,食品,-,,397
2017-07-01,大阪府,-,-,-,食品,-,,1245
2017-07-01,兵庫県,-,-,-,食品,-,,851
2017-07-01,奈良県,-,-,-,食品,-,,194
2017-07-01,和歌山県,-,-,-,食品,-,,165
2017-07-01,鳥取県,-,-,-,食品,-,,97
2017-07-01,島根県,-,-,-,食品,-,,162
2017-07-01,岡山県,-,-,-,食品,-,,349
2017-07-01,広島県,-,-,-,食品,-,,495
2017-07-01,山口県,-,-,-,食品,-,,247
2017-07-01,徳島県,-,-,-,食品,-,,156
2017-07-01,香川県,-,-,-,食品,-,,171
2017-07-01,愛媛県,-,-,-,食品,-,,256
2017-07-01,高知県,-,-,-,食品,-,,169
2017-07-01,福岡県,-,-,-,食品,-,,635
2017-07-01,佐賀県,-,-,-,食品,-,,135
2017-07-01,長崎県,-,-,-,食品,-,,213
2017-07-01,熊本県,-,-,-,食品,-,,237
2017-07-01,大分県,-,-,-,食品,-,,211
2017-07-01,宮崎県,-,-,-,食品,-,,201
2017-07-01,鹿児島県,-,-,-,食品,-,,337
2017-07-01,沖縄県,-,-,-,食品,-,,250
2017-08-01,北海道,-,-,-,食品,-,,1056
2017-08-01,青森県,-,-,-,食品,-,,220
2017-08-01,岩手県,-,-,-,食品,-,,245
2017-08-01,宮城県,-,-,-,食品,-,,351
2017-08-01,秋田県,-,-,-,食品,-,,155
2017-08-01,山形県,-,-,-,食品,-,,217
2017-08-01,福島県,-,-,-,食品,-,,341
2017-08-01,茨城県,-,-,-,食品,-,,428
2017-08-01,栃木県,-,-,-,食品,-,,296
2017-08-01,群馬県,-,-,-,食品,-,,238
2017-08-01,埼玉県,-,-,-,食品,-,,1057
2017-08-01,千葉県,-,-,-,食品,-,,871
2017-08-01,東京都,-,-,-,食品,-,,2504
2017-08-01,神奈川県,-,-,-,食品,-,,1352
2017-08-01,新潟県,-,-,-,食品,-,,379
2017-08-01,山梨県,-,-,-,食品,-,,127
2017-08-01,長野県,-,-,-,食品,-,,289
2017-08-01,富山県,-,-,-,食品,-,,143
2017-08-01,石川県,-,-,-,食品,-,,189
2017-08-01,福井県,-,-,-,食品,-,,134
2017-08-01,岐阜県,-,-,-,食品,-,,250
2017-08-01,静岡県,-,-,-,食品,-,,572
2017-08-01,愛知県,-,-,-,食品,-,,902
2017-08-01,三重県,-,-,-,食品,-,,271
2017-08-01,滋賀県,-,-,-,食品,-,,180
2017-08-01,京都府,-,-,-,食品,-,,397
2017-08-01,大阪府,-,-,-,食品,-,,1237
2017-08-01,兵庫県,-,-,-,食品,-,,856
2017-08-01,奈良県,-,-,-,食品,-,,193
2017-08-01,和歌山県,-,-,-,食品,-,,165
2017-08-01,鳥取県,-,-,-,食品,-,,97
2017-08-01,島根県,-,-,-,食品,-,,162
2017-08-01,岡山県,-,-,-,食品,-,,352
2017-08-01,広島県,-,-,-,食品,-,,500
2017-08-01,山口県,-,-,-,食品,-,,246
2017-08-01,徳島県,-,-,-,食品,-,,156
2017-08-01,香川県,-,-,-,食品,-,,171
2017-08-01,愛媛県,-,-,-,食品,-,,256
2017-08-01,高知県,-,-,-,食品,-,,169
2017-08-01,福岡県,-,-,-,食品,-,,636
2017-08-01,佐賀県,-,-,-,食品,-,,134
2017-08-01,長崎県,-,-,-,食品,-,,220
2017-08-01,熊本県,-,-,-,食品,-,,237
2017-08-01,大分県,-,-,-,食品,-,,211
2017-08-01,宮崎県,-,-,-,食品,-,,201
2017-08-01,鹿児島県,-,-,-,食品,-,,343
2017-08-01,沖縄県,-,-,-,食品,-,,250
2017-09-01,北海道,-,-,-,食品,-,,1056
2017-09-01,青森県,-,-,-,食品,-,,220
2017-09-01,岩手県,-,-,-,食品,-,,245
2017-09-01,宮城県,-,-,-,食品,-,,352
2017-09-01,秋田県,-,-,-,食品,-,,155
2017-09-01,山形県,-,-,-,食品,-,,217
2017-09-01,福島県,-,-,-,食品,-,,342
2017-09-01,茨城県,-,-,-,食品,-,,427
2017-09-01,栃木県,-,-,-,食品,-,,297
2017-09-01,群馬県,-,-,-,食品,-,,239
2017-09-01,埼玉県,-,-,-,食品,-,,1055
2017-09-01,千葉県,-,-,-,食品,-,,873
2017-09-01,東京都,-,-,-,食品,-,,2506
2017-09-01,神奈川県,-,-,-,食品,-,,1354
2017-09-01,新潟県,-,-,-,食品,-,,378
2017-09-01,山梨県,-,-,-,食品,-,,128
2017-09-01,長野県,-,-,-,食品,-,,288
2017-09-01,富山県,-,-,-,食品,-,,143
2017-09-01,石川県,-,-,-,食品,-,,188
2017-09-01,福井県,-,-,-,食品,-,,135
2017-09-01,岐阜県,-,-,-,食品,-,,250
2017-09-01,静岡県,-,-,-,食品,-,,573
2017-09-01,愛知県,-,-,-,食品,-,,903
2017-09-01,三重県,-,-,-,食品,-,,274
2017-09-01,滋賀県,-,-,-,食品,-,,181
2017-09-01,京都府,-,-,-,食品,-,,396
2017-09-01,大阪府,-,-,-,食品,-,,1242
2017-09-01,兵庫県,-,-,-,食品,-,,857
2017-09-01,奈良県,-,-,-,食品,-,,193
2017-09-01,和歌山県,-,-,-,食品,-,,165
2017-09-01,鳥取県,-,-,-,食品,-,,97
2017-09-01,島根県,-,-,-,食品,-,,160
2017-09-01,岡山県,-,-,-,食品,-,,353
2017-09-01,広島県,-,-,-,食品,-,,500
2017-09-01,山口県,-,-,-,食品,-,,246
2017-09-01,徳島県,-,-,-,食品,-,,156
2017-09-01,香川県,-,-,-,食品,-,,171
2017-09-01,愛媛県,-,-,-,食品,-,,260
2017-09-01,高知県,-,-,-,食品,-,,169
2017-09-01,福岡県,-,-,-,食品,-,,637
2017-09-01,佐賀県,-,-,-,食品,-,,134
2017-09-01,長崎県,-,-,-,食品,-,,219
2017-09-01,熊本県,-,-,-,食品,-,,237
2017-09-01,大分県,-,-,-,食品,-,,210
2017-09-01,宮崎県,-,-,-,食品,-,,200
2017-09-01,鹿児島県,-,-,-,食品,-,,342
2017-09-01,沖縄県,-,-,-,食品,-,,252
2017-10-01,北海道,-,-,-,食品,-,,1058
2017-10-01,青森県,-,-,-,食品,-,,220
2017-10-01,岩手県,-,-,-,食品,-,,245
2017-10-01,宮城県,-,-,-,食品,-,,353
2017-10-01,秋田県,-,-,-,食品,-,,154
2017-10-01,山形県,-,-,-,食品,-,,218
2017-10-01,福島県,-,-,-,食品,-,,342
2017-10-01,茨城県,-,-,-,食品,-,,428
2017-10-01,栃木県,-,-,-,食品,-,,297
2017-10-01,群馬県,-,-,-,食品,-,,240
2017-10-01,埼玉県,-,-,-,食品,-,,1060
2017-10-01,千葉県,-,-,-,食品,-,,877
2017-10-01,東京都,-,-,-,食品,-,,2512
2017-10-01,神奈川県,-,-,-,食品,-,,1356
2017-10-01,新潟県,-,-,-,食品,-,,379
2017-10-01,山梨県,-,-,-,食品,-,,128
2017-10-01,長野県,-,-,-,食品,-,,287
2017-10-01,富山県,-,-,-,食品,-,,143
2017-10-01,石川県,-,-,-,食品,-,,189
2017-10-01,福井県,-,-,-,食品,-,,136
2017-10-01,岐阜県,-,-,-,食品,-,,250
2017-10-01,静岡県,-,-,-,食品,-,,574
2017-10-01,愛知県,-,-,-,食品,-,,908
2017-10-01,三重県,-,-,-,食品,-,,273
2017-10-01,滋賀県,-,-,-,食品,-,,181
2017-10-01,京都府,-,-,-,食品,-,,394
2017-10-01,大阪府,-,-,-,食品,-,,1241
2017-10-01,兵庫県,-,-,-,食品,-,,856
2017-10-01,奈良県,-,-,-,食品,-,,191
2017-10-01,和歌山県,-,-,-,食品,-,,165
2017-10-01,鳥取県,-,-,-,食品,-,,97
2017-10-01,島根県,-,-,-,食品,-,,162
2017-10-01,岡山県,-,-,-,食品,-,,353
2017-10-01,広島県,-,-,-,食品,-,,502
2017-10-01,山口県,-,-,-,食品,-,,244
2017-10-01,徳島県,-,-,-,食品,-,,156
2017-10-01,香川県,-,-,-,食品,-,,172
2017-10-01,愛媛県,-,-,-,食品,-,,261
2017-10-01,高知県,-,-,-,食品,-,,169
2017-10-01,福岡県,-,-,-,食品,-,,639
2017-10-01,佐賀県,-,-,-,食品,-,,134
2017-10-01,長崎県,-,-,-,食品,-,,218
2017-10-01,熊本県,-,-,-,食品,-,,237
2017-10-01,大分県,-,-,-,食品,-,,209
2017-10-01,宮崎県,-,-,-,食品,-,,198
2017-10-01,鹿児島県,-,-,-,食品,-,,342
2017-10-01,沖縄県,-,-,-,食品,-,,253
2017-11-01,北海道,-,-,-,食品,-,,1058
2017-11-01,青森県,-,-,-,食品,-,,219
2017-11-01,岩手県,-,-,-,食品,-,,245
2017-11-01,宮城県,-,-,-,食品,-,,355
2017-11-01,秋田県,-,-,-,食品,-,,155
2017-11-01,山形県,-,-,-,食品,-,,219
2017-11-01,福島県,-,-,-,食品,-,,343
2017-11-01,茨城県,-,-,-,食品,-,,430
2017-11-01,栃木県,-,-,-,食品,-,,297
2017-11-01,群馬県,-,-,-,食品,-,,241
2017-11-01,埼玉県,-,-,-,食品,-,,1061
2017-11-01,千葉県,-,-,-,食品,-,,876
2017-11-01,東京都,-,-,-,食品,-,,2526
2017-11-01,神奈川県,-,-,-,食品,-,,1363
2017-11-01,新潟県,-,-,-,食品,-,,381
2017-11-01,山梨県,-,-,-,食品,-,,128
2017-11-01,長野県,-,-,-,食品,-,,290
2017-11-01,富山県,-,-,-,食品,-,,143
2017-11-01,石川県,-,-,-,食品,-,,189
2017-11-01,福井県,-,-,-,食品,-,,136
2017-11-01,岐阜県,-,-,-,食品,-,,250
2017-11-01,静岡県,-,-,-,食品,-,,572
2017-11-01,愛知県,-,-,-,食品,-,,909
2017-11-01,三重県,-,-,-,食品,-,,272
2017-11-01,滋賀県,-,-,-,食品,-,,181
2017-11-01,京都府,-,-,-,食品,-,,395
2017-11-01,大阪府,-,-,-,食品,-,,1244
2017-11-01,兵庫県,-,-,-,食品,-,,858
2017-11-01,奈良県,-,-,-,食品,-,,191
2017-11-01,和歌山県,-,-,-,食品,-,,165
2017-11-01,鳥取県,-,-,-,食品,-,,97
2017-11-01,島根県,-,-,-,食品,-,,163
2017-11-01,岡山県,-,-,-,食品,-,,353
2017-11-01,広島県,-,-,-,食品,-,,502
2017-11-01,山口県,-,-,-,食品,-,,245
2017-11-01,徳島県,-,-,-,食品,-,,156
2017-11-01,香川県,-,-,-,食品,-,,174
2017-11-01,愛媛県,-,-,-,食品,-,,261
2017-11-01,高知県,-,-,-,食品,-,,169
2017-11-01,福岡県,-,-,-,食品,-,,636
2017-11-01,佐賀県,-,-,-,食品,-,,133
2017-11-01,長崎県,-,-,-,食品,-,,218
2017-11-01,熊本県,-,-,-,食品,-,,237
2017-11-01,大分県,-,-,-,食品,-,,207
2017-11-01,宮崎県,-,-,-,食品,-,,198
2017-11-01,鹿児島県,-,-,-,食品,-,,342
2017-11-01,沖縄県,-,-,-,食品,-,,252
2017-12-01,北海道,-,-,-,食品,-,,1062
2017-12-01,青森県,-,-,-,食品,-,,219
2017-12-01,岩手県,-,-,-,食品,-,,249
2017-12-01,宮城県,-,-,-,食品,-,,355
2017-12-01,秋田県,-,-,-,食品,-,,155
2017-12-01,山形県,-,-,-,食品,-,,219
2017-12-01,福島県,-,-,-,食品,-,,345
2017-12-01,茨城県,-,-,-,食品,-,,432
2017-12-01,栃木県,-,-,-,食品,-,,294
2017-12-01,群馬県,-,-,-,食品,-,,241
2017-12-01,埼玉県,-,-,-,食品,-,,1065
2017-12-01,千葉県,-,-,-,食品,-,,882
2017-12-01,東京都,-,-,-,食品,-,,2531
2017-12-01,神奈川県,-,-,-,食品,-,,1357
2017-12-01,新潟県,-,-,-,食品,-,,378
2017-12-01,山梨県,-,-,-,食品,-,,117
2017-12-01,長野県,-,-,-,食品,-,,288
2017-12-01,富山県,-,-,-,食品,-,,143
2017-12-01,石川県,-,-,-,食品,-,,189
2017-12-01,福井県,-,-,-,食品,-,,136
2017-12-01,岐阜県,-,-,-,食品,-,,251
2017-12-01,静岡県,-,-,-,食品,-,,575
2017-12-01,愛知県,-,-,-,食品,-,,909
2017-12-01,三重県,-,-,-,食品,-,,271
2017-12-01,滋賀県,-,-,-,食品,-,,181
2017-12-01,京都府,-,-,-,食品,-,,394
2017-12-01,大阪府,-,-,-,食品,-,,1246
2017-12-01,兵庫県,-,-,-,食品,-,,858
2017-12-01,奈良県,-,-,-,食品,-,,192
2017-12-01,和歌山県,-,-,-,食品,-,,165
2017-12-01,鳥取県,-,-,-,食品,-,,97
2017-12-01,島根県,-,-,-,食品,-,,163
2017-12-01,岡山県,-,-,-,食品,-,,352
2017-12-01,広島県,-,-,-,食品,-,,504
2017-12-01,山口県,-,-,-,食品,-,,245
2017-12-01,徳島県,-,-,-,食品,-,,154
2017-12-01,香川県,-,-,-,食品,-,,175
2017-12-01,愛媛県,-,-,-,食品,-,,258
2017-12-01,高知県,-,-,-,食品,-,,169
2017-12-01,福岡県,-,-,-,食品,-,,636
2017-12-01,佐賀県,-,-,-,食品,-,,133
2017-12-01,長崎県,-,-,-,食品,-,,219
2017-12-01,熊本県,-,-,-,食品,-,,237
2017-12-01,大分県,-,-,-,食品,-,,206
2017-12-01,宮崎県,-,-,-,食品,-,,199
2017-12-01,鹿児島県,-,-,-,食品,-,,343
2017-12-01,沖縄県,-,-,-,食品,-,,254
2018-01-01,北海道,-,-,-,食品,-,,1063
2018-01-01,青森県,-,-,-,食品,-,,219
2018-01-01,岩手県,-,-,-,食品,-,,250
2018-01-01,宮城県,-,-,-,食品,-,,356
2018-01-01,秋田県,-,-,-,食品,-,,154
2018-01-01,山形県,-,-,-,食品,-,,219
2018-01-01,福島県,-,-,-,食品,-,,344
2018-01-01,茨城県,-,-,-,食品,-,,437
2018-01-01,栃木県,-,-,-,食品,-,,293
2018-01-01,群馬県,-,-,-,食品,-,,245
2018-01-01,埼玉県,-,-,-,食品,-,,1070
2018-01-01,千葉県,-,-,-,食品,-,,880
2018-01-01,東京都,-,-,-,食品,-,,2529
2018-01-01,神奈川県,-,-,-,食品,-,,1346
2018-01-01,新潟県,-,-,-,食品,-,,379
2018-01-01,山梨県,-,-,-,食品,-,,117
2018-01-01,長野県,-,-,-,食品,-,,290
2018-01-01,富山県,-,-,-,食品,-,,144
2018-01-01,石川県,-,-,-,食品,-,,189
2018-01-01,福井県,-,-,-,食品,-,,135
2018-01-01,岐阜県,-,-,-,食品,-,,252
2018-01-01,静岡県,-,-,-,食品,-,,575
2018-01-01,愛知県,-,-,-,食品,-,,905
2018-01-01,三重県,-,-,-,食品,-,,271
2018-01-01,滋賀県,-,-,-,食品,-,,180
2018-01-01,京都府,-,-,-,食品,-,,396
2018-01-01,大阪府,-,-,-,食品,-,,1246
2018-01-01,兵庫県,-,-,-,食品,-,,857
2018-01-01,奈良県,-,-,-,食品,-,,192
2018-01-01,和歌山県,-,-,-,食品,-,,163
2018-01-01,鳥取県,-,-,-,食品,-,,97
2018-01-01,島根県,-,-,-,食品,-,,165
2018-01-01,岡山県,-,-,-,食品,-,,352
2018-01-01,広島県,-,-,-,食品,-,,504
2018-01-01,山口県,-,-,-,食品,-,,245
2018-01-01,徳島県,-,-,-,食品,-,,151
2018-01-01,香川県,-,-,-,食品,-,,174
2018-01-01,愛媛県,-,-,-,食品,-,,258
2018-01-01,高知県,-,-,-,食品,-,,172
2018-01-01,福岡県,-,-,-,食品,-,,634
2018-01-01,佐賀県,-,-,-,食品,-,,133
2018-01-01,長崎県,-,-,-,食品,-,,221
2018-01-01,熊本県,-,-,-,食品,-,,236
2018-01-01,大分県,-,-,-,食品,-,,207
2018-01-01,宮崎県,-,-,-,食品,-,,200
2018-01-01,鹿児島県,-,-,-,食品,-,,343
2018-01-01,沖縄県,-,-,-,食品,-,,262
2018-02-01,北海道,-,-,-,食品,-,,1061
2018-02-01,青森県,-,-,-,食品,-,,219
2018-02-01,岩手県,-,-,-,食品,-,,251
2018-02-01,宮城県,-,-,-,食品,-,,358
2018-02-01,秋田県,-,-,-,食品,-,,154
2018-02-01,山形県,-,-,-,食品,-,,219
2018-02-01,福島県,-,-,-,食品,-,,343
2018-02-01,茨城県,-,-,-,食品,-,,436
2018-02-01,栃木県,-,-,-,食品,-,,294
2018-02-01,群馬県,-,-,-,食品,-,,245
2018-02-01,埼玉県,-,-,-,食品,-,,1069
2018-02-01,千葉県,-,-,-,食品,-,,880
2018-02-01,東京都,-,-,-,食品,-,,2519
2018-02-01,神奈川県,-,-,-,食品,-,,1344
2018-02-01,新潟県,-,-,-,食品,-,,379
2018-02-01,山梨県,-,-,-,食品,-,,119
2018-02-01,長野県,-,-,-,食品,-,,291
2018-02-01,富山県,-,-,-,食品,-,,143
2018-02-01,石川県,-,-,-,食品,-,,189
2018-02-01,福井県,-,-,-,食品,-,,134
2018-02-01,岐阜県,-,-,-,食品,-,,250
2018-02-01,静岡県,-,-,-,食品,-,,575
2018-02-01,愛知県,-,-,-,食品,-,,911
2018-02-01,三重県,-,-,-,食品,-,,270
2018-02-01,滋賀県,-,-,-,食品,-,,180
2018-02-01,京都府,-,-,-,食品,-,,395
2018-02-01,大阪府,-,-,-,食品,-,,1244
2018-02-01,兵庫県,-,-,-,食品,-,,858
2018-02-01,奈良県,-,-,-,食品,-,,191
2018-02-01,和歌山県,-,-,-,食品,-,,163
2018-02-01,鳥取県,-,-,-,食品,-,,97
2018-02-01,島根県,-,-,-,食品,-,,165
2018-02-01,岡山県,-,-,-,食品,-,,351
2018-02-01,広島県,-,-,-,食品,-,,501
2018-02-01,山口県,-,-,-,食品,-,,245
2018-02-01,徳島県,-,-,-,食品,-,,151
2018-02-01,香川県,-,-,-,食品,-,,173
2018-02-01,愛媛県,-,-,-,食品,-,,259
2018-02-01,高知県,-,-,-,食品,-,,172
2018-02-01,福岡県,-,-,-,食品,-,,635
2018-02-01,佐賀県,-,-,-,食品,-,,133
2018-02-01,長崎県,-,-,-,食品,-,,221
2018-02-01,熊本県,-,-,-,食品,-,,236
2018-02-01,大分県,-,-,-,食品,-,,205
2018-02-01,宮崎県,-,-,-,食品,-,,199
2018-02-01,鹿児島県,-,-,-,食品,-,,343
2018-02-01,沖縄県,-,-,-,食品,-,,260
2018-03-01,北海道,-,-,-,食品,-,,1061
2018-03-01,青森県,-,-,-,食品,-,,219
2018-03-01,岩手県,-,-,-,食品,-,,249
2018-03-01,宮城県,-,-,-,食品,-,,358
2018-03-01,秋田県,-,-,-,食品,-,,154
2018-03-01,山形県,-,-,-,食品,-,,220
2018-03-01,福島県,-,-,-,食品,-,,342
2018-03-01,茨城県,-,-,-,食品,-,,436
2018-03-01,栃木県,-,-,-,食品,-,,294
2018-03-01,群馬県,-,-,-,食品,-,,244
2018-03-01,埼玉県,-,-,-,食品,-,,1069
2018-03-01,千葉県,-,-,-,食品,-,,881
2018-03-01,東京都,-,-,-,食品,-,,2524
2018-03-01,神奈川県,-,-,-,食品,-,,1351
2018-03-01,新潟県,-,-,-,食品,-,,380
2018-03-01,山梨県,-,-,-,食品,-,,119
2018-03-01,長野県,-,-,-,食品,-,,286
2018-03-01,富山県,-,-,-,食品,-,,142
2018-03-01,石川県,-,-,-,食品,-,,188
2018-03-01,福井県,-,-,-,食品,-,,130
2018-03-01,岐阜県,-,-,-,食品,-,,248
2018-03-01,静岡県,-,-,-,食品,-,,577
2018-03-01,愛知県,-,-,-,食品,-,,910
2018-03-01,三重県,-,-,-,食品,-,,271
2018-03-01,滋賀県,-,-,-,食品,-,,179
2018-03-01,京都府,-,-,-,食品,-,,394
2018-03-01,大阪府,-,-,-,食品,-,,1243
2018-03-01,兵庫県,-,-,-,食品,-,,861
2018-03-01,奈良県,-,-,-,食品,-,,194
2018-03-01,和歌山県,-,-,-,食品,-,,163
2018-03-01,鳥取県,-,-,-,食品,-,,97
2018-03-01,島根県,-,-,-,食品,-,,165
2018-03-01,岡山県,-,-,-,食品,-,,351
2018-03-01,広島県,-,-,-,食品,-,,501
2018-03-01,山口県,-,-,-,食品,-,,245
2018-03-01,徳島県,-,-,-,食品,-,,149
2018-03-01,香川県,-,-,-,食品,-,,173
2018-03-01,愛媛県,-,-,-,食品,-,,259
2018-03-01,高知県,-,-,-,食品,-,,172
2018-03-01,福岡県,-,-,-,食品,-,,634
2018-03-01,佐賀県,-,-,-,食品,-,,133
2018-03-01,長崎県,-,-,-,食品,-,,221
2018-03-01,熊本県,-,-,-,食品,-,,236
2018-03-01,大分県,-,-,-,食品,-,,204
2018-03-01,宮崎県,-,-,-,食品,-,,200
2018-03-01,鹿児島県,-,-,-,食品,-,,343
2018-03-01,沖縄県,-,-,-,食品,-,,262
2018-04-01,北海道,-,-,-,食品,-,,1065
2018-04-01,青森県,-,-,-,食品,-,,220
2018-04-01,岩手県,-,-,-,食品,-,,248
2018-04-01,宮城県,-,-,-,食品,-,,361
2018-04-01,秋田県,-,-,-,食品,-,,155
2018-04-01,山形県,-,-,-,食品,-,,220
2018-04-01,福島県,-,-,-,食品,-,,342
2018-04-01,茨城県,-,-,-,食品,-,,433
2018-04-01,栃木県,-,-,-,食品,-,,294
2018-04-01,群馬県,-,-,-,食品,-,,244
2018-04-01,埼玉県,-,-,-,食品,-,,1070
2018-04-01,千葉県,-,-,-,食品,-,,884
2018-04-01,東京都,-,-,-,食品,-,,2542
2018-04-01,神奈川県,-,-,-,食品,-,,1352
2018-04-01,新潟県,-,-,-,食品,-,,381
2018-04-01,山梨県,-,-,-,食品,-,,119
2018-04-01,長野県,-,-,-,食品,-,,286
2018-04-01,富山県,-,-,-,食品,-,,144
2018-04-01,石川県,-,-,-,食品,-,,188
2018-04-01,福井県,-,-,-,食品,-,,130
2018-04-01,岐阜県,-,-,-,食品,-,,248
2018-04-01,静岡県,-,-,-,食品,-,,578
2018-04-01,愛知県,-,-,-,食品,-,,909
2018-04-01,三重県,-,-,-,食品,-,,273
2018-04-01,滋賀県,-,-,-,食品,-,,179
2018-04-01,京都府,-,-,-,食品,-,,395
2018-04-01,大阪府,-,-,-,食品,-,,1246
2018-04-01,兵庫県,-,-,-,食品,-,,862
2018-04-01,奈良県,-,-,-,食品,-,,193
2018-04-01,和歌山県,-,-,-,食品,-,,164
2018-04-01,鳥取県,-,-,-,食品,-,,96
2018-04-01,島根県,-,-,-,食品,-,,165
2018-04-01,岡山県,-,-,-,食品,-,,352
2018-04-01,広島県,-,-,-,食品,-,,501
2018-04-01,山口県,-,-,-,食品,-,,246
2018-04-01,徳島県,-,-,-,食品,-,,149
2018-04-01,香川県,-,-,-,食品,-,,174
2018-04-01,愛媛県,-,-,-,食品,-,,259
2018-04-01,高知県,-,-,-,食品,-,,172
2018-04-01,福岡県,-,-,-,食品,-,,635
2018-04-01,佐賀県,-,-,-,食品,-,,133
2018-04-01,長崎県,-,-,-,食品,-,,220
2018-04-01,熊本県,-,-,-,食品,-,,237
2018-04-01,大分県,-,-,-,食品,-,,204
2018-04-01,宮崎県,-,-,-,食品,-,,200
2018-04-01,鹿児島県,-,-,-,食品,-,,343
2018-04-01,沖縄県,-,-,-,食品,-,,262
2018-05-01,北海道,-,-,-,食品,-,,1065
2018-05-01,青森県,-,-,-,食品,-,,219
2018-05-01,岩手県,-,-,-,食品,-,,249
2018-05-01,宮城県,-,-,-,食品,-,,360
2018-05-01,秋田県,-,-,-,食品,-,,155
2018-05-01,山形県,-,-,-,食品,-,,220
2018-05-01,福島県,-,-,-,食品,-,,342
2018-05-01,茨城県,-,-,-,食品,-,,433
2018-05-01,栃木県,-,-,-,食品,-,,294
2018-05-01,群馬県,-,-,-,食品,-,,244
2018-05-01,埼玉県,-,-,-,食品,-,,1074
2018-05-01,千葉県,-,-,-,食品,-,,884
2018-05-01,東京都,-,-,-,食品,-,,2551
2018-05-01,神奈川県,-,-,-,食品,-,,1355
2018-05-01,新潟県,-,-,-,食品,-,,381
2018-05-01,山梨県,-,-,-,食品,-,,119
2018-05-01,長野県,-,-,-,食品,-,,285
2018-05-01,富山県,-,-,-,食品,-,,143
2018-05-01,石川県,-,-,-,食品,-,,188
2018-05-01,福井県,-,-,-,食品,-,,133
2018-05-01,岐阜県,-,-,-,食品,-,,247
2018-05-01,静岡県,-,-,-,食品,-,,579
2018-05-01,愛知県,-,-,-,食品,-,,908
2018-05-01,三重県,-,-,-,食品,-,,273
2018-05-01,滋賀県,-,-,-,食品,-,,182
2018-05-01,京都府,-,-,-,食品,-,,393
2018-05-01,大阪府,-,-,-,食品,-,,1249
2018-05-01,兵庫県,-,-,-,食品,-,,864
2018-05-01,奈良県,-,-,-,食品,-,,192
2018-05-01,和歌山県,-,-,-,食品,-,,164
2018-05-01,鳥取県,-,-,-,食品,-,,96
2018-05-01,島根県,-,-,-,食品,-,,165
2018-05-01,岡山県,-,-,-,食品,-,,352
2018-05-01,広島県,-,-,-,食品,-,,502
2018-05-01,山口県,-,-,-,食品,-,,244
2018-05-01,徳島県,-,-,-,食品,-,,149
2018-05-01,香川県,-,-,-,食品,-,,177
2018-05-01,愛媛県,-,-,-,食品,-,,259
2018-05-01,高知県,-,-,-,食品,-,,173
2018-05-01,福岡県,-,-,-,食品,-,,634
2018-05-01,佐賀県,-,-,-,食品,-,,133
2018-05-01,長崎県,-,-,-,食品,-,,220
2018-05-01,熊本県,-,-,-,食品,-,,237
2018-05-01,大分県,-,-,-,食品,-,,204
2018-05-01,宮崎県,-,-,-,食品,-,,200
2018-05-01,鹿児島県,-,-,-,食品,-,,344
2018-05-01,沖縄県,-,-,-,食品,-,,263
2018-06-01,北海道,-,-,-,食品,-,,1063
2018-06-01,青森県,-,-,-,食品,-,,219
2018-06-01,岩手県,-,-,-,食品,-,,249
2018-06-01,宮城県,-,-,-,食品,-,,361
2018-06-01,秋田県,-,-,-,食品,-,,155
2018-06-01,山形県,-,-,-,食品,-,,221
2018-06-01,福島県,-,-,-,食品,-,,346
2018-06-01,茨城県,-,-,-,食品,-,,434
2018-06-01,栃木県,-,-,-,食品,-,,294
2018-06-01,群馬県,-,-,-,食品,-,,244
2018-06-01,埼玉県,-,-,-,食品,-,,1078
2018-06-01,千葉県,-,-,-,食品,-,,885
2018-06-01,東京都,-,-,-,食品,-,,2559
2018-06-01,神奈川県,-,-,-,食品,-,,1362
2018-06-01,新潟県,-,-,-,食品,-,,382
2018-06-01,山梨県,-,-,-,食品,-,,120
2018-06-01,長野県,-,-,-,食品,-,,285
2018-06-01,富山県,-,-,-,食品,-,,144
2018-06-01,石川県,-,-,-,食品,-,,188
2018-06-01,福井県,-,-,-,食品,-,,133
2018-06-01,岐阜県,-,-,-,食品,-,,247
2018-06-01,静岡県,-,-,-,食品,-,,580
2018-06-01,愛知県,-,-,-,食品,-,,909
2018-06-01,三重県,-,-,-,食品,-,,273
2018-06-01,滋賀県,-,-,-,食品,-,,182
2018-06-01,京都府,-,-,-,食品,-,,395
2018-06-01,大阪府,-,-,-,食品,-,,1247
2018-06-01,兵庫県,-,-,-,食品,-,,865
2018-06-01,奈良県,-,-,-,食品,-,,192
2018-06-01,和歌山県,-,-,-,食品,-,,164
2018-06-01,鳥取県,-,-,-,食品,-,,96
2018-06-01,島根県,-,-,-,食品,-,,164
2018-06-01,岡山県,-,-,-,食品,-,,352
2018-06-01,広島県,-,-,-,食品,-,,503
2018-06-01,山口県,-,-,-,食品,-,,244
2018-06-01,徳島県,-,-,-,食品,-,,149
2018-06-01,香川県,-,-,-,食品,-,,178
2018-06-01,愛媛県,-,-,-,食品,-,,257
2018-06-01,高知県,-,-,-,食品,-,,173
2018-06-01,福岡県,-,-,-,食品,-,,635
2018-06-01,佐賀県,-,-,-,食品,-,,133
2018-06-01,長崎県,-,-,-,食品,-,,220
2018-06-01,熊本県,-,-,-,食品,-,,236
2018-06-01,大分県,-,-,-,食品,-,,204
2018-06-01,宮崎県,-,-,-,食品,-,,200
2018-06-01,鹿児島県,-,-,-,食品,-,,344
2018-06-01,沖縄県,-,-,-,食品,-,,263
2018-07-01,北海道,-,-,-,食品,-,,1062
2018-07-01,青森県,-,-,-,食品,-,,220
2018-07-01,岩手県,-,-,-,食品,-,,249
2018-07-01,宮城県,-,-,-,食品,-,,360
2018-07-01,秋田県,-,-,-,食品,-,,155
2018-07-01,山形県,-,-,-,食品,-,,221
2018-07-01,福島県,-,-,-,食品,-,,348
2018-07-01,茨城県,-,-,-,食品,-,,436
2018-07-01,栃木県,-,-,-,食品,-,,293
2018-07-01,群馬県,-,-,-,食品,-,,244
2018-07-01,埼玉県,-,-,-,食品,-,,1080
2018-07-01,千葉県,-,-,-,食品,-,,888
2018-07-01,東京都,-,-,-,食品,-,,2562
2018-07-01,神奈川県,-,-,-,食品,-,,1365
2018-07-01,新潟県,-,-,-,食品,-,,383
2018-07-01,山梨県,-,-,-,食品,-,,120
2018-07-01,長野県,-,-,-,食品,-,,285
2018-07-01,富山県,-,-,-,食品,-,,145
2018-07-01,石川県,-,-,-,食品,-,,187
2018-07-01,福井県,-,-,-,食品,-,,135
2018-07-01,岐阜県,-,-,-,食品,-,,247
2018-07-01,静岡県,-,-,-,食品,-,,583
2018-07-01,愛知県,-,-,-,食品,-,,907
2018-07-01,三重県,-,-,-,食品,-,,272
2018-07-01,滋賀県,-,-,-,食品,-,,182
2018-07-01,京都府,-,-,-,食品,-,,399
2018-07-01,大阪府,-,-,-,食品,-,,1248
2018-07-01,兵庫県,-,-,-,食品,-,,867
2018-07-01,奈良県,-,-,-,食品,-,,192
2018-07-01,和歌山県,-,-,-,食品,-,,167
2018-07-01,鳥取県,-,-,-,食品,-,,96
2018-07-01,島根県,-,-,-,食品,-,,164
2018-07-01,岡山県,-,-,-,食品,-,,352
2018-07-01,広島県,-,-,-,食品,-,,504
2018-07-01,山口県,-,-,-,食品,-,,243
2018-07-01,徳島県,-,-,-,食品,-,,149
2018-07-01,香川県,-,-,-,食品,-,,179
2018-07-01,愛媛県,-,-,-,食品,-,,257
2018-07-01,高知県,-,-,-,食品,-,,173
2018-07-01,福岡県,-,-,-,食品,-,,635
2018-07-01,佐賀県,-,-,-,食品,-,,130
2018-07-01,長崎県,-,-,-,食品,-,,220
2018-07-01,熊本県,-,-,-,食品,-,,236
2018-07-01,大分県,-,-,-,食品,-,,203
2018-07-01,宮崎県,-,-,-,食品,-,,200
2018-07-01,鹿児島県,-,-,-,食品,-,,344
2018-07-01,沖縄県,-,-,-,食品,-,,262
2018-08-01,北海道,-,-,-,食品,-,,1062
2018-08-01,青森県,-,-,-,食品,-,,221
2018-08-01,岩手県,-,-,-,食品,-,,249
2018-08-01,宮城県,-,-,-,食品,-,,360
2018-08-01,秋田県,-,-,-,食品,-,,156
2018-08-01,山形県,-,-,-,食品,-,,221
2018-08-01,福島県,-,-,-,食品,-,,348
2018-08-01,茨城県,-,-,-,食品,-,,435
2018-08-01,栃木県,-,-,-,食品,-,,294
2018-08-01,群馬県,-,-,-,食品,-,,244
2018-08-01,埼玉県,-,-,-,食品,-,,1078
2018-08-01,千葉県,-,-,-,食品,-,,888
2018-08-01,東京都,-,-,-,食品,-,,2570
2018-08-01,神奈川県,-,-,-,食品,-,,1365
2018-08-01,新潟県,-,-,-,食品,-,,382
2018-08-01,山梨県,-,-,-,食品,-,,120
2018-08-01,長野県,-,-,-,食品,-,,285
2018-08-01,富山県,-,-,-,食品,-,,145
2018-08-01,石川県,-,-,-,食品,-,,187
2018-08-01,福井県,-,-,-,食品,-,,135
2018-08-01,岐阜県,-,-,-,食品,-,,247
2018-08-01,静岡県,-,-,-,食品,-,,583
2018-08-01,愛知県,-,-,-,食品,-,,905
2018-08-01,三重県,-,-,-,食品,-,,273
2018-08-01,滋賀県,-,-,-,食品,-,,182
2018-08-01,京都府,-,-,-,食品,-,,398
2018-08-01,大阪府,-,-,-,食品,-,,1248
2018-08-01,兵庫県,-,-,-,食品,-,,865
2018-08-01,奈良県,-,-,-,食品,-,,192
2018-08-01,和歌山県,-,-,-,食品,-,,167
2018-08-01,鳥取県,-,-,-,食品,-,,95
2018-08-01,島根県,-,-,-,食品,-,,164
2018-08-01,岡山県,-,-,-,食品,-,,353
2018-08-01,広島県,-,-,-,食品,-,,496
2018-08-01,山口県,-,-,-,食品,-,,243
2018-08-01,徳島県,-,-,-,食品,-,,149
2018-08-01,香川県,-,-,-,食品,-,,179
2018-08-01,愛媛県,-,-,-,食品,-,,256
2018-08-01,高知県,-,-,-,食品,-,,173
2018-08-01,福岡県,-,-,-,食品,-,,634
2018-08-01,佐賀県,-,-,-,食品,-,,130
2018-08-01,長崎県,-,-,-,食品,-,,220
2018-08-01,熊本県,-,-,-,食品,-,,241
2018-08-01,大分県,-,-,-,食品,-,,204
2018-08-01,宮崎県,-,-,-,食品,-,,200
2018-08-01,鹿児島県,-,-,-,食品,-,,344
2018-08-01,沖縄県,-,-,-,食品,-,,263
2018-09-01,北海道,-,-,-,食品,-,,1061
2018-09-01,青森県,-,-,-,食品,-,,221
2018-09-01,岩手県,-,-,-,食品,-,,247
2018-09-01,宮城県,-,-,-,食品,-,,359
2018-09-01,秋田県,-,-,-,食品,-,,156
2018-09-01,山形県,-,-,-,食品,-,,222
2018-09-01,福島県,-,-,-,食品,-,,349
2018-09-01,茨城県,-,-,-,食品,-,,435
2018-09-01,栃木県,-,-,-,食品,-,,292
2018-09-01,群馬県,-,-,-,食品,-,,244
2018-09-01,埼玉県,-,-,-,食品,-,,1078
2018-09-01,千葉県,-,-,-,食品,-,,888
2018-09-01,東京都,-,-,-,食品,-,,2573
2018-09-01,神奈川県,-,-,-,食品,-,,1367
2018-09-01,新潟県,-,-,-,食品,-,,383
2018-09-01,山梨県,-,-,-,食品,-,,119
2018-09-01,長野県,-,-,-,食品,-,,286
2018-09-01,富山県,-,-,-,食品,-,,146
2018-09-01,石川県,-,-,-,食品,-,,187
2018-09-01,福井県,-,-,-,食品,-,,134
2018-09-01,岐阜県,-,-,-,食品,-,,245
2018-09-01,静岡県,-,-,-,食品,-,,584
2018-09-01,愛知県,-,-,-,食品,-,,904
2018-09-01,三重県,-,-,-,食品,-,,274
2018-09-01,滋賀県,-,-,-,食品,-,,181
2018-09-01,京都府,-,-,-,食品,-,,398
2018-09-01,大阪府,-,-,-,食品,-,,1249
2018-09-01,兵庫県,-,-,-,食品,-,,867
2018-09-01,奈良県,-,-,-,食品,-,,192
2018-09-01,和歌山県,-,-,-,食品,-,,167
2018-09-01,鳥取県,-,-,-,食品,-,,95
2018-09-01,島根県,-,-,-,食品,-,,164
2018-09-01,岡山県,-,-,-,食品,-,,352
2018-09-01,広島県,-,-,-,食品,-,,497
2018-09-01,山口県,-,-,-,食品,-,,242
2018-09-01,徳島県,-,-,-,食品,-,,149
2018-09-01,香川県,-,-,-,食品,-,,179
2018-09-01,愛媛県,-,-,-,食品,-,,255
2018-09-01,高知県,-,-,-,食品,-,,167
2018-09-01,福岡県,-,-,-,食品,-,,672
2018-09-01,佐賀県,-,-,-,食品,-,,130
2018-09-01,長崎県,-,-,-,食品,-,,220
2018-09-01,熊本県,-,-,-,食品,-,,241
2018-09-01,大分県,-,-,-,食品,-,,203
2018-09-01,宮崎県,-,-,-,食品,-,,202
2018-09-01,鹿児島県,-,-,-,食品,-,,339
2018-09-01,沖縄県,-,-,-,食品,-,,263
2018-10-01,北海道,-,-,-,食品,-,,1063
2018-10-01,青森県,-,-,-,食品,-,,220
2018-10-01,岩手県,-,-,-,食品,-,,248
2018-10-01,宮城県,-,-,-,食品,-,,366
2018-10-01,秋田県,-,-,-,食品,-,,157
2018-10-01,山形県,-,-,-,食品,-,,222
2018-10-01,福島県,-,-,-,食品,-,,350
2018-10-01,茨城県,-,-,-,食品,-,,440
2018-10-01,栃木県,-,-,-,食品,-,,295
2018-10-01,群馬県,-,-,-,食品,-,,247
2018-10-01,埼玉県,-,-,-,食品,-,,1088
2018-10-01,千葉県,-,-,-,食品,-,,890
2018-10-01,東京都,-,-,-,食品,-,,2593
2018-10-01,神奈川県,-,-,-,食品,-,,1385
2018-10-01,新潟県,-,-,-,食品,-,,384
2018-10-01,山梨県,-,-,-,食品,-,,121
2018-10-01,長野県,-,-,-,食品,-,,286
2018-10-01,富山県,-,-,-,食品,-,,147
2018-10-01,石川県,-,-,-,食品,-,,186
2018-10-01,福井県,-,-,-,食品,-,,133
2018-10-01,岐阜県,-,-,-,食品,-,,248
2018-10-01,静岡県,-,-,-,食品,-,,589
2018-10-01,愛知県,-,-,-,食品,-,,906
2018-10-01,三重県,-,-,-,食品,-,,275
2018-10-01,滋賀県,-,-,-,食品,-,,183
2018-10-01,京都府,-,-,-,食品,-,,413
2018-10-01,大阪府,-,-,-,食品,-,,1261
2018-10-01,兵庫県,-,-,-,食品,-,,870
2018-10-01,奈良県,-,-,-,食品,-,,192
2018-10-01,和歌山県,-,-,-,食品,-,,169
2018-10-01,鳥取県,-,-,-,食品,-,,96
2018-10-01,島根県,-,-,-,食品,-,,166
2018-10-01,岡山県,-,-,-,食品,-,,354
2018-10-01,広島県,-,-,-,食品,-,,504
2018-10-01,山口県,-,-,-,食品,-,,241
2018-10-01,徳島県,-,-,-,食品,-,,151
2018-10-01,香川県,-,-,-,食品,-,,181
2018-10-01,愛媛県,-,-,-,食品,-,,256
2018-10-01,高知県,-,-,-,食品,-,,167
2018-10-01,福岡県,-,-,-,食品,-,,675
2018-10-01,佐賀県,-,-,-,食品,-,,132
2018-10-01,長崎県,-,-,-,食品,-,,218
2018-10-01,熊本県,-,-,-,食品,-,,241
2018-10-01,大分県,-,-,-,食品,-,,205
2018-10-01,宮崎県,-,-,-,食品,-,,204
2018-10-01,鹿児島県,-,-,-,食品,-,,341
2018-10-01,沖縄県,-,-,-,食品,-,,266
2018-11-01,北海道,-,-,-,食品,-,,1058
2018-11-01,青森県,-,-,-,食品,-,,220
2018-11-01,岩手県,-,-,-,食品,-,,249
2018-11-01,宮城県,-,-,-,食品,-,,365
2018-11-01,秋田県,-,-,-,食品,-,,155
2018-11-01,山形県,-,-,-,食品,-,,222
2018-11-01,福島県,-,-,-,食品,-,,349
2018-11-01,茨城県,-,-,-,食品,-,,442
2018-11-01,栃木県,-,-,-,食品,-,,295
2018-11-01,群馬県,-,-,-,食品,-,,247
2018-11-01,埼玉県,-,-,-,食品,-,,1090
2018-11-01,千葉県,-,-,-,食品,-,,890
2018-11-01,東京都,-,-,-,食品,-,,2604
2018-11-01,神奈川県,-,-,-,食品,-,,1390
2018-11-01,新潟県,-,-,-,食品,-,,386
2018-11-01,山梨県,-,-,-,食品,-,,121
2018-11-01,長野県,-,-,-,食品,-,,287
2018-11-01,富山県,-,-,-,食品,-,,148
2018-11-01,石川県,-,-,-,食品,-,,186
2018-11-01,福井県,-,-,-,食品,-,,133
2018-11-01,岐阜県,-,-,-,食品,-,,249
2018-11-01,静岡県,-,-,-,食品,-,,594
2018-11-01,愛知県,-,-,-,食品,-,,909
2018-11-01,三重県,-,-,-,食品,-,,274
2018-11-01,滋賀県,-,-,-,食品,-,,185
2018-11-01,京都府,-,-,-,食品,-,,411
2018-11-01,大阪府,-,-,-,食品,-,,1267
2018-11-01,兵庫県,-,-,-,食品,-,,876
2018-11-01,奈良県,-,-,-,食品,-,,192
2018-11-01,和歌山県,-,-,-,食品,-,,168
2018-11-01,鳥取県,-,-,-,食品,-,,97
2018-11-01,島根県,-,-,-,食品,-,,170
2018-11-01,岡山県,-,-,-,食品,-,,357
2018-11-01,広島県,-,-,-,食品,-,,504
2018-11-01,山口県,-,-,-,食品,-,,243
2018-11-01,徳島県,-,-,-,食品,-,,150
2018-11-01,香川県,-,-,-,食品,-,,179
2018-11-01,愛媛県,-,-,-,食品,-,,257
2018-11-01,高知県,-,-,-,食品,-,,167
2018-11-01,福岡県,-,-,-,食品,-,,675
2018-11-01,佐賀県,-,-,-,食品,-,,134
2018-11-01,長崎県,-,-,-,食品,-,,219
2018-11-01,熊本県,-,-,-,食品,-,,255
2018-11-01,大分県,-,-,-,食品,-,,210
2018-11-01,宮崎県,-,-,-,食品,-,,206
2018-11-01,鹿児島県,-,-,-,食品,-,,344
2018-11-01,沖縄県,-,-,-,食品,-,,268
2018-12-01,北海道,-,-,-,食品,-,,1057
2018-12-01,青森県,-,-,-,食品,-,,221
2018-12-01,岩手県,-,-,-,食品,-,,248
2018-12-01,宮城県,-,-,-,食品,-,,366
2018-12-01,秋田県,-,-,-,食品,-,,158
2018-12-01,山形県,-,-,-,食品,-,,223
2018-12-01,福島県,-,-,-,食品,-,,350
2018-12-01,茨城県,-,-,-,食品,-,,444
2018-12-01,栃木県,-,-,-,食品,-,,296
2018-12-01,群馬県,-,-,-,食品,-,,247
2018-12-01,埼玉県,-,-,-,食品,-,,1091
2018-12-01,千葉県,-,-,-,食品,-,,891
2018-12-01,東京都,-,-,-,食品,-,,2610
2018-12-01,神奈川県,-,-,-,食品,-,,1389
2018-12-01,新潟県,-,-,-,食品,-,,387
2018-12-01,山梨県,-,-,-,食品,-,,121
2018-12-01,長野県,-,-,-,食品,-,,287
2018-12-01,富山県,-,-,-,食品,-,,150
2018-12-01,石川県,-,-,-,食品,-,,186
2018-12-01,福井県,-,-,-,食品,-,,133
2018-12-01,岐阜県,-,-,-,食品,-,,248
2018-12-01,静岡県,-,-,-,食品,-,,590
2018-12-01,愛知県,-,-,-,食品,-,,909
2018-12-01,三重県,-,-,-,食品,-,,275
2018-12-01,滋賀県,-,-,-,食品,-,,181
2018-12-01,京都府,-,-,-,食品,-,,411
2018-12-01,大阪府,-,-,-,食品,-,,1270
2018-12-01,兵庫県,-,-,-,食品,-,,876
2018-12-01,奈良県,-,-,-,食品,-,,193
2018-12-01,和歌山県,-,-,-,食品,-,,170
2018-12-01,鳥取県,-,-,-,食品,-,,97
2018-12-01,島根県,-,-,-,食品,-,,172
2018-12-01,岡山県,-,-,-,食品,-,,358
2018-12-01,広島県,-,-,-,食品,-,,509
2018-12-01,山口県,-,-,-,食品,-,,243
2018-12-01,徳島県,-,-,-,食品,-,,150
2018-12-01,香川県,-,-,-,食品,-,,179
2018-12-01,愛媛県,-,-,-,食品,-,,258
2018-12-01,高知県,-,-,-,食品,-,,167
2018-12-01,福岡県,-,-,-,食品,-,,679
2018-12-01,佐賀県,-,-,-,食品,-,,135
2018-12-01,長崎県,-,-,-,食品,-,,219
2018-12-01,熊本県,-,-,-,食品,-,,258
2018-12-01,大分県,-,-,-,食品,-,,210
2018-12-01,宮崎県,-,-,-,食品,-,,205
2018-12-01,鹿児島県,-,-,-,食品,-,,345
2018-12-01,沖縄県,-,-,-,食品,-,,268
2019-01-01,北海道,-,-,-,食品,-,,1057
2019-01-01,青森県,-,-,-,食品,-,,220
2019-01-01,岩手県,-,-,-,食品,-,,247
2019-01-01,宮城県,-,-,-,食品,-,,365
2019-01-01,秋田県,-,-,-,食品,-,,158
2019-01-01,山形県,-,-,-,食品,-,,225
2019-01-01,福島県,-,-,-,食品,-,,352
2019-01-01,茨城県,-,-,-,食品,-,,440
2019-01-01,栃木県,-,-,-,食品,-,,293
2019-01-01,群馬県,-,-,-,食品,-,,245
2019-01-01,埼玉県,-,-,-,食品,-,,1090
2019-01-01,千葉県,-,-,-,食品,-,,889
2019-01-01,東京都,-,-,-,食品,-,,2609
2019-01-01,神奈川県,-,-,-,食品,-,,1378
2019-01-01,新潟県,-,-,-,食品,-,,387
2019-01-01,山梨県,-,-,-,食品,-,,122
2019-01-01,長野県,-,-,-,食品,-,,287
2019-01-01,富山県,-,-,-,食品,-,,151
2019-01-01,石川県,-,-,-,食品,-,,186
2019-01-01,福井県,-,-,-,食品,-,,133
2019-01-01,岐阜県,-,-,-,食品,-,,247
2019-01-01,静岡県,-,-,-,食品,-,,588
2019-01-01,愛知県,-,-,-,食品,-,,904
2019-01-01,三重県,-,-,-,食品,-,,270
2019-01-01,滋賀県,-,-,-,食品,-,,179
2019-01-01,京都府,-,-,-,食品,-,,408
2019-01-01,大阪府,-,-,-,食品,-,,1268
2019-01-01,兵庫県,-,-,-,食品,-,,878
2019-01-01,奈良県,-,-,-,食品,-,,193
2019-01-01,和歌山県,-,-,-,食品,-,,170
2019-01-01,鳥取県,-,-,-,食品,-,,96
2019-01-01,島根県,-,-,-,食品,-,,173
2019-01-01,岡山県,-,-,-,食品,-,,356
2019-01-01,広島県,-,-,-,食品,-,,506
2019-01-01,山口県,-,-,-,食品,-,,238
2019-01-01,徳島県,-,-,-,食品,-,,151
2019-01-01,香川県,-,-,-,食品,-,,179
2019-01-01,愛媛県,-,-,-,食品,-,,255
2019-01-01,高知県,-,-,-,食品,-,,168
2019-01-01,福岡県,-,-,-,食品,-,,677
2019-01-01,佐賀県,-,-,-,食品,-,,135
2019-01-01,長崎県,-,-,-,食品,-,,220
2019-01-01,熊本県,-,-,-,食品,-,,258
2019-01-01,大分県,-,-,-,食品,-,,205
2019-01-01,宮崎県,-,-,-,食品,-,,204
2019-01-01,鹿児島県,-,-,-,食品,-,,342
2019-01-01,沖縄県,-,-,-,食品,-,,268
2019-02-01,北海道,-,-,-,食品,-,,1056
2019-02-01,青森県,-,-,-,食品,-,,220
2019-02-01,岩手県,-,-,-,食品,-,,246
2019-02-01,宮城県,-,-,-,食品,-,,364
2019-02-01,秋田県,-,-,-,食品,-,,157
2019-02-01,山形県,-,-,-,食品,-,,225
2019-02-01,福島県,-,-,-,食品,-,,352
2019-02-01,茨城県,-,-,-,食品,-,,440
2019-02-01,栃木県,-,-,-,食品,-,,293
2019-02-01,群馬県,-,-,-,食品,-,,243
2019-02-01,埼玉県,-,-,-,食品,-,,1091
2019-02-01,千葉県,-,-,-,食品,-,,889
2019-02-01,東京都,-,-,-,食品,-,,2609
2019-02-01,神奈川県,-,-,-,食品,-,,1381
2019-02-01,新潟県,-,-,-,食品,-,,387
2019-02-01,山梨県,-,-,-,食品,-,,122
2019-02-01,長野県,-,-,-,食品,-,,287
2019-02-01,富山県,-,-,-,食品,-,,151
2019-02-01,石川県,-,-,-,食品,-,,185
2019-02-01,福井県,-,-,-,食品,-,,132
2019-02-01,岐阜県,-,-,-,食品,-,,248
2019-02-01,静岡県,-,-,-,食品,-,,588
2019-02-01,愛知県,-,-,-,食品,-,,903
2019-02-01,三重県,-,-,-,食品,-,,270
2019-02-01,滋賀県,-,-,-,食品,-,,181
2019-02-01,京都府,-,-,-,食品,-,,409
2019-02-01,大阪府,-,-,-,食品,-,,1271
2019-02-01,兵庫県,-,-,-,食品,-,,877
2019-02-01,奈良県,-,-,-,食品,-,,193
2019-02-01,和歌山県,-,-,-,食品,-,,171
2019-02-01,鳥取県,-,-,-,食品,-,,96
2019-02-01,島根県,-,-,-,食品,-,,172
2019-02-01,岡山県,-,-,-,食品,-,,357
2019-02-01,広島県,-,-,-,食品,-,,494
2019-02-01,山口県,-,-,-,食品,-,,237
2019-02-01,徳島県,-,-,-,食品,-,,151
2019-02-01,香川県,-,-,-,食品,-,,179
2019-02-01,愛媛県,-,-,-,食品,-,,252
2019-02-01,高知県,-,-,-,食品,-,,168
2019-02-01,福岡県,-,-,-,食品,-,,675
2019-02-01,佐賀県,-,-,-,食品,-,,135
2019-02-01,長崎県,-,-,-,食品,-,,220
2019-02-01,熊本県,-,-,-,食品,-,,258
2019-02-01,大分県,-,-,-,食品,-,,207
2019-02-01,宮崎県,-,-,-,食品,-,,204
2019-02-01,鹿児島県,-,-,-,食品,-,,342
2019-02-01,沖縄県,-,-,-,食品,-,,267
2019-03-01,北海道,-,-,-,食品,-,,1056
2019-03-01,青森県,-,-,-,食品,-,,220
2019-03-01,岩手県,-,-,-,食品,-,,247
2019-03-01,宮城県,-,-,-,食品,-,,362
2019-03-01,秋田県,-,-,-,食品,-,,157
2019-03-01,山形県,-,-,-,食品,-,,225
2019-03-01,福島県,-,-,-,食品,-,,352
2019-03-01,茨城県,-,-,-,食品,-,,441
2019-03-01,栃木県,-,-,-,食品,-,,291
2019-03-01,群馬県,-,-,-,食品,-,,243
2019-03-01,埼玉県,-,-,-,食品,-,,1087
2019-03-01,千葉県,-,-,-,食品,-,,887
2019-03-01,東京都,-,-,-,食品,-,,2617
2019-03-01,神奈川県,-,-,-,食品,-,,1391
2019-03-01,新潟県,-,-,-,食品,-,,385
2019-03-01,山梨県,-,-,-,食品,-,,121
2019-03-01,長野県,-,-,-,食品,-,,287
2019-03-01,富山県,-,-,-,食品,-,,152
2019-03-01,石川県,-,-,-,食品,-,,185
2019-03-01,福井県,-,-,-,食品,-,,132
2019-03-01,岐阜県,-,-,-,食品,-,,248
2019-03-01,静岡県,-,-,-,食品,-,,589
2019-03-01,愛知県,-,-,-,食品,-,,906
2019-03-01,三重県,-,-,-,食品,-,,270
2019-03-01,滋賀県,-,-,-,食品,-,,183
2019-03-01,京都府,-,-,-,食品,-,,414
2019-03-01,大阪府,-,-,-,食品,-,,1275
2019-03-01,兵庫県,-,-,-,食品,-,,879
2019-03-01,奈良県,-,-,-,食品,-,,193
2019-03-01,和歌山県,-,-,-,食品,-,,171
2019-03-01,鳥取県,-,-,-,食品,-,,95
2019-03-01,島根県,-,-,-,食品,-,,172
2019-03-01,岡山県,-,-,-,食品,-,,358
2019-03-01,広島県,-,-,-,食品,-,,493
2019-03-01,山口県,-,-,-,食品,-,,236
2019-03-01,徳島県,-,-,-,食品,-,,150
2019-03-01,香川県,-,-,-,食品,-,,176
2019-03-01,愛媛県,-,-,-,食品,-,,251
2019-03-01,高知県,-,-,-,食品,-,,167
2019-03-01,福岡県,-,-,-,食品,-,,672
2019-03-01,佐賀県,-,-,-,食品,-,,136
2019-03-01,長崎県,-,-,-,食品,-,,220
2019-03-01,熊本県,-,-,-,食品,-,,257
2019-03-01,大分県,-,-,-,食品,-,,206
2019-03-01,宮崎県,-,-,-,食品,-,,204
2019-03-01,鹿児島県,-,-,-,食品,-,,342
2019-03-01,沖縄県,-,-,-,食品,-,,268
2019-04-01,北海道,-,-,-,食品,-,,1053
2019-04-01,青森県,-,-,-,食品,-,,220
2019-04-01,岩手県,-,-,-,食品,-,,244
2019-04-01,宮城県,-,-,-,食品,-,,362
2019-04-01,秋田県,-,-,-,食品,-,,157
2019-04-01,山形県,-,-,-,食品,-,,225
2019-04-01,福島県,-,-,-,食品,-,,351
2019-04-01,茨城県,-,-,-,食品,-,,445
2019-04-01,栃木県,-,-,-,食品,-,,291
2019-04-01,群馬県,-,-,-,食品,-,,241
2019-04-01,埼玉県,-,-,-,食品,-,,1090
2019-04-01,千葉県,-,-,-,食品,-,,889
2019-04-01,東京都,-,-,-,食品,-,,2628
2019-04-01,神奈川県,-,-,-,食品,-,,1400
2019-04-01,新潟県,-,-,-,食品,-,,387
2019-04-01,山梨県,-,-,-,食品,-,,122
2019-04-01,長野県,-,-,-,食品,-,,287
2019-04-01,富山県,-,-,-,食品,-,,152
2019-04-01,石川県,-,-,-,食品,-,,185
2019-04-01,福井県,-,-,-,食品,-,,132
2019-04-01,岐阜県,-,-,-,食品,-,,248
2019-04-01,静岡県,-,-,-,食品,-,,591
2019-04-01,愛知県,-,-,-,食品,-,,905
2019-04-01,三重県,-,-,-,食品,-,,270
2019-04-01,滋賀県,-,-,-,食品,-,,185
2019-04-01,京都府,-,-,-,食品,-,,417
2019-04-01,大阪府,-,-,-,食品,-,,1282
2019-04-01,兵庫県,-,-,-,食品,-,,877
2019-04-01,奈良県,-,-,-,食品,-,,192
2019-04-01,和歌山県,-,-,-,食品,-,,171
2019-04-01,鳥取県,-,-,-,食品,-,,95
2019-04-01,島根県,-,-,-,食品,-,,171
2019-04-01,岡山県,-,-,-,食品,-,,358
2019-04-01,広島県,-,-,-,食品,-,,490
2019-04-01,山口県,-,-,-,食品,-,,236
2019-04-01,徳島県,-,-,-,食品,-,,149
2019-04-01,香川県,-,-,-,食品,-,,177
2019-04-01,愛媛県,-,-,-,食品,-,,251
2019-04-01,高知県,-,-,-,食品,-,,166
2019-04-01,福岡県,-,-,-,食品,-,,672
2019-04-01,佐賀県,-,-,-,食品,-,,136
2019-04-01,長崎県,-,-,-,食品,-,,222
2019-04-01,熊本県,-,-,-,食品,-,,258
2019-04-01,大分県,-,-,-,食品,-,,207
2019-04-01,宮崎県,-,-,-,食品,-,,204
2019-04-01,鹿児島県,-,-,-,食品,-,,342
2019-04-01,沖縄県,-,-,-,食品,-,,266
2019-05-01,北海道,-,-,-,食品,-,,1049
2019-05-01,青森県,-,-,-,食品,-,,218
2019-05-01,岩手県,-,-,-,食品,-,,245
2019-05-01,宮城県,-,-,-,食品,-,,359
2019-05-01,秋田県,-,-,-,食品,-,,159
2019-05-01,山形県,-,-,-,食品,-,,224
2019-05-01,福島県,-,-,-,食品,-,,349
2019-05-01,茨城県,-,-,-,食品,-,,442
2019-05-01,栃木県,-,-,-,食品,-,,291
2019-05-01,群馬県,-,-,-,食品,-,,240
2019-05-01,埼玉県,-,-,-,食品,-,,1088
2019-05-01,千葉県,-,-,-,食品,-,,883
2019-05-01,東京都,-,-,-,食品,-,,2627
2019-05-01,神奈川県,-,-,-,食品,-,,1396
2019-05-01,新潟県,-,-,-,食品,-,,384
2019-05-01,山梨県,-,-,-,食品,-,,123
2019-05-01,長野県,-,-,-,食品,-,,289
2019-05-01,富山県,-,-,-,食品,-,,154
2019-05-01,石川県,-,-,-,食品,-,,182
2019-05-01,福井県,-,-,-,食品,-,,132
2019-05-01,岐阜県,-,-,-,食品,-,,246
2019-05-01,静岡県,-,-,-,食品,-,,589
2019-05-01,愛知県,-,-,-,食品,-,,902
2019-05-01,三重県,-,-,-,食品,-,,270
2019-05-01,滋賀県,-,-,-,食品,-,,186
2019-05-01,京都府,-,-,-,食品,-,,418
2019-05-01,大阪府,-,-,-,食品,-,,1288
2019-05-01,兵庫県,-,-,-,食品,-,,875
2019-05-01,奈良県,-,-,-,食品,-,,194
2019-05-01,和歌山県,-,-,-,食品,-,,170
2019-05-01,鳥取県,-,-,-,食品,-,,95
2019-05-01,島根県,-,-,-,食品,-,,171
2019-05-01,岡山県,-,-,-,食品,-,,357
2019-05-01,広島県,-,-,-,食品,-,,490
2019-05-01,山口県,-,-,-,食品,-,,236
2019-05-01,徳島県,-,-,-,食品,-,,149
2019-05-01,香川県,-,-,-,食品,-,,174
2019-05-01,愛媛県,-,-,-,食品,-,,250
2019-05-01,高知県,-,-,-,食品,-,,165
2019-05-01,福岡県,-,-,-,食品,-,,676
2019-05-01,佐賀県,-,-,-,食品,-,,133
2019-05-01,長崎県,-,-,-,食品,-,,218
2019-05-01,熊本県,-,-,-,食品,-,,257
2019-05-01,大分県,-,-,-,食品,-,,204
2019-05-01,宮崎県,-,-,-,食品,-,,205
2019-05-01,鹿児島県,-,-,-,食品,-,,340
2019-05-01,沖縄県,-,-,-,食品,-,,266
2019-06-01,北海道,-,-,-,食品,-,,1047
2019-06-01,青森県,-,-,-,食品,-,,218
2019-06-01,岩手県,-,-,-,食品,-,,248
2019-06-01,宮城県,-,-,-,食品,-,,358
2019-06-01,秋田県,-,-,-,食品,-,,159
2019-06-01,山形県,-,-,-,食品,-,,223
2019-06-01,福島県,-,-,-,食品,-,,350
2019-06-01,茨城県,-,-,-,食品,-,,440
2019-06-01,栃木県,-,-,-,食品,-,,288
2019-06-01,群馬県,-,-,-,食品,-,,241
2019-06-01,埼玉県,-,-,-,食品,-,,1084
2019-06-01,千葉県,-,-,-,食品,-,,883
2019-06-01,東京都,-,-,-,食品,-,,2631
2019-06-01,神奈川県,-,-,-,食品,-,,1404
2019-06-01,新潟県,-,-,-,食品,-,,385
2019-06-01,山梨県,-,-,-,食品,-,,124
2019-06-01,長野県,-,-,-,食品,-,,288
2019-06-01,富山県,-,-,-,食品,-,,154
2019-06-01,石川県,-,-,-,食品,-,,181
2019-06-01,福井県,-,-,-,食品,-,,132
2019-06-01,岐阜県,-,-,-,食品,-,,247
2019-06-01,静岡県,-,-,-,食品,-,,589
2019-06-01,愛知県,-,-,-,食品,-,,900
2019-06-01,三重県,-,-,-,食品,-,,270
2019-06-01,滋賀県,-,-,-,食品,-,,186
2019-06-01,京都府,-,-,-,食品,-,,416
2019-06-01,大阪府,-,-,-,食品,-,,1289
2019-06-01,兵庫県,-,-,-,食品,-,,877
2019-06-01,奈良県,-,-,-,食品,-,,194
2019-06-01,和歌山県,-,-,-,食品,-,,169
2019-06-01,鳥取県,-,-,-,食品,-,,94
2019-06-01,島根県,-,-,-,食品,-,,171
2019-06-01,岡山県,-,-,-,食品,-,,358
2019-06-01,広島県,-,-,-,食品,-,,491
2019-06-01,山口県,-,-,-,食品,-,,236
2019-06-01,徳島県,-,-,-,食品,-,,149
2019-06-01,香川県,-,-,-,食品,-,,174
2019-06-01,愛媛県,-,-,-,食品,-,,252
2019-06-01,高知県,-,-,-,食品,-,,165
2019-06-01,福岡県,-,-,-,食品,-,,676
2019-06-01,佐賀県,-,-,-,食品,-,,131
2019-06-01,長崎県,-,-,-,食品,-,,219
2019-06-01,熊本県,-,-,-,食品,-,,257
2019-06-01,大分県,-,-,-,食品,-,,203
2019-06-01,宮崎県,-,-,-,食品,-,,204
2019-06-01,鹿児島県,-,-,-,食品,-,,340
2019-06-01,沖縄県,-,-,-,食品,-,,266
2019-07-01,北海道,-,-,-,食品,-,,1048
2019-07-01,青森県,-,-,-,食品,-,,220
2019-07-01,岩手県,-,-,-,食品,-,,248
2019-07-01,宮城県,-,-,-,食品,-,,358
2019-07-01,秋田県,-,-,-,食品,-,,158
2019-07-01,山形県,-,-,-,食品,-,,221
2019-07-01,福島県,-,-,-,食品,-,,351
2019-07-01,茨城県,-,-,-,食品,-,,440
2019-07-01,栃木県,-,-,-,食品,-,,287
2019-07-01,群馬県,-,-,-,食品,-,,241
2019-07-01,埼玉県,-,-,-,食品,-,,1090
2019-07-01,千葉県,-,-,-,食品,-,,885
2019-07-01,東京都,-,-,-,食品,-,,2637
2019-07-01,神奈川県,-,-,-,食品,-,,1406
2019-07-01,新潟県,-,-,-,食品,-,,382
2019-07-01,山梨県,-,-,-,食品,-,,124
2019-07-01,長野県,-,-,-,食品,-,,288
2019-07-01,富山県,-,-,-,食品,-,,154
2019-07-01,石川県,-,-,-,食品,-,,181
2019-07-01,福井県,-,-,-,食品,-,,132
2019-07-01,岐阜県,-,-,-,食品,-,,244
2019-07-01,静岡県,-,-,-,食品,-,,590
2019-07-01,愛知県,-,-,-,食品,-,,901
2019-07-01,三重県,-,-,-,食品,-,,270
2019-07-01,滋賀県,-,-,-,食品,-,,188
2019-07-01,京都府,-,-,-,食品,-,,415
2019-07-01,大阪府,-,-,-,食品,-,,1291
2019-07-01,兵庫県,-,-,-,食品,-,,877
2019-07-01,奈良県,-,-,-,食品,-,,194
2019-07-01,和歌山県,-,-,-,食品,-,,169
2019-07-01,鳥取県,-,-,-,食品,-,,95
2019-07-01,島根県,-,-,-,食品,-,,171
2019-07-01,岡山県,-,-,-,食品,-,,357
2019-07-01,広島県,-,-,-,食品,-,,491
2019-07-01,山口県,-,-,-,食品,-,,236
2019-07-01,徳島県,-,-,-,食品,-,,149
2019-07-01,香川県,-,-,-,食品,-,,174
2019-07-01,愛媛県,-,-,-,食品,-,,252
2019-07-01,高知県,-,-,-,食品,-,,166
2019-07-01,福岡県,-,-,-,食品,-,,676
2019-07-01,佐賀県,-,-,-,食品,-,,131
2019-07-01,長崎県,-,-,-,食品,-,,221
2019-07-01,熊本県,-,-,-,食品,-,,257
2019-07-01,大分県,-,-,-,食品,-,,206
2019-07-01,宮崎県,-,-,-,食品,-,,203
2019-07-01,鹿児島県,-,-,-,食品,-,,340
2019-07-01,沖縄県,-,-,-,食品,-,,266
2019-08-01,北海道,-,-,-,食品,-,,1049
2019-08-01,青森県,-,-,-,食品,-,,220
2019-08-01,岩手県,-,-,-,食品,-,,248
2019-08-01,宮城県,-,-,-,食品,-,,359
2019-08-01,秋田県,-,-,-,食品,-,,158
2019-08-01,山形県,-,-,-,食品,-,,220
2019-08-01,福島県,-,-,-,食品,-,,351
2019-08-01,茨城県,-,-,-,食品,-,,441
2019-08-01,栃木県,-,-,-,食品,-,,286
2019-08-01,群馬県,-,-,-,食品,-,,239
2019-08-01,埼玉県,-,-,-,食品,-,,1089
2019-08-01,千葉県,-,-,-,食品,-,,884
2019-08-01,東京都,-,-,-,食品,-,,2645
2019-08-01,神奈川県,-,-,-,食品,-,,1414
2019-08-01,新潟県,-,-,-,食品,-,,383
2019-08-01,山梨県,-,-,-,食品,-,,124
2019-08-01,長野県,-,-,-,食品,-,,288
2019-08-01,富山県,-,-,-,食品,-,,152
2019-08-01,石川県,-,-,-,食品,-,,180
2019-08-01,福井県,-,-,-,食品,-,,132
2019-08-01,岐阜県,-,-,-,食品,-,,242
2019-08-01,静岡県,-,-,-,食品,-,,592
2019-08-01,愛知県,-,-,-,食品,-,,899
2019-08-01,三重県,-,-,-,食品,-,,270
2019-08-01,滋賀県,-,-,-,食品,-,,188
2019-08-01,京都府,-,-,-,食品,-,,413
2019-08-01,大阪府,-,-,-,食品,-,,1291
2019-08-01,兵庫県,-,-,-,食品,-,,880
2019-08-01,奈良県,-,-,-,食品,-,,194
2019-08-01,和歌山県,-,-,-,食品,-,,170
2019-08-01,鳥取県,-,-,-,食品,-,,94
2019-08-01,島根県,-,-,-,食品,-,,171
2019-08-01,岡山県,-,-,-,食品,-,,358
2019-08-01,広島県,-,-,-,食品,-,,490
2019-08-01,山口県,-,-,-,食品,-,,235
2019-08-01,徳島県,-,-,-,食品,-,,149
2019-08-01,香川県,-,-,-,食品,-,,172
2019-08-01,愛媛県,-,-,-,食品,-,,252
2019-08-01,高知県,-,-,-,食品,-,,167
2019-08-01,福岡県,-,-,-,食品,-,,676
2019-08-01,佐賀県,-,-,-,食品,-,,131
2019-08-01,長崎県,-,-,-,食品,-,,221
2019-08-01,熊本県,-,-,-,食品,-,,252
2019-08-01,大分県,-,-,-,食品,-,,204
2019-08-01,宮崎県,-,-,-,食品,-,,203
2019-08-01,鹿児島県,-,-,-,食品,-,,340
2019-08-01,沖縄県,-,-,-,食品,-,,264
2019-09-01,北海道,-,-,-,食品,-,,1046
2019-09-01,青森県,-,-,-,食品,-,,218
2019-09-01,岩手県,-,-,-,食品,-,,248
2019-09-01,宮城県,-,-,-,食品,-,,364
2019-09-01,秋田県,-,-,-,食品,-,,158
2019-09-01,山形県,-,-,-,食品,-,,220
2019-09-01,福島県,-,-,-,食品,-,,351
2019-09-01,茨城県,-,-,-,食品,-,,444
2019-09-01,栃木県,-,-,-,食品,-,,288
2019-09-01,群馬県,-,-,-,食品,-,,240
2019-09-01,埼玉県,-,-,-,食品,-,,1086
2019-09-01,千葉県,-,-,-,食品,-,,886
2019-09-01,東京都,-,-,-,食品,-,,2655
2019-09-01,神奈川県,-,-,-,食品,-,,1414
2019-09-01,新潟県,-,-,-,食品,-,,384
2019-09-01,山梨県,-,-,-,食品,-,,125
2019-09-01,長野県,-,-,-,食品,-,,288
2019-09-01,富山県,-,-,-,食品,-,,150
2019-09-01,石川県,-,-,-,食品,-,,182
2019-09-01,福井県,-,-,-,食品,-,,132
2019-09-01,岐阜県,-,-,-,食品,-,,243
2019-09-01,静岡県,-,-,-,食品,-,,593
2019-09-01,愛知県,-,-,-,食品,-,,899
2019-09-01,三重県,-,-,-,食品,-,,267
2019-09-01,滋賀県,-,-,-,食品,-,,188
2019-09-01,京都府,-,-,-,食品,-,,412
2019-09-01,大阪府,-,-,-,食品,-,,1295
2019-09-01,兵庫県,-,-,-,食品,-,,879
2019-09-01,奈良県,-,-,-,食品,-,,192
2019-09-01,和歌山県,-,-,-,食品,-,,170
2019-09-01,鳥取県,-,-,-,食品,-,,94
2019-09-01,島根県,-,-,-,食品,-,,171
2019-09-01,岡山県,-,-,-,食品,-,,358
2019-09-01,広島県,-,-,-,食品,-,,491
2019-09-01,山口県,-,-,-,食品,-,,235
2019-09-01,徳島県,-,-,-,食品,-,,149
2019-09-01,香川県,-,-,-,食品,-,,173
2019-09-01,愛媛県,-,-,-,食品,-,,252
2019-09-01,高知県,-,-,-,食品,-,,166
2019-09-01,福岡県,-,-,-,食品,-,,682
2019-09-01,佐賀県,-,-,-,食品,-,,131
2019-09-01,長崎県,-,-,-,食品,-,,221
2019-09-01,熊本県,-,-,-,食品,-,,253
2019-09-01,大分県,-,-,-,食品,-,,204
2019-09-01,宮崎県,-,-,-,食品,-,,201
2019-09-01,鹿児島県,-,-,-,食品,-,,340
2019-09-01,沖縄県,-,-,-,食品,-,,264
2019-10-01,北海道,-,-,-,食品,-,,1045
2019-10-01,青森県,-,-,-,食品,-,,218
2019-10-01,岩手県,-,-,-,食品,-,,245
2019-10-01,宮城県,-,-,-,食品,-,,364
2019-10-01,秋田県,-,-,-,食品,-,,157
2019-10-01,山形県,-,-,-,食品,-,,221
2019-10-01,福島県,-,-,-,食品,-,,351
2019-10-01,茨城県,-,-,-,食品,-,,446
2019-10-01,栃木県,-,-,-,食品,-,,289
2019-10-01,群馬県,-,-,-,食品,-,,237
2019-10-01,埼玉県,-,-,-,食品,-,,1088
2019-10-01,千葉県,-,-,-,食品,-,,889
2019-10-01,東京都,-,-,-,食品,-,,2654
2019-10-01,神奈川県,-,-,-,食品,-,,1418
2019-10-01,新潟県,-,-,-,食品,-,,384
2019-10-01,山梨県,-,-,-,食品,-,,125
2019-10-01,長野県,-,-,-,食品,-,,288
2019-10-01,富山県,-,-,-,食品,-,,152
2019-10-01,石川県,-,-,-,食品,-,,183
2019-10-01,福井県,-,-,-,食品,-,,132
2019-10-01,岐阜県,-,-,-,食品,-,,246
2019-10-01,静岡県,-,-,-,食品,-,,593
2019-10-01,愛知県,-,-,-,食品,-,,900
2019-10-01,三重県,-,-,-,食品,-,,265
2019-10-01,滋賀県,-,-,-,食品,-,,189
2019-10-01,京都府,-,-,-,食品,-,,413
2019-10-01,大阪府,-,-,-,食品,-,,1287
2019-10-01,兵庫県,-,-,-,食品,-,,880
2019-10-01,奈良県,-,-,-,食品,-,,190
2019-10-01,和歌山県,-,-,-,食品,-,,170
2019-10-01,鳥取県,-,-,-,食品,-,,92
2019-10-01,島根県,-,-,-,食品,-,,171
2019-10-01,岡山県,-,-,-,食品,-,,354
2019-10-01,広島県,-,-,-,食品,-,,491
2019-10-01,山口県,-,-,-,食品,-,,235
2019-10-01,徳島県,-,-,-,食品,-,,149
2019-10-01,香川県,-,-,-,食品,-,,173
2019-10-01,愛媛県,-,-,-,食品,-,,251
2019-10-01,高知県,-,-,-,食品,-,,166
2019-10-01,福岡県,-,-,-,食品,-,,682
2019-10-01,佐賀県,-,-,-,食品,-,,130
2019-10-01,長崎県,-,-,-,食品,-,,220
2019-10-01,熊本県,-,-,-,食品,-,,255
2019-10-01,大分県,-,-,-,食品,-,,204
2019-10-01,宮崎県,-,-,-,食品,-,,202
2019-10-01,鹿児島県,-,-,-,食品,-,,340
2019-10-01,沖縄県,-,-,-,食品,-,,259
2019-11-01,北海道,-,-,-,食品,-,,1048
2019-11-01,青森県,-,-,-,食品,-,,218
2019-11-01,岩手県,-,-,-,食品,-,,246
2019-11-01,宮城県,-,-,-,食品,-,,364
2019-11-01,秋田県,-,-,-,食品,-,,155
2019-11-01,山形県,-,-,-,食品,-,,219
2019-11-01,福島県,-,-,-,食品,-,,353
2019-11-01,茨城県,-,-,-,食品,-,,446
2019-11-01,栃木県,-,-,-,食品,-,,288
2019-11-01,群馬県,-,-,-,食品,-,,240
2019-11-01,埼玉県,-,-,-,食品,-,,1087
2019-11-01,千葉県,-,-,-,食品,-,,891
2019-11-01,東京都,-,-,-,食品,-,,2661
2019-11-01,神奈川県,-,-,-,食品,-,,1427
2019-11-01,新潟県,-,-,-,食品,-,,384
2019-11-01,山梨県,-,-,-,食品,-,,125
2019-11-01,長野県,-,-,-,食品,-,,288
2019-11-01,富山県,-,-,-,食品,-,,154
2019-11-01,石川県,-,-,-,食品,-,,182
2019-11-01,福井県,-,-,-,食品,-,,132
2019-11-01,岐阜県,-,-,-,食品,-,,249
2019-11-01,静岡県,-,-,-,食品,-,,607
2019-11-01,愛知県,-,-,-,食品,-,,900
2019-11-01,三重県,-,-,-,食品,-,,267
2019-11-01,滋賀県,-,-,-,食品,-,,189
2019-11-01,京都府,-,-,-,食品,-,,412
2019-11-01,大阪府,-,-,-,食品,-,,1291
2019-11-01,兵庫県,-,-,-,食品,-,,879
2019-11-01,奈良県,-,-,-,食品,-,,192
2019-11-01,和歌山県,-,-,-,食品,-,,171
2019-11-01,鳥取県,-,-,-,食品,-,,93
2019-11-01,島根県,-,-,-,食品,-,,172
2019-11-01,岡山県,-,-,-,食品,-,,354
2019-11-01,広島県,-,-,-,食品,-,,491
2019-11-01,山口県,-,-,-,食品,-,,236
2019-11-01,徳島県,-,-,-,食品,-,,148
2019-11-01,香川県,-,-,-,食品,-,,173
2019-11-01,愛媛県,-,-,-,食品,-,,250
2019-11-01,高知県,-,-,-,食品,-,,165
2019-11-01,福岡県,-,-,-,食品,-,,680
2019-11-01,佐賀県,-,-,-,食品,-,,132
2019-11-01,長崎県,-,-,-,食品,-,,222
2019-11-01,熊本県,-,-,-,食品,-,,255
2019-11-01,大分県,-,-,-,食品,-,,204
2019-11-01,宮崎県,-,-,-,食品,-,,202
2019-11-01,鹿児島県,-,-,-,食品,-,,340
2019-11-01,沖縄県,-,-,-,食品,-,,259
2019-12-01,北海道,-,-,-,食品,-,,1042
2019-12-01,青森県,-,-,-,食品,-,,216
2019-12-01,岩手県,-,-,-,食品,-,,245
2019-12-01,宮城県,-,-,-,食品,-,,363
2019-12-01,秋田県,-,-,-,食品,-,,155
2019-12-01,山形県,-,-,-,食品,-,,218
2019-12-01,福島県,-,-,-,食品,-,,353
2019-12-01,茨城県,-,-,-,食品,-,,445
2019-12-01,栃木県,-,-,-,食品,-,,288
2019-12-01,群馬県,-,-,-,食品,-,,240
2019-12-01,埼玉県,-,-,-,食品,-,,1085
2019-12-01,千葉県,-,-,-,食品,-,,895
2019-12-01,東京都,-,-,-,食品,-,,2652
2019-12-01,神奈川県,-,-,-,食品,-,,1416
2019-12-01,新潟県,-,-,-,食品,-,,385
2019-12-01,山梨県,-,-,-,食品,-,,125
2019-12-01,長野県,-,-,-,食品,-,,286
2019-12-01,富山県,-,-,-,食品,-,,154
2019-12-01,石川県,-,-,-,食品,-,,180
2019-12-01,福井県,-,-,-,食品,-,,133
2019-12-01,岐阜県,-,-,-,食品,-,,250
2019-12-01,静岡県,-,-,-,食品,-,,610
2019-12-01,愛知県,-,-,-,食品,-,,903
2019-12-01,三重県,-,-,-,食品,-,,266
2019-12-01,滋賀県,-,-,-,食品,-,,185
2019-12-01,京都府,-,-,-,食品,-,,414
2019-12-01,大阪府,-,-,-,食品,-,,1296
2019-12-01,兵庫県,-,-,-,食品,-,,880
2019-12-01,奈良県,-,-,-,食品,-,,193
2019-12-01,和歌山県,-,-,-,食品,-,,171
2019-12-01,鳥取県,-,-,-,食品,-,,93
2019-12-01,島根県,-,-,-,食品,-,,172
2019-12-01,岡山県,-,-,-,食品,-,,354
2019-12-01,広島県,-,-,-,食品,-,,491
2019-12-01,山口県,-,-,-,食品,-,,235
2019-12-01,徳島県,-,-,-,食品,-,,148
2019-12-01,香川県,-,-,-,食品,-,,174
2019-12-01,愛媛県,-,-,-,食品,-,,249
2019-12-01,高知県,-,-,-,食品,-,,163
2019-12-01,福岡県,-,-,-,食品,-,,683
2019-12-01,佐賀県,-,-,-,食品,-,,132
2019-12-01,長崎県,-,-,-,食品,-,,221
2019-12-01,熊本県,-,-,-,食品,-,,256
2019-12-01,大分県,-,-,-,食品,-,,203
2019-12-01,宮崎県,-,-,-,食品,-,,202
2019-12-01,鹿児島県,-,-,-,食品,-,,338
2019-12-01,沖縄県,-,-,-,食品,-,,258
2020-01-01,北海道,-,-,-,食品,-,,1041
2020-01-01,青森県,-,-,-,食品,-,,216
2020-01-01,岩手県,-,-,-,食品,-,,245
2020-01-01,宮城県,-,-,-,食品,-,,362
2020-01-01,秋田県,-,-,-,食品,-,,159
2020-01-01,山形県,-,-,-,食品,-,,219
2020-01-01,福島県,-,-,-,食品,-,,353
2020-01-01,茨城県,-,-,-,食品,-,,445
2020-01-01,栃木県,-,-,-,食品,-,,286
2020-01-01,群馬県,-,-,-,食品,-,,239
2020-01-01,埼玉県,-,-,-,食品,-,,1081
2020-01-01,千葉県,-,-,-,食品,-,,892
2020-01-01,東京都,-,-,-,食品,-,,2653
2020-01-01,神奈川県,-,-,-,食品,-,,1413
2020-01-01,新潟県,-,-,-,食品,-,,383
2020-01-01,山梨県,-,-,-,食品,-,,125
2020-01-01,長野県,-,-,-,食品,-,,286
2020-01-01,富山県,-,-,-,食品,-,,154
2020-01-01,石川県,-,-,-,食品,-,,181
2020-01-01,福井県,-,-,-,食品,-,,133
2020-01-01,岐阜県,-,-,-,食品,-,,250
2020-01-01,静岡県,-,-,-,食品,-,,609
2020-01-01,愛知県,-,-,-,食品,-,,901
2020-01-01,三重県,-,-,-,食品,-,,265
2020-01-01,滋賀県,-,-,-,食品,-,,186
2020-01-01,京都府,-,-,-,食品,-,,417
2020-01-01,大阪府,-,-,-,食品,-,,1295
2020-01-01,兵庫県,-,-,-,食品,-,,881
2020-01-01,奈良県,-,-,-,食品,-,,191
2020-01-01,和歌山県,-,-,-,食品,-,,171
2020-01-01,鳥取県,-,-,-,食品,-,,93
2020-01-01,島根県,-,-,-,食品,-,,172
2020-01-01,岡山県,-,-,-,食品,-,,354
2020-01-01,広島県,-,-,-,食品,-,,487
2020-01-01,山口県,-,-,-,食品,-,,235
2020-01-01,徳島県,-,-,-,食品,-,,149
2020-01-01,香川県,-,-,-,食品,-,,173
2020-01-01,愛媛県,-,-,-,食品,-,,249
2020-01-01,高知県,-,-,-,食品,-,,163
2020-01-01,福岡県,-,-,-,食品,-,,682
2020-01-01,佐賀県,-,-,-,食品,-,,132
2020-01-01,長崎県,-,-,-,食品,-,,221
2020-01-01,熊本県,-,-,-,食品,-,,254
2020-01-01,大分県,-,-,-,食品,-,,199
2020-01-01,宮崎県,-,-,-,食品,-,,202
2020-01-01,鹿児島県,-,-,-,食品,-,,338
2020-01-01,沖縄県,-,-,-,食品,-,,258
2020-02-01,北海道,-,-,-,食品,-,,1043
2020-02-01,青森県,-,-,-,食品,-,,217
2020-02-01,岩手県,-,-,-,食品,-,,245
2020-02-01,宮城県,-,-,-,食品,-,,362
2020-02-01,秋田県,-,-,-,食品,-,,159
2020-02-01,山形県,-,-,-,食品,-,,219
2020-02-01,福島県,-,-,-,食品,-,,353
2020-02-01,茨城県,-,-,-,食品,-,,444
2020-02-01,栃木県,-,-,-,食品,-,,284
2020-02-01,群馬県,-,-,-,食品,-,,238
2020-02-01,埼玉県,-,-,-,食品,-,,1080
2020-02-01,千葉県,-,-,-,食品,-,,893
2020-02-01,東京都,-,-,-,食品,-,,2647
2020-02-01,神奈川県,-,-,-,食品,-,,1416
2020-02-01,新潟県,-,-,-,食品,-,,378
2020-02-01,山梨県,-,-,-,食品,-,,127
2020-02-01,長野県,-,-,-,食品,-,,286
2020-02-01,富山県,-,-,-,食品,-,,153
2020-02-01,石川県,-,-,-,食品,-,,182
2020-02-01,福井県,-,-,-,食品,-,,133
2020-02-01,岐阜県,-,-,-,食品,-,,248
2020-02-01,静岡県,-,-,-,食品,-,,611
2020-02-01,愛知県,-,-,-,食品,-,,896
2020-02-01,三重県,-,-,-,食品,-,,263
2020-02-01,滋賀県,-,-,-,食品,-,,184
2020-02-01,京都府,-,-,-,食品,-,,416
2020-02-01,大阪府,-,-,-,食品,-,,1294
2020-02-01,兵庫県,-,-,-,食品,-,,883
2020-02-01,奈良県,-,-,-,食品,-,,189
2020-02-01,和歌山県,-,-,-,食品,-,,171
2020-02-01,鳥取県,-,-,-,食品,-,,93
2020-02-01,島根県,-,-,-,食品,-,,172
2020-02-01,岡山県,-,-,-,食品,-,,352
2020-02-01,広島県,-,-,-,食品,-,,487
2020-02-01,山口県,-,-,-,食品,-,,235
2020-02-01,徳島県,-,-,-,食品,-,,149
2020-02-01,香川県,-,-,-,食品,-,,173
2020-02-01,愛媛県,-,-,-,食品,-,,249
2020-02-01,高知県,-,-,-,食品,-,,163
2020-02-01,福岡県,-,-,-,食品,-,,680
2020-02-01,佐賀県,-,-,-,食品,-,,132
2020-02-01,長崎県,-,-,-,食品,-,,222
2020-02-01,熊本県,-,-,-,食品,-,,253
2020-02-01,大分県,-,-,-,食品,-,,199
2020-02-01,宮崎県,-,-,-,食品,-,,202
2020-02-01,鹿児島県,-,-,-,食品,-,,338
2020-02-01,沖縄県,-,-,-,食品,-,,258
2020-03-01,北海道,-,-,-,食品,-,,1043
2020-03-01,青森県,-,-,-,食品,-,,217
2020-03-01,岩手県,-,-,-,食品,-,,245
2020-03-01,宮城県,-,-,-,食品,-,,361
2020-03-01,秋田県,-,-,-,食品,-,,159
2020-03-01,山形県,-,-,-,食品,-,,219
2020-03-01,福島県,-,-,-,食品,-,,355
2020-03-01,茨城県,-,-,-,食品,-,,445
2020-03-01,栃木県,-,-,-,食品,-,,285
2020-03-01,群馬県,-,-,-,食品,-,,240
2020-03-01,埼玉県,-,-,-,食品,-,,1083
2020-03-01,千葉県,-,-,-,食品,-,,895
2020-03-01,東京都,-,-,-,食品,-,,2663
2020-03-01,神奈川県,-,-,-,食品,-,,1426
2020-03-01,新潟県,-,-,-,食品,-,,376
2020-03-01,山梨県,-,-,-,食品,-,,127
2020-03-01,長野県,-,-,-,食品,-,,287
2020-03-01,富山県,-,-,-,食品,-,,154
2020-03-01,石川県,-,-,-,食品,-,,179
2020-03-01,福井県,-,-,-,食品,-,,133
2020-03-01,岐阜県,-,-,-,食品,-,,249
2020-03-01,静岡県,-,-,-,食品,-,,609
2020-03-01,愛知県,-,-,-,食品,-,,898
2020-03-01,三重県,-,-,-,食品,-,,261
2020-03-01,滋賀県,-,-,-,食品,-,,184
2020-03-01,京都府,-,-,-,食品,-,,414
2020-03-01,大阪府,-,-,-,食品,-,,1298
2020-03-01,兵庫県,-,-,-,食品,-,,881
2020-03-01,奈良県,-,-,-,食品,-,,190
2020-03-01,和歌山県,-,-,-,食品,-,,172
2020-03-01,鳥取県,-,-,-,食品,-,,93
2020-03-01,島根県,-,-,-,食品,-,,172
2020-03-01,岡山県,-,-,-,食品,-,,352
2020-03-01,広島県,-,-,-,食品,-,,486
2020-03-01,山口県,-,-,-,食品,-,,236
2020-03-01,徳島県,-,-,-,食品,-,,149
2020-03-01,香川県,-,-,-,食品,-,,173
2020-03-01,愛媛県,-,-,-,食品,-,,249
2020-03-01,高知県,-,-,-,食品,-,,163
2020-03-01,福岡県,-,-,-,食品,-,,683
2020-03-01,佐賀県,-,-,-,食品,-,,132
2020-03-01,長崎県,-,-,-,食品,-,,222
2020-03-01,熊本県,-,-,-,食品,-,,251
2020-03-01,大分県,-,-,-,食品,-,,198
2020-03-01,宮崎県,-,-,-,食品,-,,202
2020-03-01,鹿児島県,-,-,-,食品,-,,337
2020-03-01,沖縄県,-,-,-,食品,-,,258
2020-04-01,北海道,-,-,-,食品,-,,1042
2020-04-01,青森県,-,-,-,食品,-,,215
2020-04-01,岩手県,-,-,-,食品,-,,245
2020-04-01,宮城県,-,-,-,食品,-,,358
2020-04-01,秋田県,-,-,-,食品,-,,160
2020-04-01,山形県,-,-,-,食品,-,,219
2020-04-01,福島県,-,-,-,食品,-,,356
2020-04-01,茨城県,-,-,-,食品,-,,445
2020-04-01,栃木県,-,-,-,食品,-,,286
2020-04-01,群馬県,-,-,-,食品,-,,240
2020-04-01,埼玉県,-,-,-,食品,-,,1081
2020-04-01,千葉県,-,-,-,食品,-,,896
2020-04-01,東京都,-,-,-,食品,-,,2677
2020-04-01,神奈川県,-,-,-,食品,-,,1436
2020-04-01,新潟県,-,-,-,食品,-,,378
2020-04-01,山梨県,-,-,-,食品,-,,128
2020-04-01,長野県,-,-,-,食品,-,,288
2020-04-01,富山県,-,-,-,食品,-,,156
2020-04-01,石川県,-,-,-,食品,-,,178
2020-04-01,福井県,-,-,-,食品,-,,133
2020-04-01,岐阜県,-,-,-,食品,-,,251
2020-04-01,静岡県,-,-,-,食品,-,,610
2020-04-01,愛知県,-,-,-,食品,-,,900
2020-04-01,三重県,-,-,-,食品,-,,263
2020-04-01,滋賀県,-,-,-,食品,-,,185
2020-04-01,京都府,-,-,-,食品,-,,413
2020-04-01,大阪府,-,-,-,食品,-,,1291
2020-04-01,兵庫県,-,-,-,食品,-,,878
2020-04-01,奈良県,-,-,-,食品,-,,189
2020-04-01,和歌山県,-,-,-,食品,-,,171
2020-04-01,鳥取県,-,-,-,食品,-,,93
2020-04-01,島根県,-,-,-,食品,-,,172
2020-04-01,岡山県,-,-,-,食品,-,,351
2020-04-01,広島県,-,-,-,食品,-,,487
2020-04-01,山口県,-,-,-,食品,-,,235
2020-04-01,徳島県,-,-,-,食品,-,,150
2020-04-01,香川県,-,-,-,食品,-,,174
2020-04-01,愛媛県,-,-,-,食品,-,,253
2020-04-01,高知県,-,-,-,食品,-,,164
2020-04-01,福岡県,-,-,-,食品,-,,683
2020-04-01,佐賀県,-,-,-,食品,-,,131
2020-04-01,長崎県,-,-,-,食品,-,,222
2020-04-01,熊本県,-,-,-,食品,-,,253
2020-04-01,大分県,-,-,-,食品,-,,196
2020-04-01,宮崎県,-,-,-,食品,-,,201
2020-04-01,鹿児島県,-,-,-,食品,-,,337
2020-04-01,沖縄県,-,-,-,食品,-,,258
2020-05-01,北海道,-,-,-,食品,-,,1040
2020-05-01,青森県,-,-,-,食品,-,,213
2020-05-01,岩手県,-,-,-,食品,-,,246
2020-05-01,宮城県,-,-,-,食品,-,,356
2020-05-01,秋田県,-,-,-,食品,-,,161
2020-05-01,山形県,-,-,-,食品,-,,219
2020-05-01,福島県,-,-,-,食品,-,,356
2020-05-01,茨城県,-,-,-,食品,-,,444
2020-05-01,栃木県,-,-,-,食品,-,,286
2020-05-01,群馬県,-,-,-,食品,-,,240
2020-05-01,埼玉県,-,-,-,食品,-,,1081
2020-05-01,千葉県,-,-,-,食品,-,,892
2020-05-01,東京都,-,-,-,食品,-,,2679
2020-05-01,神奈川県,-,-,-,食品,-,,1433
2020-05-01,新潟県,-,-,-,食品,-,,380
2020-05-01,山梨県,-,-,-,食品,-,,128
2020-05-01,長野県,-,-,-,食品,-,,287
2020-05-01,富山県,-,-,-,食品,-,,156
2020-05-01,石川県,-,-,-,食品,-,,179
2020-05-01,福井県,-,-,-,食品,-,,133
2020-05-01,岐阜県,-,-,-,食品,-,,252
2020-05-01,静岡県,-,-,-,食品,-,,609
2020-05-01,愛知県,-,-,-,食品,-,,902
2020-05-01,三重県,-,-,-,食品,-,,264
2020-05-01,滋賀県,-,-,-,食品,-,,185
2020-05-01,京都府,-,-,-,食品,-,,410
2020-05-01,大阪府,-,-,-,食品,-,,1290
2020-05-01,兵庫県,-,-,-,食品,-,,875
2020-05-01,奈良県,-,-,-,食品,-,,189
2020-05-01,和歌山県,-,-,-,食品,-,,171
2020-05-01,鳥取県,-,-,-,食品,-,,93
2020-05-01,島根県,-,-,-,食品,-,,172
2020-05-01,岡山県,-,-,-,食品,-,,350
2020-05-01,広島県,-,-,-,食品,-,,488
2020-05-01,山口県,-,-,-,食品,-,,235
2020-05-01,徳島県,-,-,-,食品,-,,150
2020-05-01,香川県,-,-,-,食品,-,,175
2020-05-01,愛媛県,-,-,-,食品,-,,253
2020-05-01,高知県,-,-,-,食品,-,,164
2020-05-01,福岡県,-,-,-,食品,-,,686
2020-05-01,佐賀県,-,-,-,食品,-,,131
2020-05-01,長崎県,-,-,-,食品,-,,223
2020-05-01,熊本県,-,-,-,食品,-,,253
2020-05-01,大分県,-,-,-,食品,-,,196
2020-05-01,宮崎県,-,-,-,食品,-,,201
2020-05-01,鹿児島県,-,-,-,食品,-,,337
2020-05-01,沖縄県,-,-,-,食品,-,,259
2020-06-01,北海道,-,-,-,食品,-,,1039
2020-06-01,青森県,-,-,-,食品,-,,211
2020-06-01,岩手県,-,-,-,食品,-,,246
2020-06-01,宮城県,-,-,-,食品,-,,356
2020-06-01,秋田県,-,-,-,食品,-,,162
2020-06-01,山形県,-,-,-,食品,-,,220
2020-06-01,福島県,-,-,-,食品,-,,356
2020-06-01,茨城県,-,-,-,食品,-,,445
2020-06-01,栃木県,-,-,-,食品,-,,287
2020-06-01,群馬県,-,-,-,食品,-,,239
2020-06-01,埼玉県,-,-,-,食品,-,,1082
2020-06-01,千葉県,-,-,-,食品,-,,898
2020-06-01,東京都,-,-,-,食品,-,,2695
2020-06-01,神奈川県,-,-,-,食品,-,,1439
2020-06-01,新潟県,-,-,-,食品,-,,382
2020-06-01,山梨県,-,-,-,食品,-,,127
2020-06-01,長野県,-,-,-,食品,-,,288
2020-06-01,富山県,-,-,-,食品,-,,157
2020-06-01,石川県,-,-,-,食品,-,,178
2020-06-01,福井県,-,-,-,食品,-,,133
2020-06-01,岐阜県,-,-,-,食品,-,,253
2020-06-01,静岡県,-,-,-,食品,-,,612
2020-06-01,愛知県,-,-,-,食品,-,,900
2020-06-01,三重県,-,-,-,食品,-,,265
2020-06-01,滋賀県,-,-,-,食品,-,,185
2020-06-01,京都府,-,-,-,食品,-,,411
2020-06-01,大阪府,-,-,-,食品,-,,1290
2020-06-01,兵庫県,-,-,-,食品,-,,875
2020-06-01,奈良県,-,-,-,食品,-,,189
2020-06-01,和歌山県,-,-,-,食品,-,,171
2020-06-01,鳥取県,-,-,-,食品,-,,93
2020-06-01,島根県,-,-,-,食品,-,,172
2020-06-01,岡山県,-,-,-,食品,-,,351
2020-06-01,広島県,-,-,-,食品,-,,487
2020-06-01,山口県,-,-,-,食品,-,,235
2020-06-01,徳島県,-,-,-,食品,-,,150
2020-06-01,香川県,-,-,-,食品,-,,173
2020-06-01,愛媛県,-,-,-,食品,-,,255
2020-06-01,高知県,-,-,-,食品,-,,166
2020-06-01,福岡県,-,-,-,食品,-,,686
2020-06-01,佐賀県,-,-,-,食品,-,,131
2020-06-01,長崎県,-,-,-,食品,-,,225
2020-06-01,熊本県,-,-,-,食品,-,,253
2020-06-01,大分県,-,-,-,食品,-,,196
2020-06-01,宮崎県,-,-,-,食品,-,,201
2020-06-01,鹿児島県,-,-,-,食品,-,,338
2020-06-01,沖縄県,-,-,-,食品,-,,260
2020-07-01,北海道,-,-,-,食品,-,,1038
2020-07-01,青森県,-,-,-,食品,-,,212
2020-07-01,岩手県,-,-,-,食品,-,,244
2020-07-01,宮城県,-,-,-,食品,-,,356
2020-07-01,秋田県,-,-,-,食品,-,,162
2020-07-01,山形県,-,-,-,食品,-,,220
2020-07-01,福島県,-,-,-,食品,-,,356
2020-07-01,茨城県,-,-,-,食品,-,,445
2020-07-01,栃木県,-,-,-,食品,-,,287
2020-07-01,群馬県,-,-,-,食品,-,,238
2020-07-01,埼玉県,-,-,-,食品,-,,1084
2020-07-01,千葉県,-,-,-,食品,-,,901
2020-07-01,東京都,-,-,-,食品,-,,2703
2020-07-01,神奈川県,-,-,-,食品,-,,1439
2020-07-01,新潟県,-,-,-,食品,-,,381
2020-07-01,山梨県,-,-,-,食品,-,,127
2020-07-01,長野県,-,-,-,食品,-,,290
2020-07-01,富山県,-,-,-,食品,-,,158
2020-07-01,石川県,-,-,-,食品,-,,177
2020-07-01,福井県,-,-,-,食品,-,,132
2020-07-01,岐阜県,-,-,-,食品,-,,252
2020-07-01,静岡県,-,-,-,食品,-,,611
2020-07-01,愛知県,-,-,-,食品,-,,901
2020-07-01,三重県,-,-,-,食品,-,,265
2020-07-01,滋賀県,-,-,-,食品,-,,184
2020-07-01,京都府,-,-,-,食品,-,,411
2020-07-01,大阪府,-,-,-,食品,-,,1290
2020-07-01,兵庫県,-,-,-,食品,-,,876
2020-07-01,奈良県,-,-,-,食品,-,,188
2020-07-01,和歌山県,-,-,-,食品,-,,170
2020-07-01,鳥取県,-,-,-,食品,-,,94
2020-07-01,島根県,-,-,-,食品,-,,172
2020-07-01,岡山県,-,-,-,食品,-,,350
2020-07-01,広島県,-,-,-,食品,-,,490
2020-07-01,山口県,-,-,-,食品,-,,236
2020-07-01,徳島県,-,-,-,食品,-,,150
2020-07-01,香川県,-,-,-,食品,-,,174
2020-07-01,愛媛県,-,-,-,食品,-,,255
2020-07-01,高知県,-,-,-,食品,-,,163
2020-07-01,福岡県,-,-,-,食品,-,,692
2020-07-01,佐賀県,-,-,-,食品,-,,131
2020-07-01,長崎県,-,-,-,食品,-,,226
2020-07-01,熊本県,-,-,-,食品,-,,255
2020-07-01,大分県,-,-,-,食品,-,,196
2020-07-01,宮崎県,-,-,-,食品,-,,200
2020-07-01,鹿児島県,-,-,-,食品,-,,339
2020-07-01,沖縄県,-,-,-,食品,-,,259
2020-08-01,北海道,-,-,-,食品,-,,1042
2020-08-01,青森県,-,-,-,食品,-,,212
2020-08-01,岩手県,-,-,-,食品,-,,243
2020-08-01,宮城県,-,-,-,食品,-,,352
2020-08-01,秋田県,-,-,-,食品,-,,161
2020-08-01,山形県,-,-,-,食品,-,,221
2020-08-01,福島県,-,-,-,食品,-,,357
2020-08-01,茨城県,-,-,-,食品,-,,444
2020-08-01,栃木県,-,-,-,食品,-,,289
2020-08-01,群馬県,-,-,-,食品,-,,238
2020-08-01,埼玉県,-,-,-,食品,-,,1079
2020-08-01,千葉県,-,-,-,食品,-,,901
2020-08-01,東京都,-,-,-,食品,-,,2704
2020-08-01,神奈川県,-,-,-,食品,-,,1441
2020-08-01,新潟県,-,-,-,食品,-,,383
2020-08-01,山梨県,-,-,-,食品,-,,127
2020-08-01,長野県,-,-,-,食品,-,,292
2020-08-01,富山県,-,-,-,食品,-,,159
2020-08-01,石川県,-,-,-,食品,-,,177
2020-08-01,福井県,-,-,-,食品,-,,132
2020-08-01,岐阜県,-,-,-,食品,-,,251
2020-08-01,静岡県,-,-,-,食品,-,,614
2020-08-01,愛知県,-,-,-,食品,-,,900
2020-08-01,三重県,-,-,-,食品,-,,266
2020-08-01,滋賀県,-,-,-,食品,-,,185
2020-08-01,京都府,-,-,-,食品,-,,411
2020-08-01,大阪府,-,-,-,食品,-,,1291
2020-08-01,兵庫県,-,-,-,食品,-,,875
2020-08-01,奈良県,-,-,-,食品,-,,188
2020-08-01,和歌山県,-,-,-,食品,-,,169
2020-08-01,鳥取県,-,-,-,食品,-,,100
2020-08-01,島根県,-,-,-,食品,-,,180
2020-08-01,岡山県,-,-,-,食品,-,,349
2020-08-01,広島県,-,-,-,食品,-,,492
2020-08-01,山口県,-,-,-,食品,-,,237
2020-08-01,徳島県,-,-,-,食品,-,,150
2020-08-01,香川県,-,-,-,食品,-,,172
2020-08-01,愛媛県,-,-,-,食品,-,,257
2020-08-01,高知県,-,-,-,食品,-,,163
2020-08-01,福岡県,-,-,-,食品,-,,697
2020-08-01,佐賀県,-,-,-,食品,-,,132
2020-08-01,長崎県,-,-,-,食品,-,,227
2020-08-01,熊本県,-,-,-,食品,-,,259
2020-08-01,大分県,-,-,-,食品,-,,200
2020-08-01,宮崎県,-,-,-,食品,-,,198
2020-08-01,鹿児島県,-,-,-,食品,-,,337
2020-08-01,沖縄県,-,-,-,食品,-,,259
2020-09-01,北海道,-,-,-,食品,-,,1040
2020-09-01,青森県,-,-,-,食品,-,,211
2020-09-01,岩手県,-,-,-,食品,-,,242
2020-09-01,宮城県,-,-,-,食品,-,,349
2020-09-01,秋田県,-,-,-,食品,-,,160
2020-09-01,山形県,-,-,-,食品,-,,220
2020-09-01,福島県,-,-,-,食品,-,,357
2020-09-01,茨城県,-,-,-,食品,-,,446
2020-09-01,栃木県,-,-,-,食品,-,,290
2020-09-01,群馬県,-,-,-,食品,-,,238
2020-09-01,埼玉県,-,-,-,食品,-,,1077
2020-09-01,千葉県,-,-,-,食品,-,,899
2020-09-01,東京都,-,-,-,食品,-,,2704
2020-09-01,神奈川県,-,-,-,食品,-,,1447
2020-09-01,新潟県,-,-,-,食品,-,,383
2020-09-01,山梨県,-,-,-,食品,-,,126
2020-09-01,長野県,-,-,-,食品,-,,291
2020-09-01,富山県,-,-,-,食品,-,,158
2020-09-01,石川県,-,-,-,食品,-,,178
2020-09-01,福井県,-,-,-,食品,-,,132
2020-09-01,岐阜県,-,-,-,食品,-,,251
2020-09-01,静岡県,-,-,-,食品,-,,615
2020-09-01,愛知県,-,-,-,食品,-,,899
2020-09-01,三重県,-,-,-,食品,-,,265
2020-09-01,滋賀県,-,-,-,食品,-,,186
2020-09-01,京都府,-,-,-,食品,-,,414
2020-09-01,大阪府,-,-,-,食品,-,,1288
2020-09-01,兵庫県,-,-,-,食品,-,,880
2020-09-01,奈良県,-,-,-,食品,-,,189
2020-09-01,和歌山県,-,-,-,食品,-,,169
2020-09-01,鳥取県,-,-,-,食品,-,,101
2020-09-01,島根県,-,-,-,食品,-,,181
2020-09-01,岡山県,-,-,-,食品,-,,350
2020-09-01,広島県,-,-,-,食品,-,,495
2020-09-01,山口県,-,-,-,食品,-,,236
2020-09-01,徳島県,-,-,-,食品,-,,150
2020-09-01,香川県,-,-,-,食品,-,,171
2020-09-01,愛媛県,-,-,-,食品,-,,252
2020-09-01,高知県,-,-,-,食品,-,,163
2020-09-01,福岡県,-,-,-,食品,-,,704
2020-09-01,佐賀県,-,-,-,食品,-,,132
2020-09-01,長崎県,-,-,-,食品,-,,227
2020-09-01,熊本県,-,-,-,食品,-,,258
2020-09-01,大分県,-,-,-,食品,-,,200
2020-09-01,宮崎県,-,-,-,食品,-,,199
2020-09-01,鹿児島県,-,-,-,食品,-,,337
2020-09-01,沖縄県,-,-,-,食品,-,,258
2020-10-01,北海道,-,-,-,食品,-,,1040
2020-10-01,青森県,-,-,-,食品,-,,212
2020-10-01,岩手県,-,-,-,食品,-,,245
2020-10-01,宮城県,-,-,-,食品,-,,351
2020-10-01,秋田県,-,-,-,食品,-,,160
2020-10-01,山形県,-,-,-,食品,-,,220
2020-10-01,福島県,-,-,-,食品,-,,357
2020-10-01,茨城県,-,-,-,食品,-,,446
2020-10-01,栃木県,-,-,-,食品,-,,292
2020-10-01,群馬県,-,-,-,食品,-,,240
2020-10-01,埼玉県,-,-,-,食品,-,,1079
2020-10-01,千葉県,-,-,-,食品,-,,898
2020-10-01,東京都,-,-,-,食品,-,,2709
2020-10-01,神奈川県,-,-,-,食品,-,,1451
2020-10-01,新潟県,-,-,-,食品,-,,383
2020-10-01,山梨県,-,-,-,食品,-,,126
2020-10-01,長野県,-,-,-,食品,-,,290
2020-10-01,富山県,-,-,-,食品,-,,158
2020-10-01,石川県,-,-,-,食品,-,,178
2020-10-01,福井県,-,-,-,食品,-,,131
2020-10-01,岐阜県,-,-,-,食品,-,,252
2020-10-01,静岡県,-,-,-,食品,-,,616
2020-10-01,愛知県,-,-,-,食品,-,,903
2020-10-01,三重県,-,-,-,食品,-,,265
2020-10-01,滋賀県,-,-,-,食品,-,,185
2020-10-01,京都府,-,-,-,食品,-,,415
2020-10-01,大阪府,-,-,-,食品,-,,1290
2020-10-01,兵庫県,-,-,-,食品,-,,882
2020-10-01,奈良県,-,-,-,食品,-,,189
2020-10-01,和歌山県,-,-,-,食品,-,,169
2020-10-01,鳥取県,-,-,-,食品,-,,100
2020-10-01,島根県,-,-,-,食品,-,,181
2020-10-01,岡山県,-,-,-,食品,-,,351
2020-10-01,広島県,-,-,-,食品,-,,496
2020-10-01,山口県,-,-,-,食品,-,,237
2020-10-01,徳島県,-,-,-,食品,-,,150
2020-10-01,香川県,-,-,-,食品,-,,171
2020-10-01,愛媛県,-,-,-,食品,-,,252
2020-10-01,高知県,-,-,-,食品,-,,163
2020-10-01,福岡県,-,-,-,食品,-,,705
2020-10-01,佐賀県,-,-,-,食品,-,,133
2020-10-01,長崎県,-,-,-,食品,-,,228
2020-10-01,熊本県,-,-,-,食品,-,,261
2020-10-01,大分県,-,-,-,食品,-,,200
2020-10-01,宮崎県,-,-,-,食品,-,,199
2020-10-01,鹿児島県,-,-,-,食品,-,,337
2020-10-01,沖縄県,-,-,-,食品,-,,258
2020-11-01,北海道,-,-,-,食品,-,,1041
2020-11-01,青森県,-,-,-,食品,-,,212
2020-11-01,岩手県,-,-,-,食品,-,,243
2020-11-01,宮城県,-,-,-,食品,-,,352
2020-11-01,秋田県,-,-,-,食品,-,,160
2020-11-01,山形県,-,-,-,食品,-,,221
2020-11-01,福島県,-,-,-,食品,-,,358
2020-11-01,茨城県,-,-,-,食品,-,,446
2020-11-01,栃木県,-,-,-,食品,-,,292
2020-11-01,群馬県,-,-,-,食品,-,,239
2020-11-01,埼玉県,-,-,-,食品,-,,1083
2020-11-01,千葉県,-,-,-,食品,-,,898
2020-11-01,東京都,-,-,-,食品,-,,2720
2020-11-01,神奈川県,-,-,-,食品,-,,1455
2020-11-01,新潟県,-,-,-,食品,-,,389
2020-11-01,山梨県,-,-,-,食品,-,,126
2020-11-01,長野県,-,-,-,食品,-,,292
2020-11-01,富山県,-,-,-,食品,-,,158
2020-11-01,石川県,-,-,-,食品,-,,177
2020-11-01,福井県,-,-,-,食品,-,,133
2020-11-01,岐阜県,-,-,-,食品,-,,252
2020-11-01,静岡県,-,-,-,食品,-,,617
2020-11-01,愛知県,-,-,-,食品,-,,909
2020-11-01,三重県,-,-,-,食品,-,,266
2020-11-01,滋賀県,-,-,-,食品,-,,187
2020-11-01,京都府,-,-,-,食品,-,,418
2020-11-01,大阪府,-,-,-,食品,-,,1296
2020-11-01,兵庫県,-,-,-,食品,-,,881
2020-11-01,奈良県,-,-,-,食品,-,,189
2020-11-01,和歌山県,-,-,-,食品,-,,168
2020-11-01,鳥取県,-,-,-,食品,-,,100
2020-11-01,島根県,-,-,-,食品,-,,181
2020-11-01,岡山県,-,-,-,食品,-,,352
2020-11-01,広島県,-,-,-,食品,-,,496
2020-11-01,山口県,-,-,-,食品,-,,237
2020-11-01,徳島県,-,-,-,食品,-,,150
2020-11-01,香川県,-,-,-,食品,-,,171
2020-11-01,愛媛県,-,-,-,食品,-,,251
2020-11-01,高知県,-,-,-,食品,-,,162
2020-11-01,福岡県,-,-,-,食品,-,,708
2020-11-01,佐賀県,-,-,-,食品,-,,133
2020-11-01,長崎県,-,-,-,食品,-,,228
2020-11-01,熊本県,-,-,-,食品,-,,261
2020-11-01,大分県,-,-,-,食品,-,,199
2020-11-01,宮崎県,-,-,-,食品,-,,201
2020-11-01,鹿児島県,-,-,-,食品,-,,337
2020-11-01,沖縄県,-,-,-,食品,-,,259
2020-12-01,北海道,-,-,-,食品,-,,1040
2020-12-01,青森県,-,-,-,食品,-,,210
2020-12-01,岩手県,-,-,-,食品,-,,244
2020-12-01,宮城県,-,-,-,食品,-,,351
2020-12-01,秋田県,-,-,-,食品,-,,160
2020-12-01,山形県,-,-,-,食品,-,,221
2020-12-01,福島県,-,-,-,食品,-,,356
2020-12-01,茨城県,-,-,-,食品,-,,447
2020-12-01,栃木県,-,-,-,食品,-,,292
2020-12-01,群馬県,-,-,-,食品,-,,247
2020-12-01,埼玉県,-,-,-,食品,-,,1087
2020-12-01,千葉県,-,-,-,食品,-,,904
2020-12-01,東京都,-,-,-,食品,-,,2731
2020-12-01,神奈川県,-,-,-,食品,-,,1455
2020-12-01,新潟県,-,-,-,食品,-,,389
2020-12-01,山梨県,-,-,-,食品,-,,126
2020-12-01,長野県,-,-,-,食品,-,,300
2020-12-01,富山県,-,-,-,食品,-,,158
2020-12-01,石川県,-,-,-,食品,-,,177
2020-12-01,福井県,-,-,-,食品,-,,133
2020-12-01,岐阜県,-,-,-,食品,-,,253
2020-12-01,静岡県,-,-,-,食品,-,,616
2020-12-01,愛知県,-,-,-,食品,-,,910
2020-12-01,三重県,-,-,-,食品,-,,265
2020-12-01,滋賀県,-,-,-,食品,-,,186
2020-12-01,京都府,-,-,-,食品,-,,419
2020-12-01,大阪府,-,-,-,食品,-,,1298
2020-12-01,兵庫県,-,-,-,食品,-,,879
2020-12-01,奈良県,-,-,-,食品,-,,190
2020-12-01,和歌山県,-,-,-,食品,-,,167
2020-12-01,鳥取県,-,-,-,食品,-,,100
2020-12-01,島根県,-,-,-,食品,-,,181
2020-12-01,岡山県,-,-,-,食品,-,,350
2020-12-01,広島県,-,-,-,食品,-,,496
2020-12-01,山口県,-,-,-,食品,-,,237
2020-12-01,徳島県,-,-,-,食品,-,,150
2020-12-01,香川県,-,-,-,食品,-,,171
2020-12-01,愛媛県,-,-,-,食品,-,,251
2020-12-01,高知県,-,-,-,食品,-,,161
2020-12-01,福岡県,-,-,-,食品,-,,711
2020-12-01,佐賀県,-,-,-,食品,-,,133
2020-12-01,長崎県,-,-,-,食品,-,,231
2020-12-01,熊本県,-,-,-,食品,-,,263
2020-12-01,大分県,-,-,-,食品,-,,199
2020-12-01,宮崎県,-,-,-,食品,-,,201
2020-12-01,鹿児島県,-,-,-,食品,-,,337
2020-12-01,沖縄県,-,-,-,食品,-,,259
2021-01-01,北海道,-,-,-,食品,-,,1039
2021-01-01,青森県,-,-,-,食品,-,,210
2021-01-01,岩手県,-,-,-,食品,-,,243
2021-01-01,宮城県,-,-,-,食品,-,,351
2021-01-01,秋田県,-,-,-,食品,-,,160
2021-01-01,山形県,-,-,-,食品,-,,221
2021-01-01,福島県,-,-,-,食品,-,,354
2021-01-01,茨城県,-,-,-,食品,-,,447
2021-01-01,栃木県,-,-,-,食品,-,,292
2021-01-01,群馬県,-,-,-,食品,-,,246
2021-01-01,埼玉県,-,-,-,食品,-,,1088
2021-01-01,千葉県,-,-,-,食品,-,,905
2021-01-01,東京都,-,-,-,食品,-,,2719
2021-01-01,神奈川県,-,-,-,食品,-,,1453
2021-01-01,新潟県,-,-,-,食品,-,,390
2021-01-01,山梨県,-,-,-,食品,-,,125
2021-01-01,長野県,-,-,-,食品,-,,300
2021-01-01,富山県,-,-,-,食品,-,,159
2021-01-01,石川県,-,-,-,食品,-,,176
2021-01-01,福井県,-,-,-,食品,-,,132
2021-01-01,岐阜県,-,-,-,食品,-,,253
2021-01-01,静岡県,-,-,-,食品,-,,615
2021-01-01,愛知県,-,-,-,食品,-,,906
2021-01-01,三重県,-,-,-,食品,-,,263
2021-01-01,滋賀県,-,-,-,食品,-,,186
2021-01-01,京都府,-,-,-,食品,-,,421
2021-01-01,大阪府,-,-,-,食品,-,,1298
2021-01-01,兵庫県,-,-,-,食品,-,,876
2021-01-01,奈良県,-,-,-,食品,-,,190
2021-01-01,和歌山県,-,-,-,食品,-,,165
2021-01-01,鳥取県,-,-,-,食品,-,,98
2021-01-01,島根県,-,-,-,食品,-,,181
2021-01-01,岡山県,-,-,-,食品,-,,350
2021-01-01,広島県,-,-,-,食品,-,,498
2021-01-01,山口県,-,-,-,食品,-,,238
2021-01-01,徳島県,-,-,-,食品,-,,149
2021-01-01,香川県,-,-,-,食品,-,,171
2021-01-01,愛媛県,-,-,-,食品,-,,252
2021-01-01,高知県,-,-,-,食品,-,,161
2021-01-01,福岡県,-,-,-,食品,-,,710
2021-01-01,佐賀県,-,-,-,食品,-,,133
2021-01-01,長崎県,-,-,-,食品,-,,231
2021-01-01,熊本県,-,-,-,食品,-,,263
2021-01-01,大分県,-,-,-,食品,-,,198
2021-01-01,宮崎県,-,-,-,食品,-,,201
2021-01-01,鹿児島県,-,-,-,食品,-,,337
2021-01-01,沖縄県,-,-,-,食品,-,,261
2021-02-01,北海道,-,-,-,食品,-,,1039
2021-02-01,青森県,-,-,-,食品,-,,210
2021-02-01,岩手県,-,-,-,食品,-,,243
2021-02-01,宮城県,-,-,-,食品,-,,355
2021-02-01,秋田県,-,-,-,食品,-,,160
2021-02-01,山形県,-,-,-,食品,-,,222
2021-02-01,福島県,-,-,-,食品,-,,356
2021-02-01,茨城県,-,-,-,食品,-,,449
2021-02-01,栃木県,-,-,-,食品,-,,292
2021-02-01,群馬県,-,-,-,食品,-,,246
2021-02-01,埼玉県,-,-,-,食品,-,,1097
2021-02-01,千葉県,-,-,-,食品,-,,909
2021-02-01,東京都,-,-,-,食品,-,,2745
2021-02-01,神奈川県,-,-,-,食品,-,,1466
2021-02-01,新潟県,-,-,-,食品,-,,390
2021-02-01,山梨県,-,-,-,食品,-,,128
2021-02-01,長野県,-,-,-,食品,-,,300
2021-02-01,富山県,-,-,-,食品,-,,159
2021-02-01,石川県,-,-,-,食品,-,,176
2021-02-01,福井県,-,-,-,食品,-,,132
2021-02-01,岐阜県,-,-,-,食品,-,,255
2021-02-01,静岡県,-,-,-,食品,-,,617
2021-02-01,愛知県,-,-,-,食品,-,,906
2021-02-01,三重県,-,-,-,食品,-,,263
2021-02-01,滋賀県,-,-,-,食品,-,,185
2021-02-01,京都府,-,-,-,食品,-,,423
2021-02-01,大阪府,-,-,-,食品,-,,1312
2021-02-01,兵庫県,-,-,-,食品,-,,879
2021-02-01,奈良県,-,-,-,食品,-,,191
2021-02-01,和歌山県,-,-,-,食品,-,,164
2021-02-01,鳥取県,-,-,-,食品,-,,98
2021-02-01,島根県,-,-,-,食品,-,,181
2021-02-01,岡山県,-,-,-,食品,-,,350
2021-02-01,広島県,-,-,-,食品,-,,498
2021-02-01,山口県,-,-,-,食品,-,,238
2021-02-01,徳島県,-,-,-,食品,-,,149
2021-02-01,香川県,-,-,-,食品,-,,171
2021-02-01,愛媛県,-,-,-,食品,-,,252
2021-02-01,高知県,-,-,-,食品,-,,160
2021-02-01,福岡県,-,-,-,食品,-,,713
2021-02-01,佐賀県,-,-,-,食品,-,,133
2021-02-01,長崎県,-,-,-,食品,-,,228
2021-02-01,熊本県,-,-,-,食品,-,,263
2021-02-01,大分県,-,-,-,食品,-,,199
2021-02-01,宮崎県,-,-,-,食品,-,,202
2021-02-01,鹿児島県,-,-,-,食品,-,,337
2021-02-01,沖縄県,-,-,-,食品,-,,261
2021-03-01,北海道,-,-,-,食品,-,,1041
2021-03-01,青森県,-,-,-,食品,-,,211
2021-03-01,岩手県,-,-,-,食品,-,,243
2021-03-01,宮城県,-,-,-,食品,-,,357
2021-03-01,秋田県,-,-,-,食品,-,,160
2021-03-01,山形県,-,-,-,食品,-,,222
2021-03-01,福島県,-,-,-,食品,-,,360
2021-03-01,茨城県,-,-,-,食品,-,,451
2021-03-01,栃木県,-,-,-,食品,-,,292
2021-03-01,群馬県,-,-,-,食品,-,,248
2021-03-01,埼玉県,-,-,-,食品,-,,1099
2021-03-01,千葉県,-,-,-,食品,-,,913
2021-03-01,東京都,-,-,-,食品,-,,2755
2021-03-01,神奈川県,-,-,-,食品,-,,1471
2021-03-01,新潟県,-,-,-,食品,-,,393
2021-03-01,山梨県,-,-,-,食品,-,,127
2021-03-01,長野県,-,-,-,食品,-,,300
2021-03-01,富山県,-,-,-,食品,-,,159
2021-03-01,石川県,-,-,-,食品,-,,175
2021-03-01,福井県,-,-,-,食品,-,,131
2021-03-01,岐阜県,-,-,-,食品,-,,255
2021-03-01,静岡県,-,-,-,食品,-,,614
2021-03-01,愛知県,-,-,-,食品,-,,906
2021-03-01,三重県,-,-,-,食品,-,,262
2021-03-01,滋賀県,-,-,-,食品,-,,186
2021-03-01,京都府,-,-,-,食品,-,,425
2021-03-01,大阪府,-,-,-,食品,-,,1315
2021-03-01,兵庫県,-,-,-,食品,-,,881
2021-03-01,奈良県,-,-,-,食品,-,,191
2021-03-01,和歌山県,-,-,-,食品,-,,165
2021-03-01,鳥取県,-,-,-,食品,-,,98
2021-03-01,島根県,-,-,-,食品,-,,182
2021-03-01,岡山県,-,-,-,食品,-,,349
2021-03-01,広島県,-,-,-,食品,-,,496
2021-03-01,山口県,-,-,-,食品,-,,238
2021-03-01,徳島県,-,-,-,食品,-,,150
2021-03-01,香川県,-,-,-,食品,-,,171
2021-03-01,愛媛県,-,-,-,食品,-,,252
2021-03-01,高知県,-,-,-,食品,-,,160
2021-03-01,福岡県,-,-,-,食品,-,,709
2021-03-01,佐賀県,-,-,-,食品,-,,133
2021-03-01,長崎県,-,-,-,食品,-,,227
2021-03-01,熊本県,-,-,-,食品,-,,264
2021-03-01,大分県,-,-,-,食品,-,,199
2021-03-01,宮崎県,-,-,-,食品,-,,202
2021-03-01,鹿児島県,-,-,-,食品,-,,337
2021-03-01,沖縄県,-,-,-,食品,-,,261
2021-04-01,北海道,-,-,-,食品,-,,1041
2021-04-01,青森県,-,-,-,食品,-,,211
2021-04-01,岩手県,-,-,-,食品,-,,241
2021-04-01,宮城県,-,-,-,食品,-,,357
2021-04-01,秋田県,-,-,-,食品,-,,161
2021-04-01,山形県,-,-,-,食品,-,,221
2021-04-01,福島県,-,-,-,食品,-,,361
2021-04-01,茨城県,-,-,-,食品,-,,451
2021-04-01,栃木県,-,-,-,食品,-,,293
2021-04-01,群馬県,-,-,-,食品,-,,250
2021-04-01,埼玉県,-,-,-,食品,-,,1104
2021-04-01,千葉県,-,-,-,食品,-,,913
2021-04-01,東京都,-,-,-,食品,-,,2762
2021-04-01,神奈川県,-,-,-,食品,-,,1473
2021-04-01,新潟県,-,-,-,食品,-,,394
2021-04-01,山梨県,-,-,-,食品,-,,127
2021-04-01,長野県,-,-,-,食品,-,,300
2021-04-01,富山県,-,-,-,食品,-,,158
2021-04-01,石川県,-,-,-,食品,-,,176
2021-04-01,福井県,-,-,-,食品,-,,131
2021-04-01,岐阜県,-,-,-,食品,-,,255
2021-04-01,静岡県,-,-,-,食品,-,,616
2021-04-01,愛知県,-,-,-,食品,-,,912
2021-04-01,三重県,-,-,-,食品,-,,261
2021-04-01,滋賀県,-,-,-,食品,-,,186
2021-04-01,京都府,-,-,-,食品,-,,425
2021-04-01,大阪府,-,-,-,食品,-,,1321
2021-04-01,兵庫県,-,-,-,食品,-,,884
2021-04-01,奈良県,-,-,-,食品,-,,191
2021-04-01,和歌山県,-,-,-,食品,-,,164
2021-04-01,鳥取県,-,-,-,食品,-,,98
2021-04-01,島根県,-,-,-,食品,-,,181
2021-04-01,岡山県,-,-,-,食品,-,,349
2021-04-01,広島県,-,-,-,食品,-,,497
2021-04-01,山口県,-,-,-,食品,-,,238
2021-04-01,徳島県,-,-,-,食品,-,,152
2021-04-01,香川県,-,-,-,食品,-,,171
2021-04-01,愛媛県,-,-,-,食品,-,,252
2021-04-01,高知県,-,-,-,食品,-,,160
2021-04-01,福岡県,-,-,-,食品,-,,714
2021-04-01,佐賀県,-,-,-,食品,-,,133
2021-04-01,長崎県,-,-,-,食品,-,,227
2021-04-01,熊本県,-,-,-,食品,-,,268
2021-04-01,大分県,-,-,-,食品,-,,201
2021-04-01,宮崎県,-,-,-,食品,-,,202
2021-04-01,鹿児島県,-,-,-,食品,-,,337
2021-04-01,沖縄県,-,-,-,食品,-,,262
2021-05-01,北海道,-,-,-,食品,-,,1043
2021-05-01,青森県,-,-,-,食品,-,,212
2021-05-01,岩手県,-,-,-,食品,-,,244
2021-05-01,宮城県,-,-,-,食品,-,,357
2021-05-01,秋田県,-,-,-,食品,-,,162
2021-05-01,山形県,-,-,-,食品,-,,221
2021-05-01,福島県,-,-,-,食品,-,,362
2021-05-01,茨城県,-,-,-,食品,-,,451
2021-05-01,栃木県,-,-,-,食品,-,,294
2021-05-01,群馬県,-,-,-,食品,-,,250
2021-05-01,埼玉県,-,-,-,食品,-,,1108
2021-05-01,千葉県,-,-,-,食品,-,,913
2021-05-01,東京都,-,-,-,食品,-,,2768
2021-05-01,神奈川県,-,-,-,食品,-,,1479
2021-05-01,新潟県,-,-,-,食品,-,,396
2021-05-01,山梨県,-,-,-,食品,-,,128
2021-05-01,長野県,-,-,-,食品,-,,300
2021-05-01,富山県,-,-,-,食品,-,,158
2021-05-01,石川県,-,-,-,食品,-,,176
2021-05-01,福井県,-,-,-,食品,-,,132
2021-05-01,岐阜県,-,-,-,食品,-,,255
2021-05-01,静岡県,-,-,-,食品,-,,615
2021-05-01,愛知県,-,-,-,食品,-,,910
2021-05-01,三重県,-,-,-,食品,-,,260
2021-05-01,滋賀県,-,-,-,食品,-,,186
2021-05-01,京都府,-,-,-,食品,-,,425
2021-05-01,大阪府,-,-,-,食品,-,,1326
2021-05-01,兵庫県,-,-,-,食品,-,,886
2021-05-01,奈良県,-,-,-,食品,-,,193
2021-05-01,和歌山県,-,-,-,食品,-,,165
2021-05-01,鳥取県,-,-,-,食品,-,,98
2021-05-01,島根県,-,-,-,食品,-,,180
2021-05-01,岡山県,-,-,-,食品,-,,351
2021-05-01,広島県,-,-,-,食品,-,,501
2021-05-01,山口県,-,-,-,食品,-,,238
2021-05-01,徳島県,-,-,-,食品,-,,152
2021-05-01,香川県,-,-,-,食品,-,,171
2021-05-01,愛媛県,-,-,-,食品,-,,252
2021-05-01,高知県,-,-,-,食品,-,,160
2021-05-01,福岡県,-,-,-,食品,-,,712
2021-05-01,佐賀県,-,-,-,食品,-,,133
2021-05-01,長崎県,-,-,-,食品,-,,229
2021-05-01,熊本県,-,-,-,食品,-,,270
2021-05-01,大分県,-,-,-,食品,-,,199
2021-05-01,宮崎県,-,-,-,食品,-,,202
2021-05-01,鹿児島県,-,-,-,食品,-,,337
2021-05-01,沖縄県,-,-,-,食品,-,,263
2021-06-01,北海道,-,-,-,食品,-,,1041
2021-06-01,青森県,-,-,-,食品,-,,211
2021-06-01,岩手県,-,-,-,食品,-,,244
2021-06-01,宮城県,-,-,-,食品,-,,357
2021-06-01,秋田県,-,-,-,食品,-,,163
2021-06-01,山形県,-,-,-,食品,-,,221
2021-06-01,福島県,-,-,-,食品,-,,365
2021-06-01,茨城県,-,-,-,食品,-,,450
2021-06-01,栃木県,-,-,-,食品,-,,294
2021-06-01,群馬県,-,-,-,食品,-,,252
2021-06-01,埼玉県,-,-,-,食品,-,,1110
2021-06-01,千葉県,-,-,-,食品,-,,915
2021-06-01,東京都,-,-,-,食品,-,,2779
2021-06-01,神奈川県,-,-,-,食品,-,,1485
2021-06-01,新潟県,-,-,-,食品,-,,397
2021-06-01,山梨県,-,-,-,食品,-,,129
2021-06-01,長野県,-,-,-,食品,-,,301
2021-06-01,富山県,-,-,-,食品,-,,153
2021-06-01,石川県,-,-,-,食品,-,,175
2021-06-01,福井県,-,-,-,食品,-,,131
2021-06-01,岐阜県,-,-,-,食品,-,,255
2021-06-01,静岡県,-,-,-,食品,-,,615
2021-06-01,愛知県,-,-,-,食品,-,,908
2021-06-01,三重県,-,-,-,食品,-,,262
2021-06-01,滋賀県,-,-,-,食品,-,,186
2021-06-01,京都府,-,-,-,食品,-,,427
2021-06-01,大阪府,-,-,-,食品,-,,1326
2021-06-01,兵庫県,-,-,-,食品,-,,891
2021-06-01,奈良県,-,-,-,食品,-,,195
2021-06-01,和歌山県,-,-,-,食品,-,,165
2021-06-01,鳥取県,-,-,-,食品,-,,98
2021-06-01,島根県,-,-,-,食品,-,,180
2021-06-01,岡山県,-,-,-,食品,-,,351
2021-06-01,広島県,-,-,-,食品,-,,499
2021-06-01,山口県,-,-,-,食品,-,,238
2021-06-01,徳島県,-,-,-,食品,-,,152
2021-06-01,香川県,-,-,-,食品,-,,171
2021-06-01,愛媛県,-,-,-,食品,-,,253
2021-06-01,高知県,-,-,-,食品,-,,160
2021-06-01,福岡県,-,-,-,食品,-,,712
2021-06-01,佐賀県,-,-,-,食品,-,,132
2021-06-01,長崎県,-,-,-,食品,-,,230
2021-06-01,熊本県,-,-,-,食品,-,,268
2021-06-01,大分県,-,-,-,食品,-,,198
2021-06-01,宮崎県,-,-,-,食品,-,,202
2021-06-01,鹿児島県,-,-,-,食品,-,,337
2021-06-01,沖縄県,-,-,-,食品,-,,263
2021-07-01,北海道,-,-,-,食品,-,,1042
2021-07-01,青森県,-,-,-,食品,-,,211
2021-07-01,岩手県,-,-,-,食品,-,,245
2021-07-01,宮城県,-,-,-,食品,-,,358
2021-07-01,秋田県,-,-,-,食品,-,,163
2021-07-01,山形県,-,-,-,食品,-,,221
2021-07-01,福島県,-,-,-,食品,-,,366
2021-07-01,茨城県,-,-,-,食品,-,,450
2021-07-01,栃木県,-,-,-,食品,-,,294
2021-07-01,群馬県,-,-,-,食品,-,,254
2021-07-01,埼玉県,-,-,-,食品,-,,1113
2021-07-01,千葉県,-,-,-,食品,-,,916
2021-07-01,東京都,-,-,-,食品,-,,2792
2021-07-01,神奈川県,-,-,-,食品,-,,1487
2021-07-01,新潟県,-,-,-,食品,-,,399
2021-07-01,山梨県,-,-,-,食品,-,,128
2021-07-01,長野県,-,-,-,食品,-,,302
2021-07-01,富山県,-,-,-,食品,-,,158
2021-07-01,石川県,-,-,-,食品,-,,175
2021-07-01,福井県,-,-,-,食品,-,,132
2021-07-01,岐阜県,-,-,-,食品,-,,255
2021-07-01,静岡県,-,-,-,食品,-,,619
2021-07-01,愛知県,-,-,-,食品,-,,910
2021-07-01,三重県,-,-,-,食品,-,,261
2021-07-01,滋賀県,-,-,-,食品,-,,185
2021-07-01,京都府,-,-,-,食品,-,,430
2021-07-01,大阪府,-,-,-,食品,-,,1329
2021-07-01,兵庫県,-,-,-,食品,-,,891
2021-07-01,奈良県,-,-,-,食品,-,,195
2021-07-01,和歌山県,-,-,-,食品,-,,166
2021-07-01,鳥取県,-,-,-,食品,-,,98
2021-07-01,島根県,-,-,-,食品,-,,180
2021-07-01,岡山県,-,-,-,食品,-,,351
2021-07-01,広島県,-,-,-,食品,-,,500
2021-07-01,山口県,-,-,-,食品,-,,238
2021-07-01,徳島県,-,-,-,食品,-,,152
2021-07-01,香川県,-,-,-,食品,-,,172
2021-07-01,愛媛県,-,-,-,食品,-,,251
2021-07-01,高知県,-,-,-,食品,-,,161
2021-07-01,福岡県,-,-,-,食品,-,,714
2021-07-01,佐賀県,-,-,-,食品,-,,132
2021-07-01,長崎県,-,-,-,食品,-,,231
2021-07-01,熊本県,-,-,-,食品,-,,269
2021-07-01,大分県,-,-,-,食品,-,,200
2021-07-01,宮崎県,-,-,-,食品,-,,202
2021-07-01,鹿児島県,-,-,-,食品,-,,337
2021-07-01,沖縄県,-,-,-,食品,-,,264
2021-08-01,北海道,-,-,-,食品,-,,1045
2021-08-01,青森県,-,-,-,食品,-,,210
2021-08-01,岩手県,-,-,-,食品,-,,245
2021-08-01,宮城県,-,-,-,食品,-,,355
2021-08-01,秋田県,-,-,-,食品,-,,161
2021-08-01,山形県,-,-,-,食品,-,,220
2021-08-01,福島県,-,-,-,食品,-,,367
2021-08-01,茨城県,-,-,-,食品,-,,450
2021-08-01,栃木県,-,-,-,食品,-,,294
2021-08-01,群馬県,-,-,-,食品,-,,255
2021-08-01,埼玉県,-,-,-,食品,-,,1115
2021-08-01,千葉県,-,-,-,食品,-,,911
2021-08-01,東京都,-,-,-,食品,-,,2795
2021-08-01,神奈川県,-,-,-,食品,-,,1482
2021-08-01,新潟県,-,-,-,食品,-,,398
2021-08-01,山梨県,-,-,-,食品,-,,127
2021-08-01,長野県,-,-,-,食品,-,,301
2021-08-01,富山県,-,-,-,食品,-,,158
2021-08-01,石川県,-,-,-,食品,-,,173
2021-08-01,福井県,-,-,-,食品,-,,132
2021-08-01,岐阜県,-,-,-,食品,-,,254
2021-08-01,静岡県,-,-,-,食品,-,,619
2021-08-01,愛知県,-,-,-,食品,-,,909
2021-08-01,三重県,-,-,-,食品,-,,262
2021-08-01,滋賀県,-,-,-,食品,-,,185
2021-08-01,京都府,-,-,-,食品,-,,430
2021-08-01,大阪府,-,-,-,食品,-,,1332
2021-08-01,兵庫県,-,-,-,食品,-,,891
2021-08-01,奈良県,-,-,-,食品,-,,196
2021-08-01,和歌山県,-,-,-,食品,-,,166
2021-08-01,鳥取県,-,-,-,食品,-,,95
2021-08-01,島根県,-,-,-,食品,-,,177
2021-08-01,岡山県,-,-,-,食品,-,,352
2021-08-01,広島県,-,-,-,食品,-,,500
2021-08-01,山口県,-,-,-,食品,-,,236
2021-08-01,徳島県,-,-,-,食品,-,,151
2021-08-01,香川県,-,-,-,食品,-,,171
2021-08-01,愛媛県,-,-,-,食品,-,,250
2021-08-01,高知県,-,-,-,食品,-,,161
2021-08-01,福岡県,-,-,-,食品,-,,714
2021-08-01,佐賀県,-,-,-,食品,-,,133
2021-08-01,長崎県,-,-,-,食品,-,,231
2021-08-01,熊本県,-,-,-,食品,-,,268
2021-08-01,大分県,-,-,-,食品,-,,199
2021-08-01,宮崎県,-,-,-,食品,-,,200
2021-08-01,鹿児島県,-,-,-,食品,-,,334
2021-08-01,沖縄県,-,-,-,食品,-,,264
2021-09-01,北海道,-,-,-,食品,-,,1044
2021-09-01,青森県,-,-,-,食品,-,,209
2021-09-01,岩手県,-,-,-,食品,-,,245
2021-09-01,宮城県,-,-,-,食品,-,,356
2021-09-01,秋田県,-,-,-,食品,-,,161
2021-09-01,山形県,-,-,-,食品,-,,220
2021-09-01,福島県,-,-,-,食品,-,,367
2021-09-01,茨城県,-,-,-,食品,-,,452
2021-09-01,栃木県,-,-,-,食品,-,,296
2021-09-01,群馬県,-,-,-,食品,-,,253
2021-09-01,埼玉県,-,-,-,食品,-,,1113
2021-09-01,千葉県,-,-,-,食品,-,,911
2021-09-01,東京都,-,-,-,食品,-,,2809
2021-09-01,神奈川県,-,-,-,食品,-,,1479
2021-09-01,新潟県,-,-,-,食品,-,,399
2021-09-01,山梨県,-,-,-,食品,-,,128
2021-09-01,長野県,-,-,-,食品,-,,301
2021-09-01,富山県,-,-,-,食品,-,,158
2021-09-01,石川県,-,-,-,食品,-,,173
2021-09-01,福井県,-,-,-,食品,-,,133
2021-09-01,岐阜県,-,-,-,食品,-,,253
2021-09-01,静岡県,-,-,-,食品,-,,618
2021-09-01,愛知県,-,-,-,食品,-,,911
2021-09-01,三重県,-,-,-,食品,-,,263
2021-09-01,滋賀県,-,-,-,食品,-,,188
2021-09-01,京都府,-,-,-,食品,-,,427
2021-09-01,大阪府,-,-,-,食品,-,,1334
2021-09-01,兵庫県,-,-,-,食品,-,,893
2021-09-01,奈良県,-,-,-,食品,-,,194
2021-09-01,和歌山県,-,-,-,食品,-,,165
2021-09-01,鳥取県,-,-,-,食品,-,,95
2021-09-01,島根県,-,-,-,食品,-,,177
2021-09-01,岡山県,-,-,-,食品,-,,352
2021-09-01,広島県,-,-,-,食品,-,,501
2021-09-01,山口県,-,-,-,食品,-,,236
2021-09-01,徳島県,-,-,-,食品,-,,151
2021-09-01,香川県,-,-,-,食品,-,,171
2021-09-01,愛媛県,-,-,-,食品,-,,252
2021-09-01,高知県,-,-,-,食品,-,,160
2021-09-01,福岡県,-,-,-,食品,-,,715
2021-09-01,佐賀県,-,-,-,食品,-,,132
2021-09-01,長崎県,-,-,-,食品,-,,232
2021-09-01,熊本県,-,-,-,食品,-,,269
2021-09-01,大分県,-,-,-,食品,-,,200
2021-09-01,宮崎県,-,-,-,食品,-,,200
2021-09-01,鹿児島県,-,-,-,食品,-,,335
2021-09-01,沖縄県,-,-,-,食品,-,,265
2021-10-01,北海道,-,-,-,食品,-,,1045
2021-10-01,青森県,-,-,-,食品,-,,210
2021-10-01,岩手県,-,-,-,食品,-,,245
2021-10-01,宮城県,-,-,-,食品,-,,357
2021-10-01,秋田県,-,-,-,食品,-,,162
2021-10-01,山形県,-,-,-,食品,-,,220
2021-10-01,福島県,-,-,-,食品,-,,364
2021-10-01,茨城県,-,-,-,食品,-,,452
2021-10-01,栃木県,-,-,-,食品,-,,292
2021-10-01,群馬県,-,-,-,食品,-,,252
2021-10-01,埼玉県,-,-,-,食品,-,,1113
2021-10-01,千葉県,-,-,-,食品,-,,920
2021-10-01,東京都,-,-,-,食品,-,,2816
2021-10-01,神奈川県,-,-,-,食品,-,,1479
2021-10-01,新潟県,-,-,-,食品,-,,399
2021-10-01,山梨県,-,-,-,食品,-,,128
2021-10-01,長野県,-,-,-,食品,-,,302
2021-10-01,富山県,-,-,-,食品,-,,159
2021-10-01,石川県,-,-,-,食品,-,,173
2021-10-01,福井県,-,-,-,食品,-,,133
2021-10-01,岐阜県,-,-,-,食品,-,,254
2021-10-01,静岡県,-,-,-,食品,-,,617
2021-10-01,愛知県,-,-,-,食品,-,,914
2021-10-01,三重県,-,-,-,食品,-,,261
2021-10-01,滋賀県,-,-,-,食品,-,,188
2021-10-01,京都府,-,-,-,食品,-,,428
2021-10-01,大阪府,-,-,-,食品,-,,1336
2021-10-01,兵庫県,-,-,-,食品,-,,894
2021-10-01,奈良県,-,-,-,食品,-,,193
2021-10-01,和歌山県,-,-,-,食品,-,,165
2021-10-01,鳥取県,-,-,-,食品,-,,96
2021-10-01,島根県,-,-,-,食品,-,,177
2021-10-01,岡山県,-,-,-,食品,-,,351
2021-10-01,広島県,-,-,-,食品,-,,503
2021-10-01,山口県,-,-,-,食品,-,,233
2021-10-01,徳島県,-,-,-,食品,-,,151
2021-10-01,香川県,-,-,-,食品,-,,171
2021-10-01,愛媛県,-,-,-,食品,-,,252
2021-10-01,高知県,-,-,-,食品,-,,159
2021-10-01,福岡県,-,-,-,食品,-,,715
2021-10-01,佐賀県,-,-,-,食品,-,,131
2021-10-01,長崎県,-,-,-,食品,-,,233
2021-10-01,熊本県,-,-,-,食品,-,,272
2021-10-01,大分県,-,-,-,食品,-,,202
2021-10-01,宮崎県,-,-,-,食品,-,,203
2021-10-01,鹿児島県,-,-,-,食品,-,,352
2021-10-01,沖縄県,-,-,-,食品,-,,265
2021-11-01,北海道,-,-,-,食品,-,,1047
2021-11-01,青森県,-,-,-,食品,-,,211
2021-11-01,岩手県,-,-,-,食品,-,,245
2021-11-01,宮城県,-,-,-,食品,-,,357
2021-11-01,秋田県,-,-,-,食品,-,,162
2021-11-01,山形県,-,-,-,食品,-,,227
2021-11-01,福島県,-,-,-,食品,-,,366
2021-11-01,茨城県,-,-,-,食品,-,,452
2021-11-01,栃木県,-,-,-,食品,-,,294
2021-11-01,群馬県,-,-,-,食品,-,,252
2021-11-01,埼玉県,-,-,-,食品,-,,1114
2021-11-01,千葉県,-,-,-,食品,-,,921
2021-11-01,東京都,-,-,-,食品,-,,2814
2021-11-01,神奈川県,-,-,-,食品,-,,1481
2021-11-01,新潟県,-,-,-,食品,-,,402
2021-11-01,山梨県,-,-,-,食品,-,,127
2021-11-01,長野県,-,-,-,食品,-,,302
2021-11-01,富山県,-,-,-,食品,-,,158
2021-11-01,石川県,-,-,-,食品,-,,174
2021-11-01,福井県,-,-,-,食品,-,,134
2021-11-01,岐阜県,-,-,-,食品,-,,254
2021-11-01,静岡県,-,-,-,食品,-,,620
2021-11-01,愛知県,-,-,-,食品,-,,917
2021-11-01,三重県,-,-,-,食品,-,,261
2021-11-01,滋賀県,-,-,-,食品,-,,188
2021-11-01,京都府,-,-,-,食品,-,,427
2021-11-01,大阪府,-,-,-,食品,-,,1335
2021-11-01,兵庫県,-,-,-,食品,-,,890
2021-11-01,奈良県,-,-,-,食品,-,,192
2021-11-01,和歌山県,-,-,-,食品,-,,165
2021-11-01,鳥取県,-,-,-,食品,-,,96
2021-11-01,島根県,-,-,-,食品,-,,177
2021-11-01,岡山県,-,-,-,食品,-,,345
2021-11-01,広島県,-,-,-,食品,-,,499
2021-11-01,山口県,-,-,-,食品,-,,233
2021-11-01,徳島県,-,-,-,食品,-,,151
2021-11-01,香川県,-,-,-,食品,-,,171
2021-11-01,愛媛県,-,-,-,食品,-,,252
2021-11-01,高知県,-,-,-,食品,-,,160
2021-11-01,福岡県,-,-,-,食品,-,,720
2021-11-01,佐賀県,-,-,-,食品,-,,131
2021-11-01,長崎県,-,-,-,食品,-,,230
2021-11-01,熊本県,-,-,-,食品,-,,273
2021-11-01,大分県,-,-,-,食品,-,,204
2021-11-01,宮崎県,-,-,-,食品,-,,203
2021-11-01,鹿児島県,-,-,-,食品,-,,353
2021-11-01,沖縄県,-,-,-,食品,-,,265
2021-12-01,北海道,-,-,-,食品,-,,1050
2021-12-01,青森県,-,-,-,食品,-,,211
2021-12-01,岩手県,-,-,-,食品,-,,245
2021-12-01,宮城県,-,-,-,食品,-,,358
2021-12-01,秋田県,-,-,-,食品,-,,162
2021-12-01,山形県,-,-,-,食品,-,,227
2021-12-01,福島県,-,-,-,食品,-,,365
2021-12-01,茨城県,-,-,-,食品,-,,452
2021-12-01,栃木県,-,-,-,食品,-,,295
2021-12-01,群馬県,-,-,-,食品,-,,252
2021-12-01,埼玉県,-,-,-,食品,-,,1120
2021-12-01,千葉県,-,-,-,食品,-,,922
2021-12-01,東京都,-,-,-,食品,-,,2815
2021-12-01,神奈川県,-,-,-,食品,-,,1488
2021-12-01,新潟県,-,-,-,食品,-,,405
2021-12-01,山梨県,-,-,-,食品,-,,127
2021-12-01,長野県,-,-,-,食品,-,,300
2021-12-01,富山県,-,-,-,食品,-,,159
2021-12-01,石川県,-,-,-,食品,-,,174
2021-12-01,福井県,-,-,-,食品,-,,136
2021-12-01,岐阜県,-,-,-,食品,-,,254
2021-12-01,静岡県,-,-,-,食品,-,,620
2021-12-01,愛知県,-,-,-,食品,-,,917
2021-12-01,三重県,-,-,-,食品,-,,262
2021-12-01,滋賀県,-,-,-,食品,-,,188
2021-12-01,京都府,-,-,-,食品,-,,428
2021-12-01,大阪府,-,-,-,食品,-,,1339
2021-12-01,兵庫県,-,-,-,食品,-,,892
2021-12-01,奈良県,-,-,-,食品,-,,194
2021-12-01,和歌山県,-,-,-,食品,-,,165
2021-12-01,鳥取県,-,-,-,食品,-,,96
2021-12-01,島根県,-,-,-,食品,-,,178
2021-12-01,岡山県,-,-,-,食品,-,,345
2021-12-01,広島県,-,-,-,食品,-,,500
2021-12-01,山口県,-,-,-,食品,-,,234
2021-12-01,徳島県,-,-,-,食品,-,,151
2021-12-01,香川県,-,-,-,食品,-,,171
2021-12-01,愛媛県,-,-,-,食品,-,,250
2021-12-01,高知県,-,-,-,食品,-,,160
2021-12-01,福岡県,-,-,-,食品,-,,721
2021-12-01,佐賀県,-,-,-,食品,-,,131
2021-12-01,長崎県,-,-,-,食品,-,,232
2021-12-01,熊本県,-,-,-,食品,-,,273
2021-12-01,大分県,-,-,-,食品,-,,206
2021-12-01,宮崎県,-,-,-,食品,-,,203
2021-12-01,鹿児島県,-,-,-,食品,-,,354
2021-12-01,沖縄県,-,-,-,食品,-,,265
2022-01-01,北海道,-,-,-,食品,-,,1049
2022-01-01,青森県,-,-,-,食品,-,,211
2022-01-01,岩手県,-,-,-,食品,-,,246
2022-01-01,宮城県,-,-,-,食品,-,,358
2022-01-01,秋田県,-,-,-,食品,-,,162
2022-01-01,山形県,-,-,-,食品,-,,228
2022-01-01,福島県,-,-,-,食品,-,,366
2022-01-01,茨城県,-,-,-,食品,-,,458
2022-01-01,栃木県,-,-,-,食品,-,,297
2022-01-01,群馬県,-,-,-,食品,-,,253
2022-01-01,埼玉県,-,-,-,食品,-,,1119
2022-01-01,千葉県,-,-,-,食品,-,,917
2022-01-01,東京都,-,-,-,食品,-,,2818
2022-01-01,神奈川県,-,-,-,食品,-,,1488
2022-01-01,新潟県,-,-,-,食品,-,,405
2022-01-01,山梨県,-,-,-,食品,-,,127
2022-01-01,長野県,-,-,-,食品,-,,299
2022-01-01,富山県,-,-,-,食品,-,,159
2022-01-01,石川県,-,-,-,食品,-,,174
2022-01-01,福井県,-,-,-,食品,-,,136
2022-01-01,岐阜県,-,-,-,食品,-,,253
2022-01-01,静岡県,-,-,-,食品,-,,618
2022-01-01,愛知県,-,-,-,食品,-,,917
2022-01-01,三重県,-,-,-,食品,-,,262
2022-01-01,滋賀県,-,-,-,食品,-,,187
2022-01-01,京都府,-,-,-,食品,-,,426
2022-01-01,大阪府,-,-,-,食品,-,,1345
2022-01-01,兵庫県,-,-,-,食品,-,,893
2022-01-01,奈良県,-,-,-,食品,-,,193
2022-01-01,和歌山県,-,-,-,食品,-,,165
2022-01-01,鳥取県,-,-,-,食品,-,,96
2022-01-01,島根県,-,-,-,食品,-,,177
2022-01-01,岡山県,-,-,-,食品,-,,342
2022-01-01,広島県,-,-,-,食品,-,,499
2022-01-01,山口県,-,-,-,食品,-,,234
2022-01-01,徳島県,-,-,-,食品,-,,151
2022-01-01,香川県,-,-,-,食品,-,,171
2022-01-01,愛媛県,-,-,-,食品,-,,245
2022-01-01,高知県,-,-,-,食品,-,,160
2022-01-01,福岡県,-,-,-,食品,-,,719
2022-01-01,佐賀県,-,-,-,食品,-,,132
2022-01-01,長崎県,-,-,-,食品,-,,233
2022-01-01,熊本県,-,-,-,食品,-,,271
2022-01-01,大分県,-,-,-,食品,-,,207
2022-01-01,宮崎県,-,-,-,食品,-,,202
2022-01-01,鹿児島県,-,-,-,食品,-,,354
2022-01-01,沖縄県,-,-,-,食品,-,,266
2022-02-01,北海道,-,-,-,食品,-,,1047
2022-02-01,青森県,-,-,-,食品,-,,212
2022-02-01,岩手県,-,-,-,食品,-,,239
2022-02-01,宮城県,-,-,-,食品,-,,355
2022-02-01,秋田県,-,-,-,食品,-,,162
2022-02-01,山形県,-,-,-,食品,-,,227
2022-02-01,福島県,-,-,-,食品,-,,365
2022-02-01,茨城県,-,-,-,食品,-,,457
2022-02-01,栃木県,-,-,-,食品,-,,295
2022-02-01,群馬県,-,-,-,食品,-,,254
2022-02-01,埼玉県,-,-,-,食品,-,,1116
2022-02-01,千葉県,-,-,-,食品,-,,916
2022-02-01,東京都,-,-,-,食品,-,,2813
2022-02-01,神奈川県,-,-,-,食品,-,,1486
2022-02-01,新潟県,-,-,-,食品,-,,405
2022-02-01,山梨県,-,-,-,食品,-,,127
2022-02-01,長野県,-,-,-,食品,-,,302
2022-02-01,富山県,-,-,-,食品,-,,159
2022-02-01,石川県,-,-,-,食品,-,,174
2022-02-01,福井県,-,-,-,食品,-,,137
2022-02-01,岐阜県,-,-,-,食品,-,,252
2022-02-01,静岡県,-,-,-,食品,-,,618
2022-02-01,愛知県,-,-,-,食品,-,,916
2022-02-01,三重県,-,-,-,食品,-,,263
2022-02-01,滋賀県,-,-,-,食品,-,,187
2022-02-01,京都府,-,-,-,食品,-,,429
2022-02-01,大阪府,-,-,-,食品,-,,1351
2022-02-01,兵庫県,-,-,-,食品,-,,891
2022-02-01,奈良県,-,-,-,食品,-,,194
2022-02-01,和歌山県,-,-,-,食品,-,,163
2022-02-01,鳥取県,-,-,-,食品,-,,96
2022-02-01,島根県,-,-,-,食品,-,,176
2022-02-01,岡山県,-,-,-,食品,-,,342
2022-02-01,広島県,-,-,-,食品,-,,499
2022-02-01,山口県,-,-,-,食品,-,,234
2022-02-01,徳島県,-,-,-,食品,-,,151
2022-02-01,香川県,-,-,-,食品,-,,172
2022-02-01,愛媛県,-,-,-,食品,-,,245
2022-02-01,高知県,-,-,-,食品,-,,160
2022-02-01,福岡県,-,-,-,食品,-,,718
2022-02-01,佐賀県,-,-,-,食品,-,,131
2022-02-01,長崎県,-,-,-,食品,-,,231
2022-02-01,熊本県,-,-,-,食品,-,,271
2022-02-01,大分県,-,-,-,食品,-,,207
2022-02-01,宮崎県,-,-,-,食品,-,,202
2022-02-01,鹿児島県,-,-,-,食品,-,,353
2022-02-01,沖縄県,-,-,-,食品,-,,266
2022-03-01,北海道,-,-,-,食品,-,,1045
2022-03-01,青森県,-,-,-,食品,-,,211
2022-03-01,岩手県,-,-,-,食品,-,,237
2022-03-01,宮城県,-,-,-,食品,-,,350
2022-03-01,秋田県,-,-,-,食品,-,,160
2022-03-01,山形県,-,-,-,食品,-,,227
2022-03-01,福島県,-,-,-,食品,-,,350
2022-03-01,茨城県,-,-,-,食品,-,,459
2022-03-01,栃木県,-,-,-,食品,-,,296
2022-03-01,群馬県,-,-,-,食品,-,,255
2022-03-01,埼玉県,-,-,-,食品,-,,1122
2022-03-01,千葉県,-,-,-,食品,-,,917
2022-03-01,東京都,-,-,-,食品,-,,2826
2022-03-01,神奈川県,-,-,-,食品,-,,1494
2022-03-01,新潟県,-,-,-,食品,-,,405
2022-03-01,山梨県,-,-,-,食品,-,,127
2022-03-01,長野県,-,-,-,食品,-,,297
2022-03-01,富山県,-,-,-,食品,-,,159
2022-03-01,石川県,-,-,-,食品,-,,172
2022-03-01,福井県,-,-,-,食品,-,,137
2022-03-01,岐阜県,-,-,-,食品,-,,251
2022-03-01,静岡県,-,-,-,食品,-,,616
2022-03-01,愛知県,-,-,-,食品,-,,922
2022-03-01,三重県,-,-,-,食品,-,,264
2022-03-01,滋賀県,-,-,-,食品,-,,186
2022-03-01,京都府,-,-,-,食品,-,,430
2022-03-01,大阪府,-,-,-,食品,-,,1353
2022-03-01,兵庫県,-,-,-,食品,-,,894
2022-03-01,奈良県,-,-,-,食品,-,,194
2022-03-01,和歌山県,-,-,-,食品,-,,165
2022-03-01,鳥取県,-,-,-,食品,-,,97
2022-03-01,島根県,-,-,-,食品,-,,175
2022-03-01,岡山県,-,-,-,食品,-,,342
2022-03-01,広島県,-,-,-,食品,-,,500
2022-03-01,山口県,-,-,-,食品,-,,235
2022-03-01,徳島県,-,-,-,食品,-,,151
2022-03-01,香川県,-,-,-,食品,-,,173
2022-03-01,愛媛県,-,-,-,食品,-,,249
2022-03-01,高知県,-,-,-,食品,-,,159
2022-03-01,福岡県,-,-,-,食品,-,,722
2022-03-01,佐賀県,-,-,-,食品,-,,131
2022-03-01,長崎県,-,-,-,食品,-,,231
2022-03-01,熊本県,-,-,-,食品,-,,270
2022-03-01,大分県,-,-,-,食品,-,,207
2022-03-01,宮崎県,-,-,-,食品,-,,203
2022-03-01,鹿児島県,-,-,-,食品,-,,354
2022-03-01,沖縄県,-,-,-,食品,-,,267
2022-04-01,北海道,-,-,-,食品,-,,1046
2022-04-01,青森県,-,-,-,食品,-,,212
2022-04-01,岩手県,-,-,-,食品,-,,236
2022-04-01,宮城県,-,-,-,食品,-,,354
2022-04-01,秋田県,-,-,-,食品,-,,160
2022-04-01,山形県,-,-,-,食品,-,,227
2022-04-01,福島県,-,-,-,食品,-,,352
2022-04-01,茨城県,-,-,-,食品,-,,462
2022-04-01,栃木県,-,-,-,食品,-,,300
2022-04-01,群馬県,-,-,-,食品,-,,255
2022-04-01,埼玉県,-,-,-,食品,-,,1125
2022-04-01,千葉県,-,-,-,食品,-,,921
2022-04-01,東京都,-,-,-,食品,-,,2831
2022-04-01,神奈川県,-,-,-,食品,-,,1493
2022-04-01,新潟県,-,-,-,食品,-,,407
2022-04-01,山梨県,-,-,-,食品,-,,126
2022-04-01,長野県,-,-,-,食品,-,,296
2022-04-01,富山県,-,-,-,食品,-,,158
2022-04-01,石川県,-,-,-,食品,-,,172
2022-04-01,福井県,-,-,-,食品,-,,137
2022-04-01,岐阜県,-,-,-,食品,-,,252
2022-04-01,静岡県,-,-,-,食品,-,,617
2022-04-01,愛知県,-,-,-,食品,-,,919
2022-04-01,三重県,-,-,-,食品,-,,264
2022-04-01,滋賀県,-,-,-,食品,-,,184
2022-04-01,京都府,-,-,-,食品,-,,430
2022-04-01,大阪府,-,-,-,食品,-,,1362
2022-04-01,兵庫県,-,-,-,食品,-,,898
2022-04-01,奈良県,-,-,-,食品,-,,194
2022-04-01,和歌山県,-,-,-,食品,-,,165
2022-04-01,鳥取県,-,-,-,食品,-,,97
2022-04-01,島根県,-,-,-,食品,-,,174
2022-04-01,岡山県,-,-,-,食品,-,,342
2022-04-01,広島県,-,-,-,食品,-,,502
2022-04-01,山口県,-,-,-,食品,-,,234
2022-04-01,徳島県,-,-,-,食品,-,,152
2022-04-01,香川県,-,-,-,食品,-,,173
2022-04-01,愛媛県,-,-,-,食品,-,,249
2022-04-01,高知県,-,-,-,食品,-,,158
2022-04-01,福岡県,-,-,-,食品,-,,724
2022-04-01,佐賀県,-,-,-,食品,-,,132
2022-04-01,長崎県,-,-,-,食品,-,,229
2022-04-01,熊本県,-,-,-,食品,-,,272
2022-04-01,大分県,-,-,-,食品,-,,208
2022-04-01,宮崎県,-,-,-,食品,-,,203
2022-04-01,鹿児島県,-,-,-,食品,-,,354
2022-04-01,沖縄県,-,-,-,食品,-,,266
2022-05-01,北海道,-,-,-,食品,-,,1045
2022-05-01,青森県,-,-,-,食品,-,,212
2022-05-01,岩手県,-,-,-,食品,-,,236
2022-05-01,宮城県,-,-,-,食品,-,,354
2022-05-01,秋田県,-,-,-,食品,-,,160
2022-05-01,山形県,-,-,-,食品,-,,227
2022-05-01,福島県,-,-,-,食品,-,,354
2022-05-01,茨城県,-,-,-,食品,-,,463
2022-05-01,栃木県,-,-,-,食品,-,,300
2022-05-01,群馬県,-,-,-,食品,-,,255
2022-05-01,埼玉県,-,-,-,食品,-,,1129
2022-05-01,千葉県,-,-,-,食品,-,,922
2022-05-01,東京都,-,-,-,食品,-,,2829
2022-05-01,神奈川県,-,-,-,食品,-,,1496
2022-05-01,新潟県,-,-,-,食品,-,,406
2022-05-01,山梨県,-,-,-,食品,-,,126
2022-05-01,長野県,-,-,-,食品,-,,298
2022-05-01,富山県,-,-,-,食品,-,,158
2022-05-01,石川県,-,-,-,食品,-,,172
2022-05-01,福井県,-,-,-,食品,-,,137
2022-05-01,岐阜県,-,-,-,食品,-,,254
2022-05-01,静岡県,-,-,-,食品,-,,617
2022-05-01,愛知県,-,-,-,食品,-,,923
2022-05-01,三重県,-,-,-,食品,-,,264
2022-05-01,滋賀県,-,-,-,食品,-,,185
2022-05-01,京都府,-,-,-,食品,-,,430
2022-05-01,大阪府,-,-,-,食品,-,,1361
2022-05-01,兵庫県,-,-,-,食品,-,,899
2022-05-01,奈良県,-,-,-,食品,-,,194
2022-05-01,和歌山県,-,-,-,食品,-,,166
2022-05-01,鳥取県,-,-,-,食品,-,,97
2022-05-01,島根県,-,-,-,食品,-,,174
2022-05-01,岡山県,-,-,-,食品,-,,342
2022-05-01,広島県,-,-,-,食品,-,,504
2022-05-01,山口県,-,-,-,食品,-,,235
2022-05-01,徳島県,-,-,-,食品,-,,151
2022-05-01,香川県,-,-,-,食品,-,,173
2022-05-01,愛媛県,-,-,-,食品,-,,249
2022-05-01,高知県,-,-,-,食品,-,,159
2022-05-01,福岡県,-,-,-,食品,-,,724
2022-05-01,佐賀県,-,-,-,食品,-,,132
2022-05-01,長崎県,-,-,-,食品,-,,230
2022-05-01,熊本県,-,-,-,食品,-,,275
2022-05-01,大分県,-,-,-,食品,-,,208
2022-05-01,宮崎県,-,-,-,食品,-,,201
2022-05-01,鹿児島県,-,-,-,食品,-,,354
2022-05-01,沖縄県,-,-,-,食品,-,,266
2022-06-01,北海道,-,-,-,食品,-,,1045
2022-06-01,青森県,-,-,-,食品,-,,212
2022-06-01,岩手県,-,-,-,食品,-,,239
2022-06-01,宮城県,-,-,-,食品,-,,354
2022-06-01,秋田県,-,-,-,食品,-,,159
2022-06-01,山形県,-,-,-,食品,-,,228
2022-06-01,福島県,-,-,-,食品,-,,354
2022-06-01,茨城県,-,-,-,食品,-,,461
2022-06-01,栃木県,-,-,-,食品,-,,299
2022-06-01,群馬県,-,-,-,食品,-,,255
2022-06-01,埼玉県,-,-,-,食品,-,,1130
2022-06-01,千葉県,-,-,-,食品,-,,916
2022-06-01,東京都,-,-,-,食品,-,,2832
2022-06-01,神奈川県,-,-,-,食品,-,,1498
2022-06-01,新潟県,-,-,-,食品,-,,404
2022-06-01,山梨県,-,-,-,食品,-,,126
2022-06-01,長野県,-,-,-,食品,-,,299
2022-06-01,富山県,-,-,-,食品,-,,158
2022-06-01,石川県,-,-,-,食品,-,,172
2022-06-01,福井県,-,-,-,食品,-,,140
2022-06-01,岐阜県,-,-,-,食品,-,,256
2022-06-01,静岡県,-,-,-,食品,-,,617
2022-06-01,愛知県,-,-,-,食品,-,,923
2022-06-01,三重県,-,-,-,食品,-,,264
2022-06-01,滋賀県,-,-,-,食品,-,,184
2022-06-01,京都府,-,-,-,食品,-,,431
2022-06-01,大阪府,-,-,-,食品,-,,1363
2022-06-01,兵庫県,-,-,-,食品,-,,895
2022-06-01,奈良県,-,-,-,食品,-,,193
2022-06-01,和歌山県,-,-,-,食品,-,,168
2022-06-01,鳥取県,-,-,-,食品,-,,98
2022-06-01,島根県,-,-,-,食品,-,,174
2022-06-01,岡山県,-,-,-,食品,-,,338
2022-06-01,広島県,-,-,-,食品,-,,503
2022-06-01,山口県,-,-,-,食品,-,,235
2022-06-01,徳島県,-,-,-,食品,-,,151
2022-06-01,香川県,-,-,-,食品,-,,173
2022-06-01,愛媛県,-,-,-,食品,-,,249
2022-06-01,高知県,-,-,-,食品,-,,159
2022-06-01,福岡県,-,-,-,食品,-,,727
2022-06-01,佐賀県,-,-,-,食品,-,,132
2022-06-01,長崎県,-,-,-,食品,-,,230
2022-06-01,熊本県,-,-,-,食品,-,,275
2022-06-01,大分県,-,-,-,食品,-,,208
2022-06-01,宮崎県,-,-,-,食品,-,,200
2022-06-01,鹿児島県,-,-,-,食品,-,,354
2022-06-01,沖縄県,-,-,-,食品,-,,266
2022-07-01,北海道,-,-,-,食品,-,,1042
2022-07-01,青森県,-,-,-,食品,-,,212
2022-07-01,岩手県,-,-,-,食品,-,,239
2022-07-01,宮城県,-,-,-,食品,-,,355
2022-07-01,秋田県,-,-,-,食品,-,,159
2022-07-01,山形県,-,-,-,食品,-,,228
2022-07-01,福島県,-,-,-,食品,-,,355
2022-07-01,茨城県,-,-,-,食品,-,,463
2022-07-01,栃木県,-,-,-,食品,-,,300
2022-07-01,群馬県,-,-,-,食品,-,,251
2022-07-01,埼玉県,-,-,-,食品,-,,1131
2022-07-01,千葉県,-,-,-,食品,-,,912
2022-07-01,東京都,-,-,-,食品,-,,2834
2022-07-01,神奈川県,-,-,-,食品,-,,1499
2022-07-01,新潟県,-,-,-,食品,-,,406
2022-07-01,山梨県,-,-,-,食品,-,,127
2022-07-01,長野県,-,-,-,食品,-,,299
2022-07-01,富山県,-,-,-,食品,-,,159
2022-07-01,石川県,-,-,-,食品,-,,172
2022-07-01,福井県,-,-,-,食品,-,,139
2022-07-01,岐阜県,-,-,-,食品,-,,257
2022-07-01,静岡県,-,-,-,食品,-,,619
2022-07-01,愛知県,-,-,-,食品,-,,924
2022-07-01,三重県,-,-,-,食品,-,,263
2022-07-01,滋賀県,-,-,-,食品,-,,184
2022-07-01,京都府,-,-,-,食品,-,,434
2022-07-01,大阪府,-,-,-,食品,-,,1360
2022-07-01,兵庫県,-,-,-,食品,-,,898
2022-07-01,奈良県,-,-,-,食品,-,,194
2022-07-01,和歌山県,-,-,-,食品,-,,167
2022-07-01,鳥取県,-,-,-,食品,-,,98
2022-07-01,島根県,-,-,-,食品,-,,174
2022-07-01,岡山県,-,-,-,食品,-,,338
2022-07-01,広島県,-,-,-,食品,-,,501
2022-07-01,山口県,-,-,-,食品,-,,235
2022-07-01,徳島県,-,-,-,食品,-,,151
2022-07-01,香川県,-,-,-,食品,-,,170
2022-07-01,愛媛県,-,-,-,食品,-,,249
2022-07-01,高知県,-,-,-,食品,-,,160
2022-07-01,福岡県,-,-,-,食品,-,,729
2022-07-01,佐賀県,-,-,-,食品,-,,131
2022-07-01,長崎県,-,-,-,食品,-,,229
2022-07-01,熊本県,-,-,-,食品,-,,275
2022-07-01,大分県,-,-,-,食品,-,,208
2022-07-01,宮崎県,-,-,-,食品,-,,201
2022-07-01,鹿児島県,-,-,-,食品,-,,353
2022-07-01,沖縄県,-,-,-,食品,-,,267
2022-08-01,北海道,-,-,-,食品,-,,1041
2022-08-01,青森県,-,-,-,食品,-,,214
2022-08-01,岩手県,-,-,-,食品,-,,239
2022-08-01,宮城県,-,-,-,食品,-,,369
2022-08-01,秋田県,-,-,-,食品,-,,160
2022-08-01,山形県,-,-,-,食品,-,,230
2022-08-01,福島県,-,-,-,食品,-,,358
2022-08-01,茨城県,-,-,-,食品,-,,469
2022-08-01,栃木県,-,-,-,食品,-,,301
2022-08-01,群馬県,-,-,-,食品,-,,251
2022-08-01,埼玉県,-,-,-,食品,-,,1134
2022-08-01,千葉県,-,-,-,食品,-,,913
2022-08-01,東京都,-,-,-,食品,-,,2834
2022-08-01,神奈川県,-,-,-,食品,-,,1500
2022-08-01,新潟県,-,-,-,食品,-,,408
2022-08-01,山梨県,-,-,-,食品,-,,128
2022-08-01,長野県,-,-,-,食品,-,,299
2022-08-01,富山県,-,-,-,食品,-,,166
2022-08-01,石川県,-,-,-,食品,-,,179
2022-08-01,福井県,-,-,-,食品,-,,139
2022-08-01,岐阜県,-,-,-,食品,-,,259
2022-08-01,静岡県,-,-,-,食品,-,,622
2022-08-01,愛知県,-,-,-,食品,-,,929
2022-08-01,三重県,-,-,-,食品,-,,264
2022-08-01,滋賀県,-,-,-,食品,-,,185
2022-08-01,京都府,-,-,-,食品,-,,434
2022-08-01,大阪府,-,-,-,食品,-,,1366
2022-08-01,兵庫県,-,-,-,食品,-,,896
2022-08-01,奈良県,-,-,-,食品,-,,193
2022-08-01,和歌山県,-,-,-,食品,-,,168
2022-08-01,鳥取県,-,-,-,食品,-,,97
2022-08-01,島根県,-,-,-,食品,-,,171
2022-08-01,岡山県,-,-,-,食品,-,,339
2022-08-01,広島県,-,-,-,食品,-,,505
2022-08-01,山口県,-,-,-,食品,-,,234
2022-08-01,徳島県,-,-,-,食品,-,,151
2022-08-01,香川県,-,-,-,食品,-,,168
2022-08-01,愛媛県,-,-,-,食品,-,,250
2022-08-01,高知県,-,-,-,食品,-,,161
2022-08-01,福岡県,-,-,-,食品,-,,728
2022-08-01,佐賀県,-,-,-,食品,-,,131
2022-08-01,長崎県,-,-,-,食品,-,,229
2022-08-01,熊本県,-,-,-,食品,-,,276
2022-08-01,大分県,-,-,-,食品,-,,207
2022-08-01,宮崎県,-,-,-,食品,-,,200
2022-08-01,鹿児島県,-,-,-,食品,-,,351
2022-08-01,沖縄県,-,-,-,食品,-,,264
2022-09-01,北海道,-,-,-,食品,-,,1038
2022-09-01,青森県,-,-,-,食品,-,,214
2022-09-01,岩手県,-,-,-,食品,-,,239
2022-09-01,宮城県,-,-,-,食品,-,,369
2022-09-01,秋田県,-,-,-,食品,-,,160
2022-09-01,山形県,-,-,-,食品,-,,230
2022-09-01,福島県,-,-,-,食品,-,,360
2022-09-01,茨城県,-,-,-,食品,-,,469
2022-09-01,栃木県,-,-,-,食品,-,,301
2022-09-01,群馬県,-,-,-,食品,-,,251
2022-09-01,埼玉県,-,-,-,食品,-,,1136
2022-09-01,千葉県,-,-,-,食品,-,,917
2022-09-01,東京都,-,-,-,食品,-,,2841
2022-09-01,神奈川県,-,-,-,食品,-,,1501
2022-09-01,新潟県,-,-,-,食品,-,,408
2022-09-01,山梨県,-,-,-,食品,-,,128
2022-09-01,長野県,-,-,-,食品,-,,300
2022-09-01,富山県,-,-,-,食品,-,,166
2022-09-01,石川県,-,-,-,食品,-,,179
2022-09-01,福井県,-,-,-,食品,-,,140
2022-09-01,岐阜県,-,-,-,食品,-,,258
2022-09-01,静岡県,-,-,-,食品,-,,624
2022-09-01,愛知県,-,-,-,食品,-,,929
2022-09-01,三重県,-,-,-,食品,-,,263
2022-09-01,滋賀県,-,-,-,食品,-,,186
2022-09-01,京都府,-,-,-,食品,-,,436
2022-09-01,大阪府,-,-,-,食品,-,,1369
2022-09-01,兵庫県,-,-,-,食品,-,,896
2022-09-01,奈良県,-,-,-,食品,-,,191
2022-09-01,和歌山県,-,-,-,食品,-,,168
2022-09-01,鳥取県,-,-,-,食品,-,,97
2022-09-01,島根県,-,-,-,食品,-,,172
2022-09-01,岡山県,-,-,-,食品,-,,337
2022-09-01,広島県,-,-,-,食品,-,,506
2022-09-01,山口県,-,-,-,食品,-,,234
2022-09-01,徳島県,-,-,-,食品,-,,150
2022-09-01,香川県,-,-,-,食品,-,,166
2022-09-01,愛媛県,-,-,-,食品,-,,249
2022-09-01,高知県,-,-,-,食品,-,,162
2022-09-01,福岡県,-,-,-,食品,-,,733
2022-09-01,佐賀県,-,-,-,食品,-,,130
2022-09-01,長崎県,-,-,-,食品,-,,229
2022-09-01,熊本県,-,-,-,食品,-,,277
2022-09-01,大分県,-,-,-,食品,-,,207
2022-09-01,宮崎県,-,-,-,食品,-,,200
2022-09-01,鹿児島県,-,-,-,食品,-,,352
2022-09-01,沖縄県,-,-,-,食品,-,,263
2022-10-01,北海道,-,-,-,食品,-,,1043
2022-10-01,青森県,-,-,-,食品,-,,214
2022-10-01,岩手県,-,-,-,食品,-,,239
2022-10-01,宮城県,-,-,-,食品,-,,368
2022-10-01,秋田県,-,-,-,食品,-,,158
2022-10-01,山形県,-,-,-,食品,-,,230
2022-10-01,福島県,-,-,-,食品,-,,359
2022-10-01,茨城県,-,-,-,食品,-,,467
2022-10-01,栃木県,-,-,-,食品,-,,301
2022-10-01,群馬県,-,-,-,食品,-,,251
2022-10-01,埼玉県,-,-,-,食品,-,,1140
2022-10-01,千葉県,-,-,-,食品,-,,924
2022-10-01,東京都,-,-,-,食品,-,,2844
2022-10-01,神奈川県,-,-,-,食品,-,,1502
2022-10-01,新潟県,-,-,-,食品,-,,416
2022-10-01,山梨県,-,-,-,食品,-,,128
2022-10-01,長野県,-,-,-,食品,-,,299
2022-10-01,富山県,-,-,-,食品,-,,166
2022-10-01,石川県,-,-,-,食品,-,,175
2022-10-01,福井県,-,-,-,食品,-,,144
2022-10-01,岐阜県,-,-,-,食品,-,,275
2022-10-01,静岡県,-,-,-,食品,-,,631
2022-10-01,愛知県,-,-,-,食品,-,,927
2022-10-01,三重県,-,-,-,食品,-,,263
2022-10-01,滋賀県,-,-,-,食品,-,,188
2022-10-01,京都府,-,-,-,食品,-,,429
2022-10-01,大阪府,-,-,-,食品,-,,1371
2022-10-01,兵庫県,-,-,-,食品,-,,895
2022-10-01,奈良県,-,-,-,食品,-,,193
2022-10-01,和歌山県,-,-,-,食品,-,,180
2022-10-01,鳥取県,-,-,-,食品,-,,97
2022-10-01,島根県,-,-,-,食品,-,,172
2022-10-01,岡山県,-,-,-,食品,-,,335
2022-10-01,広島県,-,-,-,食品,-,,507
2022-10-01,山口県,-,-,-,食品,-,,234
2022-10-01,徳島県,-,-,-,食品,-,,150
2022-10-01,香川県,-,-,-,食品,-,,171
2022-10-01,愛媛県,-,-,-,食品,-,,250
2022-10-01,高知県,-,-,-,食品,-,,162
2022-10-01,福岡県,-,-,-,食品,-,,735
2022-10-01,佐賀県,-,-,-,食品,-,,131
2022-10-01,長崎県,-,-,-,食品,-,,229
2022-10-01,熊本県,-,-,-,食品,-,,283
2022-10-01,大分県,-,-,-,食品,-,,208
2022-10-01,宮崎県,-,-,-,食品,-,,200
2022-10-01,鹿児島県,-,-,-,食品,-,,351
2022-10-01,沖縄県,-,-,-,食品,-,,264
2022-11-01,北海道,-,-,-,食品,-,,1046
2022-11-01,青森県,-,-,-,食品,-,,213
2022-11-01,岩手県,-,-,-,食品,-,,239
2022-11-01,宮城県,-,-,-,食品,-,,369
2022-11-01,秋田県,-,-,-,食品,-,,159
2022-11-01,山形県,-,-,-,食品,-,,227
2022-11-01,福島県,-,-,-,食品,-,,359
2022-11-01,茨城県,-,-,-,食品,-,,466
2022-11-01,栃木県,-,-,-,食品,-,,302
2022-11-01,群馬県,-,-,-,食品,-,,245
2022-11-01,埼玉県,-,-,-,食品,-,,1141
2022-11-01,千葉県,-,-,-,食品,-,,925
2022-11-01,東京都,-,-,-,食品,-,,2853
2022-11-01,神奈川県,-,-,-,食品,-,,1501
2022-11-01,新潟県,-,-,-,食品,-,,416
2022-11-01,山梨県,-,-,-,食品,-,,128
2022-11-01,長野県,-,-,-,食品,-,,301
2022-11-01,富山県,-,-,-,食品,-,,166
2022-11-01,石川県,-,-,-,食品,-,,175
2022-11-01,福井県,-,-,-,食品,-,,143
2022-11-01,岐阜県,-,-,-,食品,-,,276
2022-11-01,静岡県,-,-,-,食品,-,,634
2022-11-01,愛知県,-,-,-,食品,-,,930
2022-11-01,三重県,-,-,-,食品,-,,263
2022-11-01,滋賀県,-,-,-,食品,-,,187
2022-11-01,京都府,-,-,-,食品,-,,432
2022-11-01,大阪府,-,-,-,食品,-,,1374
2022-11-01,兵庫県,-,-,-,食品,-,,897
2022-11-01,奈良県,-,-,-,食品,-,,193
2022-11-01,和歌山県,-,-,-,食品,-,,179
2022-11-01,鳥取県,-,-,-,食品,-,,104
2022-11-01,島根県,-,-,-,食品,-,,173
2022-11-01,岡山県,-,-,-,食品,-,,334
2022-11-01,広島県,-,-,-,食品,-,,509
2022-11-01,山口県,-,-,-,食品,-,,234
2022-11-01,徳島県,-,-,-,食品,-,,149
2022-11-01,香川県,-,-,-,食品,-,,171
2022-11-01,愛媛県,-,-,-,食品,-,,251
2022-11-01,高知県,-,-,-,食品,-,,161
2022-11-01,福岡県,-,-,-,食品,-,,736
2022-11-01,佐賀県,-,-,-,食品,-,,131
2022-11-01,長崎県,-,-,-,食品,-,,229
2022-11-01,熊本県,-,-,-,食品,-,,280
2022-11-01,大分県,-,-,-,食品,-,,208
2022-11-01,宮崎県,-,-,-,食品,-,,200
2022-11-01,鹿児島県,-,-,-,食品,-,,352
2022-11-01,沖縄県,-,-,-,食品,-,,265
2022-12-01,北海道,-,-,-,食品,-,,1051
2022-12-01,青森県,-,-,-,食品,-,,212
2022-12-01,岩手県,-,-,-,食品,-,,236
2022-12-01,宮城県,-,-,-,食品,-,,370
2022-12-01,秋田県,-,-,-,食品,-,,159
2022-12-01,山形県,-,-,-,食品,-,,227
2022-12-01,福島県,-,-,-,食品,-,,361
2022-12-01,茨城県,-,-,-,食品,-,,470
2022-12-01,栃木県,-,-,-,食品,-,,303
2022-12-01,群馬県,-,-,-,食品,-,,246
2022-12-01,埼玉県,-,-,-,食品,-,,1143
2022-12-01,千葉県,-,-,-,食品,-,,924
2022-12-01,東京都,-,-,-,食品,-,,2866
2022-12-01,神奈川県,-,-,-,食品,-,,1502
2022-12-01,新潟県,-,-,-,食品,-,,415
2022-12-01,山梨県,-,-,-,食品,-,,130
2022-12-01,長野県,-,-,-,食品,-,,301
2022-12-01,富山県,-,-,-,食品,-,,166
2022-12-01,石川県,-,-,-,食品,-,,175
2022-12-01,福井県,-,-,-,食品,-,,143
2022-12-01,岐阜県,-,-,-,食品,-,,276
2022-12-01,静岡県,-,-,-,食品,-,,630
2022-12-01,愛知県,-,-,-,食品,-,,931
2022-12-01,三重県,-,-,-,食品,-,,262
2022-12-01,滋賀県,-,-,-,食品,-,,188
2022-12-01,京都府,-,-,-,食品,-,,431
2022-12-01,大阪府,-,-,-,食品,-,,1378
2022-12-01,兵庫県,-,-,-,食品,-,,897
2022-12-01,奈良県,-,-,-,食品,-,,193
2022-12-01,和歌山県,-,-,-,食品,-,,180
2022-12-01,鳥取県,-,-,-,食品,-,,104
2022-12-01,島根県,-,-,-,食品,-,,173
2022-12-01,岡山県,-,-,-,食品,-,,334
2022-12-01,広島県,-,-,-,食品,-,,508
2022-12-01,山口県,-,-,-,食品,-,,235
2022-12-01,徳島県,-,-,-,食品,-,,148
2022-12-01,香川県,-,-,-,食品,-,,173
2022-12-01,愛媛県,-,-,-,食品,-,,248
2022-12-01,高知県,-,-,-,食品,-,,160
2022-12-01,福岡県,-,-,-,食品,-,,734
2022-12-01,佐賀県,-,-,-,食品,-,,131
2022-12-01,長崎県,-,-,-,食品,-,,229
2022-12-01,熊本県,-,-,-,食品,-,,278
2022-12-01,大分県,-,-,-,食品,-,,208
2022-12-01,宮崎県,-,-,-,食品,-,,199
2022-12-01,鹿児島県,-,-,-,食品,-,,336
2022-12-01,沖縄県,-,-,-,食品,-,,265
2023-01-01,北海道,-,-,-,食品,-,,1051
2023-01-01,青森県,-,-,-,食品,-,,212
2023-01-01,岩手県,-,-,-,食品,-,,234
2023-01-01,宮城県,-,-,-,食品,-,,370
2023-01-01,秋田県,-,-,-,食品,-,,160
2023-01-01,山形県,-,-,-,食品,-,,228
2023-01-01,福島県,-,-,-,食品,-,,361
2023-01-01,茨城県,-,-,-,食品,-,,469
2023-01-01,栃木県,-,-,-,食品,-,,303
2023-01-01,群馬県,-,-,-,食品,-,,245
2023-01-01,埼玉県,-,-,-,食品,-,,1142
2023-01-01,千葉県,-,-,-,食品,-,,923
2023-01-01,東京都,-,-,-,食品,-,,2864
2023-01-01,神奈川県,-,-,-,食品,-,,1497
2023-01-01,新潟県,-,-,-,食品,-,,414
2023-01-01,山梨県,-,-,-,食品,-,,130
2023-01-01,長野県,-,-,-,食品,-,,301
2023-01-01,富山県,-,-,-,食品,-,,166
2023-01-01,石川県,-,-,-,食品,-,,175
2023-01-01,福井県,-,-,-,食品,-,,143
2023-01-01,岐阜県,-,-,-,食品,-,,276
2023-01-01,静岡県,-,-,-,食品,-,,627
2023-01-01,愛知県,-,-,-,食品,-,,929
2023-01-01,三重県,-,-,-,食品,-,,260
2023-01-01,滋賀県,-,-,-,食品,-,,187
2023-01-01,京都府,-,-,-,食品,-,,432
2023-01-01,大阪府,-,-,-,食品,-,,1371
2023-01-01,兵庫県,-,-,-,食品,-,,896
2023-01-01,奈良県,-,-,-,食品,-,,193
2023-01-01,和歌山県,-,-,-,食品,-,,179
2023-01-01,鳥取県,-,-,-,食品,-,,103
2023-01-01,島根県,-,-,-,食品,-,,173
2023-01-01,岡山県,-,-,-,食品,-,,332
2023-01-01,広島県,-,-,-,食品,-,,505
2023-01-01,山口県,-,-,-,食品,-,,235
2023-01-01,徳島県,-,-,-,食品,-,,147
2023-01-01,香川県,-,-,-,食品,-,,173
2023-01-01,愛媛県,-,-,-,食品,-,,243
2023-01-01,高知県,-,-,-,食品,-,,160
2023-01-01,福岡県,-,-,-,食品,-,,734
2023-01-01,佐賀県,-,-,-,食品,-,,130
2023-01-01,長崎県,-,-,-,食品,-,,228
2023-01-01,熊本県,-,-,-,食品,-,,277
2023-01-01,大分県,-,-,-,食品,-,,208
2023-01-01,宮崎県,-,-,-,食品,-,,199
2023-01-01,鹿児島県,-,-,-,食品,-,,336
2023-01-01,沖縄県,-,-,-,食品,-,,265
2023-02-01,北海道,-,-,-,食品,-,,1052
2023-02-01,青森県,-,-,-,食品,-,,211
2023-02-01,岩手県,-,-,-,食品,-,,234
2023-02-01,宮城県,-,-,-,食品,-,,370
2023-02-01,秋田県,-,-,-,食品,-,,160
2023-02-01,山形県,-,-,-,食品,-,,228
2023-02-01,福島県,-,-,-,食品,-,,360
2023-02-01,茨城県,-,-,-,食品,-,,470
2023-02-01,栃木県,-,-,-,食品,-,,304
2023-02-01,群馬県,-,-,-,食品,-,,244
2023-02-01,埼玉県,-,-,-,食品,-,,1139
2023-02-01,千葉県,-,-,-,食品,-,,918
2023-02-01,東京都,-,-,-,食品,-,,2857
2023-02-01,神奈川県,-,-,-,食品,-,,1493
2023-02-01,新潟県,-,-,-,食品,-,,413
2023-02-01,山梨県,-,-,-,食品,-,,130
2023-02-01,長野県,-,-,-,食品,-,,301
2023-02-01,富山県,-,-,-,食品,-,,166
2023-02-01,石川県,-,-,-,食品,-,,174
2023-02-01,福井県,-,-,-,食品,-,,143
2023-02-01,岐阜県,-,-,-,食品,-,,278
2023-02-01,静岡県,-,-,-,食品,-,,626
2023-02-01,愛知県,-,-,-,食品,-,,924
2023-02-01,三重県,-,-,-,食品,-,,262
2023-02-01,滋賀県,-,-,-,食品,-,,186
2023-02-01,京都府,-,-,-,食品,-,,431
2023-02-01,大阪府,-,-,-,食品,-,,1381
2023-02-01,兵庫県,-,-,-,食品,-,,894
2023-02-01,奈良県,-,-,-,食品,-,,193
2023-02-01,和歌山県,-,-,-,食品,-,,179
2023-02-01,鳥取県,-,-,-,食品,-,,91
2023-02-01,島根県,-,-,-,食品,-,,173
2023-02-01,岡山県,-,-,-,食品,-,,332
2023-02-01,広島県,-,-,-,食品,-,,507
2023-02-01,山口県,-,-,-,食品,-,,235
2023-02-01,徳島県,-,-,-,食品,-,,147
2023-02-01,香川県,-,-,-,食品,-,,172
2023-02-01,愛媛県,-,-,-,食品,-,,243
2023-02-01,高知県,-,-,-,食品,-,,160
2023-02-01,福岡県,-,-,-,食品,-,,737
2023-02-01,佐賀県,-,-,-,食品,-,,131
2023-02-01,長崎県,-,-,-,食品,-,,228
2023-02-01,熊本県,-,-,-,食品,-,,277
2023-02-01,大分県,-,-,-,食品,-,,205
2023-02-01,宮崎県,-,-,-,食品,-,,196
2023-02-01,鹿児島県,-,-,-,食品,-,,337
2023-02-01,沖縄県,-,-,-,食品,-,,268
2023-03-01,北海道,-,-,-,食品,-,,1054
2023-03-01,青森県,-,-,-,食品,-,,211
2023-03-01,岩手県,-,-,-,食品,-,,235
2023-03-01,宮城県,-,-,-,食品,-,,370
2023-03-01,秋田県,-,-,-,食品,-,,160
2023-03-01,山形県,-,-,-,食品,-,,228
2023-03-01,福島県,-,-,-,食品,-,,360
2023-03-01,茨城県,-,-,-,食品,-,,470
2023-03-01,栃木県,-,-,-,食品,-,,302
2023-03-01,群馬県,-,-,-,食品,-,,249
2023-03-01,埼玉県,-,-,-,食品,-,,1141
2023-03-01,千葉県,-,-,-,食品,-,,920
2023-03-01,東京都,-,-,-,食品,-,,2867
2023-03-01,神奈川県,-,-,-,食品,-,,1495
2023-03-01,新潟県,-,-,-,食品,-,,413
2023-03-01,山梨県,-,-,-,食品,-,,130
2023-03-01,長野県,-,-,-,食品,-,,300
2023-03-01,富山県,-,-,-,食品,-,,166
2023-03-01,石川県,-,-,-,食品,-,,176
2023-03-01,福井県,-,-,-,食品,-,,143
2023-03-01,岐阜県,-,-,-,食品,-,,278
2023-03-01,静岡県,-,-,-,食品,-,,622
2023-03-01,愛知県,-,-,-,食品,-,,926
2023-03-01,三重県,-,-,-,食品,-,,261
2023-03-01,滋賀県,-,-,-,食品,-,,186
2023-03-01,京都府,-,-,-,食品,-,,432
2023-03-01,大阪府,-,-,-,食品,-,,1375
2023-03-01,兵庫県,-,-,-,食品,-,,890
2023-03-01,奈良県,-,-,-,食品,-,,193
2023-03-01,和歌山県,-,-,-,食品,-,,178
2023-03-01,鳥取県,-,-,-,食品,-,,91
2023-03-01,島根県,-,-,-,食品,-,,173
2023-03-01,岡山県,-,-,-,食品,-,,333
2023-03-01,広島県,-,-,-,食品,-,,506
2023-03-01,山口県,-,-,-,食品,-,,235
2023-03-01,徳島県,-,-,-,食品,-,,147
2023-03-01,香川県,-,-,-,食品,-,,174
2023-03-01,愛媛県,-,-,-,食品,-,,242
2023-03-01,高知県,-,-,-,食品,-,,155
2023-03-01,福岡県,-,-,-,食品,-,,739
2023-03-01,佐賀県,-,-,-,食品,-,,133
2023-03-01,長崎県,-,-,-,食品,-,,229
2023-03-01,熊本県,-,-,-,食品,-,,275
2023-03-01,大分県,-,-,-,食品,-,,204
2023-03-01,宮崎県,-,-,-,食品,-,,196
2023-03-01,鹿児島県,-,-,-,食品,-,,337
2023-03-01,沖縄県,-,-,-,食品,-,,268
2023-04-01,北海道,-,-,-,食品,-,,1053
2023-04-01,青森県,-,-,-,食品,-,,214
2023-04-01,岩手県,-,-,-,食品,-,,234
2023-04-01,宮城県,-,-,-,食品,-,,370
2023-04-01,秋田県,-,-,-,食品,-,,160
2023-04-01,山形県,-,-,-,食品,-,,227
2023-04-01,福島県,-,-,-,食品,-,,363
2023-04-01,茨城県,-,-,-,食品,-,,472
2023-04-01,栃木県,-,-,-,食品,-,,304
2023-04-01,群馬県,-,-,-,食品,-,,252
2023-04-01,埼玉県,-,-,-,食品,-,,1141
2023-04-01,千葉県,-,-,-,食品,-,,925
2023-04-01,東京都,-,-,-,食品,-,,2870
2023-04-01,神奈川県,-,-,-,食品,-,,1497
2023-04-01,新潟県,-,-,-,食品,-,,412
2023-04-01,山梨県,-,-,-,食品,-,,130
2023-04-01,長野県,-,-,-,食品,-,,301
2023-04-01,富山県,-,-,-,食品,-,,166
2023-04-01,石川県,-,-,-,食品,-,,177
2023-04-01,福井県,-,-,-,食品,-,,143
2023-04-01,岐阜県,-,-,-,食品,-,,279
2023-04-01,静岡県,-,-,-,食品,-,,626
2023-04-01,愛知県,-,-,-,食品,-,,926
2023-04-01,三重県,-,-,-,食品,-,,260
2023-04-01,滋賀県,-,-,-,食品,-,,186
2023-04-01,京都府,-,-,-,食品,-,,431
2023-04-01,大阪府,-,-,-,食品,-,,1370
2023-04-01,兵庫県,-,-,-,食品,-,,892
2023-04-01,奈良県,-,-,-,食品,-,,193
2023-04-01,和歌山県,-,-,-,食品,-,,177
2023-04-01,鳥取県,-,-,-,食品,-,,91
2023-04-01,島根県,-,-,-,食品,-,,165
2023-04-01,岡山県,-,-,-,食品,-,,335
2023-04-01,広島県,-,-,-,食品,-,,508
2023-04-01,山口県,-,-,-,食品,-,,234
2023-04-01,徳島県,-,-,-,食品,-,,147
2023-04-01,香川県,-,-,-,食品,-,,174
2023-04-01,愛媛県,-,-,-,食品,-,,242
2023-04-01,高知県,-,-,-,食品,-,,152
2023-04-01,福岡県,-,-,-,食品,-,,739
2023-04-01,佐賀県,-,-,-,食品,-,,133
2023-04-01,長崎県,-,-,-,食品,-,,228
2023-04-01,熊本県,-,-,-,食品,-,,275
2023-04-01,大分県,-,-,-,食品,-,,204
2023-04-01,宮崎県,-,-,-,食品,-,,196
2023-04-01,鹿児島県,-,-,-,食品,-,,339
2023-04-01,沖縄県,-,-,-,食品,-,,268
2023-05-01,北海道,-,-,-,食品,-,,1054
2023-05-01,青森県,-,-,-,食品,-,,214
2023-05-01,岩手県,-,-,-,食品,-,,234
2023-05-01,宮城県,-,-,-,食品,-,,370
2023-05-01,秋田県,-,-,-,食品,-,,160
2023-05-01,山形県,-,-,-,食品,-,,227
2023-05-01,福島県,-,-,-,食品,-,,363
2023-05-01,茨城県,-,-,-,食品,-,,469
2023-05-01,栃木県,-,-,-,食品,-,,303
2023-05-01,群馬県,-,-,-,食品,-,,252
2023-05-01,埼玉県,-,-,-,食品,-,,1143
2023-05-01,千葉県,-,-,-,食品,-,,927
2023-05-01,東京都,-,-,-,食品,-,,2878
2023-05-01,神奈川県,-,-,-,食品,-,,1499
2023-05-01,新潟県,-,-,-,食品,-,,412
2023-05-01,山梨県,-,-,-,食品,-,,130
2023-05-01,長野県,-,-,-,食品,-,,302
2023-05-01,富山県,-,-,-,食品,-,,167
2023-05-01,石川県,-,-,-,食品,-,,178
2023-05-01,福井県,-,-,-,食品,-,,143
2023-05-01,岐阜県,-,-,-,食品,-,,279
2023-05-01,静岡県,-,-,-,食品,-,,628
2023-05-01,愛知県,-,-,-,食品,-,,926
2023-05-01,三重県,-,-,-,食品,-,,260
2023-05-01,滋賀県,-,-,-,食品,-,,186
2023-05-01,京都府,-,-,-,食品,-,,430
2023-05-01,大阪府,-,-,-,食品,-,,1369
2023-05-01,兵庫県,-,-,-,食品,-,,892
2023-05-01,奈良県,-,-,-,食品,-,,193
2023-05-01,和歌山県,-,-,-,食品,-,,177
2023-05-01,鳥取県,-,-,-,食品,-,,91
2023-05-01,島根県,-,-,-,食品,-,,165
2023-05-01,岡山県,-,-,-,食品,-,,334
2023-05-01,広島県,-,-,-,食品,-,,507
2023-05-01,山口県,-,-,-,食品,-,,235
2023-05-01,徳島県,-,-,-,食品,-,,147
2023-05-01,香川県,-,-,-,食品,-,,176
2023-05-01,愛媛県,-,-,-,食品,-,,242
2023-05-01,高知県,-,-,-,食品,-,,152
2023-05-01,福岡県,-,-,-,食品,-,,736
2023-05-01,佐賀県,-,-,-,食品,-,,134
2023-05-01,長崎県,-,-,-,食品,-,,229
2023-05-01,熊本県,-,-,-,食品,-,,273
2023-05-01,大分県,-,-,-,食品,-,,203
2023-05-01,宮崎県,-,-,-,食品,-,,195
2023-05-01,鹿児島県,-,-,-,食品,-,,339
2023-05-01,沖縄県,-,-,-,食品,-,,268
2023-06-01,北海道,-,-,-,食品,-,,1057
2023-06-01,青森県,-,-,-,食品,-,,213
2023-06-01,岩手県,-,-,-,食品,-,,234
2023-06-01,宮城県,-,-,-,食品,-,,370
2023-06-01,秋田県,-,-,-,食品,-,,160
2023-06-01,山形県,-,-,-,食品,-,,228
2023-06-01,福島県,-,-,-,食品,-,,363
2023-06-01,茨城県,-,-,-,食品,-,,469
2023-06-01,栃木県,-,-,-,食品,-,,303
2023-06-01,群馬県,-,-,-,食品,-,,251
2023-06-01,埼玉県,-,-,-,食品,-,,1145
2023-06-01,千葉県,-,-,-,食品,-,,931
2023-06-01,東京都,-,-,-,食品,-,,2880
2023-06-01,神奈川県,-,-,-,食品,-,,1496
2023-06-01,新潟県,-,-,-,食品,-,,412
2023-06-01,山梨県,-,-,-,食品,-,,129
2023-06-01,長野県,-,-,-,食品,-,,303
2023-06-01,富山県,-,-,-,食品,-,,167
2023-06-01,石川県,-,-,-,食品,-,,179
2023-06-01,福井県,-,-,-,食品,-,,143
2023-06-01,岐阜県,-,-,-,食品,-,,278
2023-06-01,静岡県,-,-,-,食品,-,,630
2023-06-01,愛知県,-,-,-,食品,-,,928
2023-06-01,三重県,-,-,-,食品,-,,262
2023-06-01,滋賀県,-,-,-,食品,-,,185
2023-06-01,京都府,-,-,-,食品,-,,430
2023-06-01,大阪府,-,-,-,食品,-,,1365
2023-06-01,兵庫県,-,-,-,食品,-,,892
2023-06-01,奈良県,-,-,-,食品,-,,193
2023-06-01,和歌山県,-,-,-,食品,-,,176
2023-06-01,鳥取県,-,-,-,食品,-,,90
2023-06-01,島根県,-,-,-,食品,-,,165
2023-06-01,岡山県,-,-,-,食品,-,,332
2023-06-01,広島県,-,-,-,食品,-,,506
2023-06-01,山口県,-,-,-,食品,-,,236
2023-06-01,徳島県,-,-,-,食品,-,,147
2023-06-01,香川県,-,-,-,食品,-,,174
2023-06-01,愛媛県,-,-,-,食品,-,,242
2023-06-01,高知県,-,-,-,食品,-,,152
2023-06-01,福岡県,-,-,-,食品,-,,735
2023-06-01,佐賀県,-,-,-,食品,-,,134
2023-06-01,長崎県,-,-,-,食品,-,,229
2023-06-01,熊本県,-,-,-,食品,-,,273
2023-06-01,大分県,-,-,-,食品,-,,205
2023-06-01,宮崎県,-,-,-,食品,-,,195
2023-06-01,鹿児島県,-,-,-,食品,-,,338
2023-06-01,沖縄県,-,-,-,食品,-,,267
2023-07-01,北海道,-,-,-,食品,-,,1060
2023-07-01,青森県,-,-,-,食品,-,,213
2023-07-01,岩手県,-,-,-,食品,-,,234
2023-07-01,宮城県,-,-,-,食品,-,,369
2023-07-01,秋田県,-,-,-,食品,-,,159
2023-07-01,山形県,-,-,-,食品,-,,227
2023-07-01,福島県,-,-,-,食品,-,,364
2023-07-01,茨城県,-,-,-,食品,-,,471
2023-07-01,栃木県,-,-,-,食品,-,,300
2023-07-01,群馬県,-,-,-,食品,-,,256
2023-07-01,埼玉県,-,-,-,食品,-,,1145
2023-07-01,千葉県,-,-,-,食品,-,,932
2023-07-01,東京都,-,-,-,食品,-,,2880
2023-07-01,神奈川県,-,-,-,食品,-,,1502
2023-07-01,新潟県,-,-,-,食品,-,,412
2023-07-01,山梨県,-,-,-,食品,-,,129
2023-07-01,長野県,-,-,-,食品,-,,305
2023-07-01,富山県,-,-,-,食品,-,,168
2023-07-01,石川県,-,-,-,食品,-,,179
2023-07-01,福井県,-,-,-,食品,-,,143
2023-07-01,岐阜県,-,-,-,食品,-,,278
2023-07-01,静岡県,-,-,-,食品,-,,632
2023-07-01,愛知県,-,-,-,食品,-,,927
2023-07-01,三重県,-,-,-,食品,-,,264
2023-07-01,滋賀県,-,-,-,食品,-,,186
2023-07-01,京都府,-,-,-,食品,-,,431
2023-07-01,大阪府,-,-,-,食品,-,,1371
2023-07-01,兵庫県,-,-,-,食品,-,,894
2023-07-01,奈良県,-,-,-,食品,-,,193
2023-07-01,和歌山県,-,-,-,食品,-,,175
2023-07-01,鳥取県,-,-,-,食品,-,,90
2023-07-01,島根県,-,-,-,食品,-,,166
2023-07-01,岡山県,-,-,-,食品,-,,331
2023-07-01,広島県,-,-,-,食品,-,,504
2023-07-01,山口県,-,-,-,食品,-,,236
2023-07-01,徳島県,-,-,-,食品,-,,147
2023-07-01,香川県,-,-,-,食品,-,,174
2023-07-01,愛媛県,-,-,-,食品,-,,241
2023-07-01,高知県,-,-,-,食品,-,,154
2023-07-01,福岡県,-,-,-,食品,-,,736
2023-07-01,佐賀県,-,-,-,食品,-,,134
2023-07-01,長崎県,-,-,-,食品,-,,232
2023-07-01,熊本県,-,-,-,食品,-,,276
2023-07-01,大分県,-,-,-,食品,-,,205
2023-07-01,宮崎県,-,-,-,食品,-,,195
2023-07-01,鹿児島県,-,-,-,食品,-,,348
2023-07-01,沖縄県,-,-,-,食品,-,,267
2023-08-01,北海道,-,-,-,食品,-,,1058
2023-08-01,青森県,-,-,-,食品,-,,215
2023-08-01,岩手県,-,-,-,食品,-,,234
2023-08-01,宮城県,-,-,-,食品,-,,367
2023-08-01,秋田県,-,-,-,食品,-,,159
2023-08-01,山形県,-,-,-,食品,-,,227
2023-08-01,福島県,-,-,-,食品,-,,366
2023-08-01,茨城県,-,-,-,食品,-,,471
2023-08-01,栃木県,-,-,-,食品,-,,300
2023-08-01,群馬県,-,-,-,食品,-,,256
2023-08-01,埼玉県,-,-,-,食品,-,,1135
2023-08-01,千葉県,-,-,-,食品,-,,929
2023-08-01,東京都,-,-,-,食品,-,,2881
2023-08-01,神奈川県,-,-,-,食品,-,,1503
2023-08-01,新潟県,-,-,-,食品,-,,413
2023-08-01,山梨県,-,-,-,食品,-,,129
2023-08-01,長野県,-,-,-,食品,-,,304
2023-08-01,富山県,-,-,-,食品,-,,166
2023-08-01,石川県,-,-,-,食品,-,,178
2023-08-01,福井県,-,-,-,食品,-,,143
2023-08-01,岐阜県,-,-,-,食品,-,,277
2023-08-01,静岡県,-,-,-,食品,-,,633
2023-08-01,愛知県,-,-,-,食品,-,,922
2023-08-01,三重県,-,-,-,食品,-,,262
2023-08-01,滋賀県,-,-,-,食品,-,,186
2023-08-01,京都府,-,-,-,食品,-,,431
2023-08-01,大阪府,-,-,-,食品,-,,1370
2023-08-01,兵庫県,-,-,-,食品,-,,886
2023-08-01,奈良県,-,-,-,食品,-,,193
2023-08-01,和歌山県,-,-,-,食品,-,,176
2023-08-01,鳥取県,-,-,-,食品,-,,90
2023-08-01,島根県,-,-,-,食品,-,,166
2023-08-01,岡山県,-,-,-,食品,-,,331
2023-08-01,広島県,-,-,-,食品,-,,504
2023-08-01,山口県,-,-,-,食品,-,,236
2023-08-01,徳島県,-,-,-,食品,-,,147
2023-08-01,香川県,-,-,-,食品,-,,175
2023-08-01,愛媛県,-,-,-,食品,-,,241
2023-08-01,高知県,-,-,-,食品,-,,154
2023-08-01,福岡県,-,-,-,食品,-,,738
2023-08-01,佐賀県,-,-,-,食品,-,,134
2023-08-01,長崎県,-,-,-,食品,-,,234
2023-08-01,熊本県,-,-,-,食品,-,,276
2023-08-01,大分県,-,-,-,食品,-,,205
2023-08-01,宮崎県,-,-,-,食品,-,,195
2023-08-01,鹿児島県,-,-,-,食品,-,,348
2023-08-01,沖縄県,-,-,-,食品,-,,263
2023-09-01,北海道,-,-,-,食品,-,,1060
2023-09-01,青森県,-,-,-,食品,-,,214
2023-09-01,岩手県,-,-,-,食品,-,,234
2023-09-01,宮城県,-,-,-,食品,-,,368
2023-09-01,秋田県,-,-,-,食品,-,,159
2023-09-01,山形県,-,-,-,食品,-,,227
2023-09-01,福島県,-,-,-,食品,-,,367
2023-09-01,茨城県,-,-,-,食品,-,,470
2023-09-01,栃木県,-,-,-,食品,-,,300
2023-09-01,群馬県,-,-,-,食品,-,,256
2023-09-01,埼玉県,-,-,-,食品,-,,1137
2023-09-01,千葉県,-,-,-,食品,-,,934
2023-09-01,東京都,-,-,-,食品,-,,2892
2023-09-01,神奈川県,-,-,-,食品,-,,1506
2023-09-01,新潟県,-,-,-,食品,-,,410
2023-09-01,山梨県,-,-,-,食品,-,,129
2023-09-01,長野県,-,-,-,食品,-,,305
2023-09-01,富山県,-,-,-,食品,-,,166
2023-09-01,石川県,-,-,-,食品,-,,177
2023-09-01,福井県,-,-,-,食品,-,,144
2023-09-01,岐阜県,-,-,-,食品,-,,277
2023-09-01,静岡県,-,-,-,食品,-,,635
2023-09-01,愛知県,-,-,-,食品,-,,925
2023-09-01,三重県,-,-,-,食品,-,,261
2023-09-01,滋賀県,-,-,-,食品,-,,186
2023-09-01,京都府,-,-,-,食品,-,,430
2023-09-01,大阪府,-,-,-,食品,-,,1376
2023-09-01,兵庫県,-,-,-,食品,-,,886
2023-09-01,奈良県,-,-,-,食品,-,,194
2023-09-01,和歌山県,-,-,-,食品,-,,176
2023-09-01,鳥取県,-,-,-,食品,-,,90
2023-09-01,島根県,-,-,-,食品,-,,166
2023-09-01,岡山県,-,-,-,食品,-,,331
2023-09-01,広島県,-,-,-,食品,-,,503
2023-09-01,山口県,-,-,-,食品,-,,235
2023-09-01,徳島県,-,-,-,食品,-,,147
2023-09-01,香川県,-,-,-,食品,-,,175
2023-09-01,愛媛県,-,-,-,食品,-,,242
2023-09-01,高知県,-,-,-,食品,-,,155
2023-09-01,福岡県,-,-,-,食品,-,,735
2023-09-01,佐賀県,-,-,-,食品,-,,134
2023-09-01,長崎県,-,-,-,食品,-,,232
2023-09-01,熊本県,-,-,-,食品,-,,276
2023-09-01,大分県,-,-,-,食品,-,,206
2023-09-01,宮崎県,-,-,-,食品,-,,195
2023-09-01,鹿児島県,-,-,-,食品,-,,350
2023-09-01,沖縄県,-,-,-,食品,-,,263
2023-10-01,北海道,-,-,-,食品,-,,1057
2023-10-01,青森県,-,-,-,食品,-,,204
2023-10-01,岩手県,-,-,-,食品,-,,234
2023-10-01,宮城県,-,-,-,食品,-,,365
2023-10-01,秋田県,-,-,-,食品,-,,159
2023-10-01,山形県,-,-,-,食品,-,,229
2023-10-01,福島県,-,-,-,食品,-,,368
2023-10-01,茨城県,-,-,-,食品,-,,471
2023-10-01,栃木県,-,-,-,食品,-,,300
2023-10-01,群馬県,-,-,-,食品,-,,256
2023-10-01,埼玉県,-,-,-,食品,-,,1137
2023-10-01,千葉県,-,-,-,食品,-,,935
2023-10-01,東京都,-,-,-,食品,-,,2899
2023-10-01,神奈川県,-,-,-,食品,-,,1504
2023-10-01,新潟県,-,-,-,食品,-,,409
2023-10-01,山梨県,-,-,-,食品,-,,130
2023-10-01,長野県,-,-,-,食品,-,,307
2023-10-01,富山県,-,-,-,食品,-,,165
2023-10-01,石川県,-,-,-,食品,-,,177
2023-10-01,福井県,-,-,-,食品,-,,143
2023-10-01,岐阜県,-,-,-,食品,-,,277
2023-10-01,静岡県,-,-,-,食品,-,,639
2023-10-01,愛知県,-,-,-,食品,-,,923
2023-10-01,三重県,-,-,-,食品,-,,261
2023-10-01,滋賀県,-,-,-,食品,-,,188
2023-10-01,京都府,-,-,-,食品,-,,433
2023-10-01,大阪府,-,-,-,食品,-,,1375
2023-10-01,兵庫県,-,-,-,食品,-,,886
2023-10-01,奈良県,-,-,-,食品,-,,194
2023-10-01,和歌山県,-,-,-,食品,-,,176
2023-10-01,鳥取県,-,-,-,食品,-,,90
2023-10-01,島根県,-,-,-,食品,-,,166
2023-10-01,岡山県,-,-,-,食品,-,,330
2023-10-01,広島県,-,-,-,食品,-,,500
2023-10-01,山口県,-,-,-,食品,-,,236
2023-10-01,徳島県,-,-,-,食品,-,,147
2023-10-01,香川県,-,-,-,食品,-,,176
2023-10-01,愛媛県,-,-,-,食品,-,,243
2023-10-01,高知県,-,-,-,食品,-,,155
2023-10-01,福岡県,-,-,-,食品,-,,734
2023-10-01,佐賀県,-,-,-,食品,-,,134
2023-10-01,長崎県,-,-,-,食品,-,,233
2023-10-01,熊本県,-,-,-,食品,-,,275
2023-10-01,大分県,-,-,-,食品,-,,205
2023-10-01,宮崎県,-,-,-,食品,-,,195
2023-10-01,鹿児島県,-,-,-,食品,-,,350
2023-10-01,沖縄県,-,-,-,食品,-,,261
2023-11-01,北海道,-,-,-,食品,-,,1058
2023-11-01,青森県,-,-,-,食品,-,,206
2023-11-01,岩手県,-,-,-,食品,-,,235
2023-11-01,宮城県,-,-,-,食品,-,,367
2023-11-01,秋田県,-,-,-,食品,-,,159
2023-11-01,山形県,-,-,-,食品,-,,229
2023-11-01,福島県,-,-,-,食品,-,,367
2023-11-01,茨城県,-,-,-,食品,-,,472
2023-11-01,栃木県,-,-,-,食品,-,,301
2023-11-01,群馬県,-,-,-,食品,-,,257
2023-11-01,埼玉県,-,-,-,食品,-,,1136
2023-11-01,千葉県,-,-,-,食品,-,,936
2023-11-01,東京都,-,-,-,食品,-,,2905
2023-11-01,神奈川県,-,-,-,食品,-,,1506
2023-11-01,新潟県,-,-,-,食品,-,,407
2023-11-01,山梨県,-,-,-,食品,-,,130
2023-11-01,長野県,-,-,-,食品,-,,307
2023-11-01,富山県,-,-,-,食品,-,,166
2023-11-01,石川県,-,-,-,食品,-,,178
2023-11-01,福井県,-,-,-,食品,-,,143
2023-11-01,岐阜県,-,-,-,食品,-,,266
2023-11-01,静岡県,-,-,-,食品,-,,641
2023-11-01,愛知県,-,-,-,食品,-,,925
2023-11-01,三重県,-,-,-,食品,-,,262
2023-11-01,滋賀県,-,-,-,食品,-,,188
2023-11-01,京都府,-,-,-,食品,-,,434
2023-11-01,大阪府,-,-,-,食品,-,,1382
2023-11-01,兵庫県,-,-,-,食品,-,,882
2023-11-01,奈良県,-,-,-,食品,-,,193
2023-11-01,和歌山県,-,-,-,食品,-,,177
2023-11-01,鳥取県,-,-,-,食品,-,,91
2023-11-01,島根県,-,-,-,食品,-,,166
2023-11-01,岡山県,-,-,-,食品,-,,332
2023-11-01,広島県,-,-,-,食品,-,,501
2023-11-01,山口県,-,-,-,食品,-,,236
2023-11-01,徳島県,-,-,-,食品,-,,147
2023-11-01,香川県,-,-,-,食品,-,,176
2023-11-01,愛媛県,-,-,-,食品,-,,244
2023-11-01,高知県,-,-,-,食品,-,,154
2023-11-01,福岡県,-,-,-,食品,-,,734
2023-11-01,佐賀県,-,-,-,食品,-,,134
2023-11-01,長崎県,-,-,-,食品,-,,234
2023-11-01,熊本県,-,-,-,食品,-,,275
2023-11-01,大分県,-,-,-,食品,-,,205
2023-11-01,宮崎県,-,-,-,食品,-,,195
2023-11-01,鹿児島県,-,-,-,食品,-,,350
2023-11-01,沖縄県,-,-,-,食品,-,,261
2023-12-01,北海道,-,-,-,食品,-,,1059
2023-12-01,青森県,-,-,-,食品,-,,207
2023-12-01,岩手県,-,-,-,食品,-,,233
2023-12-01,宮城県,-,-,-,食品,-,,369
2023-12-01,秋田県,-,-,-,食品,-,,159
2023-12-01,山形県,-,-,-,食品,-,,229
2023-12-01,福島県,-,-,-,食品,-,,368
2023-12-01,茨城県,-,-,-,食品,-,,473
2023-12-01,栃木県,-,-,-,食品,-,,301
2023-12-01,群馬県,-,-,-,食品,-,,258
2023-12-01,埼玉県,-,-,-,食品,-,,1141
2023-12-01,千葉県,-,-,-,食品,-,,939
2023-12-01,東京都,-,-,-,食品,-,,2913
2023-12-01,神奈川県,-,-,-,食品,-,,1506
2023-12-01,新潟県,-,-,-,食品,-,,406
2023-12-01,山梨県,-,-,-,食品,-,,131
2023-12-01,長野県,-,-,-,食品,-,,305
2023-12-01,富山県,-,-,-,食品,-,,166
2023-12-01,石川県,-,-,-,食品,-,,178
2023-12-01,福井県,-,-,-,食品,-,,144
2023-12-01,岐阜県,-,-,-,食品,-,,265
2023-12-01,静岡県,-,-,-,食品,-,,642
2023-12-01,愛知県,-,-,-,食品,-,,923
2023-12-01,三重県,-,-,-,食品,-,,262
2023-12-01,滋賀県,-,-,-,食品,-,,190
2023-12-01,京都府,-,-,-,食品,-,,436
2023-12-01,大阪府,-,-,-,食品,-,,1385
2023-12-01,兵庫県,-,-,-,食品,-,,882
2023-12-01,奈良県,-,-,-,食品,-,,194
2023-12-01,和歌山県,-,-,-,食品,-,,177
2023-12-01,鳥取県,-,-,-,食品,-,,92
2023-12-01,島根県,-,-,-,食品,-,,166
2023-12-01,岡山県,-,-,-,食品,-,,331
2023-12-01,広島県,-,-,-,食品,-,,502
2023-12-01,山口県,-,-,-,食品,-,,236
2023-12-01,徳島県,-,-,-,食品,-,,147
2023-12-01,香川県,-,-,-,食品,-,,175
2023-12-01,愛媛県,-,-,-,食品,-,,244
2023-12-01,高知県,-,-,-,食品,-,,154
2023-12-01,福岡県,-,-,-,食品,-,,736
2023-12-01,佐賀県,-,-,-,食品,-,,134
2023-12-01,長崎県,-,-,-,食品,-,,234
2023-12-01,熊本県,-,-,-,食品,-,,276
2023-12-01,大分県,-,-,-,食品,-,,205
2023-12-01,宮崎県,-,-,-,食品,-,,195
2023-12-01,鹿児島県,-,-,-,食品,-,,350
2023-12-01,沖縄県,-,-,-,食品,-,,260
2024-01-01,北海道,-,-,-,食品,-,,1055
2024-01-01,青森県,-,-,-,食品,-,,207
2024-01-01,岩手県,-,-,-,食品,-,,233
2024-01-01,宮城県,-,-,-,食品,-,,367
2024-01-01,秋田県,-,-,-,食品,-,,159
2024-01-01,山形県,-,-,-,食品,-,,229
2024-01-01,福島県,-,-,-,食品,-,,368
2024-01-01,茨城県,-,-,-,食品,-,,473
2024-01-01,栃木県,-,-,-,食品,-,,301
2024-01-01,群馬県,-,-,-,食品,-,,255
2024-01-01,埼玉県,-,-,-,食品,-,,1140
2024-01-01,千葉県,-,-,-,食品,-,,938
2024-01-01,東京都,-,-,-,食品,-,,2911
2024-01-01,神奈川県,-,-,-,食品,-,,1503
2024-01-01,新潟県,-,-,-,食品,-,,405
2024-01-01,山梨県,-,-,-,食品,-,,131
2024-01-01,長野県,-,-,-,食品,-,,305
2024-01-01,富山県,-,-,-,食品,-,,166
2024-01-01,石川県,-,-,-,食品,-,,178
2024-01-01,福井県,-,-,-,食品,-,,145
2024-01-01,岐阜県,-,-,-,食品,-,,267
2024-01-01,静岡県,-,-,-,食品,-,,638
2024-01-01,愛知県,-,-,-,食品,-,,919
2024-01-01,三重県,-,-,-,食品,-,,262
2024-01-01,滋賀県,-,-,-,食品,-,,190
2024-01-01,京都府,-,-,-,食品,-,,436
2024-01-01,大阪府,-,-,-,食品,-,,1384
2024-01-01,兵庫県,-,-,-,食品,-,,870
2024-01-01,奈良県,-,-,-,食品,-,,195
2024-01-01,和歌山県,-,-,-,食品,-,,176
2024-01-01,鳥取県,-,-,-,食品,-,,87
2024-01-01,島根県,-,-,-,食品,-,,166
2024-01-01,岡山県,-,-,-,食品,-,,331
2024-01-01,広島県,-,-,-,食品,-,,504
2024-01-01,山口県,-,-,-,食品,-,,236
2024-01-01,徳島県,-,-,-,食品,-,,147
2024-01-01,香川県,-,-,-,食品,-,,175
2024-01-01,愛媛県,-,-,-,食品,-,,244
2024-01-01,高知県,-,-,-,食品,-,,154
2024-01-01,福岡県,-,-,-,食品,-,,736
2024-01-01,佐賀県,-,-,-,食品,-,,133
2024-01-01,長崎県,-,-,-,食品,-,,233
2024-01-01,熊本県,-,-,-,食品,-,,276
2024-01-01,大分県,-,-,-,食品,-,,202
2024-01-01,宮崎県,-,-,-,食品,-,,195
2024-01-01,鹿児島県,-,-,-,食品,-,,351
2024-01-01,沖縄県,-,-,-,食品,-,,260
2024-02-01,北海道,-,-,-,食品,-,,1050
2024-02-01,青森県,-,-,-,食品,-,,207
2024-02-01,岩手県,-,-,-,食品,-,,233
2024-02-01,宮城県,-,-,-,食品,-,,366
2024-02-01,秋田県,-,-,-,食品,-,,159
2024-02-01,山形県,-,-,-,食品,-,,230
2024-02-01,福島県,-,-,-,食品,-,,368
2024-02-01,茨城県,-,-,-,食品,-,,474
2024-02-01,栃木県,-,-,-,食品,-,,304
2024-02-01,群馬県,-,-,-,食品,-,,258
2024-02-01,埼玉県,-,-,-,食品,-,,1140
2024-02-01,千葉県,-,-,-,食品,-,,936
2024-02-01,東京都,-,-,-,食品,-,,2908
2024-02-01,神奈川県,-,-,-,食品,-,,1500
2024-02-01,新潟県,-,-,-,食品,-,,404
2024-02-01,山梨県,-,-,-,食品,-,,130
2024-02-01,長野県,-,-,-,食品,-,,304
2024-02-01,富山県,-,-,-,食品,-,,165
2024-02-01,石川県,-,-,-,食品,-,,177
2024-02-01,福井県,-,-,-,食品,-,,146
2024-02-01,岐阜県,-,-,-,食品,-,,267
2024-02-01,静岡県,-,-,-,食品,-,,638
2024-02-01,愛知県,-,-,-,食品,-,,916
2024-02-01,三重県,-,-,-,食品,-,,263
2024-02-01,滋賀県,-,-,-,食品,-,,190
2024-02-01,京都府,-,-,-,食品,-,,435
2024-02-01,大阪府,-,-,-,食品,-,,1383
2024-02-01,兵庫県,-,-,-,食品,-,,872
2024-02-01,奈良県,-,-,-,食品,-,,195
2024-02-01,和歌山県,-,-,-,食品,-,,174
2024-02-01,鳥取県,-,-,-,食品,-,,86
2024-02-01,島根県,-,-,-,食品,-,,164
2024-02-01,岡山県,-,-,-,食品,-,,332
2024-02-01,広島県,-,-,-,食品,-,,503
2024-02-01,山口県,-,-,-,食品,-,,236
2024-02-01,徳島県,-,-,-,食品,-,,146
2024-02-01,香川県,-,-,-,食品,-,,175
2024-02-01,愛媛県,-,-,-,食品,-,,235
2024-02-01,高知県,-,-,-,食品,-,,154
2024-02-01,福岡県,-,-,-,食品,-,,736
2024-02-01,佐賀県,-,-,-,食品,-,,132
2024-02-01,長崎県,-,-,-,食品,-,,227
2024-02-01,熊本県,-,-,-,食品,-,,278
2024-02-01,大分県,-,-,-,食品,-,,204
2024-02-01,宮崎県,-,-,-,食品,-,,195
2024-02-01,鹿児島県,-,-,-,食品,-,,350
2024-02-01,沖縄県,-,-,-,食品,-,,260
2024-03-01,北海道,-,-,-,食品,-,,1051
2024-03-01,青森県,-,-,-,食品,-,,207
2024-03-01,岩手県,-,-,-,食品,-,,232
2024-03-01,宮城県,-,-,-,食品,-,,364
2024-03-01,秋田県,-,-,-,食品,-,,159
2024-03-01,山形県,-,-,-,食品,-,,230
2024-03-01,福島県,-,-,-,食品,-,,368
2024-03-01,茨城県,-,-,-,食品,-,,472
2024-03-01,栃木県,-,-,-,食品,-,,302
2024-03-01,群馬県,-,-,-,食品,-,,259
2024-03-01,埼玉県,-,-,-,食品,-,,1132
2024-03-01,千葉県,-,-,-,食品,-,,939
2024-03-01,東京都,-,-,-,食品,-,,2881
2024-03-01,神奈川県,-,-,-,食品,-,,1481
2024-03-01,新潟県,-,-,-,食品,-,,403
2024-03-01,山梨県,-,-,-,食品,-,,129
2024-03-01,長野県,-,-,-,食品,-,,304
2024-03-01,富山県,-,-,-,食品,-,,165
2024-03-01,石川県,-,-,-,食品,-,,176
2024-03-01,福井県,-,-,-,食品,-,,145
2024-03-01,岐阜県,-,-,-,食品,-,,264
2024-03-01,静岡県,-,-,-,食品,-,,634
2024-03-01,愛知県,-,-,-,食品,-,,910
2024-03-01,三重県,-,-,-,食品,-,,263
2024-03-01,滋賀県,-,-,-,食品,-,,189
2024-03-01,京都府,-,-,-,食品,-,,436
2024-03-01,大阪府,-,-,-,食品,-,,1379
2024-03-01,兵庫県,-,-,-,食品,-,,871
2024-03-01,奈良県,-,-,-,食品,-,,196
2024-03-01,和歌山県,-,-,-,食品,-,,177
2024-03-01,鳥取県,-,-,-,食品,-,,86
2024-03-01,島根県,-,-,-,食品,-,,166
2024-03-01,岡山県,-,-,-,食品,-,,331
2024-03-01,広島県,-,-,-,食品,-,,501
2024-03-01,山口県,-,-,-,食品,-,,236
2024-03-01,徳島県,-,-,-,食品,-,,146
2024-03-01,香川県,-,-,-,食品,-,,177
2024-03-01,愛媛県,-,-,-,食品,-,,236
2024-03-01,高知県,-,-,-,食品,-,,154
2024-03-01,福岡県,-,-,-,食品,-,,737
2024-03-01,佐賀県,-,-,-,食品,-,,129
2024-03-01,長崎県,-,-,-,食品,-,,227
2024-03-01,熊本県,-,-,-,食品,-,,278
2024-03-01,大分県,-,-,-,食品,-,,204
2024-03-01,宮崎県,-,-,-,食品,-,,197
2024-03-01,鹿児島県,-,-,-,食品,-,,350
2024-03-01,沖縄県,-,-,-,食品,-,,261
2024-04-01,北海道,-,-,-,食品,-,,1049
2024-04-01,青森県,-,-,-,食品,-,,206
2024-04-01,岩手県,-,-,-,食品,-,,232
2024-04-01,宮城県,-,-,-,食品,-,,365
2024-04-01,秋田県,-,-,-,食品,-,,159
2024-04-01,山形県,-,-,-,食品,-,,229
2024-04-01,福島県,-,-,-,食品,-,,365
2024-04-01,茨城県,-,-,-,食品,-,,472
2024-04-01,栃木県,-,-,-,食品,-,,303
2024-04-01,群馬県,-,-,-,食品,-,,259
2024-04-01,埼玉県,-,-,-,食品,-,,1131
2024-04-01,千葉県,-,-,-,食品,-,,943
2024-04-01,東京都,-,-,-,食品,-,,2884
2024-04-01,神奈川県,-,-,-,食品,-,,1485
2024-04-01,新潟県,-,-,-,食品,-,,402
2024-04-01,山梨県,-,-,-,食品,-,,129
2024-04-01,長野県,-,-,-,食品,-,,303
2024-04-01,富山県,-,-,-,食品,-,,166
2024-04-01,石川県,-,-,-,食品,-,,177
2024-04-01,福井県,-,-,-,食品,-,,143
2024-04-01,岐阜県,-,-,-,食品,-,,266
2024-04-01,静岡県,-,-,-,食品,-,,636
2024-04-01,愛知県,-,-,-,食品,-,,915
2024-04-01,三重県,-,-,-,食品,-,,263
2024-04-01,滋賀県,-,-,-,食品,-,,193
2024-04-01,京都府,-,-,-,食品,-,,439
2024-04-01,大阪府,-,-,-,食品,-,,1382
2024-04-01,兵庫県,-,-,-,食品,-,,874
2024-04-01,奈良県,-,-,-,食品,-,,196
2024-04-01,和歌山県,-,-,-,食品,-,,177
2024-04-01,鳥取県,-,-,-,食品,-,,88
2024-04-01,島根県,-,-,-,食品,-,,166
2024-04-01,岡山県,-,-,-,食品,-,,331
2024-04-01,広島県,-,-,-,食品,-,,500
2024-04-01,山口県,-,-,-,食品,-,,237
2024-04-01,徳島県,-,-,-,食品,-,,146
2024-04-01,香川県,-,-,-,食品,-,,178
2024-04-01,愛媛県,-,-,-,食品,-,,236
2024-04-01,高知県,-,-,-,食品,-,,154
2024-04-01,福岡県,-,-,-,食品,-,,739
2024-04-01,佐賀県,-,-,-,食品,-,,128
2024-04-01,長崎県,-,-,-,食品,-,,228
2024-04-01,熊本県,-,-,-,食品,-,,278
2024-04-01,大分県,-,-,-,食品,-,,204
2024-04-01,宮崎県,-,-,-,食品,-,,197
2024-04-01,鹿児島県,-,-,-,食品,-,,350
2024-04-01,沖縄県,-,-,-,食品,-,,261
2024-05-01,北海道,-,-,-,食品,-,,1051
2024-05-01,青森県,-,-,-,食品,-,,206
2024-05-01,岩手県,-,-,-,食品,-,,232
2024-05-01,宮城県,-,-,-,食品,-,,362
2024-05-01,秋田県,-,-,-,食品,-,,158
2024-05-01,山形県,-,-,-,食品,-,,227
2024-05-01,福島県,-,-,-,食品,-,,365
2024-05-01,茨城県,-,-,-,食品,-,,472
2024-05-01,栃木県,-,-,-,食品,-,,305
2024-05-01,群馬県,-,-,-,食品,-,,263
2024-05-01,埼玉県,-,-,-,食品,-,,1136
2024-05-01,千葉県,-,-,-,食品,-,,945
2024-05-01,東京都,-,-,-,食品,-,,2891
2024-05-01,神奈川県,-,-,-,食品,-,,1487
2024-05-01,新潟県,-,-,-,食品,-,,404
2024-05-01,山梨県,-,-,-,食品,-,,129
2024-05-01,長野県,-,-,-,食品,-,,303
2024-05-01,富山県,-,-,-,食品,-,,166
2024-05-01,石川県,-,-,-,食品,-,,177
2024-05-01,福井県,-,-,-,食品,-,,143
2024-05-01,岐阜県,-,-,-,食品,-,,264
2024-05-01,静岡県,-,-,-,食品,-,,634
2024-05-01,愛知県,-,-,-,食品,-,,916
2024-05-01,三重県,-,-,-,食品,-,,261
2024-05-01,滋賀県,-,-,-,食品,-,,193
2024-05-01,京都府,-,-,-,食品,-,,443
2024-05-01,大阪府,-,-,-,食品,-,,1375
2024-05-01,兵庫県,-,-,-,食品,-,,867
2024-05-01,奈良県,-,-,-,食品,-,,196
2024-05-01,和歌山県,-,-,-,食品,-,,175
2024-05-01,鳥取県,-,-,-,食品,-,,89
2024-05-01,島根県,-,-,-,食品,-,,166
2024-05-01,岡山県,-,-,-,食品,-,,330
2024-05-01,広島県,-,-,-,食品,-,,499
2024-05-01,山口県,-,-,-,食品,-,,237
2024-05-01,徳島県,-,-,-,食品,-,,146
2024-05-01,香川県,-,-,-,食品,-,,178
2024-05-01,愛媛県,-,-,-,食品,-,,236
2024-05-01,高知県,-,-,-,食品,-,,154
2024-05-01,福岡県,-,-,-,食品,-,,738
2024-05-01,佐賀県,-,-,-,食品,-,,128
2024-05-01,長崎県,-,-,-,食品,-,,230
2024-05-01,熊本県,-,-,-,食品,-,,278
2024-05-01,大分県,-,-,-,食品,-,,204
2024-05-01,宮崎県,-,-,-,食品,-,,198
2024-05-01,鹿児島県,-,-,-,食品,-,,350
2024-05-01,沖縄県,-,-,-,食品,-,,258
2024-06-01,北海道,-,-,-,食品,-,,1042
2024-06-01,青森県,-,-,-,食品,-,,205
2024-06-01,岩手県,-,-,-,食品,-,,232
2024-06-01,宮城県,-,-,-,食品,-,,362
2024-06-01,秋田県,-,-,-,食品,-,,158
2024-06-01,山形県,-,-,-,食品,-,,225
2024-06-01,福島県,-,-,-,食品,-,,366
2024-06-01,茨城県,-,-,-,食品,-,,472
2024-06-01,栃木県,-,-,-,食品,-,,305
2024-06-01,群馬県,-,-,-,食品,-,,263
2024-06-01,埼玉県,-,-,-,食品,-,,1141
2024-06-01,千葉県,-,-,-,食品,-,,944
2024-06-01,東京都,-,-,-,食品,-,,2887
2024-06-01,神奈川県,-,-,-,食品,-,,1489
2024-06-01,新潟県,-,-,-,食品,-,,406
2024-06-01,山梨県,-,-,-,食品,-,,129
2024-06-01,長野県,-,-,-,食品,-,,303
2024-06-01,富山県,-,-,-,食品,-,,167
2024-06-01,石川県,-,-,-,食品,-,,177
2024-06-01,福井県,-,-,-,食品,-,,142
2024-06-01,岐阜県,-,-,-,食品,-,,267
2024-06-01,静岡県,-,-,-,食品,-,,633
2024-06-01,愛知県,-,-,-,食品,-,,914
2024-06-01,三重県,-,-,-,食品,-,,263
2024-06-01,滋賀県,-,-,-,食品,-,,191
2024-06-01,京都府,-,-,-,食品,-,,446
2024-06-01,大阪府,-,-,-,食品,-,,1379
2024-06-01,兵庫県,-,-,-,食品,-,,869
2024-06-01,奈良県,-,-,-,食品,-,,197
2024-06-01,和歌山県,-,-,-,食品,-,,175
2024-06-01,鳥取県,-,-,-,食品,-,,90
2024-06-01,島根県,-,-,-,食品,-,,170
2024-06-01,岡山県,-,-,-,食品,-,,343
2024-06-01,広島県,-,-,-,食品,-,,499
2024-06-01,山口県,-,-,-,食品,-,,237
2024-06-01,徳島県,-,-,-,食品,-,,146
2024-06-01,香川県,-,-,-,食品,-,,178
2024-06-01,愛媛県,-,-,-,食品,-,,235
2024-06-01,高知県,-,-,-,食品,-,,155
2024-06-01,福岡県,-,-,-,食品,-,,739
2024-06-01,佐賀県,-,-,-,食品,-,,128
2024-06-01,長崎県,-,-,-,食品,-,,229
2024-06-01,熊本県,-,-,-,食品,-,,278
2024-06-01,大分県,-,-,-,食品,-,,207
2024-06-01,宮崎県,-,-,-,食品,-,,198
2024-06-01,鹿児島県,-,-,-,食品,-,,350
2024-06-01,沖縄県,-,-,-,食品,-,,257
2024-07-01,北海道,-,-,-,食品,-,,1041
2024-07-01,青森県,-,-,-,食品,-,,205
2024-07-01,岩手県,-,-,-,食品,-,,232
2024-07-01,宮城県,-,-,-,食品,-,,361
2024-07-01,秋田県,-,-,-,食品,-,,156
2024-07-01,山形県,-,-,-,食品,-,,227
2024-07-01,福島県,-,-,-,食品,-,,366
2024-07-01,茨城県,-,-,-,食品,-,,473
2024-07-01,栃木県,-,-,-,食品,-,,305
2024-07-01,群馬県,-,-,-,食品,-,,262
2024-07-01,埼玉県,-,-,-,食品,-,,1144
2024-07-01,千葉県,-,-,-,食品,-,,946
2024-07-01,東京都,-,-,-,食品,-,,2891
2024-07-01,神奈川県,-,-,-,食品,-,,1490
2024-07-01,新潟県,-,-,-,食品,-,,406
2024-07-01,山梨県,-,-,-,食品,-,,129
2024-07-01,長野県,-,-,-,食品,-,,303
2024-07-01,富山県,-,-,-,食品,-,,167
2024-07-01,石川県,-,-,-,食品,-,,176
2024-07-01,福井県,-,-,-,食品,-,,142
2024-07-01,岐阜県,-,-,-,食品,-,,266
2024-07-01,静岡県,-,-,-,食品,-,,633
2024-07-01,愛知県,-,-,-,食品,-,,919
2024-07-01,三重県,-,-,-,食品,-,,263
2024-07-01,滋賀県,-,-,-,食品,-,,191
2024-07-01,京都府,-,-,-,食品,-,,444
2024-07-01,大阪府,-,-,-,食品,-,,1380
2024-07-01,兵庫県,-,-,-,食品,-,,867
2024-07-01,奈良県,-,-,-,食品,-,,200
2024-07-01,和歌山県,-,-,-,食品,-,,176
2024-07-01,鳥取県,-,-,-,食品,-,,90
2024-07-01,島根県,-,-,-,食品,-,,170
2024-07-01,岡山県,-,-,-,食品,-,,343
2024-07-01,広島県,-,-,-,食品,-,,498
2024-07-01,山口県,-,-,-,食品,-,,237
2024-07-01,徳島県,-,-,-,食品,-,,146
2024-07-01,香川県,-,-,-,食品,-,,178
2024-07-01,愛媛県,-,-,-,食品,-,,233
2024-07-01,高知県,-,-,-,食品,-,,155
2024-07-01,福岡県,-,-,-,食品,-,,740
2024-07-01,佐賀県,-,-,-,食品,-,,127
2024-07-01,長崎県,-,-,-,食品,-,,229
2024-07-01,熊本県,-,-,-,食品,-,,282
2024-07-01,大分県,-,-,-,食品,-,,208
2024-07-01,宮崎県,-,-,-,食品,-,,198
2024-07-01,鹿児島県,-,-,-,食品,-,,350
2024-07-01,沖縄県,-,-,-,食品,-,,257
2024-08-01,北海道,-,-,-,食品,-,,1047
2024-08-01,青森県,-,-,-,食品,-,,206
2024-08-01,岩手県,-,-,-,食品,-,,232
2024-08-01,宮城県,-,-,-,食品,-,,363
2024-08-01,秋田県,-,-,-,食品,-,,156
2024-08-01,山形県,-,-,-,食品,-,,228
2024-08-01,福島県,-,-,-,食品,-,,366
2024-08-01,茨城県,-,-,-,食品,-,,474
2024-08-01,栃木県,-,-,-,食品,-,,305
2024-08-01,群馬県,-,-,-,食品,-,,262
2024-08-01,埼玉県,-,-,-,食品,-,,1139
2024-08-01,千葉県,-,-,-,食品,-,,949
2024-08-01,東京都,-,-,-,食品,-,,2899
2024-08-01,神奈川県,-,-,-,食品,-,,1489
2024-08-01,新潟県,-,-,-,食品,-,,406
2024-08-01,山梨県,-,-,-,食品,-,,129
2024-08-01,長野県,-,-,-,食品,-,,303
2024-08-01,富山県,-,-,-,食品,-,,167
2024-08-01,石川県,-,-,-,食品,-,,176
2024-08-01,福井県,-,-,-,食品,-,,141
2024-08-01,岐阜県,-,-,-,食品,-,,266
2024-08-01,静岡県,-,-,-,食品,-,,635
2024-08-01,愛知県,-,-,-,食品,-,,920
2024-08-01,三重県,-,-,-,食品,-,,262
2024-08-01,滋賀県,-,-,-,食品,-,,191
2024-08-01,京都府,-,-,-,食品,-,,444
2024-08-01,大阪府,-,-,-,食品,-,,1378
2024-08-01,兵庫県,-,-,-,食品,-,,869
2024-08-01,奈良県,-,-,-,食品,-,,199
2024-08-01,和歌山県,-,-,-,食品,-,,175
2024-08-01,鳥取県,-,-,-,食品,-,,90
2024-08-01,島根県,-,-,-,食品,-,,170
2024-08-01,岡山県,-,-,-,食品,-,,342
2024-08-01,広島県,-,-,-,食品,-,,497
2024-08-01,山口県,-,-,-,食品,-,,236
2024-08-01,徳島県,-,-,-,食品,-,,146
2024-08-01,香川県,-,-,-,食品,-,,177
2024-08-01,愛媛県,-,-,-,食品,-,,233
2024-08-01,高知県,-,-,-,食品,-,,154
2024-08-01,福岡県,-,-,-,食品,-,,734
2024-08-01,佐賀県,-,-,-,食品,-,,127
2024-08-01,長崎県,-,-,-,食品,-,,226
2024-08-01,熊本県,-,-,-,食品,-,,282
2024-08-01,大分県,-,-,-,食品,-,,208
2024-08-01,宮崎県,-,-,-,食品,-,,198
2024-08-01,鹿児島県,-,-,-,食品,-,,350
2024-08-01,沖縄県,-,-,-,食品,-,,257
2024-09-01,北海道,-,-,-,食品,-,,1025
2024-09-01,青森県,-,-,-,食品,-,,206
2024-09-01,岩手県,-,-,-,食品,-,,232
2024-09-01,宮城県,-,-,-,食品,-,,363
2024-09-01,秋田県,-,-,-,食品,-,,156
2024-09-01,山形県,-,-,-,食品,-,,228
2024-09-01,福島県,-,-,-,食品,-,,365
2024-09-01,茨城県,-,-,-,食品,-,,474
2024-09-01,栃木県,-,-,-,食品,-,,308
2024-09-01,群馬県,-,-,-,食品,-,,261
2024-09-01,埼玉県,-,-,-,食品,-,,1144
2024-09-01,千葉県,-,-,-,食品,-,,955
2024-09-01,東京都,-,-,-,食品,-,,2906
2024-09-01,神奈川県,-,-,-,食品,-,,1490
2024-09-01,新潟県,-,-,-,食品,-,,403
2024-09-01,山梨県,-,-,-,食品,-,,127
2024-09-01,長野県,-,-,-,食品,-,,303
2024-09-01,富山県,-,-,-,食品,-,,167
2024-09-01,石川県,-,-,-,食品,-,,176
2024-09-01,福井県,-,-,-,食品,-,,142
2024-09-01,岐阜県,-,-,-,食品,-,,266
2024-09-01,静岡県,-,-,-,食品,-,,636
2024-09-01,愛知県,-,-,-,食品,-,,920
2024-09-01,三重県,-,-,-,食品,-,,257
2024-09-01,滋賀県,-,-,-,食品,-,,190
2024-09-01,京都府,-,-,-,食品,-,,446
2024-09-01,大阪府,-,-,-,食品,-,,1384
2024-09-01,兵庫県,-,-,-,食品,-,,869
2024-09-01,奈良県,-,-,-,食品,-,,198
2024-09-01,和歌山県,-,-,-,食品,-,,175
2024-09-01,鳥取県,-,-,-,食品,-,,90
2024-09-01,島根県,-,-,-,食品,-,,170
2024-09-01,岡山県,-,-,-,食品,-,,345
2024-09-01,広島県,-,-,-,食品,-,,498
2024-09-01,山口県,-,-,-,食品,-,,236
2024-09-01,徳島県,-,-,-,食品,-,,146
2024-09-01,香川県,-,-,-,食品,-,,170
2024-09-01,愛媛県,-,-,-,食品,-,,234
2024-09-01,高知県,-,-,-,食品,-,,154
2024-09-01,福岡県,-,-,-,食品,-,,727
2024-09-01,佐賀県,-,-,-,食品,-,,127
2024-09-01,長崎県,-,-,-,食品,-,,226
2024-09-01,熊本県,-,-,-,食品,-,,280
2024-09-01,大分県,-,-,-,食品,-,,207
2024-09-01,宮崎県,-,-,-,食品,-,,197
2024-09-01,鹿児島県,-,-,-,食品,-,,349
2024-09-01,沖縄県,-,-,-,食品,-,,256
2013-09-01,北海道,-,-,-,大型,-,,89
2013-09-01,青森県,-,-,-,大型,-,,18
2013-09-01,岩手県,-,-,-,大型,-,,14
2013-09-01,宮城県,-,-,-,大型,-,,23
2013-09-01,秋田県,-,-,-,大型,-,,18
2013-09-01,山形県,-,-,-,大型,-,,8
2013-09-01,福島県,-,-,-,大型,-,,20
2013-09-01,茨城県,-,-,-,大型,-,,32
2013-09-01,栃木県,-,-,-,大型,-,,24
2013-09-01,群馬県,-,-,-,大型,-,,38
2013-09-01,埼玉県,-,-,-,大型,-,,83
2013-09-01,千葉県,-,-,-,大型,-,,97
2013-09-01,東京都,-,-,-,大型,-,,159
2013-09-01,神奈川県,-,-,-,大型,-,,109
2013-09-01,新潟県,-,-,-,大型,-,,31
2013-09-01,山梨県,-,-,-,大型,-,,10
2013-09-01,長野県,-,-,-,大型,-,,37
2013-09-01,富山県,-,-,-,大型,-,,13
2013-09-01,石川県,-,-,-,大型,-,,18
2013-09-01,福井県,-,-,-,大型,-,,11
2013-09-01,岐阜県,-,-,-,大型,-,,35
2013-09-01,静岡県,-,-,-,大型,-,,31
2013-09-01,愛知県,-,-,-,大型,-,,106
2013-09-01,三重県,-,-,-,大型,-,,34
2013-09-01,滋賀県,-,-,-,大型,-,,45
2013-09-01,京都府,-,-,-,大型,-,,51
2013-09-01,大阪府,-,-,-,大型,-,,194
2013-09-01,兵庫県,-,-,-,大型,-,,83
2013-09-01,奈良県,-,-,-,大型,-,,26
2013-09-01,和歌山県,-,-,-,大型,-,,8
2013-09-01,鳥取県,-,-,-,大型,-,,8
2013-09-01,島根県,-,-,-,大型,-,,12
2013-09-01,岡山県,-,-,-,大型,-,,24
2013-09-01,広島県,-,-,-,大型,-,,40
2013-09-01,山口県,-,-,-,大型,-,,26
2013-09-01,徳島県,-,-,-,大型,-,,5
2013-09-01,香川県,-,-,-,大型,-,,13
2013-09-01,愛媛県,-,-,-,大型,-,,12
2013-09-01,高知県,-,-,-,大型,-,,7
2013-09-01,福岡県,-,-,-,大型,-,,85
2013-09-01,佐賀県,-,-,-,大型,-,,15
2013-09-01,長崎県,-,-,-,大型,-,,18
2013-09-01,熊本県,-,-,-,大型,-,,31
2013-09-01,大分県,-,-,-,大型,-,,27
2013-09-01,宮崎県,-,-,-,大型,-,,14
2013-09-01,鹿児島県,-,-,-,大型,-,,25
2013-09-01,沖縄県,-,-,-,大型,-,,33
2013-10-01,北海道,-,-,-,大型,-,,88
2013-10-01,青森県,-,-,-,大型,-,,18
2013-10-01,岩手県,-,-,-,大型,-,,14
2013-10-01,宮城県,-,-,-,大型,-,,23
2013-10-01,秋田県,-,-,-,大型,-,,18
2013-10-01,山形県,-,-,-,大型,-,,8
2013-10-01,福島県,-,-,-,大型,-,,20
2013-10-01,茨城県,-,-,-,大型,-,,32
2013-10-01,栃木県,-,-,-,大型,-,,24
2013-10-01,群馬県,-,-,-,大型,-,,38
2013-10-01,埼玉県,-,-,-,大型,-,,83
2013-10-01,千葉県,-,-,-,大型,-,,98
2013-10-01,東京都,-,-,-,大型,-,,157
2013-10-01,神奈川県,-,-,-,大型,-,,109
2013-10-01,新潟県,-,-,-,大型,-,,31
2013-10-01,山梨県,-,-,-,大型,-,,10
2013-10-01,長野県,-,-,-,大型,-,,37
2013-10-01,富山県,-,-,-,大型,-,,14
2013-10-01,石川県,-,-,-,大型,-,,18
2013-10-01,福井県,-,-,-,大型,-,,11
2013-10-01,岐阜県,-,-,-,大型,-,,35
2013-10-01,静岡県,-,-,-,大型,-,,31
2013-10-01,愛知県,-,-,-,大型,-,,106
2013-10-01,三重県,-,-,-,大型,-,,33
2013-10-01,滋賀県,-,-,-,大型,-,,45
2013-10-01,京都府,-,-,-,大型,-,,51
2013-10-01,大阪府,-,-,-,大型,-,,194
2013-10-01,兵庫県,-,-,-,大型,-,,83
2013-10-01,奈良県,-,-,-,大型,-,,26
2013-10-01,和歌山県,-,-,-,大型,-,,8
2013-10-01,鳥取県,-,-,-,大型,-,,8
2013-10-01,島根県,-,-,-,大型,-,,12
2013-10-01,岡山県,-,-,-,大型,-,,25
2013-10-01,広島県,-,-,-,大型,-,,42
2013-10-01,山口県,-,-,-,大型,-,,26
2013-10-01,徳島県,-,-,-,大型,-,,5
2013-10-01,香川県,-,-,-,大型,-,,13
2013-10-01,愛媛県,-,-,-,大型,-,,12
2013-10-01,高知県,-,-,-,大型,-,,7
2013-10-01,福岡県,-,-,-,大型,-,,85
2013-10-01,佐賀県,-,-,-,大型,-,,15
2013-10-01,長崎県,-,-,-,大型,-,,18
2013-10-01,熊本県,-,-,-,大型,-,,32
2013-10-01,大分県,-,-,-,大型,-,,27
2013-10-01,宮崎県,-,-,-,大型,-,,14
2013-10-01,鹿児島県,-,-,-,大型,-,,25
2013-10-01,沖縄県,-,-,-,大型,-,,33
2013-11-01,北海道,-,-,-,大型,-,,88
2013-11-01,青森県,-,-,-,大型,-,,18
2013-11-01,岩手県,-,-,-,大型,-,,15
2013-11-01,宮城県,-,-,-,大型,-,,24
2013-11-01,秋田県,-,-,-,大型,-,,18
2013-11-01,山形県,-,-,-,大型,-,,8
2013-11-01,福島県,-,-,-,大型,-,,20
2013-11-01,茨城県,-,-,-,大型,-,,32
2013-11-01,栃木県,-,-,-,大型,-,,24
2013-11-01,群馬県,-,-,-,大型,-,,38
2013-11-01,埼玉県,-,-,-,大型,-,,84
2013-11-01,千葉県,-,-,-,大型,-,,98
2013-11-01,東京都,-,-,-,大型,-,,157
2013-11-01,神奈川県,-,-,-,大型,-,,109
2013-11-01,新潟県,-,-,-,大型,-,,31
2013-11-01,山梨県,-,-,-,大型,-,,10
2013-11-01,長野県,-,-,-,大型,-,,37
2013-11-01,富山県,-,-,-,大型,-,,14
2013-11-01,石川県,-,-,-,大型,-,,18
2013-11-01,福井県,-,-,-,大型,-,,11
2013-11-01,岐阜県,-,-,-,大型,-,,35
2013-11-01,静岡県,-,-,-,大型,-,,31
2013-11-01,愛知県,-,-,-,大型,-,,107
2013-11-01,三重県,-,-,-,大型,-,,36
2013-11-01,滋賀県,-,-,-,大型,-,,45
2013-11-01,京都府,-,-,-,大型,-,,51
2013-11-01,大阪府,-,-,-,大型,-,,195
2013-11-01,兵庫県,-,-,-,大型,-,,83
2013-11-01,奈良県,-,-,-,大型,-,,26
2013-11-01,和歌山県,-,-,-,大型,-,,8
2013-11-01,鳥取県,-,-,-,大型,-,,8
2013-11-01,島根県,-,-,-,大型,-,,12
2013-11-01,岡山県,-,-,-,大型,-,,25
2013-11-01,広島県,-,-,-,大型,-,,42
2013-11-01,山口県,-,-,-,大型,-,,26
2013-11-01,徳島県,-,-,-,大型,-,,5
2013-11-01,香川県,-,-,-,大型,-,,13
2013-11-01,愛媛県,-,-,-,大型,-,,12
2013-11-01,高知県,-,-,-,大型,-,,7
2013-11-01,福岡県,-,-,-,大型,-,,87
2013-11-01,佐賀県,-,-,-,大型,-,,15
2013-11-01,長崎県,-,-,-,大型,-,,17
2013-11-01,熊本県,-,-,-,大型,-,,33
2013-11-01,大分県,-,-,-,大型,-,,27
2013-11-01,宮崎県,-,-,-,大型,-,,14
2013-11-01,鹿児島県,-,-,-,大型,-,,26
2013-11-01,沖縄県,-,-,-,大型,-,,33
2013-12-01,北海道,-,-,-,大型,-,,88
2013-12-01,青森県,-,-,-,大型,-,,19
2013-12-01,岩手県,-,-,-,大型,-,,15
2013-12-01,宮城県,-,-,-,大型,-,,24
2013-12-01,秋田県,-,-,-,大型,-,,18
2013-12-01,山形県,-,-,-,大型,-,,8
2013-12-01,福島県,-,-,-,大型,-,,20
2013-12-01,茨城県,-,-,-,大型,-,,32
2013-12-01,栃木県,-,-,-,大型,-,,24
2013-12-01,群馬県,-,-,-,大型,-,,38
2013-12-01,埼玉県,-,-,-,大型,-,,84
2013-12-01,千葉県,-,-,-,大型,-,,98
2013-12-01,東京都,-,-,-,大型,-,,158
2013-12-01,神奈川県,-,-,-,大型,-,,109
2013-12-01,新潟県,-,-,-,大型,-,,31
2013-12-01,山梨県,-,-,-,大型,-,,10
2013-12-01,長野県,-,-,-,大型,-,,37
2013-12-01,富山県,-,-,-,大型,-,,14
2013-12-01,石川県,-,-,-,大型,-,,18
2013-12-01,福井県,-,-,-,大型,-,,11
2013-12-01,岐阜県,-,-,-,大型,-,,35
2013-12-01,静岡県,-,-,-,大型,-,,31
2013-12-01,愛知県,-,-,-,大型,-,,108
2013-12-01,三重県,-,-,-,大型,-,,36
2013-12-01,滋賀県,-,-,-,大型,-,,46
2013-12-01,京都府,-,-,-,大型,-,,51
2013-12-01,大阪府,-,-,-,大型,-,,196
2013-12-01,兵庫県,-,-,-,大型,-,,83
2013-12-01,奈良県,-,-,-,大型,-,,27
2013-12-01,和歌山県,-,-,-,大型,-,,8
2013-12-01,鳥取県,-,-,-,大型,-,,8
2013-12-01,島根県,-,-,-,大型,-,,12
2013-12-01,岡山県,-,-,-,大型,-,,25
2013-12-01,広島県,-,-,-,大型,-,,42
2013-12-01,山口県,-,-,-,大型,-,,26
2013-12-01,徳島県,-,-,-,大型,-,,5
2013-12-01,香川県,-,-,-,大型,-,,13
2013-12-01,愛媛県,-,-,-,大型,-,,12
2013-12-01,高知県,-,-,-,大型,-,,7
2013-12-01,福岡県,-,-,-,大型,-,,87
2013-12-01,佐賀県,-,-,-,大型,-,,15
2013-12-01,長崎県,-,-,-,大型,-,,17
2013-12-01,熊本県,-,-,-,大型,-,,33
2013-12-01,大分県,-,-,-,大型,-,,27
2013-12-01,宮崎県,-,-,-,大型,-,,14
2013-12-01,鹿児島県,-,-,-,大型,-,,26
2013-12-01,沖縄県,-,-,-,大型,-,,33
2014-01-01,北海道,-,-,-,大型,-,,88
2014-01-01,青森県,-,-,-,大型,-,,19
2014-01-01,岩手県,-,-,-,大型,-,,15
2014-01-01,宮城県,-,-,-,大型,-,,24
2014-01-01,秋田県,-,-,-,大型,-,,18
2014-01-01,山形県,-,-,-,大型,-,,8
2014-01-01,福島県,-,-,-,大型,-,,20
2014-01-01,茨城県,-,-,-,大型,-,,32
2014-01-01,栃木県,-,-,-,大型,-,,24
2014-01-01,群馬県,-,-,-,大型,-,,38
2014-01-01,埼玉県,-,-,-,大型,-,,84
2014-01-01,千葉県,-,-,-,大型,-,,98
2014-01-01,東京都,-,-,-,大型,-,,158
2014-01-01,神奈川県,-,-,-,大型,-,,109
2014-01-01,新潟県,-,-,-,大型,-,,31
2014-01-01,山梨県,-,-,-,大型,-,,10
2014-01-01,長野県,-,-,-,大型,-,,37
2014-01-01,富山県,-,-,-,大型,-,,14
2014-01-01,石川県,-,-,-,大型,-,,18
2014-01-01,福井県,-,-,-,大型,-,,11
2014-01-01,岐阜県,-,-,-,大型,-,,35
2014-01-01,静岡県,-,-,-,大型,-,,31
2014-01-01,愛知県,-,-,-,大型,-,,107
2014-01-01,三重県,-,-,-,大型,-,,36
2014-01-01,滋賀県,-,-,-,大型,-,,46
2014-01-01,京都府,-,-,-,大型,-,,51
2014-01-01,大阪府,-,-,-,大型,-,,196
2014-01-01,兵庫県,-,-,-,大型,-,,84
2014-01-01,奈良県,-,-,-,大型,-,,27
2014-01-01,和歌山県,-,-,-,大型,-,,8
2014-01-01,鳥取県,-,-,-,大型,-,,8
2014-01-01,島根県,-,-,-,大型,-,,12
2014-01-01,岡山県,-,-,-,大型,-,,25
2014-01-01,広島県,-,-,-,大型,-,,42
2014-01-01,山口県,-,-,-,大型,-,,26
2014-01-01,徳島県,-,-,-,大型,-,,5
2014-01-01,香川県,-,-,-,大型,-,,12
2014-01-01,愛媛県,-,-,-,大型,-,,13
2014-01-01,高知県,-,-,-,大型,-,,7
2014-01-01,福岡県,-,-,-,大型,-,,87
2014-01-01,佐賀県,-,-,-,大型,-,,14
2014-01-01,長崎県,-,-,-,大型,-,,17
2014-01-01,熊本県,-,-,-,大型,-,,33
2014-01-01,大分県,-,-,-,大型,-,,27
2014-01-01,宮崎県,-,-,-,大型,-,,14
2014-01-01,鹿児島県,-,-,-,大型,-,,26
2014-01-01,沖縄県,-,-,-,大型,-,,31
2014-02-01,北海道,-,-,-,大型,-,,87
2014-02-01,青森県,-,-,-,大型,-,,19
2014-02-01,岩手県,-,-,-,大型,-,,15
2014-02-01,宮城県,-,-,-,大型,-,,24
2014-02-01,秋田県,-,-,-,大型,-,,18
2014-02-01,山形県,-,-,-,大型,-,,8
2014-02-01,福島県,-,-,-,大型,-,,20
2014-02-01,茨城県,-,-,-,大型,-,,32
2014-02-01,栃木県,-,-,-,大型,-,,24
2014-02-01,群馬県,-,-,-,大型,-,,38
2014-02-01,埼玉県,-,-,-,大型,-,,84
2014-02-01,千葉県,-,-,-,大型,-,,98
2014-02-01,東京都,-,-,-,大型,-,,159
2014-02-01,神奈川県,-,-,-,大型,-,,109
2014-02-01,新潟県,-,-,-,大型,-,,31
2014-02-01,山梨県,-,-,-,大型,-,,10
2014-02-01,長野県,-,-,-,大型,-,,37
2014-02-01,富山県,-,-,-,大型,-,,14
2014-02-01,石川県,-,-,-,大型,-,,18
2014-02-01,福井県,-,-,-,大型,-,,11
2014-02-01,岐阜県,-,-,-,大型,-,,35
2014-02-01,静岡県,-,-,-,大型,-,,31
2014-02-01,愛知県,-,-,-,大型,-,,107
2014-02-01,三重県,-,-,-,大型,-,,37
2014-02-01,滋賀県,-,-,-,大型,-,,46
2014-02-01,京都府,-,-,-,大型,-,,51
2014-02-01,大阪府,-,-,-,大型,-,,194
2014-02-01,兵庫県,-,-,-,大型,-,,84
2014-02-01,奈良県,-,-,-,大型,-,,27
2014-02-01,和歌山県,-,-,-,大型,-,,9
2014-02-01,鳥取県,-,-,-,大型,-,,8
2014-02-01,島根県,-,-,-,大型,-,,12
2014-02-01,岡山県,-,-,-,大型,-,,25
2014-02-01,広島県,-,-,-,大型,-,,42
2014-02-01,山口県,-,-,-,大型,-,,27
2014-02-01,徳島県,-,-,-,大型,-,,5
2014-02-01,香川県,-,-,-,大型,-,,12
2014-02-01,愛媛県,-,-,-,大型,-,,13
2014-02-01,高知県,-,-,-,大型,-,,7
2014-02-01,福岡県,-,-,-,大型,-,,87
2014-02-01,佐賀県,-,-,-,大型,-,,14
2014-02-01,長崎県,-,-,-,大型,-,,18
2014-02-01,熊本県,-,-,-,大型,-,,33
2014-02-01,大分県,-,-,-,大型,-,,27
2014-02-01,宮崎県,-,-,-,大型,-,,14
2014-02-01,鹿児島県,-,-,-,大型,-,,26
2014-02-01,沖縄県,-,-,-,大型,-,,31
2014-03-01,北海道,-,-,-,大型,-,,87
2014-03-01,青森県,-,-,-,大型,-,,19
2014-03-01,岩手県,-,-,-,大型,-,,16
2014-03-01,宮城県,-,-,-,大型,-,,24
2014-03-01,秋田県,-,-,-,大型,-,,18
2014-03-01,山形県,-,-,-,大型,-,,9
2014-03-01,福島県,-,-,-,大型,-,,20
2014-03-01,茨城県,-,-,-,大型,-,,33
2014-03-01,栃木県,-,-,-,大型,-,,24
2014-03-01,群馬県,-,-,-,大型,-,,38
2014-03-01,埼玉県,-,-,-,大型,-,,84
2014-03-01,千葉県,-,-,-,大型,-,,98
2014-03-01,東京都,-,-,-,大型,-,,158
2014-03-01,神奈川県,-,-,-,大型,-,,109
2014-03-01,新潟県,-,-,-,大型,-,,31
2014-03-01,山梨県,-,-,-,大型,-,,10
2014-03-01,長野県,-,-,-,大型,-,,37
2014-03-01,富山県,-,-,-,大型,-,,14
2014-03-01,石川県,-,-,-,大型,-,,18
2014-03-01,福井県,-,-,-,大型,-,,11
2014-03-01,岐阜県,-,-,-,大型,-,,35
2014-03-01,静岡県,-,-,-,大型,-,,31
2014-03-01,愛知県,-,-,-,大型,-,,108
2014-03-01,三重県,-,-,-,大型,-,,38
2014-03-01,滋賀県,-,-,-,大型,-,,46
2014-03-01,京都府,-,-,-,大型,-,,51
2014-03-01,大阪府,-,-,-,大型,-,,197
2014-03-01,兵庫県,-,-,-,大型,-,,84
2014-03-01,奈良県,-,-,-,大型,-,,27
2014-03-01,和歌山県,-,-,-,大型,-,,10
2014-03-01,鳥取県,-,-,-,大型,-,,8
2014-03-01,島根県,-,-,-,大型,-,,12
2014-03-01,岡山県,-,-,-,大型,-,,25
2014-03-01,広島県,-,-,-,大型,-,,42
2014-03-01,山口県,-,-,-,大型,-,,27
2014-03-01,徳島県,-,-,-,大型,-,,5
2014-03-01,香川県,-,-,-,大型,-,,13
2014-03-01,愛媛県,-,-,-,大型,-,,13
2014-03-01,高知県,-,-,-,大型,-,,7
2014-03-01,福岡県,-,-,-,大型,-,,89
2014-03-01,佐賀県,-,-,-,大型,-,,14
2014-03-01,長崎県,-,-,-,大型,-,,18
2014-03-01,熊本県,-,-,-,大型,-,,33
2014-03-01,大分県,-,-,-,大型,-,,27
2014-03-01,宮崎県,-,-,-,大型,-,,14
2014-03-01,鹿児島県,-,-,-,大型,-,,26
2014-03-01,沖縄県,-,-,-,大型,-,,31
2014-04-01,北海道,-,-,-,大型,-,,87
2014-04-01,青森県,-,-,-,大型,-,,20
2014-04-01,岩手県,-,-,-,大型,-,,16
2014-04-01,宮城県,-,-,-,大型,-,,24
2014-04-01,秋田県,-,-,-,大型,-,,18
2014-04-01,山形県,-,-,-,大型,-,,9
2014-04-01,福島県,-,-,-,大型,-,,21
2014-04-01,茨城県,-,-,-,大型,-,,33
2014-04-01,栃木県,-,-,-,大型,-,,24
2014-04-01,群馬県,-,-,-,大型,-,,38
2014-04-01,埼玉県,-,-,-,大型,-,,81
2014-04-01,千葉県,-,-,-,大型,-,,98
2014-04-01,東京都,-,-,-,大型,-,,132
2014-04-01,神奈川県,-,-,-,大型,-,,98
2014-04-01,新潟県,-,-,-,大型,-,,31
2014-04-01,山梨県,-,-,-,大型,-,,10
2014-04-01,長野県,-,-,-,大型,-,,37
2014-04-01,富山県,-,-,-,大型,-,,14
2014-04-01,石川県,-,-,-,大型,-,,18
2014-04-01,福井県,-,-,-,大型,-,,11
2014-04-01,岐阜県,-,-,-,大型,-,,35
2014-04-01,静岡県,-,-,-,大型,-,,31
2014-04-01,愛知県,-,-,-,大型,-,,109
2014-04-01,三重県,-,-,-,大型,-,,38
2014-04-01,滋賀県,-,-,-,大型,-,,46
2014-04-01,京都府,-,-,-,大型,-,,49
2014-04-01,大阪府,-,-,-,大型,-,,174
2014-04-01,兵庫県,-,-,-,大型,-,,80
2014-04-01,奈良県,-,-,-,大型,-,,26
2014-04-01,和歌山県,-,-,-,大型,-,,10
2014-04-01,鳥取県,-,-,-,大型,-,,8
2014-04-01,島根県,-,-,-,大型,-,,12
2014-04-01,岡山県,-,-,-,大型,-,,26
2014-04-01,広島県,-,-,-,大型,-,,42
2014-04-01,山口県,-,-,-,大型,-,,27
2014-04-01,徳島県,-,-,-,大型,-,,5
2014-04-01,香川県,-,-,-,大型,-,,12
2014-04-01,愛媛県,-,-,-,大型,-,,13
2014-04-01,高知県,-,-,-,大型,-,,7
2014-04-01,福岡県,-,-,-,大型,-,,89
2014-04-01,佐賀県,-,-,-,大型,-,,13
2014-04-01,長崎県,-,-,-,大型,-,,18
2014-04-01,熊本県,-,-,-,大型,-,,33
2014-04-01,大分県,-,-,-,大型,-,,27
2014-04-01,宮崎県,-,-,-,大型,-,,14
2014-04-01,鹿児島県,-,-,-,大型,-,,26
2014-04-01,沖縄県,-,-,-,大型,-,,31
2014-05-01,北海道,-,-,-,大型,-,,87
2014-05-01,青森県,-,-,-,大型,-,,21
2014-05-01,岩手県,-,-,-,大型,-,,16
2014-05-01,宮城県,-,-,-,大型,-,,24
2014-05-01,秋田県,-,-,-,大型,-,,18
2014-05-01,山形県,-,-,-,大型,-,,9
2014-05-01,福島県,-,-,-,大型,-,,21
2014-05-01,茨城県,-,-,-,大型,-,,33
2014-05-01,栃木県,-,-,-,大型,-,,23
2014-05-01,群馬県,-,-,-,大型,-,,38
2014-05-01,埼玉県,-,-,-,大型,-,,81
2014-05-01,千葉県,-,-,-,大型,-,,98
2014-05-01,東京都,-,-,-,大型,-,,133
2014-05-01,神奈川県,-,-,-,大型,-,,97
2014-05-01,新潟県,-,-,-,大型,-,,31
2014-05-01,山梨県,-,-,-,大型,-,,10
2014-05-01,長野県,-,-,-,大型,-,,37
2014-05-01,富山県,-,-,-,大型,-,,14
2014-05-01,石川県,-,-,-,大型,-,,18
2014-05-01,福井県,-,-,-,大型,-,,11
2014-05-01,岐阜県,-,-,-,大型,-,,35
2014-05-01,静岡県,-,-,-,大型,-,,31
2014-05-01,愛知県,-,-,-,大型,-,,108
2014-05-01,三重県,-,-,-,大型,-,,38
2014-05-01,滋賀県,-,-,-,大型,-,,46
2014-05-01,京都府,-,-,-,大型,-,,49
2014-05-01,大阪府,-,-,-,大型,-,,174
2014-05-01,兵庫県,-,-,-,大型,-,,80
2014-05-01,奈良県,-,-,-,大型,-,,26
2014-05-01,和歌山県,-,-,-,大型,-,,10
2014-05-01,鳥取県,-,-,-,大型,-,,8
2014-05-01,島根県,-,-,-,大型,-,,12
2014-05-01,岡山県,-,-,-,大型,-,,26
2014-05-01,広島県,-,-,-,大型,-,,40
2014-05-01,山口県,-,-,-,大型,-,,27
2014-05-01,徳島県,-,-,-,大型,-,,5
2014-05-01,香川県,-,-,-,大型,-,,12
2014-05-01,愛媛県,-,-,-,大型,-,,13
2014-05-01,高知県,-,-,-,大型,-,,7
2014-05-01,福岡県,-,-,-,大型,-,,89
2014-05-01,佐賀県,-,-,-,大型,-,,13
2014-05-01,長崎県,-,-,-,大型,-,,18
2014-05-01,熊本県,-,-,-,大型,-,,32
2014-05-01,大分県,-,-,-,大型,-,,27
2014-05-01,宮崎県,-,-,-,大型,-,,14
2014-05-01,鹿児島県,-,-,-,大型,-,,26
2014-05-01,沖縄県,-,-,-,大型,-,,31
2014-06-01,北海道,-,-,-,大型,-,,87
2014-06-01,青森県,-,-,-,大型,-,,21
2014-06-01,岩手県,-,-,-,大型,-,,15
2014-06-01,宮城県,-,-,-,大型,-,,24
2014-06-01,秋田県,-,-,-,大型,-,,18
2014-06-01,山形県,-,-,-,大型,-,,9
2014-06-01,福島県,-,-,-,大型,-,,21
2014-06-01,茨城県,-,-,-,大型,-,,33
2014-06-01,栃木県,-,-,-,大型,-,,23
2014-06-01,群馬県,-,-,-,大型,-,,38
2014-06-01,埼玉県,-,-,-,大型,-,,81
2014-06-01,千葉県,-,-,-,大型,-,,98
2014-06-01,東京都,-,-,-,大型,-,,133
2014-06-01,神奈川県,-,-,-,大型,-,,97
2014-06-01,新潟県,-,-,-,大型,-,,31
2014-06-01,山梨県,-,-,-,大型,-,,10
2014-06-01,長野県,-,-,-,大型,-,,37
2014-06-01,富山県,-,-,-,大型,-,,14
2014-06-01,石川県,-,-,-,大型,-,,18
2014-06-01,福井県,-,-,-,大型,-,,11
2014-06-01,岐阜県,-,-,-,大型,-,,35
2014-06-01,静岡県,-,-,-,大型,-,,31
2014-06-01,愛知県,-,-,-,大型,-,,109
2014-06-01,三重県,-,-,-,大型,-,,38
2014-06-01,滋賀県,-,-,-,大型,-,,46
2014-06-01,京都府,-,-,-,大型,-,,49
2014-06-01,大阪府,-,-,-,大型,-,,174
2014-06-01,兵庫県,-,-,-,大型,-,,80
2014-06-01,奈良県,-,-,-,大型,-,,26
2014-06-01,和歌山県,-,-,-,大型,-,,10
2014-06-01,鳥取県,-,-,-,大型,-,,8
2014-06-01,島根県,-,-,-,大型,-,,12
2014-06-01,岡山県,-,-,-,大型,-,,26
2014-06-01,広島県,-,-,-,大型,-,,40
2014-06-01,山口県,-,-,-,大型,-,,27
2014-06-01,徳島県,-,-,-,大型,-,,5
2014-06-01,香川県,-,-,-,大型,-,,12
2014-06-01,愛媛県,-,-,-,大型,-,,13
2014-06-01,高知県,-,-,-,大型,-,,7
2014-06-01,福岡県,-,-,-,大型,-,,90
2014-06-01,佐賀県,-,-,-,大型,-,,13
2014-06-01,長崎県,-,-,-,大型,-,,18
2014-06-01,熊本県,-,-,-,大型,-,,33
2014-06-01,大分県,-,-,-,大型,-,,27
2014-06-01,宮崎県,-,-,-,大型,-,,14
2014-06-01,鹿児島県,-,-,-,大型,-,,26
2014-06-01,沖縄県,-,-,-,大型,-,,31
2014-07-01,北海道,-,-,-,大型,-,,89
2014-07-01,青森県,-,-,-,大型,-,,22
2014-07-01,岩手県,-,-,-,大型,-,,16
2014-07-01,宮城県,-,-,-,大型,-,,24
2014-07-01,秋田県,-,-,-,大型,-,,19
2014-07-01,山形県,-,-,-,大型,-,,9
2014-07-01,福島県,-,-,-,大型,-,,21
2014-07-01,茨城県,-,-,-,大型,-,,33
2014-07-01,栃木県,-,-,-,大型,-,,23
2014-07-01,群馬県,-,-,-,大型,-,,38
2014-07-01,埼玉県,-,-,-,大型,-,,81
2014-07-01,千葉県,-,-,-,大型,-,,99
2014-07-01,東京都,-,-,-,大型,-,,131
2014-07-01,神奈川県,-,-,-,大型,-,,97
2014-07-01,新潟県,-,-,-,大型,-,,31
2014-07-01,山梨県,-,-,-,大型,-,,10
2014-07-01,長野県,-,-,-,大型,-,,37
2014-07-01,富山県,-,-,-,大型,-,,14
2014-07-01,石川県,-,-,-,大型,-,,18
2014-07-01,福井県,-,-,-,大型,-,,11
2014-07-01,岐阜県,-,-,-,大型,-,,35
2014-07-01,静岡県,-,-,-,大型,-,,31
2014-07-01,愛知県,-,-,-,大型,-,,110
2014-07-01,三重県,-,-,-,大型,-,,38
2014-07-01,滋賀県,-,-,-,大型,-,,46
2014-07-01,京都府,-,-,-,大型,-,,49
2014-07-01,大阪府,-,-,-,大型,-,,175
2014-07-01,兵庫県,-,-,-,大型,-,,80
2014-07-01,奈良県,-,-,-,大型,-,,26
2014-07-01,和歌山県,-,-,-,大型,-,,10
2014-07-01,鳥取県,-,-,-,大型,-,,8
2014-07-01,島根県,-,-,-,大型,-,,12
2014-07-01,岡山県,-,-,-,大型,-,,26
2014-07-01,広島県,-,-,-,大型,-,,40
2014-07-01,山口県,-,-,-,大型,-,,27
2014-07-01,徳島県,-,-,-,大型,-,,5
2014-07-01,香川県,-,-,-,大型,-,,12
2014-07-01,愛媛県,-,-,-,大型,-,,13
2014-07-01,高知県,-,-,-,大型,-,,7
2014-07-01,福岡県,-,-,-,大型,-,,90
2014-07-01,佐賀県,-,-,-,大型,-,,13
2014-07-01,長崎県,-,-,-,大型,-,,18
2014-07-01,熊本県,-,-,-,大型,-,,33
2014-07-01,大分県,-,-,-,大型,-,,27
2014-07-01,宮崎県,-,-,-,大型,-,,15
2014-07-01,鹿児島県,-,-,-,大型,-,,26
2014-07-01,沖縄県,-,-,-,大型,-,,31
2014-08-01,北海道,-,-,-,大型,-,,89
2014-08-01,青森県,-,-,-,大型,-,,22
2014-08-01,岩手県,-,-,-,大型,-,,16
2014-08-01,宮城県,-,-,-,大型,-,,24
2014-08-01,秋田県,-,-,-,大型,-,,20
2014-08-01,山形県,-,-,-,大型,-,,9
2014-08-01,福島県,-,-,-,大型,-,,21
2014-08-01,茨城県,-,-,-,大型,-,,33
2014-08-01,栃木県,-,-,-,大型,-,,23
2014-08-01,群馬県,-,-,-,大型,-,,38
2014-08-01,埼玉県,-,-,-,大型,-,,81
2014-08-01,千葉県,-,-,-,大型,-,,100
2014-08-01,東京都,-,-,-,大型,-,,130
2014-08-01,神奈川県,-,-,-,大型,-,,97
2014-08-01,新潟県,-,-,-,大型,-,,31
2014-08-01,山梨県,-,-,-,大型,-,,10
2014-08-01,長野県,-,-,-,大型,-,,37
2014-08-01,富山県,-,-,-,大型,-,,14
2014-08-01,石川県,-,-,-,大型,-,,18
2014-08-01,福井県,-,-,-,大型,-,,11
2014-08-01,岐阜県,-,-,-,大型,-,,35
2014-08-01,静岡県,-,-,-,大型,-,,31
2014-08-01,愛知県,-,-,-,大型,-,,109
2014-08-01,三重県,-,-,-,大型,-,,38
2014-08-01,滋賀県,-,-,-,大型,-,,46
2014-08-01,京都府,-,-,-,大型,-,,49
2014-08-01,大阪府,-,-,-,大型,-,,175
2014-08-01,兵庫県,-,-,-,大型,-,,80
2014-08-01,奈良県,-,-,-,大型,-,,26
2014-08-01,和歌山県,-,-,-,大型,-,,10
2014-08-01,鳥取県,-,-,-,大型,-,,8
2014-08-01,島根県,-,-,-,大型,-,,11
2014-08-01,岡山県,-,-,-,大型,-,,26
2014-08-01,広島県,-,-,-,大型,-,,39
2014-08-01,山口県,-,-,-,大型,-,,27
2014-08-01,徳島県,-,-,-,大型,-,,5
2014-08-01,香川県,-,-,-,大型,-,,12
2014-08-01,愛媛県,-,-,-,大型,-,,13
2014-08-01,高知県,-,-,-,大型,-,,7
2014-08-01,福岡県,-,-,-,大型,-,,90
2014-08-01,佐賀県,-,-,-,大型,-,,13
2014-08-01,長崎県,-,-,-,大型,-,,18
2014-08-01,熊本県,-,-,-,大型,-,,33
2014-08-01,大分県,-,-,-,大型,-,,27
2014-08-01,宮崎県,-,-,-,大型,-,,15
2014-08-01,鹿児島県,-,-,-,大型,-,,26
2014-08-01,沖縄県,-,-,-,大型,-,,31
2014-09-01,北海道,-,-,-,大型,-,,90
2014-09-01,青森県,-,-,-,大型,-,,22
2014-09-01,岩手県,-,-,-,大型,-,,17
2014-09-01,宮城県,-,-,-,大型,-,,24
2014-09-01,秋田県,-,-,-,大型,-,,20
2014-09-01,山形県,-,-,-,大型,-,,9
2014-09-01,福島県,-,-,-,大型,-,,21
2014-09-01,茨城県,-,-,-,大型,-,,33
2014-09-01,栃木県,-,-,-,大型,-,,23
2014-09-01,群馬県,-,-,-,大型,-,,38
2014-09-01,埼玉県,-,-,-,大型,-,,81
2014-09-01,千葉県,-,-,-,大型,-,,98
2014-09-01,東京都,-,-,-,大型,-,,131
2014-09-01,神奈川県,-,-,-,大型,-,,96
2014-09-01,新潟県,-,-,-,大型,-,,31
2014-09-01,山梨県,-,-,-,大型,-,,10
2014-09-01,長野県,-,-,-,大型,-,,37
2014-09-01,富山県,-,-,-,大型,-,,14
2014-09-01,石川県,-,-,-,大型,-,,18
2014-09-01,福井県,-,-,-,大型,-,,11
2014-09-01,岐阜県,-,-,-,大型,-,,35
2014-09-01,静岡県,-,-,-,大型,-,,31
2014-09-01,愛知県,-,-,-,大型,-,,109
2014-09-01,三重県,-,-,-,大型,-,,38
2014-09-01,滋賀県,-,-,-,大型,-,,46
2014-09-01,京都府,-,-,-,大型,-,,49
2014-09-01,大阪府,-,-,-,大型,-,,175
2014-09-01,兵庫県,-,-,-,大型,-,,81
2014-09-01,奈良県,-,-,-,大型,-,,26
2014-09-01,和歌山県,-,-,-,大型,-,,11
2014-09-01,鳥取県,-,-,-,大型,-,,9
2014-09-01,島根県,-,-,-,大型,-,,12
2014-09-01,岡山県,-,-,-,大型,-,,25
2014-09-01,広島県,-,-,-,大型,-,,39
2014-09-01,山口県,-,-,-,大型,-,,27
2014-09-01,徳島県,-,-,-,大型,-,,5
2014-09-01,香川県,-,-,-,大型,-,,12
2014-09-01,愛媛県,-,-,-,大型,-,,13
2014-09-01,高知県,-,-,-,大型,-,,7
2014-09-01,福岡県,-,-,-,大型,-,,90
2014-09-01,佐賀県,-,-,-,大型,-,,13
2014-09-01,長崎県,-,-,-,大型,-,,18
2014-09-01,熊本県,-,-,-,大型,-,,33
2014-09-01,大分県,-,-,-,大型,-,,28
2014-09-01,宮崎県,-,-,-,大型,-,,15
2014-09-01,鹿児島県,-,-,-,大型,-,,26
2014-09-01,沖縄県,-,-,-,大型,-,,31
2014-10-01,北海道,-,-,-,大型,-,,92
2014-10-01,青森県,-,-,-,大型,-,,22
2014-10-01,岩手県,-,-,-,大型,-,,19
2014-10-01,宮城県,-,-,-,大型,-,,24
2014-10-01,秋田県,-,-,-,大型,-,,20
2014-10-01,山形県,-,-,-,大型,-,,9
2014-10-01,福島県,-,-,-,大型,-,,21
2014-10-01,茨城県,-,-,-,大型,-,,34
2014-10-01,栃木県,-,-,-,大型,-,,23
2014-10-01,群馬県,-,-,-,大型,-,,38
2014-10-01,埼玉県,-,-,-,大型,-,,81
2014-10-01,千葉県,-,-,-,大型,-,,99
2014-10-01,東京都,-,-,-,大型,-,,131
2014-10-01,神奈川県,-,-,-,大型,-,,96
2014-10-01,新潟県,-,-,-,大型,-,,31
2014-10-01,山梨県,-,-,-,大型,-,,10
2014-10-01,長野県,-,-,-,大型,-,,37
2014-10-01,富山県,-,-,-,大型,-,,14
2014-10-01,石川県,-,-,-,大型,-,,18
2014-10-01,福井県,-,-,-,大型,-,,11
2014-10-01,岐阜県,-,-,-,大型,-,,35
2014-10-01,静岡県,-,-,-,大型,-,,31
2014-10-01,愛知県,-,-,-,大型,-,,110
2014-10-01,三重県,-,-,-,大型,-,,38
2014-10-01,滋賀県,-,-,-,大型,-,,46
2014-10-01,京都府,-,-,-,大型,-,,50
2014-10-01,大阪府,-,-,-,大型,-,,174
2014-10-01,兵庫県,-,-,-,大型,-,,81
2014-10-01,奈良県,-,-,-,大型,-,,26
2014-10-01,和歌山県,-,-,-,大型,-,,11
2014-10-01,鳥取県,-,-,-,大型,-,,9
2014-10-01,島根県,-,-,-,大型,-,,12
2014-10-01,岡山県,-,-,-,大型,-,,24
2014-10-01,広島県,-,-,-,大型,-,,39
2014-10-01,山口県,-,-,-,大型,-,,27
2014-10-01,徳島県,-,-,-,大型,-,,5
2014-10-01,香川県,-,-,-,大型,-,,12
2014-10-01,愛媛県,-,-,-,大型,-,,13
2014-10-01,高知県,-,-,-,大型,-,,7
2014-10-01,福岡県,-,-,-,大型,-,,90
2014-10-01,佐賀県,-,-,-,大型,-,,13
2014-10-01,長崎県,-,-,-,大型,-,,18
2014-10-01,熊本県,-,-,-,大型,-,,33
2014-10-01,大分県,-,-,-,大型,-,,28
2014-10-01,宮崎県,-,-,-,大型,-,,15
2014-10-01,鹿児島県,-,-,-,大型,-,,26
2014-10-01,沖縄県,-,-,-,大型,-,,31
2014-11-01,北海道,-,-,-,大型,-,,92
2014-11-01,青森県,-,-,-,大型,-,,23
2014-11-01,岩手県,-,-,-,大型,-,,19
2014-11-01,宮城県,-,-,-,大型,-,,24
2014-11-01,秋田県,-,-,-,大型,-,,20
2014-11-01,山形県,-,-,-,大型,-,,9
2014-11-01,福島県,-,-,-,大型,-,,21
2014-11-01,茨城県,-,-,-,大型,-,,34
2014-11-01,栃木県,-,-,-,大型,-,,23
2014-11-01,群馬県,-,-,-,大型,-,,38
2014-11-01,埼玉県,-,-,-,大型,-,,82
2014-11-01,千葉県,-,-,-,大型,-,,99
2014-11-01,東京都,-,-,-,大型,-,,132
2014-11-01,神奈川県,-,-,-,大型,-,,97
2014-11-01,新潟県,-,-,-,大型,-,,31
2014-11-01,山梨県,-,-,-,大型,-,,10
2014-11-01,長野県,-,-,-,大型,-,,36
2014-11-01,富山県,-,-,-,大型,-,,14
2014-11-01,石川県,-,-,-,大型,-,,18
2014-11-01,福井県,-,-,-,大型,-,,11
2014-11-01,岐阜県,-,-,-,大型,-,,35
2014-11-01,静岡県,-,-,-,大型,-,,31
2014-11-01,愛知県,-,-,-,大型,-,,109
2014-11-01,三重県,-,-,-,大型,-,,38
2014-11-01,滋賀県,-,-,-,大型,-,,46
2014-11-01,京都府,-,-,-,大型,-,,50
2014-11-01,大阪府,-,-,-,大型,-,,175
2014-11-01,兵庫県,-,-,-,大型,-,,81
2014-11-01,奈良県,-,-,-,大型,-,,27
2014-11-01,和歌山県,-,-,-,大型,-,,11
2014-11-01,鳥取県,-,-,-,大型,-,,9
2014-11-01,島根県,-,-,-,大型,-,,12
2014-11-01,岡山県,-,-,-,大型,-,,24
2014-11-01,広島県,-,-,-,大型,-,,39
2014-11-01,山口県,-,-,-,大型,-,,27
2014-11-01,徳島県,-,-,-,大型,-,,5
2014-11-01,香川県,-,-,-,大型,-,,12
2014-11-01,愛媛県,-,-,-,大型,-,,13
2014-11-01,高知県,-,-,-,大型,-,,7
2014-11-01,福岡県,-,-,-,大型,-,,90
2014-11-01,佐賀県,-,-,-,大型,-,,13
2014-11-01,長崎県,-,-,-,大型,-,,18
2014-11-01,熊本県,-,-,-,大型,-,,33
2014-11-01,大分県,-,-,-,大型,-,,28
2014-11-01,宮崎県,-,-,-,大型,-,,15
2014-11-01,鹿児島県,-,-,-,大型,-,,26
2014-11-01,沖縄県,-,-,-,大型,-,,31
2014-12-01,北海道,-,-,-,大型,-,,92
2014-12-01,青森県,-,-,-,大型,-,,24
2014-12-01,岩手県,-,-,-,大型,-,,19
2014-12-01,宮城県,-,-,-,大型,-,,24
2014-12-01,秋田県,-,-,-,大型,-,,20
2014-12-01,山形県,-,-,-,大型,-,,9
2014-12-01,福島県,-,-,-,大型,-,,21
2014-12-01,茨城県,-,-,-,大型,-,,34
2014-12-01,栃木県,-,-,-,大型,-,,23
2014-12-01,群馬県,-,-,-,大型,-,,37
2014-12-01,埼玉県,-,-,-,大型,-,,81
2014-12-01,千葉県,-,-,-,大型,-,,97
2014-12-01,東京都,-,-,-,大型,-,,133
2014-12-01,神奈川県,-,-,-,大型,-,,96
2014-12-01,新潟県,-,-,-,大型,-,,31
2014-12-01,山梨県,-,-,-,大型,-,,10
2014-12-01,長野県,-,-,-,大型,-,,36
2014-12-01,富山県,-,-,-,大型,-,,14
2014-12-01,石川県,-,-,-,大型,-,,18
2014-12-01,福井県,-,-,-,大型,-,,11
2014-12-01,岐阜県,-,-,-,大型,-,,36
2014-12-01,静岡県,-,-,-,大型,-,,31
2014-12-01,愛知県,-,-,-,大型,-,,109
2014-12-01,三重県,-,-,-,大型,-,,38
2014-12-01,滋賀県,-,-,-,大型,-,,46
2014-12-01,京都府,-,-,-,大型,-,,50
2014-12-01,大阪府,-,-,-,大型,-,,174
2014-12-01,兵庫県,-,-,-,大型,-,,81
2014-12-01,奈良県,-,-,-,大型,-,,27
2014-12-01,和歌山県,-,-,-,大型,-,,11
2014-12-01,鳥取県,-,-,-,大型,-,,9
2014-12-01,島根県,-,-,-,大型,-,,11
2014-12-01,岡山県,-,-,-,大型,-,,25
2014-12-01,広島県,-,-,-,大型,-,,40
2014-12-01,山口県,-,-,-,大型,-,,27
2014-12-01,徳島県,-,-,-,大型,-,,5
2014-12-01,香川県,-,-,-,大型,-,,12
2014-12-01,愛媛県,-,-,-,大型,-,,13
2014-12-01,高知県,-,-,-,大型,-,,7
2014-12-01,福岡県,-,-,-,大型,-,,89
2014-12-01,佐賀県,-,-,-,大型,-,,13
2014-12-01,長崎県,-,-,-,大型,-,,18
2014-12-01,熊本県,-,-,-,大型,-,,33
2014-12-01,大分県,-,-,-,大型,-,,28
2014-12-01,宮崎県,-,-,-,大型,-,,15
2014-12-01,鹿児島県,-,-,-,大型,-,,26
2014-12-01,沖縄県,-,-,-,大型,-,,31
2015-01-01,北海道,-,-,-,大型,-,,92
2015-01-01,青森県,-,-,-,大型,-,,24
2015-01-01,岩手県,-,-,-,大型,-,,19
2015-01-01,宮城県,-,-,-,大型,-,,24
2015-01-01,秋田県,-,-,-,大型,-,,20
2015-01-01,山形県,-,-,-,大型,-,,9
2015-01-01,福島県,-,-,-,大型,-,,21
2015-01-01,茨城県,-,-,-,大型,-,,34
2015-01-01,栃木県,-,-,-,大型,-,,22
2015-01-01,群馬県,-,-,-,大型,-,,37
2015-01-01,埼玉県,-,-,-,大型,-,,81
2015-01-01,千葉県,-,-,-,大型,-,,97
2015-01-01,東京都,-,-,-,大型,-,,133
2015-01-01,神奈川県,-,-,-,大型,-,,96
2015-01-01,新潟県,-,-,-,大型,-,,31
2015-01-01,山梨県,-,-,-,大型,-,,10
2015-01-01,長野県,-,-,-,大型,-,,36
2015-01-01,富山県,-,-,-,大型,-,,14
2015-01-01,石川県,-,-,-,大型,-,,18
2015-01-01,福井県,-,-,-,大型,-,,11
2015-01-01,岐阜県,-,-,-,大型,-,,35
2015-01-01,静岡県,-,-,-,大型,-,,30
2015-01-01,愛知県,-,-,-,大型,-,,109
2015-01-01,三重県,-,-,-,大型,-,,38
2015-01-01,滋賀県,-,-,-,大型,-,,46
2015-01-01,京都府,-,-,-,大型,-,,50
2015-01-01,大阪府,-,-,-,大型,-,,174
2015-01-01,兵庫県,-,-,-,大型,-,,81
2015-01-01,奈良県,-,-,-,大型,-,,26
2015-01-01,和歌山県,-,-,-,大型,-,,11
2015-01-01,鳥取県,-,-,-,大型,-,,9
2015-01-01,島根県,-,-,-,大型,-,,11
2015-01-01,岡山県,-,-,-,大型,-,,25
2015-01-01,広島県,-,-,-,大型,-,,40
2015-01-01,山口県,-,-,-,大型,-,,27
2015-01-01,徳島県,-,-,-,大型,-,,5
2015-01-01,香川県,-,-,-,大型,-,,12
2015-01-01,愛媛県,-,-,-,大型,-,,13
2015-01-01,高知県,-,-,-,大型,-,,7
2015-01-01,福岡県,-,-,-,大型,-,,90
2015-01-01,佐賀県,-,-,-,大型,-,,13
2015-01-01,長崎県,-,-,-,大型,-,,18
2015-01-01,熊本県,-,-,-,大型,-,,33
2015-01-01,大分県,-,-,-,大型,-,,28
2015-01-01,宮崎県,-,-,-,大型,-,,15
2015-01-01,鹿児島県,-,-,-,大型,-,,26
2015-01-01,沖縄県,-,-,-,大型,-,,31
2015-02-01,北海道,-,-,-,大型,-,,92
2015-02-01,青森県,-,-,-,大型,-,,24
2015-02-01,岩手県,-,-,-,大型,-,,19
2015-02-01,宮城県,-,-,-,大型,-,,24
2015-02-01,秋田県,-,-,-,大型,-,,20
2015-02-01,山形県,-,-,-,大型,-,,9
2015-02-01,福島県,-,-,-,大型,-,,21
2015-02-01,茨城県,-,-,-,大型,-,,33
2015-02-01,栃木県,-,-,-,大型,-,,22
2015-02-01,群馬県,-,-,-,大型,-,,37
2015-02-01,埼玉県,-,-,-,大型,-,,81
2015-02-01,千葉県,-,-,-,大型,-,,97
2015-02-01,東京都,-,-,-,大型,-,,132
2015-02-01,神奈川県,-,-,-,大型,-,,96
2015-02-01,新潟県,-,-,-,大型,-,,31
2015-02-01,山梨県,-,-,-,大型,-,,10
2015-02-01,長野県,-,-,-,大型,-,,36
2015-02-01,富山県,-,-,-,大型,-,,14
2015-02-01,石川県,-,-,-,大型,-,,18
2015-02-01,福井県,-,-,-,大型,-,,11
2015-02-01,岐阜県,-,-,-,大型,-,,35
2015-02-01,静岡県,-,-,-,大型,-,,30
2015-02-01,愛知県,-,-,-,大型,-,,109
2015-02-01,三重県,-,-,-,大型,-,,38
2015-02-01,滋賀県,-,-,-,大型,-,,45
2015-02-01,京都府,-,-,-,大型,-,,50
2015-02-01,大阪府,-,-,-,大型,-,,174
2015-02-01,兵庫県,-,-,-,大型,-,,81
2015-02-01,奈良県,-,-,-,大型,-,,26
2015-02-01,和歌山県,-,-,-,大型,-,,11
2015-02-01,鳥取県,-,-,-,大型,-,,9
2015-02-01,島根県,-,-,-,大型,-,,11
2015-02-01,岡山県,-,-,-,大型,-,,25
2015-02-01,広島県,-,-,-,大型,-,,40
2015-02-01,山口県,-,-,-,大型,-,,27
2015-02-01,徳島県,-,-,-,大型,-,,5
2015-02-01,香川県,-,-,-,大型,-,,12
2015-02-01,愛媛県,-,-,-,大型,-,,13
2015-02-01,高知県,-,-,-,大型,-,,7
2015-02-01,福岡県,-,-,-,大型,-,,89
2015-02-01,佐賀県,-,-,-,大型,-,,13
2015-02-01,長崎県,-,-,-,大型,-,,18
2015-02-01,熊本県,-,-,-,大型,-,,33
2015-02-01,大分県,-,-,-,大型,-,,28
2015-02-01,宮崎県,-,-,-,大型,-,,15
2015-02-01,鹿児島県,-,-,-,大型,-,,26
2015-02-01,沖縄県,-,-,-,大型,-,,31
2015-03-01,北海道,-,-,-,大型,-,,93
2015-03-01,青森県,-,-,-,大型,-,,24
2015-03-01,岩手県,-,-,-,大型,-,,19
2015-03-01,宮城県,-,-,-,大型,-,,24
2015-03-01,秋田県,-,-,-,大型,-,,20
2015-03-01,山形県,-,-,-,大型,-,,9
2015-03-01,福島県,-,-,-,大型,-,,21
2015-03-01,茨城県,-,-,-,大型,-,,33
2015-03-01,栃木県,-,-,-,大型,-,,22
2015-03-01,群馬県,-,-,-,大型,-,,37
2015-03-01,埼玉県,-,-,-,大型,-,,80
2015-03-01,千葉県,-,-,-,大型,-,,97
2015-03-01,東京都,-,-,-,大型,-,,132
2015-03-01,神奈川県,-,-,-,大型,-,,96
2015-03-01,新潟県,-,-,-,大型,-,,31
2015-03-01,山梨県,-,-,-,大型,-,,10
2015-03-01,長野県,-,-,-,大型,-,,35
2015-03-01,富山県,-,-,-,大型,-,,14
2015-03-01,石川県,-,-,-,大型,-,,18
2015-03-01,福井県,-,-,-,大型,-,,11
2015-03-01,岐阜県,-,-,-,大型,-,,35
2015-03-01,静岡県,-,-,-,大型,-,,30
2015-03-01,愛知県,-,-,-,大型,-,,109
2015-03-01,三重県,-,-,-,大型,-,,38
2015-03-01,滋賀県,-,-,-,大型,-,,45
2015-03-01,京都府,-,-,-,大型,-,,50
2015-03-01,大阪府,-,-,-,大型,-,,173
2015-03-01,兵庫県,-,-,-,大型,-,,81
2015-03-01,奈良県,-,-,-,大型,-,,26
2015-03-01,和歌山県,-,-,-,大型,-,,11
2015-03-01,鳥取県,-,-,-,大型,-,,9
2015-03-01,島根県,-,-,-,大型,-,,11
2015-03-01,岡山県,-,-,-,大型,-,,25
2015-03-01,広島県,-,-,-,大型,-,,40
2015-03-01,山口県,-,-,-,大型,-,,27
2015-03-01,徳島県,-,-,-,大型,-,,5
2015-03-01,香川県,-,-,-,大型,-,,12
2015-03-01,愛媛県,-,-,-,大型,-,,13
2015-03-01,高知県,-,-,-,大型,-,,7
2015-03-01,福岡県,-,-,-,大型,-,,89
2015-03-01,佐賀県,-,-,-,大型,-,,13
2015-03-01,長崎県,-,-,-,大型,-,,19
2015-03-01,熊本県,-,-,-,大型,-,,33
2015-03-01,大分県,-,-,-,大型,-,,28
2015-03-01,宮崎県,-,-,-,大型,-,,15
2015-03-01,鹿児島県,-,-,-,大型,-,,26
2015-03-01,沖縄県,-,-,-,大型,-,,31
2015-04-01,北海道,-,-,-,大型,-,,93
2015-04-01,青森県,-,-,-,大型,-,,24
2015-04-01,岩手県,-,-,-,大型,-,,19
2015-04-01,宮城県,-,-,-,大型,-,,24
2015-04-01,秋田県,-,-,-,大型,-,,20
2015-04-01,山形県,-,-,-,大型,-,,9
2015-04-01,福島県,-,-,-,大型,-,,21
2015-04-01,茨城県,-,-,-,大型,-,,33
2015-04-01,栃木県,-,-,-,大型,-,,22
2015-04-01,群馬県,-,-,-,大型,-,,37
2015-04-01,埼玉県,-,-,-,大型,-,,80
2015-04-01,千葉県,-,-,-,大型,-,,97
2015-04-01,東京都,-,-,-,大型,-,,131
2015-04-01,神奈川県,-,-,-,大型,-,,97
2015-04-01,新潟県,-,-,-,大型,-,,31
2015-04-01,山梨県,-,-,-,大型,-,,10
2015-04-01,長野県,-,-,-,大型,-,,35
2015-04-01,富山県,-,-,-,大型,-,,14
2015-04-01,石川県,-,-,-,大型,-,,18
2015-04-01,福井県,-,-,-,大型,-,,11
2015-04-01,岐阜県,-,-,-,大型,-,,36
2015-04-01,静岡県,-,-,-,大型,-,,28
2015-04-01,愛知県,-,-,-,大型,-,,109
2015-04-01,三重県,-,-,-,大型,-,,38
2015-04-01,滋賀県,-,-,-,大型,-,,44
2015-04-01,京都府,-,-,-,大型,-,,51
2015-04-01,大阪府,-,-,-,大型,-,,173
2015-04-01,兵庫県,-,-,-,大型,-,,80
2015-04-01,奈良県,-,-,-,大型,-,,27
2015-04-01,和歌山県,-,-,-,大型,-,,11
2015-04-01,鳥取県,-,-,-,大型,-,,9
2015-04-01,島根県,-,-,-,大型,-,,11
2015-04-01,岡山県,-,-,-,大型,-,,25
2015-04-01,広島県,-,-,-,大型,-,,41
2015-04-01,山口県,-,-,-,大型,-,,27
2015-04-01,徳島県,-,-,-,大型,-,,5
2015-04-01,香川県,-,-,-,大型,-,,12
2015-04-01,愛媛県,-,-,-,大型,-,,13
2015-04-01,高知県,-,-,-,大型,-,,7
2015-04-01,福岡県,-,-,-,大型,-,,88
2015-04-01,佐賀県,-,-,-,大型,-,,13
2015-04-01,長崎県,-,-,-,大型,-,,18
2015-04-01,熊本県,-,-,-,大型,-,,33
2015-04-01,大分県,-,-,-,大型,-,,28
2015-04-01,宮崎県,-,-,-,大型,-,,15
2015-04-01,鹿児島県,-,-,-,大型,-,,26
2015-04-01,沖縄県,-,-,-,大型,-,,32
2015-05-01,北海道,-,-,-,大型,-,,92
2015-05-01,青森県,-,-,-,大型,-,,24
2015-05-01,岩手県,-,-,-,大型,-,,19
2015-05-01,宮城県,-,-,-,大型,-,,24
2015-05-01,秋田県,-,-,-,大型,-,,20
2015-05-01,山形県,-,-,-,大型,-,,9
2015-05-01,福島県,-,-,-,大型,-,,21
2015-05-01,茨城県,-,-,-,大型,-,,33
2015-05-01,栃木県,-,-,-,大型,-,,22
2015-05-01,群馬県,-,-,-,大型,-,,37
2015-05-01,埼玉県,-,-,-,大型,-,,80
2015-05-01,千葉県,-,-,-,大型,-,,97
2015-05-01,東京都,-,-,-,大型,-,,131
2015-05-01,神奈川県,-,-,-,大型,-,,96
2015-05-01,新潟県,-,-,-,大型,-,,31
2015-05-01,山梨県,-,-,-,大型,-,,10
2015-05-01,長野県,-,-,-,大型,-,,36
2015-05-01,富山県,-,-,-,大型,-,,14
2015-05-01,石川県,-,-,-,大型,-,,18
2015-05-01,福井県,-,-,-,大型,-,,11
2015-05-01,岐阜県,-,-,-,大型,-,,37
2015-05-01,静岡県,-,-,-,大型,-,,28
2015-05-01,愛知県,-,-,-,大型,-,,110
2015-05-01,三重県,-,-,-,大型,-,,38
2015-05-01,滋賀県,-,-,-,大型,-,,44
2015-05-01,京都府,-,-,-,大型,-,,50
2015-05-01,大阪府,-,-,-,大型,-,,173
2015-05-01,兵庫県,-,-,-,大型,-,,80
2015-05-01,奈良県,-,-,-,大型,-,,27
2015-05-01,和歌山県,-,-,-,大型,-,,11
2015-05-01,鳥取県,-,-,-,大型,-,,9
2015-05-01,島根県,-,-,-,大型,-,,11
2015-05-01,岡山県,-,-,-,大型,-,,25
2015-05-01,広島県,-,-,-,大型,-,,41
2015-05-01,山口県,-,-,-,大型,-,,27
2015-05-01,徳島県,-,-,-,大型,-,,5
2015-05-01,香川県,-,-,-,大型,-,,12
2015-05-01,愛媛県,-,-,-,大型,-,,13
2015-05-01,高知県,-,-,-,大型,-,,7
2015-05-01,福岡県,-,-,-,大型,-,,88
2015-05-01,佐賀県,-,-,-,大型,-,,13
2015-05-01,長崎県,-,-,-,大型,-,,18
2015-05-01,熊本県,-,-,-,大型,-,,33
2015-05-01,大分県,-,-,-,大型,-,,28
2015-05-01,宮崎県,-,-,-,大型,-,,15
2015-05-01,鹿児島県,-,-,-,大型,-,,26
2015-05-01,沖縄県,-,-,-,大型,-,,32
2015-06-01,北海道,-,-,-,大型,-,,90
2015-06-01,青森県,-,-,-,大型,-,,24
2015-06-01,岩手県,-,-,-,大型,-,,19
2015-06-01,宮城県,-,-,-,大型,-,,24
2015-06-01,秋田県,-,-,-,大型,-,,20
2015-06-01,山形県,-,-,-,大型,-,,9
2015-06-01,福島県,-,-,-,大型,-,,21
2015-06-01,茨城県,-,-,-,大型,-,,33
2015-06-01,栃木県,-,-,-,大型,-,,22
2015-06-01,群馬県,-,-,-,大型,-,,37
2015-06-01,埼玉県,-,-,-,大型,-,,80
2015-06-01,千葉県,-,-,-,大型,-,,96
2015-06-01,東京都,-,-,-,大型,-,,130
2015-06-01,神奈川県,-,-,-,大型,-,,96
2015-06-01,新潟県,-,-,-,大型,-,,31
2015-06-01,山梨県,-,-,-,大型,-,,10
2015-06-01,長野県,-,-,-,大型,-,,36
2015-06-01,富山県,-,-,-,大型,-,,14
2015-06-01,石川県,-,-,-,大型,-,,18
2015-06-01,福井県,-,-,-,大型,-,,11
2015-06-01,岐阜県,-,-,-,大型,-,,37
2015-06-01,静岡県,-,-,-,大型,-,,28
2015-06-01,愛知県,-,-,-,大型,-,,110
2015-06-01,三重県,-,-,-,大型,-,,38
2015-06-01,滋賀県,-,-,-,大型,-,,44
2015-06-01,京都府,-,-,-,大型,-,,50
2015-06-01,大阪府,-,-,-,大型,-,,173
2015-06-01,兵庫県,-,-,-,大型,-,,81
2015-06-01,奈良県,-,-,-,大型,-,,28
2015-06-01,和歌山県,-,-,-,大型,-,,11
2015-06-01,鳥取県,-,-,-,大型,-,,9
2015-06-01,島根県,-,-,-,大型,-,,12
2015-06-01,岡山県,-,-,-,大型,-,,26
2015-06-01,広島県,-,-,-,大型,-,,41
2015-06-01,山口県,-,-,-,大型,-,,27
2015-06-01,徳島県,-,-,-,大型,-,,5
2015-06-01,香川県,-,-,-,大型,-,,11
2015-06-01,愛媛県,-,-,-,大型,-,,13
2015-06-01,高知県,-,-,-,大型,-,,7
2015-06-01,福岡県,-,-,-,大型,-,,89
2015-06-01,佐賀県,-,-,-,大型,-,,13
2015-06-01,長崎県,-,-,-,大型,-,,18
2015-06-01,熊本県,-,-,-,大型,-,,33
2015-06-01,大分県,-,-,-,大型,-,,29
2015-06-01,宮崎県,-,-,-,大型,-,,15
2015-06-01,鹿児島県,-,-,-,大型,-,,26
2015-06-01,沖縄県,-,-,-,大型,-,,32
2015-07-01,北海道,-,-,-,大型,-,,90
2015-07-01,青森県,-,-,-,大型,-,,24
2015-07-01,岩手県,-,-,-,大型,-,,19
2015-07-01,宮城県,-,-,-,大型,-,,24
2015-07-01,秋田県,-,-,-,大型,-,,20
2015-07-01,山形県,-,-,-,大型,-,,9
2015-07-01,福島県,-,-,-,大型,-,,21
2015-07-01,茨城県,-,-,-,大型,-,,32
2015-07-01,栃木県,-,-,-,大型,-,,22
2015-07-01,群馬県,-,-,-,大型,-,,37
2015-07-01,埼玉県,-,-,-,大型,-,,80
2015-07-01,千葉県,-,-,-,大型,-,,96
2015-07-01,東京都,-,-,-,大型,-,,130
2015-07-01,神奈川県,-,-,-,大型,-,,96
2015-07-01,新潟県,-,-,-,大型,-,,31
2015-07-01,山梨県,-,-,-,大型,-,,10
2015-07-01,長野県,-,-,-,大型,-,,36
2015-07-01,富山県,-,-,-,大型,-,,15
2015-07-01,石川県,-,-,-,大型,-,,18
2015-07-01,福井県,-,-,-,大型,-,,11
2015-07-01,岐阜県,-,-,-,大型,-,,37
2015-07-01,静岡県,-,-,-,大型,-,,28
2015-07-01,愛知県,-,-,-,大型,-,,110
2015-07-01,三重県,-,-,-,大型,-,,39
2015-07-01,滋賀県,-,-,-,大型,-,,44
2015-07-01,京都府,-,-,-,大型,-,,50
2015-07-01,大阪府,-,-,-,大型,-,,175
2015-07-01,兵庫県,-,-,-,大型,-,,81
2015-07-01,奈良県,-,-,-,大型,-,,28
2015-07-01,和歌山県,-,-,-,大型,-,,11
2015-07-01,鳥取県,-,-,-,大型,-,,9
2015-07-01,島根県,-,-,-,大型,-,,12
2015-07-01,岡山県,-,-,-,大型,-,,26
2015-07-01,広島県,-,-,-,大型,-,,41
2015-07-01,山口県,-,-,-,大型,-,,27
2015-07-01,徳島県,-,-,-,大型,-,,5
2015-07-01,香川県,-,-,-,大型,-,,11
2015-07-01,愛媛県,-,-,-,大型,-,,13
2015-07-01,高知県,-,-,-,大型,-,,7
2015-07-01,福岡県,-,-,-,大型,-,,89
2015-07-01,佐賀県,-,-,-,大型,-,,13
2015-07-01,長崎県,-,-,-,大型,-,,18
2015-07-01,熊本県,-,-,-,大型,-,,33
2015-07-01,大分県,-,-,-,大型,-,,29
2015-07-01,宮崎県,-,-,-,大型,-,,15
2015-07-01,鹿児島県,-,-,-,大型,-,,26
2015-07-01,沖縄県,-,-,-,大型,-,,32
2015-08-01,北海道,-,-,-,大型,-,,90
2015-08-01,青森県,-,-,-,大型,-,,24
2015-08-01,岩手県,-,-,-,大型,-,,20
2015-08-01,宮城県,-,-,-,大型,-,,24
2015-08-01,秋田県,-,-,-,大型,-,,20
2015-08-01,山形県,-,-,-,大型,-,,9
2015-08-01,福島県,-,-,-,大型,-,,21
2015-08-01,茨城県,-,-,-,大型,-,,32
2015-08-01,栃木県,-,-,-,大型,-,,22
2015-08-01,群馬県,-,-,-,大型,-,,37
2015-08-01,埼玉県,-,-,-,大型,-,,80
2015-08-01,千葉県,-,-,-,大型,-,,96
2015-08-01,東京都,-,-,-,大型,-,,130
2015-08-01,神奈川県,-,-,-,大型,-,,96
2015-08-01,新潟県,-,-,-,大型,-,,31
2015-08-01,山梨県,-,-,-,大型,-,,10
2015-08-01,長野県,-,-,-,大型,-,,36
2015-08-01,富山県,-,-,-,大型,-,,15
2015-08-01,石川県,-,-,-,大型,-,,18
2015-08-01,福井県,-,-,-,大型,-,,11
2015-08-01,岐阜県,-,-,-,大型,-,,37
2015-08-01,静岡県,-,-,-,大型,-,,27
2015-08-01,愛知県,-,-,-,大型,-,,110
2015-08-01,三重県,-,-,-,大型,-,,39
2015-08-01,滋賀県,-,-,-,大型,-,,44
2015-08-01,京都府,-,-,-,大型,-,,51
2015-08-01,大阪府,-,-,-,大型,-,,174
2015-08-01,兵庫県,-,-,-,大型,-,,80
2015-08-01,奈良県,-,-,-,大型,-,,28
2015-08-01,和歌山県,-,-,-,大型,-,,11
2015-08-01,鳥取県,-,-,-,大型,-,,9
2015-08-01,島根県,-,-,-,大型,-,,12
2015-08-01,岡山県,-,-,-,大型,-,,26
2015-08-01,広島県,-,-,-,大型,-,,41
2015-08-01,山口県,-,-,-,大型,-,,27
2015-08-01,徳島県,-,-,-,大型,-,,5
2015-08-01,香川県,-,-,-,大型,-,,11
2015-08-01,愛媛県,-,-,-,大型,-,,13
2015-08-01,高知県,-,-,-,大型,-,,7
2015-08-01,福岡県,-,-,-,大型,-,,88
2015-08-01,佐賀県,-,-,-,大型,-,,13
2015-08-01,長崎県,-,-,-,大型,-,,18
2015-08-01,熊本県,-,-,-,大型,-,,33
2015-08-01,大分県,-,-,-,大型,-,,29
2015-08-01,宮崎県,-,-,-,大型,-,,15
2015-08-01,鹿児島県,-,-,-,大型,-,,26
2015-08-01,沖縄県,-,-,-,大型,-,,32
2015-09-01,北海道,-,-,-,大型,-,,90
2015-09-01,青森県,-,-,-,大型,-,,24
2015-09-01,岩手県,-,-,-,大型,-,,20
2015-09-01,宮城県,-,-,-,大型,-,,24
2015-09-01,秋田県,-,-,-,大型,-,,20
2015-09-01,山形県,-,-,-,大型,-,,9
2015-09-01,福島県,-,-,-,大型,-,,21
2015-09-01,茨城県,-,-,-,大型,-,,32
2015-09-01,栃木県,-,-,-,大型,-,,22
2015-09-01,群馬県,-,-,-,大型,-,,37
2015-09-01,埼玉県,-,-,-,大型,-,,80
2015-09-01,千葉県,-,-,-,大型,-,,97
2015-09-01,東京都,-,-,-,大型,-,,130
2015-09-01,神奈川県,-,-,-,大型,-,,96
2015-09-01,新潟県,-,-,-,大型,-,,31
2015-09-01,山梨県,-,-,-,大型,-,,10
2015-09-01,長野県,-,-,-,大型,-,,36
2015-09-01,富山県,-,-,-,大型,-,,15
2015-09-01,石川県,-,-,-,大型,-,,18
2015-09-01,福井県,-,-,-,大型,-,,11
2015-09-01,岐阜県,-,-,-,大型,-,,37
2015-09-01,静岡県,-,-,-,大型,-,,27
2015-09-01,愛知県,-,-,-,大型,-,,109
2015-09-01,三重県,-,-,-,大型,-,,40
2015-09-01,滋賀県,-,-,-,大型,-,,44
2015-09-01,京都府,-,-,-,大型,-,,51
2015-09-01,大阪府,-,-,-,大型,-,,172
2015-09-01,兵庫県,-,-,-,大型,-,,80
2015-09-01,奈良県,-,-,-,大型,-,,28
2015-09-01,和歌山県,-,-,-,大型,-,,11
2015-09-01,鳥取県,-,-,-,大型,-,,9
2015-09-01,島根県,-,-,-,大型,-,,12
2015-09-01,岡山県,-,-,-,大型,-,,26
2015-09-01,広島県,-,-,-,大型,-,,41
2015-09-01,山口県,-,-,-,大型,-,,27
2015-09-01,徳島県,-,-,-,大型,-,,5
2015-09-01,香川県,-,-,-,大型,-,,11
2015-09-01,愛媛県,-,-,-,大型,-,,13
2015-09-01,高知県,-,-,-,大型,-,,7
2015-09-01,福岡県,-,-,-,大型,-,,89
2015-09-01,佐賀県,-,-,-,大型,-,,13
2015-09-01,長崎県,-,-,-,大型,-,,18
2015-09-01,熊本県,-,-,-,大型,-,,33
2015-09-01,大分県,-,-,-,大型,-,,29
2015-09-01,宮崎県,-,-,-,大型,-,,15
2015-09-01,鹿児島県,-,-,-,大型,-,,25
2015-09-01,沖縄県,-,-,-,大型,-,,32
2015-10-01,北海道,-,-,-,大型,-,,90
2015-10-01,青森県,-,-,-,大型,-,,25
2015-10-01,岩手県,-,-,-,大型,-,,20
2015-10-01,宮城県,-,-,-,大型,-,,24
2015-10-01,秋田県,-,-,-,大型,-,,20
2015-10-01,山形県,-,-,-,大型,-,,9
2015-10-01,福島県,-,-,-,大型,-,,21
2015-10-01,茨城県,-,-,-,大型,-,,32
2015-10-01,栃木県,-,-,-,大型,-,,22
2015-10-01,群馬県,-,-,-,大型,-,,36
2015-10-01,埼玉県,-,-,-,大型,-,,80
2015-10-01,千葉県,-,-,-,大型,-,,96
2015-10-01,東京都,-,-,-,大型,-,,130
2015-10-01,神奈川県,-,-,-,大型,-,,95
2015-10-01,新潟県,-,-,-,大型,-,,31
2015-10-01,山梨県,-,-,-,大型,-,,10
2015-10-01,長野県,-,-,-,大型,-,,36
2015-10-01,富山県,-,-,-,大型,-,,15
2015-10-01,石川県,-,-,-,大型,-,,18
2015-10-01,福井県,-,-,-,大型,-,,11
2015-10-01,岐阜県,-,-,-,大型,-,,37
2015-10-01,静岡県,-,-,-,大型,-,,26
2015-10-01,愛知県,-,-,-,大型,-,,109
2015-10-01,三重県,-,-,-,大型,-,,40
2015-10-01,滋賀県,-,-,-,大型,-,,44
2015-10-01,京都府,-,-,-,大型,-,,51
2015-10-01,大阪府,-,-,-,大型,-,,172
2015-10-01,兵庫県,-,-,-,大型,-,,80
2015-10-01,奈良県,-,-,-,大型,-,,28
2015-10-01,和歌山県,-,-,-,大型,-,,11
2015-10-01,鳥取県,-,-,-,大型,-,,9
2015-10-01,島根県,-,-,-,大型,-,,12
2015-10-01,岡山県,-,-,-,大型,-,,25
2015-10-01,広島県,-,-,-,大型,-,,41
2015-10-01,山口県,-,-,-,大型,-,,27
2015-10-01,徳島県,-,-,-,大型,-,,5
2015-10-01,香川県,-,-,-,大型,-,,11
2015-10-01,愛媛県,-,-,-,大型,-,,13
2015-10-01,高知県,-,-,-,大型,-,,7
2015-10-01,福岡県,-,-,-,大型,-,,89
2015-10-01,佐賀県,-,-,-,大型,-,,13
2015-10-01,長崎県,-,-,-,大型,-,,18
2015-10-01,熊本県,-,-,-,大型,-,,33
2015-10-01,大分県,-,-,-,大型,-,,29
2015-10-01,宮崎県,-,-,-,大型,-,,15
2015-10-01,鹿児島県,-,-,-,大型,-,,25
2015-10-01,沖縄県,-,-,-,大型,-,,32
2015-11-01,北海道,-,-,-,大型,-,,89
2015-11-01,青森県,-,-,-,大型,-,,25
2015-11-01,岩手県,-,-,-,大型,-,,23
2015-11-01,宮城県,-,-,-,大型,-,,24
2015-11-01,秋田県,-,-,-,大型,-,,20
2015-11-01,山形県,-,-,-,大型,-,,9
2015-11-01,福島県,-,-,-,大型,-,,21
2015-11-01,茨城県,-,-,-,大型,-,,31
2015-11-01,栃木県,-,-,-,大型,-,,22
2015-11-01,群馬県,-,-,-,大型,-,,36
2015-11-01,埼玉県,-,-,-,大型,-,,80
2015-11-01,千葉県,-,-,-,大型,-,,96
2015-11-01,東京都,-,-,-,大型,-,,131
2015-11-01,神奈川県,-,-,-,大型,-,,95
2015-11-01,新潟県,-,-,-,大型,-,,31
2015-11-01,山梨県,-,-,-,大型,-,,10
2015-11-01,長野県,-,-,-,大型,-,,37
2015-11-01,富山県,-,-,-,大型,-,,15
2015-11-01,石川県,-,-,-,大型,-,,18
2015-11-01,福井県,-,-,-,大型,-,,11
2015-11-01,岐阜県,-,-,-,大型,-,,37
2015-11-01,静岡県,-,-,-,大型,-,,27
2015-11-01,愛知県,-,-,-,大型,-,,110
2015-11-01,三重県,-,-,-,大型,-,,40
2015-11-01,滋賀県,-,-,-,大型,-,,44
2015-11-01,京都府,-,-,-,大型,-,,51
2015-11-01,大阪府,-,-,-,大型,-,,173
2015-11-01,兵庫県,-,-,-,大型,-,,80
2015-11-01,奈良県,-,-,-,大型,-,,28
2015-11-01,和歌山県,-,-,-,大型,-,,11
2015-11-01,鳥取県,-,-,-,大型,-,,9
2015-11-01,島根県,-,-,-,大型,-,,12
2015-11-01,岡山県,-,-,-,大型,-,,25
2015-11-01,広島県,-,-,-,大型,-,,41
2015-11-01,山口県,-,-,-,大型,-,,26
2015-11-01,徳島県,-,-,-,大型,-,,5
2015-11-01,香川県,-,-,-,大型,-,,11
2015-11-01,愛媛県,-,-,-,大型,-,,13
2015-11-01,高知県,-,-,-,大型,-,,7
2015-11-01,福岡県,-,-,-,大型,-,,89
2015-11-01,佐賀県,-,-,-,大型,-,,13
2015-11-01,長崎県,-,-,-,大型,-,,18
2015-11-01,熊本県,-,-,-,大型,-,,33
2015-11-01,大分県,-,-,-,大型,-,,29
2015-11-01,宮崎県,-,-,-,大型,-,,15
2015-11-01,鹿児島県,-,-,-,大型,-,,25
2015-11-01,沖縄県,-,-,-,大型,-,,32
2015-12-01,北海道,-,-,-,大型,-,,89
2015-12-01,青森県,-,-,-,大型,-,,25
2015-12-01,岩手県,-,-,-,大型,-,,23
2015-12-01,宮城県,-,-,-,大型,-,,25
2015-12-01,秋田県,-,-,-,大型,-,,20
2015-12-01,山形県,-,-,-,大型,-,,9
2015-12-01,福島県,-,-,-,大型,-,,21
2015-12-01,茨城県,-,-,-,大型,-,,31
2015-12-01,栃木県,-,-,-,大型,-,,22
2015-12-01,群馬県,-,-,-,大型,-,,36
2015-12-01,埼玉県,-,-,-,大型,-,,80
2015-12-01,千葉県,-,-,-,大型,-,,96
2015-12-01,東京都,-,-,-,大型,-,,133
2015-12-01,神奈川県,-,-,-,大型,-,,94
2015-12-01,新潟県,-,-,-,大型,-,,31
2015-12-01,山梨県,-,-,-,大型,-,,10
2015-12-01,長野県,-,-,-,大型,-,,37
2015-12-01,富山県,-,-,-,大型,-,,15
2015-12-01,石川県,-,-,-,大型,-,,18
2015-12-01,福井県,-,-,-,大型,-,,11
2015-12-01,岐阜県,-,-,-,大型,-,,37
2015-12-01,静岡県,-,-,-,大型,-,,27
2015-12-01,愛知県,-,-,-,大型,-,,113
2015-12-01,三重県,-,-,-,大型,-,,40
2015-12-01,滋賀県,-,-,-,大型,-,,44
2015-12-01,京都府,-,-,-,大型,-,,49
2015-12-01,大阪府,-,-,-,大型,-,,173
2015-12-01,兵庫県,-,-,-,大型,-,,80
2015-12-01,奈良県,-,-,-,大型,-,,28
2015-12-01,和歌山県,-,-,-,大型,-,,11
2015-12-01,鳥取県,-,-,-,大型,-,,9
2015-12-01,島根県,-,-,-,大型,-,,12
2015-12-01,岡山県,-,-,-,大型,-,,25
2015-12-01,広島県,-,-,-,大型,-,,41
2015-12-01,山口県,-,-,-,大型,-,,26
2015-12-01,徳島県,-,-,-,大型,-,,5
2015-12-01,香川県,-,-,-,大型,-,,11
2015-12-01,愛媛県,-,-,-,大型,-,,13
2015-12-01,高知県,-,-,-,大型,-,,7
2015-12-01,福岡県,-,-,-,大型,-,,89
2015-12-01,佐賀県,-,-,-,大型,-,,13
2015-12-01,長崎県,-,-,-,大型,-,,18
2015-12-01,熊本県,-,-,-,大型,-,,33
2015-12-01,大分県,-,-,-,大型,-,,29
2015-12-01,宮崎県,-,-,-,大型,-,,15
2015-12-01,鹿児島県,-,-,-,大型,-,,26
2015-12-01,沖縄県,-,-,-,大型,-,,32
2016-01-01,北海道,-,-,-,大型,-,,89
2016-01-01,青森県,-,-,-,大型,-,,25
2016-01-01,岩手県,-,-,-,大型,-,,23
2016-01-01,宮城県,-,-,-,大型,-,,25
2016-01-01,秋田県,-,-,-,大型,-,,20
2016-01-01,山形県,-,-,-,大型,-,,9
2016-01-01,福島県,-,-,-,大型,-,,21
2016-01-01,茨城県,-,-,-,大型,-,,30
2016-01-01,栃木県,-,-,-,大型,-,,22
2016-01-01,群馬県,-,-,-,大型,-,,36
2016-01-01,埼玉県,-,-,-,大型,-,,80
2016-01-01,千葉県,-,-,-,大型,-,,96
2016-01-01,東京都,-,-,-,大型,-,,133
2016-01-01,神奈川県,-,-,-,大型,-,,94
2016-01-01,新潟県,-,-,-,大型,-,,31
2016-01-01,山梨県,-,-,-,大型,-,,10
2016-01-01,長野県,-,-,-,大型,-,,37
2016-01-01,富山県,-,-,-,大型,-,,15
2016-01-01,石川県,-,-,-,大型,-,,18
2016-01-01,福井県,-,-,-,大型,-,,11
2016-01-01,岐阜県,-,-,-,大型,-,,37
2016-01-01,静岡県,-,-,-,大型,-,,27
2016-01-01,愛知県,-,-,-,大型,-,,112
2016-01-01,三重県,-,-,-,大型,-,,39
2016-01-01,滋賀県,-,-,-,大型,-,,44
2016-01-01,京都府,-,-,-,大型,-,,49
2016-01-01,大阪府,-,-,-,大型,-,,173
2016-01-01,兵庫県,-,-,-,大型,-,,80
2016-01-01,奈良県,-,-,-,大型,-,,28
2016-01-01,和歌山県,-,-,-,大型,-,,11
2016-01-01,鳥取県,-,-,-,大型,-,,9
2016-01-01,島根県,-,-,-,大型,-,,12
2016-01-01,岡山県,-,-,-,大型,-,,25
2016-01-01,広島県,-,-,-,大型,-,,41
2016-01-01,山口県,-,-,-,大型,-,,26
2016-01-01,徳島県,-,-,-,大型,-,,5
2016-01-01,香川県,-,-,-,大型,-,,11
2016-01-01,愛媛県,-,-,-,大型,-,,13
2016-01-01,高知県,-,-,-,大型,-,,7
2016-01-01,福岡県,-,-,-,大型,-,,88
2016-01-01,佐賀県,-,-,-,大型,-,,13
2016-01-01,長崎県,-,-,-,大型,-,,18
2016-01-01,熊本県,-,-,-,大型,-,,33
2016-01-01,大分県,-,-,-,大型,-,,29
2016-01-01,宮崎県,-,-,-,大型,-,,15
2016-01-01,鹿児島県,-,-,-,大型,-,,25
2016-01-01,沖縄県,-,-,-,大型,-,,32
2016-02-01,北海道,-,-,-,大型,-,,88
2016-02-01,青森県,-,-,-,大型,-,,25
2016-02-01,岩手県,-,-,-,大型,-,,23
2016-02-01,宮城県,-,-,-,大型,-,,25
2016-02-01,秋田県,-,-,-,大型,-,,20
2016-02-01,山形県,-,-,-,大型,-,,9
2016-02-01,福島県,-,-,-,大型,-,,21
2016-02-01,茨城県,-,-,-,大型,-,,30
2016-02-01,栃木県,-,-,-,大型,-,,22
2016-02-01,群馬県,-,-,-,大型,-,,36
2016-02-01,埼玉県,-,-,-,大型,-,,80
2016-02-01,千葉県,-,-,-,大型,-,,97
2016-02-01,東京都,-,-,-,大型,-,,131
2016-02-01,神奈川県,-,-,-,大型,-,,94
2016-02-01,新潟県,-,-,-,大型,-,,31
2016-02-01,山梨県,-,-,-,大型,-,,10
2016-02-01,長野県,-,-,-,大型,-,,37
2016-02-01,富山県,-,-,-,大型,-,,15
2016-02-01,石川県,-,-,-,大型,-,,18
2016-02-01,福井県,-,-,-,大型,-,,11
2016-02-01,岐阜県,-,-,-,大型,-,,37
2016-02-01,静岡県,-,-,-,大型,-,,27
2016-02-01,愛知県,-,-,-,大型,-,,112
2016-02-01,三重県,-,-,-,大型,-,,39
2016-02-01,滋賀県,-,-,-,大型,-,,44
2016-02-01,京都府,-,-,-,大型,-,,49
2016-02-01,大阪府,-,-,-,大型,-,,170
2016-02-01,兵庫県,-,-,-,大型,-,,77
2016-02-01,奈良県,-,-,-,大型,-,,27
2016-02-01,和歌山県,-,-,-,大型,-,,11
2016-02-01,鳥取県,-,-,-,大型,-,,10
2016-02-01,島根県,-,-,-,大型,-,,11
2016-02-01,岡山県,-,-,-,大型,-,,25
2016-02-01,広島県,-,-,-,大型,-,,41
2016-02-01,山口県,-,-,-,大型,-,,26
2016-02-01,徳島県,-,-,-,大型,-,,5
2016-02-01,香川県,-,-,-,大型,-,,11
2016-02-01,愛媛県,-,-,-,大型,-,,13
2016-02-01,高知県,-,-,-,大型,-,,7
2016-02-01,福岡県,-,-,-,大型,-,,87
2016-02-01,佐賀県,-,-,-,大型,-,,13
2016-02-01,長崎県,-,-,-,大型,-,,19
2016-02-01,熊本県,-,-,-,大型,-,,33
2016-02-01,大分県,-,-,-,大型,-,,29
2016-02-01,宮崎県,-,-,-,大型,-,,15
2016-02-01,鹿児島県,-,-,-,大型,-,,26
2016-02-01,沖縄県,-,-,-,大型,-,,32
2016-03-01,北海道,-,-,-,大型,-,,88
2016-03-01,青森県,-,-,-,大型,-,,26
2016-03-01,岩手県,-,-,-,大型,-,,23
2016-03-01,宮城県,-,-,-,大型,-,,25
2016-03-01,秋田県,-,-,-,大型,-,,20
2016-03-01,山形県,-,-,-,大型,-,,9
2016-03-01,福島県,-,-,-,大型,-,,22
2016-03-01,茨城県,-,-,-,大型,-,,30
2016-03-01,栃木県,-,-,-,大型,-,,22
2016-03-01,群馬県,-,-,-,大型,-,,36
2016-03-01,埼玉県,-,-,-,大型,-,,80
2016-03-01,千葉県,-,-,-,大型,-,,97
2016-03-01,東京都,-,-,-,大型,-,,131
2016-03-01,神奈川県,-,-,-,大型,-,,94
2016-03-01,新潟県,-,-,-,大型,-,,31
2016-03-01,山梨県,-,-,-,大型,-,,10
2016-03-01,長野県,-,-,-,大型,-,,37
2016-03-01,富山県,-,-,-,大型,-,,15
2016-03-01,石川県,-,-,-,大型,-,,18
2016-03-01,福井県,-,-,-,大型,-,,11
2016-03-01,岐阜県,-,-,-,大型,-,,37
2016-03-01,静岡県,-,-,-,大型,-,,27
2016-03-01,愛知県,-,-,-,大型,-,,113
2016-03-01,三重県,-,-,-,大型,-,,39
2016-03-01,滋賀県,-,-,-,大型,-,,45
2016-03-01,京都府,-,-,-,大型,-,,49
2016-03-01,大阪府,-,-,-,大型,-,,174
2016-03-01,兵庫県,-,-,-,大型,-,,80
2016-03-01,奈良県,-,-,-,大型,-,,28
2016-03-01,和歌山県,-,-,-,大型,-,,11
2016-03-01,鳥取県,-,-,-,大型,-,,10
2016-03-01,島根県,-,-,-,大型,-,,11
2016-03-01,岡山県,-,-,-,大型,-,,25
2016-03-01,広島県,-,-,-,大型,-,,41
2016-03-01,山口県,-,-,-,大型,-,,26
2016-03-01,徳島県,-,-,-,大型,-,,5
2016-03-01,香川県,-,-,-,大型,-,,11
2016-03-01,愛媛県,-,-,-,大型,-,,13
2016-03-01,高知県,-,-,-,大型,-,,7
2016-03-01,福岡県,-,-,-,大型,-,,87
2016-03-01,佐賀県,-,-,-,大型,-,,13
2016-03-01,長崎県,-,-,-,大型,-,,19
2016-03-01,熊本県,-,-,-,大型,-,,33
2016-03-01,大分県,-,-,-,大型,-,,29
2016-03-01,宮崎県,-,-,-,大型,-,,14
2016-03-01,鹿児島県,-,-,-,大型,-,,26
2016-03-01,沖縄県,-,-,-,大型,-,,32
2016-04-01,北海道,-,-,-,大型,-,,89
2016-04-01,青森県,-,-,-,大型,-,,26
2016-04-01,岩手県,-,-,-,大型,-,,23
2016-04-01,宮城県,-,-,-,大型,-,,25
2016-04-01,秋田県,-,-,-,大型,-,,20
2016-04-01,山形県,-,-,-,大型,-,,9
2016-04-01,福島県,-,-,-,大型,-,,22
2016-04-01,茨城県,-,-,-,大型,-,,30
2016-04-01,栃木県,-,-,-,大型,-,,22
2016-04-01,群馬県,-,-,-,大型,-,,36
2016-04-01,埼玉県,-,-,-,大型,-,,80
2016-04-01,千葉県,-,-,-,大型,-,,96
2016-04-01,東京都,-,-,-,大型,-,,130
2016-04-01,神奈川県,-,-,-,大型,-,,94
2016-04-01,新潟県,-,-,-,大型,-,,31
2016-04-01,山梨県,-,-,-,大型,-,,10
2016-04-01,長野県,-,-,-,大型,-,,37
2016-04-01,富山県,-,-,-,大型,-,,15
2016-04-01,石川県,-,-,-,大型,-,,18
2016-04-01,福井県,-,-,-,大型,-,,11
2016-04-01,岐阜県,-,-,-,大型,-,,37
2016-04-01,静岡県,-,-,-,大型,-,,27
2016-04-01,愛知県,-,-,-,大型,-,,113
2016-04-01,三重県,-,-,-,大型,-,,39
2016-04-01,滋賀県,-,-,-,大型,-,,45
2016-04-01,京都府,-,-,-,大型,-,,49
2016-04-01,大阪府,-,-,-,大型,-,,175
2016-04-01,兵庫県,-,-,-,大型,-,,79
2016-04-01,奈良県,-,-,-,大型,-,,28
2016-04-01,和歌山県,-,-,-,大型,-,,11
2016-04-01,鳥取県,-,-,-,大型,-,,10
2016-04-01,島根県,-,-,-,大型,-,,11
2016-04-01,岡山県,-,-,-,大型,-,,25
2016-04-01,広島県,-,-,-,大型,-,,41
2016-04-01,山口県,-,-,-,大型,-,,26
2016-04-01,徳島県,-,-,-,大型,-,,5
2016-04-01,香川県,-,-,-,大型,-,,11
2016-04-01,愛媛県,-,-,-,大型,-,,14
2016-04-01,高知県,-,-,-,大型,-,,7
2016-04-01,福岡県,-,-,-,大型,-,,89
2016-04-01,佐賀県,-,-,-,大型,-,,14
2016-04-01,長崎県,-,-,-,大型,-,,19
2016-04-01,熊本県,-,-,-,大型,-,,33
2016-04-01,大分県,-,-,-,大型,-,,29
2016-04-01,宮崎県,-,-,-,大型,-,,15
2016-04-01,鹿児島県,-,-,-,大型,-,,26
2016-04-01,沖縄県,-,-,-,大型,-,,32
2016-05-01,北海道,-,-,-,大型,-,,89
2016-05-01,青森県,-,-,-,大型,-,,26
2016-05-01,岩手県,-,-,-,大型,-,,23
2016-05-01,宮城県,-,-,-,大型,-,,25
2016-05-01,秋田県,-,-,-,大型,-,,20
2016-05-01,山形県,-,-,-,大型,-,,9
2016-05-01,福島県,-,-,-,大型,-,,22
2016-05-01,茨城県,-,-,-,大型,-,,30
2016-05-01,栃木県,-,-,-,大型,-,,22
2016-05-01,群馬県,-,-,-,大型,-,,36
2016-05-01,埼玉県,-,-,-,大型,-,,80
2016-05-01,千葉県,-,-,-,大型,-,,96
2016-05-01,東京都,-,-,-,大型,-,,130
2016-05-01,神奈川県,-,-,-,大型,-,,94
2016-05-01,新潟県,-,-,-,大型,-,,31
2016-05-01,山梨県,-,-,-,大型,-,,10
2016-05-01,長野県,-,-,-,大型,-,,37
2016-05-01,富山県,-,-,-,大型,-,,15
2016-05-01,石川県,-,-,-,大型,-,,18
2016-05-01,福井県,-,-,-,大型,-,,11
2016-05-01,岐阜県,-,-,-,大型,-,,37
2016-05-01,静岡県,-,-,-,大型,-,,27
2016-05-01,愛知県,-,-,-,大型,-,,113
2016-05-01,三重県,-,-,-,大型,-,,39
2016-05-01,滋賀県,-,-,-,大型,-,,44
2016-05-01,京都府,-,-,-,大型,-,,49
2016-05-01,大阪府,-,-,-,大型,-,,176
2016-05-01,兵庫県,-,-,-,大型,-,,78
2016-05-01,奈良県,-,-,-,大型,-,,28
2016-05-01,和歌山県,-,-,-,大型,-,,11
2016-05-01,鳥取県,-,-,-,大型,-,,10
2016-05-01,島根県,-,-,-,大型,-,,12
2016-05-01,岡山県,-,-,-,大型,-,,25
2016-05-01,広島県,-,-,-,大型,-,,41
2016-05-01,山口県,-,-,-,大型,-,,26
2016-05-01,徳島県,-,-,-,大型,-,,5
2016-05-01,香川県,-,-,-,大型,-,,11
2016-05-01,愛媛県,-,-,-,大型,-,,14
2016-05-01,高知県,-,-,-,大型,-,,7
2016-05-01,福岡県,-,-,-,大型,-,,89
2016-05-01,佐賀県,-,-,-,大型,-,,14
2016-05-01,長崎県,-,-,-,大型,-,,19
2016-05-01,熊本県,-,-,-,大型,-,,33
2016-05-01,大分県,-,-,-,大型,-,,29
2016-05-01,宮崎県,-,-,-,大型,-,,15
2016-05-01,鹿児島県,-,-,-,大型,-,,26
2016-05-01,沖縄県,-,-,-,大型,-,,32
2016-06-01,北海道,-,-,-,大型,-,,89
2016-06-01,青森県,-,-,-,大型,-,,26
2016-06-01,岩手県,-,-,-,大型,-,,23
2016-06-01,宮城県,-,-,-,大型,-,,24
2016-06-01,秋田県,-,-,-,大型,-,,20
2016-06-01,山形県,-,-,-,大型,-,,9
2016-06-01,福島県,-,-,-,大型,-,,22
2016-06-01,茨城県,-,-,-,大型,-,,30
2016-06-01,栃木県,-,-,-,大型,-,,22
2016-06-01,群馬県,-,-,-,大型,-,,34
2016-06-01,埼玉県,-,-,-,大型,-,,80
2016-06-01,千葉県,-,-,-,大型,-,,97
2016-06-01,東京都,-,-,-,大型,-,,130
2016-06-01,神奈川県,-,-,-,大型,-,,94
2016-06-01,新潟県,-,-,-,大型,-,,32
2016-06-01,山梨県,-,-,-,大型,-,,10
2016-06-01,長野県,-,-,-,大型,-,,37
2016-06-01,富山県,-,-,-,大型,-,,15
2016-06-01,石川県,-,-,-,大型,-,,18
2016-06-01,福井県,-,-,-,大型,-,,11
2016-06-01,岐阜県,-,-,-,大型,-,,37
2016-06-01,静岡県,-,-,-,大型,-,,27
2016-06-01,愛知県,-,-,-,大型,-,,113
2016-06-01,三重県,-,-,-,大型,-,,39
2016-06-01,滋賀県,-,-,-,大型,-,,44
2016-06-01,京都府,-,-,-,大型,-,,49
2016-06-01,大阪府,-,-,-,大型,-,,176
2016-06-01,兵庫県,-,-,-,大型,-,,78
2016-06-01,奈良県,-,-,-,大型,-,,28
2016-06-01,和歌山県,-,-,-,大型,-,,11
2016-06-01,鳥取県,-,-,-,大型,-,,10
2016-06-01,島根県,-,-,-,大型,-,,12
2016-06-01,岡山県,-,-,-,大型,-,,24
2016-06-01,広島県,-,-,-,大型,-,,41
2016-06-01,山口県,-,-,-,大型,-,,26
2016-06-01,徳島県,-,-,-,大型,-,,5
2016-06-01,香川県,-,-,-,大型,-,,11
2016-06-01,愛媛県,-,-,-,大型,-,,14
2016-06-01,高知県,-,-,-,大型,-,,7
2016-06-01,福岡県,-,-,-,大型,-,,89
2016-06-01,佐賀県,-,-,-,大型,-,,14
2016-06-01,長崎県,-,-,-,大型,-,,19
2016-06-01,熊本県,-,-,-,大型,-,,33
2016-06-01,大分県,-,-,-,大型,-,,29
2016-06-01,宮崎県,-,-,-,大型,-,,15
2016-06-01,鹿児島県,-,-,-,大型,-,,26
2016-06-01,沖縄県,-,-,-,大型,-,,32
2016-07-01,北海道,-,-,-,大型,-,,89
2016-07-01,青森県,-,-,-,大型,-,,26
2016-07-01,岩手県,-,-,-,大型,-,,23
2016-07-01,宮城県,-,-,-,大型,-,,24
2016-07-01,秋田県,-,-,-,大型,-,,20
2016-07-01,山形県,-,-,-,大型,-,,9
2016-07-01,福島県,-,-,-,大型,-,,22
2016-07-01,茨城県,-,-,-,大型,-,,30
2016-07-01,栃木県,-,-,-,大型,-,,22
2016-07-01,群馬県,-,-,-,大型,-,,34
2016-07-01,埼玉県,-,-,-,大型,-,,80
2016-07-01,千葉県,-,-,-,大型,-,,97
2016-07-01,東京都,-,-,-,大型,-,,129
2016-07-01,神奈川県,-,-,-,大型,-,,94
2016-07-01,新潟県,-,-,-,大型,-,,33
2016-07-01,山梨県,-,-,-,大型,-,,10
2016-07-01,長野県,-,-,-,大型,-,,38
2016-07-01,富山県,-,-,-,大型,-,,15
2016-07-01,石川県,-,-,-,大型,-,,18
2016-07-01,福井県,-,-,-,大型,-,,11
2016-07-01,岐阜県,-,-,-,大型,-,,38
2016-07-01,静岡県,-,-,-,大型,-,,27
2016-07-01,愛知県,-,-,-,大型,-,,113
2016-07-01,三重県,-,-,-,大型,-,,38
2016-07-01,滋賀県,-,-,-,大型,-,,43
2016-07-01,京都府,-,-,-,大型,-,,49
2016-07-01,大阪府,-,-,-,大型,-,,176
2016-07-01,兵庫県,-,-,-,大型,-,,78
2016-07-01,奈良県,-,-,-,大型,-,,28
2016-07-01,和歌山県,-,-,-,大型,-,,11
2016-07-01,鳥取県,-,-,-,大型,-,,10
2016-07-01,島根県,-,-,-,大型,-,,12
2016-07-01,岡山県,-,-,-,大型,-,,23
2016-07-01,広島県,-,-,-,大型,-,,41
2016-07-01,山口県,-,-,-,大型,-,,27
2016-07-01,徳島県,-,-,-,大型,-,,5
2016-07-01,香川県,-,-,-,大型,-,,11
2016-07-01,愛媛県,-,-,-,大型,-,,14
2016-07-01,高知県,-,-,-,大型,-,,7
2016-07-01,福岡県,-,-,-,大型,-,,89
2016-07-01,佐賀県,-,-,-,大型,-,,14
2016-07-01,長崎県,-,-,-,大型,-,,19
2016-07-01,熊本県,-,-,-,大型,-,,33
2016-07-01,大分県,-,-,-,大型,-,,29
2016-07-01,宮崎県,-,-,-,大型,-,,15
2016-07-01,鹿児島県,-,-,-,大型,-,,26
2016-07-01,沖縄県,-,-,-,大型,-,,31
2016-08-01,北海道,-,-,-,大型,-,,89
2016-08-01,青森県,-,-,-,大型,-,,26
2016-08-01,岩手県,-,-,-,大型,-,,23
2016-08-01,宮城県,-,-,-,大型,-,,25
2016-08-01,秋田県,-,-,-,大型,-,,20
2016-08-01,山形県,-,-,-,大型,-,,9
2016-08-01,福島県,-,-,-,大型,-,,23
2016-08-01,茨城県,-,-,-,大型,-,,30
2016-08-01,栃木県,-,-,-,大型,-,,22
2016-08-01,群馬県,-,-,-,大型,-,,34
2016-08-01,埼玉県,-,-,-,大型,-,,79
2016-08-01,千葉県,-,-,-,大型,-,,95
2016-08-01,東京都,-,-,-,大型,-,,130
2016-08-01,神奈川県,-,-,-,大型,-,,93
2016-08-01,新潟県,-,-,-,大型,-,,33
2016-08-01,山梨県,-,-,-,大型,-,,10
2016-08-01,長野県,-,-,-,大型,-,,38
2016-08-01,富山県,-,-,-,大型,-,,15
2016-08-01,石川県,-,-,-,大型,-,,18
2016-08-01,福井県,-,-,-,大型,-,,11
2016-08-01,岐阜県,-,-,-,大型,-,,37
2016-08-01,静岡県,-,-,-,大型,-,,27
2016-08-01,愛知県,-,-,-,大型,-,,113
2016-08-01,三重県,-,-,-,大型,-,,38
2016-08-01,滋賀県,-,-,-,大型,-,,43
2016-08-01,京都府,-,-,-,大型,-,,48
2016-08-01,大阪府,-,-,-,大型,-,,176
2016-08-01,兵庫県,-,-,-,大型,-,,79
2016-08-01,奈良県,-,-,-,大型,-,,28
2016-08-01,和歌山県,-,-,-,大型,-,,11
2016-08-01,鳥取県,-,-,-,大型,-,,10
2016-08-01,島根県,-,-,-,大型,-,,12
2016-08-01,岡山県,-,-,-,大型,-,,23
2016-08-01,広島県,-,-,-,大型,-,,41
2016-08-01,山口県,-,-,-,大型,-,,28
2016-08-01,徳島県,-,-,-,大型,-,,5
2016-08-01,香川県,-,-,-,大型,-,,11
2016-08-01,愛媛県,-,-,-,大型,-,,14
2016-08-01,高知県,-,-,-,大型,-,,7
2016-08-01,福岡県,-,-,-,大型,-,,88
2016-08-01,佐賀県,-,-,-,大型,-,,14
2016-08-01,長崎県,-,-,-,大型,-,,18
2016-08-01,熊本県,-,-,-,大型,-,,33
2016-08-01,大分県,-,-,-,大型,-,,29
2016-08-01,宮崎県,-,-,-,大型,-,,15
2016-08-01,鹿児島県,-,-,-,大型,-,,25
2016-08-01,沖縄県,-,-,-,大型,-,,31
2016-09-01,北海道,-,-,-,大型,-,,89
2016-09-01,青森県,-,-,-,大型,-,,26
2016-09-01,岩手県,-,-,-,大型,-,,23
2016-09-01,宮城県,-,-,-,大型,-,,25
2016-09-01,秋田県,-,-,-,大型,-,,20
2016-09-01,山形県,-,-,-,大型,-,,9
2016-09-01,福島県,-,-,-,大型,-,,23
2016-09-01,茨城県,-,-,-,大型,-,,30
2016-09-01,栃木県,-,-,-,大型,-,,22
2016-09-01,群馬県,-,-,-,大型,-,,33
2016-09-01,埼玉県,-,-,-,大型,-,,77
2016-09-01,千葉県,-,-,-,大型,-,,95
2016-09-01,東京都,-,-,-,大型,-,,130
2016-09-01,神奈川県,-,-,-,大型,-,,94
2016-09-01,新潟県,-,-,-,大型,-,,33
2016-09-01,山梨県,-,-,-,大型,-,,10
2016-09-01,長野県,-,-,-,大型,-,,38
2016-09-01,富山県,-,-,-,大型,-,,15
2016-09-01,石川県,-,-,-,大型,-,,18
2016-09-01,福井県,-,-,-,大型,-,,11
2016-09-01,岐阜県,-,-,-,大型,-,,37
2016-09-01,静岡県,-,-,-,大型,-,,27
2016-09-01,愛知県,-,-,-,大型,-,,113
2016-09-01,三重県,-,-,-,大型,-,,38
2016-09-01,滋賀県,-,-,-,大型,-,,42
2016-09-01,京都府,-,-,-,大型,-,,48
2016-09-01,大阪府,-,-,-,大型,-,,176
2016-09-01,兵庫県,-,-,-,大型,-,,79
2016-09-01,奈良県,-,-,-,大型,-,,28
2016-09-01,和歌山県,-,-,-,大型,-,,11
2016-09-01,鳥取県,-,-,-,大型,-,,10
2016-09-01,島根県,-,-,-,大型,-,,12
2016-09-01,岡山県,-,-,-,大型,-,,23
2016-09-01,広島県,-,-,-,大型,-,,41
2016-09-01,山口県,-,-,-,大型,-,,29
2016-09-01,徳島県,-,-,-,大型,-,,5
2016-09-01,香川県,-,-,-,大型,-,,11
2016-09-01,愛媛県,-,-,-,大型,-,,14
2016-09-01,高知県,-,-,-,大型,-,,7
2016-09-01,福岡県,-,-,-,大型,-,,89
2016-09-01,佐賀県,-,-,-,大型,-,,14
2016-09-01,長崎県,-,-,-,大型,-,,18
2016-09-01,熊本県,-,-,-,大型,-,,35
2016-09-01,大分県,-,-,-,大型,-,,28
2016-09-01,宮崎県,-,-,-,大型,-,,15
2016-09-01,鹿児島県,-,-,-,大型,-,,25
2016-09-01,沖縄県,-,-,-,大型,-,,31
2016-10-01,北海道,-,-,-,大型,-,,90
2016-10-01,青森県,-,-,-,大型,-,,26
2016-10-01,岩手県,-,-,-,大型,-,,23
2016-10-01,宮城県,-,-,-,大型,-,,26
2016-10-01,秋田県,-,-,-,大型,-,,20
2016-10-01,山形県,-,-,-,大型,-,,9
2016-10-01,福島県,-,-,-,大型,-,,23
2016-10-01,茨城県,-,-,-,大型,-,,30
2016-10-01,栃木県,-,-,-,大型,-,,22
2016-10-01,群馬県,-,-,-,大型,-,,33
2016-10-01,埼玉県,-,-,-,大型,-,,77
2016-10-01,千葉県,-,-,-,大型,-,,95
2016-10-01,東京都,-,-,-,大型,-,,130
2016-10-01,神奈川県,-,-,-,大型,-,,92
2016-10-01,新潟県,-,-,-,大型,-,,33
2016-10-01,山梨県,-,-,-,大型,-,,10
2016-10-01,長野県,-,-,-,大型,-,,38
2016-10-01,富山県,-,-,-,大型,-,,15
2016-10-01,石川県,-,-,-,大型,-,,18
2016-10-01,福井県,-,-,-,大型,-,,11
2016-10-01,岐阜県,-,-,-,大型,-,,37
2016-10-01,静岡県,-,-,-,大型,-,,27
2016-10-01,愛知県,-,-,-,大型,-,,113
2016-10-01,三重県,-,-,-,大型,-,,38
2016-10-01,滋賀県,-,-,-,大型,-,,42
2016-10-01,京都府,-,-,-,大型,-,,48
2016-10-01,大阪府,-,-,-,大型,-,,175
2016-10-01,兵庫県,-,-,-,大型,-,,79
2016-10-01,奈良県,-,-,-,大型,-,,28
2016-10-01,和歌山県,-,-,-,大型,-,,11
2016-10-01,鳥取県,-,-,-,大型,-,,10
2016-10-01,島根県,-,-,-,大型,-,,12
2016-10-01,岡山県,-,-,-,大型,-,,22
2016-10-01,広島県,-,-,-,大型,-,,41
2016-10-01,山口県,-,-,-,大型,-,,29
2016-10-01,徳島県,-,-,-,大型,-,,5
2016-10-01,香川県,-,-,-,大型,-,,11
2016-10-01,愛媛県,-,-,-,大型,-,,14
2016-10-01,高知県,-,-,-,大型,-,,7
2016-10-01,福岡県,-,-,-,大型,-,,91
2016-10-01,佐賀県,-,-,-,大型,-,,14
2016-10-01,長崎県,-,-,-,大型,-,,18
2016-10-01,熊本県,-,-,-,大型,-,,35
2016-10-01,大分県,-,-,-,大型,-,,28
2016-10-01,宮崎県,-,-,-,大型,-,,15
2016-10-01,鹿児島県,-,-,-,大型,-,,25
2016-10-01,沖縄県,-,-,-,大型,-,,31
2016-11-01,北海道,-,-,-,大型,-,,90
2016-11-01,青森県,-,-,-,大型,-,,26
2016-11-01,岩手県,-,-,-,大型,-,,23
2016-11-01,宮城県,-,-,-,大型,-,,26
2016-11-01,秋田県,-,-,-,大型,-,,20
2016-11-01,山形県,-,-,-,大型,-,,9
2016-11-01,福島県,-,-,-,大型,-,,23
2016-11-01,茨城県,-,-,-,大型,-,,31
2016-11-01,栃木県,-,-,-,大型,-,,22
2016-11-01,群馬県,-,-,-,大型,-,,33
2016-11-01,埼玉県,-,-,-,大型,-,,77
2016-11-01,千葉県,-,-,-,大型,-,,94
2016-11-01,東京都,-,-,-,大型,-,,130
2016-11-01,神奈川県,-,-,-,大型,-,,92
2016-11-01,新潟県,-,-,-,大型,-,,33
2016-11-01,山梨県,-,-,-,大型,-,,11
2016-11-01,長野県,-,-,-,大型,-,,39
2016-11-01,富山県,-,-,-,大型,-,,15
2016-11-01,石川県,-,-,-,大型,-,,18
2016-11-01,福井県,-,-,-,大型,-,,11
2016-11-01,岐阜県,-,-,-,大型,-,,38
2016-11-01,静岡県,-,-,-,大型,-,,27
2016-11-01,愛知県,-,-,-,大型,-,,113
2016-11-01,三重県,-,-,-,大型,-,,38
2016-11-01,滋賀県,-,-,-,大型,-,,43
2016-11-01,京都府,-,-,-,大型,-,,48
2016-11-01,大阪府,-,-,-,大型,-,,175
2016-11-01,兵庫県,-,-,-,大型,-,,79
2016-11-01,奈良県,-,-,-,大型,-,,28
2016-11-01,和歌山県,-,-,-,大型,-,,11
2016-11-01,鳥取県,-,-,-,大型,-,,10
2016-11-01,島根県,-,-,-,大型,-,,12
2016-11-01,岡山県,-,-,-,大型,-,,22
2016-11-01,広島県,-,-,-,大型,-,,40
2016-11-01,山口県,-,-,-,大型,-,,29
2016-11-01,徳島県,-,-,-,大型,-,,5
2016-11-01,香川県,-,-,-,大型,-,,11
2016-11-01,愛媛県,-,-,-,大型,-,,14
2016-11-01,高知県,-,-,-,大型,-,,7
2016-11-01,福岡県,-,-,-,大型,-,,91
2016-11-01,佐賀県,-,-,-,大型,-,,14
2016-11-01,長崎県,-,-,-,大型,-,,18
2016-11-01,熊本県,-,-,-,大型,-,,35
2016-11-01,大分県,-,-,-,大型,-,,28
2016-11-01,宮崎県,-,-,-,大型,-,,15
2016-11-01,鹿児島県,-,-,-,大型,-,,25
2016-11-01,沖縄県,-,-,-,大型,-,,31
2016-12-01,北海道,-,-,-,大型,-,,90
2016-12-01,青森県,-,-,-,大型,-,,26
2016-12-01,岩手県,-,-,-,大型,-,,23
2016-12-01,宮城県,-,-,-,大型,-,,26
2016-12-01,秋田県,-,-,-,大型,-,,20
2016-12-01,山形県,-,-,-,大型,-,,9
2016-12-01,福島県,-,-,-,大型,-,,22
2016-12-01,茨城県,-,-,-,大型,-,,31
2016-12-01,栃木県,-,-,-,大型,-,,23
2016-12-01,群馬県,-,-,-,大型,-,,33
2016-12-01,埼玉県,-,-,-,大型,-,,77
2016-12-01,千葉県,-,-,-,大型,-,,94
2016-12-01,東京都,-,-,-,大型,-,,131
2016-12-01,神奈川県,-,-,-,大型,-,,92
2016-12-01,新潟県,-,-,-,大型,-,,33
2016-12-01,山梨県,-,-,-,大型,-,,11
2016-12-01,長野県,-,-,-,大型,-,,39
2016-12-01,富山県,-,-,-,大型,-,,15
2016-12-01,石川県,-,-,-,大型,-,,18
2016-12-01,福井県,-,-,-,大型,-,,11
2016-12-01,岐阜県,-,-,-,大型,-,,38
2016-12-01,静岡県,-,-,-,大型,-,,27
2016-12-01,愛知県,-,-,-,大型,-,,114
2016-12-01,三重県,-,-,-,大型,-,,38
2016-12-01,滋賀県,-,-,-,大型,-,,43
2016-12-01,京都府,-,-,-,大型,-,,48
2016-12-01,大阪府,-,-,-,大型,-,,175
2016-12-01,兵庫県,-,-,-,大型,-,,79
2016-12-01,奈良県,-,-,-,大型,-,,28
2016-12-01,和歌山県,-,-,-,大型,-,,11
2016-12-01,鳥取県,-,-,-,大型,-,,10
2016-12-01,島根県,-,-,-,大型,-,,12
2016-12-01,岡山県,-,-,-,大型,-,,22
2016-12-01,広島県,-,-,-,大型,-,,40
2016-12-01,山口県,-,-,-,大型,-,,29
2016-12-01,徳島県,-,-,-,大型,-,,5
2016-12-01,香川県,-,-,-,大型,-,,11
2016-12-01,愛媛県,-,-,-,大型,-,,14
2016-12-01,高知県,-,-,-,大型,-,,7
2016-12-01,福岡県,-,-,-,大型,-,,93
2016-12-01,佐賀県,-,-,-,大型,-,,14
2016-12-01,長崎県,-,-,-,大型,-,,18
2016-12-01,熊本県,-,-,-,大型,-,,35
2016-12-01,大分県,-,-,-,大型,-,,28
2016-12-01,宮崎県,-,-,-,大型,-,,15
2016-12-01,鹿児島県,-,-,-,大型,-,,25
2016-12-01,沖縄県,-,-,-,大型,-,,31
2017-01-01,北海道,-,-,-,大型,-,,90
2017-01-01,青森県,-,-,-,大型,-,,26
2017-01-01,岩手県,-,-,-,大型,-,,23
2017-01-01,宮城県,-,-,-,大型,-,,26
2017-01-01,秋田県,-,-,-,大型,-,,20
2017-01-01,山形県,-,-,-,大型,-,,9
2017-01-01,福島県,-,-,-,大型,-,,22
2017-01-01,茨城県,-,-,-,大型,-,,30
2017-01-01,栃木県,-,-,-,大型,-,,23
2017-01-01,群馬県,-,-,-,大型,-,,33
2017-01-01,埼玉県,-,-,-,大型,-,,76
2017-01-01,千葉県,-,-,-,大型,-,,93
2017-01-01,東京都,-,-,-,大型,-,,128
2017-01-01,神奈川県,-,-,-,大型,-,,92
2017-01-01,新潟県,-,-,-,大型,-,,33
2017-01-01,山梨県,-,-,-,大型,-,,11
2017-01-01,長野県,-,-,-,大型,-,,39
2017-01-01,富山県,-,-,-,大型,-,,14
2017-01-01,石川県,-,-,-,大型,-,,18
2017-01-01,福井県,-,-,-,大型,-,,11
2017-01-01,岐阜県,-,-,-,大型,-,,38
2017-01-01,静岡県,-,-,-,大型,-,,27
2017-01-01,愛知県,-,-,-,大型,-,,114
2017-01-01,三重県,-,-,-,大型,-,,38
2017-01-01,滋賀県,-,-,-,大型,-,,42
2017-01-01,京都府,-,-,-,大型,-,,48
2017-01-01,大阪府,-,-,-,大型,-,,173
2017-01-01,兵庫県,-,-,-,大型,-,,80
2017-01-01,奈良県,-,-,-,大型,-,,28
2017-01-01,和歌山県,-,-,-,大型,-,,11
2017-01-01,鳥取県,-,-,-,大型,-,,10
2017-01-01,島根県,-,-,-,大型,-,,12
2017-01-01,岡山県,-,-,-,大型,-,,22
2017-01-01,広島県,-,-,-,大型,-,,40
2017-01-01,山口県,-,-,-,大型,-,,29
2017-01-01,徳島県,-,-,-,大型,-,,5
2017-01-01,香川県,-,-,-,大型,-,,11
2017-01-01,愛媛県,-,-,-,大型,-,,14
2017-01-01,高知県,-,-,-,大型,-,,7
2017-01-01,福岡県,-,-,-,大型,-,,93
2017-01-01,佐賀県,-,-,-,大型,-,,14
2017-01-01,長崎県,-,-,-,大型,-,,18
2017-01-01,熊本県,-,-,-,大型,-,,35
2017-01-01,大分県,-,-,-,大型,-,,28
2017-01-01,宮崎県,-,-,-,大型,-,,15
2017-01-01,鹿児島県,-,-,-,大型,-,,25
2017-01-01,沖縄県,-,-,-,大型,-,,31
2017-02-01,北海道,-,-,-,大型,-,,89
2017-02-01,青森県,-,-,-,大型,-,,26
2017-02-01,岩手県,-,-,-,大型,-,,22
2017-02-01,宮城県,-,-,-,大型,-,,25
2017-02-01,秋田県,-,-,-,大型,-,,20
2017-02-01,山形県,-,-,-,大型,-,,9
2017-02-01,福島県,-,-,-,大型,-,,21
2017-02-01,茨城県,-,-,-,大型,-,,30
2017-02-01,栃木県,-,-,-,大型,-,,22
2017-02-01,群馬県,-,-,-,大型,-,,33
2017-02-01,埼玉県,-,-,-,大型,-,,76
2017-02-01,千葉県,-,-,-,大型,-,,93
2017-02-01,東京都,-,-,-,大型,-,,127
2017-02-01,神奈川県,-,-,-,大型,-,,92
2017-02-01,新潟県,-,-,-,大型,-,,32
2017-02-01,山梨県,-,-,-,大型,-,,11
2017-02-01,長野県,-,-,-,大型,-,,38
2017-02-01,富山県,-,-,-,大型,-,,14
2017-02-01,石川県,-,-,-,大型,-,,18
2017-02-01,福井県,-,-,-,大型,-,,11
2017-02-01,岐阜県,-,-,-,大型,-,,38
2017-02-01,静岡県,-,-,-,大型,-,,27
2017-02-01,愛知県,-,-,-,大型,-,,113
2017-02-01,三重県,-,-,-,大型,-,,39
2017-02-01,滋賀県,-,-,-,大型,-,,42
2017-02-01,京都府,-,-,-,大型,-,,48
2017-02-01,大阪府,-,-,-,大型,-,,173
2017-02-01,兵庫県,-,-,-,大型,-,,79
2017-02-01,奈良県,-,-,-,大型,-,,28
2017-02-01,和歌山県,-,-,-,大型,-,,11
2017-02-01,鳥取県,-,-,-,大型,-,,10
2017-02-01,島根県,-,-,-,大型,-,,13
2017-02-01,岡山県,-,-,-,大型,-,,22
2017-02-01,広島県,-,-,-,大型,-,,40
2017-02-01,山口県,-,-,-,大型,-,,29
2017-02-01,徳島県,-,-,-,大型,-,,5
2017-02-01,香川県,-,-,-,大型,-,,11
2017-02-01,愛媛県,-,-,-,大型,-,,14
2017-02-01,高知県,-,-,-,大型,-,,7
2017-02-01,福岡県,-,-,-,大型,-,,92
2017-02-01,佐賀県,-,-,-,大型,-,,14
2017-02-01,長崎県,-,-,-,大型,-,,18
2017-02-01,熊本県,-,-,-,大型,-,,35
2017-02-01,大分県,-,-,-,大型,-,,28
2017-02-01,宮崎県,-,-,-,大型,-,,15
2017-02-01,鹿児島県,-,-,-,大型,-,,25
2017-02-01,沖縄県,-,-,-,大型,-,,31
2017-03-01,北海道,-,-,-,大型,-,,89
2017-03-01,青森県,-,-,-,大型,-,,26
2017-03-01,岩手県,-,-,-,大型,-,,22
2017-03-01,宮城県,-,-,-,大型,-,,25
2017-03-01,秋田県,-,-,-,大型,-,,20
2017-03-01,山形県,-,-,-,大型,-,,9
2017-03-01,福島県,-,-,-,大型,-,,20
2017-03-01,茨城県,-,-,-,大型,-,,30
2017-03-01,栃木県,-,-,-,大型,-,,22
2017-03-01,群馬県,-,-,-,大型,-,,33
2017-03-01,埼玉県,-,-,-,大型,-,,76
2017-03-01,千葉県,-,-,-,大型,-,,93
2017-03-01,東京都,-,-,-,大型,-,,127
2017-03-01,神奈川県,-,-,-,大型,-,,92
2017-03-01,新潟県,-,-,-,大型,-,,33
2017-03-01,山梨県,-,-,-,大型,-,,11
2017-03-01,長野県,-,-,-,大型,-,,38
2017-03-01,富山県,-,-,-,大型,-,,14
2017-03-01,石川県,-,-,-,大型,-,,19
2017-03-01,福井県,-,-,-,大型,-,,11
2017-03-01,岐阜県,-,-,-,大型,-,,38
2017-03-01,静岡県,-,-,-,大型,-,,27
2017-03-01,愛知県,-,-,-,大型,-,,113
2017-03-01,三重県,-,-,-,大型,-,,40
2017-03-01,滋賀県,-,-,-,大型,-,,41
2017-03-01,京都府,-,-,-,大型,-,,47
2017-03-01,大阪府,-,-,-,大型,-,,173
2017-03-01,兵庫県,-,-,-,大型,-,,79
2017-03-01,奈良県,-,-,-,大型,-,,27
2017-03-01,和歌山県,-,-,-,大型,-,,11
2017-03-01,鳥取県,-,-,-,大型,-,,10
2017-03-01,島根県,-,-,-,大型,-,,13
2017-03-01,岡山県,-,-,-,大型,-,,22
2017-03-01,広島県,-,-,-,大型,-,,39
2017-03-01,山口県,-,-,-,大型,-,,30
2017-03-01,徳島県,-,-,-,大型,-,,5
2017-03-01,香川県,-,-,-,大型,-,,11
2017-03-01,愛媛県,-,-,-,大型,-,,14
2017-03-01,高知県,-,-,-,大型,-,,7
2017-03-01,福岡県,-,-,-,大型,-,,92
2017-03-01,佐賀県,-,-,-,大型,-,,13
2017-03-01,長崎県,-,-,-,大型,-,,18
2017-03-01,熊本県,-,-,-,大型,-,,35
2017-03-01,大分県,-,-,-,大型,-,,28
2017-03-01,宮崎県,-,-,-,大型,-,,15
2017-03-01,鹿児島県,-,-,-,大型,-,,25
2017-03-01,沖縄県,-,-,-,大型,-,,31
2017-04-01,北海道,-,-,-,大型,-,,89
2017-04-01,青森県,-,-,-,大型,-,,26
2017-04-01,岩手県,-,-,-,大型,-,,22
2017-04-01,宮城県,-,-,-,大型,-,,25
2017-04-01,秋田県,-,-,-,大型,-,,20
2017-04-01,山形県,-,-,-,大型,-,,9
2017-04-01,福島県,-,-,-,大型,-,,20
2017-04-01,茨城県,-,-,-,大型,-,,30
2017-04-01,栃木県,-,-,-,大型,-,,22
2017-04-01,群馬県,-,-,-,大型,-,,33
2017-04-01,埼玉県,-,-,-,大型,-,,76
2017-04-01,千葉県,-,-,-,大型,-,,93
2017-04-01,東京都,-,-,-,大型,-,,126
2017-04-01,神奈川県,-,-,-,大型,-,,92
2017-04-01,新潟県,-,-,-,大型,-,,33
2017-04-01,山梨県,-,-,-,大型,-,,11
2017-04-01,長野県,-,-,-,大型,-,,38
2017-04-01,富山県,-,-,-,大型,-,,14
2017-04-01,石川県,-,-,-,大型,-,,19
2017-04-01,福井県,-,-,-,大型,-,,11
2017-04-01,岐阜県,-,-,-,大型,-,,39
2017-04-01,静岡県,-,-,-,大型,-,,27
2017-04-01,愛知県,-,-,-,大型,-,,113
2017-04-01,三重県,-,-,-,大型,-,,40
2017-04-01,滋賀県,-,-,-,大型,-,,41
2017-04-01,京都府,-,-,-,大型,-,,47
2017-04-01,大阪府,-,-,-,大型,-,,174
2017-04-01,兵庫県,-,-,-,大型,-,,79
2017-04-01,奈良県,-,-,-,大型,-,,27
2017-04-01,和歌山県,-,-,-,大型,-,,11
2017-04-01,鳥取県,-,-,-,大型,-,,10
2017-04-01,島根県,-,-,-,大型,-,,13
2017-04-01,岡山県,-,-,-,大型,-,,22
2017-04-01,広島県,-,-,-,大型,-,,39
2017-04-01,山口県,-,-,-,大型,-,,30
2017-04-01,徳島県,-,-,-,大型,-,,6
2017-04-01,香川県,-,-,-,大型,-,,11
2017-04-01,愛媛県,-,-,-,大型,-,,14
2017-04-01,高知県,-,-,-,大型,-,,7
2017-04-01,福岡県,-,-,-,大型,-,,92
2017-04-01,佐賀県,-,-,-,大型,-,,13
2017-04-01,長崎県,-,-,-,大型,-,,18
2017-04-01,熊本県,-,-,-,大型,-,,34
2017-04-01,大分県,-,-,-,大型,-,,27
2017-04-01,宮崎県,-,-,-,大型,-,,15
2017-04-01,鹿児島県,-,-,-,大型,-,,25
2017-04-01,沖縄県,-,-,-,大型,-,,31
2017-05-01,北海道,-,-,-,大型,-,,89
2017-05-01,青森県,-,-,-,大型,-,,26
2017-05-01,岩手県,-,-,-,大型,-,,22
2017-05-01,宮城県,-,-,-,大型,-,,25
2017-05-01,秋田県,-,-,-,大型,-,,20
2017-05-01,山形県,-,-,-,大型,-,,9
2017-05-01,福島県,-,-,-,大型,-,,20
2017-05-01,茨城県,-,-,-,大型,-,,30
2017-05-01,栃木県,-,-,-,大型,-,,22
2017-05-01,群馬県,-,-,-,大型,-,,33
2017-05-01,埼玉県,-,-,-,大型,-,,74
2017-05-01,千葉県,-,-,-,大型,-,,92
2017-05-01,東京都,-,-,-,大型,-,,125
2017-05-01,神奈川県,-,-,-,大型,-,,92
2017-05-01,新潟県,-,-,-,大型,-,,33
2017-05-01,山梨県,-,-,-,大型,-,,11
2017-05-01,長野県,-,-,-,大型,-,,38
2017-05-01,富山県,-,-,-,大型,-,,14
2017-05-01,石川県,-,-,-,大型,-,,19
2017-05-01,福井県,-,-,-,大型,-,,11
2017-05-01,岐阜県,-,-,-,大型,-,,38
2017-05-01,静岡県,-,-,-,大型,-,,27
2017-05-01,愛知県,-,-,-,大型,-,,112
2017-05-01,三重県,-,-,-,大型,-,,40
2017-05-01,滋賀県,-,-,-,大型,-,,41
2017-05-01,京都府,-,-,-,大型,-,,47
2017-05-01,大阪府,-,-,-,大型,-,,174
2017-05-01,兵庫県,-,-,-,大型,-,,79
2017-05-01,奈良県,-,-,-,大型,-,,27
2017-05-01,和歌山県,-,-,-,大型,-,,11
2017-05-01,鳥取県,-,-,-,大型,-,,10
2017-05-01,島根県,-,-,-,大型,-,,14
2017-05-01,岡山県,-,-,-,大型,-,,22
2017-05-01,広島県,-,-,-,大型,-,,39
2017-05-01,山口県,-,-,-,大型,-,,30
2017-05-01,徳島県,-,-,-,大型,-,,6
2017-05-01,香川県,-,-,-,大型,-,,11
2017-05-01,愛媛県,-,-,-,大型,-,,14
2017-05-01,高知県,-,-,-,大型,-,,7
2017-05-01,福岡県,-,-,-,大型,-,,92
2017-05-01,佐賀県,-,-,-,大型,-,,13
2017-05-01,長崎県,-,-,-,大型,-,,18
2017-05-01,熊本県,-,-,-,大型,-,,32
2017-05-01,大分県,-,-,-,大型,-,,28
2017-05-01,宮崎県,-,-,-,大型,-,,16
2017-05-01,鹿児島県,-,-,-,大型,-,,25
2017-05-01,沖縄県,-,-,-,大型,-,,31
2017-06-01,北海道,-,-,-,大型,-,,89
2017-06-01,青森県,-,-,-,大型,-,,26
2017-06-01,岩手県,-,-,-,大型,-,,22
2017-06-01,宮城県,-,-,-,大型,-,,25
2017-06-01,秋田県,-,-,-,大型,-,,20
2017-06-01,山形県,-,-,-,大型,-,,9
2017-06-01,福島県,-,-,-,大型,-,,19
2017-06-01,茨城県,-,-,-,大型,-,,30
2017-06-01,栃木県,-,-,-,大型,-,,22
2017-06-01,群馬県,-,-,-,大型,-,,33
2017-06-01,埼玉県,-,-,-,大型,-,,73
2017-06-01,千葉県,-,-,-,大型,-,,92
2017-06-01,東京都,-,-,-,大型,-,,123
2017-06-01,神奈川県,-,-,-,大型,-,,90
2017-06-01,新潟県,-,-,-,大型,-,,33
2017-06-01,山梨県,-,-,-,大型,-,,11
2017-06-01,長野県,-,-,-,大型,-,,38
2017-06-01,富山県,-,-,-,大型,-,,14
2017-06-01,石川県,-,-,-,大型,-,,19
2017-06-01,福井県,-,-,-,大型,-,,11
2017-06-01,岐阜県,-,-,-,大型,-,,38
2017-06-01,静岡県,-,-,-,大型,-,,26
2017-06-01,愛知県,-,-,-,大型,-,,112
2017-06-01,三重県,-,-,-,大型,-,,40
2017-06-01,滋賀県,-,-,-,大型,-,,41
2017-06-01,京都府,-,-,-,大型,-,,47
2017-06-01,大阪府,-,-,-,大型,-,,174
2017-06-01,兵庫県,-,-,-,大型,-,,80
2017-06-01,奈良県,-,-,-,大型,-,,27
2017-06-01,和歌山県,-,-,-,大型,-,,11
2017-06-01,鳥取県,-,-,-,大型,-,,10
2017-06-01,島根県,-,-,-,大型,-,,14
2017-06-01,岡山県,-,-,-,大型,-,,22
2017-06-01,広島県,-,-,-,大型,-,,39
2017-06-01,山口県,-,-,-,大型,-,,30
2017-06-01,徳島県,-,-,-,大型,-,,6
2017-06-01,香川県,-,-,-,大型,-,,11
2017-06-01,愛媛県,-,-,-,大型,-,,14
2017-06-01,高知県,-,-,-,大型,-,,7
2017-06-01,福岡県,-,-,-,大型,-,,91
2017-06-01,佐賀県,-,-,-,大型,-,,13
2017-06-01,長崎県,-,-,-,大型,-,,18
2017-06-01,熊本県,-,-,-,大型,-,,32
2017-06-01,大分県,-,-,-,大型,-,,28
2017-06-01,宮崎県,-,-,-,大型,-,,16
2017-06-01,鹿児島県,-,-,-,大型,-,,25
2017-06-01,沖縄県,-,-,-,大型,-,,31
2017-07-01,北海道,-,-,-,大型,-,,89
2017-07-01,青森県,-,-,-,大型,-,,26
2017-07-01,岩手県,-,-,-,大型,-,,22
2017-07-01,宮城県,-,-,-,大型,-,,25
2017-07-01,秋田県,-,-,-,大型,-,,20
2017-07-01,山形県,-,-,-,大型,-,,9
2017-07-01,福島県,-,-,-,大型,-,,19
2017-07-01,茨城県,-,-,-,大型,-,,30
2017-07-01,栃木県,-,-,-,大型,-,,22
2017-07-01,群馬県,-,-,-,大型,-,,33
2017-07-01,埼玉県,-,-,-,大型,-,,73
2017-07-01,千葉県,-,-,-,大型,-,,94
2017-07-01,東京都,-,-,-,大型,-,,123
2017-07-01,神奈川県,-,-,-,大型,-,,90
2017-07-01,新潟県,-,-,-,大型,-,,33
2017-07-01,山梨県,-,-,-,大型,-,,11
2017-07-01,長野県,-,-,-,大型,-,,38
2017-07-01,富山県,-,-,-,大型,-,,14
2017-07-01,石川県,-,-,-,大型,-,,19
2017-07-01,福井県,-,-,-,大型,-,,11
2017-07-01,岐阜県,-,-,-,大型,-,,38
2017-07-01,静岡県,-,-,-,大型,-,,26
2017-07-01,愛知県,-,-,-,大型,-,,112
2017-07-01,三重県,-,-,-,大型,-,,40
2017-07-01,滋賀県,-,-,-,大型,-,,41
2017-07-01,京都府,-,-,-,大型,-,,47
2017-07-01,大阪府,-,-,-,大型,-,,174
2017-07-01,兵庫県,-,-,-,大型,-,,81
2017-07-01,奈良県,-,-,-,大型,-,,27
2017-07-01,和歌山県,-,-,-,大型,-,,11
2017-07-01,鳥取県,-,-,-,大型,-,,10
2017-07-01,島根県,-,-,-,大型,-,,14
2017-07-01,岡山県,-,-,-,大型,-,,22
2017-07-01,広島県,-,-,-,大型,-,,39
2017-07-01,山口県,-,-,-,大型,-,,30
2017-07-01,徳島県,-,-,-,大型,-,,6
2017-07-01,香川県,-,-,-,大型,-,,11
2017-07-01,愛媛県,-,-,-,大型,-,,14
2017-07-01,高知県,-,-,-,大型,-,,7
2017-07-01,福岡県,-,-,-,大型,-,,92
2017-07-01,佐賀県,-,-,-,大型,-,,13
2017-07-01,長崎県,-,-,-,大型,-,,18
2017-07-01,熊本県,-,-,-,大型,-,,32
2017-07-01,大分県,-,-,-,大型,-,,28
2017-07-01,宮崎県,-,-,-,大型,-,,16
2017-07-01,鹿児島県,-,-,-,大型,-,,26
2017-07-01,沖縄県,-,-,-,大型,-,,31
2017-08-01,北海道,-,-,-,大型,-,,89
2017-08-01,青森県,-,-,-,大型,-,,26
2017-08-01,岩手県,-,-,-,大型,-,,22
2017-08-01,宮城県,-,-,-,大型,-,,24
2017-08-01,秋田県,-,-,-,大型,-,,20
2017-08-01,山形県,-,-,-,大型,-,,9
2017-08-01,福島県,-,-,-,大型,-,,19
2017-08-01,茨城県,-,-,-,大型,-,,29
2017-08-01,栃木県,-,-,-,大型,-,,22
2017-08-01,群馬県,-,-,-,大型,-,,33
2017-08-01,埼玉県,-,-,-,大型,-,,73
2017-08-01,千葉県,-,-,-,大型,-,,94
2017-08-01,東京都,-,-,-,大型,-,,123
2017-08-01,神奈川県,-,-,-,大型,-,,90
2017-08-01,新潟県,-,-,-,大型,-,,33
2017-08-01,山梨県,-,-,-,大型,-,,11
2017-08-01,長野県,-,-,-,大型,-,,38
2017-08-01,富山県,-,-,-,大型,-,,14
2017-08-01,石川県,-,-,-,大型,-,,19
2017-08-01,福井県,-,-,-,大型,-,,11
2017-08-01,岐阜県,-,-,-,大型,-,,38
2017-08-01,静岡県,-,-,-,大型,-,,26
2017-08-01,愛知県,-,-,-,大型,-,,112
2017-08-01,三重県,-,-,-,大型,-,,40
2017-08-01,滋賀県,-,-,-,大型,-,,41
2017-08-01,京都府,-,-,-,大型,-,,47
2017-08-01,大阪府,-,-,-,大型,-,,174
2017-08-01,兵庫県,-,-,-,大型,-,,81
2017-08-01,奈良県,-,-,-,大型,-,,27
2017-08-01,和歌山県,-,-,-,大型,-,,11
2017-08-01,鳥取県,-,-,-,大型,-,,10
2017-08-01,島根県,-,-,-,大型,-,,14
2017-08-01,岡山県,-,-,-,大型,-,,22
2017-08-01,広島県,-,-,-,大型,-,,39
2017-08-01,山口県,-,-,-,大型,-,,30
2017-08-01,徳島県,-,-,-,大型,-,,6
2017-08-01,香川県,-,-,-,大型,-,,11
2017-08-01,愛媛県,-,-,-,大型,-,,14
2017-08-01,高知県,-,-,-,大型,-,,7
2017-08-01,福岡県,-,-,-,大型,-,,92
2017-08-01,佐賀県,-,-,-,大型,-,,12
2017-08-01,長崎県,-,-,-,大型,-,,18
2017-08-01,熊本県,-,-,-,大型,-,,33
2017-08-01,大分県,-,-,-,大型,-,,28
2017-08-01,宮崎県,-,-,-,大型,-,,16
2017-08-01,鹿児島県,-,-,-,大型,-,,26
2017-08-01,沖縄県,-,-,-,大型,-,,32
2017-09-01,北海道,-,-,-,大型,-,,89
2017-09-01,青森県,-,-,-,大型,-,,26
2017-09-01,岩手県,-,-,-,大型,-,,22
2017-09-01,宮城県,-,-,-,大型,-,,24
2017-09-01,秋田県,-,-,-,大型,-,,20
2017-09-01,山形県,-,-,-,大型,-,,9
2017-09-01,福島県,-,-,-,大型,-,,19
2017-09-01,茨城県,-,-,-,大型,-,,29
2017-09-01,栃木県,-,-,-,大型,-,,22
2017-09-01,群馬県,-,-,-,大型,-,,33
2017-09-01,埼玉県,-,-,-,大型,-,,74
2017-09-01,千葉県,-,-,-,大型,-,,93
2017-09-01,東京都,-,-,-,大型,-,,123
2017-09-01,神奈川県,-,-,-,大型,-,,90
2017-09-01,新潟県,-,-,-,大型,-,,34
2017-09-01,山梨県,-,-,-,大型,-,,11
2017-09-01,長野県,-,-,-,大型,-,,40
2017-09-01,富山県,-,-,-,大型,-,,14
2017-09-01,石川県,-,-,-,大型,-,,19
2017-09-01,福井県,-,-,-,大型,-,,11
2017-09-01,岐阜県,-,-,-,大型,-,,38
2017-09-01,静岡県,-,-,-,大型,-,,26
2017-09-01,愛知県,-,-,-,大型,-,,113
2017-09-01,三重県,-,-,-,大型,-,,40
2017-09-01,滋賀県,-,-,-,大型,-,,41
2017-09-01,京都府,-,-,-,大型,-,,46
2017-09-01,大阪府,-,-,-,大型,-,,172
2017-09-01,兵庫県,-,-,-,大型,-,,81
2017-09-01,奈良県,-,-,-,大型,-,,27
2017-09-01,和歌山県,-,-,-,大型,-,,11
2017-09-01,鳥取県,-,-,-,大型,-,,10
2017-09-01,島根県,-,-,-,大型,-,,14
2017-09-01,岡山県,-,-,-,大型,-,,22
2017-09-01,広島県,-,-,-,大型,-,,39
2017-09-01,山口県,-,-,-,大型,-,,30
2017-09-01,徳島県,-,-,-,大型,-,,6
2017-09-01,香川県,-,-,-,大型,-,,11
2017-09-01,愛媛県,-,-,-,大型,-,,14
2017-09-01,高知県,-,-,-,大型,-,,7
2017-09-01,福岡県,-,-,-,大型,-,,92
2017-09-01,佐賀県,-,-,-,大型,-,,13
2017-09-01,長崎県,-,-,-,大型,-,,18
2017-09-01,熊本県,-,-,-,大型,-,,34
2017-09-01,大分県,-,-,-,大型,-,,28
2017-09-01,宮崎県,-,-,-,大型,-,,16
2017-09-01,鹿児島県,-,-,-,大型,-,,26
2017-09-01,沖縄県,-,-,-,大型,-,,32
2017-10-01,北海道,-,-,-,大型,-,,89
2017-10-01,青森県,-,-,-,大型,-,,26
2017-10-01,岩手県,-,-,-,大型,-,,22
2017-10-01,宮城県,-,-,-,大型,-,,24
2017-10-01,秋田県,-,-,-,大型,-,,20
2017-10-01,山形県,-,-,-,大型,-,,9
2017-10-01,福島県,-,-,-,大型,-,,19
2017-10-01,茨城県,-,-,-,大型,-,,29
2017-10-01,栃木県,-,-,-,大型,-,,22
2017-10-01,群馬県,-,-,-,大型,-,,33
2017-10-01,埼玉県,-,-,-,大型,-,,73
2017-10-01,千葉県,-,-,-,大型,-,,93
2017-10-01,東京都,-,-,-,大型,-,,122
2017-10-01,神奈川県,-,-,-,大型,-,,90
2017-10-01,新潟県,-,-,-,大型,-,,34
2017-10-01,山梨県,-,-,-,大型,-,,11
2017-10-01,長野県,-,-,-,大型,-,,40
2017-10-01,富山県,-,-,-,大型,-,,14
2017-10-01,石川県,-,-,-,大型,-,,19
2017-10-01,福井県,-,-,-,大型,-,,11
2017-10-01,岐阜県,-,-,-,大型,-,,38
2017-10-01,静岡県,-,-,-,大型,-,,26
2017-10-01,愛知県,-,-,-,大型,-,,113
2017-10-01,三重県,-,-,-,大型,-,,41
2017-10-01,滋賀県,-,-,-,大型,-,,41
2017-10-01,京都府,-,-,-,大型,-,,46
2017-10-01,大阪府,-,-,-,大型,-,,173
2017-10-01,兵庫県,-,-,-,大型,-,,81
2017-10-01,奈良県,-,-,-,大型,-,,27
2017-10-01,和歌山県,-,-,-,大型,-,,11
2017-10-01,鳥取県,-,-,-,大型,-,,11
2017-10-01,島根県,-,-,-,大型,-,,15
2017-10-01,岡山県,-,-,-,大型,-,,22
2017-10-01,広島県,-,-,-,大型,-,,39
2017-10-01,山口県,-,-,-,大型,-,,30
2017-10-01,徳島県,-,-,-,大型,-,,6
2017-10-01,香川県,-,-,-,大型,-,,11
2017-10-01,愛媛県,-,-,-,大型,-,,14
2017-10-01,高知県,-,-,-,大型,-,,7
2017-10-01,福岡県,-,-,-,大型,-,,92
2017-10-01,佐賀県,-,-,-,大型,-,,13
2017-10-01,長崎県,-,-,-,大型,-,,18
2017-10-01,熊本県,-,-,-,大型,-,,34
2017-10-01,大分県,-,-,-,大型,-,,28
2017-10-01,宮崎県,-,-,-,大型,-,,16
2017-10-01,鹿児島県,-,-,-,大型,-,,26
2017-10-01,沖縄県,-,-,-,大型,-,,32
2017-11-01,北海道,-,-,-,大型,-,,89
2017-11-01,青森県,-,-,-,大型,-,,26
2017-11-01,岩手県,-,-,-,大型,-,,22
2017-11-01,宮城県,-,-,-,大型,-,,24
2017-11-01,秋田県,-,-,-,大型,-,,20
2017-11-01,山形県,-,-,-,大型,-,,9
2017-11-01,福島県,-,-,-,大型,-,,19
2017-11-01,茨城県,-,-,-,大型,-,,28
2017-11-01,栃木県,-,-,-,大型,-,,22
2017-11-01,群馬県,-,-,-,大型,-,,33
2017-11-01,埼玉県,-,-,-,大型,-,,73
2017-11-01,千葉県,-,-,-,大型,-,,94
2017-11-01,東京都,-,-,-,大型,-,,124
2017-11-01,神奈川県,-,-,-,大型,-,,89
2017-11-01,新潟県,-,-,-,大型,-,,34
2017-11-01,山梨県,-,-,-,大型,-,,11
2017-11-01,長野県,-,-,-,大型,-,,40
2017-11-01,富山県,-,-,-,大型,-,,14
2017-11-01,石川県,-,-,-,大型,-,,19
2017-11-01,福井県,-,-,-,大型,-,,11
2017-11-01,岐阜県,-,-,-,大型,-,,38
2017-11-01,静岡県,-,-,-,大型,-,,26
2017-11-01,愛知県,-,-,-,大型,-,,114
2017-11-01,三重県,-,-,-,大型,-,,41
2017-11-01,滋賀県,-,-,-,大型,-,,41
2017-11-01,京都府,-,-,-,大型,-,,46
2017-11-01,大阪府,-,-,-,大型,-,,173
2017-11-01,兵庫県,-,-,-,大型,-,,81
2017-11-01,奈良県,-,-,-,大型,-,,27
2017-11-01,和歌山県,-,-,-,大型,-,,11
2017-11-01,鳥取県,-,-,-,大型,-,,11
2017-11-01,島根県,-,-,-,大型,-,,15
2017-11-01,岡山県,-,-,-,大型,-,,22
2017-11-01,広島県,-,-,-,大型,-,,38
2017-11-01,山口県,-,-,-,大型,-,,30
2017-11-01,徳島県,-,-,-,大型,-,,6
2017-11-01,香川県,-,-,-,大型,-,,11
2017-11-01,愛媛県,-,-,-,大型,-,,14
2017-11-01,高知県,-,-,-,大型,-,,7
2017-11-01,福岡県,-,-,-,大型,-,,93
2017-11-01,佐賀県,-,-,-,大型,-,,13
2017-11-01,長崎県,-,-,-,大型,-,,19
2017-11-01,熊本県,-,-,-,大型,-,,34
2017-11-01,大分県,-,-,-,大型,-,,29
2017-11-01,宮崎県,-,-,-,大型,-,,16
2017-11-01,鹿児島県,-,-,-,大型,-,,26
2017-11-01,沖縄県,-,-,-,大型,-,,26
2017-12-01,北海道,-,-,-,大型,-,,90
2017-12-01,青森県,-,-,-,大型,-,,26
2017-12-01,岩手県,-,-,-,大型,-,,22
2017-12-01,宮城県,-,-,-,大型,-,,24
2017-12-01,秋田県,-,-,-,大型,-,,20
2017-12-01,山形県,-,-,-,大型,-,,9
2017-12-01,福島県,-,-,-,大型,-,,19
2017-12-01,茨城県,-,-,-,大型,-,,28
2017-12-01,栃木県,-,-,-,大型,-,,23
2017-12-01,群馬県,-,-,-,大型,-,,33
2017-12-01,埼玉県,-,-,-,大型,-,,73
2017-12-01,千葉県,-,-,-,大型,-,,94
2017-12-01,東京都,-,-,-,大型,-,,125
2017-12-01,神奈川県,-,-,-,大型,-,,88
2017-12-01,新潟県,-,-,-,大型,-,,34
2017-12-01,山梨県,-,-,-,大型,-,,11
2017-12-01,長野県,-,-,-,大型,-,,40
2017-12-01,富山県,-,-,-,大型,-,,14
2017-12-01,石川県,-,-,-,大型,-,,19
2017-12-01,福井県,-,-,-,大型,-,,11
2017-12-01,岐阜県,-,-,-,大型,-,,38
2017-12-01,静岡県,-,-,-,大型,-,,26
2017-12-01,愛知県,-,-,-,大型,-,,112
2017-12-01,三重県,-,-,-,大型,-,,42
2017-12-01,滋賀県,-,-,-,大型,-,,41
2017-12-01,京都府,-,-,-,大型,-,,46
2017-12-01,大阪府,-,-,-,大型,-,,173
2017-12-01,兵庫県,-,-,-,大型,-,,81
2017-12-01,奈良県,-,-,-,大型,-,,27
2017-12-01,和歌山県,-,-,-,大型,-,,11
2017-12-01,鳥取県,-,-,-,大型,-,,11
2017-12-01,島根県,-,-,-,大型,-,,15
2017-12-01,岡山県,-,-,-,大型,-,,22
2017-12-01,広島県,-,-,-,大型,-,,38
2017-12-01,山口県,-,-,-,大型,-,,30
2017-12-01,徳島県,-,-,-,大型,-,,6
2017-12-01,香川県,-,-,-,大型,-,,11
2017-12-01,愛媛県,-,-,-,大型,-,,14
2017-12-01,高知県,-,-,-,大型,-,,7
2017-12-01,福岡県,-,-,-,大型,-,,93
2017-12-01,佐賀県,-,-,-,大型,-,,13
2017-12-01,長崎県,-,-,-,大型,-,,19
2017-12-01,熊本県,-,-,-,大型,-,,34
2017-12-01,大分県,-,-,-,大型,-,,29
2017-12-01,宮崎県,-,-,-,大型,-,,16
2017-12-01,鹿児島県,-,-,-,大型,-,,26
2017-12-01,沖縄県,-,-,-,大型,-,,26
2018-01-01,北海道,-,-,-,大型,-,,90
2018-01-01,青森県,-,-,-,大型,-,,26
2018-01-01,岩手県,-,-,-,大型,-,,22
2018-01-01,宮城県,-,-,-,大型,-,,24
2018-01-01,秋田県,-,-,-,大型,-,,20
2018-01-01,山形県,-,-,-,大型,-,,9
2018-01-01,福島県,-,-,-,大型,-,,19
2018-01-01,茨城県,-,-,-,大型,-,,28
2018-01-01,栃木県,-,-,-,大型,-,,23
2018-01-01,群馬県,-,-,-,大型,-,,33
2018-01-01,埼玉県,-,-,-,大型,-,,72
2018-01-01,千葉県,-,-,-,大型,-,,94
2018-01-01,東京都,-,-,-,大型,-,,125
2018-01-01,神奈川県,-,-,-,大型,-,,88
2018-01-01,新潟県,-,-,-,大型,-,,34
2018-01-01,山梨県,-,-,-,大型,-,,11
2018-01-01,長野県,-,-,-,大型,-,,40
2018-01-01,富山県,-,-,-,大型,-,,14
2018-01-01,石川県,-,-,-,大型,-,,19
2018-01-01,福井県,-,-,-,大型,-,,11
2018-01-01,岐阜県,-,-,-,大型,-,,38
2018-01-01,静岡県,-,-,-,大型,-,,26
2018-01-01,愛知県,-,-,-,大型,-,,113
2018-01-01,三重県,-,-,-,大型,-,,42
2018-01-01,滋賀県,-,-,-,大型,-,,41
2018-01-01,京都府,-,-,-,大型,-,,46
2018-01-01,大阪府,-,-,-,大型,-,,173
2018-01-01,兵庫県,-,-,-,大型,-,,81
2018-01-01,奈良県,-,-,-,大型,-,,27
2018-01-01,和歌山県,-,-,-,大型,-,,11
2018-01-01,鳥取県,-,-,-,大型,-,,11
2018-01-01,島根県,-,-,-,大型,-,,15
2018-01-01,岡山県,-,-,-,大型,-,,22
2018-01-01,広島県,-,-,-,大型,-,,38
2018-01-01,山口県,-,-,-,大型,-,,30
2018-01-01,徳島県,-,-,-,大型,-,,6
2018-01-01,香川県,-,-,-,大型,-,,11
2018-01-01,愛媛県,-,-,-,大型,-,,14
2018-01-01,高知県,-,-,-,大型,-,,7
2018-01-01,福岡県,-,-,-,大型,-,,94
2018-01-01,佐賀県,-,-,-,大型,-,,13
2018-01-01,長崎県,-,-,-,大型,-,,19
2018-01-01,熊本県,-,-,-,大型,-,,34
2018-01-01,大分県,-,-,-,大型,-,,29
2018-01-01,宮崎県,-,-,-,大型,-,,16
2018-01-01,鹿児島県,-,-,-,大型,-,,26
2018-01-01,沖縄県,-,-,-,大型,-,,26
2018-02-01,北海道,-,-,-,大型,-,,90
2018-02-01,青森県,-,-,-,大型,-,,26
2018-02-01,岩手県,-,-,-,大型,-,,22
2018-02-01,宮城県,-,-,-,大型,-,,24
2018-02-01,秋田県,-,-,-,大型,-,,20
2018-02-01,山形県,-,-,-,大型,-,,9
2018-02-01,福島県,-,-,-,大型,-,,19
2018-02-01,茨城県,-,-,-,大型,-,,28
2018-02-01,栃木県,-,-,-,大型,-,,23
2018-02-01,群馬県,-,-,-,大型,-,,33
2018-02-01,埼玉県,-,-,-,大型,-,,72
2018-02-01,千葉県,-,-,-,大型,-,,94
2018-02-01,東京都,-,-,-,大型,-,,125
2018-02-01,神奈川県,-,-,-,大型,-,,88
2018-02-01,新潟県,-,-,-,大型,-,,34
2018-02-01,山梨県,-,-,-,大型,-,,11
2018-02-01,長野県,-,-,-,大型,-,,40
2018-02-01,富山県,-,-,-,大型,-,,14
2018-02-01,石川県,-,-,-,大型,-,,19
2018-02-01,福井県,-,-,-,大型,-,,11
2018-02-01,岐阜県,-,-,-,大型,-,,38
2018-02-01,静岡県,-,-,-,大型,-,,26
2018-02-01,愛知県,-,-,-,大型,-,,113
2018-02-01,三重県,-,-,-,大型,-,,42
2018-02-01,滋賀県,-,-,-,大型,-,,42
2018-02-01,京都府,-,-,-,大型,-,,46
2018-02-01,大阪府,-,-,-,大型,-,,173
2018-02-01,兵庫県,-,-,-,大型,-,,80
2018-02-01,奈良県,-,-,-,大型,-,,27
2018-02-01,和歌山県,-,-,-,大型,-,,11
2018-02-01,鳥取県,-,-,-,大型,-,,11
2018-02-01,島根県,-,-,-,大型,-,,16
2018-02-01,岡山県,-,-,-,大型,-,,22
2018-02-01,広島県,-,-,-,大型,-,,38
2018-02-01,山口県,-,-,-,大型,-,,29
2018-02-01,徳島県,-,-,-,大型,-,,6
2018-02-01,香川県,-,-,-,大型,-,,11
2018-02-01,愛媛県,-,-,-,大型,-,,14
2018-02-01,高知県,-,-,-,大型,-,,7
2018-02-01,福岡県,-,-,-,大型,-,,94
2018-02-01,佐賀県,-,-,-,大型,-,,13
2018-02-01,長崎県,-,-,-,大型,-,,19
2018-02-01,熊本県,-,-,-,大型,-,,34
2018-02-01,大分県,-,-,-,大型,-,,29
2018-02-01,宮崎県,-,-,-,大型,-,,16
2018-02-01,鹿児島県,-,-,-,大型,-,,26
2018-02-01,沖縄県,-,-,-,大型,-,,26
2018-03-01,北海道,-,-,-,大型,-,,89
2018-03-01,青森県,-,-,-,大型,-,,26
2018-03-01,岩手県,-,-,-,大型,-,,22
2018-03-01,宮城県,-,-,-,大型,-,,24
2018-03-01,秋田県,-,-,-,大型,-,,20
2018-03-01,山形県,-,-,-,大型,-,,9
2018-03-01,福島県,-,-,-,大型,-,,19
2018-03-01,茨城県,-,-,-,大型,-,,28
2018-03-01,栃木県,-,-,-,大型,-,,23
2018-03-01,群馬県,-,-,-,大型,-,,32
2018-03-01,埼玉県,-,-,-,大型,-,,73
2018-03-01,千葉県,-,-,-,大型,-,,96
2018-03-01,東京都,-,-,-,大型,-,,125
2018-03-01,神奈川県,-,-,-,大型,-,,89
2018-03-01,新潟県,-,-,-,大型,-,,34
2018-03-01,山梨県,-,-,-,大型,-,,10
2018-03-01,長野県,-,-,-,大型,-,,40
2018-03-01,富山県,-,-,-,大型,-,,14
2018-03-01,石川県,-,-,-,大型,-,,19
2018-03-01,福井県,-,-,-,大型,-,,11
2018-03-01,岐阜県,-,-,-,大型,-,,38
2018-03-01,静岡県,-,-,-,大型,-,,26
2018-03-01,愛知県,-,-,-,大型,-,,113
2018-03-01,三重県,-,-,-,大型,-,,42
2018-03-01,滋賀県,-,-,-,大型,-,,42
2018-03-01,京都府,-,-,-,大型,-,,46
2018-03-01,大阪府,-,-,-,大型,-,,172
2018-03-01,兵庫県,-,-,-,大型,-,,80
2018-03-01,奈良県,-,-,-,大型,-,,27
2018-03-01,和歌山県,-,-,-,大型,-,,11
2018-03-01,鳥取県,-,-,-,大型,-,,11
2018-03-01,島根県,-,-,-,大型,-,,16
2018-03-01,岡山県,-,-,-,大型,-,,22
2018-03-01,広島県,-,-,-,大型,-,,38
2018-03-01,山口県,-,-,-,大型,-,,29
2018-03-01,徳島県,-,-,-,大型,-,,6
2018-03-01,香川県,-,-,-,大型,-,,11
2018-03-01,愛媛県,-,-,-,大型,-,,14
2018-03-01,高知県,-,-,-,大型,-,,7
2018-03-01,福岡県,-,-,-,大型,-,,95
2018-03-01,佐賀県,-,-,-,大型,-,,13
2018-03-01,長崎県,-,-,-,大型,-,,19
2018-03-01,熊本県,-,-,-,大型,-,,34
2018-03-01,大分県,-,-,-,大型,-,,29
2018-03-01,宮崎県,-,-,-,大型,-,,16
2018-03-01,鹿児島県,-,-,-,大型,-,,26
2018-03-01,沖縄県,-,-,-,大型,-,,26
2018-04-01,北海道,-,-,-,大型,-,,89
2018-04-01,青森県,-,-,-,大型,-,,26
2018-04-01,岩手県,-,-,-,大型,-,,22
2018-04-01,宮城県,-,-,-,大型,-,,24
2018-04-01,秋田県,-,-,-,大型,-,,20
2018-04-01,山形県,-,-,-,大型,-,,9
2018-04-01,福島県,-,-,-,大型,-,,19
2018-04-01,茨城県,-,-,-,大型,-,,28
2018-04-01,栃木県,-,-,-,大型,-,,23
2018-04-01,群馬県,-,-,-,大型,-,,32
2018-04-01,埼玉県,-,-,-,大型,-,,72
2018-04-01,千葉県,-,-,-,大型,-,,96
2018-04-01,東京都,-,-,-,大型,-,,126
2018-04-01,神奈川県,-,-,-,大型,-,,89
2018-04-01,新潟県,-,-,-,大型,-,,34
2018-04-01,山梨県,-,-,-,大型,-,,10
2018-04-01,長野県,-,-,-,大型,-,,40
2018-04-01,富山県,-,-,-,大型,-,,14
2018-04-01,石川県,-,-,-,大型,-,,19
2018-04-01,福井県,-,-,-,大型,-,,11
2018-04-01,岐阜県,-,-,-,大型,-,,38
2018-04-01,静岡県,-,-,-,大型,-,,26
2018-04-01,愛知県,-,-,-,大型,-,,113
2018-04-01,三重県,-,-,-,大型,-,,42
2018-04-01,滋賀県,-,-,-,大型,-,,42
2018-04-01,京都府,-,-,-,大型,-,,46
2018-04-01,大阪府,-,-,-,大型,-,,173
2018-04-01,兵庫県,-,-,-,大型,-,,80
2018-04-01,奈良県,-,-,-,大型,-,,27
2018-04-01,和歌山県,-,-,-,大型,-,,11
2018-04-01,鳥取県,-,-,-,大型,-,,11
2018-04-01,島根県,-,-,-,大型,-,,16
2018-04-01,岡山県,-,-,-,大型,-,,22
2018-04-01,広島県,-,-,-,大型,-,,39
2018-04-01,山口県,-,-,-,大型,-,,29
2018-04-01,徳島県,-,-,-,大型,-,,6
2018-04-01,香川県,-,-,-,大型,-,,11
2018-04-01,愛媛県,-,-,-,大型,-,,14
2018-04-01,高知県,-,-,-,大型,-,,7
2018-04-01,福岡県,-,-,-,大型,-,,95
2018-04-01,佐賀県,-,-,-,大型,-,,13
2018-04-01,長崎県,-,-,-,大型,-,,19
2018-04-01,熊本県,-,-,-,大型,-,,34
2018-04-01,大分県,-,-,-,大型,-,,29
2018-04-01,宮崎県,-,-,-,大型,-,,17
2018-04-01,鹿児島県,-,-,-,大型,-,,26
2018-04-01,沖縄県,-,-,-,大型,-,,26
2018-05-01,北海道,-,-,-,大型,-,,89
2018-05-01,青森県,-,-,-,大型,-,,26
2018-05-01,岩手県,-,-,-,大型,-,,22
2018-05-01,宮城県,-,-,-,大型,-,,24
2018-05-01,秋田県,-,-,-,大型,-,,20
2018-05-01,山形県,-,-,-,大型,-,,9
2018-05-01,福島県,-,-,-,大型,-,,19
2018-05-01,茨城県,-,-,-,大型,-,,28
2018-05-01,栃木県,-,-,-,大型,-,,23
2018-05-01,群馬県,-,-,-,大型,-,,32
2018-05-01,埼玉県,-,-,-,大型,-,,72
2018-05-01,千葉県,-,-,-,大型,-,,96
2018-05-01,東京都,-,-,-,大型,-,,127
2018-05-01,神奈川県,-,-,-,大型,-,,90
2018-05-01,新潟県,-,-,-,大型,-,,34
2018-05-01,山梨県,-,-,-,大型,-,,10
2018-05-01,長野県,-,-,-,大型,-,,40
2018-05-01,富山県,-,-,-,大型,-,,14
2018-05-01,石川県,-,-,-,大型,-,,19
2018-05-01,福井県,-,-,-,大型,-,,11
2018-05-01,岐阜県,-,-,-,大型,-,,38
2018-05-01,静岡県,-,-,-,大型,-,,26
2018-05-01,愛知県,-,-,-,大型,-,,113
2018-05-01,三重県,-,-,-,大型,-,,42
2018-05-01,滋賀県,-,-,-,大型,-,,43
2018-05-01,京都府,-,-,-,大型,-,,46
2018-05-01,大阪府,-,-,-,大型,-,,174
2018-05-01,兵庫県,-,-,-,大型,-,,80
2018-05-01,奈良県,-,-,-,大型,-,,27
2018-05-01,和歌山県,-,-,-,大型,-,,11
2018-05-01,鳥取県,-,-,-,大型,-,,11
2018-05-01,島根県,-,-,-,大型,-,,16
2018-05-01,岡山県,-,-,-,大型,-,,22
2018-05-01,広島県,-,-,-,大型,-,,39
2018-05-01,山口県,-,-,-,大型,-,,29
2018-05-01,徳島県,-,-,-,大型,-,,6
2018-05-01,香川県,-,-,-,大型,-,,11
2018-05-01,愛媛県,-,-,-,大型,-,,14
2018-05-01,高知県,-,-,-,大型,-,,7
2018-05-01,福岡県,-,-,-,大型,-,,94
2018-05-01,佐賀県,-,-,-,大型,-,,12
2018-05-01,長崎県,-,-,-,大型,-,,19
2018-05-01,熊本県,-,-,-,大型,-,,35
2018-05-01,大分県,-,-,-,大型,-,,29
2018-05-01,宮崎県,-,-,-,大型,-,,17
2018-05-01,鹿児島県,-,-,-,大型,-,,27
2018-05-01,沖縄県,-,-,-,大型,-,,28
2018-06-01,北海道,-,-,-,大型,-,,89
2018-06-01,青森県,-,-,-,大型,-,,26
2018-06-01,岩手県,-,-,-,大型,-,,22
2018-06-01,宮城県,-,-,-,大型,-,,24
2018-06-01,秋田県,-,-,-,大型,-,,20
2018-06-01,山形県,-,-,-,大型,-,,9
2018-06-01,福島県,-,-,-,大型,-,,20
2018-06-01,茨城県,-,-,-,大型,-,,28
2018-06-01,栃木県,-,-,-,大型,-,,23
2018-06-01,群馬県,-,-,-,大型,-,,33
2018-06-01,埼玉県,-,-,-,大型,-,,73
2018-06-01,千葉県,-,-,-,大型,-,,96
2018-06-01,東京都,-,-,-,大型,-,,127
2018-06-01,神奈川県,-,-,-,大型,-,,90
2018-06-01,新潟県,-,-,-,大型,-,,34
2018-06-01,山梨県,-,-,-,大型,-,,10
2018-06-01,長野県,-,-,-,大型,-,,40
2018-06-01,富山県,-,-,-,大型,-,,14
2018-06-01,石川県,-,-,-,大型,-,,19
2018-06-01,福井県,-,-,-,大型,-,,11
2018-06-01,岐阜県,-,-,-,大型,-,,37
2018-06-01,静岡県,-,-,-,大型,-,,26
2018-06-01,愛知県,-,-,-,大型,-,,113
2018-06-01,三重県,-,-,-,大型,-,,42
2018-06-01,滋賀県,-,-,-,大型,-,,43
2018-06-01,京都府,-,-,-,大型,-,,46
2018-06-01,大阪府,-,-,-,大型,-,,173
2018-06-01,兵庫県,-,-,-,大型,-,,80
2018-06-01,奈良県,-,-,-,大型,-,,27
2018-06-01,和歌山県,-,-,-,大型,-,,11
2018-06-01,鳥取県,-,-,-,大型,-,,11
2018-06-01,島根県,-,-,-,大型,-,,16
2018-06-01,岡山県,-,-,-,大型,-,,22
2018-06-01,広島県,-,-,-,大型,-,,39
2018-06-01,山口県,-,-,-,大型,-,,30
2018-06-01,徳島県,-,-,-,大型,-,,6
2018-06-01,香川県,-,-,-,大型,-,,11
2018-06-01,愛媛県,-,-,-,大型,-,,14
2018-06-01,高知県,-,-,-,大型,-,,7
2018-06-01,福岡県,-,-,-,大型,-,,94
2018-06-01,佐賀県,-,-,-,大型,-,,12
2018-06-01,長崎県,-,-,-,大型,-,,19
2018-06-01,熊本県,-,-,-,大型,-,,35
2018-06-01,大分県,-,-,-,大型,-,,29
2018-06-01,宮崎県,-,-,-,大型,-,,17
2018-06-01,鹿児島県,-,-,-,大型,-,,27
2018-06-01,沖縄県,-,-,-,大型,-,,28
2018-07-01,北海道,-,-,-,大型,-,,89
2018-07-01,青森県,-,-,-,大型,-,,26
2018-07-01,岩手県,-,-,-,大型,-,,22
2018-07-01,宮城県,-,-,-,大型,-,,24
2018-07-01,秋田県,-,-,-,大型,-,,20
2018-07-01,山形県,-,-,-,大型,-,,9
2018-07-01,福島県,-,-,-,大型,-,,20
2018-07-01,茨城県,-,-,-,大型,-,,28
2018-07-01,栃木県,-,-,-,大型,-,,23
2018-07-01,群馬県,-,-,-,大型,-,,33
2018-07-01,埼玉県,-,-,-,大型,-,,74
2018-07-01,千葉県,-,-,-,大型,-,,95
2018-07-01,東京都,-,-,-,大型,-,,127
2018-07-01,神奈川県,-,-,-,大型,-,,90
2018-07-01,新潟県,-,-,-,大型,-,,33
2018-07-01,山梨県,-,-,-,大型,-,,11
2018-07-01,長野県,-,-,-,大型,-,,40
2018-07-01,富山県,-,-,-,大型,-,,14
2018-07-01,石川県,-,-,-,大型,-,,19
2018-07-01,福井県,-,-,-,大型,-,,11
2018-07-01,岐阜県,-,-,-,大型,-,,37
2018-07-01,静岡県,-,-,-,大型,-,,26
2018-07-01,愛知県,-,-,-,大型,-,,113
2018-07-01,三重県,-,-,-,大型,-,,41
2018-07-01,滋賀県,-,-,-,大型,-,,43
2018-07-01,京都府,-,-,-,大型,-,,46
2018-07-01,大阪府,-,-,-,大型,-,,173
2018-07-01,兵庫県,-,-,-,大型,-,,78
2018-07-01,奈良県,-,-,-,大型,-,,27
2018-07-01,和歌山県,-,-,-,大型,-,,11
2018-07-01,鳥取県,-,-,-,大型,-,,11
2018-07-01,島根県,-,-,-,大型,-,,16
2018-07-01,岡山県,-,-,-,大型,-,,22
2018-07-01,広島県,-,-,-,大型,-,,38
2018-07-01,山口県,-,-,-,大型,-,,30
2018-07-01,徳島県,-,-,-,大型,-,,6
2018-07-01,香川県,-,-,-,大型,-,,11
2018-07-01,愛媛県,-,-,-,大型,-,,14
2018-07-01,高知県,-,-,-,大型,-,,7
2018-07-01,福岡県,-,-,-,大型,-,,93
2018-07-01,佐賀県,-,-,-,大型,-,,12
2018-07-01,長崎県,-,-,-,大型,-,,19
2018-07-01,熊本県,-,-,-,大型,-,,35
2018-07-01,大分県,-,-,-,大型,-,,29
2018-07-01,宮崎県,-,-,-,大型,-,,17
2018-07-01,鹿児島県,-,-,-,大型,-,,27
2018-07-01,沖縄県,-,-,-,大型,-,,28
2018-08-01,北海道,-,-,-,大型,-,,88
2018-08-01,青森県,-,-,-,大型,-,,26
2018-08-01,岩手県,-,-,-,大型,-,,22
2018-08-01,宮城県,-,-,-,大型,-,,24
2018-08-01,秋田県,-,-,-,大型,-,,20
2018-08-01,山形県,-,-,-,大型,-,,9
2018-08-01,福島県,-,-,-,大型,-,,20
2018-08-01,茨城県,-,-,-,大型,-,,28
2018-08-01,栃木県,-,-,-,大型,-,,23
2018-08-01,群馬県,-,-,-,大型,-,,34
2018-08-01,埼玉県,-,-,-,大型,-,,72
2018-08-01,千葉県,-,-,-,大型,-,,94
2018-08-01,東京都,-,-,-,大型,-,,127
2018-08-01,神奈川県,-,-,-,大型,-,,90
2018-08-01,新潟県,-,-,-,大型,-,,31
2018-08-01,山梨県,-,-,-,大型,-,,11
2018-08-01,長野県,-,-,-,大型,-,,39
2018-08-01,富山県,-,-,-,大型,-,,14
2018-08-01,石川県,-,-,-,大型,-,,19
2018-08-01,福井県,-,-,-,大型,-,,11
2018-08-01,岐阜県,-,-,-,大型,-,,36
2018-08-01,静岡県,-,-,-,大型,-,,26
2018-08-01,愛知県,-,-,-,大型,-,,113
2018-08-01,三重県,-,-,-,大型,-,,41
2018-08-01,滋賀県,-,-,-,大型,-,,44
2018-08-01,京都府,-,-,-,大型,-,,46
2018-08-01,大阪府,-,-,-,大型,-,,172
2018-08-01,兵庫県,-,-,-,大型,-,,78
2018-08-01,奈良県,-,-,-,大型,-,,27
2018-08-01,和歌山県,-,-,-,大型,-,,11
2018-08-01,鳥取県,-,-,-,大型,-,,11
2018-08-01,島根県,-,-,-,大型,-,,16
2018-08-01,岡山県,-,-,-,大型,-,,22
2018-08-01,広島県,-,-,-,大型,-,,37
2018-08-01,山口県,-,-,-,大型,-,,29
2018-08-01,徳島県,-,-,-,大型,-,,6
2018-08-01,香川県,-,-,-,大型,-,,11
2018-08-01,愛媛県,-,-,-,大型,-,,14
2018-08-01,高知県,-,-,-,大型,-,,7
2018-08-01,福岡県,-,-,-,大型,-,,93
2018-08-01,佐賀県,-,-,-,大型,-,,12
2018-08-01,長崎県,-,-,-,大型,-,,19
2018-08-01,熊本県,-,-,-,大型,-,,36
2018-08-01,大分県,-,-,-,大型,-,,29
2018-08-01,宮崎県,-,-,-,大型,-,,17
2018-08-01,鹿児島県,-,-,-,大型,-,,27
2018-08-01,沖縄県,-,-,-,大型,-,,28
2018-09-01,北海道,-,-,-,大型,-,,88
2018-09-01,青森県,-,-,-,大型,-,,26
2018-09-01,岩手県,-,-,-,大型,-,,23
2018-09-01,宮城県,-,-,-,大型,-,,25
2018-09-01,秋田県,-,-,-,大型,-,,20
2018-09-01,山形県,-,-,-,大型,-,,9
2018-09-01,福島県,-,-,-,大型,-,,20
2018-09-01,茨城県,-,-,-,大型,-,,28
2018-09-01,栃木県,-,-,-,大型,-,,23
2018-09-01,群馬県,-,-,-,大型,-,,34
2018-09-01,埼玉県,-,-,-,大型,-,,71
2018-09-01,千葉県,-,-,-,大型,-,,94
2018-09-01,東京都,-,-,-,大型,-,,127
2018-09-01,神奈川県,-,-,-,大型,-,,88
2018-09-01,新潟県,-,-,-,大型,-,,31
2018-09-01,山梨県,-,-,-,大型,-,,11
2018-09-01,長野県,-,-,-,大型,-,,39
2018-09-01,富山県,-,-,-,大型,-,,14
2018-09-01,石川県,-,-,-,大型,-,,19
2018-09-01,福井県,-,-,-,大型,-,,11
2018-09-01,岐阜県,-,-,-,大型,-,,36
2018-09-01,静岡県,-,-,-,大型,-,,26
2018-09-01,愛知県,-,-,-,大型,-,,113
2018-09-01,三重県,-,-,-,大型,-,,41
2018-09-01,滋賀県,-,-,-,大型,-,,44
2018-09-01,京都府,-,-,-,大型,-,,46
2018-09-01,大阪府,-,-,-,大型,-,,172
2018-09-01,兵庫県,-,-,-,大型,-,,78
2018-09-01,奈良県,-,-,-,大型,-,,27
2018-09-01,和歌山県,-,-,-,大型,-,,11
2018-09-01,鳥取県,-,-,-,大型,-,,11
2018-09-01,島根県,-,-,-,大型,-,,16
2018-09-01,岡山県,-,-,-,大型,-,,22
2018-09-01,広島県,-,-,-,大型,-,,37
2018-09-01,山口県,-,-,-,大型,-,,29
2018-09-01,徳島県,-,-,-,大型,-,,6
2018-09-01,香川県,-,-,-,大型,-,,11
2018-09-01,愛媛県,-,-,-,大型,-,,14
2018-09-01,高知県,-,-,-,大型,-,,7
2018-09-01,福岡県,-,-,-,大型,-,,92
2018-09-01,佐賀県,-,-,-,大型,-,,12
2018-09-01,長崎県,-,-,-,大型,-,,19
2018-09-01,熊本県,-,-,-,大型,-,,36
2018-09-01,大分県,-,-,-,大型,-,,29
2018-09-01,宮崎県,-,-,-,大型,-,,17
2018-09-01,鹿児島県,-,-,-,大型,-,,28
2018-09-01,沖縄県,-,-,-,大型,-,,28
2018-10-01,北海道,-,-,-,大型,-,,90
2018-10-01,青森県,-,-,-,大型,-,,26
2018-10-01,岩手県,-,-,-,大型,-,,23
2018-10-01,宮城県,-,-,-,大型,-,,25
2018-10-01,秋田県,-,-,-,大型,-,,20
2018-10-01,山形県,-,-,-,大型,-,,9
2018-10-01,福島県,-,-,-,大型,-,,20
2018-10-01,茨城県,-,-,-,大型,-,,29
2018-10-01,栃木県,-,-,-,大型,-,,25
2018-10-01,群馬県,-,-,-,大型,-,,34
2018-10-01,埼玉県,-,-,-,大型,-,,71
2018-10-01,千葉県,-,-,-,大型,-,,95
2018-10-01,東京都,-,-,-,大型,-,,126
2018-10-01,神奈川県,-,-,-,大型,-,,91
2018-10-01,新潟県,-,-,-,大型,-,,31
2018-10-01,山梨県,-,-,-,大型,-,,11
2018-10-01,長野県,-,-,-,大型,-,,39
2018-10-01,富山県,-,-,-,大型,-,,14
2018-10-01,石川県,-,-,-,大型,-,,19
2018-10-01,福井県,-,-,-,大型,-,,11
2018-10-01,岐阜県,-,-,-,大型,-,,38
2018-10-01,静岡県,-,-,-,大型,-,,26
2018-10-01,愛知県,-,-,-,大型,-,,114
2018-10-01,三重県,-,-,-,大型,-,,42
2018-10-01,滋賀県,-,-,-,大型,-,,44
2018-10-01,京都府,-,-,-,大型,-,,47
2018-10-01,大阪府,-,-,-,大型,-,,177
2018-10-01,兵庫県,-,-,-,大型,-,,79
2018-10-01,奈良県,-,-,-,大型,-,,28
2018-10-01,和歌山県,-,-,-,大型,-,,11
2018-10-01,鳥取県,-,-,-,大型,-,,11
2018-10-01,島根県,-,-,-,大型,-,,18
2018-10-01,岡山県,-,-,-,大型,-,,22
2018-10-01,広島県,-,-,-,大型,-,,37
2018-10-01,山口県,-,-,-,大型,-,,30
2018-10-01,徳島県,-,-,-,大型,-,,6
2018-10-01,香川県,-,-,-,大型,-,,11
2018-10-01,愛媛県,-,-,-,大型,-,,14
2018-10-01,高知県,-,-,-,大型,-,,7
2018-10-01,福岡県,-,-,-,大型,-,,92
2018-10-01,佐賀県,-,-,-,大型,-,,15
2018-10-01,長崎県,-,-,-,大型,-,,19
2018-10-01,熊本県,-,-,-,大型,-,,37
2018-10-01,大分県,-,-,-,大型,-,,31
2018-10-01,宮崎県,-,-,-,大型,-,,17
2018-10-01,鹿児島県,-,-,-,大型,-,,28
2018-10-01,沖縄県,-,-,-,大型,-,,29
2018-11-01,北海道,-,-,-,大型,-,,90
2018-11-01,青森県,-,-,-,大型,-,,26
2018-11-01,岩手県,-,-,-,大型,-,,23
2018-11-01,宮城県,-,-,-,大型,-,,25
2018-11-01,秋田県,-,-,-,大型,-,,20
2018-11-01,山形県,-,-,-,大型,-,,9
2018-11-01,福島県,-,-,-,大型,-,,20
2018-11-01,茨城県,-,-,-,大型,-,,28
2018-11-01,栃木県,-,-,-,大型,-,,25
2018-11-01,群馬県,-,-,-,大型,-,,34
2018-11-01,埼玉県,-,-,-,大型,-,,73
2018-11-01,千葉県,-,-,-,大型,-,,94
2018-11-01,東京都,-,-,-,大型,-,,127
2018-11-01,神奈川県,-,-,-,大型,-,,91
2018-11-01,新潟県,-,-,-,大型,-,,30
2018-11-01,山梨県,-,-,-,大型,-,,11
2018-11-01,長野県,-,-,-,大型,-,,39
2018-11-01,富山県,-,-,-,大型,-,,14
2018-11-01,石川県,-,-,-,大型,-,,19
2018-11-01,福井県,-,-,-,大型,-,,11
2018-11-01,岐阜県,-,-,-,大型,-,,39
2018-11-01,静岡県,-,-,-,大型,-,,26
2018-11-01,愛知県,-,-,-,大型,-,,114
2018-11-01,三重県,-,-,-,大型,-,,43
2018-11-01,滋賀県,-,-,-,大型,-,,44
2018-11-01,京都府,-,-,-,大型,-,,47
2018-11-01,大阪府,-,-,-,大型,-,,176
2018-11-01,兵庫県,-,-,-,大型,-,,79
2018-11-01,奈良県,-,-,-,大型,-,,28
2018-11-01,和歌山県,-,-,-,大型,-,,11
2018-11-01,鳥取県,-,-,-,大型,-,,11
2018-11-01,島根県,-,-,-,大型,-,,18
2018-11-01,岡山県,-,-,-,大型,-,,22
2018-11-01,広島県,-,-,-,大型,-,,37
2018-11-01,山口県,-,-,-,大型,-,,30
2018-11-01,徳島県,-,-,-,大型,-,,6
2018-11-01,香川県,-,-,-,大型,-,,11
2018-11-01,愛媛県,-,-,-,大型,-,,14
2018-11-01,高知県,-,-,-,大型,-,,7
2018-11-01,福岡県,-,-,-,大型,-,,92
2018-11-01,佐賀県,-,-,-,大型,-,,15
2018-11-01,長崎県,-,-,-,大型,-,,19
2018-11-01,熊本県,-,-,-,大型,-,,37
2018-11-01,大分県,-,-,-,大型,-,,32
2018-11-01,宮崎県,-,-,-,大型,-,,17
2018-11-01,鹿児島県,-,-,-,大型,-,,28
2018-11-01,沖縄県,-,-,-,大型,-,,29
2018-12-01,北海道,-,-,-,大型,-,,89
2018-12-01,青森県,-,-,-,大型,-,,26
2018-12-01,岩手県,-,-,-,大型,-,,23
2018-12-01,宮城県,-,-,-,大型,-,,25
2018-12-01,秋田県,-,-,-,大型,-,,20
2018-12-01,山形県,-,-,-,大型,-,,9
2018-12-01,福島県,-,-,-,大型,-,,20
2018-12-01,茨城県,-,-,-,大型,-,,28
2018-12-01,栃木県,-,-,-,大型,-,,25
2018-12-01,群馬県,-,-,-,大型,-,,34
2018-12-01,埼玉県,-,-,-,大型,-,,73
2018-12-01,千葉県,-,-,-,大型,-,,95
2018-12-01,東京都,-,-,-,大型,-,,127
2018-12-01,神奈川県,-,-,-,大型,-,,92
2018-12-01,新潟県,-,-,-,大型,-,,29
2018-12-01,山梨県,-,-,-,大型,-,,11
2018-12-01,長野県,-,-,-,大型,-,,39
2018-12-01,富山県,-,-,-,大型,-,,14
2018-12-01,石川県,-,-,-,大型,-,,19
2018-12-01,福井県,-,-,-,大型,-,,11
2018-12-01,岐阜県,-,-,-,大型,-,,39
2018-12-01,静岡県,-,-,-,大型,-,,26
2018-12-01,愛知県,-,-,-,大型,-,,114
2018-12-01,三重県,-,-,-,大型,-,,43
2018-12-01,滋賀県,-,-,-,大型,-,,44
2018-12-01,京都府,-,-,-,大型,-,,47
2018-12-01,大阪府,-,-,-,大型,-,,177
2018-12-01,兵庫県,-,-,-,大型,-,,81
2018-12-01,奈良県,-,-,-,大型,-,,28
2018-12-01,和歌山県,-,-,-,大型,-,,11
2018-12-01,鳥取県,-,-,-,大型,-,,11
2018-12-01,島根県,-,-,-,大型,-,,16
2018-12-01,岡山県,-,-,-,大型,-,,23
2018-12-01,広島県,-,-,-,大型,-,,37
2018-12-01,山口県,-,-,-,大型,-,,30
2018-12-01,徳島県,-,-,-,大型,-,,6
2018-12-01,香川県,-,-,-,大型,-,,11
2018-12-01,愛媛県,-,-,-,大型,-,,14
2018-12-01,高知県,-,-,-,大型,-,,7
2018-12-01,福岡県,-,-,-,大型,-,,93
2018-12-01,佐賀県,-,-,-,大型,-,,16
2018-12-01,長崎県,-,-,-,大型,-,,19
2018-12-01,熊本県,-,-,-,大型,-,,38
2018-12-01,大分県,-,-,-,大型,-,,32
2018-12-01,宮崎県,-,-,-,大型,-,,17
2018-12-01,鹿児島県,-,-,-,大型,-,,28
2018-12-01,沖縄県,-,-,-,大型,-,,29
2019-01-01,北海道,-,-,-,大型,-,,89
2019-01-01,青森県,-,-,-,大型,-,,26
2019-01-01,岩手県,-,-,-,大型,-,,23
2019-01-01,宮城県,-,-,-,大型,-,,25
2019-01-01,秋田県,-,-,-,大型,-,,20
2019-01-01,山形県,-,-,-,大型,-,,9
2019-01-01,福島県,-,-,-,大型,-,,21
2019-01-01,茨城県,-,-,-,大型,-,,27
2019-01-01,栃木県,-,-,-,大型,-,,24
2019-01-01,群馬県,-,-,-,大型,-,,34
2019-01-01,埼玉県,-,-,-,大型,-,,71
2019-01-01,千葉県,-,-,-,大型,-,,95
2019-01-01,東京都,-,-,-,大型,-,,126
2019-01-01,神奈川県,-,-,-,大型,-,,92
2019-01-01,新潟県,-,-,-,大型,-,,29
2019-01-01,山梨県,-,-,-,大型,-,,11
2019-01-01,長野県,-,-,-,大型,-,,39
2019-01-01,富山県,-,-,-,大型,-,,14
2019-01-01,石川県,-,-,-,大型,-,,19
2019-01-01,福井県,-,-,-,大型,-,,11
2019-01-01,岐阜県,-,-,-,大型,-,,38
2019-01-01,静岡県,-,-,-,大型,-,,26
2019-01-01,愛知県,-,-,-,大型,-,,114
2019-01-01,三重県,-,-,-,大型,-,,42
2019-01-01,滋賀県,-,-,-,大型,-,,44
2019-01-01,京都府,-,-,-,大型,-,,46
2019-01-01,大阪府,-,-,-,大型,-,,174
2019-01-01,兵庫県,-,-,-,大型,-,,81
2019-01-01,奈良県,-,-,-,大型,-,,28
2019-01-01,和歌山県,-,-,-,大型,-,,11
2019-01-01,鳥取県,-,-,-,大型,-,,11
2019-01-01,島根県,-,-,-,大型,-,,16
2019-01-01,岡山県,-,-,-,大型,-,,23
2019-01-01,広島県,-,-,-,大型,-,,36
2019-01-01,山口県,-,-,-,大型,-,,31
2019-01-01,徳島県,-,-,-,大型,-,,6
2019-01-01,香川県,-,-,-,大型,-,,11
2019-01-01,愛媛県,-,-,-,大型,-,,14
2019-01-01,高知県,-,-,-,大型,-,,7
2019-01-01,福岡県,-,-,-,大型,-,,93
2019-01-01,佐賀県,-,-,-,大型,-,,16
2019-01-01,長崎県,-,-,-,大型,-,,19
2019-01-01,熊本県,-,-,-,大型,-,,38
2019-01-01,大分県,-,-,-,大型,-,,32
2019-01-01,宮崎県,-,-,-,大型,-,,17
2019-01-01,鹿児島県,-,-,-,大型,-,,28
2019-01-01,沖縄県,-,-,-,大型,-,,29
2019-02-01,北海道,-,-,-,大型,-,,89
2019-02-01,青森県,-,-,-,大型,-,,26
2019-02-01,岩手県,-,-,-,大型,-,,23
2019-02-01,宮城県,-,-,-,大型,-,,25
2019-02-01,秋田県,-,-,-,大型,-,,20
2019-02-01,山形県,-,-,-,大型,-,,9
2019-02-01,福島県,-,-,-,大型,-,,21
2019-02-01,茨城県,-,-,-,大型,-,,27
2019-02-01,栃木県,-,-,-,大型,-,,24
2019-02-01,群馬県,-,-,-,大型,-,,34
2019-02-01,埼玉県,-,-,-,大型,-,,71
2019-02-01,千葉県,-,-,-,大型,-,,95
2019-02-01,東京都,-,-,-,大型,-,,127
2019-02-01,神奈川県,-,-,-,大型,-,,92
2019-02-01,新潟県,-,-,-,大型,-,,29
2019-02-01,山梨県,-,-,-,大型,-,,11
2019-02-01,長野県,-,-,-,大型,-,,39
2019-02-01,富山県,-,-,-,大型,-,,14
2019-02-01,石川県,-,-,-,大型,-,,19
2019-02-01,福井県,-,-,-,大型,-,,11
2019-02-01,岐阜県,-,-,-,大型,-,,39
2019-02-01,静岡県,-,-,-,大型,-,,27
2019-02-01,愛知県,-,-,-,大型,-,,114
2019-02-01,三重県,-,-,-,大型,-,,43
2019-02-01,滋賀県,-,-,-,大型,-,,45
2019-02-01,京都府,-,-,-,大型,-,,46
2019-02-01,大阪府,-,-,-,大型,-,,172
2019-02-01,兵庫県,-,-,-,大型,-,,81
2019-02-01,奈良県,-,-,-,大型,-,,28
2019-02-01,和歌山県,-,-,-,大型,-,,11
2019-02-01,鳥取県,-,-,-,大型,-,,11
2019-02-01,島根県,-,-,-,大型,-,,16
2019-02-01,岡山県,-,-,-,大型,-,,23
2019-02-01,広島県,-,-,-,大型,-,,36
2019-02-01,山口県,-,-,-,大型,-,,32
2019-02-01,徳島県,-,-,-,大型,-,,6
2019-02-01,香川県,-,-,-,大型,-,,11
2019-02-01,愛媛県,-,-,-,大型,-,,14
2019-02-01,高知県,-,-,-,大型,-,,7
2019-02-01,福岡県,-,-,-,大型,-,,93
2019-02-01,佐賀県,-,-,-,大型,-,,16
2019-02-01,長崎県,-,-,-,大型,-,,19
2019-02-01,熊本県,-,-,-,大型,-,,38
2019-02-01,大分県,-,-,-,大型,-,,32
2019-02-01,宮崎県,-,-,-,大型,-,,17
2019-02-01,鹿児島県,-,-,-,大型,-,,28
2019-02-01,沖縄県,-,-,-,大型,-,,29
2019-03-01,北海道,-,-,-,大型,-,,89
2019-03-01,青森県,-,-,-,大型,-,,26
2019-03-01,岩手県,-,-,-,大型,-,,23
2019-03-01,宮城県,-,-,-,大型,-,,25
2019-03-01,秋田県,-,-,-,大型,-,,20
2019-03-01,山形県,-,-,-,大型,-,,9
2019-03-01,福島県,-,-,-,大型,-,,20
2019-03-01,茨城県,-,-,-,大型,-,,27
2019-03-01,栃木県,-,-,-,大型,-,,24
2019-03-01,群馬県,-,-,-,大型,-,,34
2019-03-01,埼玉県,-,-,-,大型,-,,72
2019-03-01,千葉県,-,-,-,大型,-,,94
2019-03-01,東京都,-,-,-,大型,-,,126
2019-03-01,神奈川県,-,-,-,大型,-,,90
2019-03-01,新潟県,-,-,-,大型,-,,29
2019-03-01,山梨県,-,-,-,大型,-,,11
2019-03-01,長野県,-,-,-,大型,-,,39
2019-03-01,富山県,-,-,-,大型,-,,14
2019-03-01,石川県,-,-,-,大型,-,,19
2019-03-01,福井県,-,-,-,大型,-,,11
2019-03-01,岐阜県,-,-,-,大型,-,,40
2019-03-01,静岡県,-,-,-,大型,-,,27
2019-03-01,愛知県,-,-,-,大型,-,,114
2019-03-01,三重県,-,-,-,大型,-,,43
2019-03-01,滋賀県,-,-,-,大型,-,,45
2019-03-01,京都府,-,-,-,大型,-,,47
2019-03-01,大阪府,-,-,-,大型,-,,171
2019-03-01,兵庫県,-,-,-,大型,-,,81
2019-03-01,奈良県,-,-,-,大型,-,,28
2019-03-01,和歌山県,-,-,-,大型,-,,11
2019-03-01,鳥取県,-,-,-,大型,-,,11
2019-03-01,島根県,-,-,-,大型,-,,16
2019-03-01,岡山県,-,-,-,大型,-,,23
2019-03-01,広島県,-,-,-,大型,-,,37
2019-03-01,山口県,-,-,-,大型,-,,31
2019-03-01,徳島県,-,-,-,大型,-,,6
2019-03-01,香川県,-,-,-,大型,-,,11
2019-03-01,愛媛県,-,-,-,大型,-,,14
2019-03-01,高知県,-,-,-,大型,-,,7
2019-03-01,福岡県,-,-,-,大型,-,,93
2019-03-01,佐賀県,-,-,-,大型,-,,16
2019-03-01,長崎県,-,-,-,大型,-,,19
2019-03-01,熊本県,-,-,-,大型,-,,38
2019-03-01,大分県,-,-,-,大型,-,,32
2019-03-01,宮崎県,-,-,-,大型,-,,17
2019-03-01,鹿児島県,-,-,-,大型,-,,28
2019-03-01,沖縄県,-,-,-,大型,-,,29
2019-04-01,北海道,-,-,-,大型,-,,89
2019-04-01,青森県,-,-,-,大型,-,,27
2019-04-01,岩手県,-,-,-,大型,-,,23
2019-04-01,宮城県,-,-,-,大型,-,,25
2019-04-01,秋田県,-,-,-,大型,-,,20
2019-04-01,山形県,-,-,-,大型,-,,9
2019-04-01,福島県,-,-,-,大型,-,,20
2019-04-01,茨城県,-,-,-,大型,-,,27
2019-04-01,栃木県,-,-,-,大型,-,,24
2019-04-01,群馬県,-,-,-,大型,-,,33
2019-04-01,埼玉県,-,-,-,大型,-,,72
2019-04-01,千葉県,-,-,-,大型,-,,95
2019-04-01,東京都,-,-,-,大型,-,,126
2019-04-01,神奈川県,-,-,-,大型,-,,88
2019-04-01,新潟県,-,-,-,大型,-,,29
2019-04-01,山梨県,-,-,-,大型,-,,11
2019-04-01,長野県,-,-,-,大型,-,,39
2019-04-01,富山県,-,-,-,大型,-,,15
2019-04-01,石川県,-,-,-,大型,-,,19
2019-04-01,福井県,-,-,-,大型,-,,11
2019-04-01,岐阜県,-,-,-,大型,-,,40
2019-04-01,静岡県,-,-,-,大型,-,,27
2019-04-01,愛知県,-,-,-,大型,-,,114
2019-04-01,三重県,-,-,-,大型,-,,42
2019-04-01,滋賀県,-,-,-,大型,-,,45
2019-04-01,京都府,-,-,-,大型,-,,47
2019-04-01,大阪府,-,-,-,大型,-,,170
2019-04-01,兵庫県,-,-,-,大型,-,,80
2019-04-01,奈良県,-,-,-,大型,-,,29
2019-04-01,和歌山県,-,-,-,大型,-,,11
2019-04-01,鳥取県,-,-,-,大型,-,,11
2019-04-01,島根県,-,-,-,大型,-,,18
2019-04-01,岡山県,-,-,-,大型,-,,23
2019-04-01,広島県,-,-,-,大型,-,,37
2019-04-01,山口県,-,-,-,大型,-,,31
2019-04-01,徳島県,-,-,-,大型,-,,6
2019-04-01,香川県,-,-,-,大型,-,,11
2019-04-01,愛媛県,-,-,-,大型,-,,14
2019-04-01,高知県,-,-,-,大型,-,,7
2019-04-01,福岡県,-,-,-,大型,-,,93
2019-04-01,佐賀県,-,-,-,大型,-,,16
2019-04-01,長崎県,-,-,-,大型,-,,19
2019-04-01,熊本県,-,-,-,大型,-,,38
2019-04-01,大分県,-,-,-,大型,-,,32
2019-04-01,宮崎県,-,-,-,大型,-,,18
2019-04-01,鹿児島県,-,-,-,大型,-,,28
2019-04-01,沖縄県,-,-,-,大型,-,,29
2019-05-01,北海道,-,-,-,大型,-,,89
2019-05-01,青森県,-,-,-,大型,-,,27
2019-05-01,岩手県,-,-,-,大型,-,,23
2019-05-01,宮城県,-,-,-,大型,-,,25
2019-05-01,秋田県,-,-,-,大型,-,,20
2019-05-01,山形県,-,-,-,大型,-,,9
2019-05-01,福島県,-,-,-,大型,-,,20
2019-05-01,茨城県,-,-,-,大型,-,,27
2019-05-01,栃木県,-,-,-,大型,-,,24
2019-05-01,群馬県,-,-,-,大型,-,,33
2019-05-01,埼玉県,-,-,-,大型,-,,72
2019-05-01,千葉県,-,-,-,大型,-,,95
2019-05-01,東京都,-,-,-,大型,-,,126
2019-05-01,神奈川県,-,-,-,大型,-,,87
2019-05-01,新潟県,-,-,-,大型,-,,29
2019-05-01,山梨県,-,-,-,大型,-,,11
2019-05-01,長野県,-,-,-,大型,-,,39
2019-05-01,富山県,-,-,-,大型,-,,15
2019-05-01,石川県,-,-,-,大型,-,,19
2019-05-01,福井県,-,-,-,大型,-,,11
2019-05-01,岐阜県,-,-,-,大型,-,,40
2019-05-01,静岡県,-,-,-,大型,-,,27
2019-05-01,愛知県,-,-,-,大型,-,,114
2019-05-01,三重県,-,-,-,大型,-,,43
2019-05-01,滋賀県,-,-,-,大型,-,,45
2019-05-01,京都府,-,-,-,大型,-,,47
2019-05-01,大阪府,-,-,-,大型,-,,169
2019-05-01,兵庫県,-,-,-,大型,-,,80
2019-05-01,奈良県,-,-,-,大型,-,,29
2019-05-01,和歌山県,-,-,-,大型,-,,11
2019-05-01,鳥取県,-,-,-,大型,-,,11
2019-05-01,島根県,-,-,-,大型,-,,18
2019-05-01,岡山県,-,-,-,大型,-,,23
2019-05-01,広島県,-,-,-,大型,-,,37
2019-05-01,山口県,-,-,-,大型,-,,31
2019-05-01,徳島県,-,-,-,大型,-,,6
2019-05-01,香川県,-,-,-,大型,-,,11
2019-05-01,愛媛県,-,-,-,大型,-,,14
2019-05-01,高知県,-,-,-,大型,-,,7
2019-05-01,福岡県,-,-,-,大型,-,,95
2019-05-01,佐賀県,-,-,-,大型,-,,16
2019-05-01,長崎県,-,-,-,大型,-,,19
2019-05-01,熊本県,-,-,-,大型,-,,39
2019-05-01,大分県,-,-,-,大型,-,,32
2019-05-01,宮崎県,-,-,-,大型,-,,19
2019-05-01,鹿児島県,-,-,-,大型,-,,28
2019-05-01,沖縄県,-,-,-,大型,-,,29
2019-06-01,北海道,-,-,-,大型,-,,88
2019-06-01,青森県,-,-,-,大型,-,,27
2019-06-01,岩手県,-,-,-,大型,-,,24
2019-06-01,宮城県,-,-,-,大型,-,,25
2019-06-01,秋田県,-,-,-,大型,-,,20
2019-06-01,山形県,-,-,-,大型,-,,9
2019-06-01,福島県,-,-,-,大型,-,,20
2019-06-01,茨城県,-,-,-,大型,-,,27
2019-06-01,栃木県,-,-,-,大型,-,,24
2019-06-01,群馬県,-,-,-,大型,-,,33
2019-06-01,埼玉県,-,-,-,大型,-,,70
2019-06-01,千葉県,-,-,-,大型,-,,95
2019-06-01,東京都,-,-,-,大型,-,,126
2019-06-01,神奈川県,-,-,-,大型,-,,87
2019-06-01,新潟県,-,-,-,大型,-,,29
2019-06-01,山梨県,-,-,-,大型,-,,11
2019-06-01,長野県,-,-,-,大型,-,,39
2019-06-01,富山県,-,-,-,大型,-,,15
2019-06-01,石川県,-,-,-,大型,-,,19
2019-06-01,福井県,-,-,-,大型,-,,11
2019-06-01,岐阜県,-,-,-,大型,-,,40
2019-06-01,静岡県,-,-,-,大型,-,,27
2019-06-01,愛知県,-,-,-,大型,-,,113
2019-06-01,三重県,-,-,-,大型,-,,43
2019-06-01,滋賀県,-,-,-,大型,-,,44
2019-06-01,京都府,-,-,-,大型,-,,47
2019-06-01,大阪府,-,-,-,大型,-,,168
2019-06-01,兵庫県,-,-,-,大型,-,,80
2019-06-01,奈良県,-,-,-,大型,-,,29
2019-06-01,和歌山県,-,-,-,大型,-,,11
2019-06-01,鳥取県,-,-,-,大型,-,,11
2019-06-01,島根県,-,-,-,大型,-,,18
2019-06-01,岡山県,-,-,-,大型,-,,22
2019-06-01,広島県,-,-,-,大型,-,,38
2019-06-01,山口県,-,-,-,大型,-,,32
2019-06-01,徳島県,-,-,-,大型,-,,6
2019-06-01,香川県,-,-,-,大型,-,,11
2019-06-01,愛媛県,-,-,-,大型,-,,14
2019-06-01,高知県,-,-,-,大型,-,,7
2019-06-01,福岡県,-,-,-,大型,-,,95
2019-06-01,佐賀県,-,-,-,大型,-,,16
2019-06-01,長崎県,-,-,-,大型,-,,19
2019-06-01,熊本県,-,-,-,大型,-,,39
2019-06-01,大分県,-,-,-,大型,-,,32
2019-06-01,宮崎県,-,-,-,大型,-,,19
2019-06-01,鹿児島県,-,-,-,大型,-,,28
2019-06-01,沖縄県,-,-,-,大型,-,,29
2019-07-01,北海道,-,-,-,大型,-,,88
2019-07-01,青森県,-,-,-,大型,-,,28
2019-07-01,岩手県,-,-,-,大型,-,,24
2019-07-01,宮城県,-,-,-,大型,-,,25
2019-07-01,秋田県,-,-,-,大型,-,,20
2019-07-01,山形県,-,-,-,大型,-,,9
2019-07-01,福島県,-,-,-,大型,-,,20
2019-07-01,茨城県,-,-,-,大型,-,,27
2019-07-01,栃木県,-,-,-,大型,-,,24
2019-07-01,群馬県,-,-,-,大型,-,,33
2019-07-01,埼玉県,-,-,-,大型,-,,69
2019-07-01,千葉県,-,-,-,大型,-,,95
2019-07-01,東京都,-,-,-,大型,-,,127
2019-07-01,神奈川県,-,-,-,大型,-,,87
2019-07-01,新潟県,-,-,-,大型,-,,29
2019-07-01,山梨県,-,-,-,大型,-,,11
2019-07-01,長野県,-,-,-,大型,-,,39
2019-07-01,富山県,-,-,-,大型,-,,15
2019-07-01,石川県,-,-,-,大型,-,,19
2019-07-01,福井県,-,-,-,大型,-,,11
2019-07-01,岐阜県,-,-,-,大型,-,,40
2019-07-01,静岡県,-,-,-,大型,-,,27
2019-07-01,愛知県,-,-,-,大型,-,,113
2019-07-01,三重県,-,-,-,大型,-,,43
2019-07-01,滋賀県,-,-,-,大型,-,,44
2019-07-01,京都府,-,-,-,大型,-,,47
2019-07-01,大阪府,-,-,-,大型,-,,166
2019-07-01,兵庫県,-,-,-,大型,-,,81
2019-07-01,奈良県,-,-,-,大型,-,,30
2019-07-01,和歌山県,-,-,-,大型,-,,11
2019-07-01,鳥取県,-,-,-,大型,-,,11
2019-07-01,島根県,-,-,-,大型,-,,18
2019-07-01,岡山県,-,-,-,大型,-,,22
2019-07-01,広島県,-,-,-,大型,-,,38
2019-07-01,山口県,-,-,-,大型,-,,32
2019-07-01,徳島県,-,-,-,大型,-,,6
2019-07-01,香川県,-,-,-,大型,-,,11
2019-07-01,愛媛県,-,-,-,大型,-,,14
2019-07-01,高知県,-,-,-,大型,-,,7
2019-07-01,福岡県,-,-,-,大型,-,,96
2019-07-01,佐賀県,-,-,-,大型,-,,16
2019-07-01,長崎県,-,-,-,大型,-,,19
2019-07-01,熊本県,-,-,-,大型,-,,38
2019-07-01,大分県,-,-,-,大型,-,,31
2019-07-01,宮崎県,-,-,-,大型,-,,18
2019-07-01,鹿児島県,-,-,-,大型,-,,28
2019-07-01,沖縄県,-,-,-,大型,-,,29
2019-08-01,北海道,-,-,-,大型,-,,88
2019-08-01,青森県,-,-,-,大型,-,,28
2019-08-01,岩手県,-,-,-,大型,-,,24
2019-08-01,宮城県,-,-,-,大型,-,,25
2019-08-01,秋田県,-,-,-,大型,-,,20
2019-08-01,山形県,-,-,-,大型,-,,9
2019-08-01,福島県,-,-,-,大型,-,,20
2019-08-01,茨城県,-,-,-,大型,-,,27
2019-08-01,栃木県,-,-,-,大型,-,,24
2019-08-01,群馬県,-,-,-,大型,-,,33
2019-08-01,埼玉県,-,-,-,大型,-,,69
2019-08-01,千葉県,-,-,-,大型,-,,93
2019-08-01,東京都,-,-,-,大型,-,,127
2019-08-01,神奈川県,-,-,-,大型,-,,87
2019-08-01,新潟県,-,-,-,大型,-,,29
2019-08-01,山梨県,-,-,-,大型,-,,11
2019-08-01,長野県,-,-,-,大型,-,,39
2019-08-01,富山県,-,-,-,大型,-,,14
2019-08-01,石川県,-,-,-,大型,-,,19
2019-08-01,福井県,-,-,-,大型,-,,11
2019-08-01,岐阜県,-,-,-,大型,-,,40
2019-08-01,静岡県,-,-,-,大型,-,,26
2019-08-01,愛知県,-,-,-,大型,-,,113
2019-08-01,三重県,-,-,-,大型,-,,43
2019-08-01,滋賀県,-,-,-,大型,-,,44
2019-08-01,京都府,-,-,-,大型,-,,47
2019-08-01,大阪府,-,-,-,大型,-,,166
2019-08-01,兵庫県,-,-,-,大型,-,,81
2019-08-01,奈良県,-,-,-,大型,-,,30
2019-08-01,和歌山県,-,-,-,大型,-,,11
2019-08-01,鳥取県,-,-,-,大型,-,,11
2019-08-01,島根県,-,-,-,大型,-,,18
2019-08-01,岡山県,-,-,-,大型,-,,22
2019-08-01,広島県,-,-,-,大型,-,,38
2019-08-01,山口県,-,-,-,大型,-,,32
2019-08-01,徳島県,-,-,-,大型,-,,6
2019-08-01,香川県,-,-,-,大型,-,,11
2019-08-01,愛媛県,-,-,-,大型,-,,14
2019-08-01,高知県,-,-,-,大型,-,,7
2019-08-01,福岡県,-,-,-,大型,-,,96
2019-08-01,佐賀県,-,-,-,大型,-,,16
2019-08-01,長崎県,-,-,-,大型,-,,19
2019-08-01,熊本県,-,-,-,大型,-,,38
2019-08-01,大分県,-,-,-,大型,-,,31
2019-08-01,宮崎県,-,-,-,大型,-,,18
2019-08-01,鹿児島県,-,-,-,大型,-,,28
2019-08-01,沖縄県,-,-,-,大型,-,,29
2019-09-01,北海道,-,-,-,大型,-,,88
2019-09-01,青森県,-,-,-,大型,-,,28
2019-09-01,岩手県,-,-,-,大型,-,,24
2019-09-01,宮城県,-,-,-,大型,-,,25
2019-09-01,秋田県,-,-,-,大型,-,,20
2019-09-01,山形県,-,-,-,大型,-,,9
2019-09-01,福島県,-,-,-,大型,-,,20
2019-09-01,茨城県,-,-,-,大型,-,,26
2019-09-01,栃木県,-,-,-,大型,-,,24
2019-09-01,群馬県,-,-,-,大型,-,,33
2019-09-01,埼玉県,-,-,-,大型,-,,70
2019-09-01,千葉県,-,-,-,大型,-,,93
2019-09-01,東京都,-,-,-,大型,-,,126
2019-09-01,神奈川県,-,-,-,大型,-,,87
2019-09-01,新潟県,-,-,-,大型,-,,29
2019-09-01,山梨県,-,-,-,大型,-,,11
2019-09-01,長野県,-,-,-,大型,-,,38
2019-09-01,富山県,-,-,-,大型,-,,14
2019-09-01,石川県,-,-,-,大型,-,,19
2019-09-01,福井県,-,-,-,大型,-,,10
2019-09-01,岐阜県,-,-,-,大型,-,,40
2019-09-01,静岡県,-,-,-,大型,-,,26
2019-09-01,愛知県,-,-,-,大型,-,,111
2019-09-01,三重県,-,-,-,大型,-,,42
2019-09-01,滋賀県,-,-,-,大型,-,,44
2019-09-01,京都府,-,-,-,大型,-,,47
2019-09-01,大阪府,-,-,-,大型,-,,165
2019-09-01,兵庫県,-,-,-,大型,-,,81
2019-09-01,奈良県,-,-,-,大型,-,,29
2019-09-01,和歌山県,-,-,-,大型,-,,11
2019-09-01,鳥取県,-,-,-,大型,-,,11
2019-09-01,島根県,-,-,-,大型,-,,18
2019-09-01,岡山県,-,-,-,大型,-,,22
2019-09-01,広島県,-,-,-,大型,-,,38
2019-09-01,山口県,-,-,-,大型,-,,32
2019-09-01,徳島県,-,-,-,大型,-,,6
2019-09-01,香川県,-,-,-,大型,-,,11
2019-09-01,愛媛県,-,-,-,大型,-,,13
2019-09-01,高知県,-,-,-,大型,-,,7
2019-09-01,福岡県,-,-,-,大型,-,,96
2019-09-01,佐賀県,-,-,-,大型,-,,16
2019-09-01,長崎県,-,-,-,大型,-,,19
2019-09-01,熊本県,-,-,-,大型,-,,38
2019-09-01,大分県,-,-,-,大型,-,,31
2019-09-01,宮崎県,-,-,-,大型,-,,18
2019-09-01,鹿児島県,-,-,-,大型,-,,28
2019-09-01,沖縄県,-,-,-,大型,-,,29
2019-10-01,北海道,-,-,-,大型,-,,89
2019-10-01,青森県,-,-,-,大型,-,,28
2019-10-01,岩手県,-,-,-,大型,-,,24
2019-10-01,宮城県,-,-,-,大型,-,,25
2019-10-01,秋田県,-,-,-,大型,-,,20
2019-10-01,山形県,-,-,-,大型,-,,9
2019-10-01,福島県,-,-,-,大型,-,,20
2019-10-01,茨城県,-,-,-,大型,-,,26
2019-10-01,栃木県,-,-,-,大型,-,,24
2019-10-01,群馬県,-,-,-,大型,-,,33
2019-10-01,埼玉県,-,-,-,大型,-,,70
2019-10-01,千葉県,-,-,-,大型,-,,93
2019-10-01,東京都,-,-,-,大型,-,,126
2019-10-01,神奈川県,-,-,-,大型,-,,87
2019-10-01,新潟県,-,-,-,大型,-,,29
2019-10-01,山梨県,-,-,-,大型,-,,11
2019-10-01,長野県,-,-,-,大型,-,,38
2019-10-01,富山県,-,-,-,大型,-,,14
2019-10-01,石川県,-,-,-,大型,-,,19
2019-10-01,福井県,-,-,-,大型,-,,10
2019-10-01,岐阜県,-,-,-,大型,-,,40
2019-10-01,静岡県,-,-,-,大型,-,,26
2019-10-01,愛知県,-,-,-,大型,-,,111
2019-10-01,三重県,-,-,-,大型,-,,42
2019-10-01,滋賀県,-,-,-,大型,-,,44
2019-10-01,京都府,-,-,-,大型,-,,47
2019-10-01,大阪府,-,-,-,大型,-,,165
2019-10-01,兵庫県,-,-,-,大型,-,,82
2019-10-01,奈良県,-,-,-,大型,-,,29
2019-10-01,和歌山県,-,-,-,大型,-,,11
2019-10-01,鳥取県,-,-,-,大型,-,,11
2019-10-01,島根県,-,-,-,大型,-,,18
2019-10-01,岡山県,-,-,-,大型,-,,22
2019-10-01,広島県,-,-,-,大型,-,,38
2019-10-01,山口県,-,-,-,大型,-,,32
2019-10-01,徳島県,-,-,-,大型,-,,6
2019-10-01,香川県,-,-,-,大型,-,,11
2019-10-01,愛媛県,-,-,-,大型,-,,13
2019-10-01,高知県,-,-,-,大型,-,,7
2019-10-01,福岡県,-,-,-,大型,-,,96
2019-10-01,佐賀県,-,-,-,大型,-,,15
2019-10-01,長崎県,-,-,-,大型,-,,19
2019-10-01,熊本県,-,-,-,大型,-,,38
2019-10-01,大分県,-,-,-,大型,-,,31
2019-10-01,宮崎県,-,-,-,大型,-,,18
2019-10-01,鹿児島県,-,-,-,大型,-,,28
2019-10-01,沖縄県,-,-,-,大型,-,,29
2019-11-01,北海道,-,-,-,大型,-,,89
2019-11-01,青森県,-,-,-,大型,-,,28
2019-11-01,岩手県,-,-,-,大型,-,,24
2019-11-01,宮城県,-,-,-,大型,-,,25
2019-11-01,秋田県,-,-,-,大型,-,,20
2019-11-01,山形県,-,-,-,大型,-,,9
2019-11-01,福島県,-,-,-,大型,-,,20
2019-11-01,茨城県,-,-,-,大型,-,,26
2019-11-01,栃木県,-,-,-,大型,-,,24
2019-11-01,群馬県,-,-,-,大型,-,,33
2019-11-01,埼玉県,-,-,-,大型,-,,70
2019-11-01,千葉県,-,-,-,大型,-,,91
2019-11-01,東京都,-,-,-,大型,-,,126
2019-11-01,神奈川県,-,-,-,大型,-,,87
2019-11-01,新潟県,-,-,-,大型,-,,29
2019-11-01,山梨県,-,-,-,大型,-,,11
2019-11-01,長野県,-,-,-,大型,-,,37
2019-11-01,富山県,-,-,-,大型,-,,13
2019-11-01,石川県,-,-,-,大型,-,,19
2019-11-01,福井県,-,-,-,大型,-,,10
2019-11-01,岐阜県,-,-,-,大型,-,,39
2019-11-01,静岡県,-,-,-,大型,-,,25
2019-11-01,愛知県,-,-,-,大型,-,,109
2019-11-01,三重県,-,-,-,大型,-,,42
2019-11-01,滋賀県,-,-,-,大型,-,,45
2019-11-01,京都府,-,-,-,大型,-,,46
2019-11-01,大阪府,-,-,-,大型,-,,165
2019-11-01,兵庫県,-,-,-,大型,-,,82
2019-11-01,奈良県,-,-,-,大型,-,,28
2019-11-01,和歌山県,-,-,-,大型,-,,11
2019-11-01,鳥取県,-,-,-,大型,-,,11
2019-11-01,島根県,-,-,-,大型,-,,18
2019-11-01,岡山県,-,-,-,大型,-,,22
2019-11-01,広島県,-,-,-,大型,-,,38
2019-11-01,山口県,-,-,-,大型,-,,32
2019-11-01,徳島県,-,-,-,大型,-,,6
2019-11-01,香川県,-,-,-,大型,-,,11
2019-11-01,愛媛県,-,-,-,大型,-,,13
2019-11-01,高知県,-,-,-,大型,-,,7
2019-11-01,福岡県,-,-,-,大型,-,,96
2019-11-01,佐賀県,-,-,-,大型,-,,16
2019-11-01,長崎県,-,-,-,大型,-,,19
2019-11-01,熊本県,-,-,-,大型,-,,37
2019-11-01,大分県,-,-,-,大型,-,,31
2019-11-01,宮崎県,-,-,-,大型,-,,19
2019-11-01,鹿児島県,-,-,-,大型,-,,28
2019-11-01,沖縄県,-,-,-,大型,-,,29
2019-12-01,北海道,-,-,-,大型,-,,90
2019-12-01,青森県,-,-,-,大型,-,,28
2019-12-01,岩手県,-,-,-,大型,-,,23
2019-12-01,宮城県,-,-,-,大型,-,,25
2019-12-01,秋田県,-,-,-,大型,-,,20
2019-12-01,山形県,-,-,-,大型,-,,9
2019-12-01,福島県,-,-,-,大型,-,,20
2019-12-01,茨城県,-,-,-,大型,-,,26
2019-12-01,栃木県,-,-,-,大型,-,,24
2019-12-01,群馬県,-,-,-,大型,-,,33
2019-12-01,埼玉県,-,-,-,大型,-,,69
2019-12-01,千葉県,-,-,-,大型,-,,91
2019-12-01,東京都,-,-,-,大型,-,,125
2019-12-01,神奈川県,-,-,-,大型,-,,86
2019-12-01,新潟県,-,-,-,大型,-,,29
2019-12-01,山梨県,-,-,-,大型,-,,11
2019-12-01,長野県,-,-,-,大型,-,,36
2019-12-01,富山県,-,-,-,大型,-,,13
2019-12-01,石川県,-,-,-,大型,-,,19
2019-12-01,福井県,-,-,-,大型,-,,10
2019-12-01,岐阜県,-,-,-,大型,-,,39
2019-12-01,静岡県,-,-,-,大型,-,,25
2019-12-01,愛知県,-,-,-,大型,-,,109
2019-12-01,三重県,-,-,-,大型,-,,42
2019-12-01,滋賀県,-,-,-,大型,-,,45
2019-12-01,京都府,-,-,-,大型,-,,46
2019-12-01,大阪府,-,-,-,大型,-,,165
2019-12-01,兵庫県,-,-,-,大型,-,,81
2019-12-01,奈良県,-,-,-,大型,-,,28
2019-12-01,和歌山県,-,-,-,大型,-,,11
2019-12-01,鳥取県,-,-,-,大型,-,,11
2019-12-01,島根県,-,-,-,大型,-,,18
2019-12-01,岡山県,-,-,-,大型,-,,22
2019-12-01,広島県,-,-,-,大型,-,,38
2019-12-01,山口県,-,-,-,大型,-,,32
2019-12-01,徳島県,-,-,-,大型,-,,6
2019-12-01,香川県,-,-,-,大型,-,,11
2019-12-01,愛媛県,-,-,-,大型,-,,13
2019-12-01,高知県,-,-,-,大型,-,,7
2019-12-01,福岡県,-,-,-,大型,-,,96
2019-12-01,佐賀県,-,-,-,大型,-,,16
2019-12-01,長崎県,-,-,-,大型,-,,19
2019-12-01,熊本県,-,-,-,大型,-,,38
2019-12-01,大分県,-,-,-,大型,-,,31
2019-12-01,宮崎県,-,-,-,大型,-,,19
2019-12-01,鹿児島県,-,-,-,大型,-,,28
2019-12-01,沖縄県,-,-,-,大型,-,,30
2020-01-01,北海道,-,-,-,大型,-,,90
2020-01-01,青森県,-,-,-,大型,-,,28
2020-01-01,岩手県,-,-,-,大型,-,,23
2020-01-01,宮城県,-,-,-,大型,-,,25
2020-01-01,秋田県,-,-,-,大型,-,,20
2020-01-01,山形県,-,-,-,大型,-,,9
2020-01-01,福島県,-,-,-,大型,-,,19
2020-01-01,茨城県,-,-,-,大型,-,,26
2020-01-01,栃木県,-,-,-,大型,-,,24
2020-01-01,群馬県,-,-,-,大型,-,,33
2020-01-01,埼玉県,-,-,-,大型,-,,70
2020-01-01,千葉県,-,-,-,大型,-,,91
2020-01-01,東京都,-,-,-,大型,-,,125
2020-01-01,神奈川県,-,-,-,大型,-,,85
2020-01-01,新潟県,-,-,-,大型,-,,29
2020-01-01,山梨県,-,-,-,大型,-,,11
2020-01-01,長野県,-,-,-,大型,-,,36
2020-01-01,富山県,-,-,-,大型,-,,13
2020-01-01,石川県,-,-,-,大型,-,,19
2020-01-01,福井県,-,-,-,大型,-,,10
2020-01-01,岐阜県,-,-,-,大型,-,,39
2020-01-01,静岡県,-,-,-,大型,-,,24
2020-01-01,愛知県,-,-,-,大型,-,,108
2020-01-01,三重県,-,-,-,大型,-,,42
2020-01-01,滋賀県,-,-,-,大型,-,,45
2020-01-01,京都府,-,-,-,大型,-,,46
2020-01-01,大阪府,-,-,-,大型,-,,165
2020-01-01,兵庫県,-,-,-,大型,-,,79
2020-01-01,奈良県,-,-,-,大型,-,,27
2020-01-01,和歌山県,-,-,-,大型,-,,11
2020-01-01,鳥取県,-,-,-,大型,-,,11
2020-01-01,島根県,-,-,-,大型,-,,18
2020-01-01,岡山県,-,-,-,大型,-,,22
2020-01-01,広島県,-,-,-,大型,-,,39
2020-01-01,山口県,-,-,-,大型,-,,31
2020-01-01,徳島県,-,-,-,大型,-,,6
2020-01-01,香川県,-,-,-,大型,-,,11
2020-01-01,愛媛県,-,-,-,大型,-,,13
2020-01-01,高知県,-,-,-,大型,-,,7
2020-01-01,福岡県,-,-,-,大型,-,,96
2020-01-01,佐賀県,-,-,-,大型,-,,16
2020-01-01,長崎県,-,-,-,大型,-,,18
2020-01-01,熊本県,-,-,-,大型,-,,38
2020-01-01,大分県,-,-,-,大型,-,,31
2020-01-01,宮崎県,-,-,-,大型,-,,19
2020-01-01,鹿児島県,-,-,-,大型,-,,28
2020-01-01,沖縄県,-,-,-,大型,-,,30
2020-02-01,北海道,-,-,-,大型,-,,90
2020-02-01,青森県,-,-,-,大型,-,,28
2020-02-01,岩手県,-,-,-,大型,-,,24
2020-02-01,宮城県,-,-,-,大型,-,,25
2020-02-01,秋田県,-,-,-,大型,-,,20
2020-02-01,山形県,-,-,-,大型,-,,9
2020-02-01,福島県,-,-,-,大型,-,,19
2020-02-01,茨城県,-,-,-,大型,-,,26
2020-02-01,栃木県,-,-,-,大型,-,,23
2020-02-01,群馬県,-,-,-,大型,-,,33
2020-02-01,埼玉県,-,-,-,大型,-,,69
2020-02-01,千葉県,-,-,-,大型,-,,91
2020-02-01,東京都,-,-,-,大型,-,,126
2020-02-01,神奈川県,-,-,-,大型,-,,85
2020-02-01,新潟県,-,-,-,大型,-,,29
2020-02-01,山梨県,-,-,-,大型,-,,11
2020-02-01,長野県,-,-,-,大型,-,,36
2020-02-01,富山県,-,-,-,大型,-,,12
2020-02-01,石川県,-,-,-,大型,-,,19
2020-02-01,福井県,-,-,-,大型,-,,10
2020-02-01,岐阜県,-,-,-,大型,-,,40
2020-02-01,静岡県,-,-,-,大型,-,,23
2020-02-01,愛知県,-,-,-,大型,-,,107
2020-02-01,三重県,-,-,-,大型,-,,42
2020-02-01,滋賀県,-,-,-,大型,-,,45
2020-02-01,京都府,-,-,-,大型,-,,46
2020-02-01,大阪府,-,-,-,大型,-,,163
2020-02-01,兵庫県,-,-,-,大型,-,,79
2020-02-01,奈良県,-,-,-,大型,-,,28
2020-02-01,和歌山県,-,-,-,大型,-,,11
2020-02-01,鳥取県,-,-,-,大型,-,,11
2020-02-01,島根県,-,-,-,大型,-,,18
2020-02-01,岡山県,-,-,-,大型,-,,22
2020-02-01,広島県,-,-,-,大型,-,,39
2020-02-01,山口県,-,-,-,大型,-,,31
2020-02-01,徳島県,-,-,-,大型,-,,6
2020-02-01,香川県,-,-,-,大型,-,,11
2020-02-01,愛媛県,-,-,-,大型,-,,13
2020-02-01,高知県,-,-,-,大型,-,,7
2020-02-01,福岡県,-,-,-,大型,-,,96
2020-02-01,佐賀県,-,-,-,大型,-,,16
2020-02-01,長崎県,-,-,-,大型,-,,18
2020-02-01,熊本県,-,-,-,大型,-,,38
2020-02-01,大分県,-,-,-,大型,-,,31
2020-02-01,宮崎県,-,-,-,大型,-,,19
2020-02-01,鹿児島県,-,-,-,大型,-,,28
2020-02-01,沖縄県,-,-,-,大型,-,,30
2020-03-01,北海道,-,-,-,大型,-,,89
2020-03-01,青森県,-,-,-,大型,-,,28
2020-03-01,岩手県,-,-,-,大型,-,,24
2020-03-01,宮城県,-,-,-,大型,-,,25
2020-03-01,秋田県,-,-,-,大型,-,,20
2020-03-01,山形県,-,-,-,大型,-,,9
2020-03-01,福島県,-,-,-,大型,-,,19
2020-03-01,茨城県,-,-,-,大型,-,,26
2020-03-01,栃木県,-,-,-,大型,-,,23
2020-03-01,群馬県,-,-,-,大型,-,,33
2020-03-01,埼玉県,-,-,-,大型,-,,69
2020-03-01,千葉県,-,-,-,大型,-,,91
2020-03-01,東京都,-,-,-,大型,-,,126
2020-03-01,神奈川県,-,-,-,大型,-,,86
2020-03-01,新潟県,-,-,-,大型,-,,29
2020-03-01,山梨県,-,-,-,大型,-,,11
2020-03-01,長野県,-,-,-,大型,-,,36
2020-03-01,富山県,-,-,-,大型,-,,12
2020-03-01,石川県,-,-,-,大型,-,,19
2020-03-01,福井県,-,-,-,大型,-,,10
2020-03-01,岐阜県,-,-,-,大型,-,,39
2020-03-01,静岡県,-,-,-,大型,-,,23
2020-03-01,愛知県,-,-,-,大型,-,,107
2020-03-01,三重県,-,-,-,大型,-,,42
2020-03-01,滋賀県,-,-,-,大型,-,,45
2020-03-01,京都府,-,-,-,大型,-,,46
2020-03-01,大阪府,-,-,-,大型,-,,163
2020-03-01,兵庫県,-,-,-,大型,-,,78
2020-03-01,奈良県,-,-,-,大型,-,,28
2020-03-01,和歌山県,-,-,-,大型,-,,11
2020-03-01,鳥取県,-,-,-,大型,-,,11
2020-03-01,島根県,-,-,-,大型,-,,18
2020-03-01,岡山県,-,-,-,大型,-,,22
2020-03-01,広島県,-,-,-,大型,-,,39
2020-03-01,山口県,-,-,-,大型,-,,30
2020-03-01,徳島県,-,-,-,大型,-,,6
2020-03-01,香川県,-,-,-,大型,-,,11
2020-03-01,愛媛県,-,-,-,大型,-,,13
2020-03-01,高知県,-,-,-,大型,-,,7
2020-03-01,福岡県,-,-,-,大型,-,,94
2020-03-01,佐賀県,-,-,-,大型,-,,16
2020-03-01,長崎県,-,-,-,大型,-,,18
2020-03-01,熊本県,-,-,-,大型,-,,38
2020-03-01,大分県,-,-,-,大型,-,,31
2020-03-01,宮崎県,-,-,-,大型,-,,19
2020-03-01,鹿児島県,-,-,-,大型,-,,28
2020-03-01,沖縄県,-,-,-,大型,-,,29
2020-04-01,北海道,-,-,-,大型,-,,89
2020-04-01,青森県,-,-,-,大型,-,,28
2020-04-01,岩手県,-,-,-,大型,-,,24
2020-04-01,宮城県,-,-,-,大型,-,,25
2020-04-01,秋田県,-,-,-,大型,-,,20
2020-04-01,山形県,-,-,-,大型,-,,9
2020-04-01,福島県,-,-,-,大型,-,,19
2020-04-01,茨城県,-,-,-,大型,-,,26
2020-04-01,栃木県,-,-,-,大型,-,,23
2020-04-01,群馬県,-,-,-,大型,-,,33
2020-04-01,埼玉県,-,-,-,大型,-,,68
2020-04-01,千葉県,-,-,-,大型,-,,92
2020-04-01,東京都,-,-,-,大型,-,,125
2020-04-01,神奈川県,-,-,-,大型,-,,87
2020-04-01,新潟県,-,-,-,大型,-,,29
2020-04-01,山梨県,-,-,-,大型,-,,11
2020-04-01,長野県,-,-,-,大型,-,,36
2020-04-01,富山県,-,-,-,大型,-,,12
2020-04-01,石川県,-,-,-,大型,-,,19
2020-04-01,福井県,-,-,-,大型,-,,10
2020-04-01,岐阜県,-,-,-,大型,-,,39
2020-04-01,静岡県,-,-,-,大型,-,,23
2020-04-01,愛知県,-,-,-,大型,-,,107
2020-04-01,三重県,-,-,-,大型,-,,42
2020-04-01,滋賀県,-,-,-,大型,-,,45
2020-04-01,京都府,-,-,-,大型,-,,46
2020-04-01,大阪府,-,-,-,大型,-,,163
2020-04-01,兵庫県,-,-,-,大型,-,,78
2020-04-01,奈良県,-,-,-,大型,-,,28
2020-04-01,和歌山県,-,-,-,大型,-,,11
2020-04-01,鳥取県,-,-,-,大型,-,,11
2020-04-01,島根県,-,-,-,大型,-,,18
2020-04-01,岡山県,-,-,-,大型,-,,21
2020-04-01,広島県,-,-,-,大型,-,,39
2020-04-01,山口県,-,-,-,大型,-,,30
2020-04-01,徳島県,-,-,-,大型,-,,6
2020-04-01,香川県,-,-,-,大型,-,,11
2020-04-01,愛媛県,-,-,-,大型,-,,13
2020-04-01,高知県,-,-,-,大型,-,,7
2020-04-01,福岡県,-,-,-,大型,-,,93
2020-04-01,佐賀県,-,-,-,大型,-,,16
2020-04-01,長崎県,-,-,-,大型,-,,18
2020-04-01,熊本県,-,-,-,大型,-,,38
2020-04-01,大分県,-,-,-,大型,-,,31
2020-04-01,宮崎県,-,-,-,大型,-,,18
2020-04-01,鹿児島県,-,-,-,大型,-,,28
2020-04-01,沖縄県,-,-,-,大型,-,,29
2020-05-01,北海道,-,-,-,大型,-,,90
2020-05-01,青森県,-,-,-,大型,-,,28
2020-05-01,岩手県,-,-,-,大型,-,,24
2020-05-01,宮城県,-,-,-,大型,-,,25
2020-05-01,秋田県,-,-,-,大型,-,,20
2020-05-01,山形県,-,-,-,大型,-,,9
2020-05-01,福島県,-,-,-,大型,-,,19
2020-05-01,茨城県,-,-,-,大型,-,,26
2020-05-01,栃木県,-,-,-,大型,-,,23
2020-05-01,群馬県,-,-,-,大型,-,,33
2020-05-01,埼玉県,-,-,-,大型,-,,68
2020-05-01,千葉県,-,-,-,大型,-,,92
2020-05-01,東京都,-,-,-,大型,-,,125
2020-05-01,神奈川県,-,-,-,大型,-,,86
2020-05-01,新潟県,-,-,-,大型,-,,29
2020-05-01,山梨県,-,-,-,大型,-,,11
2020-05-01,長野県,-,-,-,大型,-,,36
2020-05-01,富山県,-,-,-,大型,-,,12
2020-05-01,石川県,-,-,-,大型,-,,19
2020-05-01,福井県,-,-,-,大型,-,,10
2020-05-01,岐阜県,-,-,-,大型,-,,39
2020-05-01,静岡県,-,-,-,大型,-,,23
2020-05-01,愛知県,-,-,-,大型,-,,107
2020-05-01,三重県,-,-,-,大型,-,,42
2020-05-01,滋賀県,-,-,-,大型,-,,45
2020-05-01,京都府,-,-,-,大型,-,,46
2020-05-01,大阪府,-,-,-,大型,-,,163
2020-05-01,兵庫県,-,-,-,大型,-,,79
2020-05-01,奈良県,-,-,-,大型,-,,28
2020-05-01,和歌山県,-,-,-,大型,-,,11
2020-05-01,鳥取県,-,-,-,大型,-,,11
2020-05-01,島根県,-,-,-,大型,-,,18
2020-05-01,岡山県,-,-,-,大型,-,,21
2020-05-01,広島県,-,-,-,大型,-,,39
2020-05-01,山口県,-,-,-,大型,-,,30
2020-05-01,徳島県,-,-,-,大型,-,,6
2020-05-01,香川県,-,-,-,大型,-,,11
2020-05-01,愛媛県,-,-,-,大型,-,,13
2020-05-01,高知県,-,-,-,大型,-,,7
2020-05-01,福岡県,-,-,-,大型,-,,94
2020-05-01,佐賀県,-,-,-,大型,-,,16
2020-05-01,長崎県,-,-,-,大型,-,,18
2020-05-01,熊本県,-,-,-,大型,-,,38
2020-05-01,大分県,-,-,-,大型,-,,31
2020-05-01,宮崎県,-,-,-,大型,-,,18
2020-05-01,鹿児島県,-,-,-,大型,-,,28
2020-05-01,沖縄県,-,-,-,大型,-,,29
2020-06-01,北海道,-,-,-,大型,-,,89
2020-06-01,青森県,-,-,-,大型,-,,28
2020-06-01,岩手県,-,-,-,大型,-,,24
2020-06-01,宮城県,-,-,-,大型,-,,25
2020-06-01,秋田県,-,-,-,大型,-,,20
2020-06-01,山形県,-,-,-,大型,-,,9
2020-06-01,福島県,-,-,-,大型,-,,19
2020-06-01,茨城県,-,-,-,大型,-,,26
2020-06-01,栃木県,-,-,-,大型,-,,24
2020-06-01,群馬県,-,-,-,大型,-,,33
2020-06-01,埼玉県,-,-,-,大型,-,,68
2020-06-01,千葉県,-,-,-,大型,-,,91
2020-06-01,東京都,-,-,-,大型,-,,124
2020-06-01,神奈川県,-,-,-,大型,-,,85
2020-06-01,新潟県,-,-,-,大型,-,,29
2020-06-01,山梨県,-,-,-,大型,-,,11
2020-06-01,長野県,-,-,-,大型,-,,36
2020-06-01,富山県,-,-,-,大型,-,,12
2020-06-01,石川県,-,-,-,大型,-,,19
2020-06-01,福井県,-,-,-,大型,-,,10
2020-06-01,岐阜県,-,-,-,大型,-,,39
2020-06-01,静岡県,-,-,-,大型,-,,23
2020-06-01,愛知県,-,-,-,大型,-,,108
2020-06-01,三重県,-,-,-,大型,-,,43
2020-06-01,滋賀県,-,-,-,大型,-,,45
2020-06-01,京都府,-,-,-,大型,-,,45
2020-06-01,大阪府,-,-,-,大型,-,,163
2020-06-01,兵庫県,-,-,-,大型,-,,79
2020-06-01,奈良県,-,-,-,大型,-,,28
2020-06-01,和歌山県,-,-,-,大型,-,,11
2020-06-01,鳥取県,-,-,-,大型,-,,11
2020-06-01,島根県,-,-,-,大型,-,,18
2020-06-01,岡山県,-,-,-,大型,-,,21
2020-06-01,広島県,-,-,-,大型,-,,39
2020-06-01,山口県,-,-,-,大型,-,,30
2020-06-01,徳島県,-,-,-,大型,-,,6
2020-06-01,香川県,-,-,-,大型,-,,11
2020-06-01,愛媛県,-,-,-,大型,-,,13
2020-06-01,高知県,-,-,-,大型,-,,7
2020-06-01,福岡県,-,-,-,大型,-,,94
2020-06-01,佐賀県,-,-,-,大型,-,,16
2020-06-01,長崎県,-,-,-,大型,-,,18
2020-06-01,熊本県,-,-,-,大型,-,,38
2020-06-01,大分県,-,-,-,大型,-,,31
2020-06-01,宮崎県,-,-,-,大型,-,,18
2020-06-01,鹿児島県,-,-,-,大型,-,,28
2020-06-01,沖縄県,-,-,-,大型,-,,30
2020-07-01,北海道,-,-,-,大型,-,,89
2020-07-01,青森県,-,-,-,大型,-,,29
2020-07-01,岩手県,-,-,-,大型,-,,24
2020-07-01,宮城県,-,-,-,大型,-,,25
2020-07-01,秋田県,-,-,-,大型,-,,20
2020-07-01,山形県,-,-,-,大型,-,,9
2020-07-01,福島県,-,-,-,大型,-,,19
2020-07-01,茨城県,-,-,-,大型,-,,26
2020-07-01,栃木県,-,-,-,大型,-,,24
2020-07-01,群馬県,-,-,-,大型,-,,33
2020-07-01,埼玉県,-,-,-,大型,-,,68
2020-07-01,千葉県,-,-,-,大型,-,,91
2020-07-01,東京都,-,-,-,大型,-,,124
2020-07-01,神奈川県,-,-,-,大型,-,,86
2020-07-01,新潟県,-,-,-,大型,-,,29
2020-07-01,山梨県,-,-,-,大型,-,,11
2020-07-01,長野県,-,-,-,大型,-,,36
2020-07-01,富山県,-,-,-,大型,-,,12
2020-07-01,石川県,-,-,-,大型,-,,19
2020-07-01,福井県,-,-,-,大型,-,,10
2020-07-01,岐阜県,-,-,-,大型,-,,39
2020-07-01,静岡県,-,-,-,大型,-,,23
2020-07-01,愛知県,-,-,-,大型,-,,108
2020-07-01,三重県,-,-,-,大型,-,,43
2020-07-01,滋賀県,-,-,-,大型,-,,44
2020-07-01,京都府,-,-,-,大型,-,,45
2020-07-01,大阪府,-,-,-,大型,-,,162
2020-07-01,兵庫県,-,-,-,大型,-,,79
2020-07-01,奈良県,-,-,-,大型,-,,28
2020-07-01,和歌山県,-,-,-,大型,-,,11
2020-07-01,鳥取県,-,-,-,大型,-,,11
2020-07-01,島根県,-,-,-,大型,-,,18
2020-07-01,岡山県,-,-,-,大型,-,,21
2020-07-01,広島県,-,-,-,大型,-,,38
2020-07-01,山口県,-,-,-,大型,-,,29
2020-07-01,徳島県,-,-,-,大型,-,,6
2020-07-01,香川県,-,-,-,大型,-,,11
2020-07-01,愛媛県,-,-,-,大型,-,,13
2020-07-01,高知県,-,-,-,大型,-,,7
2020-07-01,福岡県,-,-,-,大型,-,,95
2020-07-01,佐賀県,-,-,-,大型,-,,16
2020-07-01,長崎県,-,-,-,大型,-,,18
2020-07-01,熊本県,-,-,-,大型,-,,38
2020-07-01,大分県,-,-,-,大型,-,,31
2020-07-01,宮崎県,-,-,-,大型,-,,18
2020-07-01,鹿児島県,-,-,-,大型,-,,28
2020-07-01,沖縄県,-,-,-,大型,-,,30
2020-08-01,北海道,-,-,-,大型,-,,89
2020-08-01,青森県,-,-,-,大型,-,,29
2020-08-01,岩手県,-,-,-,大型,-,,24
2020-08-01,宮城県,-,-,-,大型,-,,25
2020-08-01,秋田県,-,-,-,大型,-,,20
2020-08-01,山形県,-,-,-,大型,-,,9
2020-08-01,福島県,-,-,-,大型,-,,19
2020-08-01,茨城県,-,-,-,大型,-,,26
2020-08-01,栃木県,-,-,-,大型,-,,24
2020-08-01,群馬県,-,-,-,大型,-,,33
2020-08-01,埼玉県,-,-,-,大型,-,,69
2020-08-01,千葉県,-,-,-,大型,-,,90
2020-08-01,東京都,-,-,-,大型,-,,124
2020-08-01,神奈川県,-,-,-,大型,-,,86
2020-08-01,新潟県,-,-,-,大型,-,,29
2020-08-01,山梨県,-,-,-,大型,-,,11
2020-08-01,長野県,-,-,-,大型,-,,36
2020-08-01,富山県,-,-,-,大型,-,,12
2020-08-01,石川県,-,-,-,大型,-,,19
2020-08-01,福井県,-,-,-,大型,-,,10
2020-08-01,岐阜県,-,-,-,大型,-,,39
2020-08-01,静岡県,-,-,-,大型,-,,23
2020-08-01,愛知県,-,-,-,大型,-,,108
2020-08-01,三重県,-,-,-,大型,-,,43
2020-08-01,滋賀県,-,-,-,大型,-,,44
2020-08-01,京都府,-,-,-,大型,-,,45
2020-08-01,大阪府,-,-,-,大型,-,,161
2020-08-01,兵庫県,-,-,-,大型,-,,79
2020-08-01,奈良県,-,-,-,大型,-,,28
2020-08-01,和歌山県,-,-,-,大型,-,,11
2020-08-01,鳥取県,-,-,-,大型,-,,11
2020-08-01,島根県,-,-,-,大型,-,,18
2020-08-01,岡山県,-,-,-,大型,-,,21
2020-08-01,広島県,-,-,-,大型,-,,38
2020-08-01,山口県,-,-,-,大型,-,,29
2020-08-01,徳島県,-,-,-,大型,-,,6
2020-08-01,香川県,-,-,-,大型,-,,11
2020-08-01,愛媛県,-,-,-,大型,-,,13
2020-08-01,高知県,-,-,-,大型,-,,7
2020-08-01,福岡県,-,-,-,大型,-,,95
2020-08-01,佐賀県,-,-,-,大型,-,,16
2020-08-01,長崎県,-,-,-,大型,-,,18
2020-08-01,熊本県,-,-,-,大型,-,,38
2020-08-01,大分県,-,-,-,大型,-,,31
2020-08-01,宮崎県,-,-,-,大型,-,,19
2020-08-01,鹿児島県,-,-,-,大型,-,,28
2020-08-01,沖縄県,-,-,-,大型,-,,31
2020-09-01,北海道,-,-,-,大型,-,,89
2020-09-01,青森県,-,-,-,大型,-,,29
2020-09-01,岩手県,-,-,-,大型,-,,24
2020-09-01,宮城県,-,-,-,大型,-,,25
2020-09-01,秋田県,-,-,-,大型,-,,20
2020-09-01,山形県,-,-,-,大型,-,,9
2020-09-01,福島県,-,-,-,大型,-,,19
2020-09-01,茨城県,-,-,-,大型,-,,26
2020-09-01,栃木県,-,-,-,大型,-,,24
2020-09-01,群馬県,-,-,-,大型,-,,33
2020-09-01,埼玉県,-,-,-,大型,-,,69
2020-09-01,千葉県,-,-,-,大型,-,,92
2020-09-01,東京都,-,-,-,大型,-,,124
2020-09-01,神奈川県,-,-,-,大型,-,,86
2020-09-01,新潟県,-,-,-,大型,-,,29
2020-09-01,山梨県,-,-,-,大型,-,,11
2020-09-01,長野県,-,-,-,大型,-,,36
2020-09-01,富山県,-,-,-,大型,-,,12
2020-09-01,石川県,-,-,-,大型,-,,18
2020-09-01,福井県,-,-,-,大型,-,,10
2020-09-01,岐阜県,-,-,-,大型,-,,39
2020-09-01,静岡県,-,-,-,大型,-,,24
2020-09-01,愛知県,-,-,-,大型,-,,108
2020-09-01,三重県,-,-,-,大型,-,,43
2020-09-01,滋賀県,-,-,-,大型,-,,43
2020-09-01,京都府,-,-,-,大型,-,,45
2020-09-01,大阪府,-,-,-,大型,-,,162
2020-09-01,兵庫県,-,-,-,大型,-,,79
2020-09-01,奈良県,-,-,-,大型,-,,28
2020-09-01,和歌山県,-,-,-,大型,-,,11
2020-09-01,鳥取県,-,-,-,大型,-,,11
2020-09-01,島根県,-,-,-,大型,-,,18
2020-09-01,岡山県,-,-,-,大型,-,,21
2020-09-01,広島県,-,-,-,大型,-,,38
2020-09-01,山口県,-,-,-,大型,-,,29
2020-09-01,徳島県,-,-,-,大型,-,,6
2020-09-01,香川県,-,-,-,大型,-,,11
2020-09-01,愛媛県,-,-,-,大型,-,,13
2020-09-01,高知県,-,-,-,大型,-,,7
2020-09-01,福岡県,-,-,-,大型,-,,95
2020-09-01,佐賀県,-,-,-,大型,-,,16
2020-09-01,長崎県,-,-,-,大型,-,,18
2020-09-01,熊本県,-,-,-,大型,-,,38
2020-09-01,大分県,-,-,-,大型,-,,31
2020-09-01,宮崎県,-,-,-,大型,-,,19
2020-09-01,鹿児島県,-,-,-,大型,-,,28
2020-09-01,沖縄県,-,-,-,大型,-,,31
2020-10-01,北海道,-,-,-,大型,-,,89
2020-10-01,青森県,-,-,-,大型,-,,29
2020-10-01,岩手県,-,-,-,大型,-,,24
2020-10-01,宮城県,-,-,-,大型,-,,25
2020-10-01,秋田県,-,-,-,大型,-,,20
2020-10-01,山形県,-,-,-,大型,-,,9
2020-10-01,福島県,-,-,-,大型,-,,18
2020-10-01,茨城県,-,-,-,大型,-,,26
2020-10-01,栃木県,-,-,-,大型,-,,24
2020-10-01,群馬県,-,-,-,大型,-,,33
2020-10-01,埼玉県,-,-,-,大型,-,,69
2020-10-01,千葉県,-,-,-,大型,-,,92
2020-10-01,東京都,-,-,-,大型,-,,123
2020-10-01,神奈川県,-,-,-,大型,-,,86
2020-10-01,新潟県,-,-,-,大型,-,,29
2020-10-01,山梨県,-,-,-,大型,-,,11
2020-10-01,長野県,-,-,-,大型,-,,36
2020-10-01,富山県,-,-,-,大型,-,,13
2020-10-01,石川県,-,-,-,大型,-,,18
2020-10-01,福井県,-,-,-,大型,-,,10
2020-10-01,岐阜県,-,-,-,大型,-,,39
2020-10-01,静岡県,-,-,-,大型,-,,24
2020-10-01,愛知県,-,-,-,大型,-,,109
2020-10-01,三重県,-,-,-,大型,-,,43
2020-10-01,滋賀県,-,-,-,大型,-,,43
2020-10-01,京都府,-,-,-,大型,-,,44
2020-10-01,大阪府,-,-,-,大型,-,,161
2020-10-01,兵庫県,-,-,-,大型,-,,79
2020-10-01,奈良県,-,-,-,大型,-,,28
2020-10-01,和歌山県,-,-,-,大型,-,,11
2020-10-01,鳥取県,-,-,-,大型,-,,11
2020-10-01,島根県,-,-,-,大型,-,,18
2020-10-01,岡山県,-,-,-,大型,-,,21
2020-10-01,広島県,-,-,-,大型,-,,38
2020-10-01,山口県,-,-,-,大型,-,,29
2020-10-01,徳島県,-,-,-,大型,-,,6
2020-10-01,香川県,-,-,-,大型,-,,11
2020-10-01,愛媛県,-,-,-,大型,-,,13
2020-10-01,高知県,-,-,-,大型,-,,7
2020-10-01,福岡県,-,-,-,大型,-,,93
2020-10-01,佐賀県,-,-,-,大型,-,,16
2020-10-01,長崎県,-,-,-,大型,-,,18
2020-10-01,熊本県,-,-,-,大型,-,,38
2020-10-01,大分県,-,-,-,大型,-,,31
2020-10-01,宮崎県,-,-,-,大型,-,,19
2020-10-01,鹿児島県,-,-,-,大型,-,,28
2020-10-01,沖縄県,-,-,-,大型,-,,31
2020-11-01,北海道,-,-,-,大型,-,,88
2020-11-01,青森県,-,-,-,大型,-,,29
2020-11-01,岩手県,-,-,-,大型,-,,24
2020-11-01,宮城県,-,-,-,大型,-,,25
2020-11-01,秋田県,-,-,-,大型,-,,20
2020-11-01,山形県,-,-,-,大型,-,,9
2020-11-01,福島県,-,-,-,大型,-,,18
2020-11-01,茨城県,-,-,-,大型,-,,26
2020-11-01,栃木県,-,-,-,大型,-,,23
2020-11-01,群馬県,-,-,-,大型,-,,33
2020-11-01,埼玉県,-,-,-,大型,-,,68
2020-11-01,千葉県,-,-,-,大型,-,,92
2020-11-01,東京都,-,-,-,大型,-,,123
2020-11-01,神奈川県,-,-,-,大型,-,,86
2020-11-01,新潟県,-,-,-,大型,-,,29
2020-11-01,山梨県,-,-,-,大型,-,,12
2020-11-01,長野県,-,-,-,大型,-,,36
2020-11-01,富山県,-,-,-,大型,-,,13
2020-11-01,石川県,-,-,-,大型,-,,18
2020-11-01,福井県,-,-,-,大型,-,,10
2020-11-01,岐阜県,-,-,-,大型,-,,39
2020-11-01,静岡県,-,-,-,大型,-,,24
2020-11-01,愛知県,-,-,-,大型,-,,109
2020-11-01,三重県,-,-,-,大型,-,,43
2020-11-01,滋賀県,-,-,-,大型,-,,43
2020-11-01,京都府,-,-,-,大型,-,,44
2020-11-01,大阪府,-,-,-,大型,-,,161
2020-11-01,兵庫県,-,-,-,大型,-,,79
2020-11-01,奈良県,-,-,-,大型,-,,28
2020-11-01,和歌山県,-,-,-,大型,-,,11
2020-11-01,鳥取県,-,-,-,大型,-,,11
2020-11-01,島根県,-,-,-,大型,-,,18
2020-11-01,岡山県,-,-,-,大型,-,,21
2020-11-01,広島県,-,-,-,大型,-,,38
2020-11-01,山口県,-,-,-,大型,-,,29
2020-11-01,徳島県,-,-,-,大型,-,,6
2020-11-01,香川県,-,-,-,大型,-,,11
2020-11-01,愛媛県,-,-,-,大型,-,,13
2020-11-01,高知県,-,-,-,大型,-,,7
2020-11-01,福岡県,-,-,-,大型,-,,95
2020-11-01,佐賀県,-,-,-,大型,-,,16
2020-11-01,長崎県,-,-,-,大型,-,,19
2020-11-01,熊本県,-,-,-,大型,-,,38
2020-11-01,大分県,-,-,-,大型,-,,30
2020-11-01,宮崎県,-,-,-,大型,-,,19
2020-11-01,鹿児島県,-,-,-,大型,-,,28
2020-11-01,沖縄県,-,-,-,大型,-,,31
2020-12-01,北海道,-,-,-,大型,-,,88
2020-12-01,青森県,-,-,-,大型,-,,29
2020-12-01,岩手県,-,-,-,大型,-,,24
2020-12-01,宮城県,-,-,-,大型,-,,24
2020-12-01,秋田県,-,-,-,大型,-,,20
2020-12-01,山形県,-,-,-,大型,-,,9
2020-12-01,福島県,-,-,-,大型,-,,18
2020-12-01,茨城県,-,-,-,大型,-,,25
2020-12-01,栃木県,-,-,-,大型,-,,23
2020-12-01,群馬県,-,-,-,大型,-,,32
2020-12-01,埼玉県,-,-,-,大型,-,,69
2020-12-01,千葉県,-,-,-,大型,-,,92
2020-12-01,東京都,-,-,-,大型,-,,123
2020-12-01,神奈川県,-,-,-,大型,-,,87
2020-12-01,新潟県,-,-,-,大型,-,,29
2020-12-01,山梨県,-,-,-,大型,-,,12
2020-12-01,長野県,-,-,-,大型,-,,36
2020-12-01,富山県,-,-,-,大型,-,,13
2020-12-01,石川県,-,-,-,大型,-,,18
2020-12-01,福井県,-,-,-,大型,-,,10
2020-12-01,岐阜県,-,-,-,大型,-,,39
2020-12-01,静岡県,-,-,-,大型,-,,24
2020-12-01,愛知県,-,-,-,大型,-,,108
2020-12-01,三重県,-,-,-,大型,-,,43
2020-12-01,滋賀県,-,-,-,大型,-,,43
2020-12-01,京都府,-,-,-,大型,-,,44
2020-12-01,大阪府,-,-,-,大型,-,,161
2020-12-01,兵庫県,-,-,-,大型,-,,79
2020-12-01,奈良県,-,-,-,大型,-,,28
2020-12-01,和歌山県,-,-,-,大型,-,,11
2020-12-01,鳥取県,-,-,-,大型,-,,11
2020-12-01,島根県,-,-,-,大型,-,,18
2020-12-01,岡山県,-,-,-,大型,-,,21
2020-12-01,広島県,-,-,-,大型,-,,38
2020-12-01,山口県,-,-,-,大型,-,,29
2020-12-01,徳島県,-,-,-,大型,-,,6
2020-12-01,香川県,-,-,-,大型,-,,11
2020-12-01,愛媛県,-,-,-,大型,-,,13
2020-12-01,高知県,-,-,-,大型,-,,7
2020-12-01,福岡県,-,-,-,大型,-,,95
2020-12-01,佐賀県,-,-,-,大型,-,,16
2020-12-01,長崎県,-,-,-,大型,-,,19
2020-12-01,熊本県,-,-,-,大型,-,,38
2020-12-01,大分県,-,-,-,大型,-,,30
2020-12-01,宮崎県,-,-,-,大型,-,,19
2020-12-01,鹿児島県,-,-,-,大型,-,,29
2020-12-01,沖縄県,-,-,-,大型,-,,31
2021-01-01,北海道,-,-,-,大型,-,,88
2021-01-01,青森県,-,-,-,大型,-,,29
2021-01-01,岩手県,-,-,-,大型,-,,24
2021-01-01,宮城県,-,-,-,大型,-,,24
2021-01-01,秋田県,-,-,-,大型,-,,20
2021-01-01,山形県,-,-,-,大型,-,,9
2021-01-01,福島県,-,-,-,大型,-,,18
2021-01-01,茨城県,-,-,-,大型,-,,25
2021-01-01,栃木県,-,-,-,大型,-,,23
2021-01-01,群馬県,-,-,-,大型,-,,32
2021-01-01,埼玉県,-,-,-,大型,-,,69
2021-01-01,千葉県,-,-,-,大型,-,,92
2021-01-01,東京都,-,-,-,大型,-,,123
2021-01-01,神奈川県,-,-,-,大型,-,,87
2021-01-01,新潟県,-,-,-,大型,-,,29
2021-01-01,山梨県,-,-,-,大型,-,,12
2021-01-01,長野県,-,-,-,大型,-,,36
2021-01-01,富山県,-,-,-,大型,-,,13
2021-01-01,石川県,-,-,-,大型,-,,18
2021-01-01,福井県,-,-,-,大型,-,,9
2021-01-01,岐阜県,-,-,-,大型,-,,39
2021-01-01,静岡県,-,-,-,大型,-,,24
2021-01-01,愛知県,-,-,-,大型,-,,109
2021-01-01,三重県,-,-,-,大型,-,,43
2021-01-01,滋賀県,-,-,-,大型,-,,43
2021-01-01,京都府,-,-,-,大型,-,,45
2021-01-01,大阪府,-,-,-,大型,-,,159
2021-01-01,兵庫県,-,-,-,大型,-,,79
2021-01-01,奈良県,-,-,-,大型,-,,28
2021-01-01,和歌山県,-,-,-,大型,-,,11
2021-01-01,鳥取県,-,-,-,大型,-,,11
2021-01-01,島根県,-,-,-,大型,-,,17
2021-01-01,岡山県,-,-,-,大型,-,,21
2021-01-01,広島県,-,-,-,大型,-,,37
2021-01-01,山口県,-,-,-,大型,-,,29
2021-01-01,徳島県,-,-,-,大型,-,,6
2021-01-01,香川県,-,-,-,大型,-,,11
2021-01-01,愛媛県,-,-,-,大型,-,,13
2021-01-01,高知県,-,-,-,大型,-,,7
2021-01-01,福岡県,-,-,-,大型,-,,95
2021-01-01,佐賀県,-,-,-,大型,-,,16
2021-01-01,長崎県,-,-,-,大型,-,,19
2021-01-01,熊本県,-,-,-,大型,-,,39
2021-01-01,大分県,-,-,-,大型,-,,30
2021-01-01,宮崎県,-,-,-,大型,-,,19
2021-01-01,鹿児島県,-,-,-,大型,-,,29
2021-01-01,沖縄県,-,-,-,大型,-,,31
2021-02-01,北海道,-,-,-,大型,-,,88
2021-02-01,青森県,-,-,-,大型,-,,29
2021-02-01,岩手県,-,-,-,大型,-,,24
2021-02-01,宮城県,-,-,-,大型,-,,24
2021-02-01,秋田県,-,-,-,大型,-,,20
2021-02-01,山形県,-,-,-,大型,-,,9
2021-02-01,福島県,-,-,-,大型,-,,18
2021-02-01,茨城県,-,-,-,大型,-,,26
2021-02-01,栃木県,-,-,-,大型,-,,23
2021-02-01,群馬県,-,-,-,大型,-,,32
2021-02-01,埼玉県,-,-,-,大型,-,,69
2021-02-01,千葉県,-,-,-,大型,-,,91
2021-02-01,東京都,-,-,-,大型,-,,123
2021-02-01,神奈川県,-,-,-,大型,-,,88
2021-02-01,新潟県,-,-,-,大型,-,,29
2021-02-01,山梨県,-,-,-,大型,-,,12
2021-02-01,長野県,-,-,-,大型,-,,35
2021-02-01,富山県,-,-,-,大型,-,,13
2021-02-01,石川県,-,-,-,大型,-,,18
2021-02-01,福井県,-,-,-,大型,-,,9
2021-02-01,岐阜県,-,-,-,大型,-,,39
2021-02-01,静岡県,-,-,-,大型,-,,24
2021-02-01,愛知県,-,-,-,大型,-,,109
2021-02-01,三重県,-,-,-,大型,-,,42
2021-02-01,滋賀県,-,-,-,大型,-,,43
2021-02-01,京都府,-,-,-,大型,-,,45
2021-02-01,大阪府,-,-,-,大型,-,,159
2021-02-01,兵庫県,-,-,-,大型,-,,79
2021-02-01,奈良県,-,-,-,大型,-,,28
2021-02-01,和歌山県,-,-,-,大型,-,,11
2021-02-01,鳥取県,-,-,-,大型,-,,11
2021-02-01,島根県,-,-,-,大型,-,,17
2021-02-01,岡山県,-,-,-,大型,-,,21
2021-02-01,広島県,-,-,-,大型,-,,36
2021-02-01,山口県,-,-,-,大型,-,,29
2021-02-01,徳島県,-,-,-,大型,-,,6
2021-02-01,香川県,-,-,-,大型,-,,11
2021-02-01,愛媛県,-,-,-,大型,-,,13
2021-02-01,高知県,-,-,-,大型,-,,7
2021-02-01,福岡県,-,-,-,大型,-,,95
2021-02-01,佐賀県,-,-,-,大型,-,,16
2021-02-01,長崎県,-,-,-,大型,-,,19
2021-02-01,熊本県,-,-,-,大型,-,,39
2021-02-01,大分県,-,-,-,大型,-,,30
2021-02-01,宮崎県,-,-,-,大型,-,,19
2021-02-01,鹿児島県,-,-,-,大型,-,,29
2021-02-01,沖縄県,-,-,-,大型,-,,31
2021-03-01,北海道,-,-,-,大型,-,,88
2021-03-01,青森県,-,-,-,大型,-,,30
2021-03-01,岩手県,-,-,-,大型,-,,24
2021-03-01,宮城県,-,-,-,大型,-,,25
2021-03-01,秋田県,-,-,-,大型,-,,20
2021-03-01,山形県,-,-,-,大型,-,,9
2021-03-01,福島県,-,-,-,大型,-,,18
2021-03-01,茨城県,-,-,-,大型,-,,26
2021-03-01,栃木県,-,-,-,大型,-,,23
2021-03-01,群馬県,-,-,-,大型,-,,32
2021-03-01,埼玉県,-,-,-,大型,-,,69
2021-03-01,千葉県,-,-,-,大型,-,,90
2021-03-01,東京都,-,-,-,大型,-,,123
2021-03-01,神奈川県,-,-,-,大型,-,,88
2021-03-01,新潟県,-,-,-,大型,-,,29
2021-03-01,山梨県,-,-,-,大型,-,,12
2021-03-01,長野県,-,-,-,大型,-,,35
2021-03-01,富山県,-,-,-,大型,-,,13
2021-03-01,石川県,-,-,-,大型,-,,18
2021-03-01,福井県,-,-,-,大型,-,,9
2021-03-01,岐阜県,-,-,-,大型,-,,40
2021-03-01,静岡県,-,-,-,大型,-,,24
2021-03-01,愛知県,-,-,-,大型,-,,109
2021-03-01,三重県,-,-,-,大型,-,,43
2021-03-01,滋賀県,-,-,-,大型,-,,43
2021-03-01,京都府,-,-,-,大型,-,,45
2021-03-01,大阪府,-,-,-,大型,-,,158
2021-03-01,兵庫県,-,-,-,大型,-,,79
2021-03-01,奈良県,-,-,-,大型,-,,28
2021-03-01,和歌山県,-,-,-,大型,-,,11
2021-03-01,鳥取県,-,-,-,大型,-,,11
2021-03-01,島根県,-,-,-,大型,-,,17
2021-03-01,岡山県,-,-,-,大型,-,,21
2021-03-01,広島県,-,-,-,大型,-,,36
2021-03-01,山口県,-,-,-,大型,-,,29
2021-03-01,徳島県,-,-,-,大型,-,,5
2021-03-01,香川県,-,-,-,大型,-,,11
2021-03-01,愛媛県,-,-,-,大型,-,,13
2021-03-01,高知県,-,-,-,大型,-,,7
2021-03-01,福岡県,-,-,-,大型,-,,95
2021-03-01,佐賀県,-,-,-,大型,-,,16
2021-03-01,長崎県,-,-,-,大型,-,,18
2021-03-01,熊本県,-,-,-,大型,-,,38
2021-03-01,大分県,-,-,-,大型,-,,30
2021-03-01,宮崎県,-,-,-,大型,-,,19
2021-03-01,鹿児島県,-,-,-,大型,-,,29
2021-03-01,沖縄県,-,-,-,大型,-,,31
2021-04-01,北海道,-,-,-,大型,-,,88
2021-04-01,青森県,-,-,-,大型,-,,30
2021-04-01,岩手県,-,-,-,大型,-,,24
2021-04-01,宮城県,-,-,-,大型,-,,25
2021-04-01,秋田県,-,-,-,大型,-,,20
2021-04-01,山形県,-,-,-,大型,-,,9
2021-04-01,福島県,-,-,-,大型,-,,18
2021-04-01,茨城県,-,-,-,大型,-,,26
2021-04-01,栃木県,-,-,-,大型,-,,23
2021-04-01,群馬県,-,-,-,大型,-,,32
2021-04-01,埼玉県,-,-,-,大型,-,,69
2021-04-01,千葉県,-,-,-,大型,-,,91
2021-04-01,東京都,-,-,-,大型,-,,123
2021-04-01,神奈川県,-,-,-,大型,-,,88
2021-04-01,新潟県,-,-,-,大型,-,,29
2021-04-01,山梨県,-,-,-,大型,-,,12
2021-04-01,長野県,-,-,-,大型,-,,35
2021-04-01,富山県,-,-,-,大型,-,,13
2021-04-01,石川県,-,-,-,大型,-,,18
2021-04-01,福井県,-,-,-,大型,-,,9
2021-04-01,岐阜県,-,-,-,大型,-,,40
2021-04-01,静岡県,-,-,-,大型,-,,24
2021-04-01,愛知県,-,-,-,大型,-,,109
2021-04-01,三重県,-,-,-,大型,-,,43
2021-04-01,滋賀県,-,-,-,大型,-,,43
2021-04-01,京都府,-,-,-,大型,-,,45
2021-04-01,大阪府,-,-,-,大型,-,,157
2021-04-01,兵庫県,-,-,-,大型,-,,79
2021-04-01,奈良県,-,-,-,大型,-,,27
2021-04-01,和歌山県,-,-,-,大型,-,,11
2021-04-01,鳥取県,-,-,-,大型,-,,11
2021-04-01,島根県,-,-,-,大型,-,,17
2021-04-01,岡山県,-,-,-,大型,-,,21
2021-04-01,広島県,-,-,-,大型,-,,36
2021-04-01,山口県,-,-,-,大型,-,,29
2021-04-01,徳島県,-,-,-,大型,-,,5
2021-04-01,香川県,-,-,-,大型,-,,11
2021-04-01,愛媛県,-,-,-,大型,-,,13
2021-04-01,高知県,-,-,-,大型,-,,7
2021-04-01,福岡県,-,-,-,大型,-,,95
2021-04-01,佐賀県,-,-,-,大型,-,,16
2021-04-01,長崎県,-,-,-,大型,-,,18
2021-04-01,熊本県,-,-,-,大型,-,,38
2021-04-01,大分県,-,-,-,大型,-,,30
2021-04-01,宮崎県,-,-,-,大型,-,,19
2021-04-01,鹿児島県,-,-,-,大型,-,,29
2021-04-01,沖縄県,-,-,-,大型,-,,31
2021-05-01,北海道,-,-,-,大型,-,,88
2021-05-01,青森県,-,-,-,大型,-,,30
2021-05-01,岩手県,-,-,-,大型,-,,24
2021-05-01,宮城県,-,-,-,大型,-,,25
2021-05-01,秋田県,-,-,-,大型,-,,20
2021-05-01,山形県,-,-,-,大型,-,,9
2021-05-01,福島県,-,-,-,大型,-,,18
2021-05-01,茨城県,-,-,-,大型,-,,26
2021-05-01,栃木県,-,-,-,大型,-,,23
2021-05-01,群馬県,-,-,-,大型,-,,32
2021-05-01,埼玉県,-,-,-,大型,-,,70
2021-05-01,千葉県,-,-,-,大型,-,,91
2021-05-01,東京都,-,-,-,大型,-,,123
2021-05-01,神奈川県,-,-,-,大型,-,,88
2021-05-01,新潟県,-,-,-,大型,-,,29
2021-05-01,山梨県,-,-,-,大型,-,,12
2021-05-01,長野県,-,-,-,大型,-,,35
2021-05-01,富山県,-,-,-,大型,-,,13
2021-05-01,石川県,-,-,-,大型,-,,18
2021-05-01,福井県,-,-,-,大型,-,,9
2021-05-01,岐阜県,-,-,-,大型,-,,40
2021-05-01,静岡県,-,-,-,大型,-,,24
2021-05-01,愛知県,-,-,-,大型,-,,109
2021-05-01,三重県,-,-,-,大型,-,,43
2021-05-01,滋賀県,-,-,-,大型,-,,43
2021-05-01,京都府,-,-,-,大型,-,,45
2021-05-01,大阪府,-,-,-,大型,-,,157
2021-05-01,兵庫県,-,-,-,大型,-,,79
2021-05-01,奈良県,-,-,-,大型,-,,27
2021-05-01,和歌山県,-,-,-,大型,-,,11
2021-05-01,鳥取県,-,-,-,大型,-,,11
2021-05-01,島根県,-,-,-,大型,-,,17
2021-05-01,岡山県,-,-,-,大型,-,,21
2021-05-01,広島県,-,-,-,大型,-,,36
2021-05-01,山口県,-,-,-,大型,-,,29
2021-05-01,徳島県,-,-,-,大型,-,,5
2021-05-01,香川県,-,-,-,大型,-,,11
2021-05-01,愛媛県,-,-,-,大型,-,,13
2021-05-01,高知県,-,-,-,大型,-,,7
2021-05-01,福岡県,-,-,-,大型,-,,95
2021-05-01,佐賀県,-,-,-,大型,-,,16
2021-05-01,長崎県,-,-,-,大型,-,,18
2021-05-01,熊本県,-,-,-,大型,-,,38
2021-05-01,大分県,-,-,-,大型,-,,30
2021-05-01,宮崎県,-,-,-,大型,-,,19
2021-05-01,鹿児島県,-,-,-,大型,-,,29
2021-05-01,沖縄県,-,-,-,大型,-,,31
2021-06-01,北海道,-,-,-,大型,-,,88
2021-06-01,青森県,-,-,-,大型,-,,30
2021-06-01,岩手県,-,-,-,大型,-,,24
2021-06-01,宮城県,-,-,-,大型,-,,25
2021-06-01,秋田県,-,-,-,大型,-,,20
2021-06-01,山形県,-,-,-,大型,-,,9
2021-06-01,福島県,-,-,-,大型,-,,18
2021-06-01,茨城県,-,-,-,大型,-,,25
2021-06-01,栃木県,-,-,-,大型,-,,23
2021-06-01,群馬県,-,-,-,大型,-,,32
2021-06-01,埼玉県,-,-,-,大型,-,,71
2021-06-01,千葉県,-,-,-,大型,-,,91
2021-06-01,東京都,-,-,-,大型,-,,123
2021-06-01,神奈川県,-,-,-,大型,-,,88
2021-06-01,新潟県,-,-,-,大型,-,,29
2021-06-01,山梨県,-,-,-,大型,-,,12
2021-06-01,長野県,-,-,-,大型,-,,35
2021-06-01,富山県,-,-,-,大型,-,,13
2021-06-01,石川県,-,-,-,大型,-,,18
2021-06-01,福井県,-,-,-,大型,-,,9
2021-06-01,岐阜県,-,-,-,大型,-,,41
2021-06-01,静岡県,-,-,-,大型,-,,24
2021-06-01,愛知県,-,-,-,大型,-,,107
2021-06-01,三重県,-,-,-,大型,-,,43
2021-06-01,滋賀県,-,-,-,大型,-,,43
2021-06-01,京都府,-,-,-,大型,-,,45
2021-06-01,大阪府,-,-,-,大型,-,,156
2021-06-01,兵庫県,-,-,-,大型,-,,79
2021-06-01,奈良県,-,-,-,大型,-,,26
2021-06-01,和歌山県,-,-,-,大型,-,,11
2021-06-01,鳥取県,-,-,-,大型,-,,11
2021-06-01,島根県,-,-,-,大型,-,,17
2021-06-01,岡山県,-,-,-,大型,-,,21
2021-06-01,広島県,-,-,-,大型,-,,36
2021-06-01,山口県,-,-,-,大型,-,,29
2021-06-01,徳島県,-,-,-,大型,-,,5
2021-06-01,香川県,-,-,-,大型,-,,11
2021-06-01,愛媛県,-,-,-,大型,-,,13
2021-06-01,高知県,-,-,-,大型,-,,7
2021-06-01,福岡県,-,-,-,大型,-,,94
2021-06-01,佐賀県,-,-,-,大型,-,,16
2021-06-01,長崎県,-,-,-,大型,-,,18
2021-06-01,熊本県,-,-,-,大型,-,,39
2021-06-01,大分県,-,-,-,大型,-,,31
2021-06-01,宮崎県,-,-,-,大型,-,,19
2021-06-01,鹿児島県,-,-,-,大型,-,,29
2021-06-01,沖縄県,-,-,-,大型,-,,31
2021-07-01,北海道,-,-,-,大型,-,,88
2021-07-01,青森県,-,-,-,大型,-,,28
2021-07-01,岩手県,-,-,-,大型,-,,24
2021-07-01,宮城県,-,-,-,大型,-,,25
2021-07-01,秋田県,-,-,-,大型,-,,20
2021-07-01,山形県,-,-,-,大型,-,,9
2021-07-01,福島県,-,-,-,大型,-,,18
2021-07-01,茨城県,-,-,-,大型,-,,25
2021-07-01,栃木県,-,-,-,大型,-,,23
2021-07-01,群馬県,-,-,-,大型,-,,32
2021-07-01,埼玉県,-,-,-,大型,-,,71
2021-07-01,千葉県,-,-,-,大型,-,,91
2021-07-01,東京都,-,-,-,大型,-,,123
2021-07-01,神奈川県,-,-,-,大型,-,,88
2021-07-01,新潟県,-,-,-,大型,-,,29
2021-07-01,山梨県,-,-,-,大型,-,,11
2021-07-01,長野県,-,-,-,大型,-,,35
2021-07-01,富山県,-,-,-,大型,-,,13
2021-07-01,石川県,-,-,-,大型,-,,19
2021-07-01,福井県,-,-,-,大型,-,,9
2021-07-01,岐阜県,-,-,-,大型,-,,41
2021-07-01,静岡県,-,-,-,大型,-,,24
2021-07-01,愛知県,-,-,-,大型,-,,109
2021-07-01,三重県,-,-,-,大型,-,,43
2021-07-01,滋賀県,-,-,-,大型,-,,43
2021-07-01,京都府,-,-,-,大型,-,,45
2021-07-01,大阪府,-,-,-,大型,-,,156
2021-07-01,兵庫県,-,-,-,大型,-,,79
2021-07-01,奈良県,-,-,-,大型,-,,26
2021-07-01,和歌山県,-,-,-,大型,-,,11
2021-07-01,鳥取県,-,-,-,大型,-,,11
2021-07-01,島根県,-,-,-,大型,-,,17
2021-07-01,岡山県,-,-,-,大型,-,,21
2021-07-01,広島県,-,-,-,大型,-,,35
2021-07-01,山口県,-,-,-,大型,-,,29
2021-07-01,徳島県,-,-,-,大型,-,,5
2021-07-01,香川県,-,-,-,大型,-,,11
2021-07-01,愛媛県,-,-,-,大型,-,,13
2021-07-01,高知県,-,-,-,大型,-,,7
2021-07-01,福岡県,-,-,-,大型,-,,94
2021-07-01,佐賀県,-,-,-,大型,-,,16
2021-07-01,長崎県,-,-,-,大型,-,,18
2021-07-01,熊本県,-,-,-,大型,-,,39
2021-07-01,大分県,-,-,-,大型,-,,31
2021-07-01,宮崎県,-,-,-,大型,-,,19
2021-07-01,鹿児島県,-,-,-,大型,-,,29
2021-07-01,沖縄県,-,-,-,大型,-,,31
2021-08-01,北海道,-,-,-,大型,-,,88
2021-08-01,青森県,-,-,-,大型,-,,29
2021-08-01,岩手県,-,-,-,大型,-,,24
2021-08-01,宮城県,-,-,-,大型,-,,25
2021-08-01,秋田県,-,-,-,大型,-,,20
2021-08-01,山形県,-,-,-,大型,-,,9
2021-08-01,福島県,-,-,-,大型,-,,18
2021-08-01,茨城県,-,-,-,大型,-,,25
2021-08-01,栃木県,-,-,-,大型,-,,23
2021-08-01,群馬県,-,-,-,大型,-,,32
2021-08-01,埼玉県,-,-,-,大型,-,,71
2021-08-01,千葉県,-,-,-,大型,-,,91
2021-08-01,東京都,-,-,-,大型,-,,122
2021-08-01,神奈川県,-,-,-,大型,-,,88
2021-08-01,新潟県,-,-,-,大型,-,,29
2021-08-01,山梨県,-,-,-,大型,-,,11
2021-08-01,長野県,-,-,-,大型,-,,35
2021-08-01,富山県,-,-,-,大型,-,,13
2021-08-01,石川県,-,-,-,大型,-,,19
2021-08-01,福井県,-,-,-,大型,-,,9
2021-08-01,岐阜県,-,-,-,大型,-,,41
2021-08-01,静岡県,-,-,-,大型,-,,24
2021-08-01,愛知県,-,-,-,大型,-,,108
2021-08-01,三重県,-,-,-,大型,-,,43
2021-08-01,滋賀県,-,-,-,大型,-,,43
2021-08-01,京都府,-,-,-,大型,-,,44
2021-08-01,大阪府,-,-,-,大型,-,,157
2021-08-01,兵庫県,-,-,-,大型,-,,79
2021-08-01,奈良県,-,-,-,大型,-,,26
2021-08-01,和歌山県,-,-,-,大型,-,,11
2021-08-01,鳥取県,-,-,-,大型,-,,11
2021-08-01,島根県,-,-,-,大型,-,,17
2021-08-01,岡山県,-,-,-,大型,-,,21
2021-08-01,広島県,-,-,-,大型,-,,35
2021-08-01,山口県,-,-,-,大型,-,,29
2021-08-01,徳島県,-,-,-,大型,-,,5
2021-08-01,香川県,-,-,-,大型,-,,11
2021-08-01,愛媛県,-,-,-,大型,-,,13
2021-08-01,高知県,-,-,-,大型,-,,7
2021-08-01,福岡県,-,-,-,大型,-,,94
2021-08-01,佐賀県,-,-,-,大型,-,,17
2021-08-01,長崎県,-,-,-,大型,-,,18
2021-08-01,熊本県,-,-,-,大型,-,,39
2021-08-01,大分県,-,-,-,大型,-,,31
2021-08-01,宮崎県,-,-,-,大型,-,,19
2021-08-01,鹿児島県,-,-,-,大型,-,,29
2021-08-01,沖縄県,-,-,-,大型,-,,31
2021-09-01,北海道,-,-,-,大型,-,,87
2021-09-01,青森県,-,-,-,大型,-,,29
2021-09-01,岩手県,-,-,-,大型,-,,24
2021-09-01,宮城県,-,-,-,大型,-,,25
2021-09-01,秋田県,-,-,-,大型,-,,20
2021-09-01,山形県,-,-,-,大型,-,,9
2021-09-01,福島県,-,-,-,大型,-,,18
2021-09-01,茨城県,-,-,-,大型,-,,25
2021-09-01,栃木県,-,-,-,大型,-,,22
2021-09-01,群馬県,-,-,-,大型,-,,32
2021-09-01,埼玉県,-,-,-,大型,-,,72
2021-09-01,千葉県,-,-,-,大型,-,,90
2021-09-01,東京都,-,-,-,大型,-,,122
2021-09-01,神奈川県,-,-,-,大型,-,,88
2021-09-01,新潟県,-,-,-,大型,-,,29
2021-09-01,山梨県,-,-,-,大型,-,,12
2021-09-01,長野県,-,-,-,大型,-,,35
2021-09-01,富山県,-,-,-,大型,-,,13
2021-09-01,石川県,-,-,-,大型,-,,19
2021-09-01,福井県,-,-,-,大型,-,,9
2021-09-01,岐阜県,-,-,-,大型,-,,41
2021-09-01,静岡県,-,-,-,大型,-,,24
2021-09-01,愛知県,-,-,-,大型,-,,108
2021-09-01,三重県,-,-,-,大型,-,,43
2021-09-01,滋賀県,-,-,-,大型,-,,43
2021-09-01,京都府,-,-,-,大型,-,,44
2021-09-01,大阪府,-,-,-,大型,-,,157
2021-09-01,兵庫県,-,-,-,大型,-,,79
2021-09-01,奈良県,-,-,-,大型,-,,26
2021-09-01,和歌山県,-,-,-,大型,-,,11
2021-09-01,鳥取県,-,-,-,大型,-,,11
2021-09-01,島根県,-,-,-,大型,-,,17
2021-09-01,岡山県,-,-,-,大型,-,,21
2021-09-01,広島県,-,-,-,大型,-,,35
2021-09-01,山口県,-,-,-,大型,-,,29
2021-09-01,徳島県,-,-,-,大型,-,,5
2021-09-01,香川県,-,-,-,大型,-,,11
2021-09-01,愛媛県,-,-,-,大型,-,,13
2021-09-01,高知県,-,-,-,大型,-,,7
2021-09-01,福岡県,-,-,-,大型,-,,94
2021-09-01,佐賀県,-,-,-,大型,-,,17
2021-09-01,長崎県,-,-,-,大型,-,,18
2021-09-01,熊本県,-,-,-,大型,-,,39
2021-09-01,大分県,-,-,-,大型,-,,31
2021-09-01,宮崎県,-,-,-,大型,-,,19
2021-09-01,鹿児島県,-,-,-,大型,-,,29
2021-09-01,沖縄県,-,-,-,大型,-,,31
2021-10-01,北海道,-,-,-,大型,-,,87
2021-10-01,青森県,-,-,-,大型,-,,29
2021-10-01,岩手県,-,-,-,大型,-,,24
2021-10-01,宮城県,-,-,-,大型,-,,25
2021-10-01,秋田県,-,-,-,大型,-,,20
2021-10-01,山形県,-,-,-,大型,-,,9
2021-10-01,福島県,-,-,-,大型,-,,18
2021-10-01,茨城県,-,-,-,大型,-,,25
2021-10-01,栃木県,-,-,-,大型,-,,22
2021-10-01,群馬県,-,-,-,大型,-,,32
2021-10-01,埼玉県,-,-,-,大型,-,,72
2021-10-01,千葉県,-,-,-,大型,-,,90
2021-10-01,東京都,-,-,-,大型,-,,122
2021-10-01,神奈川県,-,-,-,大型,-,,88
2021-10-01,新潟県,-,-,-,大型,-,,29
2021-10-01,山梨県,-,-,-,大型,-,,12
2021-10-01,長野県,-,-,-,大型,-,,35
2021-10-01,富山県,-,-,-,大型,-,,13
2021-10-01,石川県,-,-,-,大型,-,,19
2021-10-01,福井県,-,-,-,大型,-,,9
2021-10-01,岐阜県,-,-,-,大型,-,,40
2021-10-01,静岡県,-,-,-,大型,-,,24
2021-10-01,愛知県,-,-,-,大型,-,,108
2021-10-01,三重県,-,-,-,大型,-,,43
2021-10-01,滋賀県,-,-,-,大型,-,,43
2021-10-01,京都府,-,-,-,大型,-,,44
2021-10-01,大阪府,-,-,-,大型,-,,157
2021-10-01,兵庫県,-,-,-,大型,-,,79
2021-10-01,奈良県,-,-,-,大型,-,,26
2021-10-01,和歌山県,-,-,-,大型,-,,11
2021-10-01,鳥取県,-,-,-,大型,-,,11
2021-10-01,島根県,-,-,-,大型,-,,17
2021-10-01,岡山県,-,-,-,大型,-,,21
2021-10-01,広島県,-,-,-,大型,-,,35
2021-10-01,山口県,-,-,-,大型,-,,29
2021-10-01,徳島県,-,-,-,大型,-,,5
2021-10-01,香川県,-,-,-,大型,-,,11
2021-10-01,愛媛県,-,-,-,大型,-,,13
2021-10-01,高知県,-,-,-,大型,-,,7
2021-10-01,福岡県,-,-,-,大型,-,,94
2021-10-01,佐賀県,-,-,-,大型,-,,17
2021-10-01,長崎県,-,-,-,大型,-,,18
2021-10-01,熊本県,-,-,-,大型,-,,38
2021-10-01,大分県,-,-,-,大型,-,,31
2021-10-01,宮崎県,-,-,-,大型,-,,17
2021-10-01,鹿児島県,-,-,-,大型,-,,16
2021-10-01,沖縄県,-,-,-,大型,-,,31
2021-11-01,北海道,-,-,-,大型,-,,86
2021-11-01,青森県,-,-,-,大型,-,,29
2021-11-01,岩手県,-,-,-,大型,-,,24
2021-11-01,宮城県,-,-,-,大型,-,,25
2021-11-01,秋田県,-,-,-,大型,-,,21
2021-11-01,山形県,-,-,-,大型,-,,9
2021-11-01,福島県,-,-,-,大型,-,,18
2021-11-01,茨城県,-,-,-,大型,-,,25
2021-11-01,栃木県,-,-,-,大型,-,,22
2021-11-01,群馬県,-,-,-,大型,-,,32
2021-11-01,埼玉県,-,-,-,大型,-,,72
2021-11-01,千葉県,-,-,-,大型,-,,91
2021-11-01,東京都,-,-,-,大型,-,,124
2021-11-01,神奈川県,-,-,-,大型,-,,88
2021-11-01,新潟県,-,-,-,大型,-,,29
2021-11-01,山梨県,-,-,-,大型,-,,12
2021-11-01,長野県,-,-,-,大型,-,,35
2021-11-01,富山県,-,-,-,大型,-,,13
2021-11-01,石川県,-,-,-,大型,-,,19
2021-11-01,福井県,-,-,-,大型,-,,9
2021-11-01,岐阜県,-,-,-,大型,-,,40
2021-11-01,静岡県,-,-,-,大型,-,,24
2021-11-01,愛知県,-,-,-,大型,-,,109
2021-11-01,三重県,-,-,-,大型,-,,42
2021-11-01,滋賀県,-,-,-,大型,-,,43
2021-11-01,京都府,-,-,-,大型,-,,44
2021-11-01,大阪府,-,-,-,大型,-,,157
2021-11-01,兵庫県,-,-,-,大型,-,,79
2021-11-01,奈良県,-,-,-,大型,-,,26
2021-11-01,和歌山県,-,-,-,大型,-,,11
2021-11-01,鳥取県,-,-,-,大型,-,,11
2021-11-01,島根県,-,-,-,大型,-,,17
2021-11-01,岡山県,-,-,-,大型,-,,21
2021-11-01,広島県,-,-,-,大型,-,,35
2021-11-01,山口県,-,-,-,大型,-,,29
2021-11-01,徳島県,-,-,-,大型,-,,5
2021-11-01,香川県,-,-,-,大型,-,,11
2021-11-01,愛媛県,-,-,-,大型,-,,13
2021-11-01,高知県,-,-,-,大型,-,,7
2021-11-01,福岡県,-,-,-,大型,-,,94
2021-11-01,佐賀県,-,-,-,大型,-,,17
2021-11-01,長崎県,-,-,-,大型,-,,17
2021-11-01,熊本県,-,-,-,大型,-,,38
2021-11-01,大分県,-,-,-,大型,-,,31
2021-11-01,宮崎県,-,-,-,大型,-,,17
2021-11-01,鹿児島県,-,-,-,大型,-,,16
2021-11-01,沖縄県,-,-,-,大型,-,,31
2021-12-01,北海道,-,-,-,大型,-,,87
2021-12-01,青森県,-,-,-,大型,-,,29
2021-12-01,岩手県,-,-,-,大型,-,,24
2021-12-01,宮城県,-,-,-,大型,-,,25
2021-12-01,秋田県,-,-,-,大型,-,,21
2021-12-01,山形県,-,-,-,大型,-,,9
2021-12-01,福島県,-,-,-,大型,-,,18
2021-12-01,茨城県,-,-,-,大型,-,,25
2021-12-01,栃木県,-,-,-,大型,-,,22
2021-12-01,群馬県,-,-,-,大型,-,,32
2021-12-01,埼玉県,-,-,-,大型,-,,72
2021-12-01,千葉県,-,-,-,大型,-,,91
2021-12-01,東京都,-,-,-,大型,-,,124
2021-12-01,神奈川県,-,-,-,大型,-,,88
2021-12-01,新潟県,-,-,-,大型,-,,29
2021-12-01,山梨県,-,-,-,大型,-,,12
2021-12-01,長野県,-,-,-,大型,-,,35
2021-12-01,富山県,-,-,-,大型,-,,13
2021-12-01,石川県,-,-,-,大型,-,,19
2021-12-01,福井県,-,-,-,大型,-,,9
2021-12-01,岐阜県,-,-,-,大型,-,,40
2021-12-01,静岡県,-,-,-,大型,-,,24
2021-12-01,愛知県,-,-,-,大型,-,,108
2021-12-01,三重県,-,-,-,大型,-,,42
2021-12-01,滋賀県,-,-,-,大型,-,,43
2021-12-01,京都府,-,-,-,大型,-,,44
2021-12-01,大阪府,-,-,-,大型,-,,157
2021-12-01,兵庫県,-,-,-,大型,-,,79
2021-12-01,奈良県,-,-,-,大型,-,,26
2021-12-01,和歌山県,-,-,-,大型,-,,11
2021-12-01,鳥取県,-,-,-,大型,-,,11
2021-12-01,島根県,-,-,-,大型,-,,17
2021-12-01,岡山県,-,-,-,大型,-,,21
2021-12-01,広島県,-,-,-,大型,-,,36
2021-12-01,山口県,-,-,-,大型,-,,29
2021-12-01,徳島県,-,-,-,大型,-,,5
2021-12-01,香川県,-,-,-,大型,-,,11
2021-12-01,愛媛県,-,-,-,大型,-,,13
2021-12-01,高知県,-,-,-,大型,-,,7
2021-12-01,福岡県,-,-,-,大型,-,,95
2021-12-01,佐賀県,-,-,-,大型,-,,17
2021-12-01,長崎県,-,-,-,大型,-,,17
2021-12-01,熊本県,-,-,-,大型,-,,38
2021-12-01,大分県,-,-,-,大型,-,,31
2021-12-01,宮崎県,-,-,-,大型,-,,17
2021-12-01,鹿児島県,-,-,-,大型,-,,16
2021-12-01,沖縄県,-,-,-,大型,-,,31
2022-01-01,北海道,-,-,-,大型,-,,87
2022-01-01,青森県,-,-,-,大型,-,,29
2022-01-01,岩手県,-,-,-,大型,-,,24
2022-01-01,宮城県,-,-,-,大型,-,,25
2022-01-01,秋田県,-,-,-,大型,-,,21
2022-01-01,山形県,-,-,-,大型,-,,9
2022-01-01,福島県,-,-,-,大型,-,,18
2022-01-01,茨城県,-,-,-,大型,-,,25
2022-01-01,栃木県,-,-,-,大型,-,,22
2022-01-01,群馬県,-,-,-,大型,-,,32
2022-01-01,埼玉県,-,-,-,大型,-,,71
2022-01-01,千葉県,-,-,-,大型,-,,91
2022-01-01,東京都,-,-,-,大型,-,,124
2022-01-01,神奈川県,-,-,-,大型,-,,89
2022-01-01,新潟県,-,-,-,大型,-,,29
2022-01-01,山梨県,-,-,-,大型,-,,12
2022-01-01,長野県,-,-,-,大型,-,,35
2022-01-01,富山県,-,-,-,大型,-,,12
2022-01-01,石川県,-,-,-,大型,-,,19
2022-01-01,福井県,-,-,-,大型,-,,9
2022-01-01,岐阜県,-,-,-,大型,-,,40
2022-01-01,静岡県,-,-,-,大型,-,,24
2022-01-01,愛知県,-,-,-,大型,-,,108
2022-01-01,三重県,-,-,-,大型,-,,42
2022-01-01,滋賀県,-,-,-,大型,-,,43
2022-01-01,京都府,-,-,-,大型,-,,44
2022-01-01,大阪府,-,-,-,大型,-,,157
2022-01-01,兵庫県,-,-,-,大型,-,,79
2022-01-01,奈良県,-,-,-,大型,-,,26
2022-01-01,和歌山県,-,-,-,大型,-,,11
2022-01-01,鳥取県,-,-,-,大型,-,,11
2022-01-01,島根県,-,-,-,大型,-,,17
2022-01-01,岡山県,-,-,-,大型,-,,21
2022-01-01,広島県,-,-,-,大型,-,,36
2022-01-01,山口県,-,-,-,大型,-,,28
2022-01-01,徳島県,-,-,-,大型,-,,5
2022-01-01,香川県,-,-,-,大型,-,,11
2022-01-01,愛媛県,-,-,-,大型,-,,13
2022-01-01,高知県,-,-,-,大型,-,,7
2022-01-01,福岡県,-,-,-,大型,-,,95
2022-01-01,佐賀県,-,-,-,大型,-,,17
2022-01-01,長崎県,-,-,-,大型,-,,17
2022-01-01,熊本県,-,-,-,大型,-,,38
2022-01-01,大分県,-,-,-,大型,-,,31
2022-01-01,宮崎県,-,-,-,大型,-,,17
2022-01-01,鹿児島県,-,-,-,大型,-,,16
2022-01-01,沖縄県,-,-,-,大型,-,,31
2022-02-01,北海道,-,-,-,大型,-,,87
2022-02-01,青森県,-,-,-,大型,-,,29
2022-02-01,岩手県,-,-,-,大型,-,,24
2022-02-01,宮城県,-,-,-,大型,-,,25
2022-02-01,秋田県,-,-,-,大型,-,,21
2022-02-01,山形県,-,-,-,大型,-,,9
2022-02-01,福島県,-,-,-,大型,-,,19
2022-02-01,茨城県,-,-,-,大型,-,,25
2022-02-01,栃木県,-,-,-,大型,-,,22
2022-02-01,群馬県,-,-,-,大型,-,,32
2022-02-01,埼玉県,-,-,-,大型,-,,71
2022-02-01,千葉県,-,-,-,大型,-,,91
2022-02-01,東京都,-,-,-,大型,-,,124
2022-02-01,神奈川県,-,-,-,大型,-,,89
2022-02-01,新潟県,-,-,-,大型,-,,29
2022-02-01,山梨県,-,-,-,大型,-,,12
2022-02-01,長野県,-,-,-,大型,-,,36
2022-02-01,富山県,-,-,-,大型,-,,13
2022-02-01,石川県,-,-,-,大型,-,,19
2022-02-01,福井県,-,-,-,大型,-,,9
2022-02-01,岐阜県,-,-,-,大型,-,,40
2022-02-01,静岡県,-,-,-,大型,-,,24
2022-02-01,愛知県,-,-,-,大型,-,,108
2022-02-01,三重県,-,-,-,大型,-,,42
2022-02-01,滋賀県,-,-,-,大型,-,,44
2022-02-01,京都府,-,-,-,大型,-,,44
2022-02-01,大阪府,-,-,-,大型,-,,157
2022-02-01,兵庫県,-,-,-,大型,-,,79
2022-02-01,奈良県,-,-,-,大型,-,,26
2022-02-01,和歌山県,-,-,-,大型,-,,11
2022-02-01,鳥取県,-,-,-,大型,-,,11
2022-02-01,島根県,-,-,-,大型,-,,17
2022-02-01,岡山県,-,-,-,大型,-,,21
2022-02-01,広島県,-,-,-,大型,-,,36
2022-02-01,山口県,-,-,-,大型,-,,28
2022-02-01,徳島県,-,-,-,大型,-,,5
2022-02-01,香川県,-,-,-,大型,-,,11
2022-02-01,愛媛県,-,-,-,大型,-,,13
2022-02-01,高知県,-,-,-,大型,-,,7
2022-02-01,福岡県,-,-,-,大型,-,,95
2022-02-01,佐賀県,-,-,-,大型,-,,17
2022-02-01,長崎県,-,-,-,大型,-,,17
2022-02-01,熊本県,-,-,-,大型,-,,38
2022-02-01,大分県,-,-,-,大型,-,,31
2022-02-01,宮崎県,-,-,-,大型,-,,17
2022-02-01,鹿児島県,-,-,-,大型,-,,16
2022-02-01,沖縄県,-,-,-,大型,-,,31
2022-03-01,北海道,-,-,-,大型,-,,87
2022-03-01,青森県,-,-,-,大型,-,,29
2022-03-01,岩手県,-,-,-,大型,-,,24
2022-03-01,宮城県,-,-,-,大型,-,,25
2022-03-01,秋田県,-,-,-,大型,-,,21
2022-03-01,山形県,-,-,-,大型,-,,9
2022-03-01,福島県,-,-,-,大型,-,,18
2022-03-01,茨城県,-,-,-,大型,-,,25
2022-03-01,栃木県,-,-,-,大型,-,,23
2022-03-01,群馬県,-,-,-,大型,-,,32
2022-03-01,埼玉県,-,-,-,大型,-,,70
2022-03-01,千葉県,-,-,-,大型,-,,91
2022-03-01,東京都,-,-,-,大型,-,,123
2022-03-01,神奈川県,-,-,-,大型,-,,89
2022-03-01,新潟県,-,-,-,大型,-,,29
2022-03-01,山梨県,-,-,-,大型,-,,12
2022-03-01,長野県,-,-,-,大型,-,,36
2022-03-01,富山県,-,-,-,大型,-,,13
2022-03-01,石川県,-,-,-,大型,-,,19
2022-03-01,福井県,-,-,-,大型,-,,9
2022-03-01,岐阜県,-,-,-,大型,-,,41
2022-03-01,静岡県,-,-,-,大型,-,,24
2022-03-01,愛知県,-,-,-,大型,-,,109
2022-03-01,三重県,-,-,-,大型,-,,42
2022-03-01,滋賀県,-,-,-,大型,-,,44
2022-03-01,京都府,-,-,-,大型,-,,44
2022-03-01,大阪府,-,-,-,大型,-,,157
2022-03-01,兵庫県,-,-,-,大型,-,,79
2022-03-01,奈良県,-,-,-,大型,-,,26
2022-03-01,和歌山県,-,-,-,大型,-,,11
2022-03-01,鳥取県,-,-,-,大型,-,,11
2022-03-01,島根県,-,-,-,大型,-,,17
2022-03-01,岡山県,-,-,-,大型,-,,21
2022-03-01,広島県,-,-,-,大型,-,,36
2022-03-01,山口県,-,-,-,大型,-,,28
2022-03-01,徳島県,-,-,-,大型,-,,5
2022-03-01,香川県,-,-,-,大型,-,,11
2022-03-01,愛媛県,-,-,-,大型,-,,13
2022-03-01,高知県,-,-,-,大型,-,,7
2022-03-01,福岡県,-,-,-,大型,-,,95
2022-03-01,佐賀県,-,-,-,大型,-,,17
2022-03-01,長崎県,-,-,-,大型,-,,18
2022-03-01,熊本県,-,-,-,大型,-,,38
2022-03-01,大分県,-,-,-,大型,-,,31
2022-03-01,宮崎県,-,-,-,大型,-,,17
2022-03-01,鹿児島県,-,-,-,大型,-,,16
2022-03-01,沖縄県,-,-,-,大型,-,,31
2022-04-01,北海道,-,-,-,大型,-,,87
2022-04-01,青森県,-,-,-,大型,-,,29
2022-04-01,岩手県,-,-,-,大型,-,,24
2022-04-01,宮城県,-,-,-,大型,-,,24
2022-04-01,秋田県,-,-,-,大型,-,,21
2022-04-01,山形県,-,-,-,大型,-,,9
2022-04-01,福島県,-,-,-,大型,-,,18
2022-04-01,茨城県,-,-,-,大型,-,,25
2022-04-01,栃木県,-,-,-,大型,-,,23
2022-04-01,群馬県,-,-,-,大型,-,,32
2022-04-01,埼玉県,-,-,-,大型,-,,70
2022-04-01,千葉県,-,-,-,大型,-,,92
2022-04-01,東京都,-,-,-,大型,-,,124
2022-04-01,神奈川県,-,-,-,大型,-,,88
2022-04-01,新潟県,-,-,-,大型,-,,29
2022-04-01,山梨県,-,-,-,大型,-,,12
2022-04-01,長野県,-,-,-,大型,-,,36
2022-04-01,富山県,-,-,-,大型,-,,13
2022-04-01,石川県,-,-,-,大型,-,,19
2022-04-01,福井県,-,-,-,大型,-,,9
2022-04-01,岐阜県,-,-,-,大型,-,,41
2022-04-01,静岡県,-,-,-,大型,-,,24
2022-04-01,愛知県,-,-,-,大型,-,,110
2022-04-01,三重県,-,-,-,大型,-,,42
2022-04-01,滋賀県,-,-,-,大型,-,,44
2022-04-01,京都府,-,-,-,大型,-,,44
2022-04-01,大阪府,-,-,-,大型,-,,158
2022-04-01,兵庫県,-,-,-,大型,-,,79
2022-04-01,奈良県,-,-,-,大型,-,,26
2022-04-01,和歌山県,-,-,-,大型,-,,11
2022-04-01,鳥取県,-,-,-,大型,-,,11
2022-04-01,島根県,-,-,-,大型,-,,17
2022-04-01,岡山県,-,-,-,大型,-,,21
2022-04-01,広島県,-,-,-,大型,-,,36
2022-04-01,山口県,-,-,-,大型,-,,28
2022-04-01,徳島県,-,-,-,大型,-,,5
2022-04-01,香川県,-,-,-,大型,-,,11
2022-04-01,愛媛県,-,-,-,大型,-,,13
2022-04-01,高知県,-,-,-,大型,-,,7
2022-04-01,福岡県,-,-,-,大型,-,,96
2022-04-01,佐賀県,-,-,-,大型,-,,17
2022-04-01,長崎県,-,-,-,大型,-,,18
2022-04-01,熊本県,-,-,-,大型,-,,38
2022-04-01,大分県,-,-,-,大型,-,,31
2022-04-01,宮崎県,-,-,-,大型,-,,17
2022-04-01,鹿児島県,-,-,-,大型,-,,16
2022-04-01,沖縄県,-,-,-,大型,-,,31
2022-05-01,北海道,-,-,-,大型,-,,87
2022-05-01,青森県,-,-,-,大型,-,,30
2022-05-01,岩手県,-,-,-,大型,-,,24
2022-05-01,宮城県,-,-,-,大型,-,,24
2022-05-01,秋田県,-,-,-,大型,-,,21
2022-05-01,山形県,-,-,-,大型,-,,9
2022-05-01,福島県,-,-,-,大型,-,,18
2022-05-01,茨城県,-,-,-,大型,-,,25
2022-05-01,栃木県,-,-,-,大型,-,,23
2022-05-01,群馬県,-,-,-,大型,-,,32
2022-05-01,埼玉県,-,-,-,大型,-,,70
2022-05-01,千葉県,-,-,-,大型,-,,92
2022-05-01,東京都,-,-,-,大型,-,,124
2022-05-01,神奈川県,-,-,-,大型,-,,89
2022-05-01,新潟県,-,-,-,大型,-,,29
2022-05-01,山梨県,-,-,-,大型,-,,12
2022-05-01,長野県,-,-,-,大型,-,,36
2022-05-01,富山県,-,-,-,大型,-,,13
2022-05-01,石川県,-,-,-,大型,-,,19
2022-05-01,福井県,-,-,-,大型,-,,9
2022-05-01,岐阜県,-,-,-,大型,-,,41
2022-05-01,静岡県,-,-,-,大型,-,,24
2022-05-01,愛知県,-,-,-,大型,-,,110
2022-05-01,三重県,-,-,-,大型,-,,42
2022-05-01,滋賀県,-,-,-,大型,-,,44
2022-05-01,京都府,-,-,-,大型,-,,44
2022-05-01,大阪府,-,-,-,大型,-,,158
2022-05-01,兵庫県,-,-,-,大型,-,,79
2022-05-01,奈良県,-,-,-,大型,-,,26
2022-05-01,和歌山県,-,-,-,大型,-,,11
2022-05-01,鳥取県,-,-,-,大型,-,,11
2022-05-01,島根県,-,-,-,大型,-,,17
2022-05-01,岡山県,-,-,-,大型,-,,21
2022-05-01,広島県,-,-,-,大型,-,,36
2022-05-01,山口県,-,-,-,大型,-,,28
2022-05-01,徳島県,-,-,-,大型,-,,5
2022-05-01,香川県,-,-,-,大型,-,,11
2022-05-01,愛媛県,-,-,-,大型,-,,13
2022-05-01,高知県,-,-,-,大型,-,,7
2022-05-01,福岡県,-,-,-,大型,-,,96
2022-05-01,佐賀県,-,-,-,大型,-,,17
2022-05-01,長崎県,-,-,-,大型,-,,18
2022-05-01,熊本県,-,-,-,大型,-,,38
2022-05-01,大分県,-,-,-,大型,-,,31
2022-05-01,宮崎県,-,-,-,大型,-,,17
2022-05-01,鹿児島県,-,-,-,大型,-,,16
2022-05-01,沖縄県,-,-,-,大型,-,,31
2022-06-01,北海道,-,-,-,大型,-,,87
2022-06-01,青森県,-,-,-,大型,-,,30
2022-06-01,岩手県,-,-,-,大型,-,,24
2022-06-01,宮城県,-,-,-,大型,-,,24
2022-06-01,秋田県,-,-,-,大型,-,,21
2022-06-01,山形県,-,-,-,大型,-,,9
2022-06-01,福島県,-,-,-,大型,-,,18
2022-06-01,茨城県,-,-,-,大型,-,,25
2022-06-01,栃木県,-,-,-,大型,-,,23
2022-06-01,群馬県,-,-,-,大型,-,,32
2022-06-01,埼玉県,-,-,-,大型,-,,71
2022-06-01,千葉県,-,-,-,大型,-,,92
2022-06-01,東京都,-,-,-,大型,-,,124
2022-06-01,神奈川県,-,-,-,大型,-,,89
2022-06-01,新潟県,-,-,-,大型,-,,28
2022-06-01,山梨県,-,-,-,大型,-,,12
2022-06-01,長野県,-,-,-,大型,-,,36
2022-06-01,富山県,-,-,-,大型,-,,13
2022-06-01,石川県,-,-,-,大型,-,,19
2022-06-01,福井県,-,-,-,大型,-,,9
2022-06-01,岐阜県,-,-,-,大型,-,,41
2022-06-01,静岡県,-,-,-,大型,-,,24
2022-06-01,愛知県,-,-,-,大型,-,,110
2022-06-01,三重県,-,-,-,大型,-,,42
2022-06-01,滋賀県,-,-,-,大型,-,,44
2022-06-01,京都府,-,-,-,大型,-,,44
2022-06-01,大阪府,-,-,-,大型,-,,158
2022-06-01,兵庫県,-,-,-,大型,-,,78
2022-06-01,奈良県,-,-,-,大型,-,,26
2022-06-01,和歌山県,-,-,-,大型,-,,11
2022-06-01,鳥取県,-,-,-,大型,-,,11
2022-06-01,島根県,-,-,-,大型,-,,17
2022-06-01,岡山県,-,-,-,大型,-,,21
2022-06-01,広島県,-,-,-,大型,-,,36
2022-06-01,山口県,-,-,-,大型,-,,28
2022-06-01,徳島県,-,-,-,大型,-,,5
2022-06-01,香川県,-,-,-,大型,-,,11
2022-06-01,愛媛県,-,-,-,大型,-,,13
2022-06-01,高知県,-,-,-,大型,-,,7
2022-06-01,福岡県,-,-,-,大型,-,,96
2022-06-01,佐賀県,-,-,-,大型,-,,17
2022-06-01,長崎県,-,-,-,大型,-,,18
2022-06-01,熊本県,-,-,-,大型,-,,38
2022-06-01,大分県,-,-,-,大型,-,,31
2022-06-01,宮崎県,-,-,-,大型,-,,17
2022-06-01,鹿児島県,-,-,-,大型,-,,16
2022-06-01,沖縄県,-,-,-,大型,-,,31
2022-07-01,北海道,-,-,-,大型,-,,87
2022-07-01,青森県,-,-,-,大型,-,,30
2022-07-01,岩手県,-,-,-,大型,-,,24
2022-07-01,宮城県,-,-,-,大型,-,,24
2022-07-01,秋田県,-,-,-,大型,-,,21
2022-07-01,山形県,-,-,-,大型,-,,9
2022-07-01,福島県,-,-,-,大型,-,,18
2022-07-01,茨城県,-,-,-,大型,-,,25
2022-07-01,栃木県,-,-,-,大型,-,,23
2022-07-01,群馬県,-,-,-,大型,-,,32
2022-07-01,埼玉県,-,-,-,大型,-,,71
2022-07-01,千葉県,-,-,-,大型,-,,91
2022-07-01,東京都,-,-,-,大型,-,,124
2022-07-01,神奈川県,-,-,-,大型,-,,89
2022-07-01,新潟県,-,-,-,大型,-,,28
2022-07-01,山梨県,-,-,-,大型,-,,12
2022-07-01,長野県,-,-,-,大型,-,,35
2022-07-01,富山県,-,-,-,大型,-,,13
2022-07-01,石川県,-,-,-,大型,-,,19
2022-07-01,福井県,-,-,-,大型,-,,9
2022-07-01,岐阜県,-,-,-,大型,-,,41
2022-07-01,静岡県,-,-,-,大型,-,,24
2022-07-01,愛知県,-,-,-,大型,-,,109
2022-07-01,三重県,-,-,-,大型,-,,42
2022-07-01,滋賀県,-,-,-,大型,-,,43
2022-07-01,京都府,-,-,-,大型,-,,44
2022-07-01,大阪府,-,-,-,大型,-,,157
2022-07-01,兵庫県,-,-,-,大型,-,,79
2022-07-01,奈良県,-,-,-,大型,-,,26
2022-07-01,和歌山県,-,-,-,大型,-,,11
2022-07-01,鳥取県,-,-,-,大型,-,,11
2022-07-01,島根県,-,-,-,大型,-,,17
2022-07-01,岡山県,-,-,-,大型,-,,21
2022-07-01,広島県,-,-,-,大型,-,,35
2022-07-01,山口県,-,-,-,大型,-,,28
2022-07-01,徳島県,-,-,-,大型,-,,5
2022-07-01,香川県,-,-,-,大型,-,,11
2022-07-01,愛媛県,-,-,-,大型,-,,13
2022-07-01,高知県,-,-,-,大型,-,,7
2022-07-01,福岡県,-,-,-,大型,-,,96
2022-07-01,佐賀県,-,-,-,大型,-,,17
2022-07-01,長崎県,-,-,-,大型,-,,18
2022-07-01,熊本県,-,-,-,大型,-,,38
2022-07-01,大分県,-,-,-,大型,-,,31
2022-07-01,宮崎県,-,-,-,大型,-,,17
2022-07-01,鹿児島県,-,-,-,大型,-,,16
2022-07-01,沖縄県,-,-,-,大型,-,,31
2022-08-01,北海道,-,-,-,大型,-,,87
2022-08-01,青森県,-,-,-,大型,-,,30
2022-08-01,岩手県,-,-,-,大型,-,,24
2022-08-01,宮城県,-,-,-,大型,-,,24
2022-08-01,秋田県,-,-,-,大型,-,,21
2022-08-01,山形県,-,-,-,大型,-,,9
2022-08-01,福島県,-,-,-,大型,-,,19
2022-08-01,茨城県,-,-,-,大型,-,,25
2022-08-01,栃木県,-,-,-,大型,-,,23
2022-08-01,群馬県,-,-,-,大型,-,,32
2022-08-01,埼玉県,-,-,-,大型,-,,71
2022-08-01,千葉県,-,-,-,大型,-,,91
2022-08-01,東京都,-,-,-,大型,-,,121
2022-08-01,神奈川県,-,-,-,大型,-,,89
2022-08-01,新潟県,-,-,-,大型,-,,28
2022-08-01,山梨県,-,-,-,大型,-,,12
2022-08-01,長野県,-,-,-,大型,-,,36
2022-08-01,富山県,-,-,-,大型,-,,13
2022-08-01,石川県,-,-,-,大型,-,,19
2022-08-01,福井県,-,-,-,大型,-,,9
2022-08-01,岐阜県,-,-,-,大型,-,,40
2022-08-01,静岡県,-,-,-,大型,-,,24
2022-08-01,愛知県,-,-,-,大型,-,,109
2022-08-01,三重県,-,-,-,大型,-,,43
2022-08-01,滋賀県,-,-,-,大型,-,,43
2022-08-01,京都府,-,-,-,大型,-,,43
2022-08-01,大阪府,-,-,-,大型,-,,157
2022-08-01,兵庫県,-,-,-,大型,-,,79
2022-08-01,奈良県,-,-,-,大型,-,,26
2022-08-01,和歌山県,-,-,-,大型,-,,11
2022-08-01,鳥取県,-,-,-,大型,-,,11
2022-08-01,島根県,-,-,-,大型,-,,17
2022-08-01,岡山県,-,-,-,大型,-,,21
2022-08-01,広島県,-,-,-,大型,-,,34
2022-08-01,山口県,-,-,-,大型,-,,28
2022-08-01,徳島県,-,-,-,大型,-,,5
2022-08-01,香川県,-,-,-,大型,-,,11
2022-08-01,愛媛県,-,-,-,大型,-,,13
2022-08-01,高知県,-,-,-,大型,-,,7
2022-08-01,福岡県,-,-,-,大型,-,,96
2022-08-01,佐賀県,-,-,-,大型,-,,17
2022-08-01,長崎県,-,-,-,大型,-,,18
2022-08-01,熊本県,-,-,-,大型,-,,38
2022-08-01,大分県,-,-,-,大型,-,,31
2022-08-01,宮崎県,-,-,-,大型,-,,17
2022-08-01,鹿児島県,-,-,-,大型,-,,16
2022-08-01,沖縄県,-,-,-,大型,-,,31
2022-09-01,北海道,-,-,-,大型,-,,87
2022-09-01,青森県,-,-,-,大型,-,,30
2022-09-01,岩手県,-,-,-,大型,-,,24
2022-09-01,宮城県,-,-,-,大型,-,,24
2022-09-01,秋田県,-,-,-,大型,-,,21
2022-09-01,山形県,-,-,-,大型,-,,9
2022-09-01,福島県,-,-,-,大型,-,,19
2022-09-01,茨城県,-,-,-,大型,-,,25
2022-09-01,栃木県,-,-,-,大型,-,,23
2022-09-01,群馬県,-,-,-,大型,-,,32
2022-09-01,埼玉県,-,-,-,大型,-,,71
2022-09-01,千葉県,-,-,-,大型,-,,91
2022-09-01,東京都,-,-,-,大型,-,,123
2022-09-01,神奈川県,-,-,-,大型,-,,89
2022-09-01,新潟県,-,-,-,大型,-,,28
2022-09-01,山梨県,-,-,-,大型,-,,12
2022-09-01,長野県,-,-,-,大型,-,,37
2022-09-01,富山県,-,-,-,大型,-,,13
2022-09-01,石川県,-,-,-,大型,-,,19
2022-09-01,福井県,-,-,-,大型,-,,9
2022-09-01,岐阜県,-,-,-,大型,-,,40
2022-09-01,静岡県,-,-,-,大型,-,,24
2022-09-01,愛知県,-,-,-,大型,-,,108
2022-09-01,三重県,-,-,-,大型,-,,43
2022-09-01,滋賀県,-,-,-,大型,-,,43
2022-09-01,京都府,-,-,-,大型,-,,43
2022-09-01,大阪府,-,-,-,大型,-,,158
2022-09-01,兵庫県,-,-,-,大型,-,,79
2022-09-01,奈良県,-,-,-,大型,-,,26
2022-09-01,和歌山県,-,-,-,大型,-,,11
2022-09-01,鳥取県,-,-,-,大型,-,,11
2022-09-01,島根県,-,-,-,大型,-,,17
2022-09-01,岡山県,-,-,-,大型,-,,21
2022-09-01,広島県,-,-,-,大型,-,,34
2022-09-01,山口県,-,-,-,大型,-,,28
2022-09-01,徳島県,-,-,-,大型,-,,5
2022-09-01,香川県,-,-,-,大型,-,,11
2022-09-01,愛媛県,-,-,-,大型,-,,13
2022-09-01,高知県,-,-,-,大型,-,,7
2022-09-01,福岡県,-,-,-,大型,-,,96
2022-09-01,佐賀県,-,-,-,大型,-,,17
2022-09-01,長崎県,-,-,-,大型,-,,18
2022-09-01,熊本県,-,-,-,大型,-,,38
2022-09-01,大分県,-,-,-,大型,-,,31
2022-09-01,宮崎県,-,-,-,大型,-,,17
2022-09-01,鹿児島県,-,-,-,大型,-,,16
2022-09-01,沖縄県,-,-,-,大型,-,,31
2022-10-01,北海道,-,-,-,大型,-,,89
2022-10-01,青森県,-,-,-,大型,-,,30
2022-10-01,岩手県,-,-,-,大型,-,,24
2022-10-01,宮城県,-,-,-,大型,-,,24
2022-10-01,秋田県,-,-,-,大型,-,,21
2022-10-01,山形県,-,-,-,大型,-,,9
2022-10-01,福島県,-,-,-,大型,-,,19
2022-10-01,茨城県,-,-,-,大型,-,,25
2022-10-01,栃木県,-,-,-,大型,-,,23
2022-10-01,群馬県,-,-,-,大型,-,,33
2022-10-01,埼玉県,-,-,-,大型,-,,71
2022-10-01,千葉県,-,-,-,大型,-,,91
2022-10-01,東京都,-,-,-,大型,-,,123
2022-10-01,神奈川県,-,-,-,大型,-,,90
2022-10-01,新潟県,-,-,-,大型,-,,28
2022-10-01,山梨県,-,-,-,大型,-,,12
2022-10-01,長野県,-,-,-,大型,-,,37
2022-10-01,富山県,-,-,-,大型,-,,13
2022-10-01,石川県,-,-,-,大型,-,,19
2022-10-01,福井県,-,-,-,大型,-,,9
2022-10-01,岐阜県,-,-,-,大型,-,,41
2022-10-01,静岡県,-,-,-,大型,-,,24
2022-10-01,愛知県,-,-,-,大型,-,,108
2022-10-01,三重県,-,-,-,大型,-,,43
2022-10-01,滋賀県,-,-,-,大型,-,,43
2022-10-01,京都府,-,-,-,大型,-,,43
2022-10-01,大阪府,-,-,-,大型,-,,159
2022-10-01,兵庫県,-,-,-,大型,-,,79
2022-10-01,奈良県,-,-,-,大型,-,,26
2022-10-01,和歌山県,-,-,-,大型,-,,11
2022-10-01,鳥取県,-,-,-,大型,-,,11
2022-10-01,島根県,-,-,-,大型,-,,17
2022-10-01,岡山県,-,-,-,大型,-,,21
2022-10-01,広島県,-,-,-,大型,-,,35
2022-10-01,山口県,-,-,-,大型,-,,28
2022-10-01,徳島県,-,-,-,大型,-,,5
2022-10-01,香川県,-,-,-,大型,-,,11
2022-10-01,愛媛県,-,-,-,大型,-,,13
2022-10-01,高知県,-,-,-,大型,-,,7
2022-10-01,福岡県,-,-,-,大型,-,,96
2022-10-01,佐賀県,-,-,-,大型,-,,17
2022-10-01,長崎県,-,-,-,大型,-,,18
2022-10-01,熊本県,-,-,-,大型,-,,39
2022-10-01,大分県,-,-,-,大型,-,,31
2022-10-01,宮崎県,-,-,-,大型,-,,17
2022-10-01,鹿児島県,-,-,-,大型,-,,17
2022-10-01,沖縄県,-,-,-,大型,-,,31
2022-11-01,北海道,-,-,-,大型,-,,89
2022-11-01,青森県,-,-,-,大型,-,,30
2022-11-01,岩手県,-,-,-,大型,-,,24
2022-11-01,宮城県,-,-,-,大型,-,,24
2022-11-01,秋田県,-,-,-,大型,-,,21
2022-11-01,山形県,-,-,-,大型,-,,9
2022-11-01,福島県,-,-,-,大型,-,,20
2022-11-01,茨城県,-,-,-,大型,-,,25
2022-11-01,栃木県,-,-,-,大型,-,,22
2022-11-01,群馬県,-,-,-,大型,-,,33
2022-11-01,埼玉県,-,-,-,大型,-,,71
2022-11-01,千葉県,-,-,-,大型,-,,91
2022-11-01,東京都,-,-,-,大型,-,,123
2022-11-01,神奈川県,-,-,-,大型,-,,90
2022-11-01,新潟県,-,-,-,大型,-,,28
2022-11-01,山梨県,-,-,-,大型,-,,12
2022-11-01,長野県,-,-,-,大型,-,,37
2022-11-01,富山県,-,-,-,大型,-,,13
2022-11-01,石川県,-,-,-,大型,-,,19
2022-11-01,福井県,-,-,-,大型,-,,9
2022-11-01,岐阜県,-,-,-,大型,-,,41
2022-11-01,静岡県,-,-,-,大型,-,,24
2022-11-01,愛知県,-,-,-,大型,-,,108
2022-11-01,三重県,-,-,-,大型,-,,43
2022-11-01,滋賀県,-,-,-,大型,-,,43
2022-11-01,京都府,-,-,-,大型,-,,42
2022-11-01,大阪府,-,-,-,大型,-,,159
2022-11-01,兵庫県,-,-,-,大型,-,,79
2022-11-01,奈良県,-,-,-,大型,-,,26
2022-11-01,和歌山県,-,-,-,大型,-,,10
2022-11-01,鳥取県,-,-,-,大型,-,,11
2022-11-01,島根県,-,-,-,大型,-,,17
2022-11-01,岡山県,-,-,-,大型,-,,21
2022-11-01,広島県,-,-,-,大型,-,,35
2022-11-01,山口県,-,-,-,大型,-,,28
2022-11-01,徳島県,-,-,-,大型,-,,5
2022-11-01,香川県,-,-,-,大型,-,,11
2022-11-01,愛媛県,-,-,-,大型,-,,13
2022-11-01,高知県,-,-,-,大型,-,,7
2022-11-01,福岡県,-,-,-,大型,-,,96
2022-11-01,佐賀県,-,-,-,大型,-,,17
2022-11-01,長崎県,-,-,-,大型,-,,18
2022-11-01,熊本県,-,-,-,大型,-,,39
2022-11-01,大分県,-,-,-,大型,-,,31
2022-11-01,宮崎県,-,-,-,大型,-,,17
2022-11-01,鹿児島県,-,-,-,大型,-,,17
2022-11-01,沖縄県,-,-,-,大型,-,,31
2022-12-01,北海道,-,-,-,大型,-,,90
2022-12-01,青森県,-,-,-,大型,-,,30
2022-12-01,岩手県,-,-,-,大型,-,,24
2022-12-01,宮城県,-,-,-,大型,-,,24
2022-12-01,秋田県,-,-,-,大型,-,,21
2022-12-01,山形県,-,-,-,大型,-,,9
2022-12-01,福島県,-,-,-,大型,-,,20
2022-12-01,茨城県,-,-,-,大型,-,,25
2022-12-01,栃木県,-,-,-,大型,-,,23
2022-12-01,群馬県,-,-,-,大型,-,,33
2022-12-01,埼玉県,-,-,-,大型,-,,72
2022-12-01,千葉県,-,-,-,大型,-,,90
2022-12-01,東京都,-,-,-,大型,-,,123
2022-12-01,神奈川県,-,-,-,大型,-,,91
2022-12-01,新潟県,-,-,-,大型,-,,28
2022-12-01,山梨県,-,-,-,大型,-,,12
2022-12-01,長野県,-,-,-,大型,-,,37
2022-12-01,富山県,-,-,-,大型,-,,13
2022-12-01,石川県,-,-,-,大型,-,,19
2022-12-01,福井県,-,-,-,大型,-,,9
2022-12-01,岐阜県,-,-,-,大型,-,,41
2022-12-01,静岡県,-,-,-,大型,-,,24
2022-12-01,愛知県,-,-,-,大型,-,,108
2022-12-01,三重県,-,-,-,大型,-,,43
2022-12-01,滋賀県,-,-,-,大型,-,,43
2022-12-01,京都府,-,-,-,大型,-,,42
2022-12-01,大阪府,-,-,-,大型,-,,159
2022-12-01,兵庫県,-,-,-,大型,-,,79
2022-12-01,奈良県,-,-,-,大型,-,,26
2022-12-01,和歌山県,-,-,-,大型,-,,10
2022-12-01,鳥取県,-,-,-,大型,-,,11
2022-12-01,島根県,-,-,-,大型,-,,17
2022-12-01,岡山県,-,-,-,大型,-,,21
2022-12-01,広島県,-,-,-,大型,-,,35
2022-12-01,山口県,-,-,-,大型,-,,28
2022-12-01,徳島県,-,-,-,大型,-,,5
2022-12-01,香川県,-,-,-,大型,-,,11
2022-12-01,愛媛県,-,-,-,大型,-,,13
2022-12-01,高知県,-,-,-,大型,-,,7
2022-12-01,福岡県,-,-,-,大型,-,,98
2022-12-01,佐賀県,-,-,-,大型,-,,17
2022-12-01,長崎県,-,-,-,大型,-,,18
2022-12-01,熊本県,-,-,-,大型,-,,40
2022-12-01,大分県,-,-,-,大型,-,,31
2022-12-01,宮崎県,-,-,-,大型,-,,18
2022-12-01,鹿児島県,-,-,-,大型,-,,30
2022-12-01,沖縄県,-,-,-,大型,-,,31
2023-01-01,北海道,-,-,-,大型,-,,90
2023-01-01,青森県,-,-,-,大型,-,,30
2023-01-01,岩手県,-,-,-,大型,-,,24
2023-01-01,宮城県,-,-,-,大型,-,,24
2023-01-01,秋田県,-,-,-,大型,-,,21
2023-01-01,山形県,-,-,-,大型,-,,9
2023-01-01,福島県,-,-,-,大型,-,,20
2023-01-01,茨城県,-,-,-,大型,-,,25
2023-01-01,栃木県,-,-,-,大型,-,,23
2023-01-01,群馬県,-,-,-,大型,-,,33
2023-01-01,埼玉県,-,-,-,大型,-,,72
2023-01-01,千葉県,-,-,-,大型,-,,90
2023-01-01,東京都,-,-,-,大型,-,,123
2023-01-01,神奈川県,-,-,-,大型,-,,91
2023-01-01,新潟県,-,-,-,大型,-,,28
2023-01-01,山梨県,-,-,-,大型,-,,12
2023-01-01,長野県,-,-,-,大型,-,,36
2023-01-01,富山県,-,-,-,大型,-,,13
2023-01-01,石川県,-,-,-,大型,-,,19
2023-01-01,福井県,-,-,-,大型,-,,9
2023-01-01,岐阜県,-,-,-,大型,-,,40
2023-01-01,静岡県,-,-,-,大型,-,,24
2023-01-01,愛知県,-,-,-,大型,-,,108
2023-01-01,三重県,-,-,-,大型,-,,43
2023-01-01,滋賀県,-,-,-,大型,-,,43
2023-01-01,京都府,-,-,-,大型,-,,42
2023-01-01,大阪府,-,-,-,大型,-,,158
2023-01-01,兵庫県,-,-,-,大型,-,,79
2023-01-01,奈良県,-,-,-,大型,-,,26
2023-01-01,和歌山県,-,-,-,大型,-,,11
2023-01-01,鳥取県,-,-,-,大型,-,,11
2023-01-01,島根県,-,-,-,大型,-,,17
2023-01-01,岡山県,-,-,-,大型,-,,21
2023-01-01,広島県,-,-,-,大型,-,,35
2023-01-01,山口県,-,-,-,大型,-,,28
2023-01-01,徳島県,-,-,-,大型,-,,5
2023-01-01,香川県,-,-,-,大型,-,,11
2023-01-01,愛媛県,-,-,-,大型,-,,13
2023-01-01,高知県,-,-,-,大型,-,,7
2023-01-01,福岡県,-,-,-,大型,-,,97
2023-01-01,佐賀県,-,-,-,大型,-,,17
2023-01-01,長崎県,-,-,-,大型,-,,18
2023-01-01,熊本県,-,-,-,大型,-,,40
2023-01-01,大分県,-,-,-,大型,-,,32
2023-01-01,宮崎県,-,-,-,大型,-,,18
2023-01-01,鹿児島県,-,-,-,大型,-,,30
2023-01-01,沖縄県,-,-,-,大型,-,,31
2023-02-01,北海道,-,-,-,大型,-,,90
2023-02-01,青森県,-,-,-,大型,-,,29
2023-02-01,岩手県,-,-,-,大型,-,,24
2023-02-01,宮城県,-,-,-,大型,-,,24
2023-02-01,秋田県,-,-,-,大型,-,,21
2023-02-01,山形県,-,-,-,大型,-,,9
2023-02-01,福島県,-,-,-,大型,-,,20
2023-02-01,茨城県,-,-,-,大型,-,,26
2023-02-01,栃木県,-,-,-,大型,-,,23
2023-02-01,群馬県,-,-,-,大型,-,,33
2023-02-01,埼玉県,-,-,-,大型,-,,71
2023-02-01,千葉県,-,-,-,大型,-,,90
2023-02-01,東京都,-,-,-,大型,-,,123
2023-02-01,神奈川県,-,-,-,大型,-,,91
2023-02-01,新潟県,-,-,-,大型,-,,28
2023-02-01,山梨県,-,-,-,大型,-,,12
2023-02-01,長野県,-,-,-,大型,-,,36
2023-02-01,富山県,-,-,-,大型,-,,13
2023-02-01,石川県,-,-,-,大型,-,,19
2023-02-01,福井県,-,-,-,大型,-,,9
2023-02-01,岐阜県,-,-,-,大型,-,,40
2023-02-01,静岡県,-,-,-,大型,-,,24
2023-02-01,愛知県,-,-,-,大型,-,,108
2023-02-01,三重県,-,-,-,大型,-,,43
2023-02-01,滋賀県,-,-,-,大型,-,,43
2023-02-01,京都府,-,-,-,大型,-,,42
2023-02-01,大阪府,-,-,-,大型,-,,158
2023-02-01,兵庫県,-,-,-,大型,-,,79
2023-02-01,奈良県,-,-,-,大型,-,,26
2023-02-01,和歌山県,-,-,-,大型,-,,11
2023-02-01,鳥取県,-,-,-,大型,-,,11
2023-02-01,島根県,-,-,-,大型,-,,17
2023-02-01,岡山県,-,-,-,大型,-,,21
2023-02-01,広島県,-,-,-,大型,-,,35
2023-02-01,山口県,-,-,-,大型,-,,28
2023-02-01,徳島県,-,-,-,大型,-,,5
2023-02-01,香川県,-,-,-,大型,-,,11
2023-02-01,愛媛県,-,-,-,大型,-,,13
2023-02-01,高知県,-,-,-,大型,-,,7
2023-02-01,福岡県,-,-,-,大型,-,,97
2023-02-01,佐賀県,-,-,-,大型,-,,17
2023-02-01,長崎県,-,-,-,大型,-,,18
2023-02-01,熊本県,-,-,-,大型,-,,40
2023-02-01,大分県,-,-,-,大型,-,,32
2023-02-01,宮崎県,-,-,-,大型,-,,18
2023-02-01,鹿児島県,-,-,-,大型,-,,30
2023-02-01,沖縄県,-,-,-,大型,-,,34
2023-03-01,北海道,-,-,-,大型,-,,91
2023-03-01,青森県,-,-,-,大型,-,,29
2023-03-01,岩手県,-,-,-,大型,-,,24
2023-03-01,宮城県,-,-,-,大型,-,,24
2023-03-01,秋田県,-,-,-,大型,-,,21
2023-03-01,山形県,-,-,-,大型,-,,9
2023-03-01,福島県,-,-,-,大型,-,,19
2023-03-01,茨城県,-,-,-,大型,-,,26
2023-03-01,栃木県,-,-,-,大型,-,,23
2023-03-01,群馬県,-,-,-,大型,-,,34
2023-03-01,埼玉県,-,-,-,大型,-,,71
2023-03-01,千葉県,-,-,-,大型,-,,90
2023-03-01,東京都,-,-,-,大型,-,,122
2023-03-01,神奈川県,-,-,-,大型,-,,91
2023-03-01,新潟県,-,-,-,大型,-,,28
2023-03-01,山梨県,-,-,-,大型,-,,12
2023-03-01,長野県,-,-,-,大型,-,,36
2023-03-01,富山県,-,-,-,大型,-,,13
2023-03-01,石川県,-,-,-,大型,-,,19
2023-03-01,福井県,-,-,-,大型,-,,9
2023-03-01,岐阜県,-,-,-,大型,-,,40
2023-03-01,静岡県,-,-,-,大型,-,,25
2023-03-01,愛知県,-,-,-,大型,-,,108
2023-03-01,三重県,-,-,-,大型,-,,43
2023-03-01,滋賀県,-,-,-,大型,-,,42
2023-03-01,京都府,-,-,-,大型,-,,42
2023-03-01,大阪府,-,-,-,大型,-,,158
2023-03-01,兵庫県,-,-,-,大型,-,,79
2023-03-01,奈良県,-,-,-,大型,-,,26
2023-03-01,和歌山県,-,-,-,大型,-,,11
2023-03-01,鳥取県,-,-,-,大型,-,,12
2023-03-01,島根県,-,-,-,大型,-,,17
2023-03-01,岡山県,-,-,-,大型,-,,21
2023-03-01,広島県,-,-,-,大型,-,,35
2023-03-01,山口県,-,-,-,大型,-,,28
2023-03-01,徳島県,-,-,-,大型,-,,5
2023-03-01,香川県,-,-,-,大型,-,,11
2023-03-01,愛媛県,-,-,-,大型,-,,13
2023-03-01,高知県,-,-,-,大型,-,,7
2023-03-01,福岡県,-,-,-,大型,-,,98
2023-03-01,佐賀県,-,-,-,大型,-,,17
2023-03-01,長崎県,-,-,-,大型,-,,18
2023-03-01,熊本県,-,-,-,大型,-,,40
2023-03-01,大分県,-,-,-,大型,-,,33
2023-03-01,宮崎県,-,-,-,大型,-,,18
2023-03-01,鹿児島県,-,-,-,大型,-,,30
2023-03-01,沖縄県,-,-,-,大型,-,,34
2023-04-01,北海道,-,-,-,大型,-,,92
2023-04-01,青森県,-,-,-,大型,-,,29
2023-04-01,岩手県,-,-,-,大型,-,,24
2023-04-01,宮城県,-,-,-,大型,-,,24
2023-04-01,秋田県,-,-,-,大型,-,,21
2023-04-01,山形県,-,-,-,大型,-,,9
2023-04-01,福島県,-,-,-,大型,-,,18
2023-04-01,茨城県,-,-,-,大型,-,,26
2023-04-01,栃木県,-,-,-,大型,-,,23
2023-04-01,群馬県,-,-,-,大型,-,,34
2023-04-01,埼玉県,-,-,-,大型,-,,71
2023-04-01,千葉県,-,-,-,大型,-,,90
2023-04-01,東京都,-,-,-,大型,-,,121
2023-04-01,神奈川県,-,-,-,大型,-,,91
2023-04-01,新潟県,-,-,-,大型,-,,28
2023-04-01,山梨県,-,-,-,大型,-,,12
2023-04-01,長野県,-,-,-,大型,-,,36
2023-04-01,富山県,-,-,-,大型,-,,13
2023-04-01,石川県,-,-,-,大型,-,,19
2023-04-01,福井県,-,-,-,大型,-,,9
2023-04-01,岐阜県,-,-,-,大型,-,,39
2023-04-01,静岡県,-,-,-,大型,-,,24
2023-04-01,愛知県,-,-,-,大型,-,,109
2023-04-01,三重県,-,-,-,大型,-,,43
2023-04-01,滋賀県,-,-,-,大型,-,,42
2023-04-01,京都府,-,-,-,大型,-,,42
2023-04-01,大阪府,-,-,-,大型,-,,159
2023-04-01,兵庫県,-,-,-,大型,-,,79
2023-04-01,奈良県,-,-,-,大型,-,,26
2023-04-01,和歌山県,-,-,-,大型,-,,11
2023-04-01,鳥取県,-,-,-,大型,-,,12
2023-04-01,島根県,-,-,-,大型,-,,17
2023-04-01,岡山県,-,-,-,大型,-,,21
2023-04-01,広島県,-,-,-,大型,-,,35
2023-04-01,山口県,-,-,-,大型,-,,28
2023-04-01,徳島県,-,-,-,大型,-,,5
2023-04-01,香川県,-,-,-,大型,-,,11
2023-04-01,愛媛県,-,-,-,大型,-,,12
2023-04-01,高知県,-,-,-,大型,-,,7
2023-04-01,福岡県,-,-,-,大型,-,,98
2023-04-01,佐賀県,-,-,-,大型,-,,17
2023-04-01,長崎県,-,-,-,大型,-,,18
2023-04-01,熊本県,-,-,-,大型,-,,41
2023-04-01,大分県,-,-,-,大型,-,,33
2023-04-01,宮崎県,-,-,-,大型,-,,19
2023-04-01,鹿児島県,-,-,-,大型,-,,30
2023-04-01,沖縄県,-,-,-,大型,-,,34
2023-05-01,北海道,-,-,-,大型,-,,90
2023-05-01,青森県,-,-,-,大型,-,,29
2023-05-01,岩手県,-,-,-,大型,-,,24
2023-05-01,宮城県,-,-,-,大型,-,,24
2023-05-01,秋田県,-,-,-,大型,-,,21
2023-05-01,山形県,-,-,-,大型,-,,9
2023-05-01,福島県,-,-,-,大型,-,,18
2023-05-01,茨城県,-,-,-,大型,-,,26
2023-05-01,栃木県,-,-,-,大型,-,,23
2023-05-01,群馬県,-,-,-,大型,-,,34
2023-05-01,埼玉県,-,-,-,大型,-,,71
2023-05-01,千葉県,-,-,-,大型,-,,90
2023-05-01,東京都,-,-,-,大型,-,,121
2023-05-01,神奈川県,-,-,-,大型,-,,91
2023-05-01,新潟県,-,-,-,大型,-,,28
2023-05-01,山梨県,-,-,-,大型,-,,12
2023-05-01,長野県,-,-,-,大型,-,,36
2023-05-01,富山県,-,-,-,大型,-,,13
2023-05-01,石川県,-,-,-,大型,-,,19
2023-05-01,福井県,-,-,-,大型,-,,9
2023-05-01,岐阜県,-,-,-,大型,-,,39
2023-05-01,静岡県,-,-,-,大型,-,,25
2023-05-01,愛知県,-,-,-,大型,-,,109
2023-05-01,三重県,-,-,-,大型,-,,43
2023-05-01,滋賀県,-,-,-,大型,-,,41
2023-05-01,京都府,-,-,-,大型,-,,42
2023-05-01,大阪府,-,-,-,大型,-,,159
2023-05-01,兵庫県,-,-,-,大型,-,,79
2023-05-01,奈良県,-,-,-,大型,-,,26
2023-05-01,和歌山県,-,-,-,大型,-,,11
2023-05-01,鳥取県,-,-,-,大型,-,,12
2023-05-01,島根県,-,-,-,大型,-,,17
2023-05-01,岡山県,-,-,-,大型,-,,21
2023-05-01,広島県,-,-,-,大型,-,,34
2023-05-01,山口県,-,-,-,大型,-,,28
2023-05-01,徳島県,-,-,-,大型,-,,5
2023-05-01,香川県,-,-,-,大型,-,,11
2023-05-01,愛媛県,-,-,-,大型,-,,12
2023-05-01,高知県,-,-,-,大型,-,,7
2023-05-01,福岡県,-,-,-,大型,-,,98
2023-05-01,佐賀県,-,-,-,大型,-,,17
2023-05-01,長崎県,-,-,-,大型,-,,18
2023-05-01,熊本県,-,-,-,大型,-,,41
2023-05-01,大分県,-,-,-,大型,-,,33
2023-05-01,宮崎県,-,-,-,大型,-,,19
2023-05-01,鹿児島県,-,-,-,大型,-,,30
2023-05-01,沖縄県,-,-,-,大型,-,,34
2023-06-01,北海道,-,-,-,大型,-,,90
2023-06-01,青森県,-,-,-,大型,-,,29
2023-06-01,岩手県,-,-,-,大型,-,,24
2023-06-01,宮城県,-,-,-,大型,-,,24
2023-06-01,秋田県,-,-,-,大型,-,,21
2023-06-01,山形県,-,-,-,大型,-,,9
2023-06-01,福島県,-,-,-,大型,-,,18
2023-06-01,茨城県,-,-,-,大型,-,,26
2023-06-01,栃木県,-,-,-,大型,-,,23
2023-06-01,群馬県,-,-,-,大型,-,,33
2023-06-01,埼玉県,-,-,-,大型,-,,70
2023-06-01,千葉県,-,-,-,大型,-,,90
2023-06-01,東京都,-,-,-,大型,-,,122
2023-06-01,神奈川県,-,-,-,大型,-,,91
2023-06-01,新潟県,-,-,-,大型,-,,28
2023-06-01,山梨県,-,-,-,大型,-,,12
2023-06-01,長野県,-,-,-,大型,-,,36
2023-06-01,富山県,-,-,-,大型,-,,13
2023-06-01,石川県,-,-,-,大型,-,,19
2023-06-01,福井県,-,-,-,大型,-,,9
2023-06-01,岐阜県,-,-,-,大型,-,,40
2023-06-01,静岡県,-,-,-,大型,-,,25
2023-06-01,愛知県,-,-,-,大型,-,,109
2023-06-01,三重県,-,-,-,大型,-,,44
2023-06-01,滋賀県,-,-,-,大型,-,,41
2023-06-01,京都府,-,-,-,大型,-,,42
2023-06-01,大阪府,-,-,-,大型,-,,159
2023-06-01,兵庫県,-,-,-,大型,-,,79
2023-06-01,奈良県,-,-,-,大型,-,,26
2023-06-01,和歌山県,-,-,-,大型,-,,11
2023-06-01,鳥取県,-,-,-,大型,-,,12
2023-06-01,島根県,-,-,-,大型,-,,17
2023-06-01,岡山県,-,-,-,大型,-,,21
2023-06-01,広島県,-,-,-,大型,-,,34
2023-06-01,山口県,-,-,-,大型,-,,28
2023-06-01,徳島県,-,-,-,大型,-,,5
2023-06-01,香川県,-,-,-,大型,-,,11
2023-06-01,愛媛県,-,-,-,大型,-,,14
2023-06-01,高知県,-,-,-,大型,-,,7
2023-06-01,福岡県,-,-,-,大型,-,,98
2023-06-01,佐賀県,-,-,-,大型,-,,17
2023-06-01,長崎県,-,-,-,大型,-,,18
2023-06-01,熊本県,-,-,-,大型,-,,41
2023-06-01,大分県,-,-,-,大型,-,,33
2023-06-01,宮崎県,-,-,-,大型,-,,19
2023-06-01,鹿児島県,-,-,-,大型,-,,30
2023-06-01,沖縄県,-,-,-,大型,-,,34
2023-07-01,北海道,-,-,-,大型,-,,90
2023-07-01,青森県,-,-,-,大型,-,,28
2023-07-01,岩手県,-,-,-,大型,-,,24
2023-07-01,宮城県,-,-,-,大型,-,,24
2023-07-01,秋田県,-,-,-,大型,-,,22
2023-07-01,山形県,-,-,-,大型,-,,9
2023-07-01,福島県,-,-,-,大型,-,,17
2023-07-01,茨城県,-,-,-,大型,-,,26
2023-07-01,栃木県,-,-,-,大型,-,,23
2023-07-01,群馬県,-,-,-,大型,-,,33
2023-07-01,埼玉県,-,-,-,大型,-,,70
2023-07-01,千葉県,-,-,-,大型,-,,90
2023-07-01,東京都,-,-,-,大型,-,,123
2023-07-01,神奈川県,-,-,-,大型,-,,91
2023-07-01,新潟県,-,-,-,大型,-,,28
2023-07-01,山梨県,-,-,-,大型,-,,12
2023-07-01,長野県,-,-,-,大型,-,,36
2023-07-01,富山県,-,-,-,大型,-,,13
2023-07-01,石川県,-,-,-,大型,-,,19
2023-07-01,福井県,-,-,-,大型,-,,9
2023-07-01,岐阜県,-,-,-,大型,-,,40
2023-07-01,静岡県,-,-,-,大型,-,,25
2023-07-01,愛知県,-,-,-,大型,-,,109
2023-07-01,三重県,-,-,-,大型,-,,44
2023-07-01,滋賀県,-,-,-,大型,-,,41
2023-07-01,京都府,-,-,-,大型,-,,42
2023-07-01,大阪府,-,-,-,大型,-,,158
2023-07-01,兵庫県,-,-,-,大型,-,,79
2023-07-01,奈良県,-,-,-,大型,-,,26
2023-07-01,和歌山県,-,-,-,大型,-,,11
2023-07-01,鳥取県,-,-,-,大型,-,,12
2023-07-01,島根県,-,-,-,大型,-,,17
2023-07-01,岡山県,-,-,-,大型,-,,21
2023-07-01,広島県,-,-,-,大型,-,,34
2023-07-01,山口県,-,-,-,大型,-,,28
2023-07-01,徳島県,-,-,-,大型,-,,5
2023-07-01,香川県,-,-,-,大型,-,,11
2023-07-01,愛媛県,-,-,-,大型,-,,14
2023-07-01,高知県,-,-,-,大型,-,,7
2023-07-01,福岡県,-,-,-,大型,-,,99
2023-07-01,佐賀県,-,-,-,大型,-,,17
2023-07-01,長崎県,-,-,-,大型,-,,18
2023-07-01,熊本県,-,-,-,大型,-,,40
2023-07-01,大分県,-,-,-,大型,-,,35
2023-07-01,宮崎県,-,-,-,大型,-,,19
2023-07-01,鹿児島県,-,-,-,大型,-,,30
2023-07-01,沖縄県,-,-,-,大型,-,,34
2023-08-01,北海道,-,-,-,大型,-,,89
2023-08-01,青森県,-,-,-,大型,-,,28
2023-08-01,岩手県,-,-,-,大型,-,,24
2023-08-01,宮城県,-,-,-,大型,-,,24
2023-08-01,秋田県,-,-,-,大型,-,,22
2023-08-01,山形県,-,-,-,大型,-,,9
2023-08-01,福島県,-,-,-,大型,-,,17
2023-08-01,茨城県,-,-,-,大型,-,,26
2023-08-01,栃木県,-,-,-,大型,-,,23
2023-08-01,群馬県,-,-,-,大型,-,,33
2023-08-01,埼玉県,-,-,-,大型,-,,70
2023-08-01,千葉県,-,-,-,大型,-,,90
2023-08-01,東京都,-,-,-,大型,-,,123
2023-08-01,神奈川県,-,-,-,大型,-,,91
2023-08-01,新潟県,-,-,-,大型,-,,28
2023-08-01,山梨県,-,-,-,大型,-,,12
2023-08-01,長野県,-,-,-,大型,-,,36
2023-08-01,富山県,-,-,-,大型,-,,13
2023-08-01,石川県,-,-,-,大型,-,,19
2023-08-01,福井県,-,-,-,大型,-,,9
2023-08-01,岐阜県,-,-,-,大型,-,,40
2023-08-01,静岡県,-,-,-,大型,-,,25
2023-08-01,愛知県,-,-,-,大型,-,,110
2023-08-01,三重県,-,-,-,大型,-,,45
2023-08-01,滋賀県,-,-,-,大型,-,,41
2023-08-01,京都府,-,-,-,大型,-,,42
2023-08-01,大阪府,-,-,-,大型,-,,157
2023-08-01,兵庫県,-,-,-,大型,-,,79
2023-08-01,奈良県,-,-,-,大型,-,,26
2023-08-01,和歌山県,-,-,-,大型,-,,11
2023-08-01,鳥取県,-,-,-,大型,-,,12
2023-08-01,島根県,-,-,-,大型,-,,17
2023-08-01,岡山県,-,-,-,大型,-,,21
2023-08-01,広島県,-,-,-,大型,-,,34
2023-08-01,山口県,-,-,-,大型,-,,28
2023-08-01,徳島県,-,-,-,大型,-,,5
2023-08-01,香川県,-,-,-,大型,-,,12
2023-08-01,愛媛県,-,-,-,大型,-,,14
2023-08-01,高知県,-,-,-,大型,-,,7
2023-08-01,福岡県,-,-,-,大型,-,,99
2023-08-01,佐賀県,-,-,-,大型,-,,17
2023-08-01,長崎県,-,-,-,大型,-,,18
2023-08-01,熊本県,-,-,-,大型,-,,40
2023-08-01,大分県,-,-,-,大型,-,,35
2023-08-01,宮崎県,-,-,-,大型,-,,19
2023-08-01,鹿児島県,-,-,-,大型,-,,30
2023-08-01,沖縄県,-,-,-,大型,-,,34
2023-09-01,北海道,-,-,-,大型,-,,87
2023-09-01,青森県,-,-,-,大型,-,,28
2023-09-01,岩手県,-,-,-,大型,-,,24
2023-09-01,宮城県,-,-,-,大型,-,,23
2023-09-01,秋田県,-,-,-,大型,-,,22
2023-09-01,山形県,-,-,-,大型,-,,9
2023-09-01,福島県,-,-,-,大型,-,,17
2023-09-01,茨城県,-,-,-,大型,-,,26
2023-09-01,栃木県,-,-,-,大型,-,,23
2023-09-01,群馬県,-,-,-,大型,-,,33
2023-09-01,埼玉県,-,-,-,大型,-,,70
2023-09-01,千葉県,-,-,-,大型,-,,90
2023-09-01,東京都,-,-,-,大型,-,,123
2023-09-01,神奈川県,-,-,-,大型,-,,90
2023-09-01,新潟県,-,-,-,大型,-,,28
2023-09-01,山梨県,-,-,-,大型,-,,12
2023-09-01,長野県,-,-,-,大型,-,,36
2023-09-01,富山県,-,-,-,大型,-,,13
2023-09-01,石川県,-,-,-,大型,-,,19
2023-09-01,福井県,-,-,-,大型,-,,9
2023-09-01,岐阜県,-,-,-,大型,-,,40
2023-09-01,静岡県,-,-,-,大型,-,,24
2023-09-01,愛知県,-,-,-,大型,-,,110
2023-09-01,三重県,-,-,-,大型,-,,44
2023-09-01,滋賀県,-,-,-,大型,-,,41
2023-09-01,京都府,-,-,-,大型,-,,42
2023-09-01,大阪府,-,-,-,大型,-,,158
2023-09-01,兵庫県,-,-,-,大型,-,,79
2023-09-01,奈良県,-,-,-,大型,-,,26
2023-09-01,和歌山県,-,-,-,大型,-,,11
2023-09-01,鳥取県,-,-,-,大型,-,,12
2023-09-01,島根県,-,-,-,大型,-,,17
2023-09-01,岡山県,-,-,-,大型,-,,21
2023-09-01,広島県,-,-,-,大型,-,,34
2023-09-01,山口県,-,-,-,大型,-,,28
2023-09-01,徳島県,-,-,-,大型,-,,5
2023-09-01,香川県,-,-,-,大型,-,,11
2023-09-01,愛媛県,-,-,-,大型,-,,14
2023-09-01,高知県,-,-,-,大型,-,,7
2023-09-01,福岡県,-,-,-,大型,-,,99
2023-09-01,佐賀県,-,-,-,大型,-,,17
2023-09-01,長崎県,-,-,-,大型,-,,18
2023-09-01,熊本県,-,-,-,大型,-,,40
2023-09-01,大分県,-,-,-,大型,-,,35
2023-09-01,宮崎県,-,-,-,大型,-,,19
2023-09-01,鹿児島県,-,-,-,大型,-,,30
2023-09-01,沖縄県,-,-,-,大型,-,,34
2023-10-01,北海道,-,-,-,大型,-,,86
2023-10-01,青森県,-,-,-,大型,-,,28
2023-10-01,岩手県,-,-,-,大型,-,,24
2023-10-01,宮城県,-,-,-,大型,-,,23
2023-10-01,秋田県,-,-,-,大型,-,,22
2023-10-01,山形県,-,-,-,大型,-,,9
2023-10-01,福島県,-,-,-,大型,-,,17
2023-10-01,茨城県,-,-,-,大型,-,,26
2023-10-01,栃木県,-,-,-,大型,-,,23
2023-10-01,群馬県,-,-,-,大型,-,,33
2023-10-01,埼玉県,-,-,-,大型,-,,69
2023-10-01,千葉県,-,-,-,大型,-,,90
2023-10-01,東京都,-,-,-,大型,-,,123
2023-10-01,神奈川県,-,-,-,大型,-,,90
2023-10-01,新潟県,-,-,-,大型,-,,28
2023-10-01,山梨県,-,-,-,大型,-,,12
2023-10-01,長野県,-,-,-,大型,-,,36
2023-10-01,富山県,-,-,-,大型,-,,13
2023-10-01,石川県,-,-,-,大型,-,,19
2023-10-01,福井県,-,-,-,大型,-,,9
2023-10-01,岐阜県,-,-,-,大型,-,,40
2023-10-01,静岡県,-,-,-,大型,-,,25
2023-10-01,愛知県,-,-,-,大型,-,,110
2023-10-01,三重県,-,-,-,大型,-,,44
2023-10-01,滋賀県,-,-,-,大型,-,,41
2023-10-01,京都府,-,-,-,大型,-,,42
2023-10-01,大阪府,-,-,-,大型,-,,159
2023-10-01,兵庫県,-,-,-,大型,-,,79
2023-10-01,奈良県,-,-,-,大型,-,,26
2023-10-01,和歌山県,-,-,-,大型,-,,11
2023-10-01,鳥取県,-,-,-,大型,-,,12
2023-10-01,島根県,-,-,-,大型,-,,17
2023-10-01,岡山県,-,-,-,大型,-,,21
2023-10-01,広島県,-,-,-,大型,-,,34
2023-10-01,山口県,-,-,-,大型,-,,28
2023-10-01,徳島県,-,-,-,大型,-,,5
2023-10-01,香川県,-,-,-,大型,-,,11
2023-10-01,愛媛県,-,-,-,大型,-,,14
2023-10-01,高知県,-,-,-,大型,-,,7
2023-10-01,福岡県,-,-,-,大型,-,,99
2023-10-01,佐賀県,-,-,-,大型,-,,17
2023-10-01,長崎県,-,-,-,大型,-,,18
2023-10-01,熊本県,-,-,-,大型,-,,40
2023-10-01,大分県,-,-,-,大型,-,,35
2023-10-01,宮崎県,-,-,-,大型,-,,19
2023-10-01,鹿児島県,-,-,-,大型,-,,30
2023-10-01,沖縄県,-,-,-,大型,-,,35
2023-11-01,北海道,-,-,-,大型,-,,87
2023-11-01,青森県,-,-,-,大型,-,,28
2023-11-01,岩手県,-,-,-,大型,-,,24
2023-11-01,宮城県,-,-,-,大型,-,,23
2023-11-01,秋田県,-,-,-,大型,-,,22
2023-11-01,山形県,-,-,-,大型,-,,9
2023-11-01,福島県,-,-,-,大型,-,,17
2023-11-01,茨城県,-,-,-,大型,-,,25
2023-11-01,栃木県,-,-,-,大型,-,,23
2023-11-01,群馬県,-,-,-,大型,-,,33
2023-11-01,埼玉県,-,-,-,大型,-,,69
2023-11-01,千葉県,-,-,-,大型,-,,90
2023-11-01,東京都,-,-,-,大型,-,,123
2023-11-01,神奈川県,-,-,-,大型,-,,90
2023-11-01,新潟県,-,-,-,大型,-,,28
2023-11-01,山梨県,-,-,-,大型,-,,12
2023-11-01,長野県,-,-,-,大型,-,,36
2023-11-01,富山県,-,-,-,大型,-,,13
2023-11-01,石川県,-,-,-,大型,-,,19
2023-11-01,福井県,-,-,-,大型,-,,9
2023-11-01,岐阜県,-,-,-,大型,-,,40
2023-11-01,静岡県,-,-,-,大型,-,,25
2023-11-01,愛知県,-,-,-,大型,-,,111
2023-11-01,三重県,-,-,-,大型,-,,44
2023-11-01,滋賀県,-,-,-,大型,-,,40
2023-11-01,京都府,-,-,-,大型,-,,42
2023-11-01,大阪府,-,-,-,大型,-,,157
2023-11-01,兵庫県,-,-,-,大型,-,,79
2023-11-01,奈良県,-,-,-,大型,-,,26
2023-11-01,和歌山県,-,-,-,大型,-,,11
2023-11-01,鳥取県,-,-,-,大型,-,,12
2023-11-01,島根県,-,-,-,大型,-,,17
2023-11-01,岡山県,-,-,-,大型,-,,21
2023-11-01,広島県,-,-,-,大型,-,,34
2023-11-01,山口県,-,-,-,大型,-,,28
2023-11-01,徳島県,-,-,-,大型,-,,5
2023-11-01,香川県,-,-,-,大型,-,,11
2023-11-01,愛媛県,-,-,-,大型,-,,14
2023-11-01,高知県,-,-,-,大型,-,,7
2023-11-01,福岡県,-,-,-,大型,-,,100
2023-11-01,佐賀県,-,-,-,大型,-,,17
2023-11-01,長崎県,-,-,-,大型,-,,18
2023-11-01,熊本県,-,-,-,大型,-,,40
2023-11-01,大分県,-,-,-,大型,-,,35
2023-11-01,宮崎県,-,-,-,大型,-,,19
2023-11-01,鹿児島県,-,-,-,大型,-,,30
2023-11-01,沖縄県,-,-,-,大型,-,,35
2023-12-01,北海道,-,-,-,大型,-,,87
2023-12-01,青森県,-,-,-,大型,-,,27
2023-12-01,岩手県,-,-,-,大型,-,,24
2023-12-01,宮城県,-,-,-,大型,-,,24
2023-12-01,秋田県,-,-,-,大型,-,,22
2023-12-01,山形県,-,-,-,大型,-,,9
2023-12-01,福島県,-,-,-,大型,-,,18
2023-12-01,茨城県,-,-,-,大型,-,,25
2023-12-01,栃木県,-,-,-,大型,-,,23
2023-12-01,群馬県,-,-,-,大型,-,,33
2023-12-01,埼玉県,-,-,-,大型,-,,68
2023-12-01,千葉県,-,-,-,大型,-,,90
2023-12-01,東京都,-,-,-,大型,-,,121
2023-12-01,神奈川県,-,-,-,大型,-,,90
2023-12-01,新潟県,-,-,-,大型,-,,28
2023-12-01,山梨県,-,-,-,大型,-,,12
2023-12-01,長野県,-,-,-,大型,-,,36
2023-12-01,富山県,-,-,-,大型,-,,13
2023-12-01,石川県,-,-,-,大型,-,,19
2023-12-01,福井県,-,-,-,大型,-,,9
2023-12-01,岐阜県,-,-,-,大型,-,,40
2023-12-01,静岡県,-,-,-,大型,-,,25
2023-12-01,愛知県,-,-,-,大型,-,,112
2023-12-01,三重県,-,-,-,大型,-,,45
2023-12-01,滋賀県,-,-,-,大型,-,,40
2023-12-01,京都府,-,-,-,大型,-,,42
2023-12-01,大阪府,-,-,-,大型,-,,157
2023-12-01,兵庫県,-,-,-,大型,-,,79
2023-12-01,奈良県,-,-,-,大型,-,,26
2023-12-01,和歌山県,-,-,-,大型,-,,11
2023-12-01,鳥取県,-,-,-,大型,-,,12
2023-12-01,島根県,-,-,-,大型,-,,18
2023-12-01,岡山県,-,-,-,大型,-,,21
2023-12-01,広島県,-,-,-,大型,-,,34
2023-12-01,山口県,-,-,-,大型,-,,28
2023-12-01,徳島県,-,-,-,大型,-,,5
2023-12-01,香川県,-,-,-,大型,-,,11
2023-12-01,愛媛県,-,-,-,大型,-,,13
2023-12-01,高知県,-,-,-,大型,-,,7
2023-12-01,福岡県,-,-,-,大型,-,,100
2023-12-01,佐賀県,-,-,-,大型,-,,17
2023-12-01,長崎県,-,-,-,大型,-,,18
2023-12-01,熊本県,-,-,-,大型,-,,38
2023-12-01,大分県,-,-,-,大型,-,,35
2023-12-01,宮崎県,-,-,-,大型,-,,19
2023-12-01,鹿児島県,-,-,-,大型,-,,30
2023-12-01,沖縄県,-,-,-,大型,-,,35
2024-01-01,北海道,-,-,-,大型,-,,88
2024-01-01,青森県,-,-,-,大型,-,,27
2024-01-01,岩手県,-,-,-,大型,-,,24
2024-01-01,宮城県,-,-,-,大型,-,,23
2024-01-01,秋田県,-,-,-,大型,-,,22
2024-01-01,山形県,-,-,-,大型,-,,9
2024-01-01,福島県,-,-,-,大型,-,,17
2024-01-01,茨城県,-,-,-,大型,-,,25
2024-01-01,栃木県,-,-,-,大型,-,,23
2024-01-01,群馬県,-,-,-,大型,-,,33
2024-01-01,埼玉県,-,-,-,大型,-,,68
2024-01-01,千葉県,-,-,-,大型,-,,90
2024-01-01,東京都,-,-,-,大型,-,,121
2024-01-01,神奈川県,-,-,-,大型,-,,89
2024-01-01,新潟県,-,-,-,大型,-,,28
2024-01-01,山梨県,-,-,-,大型,-,,12
2024-01-01,長野県,-,-,-,大型,-,,36
2024-01-01,富山県,-,-,-,大型,-,,13
2024-01-01,石川県,-,-,-,大型,-,,19
2024-01-01,福井県,-,-,-,大型,-,,9
2024-01-01,岐阜県,-,-,-,大型,-,,40
2024-01-01,静岡県,-,-,-,大型,-,,25
2024-01-01,愛知県,-,-,-,大型,-,,111
2024-01-01,三重県,-,-,-,大型,-,,45
2024-01-01,滋賀県,-,-,-,大型,-,,40
2024-01-01,京都府,-,-,-,大型,-,,43
2024-01-01,大阪府,-,-,-,大型,-,,157
2024-01-01,兵庫県,-,-,-,大型,-,,79
2024-01-01,奈良県,-,-,-,大型,-,,26
2024-01-01,和歌山県,-,-,-,大型,-,,11
2024-01-01,鳥取県,-,-,-,大型,-,,12
2024-01-01,島根県,-,-,-,大型,-,,18
2024-01-01,岡山県,-,-,-,大型,-,,20
2024-01-01,広島県,-,-,-,大型,-,,34
2024-01-01,山口県,-,-,-,大型,-,,28
2024-01-01,徳島県,-,-,-,大型,-,,5
2024-01-01,香川県,-,-,-,大型,-,,11
2024-01-01,愛媛県,-,-,-,大型,-,,13
2024-01-01,高知県,-,-,-,大型,-,,7
2024-01-01,福岡県,-,-,-,大型,-,,100
2024-01-01,佐賀県,-,-,-,大型,-,,17
2024-01-01,長崎県,-,-,-,大型,-,,18
2024-01-01,熊本県,-,-,-,大型,-,,38
2024-01-01,大分県,-,-,-,大型,-,,35
2024-01-01,宮崎県,-,-,-,大型,-,,19
2024-01-01,鹿児島県,-,-,-,大型,-,,29
2024-01-01,沖縄県,-,-,-,大型,-,,35
2024-02-01,北海道,-,-,-,大型,-,,88
2024-02-01,青森県,-,-,-,大型,-,,27
2024-02-01,岩手県,-,-,-,大型,-,,24
2024-02-01,宮城県,-,-,-,大型,-,,23
2024-02-01,秋田県,-,-,-,大型,-,,22
2024-02-01,山形県,-,-,-,大型,-,,9
2024-02-01,福島県,-,-,-,大型,-,,17
2024-02-01,茨城県,-,-,-,大型,-,,25
2024-02-01,栃木県,-,-,-,大型,-,,23
2024-02-01,群馬県,-,-,-,大型,-,,30
2024-02-01,埼玉県,-,-,-,大型,-,,67
2024-02-01,千葉県,-,-,-,大型,-,,88
2024-02-01,東京都,-,-,-,大型,-,,121
2024-02-01,神奈川県,-,-,-,大型,-,,89
2024-02-01,新潟県,-,-,-,大型,-,,29
2024-02-01,山梨県,-,-,-,大型,-,,12
2024-02-01,長野県,-,-,-,大型,-,,35
2024-02-01,富山県,-,-,-,大型,-,,13
2024-02-01,石川県,-,-,-,大型,-,,19
2024-02-01,福井県,-,-,-,大型,-,,9
2024-02-01,岐阜県,-,-,-,大型,-,,40
2024-02-01,静岡県,-,-,-,大型,-,,25
2024-02-01,愛知県,-,-,-,大型,-,,113
2024-02-01,三重県,-,-,-,大型,-,,44
2024-02-01,滋賀県,-,-,-,大型,-,,39
2024-02-01,京都府,-,-,-,大型,-,,43
2024-02-01,大阪府,-,-,-,大型,-,,158
2024-02-01,兵庫県,-,-,-,大型,-,,79
2024-02-01,奈良県,-,-,-,大型,-,,26
2024-02-01,和歌山県,-,-,-,大型,-,,11
2024-02-01,鳥取県,-,-,-,大型,-,,12
2024-02-01,島根県,-,-,-,大型,-,,18
2024-02-01,岡山県,-,-,-,大型,-,,20
2024-02-01,広島県,-,-,-,大型,-,,34
2024-02-01,山口県,-,-,-,大型,-,,28
2024-02-01,徳島県,-,-,-,大型,-,,5
2024-02-01,香川県,-,-,-,大型,-,,11
2024-02-01,愛媛県,-,-,-,大型,-,,13
2024-02-01,高知県,-,-,-,大型,-,,7
2024-02-01,福岡県,-,-,-,大型,-,,100
2024-02-01,佐賀県,-,-,-,大型,-,,17
2024-02-01,長崎県,-,-,-,大型,-,,18
2024-02-01,熊本県,-,-,-,大型,-,,39
2024-02-01,大分県,-,-,-,大型,-,,34
2024-02-01,宮崎県,-,-,-,大型,-,,19
2024-02-01,鹿児島県,-,-,-,大型,-,,29
2024-02-01,沖縄県,-,-,-,大型,-,,35
2024-03-01,北海道,-,-,-,大型,-,,87
2024-03-01,青森県,-,-,-,大型,-,,26
2024-03-01,岩手県,-,-,-,大型,-,,24
2024-03-01,宮城県,-,-,-,大型,-,,24
2024-03-01,秋田県,-,-,-,大型,-,,22
2024-03-01,山形県,-,-,-,大型,-,,9
2024-03-01,福島県,-,-,-,大型,-,,16
2024-03-01,茨城県,-,-,-,大型,-,,26
2024-03-01,栃木県,-,-,-,大型,-,,23
2024-03-01,群馬県,-,-,-,大型,-,,31
2024-03-01,埼玉県,-,-,-,大型,-,,66
2024-03-01,千葉県,-,-,-,大型,-,,87
2024-03-01,東京都,-,-,-,大型,-,,121
2024-03-01,神奈川県,-,-,-,大型,-,,88
2024-03-01,新潟県,-,-,-,大型,-,,29
2024-03-01,山梨県,-,-,-,大型,-,,12
2024-03-01,長野県,-,-,-,大型,-,,35
2024-03-01,富山県,-,-,-,大型,-,,13
2024-03-01,石川県,-,-,-,大型,-,,19
2024-03-01,福井県,-,-,-,大型,-,,9
2024-03-01,岐阜県,-,-,-,大型,-,,40
2024-03-01,静岡県,-,-,-,大型,-,,25
2024-03-01,愛知県,-,-,-,大型,-,,113
2024-03-01,三重県,-,-,-,大型,-,,45
2024-03-01,滋賀県,-,-,-,大型,-,,39
2024-03-01,京都府,-,-,-,大型,-,,43
2024-03-01,大阪府,-,-,-,大型,-,,155
2024-03-01,兵庫県,-,-,-,大型,-,,79
2024-03-01,奈良県,-,-,-,大型,-,,26
2024-03-01,和歌山県,-,-,-,大型,-,,11
2024-03-01,鳥取県,-,-,-,大型,-,,12
2024-03-01,島根県,-,-,-,大型,-,,18
2024-03-01,岡山県,-,-,-,大型,-,,20
2024-03-01,広島県,-,-,-,大型,-,,34
2024-03-01,山口県,-,-,-,大型,-,,28
2024-03-01,徳島県,-,-,-,大型,-,,5
2024-03-01,香川県,-,-,-,大型,-,,10
2024-03-01,愛媛県,-,-,-,大型,-,,13
2024-03-01,高知県,-,-,-,大型,-,,7
2024-03-01,福岡県,-,-,-,大型,-,,100
2024-03-01,佐賀県,-,-,-,大型,-,,17
2024-03-01,長崎県,-,-,-,大型,-,,18
2024-03-01,熊本県,-,-,-,大型,-,,39
2024-03-01,大分県,-,-,-,大型,-,,36
2024-03-01,宮崎県,-,-,-,大型,-,,19
2024-03-01,鹿児島県,-,-,-,大型,-,,29
2024-03-01,沖縄県,-,-,-,大型,-,,34
2024-04-01,北海道,-,-,-,大型,-,,87
2024-04-01,青森県,-,-,-,大型,-,,25
2024-04-01,岩手県,-,-,-,大型,-,,24
2024-04-01,宮城県,-,-,-,大型,-,,24
2024-04-01,秋田県,-,-,-,大型,-,,22
2024-04-01,山形県,-,-,-,大型,-,,9
2024-04-01,福島県,-,-,-,大型,-,,16
2024-04-01,茨城県,-,-,-,大型,-,,26
2024-04-01,栃木県,-,-,-,大型,-,,23
2024-04-01,群馬県,-,-,-,大型,-,,31
2024-04-01,埼玉県,-,-,-,大型,-,,66
2024-04-01,千葉県,-,-,-,大型,-,,86
2024-04-01,東京都,-,-,-,大型,-,,121
2024-04-01,神奈川県,-,-,-,大型,-,,87
2024-04-01,新潟県,-,-,-,大型,-,,30
2024-04-01,山梨県,-,-,-,大型,-,,12
2024-04-01,長野県,-,-,-,大型,-,,35
2024-04-01,富山県,-,-,-,大型,-,,13
2024-04-01,石川県,-,-,-,大型,-,,19
2024-04-01,福井県,-,-,-,大型,-,,9
2024-04-01,岐阜県,-,-,-,大型,-,,39
2024-04-01,静岡県,-,-,-,大型,-,,27
2024-04-01,愛知県,-,-,-,大型,-,,114
2024-04-01,三重県,-,-,-,大型,-,,45
2024-04-01,滋賀県,-,-,-,大型,-,,39
2024-04-01,京都府,-,-,-,大型,-,,43
2024-04-01,大阪府,-,-,-,大型,-,,155
2024-04-01,兵庫県,-,-,-,大型,-,,79
2024-04-01,奈良県,-,-,-,大型,-,,26
2024-04-01,和歌山県,-,-,-,大型,-,,11
2024-04-01,鳥取県,-,-,-,大型,-,,12
2024-04-01,島根県,-,-,-,大型,-,,18
2024-04-01,岡山県,-,-,-,大型,-,,20
2024-04-01,広島県,-,-,-,大型,-,,34
2024-04-01,山口県,-,-,-,大型,-,,28
2024-04-01,徳島県,-,-,-,大型,-,,5
2024-04-01,香川県,-,-,-,大型,-,,10
2024-04-01,愛媛県,-,-,-,大型,-,,13
2024-04-01,高知県,-,-,-,大型,-,,7
2024-04-01,福岡県,-,-,-,大型,-,,100
2024-04-01,佐賀県,-,-,-,大型,-,,17
2024-04-01,長崎県,-,-,-,大型,-,,19
2024-04-01,熊本県,-,-,-,大型,-,,39
2024-04-01,大分県,-,-,-,大型,-,,36
2024-04-01,宮崎県,-,-,-,大型,-,,19
2024-04-01,鹿児島県,-,-,-,大型,-,,29
2024-04-01,沖縄県,-,-,-,大型,-,,35
2024-05-01,北海道,-,-,-,大型,-,,87
2024-05-01,青森県,-,-,-,大型,-,,25
2024-05-01,岩手県,-,-,-,大型,-,,24
2024-05-01,宮城県,-,-,-,大型,-,,23
2024-05-01,秋田県,-,-,-,大型,-,,22
2024-05-01,山形県,-,-,-,大型,-,,9
2024-05-01,福島県,-,-,-,大型,-,,16
2024-05-01,茨城県,-,-,-,大型,-,,26
2024-05-01,栃木県,-,-,-,大型,-,,23
2024-05-01,群馬県,-,-,-,大型,-,,31
2024-05-01,埼玉県,-,-,-,大型,-,,65
2024-05-01,千葉県,-,-,-,大型,-,,85
2024-05-01,東京都,-,-,-,大型,-,,121
2024-05-01,神奈川県,-,-,-,大型,-,,87
2024-05-01,新潟県,-,-,-,大型,-,,30
2024-05-01,山梨県,-,-,-,大型,-,,12
2024-05-01,長野県,-,-,-,大型,-,,35
2024-05-01,富山県,-,-,-,大型,-,,13
2024-05-01,石川県,-,-,-,大型,-,,19
2024-05-01,福井県,-,-,-,大型,-,,9
2024-05-01,岐阜県,-,-,-,大型,-,,39
2024-05-01,静岡県,-,-,-,大型,-,,27
2024-05-01,愛知県,-,-,-,大型,-,,113
2024-05-01,三重県,-,-,-,大型,-,,45
2024-05-01,滋賀県,-,-,-,大型,-,,39
2024-05-01,京都府,-,-,-,大型,-,,43
2024-05-01,大阪府,-,-,-,大型,-,,155
2024-05-01,兵庫県,-,-,-,大型,-,,79
2024-05-01,奈良県,-,-,-,大型,-,,26
2024-05-01,和歌山県,-,-,-,大型,-,,11
2024-05-01,鳥取県,-,-,-,大型,-,,12
2024-05-01,島根県,-,-,-,大型,-,,18
2024-05-01,岡山県,-,-,-,大型,-,,20
2024-05-01,広島県,-,-,-,大型,-,,34
2024-05-01,山口県,-,-,-,大型,-,,28
2024-05-01,徳島県,-,-,-,大型,-,,5
2024-05-01,香川県,-,-,-,大型,-,,10
2024-05-01,愛媛県,-,-,-,大型,-,,12
2024-05-01,高知県,-,-,-,大型,-,,7
2024-05-01,福岡県,-,-,-,大型,-,,101
2024-05-01,佐賀県,-,-,-,大型,-,,17
2024-05-01,長崎県,-,-,-,大型,-,,19
2024-05-01,熊本県,-,-,-,大型,-,,39
2024-05-01,大分県,-,-,-,大型,-,,36
2024-05-01,宮崎県,-,-,-,大型,-,,19
2024-05-01,鹿児島県,-,-,-,大型,-,,28
2024-05-01,沖縄県,-,-,-,大型,-,,35
2024-06-01,北海道,-,-,-,大型,-,,86
2024-06-01,青森県,-,-,-,大型,-,,25
2024-06-01,岩手県,-,-,-,大型,-,,24
2024-06-01,宮城県,-,-,-,大型,-,,23
2024-06-01,秋田県,-,-,-,大型,-,,22
2024-06-01,山形県,-,-,-,大型,-,,9
2024-06-01,福島県,-,-,-,大型,-,,16
2024-06-01,茨城県,-,-,-,大型,-,,26
2024-06-01,栃木県,-,-,-,大型,-,,23
2024-06-01,群馬県,-,-,-,大型,-,,31
2024-06-01,埼玉県,-,-,-,大型,-,,65
2024-06-01,千葉県,-,-,-,大型,-,,85
2024-06-01,東京都,-,-,-,大型,-,,121
2024-06-01,神奈川県,-,-,-,大型,-,,87
2024-06-01,新潟県,-,-,-,大型,-,,30
2024-06-01,山梨県,-,-,-,大型,-,,12
2024-06-01,長野県,-,-,-,大型,-,,35
2024-06-01,富山県,-,-,-,大型,-,,13
2024-06-01,石川県,-,-,-,大型,-,,19
2024-06-01,福井県,-,-,-,大型,-,,10
2024-06-01,岐阜県,-,-,-,大型,-,,39
2024-06-01,静岡県,-,-,-,大型,-,,27
2024-06-01,愛知県,-,-,-,大型,-,,112
2024-06-01,三重県,-,-,-,大型,-,,45
2024-06-01,滋賀県,-,-,-,大型,-,,40
2024-06-01,京都府,-,-,-,大型,-,,43
2024-06-01,大阪府,-,-,-,大型,-,,155
2024-06-01,兵庫県,-,-,-,大型,-,,79
2024-06-01,奈良県,-,-,-,大型,-,,26
2024-06-01,和歌山県,-,-,-,大型,-,,11
2024-06-01,鳥取県,-,-,-,大型,-,,12
2024-06-01,島根県,-,-,-,大型,-,,18
2024-06-01,岡山県,-,-,-,大型,-,,20
2024-06-01,広島県,-,-,-,大型,-,,34
2024-06-01,山口県,-,-,-,大型,-,,28
2024-06-01,徳島県,-,-,-,大型,-,,5
2024-06-01,香川県,-,-,-,大型,-,,10
2024-06-01,愛媛県,-,-,-,大型,-,,12
2024-06-01,高知県,-,-,-,大型,-,,7
2024-06-01,福岡県,-,-,-,大型,-,,103
2024-06-01,佐賀県,-,-,-,大型,-,,17
2024-06-01,長崎県,-,-,-,大型,-,,19
2024-06-01,熊本県,-,-,-,大型,-,,41
2024-06-01,大分県,-,-,-,大型,-,,35
2024-06-01,宮崎県,-,-,-,大型,-,,19
2024-06-01,鹿児島県,-,-,-,大型,-,,28
2024-06-01,沖縄県,-,-,-,大型,-,,36
2024-07-01,北海道,-,-,-,大型,-,,87
2024-07-01,青森県,-,-,-,大型,-,,25
2024-07-01,岩手県,-,-,-,大型,-,,24
2024-07-01,宮城県,-,-,-,大型,-,,24
2024-07-01,秋田県,-,-,-,大型,-,,22
2024-07-01,山形県,-,-,-,大型,-,,8
2024-07-01,福島県,-,-,-,大型,-,,16
2024-07-01,茨城県,-,-,-,大型,-,,26
2024-07-01,栃木県,-,-,-,大型,-,,23
2024-07-01,群馬県,-,-,-,大型,-,,31
2024-07-01,埼玉県,-,-,-,大型,-,,64
2024-07-01,千葉県,-,-,-,大型,-,,86
2024-07-01,東京都,-,-,-,大型,-,,121
2024-07-01,神奈川県,-,-,-,大型,-,,87
2024-07-01,新潟県,-,-,-,大型,-,,29
2024-07-01,山梨県,-,-,-,大型,-,,12
2024-07-01,長野県,-,-,-,大型,-,,35
2024-07-01,富山県,-,-,-,大型,-,,14
2024-07-01,石川県,-,-,-,大型,-,,19
2024-07-01,福井県,-,-,-,大型,-,,10
2024-07-01,岐阜県,-,-,-,大型,-,,38
2024-07-01,静岡県,-,-,-,大型,-,,27
2024-07-01,愛知県,-,-,-,大型,-,,112
2024-07-01,三重県,-,-,-,大型,-,,45
2024-07-01,滋賀県,-,-,-,大型,-,,40
2024-07-01,京都府,-,-,-,大型,-,,43
2024-07-01,大阪府,-,-,-,大型,-,,155
2024-07-01,兵庫県,-,-,-,大型,-,,79
2024-07-01,奈良県,-,-,-,大型,-,,27
2024-07-01,和歌山県,-,-,-,大型,-,,11
2024-07-01,鳥取県,-,-,-,大型,-,,12
2024-07-01,島根県,-,-,-,大型,-,,18
2024-07-01,岡山県,-,-,-,大型,-,,19
2024-07-01,広島県,-,-,-,大型,-,,33
2024-07-01,山口県,-,-,-,大型,-,,28
2024-07-01,徳島県,-,-,-,大型,-,,5
2024-07-01,香川県,-,-,-,大型,-,,10
2024-07-01,愛媛県,-,-,-,大型,-,,12
2024-07-01,高知県,-,-,-,大型,-,,7
2024-07-01,福岡県,-,-,-,大型,-,,102
2024-07-01,佐賀県,-,-,-,大型,-,,18
2024-07-01,長崎県,-,-,-,大型,-,,19
2024-07-01,熊本県,-,-,-,大型,-,,41
2024-07-01,大分県,-,-,-,大型,-,,35
2024-07-01,宮崎県,-,-,-,大型,-,,19
2024-07-01,鹿児島県,-,-,-,大型,-,,28
2024-07-01,沖縄県,-,-,-,大型,-,,36
2024-08-01,北海道,-,-,-,大型,-,,85
2024-08-01,青森県,-,-,-,大型,-,,25
2024-08-01,岩手県,-,-,-,大型,-,,23
2024-08-01,宮城県,-,-,-,大型,-,,24
2024-08-01,秋田県,-,-,-,大型,-,,22
2024-08-01,山形県,-,-,-,大型,-,,8
2024-08-01,福島県,-,-,-,大型,-,,16
2024-08-01,茨城県,-,-,-,大型,-,,25
2024-08-01,栃木県,-,-,-,大型,-,,23
2024-08-01,群馬県,-,-,-,大型,-,,31
2024-08-01,埼玉県,-,-,-,大型,-,,63
2024-08-01,千葉県,-,-,-,大型,-,,85
2024-08-01,東京都,-,-,-,大型,-,,121
2024-08-01,神奈川県,-,-,-,大型,-,,84
2024-08-01,新潟県,-,-,-,大型,-,,28
2024-08-01,山梨県,-,-,-,大型,-,,12
2024-08-01,長野県,-,-,-,大型,-,,35
2024-08-01,富山県,-,-,-,大型,-,,14
2024-08-01,石川県,-,-,-,大型,-,,19
2024-08-01,福井県,-,-,-,大型,-,,10
2024-08-01,岐阜県,-,-,-,大型,-,,37
2024-08-01,静岡県,-,-,-,大型,-,,27
2024-08-01,愛知県,-,-,-,大型,-,,112
2024-08-01,三重県,-,-,-,大型,-,,45
2024-08-01,滋賀県,-,-,-,大型,-,,40
2024-08-01,京都府,-,-,-,大型,-,,43
2024-08-01,大阪府,-,-,-,大型,-,,154
2024-08-01,兵庫県,-,-,-,大型,-,,79
2024-08-01,奈良県,-,-,-,大型,-,,27
2024-08-01,和歌山県,-,-,-,大型,-,,11
2024-08-01,鳥取県,-,-,-,大型,-,,12
2024-08-01,島根県,-,-,-,大型,-,,19
2024-08-01,岡山県,-,-,-,大型,-,,19
2024-08-01,広島県,-,-,-,大型,-,,33
2024-08-01,山口県,-,-,-,大型,-,,28
2024-08-01,徳島県,-,-,-,大型,-,,5
2024-08-01,香川県,-,-,-,大型,-,,10
2024-08-01,愛媛県,-,-,-,大型,-,,12
2024-08-01,高知県,-,-,-,大型,-,,7
2024-08-01,福岡県,-,-,-,大型,-,,103
2024-08-01,佐賀県,-,-,-,大型,-,,18
2024-08-01,長崎県,-,-,-,大型,-,,20
2024-08-01,熊本県,-,-,-,大型,-,,41
2024-08-01,大分県,-,-,-,大型,-,,35
2024-08-01,宮崎県,-,-,-,大型,-,,20
2024-08-01,鹿児島県,-,-,-,大型,-,,28
2024-08-01,沖縄県,-,-,-,大型,-,,35
2024-09-01,北海道,-,-,-,大型,-,,78
2024-09-01,青森県,-,-,-,大型,-,,25
2024-09-01,岩手県,-,-,-,大型,-,,23
2024-09-01,宮城県,-,-,-,大型,-,,25
2024-09-01,秋田県,-,-,-,大型,-,,22
2024-09-01,山形県,-,-,-,大型,-,,8
2024-09-01,福島県,-,-,-,大型,-,,16
2024-09-01,茨城県,-,-,-,大型,-,,24
2024-09-01,栃木県,-,-,-,大型,-,,23
2024-09-01,群馬県,-,-,-,大型,-,,31
2024-09-01,埼玉県,-,-,-,大型,-,,63
2024-09-01,千葉県,-,-,-,大型,-,,85
2024-09-01,東京都,-,-,-,大型,-,,121
2024-09-01,神奈川県,-,-,-,大型,-,,84
2024-09-01,新潟県,-,-,-,大型,-,,28
2024-09-01,山梨県,-,-,-,大型,-,,12
2024-09-01,長野県,-,-,-,大型,-,,35
2024-09-01,富山県,-,-,-,大型,-,,14
2024-09-01,石川県,-,-,-,大型,-,,19
2024-09-01,福井県,-,-,-,大型,-,,10
2024-09-01,岐阜県,-,-,-,大型,-,,37
2024-09-01,静岡県,-,-,-,大型,-,,26
2024-09-01,愛知県,-,-,-,大型,-,,112
2024-09-01,三重県,-,-,-,大型,-,,45
2024-09-01,滋賀県,-,-,-,大型,-,,40
2024-09-01,京都府,-,-,-,大型,-,,43
2024-09-01,大阪府,-,-,-,大型,-,,155
2024-09-01,兵庫県,-,-,-,大型,-,,79
2024-09-01,奈良県,-,-,-,大型,-,,27
2024-09-01,和歌山県,-,-,-,大型,-,,11
2024-09-01,鳥取県,-,-,-,大型,-,,12
2024-09-01,島根県,-,-,-,大型,-,,19
2024-09-01,岡山県,-,-,-,大型,-,,19
2024-09-01,広島県,-,-,-,大型,-,,33
2024-09-01,山口県,-,-,-,大型,-,,28
2024-09-01,徳島県,-,-,-,大型,-,,5
2024-09-01,香川県,-,-,-,大型,-,,11
2024-09-01,愛媛県,-,-,-,大型,-,,11
2024-09-01,高知県,-,-,-,大型,-,,7
2024-09-01,福岡県,-,-,-,大型,-,,103
2024-09-01,佐賀県,-,-,-,大型,-,,18
2024-09-01,長崎県,-,-,-,大型,-,,20
2024-09-01,熊本県,-,-,-,大型,-,,40
2024-09-01,大分県,-,-,-,大型,-,,36
2024-09-01,宮崎県,-,-,-,大型,-,,20
2024-09-01,鹿児島県,-,-,-,大型,-,,28
2024-09-01,沖縄県,-,-,-,大型,-,,36
2013-09-01,北海道,-,-,-,中型,-,,802
2013-09-01,青森県,-,-,-,中型,-,,172
2013-09-01,岩手県,-,-,-,中型,-,,183
2013-09-01,宮城県,-,-,-,中型,-,,281
2013-09-01,秋田県,-,-,-,中型,-,,133
2013-09-01,山形県,-,-,-,中型,-,,187
2013-09-01,福島県,-,-,-,中型,-,,227
2013-09-01,茨城県,-,-,-,中型,-,,325
2013-09-01,栃木県,-,-,-,中型,-,,237
2013-09-01,群馬県,-,-,-,中型,-,,196
2013-09-01,埼玉県,-,-,-,中型,-,,715
2013-09-01,千葉県,-,-,-,中型,-,,544
2013-09-01,東京都,-,-,-,中型,-,,1148
2013-09-01,神奈川県,-,-,-,中型,-,,855
2013-09-01,新潟県,-,-,-,中型,-,,284
2013-09-01,山梨県,-,-,-,中型,-,,104
2013-09-01,長野県,-,-,-,中型,-,,269
2013-09-01,富山県,-,-,-,中型,-,,122
2013-09-01,石川県,-,-,-,中型,-,,132
2013-09-01,福井県,-,-,-,中型,-,,118
2013-09-01,岐阜県,-,-,-,中型,-,,195
2013-09-01,静岡県,-,-,-,中型,-,,433
2013-09-01,愛知県,-,-,-,中型,-,,713
2013-09-01,三重県,-,-,-,中型,-,,250
2013-09-01,滋賀県,-,-,-,中型,-,,146
2013-09-01,京都府,-,-,-,中型,-,,300
2013-09-01,大阪府,-,-,-,中型,-,,922
2013-09-01,兵庫県,-,-,-,中型,-,,684
2013-09-01,奈良県,-,-,-,中型,-,,154
2013-09-01,和歌山県,-,-,-,中型,-,,128
2013-09-01,鳥取県,-,-,-,中型,-,,93
2013-09-01,島根県,-,-,-,中型,-,,130
2013-09-01,岡山県,-,-,-,中型,-,,235
2013-09-01,広島県,-,-,-,中型,-,,408
2013-09-01,山口県,-,-,-,中型,-,,226
2013-09-01,徳島県,-,-,-,中型,-,,109
2013-09-01,香川県,-,-,-,中型,-,,155
2013-09-01,愛媛県,-,-,-,中型,-,,229
2013-09-01,高知県,-,-,-,中型,-,,110
2013-09-01,福岡県,-,-,-,中型,-,,586
2013-09-01,佐賀県,-,-,-,中型,-,,116
2013-09-01,長崎県,-,-,-,中型,-,,150
2013-09-01,熊本県,-,-,-,中型,-,,131
2013-09-01,大分県,-,-,-,中型,-,,184
2013-09-01,宮崎県,-,-,-,中型,-,,173
2013-09-01,鹿児島県,-,-,-,中型,-,,240
2013-09-01,沖縄県,-,-,-,中型,-,,231
2013-10-01,北海道,-,-,-,中型,-,,801
2013-10-01,青森県,-,-,-,中型,-,,174
2013-10-01,岩手県,-,-,-,中型,-,,189
2013-10-01,宮城県,-,-,-,中型,-,,282
2013-10-01,秋田県,-,-,-,中型,-,,133
2013-10-01,山形県,-,-,-,中型,-,,187
2013-10-01,福島県,-,-,-,中型,-,,227
2013-10-01,茨城県,-,-,-,中型,-,,326
2013-10-01,栃木県,-,-,-,中型,-,,237
2013-10-01,群馬県,-,-,-,中型,-,,197
2013-10-01,埼玉県,-,-,-,中型,-,,716
2013-10-01,千葉県,-,-,-,中型,-,,544
2013-10-01,東京都,-,-,-,中型,-,,1156
2013-10-01,神奈川県,-,-,-,中型,-,,861
2013-10-01,新潟県,-,-,-,中型,-,,282
2013-10-01,山梨県,-,-,-,中型,-,,105
2013-10-01,長野県,-,-,-,中型,-,,270
2013-10-01,富山県,-,-,-,中型,-,,122
2013-10-01,石川県,-,-,-,中型,-,,133
2013-10-01,福井県,-,-,-,中型,-,,118
2013-10-01,岐阜県,-,-,-,中型,-,,196
2013-10-01,静岡県,-,-,-,中型,-,,432
2013-10-01,愛知県,-,-,-,中型,-,,716
2013-10-01,三重県,-,-,-,中型,-,,253
2013-10-01,滋賀県,-,-,-,中型,-,,149
2013-10-01,京都府,-,-,-,中型,-,,301
2013-10-01,大阪府,-,-,-,中型,-,,927
2013-10-01,兵庫県,-,-,-,中型,-,,694
2013-10-01,奈良県,-,-,-,中型,-,,154
2013-10-01,和歌山県,-,-,-,中型,-,,128
2013-10-01,鳥取県,-,-,-,中型,-,,93
2013-10-01,島根県,-,-,-,中型,-,,130
2013-10-01,岡山県,-,-,-,中型,-,,235
2013-10-01,広島県,-,-,-,中型,-,,407
2013-10-01,山口県,-,-,-,中型,-,,229
2013-10-01,徳島県,-,-,-,中型,-,,109
2013-10-01,香川県,-,-,-,中型,-,,156
2013-10-01,愛媛県,-,-,-,中型,-,,227
2013-10-01,高知県,-,-,-,中型,-,,110
2013-10-01,福岡県,-,-,-,中型,-,,585
2013-10-01,佐賀県,-,-,-,中型,-,,116
2013-10-01,長崎県,-,-,-,中型,-,,150
2013-10-01,熊本県,-,-,-,中型,-,,136
2013-10-01,大分県,-,-,-,中型,-,,184
2013-10-01,宮崎県,-,-,-,中型,-,,173
2013-10-01,鹿児島県,-,-,-,中型,-,,240
2013-10-01,沖縄県,-,-,-,中型,-,,232
2013-11-01,北海道,-,-,-,中型,-,,803
2013-11-01,青森県,-,-,-,中型,-,,174
2013-11-01,岩手県,-,-,-,中型,-,,190
2013-11-01,宮城県,-,-,-,中型,-,,282
2013-11-01,秋田県,-,-,-,中型,-,,133
2013-11-01,山形県,-,-,-,中型,-,,186
2013-11-01,福島県,-,-,-,中型,-,,231
2013-11-01,茨城県,-,-,-,中型,-,,327
2013-11-01,栃木県,-,-,-,中型,-,,235
2013-11-01,群馬県,-,-,-,中型,-,,198
2013-11-01,埼玉県,-,-,-,中型,-,,718
2013-11-01,千葉県,-,-,-,中型,-,,549
2013-11-01,東京都,-,-,-,中型,-,,1163
2013-11-01,神奈川県,-,-,-,中型,-,,864
2013-11-01,新潟県,-,-,-,中型,-,,287
2013-11-01,山梨県,-,-,-,中型,-,,104
2013-11-01,長野県,-,-,-,中型,-,,271
2013-11-01,富山県,-,-,-,中型,-,,122
2013-11-01,石川県,-,-,-,中型,-,,133
2013-11-01,福井県,-,-,-,中型,-,,118
2013-11-01,岐阜県,-,-,-,中型,-,,196
2013-11-01,静岡県,-,-,-,中型,-,,433
2013-11-01,愛知県,-,-,-,中型,-,,718
2013-11-01,三重県,-,-,-,中型,-,,254
2013-11-01,滋賀県,-,-,-,中型,-,,151
2013-11-01,京都府,-,-,-,中型,-,,301
2013-11-01,大阪府,-,-,-,中型,-,,929
2013-11-01,兵庫県,-,-,-,中型,-,,696
2013-11-01,奈良県,-,-,-,中型,-,,154
2013-11-01,和歌山県,-,-,-,中型,-,,128
2013-11-01,鳥取県,-,-,-,中型,-,,94
2013-11-01,島根県,-,-,-,中型,-,,130
2013-11-01,岡山県,-,-,-,中型,-,,237
2013-11-01,広島県,-,-,-,中型,-,,409
2013-11-01,山口県,-,-,-,中型,-,,228
2013-11-01,徳島県,-,-,-,中型,-,,109
2013-11-01,香川県,-,-,-,中型,-,,156
2013-11-01,愛媛県,-,-,-,中型,-,,229
2013-11-01,高知県,-,-,-,中型,-,,109
2013-11-01,福岡県,-,-,-,中型,-,,585
2013-11-01,佐賀県,-,-,-,中型,-,,116
2013-11-01,長崎県,-,-,-,中型,-,,152
2013-11-01,熊本県,-,-,-,中型,-,,137
2013-11-01,大分県,-,-,-,中型,-,,184
2013-11-01,宮崎県,-,-,-,中型,-,,173
2013-11-01,鹿児島県,-,-,-,中型,-,,239
2013-11-01,沖縄県,-,-,-,中型,-,,233
2013-12-01,北海道,-,-,-,中型,-,,808
2013-12-01,青森県,-,-,-,中型,-,,174
2013-12-01,岩手県,-,-,-,中型,-,,191
2013-12-01,宮城県,-,-,-,中型,-,,282
2013-12-01,秋田県,-,-,-,中型,-,,133
2013-12-01,山形県,-,-,-,中型,-,,187
2013-12-01,福島県,-,-,-,中型,-,,232
2013-12-01,茨城県,-,-,-,中型,-,,327
2013-12-01,栃木県,-,-,-,中型,-,,234
2013-12-01,群馬県,-,-,-,中型,-,,203
2013-12-01,埼玉県,-,-,-,中型,-,,721
2013-12-01,千葉県,-,-,-,中型,-,,556
2013-12-01,東京都,-,-,-,中型,-,,1166
2013-12-01,神奈川県,-,-,-,中型,-,,865
2013-12-01,新潟県,-,-,-,中型,-,,287
2013-12-01,山梨県,-,-,-,中型,-,,104
2013-12-01,長野県,-,-,-,中型,-,,272
2013-12-01,富山県,-,-,-,中型,-,,122
2013-12-01,石川県,-,-,-,中型,-,,133
2013-12-01,福井県,-,-,-,中型,-,,121
2013-12-01,岐阜県,-,-,-,中型,-,,195
2013-12-01,静岡県,-,-,-,中型,-,,434
2013-12-01,愛知県,-,-,-,中型,-,,724
2013-12-01,三重県,-,-,-,中型,-,,253
2013-12-01,滋賀県,-,-,-,中型,-,,151
2013-12-01,京都府,-,-,-,中型,-,,305
2013-12-01,大阪府,-,-,-,中型,-,,929
2013-12-01,兵庫県,-,-,-,中型,-,,697
2013-12-01,奈良県,-,-,-,中型,-,,158
2013-12-01,和歌山県,-,-,-,中型,-,,133
2013-12-01,鳥取県,-,-,-,中型,-,,94
2013-12-01,島根県,-,-,-,中型,-,,130
2013-12-01,岡山県,-,-,-,中型,-,,246
2013-12-01,広島県,-,-,-,中型,-,,408
2013-12-01,山口県,-,-,-,中型,-,,229
2013-12-01,徳島県,-,-,-,中型,-,,110
2013-12-01,香川県,-,-,-,中型,-,,156
2013-12-01,愛媛県,-,-,-,中型,-,,229
2013-12-01,高知県,-,-,-,中型,-,,119
2013-12-01,福岡県,-,-,-,中型,-,,589
2013-12-01,佐賀県,-,-,-,中型,-,,116
2013-12-01,長崎県,-,-,-,中型,-,,152
2013-12-01,熊本県,-,-,-,中型,-,,138
2013-12-01,大分県,-,-,-,中型,-,,186
2013-12-01,宮崎県,-,-,-,中型,-,,173
2013-12-01,鹿児島県,-,-,-,中型,-,,240
2013-12-01,沖縄県,-,-,-,中型,-,,232
2014-01-01,北海道,-,-,-,中型,-,,818
2014-01-01,青森県,-,-,-,中型,-,,174
2014-01-01,岩手県,-,-,-,中型,-,,191
2014-01-01,宮城県,-,-,-,中型,-,,282
2014-01-01,秋田県,-,-,-,中型,-,,133
2014-01-01,山形県,-,-,-,中型,-,,187
2014-01-01,福島県,-,-,-,中型,-,,232
2014-01-01,茨城県,-,-,-,中型,-,,326
2014-01-01,栃木県,-,-,-,中型,-,,235
2014-01-01,群馬県,-,-,-,中型,-,,203
2014-01-01,埼玉県,-,-,-,中型,-,,720
2014-01-01,千葉県,-,-,-,中型,-,,555
2014-01-01,東京都,-,-,-,中型,-,,1169
2014-01-01,神奈川県,-,-,-,中型,-,,839
2014-01-01,新潟県,-,-,-,中型,-,,286
2014-01-01,山梨県,-,-,-,中型,-,,104
2014-01-01,長野県,-,-,-,中型,-,,272
2014-01-01,富山県,-,-,-,中型,-,,123
2014-01-01,石川県,-,-,-,中型,-,,134
2014-01-01,福井県,-,-,-,中型,-,,121
2014-01-01,岐阜県,-,-,-,中型,-,,195
2014-01-01,静岡県,-,-,-,中型,-,,434
2014-01-01,愛知県,-,-,-,中型,-,,722
2014-01-01,三重県,-,-,-,中型,-,,253
2014-01-01,滋賀県,-,-,-,中型,-,,150
2014-01-01,京都府,-,-,-,中型,-,,303
2014-01-01,大阪府,-,-,-,中型,-,,930
2014-01-01,兵庫県,-,-,-,中型,-,,696
2014-01-01,奈良県,-,-,-,中型,-,,158
2014-01-01,和歌山県,-,-,-,中型,-,,132
2014-01-01,鳥取県,-,-,-,中型,-,,94
2014-01-01,島根県,-,-,-,中型,-,,130
2014-01-01,岡山県,-,-,-,中型,-,,246
2014-01-01,広島県,-,-,-,中型,-,,408
2014-01-01,山口県,-,-,-,中型,-,,229
2014-01-01,徳島県,-,-,-,中型,-,,111
2014-01-01,香川県,-,-,-,中型,-,,156
2014-01-01,愛媛県,-,-,-,中型,-,,226
2014-01-01,高知県,-,-,-,中型,-,,119
2014-01-01,福岡県,-,-,-,中型,-,,590
2014-01-01,佐賀県,-,-,-,中型,-,,116
2014-01-01,長崎県,-,-,-,中型,-,,152
2014-01-01,熊本県,-,-,-,中型,-,,139
2014-01-01,大分県,-,-,-,中型,-,,186
2014-01-01,宮崎県,-,-,-,中型,-,,173
2014-01-01,鹿児島県,-,-,-,中型,-,,239
2014-01-01,沖縄県,-,-,-,中型,-,,232
2014-02-01,北海道,-,-,-,中型,-,,817
2014-02-01,青森県,-,-,-,中型,-,,174
2014-02-01,岩手県,-,-,-,中型,-,,190
2014-02-01,宮城県,-,-,-,中型,-,,282
2014-02-01,秋田県,-,-,-,中型,-,,132
2014-02-01,山形県,-,-,-,中型,-,,187
2014-02-01,福島県,-,-,-,中型,-,,233
2014-02-01,茨城県,-,-,-,中型,-,,325
2014-02-01,栃木県,-,-,-,中型,-,,235
2014-02-01,群馬県,-,-,-,中型,-,,203
2014-02-01,埼玉県,-,-,-,中型,-,,720
2014-02-01,千葉県,-,-,-,中型,-,,554
2014-02-01,東京都,-,-,-,中型,-,,1163
2014-02-01,神奈川県,-,-,-,中型,-,,834
2014-02-01,新潟県,-,-,-,中型,-,,285
2014-02-01,山梨県,-,-,-,中型,-,,104
2014-02-01,長野県,-,-,-,中型,-,,266
2014-02-01,富山県,-,-,-,中型,-,,123
2014-02-01,石川県,-,-,-,中型,-,,133
2014-02-01,福井県,-,-,-,中型,-,,121
2014-02-01,岐阜県,-,-,-,中型,-,,194
2014-02-01,静岡県,-,-,-,中型,-,,430
2014-02-01,愛知県,-,-,-,中型,-,,720
2014-02-01,三重県,-,-,-,中型,-,,251
2014-02-01,滋賀県,-,-,-,中型,-,,150
2014-02-01,京都府,-,-,-,中型,-,,302
2014-02-01,大阪府,-,-,-,中型,-,,932
2014-02-01,兵庫県,-,-,-,中型,-,,695
2014-02-01,奈良県,-,-,-,中型,-,,157
2014-02-01,和歌山県,-,-,-,中型,-,,130
2014-02-01,鳥取県,-,-,-,中型,-,,94
2014-02-01,島根県,-,-,-,中型,-,,133
2014-02-01,岡山県,-,-,-,中型,-,,247
2014-02-01,広島県,-,-,-,中型,-,,407
2014-02-01,山口県,-,-,-,中型,-,,228
2014-02-01,徳島県,-,-,-,中型,-,,111
2014-02-01,香川県,-,-,-,中型,-,,155
2014-02-01,愛媛県,-,-,-,中型,-,,226
2014-02-01,高知県,-,-,-,中型,-,,120
2014-02-01,福岡県,-,-,-,中型,-,,589
2014-02-01,佐賀県,-,-,-,中型,-,,116
2014-02-01,長崎県,-,-,-,中型,-,,151
2014-02-01,熊本県,-,-,-,中型,-,,142
2014-02-01,大分県,-,-,-,中型,-,,185
2014-02-01,宮崎県,-,-,-,中型,-,,173
2014-02-01,鹿児島県,-,-,-,中型,-,,237
2014-02-01,沖縄県,-,-,-,中型,-,,232
2014-03-01,北海道,-,-,-,中型,-,,810
2014-03-01,青森県,-,-,-,中型,-,,175
2014-03-01,岩手県,-,-,-,中型,-,,188
2014-03-01,宮城県,-,-,-,中型,-,,282
2014-03-01,秋田県,-,-,-,中型,-,,132
2014-03-01,山形県,-,-,-,中型,-,,187
2014-03-01,福島県,-,-,-,中型,-,,234
2014-03-01,茨城県,-,-,-,中型,-,,329
2014-03-01,栃木県,-,-,-,中型,-,,234
2014-03-01,群馬県,-,-,-,中型,-,,202
2014-03-01,埼玉県,-,-,-,中型,-,,722
2014-03-01,千葉県,-,-,-,中型,-,,556
2014-03-01,東京都,-,-,-,中型,-,,1168
2014-03-01,神奈川県,-,-,-,中型,-,,831
2014-03-01,新潟県,-,-,-,中型,-,,284
2014-03-01,山梨県,-,-,-,中型,-,,104
2014-03-01,長野県,-,-,-,中型,-,,268
2014-03-01,富山県,-,-,-,中型,-,,123
2014-03-01,石川県,-,-,-,中型,-,,132
2014-03-01,福井県,-,-,-,中型,-,,121
2014-03-01,岐阜県,-,-,-,中型,-,,195
2014-03-01,静岡県,-,-,-,中型,-,,429
2014-03-01,愛知県,-,-,-,中型,-,,711
2014-03-01,三重県,-,-,-,中型,-,,252
2014-03-01,滋賀県,-,-,-,中型,-,,150
2014-03-01,京都府,-,-,-,中型,-,,304
2014-03-01,大阪府,-,-,-,中型,-,,942
2014-03-01,兵庫県,-,-,-,中型,-,,694
2014-03-01,奈良県,-,-,-,中型,-,,157
2014-03-01,和歌山県,-,-,-,中型,-,,130
2014-03-01,鳥取県,-,-,-,中型,-,,94
2014-03-01,島根県,-,-,-,中型,-,,133
2014-03-01,岡山県,-,-,-,中型,-,,245
2014-03-01,広島県,-,-,-,中型,-,,404
2014-03-01,山口県,-,-,-,中型,-,,227
2014-03-01,徳島県,-,-,-,中型,-,,111
2014-03-01,香川県,-,-,-,中型,-,,154
2014-03-01,愛媛県,-,-,-,中型,-,,226
2014-03-01,高知県,-,-,-,中型,-,,119
2014-03-01,福岡県,-,-,-,中型,-,,587
2014-03-01,佐賀県,-,-,-,中型,-,,116
2014-03-01,長崎県,-,-,-,中型,-,,150
2014-03-01,熊本県,-,-,-,中型,-,,143
2014-03-01,大分県,-,-,-,中型,-,,184
2014-03-01,宮崎県,-,-,-,中型,-,,173
2014-03-01,鹿児島県,-,-,-,中型,-,,237
2014-03-01,沖縄県,-,-,-,中型,-,,231
2014-04-01,北海道,-,-,-,中型,-,,812
2014-04-01,青森県,-,-,-,中型,-,,177
2014-04-01,岩手県,-,-,-,中型,-,,186
2014-04-01,宮城県,-,-,-,中型,-,,282
2014-04-01,秋田県,-,-,-,中型,-,,132
2014-04-01,山形県,-,-,-,中型,-,,186
2014-04-01,福島県,-,-,-,中型,-,,234
2014-04-01,茨城県,-,-,-,中型,-,,329
2014-04-01,栃木県,-,-,-,中型,-,,232
2014-04-01,群馬県,-,-,-,中型,-,,200
2014-04-01,埼玉県,-,-,-,中型,-,,724
2014-04-01,千葉県,-,-,-,中型,-,,555
2014-04-01,東京都,-,-,-,中型,-,,1196
2014-04-01,神奈川県,-,-,-,中型,-,,844
2014-04-01,新潟県,-,-,-,中型,-,,285
2014-04-01,山梨県,-,-,-,中型,-,,102
2014-04-01,長野県,-,-,-,中型,-,,263
2014-04-01,富山県,-,-,-,中型,-,,123
2014-04-01,石川県,-,-,-,中型,-,,133
2014-04-01,福井県,-,-,-,中型,-,,121
2014-04-01,岐阜県,-,-,-,中型,-,,196
2014-04-01,静岡県,-,-,-,中型,-,,436
2014-04-01,愛知県,-,-,-,中型,-,,714
2014-04-01,三重県,-,-,-,中型,-,,254
2014-04-01,滋賀県,-,-,-,中型,-,,142
2014-04-01,京都府,-,-,-,中型,-,,300
2014-04-01,大阪府,-,-,-,中型,-,,972
2014-04-01,兵庫県,-,-,-,中型,-,,694
2014-04-01,奈良県,-,-,-,中型,-,,158
2014-04-01,和歌山県,-,-,-,中型,-,,134
2014-04-01,鳥取県,-,-,-,中型,-,,94
2014-04-01,島根県,-,-,-,中型,-,,132
2014-04-01,岡山県,-,-,-,中型,-,,245
2014-04-01,広島県,-,-,-,中型,-,,405
2014-04-01,山口県,-,-,-,中型,-,,226
2014-04-01,徳島県,-,-,-,中型,-,,113
2014-04-01,香川県,-,-,-,中型,-,,154
2014-04-01,愛媛県,-,-,-,中型,-,,226
2014-04-01,高知県,-,-,-,中型,-,,119
2014-04-01,福岡県,-,-,-,中型,-,,585
2014-04-01,佐賀県,-,-,-,中型,-,,116
2014-04-01,長崎県,-,-,-,中型,-,,151
2014-04-01,熊本県,-,-,-,中型,-,,143
2014-04-01,大分県,-,-,-,中型,-,,183
2014-04-01,宮崎県,-,-,-,中型,-,,172
2014-04-01,鹿児島県,-,-,-,中型,-,,236
2014-04-01,沖縄県,-,-,-,中型,-,,234
2014-05-01,北海道,-,-,-,中型,-,,813
2014-05-01,青森県,-,-,-,中型,-,,177
2014-05-01,岩手県,-,-,-,中型,-,,189
2014-05-01,宮城県,-,-,-,中型,-,,283
2014-05-01,秋田県,-,-,-,中型,-,,132
2014-05-01,山形県,-,-,-,中型,-,,186
2014-05-01,福島県,-,-,-,中型,-,,234
2014-05-01,茨城県,-,-,-,中型,-,,329
2014-05-01,栃木県,-,-,-,中型,-,,233
2014-05-01,群馬県,-,-,-,中型,-,,199
2014-05-01,埼玉県,-,-,-,中型,-,,724
2014-05-01,千葉県,-,-,-,中型,-,,556
2014-05-01,東京都,-,-,-,中型,-,,1193
2014-05-01,神奈川県,-,-,-,中型,-,,844
2014-05-01,新潟県,-,-,-,中型,-,,286
2014-05-01,山梨県,-,-,-,中型,-,,102
2014-05-01,長野県,-,-,-,中型,-,,264
2014-05-01,富山県,-,-,-,中型,-,,123
2014-05-01,石川県,-,-,-,中型,-,,133
2014-05-01,福井県,-,-,-,中型,-,,120
2014-05-01,岐阜県,-,-,-,中型,-,,196
2014-05-01,静岡県,-,-,-,中型,-,,435
2014-05-01,愛知県,-,-,-,中型,-,,710
2014-05-01,三重県,-,-,-,中型,-,,251
2014-05-01,滋賀県,-,-,-,中型,-,,142
2014-05-01,京都府,-,-,-,中型,-,,299
2014-05-01,大阪府,-,-,-,中型,-,,972
2014-05-01,兵庫県,-,-,-,中型,-,,695
2014-05-01,奈良県,-,-,-,中型,-,,157
2014-05-01,和歌山県,-,-,-,中型,-,,134
2014-05-01,鳥取県,-,-,-,中型,-,,92
2014-05-01,島根県,-,-,-,中型,-,,133
2014-05-01,岡山県,-,-,-,中型,-,,245
2014-05-01,広島県,-,-,-,中型,-,,408
2014-05-01,山口県,-,-,-,中型,-,,224
2014-05-01,徳島県,-,-,-,中型,-,,114
2014-05-01,香川県,-,-,-,中型,-,,154
2014-05-01,愛媛県,-,-,-,中型,-,,223
2014-05-01,高知県,-,-,-,中型,-,,117
2014-05-01,福岡県,-,-,-,中型,-,,585
2014-05-01,佐賀県,-,-,-,中型,-,,116
2014-05-01,長崎県,-,-,-,中型,-,,151
2014-05-01,熊本県,-,-,-,中型,-,,143
2014-05-01,大分県,-,-,-,中型,-,,183
2014-05-01,宮崎県,-,-,-,中型,-,,172
2014-05-01,鹿児島県,-,-,-,中型,-,,236
2014-05-01,沖縄県,-,-,-,中型,-,,234
2014-06-01,北海道,-,-,-,中型,-,,814
2014-06-01,青森県,-,-,-,中型,-,,178
2014-06-01,岩手県,-,-,-,中型,-,,189
2014-06-01,宮城県,-,-,-,中型,-,,283
2014-06-01,秋田県,-,-,-,中型,-,,133
2014-06-01,山形県,-,-,-,中型,-,,187
2014-06-01,福島県,-,-,-,中型,-,,234
2014-06-01,茨城県,-,-,-,中型,-,,329
2014-06-01,栃木県,-,-,-,中型,-,,233
2014-06-01,群馬県,-,-,-,中型,-,,203
2014-06-01,埼玉県,-,-,-,中型,-,,725
2014-06-01,千葉県,-,-,-,中型,-,,557
2014-06-01,東京都,-,-,-,中型,-,,1196
2014-06-01,神奈川県,-,-,-,中型,-,,847
2014-06-01,新潟県,-,-,-,中型,-,,286
2014-06-01,山梨県,-,-,-,中型,-,,105
2014-06-01,長野県,-,-,-,中型,-,,264
2014-06-01,富山県,-,-,-,中型,-,,123
2014-06-01,石川県,-,-,-,中型,-,,133
2014-06-01,福井県,-,-,-,中型,-,,120
2014-06-01,岐阜県,-,-,-,中型,-,,196
2014-06-01,静岡県,-,-,-,中型,-,,434
2014-06-01,愛知県,-,-,-,中型,-,,712
2014-06-01,三重県,-,-,-,中型,-,,251
2014-06-01,滋賀県,-,-,-,中型,-,,143
2014-06-01,京都府,-,-,-,中型,-,,305
2014-06-01,大阪府,-,-,-,中型,-,,973
2014-06-01,兵庫県,-,-,-,中型,-,,696
2014-06-01,奈良県,-,-,-,中型,-,,156
2014-06-01,和歌山県,-,-,-,中型,-,,134
2014-06-01,鳥取県,-,-,-,中型,-,,91
2014-06-01,島根県,-,-,-,中型,-,,133
2014-06-01,岡山県,-,-,-,中型,-,,245
2014-06-01,広島県,-,-,-,中型,-,,408
2014-06-01,山口県,-,-,-,中型,-,,224
2014-06-01,徳島県,-,-,-,中型,-,,115
2014-06-01,香川県,-,-,-,中型,-,,155
2014-06-01,愛媛県,-,-,-,中型,-,,225
2014-06-01,高知県,-,-,-,中型,-,,117
2014-06-01,福岡県,-,-,-,中型,-,,583
2014-06-01,佐賀県,-,-,-,中型,-,,116
2014-06-01,長崎県,-,-,-,中型,-,,152
2014-06-01,熊本県,-,-,-,中型,-,,143
2014-06-01,大分県,-,-,-,中型,-,,182
2014-06-01,宮崎県,-,-,-,中型,-,,172
2014-06-01,鹿児島県,-,-,-,中型,-,,236
2014-06-01,沖縄県,-,-,-,中型,-,,234
2014-07-01,北海道,-,-,-,中型,-,,815
2014-07-01,青森県,-,-,-,中型,-,,180
2014-07-01,岩手県,-,-,-,中型,-,,189
2014-07-01,宮城県,-,-,-,中型,-,,285
2014-07-01,秋田県,-,-,-,中型,-,,134
2014-07-01,山形県,-,-,-,中型,-,,186
2014-07-01,福島県,-,-,-,中型,-,,234
2014-07-01,茨城県,-,-,-,中型,-,,330
2014-07-01,栃木県,-,-,-,中型,-,,233
2014-07-01,群馬県,-,-,-,中型,-,,203
2014-07-01,埼玉県,-,-,-,中型,-,,729
2014-07-01,千葉県,-,-,-,中型,-,,559
2014-07-01,東京都,-,-,-,中型,-,,1200
2014-07-01,神奈川県,-,-,-,中型,-,,856
2014-07-01,新潟県,-,-,-,中型,-,,287
2014-07-01,山梨県,-,-,-,中型,-,,105
2014-07-01,長野県,-,-,-,中型,-,,266
2014-07-01,富山県,-,-,-,中型,-,,124
2014-07-01,石川県,-,-,-,中型,-,,133
2014-07-01,福井県,-,-,-,中型,-,,120
2014-07-01,岐阜県,-,-,-,中型,-,,198
2014-07-01,静岡県,-,-,-,中型,-,,436
2014-07-01,愛知県,-,-,-,中型,-,,714
2014-07-01,三重県,-,-,-,中型,-,,251
2014-07-01,滋賀県,-,-,-,中型,-,,143
2014-07-01,京都府,-,-,-,中型,-,,305
2014-07-01,大阪府,-,-,-,中型,-,,976
2014-07-01,兵庫県,-,-,-,中型,-,,698
2014-07-01,奈良県,-,-,-,中型,-,,155
2014-07-01,和歌山県,-,-,-,中型,-,,133
2014-07-01,鳥取県,-,-,-,中型,-,,91
2014-07-01,島根県,-,-,-,中型,-,,133
2014-07-01,岡山県,-,-,-,中型,-,,246
2014-07-01,広島県,-,-,-,中型,-,,408
2014-07-01,山口県,-,-,-,中型,-,,224
2014-07-01,徳島県,-,-,-,中型,-,,116
2014-07-01,香川県,-,-,-,中型,-,,154
2014-07-01,愛媛県,-,-,-,中型,-,,226
2014-07-01,高知県,-,-,-,中型,-,,117
2014-07-01,福岡県,-,-,-,中型,-,,585
2014-07-01,佐賀県,-,-,-,中型,-,,116
2014-07-01,長崎県,-,-,-,中型,-,,151
2014-07-01,熊本県,-,-,-,中型,-,,143
2014-07-01,大分県,-,-,-,中型,-,,183
2014-07-01,宮崎県,-,-,-,中型,-,,172
2014-07-01,鹿児島県,-,-,-,中型,-,,238
2014-07-01,沖縄県,-,-,-,中型,-,,234
2014-08-01,北海道,-,-,-,中型,-,,820
2014-08-01,青森県,-,-,-,中型,-,,180
2014-08-01,岩手県,-,-,-,中型,-,,189
2014-08-01,宮城県,-,-,-,中型,-,,285
2014-08-01,秋田県,-,-,-,中型,-,,134
2014-08-01,山形県,-,-,-,中型,-,,186
2014-08-01,福島県,-,-,-,中型,-,,234
2014-08-01,茨城県,-,-,-,中型,-,,331
2014-08-01,栃木県,-,-,-,中型,-,,233
2014-08-01,群馬県,-,-,-,中型,-,,203
2014-08-01,埼玉県,-,-,-,中型,-,,725
2014-08-01,千葉県,-,-,-,中型,-,,560
2014-08-01,東京都,-,-,-,中型,-,,1198
2014-08-01,神奈川県,-,-,-,中型,-,,856
2014-08-01,新潟県,-,-,-,中型,-,,285
2014-08-01,山梨県,-,-,-,中型,-,,105
2014-08-01,長野県,-,-,-,中型,-,,266
2014-08-01,富山県,-,-,-,中型,-,,124
2014-08-01,石川県,-,-,-,中型,-,,133
2014-08-01,福井県,-,-,-,中型,-,,120
2014-08-01,岐阜県,-,-,-,中型,-,,198
2014-08-01,静岡県,-,-,-,中型,-,,436
2014-08-01,愛知県,-,-,-,中型,-,,712
2014-08-01,三重県,-,-,-,中型,-,,250
2014-08-01,滋賀県,-,-,-,中型,-,,142
2014-08-01,京都府,-,-,-,中型,-,,304
2014-08-01,大阪府,-,-,-,中型,-,,975
2014-08-01,兵庫県,-,-,-,中型,-,,695
2014-08-01,奈良県,-,-,-,中型,-,,155
2014-08-01,和歌山県,-,-,-,中型,-,,130
2014-08-01,鳥取県,-,-,-,中型,-,,91
2014-08-01,島根県,-,-,-,中型,-,,134
2014-08-01,岡山県,-,-,-,中型,-,,246
2014-08-01,広島県,-,-,-,中型,-,,407
2014-08-01,山口県,-,-,-,中型,-,,224
2014-08-01,徳島県,-,-,-,中型,-,,116
2014-08-01,香川県,-,-,-,中型,-,,155
2014-08-01,愛媛県,-,-,-,中型,-,,224
2014-08-01,高知県,-,-,-,中型,-,,117
2014-08-01,福岡県,-,-,-,中型,-,,585
2014-08-01,佐賀県,-,-,-,中型,-,,116
2014-08-01,長崎県,-,-,-,中型,-,,151
2014-08-01,熊本県,-,-,-,中型,-,,143
2014-08-01,大分県,-,-,-,中型,-,,182
2014-08-01,宮崎県,-,-,-,中型,-,,171
2014-08-01,鹿児島県,-,-,-,中型,-,,237
2014-08-01,沖縄県,-,-,-,中型,-,,234
2014-09-01,北海道,-,-,-,中型,-,,820
2014-09-01,青森県,-,-,-,中型,-,,180
2014-09-01,岩手県,-,-,-,中型,-,,188
2014-09-01,宮城県,-,-,-,中型,-,,285
2014-09-01,秋田県,-,-,-,中型,-,,135
2014-09-01,山形県,-,-,-,中型,-,,186
2014-09-01,福島県,-,-,-,中型,-,,234
2014-09-01,茨城県,-,-,-,中型,-,,332
2014-09-01,栃木県,-,-,-,中型,-,,235
2014-09-01,群馬県,-,-,-,中型,-,,203
2014-09-01,埼玉県,-,-,-,中型,-,,726
2014-09-01,千葉県,-,-,-,中型,-,,561
2014-09-01,東京都,-,-,-,中型,-,,1192
2014-09-01,神奈川県,-,-,-,中型,-,,855
2014-09-01,新潟県,-,-,-,中型,-,,285
2014-09-01,山梨県,-,-,-,中型,-,,106
2014-09-01,長野県,-,-,-,中型,-,,266
2014-09-01,富山県,-,-,-,中型,-,,123
2014-09-01,石川県,-,-,-,中型,-,,133
2014-09-01,福井県,-,-,-,中型,-,,120
2014-09-01,岐阜県,-,-,-,中型,-,,198
2014-09-01,静岡県,-,-,-,中型,-,,434
2014-09-01,愛知県,-,-,-,中型,-,,715
2014-09-01,三重県,-,-,-,中型,-,,243
2014-09-01,滋賀県,-,-,-,中型,-,,142
2014-09-01,京都府,-,-,-,中型,-,,304
2014-09-01,大阪府,-,-,-,中型,-,,976
2014-09-01,兵庫県,-,-,-,中型,-,,696
2014-09-01,奈良県,-,-,-,中型,-,,154
2014-09-01,和歌山県,-,-,-,中型,-,,130
2014-09-01,鳥取県,-,-,-,中型,-,,91
2014-09-01,島根県,-,-,-,中型,-,,134
2014-09-01,岡山県,-,-,-,中型,-,,247
2014-09-01,広島県,-,-,-,中型,-,,410
2014-09-01,山口県,-,-,-,中型,-,,224
2014-09-01,徳島県,-,-,-,中型,-,,116
2014-09-01,香川県,-,-,-,中型,-,,155
2014-09-01,愛媛県,-,-,-,中型,-,,223
2014-09-01,高知県,-,-,-,中型,-,,117
2014-09-01,福岡県,-,-,-,中型,-,,586
2014-09-01,佐賀県,-,-,-,中型,-,,116
2014-09-01,長崎県,-,-,-,中型,-,,150
2014-09-01,熊本県,-,-,-,中型,-,,142
2014-09-01,大分県,-,-,-,中型,-,,181
2014-09-01,宮崎県,-,-,-,中型,-,,171
2014-09-01,鹿児島県,-,-,-,中型,-,,237
2014-09-01,沖縄県,-,-,-,中型,-,,234
2014-10-01,北海道,-,-,-,中型,-,,819
2014-10-01,青森県,-,-,-,中型,-,,180
2014-10-01,岩手県,-,-,-,中型,-,,188
2014-10-01,宮城県,-,-,-,中型,-,,287
2014-10-01,秋田県,-,-,-,中型,-,,135
2014-10-01,山形県,-,-,-,中型,-,,187
2014-10-01,福島県,-,-,-,中型,-,,234
2014-10-01,茨城県,-,-,-,中型,-,,335
2014-10-01,栃木県,-,-,-,中型,-,,235
2014-10-01,群馬県,-,-,-,中型,-,,203
2014-10-01,埼玉県,-,-,-,中型,-,,728
2014-10-01,千葉県,-,-,-,中型,-,,563
2014-10-01,東京都,-,-,-,中型,-,,1195
2014-10-01,神奈川県,-,-,-,中型,-,,851
2014-10-01,新潟県,-,-,-,中型,-,,287
2014-10-01,山梨県,-,-,-,中型,-,,106
2014-10-01,長野県,-,-,-,中型,-,,266
2014-10-01,富山県,-,-,-,中型,-,,123
2014-10-01,石川県,-,-,-,中型,-,,133
2014-10-01,福井県,-,-,-,中型,-,,121
2014-10-01,岐阜県,-,-,-,中型,-,,199
2014-10-01,静岡県,-,-,-,中型,-,,436
2014-10-01,愛知県,-,-,-,中型,-,,716
2014-10-01,三重県,-,-,-,中型,-,,243
2014-10-01,滋賀県,-,-,-,中型,-,,140
2014-10-01,京都府,-,-,-,中型,-,,305
2014-10-01,大阪府,-,-,-,中型,-,,977
2014-10-01,兵庫県,-,-,-,中型,-,,696
2014-10-01,奈良県,-,-,-,中型,-,,154
2014-10-01,和歌山県,-,-,-,中型,-,,130
2014-10-01,鳥取県,-,-,-,中型,-,,91
2014-10-01,島根県,-,-,-,中型,-,,134
2014-10-01,岡山県,-,-,-,中型,-,,247
2014-10-01,広島県,-,-,-,中型,-,,412
2014-10-01,山口県,-,-,-,中型,-,,224
2014-10-01,徳島県,-,-,-,中型,-,,115
2014-10-01,香川県,-,-,-,中型,-,,155
2014-10-01,愛媛県,-,-,-,中型,-,,223
2014-10-01,高知県,-,-,-,中型,-,,117
2014-10-01,福岡県,-,-,-,中型,-,,588
2014-10-01,佐賀県,-,-,-,中型,-,,118
2014-10-01,長崎県,-,-,-,中型,-,,149
2014-10-01,熊本県,-,-,-,中型,-,,140
2014-10-01,大分県,-,-,-,中型,-,,181
2014-10-01,宮崎県,-,-,-,中型,-,,171
2014-10-01,鹿児島県,-,-,-,中型,-,,237
2014-10-01,沖縄県,-,-,-,中型,-,,234
2014-11-01,北海道,-,-,-,中型,-,,820
2014-11-01,青森県,-,-,-,中型,-,,179
2014-11-01,岩手県,-,-,-,中型,-,,190
2014-11-01,宮城県,-,-,-,中型,-,,287
2014-11-01,秋田県,-,-,-,中型,-,,136
2014-11-01,山形県,-,-,-,中型,-,,187
2014-11-01,福島県,-,-,-,中型,-,,234
2014-11-01,茨城県,-,-,-,中型,-,,335
2014-11-01,栃木県,-,-,-,中型,-,,238
2014-11-01,群馬県,-,-,-,中型,-,,203
2014-11-01,埼玉県,-,-,-,中型,-,,729
2014-11-01,千葉県,-,-,-,中型,-,,567
2014-11-01,東京都,-,-,-,中型,-,,1206
2014-11-01,神奈川県,-,-,-,中型,-,,854
2014-11-01,新潟県,-,-,-,中型,-,,290
2014-11-01,山梨県,-,-,-,中型,-,,106
2014-11-01,長野県,-,-,-,中型,-,,264
2014-11-01,富山県,-,-,-,中型,-,,123
2014-11-01,石川県,-,-,-,中型,-,,136
2014-11-01,福井県,-,-,-,中型,-,,122
2014-11-01,岐阜県,-,-,-,中型,-,,199
2014-11-01,静岡県,-,-,-,中型,-,,439
2014-11-01,愛知県,-,-,-,中型,-,,718
2014-11-01,三重県,-,-,-,中型,-,,240
2014-11-01,滋賀県,-,-,-,中型,-,,141
2014-11-01,京都府,-,-,-,中型,-,,304
2014-11-01,大阪府,-,-,-,中型,-,,979
2014-11-01,兵庫県,-,-,-,中型,-,,695
2014-11-01,奈良県,-,-,-,中型,-,,153
2014-11-01,和歌山県,-,-,-,中型,-,,130
2014-11-01,鳥取県,-,-,-,中型,-,,92
2014-11-01,島根県,-,-,-,中型,-,,134
2014-11-01,岡山県,-,-,-,中型,-,,249
2014-11-01,広島県,-,-,-,中型,-,,416
2014-11-01,山口県,-,-,-,中型,-,,225
2014-11-01,徳島県,-,-,-,中型,-,,115
2014-11-01,香川県,-,-,-,中型,-,,156
2014-11-01,愛媛県,-,-,-,中型,-,,224
2014-11-01,高知県,-,-,-,中型,-,,117
2014-11-01,福岡県,-,-,-,中型,-,,587
2014-11-01,佐賀県,-,-,-,中型,-,,118
2014-11-01,長崎県,-,-,-,中型,-,,151
2014-11-01,熊本県,-,-,-,中型,-,,140
2014-11-01,大分県,-,-,-,中型,-,,181
2014-11-01,宮崎県,-,-,-,中型,-,,172
2014-11-01,鹿児島県,-,-,-,中型,-,,237
2014-11-01,沖縄県,-,-,-,中型,-,,234
2014-12-01,北海道,-,-,-,中型,-,,821
2014-12-01,青森県,-,-,-,中型,-,,181
2014-12-01,岩手県,-,-,-,中型,-,,190
2014-12-01,宮城県,-,-,-,中型,-,,288
2014-12-01,秋田県,-,-,-,中型,-,,136
2014-12-01,山形県,-,-,-,中型,-,,188
2014-12-01,福島県,-,-,-,中型,-,,234
2014-12-01,茨城県,-,-,-,中型,-,,334
2014-12-01,栃木県,-,-,-,中型,-,,238
2014-12-01,群馬県,-,-,-,中型,-,,204
2014-12-01,埼玉県,-,-,-,中型,-,,733
2014-12-01,千葉県,-,-,-,中型,-,,565
2014-12-01,東京都,-,-,-,中型,-,,1205
2014-12-01,神奈川県,-,-,-,中型,-,,856
2014-12-01,新潟県,-,-,-,中型,-,,291
2014-12-01,山梨県,-,-,-,中型,-,,106
2014-12-01,長野県,-,-,-,中型,-,,264
2014-12-01,富山県,-,-,-,中型,-,,124
2014-12-01,石川県,-,-,-,中型,-,,136
2014-12-01,福井県,-,-,-,中型,-,,124
2014-12-01,岐阜県,-,-,-,中型,-,,199
2014-12-01,静岡県,-,-,-,中型,-,,439
2014-12-01,愛知県,-,-,-,中型,-,,722
2014-12-01,三重県,-,-,-,中型,-,,240
2014-12-01,滋賀県,-,-,-,中型,-,,143
2014-12-01,京都府,-,-,-,中型,-,,305
2014-12-01,大阪府,-,-,-,中型,-,,984
2014-12-01,兵庫県,-,-,-,中型,-,,697
2014-12-01,奈良県,-,-,-,中型,-,,153
2014-12-01,和歌山県,-,-,-,中型,-,,130
2014-12-01,鳥取県,-,-,-,中型,-,,90
2014-12-01,島根県,-,-,-,中型,-,,134
2014-12-01,岡山県,-,-,-,中型,-,,249
2014-12-01,広島県,-,-,-,中型,-,,416
2014-12-01,山口県,-,-,-,中型,-,,225
2014-12-01,徳島県,-,-,-,中型,-,,115
2014-12-01,香川県,-,-,-,中型,-,,157
2014-12-01,愛媛県,-,-,-,中型,-,,224
2014-12-01,高知県,-,-,-,中型,-,,117
2014-12-01,福岡県,-,-,-,中型,-,,588
2014-12-01,佐賀県,-,-,-,中型,-,,118
2014-12-01,長崎県,-,-,-,中型,-,,151
2014-12-01,熊本県,-,-,-,中型,-,,141
2014-12-01,大分県,-,-,-,中型,-,,182
2014-12-01,宮崎県,-,-,-,中型,-,,173
2014-12-01,鹿児島県,-,-,-,中型,-,,238
2014-12-01,沖縄県,-,-,-,中型,-,,235
2015-01-01,北海道,-,-,-,中型,-,,819
2015-01-01,青森県,-,-,-,中型,-,,181
2015-01-01,岩手県,-,-,-,中型,-,,190
2015-01-01,宮城県,-,-,-,中型,-,,288
2015-01-01,秋田県,-,-,-,中型,-,,137
2015-01-01,山形県,-,-,-,中型,-,,188
2015-01-01,福島県,-,-,-,中型,-,,234
2015-01-01,茨城県,-,-,-,中型,-,,333
2015-01-01,栃木県,-,-,-,中型,-,,246
2015-01-01,群馬県,-,-,-,中型,-,,204
2015-01-01,埼玉県,-,-,-,中型,-,,735
2015-01-01,千葉県,-,-,-,中型,-,,563
2015-01-01,東京都,-,-,-,中型,-,,1200
2015-01-01,神奈川県,-,-,-,中型,-,,853
2015-01-01,新潟県,-,-,-,中型,-,,289
2015-01-01,山梨県,-,-,-,中型,-,,107
2015-01-01,長野県,-,-,-,中型,-,,263
2015-01-01,富山県,-,-,-,中型,-,,124
2015-01-01,石川県,-,-,-,中型,-,,136
2015-01-01,福井県,-,-,-,中型,-,,124
2015-01-01,岐阜県,-,-,-,中型,-,,197
2015-01-01,静岡県,-,-,-,中型,-,,439
2015-01-01,愛知県,-,-,-,中型,-,,720
2015-01-01,三重県,-,-,-,中型,-,,239
2015-01-01,滋賀県,-,-,-,中型,-,,143
2015-01-01,京都府,-,-,-,中型,-,,305
2015-01-01,大阪府,-,-,-,中型,-,,982
2015-01-01,兵庫県,-,-,-,中型,-,,696
2015-01-01,奈良県,-,-,-,中型,-,,153
2015-01-01,和歌山県,-,-,-,中型,-,,129
2015-01-01,鳥取県,-,-,-,中型,-,,89
2015-01-01,島根県,-,-,-,中型,-,,134
2015-01-01,岡山県,-,-,-,中型,-,,248
2015-01-01,広島県,-,-,-,中型,-,,415
2015-01-01,山口県,-,-,-,中型,-,,225
2015-01-01,徳島県,-,-,-,中型,-,,115
2015-01-01,香川県,-,-,-,中型,-,,157
2015-01-01,愛媛県,-,-,-,中型,-,,224
2015-01-01,高知県,-,-,-,中型,-,,116
2015-01-01,福岡県,-,-,-,中型,-,,586
2015-01-01,佐賀県,-,-,-,中型,-,,119
2015-01-01,長崎県,-,-,-,中型,-,,151
2015-01-01,熊本県,-,-,-,中型,-,,141
2015-01-01,大分県,-,-,-,中型,-,,182
2015-01-01,宮崎県,-,-,-,中型,-,,173
2015-01-01,鹿児島県,-,-,-,中型,-,,239
2015-01-01,沖縄県,-,-,-,中型,-,,235
2015-02-01,北海道,-,-,-,中型,-,,819
2015-02-01,青森県,-,-,-,中型,-,,181
2015-02-01,岩手県,-,-,-,中型,-,,190
2015-02-01,宮城県,-,-,-,中型,-,,291
2015-02-01,秋田県,-,-,-,中型,-,,136
2015-02-01,山形県,-,-,-,中型,-,,188
2015-02-01,福島県,-,-,-,中型,-,,235
2015-02-01,茨城県,-,-,-,中型,-,,333
2015-02-01,栃木県,-,-,-,中型,-,,245
2015-02-01,群馬県,-,-,-,中型,-,,204
2015-02-01,埼玉県,-,-,-,中型,-,,735
2015-02-01,千葉県,-,-,-,中型,-,,562
2015-02-01,東京都,-,-,-,中型,-,,1202
2015-02-01,神奈川県,-,-,-,中型,-,,854
2015-02-01,新潟県,-,-,-,中型,-,,288
2015-02-01,山梨県,-,-,-,中型,-,,106
2015-02-01,長野県,-,-,-,中型,-,,262
2015-02-01,富山県,-,-,-,中型,-,,124
2015-02-01,石川県,-,-,-,中型,-,,136
2015-02-01,福井県,-,-,-,中型,-,,124
2015-02-01,岐阜県,-,-,-,中型,-,,197
2015-02-01,静岡県,-,-,-,中型,-,,441
2015-02-01,愛知県,-,-,-,中型,-,,718
2015-02-01,三重県,-,-,-,中型,-,,239
2015-02-01,滋賀県,-,-,-,中型,-,,144
2015-02-01,京都府,-,-,-,中型,-,,309
2015-02-01,大阪府,-,-,-,中型,-,,985
2015-02-01,兵庫県,-,-,-,中型,-,,699
2015-02-01,奈良県,-,-,-,中型,-,,153
2015-02-01,和歌山県,-,-,-,中型,-,,133
2015-02-01,鳥取県,-,-,-,中型,-,,89
2015-02-01,島根県,-,-,-,中型,-,,133
2015-02-01,岡山県,-,-,-,中型,-,,248
2015-02-01,広島県,-,-,-,中型,-,,424
2015-02-01,山口県,-,-,-,中型,-,,225
2015-02-01,徳島県,-,-,-,中型,-,,115
2015-02-01,香川県,-,-,-,中型,-,,157
2015-02-01,愛媛県,-,-,-,中型,-,,223
2015-02-01,高知県,-,-,-,中型,-,,116
2015-02-01,福岡県,-,-,-,中型,-,,590
2015-02-01,佐賀県,-,-,-,中型,-,,119
2015-02-01,長崎県,-,-,-,中型,-,,151
2015-02-01,熊本県,-,-,-,中型,-,,141
2015-02-01,大分県,-,-,-,中型,-,,182
2015-02-01,宮崎県,-,-,-,中型,-,,173
2015-02-01,鹿児島県,-,-,-,中型,-,,239
2015-02-01,沖縄県,-,-,-,中型,-,,235
2015-03-01,北海道,-,-,-,中型,-,,818
2015-03-01,青森県,-,-,-,中型,-,,181
2015-03-01,岩手県,-,-,-,中型,-,,190
2015-03-01,宮城県,-,-,-,中型,-,,290
2015-03-01,秋田県,-,-,-,中型,-,,137
2015-03-01,山形県,-,-,-,中型,-,,187
2015-03-01,福島県,-,-,-,中型,-,,236
2015-03-01,茨城県,-,-,-,中型,-,,336
2015-03-01,栃木県,-,-,-,中型,-,,245
2015-03-01,群馬県,-,-,-,中型,-,,205
2015-03-01,埼玉県,-,-,-,中型,-,,745
2015-03-01,千葉県,-,-,-,中型,-,,563
2015-03-01,東京都,-,-,-,中型,-,,1215
2015-03-01,神奈川県,-,-,-,中型,-,,874
2015-03-01,新潟県,-,-,-,中型,-,,289
2015-03-01,山梨県,-,-,-,中型,-,,107
2015-03-01,長野県,-,-,-,中型,-,,258
2015-03-01,富山県,-,-,-,中型,-,,124
2015-03-01,石川県,-,-,-,中型,-,,138
2015-03-01,福井県,-,-,-,中型,-,,124
2015-03-01,岐阜県,-,-,-,中型,-,,199
2015-03-01,静岡県,-,-,-,中型,-,,442
2015-03-01,愛知県,-,-,-,中型,-,,718
2015-03-01,三重県,-,-,-,中型,-,,239
2015-03-01,滋賀県,-,-,-,中型,-,,144
2015-03-01,京都府,-,-,-,中型,-,,312
2015-03-01,大阪府,-,-,-,中型,-,,990
2015-03-01,兵庫県,-,-,-,中型,-,,701
2015-03-01,奈良県,-,-,-,中型,-,,153
2015-03-01,和歌山県,-,-,-,中型,-,,133
2015-03-01,鳥取県,-,-,-,中型,-,,90
2015-03-01,島根県,-,-,-,中型,-,,133
2015-03-01,岡山県,-,-,-,中型,-,,249
2015-03-01,広島県,-,-,-,中型,-,,422
2015-03-01,山口県,-,-,-,中型,-,,224
2015-03-01,徳島県,-,-,-,中型,-,,115
2015-03-01,香川県,-,-,-,中型,-,,157
2015-03-01,愛媛県,-,-,-,中型,-,,223
2015-03-01,高知県,-,-,-,中型,-,,117
2015-03-01,福岡県,-,-,-,中型,-,,588
2015-03-01,佐賀県,-,-,-,中型,-,,120
2015-03-01,長崎県,-,-,-,中型,-,,151
2015-03-01,熊本県,-,-,-,中型,-,,142
2015-03-01,大分県,-,-,-,中型,-,,182
2015-03-01,宮崎県,-,-,-,中型,-,,174
2015-03-01,鹿児島県,-,-,-,中型,-,,240
2015-03-01,沖縄県,-,-,-,中型,-,,235
2015-04-01,北海道,-,-,-,中型,-,,820
2015-04-01,青森県,-,-,-,中型,-,,181
2015-04-01,岩手県,-,-,-,中型,-,,191
2015-04-01,宮城県,-,-,-,中型,-,,285
2015-04-01,秋田県,-,-,-,中型,-,,137
2015-04-01,山形県,-,-,-,中型,-,,187
2015-04-01,福島県,-,-,-,中型,-,,236
2015-04-01,茨城県,-,-,-,中型,-,,336
2015-04-01,栃木県,-,-,-,中型,-,,241
2015-04-01,群馬県,-,-,-,中型,-,,207
2015-04-01,埼玉県,-,-,-,中型,-,,746
2015-04-01,千葉県,-,-,-,中型,-,,562
2015-04-01,東京都,-,-,-,中型,-,,1216
2015-04-01,神奈川県,-,-,-,中型,-,,878
2015-04-01,新潟県,-,-,-,中型,-,,289
2015-04-01,山梨県,-,-,-,中型,-,,107
2015-04-01,長野県,-,-,-,中型,-,,255
2015-04-01,富山県,-,-,-,中型,-,,124
2015-04-01,石川県,-,-,-,中型,-,,140
2015-04-01,福井県,-,-,-,中型,-,,124
2015-04-01,岐阜県,-,-,-,中型,-,,197
2015-04-01,静岡県,-,-,-,中型,-,,438
2015-04-01,愛知県,-,-,-,中型,-,,719
2015-04-01,三重県,-,-,-,中型,-,,239
2015-04-01,滋賀県,-,-,-,中型,-,,144
2015-04-01,京都府,-,-,-,中型,-,,312
2015-04-01,大阪府,-,-,-,中型,-,,996
2015-04-01,兵庫県,-,-,-,中型,-,,700
2015-04-01,奈良県,-,-,-,中型,-,,154
2015-04-01,和歌山県,-,-,-,中型,-,,133
2015-04-01,鳥取県,-,-,-,中型,-,,90
2015-04-01,島根県,-,-,-,中型,-,,134
2015-04-01,岡山県,-,-,-,中型,-,,249
2015-04-01,広島県,-,-,-,中型,-,,425
2015-04-01,山口県,-,-,-,中型,-,,224
2015-04-01,徳島県,-,-,-,中型,-,,115
2015-04-01,香川県,-,-,-,中型,-,,157
2015-04-01,愛媛県,-,-,-,中型,-,,223
2015-04-01,高知県,-,-,-,中型,-,,117
2015-04-01,福岡県,-,-,-,中型,-,,576
2015-04-01,佐賀県,-,-,-,中型,-,,121
2015-04-01,長崎県,-,-,-,中型,-,,151
2015-04-01,熊本県,-,-,-,中型,-,,138
2015-04-01,大分県,-,-,-,中型,-,,182
2015-04-01,宮崎県,-,-,-,中型,-,,175
2015-04-01,鹿児島県,-,-,-,中型,-,,241
2015-04-01,沖縄県,-,-,-,中型,-,,234
2015-05-01,北海道,-,-,-,中型,-,,820
2015-05-01,青森県,-,-,-,中型,-,,181
2015-05-01,岩手県,-,-,-,中型,-,,194
2015-05-01,宮城県,-,-,-,中型,-,,287
2015-05-01,秋田県,-,-,-,中型,-,,137
2015-05-01,山形県,-,-,-,中型,-,,187
2015-05-01,福島県,-,-,-,中型,-,,236
2015-05-01,茨城県,-,-,-,中型,-,,336
2015-05-01,栃木県,-,-,-,中型,-,,241
2015-05-01,群馬県,-,-,-,中型,-,,207
2015-05-01,埼玉県,-,-,-,中型,-,,746
2015-05-01,千葉県,-,-,-,中型,-,,561
2015-05-01,東京都,-,-,-,中型,-,,1217
2015-05-01,神奈川県,-,-,-,中型,-,,881
2015-05-01,新潟県,-,-,-,中型,-,,289
2015-05-01,山梨県,-,-,-,中型,-,,108
2015-05-01,長野県,-,-,-,中型,-,,255
2015-05-01,富山県,-,-,-,中型,-,,124
2015-05-01,石川県,-,-,-,中型,-,,142
2015-05-01,福井県,-,-,-,中型,-,,123
2015-05-01,岐阜県,-,-,-,中型,-,,198
2015-05-01,静岡県,-,-,-,中型,-,,439
2015-05-01,愛知県,-,-,-,中型,-,,719
2015-05-01,三重県,-,-,-,中型,-,,236
2015-05-01,滋賀県,-,-,-,中型,-,,144
2015-05-01,京都府,-,-,-,中型,-,,312
2015-05-01,大阪府,-,-,-,中型,-,,996
2015-05-01,兵庫県,-,-,-,中型,-,,699
2015-05-01,奈良県,-,-,-,中型,-,,155
2015-05-01,和歌山県,-,-,-,中型,-,,133
2015-05-01,鳥取県,-,-,-,中型,-,,90
2015-05-01,島根県,-,-,-,中型,-,,131
2015-05-01,岡山県,-,-,-,中型,-,,250
2015-05-01,広島県,-,-,-,中型,-,,425
2015-05-01,山口県,-,-,-,中型,-,,223
2015-05-01,徳島県,-,-,-,中型,-,,114
2015-05-01,香川県,-,-,-,中型,-,,157
2015-05-01,愛媛県,-,-,-,中型,-,,223
2015-05-01,高知県,-,-,-,中型,-,,117
2015-05-01,福岡県,-,-,-,中型,-,,577
2015-05-01,佐賀県,-,-,-,中型,-,,121
2015-05-01,長崎県,-,-,-,中型,-,,151
2015-05-01,熊本県,-,-,-,中型,-,,137
2015-05-01,大分県,-,-,-,中型,-,,181
2015-05-01,宮崎県,-,-,-,中型,-,,174
2015-05-01,鹿児島県,-,-,-,中型,-,,242
2015-05-01,沖縄県,-,-,-,中型,-,,234
2015-06-01,北海道,-,-,-,中型,-,,820
2015-06-01,青森県,-,-,-,中型,-,,181
2015-06-01,岩手県,-,-,-,中型,-,,193
2015-06-01,宮城県,-,-,-,中型,-,,288
2015-06-01,秋田県,-,-,-,中型,-,,136
2015-06-01,山形県,-,-,-,中型,-,,187
2015-06-01,福島県,-,-,-,中型,-,,236
2015-06-01,茨城県,-,-,-,中型,-,,336
2015-06-01,栃木県,-,-,-,中型,-,,243
2015-06-01,群馬県,-,-,-,中型,-,,208
2015-06-01,埼玉県,-,-,-,中型,-,,742
2015-06-01,千葉県,-,-,-,中型,-,,562
2015-06-01,東京都,-,-,-,中型,-,,1217
2015-06-01,神奈川県,-,-,-,中型,-,,881
2015-06-01,新潟県,-,-,-,中型,-,,290
2015-06-01,山梨県,-,-,-,中型,-,,108
2015-06-01,長野県,-,-,-,中型,-,,255
2015-06-01,富山県,-,-,-,中型,-,,125
2015-06-01,石川県,-,-,-,中型,-,,142
2015-06-01,福井県,-,-,-,中型,-,,119
2015-06-01,岐阜県,-,-,-,中型,-,,198
2015-06-01,静岡県,-,-,-,中型,-,,439
2015-06-01,愛知県,-,-,-,中型,-,,720
2015-06-01,三重県,-,-,-,中型,-,,236
2015-06-01,滋賀県,-,-,-,中型,-,,144
2015-06-01,京都府,-,-,-,中型,-,,313
2015-06-01,大阪府,-,-,-,中型,-,,996
2015-06-01,兵庫県,-,-,-,中型,-,,695
2015-06-01,奈良県,-,-,-,中型,-,,154
2015-06-01,和歌山県,-,-,-,中型,-,,130
2015-06-01,鳥取県,-,-,-,中型,-,,89
2015-06-01,島根県,-,-,-,中型,-,,131
2015-06-01,岡山県,-,-,-,中型,-,,250
2015-06-01,広島県,-,-,-,中型,-,,425
2015-06-01,山口県,-,-,-,中型,-,,223
2015-06-01,徳島県,-,-,-,中型,-,,112
2015-06-01,香川県,-,-,-,中型,-,,156
2015-06-01,愛媛県,-,-,-,中型,-,,223
2015-06-01,高知県,-,-,-,中型,-,,117
2015-06-01,福岡県,-,-,-,中型,-,,574
2015-06-01,佐賀県,-,-,-,中型,-,,120
2015-06-01,長崎県,-,-,-,中型,-,,154
2015-06-01,熊本県,-,-,-,中型,-,,137
2015-06-01,大分県,-,-,-,中型,-,,181
2015-06-01,宮崎県,-,-,-,中型,-,,174
2015-06-01,鹿児島県,-,-,-,中型,-,,242
2015-06-01,沖縄県,-,-,-,中型,-,,235
2015-07-01,北海道,-,-,-,中型,-,,826
2015-07-01,青森県,-,-,-,中型,-,,181
2015-07-01,岩手県,-,-,-,中型,-,,194
2015-07-01,宮城県,-,-,-,中型,-,,289
2015-07-01,秋田県,-,-,-,中型,-,,135
2015-07-01,山形県,-,-,-,中型,-,,187
2015-07-01,福島県,-,-,-,中型,-,,235
2015-07-01,茨城県,-,-,-,中型,-,,336
2015-07-01,栃木県,-,-,-,中型,-,,245
2015-07-01,群馬県,-,-,-,中型,-,,209
2015-07-01,埼玉県,-,-,-,中型,-,,743
2015-07-01,千葉県,-,-,-,中型,-,,565
2015-07-01,東京都,-,-,-,中型,-,,1219
2015-07-01,神奈川県,-,-,-,中型,-,,882
2015-07-01,新潟県,-,-,-,中型,-,,290
2015-07-01,山梨県,-,-,-,中型,-,,109
2015-07-01,長野県,-,-,-,中型,-,,255
2015-07-01,富山県,-,-,-,中型,-,,126
2015-07-01,石川県,-,-,-,中型,-,,144
2015-07-01,福井県,-,-,-,中型,-,,118
2015-07-01,岐阜県,-,-,-,中型,-,,199
2015-07-01,静岡県,-,-,-,中型,-,,441
2015-07-01,愛知県,-,-,-,中型,-,,726
2015-07-01,三重県,-,-,-,中型,-,,235
2015-07-01,滋賀県,-,-,-,中型,-,,141
2015-07-01,京都府,-,-,-,中型,-,,307
2015-07-01,大阪府,-,-,-,中型,-,,997
2015-07-01,兵庫県,-,-,-,中型,-,,697
2015-07-01,奈良県,-,-,-,中型,-,,154
2015-07-01,和歌山県,-,-,-,中型,-,,131
2015-07-01,鳥取県,-,-,-,中型,-,,89
2015-07-01,島根県,-,-,-,中型,-,,131
2015-07-01,岡山県,-,-,-,中型,-,,252
2015-07-01,広島県,-,-,-,中型,-,,425
2015-07-01,山口県,-,-,-,中型,-,,223
2015-07-01,徳島県,-,-,-,中型,-,,113
2015-07-01,香川県,-,-,-,中型,-,,156
2015-07-01,愛媛県,-,-,-,中型,-,,224
2015-07-01,高知県,-,-,-,中型,-,,118
2015-07-01,福岡県,-,-,-,中型,-,,573
2015-07-01,佐賀県,-,-,-,中型,-,,120
2015-07-01,長崎県,-,-,-,中型,-,,154
2015-07-01,熊本県,-,-,-,中型,-,,137
2015-07-01,大分県,-,-,-,中型,-,,180
2015-07-01,宮崎県,-,-,-,中型,-,,174
2015-07-01,鹿児島県,-,-,-,中型,-,,248
2015-07-01,沖縄県,-,-,-,中型,-,,233
2015-08-01,北海道,-,-,-,中型,-,,828
2015-08-01,青森県,-,-,-,中型,-,,181
2015-08-01,岩手県,-,-,-,中型,-,,192
2015-08-01,宮城県,-,-,-,中型,-,,289
2015-08-01,秋田県,-,-,-,中型,-,,135
2015-08-01,山形県,-,-,-,中型,-,,187
2015-08-01,福島県,-,-,-,中型,-,,235
2015-08-01,茨城県,-,-,-,中型,-,,337
2015-08-01,栃木県,-,-,-,中型,-,,245
2015-08-01,群馬県,-,-,-,中型,-,,209
2015-08-01,埼玉県,-,-,-,中型,-,,742
2015-08-01,千葉県,-,-,-,中型,-,,564
2015-08-01,東京都,-,-,-,中型,-,,1217
2015-08-01,神奈川県,-,-,-,中型,-,,880
2015-08-01,新潟県,-,-,-,中型,-,,290
2015-08-01,山梨県,-,-,-,中型,-,,109
2015-08-01,長野県,-,-,-,中型,-,,255
2015-08-01,富山県,-,-,-,中型,-,,126
2015-08-01,石川県,-,-,-,中型,-,,144
2015-08-01,福井県,-,-,-,中型,-,,118
2015-08-01,岐阜県,-,-,-,中型,-,,199
2015-08-01,静岡県,-,-,-,中型,-,,441
2015-08-01,愛知県,-,-,-,中型,-,,726
2015-08-01,三重県,-,-,-,中型,-,,235
2015-08-01,滋賀県,-,-,-,中型,-,,144
2015-08-01,京都府,-,-,-,中型,-,,306
2015-08-01,大阪府,-,-,-,中型,-,,997
2015-08-01,兵庫県,-,-,-,中型,-,,697
2015-08-01,奈良県,-,-,-,中型,-,,153
2015-08-01,和歌山県,-,-,-,中型,-,,131
2015-08-01,鳥取県,-,-,-,中型,-,,89
2015-08-01,島根県,-,-,-,中型,-,,131
2015-08-01,岡山県,-,-,-,中型,-,,251
2015-08-01,広島県,-,-,-,中型,-,,425
2015-08-01,山口県,-,-,-,中型,-,,223
2015-08-01,徳島県,-,-,-,中型,-,,113
2015-08-01,香川県,-,-,-,中型,-,,156
2015-08-01,愛媛県,-,-,-,中型,-,,224
2015-08-01,高知県,-,-,-,中型,-,,118
2015-08-01,福岡県,-,-,-,中型,-,,561
2015-08-01,佐賀県,-,-,-,中型,-,,120
2015-08-01,長崎県,-,-,-,中型,-,,152
2015-08-01,熊本県,-,-,-,中型,-,,137
2015-08-01,大分県,-,-,-,中型,-,,179
2015-08-01,宮崎県,-,-,-,中型,-,,175
2015-08-01,鹿児島県,-,-,-,中型,-,,247
2015-08-01,沖縄県,-,-,-,中型,-,,233
2015-09-01,北海道,-,-,-,中型,-,,826
2015-09-01,青森県,-,-,-,中型,-,,181
2015-09-01,岩手県,-,-,-,中型,-,,192
2015-09-01,宮城県,-,-,-,中型,-,,287
2015-09-01,秋田県,-,-,-,中型,-,,134
2015-09-01,山形県,-,-,-,中型,-,,187
2015-09-01,福島県,-,-,-,中型,-,,235
2015-09-01,茨城県,-,-,-,中型,-,,338
2015-09-01,栃木県,-,-,-,中型,-,,244
2015-09-01,群馬県,-,-,-,中型,-,,210
2015-09-01,埼玉県,-,-,-,中型,-,,738
2015-09-01,千葉県,-,-,-,中型,-,,564
2015-09-01,東京都,-,-,-,中型,-,,1216
2015-09-01,神奈川県,-,-,-,中型,-,,881
2015-09-01,新潟県,-,-,-,中型,-,,291
2015-09-01,山梨県,-,-,-,中型,-,,109
2015-09-01,長野県,-,-,-,中型,-,,259
2015-09-01,富山県,-,-,-,中型,-,,123
2015-09-01,石川県,-,-,-,中型,-,,141
2015-09-01,福井県,-,-,-,中型,-,,118
2015-09-01,岐阜県,-,-,-,中型,-,,199
2015-09-01,静岡県,-,-,-,中型,-,,443
2015-09-01,愛知県,-,-,-,中型,-,,722
2015-09-01,三重県,-,-,-,中型,-,,235
2015-09-01,滋賀県,-,-,-,中型,-,,144
2015-09-01,京都府,-,-,-,中型,-,,306
2015-09-01,大阪府,-,-,-,中型,-,,998
2015-09-01,兵庫県,-,-,-,中型,-,,698
2015-09-01,奈良県,-,-,-,中型,-,,154
2015-09-01,和歌山県,-,-,-,中型,-,,133
2015-09-01,鳥取県,-,-,-,中型,-,,89
2015-09-01,島根県,-,-,-,中型,-,,131
2015-09-01,岡山県,-,-,-,中型,-,,251
2015-09-01,広島県,-,-,-,中型,-,,425
2015-09-01,山口県,-,-,-,中型,-,,222
2015-09-01,徳島県,-,-,-,中型,-,,113
2015-09-01,香川県,-,-,-,中型,-,,156
2015-09-01,愛媛県,-,-,-,中型,-,,224
2015-09-01,高知県,-,-,-,中型,-,,118
2015-09-01,福岡県,-,-,-,中型,-,,569
2015-09-01,佐賀県,-,-,-,中型,-,,120
2015-09-01,長崎県,-,-,-,中型,-,,159
2015-09-01,熊本県,-,-,-,中型,-,,137
2015-09-01,大分県,-,-,-,中型,-,,180
2015-09-01,宮崎県,-,-,-,中型,-,,175
2015-09-01,鹿児島県,-,-,-,中型,-,,248
2015-09-01,沖縄県,-,-,-,中型,-,,233
2015-10-01,北海道,-,-,-,中型,-,,827
2015-10-01,青森県,-,-,-,中型,-,,182
2015-10-01,岩手県,-,-,-,中型,-,,192
2015-10-01,宮城県,-,-,-,中型,-,,290
2015-10-01,秋田県,-,-,-,中型,-,,134
2015-10-01,山形県,-,-,-,中型,-,,190
2015-10-01,福島県,-,-,-,中型,-,,234
2015-10-01,茨城県,-,-,-,中型,-,,345
2015-10-01,栃木県,-,-,-,中型,-,,243
2015-10-01,群馬県,-,-,-,中型,-,,211
2015-10-01,埼玉県,-,-,-,中型,-,,748
2015-10-01,千葉県,-,-,-,中型,-,,568
2015-10-01,東京都,-,-,-,中型,-,,1223
2015-10-01,神奈川県,-,-,-,中型,-,,888
2015-10-01,新潟県,-,-,-,中型,-,,291
2015-10-01,山梨県,-,-,-,中型,-,,109
2015-10-01,長野県,-,-,-,中型,-,,257
2015-10-01,富山県,-,-,-,中型,-,,122
2015-10-01,石川県,-,-,-,中型,-,,141
2015-10-01,福井県,-,-,-,中型,-,,117
2015-10-01,岐阜県,-,-,-,中型,-,,207
2015-10-01,静岡県,-,-,-,中型,-,,443
2015-10-01,愛知県,-,-,-,中型,-,,724
2015-10-01,三重県,-,-,-,中型,-,,235
2015-10-01,滋賀県,-,-,-,中型,-,,144
2015-10-01,京都府,-,-,-,中型,-,,307
2015-10-01,大阪府,-,-,-,中型,-,,997
2015-10-01,兵庫県,-,-,-,中型,-,,697
2015-10-01,奈良県,-,-,-,中型,-,,154
2015-10-01,和歌山県,-,-,-,中型,-,,134
2015-10-01,鳥取県,-,-,-,中型,-,,89
2015-10-01,島根県,-,-,-,中型,-,,131
2015-10-01,岡山県,-,-,-,中型,-,,252
2015-10-01,広島県,-,-,-,中型,-,,425
2015-10-01,山口県,-,-,-,中型,-,,223
2015-10-01,徳島県,-,-,-,中型,-,,115
2015-10-01,香川県,-,-,-,中型,-,,158
2015-10-01,愛媛県,-,-,-,中型,-,,225
2015-10-01,高知県,-,-,-,中型,-,,119
2015-10-01,福岡県,-,-,-,中型,-,,568
2015-10-01,佐賀県,-,-,-,中型,-,,119
2015-10-01,長崎県,-,-,-,中型,-,,158
2015-10-01,熊本県,-,-,-,中型,-,,141
2015-10-01,大分県,-,-,-,中型,-,,180
2015-10-01,宮崎県,-,-,-,中型,-,,170
2015-10-01,鹿児島県,-,-,-,中型,-,,247
2015-10-01,沖縄県,-,-,-,中型,-,,233
2015-11-01,北海道,-,-,-,中型,-,,828
2015-11-01,青森県,-,-,-,中型,-,,186
2015-11-01,岩手県,-,-,-,中型,-,,193
2015-11-01,宮城県,-,-,-,中型,-,,290
2015-11-01,秋田県,-,-,-,中型,-,,133
2015-11-01,山形県,-,-,-,中型,-,,188
2015-11-01,福島県,-,-,-,中型,-,,234
2015-11-01,茨城県,-,-,-,中型,-,,349
2015-11-01,栃木県,-,-,-,中型,-,,247
2015-11-01,群馬県,-,-,-,中型,-,,211
2015-11-01,埼玉県,-,-,-,中型,-,,755
2015-11-01,千葉県,-,-,-,中型,-,,575
2015-11-01,東京都,-,-,-,中型,-,,1233
2015-11-01,神奈川県,-,-,-,中型,-,,894
2015-11-01,新潟県,-,-,-,中型,-,,296
2015-11-01,山梨県,-,-,-,中型,-,,110
2015-11-01,長野県,-,-,-,中型,-,,258
2015-11-01,富山県,-,-,-,中型,-,,124
2015-11-01,石川県,-,-,-,中型,-,,142
2015-11-01,福井県,-,-,-,中型,-,,117
2015-11-01,岐阜県,-,-,-,中型,-,,211
2015-11-01,静岡県,-,-,-,中型,-,,443
2015-11-01,愛知県,-,-,-,中型,-,,725
2015-11-01,三重県,-,-,-,中型,-,,235
2015-11-01,滋賀県,-,-,-,中型,-,,144
2015-11-01,京都府,-,-,-,中型,-,,308
2015-11-01,大阪府,-,-,-,中型,-,,1000
2015-11-01,兵庫県,-,-,-,中型,-,,700
2015-11-01,奈良県,-,-,-,中型,-,,156
2015-11-01,和歌山県,-,-,-,中型,-,,134
2015-11-01,鳥取県,-,-,-,中型,-,,89
2015-11-01,島根県,-,-,-,中型,-,,130
2015-11-01,岡山県,-,-,-,中型,-,,255
2015-11-01,広島県,-,-,-,中型,-,,425
2015-11-01,山口県,-,-,-,中型,-,,224
2015-11-01,徳島県,-,-,-,中型,-,,115
2015-11-01,香川県,-,-,-,中型,-,,158
2015-11-01,愛媛県,-,-,-,中型,-,,225
2015-11-01,高知県,-,-,-,中型,-,,120
2015-11-01,福岡県,-,-,-,中型,-,,564
2015-11-01,佐賀県,-,-,-,中型,-,,119
2015-11-01,長崎県,-,-,-,中型,-,,159
2015-11-01,熊本県,-,-,-,中型,-,,141
2015-11-01,大分県,-,-,-,中型,-,,180
2015-11-01,宮崎県,-,-,-,中型,-,,170
2015-11-01,鹿児島県,-,-,-,中型,-,,247
2015-11-01,沖縄県,-,-,-,中型,-,,231
2015-12-01,北海道,-,-,-,中型,-,,827
2015-12-01,青森県,-,-,-,中型,-,,187
2015-12-01,岩手県,-,-,-,中型,-,,194
2015-12-01,宮城県,-,-,-,中型,-,,291
2015-12-01,秋田県,-,-,-,中型,-,,133
2015-12-01,山形県,-,-,-,中型,-,,187
2015-12-01,福島県,-,-,-,中型,-,,234
2015-12-01,茨城県,-,-,-,中型,-,,352
2015-12-01,栃木県,-,-,-,中型,-,,247
2015-12-01,群馬県,-,-,-,中型,-,,212
2015-12-01,埼玉県,-,-,-,中型,-,,761
2015-12-01,千葉県,-,-,-,中型,-,,575
2015-12-01,東京都,-,-,-,中型,-,,1235
2015-12-01,神奈川県,-,-,-,中型,-,,893
2015-12-01,新潟県,-,-,-,中型,-,,295
2015-12-01,山梨県,-,-,-,中型,-,,111
2015-12-01,長野県,-,-,-,中型,-,,258
2015-12-01,富山県,-,-,-,中型,-,,122
2015-12-01,石川県,-,-,-,中型,-,,141
2015-12-01,福井県,-,-,-,中型,-,,118
2015-12-01,岐阜県,-,-,-,中型,-,,211
2015-12-01,静岡県,-,-,-,中型,-,,442
2015-12-01,愛知県,-,-,-,中型,-,,730
2015-12-01,三重県,-,-,-,中型,-,,241
2015-12-01,滋賀県,-,-,-,中型,-,,145
2015-12-01,京都府,-,-,-,中型,-,,308
2015-12-01,大阪府,-,-,-,中型,-,,1001
2015-12-01,兵庫県,-,-,-,中型,-,,701
2015-12-01,奈良県,-,-,-,中型,-,,154
2015-12-01,和歌山県,-,-,-,中型,-,,134
2015-12-01,鳥取県,-,-,-,中型,-,,89
2015-12-01,島根県,-,-,-,中型,-,,131
2015-12-01,岡山県,-,-,-,中型,-,,256
2015-12-01,広島県,-,-,-,中型,-,,428
2015-12-01,山口県,-,-,-,中型,-,,224
2015-12-01,徳島県,-,-,-,中型,-,,117
2015-12-01,香川県,-,-,-,中型,-,,158
2015-12-01,愛媛県,-,-,-,中型,-,,226
2015-12-01,高知県,-,-,-,中型,-,,120
2015-12-01,福岡県,-,-,-,中型,-,,569
2015-12-01,佐賀県,-,-,-,中型,-,,119
2015-12-01,長崎県,-,-,-,中型,-,,159
2015-12-01,熊本県,-,-,-,中型,-,,141
2015-12-01,大分県,-,-,-,中型,-,,179
2015-12-01,宮崎県,-,-,-,中型,-,,170
2015-12-01,鹿児島県,-,-,-,中型,-,,248
2015-12-01,沖縄県,-,-,-,中型,-,,232
2016-01-01,北海道,-,-,-,中型,-,,839
2016-01-01,青森県,-,-,-,中型,-,,186
2016-01-01,岩手県,-,-,-,中型,-,,194
2016-01-01,宮城県,-,-,-,中型,-,,291
2016-01-01,秋田県,-,-,-,中型,-,,132
2016-01-01,山形県,-,-,-,中型,-,,186
2016-01-01,福島県,-,-,-,中型,-,,234
2016-01-01,茨城県,-,-,-,中型,-,,351
2016-01-01,栃木県,-,-,-,中型,-,,245
2016-01-01,群馬県,-,-,-,中型,-,,213
2016-01-01,埼玉県,-,-,-,中型,-,,757
2016-01-01,千葉県,-,-,-,中型,-,,573
2016-01-01,東京都,-,-,-,中型,-,,1236
2016-01-01,神奈川県,-,-,-,中型,-,,891
2016-01-01,新潟県,-,-,-,中型,-,,296
2016-01-01,山梨県,-,-,-,中型,-,,110
2016-01-01,長野県,-,-,-,中型,-,,258
2016-01-01,富山県,-,-,-,中型,-,,122
2016-01-01,石川県,-,-,-,中型,-,,141
2016-01-01,福井県,-,-,-,中型,-,,118
2016-01-01,岐阜県,-,-,-,中型,-,,211
2016-01-01,静岡県,-,-,-,中型,-,,440
2016-01-01,愛知県,-,-,-,中型,-,,730
2016-01-01,三重県,-,-,-,中型,-,,240
2016-01-01,滋賀県,-,-,-,中型,-,,144
2016-01-01,京都府,-,-,-,中型,-,,307
2016-01-01,大阪府,-,-,-,中型,-,,996
2016-01-01,兵庫県,-,-,-,中型,-,,697
2016-01-01,奈良県,-,-,-,中型,-,,154
2016-01-01,和歌山県,-,-,-,中型,-,,134
2016-01-01,鳥取県,-,-,-,中型,-,,89
2016-01-01,島根県,-,-,-,中型,-,,131
2016-01-01,岡山県,-,-,-,中型,-,,256
2016-01-01,広島県,-,-,-,中型,-,,426
2016-01-01,山口県,-,-,-,中型,-,,224
2016-01-01,徳島県,-,-,-,中型,-,,118
2016-01-01,香川県,-,-,-,中型,-,,158
2016-01-01,愛媛県,-,-,-,中型,-,,225
2016-01-01,高知県,-,-,-,中型,-,,120
2016-01-01,福岡県,-,-,-,中型,-,,567
2016-01-01,佐賀県,-,-,-,中型,-,,119
2016-01-01,長崎県,-,-,-,中型,-,,159
2016-01-01,熊本県,-,-,-,中型,-,,141
2016-01-01,大分県,-,-,-,中型,-,,179
2016-01-01,宮崎県,-,-,-,中型,-,,170
2016-01-01,鹿児島県,-,-,-,中型,-,,248
2016-01-01,沖縄県,-,-,-,中型,-,,232
2016-02-01,北海道,-,-,-,中型,-,,837
2016-02-01,青森県,-,-,-,中型,-,,186
2016-02-01,岩手県,-,-,-,中型,-,,197
2016-02-01,宮城県,-,-,-,中型,-,,291
2016-02-01,秋田県,-,-,-,中型,-,,132
2016-02-01,山形県,-,-,-,中型,-,,186
2016-02-01,福島県,-,-,-,中型,-,,233
2016-02-01,茨城県,-,-,-,中型,-,,352
2016-02-01,栃木県,-,-,-,中型,-,,246
2016-02-01,群馬県,-,-,-,中型,-,,213
2016-02-01,埼玉県,-,-,-,中型,-,,761
2016-02-01,千葉県,-,-,-,中型,-,,571
2016-02-01,東京都,-,-,-,中型,-,,1236
2016-02-01,神奈川県,-,-,-,中型,-,,892
2016-02-01,新潟県,-,-,-,中型,-,,290
2016-02-01,山梨県,-,-,-,中型,-,,110
2016-02-01,長野県,-,-,-,中型,-,,258
2016-02-01,富山県,-,-,-,中型,-,,122
2016-02-01,石川県,-,-,-,中型,-,,142
2016-02-01,福井県,-,-,-,中型,-,,118
2016-02-01,岐阜県,-,-,-,中型,-,,210
2016-02-01,静岡県,-,-,-,中型,-,,439
2016-02-01,愛知県,-,-,-,中型,-,,731
2016-02-01,三重県,-,-,-,中型,-,,240
2016-02-01,滋賀県,-,-,-,中型,-,,144
2016-02-01,京都府,-,-,-,中型,-,,306
2016-02-01,大阪府,-,-,-,中型,-,,994
2016-02-01,兵庫県,-,-,-,中型,-,,697
2016-02-01,奈良県,-,-,-,中型,-,,155
2016-02-01,和歌山県,-,-,-,中型,-,,133
2016-02-01,鳥取県,-,-,-,中型,-,,89
2016-02-01,島根県,-,-,-,中型,-,,131
2016-02-01,岡山県,-,-,-,中型,-,,261
2016-02-01,広島県,-,-,-,中型,-,,424
2016-02-01,山口県,-,-,-,中型,-,,221
2016-02-01,徳島県,-,-,-,中型,-,,117
2016-02-01,香川県,-,-,-,中型,-,,158
2016-02-01,愛媛県,-,-,-,中型,-,,224
2016-02-01,高知県,-,-,-,中型,-,,118
2016-02-01,福岡県,-,-,-,中型,-,,565
2016-02-01,佐賀県,-,-,-,中型,-,,119
2016-02-01,長崎県,-,-,-,中型,-,,159
2016-02-01,熊本県,-,-,-,中型,-,,141
2016-02-01,大分県,-,-,-,中型,-,,179
2016-02-01,宮崎県,-,-,-,中型,-,,169
2016-02-01,鹿児島県,-,-,-,中型,-,,248
2016-02-01,沖縄県,-,-,-,中型,-,,232
2016-03-01,北海道,-,-,-,中型,-,,837
2016-03-01,青森県,-,-,-,中型,-,,189
2016-03-01,岩手県,-,-,-,中型,-,,197
2016-03-01,宮城県,-,-,-,中型,-,,295
2016-03-01,秋田県,-,-,-,中型,-,,132
2016-03-01,山形県,-,-,-,中型,-,,186
2016-03-01,福島県,-,-,-,中型,-,,233
2016-03-01,茨城県,-,-,-,中型,-,,352
2016-03-01,栃木県,-,-,-,中型,-,,246
2016-03-01,群馬県,-,-,-,中型,-,,213
2016-03-01,埼玉県,-,-,-,中型,-,,763
2016-03-01,千葉県,-,-,-,中型,-,,573
2016-03-01,東京都,-,-,-,中型,-,,1234
2016-03-01,神奈川県,-,-,-,中型,-,,890
2016-03-01,新潟県,-,-,-,中型,-,,296
2016-03-01,山梨県,-,-,-,中型,-,,111
2016-03-01,長野県,-,-,-,中型,-,,258
2016-03-01,富山県,-,-,-,中型,-,,122
2016-03-01,石川県,-,-,-,中型,-,,142
2016-03-01,福井県,-,-,-,中型,-,,118
2016-03-01,岐阜県,-,-,-,中型,-,,210
2016-03-01,静岡県,-,-,-,中型,-,,440
2016-03-01,愛知県,-,-,-,中型,-,,730
2016-03-01,三重県,-,-,-,中型,-,,244
2016-03-01,滋賀県,-,-,-,中型,-,,145
2016-03-01,京都府,-,-,-,中型,-,,305
2016-03-01,大阪府,-,-,-,中型,-,,996
2016-03-01,兵庫県,-,-,-,中型,-,,697
2016-03-01,奈良県,-,-,-,中型,-,,153
2016-03-01,和歌山県,-,-,-,中型,-,,133
2016-03-01,鳥取県,-,-,-,中型,-,,90
2016-03-01,島根県,-,-,-,中型,-,,131
2016-03-01,岡山県,-,-,-,中型,-,,262
2016-03-01,広島県,-,-,-,中型,-,,427
2016-03-01,山口県,-,-,-,中型,-,,221
2016-03-01,徳島県,-,-,-,中型,-,,117
2016-03-01,香川県,-,-,-,中型,-,,157
2016-03-01,愛媛県,-,-,-,中型,-,,223
2016-03-01,高知県,-,-,-,中型,-,,117
2016-03-01,福岡県,-,-,-,中型,-,,566
2016-03-01,佐賀県,-,-,-,中型,-,,119
2016-03-01,長崎県,-,-,-,中型,-,,159
2016-03-01,熊本県,-,-,-,中型,-,,141
2016-03-01,大分県,-,-,-,中型,-,,179
2016-03-01,宮崎県,-,-,-,中型,-,,169
2016-03-01,鹿児島県,-,-,-,中型,-,,249
2016-03-01,沖縄県,-,-,-,中型,-,,232
2016-04-01,北海道,-,-,-,中型,-,,831
2016-04-01,青森県,-,-,-,中型,-,,190
2016-04-01,岩手県,-,-,-,中型,-,,200
2016-04-01,宮城県,-,-,-,中型,-,,295
2016-04-01,秋田県,-,-,-,中型,-,,132
2016-04-01,山形県,-,-,-,中型,-,,186
2016-04-01,福島県,-,-,-,中型,-,,233
2016-04-01,茨城県,-,-,-,中型,-,,353
2016-04-01,栃木県,-,-,-,中型,-,,249
2016-04-01,群馬県,-,-,-,中型,-,,213
2016-04-01,埼玉県,-,-,-,中型,-,,766
2016-04-01,千葉県,-,-,-,中型,-,,578
2016-04-01,東京都,-,-,-,中型,-,,1244
2016-04-01,神奈川県,-,-,-,中型,-,,889
2016-04-01,新潟県,-,-,-,中型,-,,296
2016-04-01,山梨県,-,-,-,中型,-,,110
2016-04-01,長野県,-,-,-,中型,-,,258
2016-04-01,富山県,-,-,-,中型,-,,122
2016-04-01,石川県,-,-,-,中型,-,,141
2016-04-01,福井県,-,-,-,中型,-,,118
2016-04-01,岐阜県,-,-,-,中型,-,,210
2016-04-01,静岡県,-,-,-,中型,-,,442
2016-04-01,愛知県,-,-,-,中型,-,,733
2016-04-01,三重県,-,-,-,中型,-,,244
2016-04-01,滋賀県,-,-,-,中型,-,,147
2016-04-01,京都府,-,-,-,中型,-,,306
2016-04-01,大阪府,-,-,-,中型,-,,998
2016-04-01,兵庫県,-,-,-,中型,-,,698
2016-04-01,奈良県,-,-,-,中型,-,,153
2016-04-01,和歌山県,-,-,-,中型,-,,132
2016-04-01,鳥取県,-,-,-,中型,-,,89
2016-04-01,島根県,-,-,-,中型,-,,132
2016-04-01,岡山県,-,-,-,中型,-,,261
2016-04-01,広島県,-,-,-,中型,-,,423
2016-04-01,山口県,-,-,-,中型,-,,216
2016-04-01,徳島県,-,-,-,中型,-,,117
2016-04-01,香川県,-,-,-,中型,-,,157
2016-04-01,愛媛県,-,-,-,中型,-,,223
2016-04-01,高知県,-,-,-,中型,-,,118
2016-04-01,福岡県,-,-,-,中型,-,,561
2016-04-01,佐賀県,-,-,-,中型,-,,119
2016-04-01,長崎県,-,-,-,中型,-,,158
2016-04-01,熊本県,-,-,-,中型,-,,140
2016-04-01,大分県,-,-,-,中型,-,,179
2016-04-01,宮崎県,-,-,-,中型,-,,169
2016-04-01,鹿児島県,-,-,-,中型,-,,249
2016-04-01,沖縄県,-,-,-,中型,-,,232
2016-05-01,北海道,-,-,-,中型,-,,831
2016-05-01,青森県,-,-,-,中型,-,,190
2016-05-01,岩手県,-,-,-,中型,-,,200
2016-05-01,宮城県,-,-,-,中型,-,,294
2016-05-01,秋田県,-,-,-,中型,-,,134
2016-05-01,山形県,-,-,-,中型,-,,183
2016-05-01,福島県,-,-,-,中型,-,,233
2016-05-01,茨城県,-,-,-,中型,-,,354
2016-05-01,栃木県,-,-,-,中型,-,,249
2016-05-01,群馬県,-,-,-,中型,-,,211
2016-05-01,埼玉県,-,-,-,中型,-,,768
2016-05-01,千葉県,-,-,-,中型,-,,580
2016-05-01,東京都,-,-,-,中型,-,,1248
2016-05-01,神奈川県,-,-,-,中型,-,,889
2016-05-01,新潟県,-,-,-,中型,-,,296
2016-05-01,山梨県,-,-,-,中型,-,,110
2016-05-01,長野県,-,-,-,中型,-,,258
2016-05-01,富山県,-,-,-,中型,-,,122
2016-05-01,石川県,-,-,-,中型,-,,141
2016-05-01,福井県,-,-,-,中型,-,,120
2016-05-01,岐阜県,-,-,-,中型,-,,210
2016-05-01,静岡県,-,-,-,中型,-,,443
2016-05-01,愛知県,-,-,-,中型,-,,732
2016-05-01,三重県,-,-,-,中型,-,,244
2016-05-01,滋賀県,-,-,-,中型,-,,146
2016-05-01,京都府,-,-,-,中型,-,,305
2016-05-01,大阪府,-,-,-,中型,-,,998
2016-05-01,兵庫県,-,-,-,中型,-,,699
2016-05-01,奈良県,-,-,-,中型,-,,153
2016-05-01,和歌山県,-,-,-,中型,-,,133
2016-05-01,鳥取県,-,-,-,中型,-,,89
2016-05-01,島根県,-,-,-,中型,-,,131
2016-05-01,岡山県,-,-,-,中型,-,,262
2016-05-01,広島県,-,-,-,中型,-,,418
2016-05-01,山口県,-,-,-,中型,-,,216
2016-05-01,徳島県,-,-,-,中型,-,,117
2016-05-01,香川県,-,-,-,中型,-,,157
2016-05-01,愛媛県,-,-,-,中型,-,,223
2016-05-01,高知県,-,-,-,中型,-,,118
2016-05-01,福岡県,-,-,-,中型,-,,553
2016-05-01,佐賀県,-,-,-,中型,-,,119
2016-05-01,長崎県,-,-,-,中型,-,,159
2016-05-01,熊本県,-,-,-,中型,-,,140
2016-05-01,大分県,-,-,-,中型,-,,178
2016-05-01,宮崎県,-,-,-,中型,-,,169
2016-05-01,鹿児島県,-,-,-,中型,-,,249
2016-05-01,沖縄県,-,-,-,中型,-,,233
2016-06-01,北海道,-,-,-,中型,-,,831
2016-06-01,青森県,-,-,-,中型,-,,189
2016-06-01,岩手県,-,-,-,中型,-,,199
2016-06-01,宮城県,-,-,-,中型,-,,294
2016-06-01,秋田県,-,-,-,中型,-,,134
2016-06-01,山形県,-,-,-,中型,-,,183
2016-06-01,福島県,-,-,-,中型,-,,234
2016-06-01,茨城県,-,-,-,中型,-,,354
2016-06-01,栃木県,-,-,-,中型,-,,251
2016-06-01,群馬県,-,-,-,中型,-,,211
2016-06-01,埼玉県,-,-,-,中型,-,,770
2016-06-01,千葉県,-,-,-,中型,-,,582
2016-06-01,東京都,-,-,-,中型,-,,1251
2016-06-01,神奈川県,-,-,-,中型,-,,891
2016-06-01,新潟県,-,-,-,中型,-,,296
2016-06-01,山梨県,-,-,-,中型,-,,110
2016-06-01,長野県,-,-,-,中型,-,,261
2016-06-01,富山県,-,-,-,中型,-,,122
2016-06-01,石川県,-,-,-,中型,-,,140
2016-06-01,福井県,-,-,-,中型,-,,120
2016-06-01,岐阜県,-,-,-,中型,-,,210
2016-06-01,静岡県,-,-,-,中型,-,,443
2016-06-01,愛知県,-,-,-,中型,-,,735
2016-06-01,三重県,-,-,-,中型,-,,245
2016-06-01,滋賀県,-,-,-,中型,-,,146
2016-06-01,京都府,-,-,-,中型,-,,308
2016-06-01,大阪府,-,-,-,中型,-,,1000
2016-06-01,兵庫県,-,-,-,中型,-,,700
2016-06-01,奈良県,-,-,-,中型,-,,154
2016-06-01,和歌山県,-,-,-,中型,-,,133
2016-06-01,鳥取県,-,-,-,中型,-,,89
2016-06-01,島根県,-,-,-,中型,-,,131
2016-06-01,岡山県,-,-,-,中型,-,,264
2016-06-01,広島県,-,-,-,中型,-,,419
2016-06-01,山口県,-,-,-,中型,-,,216
2016-06-01,徳島県,-,-,-,中型,-,,117
2016-06-01,香川県,-,-,-,中型,-,,157
2016-06-01,愛媛県,-,-,-,中型,-,,223
2016-06-01,高知県,-,-,-,中型,-,,118
2016-06-01,福岡県,-,-,-,中型,-,,556
2016-06-01,佐賀県,-,-,-,中型,-,,118
2016-06-01,長崎県,-,-,-,中型,-,,158
2016-06-01,熊本県,-,-,-,中型,-,,139
2016-06-01,大分県,-,-,-,中型,-,,155
2016-06-01,宮崎県,-,-,-,中型,-,,169
2016-06-01,鹿児島県,-,-,-,中型,-,,250
2016-06-01,沖縄県,-,-,-,中型,-,,232
2016-07-01,北海道,-,-,-,中型,-,,830
2016-07-01,青森県,-,-,-,中型,-,,190
2016-07-01,岩手県,-,-,-,中型,-,,199
2016-07-01,宮城県,-,-,-,中型,-,,296
2016-07-01,秋田県,-,-,-,中型,-,,134
2016-07-01,山形県,-,-,-,中型,-,,183
2016-07-01,福島県,-,-,-,中型,-,,234
2016-07-01,茨城県,-,-,-,中型,-,,351
2016-07-01,栃木県,-,-,-,中型,-,,252
2016-07-01,群馬県,-,-,-,中型,-,,211
2016-07-01,埼玉県,-,-,-,中型,-,,771
2016-07-01,千葉県,-,-,-,中型,-,,591
2016-07-01,東京都,-,-,-,中型,-,,1248
2016-07-01,神奈川県,-,-,-,中型,-,,891
2016-07-01,新潟県,-,-,-,中型,-,,296
2016-07-01,山梨県,-,-,-,中型,-,,112
2016-07-01,長野県,-,-,-,中型,-,,261
2016-07-01,富山県,-,-,-,中型,-,,123
2016-07-01,石川県,-,-,-,中型,-,,140
2016-07-01,福井県,-,-,-,中型,-,,121
2016-07-01,岐阜県,-,-,-,中型,-,,209
2016-07-01,静岡県,-,-,-,中型,-,,444
2016-07-01,愛知県,-,-,-,中型,-,,736
2016-07-01,三重県,-,-,-,中型,-,,244
2016-07-01,滋賀県,-,-,-,中型,-,,146
2016-07-01,京都府,-,-,-,中型,-,,309
2016-07-01,大阪府,-,-,-,中型,-,,1002
2016-07-01,兵庫県,-,-,-,中型,-,,703
2016-07-01,奈良県,-,-,-,中型,-,,155
2016-07-01,和歌山県,-,-,-,中型,-,,134
2016-07-01,鳥取県,-,-,-,中型,-,,89
2016-07-01,島根県,-,-,-,中型,-,,131
2016-07-01,岡山県,-,-,-,中型,-,,264
2016-07-01,広島県,-,-,-,中型,-,,420
2016-07-01,山口県,-,-,-,中型,-,,216
2016-07-01,徳島県,-,-,-,中型,-,,117
2016-07-01,香川県,-,-,-,中型,-,,157
2016-07-01,愛媛県,-,-,-,中型,-,,223
2016-07-01,高知県,-,-,-,中型,-,,118
2016-07-01,福岡県,-,-,-,中型,-,,552
2016-07-01,佐賀県,-,-,-,中型,-,,118
2016-07-01,長崎県,-,-,-,中型,-,,158
2016-07-01,熊本県,-,-,-,中型,-,,139
2016-07-01,大分県,-,-,-,中型,-,,172
2016-07-01,宮崎県,-,-,-,中型,-,,169
2016-07-01,鹿児島県,-,-,-,中型,-,,250
2016-07-01,沖縄県,-,-,-,中型,-,,232
2016-08-01,北海道,-,-,-,中型,-,,827
2016-08-01,青森県,-,-,-,中型,-,,190
2016-08-01,岩手県,-,-,-,中型,-,,198
2016-08-01,宮城県,-,-,-,中型,-,,296
2016-08-01,秋田県,-,-,-,中型,-,,135
2016-08-01,山形県,-,-,-,中型,-,,183
2016-08-01,福島県,-,-,-,中型,-,,234
2016-08-01,茨城県,-,-,-,中型,-,,352
2016-08-01,栃木県,-,-,-,中型,-,,252
2016-08-01,群馬県,-,-,-,中型,-,,211
2016-08-01,埼玉県,-,-,-,中型,-,,768
2016-08-01,千葉県,-,-,-,中型,-,,590
2016-08-01,東京都,-,-,-,中型,-,,1247
2016-08-01,神奈川県,-,-,-,中型,-,,892
2016-08-01,新潟県,-,-,-,中型,-,,296
2016-08-01,山梨県,-,-,-,中型,-,,112
2016-08-01,長野県,-,-,-,中型,-,,257
2016-08-01,富山県,-,-,-,中型,-,,123
2016-08-01,石川県,-,-,-,中型,-,,140
2016-08-01,福井県,-,-,-,中型,-,,117
2016-08-01,岐阜県,-,-,-,中型,-,,208
2016-08-01,静岡県,-,-,-,中型,-,,444
2016-08-01,愛知県,-,-,-,中型,-,,737
2016-08-01,三重県,-,-,-,中型,-,,244
2016-08-01,滋賀県,-,-,-,中型,-,,146
2016-08-01,京都府,-,-,-,中型,-,,310
2016-08-01,大阪府,-,-,-,中型,-,,1000
2016-08-01,兵庫県,-,-,-,中型,-,,702
2016-08-01,奈良県,-,-,-,中型,-,,154
2016-08-01,和歌山県,-,-,-,中型,-,,134
2016-08-01,鳥取県,-,-,-,中型,-,,88
2016-08-01,島根県,-,-,-,中型,-,,131
2016-08-01,岡山県,-,-,-,中型,-,,263
2016-08-01,広島県,-,-,-,中型,-,,421
2016-08-01,山口県,-,-,-,中型,-,,215
2016-08-01,徳島県,-,-,-,中型,-,,117
2016-08-01,香川県,-,-,-,中型,-,,157
2016-08-01,愛媛県,-,-,-,中型,-,,222
2016-08-01,高知県,-,-,-,中型,-,,118
2016-08-01,福岡県,-,-,-,中型,-,,551
2016-08-01,佐賀県,-,-,-,中型,-,,117
2016-08-01,長崎県,-,-,-,中型,-,,158
2016-08-01,熊本県,-,-,-,中型,-,,139
2016-08-01,大分県,-,-,-,中型,-,,172
2016-08-01,宮崎県,-,-,-,中型,-,,169
2016-08-01,鹿児島県,-,-,-,中型,-,,250
2016-08-01,沖縄県,-,-,-,中型,-,,232
2016-09-01,北海道,-,-,-,中型,-,,823
2016-09-01,青森県,-,-,-,中型,-,,191
2016-09-01,岩手県,-,-,-,中型,-,,198
2016-09-01,宮城県,-,-,-,中型,-,,297
2016-09-01,秋田県,-,-,-,中型,-,,134
2016-09-01,山形県,-,-,-,中型,-,,185
2016-09-01,福島県,-,-,-,中型,-,,234
2016-09-01,茨城県,-,-,-,中型,-,,352
2016-09-01,栃木県,-,-,-,中型,-,,254
2016-09-01,群馬県,-,-,-,中型,-,,211
2016-09-01,埼玉県,-,-,-,中型,-,,768
2016-09-01,千葉県,-,-,-,中型,-,,586
2016-09-01,東京都,-,-,-,中型,-,,1250
2016-09-01,神奈川県,-,-,-,中型,-,,894
2016-09-01,新潟県,-,-,-,中型,-,,297
2016-09-01,山梨県,-,-,-,中型,-,,112
2016-09-01,長野県,-,-,-,中型,-,,258
2016-09-01,富山県,-,-,-,中型,-,,122
2016-09-01,石川県,-,-,-,中型,-,,140
2016-09-01,福井県,-,-,-,中型,-,,117
2016-09-01,岐阜県,-,-,-,中型,-,,209
2016-09-01,静岡県,-,-,-,中型,-,,444
2016-09-01,愛知県,-,-,-,中型,-,,736
2016-09-01,三重県,-,-,-,中型,-,,245
2016-09-01,滋賀県,-,-,-,中型,-,,148
2016-09-01,京都府,-,-,-,中型,-,,310
2016-09-01,大阪府,-,-,-,中型,-,,1000
2016-09-01,兵庫県,-,-,-,中型,-,,700
2016-09-01,奈良県,-,-,-,中型,-,,154
2016-09-01,和歌山県,-,-,-,中型,-,,134
2016-09-01,鳥取県,-,-,-,中型,-,,88
2016-09-01,島根県,-,-,-,中型,-,,131
2016-09-01,岡山県,-,-,-,中型,-,,264
2016-09-01,広島県,-,-,-,中型,-,,425
2016-09-01,山口県,-,-,-,中型,-,,215
2016-09-01,徳島県,-,-,-,中型,-,,117
2016-09-01,香川県,-,-,-,中型,-,,157
2016-09-01,愛媛県,-,-,-,中型,-,,221
2016-09-01,高知県,-,-,-,中型,-,,118
2016-09-01,福岡県,-,-,-,中型,-,,553
2016-09-01,佐賀県,-,-,-,中型,-,,117
2016-09-01,長崎県,-,-,-,中型,-,,157
2016-09-01,熊本県,-,-,-,中型,-,,141
2016-09-01,大分県,-,-,-,中型,-,,173
2016-09-01,宮崎県,-,-,-,中型,-,,169
2016-09-01,鹿児島県,-,-,-,中型,-,,250
2016-09-01,沖縄県,-,-,-,中型,-,,232
2016-10-01,北海道,-,-,-,中型,-,,823
2016-10-01,青森県,-,-,-,中型,-,,191
2016-10-01,岩手県,-,-,-,中型,-,,198
2016-10-01,宮城県,-,-,-,中型,-,,297
2016-10-01,秋田県,-,-,-,中型,-,,134
2016-10-01,山形県,-,-,-,中型,-,,185
2016-10-01,福島県,-,-,-,中型,-,,234
2016-10-01,茨城県,-,-,-,中型,-,,353
2016-10-01,栃木県,-,-,-,中型,-,,255
2016-10-01,群馬県,-,-,-,中型,-,,211
2016-10-01,埼玉県,-,-,-,中型,-,,771
2016-10-01,千葉県,-,-,-,中型,-,,587
2016-10-01,東京都,-,-,-,中型,-,,1254
2016-10-01,神奈川県,-,-,-,中型,-,,895
2016-10-01,新潟県,-,-,-,中型,-,,296
2016-10-01,山梨県,-,-,-,中型,-,,112
2016-10-01,長野県,-,-,-,中型,-,,258
2016-10-01,富山県,-,-,-,中型,-,,123
2016-10-01,石川県,-,-,-,中型,-,,141
2016-10-01,福井県,-,-,-,中型,-,,115
2016-10-01,岐阜県,-,-,-,中型,-,,209
2016-10-01,静岡県,-,-,-,中型,-,,445
2016-10-01,愛知県,-,-,-,中型,-,,740
2016-10-01,三重県,-,-,-,中型,-,,245
2016-10-01,滋賀県,-,-,-,中型,-,,148
2016-10-01,京都府,-,-,-,中型,-,,312
2016-10-01,大阪府,-,-,-,中型,-,,1003
2016-10-01,兵庫県,-,-,-,中型,-,,701
2016-10-01,奈良県,-,-,-,中型,-,,153
2016-10-01,和歌山県,-,-,-,中型,-,,134
2016-10-01,鳥取県,-,-,-,中型,-,,84
2016-10-01,島根県,-,-,-,中型,-,,129
2016-10-01,岡山県,-,-,-,中型,-,,258
2016-10-01,広島県,-,-,-,中型,-,,421
2016-10-01,山口県,-,-,-,中型,-,,216
2016-10-01,徳島県,-,-,-,中型,-,,118
2016-10-01,香川県,-,-,-,中型,-,,160
2016-10-01,愛媛県,-,-,-,中型,-,,221
2016-10-01,高知県,-,-,-,中型,-,,119
2016-10-01,福岡県,-,-,-,中型,-,,554
2016-10-01,佐賀県,-,-,-,中型,-,,117
2016-10-01,長崎県,-,-,-,中型,-,,158
2016-10-01,熊本県,-,-,-,中型,-,,140
2016-10-01,大分県,-,-,-,中型,-,,175
2016-10-01,宮崎県,-,-,-,中型,-,,169
2016-10-01,鹿児島県,-,-,-,中型,-,,250
2016-10-01,沖縄県,-,-,-,中型,-,,232
2016-11-01,北海道,-,-,-,中型,-,,826
2016-11-01,青森県,-,-,-,中型,-,,192
2016-11-01,岩手県,-,-,-,中型,-,,198
2016-11-01,宮城県,-,-,-,中型,-,,296
2016-11-01,秋田県,-,-,-,中型,-,,134
2016-11-01,山形県,-,-,-,中型,-,,185
2016-11-01,福島県,-,-,-,中型,-,,234
2016-11-01,茨城県,-,-,-,中型,-,,357
2016-11-01,栃木県,-,-,-,中型,-,,256
2016-11-01,群馬県,-,-,-,中型,-,,209
2016-11-01,埼玉県,-,-,-,中型,-,,773
2016-11-01,千葉県,-,-,-,中型,-,,590
2016-11-01,東京都,-,-,-,中型,-,,1259
2016-11-01,神奈川県,-,-,-,中型,-,,895
2016-11-01,新潟県,-,-,-,中型,-,,297
2016-11-01,山梨県,-,-,-,中型,-,,113
2016-11-01,長野県,-,-,-,中型,-,,258
2016-11-01,富山県,-,-,-,中型,-,,122
2016-11-01,石川県,-,-,-,中型,-,,143
2016-11-01,福井県,-,-,-,中型,-,,115
2016-11-01,岐阜県,-,-,-,中型,-,,209
2016-11-01,静岡県,-,-,-,中型,-,,445
2016-11-01,愛知県,-,-,-,中型,-,,743
2016-11-01,三重県,-,-,-,中型,-,,248
2016-11-01,滋賀県,-,-,-,中型,-,,150
2016-11-01,京都府,-,-,-,中型,-,,313
2016-11-01,大阪府,-,-,-,中型,-,,1004
2016-11-01,兵庫県,-,-,-,中型,-,,700
2016-11-01,奈良県,-,-,-,中型,-,,154
2016-11-01,和歌山県,-,-,-,中型,-,,134
2016-11-01,鳥取県,-,-,-,中型,-,,84
2016-11-01,島根県,-,-,-,中型,-,,130
2016-11-01,岡山県,-,-,-,中型,-,,258
2016-11-01,広島県,-,-,-,中型,-,,421
2016-11-01,山口県,-,-,-,中型,-,,216
2016-11-01,徳島県,-,-,-,中型,-,,119
2016-11-01,香川県,-,-,-,中型,-,,160
2016-11-01,愛媛県,-,-,-,中型,-,,221
2016-11-01,高知県,-,-,-,中型,-,,119
2016-11-01,福岡県,-,-,-,中型,-,,552
2016-11-01,佐賀県,-,-,-,中型,-,,118
2016-11-01,長崎県,-,-,-,中型,-,,158
2016-11-01,熊本県,-,-,-,中型,-,,140
2016-11-01,大分県,-,-,-,中型,-,,175
2016-11-01,宮崎県,-,-,-,中型,-,,169
2016-11-01,鹿児島県,-,-,-,中型,-,,250
2016-11-01,沖縄県,-,-,-,中型,-,,233
2016-12-01,北海道,-,-,-,中型,-,,826
2016-12-01,青森県,-,-,-,中型,-,,191
2016-12-01,岩手県,-,-,-,中型,-,,198
2016-12-01,宮城県,-,-,-,中型,-,,297
2016-12-01,秋田県,-,-,-,中型,-,,134
2016-12-01,山形県,-,-,-,中型,-,,184
2016-12-01,福島県,-,-,-,中型,-,,234
2016-12-01,茨城県,-,-,-,中型,-,,357
2016-12-01,栃木県,-,-,-,中型,-,,256
2016-12-01,群馬県,-,-,-,中型,-,,210
2016-12-01,埼玉県,-,-,-,中型,-,,774
2016-12-01,千葉県,-,-,-,中型,-,,590
2016-12-01,東京都,-,-,-,中型,-,,1262
2016-12-01,神奈川県,-,-,-,中型,-,,895
2016-12-01,新潟県,-,-,-,中型,-,,296
2016-12-01,山梨県,-,-,-,中型,-,,111
2016-12-01,長野県,-,-,-,中型,-,,258
2016-12-01,富山県,-,-,-,中型,-,,122
2016-12-01,石川県,-,-,-,中型,-,,143
2016-12-01,福井県,-,-,-,中型,-,,119
2016-12-01,岐阜県,-,-,-,中型,-,,210
2016-12-01,静岡県,-,-,-,中型,-,,446
2016-12-01,愛知県,-,-,-,中型,-,,740
2016-12-01,三重県,-,-,-,中型,-,,249
2016-12-01,滋賀県,-,-,-,中型,-,,153
2016-12-01,京都府,-,-,-,中型,-,,313
2016-12-01,大阪府,-,-,-,中型,-,,1002
2016-12-01,兵庫県,-,-,-,中型,-,,702
2016-12-01,奈良県,-,-,-,中型,-,,156
2016-12-01,和歌山県,-,-,-,中型,-,,134
2016-12-01,鳥取県,-,-,-,中型,-,,85
2016-12-01,島根県,-,-,-,中型,-,,130
2016-12-01,岡山県,-,-,-,中型,-,,258
2016-12-01,広島県,-,-,-,中型,-,,425
2016-12-01,山口県,-,-,-,中型,-,,216
2016-12-01,徳島県,-,-,-,中型,-,,119
2016-12-01,香川県,-,-,-,中型,-,,160
2016-12-01,愛媛県,-,-,-,中型,-,,218
2016-12-01,高知県,-,-,-,中型,-,,119
2016-12-01,福岡県,-,-,-,中型,-,,552
2016-12-01,佐賀県,-,-,-,中型,-,,118
2016-12-01,長崎県,-,-,-,中型,-,,161
2016-12-01,熊本県,-,-,-,中型,-,,140
2016-12-01,大分県,-,-,-,中型,-,,175
2016-12-01,宮崎県,-,-,-,中型,-,,170
2016-12-01,鹿児島県,-,-,-,中型,-,,250
2016-12-01,沖縄県,-,-,-,中型,-,,232
2017-01-01,北海道,-,-,-,中型,-,,825
2017-01-01,青森県,-,-,-,中型,-,,191
2017-01-01,岩手県,-,-,-,中型,-,,197
2017-01-01,宮城県,-,-,-,中型,-,,295
2017-01-01,秋田県,-,-,-,中型,-,,134
2017-01-01,山形県,-,-,-,中型,-,,184
2017-01-01,福島県,-,-,-,中型,-,,234
2017-01-01,茨城県,-,-,-,中型,-,,356
2017-01-01,栃木県,-,-,-,中型,-,,256
2017-01-01,群馬県,-,-,-,中型,-,,210
2017-01-01,埼玉県,-,-,-,中型,-,,774
2017-01-01,千葉県,-,-,-,中型,-,,589
2017-01-01,東京都,-,-,-,中型,-,,1265
2017-01-01,神奈川県,-,-,-,中型,-,,894
2017-01-01,新潟県,-,-,-,中型,-,,295
2017-01-01,山梨県,-,-,-,中型,-,,111
2017-01-01,長野県,-,-,-,中型,-,,258
2017-01-01,富山県,-,-,-,中型,-,,122
2017-01-01,石川県,-,-,-,中型,-,,141
2017-01-01,福井県,-,-,-,中型,-,,119
2017-01-01,岐阜県,-,-,-,中型,-,,210
2017-01-01,静岡県,-,-,-,中型,-,,444
2017-01-01,愛知県,-,-,-,中型,-,,741
2017-01-01,三重県,-,-,-,中型,-,,248
2017-01-01,滋賀県,-,-,-,中型,-,,153
2017-01-01,京都府,-,-,-,中型,-,,315
2017-01-01,大阪府,-,-,-,中型,-,,1003
2017-01-01,兵庫県,-,-,-,中型,-,,699
2017-01-01,奈良県,-,-,-,中型,-,,154
2017-01-01,和歌山県,-,-,-,中型,-,,134
2017-01-01,鳥取県,-,-,-,中型,-,,85
2017-01-01,島根県,-,-,-,中型,-,,130
2017-01-01,岡山県,-,-,-,中型,-,,259
2017-01-01,広島県,-,-,-,中型,-,,425
2017-01-01,山口県,-,-,-,中型,-,,216
2017-01-01,徳島県,-,-,-,中型,-,,119
2017-01-01,香川県,-,-,-,中型,-,,159
2017-01-01,愛媛県,-,-,-,中型,-,,218
2017-01-01,高知県,-,-,-,中型,-,,119
2017-01-01,福岡県,-,-,-,中型,-,,552
2017-01-01,佐賀県,-,-,-,中型,-,,118
2017-01-01,長崎県,-,-,-,中型,-,,160
2017-01-01,熊本県,-,-,-,中型,-,,140
2017-01-01,大分県,-,-,-,中型,-,,175
2017-01-01,宮崎県,-,-,-,中型,-,,169
2017-01-01,鹿児島県,-,-,-,中型,-,,250
2017-01-01,沖縄県,-,-,-,中型,-,,232
2017-02-01,北海道,-,-,-,中型,-,,823
2017-02-01,青森県,-,-,-,中型,-,,191
2017-02-01,岩手県,-,-,-,中型,-,,196
2017-02-01,宮城県,-,-,-,中型,-,,296
2017-02-01,秋田県,-,-,-,中型,-,,134
2017-02-01,山形県,-,-,-,中型,-,,185
2017-02-01,福島県,-,-,-,中型,-,,235
2017-02-01,茨城県,-,-,-,中型,-,,355
2017-02-01,栃木県,-,-,-,中型,-,,256
2017-02-01,群馬県,-,-,-,中型,-,,210
2017-02-01,埼玉県,-,-,-,中型,-,,775
2017-02-01,千葉県,-,-,-,中型,-,,591
2017-02-01,東京都,-,-,-,中型,-,,1266
2017-02-01,神奈川県,-,-,-,中型,-,,895
2017-02-01,新潟県,-,-,-,中型,-,,295
2017-02-01,山梨県,-,-,-,中型,-,,111
2017-02-01,長野県,-,-,-,中型,-,,258
2017-02-01,富山県,-,-,-,中型,-,,121
2017-02-01,石川県,-,-,-,中型,-,,141
2017-02-01,福井県,-,-,-,中型,-,,119
2017-02-01,岐阜県,-,-,-,中型,-,,210
2017-02-01,静岡県,-,-,-,中型,-,,450
2017-02-01,愛知県,-,-,-,中型,-,,740
2017-02-01,三重県,-,-,-,中型,-,,248
2017-02-01,滋賀県,-,-,-,中型,-,,154
2017-02-01,京都府,-,-,-,中型,-,,315
2017-02-01,大阪府,-,-,-,中型,-,,1000
2017-02-01,兵庫県,-,-,-,中型,-,,700
2017-02-01,奈良県,-,-,-,中型,-,,154
2017-02-01,和歌山県,-,-,-,中型,-,,134
2017-02-01,鳥取県,-,-,-,中型,-,,85
2017-02-01,島根県,-,-,-,中型,-,,129
2017-02-01,岡山県,-,-,-,中型,-,,259
2017-02-01,広島県,-,-,-,中型,-,,424
2017-02-01,山口県,-,-,-,中型,-,,213
2017-02-01,徳島県,-,-,-,中型,-,,117
2017-02-01,香川県,-,-,-,中型,-,,159
2017-02-01,愛媛県,-,-,-,中型,-,,218
2017-02-01,高知県,-,-,-,中型,-,,119
2017-02-01,福岡県,-,-,-,中型,-,,545
2017-02-01,佐賀県,-,-,-,中型,-,,116
2017-02-01,長崎県,-,-,-,中型,-,,160
2017-02-01,熊本県,-,-,-,中型,-,,140
2017-02-01,大分県,-,-,-,中型,-,,175
2017-02-01,宮崎県,-,-,-,中型,-,,169
2017-02-01,鹿児島県,-,-,-,中型,-,,249
2017-02-01,沖縄県,-,-,-,中型,-,,232
2017-03-01,北海道,-,-,-,中型,-,,819
2017-03-01,青森県,-,-,-,中型,-,,191
2017-03-01,岩手県,-,-,-,中型,-,,196
2017-03-01,宮城県,-,-,-,中型,-,,296
2017-03-01,秋田県,-,-,-,中型,-,,137
2017-03-01,山形県,-,-,-,中型,-,,184
2017-03-01,福島県,-,-,-,中型,-,,234
2017-03-01,茨城県,-,-,-,中型,-,,355
2017-03-01,栃木県,-,-,-,中型,-,,256
2017-03-01,群馬県,-,-,-,中型,-,,211
2017-03-01,埼玉県,-,-,-,中型,-,,776
2017-03-01,千葉県,-,-,-,中型,-,,591
2017-03-01,東京都,-,-,-,中型,-,,1273
2017-03-01,神奈川県,-,-,-,中型,-,,898
2017-03-01,新潟県,-,-,-,中型,-,,295
2017-03-01,山梨県,-,-,-,中型,-,,111
2017-03-01,長野県,-,-,-,中型,-,,258
2017-03-01,富山県,-,-,-,中型,-,,122
2017-03-01,石川県,-,-,-,中型,-,,141
2017-03-01,福井県,-,-,-,中型,-,,119
2017-03-01,岐阜県,-,-,-,中型,-,,210
2017-03-01,静岡県,-,-,-,中型,-,,451
2017-03-01,愛知県,-,-,-,中型,-,,740
2017-03-01,三重県,-,-,-,中型,-,,246
2017-03-01,滋賀県,-,-,-,中型,-,,155
2017-03-01,京都府,-,-,-,中型,-,,314
2017-03-01,大阪府,-,-,-,中型,-,,1003
2017-03-01,兵庫県,-,-,-,中型,-,,699
2017-03-01,奈良県,-,-,-,中型,-,,155
2017-03-01,和歌山県,-,-,-,中型,-,,133
2017-03-01,鳥取県,-,-,-,中型,-,,86
2017-03-01,島根県,-,-,-,中型,-,,130
2017-03-01,岡山県,-,-,-,中型,-,,269
2017-03-01,広島県,-,-,-,中型,-,,424
2017-03-01,山口県,-,-,-,中型,-,,213
2017-03-01,徳島県,-,-,-,中型,-,,118
2017-03-01,香川県,-,-,-,中型,-,,159
2017-03-01,愛媛県,-,-,-,中型,-,,220
2017-03-01,高知県,-,-,-,中型,-,,121
2017-03-01,福岡県,-,-,-,中型,-,,545
2017-03-01,佐賀県,-,-,-,中型,-,,116
2017-03-01,長崎県,-,-,-,中型,-,,160
2017-03-01,熊本県,-,-,-,中型,-,,140
2017-03-01,大分県,-,-,-,中型,-,,171
2017-03-01,宮崎県,-,-,-,中型,-,,169
2017-03-01,鹿児島県,-,-,-,中型,-,,249
2017-03-01,沖縄県,-,-,-,中型,-,,232
2017-04-01,北海道,-,-,-,中型,-,,818
2017-04-01,青森県,-,-,-,中型,-,,192
2017-04-01,岩手県,-,-,-,中型,-,,196
2017-04-01,宮城県,-,-,-,中型,-,,297
2017-04-01,秋田県,-,-,-,中型,-,,137
2017-04-01,山形県,-,-,-,中型,-,,186
2017-04-01,福島県,-,-,-,中型,-,,234
2017-04-01,茨城県,-,-,-,中型,-,,356
2017-04-01,栃木県,-,-,-,中型,-,,256
2017-04-01,群馬県,-,-,-,中型,-,,211
2017-04-01,埼玉県,-,-,-,中型,-,,781
2017-04-01,千葉県,-,-,-,中型,-,,593
2017-04-01,東京都,-,-,-,中型,-,,1279
2017-04-01,神奈川県,-,-,-,中型,-,,900
2017-04-01,新潟県,-,-,-,中型,-,,295
2017-04-01,山梨県,-,-,-,中型,-,,112
2017-04-01,長野県,-,-,-,中型,-,,259
2017-04-01,富山県,-,-,-,中型,-,,123
2017-04-01,石川県,-,-,-,中型,-,,141
2017-04-01,福井県,-,-,-,中型,-,,119
2017-04-01,岐阜県,-,-,-,中型,-,,211
2017-04-01,静岡県,-,-,-,中型,-,,453
2017-04-01,愛知県,-,-,-,中型,-,,742
2017-04-01,三重県,-,-,-,中型,-,,248
2017-04-01,滋賀県,-,-,-,中型,-,,155
2017-04-01,京都府,-,-,-,中型,-,,316
2017-04-01,大阪府,-,-,-,中型,-,,1006
2017-04-01,兵庫県,-,-,-,中型,-,,700
2017-04-01,奈良県,-,-,-,中型,-,,153
2017-04-01,和歌山県,-,-,-,中型,-,,133
2017-04-01,鳥取県,-,-,-,中型,-,,87
2017-04-01,島根県,-,-,-,中型,-,,130
2017-04-01,岡山県,-,-,-,中型,-,,270
2017-04-01,広島県,-,-,-,中型,-,,426
2017-04-01,山口県,-,-,-,中型,-,,214
2017-04-01,徳島県,-,-,-,中型,-,,118
2017-04-01,香川県,-,-,-,中型,-,,159
2017-04-01,愛媛県,-,-,-,中型,-,,220
2017-04-01,高知県,-,-,-,中型,-,,120
2017-04-01,福岡県,-,-,-,中型,-,,546
2017-04-01,佐賀県,-,-,-,中型,-,,116
2017-04-01,長崎県,-,-,-,中型,-,,160
2017-04-01,熊本県,-,-,-,中型,-,,140
2017-04-01,大分県,-,-,-,中型,-,,170
2017-04-01,宮崎県,-,-,-,中型,-,,169
2017-04-01,鹿児島県,-,-,-,中型,-,,248
2017-04-01,沖縄県,-,-,-,中型,-,,236
2017-05-01,北海道,-,-,-,中型,-,,816
2017-05-01,青森県,-,-,-,中型,-,,192
2017-05-01,岩手県,-,-,-,中型,-,,196
2017-05-01,宮城県,-,-,-,中型,-,,297
2017-05-01,秋田県,-,-,-,中型,-,,138
2017-05-01,山形県,-,-,-,中型,-,,186
2017-05-01,福島県,-,-,-,中型,-,,234
2017-05-01,茨城県,-,-,-,中型,-,,357
2017-05-01,栃木県,-,-,-,中型,-,,256
2017-05-01,群馬県,-,-,-,中型,-,,211
2017-05-01,埼玉県,-,-,-,中型,-,,783
2017-05-01,千葉県,-,-,-,中型,-,,592
2017-05-01,東京都,-,-,-,中型,-,,1282
2017-05-01,神奈川県,-,-,-,中型,-,,899
2017-05-01,新潟県,-,-,-,中型,-,,295
2017-05-01,山梨県,-,-,-,中型,-,,111
2017-05-01,長野県,-,-,-,中型,-,,261
2017-05-01,富山県,-,-,-,中型,-,,123
2017-05-01,石川県,-,-,-,中型,-,,140
2017-05-01,福井県,-,-,-,中型,-,,118
2017-05-01,岐阜県,-,-,-,中型,-,,211
2017-05-01,静岡県,-,-,-,中型,-,,454
2017-05-01,愛知県,-,-,-,中型,-,,743
2017-05-01,三重県,-,-,-,中型,-,,248
2017-05-01,滋賀県,-,-,-,中型,-,,153
2017-05-01,京都府,-,-,-,中型,-,,316
2017-05-01,大阪府,-,-,-,中型,-,,1003
2017-05-01,兵庫県,-,-,-,中型,-,,701
2017-05-01,奈良県,-,-,-,中型,-,,152
2017-05-01,和歌山県,-,-,-,中型,-,,133
2017-05-01,鳥取県,-,-,-,中型,-,,87
2017-05-01,島根県,-,-,-,中型,-,,130
2017-05-01,岡山県,-,-,-,中型,-,,270
2017-05-01,広島県,-,-,-,中型,-,,425
2017-05-01,山口県,-,-,-,中型,-,,214
2017-05-01,徳島県,-,-,-,中型,-,,118
2017-05-01,香川県,-,-,-,中型,-,,159
2017-05-01,愛媛県,-,-,-,中型,-,,220
2017-05-01,高知県,-,-,-,中型,-,,120
2017-05-01,福岡県,-,-,-,中型,-,,543
2017-05-01,佐賀県,-,-,-,中型,-,,116
2017-05-01,長崎県,-,-,-,中型,-,,161
2017-05-01,熊本県,-,-,-,中型,-,,141
2017-05-01,大分県,-,-,-,中型,-,,170
2017-05-01,宮崎県,-,-,-,中型,-,,169
2017-05-01,鹿児島県,-,-,-,中型,-,,249
2017-05-01,沖縄県,-,-,-,中型,-,,239
2017-06-01,北海道,-,-,-,中型,-,,818
2017-06-01,青森県,-,-,-,中型,-,,192
2017-06-01,岩手県,-,-,-,中型,-,,196
2017-06-01,宮城県,-,-,-,中型,-,,298
2017-06-01,秋田県,-,-,-,中型,-,,139
2017-06-01,山形県,-,-,-,中型,-,,185
2017-06-01,福島県,-,-,-,中型,-,,234
2017-06-01,茨城県,-,-,-,中型,-,,357
2017-06-01,栃木県,-,-,-,中型,-,,258
2017-06-01,群馬県,-,-,-,中型,-,,211
2017-06-01,埼玉県,-,-,-,中型,-,,786
2017-06-01,千葉県,-,-,-,中型,-,,594
2017-06-01,東京都,-,-,-,中型,-,,1286
2017-06-01,神奈川県,-,-,-,中型,-,,907
2017-06-01,新潟県,-,-,-,中型,-,,295
2017-06-01,山梨県,-,-,-,中型,-,,111
2017-06-01,長野県,-,-,-,中型,-,,261
2017-06-01,富山県,-,-,-,中型,-,,122
2017-06-01,石川県,-,-,-,中型,-,,140
2017-06-01,福井県,-,-,-,中型,-,,118
2017-06-01,岐阜県,-,-,-,中型,-,,211
2017-06-01,静岡県,-,-,-,中型,-,,454
2017-06-01,愛知県,-,-,-,中型,-,,742
2017-06-01,三重県,-,-,-,中型,-,,247
2017-06-01,滋賀県,-,-,-,中型,-,,153
2017-06-01,京都府,-,-,-,中型,-,,317
2017-06-01,大阪府,-,-,-,中型,-,,1000
2017-06-01,兵庫県,-,-,-,中型,-,,698
2017-06-01,奈良県,-,-,-,中型,-,,152
2017-06-01,和歌山県,-,-,-,中型,-,,133
2017-06-01,鳥取県,-,-,-,中型,-,,88
2017-06-01,島根県,-,-,-,中型,-,,130
2017-06-01,岡山県,-,-,-,中型,-,,270
2017-06-01,広島県,-,-,-,中型,-,,424
2017-06-01,山口県,-,-,-,中型,-,,215
2017-06-01,徳島県,-,-,-,中型,-,,117
2017-06-01,香川県,-,-,-,中型,-,,160
2017-06-01,愛媛県,-,-,-,中型,-,,219
2017-06-01,高知県,-,-,-,中型,-,,120
2017-06-01,福岡県,-,-,-,中型,-,,541
2017-06-01,佐賀県,-,-,-,中型,-,,116
2017-06-01,長崎県,-,-,-,中型,-,,161
2017-06-01,熊本県,-,-,-,中型,-,,141
2017-06-01,大分県,-,-,-,中型,-,,171
2017-06-01,宮崎県,-,-,-,中型,-,,169
2017-06-01,鹿児島県,-,-,-,中型,-,,246
2017-06-01,沖縄県,-,-,-,中型,-,,240
2017-07-01,北海道,-,-,-,中型,-,,818
2017-07-01,青森県,-,-,-,中型,-,,193
2017-07-01,岩手県,-,-,-,中型,-,,198
2017-07-01,宮城県,-,-,-,中型,-,,299
2017-07-01,秋田県,-,-,-,中型,-,,141
2017-07-01,山形県,-,-,-,中型,-,,185
2017-07-01,福島県,-,-,-,中型,-,,235
2017-07-01,茨城県,-,-,-,中型,-,,357
2017-07-01,栃木県,-,-,-,中型,-,,257
2017-07-01,群馬県,-,-,-,中型,-,,211
2017-07-01,埼玉県,-,-,-,中型,-,,785
2017-07-01,千葉県,-,-,-,中型,-,,598
2017-07-01,東京都,-,-,-,中型,-,,1286
2017-07-01,神奈川県,-,-,-,中型,-,,909
2017-07-01,新潟県,-,-,-,中型,-,,295
2017-07-01,山梨県,-,-,-,中型,-,,112
2017-07-01,長野県,-,-,-,中型,-,,263
2017-07-01,富山県,-,-,-,中型,-,,122
2017-07-01,石川県,-,-,-,中型,-,,140
2017-07-01,福井県,-,-,-,中型,-,,118
2017-07-01,岐阜県,-,-,-,中型,-,,211
2017-07-01,静岡県,-,-,-,中型,-,,458
2017-07-01,愛知県,-,-,-,中型,-,,745
2017-07-01,三重県,-,-,-,中型,-,,248
2017-07-01,滋賀県,-,-,-,中型,-,,155
2017-07-01,京都府,-,-,-,中型,-,,317
2017-07-01,大阪府,-,-,-,中型,-,,1002
2017-07-01,兵庫県,-,-,-,中型,-,,704
2017-07-01,奈良県,-,-,-,中型,-,,152
2017-07-01,和歌山県,-,-,-,中型,-,,135
2017-07-01,鳥取県,-,-,-,中型,-,,88
2017-07-01,島根県,-,-,-,中型,-,,131
2017-07-01,岡山県,-,-,-,中型,-,,270
2017-07-01,広島県,-,-,-,中型,-,,426
2017-07-01,山口県,-,-,-,中型,-,,214
2017-07-01,徳島県,-,-,-,中型,-,,118
2017-07-01,香川県,-,-,-,中型,-,,162
2017-07-01,愛媛県,-,-,-,中型,-,,219
2017-07-01,高知県,-,-,-,中型,-,,120
2017-07-01,福岡県,-,-,-,中型,-,,540
2017-07-01,佐賀県,-,-,-,中型,-,,116
2017-07-01,長崎県,-,-,-,中型,-,,161
2017-07-01,熊本県,-,-,-,中型,-,,141
2017-07-01,大分県,-,-,-,中型,-,,171
2017-07-01,宮崎県,-,-,-,中型,-,,169
2017-07-01,鹿児島県,-,-,-,中型,-,,251
2017-07-01,沖縄県,-,-,-,中型,-,,242
2017-08-01,北海道,-,-,-,中型,-,,817
2017-08-01,青森県,-,-,-,中型,-,,192
2017-08-01,岩手県,-,-,-,中型,-,,198
2017-08-01,宮城県,-,-,-,中型,-,,298
2017-08-01,秋田県,-,-,-,中型,-,,141
2017-08-01,山形県,-,-,-,中型,-,,186
2017-08-01,福島県,-,-,-,中型,-,,235
2017-08-01,茨城県,-,-,-,中型,-,,357
2017-08-01,栃木県,-,-,-,中型,-,,257
2017-08-01,群馬県,-,-,-,中型,-,,211
2017-08-01,埼玉県,-,-,-,中型,-,,782
2017-08-01,千葉県,-,-,-,中型,-,,598
2017-08-01,東京都,-,-,-,中型,-,,1285
2017-08-01,神奈川県,-,-,-,中型,-,,910
2017-08-01,新潟県,-,-,-,中型,-,,295
2017-08-01,山梨県,-,-,-,中型,-,,112
2017-08-01,長野県,-,-,-,中型,-,,263
2017-08-01,富山県,-,-,-,中型,-,,122
2017-08-01,石川県,-,-,-,中型,-,,140
2017-08-01,福井県,-,-,-,中型,-,,118
2017-08-01,岐阜県,-,-,-,中型,-,,211
2017-08-01,静岡県,-,-,-,中型,-,,458
2017-08-01,愛知県,-,-,-,中型,-,,743
2017-08-01,三重県,-,-,-,中型,-,,248
2017-08-01,滋賀県,-,-,-,中型,-,,156
2017-08-01,京都府,-,-,-,中型,-,,317
2017-08-01,大阪府,-,-,-,中型,-,,999
2017-08-01,兵庫県,-,-,-,中型,-,,704
2017-08-01,奈良県,-,-,-,中型,-,,151
2017-08-01,和歌山県,-,-,-,中型,-,,135
2017-08-01,鳥取県,-,-,-,中型,-,,88
2017-08-01,島根県,-,-,-,中型,-,,131
2017-08-01,岡山県,-,-,-,中型,-,,270
2017-08-01,広島県,-,-,-,中型,-,,427
2017-08-01,山口県,-,-,-,中型,-,,213
2017-08-01,徳島県,-,-,-,中型,-,,118
2017-08-01,香川県,-,-,-,中型,-,,162
2017-08-01,愛媛県,-,-,-,中型,-,,219
2017-08-01,高知県,-,-,-,中型,-,,120
2017-08-01,福岡県,-,-,-,中型,-,,541
2017-08-01,佐賀県,-,-,-,中型,-,,115
2017-08-01,長崎県,-,-,-,中型,-,,161
2017-08-01,熊本県,-,-,-,中型,-,,143
2017-08-01,大分県,-,-,-,中型,-,,171
2017-08-01,宮崎県,-,-,-,中型,-,,169
2017-08-01,鹿児島県,-,-,-,中型,-,,251
2017-08-01,沖縄県,-,-,-,中型,-,,242
2017-09-01,北海道,-,-,-,中型,-,,816
2017-09-01,青森県,-,-,-,中型,-,,192
2017-09-01,岩手県,-,-,-,中型,-,,198
2017-09-01,宮城県,-,-,-,中型,-,,299
2017-09-01,秋田県,-,-,-,中型,-,,141
2017-09-01,山形県,-,-,-,中型,-,,186
2017-09-01,福島県,-,-,-,中型,-,,236
2017-09-01,茨城県,-,-,-,中型,-,,356
2017-09-01,栃木県,-,-,-,中型,-,,258
2017-09-01,群馬県,-,-,-,中型,-,,211
2017-09-01,埼玉県,-,-,-,中型,-,,784
2017-09-01,千葉県,-,-,-,中型,-,,599
2017-09-01,東京都,-,-,-,中型,-,,1292
2017-09-01,神奈川県,-,-,-,中型,-,,912
2017-09-01,新潟県,-,-,-,中型,-,,294
2017-09-01,山梨県,-,-,-,中型,-,,112
2017-09-01,長野県,-,-,-,中型,-,,262
2017-09-01,富山県,-,-,-,中型,-,,122
2017-09-01,石川県,-,-,-,中型,-,,139
2017-09-01,福井県,-,-,-,中型,-,,118
2017-09-01,岐阜県,-,-,-,中型,-,,211
2017-09-01,静岡県,-,-,-,中型,-,,459
2017-09-01,愛知県,-,-,-,中型,-,,744
2017-09-01,三重県,-,-,-,中型,-,,251
2017-09-01,滋賀県,-,-,-,中型,-,,157
2017-09-01,京都府,-,-,-,中型,-,,316
2017-09-01,大阪府,-,-,-,中型,-,,1004
2017-09-01,兵庫県,-,-,-,中型,-,,704
2017-09-01,奈良県,-,-,-,中型,-,,151
2017-09-01,和歌山県,-,-,-,中型,-,,135
2017-09-01,鳥取県,-,-,-,中型,-,,83
2017-09-01,島根県,-,-,-,中型,-,,129
2017-09-01,岡山県,-,-,-,中型,-,,269
2017-09-01,広島県,-,-,-,中型,-,,427
2017-09-01,山口県,-,-,-,中型,-,,213
2017-09-01,徳島県,-,-,-,中型,-,,118
2017-09-01,香川県,-,-,-,中型,-,,162
2017-09-01,愛媛県,-,-,-,中型,-,,223
2017-09-01,高知県,-,-,-,中型,-,,120
2017-09-01,福岡県,-,-,-,中型,-,,542
2017-09-01,佐賀県,-,-,-,中型,-,,115
2017-09-01,長崎県,-,-,-,中型,-,,160
2017-09-01,熊本県,-,-,-,中型,-,,143
2017-09-01,大分県,-,-,-,中型,-,,170
2017-09-01,宮崎県,-,-,-,中型,-,,168
2017-09-01,鹿児島県,-,-,-,中型,-,,251
2017-09-01,沖縄県,-,-,-,中型,-,,244
2017-10-01,北海道,-,-,-,中型,-,,818
2017-10-01,青森県,-,-,-,中型,-,,192
2017-10-01,岩手県,-,-,-,中型,-,,198
2017-10-01,宮城県,-,-,-,中型,-,,300
2017-10-01,秋田県,-,-,-,中型,-,,140
2017-10-01,山形県,-,-,-,中型,-,,187
2017-10-01,福島県,-,-,-,中型,-,,237
2017-10-01,茨城県,-,-,-,中型,-,,356
2017-10-01,栃木県,-,-,-,中型,-,,258
2017-10-01,群馬県,-,-,-,中型,-,,212
2017-10-01,埼玉県,-,-,-,中型,-,,789
2017-10-01,千葉県,-,-,-,中型,-,,603
2017-10-01,東京都,-,-,-,中型,-,,1290
2017-10-01,神奈川県,-,-,-,中型,-,,913
2017-10-01,新潟県,-,-,-,中型,-,,295
2017-10-01,山梨県,-,-,-,中型,-,,113
2017-10-01,長野県,-,-,-,中型,-,,261
2017-10-01,富山県,-,-,-,中型,-,,122
2017-10-01,石川県,-,-,-,中型,-,,140
2017-10-01,福井県,-,-,-,中型,-,,119
2017-10-01,岐阜県,-,-,-,中型,-,,213
2017-10-01,静岡県,-,-,-,中型,-,,460
2017-10-01,愛知県,-,-,-,中型,-,,746
2017-10-01,三重県,-,-,-,中型,-,,250
2017-10-01,滋賀県,-,-,-,中型,-,,158
2017-10-01,京都府,-,-,-,中型,-,,314
2017-10-01,大阪府,-,-,-,中型,-,,1002
2017-10-01,兵庫県,-,-,-,中型,-,,703
2017-10-01,奈良県,-,-,-,中型,-,,149
2017-10-01,和歌山県,-,-,-,中型,-,,135
2017-10-01,鳥取県,-,-,-,中型,-,,83
2017-10-01,島根県,-,-,-,中型,-,,131
2017-10-01,岡山県,-,-,-,中型,-,,269
2017-10-01,広島県,-,-,-,中型,-,,429
2017-10-01,山口県,-,-,-,中型,-,,211
2017-10-01,徳島県,-,-,-,中型,-,,118
2017-10-01,香川県,-,-,-,中型,-,,163
2017-10-01,愛媛県,-,-,-,中型,-,,224
2017-10-01,高知県,-,-,-,中型,-,,120
2017-10-01,福岡県,-,-,-,中型,-,,543
2017-10-01,佐賀県,-,-,-,中型,-,,115
2017-10-01,長崎県,-,-,-,中型,-,,160
2017-10-01,熊本県,-,-,-,中型,-,,144
2017-10-01,大分県,-,-,-,中型,-,,169
2017-10-01,宮崎県,-,-,-,中型,-,,169
2017-10-01,鹿児島県,-,-,-,中型,-,,251
2017-10-01,沖縄県,-,-,-,中型,-,,245
2017-11-01,北海道,-,-,-,中型,-,,818
2017-11-01,青森県,-,-,-,中型,-,,191
2017-11-01,岩手県,-,-,-,中型,-,,198
2017-11-01,宮城県,-,-,-,中型,-,,301
2017-11-01,秋田県,-,-,-,中型,-,,141
2017-11-01,山形県,-,-,-,中型,-,,188
2017-11-01,福島県,-,-,-,中型,-,,238
2017-11-01,茨城県,-,-,-,中型,-,,358
2017-11-01,栃木県,-,-,-,中型,-,,258
2017-11-01,群馬県,-,-,-,中型,-,,213
2017-11-01,埼玉県,-,-,-,中型,-,,790
2017-11-01,千葉県,-,-,-,中型,-,,603
2017-11-01,東京都,-,-,-,中型,-,,1293
2017-11-01,神奈川県,-,-,-,中型,-,,912
2017-11-01,新潟県,-,-,-,中型,-,,297
2017-11-01,山梨県,-,-,-,中型,-,,113
2017-11-01,長野県,-,-,-,中型,-,,264
2017-11-01,富山県,-,-,-,中型,-,,122
2017-11-01,石川県,-,-,-,中型,-,,140
2017-11-01,福井県,-,-,-,中型,-,,119
2017-11-01,岐阜県,-,-,-,中型,-,,213
2017-11-01,静岡県,-,-,-,中型,-,,459
2017-11-01,愛知県,-,-,-,中型,-,,748
2017-11-01,三重県,-,-,-,中型,-,,249
2017-11-01,滋賀県,-,-,-,中型,-,,158
2017-11-01,京都府,-,-,-,中型,-,,315
2017-11-01,大阪府,-,-,-,中型,-,,1005
2017-11-01,兵庫県,-,-,-,中型,-,,705
2017-11-01,奈良県,-,-,-,中型,-,,151
2017-11-01,和歌山県,-,-,-,中型,-,,135
2017-11-01,鳥取県,-,-,-,中型,-,,83
2017-11-01,島根県,-,-,-,中型,-,,131
2017-11-01,岡山県,-,-,-,中型,-,,269
2017-11-01,広島県,-,-,-,中型,-,,429
2017-11-01,山口県,-,-,-,中型,-,,212
2017-11-01,徳島県,-,-,-,中型,-,,118
2017-11-01,香川県,-,-,-,中型,-,,165
2017-11-01,愛媛県,-,-,-,中型,-,,224
2017-11-01,高知県,-,-,-,中型,-,,120
2017-11-01,福岡県,-,-,-,中型,-,,541
2017-11-01,佐賀県,-,-,-,中型,-,,114
2017-11-01,長崎県,-,-,-,中型,-,,160
2017-11-01,熊本県,-,-,-,中型,-,,145
2017-11-01,大分県,-,-,-,中型,-,,167
2017-11-01,宮崎県,-,-,-,中型,-,,169
2017-11-01,鹿児島県,-,-,-,中型,-,,251
2017-11-01,沖縄県,-,-,-,中型,-,,244
2017-12-01,北海道,-,-,-,中型,-,,821
2017-12-01,青森県,-,-,-,中型,-,,191
2017-12-01,岩手県,-,-,-,中型,-,,201
2017-12-01,宮城県,-,-,-,中型,-,,300
2017-12-01,秋田県,-,-,-,中型,-,,142
2017-12-01,山形県,-,-,-,中型,-,,188
2017-12-01,福島県,-,-,-,中型,-,,240
2017-12-01,茨城県,-,-,-,中型,-,,359
2017-12-01,栃木県,-,-,-,中型,-,,256
2017-12-01,群馬県,-,-,-,中型,-,,213
2017-12-01,埼玉県,-,-,-,中型,-,,793
2017-12-01,千葉県,-,-,-,中型,-,,607
2017-12-01,東京都,-,-,-,中型,-,,1296
2017-12-01,神奈川県,-,-,-,中型,-,,908
2017-12-01,新潟県,-,-,-,中型,-,,296
2017-12-01,山梨県,-,-,-,中型,-,,102
2017-12-01,長野県,-,-,-,中型,-,,262
2017-12-01,富山県,-,-,-,中型,-,,122
2017-12-01,石川県,-,-,-,中型,-,,139
2017-12-01,福井県,-,-,-,中型,-,,119
2017-12-01,岐阜県,-,-,-,中型,-,,214
2017-12-01,静岡県,-,-,-,中型,-,,461
2017-12-01,愛知県,-,-,-,中型,-,,747
2017-12-01,三重県,-,-,-,中型,-,,248
2017-12-01,滋賀県,-,-,-,中型,-,,156
2017-12-01,京都府,-,-,-,中型,-,,314
2017-12-01,大阪府,-,-,-,中型,-,,1005
2017-12-01,兵庫県,-,-,-,中型,-,,705
2017-12-01,奈良県,-,-,-,中型,-,,152
2017-12-01,和歌山県,-,-,-,中型,-,,135
2017-12-01,鳥取県,-,-,-,中型,-,,83
2017-12-01,島根県,-,-,-,中型,-,,131
2017-12-01,岡山県,-,-,-,中型,-,,268
2017-12-01,広島県,-,-,-,中型,-,,427
2017-12-01,山口県,-,-,-,中型,-,,212
2017-12-01,徳島県,-,-,-,中型,-,,116
2017-12-01,香川県,-,-,-,中型,-,,166
2017-12-01,愛媛県,-,-,-,中型,-,,221
2017-12-01,高知県,-,-,-,中型,-,,120
2017-12-01,福岡県,-,-,-,中型,-,,541
2017-12-01,佐賀県,-,-,-,中型,-,,114
2017-12-01,長崎県,-,-,-,中型,-,,161
2017-12-01,熊本県,-,-,-,中型,-,,145
2017-12-01,大分県,-,-,-,中型,-,,166
2017-12-01,宮崎県,-,-,-,中型,-,,170
2017-12-01,鹿児島県,-,-,-,中型,-,,252
2017-12-01,沖縄県,-,-,-,中型,-,,246
2018-01-01,北海道,-,-,-,中型,-,,829
2018-01-01,青森県,-,-,-,中型,-,,192
2018-01-01,岩手県,-,-,-,中型,-,,201
2018-01-01,宮城県,-,-,-,中型,-,,300
2018-01-01,秋田県,-,-,-,中型,-,,141
2018-01-01,山形県,-,-,-,中型,-,,188
2018-01-01,福島県,-,-,-,中型,-,,244
2018-01-01,茨城県,-,-,-,中型,-,,362
2018-01-01,栃木県,-,-,-,中型,-,,255
2018-01-01,群馬県,-,-,-,中型,-,,213
2018-01-01,埼玉県,-,-,-,中型,-,,797
2018-01-01,千葉県,-,-,-,中型,-,,605
2018-01-01,東京都,-,-,-,中型,-,,1294
2018-01-01,神奈川県,-,-,-,中型,-,,907
2018-01-01,新潟県,-,-,-,中型,-,,296
2018-01-01,山梨県,-,-,-,中型,-,,102
2018-01-01,長野県,-,-,-,中型,-,,262
2018-01-01,富山県,-,-,-,中型,-,,122
2018-01-01,石川県,-,-,-,中型,-,,139
2018-01-01,福井県,-,-,-,中型,-,,119
2018-01-01,岐阜県,-,-,-,中型,-,,212
2018-01-01,静岡県,-,-,-,中型,-,,461
2018-01-01,愛知県,-,-,-,中型,-,,746
2018-01-01,三重県,-,-,-,中型,-,,248
2018-01-01,滋賀県,-,-,-,中型,-,,156
2018-01-01,京都府,-,-,-,中型,-,,313
2018-01-01,大阪府,-,-,-,中型,-,,1006
2018-01-01,兵庫県,-,-,-,中型,-,,703
2018-01-01,奈良県,-,-,-,中型,-,,151
2018-01-01,和歌山県,-,-,-,中型,-,,134
2018-01-01,鳥取県,-,-,-,中型,-,,83
2018-01-01,島根県,-,-,-,中型,-,,130
2018-01-01,岡山県,-,-,-,中型,-,,268
2018-01-01,広島県,-,-,-,中型,-,,427
2018-01-01,山口県,-,-,-,中型,-,,212
2018-01-01,徳島県,-,-,-,中型,-,,115
2018-01-01,香川県,-,-,-,中型,-,,165
2018-01-01,愛媛県,-,-,-,中型,-,,220
2018-01-01,高知県,-,-,-,中型,-,,120
2018-01-01,福岡県,-,-,-,中型,-,,538
2018-01-01,佐賀県,-,-,-,中型,-,,114
2018-01-01,長崎県,-,-,-,中型,-,,161
2018-01-01,熊本県,-,-,-,中型,-,,145
2018-01-01,大分県,-,-,-,中型,-,,166
2018-01-01,宮崎県,-,-,-,中型,-,,170
2018-01-01,鹿児島県,-,-,-,中型,-,,251
2018-01-01,沖縄県,-,-,-,中型,-,,254
2018-02-01,北海道,-,-,-,中型,-,,827
2018-02-01,青森県,-,-,-,中型,-,,192
2018-02-01,岩手県,-,-,-,中型,-,,200
2018-02-01,宮城県,-,-,-,中型,-,,301
2018-02-01,秋田県,-,-,-,中型,-,,141
2018-02-01,山形県,-,-,-,中型,-,,188
2018-02-01,福島県,-,-,-,中型,-,,243
2018-02-01,茨城県,-,-,-,中型,-,,361
2018-02-01,栃木県,-,-,-,中型,-,,255
2018-02-01,群馬県,-,-,-,中型,-,,213
2018-02-01,埼玉県,-,-,-,中型,-,,796
2018-02-01,千葉県,-,-,-,中型,-,,605
2018-02-01,東京都,-,-,-,中型,-,,1288
2018-02-01,神奈川県,-,-,-,中型,-,,906
2018-02-01,新潟県,-,-,-,中型,-,,296
2018-02-01,山梨県,-,-,-,中型,-,,104
2018-02-01,長野県,-,-,-,中型,-,,263
2018-02-01,富山県,-,-,-,中型,-,,121
2018-02-01,石川県,-,-,-,中型,-,,139
2018-02-01,福井県,-,-,-,中型,-,,118
2018-02-01,岐阜県,-,-,-,中型,-,,210
2018-02-01,静岡県,-,-,-,中型,-,,461
2018-02-01,愛知県,-,-,-,中型,-,,749
2018-02-01,三重県,-,-,-,中型,-,,249
2018-02-01,滋賀県,-,-,-,中型,-,,156
2018-02-01,京都府,-,-,-,中型,-,,313
2018-02-01,大阪府,-,-,-,中型,-,,1004
2018-02-01,兵庫県,-,-,-,中型,-,,704
2018-02-01,奈良県,-,-,-,中型,-,,151
2018-02-01,和歌山県,-,-,-,中型,-,,134
2018-02-01,鳥取県,-,-,-,中型,-,,83
2018-02-01,島根県,-,-,-,中型,-,,130
2018-02-01,岡山県,-,-,-,中型,-,,269
2018-02-01,広島県,-,-,-,中型,-,,424
2018-02-01,山口県,-,-,-,中型,-,,212
2018-02-01,徳島県,-,-,-,中型,-,,115
2018-02-01,香川県,-,-,-,中型,-,,164
2018-02-01,愛媛県,-,-,-,中型,-,,221
2018-02-01,高知県,-,-,-,中型,-,,120
2018-02-01,福岡県,-,-,-,中型,-,,539
2018-02-01,佐賀県,-,-,-,中型,-,,114
2018-02-01,長崎県,-,-,-,中型,-,,161
2018-02-01,熊本県,-,-,-,中型,-,,145
2018-02-01,大分県,-,-,-,中型,-,,164
2018-02-01,宮崎県,-,-,-,中型,-,,169
2018-02-01,鹿児島県,-,-,-,中型,-,,251
2018-02-01,沖縄県,-,-,-,中型,-,,252
2018-03-01,北海道,-,-,-,中型,-,,827
2018-03-01,青森県,-,-,-,中型,-,,192
2018-03-01,岩手県,-,-,-,中型,-,,198
2018-03-01,宮城県,-,-,-,中型,-,,302
2018-03-01,秋田県,-,-,-,中型,-,,141
2018-03-01,山形県,-,-,-,中型,-,,189
2018-03-01,福島県,-,-,-,中型,-,,242
2018-03-01,茨城県,-,-,-,中型,-,,361
2018-03-01,栃木県,-,-,-,中型,-,,256
2018-03-01,群馬県,-,-,-,中型,-,,213
2018-03-01,埼玉県,-,-,-,中型,-,,795
2018-03-01,千葉県,-,-,-,中型,-,,606
2018-03-01,東京都,-,-,-,中型,-,,1287
2018-03-01,神奈川県,-,-,-,中型,-,,911
2018-03-01,新潟県,-,-,-,中型,-,,297
2018-03-01,山梨県,-,-,-,中型,-,,104
2018-03-01,長野県,-,-,-,中型,-,,258
2018-03-01,富山県,-,-,-,中型,-,,120
2018-03-01,石川県,-,-,-,中型,-,,138
2018-03-01,福井県,-,-,-,中型,-,,118
2018-03-01,岐阜県,-,-,-,中型,-,,208
2018-03-01,静岡県,-,-,-,中型,-,,462
2018-03-01,愛知県,-,-,-,中型,-,,751
2018-03-01,三重県,-,-,-,中型,-,,250
2018-03-01,滋賀県,-,-,-,中型,-,,155
2018-03-01,京都府,-,-,-,中型,-,,312
2018-03-01,大阪府,-,-,-,中型,-,,1001
2018-03-01,兵庫県,-,-,-,中型,-,,707
2018-03-01,奈良県,-,-,-,中型,-,,153
2018-03-01,和歌山県,-,-,-,中型,-,,134
2018-03-01,鳥取県,-,-,-,中型,-,,83
2018-03-01,島根県,-,-,-,中型,-,,129
2018-03-01,岡山県,-,-,-,中型,-,,269
2018-03-01,広島県,-,-,-,中型,-,,425
2018-03-01,山口県,-,-,-,中型,-,,213
2018-03-01,徳島県,-,-,-,中型,-,,113
2018-03-01,香川県,-,-,-,中型,-,,164
2018-03-01,愛媛県,-,-,-,中型,-,,221
2018-03-01,高知県,-,-,-,中型,-,,120
2018-03-01,福岡県,-,-,-,中型,-,,538
2018-03-01,佐賀県,-,-,-,中型,-,,114
2018-03-01,長崎県,-,-,-,中型,-,,161
2018-03-01,熊本県,-,-,-,中型,-,,145
2018-03-01,大分県,-,-,-,中型,-,,163
2018-03-01,宮崎県,-,-,-,中型,-,,170
2018-03-01,鹿児島県,-,-,-,中型,-,,251
2018-03-01,沖縄県,-,-,-,中型,-,,254
2018-04-01,北海道,-,-,-,中型,-,,827
2018-04-01,青森県,-,-,-,中型,-,,193
2018-04-01,岩手県,-,-,-,中型,-,,197
2018-04-01,宮城県,-,-,-,中型,-,,304
2018-04-01,秋田県,-,-,-,中型,-,,142
2018-04-01,山形県,-,-,-,中型,-,,189
2018-04-01,福島県,-,-,-,中型,-,,242
2018-04-01,茨城県,-,-,-,中型,-,,360
2018-04-01,栃木県,-,-,-,中型,-,,256
2018-04-01,群馬県,-,-,-,中型,-,,213
2018-04-01,埼玉県,-,-,-,中型,-,,797
2018-04-01,千葉県,-,-,-,中型,-,,611
2018-04-01,東京都,-,-,-,中型,-,,1294
2018-04-01,神奈川県,-,-,-,中型,-,,913
2018-04-01,新潟県,-,-,-,中型,-,,298
2018-04-01,山梨県,-,-,-,中型,-,,104
2018-04-01,長野県,-,-,-,中型,-,,258
2018-04-01,富山県,-,-,-,中型,-,,122
2018-04-01,石川県,-,-,-,中型,-,,138
2018-04-01,福井県,-,-,-,中型,-,,118
2018-04-01,岐阜県,-,-,-,中型,-,,208
2018-04-01,静岡県,-,-,-,中型,-,,463
2018-04-01,愛知県,-,-,-,中型,-,,750
2018-04-01,三重県,-,-,-,中型,-,,252
2018-04-01,滋賀県,-,-,-,中型,-,,155
2018-04-01,京都府,-,-,-,中型,-,,313
2018-04-01,大阪府,-,-,-,中型,-,,1004
2018-04-01,兵庫県,-,-,-,中型,-,,707
2018-04-01,奈良県,-,-,-,中型,-,,152
2018-04-01,和歌山県,-,-,-,中型,-,,135
2018-04-01,鳥取県,-,-,-,中型,-,,82
2018-04-01,島根県,-,-,-,中型,-,,129
2018-04-01,岡山県,-,-,-,中型,-,,269
2018-04-01,広島県,-,-,-,中型,-,,424
2018-04-01,山口県,-,-,-,中型,-,,214
2018-04-01,徳島県,-,-,-,中型,-,,113
2018-04-01,香川県,-,-,-,中型,-,,165
2018-04-01,愛媛県,-,-,-,中型,-,,221
2018-04-01,高知県,-,-,-,中型,-,,120
2018-04-01,福岡県,-,-,-,中型,-,,539
2018-04-01,佐賀県,-,-,-,中型,-,,114
2018-04-01,長崎県,-,-,-,中型,-,,160
2018-04-01,熊本県,-,-,-,中型,-,,146
2018-04-01,大分県,-,-,-,中型,-,,163
2018-04-01,宮崎県,-,-,-,中型,-,,170
2018-04-01,鹿児島県,-,-,-,中型,-,,251
2018-04-01,沖縄県,-,-,-,中型,-,,254
2018-05-01,北海道,-,-,-,中型,-,,827
2018-05-01,青森県,-,-,-,中型,-,,192
2018-05-01,岩手県,-,-,-,中型,-,,198
2018-05-01,宮城県,-,-,-,中型,-,,303
2018-05-01,秋田県,-,-,-,中型,-,,142
2018-05-01,山形県,-,-,-,中型,-,,189
2018-05-01,福島県,-,-,-,中型,-,,242
2018-05-01,茨城県,-,-,-,中型,-,,359
2018-05-01,栃木県,-,-,-,中型,-,,256
2018-05-01,群馬県,-,-,-,中型,-,,213
2018-05-01,埼玉県,-,-,-,中型,-,,801
2018-05-01,千葉県,-,-,-,中型,-,,615
2018-05-01,東京都,-,-,-,中型,-,,1317
2018-05-01,神奈川県,-,-,-,中型,-,,911
2018-05-01,新潟県,-,-,-,中型,-,,298
2018-05-01,山梨県,-,-,-,中型,-,,104
2018-05-01,長野県,-,-,-,中型,-,,257
2018-05-01,富山県,-,-,-,中型,-,,121
2018-05-01,石川県,-,-,-,中型,-,,138
2018-05-01,福井県,-,-,-,中型,-,,120
2018-05-01,岐阜県,-,-,-,中型,-,,207
2018-05-01,静岡県,-,-,-,中型,-,,464
2018-05-01,愛知県,-,-,-,中型,-,,750
2018-05-01,三重県,-,-,-,中型,-,,252
2018-05-01,滋賀県,-,-,-,中型,-,,157
2018-05-01,京都府,-,-,-,中型,-,,312
2018-05-01,大阪府,-,-,-,中型,-,,1005
2018-05-01,兵庫県,-,-,-,中型,-,,709
2018-05-01,奈良県,-,-,-,中型,-,,151
2018-05-01,和歌山県,-,-,-,中型,-,,135
2018-05-01,鳥取県,-,-,-,中型,-,,82
2018-05-01,島根県,-,-,-,中型,-,,129
2018-05-01,岡山県,-,-,-,中型,-,,269
2018-05-01,広島県,-,-,-,中型,-,,425
2018-05-01,山口県,-,-,-,中型,-,,212
2018-05-01,徳島県,-,-,-,中型,-,,113
2018-05-01,香川県,-,-,-,中型,-,,167
2018-05-01,愛媛県,-,-,-,中型,-,,221
2018-05-01,高知県,-,-,-,中型,-,,120
2018-05-01,福岡県,-,-,-,中型,-,,538
2018-05-01,佐賀県,-,-,-,中型,-,,114
2018-05-01,長崎県,-,-,-,中型,-,,160
2018-05-01,熊本県,-,-,-,中型,-,,146
2018-05-01,大分県,-,-,-,中型,-,,163
2018-05-01,宮崎県,-,-,-,中型,-,,170
2018-05-01,鹿児島県,-,-,-,中型,-,,252
2018-05-01,沖縄県,-,-,-,中型,-,,255
2018-06-01,北海道,-,-,-,中型,-,,825
2018-06-01,青森県,-,-,-,中型,-,,192
2018-06-01,岩手県,-,-,-,中型,-,,198
2018-06-01,宮城県,-,-,-,中型,-,,303
2018-06-01,秋田県,-,-,-,中型,-,,142
2018-06-01,山形県,-,-,-,中型,-,,190
2018-06-01,福島県,-,-,-,中型,-,,245
2018-06-01,茨城県,-,-,-,中型,-,,360
2018-06-01,栃木県,-,-,-,中型,-,,257
2018-06-01,群馬県,-,-,-,中型,-,,213
2018-06-01,埼玉県,-,-,-,中型,-,,804
2018-06-01,千葉県,-,-,-,中型,-,,616
2018-06-01,東京都,-,-,-,中型,-,,1322
2018-06-01,神奈川県,-,-,-,中型,-,,913
2018-06-01,新潟県,-,-,-,中型,-,,299
2018-06-01,山梨県,-,-,-,中型,-,,105
2018-06-01,長野県,-,-,-,中型,-,,257
2018-06-01,富山県,-,-,-,中型,-,,122
2018-06-01,石川県,-,-,-,中型,-,,138
2018-06-01,福井県,-,-,-,中型,-,,120
2018-06-01,岐阜県,-,-,-,中型,-,,207
2018-06-01,静岡県,-,-,-,中型,-,,464
2018-06-01,愛知県,-,-,-,中型,-,,751
2018-06-01,三重県,-,-,-,中型,-,,252
2018-06-01,滋賀県,-,-,-,中型,-,,157
2018-06-01,京都府,-,-,-,中型,-,,312
2018-06-01,大阪府,-,-,-,中型,-,,1003
2018-06-01,兵庫県,-,-,-,中型,-,,711
2018-06-01,奈良県,-,-,-,中型,-,,151
2018-06-01,和歌山県,-,-,-,中型,-,,135
2018-06-01,鳥取県,-,-,-,中型,-,,82
2018-06-01,島根県,-,-,-,中型,-,,128
2018-06-01,岡山県,-,-,-,中型,-,,269
2018-06-01,広島県,-,-,-,中型,-,,425
2018-06-01,山口県,-,-,-,中型,-,,212
2018-06-01,徳島県,-,-,-,中型,-,,113
2018-06-01,香川県,-,-,-,中型,-,,168
2018-06-01,愛媛県,-,-,-,中型,-,,219
2018-06-01,高知県,-,-,-,中型,-,,120
2018-06-01,福岡県,-,-,-,中型,-,,539
2018-06-01,佐賀県,-,-,-,中型,-,,114
2018-06-01,長崎県,-,-,-,中型,-,,160
2018-06-01,熊本県,-,-,-,中型,-,,146
2018-06-01,大分県,-,-,-,中型,-,,163
2018-06-01,宮崎県,-,-,-,中型,-,,170
2018-06-01,鹿児島県,-,-,-,中型,-,,252
2018-06-01,沖縄県,-,-,-,中型,-,,255
2018-07-01,北海道,-,-,-,中型,-,,824
2018-07-01,青森県,-,-,-,中型,-,,193
2018-07-01,岩手県,-,-,-,中型,-,,198
2018-07-01,宮城県,-,-,-,中型,-,,302
2018-07-01,秋田県,-,-,-,中型,-,,142
2018-07-01,山形県,-,-,-,中型,-,,190
2018-07-01,福島県,-,-,-,中型,-,,244
2018-07-01,茨城県,-,-,-,中型,-,,362
2018-07-01,栃木県,-,-,-,中型,-,,256
2018-07-01,群馬県,-,-,-,中型,-,,213
2018-07-01,埼玉県,-,-,-,中型,-,,805
2018-07-01,千葉県,-,-,-,中型,-,,619
2018-07-01,東京都,-,-,-,中型,-,,1322
2018-07-01,神奈川県,-,-,-,中型,-,,914
2018-07-01,新潟県,-,-,-,中型,-,,300
2018-07-01,山梨県,-,-,-,中型,-,,105
2018-07-01,長野県,-,-,-,中型,-,,257
2018-07-01,富山県,-,-,-,中型,-,,123
2018-07-01,石川県,-,-,-,中型,-,,138
2018-07-01,福井県,-,-,-,中型,-,,122
2018-07-01,岐阜県,-,-,-,中型,-,,207
2018-07-01,静岡県,-,-,-,中型,-,,467
2018-07-01,愛知県,-,-,-,中型,-,,749
2018-07-01,三重県,-,-,-,中型,-,,251
2018-07-01,滋賀県,-,-,-,中型,-,,157
2018-07-01,京都府,-,-,-,中型,-,,314
2018-07-01,大阪府,-,-,-,中型,-,,1004
2018-07-01,兵庫県,-,-,-,中型,-,,713
2018-07-01,奈良県,-,-,-,中型,-,,151
2018-07-01,和歌山県,-,-,-,中型,-,,137
2018-07-01,鳥取県,-,-,-,中型,-,,82
2018-07-01,島根県,-,-,-,中型,-,,128
2018-07-01,岡山県,-,-,-,中型,-,,269
2018-07-01,広島県,-,-,-,中型,-,,426
2018-07-01,山口県,-,-,-,中型,-,,211
2018-07-01,徳島県,-,-,-,中型,-,,113
2018-07-01,香川県,-,-,-,中型,-,,169
2018-07-01,愛媛県,-,-,-,中型,-,,219
2018-07-01,高知県,-,-,-,中型,-,,120
2018-07-01,福岡県,-,-,-,中型,-,,539
2018-07-01,佐賀県,-,-,-,中型,-,,111
2018-07-01,長崎県,-,-,-,中型,-,,160
2018-07-01,熊本県,-,-,-,中型,-,,146
2018-07-01,大分県,-,-,-,中型,-,,162
2018-07-01,宮崎県,-,-,-,中型,-,,170
2018-07-01,鹿児島県,-,-,-,中型,-,,252
2018-07-01,沖縄県,-,-,-,中型,-,,255
2018-08-01,北海道,-,-,-,中型,-,,824
2018-08-01,青森県,-,-,-,中型,-,,194
2018-08-01,岩手県,-,-,-,中型,-,,198
2018-08-01,宮城県,-,-,-,中型,-,,302
2018-08-01,秋田県,-,-,-,中型,-,,143
2018-08-01,山形県,-,-,-,中型,-,,190
2018-08-01,福島県,-,-,-,中型,-,,244
2018-08-01,茨城県,-,-,-,中型,-,,361
2018-08-01,栃木県,-,-,-,中型,-,,257
2018-08-01,群馬県,-,-,-,中型,-,,213
2018-08-01,埼玉県,-,-,-,中型,-,,802
2018-08-01,千葉県,-,-,-,中型,-,,620
2018-08-01,東京都,-,-,-,中型,-,,1323
2018-08-01,神奈川県,-,-,-,中型,-,,912
2018-08-01,新潟県,-,-,-,中型,-,,299
2018-08-01,山梨県,-,-,-,中型,-,,105
2018-08-01,長野県,-,-,-,中型,-,,257
2018-08-01,富山県,-,-,-,中型,-,,123
2018-08-01,石川県,-,-,-,中型,-,,138
2018-08-01,福井県,-,-,-,中型,-,,122
2018-08-01,岐阜県,-,-,-,中型,-,,207
2018-08-01,静岡県,-,-,-,中型,-,,467
2018-08-01,愛知県,-,-,-,中型,-,,748
2018-08-01,三重県,-,-,-,中型,-,,251
2018-08-01,滋賀県,-,-,-,中型,-,,157
2018-08-01,京都府,-,-,-,中型,-,,312
2018-08-01,大阪府,-,-,-,中型,-,,1004
2018-08-01,兵庫県,-,-,-,中型,-,,712
2018-08-01,奈良県,-,-,-,中型,-,,151
2018-08-01,和歌山県,-,-,-,中型,-,,137
2018-08-01,鳥取県,-,-,-,中型,-,,81
2018-08-01,島根県,-,-,-,中型,-,,128
2018-08-01,岡山県,-,-,-,中型,-,,269
2018-08-01,広島県,-,-,-,中型,-,,418
2018-08-01,山口県,-,-,-,中型,-,,211
2018-08-01,徳島県,-,-,-,中型,-,,113
2018-08-01,香川県,-,-,-,中型,-,,169
2018-08-01,愛媛県,-,-,-,中型,-,,218
2018-08-01,高知県,-,-,-,中型,-,,120
2018-08-01,福岡県,-,-,-,中型,-,,538
2018-08-01,佐賀県,-,-,-,中型,-,,110
2018-08-01,長崎県,-,-,-,中型,-,,160
2018-08-01,熊本県,-,-,-,中型,-,,152
2018-08-01,大分県,-,-,-,中型,-,,163
2018-08-01,宮崎県,-,-,-,中型,-,,170
2018-08-01,鹿児島県,-,-,-,中型,-,,252
2018-08-01,沖縄県,-,-,-,中型,-,,256
2018-09-01,北海道,-,-,-,中型,-,,823
2018-09-01,青森県,-,-,-,中型,-,,194
2018-09-01,岩手県,-,-,-,中型,-,,196
2018-09-01,宮城県,-,-,-,中型,-,,302
2018-09-01,秋田県,-,-,-,中型,-,,143
2018-09-01,山形県,-,-,-,中型,-,,191
2018-09-01,福島県,-,-,-,中型,-,,245
2018-09-01,茨城県,-,-,-,中型,-,,361
2018-09-01,栃木県,-,-,-,中型,-,,255
2018-09-01,群馬県,-,-,-,中型,-,,213
2018-09-01,埼玉県,-,-,-,中型,-,,803
2018-09-01,千葉県,-,-,-,中型,-,,622
2018-09-01,東京都,-,-,-,中型,-,,1320
2018-09-01,神奈川県,-,-,-,中型,-,,913
2018-09-01,新潟県,-,-,-,中型,-,,300
2018-09-01,山梨県,-,-,-,中型,-,,104
2018-09-01,長野県,-,-,-,中型,-,,258
2018-09-01,富山県,-,-,-,中型,-,,124
2018-09-01,石川県,-,-,-,中型,-,,138
2018-09-01,福井県,-,-,-,中型,-,,121
2018-09-01,岐阜県,-,-,-,中型,-,,205
2018-09-01,静岡県,-,-,-,中型,-,,466
2018-09-01,愛知県,-,-,-,中型,-,,746
2018-09-01,三重県,-,-,-,中型,-,,252
2018-09-01,滋賀県,-,-,-,中型,-,,156
2018-09-01,京都府,-,-,-,中型,-,,311
2018-09-01,大阪府,-,-,-,中型,-,,1005
2018-09-01,兵庫県,-,-,-,中型,-,,714
2018-09-01,奈良県,-,-,-,中型,-,,151
2018-09-01,和歌山県,-,-,-,中型,-,,137
2018-09-01,鳥取県,-,-,-,中型,-,,81
2018-09-01,島根県,-,-,-,中型,-,,128
2018-09-01,岡山県,-,-,-,中型,-,,268
2018-09-01,広島県,-,-,-,中型,-,,419
2018-09-01,山口県,-,-,-,中型,-,,210
2018-09-01,徳島県,-,-,-,中型,-,,113
2018-09-01,香川県,-,-,-,中型,-,,169
2018-09-01,愛媛県,-,-,-,中型,-,,217
2018-09-01,高知県,-,-,-,中型,-,,119
2018-09-01,福岡県,-,-,-,中型,-,,540
2018-09-01,佐賀県,-,-,-,中型,-,,110
2018-09-01,長崎県,-,-,-,中型,-,,160
2018-09-01,熊本県,-,-,-,中型,-,,152
2018-09-01,大分県,-,-,-,中型,-,,162
2018-09-01,宮崎県,-,-,-,中型,-,,172
2018-09-01,鹿児島県,-,-,-,中型,-,,253
2018-09-01,沖縄県,-,-,-,中型,-,,256
2018-10-01,北海道,-,-,-,中型,-,,824
2018-10-01,青森県,-,-,-,中型,-,,196
2018-10-01,岩手県,-,-,-,中型,-,,197
2018-10-01,宮城県,-,-,-,中型,-,,308
2018-10-01,秋田県,-,-,-,中型,-,,144
2018-10-01,山形県,-,-,-,中型,-,,191
2018-10-01,福島県,-,-,-,中型,-,,246
2018-10-01,茨城県,-,-,-,中型,-,,365
2018-10-01,栃木県,-,-,-,中型,-,,258
2018-10-01,群馬県,-,-,-,中型,-,,216
2018-10-01,埼玉県,-,-,-,中型,-,,812
2018-10-01,千葉県,-,-,-,中型,-,,623
2018-10-01,東京都,-,-,-,中型,-,,1326
2018-10-01,神奈川県,-,-,-,中型,-,,924
2018-10-01,新潟県,-,-,-,中型,-,,301
2018-10-01,山梨県,-,-,-,中型,-,,106
2018-10-01,長野県,-,-,-,中型,-,,258
2018-10-01,富山県,-,-,-,中型,-,,125
2018-10-01,石川県,-,-,-,中型,-,,137
2018-10-01,福井県,-,-,-,中型,-,,120
2018-10-01,岐阜県,-,-,-,中型,-,,208
2018-10-01,静岡県,-,-,-,中型,-,,470
2018-10-01,愛知県,-,-,-,中型,-,,748
2018-10-01,三重県,-,-,-,中型,-,,253
2018-10-01,滋賀県,-,-,-,中型,-,,158
2018-10-01,京都府,-,-,-,中型,-,,326
2018-10-01,大阪府,-,-,-,中型,-,,1014
2018-10-01,兵庫県,-,-,-,中型,-,,717
2018-10-01,奈良県,-,-,-,中型,-,,151
2018-10-01,和歌山県,-,-,-,中型,-,,139
2018-10-01,鳥取県,-,-,-,中型,-,,82
2018-10-01,島根県,-,-,-,中型,-,,130
2018-10-01,岡山県,-,-,-,中型,-,,270
2018-10-01,広島県,-,-,-,中型,-,,426
2018-10-01,山口県,-,-,-,中型,-,,211
2018-10-01,徳島県,-,-,-,中型,-,,115
2018-10-01,香川県,-,-,-,中型,-,,171
2018-10-01,愛媛県,-,-,-,中型,-,,218
2018-10-01,高知県,-,-,-,中型,-,,119
2018-10-01,福岡県,-,-,-,中型,-,,542
2018-10-01,佐賀県,-,-,-,中型,-,,112
2018-10-01,長崎県,-,-,-,中型,-,,158
2018-10-01,熊本県,-,-,-,中型,-,,152
2018-10-01,大分県,-,-,-,中型,-,,164
2018-10-01,宮崎県,-,-,-,中型,-,,174
2018-10-01,鹿児島県,-,-,-,中型,-,,255
2018-10-01,沖縄県,-,-,-,中型,-,,259
2018-11-01,北海道,-,-,-,中型,-,,819
2018-11-01,青森県,-,-,-,中型,-,,202
2018-11-01,岩手県,-,-,-,中型,-,,198
2018-11-01,宮城県,-,-,-,中型,-,,305
2018-11-01,秋田県,-,-,-,中型,-,,142
2018-11-01,山形県,-,-,-,中型,-,,191
2018-11-01,福島県,-,-,-,中型,-,,245
2018-11-01,茨城県,-,-,-,中型,-,,367
2018-11-01,栃木県,-,-,-,中型,-,,258
2018-11-01,群馬県,-,-,-,中型,-,,216
2018-11-01,埼玉県,-,-,-,中型,-,,813
2018-11-01,千葉県,-,-,-,中型,-,,622
2018-11-01,東京都,-,-,-,中型,-,,1328
2018-11-01,神奈川県,-,-,-,中型,-,,926
2018-11-01,新潟県,-,-,-,中型,-,,303
2018-11-01,山梨県,-,-,-,中型,-,,106
2018-11-01,長野県,-,-,-,中型,-,,255
2018-11-01,富山県,-,-,-,中型,-,,126
2018-11-01,石川県,-,-,-,中型,-,,137
2018-11-01,福井県,-,-,-,中型,-,,120
2018-11-01,岐阜県,-,-,-,中型,-,,210
2018-11-01,静岡県,-,-,-,中型,-,,474
2018-11-01,愛知県,-,-,-,中型,-,,751
2018-11-01,三重県,-,-,-,中型,-,,252
2018-11-01,滋賀県,-,-,-,中型,-,,160
2018-11-01,京都府,-,-,-,中型,-,,323
2018-11-01,大阪府,-,-,-,中型,-,,1017
2018-11-01,兵庫県,-,-,-,中型,-,,720
2018-11-01,奈良県,-,-,-,中型,-,,151
2018-11-01,和歌山県,-,-,-,中型,-,,140
2018-11-01,鳥取県,-,-,-,中型,-,,83
2018-11-01,島根県,-,-,-,中型,-,,132
2018-11-01,岡山県,-,-,-,中型,-,,272
2018-11-01,広島県,-,-,-,中型,-,,426
2018-11-01,山口県,-,-,-,中型,-,,213
2018-11-01,徳島県,-,-,-,中型,-,,114
2018-11-01,香川県,-,-,-,中型,-,,169
2018-11-01,愛媛県,-,-,-,中型,-,,219
2018-11-01,高知県,-,-,-,中型,-,,118
2018-11-01,福岡県,-,-,-,中型,-,,539
2018-11-01,佐賀県,-,-,-,中型,-,,114
2018-11-01,長崎県,-,-,-,中型,-,,159
2018-11-01,熊本県,-,-,-,中型,-,,151
2018-11-01,大分県,-,-,-,中型,-,,164
2018-11-01,宮崎県,-,-,-,中型,-,,173
2018-11-01,鹿児島県,-,-,-,中型,-,,258
2018-11-01,沖縄県,-,-,-,中型,-,,259
2018-12-01,北海道,-,-,-,中型,-,,818
2018-12-01,青森県,-,-,-,中型,-,,203
2018-12-01,岩手県,-,-,-,中型,-,,197
2018-12-01,宮城県,-,-,-,中型,-,,305
2018-12-01,秋田県,-,-,-,中型,-,,145
2018-12-01,山形県,-,-,-,中型,-,,192
2018-12-01,福島県,-,-,-,中型,-,,245
2018-12-01,茨城県,-,-,-,中型,-,,369
2018-12-01,栃木県,-,-,-,中型,-,,259
2018-12-01,群馬県,-,-,-,中型,-,,216
2018-12-01,埼玉県,-,-,-,中型,-,,814
2018-12-01,千葉県,-,-,-,中型,-,,623
2018-12-01,東京都,-,-,-,中型,-,,1332
2018-12-01,神奈川県,-,-,-,中型,-,,923
2018-12-01,新潟県,-,-,-,中型,-,,303
2018-12-01,山梨県,-,-,-,中型,-,,106
2018-12-01,長野県,-,-,-,中型,-,,255
2018-12-01,富山県,-,-,-,中型,-,,128
2018-12-01,石川県,-,-,-,中型,-,,137
2018-12-01,福井県,-,-,-,中型,-,,120
2018-12-01,岐阜県,-,-,-,中型,-,,209
2018-12-01,静岡県,-,-,-,中型,-,,470
2018-12-01,愛知県,-,-,-,中型,-,,749
2018-12-01,三重県,-,-,-,中型,-,,253
2018-12-01,滋賀県,-,-,-,中型,-,,156
2018-12-01,京都府,-,-,-,中型,-,,323
2018-12-01,大阪府,-,-,-,中型,-,,1020
2018-12-01,兵庫県,-,-,-,中型,-,,720
2018-12-01,奈良県,-,-,-,中型,-,,152
2018-12-01,和歌山県,-,-,-,中型,-,,141
2018-12-01,鳥取県,-,-,-,中型,-,,83
2018-12-01,島根県,-,-,-,中型,-,,132
2018-12-01,岡山県,-,-,-,中型,-,,273
2018-12-01,広島県,-,-,-,中型,-,,427
2018-12-01,山口県,-,-,-,中型,-,,213
2018-12-01,徳島県,-,-,-,中型,-,,114
2018-12-01,香川県,-,-,-,中型,-,,169
2018-12-01,愛媛県,-,-,-,中型,-,,220
2018-12-01,高知県,-,-,-,中型,-,,118
2018-12-01,福岡県,-,-,-,中型,-,,543
2018-12-01,佐賀県,-,-,-,中型,-,,115
2018-12-01,長崎県,-,-,-,中型,-,,159
2018-12-01,熊本県,-,-,-,中型,-,,154
2018-12-01,大分県,-,-,-,中型,-,,164
2018-12-01,宮崎県,-,-,-,中型,-,,172
2018-12-01,鹿児島県,-,-,-,中型,-,,259
2018-12-01,沖縄県,-,-,-,中型,-,,259
2019-01-01,北海道,-,-,-,中型,-,,818
2019-01-01,青森県,-,-,-,中型,-,,202
2019-01-01,岩手県,-,-,-,中型,-,,196
2019-01-01,宮城県,-,-,-,中型,-,,304
2019-01-01,秋田県,-,-,-,中型,-,,145
2019-01-01,山形県,-,-,-,中型,-,,193
2019-01-01,福島県,-,-,-,中型,-,,247
2019-01-01,茨城県,-,-,-,中型,-,,365
2019-01-01,栃木県,-,-,-,中型,-,,258
2019-01-01,群馬県,-,-,-,中型,-,,214
2019-01-01,埼玉県,-,-,-,中型,-,,813
2019-01-01,千葉県,-,-,-,中型,-,,621
2019-01-01,東京都,-,-,-,中型,-,,1329
2019-01-01,神奈川県,-,-,-,中型,-,,919
2019-01-01,新潟県,-,-,-,中型,-,,303
2019-01-01,山梨県,-,-,-,中型,-,,107
2019-01-01,長野県,-,-,-,中型,-,,254
2019-01-01,富山県,-,-,-,中型,-,,129
2019-01-01,石川県,-,-,-,中型,-,,137
2019-01-01,福井県,-,-,-,中型,-,,120
2019-01-01,岐阜県,-,-,-,中型,-,,208
2019-01-01,静岡県,-,-,-,中型,-,,470
2019-01-01,愛知県,-,-,-,中型,-,,749
2019-01-01,三重県,-,-,-,中型,-,,254
2019-01-01,滋賀県,-,-,-,中型,-,,154
2019-01-01,京都府,-,-,-,中型,-,,319
2019-01-01,大阪府,-,-,-,中型,-,,1020
2019-01-01,兵庫県,-,-,-,中型,-,,722
2019-01-01,奈良県,-,-,-,中型,-,,152
2019-01-01,和歌山県,-,-,-,中型,-,,141
2019-01-01,鳥取県,-,-,-,中型,-,,82
2019-01-01,島根県,-,-,-,中型,-,,133
2019-01-01,岡山県,-,-,-,中型,-,,271
2019-01-01,広島県,-,-,-,中型,-,,424
2019-01-01,山口県,-,-,-,中型,-,,208
2019-01-01,徳島県,-,-,-,中型,-,,115
2019-01-01,香川県,-,-,-,中型,-,,169
2019-01-01,愛媛県,-,-,-,中型,-,,217
2019-01-01,高知県,-,-,-,中型,-,,119
2019-01-01,福岡県,-,-,-,中型,-,,542
2019-01-01,佐賀県,-,-,-,中型,-,,115
2019-01-01,長崎県,-,-,-,中型,-,,160
2019-01-01,熊本県,-,-,-,中型,-,,153
2019-01-01,大分県,-,-,-,中型,-,,159
2019-01-01,宮崎県,-,-,-,中型,-,,171
2019-01-01,鹿児島県,-,-,-,中型,-,,259
2019-01-01,沖縄県,-,-,-,中型,-,,258
2019-02-01,北海道,-,-,-,中型,-,,817
2019-02-01,青森県,-,-,-,中型,-,,202
2019-02-01,岩手県,-,-,-,中型,-,,195
2019-02-01,宮城県,-,-,-,中型,-,,303
2019-02-01,秋田県,-,-,-,中型,-,,144
2019-02-01,山形県,-,-,-,中型,-,,193
2019-02-01,福島県,-,-,-,中型,-,,247
2019-02-01,茨城県,-,-,-,中型,-,,365
2019-02-01,栃木県,-,-,-,中型,-,,258
2019-02-01,群馬県,-,-,-,中型,-,,214
2019-02-01,埼玉県,-,-,-,中型,-,,813
2019-02-01,千葉県,-,-,-,中型,-,,621
2019-02-01,東京都,-,-,-,中型,-,,1328
2019-02-01,神奈川県,-,-,-,中型,-,,919
2019-02-01,新潟県,-,-,-,中型,-,,303
2019-02-01,山梨県,-,-,-,中型,-,,107
2019-02-01,長野県,-,-,-,中型,-,,254
2019-02-01,富山県,-,-,-,中型,-,,129
2019-02-01,石川県,-,-,-,中型,-,,137
2019-02-01,福井県,-,-,-,中型,-,,119
2019-02-01,岐阜県,-,-,-,中型,-,,211
2019-02-01,静岡県,-,-,-,中型,-,,470
2019-02-01,愛知県,-,-,-,中型,-,,748
2019-02-01,三重県,-,-,-,中型,-,,254
2019-02-01,滋賀県,-,-,-,中型,-,,156
2019-02-01,京都府,-,-,-,中型,-,,320
2019-02-01,大阪府,-,-,-,中型,-,,1022
2019-02-01,兵庫県,-,-,-,中型,-,,721
2019-02-01,奈良県,-,-,-,中型,-,,152
2019-02-01,和歌山県,-,-,-,中型,-,,142
2019-02-01,鳥取県,-,-,-,中型,-,,82
2019-02-01,島根県,-,-,-,中型,-,,132
2019-02-01,岡山県,-,-,-,中型,-,,273
2019-02-01,広島県,-,-,-,中型,-,,419
2019-02-01,山口県,-,-,-,中型,-,,208
2019-02-01,徳島県,-,-,-,中型,-,,115
2019-02-01,香川県,-,-,-,中型,-,,169
2019-02-01,愛媛県,-,-,-,中型,-,,214
2019-02-01,高知県,-,-,-,中型,-,,119
2019-02-01,福岡県,-,-,-,中型,-,,541
2019-02-01,佐賀県,-,-,-,中型,-,,115
2019-02-01,長崎県,-,-,-,中型,-,,160
2019-02-01,熊本県,-,-,-,中型,-,,153
2019-02-01,大分県,-,-,-,中型,-,,161
2019-02-01,宮崎県,-,-,-,中型,-,,171
2019-02-01,鹿児島県,-,-,-,中型,-,,259
2019-02-01,沖縄県,-,-,-,中型,-,,257
2019-03-01,北海道,-,-,-,中型,-,,817
2019-03-01,青森県,-,-,-,中型,-,,202
2019-03-01,岩手県,-,-,-,中型,-,,196
2019-03-01,宮城県,-,-,-,中型,-,,302
2019-03-01,秋田県,-,-,-,中型,-,,144
2019-03-01,山形県,-,-,-,中型,-,,193
2019-03-01,福島県,-,-,-,中型,-,,248
2019-03-01,茨城県,-,-,-,中型,-,,366
2019-03-01,栃木県,-,-,-,中型,-,,256
2019-03-01,群馬県,-,-,-,中型,-,,214
2019-03-01,埼玉県,-,-,-,中型,-,,811
2019-03-01,千葉県,-,-,-,中型,-,,619
2019-03-01,東京都,-,-,-,中型,-,,1333
2019-03-01,神奈川県,-,-,-,中型,-,,923
2019-03-01,新潟県,-,-,-,中型,-,,300
2019-03-01,山梨県,-,-,-,中型,-,,106
2019-03-01,長野県,-,-,-,中型,-,,254
2019-03-01,富山県,-,-,-,中型,-,,130
2019-03-01,石川県,-,-,-,中型,-,,137
2019-03-01,福井県,-,-,-,中型,-,,119
2019-03-01,岐阜県,-,-,-,中型,-,,212
2019-03-01,静岡県,-,-,-,中型,-,,471
2019-03-01,愛知県,-,-,-,中型,-,,751
2019-03-01,三重県,-,-,-,中型,-,,254
2019-03-01,滋賀県,-,-,-,中型,-,,158
2019-03-01,京都府,-,-,-,中型,-,,324
2019-03-01,大阪府,-,-,-,中型,-,,1020
2019-03-01,兵庫県,-,-,-,中型,-,,722
2019-03-01,奈良県,-,-,-,中型,-,,152
2019-03-01,和歌山県,-,-,-,中型,-,,142
2019-03-01,鳥取県,-,-,-,中型,-,,81
2019-03-01,島根県,-,-,-,中型,-,,132
2019-03-01,岡山県,-,-,-,中型,-,,273
2019-03-01,広島県,-,-,-,中型,-,,419
2019-03-01,山口県,-,-,-,中型,-,,207
2019-03-01,徳島県,-,-,-,中型,-,,114
2019-03-01,香川県,-,-,-,中型,-,,166
2019-03-01,愛媛県,-,-,-,中型,-,,213
2019-03-01,高知県,-,-,-,中型,-,,119
2019-03-01,福岡県,-,-,-,中型,-,,540
2019-03-01,佐賀県,-,-,-,中型,-,,116
2019-03-01,長崎県,-,-,-,中型,-,,160
2019-03-01,熊本県,-,-,-,中型,-,,152
2019-03-01,大分県,-,-,-,中型,-,,160
2019-03-01,宮崎県,-,-,-,中型,-,,171
2019-03-01,鹿児島県,-,-,-,中型,-,,259
2019-03-01,沖縄県,-,-,-,中型,-,,257
2019-04-01,北海道,-,-,-,中型,-,,814
2019-04-01,青森県,-,-,-,中型,-,,202
2019-04-01,岩手県,-,-,-,中型,-,,193
2019-04-01,宮城県,-,-,-,中型,-,,303
2019-04-01,秋田県,-,-,-,中型,-,,144
2019-04-01,山形県,-,-,-,中型,-,,193
2019-04-01,福島県,-,-,-,中型,-,,247
2019-04-01,茨城県,-,-,-,中型,-,,370
2019-04-01,栃木県,-,-,-,中型,-,,256
2019-04-01,群馬県,-,-,-,中型,-,,212
2019-04-01,埼玉県,-,-,-,中型,-,,814
2019-04-01,千葉県,-,-,-,中型,-,,621
2019-04-01,東京都,-,-,-,中型,-,,1337
2019-04-01,神奈川県,-,-,-,中型,-,,928
2019-04-01,新潟県,-,-,-,中型,-,,302
2019-04-01,山梨県,-,-,-,中型,-,,107
2019-04-01,長野県,-,-,-,中型,-,,254
2019-04-01,富山県,-,-,-,中型,-,,130
2019-04-01,石川県,-,-,-,中型,-,,137
2019-04-01,福井県,-,-,-,中型,-,,119
2019-04-01,岐阜県,-,-,-,中型,-,,212
2019-04-01,静岡県,-,-,-,中型,-,,472
2019-04-01,愛知県,-,-,-,中型,-,,751
2019-04-01,三重県,-,-,-,中型,-,,254
2019-04-01,滋賀県,-,-,-,中型,-,,160
2019-04-01,京都府,-,-,-,中型,-,,327
2019-04-01,大阪府,-,-,-,中型,-,,1024
2019-04-01,兵庫県,-,-,-,中型,-,,721
2019-04-01,奈良県,-,-,-,中型,-,,151
2019-04-01,和歌山県,-,-,-,中型,-,,142
2019-04-01,鳥取県,-,-,-,中型,-,,81
2019-04-01,島根県,-,-,-,中型,-,,131
2019-04-01,岡山県,-,-,-,中型,-,,274
2019-04-01,広島県,-,-,-,中型,-,,416
2019-04-01,山口県,-,-,-,中型,-,,207
2019-04-01,徳島県,-,-,-,中型,-,,113
2019-04-01,香川県,-,-,-,中型,-,,167
2019-04-01,愛媛県,-,-,-,中型,-,,213
2019-04-01,高知県,-,-,-,中型,-,,118
2019-04-01,福岡県,-,-,-,中型,-,,541
2019-04-01,佐賀県,-,-,-,中型,-,,116
2019-04-01,長崎県,-,-,-,中型,-,,162
2019-04-01,熊本県,-,-,-,中型,-,,153
2019-04-01,大分県,-,-,-,中型,-,,161
2019-04-01,宮崎県,-,-,-,中型,-,,171
2019-04-01,鹿児島県,-,-,-,中型,-,,259
2019-04-01,沖縄県,-,-,-,中型,-,,255
2019-05-01,北海道,-,-,-,中型,-,,814
2019-05-01,青森県,-,-,-,中型,-,,202
2019-05-01,岩手県,-,-,-,中型,-,,194
2019-05-01,宮城県,-,-,-,中型,-,,301
2019-05-01,秋田県,-,-,-,中型,-,,146
2019-05-01,山形県,-,-,-,中型,-,,193
2019-05-01,福島県,-,-,-,中型,-,,247
2019-05-01,茨城県,-,-,-,中型,-,,370
2019-05-01,栃木県,-,-,-,中型,-,,257
2019-05-01,群馬県,-,-,-,中型,-,,212
2019-05-01,埼玉県,-,-,-,中型,-,,814
2019-05-01,千葉県,-,-,-,中型,-,,619
2019-05-01,東京都,-,-,-,中型,-,,1338
2019-05-01,神奈川県,-,-,-,中型,-,,928
2019-05-01,新潟県,-,-,-,中型,-,,302
2019-05-01,山梨県,-,-,-,中型,-,,108
2019-05-01,長野県,-,-,-,中型,-,,254
2019-05-01,富山県,-,-,-,中型,-,,133
2019-05-01,石川県,-,-,-,中型,-,,136
2019-05-01,福井県,-,-,-,中型,-,,119
2019-05-01,岐阜県,-,-,-,中型,-,,211
2019-05-01,静岡県,-,-,-,中型,-,,472
2019-05-01,愛知県,-,-,-,中型,-,,750
2019-05-01,三重県,-,-,-,中型,-,,254
2019-05-01,滋賀県,-,-,-,中型,-,,161
2019-05-01,京都府,-,-,-,中型,-,,328
2019-05-01,大阪府,-,-,-,中型,-,,1028
2019-05-01,兵庫県,-,-,-,中型,-,,722
2019-05-01,奈良県,-,-,-,中型,-,,152
2019-05-01,和歌山県,-,-,-,中型,-,,142
2019-05-01,鳥取県,-,-,-,中型,-,,81
2019-05-01,島根県,-,-,-,中型,-,,131
2019-05-01,岡山県,-,-,-,中型,-,,272
2019-05-01,広島県,-,-,-,中型,-,,417
2019-05-01,山口県,-,-,-,中型,-,,207
2019-05-01,徳島県,-,-,-,中型,-,,114
2019-05-01,香川県,-,-,-,中型,-,,165
2019-05-01,愛媛県,-,-,-,中型,-,,213
2019-05-01,高知県,-,-,-,中型,-,,117
2019-05-01,福岡県,-,-,-,中型,-,,543
2019-05-01,佐賀県,-,-,-,中型,-,,116
2019-05-01,長崎県,-,-,-,中型,-,,162
2019-05-01,熊本県,-,-,-,中型,-,,152
2019-05-01,大分県,-,-,-,中型,-,,160
2019-05-01,宮崎県,-,-,-,中型,-,,172
2019-05-01,鹿児島県,-,-,-,中型,-,,259
2019-05-01,沖縄県,-,-,-,中型,-,,255
2019-06-01,北海道,-,-,-,中型,-,,812
2019-06-01,青森県,-,-,-,中型,-,,202
2019-06-01,岩手県,-,-,-,中型,-,,197
2019-06-01,宮城県,-,-,-,中型,-,,300
2019-06-01,秋田県,-,-,-,中型,-,,146
2019-06-01,山形県,-,-,-,中型,-,,192
2019-06-01,福島県,-,-,-,中型,-,,247
2019-06-01,茨城県,-,-,-,中型,-,,369
2019-06-01,栃木県,-,-,-,中型,-,,254
2019-06-01,群馬県,-,-,-,中型,-,,213
2019-06-01,埼玉県,-,-,-,中型,-,,813
2019-06-01,千葉県,-,-,-,中型,-,,620
2019-06-01,東京都,-,-,-,中型,-,,1340
2019-06-01,神奈川県,-,-,-,中型,-,,933
2019-06-01,新潟県,-,-,-,中型,-,,303
2019-06-01,山梨県,-,-,-,中型,-,,109
2019-06-01,長野県,-,-,-,中型,-,,253
2019-06-01,富山県,-,-,-,中型,-,,133
2019-06-01,石川県,-,-,-,中型,-,,135
2019-06-01,福井県,-,-,-,中型,-,,119
2019-06-01,岐阜県,-,-,-,中型,-,,212
2019-06-01,静岡県,-,-,-,中型,-,,471
2019-06-01,愛知県,-,-,-,中型,-,,748
2019-06-01,三重県,-,-,-,中型,-,,254
2019-06-01,滋賀県,-,-,-,中型,-,,161
2019-06-01,京都府,-,-,-,中型,-,,327
2019-06-01,大阪府,-,-,-,中型,-,,1028
2019-06-01,兵庫県,-,-,-,中型,-,,723
2019-06-01,奈良県,-,-,-,中型,-,,152
2019-06-01,和歌山県,-,-,-,中型,-,,141
2019-06-01,鳥取県,-,-,-,中型,-,,80
2019-06-01,島根県,-,-,-,中型,-,,131
2019-06-01,岡山県,-,-,-,中型,-,,272
2019-06-01,広島県,-,-,-,中型,-,,418
2019-06-01,山口県,-,-,-,中型,-,,207
2019-06-01,徳島県,-,-,-,中型,-,,114
2019-06-01,香川県,-,-,-,中型,-,,165
2019-06-01,愛媛県,-,-,-,中型,-,,215
2019-06-01,高知県,-,-,-,中型,-,,117
2019-06-01,福岡県,-,-,-,中型,-,,543
2019-06-01,佐賀県,-,-,-,中型,-,,114
2019-06-01,長崎県,-,-,-,中型,-,,163
2019-06-01,熊本県,-,-,-,中型,-,,152
2019-06-01,大分県,-,-,-,中型,-,,159
2019-06-01,宮崎県,-,-,-,中型,-,,171
2019-06-01,鹿児島県,-,-,-,中型,-,,259
2019-06-01,沖縄県,-,-,-,中型,-,,255
2019-07-01,北海道,-,-,-,中型,-,,814
2019-07-01,青森県,-,-,-,中型,-,,204
2019-07-01,岩手県,-,-,-,中型,-,,197
2019-07-01,宮城県,-,-,-,中型,-,,300
2019-07-01,秋田県,-,-,-,中型,-,,145
2019-07-01,山形県,-,-,-,中型,-,,191
2019-07-01,福島県,-,-,-,中型,-,,248
2019-07-01,茨城県,-,-,-,中型,-,,369
2019-07-01,栃木県,-,-,-,中型,-,,255
2019-07-01,群馬県,-,-,-,中型,-,,213
2019-07-01,埼玉県,-,-,-,中型,-,,819
2019-07-01,千葉県,-,-,-,中型,-,,622
2019-07-01,東京都,-,-,-,中型,-,,1345
2019-07-01,神奈川県,-,-,-,中型,-,,935
2019-07-01,新潟県,-,-,-,中型,-,,303
2019-07-01,山梨県,-,-,-,中型,-,,109
2019-07-01,長野県,-,-,-,中型,-,,253
2019-07-01,富山県,-,-,-,中型,-,,133
2019-07-01,石川県,-,-,-,中型,-,,135
2019-07-01,福井県,-,-,-,中型,-,,119
2019-07-01,岐阜県,-,-,-,中型,-,,209
2019-07-01,静岡県,-,-,-,中型,-,,472
2019-07-01,愛知県,-,-,-,中型,-,,748
2019-07-01,三重県,-,-,-,中型,-,,254
2019-07-01,滋賀県,-,-,-,中型,-,,162
2019-07-01,京都府,-,-,-,中型,-,,325
2019-07-01,大阪府,-,-,-,中型,-,,1031
2019-07-01,兵庫県,-,-,-,中型,-,,723
2019-07-01,奈良県,-,-,-,中型,-,,151
2019-07-01,和歌山県,-,-,-,中型,-,,141
2019-07-01,鳥取県,-,-,-,中型,-,,81
2019-07-01,島根県,-,-,-,中型,-,,131
2019-07-01,岡山県,-,-,-,中型,-,,271
2019-07-01,広島県,-,-,-,中型,-,,418
2019-07-01,山口県,-,-,-,中型,-,,207
2019-07-01,徳島県,-,-,-,中型,-,,114
2019-07-01,香川県,-,-,-,中型,-,,165
2019-07-01,愛媛県,-,-,-,中型,-,,215
2019-07-01,高知県,-,-,-,中型,-,,118
2019-07-01,福岡県,-,-,-,中型,-,,543
2019-07-01,佐賀県,-,-,-,中型,-,,114
2019-07-01,長崎県,-,-,-,中型,-,,165
2019-07-01,熊本県,-,-,-,中型,-,,152
2019-07-01,大分県,-,-,-,中型,-,,162
2019-07-01,宮崎県,-,-,-,中型,-,,170
2019-07-01,鹿児島県,-,-,-,中型,-,,259
2019-07-01,沖縄県,-,-,-,中型,-,,255
2019-08-01,北海道,-,-,-,中型,-,,814
2019-08-01,青森県,-,-,-,中型,-,,204
2019-08-01,岩手県,-,-,-,中型,-,,197
2019-08-01,宮城県,-,-,-,中型,-,,301
2019-08-01,秋田県,-,-,-,中型,-,,145
2019-08-01,山形県,-,-,-,中型,-,,190
2019-08-01,福島県,-,-,-,中型,-,,248
2019-08-01,茨城県,-,-,-,中型,-,,370
2019-08-01,栃木県,-,-,-,中型,-,,254
2019-08-01,群馬県,-,-,-,中型,-,,211
2019-08-01,埼玉県,-,-,-,中型,-,,821
2019-08-01,千葉県,-,-,-,中型,-,,624
2019-08-01,東京都,-,-,-,中型,-,,1342
2019-08-01,神奈川県,-,-,-,中型,-,,943
2019-08-01,新潟県,-,-,-,中型,-,,304
2019-08-01,山梨県,-,-,-,中型,-,,109
2019-08-01,長野県,-,-,-,中型,-,,253
2019-08-01,富山県,-,-,-,中型,-,,131
2019-08-01,石川県,-,-,-,中型,-,,134
2019-08-01,福井県,-,-,-,中型,-,,119
2019-08-01,岐阜県,-,-,-,中型,-,,207
2019-08-01,静岡県,-,-,-,中型,-,,474
2019-08-01,愛知県,-,-,-,中型,-,,749
2019-08-01,三重県,-,-,-,中型,-,,254
2019-08-01,滋賀県,-,-,-,中型,-,,162
2019-08-01,京都府,-,-,-,中型,-,,324
2019-08-01,大阪府,-,-,-,中型,-,,1031
2019-08-01,兵庫県,-,-,-,中型,-,,725
2019-08-01,奈良県,-,-,-,中型,-,,151
2019-08-01,和歌山県,-,-,-,中型,-,,142
2019-08-01,鳥取県,-,-,-,中型,-,,81
2019-08-01,島根県,-,-,-,中型,-,,131
2019-08-01,岡山県,-,-,-,中型,-,,272
2019-08-01,広島県,-,-,-,中型,-,,417
2019-08-01,山口県,-,-,-,中型,-,,206
2019-08-01,徳島県,-,-,-,中型,-,,114
2019-08-01,香川県,-,-,-,中型,-,,163
2019-08-01,愛媛県,-,-,-,中型,-,,215
2019-08-01,高知県,-,-,-,中型,-,,118
2019-08-01,福岡県,-,-,-,中型,-,,543
2019-08-01,佐賀県,-,-,-,中型,-,,114
2019-08-01,長崎県,-,-,-,中型,-,,165
2019-08-01,熊本県,-,-,-,中型,-,,149
2019-08-01,大分県,-,-,-,中型,-,,160
2019-08-01,宮崎県,-,-,-,中型,-,,170
2019-08-01,鹿児島県,-,-,-,中型,-,,259
2019-08-01,沖縄県,-,-,-,中型,-,,253
2019-09-01,北海道,-,-,-,中型,-,,811
2019-09-01,青森県,-,-,-,中型,-,,202
2019-09-01,岩手県,-,-,-,中型,-,,197
2019-09-01,宮城県,-,-,-,中型,-,,309
2019-09-01,秋田県,-,-,-,中型,-,,145
2019-09-01,山形県,-,-,-,中型,-,,190
2019-09-01,福島県,-,-,-,中型,-,,248
2019-09-01,茨城県,-,-,-,中型,-,,373
2019-09-01,栃木県,-,-,-,中型,-,,255
2019-09-01,群馬県,-,-,-,中型,-,,212
2019-09-01,埼玉県,-,-,-,中型,-,,819
2019-09-01,千葉県,-,-,-,中型,-,,626
2019-09-01,東京都,-,-,-,中型,-,,1346
2019-09-01,神奈川県,-,-,-,中型,-,,942
2019-09-01,新潟県,-,-,-,中型,-,,304
2019-09-01,山梨県,-,-,-,中型,-,,110
2019-09-01,長野県,-,-,-,中型,-,,253
2019-09-01,富山県,-,-,-,中型,-,,129
2019-09-01,石川県,-,-,-,中型,-,,136
2019-09-01,福井県,-,-,-,中型,-,,119
2019-09-01,岐阜県,-,-,-,中型,-,,208
2019-09-01,静岡県,-,-,-,中型,-,,475
2019-09-01,愛知県,-,-,-,中型,-,,748
2019-09-01,三重県,-,-,-,中型,-,,251
2019-09-01,滋賀県,-,-,-,中型,-,,162
2019-09-01,京都府,-,-,-,中型,-,,323
2019-09-01,大阪府,-,-,-,中型,-,,1034
2019-09-01,兵庫県,-,-,-,中型,-,,724
2019-09-01,奈良県,-,-,-,中型,-,,149
2019-09-01,和歌山県,-,-,-,中型,-,,142
2019-09-01,鳥取県,-,-,-,中型,-,,81
2019-09-01,島根県,-,-,-,中型,-,,131
2019-09-01,岡山県,-,-,-,中型,-,,272
2019-09-01,広島県,-,-,-,中型,-,,418
2019-09-01,山口県,-,-,-,中型,-,,206
2019-09-01,徳島県,-,-,-,中型,-,,114
2019-09-01,香川県,-,-,-,中型,-,,164
2019-09-01,愛媛県,-,-,-,中型,-,,215
2019-09-01,高知県,-,-,-,中型,-,,117
2019-09-01,福岡県,-,-,-,中型,-,,549
2019-09-01,佐賀県,-,-,-,中型,-,,114
2019-09-01,長崎県,-,-,-,中型,-,,165
2019-09-01,熊本県,-,-,-,中型,-,,151
2019-09-01,大分県,-,-,-,中型,-,,160
2019-09-01,宮崎県,-,-,-,中型,-,,169
2019-09-01,鹿児島県,-,-,-,中型,-,,259
2019-09-01,沖縄県,-,-,-,中型,-,,253
2019-10-01,北海道,-,-,-,中型,-,,810
2019-10-01,青森県,-,-,-,中型,-,,202
2019-10-01,岩手県,-,-,-,中型,-,,194
2019-10-01,宮城県,-,-,-,中型,-,,310
2019-10-01,秋田県,-,-,-,中型,-,,144
2019-10-01,山形県,-,-,-,中型,-,,191
2019-10-01,福島県,-,-,-,中型,-,,248
2019-10-01,茨城県,-,-,-,中型,-,,374
2019-10-01,栃木県,-,-,-,中型,-,,256
2019-10-01,群馬県,-,-,-,中型,-,,209
2019-10-01,埼玉県,-,-,-,中型,-,,822
2019-10-01,千葉県,-,-,-,中型,-,,630
2019-10-01,東京都,-,-,-,中型,-,,1345
2019-10-01,神奈川県,-,-,-,中型,-,,947
2019-10-01,新潟県,-,-,-,中型,-,,304
2019-10-01,山梨県,-,-,-,中型,-,,110
2019-10-01,長野県,-,-,-,中型,-,,253
2019-10-01,富山県,-,-,-,中型,-,,131
2019-10-01,石川県,-,-,-,中型,-,,136
2019-10-01,福井県,-,-,-,中型,-,,119
2019-10-01,岐阜県,-,-,-,中型,-,,211
2019-10-01,静岡県,-,-,-,中型,-,,475
2019-10-01,愛知県,-,-,-,中型,-,,749
2019-10-01,三重県,-,-,-,中型,-,,249
2019-10-01,滋賀県,-,-,-,中型,-,,163
2019-10-01,京都府,-,-,-,中型,-,,325
2019-10-01,大阪府,-,-,-,中型,-,,1027
2019-10-01,兵庫県,-,-,-,中型,-,,726
2019-10-01,奈良県,-,-,-,中型,-,,148
2019-10-01,和歌山県,-,-,-,中型,-,,142
2019-10-01,鳥取県,-,-,-,中型,-,,79
2019-10-01,島根県,-,-,-,中型,-,,131
2019-10-01,岡山県,-,-,-,中型,-,,269
2019-10-01,広島県,-,-,-,中型,-,,418
2019-10-01,山口県,-,-,-,中型,-,,206
2019-10-01,徳島県,-,-,-,中型,-,,114
2019-10-01,香川県,-,-,-,中型,-,,164
2019-10-01,愛媛県,-,-,-,中型,-,,214
2019-10-01,高知県,-,-,-,中型,-,,117
2019-10-01,福岡県,-,-,-,中型,-,,549
2019-10-01,佐賀県,-,-,-,中型,-,,113
2019-10-01,長崎県,-,-,-,中型,-,,164
2019-10-01,熊本県,-,-,-,中型,-,,152
2019-10-01,大分県,-,-,-,中型,-,,160
2019-10-01,宮崎県,-,-,-,中型,-,,170
2019-10-01,鹿児島県,-,-,-,中型,-,,259
2019-10-01,沖縄県,-,-,-,中型,-,,248
2019-11-01,北海道,-,-,-,中型,-,,813
2019-11-01,青森県,-,-,-,中型,-,,202
2019-11-01,岩手県,-,-,-,中型,-,,195
2019-11-01,宮城県,-,-,-,中型,-,,310
2019-11-01,秋田県,-,-,-,中型,-,,142
2019-11-01,山形県,-,-,-,中型,-,,191
2019-11-01,福島県,-,-,-,中型,-,,250
2019-11-01,茨城県,-,-,-,中型,-,,374
2019-11-01,栃木県,-,-,-,中型,-,,256
2019-11-01,群馬県,-,-,-,中型,-,,211
2019-11-01,埼玉県,-,-,-,中型,-,,821
2019-11-01,千葉県,-,-,-,中型,-,,632
2019-11-01,東京都,-,-,-,中型,-,,1347
2019-11-01,神奈川県,-,-,-,中型,-,,948
2019-11-01,新潟県,-,-,-,中型,-,,304
2019-11-01,山梨県,-,-,-,中型,-,,110
2019-11-01,長野県,-,-,-,中型,-,,253
2019-11-01,富山県,-,-,-,中型,-,,131
2019-11-01,石川県,-,-,-,中型,-,,135
2019-11-01,福井県,-,-,-,中型,-,,119
2019-11-01,岐阜県,-,-,-,中型,-,,214
2019-11-01,静岡県,-,-,-,中型,-,,488
2019-11-01,愛知県,-,-,-,中型,-,,749
2019-11-01,三重県,-,-,-,中型,-,,251
2019-11-01,滋賀県,-,-,-,中型,-,,163
2019-11-01,京都府,-,-,-,中型,-,,324
2019-11-01,大阪府,-,-,-,中型,-,,1030
2019-11-01,兵庫県,-,-,-,中型,-,,725
2019-11-01,奈良県,-,-,-,中型,-,,149
2019-11-01,和歌山県,-,-,-,中型,-,,143
2019-11-01,鳥取県,-,-,-,中型,-,,80
2019-11-01,島根県,-,-,-,中型,-,,131
2019-11-01,岡山県,-,-,-,中型,-,,269
2019-11-01,広島県,-,-,-,中型,-,,417
2019-11-01,山口県,-,-,-,中型,-,,207
2019-11-01,徳島県,-,-,-,中型,-,,113
2019-11-01,香川県,-,-,-,中型,-,,164
2019-11-01,愛媛県,-,-,-,中型,-,,214
2019-11-01,高知県,-,-,-,中型,-,,117
2019-11-01,福岡県,-,-,-,中型,-,,547
2019-11-01,佐賀県,-,-,-,中型,-,,115
2019-11-01,長崎県,-,-,-,中型,-,,166
2019-11-01,熊本県,-,-,-,中型,-,,152
2019-11-01,大分県,-,-,-,中型,-,,160
2019-11-01,宮崎県,-,-,-,中型,-,,170
2019-11-01,鹿児島県,-,-,-,中型,-,,259
2019-11-01,沖縄県,-,-,-,中型,-,,248
2019-12-01,北海道,-,-,-,中型,-,,810
2019-12-01,青森県,-,-,-,中型,-,,200
2019-12-01,岩手県,-,-,-,中型,-,,195
2019-12-01,宮城県,-,-,-,中型,-,,309
2019-12-01,秋田県,-,-,-,中型,-,,142
2019-12-01,山形県,-,-,-,中型,-,,192
2019-12-01,福島県,-,-,-,中型,-,,250
2019-12-01,茨城県,-,-,-,中型,-,,376
2019-12-01,栃木県,-,-,-,中型,-,,257
2019-12-01,群馬県,-,-,-,中型,-,,211
2019-12-01,埼玉県,-,-,-,中型,-,,819
2019-12-01,千葉県,-,-,-,中型,-,,636
2019-12-01,東京都,-,-,-,中型,-,,1349
2019-12-01,神奈川県,-,-,-,中型,-,,947
2019-12-01,新潟県,-,-,-,中型,-,,305
2019-12-01,山梨県,-,-,-,中型,-,,110
2019-12-01,長野県,-,-,-,中型,-,,252
2019-12-01,富山県,-,-,-,中型,-,,131
2019-12-01,石川県,-,-,-,中型,-,,135
2019-12-01,福井県,-,-,-,中型,-,,120
2019-12-01,岐阜県,-,-,-,中型,-,,216
2019-12-01,静岡県,-,-,-,中型,-,,491
2019-12-01,愛知県,-,-,-,中型,-,,753
2019-12-01,三重県,-,-,-,中型,-,,250
2019-12-01,滋賀県,-,-,-,中型,-,,165
2019-12-01,京都府,-,-,-,中型,-,,326
2019-12-01,大阪府,-,-,-,中型,-,,1031
2019-12-01,兵庫県,-,-,-,中型,-,,725
2019-12-01,奈良県,-,-,-,中型,-,,150
2019-12-01,和歌山県,-,-,-,中型,-,,143
2019-12-01,鳥取県,-,-,-,中型,-,,80
2019-12-01,島根県,-,-,-,中型,-,,132
2019-12-01,岡山県,-,-,-,中型,-,,269
2019-12-01,広島県,-,-,-,中型,-,,418
2019-12-01,山口県,-,-,-,中型,-,,207
2019-12-01,徳島県,-,-,-,中型,-,,114
2019-12-01,香川県,-,-,-,中型,-,,165
2019-12-01,愛媛県,-,-,-,中型,-,,214
2019-12-01,高知県,-,-,-,中型,-,,116
2019-12-01,福岡県,-,-,-,中型,-,,550
2019-12-01,佐賀県,-,-,-,中型,-,,115
2019-12-01,長崎県,-,-,-,中型,-,,166
2019-12-01,熊本県,-,-,-,中型,-,,154
2019-12-01,大分県,-,-,-,中型,-,,160
2019-12-01,宮崎県,-,-,-,中型,-,,170
2019-12-01,鹿児島県,-,-,-,中型,-,,259
2019-12-01,沖縄県,-,-,-,中型,-,,247
2020-01-01,北海道,-,-,-,中型,-,,809
2020-01-01,青森県,-,-,-,中型,-,,200
2020-01-01,岩手県,-,-,-,中型,-,,195
2020-01-01,宮城県,-,-,-,中型,-,,309
2020-01-01,秋田県,-,-,-,中型,-,,146
2020-01-01,山形県,-,-,-,中型,-,,193
2020-01-01,福島県,-,-,-,中型,-,,250
2020-01-01,茨城県,-,-,-,中型,-,,376
2020-01-01,栃木県,-,-,-,中型,-,,255
2020-01-01,群馬県,-,-,-,中型,-,,211
2020-01-01,埼玉県,-,-,-,中型,-,,815
2020-01-01,千葉県,-,-,-,中型,-,,634
2020-01-01,東京都,-,-,-,中型,-,,1348
2020-01-01,神奈川県,-,-,-,中型,-,,946
2020-01-01,新潟県,-,-,-,中型,-,,303
2020-01-01,山梨県,-,-,-,中型,-,,110
2020-01-01,長野県,-,-,-,中型,-,,252
2020-01-01,富山県,-,-,-,中型,-,,131
2020-01-01,石川県,-,-,-,中型,-,,135
2020-01-01,福井県,-,-,-,中型,-,,120
2020-01-01,岐阜県,-,-,-,中型,-,,216
2020-01-01,静岡県,-,-,-,中型,-,,490
2020-01-01,愛知県,-,-,-,中型,-,,752
2020-01-01,三重県,-,-,-,中型,-,,249
2020-01-01,滋賀県,-,-,-,中型,-,,166
2020-01-01,京都府,-,-,-,中型,-,,329
2020-01-01,大阪府,-,-,-,中型,-,,1030
2020-01-01,兵庫県,-,-,-,中型,-,,726
2020-01-01,奈良県,-,-,-,中型,-,,148
2020-01-01,和歌山県,-,-,-,中型,-,,143
2020-01-01,鳥取県,-,-,-,中型,-,,80
2020-01-01,島根県,-,-,-,中型,-,,132
2020-01-01,岡山県,-,-,-,中型,-,,269
2020-01-01,広島県,-,-,-,中型,-,,417
2020-01-01,山口県,-,-,-,中型,-,,207
2020-01-01,徳島県,-,-,-,中型,-,,115
2020-01-01,香川県,-,-,-,中型,-,,164
2020-01-01,愛媛県,-,-,-,中型,-,,214
2020-01-01,高知県,-,-,-,中型,-,,116
2020-01-01,福岡県,-,-,-,中型,-,,549
2020-01-01,佐賀県,-,-,-,中型,-,,115
2020-01-01,長崎県,-,-,-,中型,-,,166
2020-01-01,熊本県,-,-,-,中型,-,,153
2020-01-01,大分県,-,-,-,中型,-,,158
2020-01-01,宮崎県,-,-,-,中型,-,,170
2020-01-01,鹿児島県,-,-,-,中型,-,,259
2020-01-01,沖縄県,-,-,-,中型,-,,247
2020-02-01,北海道,-,-,-,中型,-,,812
2020-02-01,青森県,-,-,-,中型,-,,201
2020-02-01,岩手県,-,-,-,中型,-,,195
2020-02-01,宮城県,-,-,-,中型,-,,309
2020-02-01,秋田県,-,-,-,中型,-,,146
2020-02-01,山形県,-,-,-,中型,-,,193
2020-02-01,福島県,-,-,-,中型,-,,250
2020-02-01,茨城県,-,-,-,中型,-,,375
2020-02-01,栃木県,-,-,-,中型,-,,253
2020-02-01,群馬県,-,-,-,中型,-,,210
2020-02-01,埼玉県,-,-,-,中型,-,,814
2020-02-01,千葉県,-,-,-,中型,-,,635
2020-02-01,東京都,-,-,-,中型,-,,1344
2020-02-01,神奈川県,-,-,-,中型,-,,952
2020-02-01,新潟県,-,-,-,中型,-,,299
2020-02-01,山梨県,-,-,-,中型,-,,112
2020-02-01,長野県,-,-,-,中型,-,,252
2020-02-01,富山県,-,-,-,中型,-,,130
2020-02-01,石川県,-,-,-,中型,-,,135
2020-02-01,福井県,-,-,-,中型,-,,120
2020-02-01,岐阜県,-,-,-,中型,-,,214
2020-02-01,静岡県,-,-,-,中型,-,,492
2020-02-01,愛知県,-,-,-,中型,-,,747
2020-02-01,三重県,-,-,-,中型,-,,247
2020-02-01,滋賀県,-,-,-,中型,-,,164
2020-02-01,京都府,-,-,-,中型,-,,329
2020-02-01,大阪府,-,-,-,中型,-,,1030
2020-02-01,兵庫県,-,-,-,中型,-,,728
2020-02-01,奈良県,-,-,-,中型,-,,146
2020-02-01,和歌山県,-,-,-,中型,-,,143
2020-02-01,鳥取県,-,-,-,中型,-,,80
2020-02-01,島根県,-,-,-,中型,-,,132
2020-02-01,岡山県,-,-,-,中型,-,,267
2020-02-01,広島県,-,-,-,中型,-,,417
2020-02-01,山口県,-,-,-,中型,-,,207
2020-02-01,徳島県,-,-,-,中型,-,,115
2020-02-01,香川県,-,-,-,中型,-,,164
2020-02-01,愛媛県,-,-,-,中型,-,,214
2020-02-01,高知県,-,-,-,中型,-,,116
2020-02-01,福岡県,-,-,-,中型,-,,547
2020-02-01,佐賀県,-,-,-,中型,-,,115
2020-02-01,長崎県,-,-,-,中型,-,,167
2020-02-01,熊本県,-,-,-,中型,-,,152
2020-02-01,大分県,-,-,-,中型,-,,158
2020-02-01,宮崎県,-,-,-,中型,-,,170
2020-02-01,鹿児島県,-,-,-,中型,-,,258
2020-02-01,沖縄県,-,-,-,中型,-,,247
2020-03-01,北海道,-,-,-,中型,-,,812
2020-03-01,青森県,-,-,-,中型,-,,201
2020-03-01,岩手県,-,-,-,中型,-,,195
2020-03-01,宮城県,-,-,-,中型,-,,308
2020-03-01,秋田県,-,-,-,中型,-,,146
2020-03-01,山形県,-,-,-,中型,-,,193
2020-03-01,福島県,-,-,-,中型,-,,252
2020-03-01,茨城県,-,-,-,中型,-,,377
2020-03-01,栃木県,-,-,-,中型,-,,254
2020-03-01,群馬県,-,-,-,中型,-,,212
2020-03-01,埼玉県,-,-,-,中型,-,,814
2020-03-01,千葉県,-,-,-,中型,-,,637
2020-03-01,東京都,-,-,-,中型,-,,1348
2020-03-01,神奈川県,-,-,-,中型,-,,955
2020-03-01,新潟県,-,-,-,中型,-,,297
2020-03-01,山梨県,-,-,-,中型,-,,112
2020-03-01,長野県,-,-,-,中型,-,,253
2020-03-01,富山県,-,-,-,中型,-,,131
2020-03-01,石川県,-,-,-,中型,-,,132
2020-03-01,福井県,-,-,-,中型,-,,120
2020-03-01,岐阜県,-,-,-,中型,-,,215
2020-03-01,静岡県,-,-,-,中型,-,,490
2020-03-01,愛知県,-,-,-,中型,-,,749
2020-03-01,三重県,-,-,-,中型,-,,245
2020-03-01,滋賀県,-,-,-,中型,-,,164
2020-03-01,京都府,-,-,-,中型,-,,329
2020-03-01,大阪府,-,-,-,中型,-,,1034
2020-03-01,兵庫県,-,-,-,中型,-,,726
2020-03-01,奈良県,-,-,-,中型,-,,147
2020-03-01,和歌山県,-,-,-,中型,-,,144
2020-03-01,鳥取県,-,-,-,中型,-,,80
2020-03-01,島根県,-,-,-,中型,-,,132
2020-03-01,岡山県,-,-,-,中型,-,,267
2020-03-01,広島県,-,-,-,中型,-,,416
2020-03-01,山口県,-,-,-,中型,-,,208
2020-03-01,徳島県,-,-,-,中型,-,,115
2020-03-01,香川県,-,-,-,中型,-,,164
2020-03-01,愛媛県,-,-,-,中型,-,,214
2020-03-01,高知県,-,-,-,中型,-,,116
2020-03-01,福岡県,-,-,-,中型,-,,550
2020-03-01,佐賀県,-,-,-,中型,-,,115
2020-03-01,長崎県,-,-,-,中型,-,,167
2020-03-01,熊本県,-,-,-,中型,-,,151
2020-03-01,大分県,-,-,-,中型,-,,157
2020-03-01,宮崎県,-,-,-,中型,-,,170
2020-03-01,鹿児島県,-,-,-,中型,-,,257
2020-03-01,沖縄県,-,-,-,中型,-,,247
2020-04-01,北海道,-,-,-,中型,-,,809
2020-04-01,青森県,-,-,-,中型,-,,199
2020-04-01,岩手県,-,-,-,中型,-,,195
2020-04-01,宮城県,-,-,-,中型,-,,305
2020-04-01,秋田県,-,-,-,中型,-,,147
2020-04-01,山形県,-,-,-,中型,-,,192
2020-04-01,福島県,-,-,-,中型,-,,253
2020-04-01,茨城県,-,-,-,中型,-,,377
2020-04-01,栃木県,-,-,-,中型,-,,255
2020-04-01,群馬県,-,-,-,中型,-,,212
2020-04-01,埼玉県,-,-,-,中型,-,,814
2020-04-01,千葉県,-,-,-,中型,-,,638
2020-04-01,東京都,-,-,-,中型,-,,1353
2020-04-01,神奈川県,-,-,-,中型,-,,958
2020-04-01,新潟県,-,-,-,中型,-,,299
2020-04-01,山梨県,-,-,-,中型,-,,113
2020-04-01,長野県,-,-,-,中型,-,,254
2020-04-01,富山県,-,-,-,中型,-,,133
2020-04-01,石川県,-,-,-,中型,-,,131
2020-04-01,福井県,-,-,-,中型,-,,120
2020-04-01,岐阜県,-,-,-,中型,-,,217
2020-04-01,静岡県,-,-,-,中型,-,,491
2020-04-01,愛知県,-,-,-,中型,-,,752
2020-04-01,三重県,-,-,-,中型,-,,247
2020-04-01,滋賀県,-,-,-,中型,-,,165
2020-04-01,京都府,-,-,-,中型,-,,327
2020-04-01,大阪府,-,-,-,中型,-,,1029
2020-04-01,兵庫県,-,-,-,中型,-,,723
2020-04-01,奈良県,-,-,-,中型,-,,146
2020-04-01,和歌山県,-,-,-,中型,-,,143
2020-04-01,鳥取県,-,-,-,中型,-,,80
2020-04-01,島根県,-,-,-,中型,-,,132
2020-04-01,岡山県,-,-,-,中型,-,,268
2020-04-01,広島県,-,-,-,中型,-,,417
2020-04-01,山口県,-,-,-,中型,-,,207
2020-04-01,徳島県,-,-,-,中型,-,,116
2020-04-01,香川県,-,-,-,中型,-,,165
2020-04-01,愛媛県,-,-,-,中型,-,,218
2020-04-01,高知県,-,-,-,中型,-,,117
2020-04-01,福岡県,-,-,-,中型,-,,550
2020-04-01,佐賀県,-,-,-,中型,-,,114
2020-04-01,長崎県,-,-,-,中型,-,,167
2020-04-01,熊本県,-,-,-,中型,-,,153
2020-04-01,大分県,-,-,-,中型,-,,155
2020-04-01,宮崎県,-,-,-,中型,-,,169
2020-04-01,鹿児島県,-,-,-,中型,-,,257
2020-04-01,沖縄県,-,-,-,中型,-,,247
2020-05-01,北海道,-,-,-,中型,-,,807
2020-05-01,青森県,-,-,-,中型,-,,197
2020-05-01,岩手県,-,-,-,中型,-,,196
2020-05-01,宮城県,-,-,-,中型,-,,303
2020-05-01,秋田県,-,-,-,中型,-,,148
2020-05-01,山形県,-,-,-,中型,-,,192
2020-05-01,福島県,-,-,-,中型,-,,253
2020-05-01,茨城県,-,-,-,中型,-,,376
2020-05-01,栃木県,-,-,-,中型,-,,255
2020-05-01,群馬県,-,-,-,中型,-,,212
2020-05-01,埼玉県,-,-,-,中型,-,,814
2020-05-01,千葉県,-,-,-,中型,-,,633
2020-05-01,東京都,-,-,-,中型,-,,1345
2020-05-01,神奈川県,-,-,-,中型,-,,955
2020-05-01,新潟県,-,-,-,中型,-,,301
2020-05-01,山梨県,-,-,-,中型,-,,113
2020-05-01,長野県,-,-,-,中型,-,,253
2020-05-01,富山県,-,-,-,中型,-,,133
2020-05-01,石川県,-,-,-,中型,-,,132
2020-05-01,福井県,-,-,-,中型,-,,120
2020-05-01,岐阜県,-,-,-,中型,-,,218
2020-05-01,静岡県,-,-,-,中型,-,,490
2020-05-01,愛知県,-,-,-,中型,-,,754
2020-05-01,三重県,-,-,-,中型,-,,248
2020-05-01,滋賀県,-,-,-,中型,-,,165
2020-05-01,京都府,-,-,-,中型,-,,325
2020-05-01,大阪府,-,-,-,中型,-,,1028
2020-05-01,兵庫県,-,-,-,中型,-,,721
2020-05-01,奈良県,-,-,-,中型,-,,146
2020-05-01,和歌山県,-,-,-,中型,-,,143
2020-05-01,鳥取県,-,-,-,中型,-,,80
2020-05-01,島根県,-,-,-,中型,-,,132
2020-05-01,岡山県,-,-,-,中型,-,,268
2020-05-01,広島県,-,-,-,中型,-,,418
2020-05-01,山口県,-,-,-,中型,-,,207
2020-05-01,徳島県,-,-,-,中型,-,,116
2020-05-01,香川県,-,-,-,中型,-,,166
2020-05-01,愛媛県,-,-,-,中型,-,,218
2020-05-01,高知県,-,-,-,中型,-,,117
2020-05-01,福岡県,-,-,-,中型,-,,553
2020-05-01,佐賀県,-,-,-,中型,-,,114
2020-05-01,長崎県,-,-,-,中型,-,,168
2020-05-01,熊本県,-,-,-,中型,-,,153
2020-05-01,大分県,-,-,-,中型,-,,155
2020-05-01,宮崎県,-,-,-,中型,-,,169
2020-05-01,鹿児島県,-,-,-,中型,-,,257
2020-05-01,沖縄県,-,-,-,中型,-,,248
2020-06-01,北海道,-,-,-,中型,-,,806
2020-06-01,青森県,-,-,-,中型,-,,195
2020-06-01,岩手県,-,-,-,中型,-,,196
2020-06-01,宮城県,-,-,-,中型,-,,303
2020-06-01,秋田県,-,-,-,中型,-,,149
2020-06-01,山形県,-,-,-,中型,-,,193
2020-06-01,福島県,-,-,-,中型,-,,253
2020-06-01,茨城県,-,-,-,中型,-,,377
2020-06-01,栃木県,-,-,-,中型,-,,256
2020-06-01,群馬県,-,-,-,中型,-,,211
2020-06-01,埼玉県,-,-,-,中型,-,,815
2020-06-01,千葉県,-,-,-,中型,-,,639
2020-06-01,東京都,-,-,-,中型,-,,1359
2020-06-01,神奈川県,-,-,-,中型,-,,959
2020-06-01,新潟県,-,-,-,中型,-,,303
2020-06-01,山梨県,-,-,-,中型,-,,112
2020-06-01,長野県,-,-,-,中型,-,,254
2020-06-01,富山県,-,-,-,中型,-,,134
2020-06-01,石川県,-,-,-,中型,-,,132
2020-06-01,福井県,-,-,-,中型,-,,120
2020-06-01,岐阜県,-,-,-,中型,-,,219
2020-06-01,静岡県,-,-,-,中型,-,,493
2020-06-01,愛知県,-,-,-,中型,-,,753
2020-06-01,三重県,-,-,-,中型,-,,248
2020-06-01,滋賀県,-,-,-,中型,-,,165
2020-06-01,京都府,-,-,-,中型,-,,325
2020-06-01,大阪府,-,-,-,中型,-,,1028
2020-06-01,兵庫県,-,-,-,中型,-,,721
2020-06-01,奈良県,-,-,-,中型,-,,146
2020-06-01,和歌山県,-,-,-,中型,-,,143
2020-06-01,鳥取県,-,-,-,中型,-,,80
2020-06-01,島根県,-,-,-,中型,-,,132
2020-06-01,岡山県,-,-,-,中型,-,,268
2020-06-01,広島県,-,-,-,中型,-,,418
2020-06-01,山口県,-,-,-,中型,-,,207
2020-06-01,徳島県,-,-,-,中型,-,,116
2020-06-01,香川県,-,-,-,中型,-,,164
2020-06-01,愛媛県,-,-,-,中型,-,,219
2020-06-01,高知県,-,-,-,中型,-,,117
2020-06-01,福岡県,-,-,-,中型,-,,545
2020-06-01,佐賀県,-,-,-,中型,-,,114
2020-06-01,長崎県,-,-,-,中型,-,,170
2020-06-01,熊本県,-,-,-,中型,-,,153
2020-06-01,大分県,-,-,-,中型,-,,155
2020-06-01,宮崎県,-,-,-,中型,-,,169
2020-06-01,鹿児島県,-,-,-,中型,-,,258
2020-06-01,沖縄県,-,-,-,中型,-,,249
2020-07-01,北海道,-,-,-,中型,-,,804
2020-07-01,青森県,-,-,-,中型,-,,196
2020-07-01,岩手県,-,-,-,中型,-,,194
2020-07-01,宮城県,-,-,-,中型,-,,303
2020-07-01,秋田県,-,-,-,中型,-,,149
2020-07-01,山形県,-,-,-,中型,-,,193
2020-07-01,福島県,-,-,-,中型,-,,253
2020-07-01,茨城県,-,-,-,中型,-,,377
2020-07-01,栃木県,-,-,-,中型,-,,256
2020-07-01,群馬県,-,-,-,中型,-,,210
2020-07-01,埼玉県,-,-,-,中型,-,,817
2020-07-01,千葉県,-,-,-,中型,-,,642
2020-07-01,東京都,-,-,-,中型,-,,1360
2020-07-01,神奈川県,-,-,-,中型,-,,959
2020-07-01,新潟県,-,-,-,中型,-,,302
2020-07-01,山梨県,-,-,-,中型,-,,112
2020-07-01,長野県,-,-,-,中型,-,,256
2020-07-01,富山県,-,-,-,中型,-,,135
2020-07-01,石川県,-,-,-,中型,-,,130
2020-07-01,福井県,-,-,-,中型,-,,119
2020-07-01,岐阜県,-,-,-,中型,-,,218
2020-07-01,静岡県,-,-,-,中型,-,,491
2020-07-01,愛知県,-,-,-,中型,-,,754
2020-07-01,三重県,-,-,-,中型,-,,248
2020-07-01,滋賀県,-,-,-,中型,-,,164
2020-07-01,京都府,-,-,-,中型,-,,325
2020-07-01,大阪府,-,-,-,中型,-,,1026
2020-07-01,兵庫県,-,-,-,中型,-,,723
2020-07-01,奈良県,-,-,-,中型,-,,146
2020-07-01,和歌山県,-,-,-,中型,-,,142
2020-07-01,鳥取県,-,-,-,中型,-,,80
2020-07-01,島根県,-,-,-,中型,-,,133
2020-07-01,岡山県,-,-,-,中型,-,,267
2020-07-01,広島県,-,-,-,中型,-,,421
2020-07-01,山口県,-,-,-,中型,-,,208
2020-07-01,徳島県,-,-,-,中型,-,,116
2020-07-01,香川県,-,-,-,中型,-,,165
2020-07-01,愛媛県,-,-,-,中型,-,,219
2020-07-01,高知県,-,-,-,中型,-,,117
2020-07-01,福岡県,-,-,-,中型,-,,546
2020-07-01,佐賀県,-,-,-,中型,-,,113
2020-07-01,長崎県,-,-,-,中型,-,,170
2020-07-01,熊本県,-,-,-,中型,-,,155
2020-07-01,大分県,-,-,-,中型,-,,155
2020-07-01,宮崎県,-,-,-,中型,-,,168
2020-07-01,鹿児島県,-,-,-,中型,-,,258
2020-07-01,沖縄県,-,-,-,中型,-,,248
2020-08-01,北海道,-,-,-,中型,-,,802
2020-08-01,青森県,-,-,-,中型,-,,196
2020-08-01,岩手県,-,-,-,中型,-,,193
2020-08-01,宮城県,-,-,-,中型,-,,300
2020-08-01,秋田県,-,-,-,中型,-,,148
2020-08-01,山形県,-,-,-,中型,-,,193
2020-08-01,福島県,-,-,-,中型,-,,253
2020-08-01,茨城県,-,-,-,中型,-,,377
2020-08-01,栃木県,-,-,-,中型,-,,257
2020-08-01,群馬県,-,-,-,中型,-,,210
2020-08-01,埼玉県,-,-,-,中型,-,,814
2020-08-01,千葉県,-,-,-,中型,-,,642
2020-08-01,東京都,-,-,-,中型,-,,1362
2020-08-01,神奈川県,-,-,-,中型,-,,960
2020-08-01,新潟県,-,-,-,中型,-,,302
2020-08-01,山梨県,-,-,-,中型,-,,111
2020-08-01,長野県,-,-,-,中型,-,,259
2020-08-01,富山県,-,-,-,中型,-,,135
2020-08-01,石川県,-,-,-,中型,-,,129
2020-08-01,福井県,-,-,-,中型,-,,119
2020-08-01,岐阜県,-,-,-,中型,-,,216
2020-08-01,静岡県,-,-,-,中型,-,,493
2020-08-01,愛知県,-,-,-,中型,-,,753
2020-08-01,三重県,-,-,-,中型,-,,249
2020-08-01,滋賀県,-,-,-,中型,-,,164
2020-08-01,京都府,-,-,-,中型,-,,325
2020-08-01,大阪府,-,-,-,中型,-,,1028
2020-08-01,兵庫県,-,-,-,中型,-,,720
2020-08-01,奈良県,-,-,-,中型,-,,146
2020-08-01,和歌山県,-,-,-,中型,-,,138
2020-08-01,鳥取県,-,-,-,中型,-,,84
2020-08-01,島根県,-,-,-,中型,-,,141
2020-08-01,岡山県,-,-,-,中型,-,,266
2020-08-01,広島県,-,-,-,中型,-,,421
2020-08-01,山口県,-,-,-,中型,-,,208
2020-08-01,徳島県,-,-,-,中型,-,,116
2020-08-01,香川県,-,-,-,中型,-,,163
2020-08-01,愛媛県,-,-,-,中型,-,,218
2020-08-01,高知県,-,-,-,中型,-,,116
2020-08-01,福岡県,-,-,-,中型,-,,547
2020-08-01,佐賀県,-,-,-,中型,-,,114
2020-08-01,長崎県,-,-,-,中型,-,,169
2020-08-01,熊本県,-,-,-,中型,-,,155
2020-08-01,大分県,-,-,-,中型,-,,155
2020-08-01,宮崎県,-,-,-,中型,-,,166
2020-08-01,鹿児島県,-,-,-,中型,-,,257
2020-08-01,沖縄県,-,-,-,中型,-,,249
2020-09-01,北海道,-,-,-,中型,-,,799
2020-09-01,青森県,-,-,-,中型,-,,195
2020-09-01,岩手県,-,-,-,中型,-,,192
2020-09-01,宮城県,-,-,-,中型,-,,298
2020-09-01,秋田県,-,-,-,中型,-,,148
2020-09-01,山形県,-,-,-,中型,-,,192
2020-09-01,福島県,-,-,-,中型,-,,253
2020-09-01,茨城県,-,-,-,中型,-,,380
2020-09-01,栃木県,-,-,-,中型,-,,258
2020-09-01,群馬県,-,-,-,中型,-,,209
2020-09-01,埼玉県,-,-,-,中型,-,,813
2020-09-01,千葉県,-,-,-,中型,-,,640
2020-09-01,東京都,-,-,-,中型,-,,1362
2020-09-01,神奈川県,-,-,-,中型,-,,962
2020-09-01,新潟県,-,-,-,中型,-,,302
2020-09-01,山梨県,-,-,-,中型,-,,110
2020-09-01,長野県,-,-,-,中型,-,,258
2020-09-01,富山県,-,-,-,中型,-,,134
2020-09-01,石川県,-,-,-,中型,-,,129
2020-09-01,福井県,-,-,-,中型,-,,119
2020-09-01,岐阜県,-,-,-,中型,-,,216
2020-09-01,静岡県,-,-,-,中型,-,,492
2020-09-01,愛知県,-,-,-,中型,-,,752
2020-09-01,三重県,-,-,-,中型,-,,248
2020-09-01,滋賀県,-,-,-,中型,-,,165
2020-09-01,京都府,-,-,-,中型,-,,327
2020-09-01,大阪府,-,-,-,中型,-,,1023
2020-09-01,兵庫県,-,-,-,中型,-,,725
2020-09-01,奈良県,-,-,-,中型,-,,147
2020-09-01,和歌山県,-,-,-,中型,-,,138
2020-09-01,鳥取県,-,-,-,中型,-,,85
2020-09-01,島根県,-,-,-,中型,-,,142
2020-09-01,岡山県,-,-,-,中型,-,,266
2020-09-01,広島県,-,-,-,中型,-,,425
2020-09-01,山口県,-,-,-,中型,-,,207
2020-09-01,徳島県,-,-,-,中型,-,,116
2020-09-01,香川県,-,-,-,中型,-,,162
2020-09-01,愛媛県,-,-,-,中型,-,,218
2020-09-01,高知県,-,-,-,中型,-,,116
2020-09-01,福岡県,-,-,-,中型,-,,554
2020-09-01,佐賀県,-,-,-,中型,-,,114
2020-09-01,長崎県,-,-,-,中型,-,,169
2020-09-01,熊本県,-,-,-,中型,-,,154
2020-09-01,大分県,-,-,-,中型,-,,155
2020-09-01,宮崎県,-,-,-,中型,-,,167
2020-09-01,鹿児島県,-,-,-,中型,-,,257
2020-09-01,沖縄県,-,-,-,中型,-,,248
2020-10-01,北海道,-,-,-,中型,-,,798
2020-10-01,青森県,-,-,-,中型,-,,196
2020-10-01,岩手県,-,-,-,中型,-,,195
2020-10-01,宮城県,-,-,-,中型,-,,299
2020-10-01,秋田県,-,-,-,中型,-,,148
2020-10-01,山形県,-,-,-,中型,-,,192
2020-10-01,福島県,-,-,-,中型,-,,253
2020-10-01,茨城県,-,-,-,中型,-,,380
2020-10-01,栃木県,-,-,-,中型,-,,260
2020-10-01,群馬県,-,-,-,中型,-,,211
2020-10-01,埼玉県,-,-,-,中型,-,,814
2020-10-01,千葉県,-,-,-,中型,-,,640
2020-10-01,東京都,-,-,-,中型,-,,1362
2020-10-01,神奈川県,-,-,-,中型,-,,963
2020-10-01,新潟県,-,-,-,中型,-,,302
2020-10-01,山梨県,-,-,-,中型,-,,110
2020-10-01,長野県,-,-,-,中型,-,,257
2020-10-01,富山県,-,-,-,中型,-,,134
2020-10-01,石川県,-,-,-,中型,-,,129
2020-10-01,福井県,-,-,-,中型,-,,118
2020-10-01,岐阜県,-,-,-,中型,-,,217
2020-10-01,静岡県,-,-,-,中型,-,,492
2020-10-01,愛知県,-,-,-,中型,-,,755
2020-10-01,三重県,-,-,-,中型,-,,248
2020-10-01,滋賀県,-,-,-,中型,-,,164
2020-10-01,京都府,-,-,-,中型,-,,328
2020-10-01,大阪府,-,-,-,中型,-,,1024
2020-10-01,兵庫県,-,-,-,中型,-,,727
2020-10-01,奈良県,-,-,-,中型,-,,146
2020-10-01,和歌山県,-,-,-,中型,-,,138
2020-10-01,鳥取県,-,-,-,中型,-,,84
2020-10-01,島根県,-,-,-,中型,-,,142
2020-10-01,岡山県,-,-,-,中型,-,,267
2020-10-01,広島県,-,-,-,中型,-,,426
2020-10-01,山口県,-,-,-,中型,-,,209
2020-10-01,徳島県,-,-,-,中型,-,,116
2020-10-01,香川県,-,-,-,中型,-,,162
2020-10-01,愛媛県,-,-,-,中型,-,,218
2020-10-01,高知県,-,-,-,中型,-,,116
2020-10-01,福岡県,-,-,-,中型,-,,554
2020-10-01,佐賀県,-,-,-,中型,-,,115
2020-10-01,長崎県,-,-,-,中型,-,,170
2020-10-01,熊本県,-,-,-,中型,-,,156
2020-10-01,大分県,-,-,-,中型,-,,155
2020-10-01,宮崎県,-,-,-,中型,-,,168
2020-10-01,鹿児島県,-,-,-,中型,-,,257
2020-10-01,沖縄県,-,-,-,中型,-,,248
2020-11-01,北海道,-,-,-,中型,-,,799
2020-11-01,青森県,-,-,-,中型,-,,196
2020-11-01,岩手県,-,-,-,中型,-,,193
2020-11-01,宮城県,-,-,-,中型,-,,299
2020-11-01,秋田県,-,-,-,中型,-,,148
2020-11-01,山形県,-,-,-,中型,-,,192
2020-11-01,福島県,-,-,-,中型,-,,254
2020-11-01,茨城県,-,-,-,中型,-,,380
2020-11-01,栃木県,-,-,-,中型,-,,260
2020-11-01,群馬県,-,-,-,中型,-,,210
2020-11-01,埼玉県,-,-,-,中型,-,,816
2020-11-01,千葉県,-,-,-,中型,-,,640
2020-11-01,東京都,-,-,-,中型,-,,1365
2020-11-01,神奈川県,-,-,-,中型,-,,965
2020-11-01,新潟県,-,-,-,中型,-,,306
2020-11-01,山梨県,-,-,-,中型,-,,110
2020-11-01,長野県,-,-,-,中型,-,,259
2020-11-01,富山県,-,-,-,中型,-,,134
2020-11-01,石川県,-,-,-,中型,-,,128
2020-11-01,福井県,-,-,-,中型,-,,120
2020-11-01,岐阜県,-,-,-,中型,-,,217
2020-11-01,静岡県,-,-,-,中型,-,,492
2020-11-01,愛知県,-,-,-,中型,-,,760
2020-11-01,三重県,-,-,-,中型,-,,249
2020-11-01,滋賀県,-,-,-,中型,-,,166
2020-11-01,京都府,-,-,-,中型,-,,331
2020-11-01,大阪府,-,-,-,中型,-,,1030
2020-11-01,兵庫県,-,-,-,中型,-,,728
2020-11-01,奈良県,-,-,-,中型,-,,146
2020-11-01,和歌山県,-,-,-,中型,-,,137
2020-11-01,鳥取県,-,-,-,中型,-,,84
2020-11-01,島根県,-,-,-,中型,-,,142
2020-11-01,岡山県,-,-,-,中型,-,,268
2020-11-01,広島県,-,-,-,中型,-,,426
2020-11-01,山口県,-,-,-,中型,-,,209
2020-11-01,徳島県,-,-,-,中型,-,,116
2020-11-01,香川県,-,-,-,中型,-,,162
2020-11-01,愛媛県,-,-,-,中型,-,,217
2020-11-01,高知県,-,-,-,中型,-,,115
2020-11-01,福岡県,-,-,-,中型,-,,558
2020-11-01,佐賀県,-,-,-,中型,-,,115
2020-11-01,長崎県,-,-,-,中型,-,,170
2020-11-01,熊本県,-,-,-,中型,-,,156
2020-11-01,大分県,-,-,-,中型,-,,155
2020-11-01,宮崎県,-,-,-,中型,-,,170
2020-11-01,鹿児島県,-,-,-,中型,-,,257
2020-11-01,沖縄県,-,-,-,中型,-,,249
2020-12-01,北海道,-,-,-,中型,-,,796
2020-12-01,青森県,-,-,-,中型,-,,194
2020-12-01,岩手県,-,-,-,中型,-,,194
2020-12-01,宮城県,-,-,-,中型,-,,298
2020-12-01,秋田県,-,-,-,中型,-,,148
2020-12-01,山形県,-,-,-,中型,-,,192
2020-12-01,福島県,-,-,-,中型,-,,252
2020-12-01,茨城県,-,-,-,中型,-,,381
2020-12-01,栃木県,-,-,-,中型,-,,260
2020-12-01,群馬県,-,-,-,中型,-,,218
2020-12-01,埼玉県,-,-,-,中型,-,,820
2020-12-01,千葉県,-,-,-,中型,-,,643
2020-12-01,東京都,-,-,-,中型,-,,1373
2020-12-01,神奈川県,-,-,-,中型,-,,964
2020-12-01,新潟県,-,-,-,中型,-,,306
2020-12-01,山梨県,-,-,-,中型,-,,110
2020-12-01,長野県,-,-,-,中型,-,,267
2020-12-01,富山県,-,-,-,中型,-,,134
2020-12-01,石川県,-,-,-,中型,-,,128
2020-12-01,福井県,-,-,-,中型,-,,120
2020-12-01,岐阜県,-,-,-,中型,-,,218
2020-12-01,静岡県,-,-,-,中型,-,,492
2020-12-01,愛知県,-,-,-,中型,-,,761
2020-12-01,三重県,-,-,-,中型,-,,247
2020-12-01,滋賀県,-,-,-,中型,-,,165
2020-12-01,京都府,-,-,-,中型,-,,332
2020-12-01,大阪府,-,-,-,中型,-,,1031
2020-12-01,兵庫県,-,-,-,中型,-,,726
2020-12-01,奈良県,-,-,-,中型,-,,147
2020-12-01,和歌山県,-,-,-,中型,-,,136
2020-12-01,鳥取県,-,-,-,中型,-,,84
2020-12-01,島根県,-,-,-,中型,-,,142
2020-12-01,岡山県,-,-,-,中型,-,,267
2020-12-01,広島県,-,-,-,中型,-,,426
2020-12-01,山口県,-,-,-,中型,-,,209
2020-12-01,徳島県,-,-,-,中型,-,,116
2020-12-01,香川県,-,-,-,中型,-,,162
2020-12-01,愛媛県,-,-,-,中型,-,,217
2020-12-01,高知県,-,-,-,中型,-,,114
2020-12-01,福岡県,-,-,-,中型,-,,561
2020-12-01,佐賀県,-,-,-,中型,-,,115
2020-12-01,長崎県,-,-,-,中型,-,,172
2020-12-01,熊本県,-,-,-,中型,-,,158
2020-12-01,大分県,-,-,-,中型,-,,155
2020-12-01,宮崎県,-,-,-,中型,-,,170
2020-12-01,鹿児島県,-,-,-,中型,-,,257
2020-12-01,沖縄県,-,-,-,中型,-,,249
2021-01-01,北海道,-,-,-,中型,-,,796
2021-01-01,青森県,-,-,-,中型,-,,194
2021-01-01,岩手県,-,-,-,中型,-,,193
2021-01-01,宮城県,-,-,-,中型,-,,298
2021-01-01,秋田県,-,-,-,中型,-,,148
2021-01-01,山形県,-,-,-,中型,-,,192
2021-01-01,福島県,-,-,-,中型,-,,250
2021-01-01,茨城県,-,-,-,中型,-,,381
2021-01-01,栃木県,-,-,-,中型,-,,260
2021-01-01,群馬県,-,-,-,中型,-,,217
2021-01-01,埼玉県,-,-,-,中型,-,,822
2021-01-01,千葉県,-,-,-,中型,-,,644
2021-01-01,東京都,-,-,-,中型,-,,1370
2021-01-01,神奈川県,-,-,-,中型,-,,963
2021-01-01,新潟県,-,-,-,中型,-,,307
2021-01-01,山梨県,-,-,-,中型,-,,109
2021-01-01,長野県,-,-,-,中型,-,,267
2021-01-01,富山県,-,-,-,中型,-,,135
2021-01-01,石川県,-,-,-,中型,-,,127
2021-01-01,福井県,-,-,-,中型,-,,119
2021-01-01,岐阜県,-,-,-,中型,-,,218
2021-01-01,静岡県,-,-,-,中型,-,,492
2021-01-01,愛知県,-,-,-,中型,-,,757
2021-01-01,三重県,-,-,-,中型,-,,245
2021-01-01,滋賀県,-,-,-,中型,-,,165
2021-01-01,京都府,-,-,-,中型,-,,334
2021-01-01,大阪府,-,-,-,中型,-,,1032
2021-01-01,兵庫県,-,-,-,中型,-,,724
2021-01-01,奈良県,-,-,-,中型,-,,147
2021-01-01,和歌山県,-,-,-,中型,-,,134
2021-01-01,鳥取県,-,-,-,中型,-,,82
2021-01-01,島根県,-,-,-,中型,-,,142
2021-01-01,岡山県,-,-,-,中型,-,,267
2021-01-01,広島県,-,-,-,中型,-,,428
2021-01-01,山口県,-,-,-,中型,-,,210
2021-01-01,徳島県,-,-,-,中型,-,,115
2021-01-01,香川県,-,-,-,中型,-,,162
2021-01-01,愛媛県,-,-,-,中型,-,,217
2021-01-01,高知県,-,-,-,中型,-,,114
2021-01-01,福岡県,-,-,-,中型,-,,560
2021-01-01,佐賀県,-,-,-,中型,-,,115
2021-01-01,長崎県,-,-,-,中型,-,,172
2021-01-01,熊本県,-,-,-,中型,-,,158
2021-01-01,大分県,-,-,-,中型,-,,154
2021-01-01,宮崎県,-,-,-,中型,-,,170
2021-01-01,鹿児島県,-,-,-,中型,-,,257
2021-01-01,沖縄県,-,-,-,中型,-,,251
2021-02-01,北海道,-,-,-,中型,-,,796
2021-02-01,青森県,-,-,-,中型,-,,194
2021-02-01,岩手県,-,-,-,中型,-,,193
2021-02-01,宮城県,-,-,-,中型,-,,301
2021-02-01,秋田県,-,-,-,中型,-,,148
2021-02-01,山形県,-,-,-,中型,-,,193
2021-02-01,福島県,-,-,-,中型,-,,252
2021-02-01,茨城県,-,-,-,中型,-,,383
2021-02-01,栃木県,-,-,-,中型,-,,260
2021-02-01,群馬県,-,-,-,中型,-,,216
2021-02-01,埼玉県,-,-,-,中型,-,,823
2021-02-01,千葉県,-,-,-,中型,-,,643
2021-02-01,東京都,-,-,-,中型,-,,1374
2021-02-01,神奈川県,-,-,-,中型,-,,963
2021-02-01,新潟県,-,-,-,中型,-,,307
2021-02-01,山梨県,-,-,-,中型,-,,111
2021-02-01,長野県,-,-,-,中型,-,,267
2021-02-01,富山県,-,-,-,中型,-,,135
2021-02-01,石川県,-,-,-,中型,-,,127
2021-02-01,福井県,-,-,-,中型,-,,119
2021-02-01,岐阜県,-,-,-,中型,-,,218
2021-02-01,静岡県,-,-,-,中型,-,,492
2021-02-01,愛知県,-,-,-,中型,-,,754
2021-02-01,三重県,-,-,-,中型,-,,245
2021-02-01,滋賀県,-,-,-,中型,-,,164
2021-02-01,京都府,-,-,-,中型,-,,334
2021-02-01,大阪府,-,-,-,中型,-,,1034
2021-02-01,兵庫県,-,-,-,中型,-,,723
2021-02-01,奈良県,-,-,-,中型,-,,146
2021-02-01,和歌山県,-,-,-,中型,-,,133
2021-02-01,鳥取県,-,-,-,中型,-,,82
2021-02-01,島根県,-,-,-,中型,-,,142
2021-02-01,岡山県,-,-,-,中型,-,,267
2021-02-01,広島県,-,-,-,中型,-,,428
2021-02-01,山口県,-,-,-,中型,-,,210
2021-02-01,徳島県,-,-,-,中型,-,,115
2021-02-01,香川県,-,-,-,中型,-,,162
2021-02-01,愛媛県,-,-,-,中型,-,,217
2021-02-01,高知県,-,-,-,中型,-,,113
2021-02-01,福岡県,-,-,-,中型,-,,562
2021-02-01,佐賀県,-,-,-,中型,-,,115
2021-02-01,長崎県,-,-,-,中型,-,,170
2021-02-01,熊本県,-,-,-,中型,-,,158
2021-02-01,大分県,-,-,-,中型,-,,155
2021-02-01,宮崎県,-,-,-,中型,-,,171
2021-02-01,鹿児島県,-,-,-,中型,-,,257
2021-02-01,沖縄県,-,-,-,中型,-,,251
2021-03-01,北海道,-,-,-,中型,-,,797
2021-03-01,青森県,-,-,-,中型,-,,195
2021-03-01,岩手県,-,-,-,中型,-,,193
2021-03-01,宮城県,-,-,-,中型,-,,303
2021-03-01,秋田県,-,-,-,中型,-,,148
2021-03-01,山形県,-,-,-,中型,-,,193
2021-03-01,福島県,-,-,-,中型,-,,256
2021-03-01,茨城県,-,-,-,中型,-,,385
2021-03-01,栃木県,-,-,-,中型,-,,260
2021-03-01,群馬県,-,-,-,中型,-,,218
2021-03-01,埼玉県,-,-,-,中型,-,,823
2021-03-01,千葉県,-,-,-,中型,-,,647
2021-03-01,東京都,-,-,-,中型,-,,1378
2021-03-01,神奈川県,-,-,-,中型,-,,963
2021-03-01,新潟県,-,-,-,中型,-,,310
2021-03-01,山梨県,-,-,-,中型,-,,110
2021-03-01,長野県,-,-,-,中型,-,,267
2021-03-01,富山県,-,-,-,中型,-,,135
2021-03-01,石川県,-,-,-,中型,-,,126
2021-03-01,福井県,-,-,-,中型,-,,118
2021-03-01,岐阜県,-,-,-,中型,-,,218
2021-03-01,静岡県,-,-,-,中型,-,,489
2021-03-01,愛知県,-,-,-,中型,-,,754
2021-03-01,三重県,-,-,-,中型,-,,244
2021-03-01,滋賀県,-,-,-,中型,-,,164
2021-03-01,京都府,-,-,-,中型,-,,335
2021-03-01,大阪府,-,-,-,中型,-,,1036
2021-03-01,兵庫県,-,-,-,中型,-,,724
2021-03-01,奈良県,-,-,-,中型,-,,146
2021-03-01,和歌山県,-,-,-,中型,-,,134
2021-03-01,鳥取県,-,-,-,中型,-,,82
2021-03-01,島根県,-,-,-,中型,-,,143
2021-03-01,岡山県,-,-,-,中型,-,,266
2021-03-01,広島県,-,-,-,中型,-,,426
2021-03-01,山口県,-,-,-,中型,-,,210
2021-03-01,徳島県,-,-,-,中型,-,,116
2021-03-01,香川県,-,-,-,中型,-,,162
2021-03-01,愛媛県,-,-,-,中型,-,,217
2021-03-01,高知県,-,-,-,中型,-,,113
2021-03-01,福岡県,-,-,-,中型,-,,558
2021-03-01,佐賀県,-,-,-,中型,-,,115
2021-03-01,長崎県,-,-,-,中型,-,,170
2021-03-01,熊本県,-,-,-,中型,-,,161
2021-03-01,大分県,-,-,-,中型,-,,155
2021-03-01,宮崎県,-,-,-,中型,-,,171
2021-03-01,鹿児島県,-,-,-,中型,-,,257
2021-03-01,沖縄県,-,-,-,中型,-,,251
2021-04-01,北海道,-,-,-,中型,-,,797
2021-04-01,青森県,-,-,-,中型,-,,195
2021-04-01,岩手県,-,-,-,中型,-,,191
2021-04-01,宮城県,-,-,-,中型,-,,303
2021-04-01,秋田県,-,-,-,中型,-,,149
2021-04-01,山形県,-,-,-,中型,-,,192
2021-04-01,福島県,-,-,-,中型,-,,257
2021-04-01,茨城県,-,-,-,中型,-,,385
2021-04-01,栃木県,-,-,-,中型,-,,261
2021-04-01,群馬県,-,-,-,中型,-,,220
2021-04-01,埼玉県,-,-,-,中型,-,,827
2021-04-01,千葉県,-,-,-,中型,-,,647
2021-04-01,東京都,-,-,-,中型,-,,1381
2021-04-01,神奈川県,-,-,-,中型,-,,964
2021-04-01,新潟県,-,-,-,中型,-,,311
2021-04-01,山梨県,-,-,-,中型,-,,110
2021-04-01,長野県,-,-,-,中型,-,,267
2021-04-01,富山県,-,-,-,中型,-,,134
2021-04-01,石川県,-,-,-,中型,-,,127
2021-04-01,福井県,-,-,-,中型,-,,118
2021-04-01,岐阜県,-,-,-,中型,-,,218
2021-04-01,静岡県,-,-,-,中型,-,,490
2021-04-01,愛知県,-,-,-,中型,-,,759
2021-04-01,三重県,-,-,-,中型,-,,243
2021-04-01,滋賀県,-,-,-,中型,-,,164
2021-04-01,京都府,-,-,-,中型,-,,335
2021-04-01,大阪府,-,-,-,中型,-,,1041
2021-04-01,兵庫県,-,-,-,中型,-,,727
2021-04-01,奈良県,-,-,-,中型,-,,146
2021-04-01,和歌山県,-,-,-,中型,-,,133
2021-04-01,鳥取県,-,-,-,中型,-,,82
2021-04-01,島根県,-,-,-,中型,-,,142
2021-04-01,岡山県,-,-,-,中型,-,,266
2021-04-01,広島県,-,-,-,中型,-,,427
2021-04-01,山口県,-,-,-,中型,-,,210
2021-04-01,徳島県,-,-,-,中型,-,,118
2021-04-01,香川県,-,-,-,中型,-,,162
2021-04-01,愛媛県,-,-,-,中型,-,,217
2021-04-01,高知県,-,-,-,中型,-,,113
2021-04-01,福岡県,-,-,-,中型,-,,562
2021-04-01,佐賀県,-,-,-,中型,-,,115
2021-04-01,長崎県,-,-,-,中型,-,,170
2021-04-01,熊本県,-,-,-,中型,-,,162
2021-04-01,大分県,-,-,-,中型,-,,157
2021-04-01,宮崎県,-,-,-,中型,-,,171
2021-04-01,鹿児島県,-,-,-,中型,-,,257
2021-04-01,沖縄県,-,-,-,中型,-,,252
2021-05-01,北海道,-,-,-,中型,-,,799
2021-05-01,青森県,-,-,-,中型,-,,196
2021-05-01,岩手県,-,-,-,中型,-,,193
2021-05-01,宮城県,-,-,-,中型,-,,304
2021-05-01,秋田県,-,-,-,中型,-,,150
2021-05-01,山形県,-,-,-,中型,-,,192
2021-05-01,福島県,-,-,-,中型,-,,258
2021-05-01,茨城県,-,-,-,中型,-,,386
2021-05-01,栃木県,-,-,-,中型,-,,262
2021-05-01,群馬県,-,-,-,中型,-,,220
2021-05-01,埼玉県,-,-,-,中型,-,,829
2021-05-01,千葉県,-,-,-,中型,-,,647
2021-05-01,東京都,-,-,-,中型,-,,1381
2021-05-01,神奈川県,-,-,-,中型,-,,967
2021-05-01,新潟県,-,-,-,中型,-,,313
2021-05-01,山梨県,-,-,-,中型,-,,111
2021-05-01,長野県,-,-,-,中型,-,,267
2021-05-01,富山県,-,-,-,中型,-,,134
2021-05-01,石川県,-,-,-,中型,-,,127
2021-05-01,福井県,-,-,-,中型,-,,119
2021-05-01,岐阜県,-,-,-,中型,-,,218
2021-05-01,静岡県,-,-,-,中型,-,,489
2021-05-01,愛知県,-,-,-,中型,-,,760
2021-05-01,三重県,-,-,-,中型,-,,242
2021-05-01,滋賀県,-,-,-,中型,-,,164
2021-05-01,京都府,-,-,-,中型,-,,336
2021-05-01,大阪府,-,-,-,中型,-,,1040
2021-05-01,兵庫県,-,-,-,中型,-,,729
2021-05-01,奈良県,-,-,-,中型,-,,148
2021-05-01,和歌山県,-,-,-,中型,-,,134
2021-05-01,鳥取県,-,-,-,中型,-,,82
2021-05-01,島根県,-,-,-,中型,-,,141
2021-05-01,岡山県,-,-,-,中型,-,,268
2021-05-01,広島県,-,-,-,中型,-,,430
2021-05-01,山口県,-,-,-,中型,-,,210
2021-05-01,徳島県,-,-,-,中型,-,,118
2021-05-01,香川県,-,-,-,中型,-,,162
2021-05-01,愛媛県,-,-,-,中型,-,,217
2021-05-01,高知県,-,-,-,中型,-,,113
2021-05-01,福岡県,-,-,-,中型,-,,562
2021-05-01,佐賀県,-,-,-,中型,-,,115
2021-05-01,長崎県,-,-,-,中型,-,,172
2021-05-01,熊本県,-,-,-,中型,-,,164
2021-05-01,大分県,-,-,-,中型,-,,155
2021-05-01,宮崎県,-,-,-,中型,-,,171
2021-05-01,鹿児島県,-,-,-,中型,-,,257
2021-05-01,沖縄県,-,-,-,中型,-,,253
2021-06-01,北海道,-,-,-,中型,-,,798
2021-06-01,青森県,-,-,-,中型,-,,195
2021-06-01,岩手県,-,-,-,中型,-,,193
2021-06-01,宮城県,-,-,-,中型,-,,304
2021-06-01,秋田県,-,-,-,中型,-,,151
2021-06-01,山形県,-,-,-,中型,-,,192
2021-06-01,福島県,-,-,-,中型,-,,261
2021-06-01,茨城県,-,-,-,中型,-,,385
2021-06-01,栃木県,-,-,-,中型,-,,262
2021-06-01,群馬県,-,-,-,中型,-,,222
2021-06-01,埼玉県,-,-,-,中型,-,,831
2021-06-01,千葉県,-,-,-,中型,-,,649
2021-06-01,東京都,-,-,-,中型,-,,1385
2021-06-01,神奈川県,-,-,-,中型,-,,971
2021-06-01,新潟県,-,-,-,中型,-,,314
2021-06-01,山梨県,-,-,-,中型,-,,112
2021-06-01,長野県,-,-,-,中型,-,,268
2021-06-01,富山県,-,-,-,中型,-,,134
2021-06-01,石川県,-,-,-,中型,-,,127
2021-06-01,福井県,-,-,-,中型,-,,118
2021-06-01,岐阜県,-,-,-,中型,-,,218
2021-06-01,静岡県,-,-,-,中型,-,,489
2021-06-01,愛知県,-,-,-,中型,-,,758
2021-06-01,三重県,-,-,-,中型,-,,243
2021-06-01,滋賀県,-,-,-,中型,-,,164
2021-06-01,京都府,-,-,-,中型,-,,338
2021-06-01,大阪府,-,-,-,中型,-,,1040
2021-06-01,兵庫県,-,-,-,中型,-,,732
2021-06-01,奈良県,-,-,-,中型,-,,149
2021-06-01,和歌山県,-,-,-,中型,-,,134
2021-06-01,鳥取県,-,-,-,中型,-,,82
2021-06-01,島根県,-,-,-,中型,-,,141
2021-06-01,岡山県,-,-,-,中型,-,,268
2021-06-01,広島県,-,-,-,中型,-,,430
2021-06-01,山口県,-,-,-,中型,-,,210
2021-06-01,徳島県,-,-,-,中型,-,,118
2021-06-01,香川県,-,-,-,中型,-,,162
2021-06-01,愛媛県,-,-,-,中型,-,,218
2021-06-01,高知県,-,-,-,中型,-,,113
2021-06-01,福岡県,-,-,-,中型,-,,562
2021-06-01,佐賀県,-,-,-,中型,-,,114
2021-06-01,長崎県,-,-,-,中型,-,,173
2021-06-01,熊本県,-,-,-,中型,-,,163
2021-06-01,大分県,-,-,-,中型,-,,154
2021-06-01,宮崎県,-,-,-,中型,-,,171
2021-06-01,鹿児島県,-,-,-,中型,-,,257
2021-06-01,沖縄県,-,-,-,中型,-,,253
2021-07-01,北海道,-,-,-,中型,-,,797
2021-07-01,青森県,-,-,-,中型,-,,195
2021-07-01,岩手県,-,-,-,中型,-,,194
2021-07-01,宮城県,-,-,-,中型,-,,305
2021-07-01,秋田県,-,-,-,中型,-,,151
2021-07-01,山形県,-,-,-,中型,-,,192
2021-07-01,福島県,-,-,-,中型,-,,262
2021-07-01,茨城県,-,-,-,中型,-,,384
2021-07-01,栃木県,-,-,-,中型,-,,262
2021-07-01,群馬県,-,-,-,中型,-,,224
2021-07-01,埼玉県,-,-,-,中型,-,,833
2021-07-01,千葉県,-,-,-,中型,-,,649
2021-07-01,東京都,-,-,-,中型,-,,1388
2021-07-01,神奈川県,-,-,-,中型,-,,973
2021-07-01,新潟県,-,-,-,中型,-,,315
2021-07-01,山梨県,-,-,-,中型,-,,111
2021-07-01,長野県,-,-,-,中型,-,,269
2021-07-01,富山県,-,-,-,中型,-,,139
2021-07-01,石川県,-,-,-,中型,-,,127
2021-07-01,福井県,-,-,-,中型,-,,119
2021-07-01,岐阜県,-,-,-,中型,-,,218
2021-07-01,静岡県,-,-,-,中型,-,,493
2021-07-01,愛知県,-,-,-,中型,-,,760
2021-07-01,三重県,-,-,-,中型,-,,243
2021-07-01,滋賀県,-,-,-,中型,-,,164
2021-07-01,京都府,-,-,-,中型,-,,341
2021-07-01,大阪府,-,-,-,中型,-,,1043
2021-07-01,兵庫県,-,-,-,中型,-,,732
2021-07-01,奈良県,-,-,-,中型,-,,149
2021-07-01,和歌山県,-,-,-,中型,-,,135
2021-07-01,鳥取県,-,-,-,中型,-,,82
2021-07-01,島根県,-,-,-,中型,-,,141
2021-07-01,岡山県,-,-,-,中型,-,,268
2021-07-01,広島県,-,-,-,中型,-,,431
2021-07-01,山口県,-,-,-,中型,-,,210
2021-07-01,徳島県,-,-,-,中型,-,,118
2021-07-01,香川県,-,-,-,中型,-,,163
2021-07-01,愛媛県,-,-,-,中型,-,,218
2021-07-01,高知県,-,-,-,中型,-,,114
2021-07-01,福岡県,-,-,-,中型,-,,564
2021-07-01,佐賀県,-,-,-,中型,-,,114
2021-07-01,長崎県,-,-,-,中型,-,,173
2021-07-01,熊本県,-,-,-,中型,-,,163
2021-07-01,大分県,-,-,-,中型,-,,156
2021-07-01,宮崎県,-,-,-,中型,-,,171
2021-07-01,鹿児島県,-,-,-,中型,-,,257
2021-07-01,沖縄県,-,-,-,中型,-,,254
2021-08-01,北海道,-,-,-,中型,-,,800
2021-08-01,青森県,-,-,-,中型,-,,194
2021-08-01,岩手県,-,-,-,中型,-,,194
2021-08-01,宮城県,-,-,-,中型,-,,303
2021-08-01,秋田県,-,-,-,中型,-,,150
2021-08-01,山形県,-,-,-,中型,-,,191
2021-08-01,福島県,-,-,-,中型,-,,263
2021-08-01,茨城県,-,-,-,中型,-,,384
2021-08-01,栃木県,-,-,-,中型,-,,262
2021-08-01,群馬県,-,-,-,中型,-,,225
2021-08-01,埼玉県,-,-,-,中型,-,,834
2021-08-01,千葉県,-,-,-,中型,-,,649
2021-08-01,東京都,-,-,-,中型,-,,1387
2021-08-01,神奈川県,-,-,-,中型,-,,972
2021-08-01,新潟県,-,-,-,中型,-,,314
2021-08-01,山梨県,-,-,-,中型,-,,111
2021-08-01,長野県,-,-,-,中型,-,,269
2021-08-01,富山県,-,-,-,中型,-,,139
2021-08-01,石川県,-,-,-,中型,-,,127
2021-08-01,福井県,-,-,-,中型,-,,119
2021-08-01,岐阜県,-,-,-,中型,-,,218
2021-08-01,静岡県,-,-,-,中型,-,,493
2021-08-01,愛知県,-,-,-,中型,-,,759
2021-08-01,三重県,-,-,-,中型,-,,242
2021-08-01,滋賀県,-,-,-,中型,-,,164
2021-08-01,京都府,-,-,-,中型,-,,341
2021-08-01,大阪府,-,-,-,中型,-,,1045
2021-08-01,兵庫県,-,-,-,中型,-,,733
2021-08-01,奈良県,-,-,-,中型,-,,149
2021-08-01,和歌山県,-,-,-,中型,-,,135
2021-08-01,鳥取県,-,-,-,中型,-,,79
2021-08-01,島根県,-,-,-,中型,-,,140
2021-08-01,岡山県,-,-,-,中型,-,,269
2021-08-01,広島県,-,-,-,中型,-,,432
2021-08-01,山口県,-,-,-,中型,-,,211
2021-08-01,徳島県,-,-,-,中型,-,,118
2021-08-01,香川県,-,-,-,中型,-,,163
2021-08-01,愛媛県,-,-,-,中型,-,,218
2021-08-01,高知県,-,-,-,中型,-,,114
2021-08-01,福岡県,-,-,-,中型,-,,564
2021-08-01,佐賀県,-,-,-,中型,-,,115
2021-08-01,長崎県,-,-,-,中型,-,,172
2021-08-01,熊本県,-,-,-,中型,-,,163
2021-08-01,大分県,-,-,-,中型,-,,156
2021-08-01,宮崎県,-,-,-,中型,-,,170
2021-08-01,鹿児島県,-,-,-,中型,-,,255
2021-08-01,沖縄県,-,-,-,中型,-,,254
2021-09-01,北海道,-,-,-,中型,-,,799
2021-09-01,青森県,-,-,-,中型,-,,193
2021-09-01,岩手県,-,-,-,中型,-,,194
2021-09-01,宮城県,-,-,-,中型,-,,304
2021-09-01,秋田県,-,-,-,中型,-,,150
2021-09-01,山形県,-,-,-,中型,-,,191
2021-09-01,福島県,-,-,-,中型,-,,263
2021-09-01,茨城県,-,-,-,中型,-,,386
2021-09-01,栃木県,-,-,-,中型,-,,264
2021-09-01,群馬県,-,-,-,中型,-,,223
2021-09-01,埼玉県,-,-,-,中型,-,,834
2021-09-01,千葉県,-,-,-,中型,-,,649
2021-09-01,東京都,-,-,-,中型,-,,1394
2021-09-01,神奈川県,-,-,-,中型,-,,969
2021-09-01,新潟県,-,-,-,中型,-,,315
2021-09-01,山梨県,-,-,-,中型,-,,112
2021-09-01,長野県,-,-,-,中型,-,,269
2021-09-01,富山県,-,-,-,中型,-,,139
2021-09-01,石川県,-,-,-,中型,-,,127
2021-09-01,福井県,-,-,-,中型,-,,120
2021-09-01,岐阜県,-,-,-,中型,-,,217
2021-09-01,静岡県,-,-,-,中型,-,,491
2021-09-01,愛知県,-,-,-,中型,-,,761
2021-09-01,三重県,-,-,-,中型,-,,243
2021-09-01,滋賀県,-,-,-,中型,-,,167
2021-09-01,京都府,-,-,-,中型,-,,339
2021-09-01,大阪府,-,-,-,中型,-,,1046
2021-09-01,兵庫県,-,-,-,中型,-,,734
2021-09-01,奈良県,-,-,-,中型,-,,147
2021-09-01,和歌山県,-,-,-,中型,-,,134
2021-09-01,鳥取県,-,-,-,中型,-,,79
2021-09-01,島根県,-,-,-,中型,-,,140
2021-09-01,岡山県,-,-,-,中型,-,,269
2021-09-01,広島県,-,-,-,中型,-,,433
2021-09-01,山口県,-,-,-,中型,-,,211
2021-09-01,徳島県,-,-,-,中型,-,,118
2021-09-01,香川県,-,-,-,中型,-,,163
2021-09-01,愛媛県,-,-,-,中型,-,,220
2021-09-01,高知県,-,-,-,中型,-,,113
2021-09-01,福岡県,-,-,-,中型,-,,565
2021-09-01,佐賀県,-,-,-,中型,-,,114
2021-09-01,長崎県,-,-,-,中型,-,,173
2021-09-01,熊本県,-,-,-,中型,-,,164
2021-09-01,大分県,-,-,-,中型,-,,157
2021-09-01,宮崎県,-,-,-,中型,-,,170
2021-09-01,鹿児島県,-,-,-,中型,-,,256
2021-09-01,沖縄県,-,-,-,中型,-,,255
2021-10-01,北海道,-,-,-,中型,-,,800
2021-10-01,青森県,-,-,-,中型,-,,194
2021-10-01,岩手県,-,-,-,中型,-,,194
2021-10-01,宮城県,-,-,-,中型,-,,305
2021-10-01,秋田県,-,-,-,中型,-,,151
2021-10-01,山形県,-,-,-,中型,-,,191
2021-10-01,福島県,-,-,-,中型,-,,260
2021-10-01,茨城県,-,-,-,中型,-,,386
2021-10-01,栃木県,-,-,-,中型,-,,260
2021-10-01,群馬県,-,-,-,中型,-,,223
2021-10-01,埼玉県,-,-,-,中型,-,,833
2021-10-01,千葉県,-,-,-,中型,-,,656
2021-10-01,東京都,-,-,-,中型,-,,1394
2021-10-01,神奈川県,-,-,-,中型,-,,969
2021-10-01,新潟県,-,-,-,中型,-,,315
2021-10-01,山梨県,-,-,-,中型,-,,112
2021-10-01,長野県,-,-,-,中型,-,,270
2021-10-01,富山県,-,-,-,中型,-,,140
2021-10-01,石川県,-,-,-,中型,-,,127
2021-10-01,福井県,-,-,-,中型,-,,120
2021-10-01,岐阜県,-,-,-,中型,-,,218
2021-10-01,静岡県,-,-,-,中型,-,,489
2021-10-01,愛知県,-,-,-,中型,-,,762
2021-10-01,三重県,-,-,-,中型,-,,241
2021-10-01,滋賀県,-,-,-,中型,-,,167
2021-10-01,京都府,-,-,-,中型,-,,340
2021-10-01,大阪府,-,-,-,中型,-,,1046
2021-10-01,兵庫県,-,-,-,中型,-,,733
2021-10-01,奈良県,-,-,-,中型,-,,147
2021-10-01,和歌山県,-,-,-,中型,-,,134
2021-10-01,鳥取県,-,-,-,中型,-,,79
2021-10-01,島根県,-,-,-,中型,-,,140
2021-10-01,岡山県,-,-,-,中型,-,,268
2021-10-01,広島県,-,-,-,中型,-,,435
2021-10-01,山口県,-,-,-,中型,-,,208
2021-10-01,徳島県,-,-,-,中型,-,,118
2021-10-01,香川県,-,-,-,中型,-,,163
2021-10-01,愛媛県,-,-,-,中型,-,,220
2021-10-01,高知県,-,-,-,中型,-,,112
2021-10-01,福岡県,-,-,-,中型,-,,565
2021-10-01,佐賀県,-,-,-,中型,-,,114
2021-10-01,長崎県,-,-,-,中型,-,,174
2021-10-01,熊本県,-,-,-,中型,-,,167
2021-10-01,大分県,-,-,-,中型,-,,159
2021-10-01,宮崎県,-,-,-,中型,-,,173
2021-10-01,鹿児島県,-,-,-,中型,-,,274
2021-10-01,沖縄県,-,-,-,中型,-,,255
2021-11-01,北海道,-,-,-,中型,-,,801
2021-11-01,青森県,-,-,-,中型,-,,195
2021-11-01,岩手県,-,-,-,中型,-,,194
2021-11-01,宮城県,-,-,-,中型,-,,305
2021-11-01,秋田県,-,-,-,中型,-,,151
2021-11-01,山形県,-,-,-,中型,-,,198
2021-11-01,福島県,-,-,-,中型,-,,261
2021-11-01,茨城県,-,-,-,中型,-,,386
2021-11-01,栃木県,-,-,-,中型,-,,262
2021-11-01,群馬県,-,-,-,中型,-,,223
2021-11-01,埼玉県,-,-,-,中型,-,,833
2021-11-01,千葉県,-,-,-,中型,-,,654
2021-11-01,東京都,-,-,-,中型,-,,1390
2021-11-01,神奈川県,-,-,-,中型,-,,967
2021-11-01,新潟県,-,-,-,中型,-,,318
2021-11-01,山梨県,-,-,-,中型,-,,112
2021-11-01,長野県,-,-,-,中型,-,,270
2021-11-01,富山県,-,-,-,中型,-,,139
2021-11-01,石川県,-,-,-,中型,-,,128
2021-11-01,福井県,-,-,-,中型,-,,121
2021-11-01,岐阜県,-,-,-,中型,-,,218
2021-11-01,静岡県,-,-,-,中型,-,,492
2021-11-01,愛知県,-,-,-,中型,-,,765
2021-11-01,三重県,-,-,-,中型,-,,240
2021-11-01,滋賀県,-,-,-,中型,-,,167
2021-11-01,京都府,-,-,-,中型,-,,339
2021-11-01,大阪府,-,-,-,中型,-,,1046
2021-11-01,兵庫県,-,-,-,中型,-,,730
2021-11-01,奈良県,-,-,-,中型,-,,146
2021-11-01,和歌山県,-,-,-,中型,-,,134
2021-11-01,鳥取県,-,-,-,中型,-,,79
2021-11-01,島根県,-,-,-,中型,-,,140
2021-11-01,岡山県,-,-,-,中型,-,,262
2021-11-01,広島県,-,-,-,中型,-,,432
2021-11-01,山口県,-,-,-,中型,-,,208
2021-11-01,徳島県,-,-,-,中型,-,,118
2021-11-01,香川県,-,-,-,中型,-,,163
2021-11-01,愛媛県,-,-,-,中型,-,,220
2021-11-01,高知県,-,-,-,中型,-,,113
2021-11-01,福岡県,-,-,-,中型,-,,570
2021-11-01,佐賀県,-,-,-,中型,-,,114
2021-11-01,長崎県,-,-,-,中型,-,,171
2021-11-01,熊本県,-,-,-,中型,-,,168
2021-11-01,大分県,-,-,-,中型,-,,161
2021-11-01,宮崎県,-,-,-,中型,-,,173
2021-11-01,鹿児島県,-,-,-,中型,-,,275
2021-11-01,沖縄県,-,-,-,中型,-,,255
2021-12-01,北海道,-,-,-,中型,-,,804
2021-12-01,青森県,-,-,-,中型,-,,195
2021-12-01,岩手県,-,-,-,中型,-,,194
2021-12-01,宮城県,-,-,-,中型,-,,306
2021-12-01,秋田県,-,-,-,中型,-,,151
2021-12-01,山形県,-,-,-,中型,-,,198
2021-12-01,福島県,-,-,-,中型,-,,260
2021-12-01,茨城県,-,-,-,中型,-,,386
2021-12-01,栃木県,-,-,-,中型,-,,263
2021-12-01,群馬県,-,-,-,中型,-,,223
2021-12-01,埼玉県,-,-,-,中型,-,,838
2021-12-01,千葉県,-,-,-,中型,-,,653
2021-12-01,東京都,-,-,-,中型,-,,1389
2021-12-01,神奈川県,-,-,-,中型,-,,972
2021-12-01,新潟県,-,-,-,中型,-,,321
2021-12-01,山梨県,-,-,-,中型,-,,112
2021-12-01,長野県,-,-,-,中型,-,,268
2021-12-01,富山県,-,-,-,中型,-,,140
2021-12-01,石川県,-,-,-,中型,-,,128
2021-12-01,福井県,-,-,-,中型,-,,121
2021-12-01,岐阜県,-,-,-,中型,-,,218
2021-12-01,静岡県,-,-,-,中型,-,,492
2021-12-01,愛知県,-,-,-,中型,-,,765
2021-12-01,三重県,-,-,-,中型,-,,240
2021-12-01,滋賀県,-,-,-,中型,-,,167
2021-12-01,京都府,-,-,-,中型,-,,340
2021-12-01,大阪府,-,-,-,中型,-,,1048
2021-12-01,兵庫県,-,-,-,中型,-,,731
2021-12-01,奈良県,-,-,-,中型,-,,148
2021-12-01,和歌山県,-,-,-,中型,-,,134
2021-12-01,鳥取県,-,-,-,中型,-,,79
2021-12-01,島根県,-,-,-,中型,-,,141
2021-12-01,岡山県,-,-,-,中型,-,,263
2021-12-01,広島県,-,-,-,中型,-,,433
2021-12-01,山口県,-,-,-,中型,-,,209
2021-12-01,徳島県,-,-,-,中型,-,,118
2021-12-01,香川県,-,-,-,中型,-,,163
2021-12-01,愛媛県,-,-,-,中型,-,,218
2021-12-01,高知県,-,-,-,中型,-,,113
2021-12-01,福岡県,-,-,-,中型,-,,570
2021-12-01,佐賀県,-,-,-,中型,-,,114
2021-12-01,長崎県,-,-,-,中型,-,,173
2021-12-01,熊本県,-,-,-,中型,-,,168
2021-12-01,大分県,-,-,-,中型,-,,163
2021-12-01,宮崎県,-,-,-,中型,-,,173
2021-12-01,鹿児島県,-,-,-,中型,-,,276
2021-12-01,沖縄県,-,-,-,中型,-,,255
2022-01-01,北海道,-,-,-,中型,-,,803
2022-01-01,青森県,-,-,-,中型,-,,195
2022-01-01,岩手県,-,-,-,中型,-,,195
2022-01-01,宮城県,-,-,-,中型,-,,306
2022-01-01,秋田県,-,-,-,中型,-,,151
2022-01-01,山形県,-,-,-,中型,-,,199
2022-01-01,福島県,-,-,-,中型,-,,261
2022-01-01,茨城県,-,-,-,中型,-,,393
2022-01-01,栃木県,-,-,-,中型,-,,265
2022-01-01,群馬県,-,-,-,中型,-,,224
2022-01-01,埼玉県,-,-,-,中型,-,,838
2022-01-01,千葉県,-,-,-,中型,-,,651
2022-01-01,東京都,-,-,-,中型,-,,1393
2022-01-01,神奈川県,-,-,-,中型,-,,971
2022-01-01,新潟県,-,-,-,中型,-,,321
2022-01-01,山梨県,-,-,-,中型,-,,112
2022-01-01,長野県,-,-,-,中型,-,,267
2022-01-01,富山県,-,-,-,中型,-,,140
2022-01-01,石川県,-,-,-,中型,-,,128
2022-01-01,福井県,-,-,-,中型,-,,121
2022-01-01,岐阜県,-,-,-,中型,-,,217
2022-01-01,静岡県,-,-,-,中型,-,,491
2022-01-01,愛知県,-,-,-,中型,-,,764
2022-01-01,三重県,-,-,-,中型,-,,240
2022-01-01,滋賀県,-,-,-,中型,-,,167
2022-01-01,京都府,-,-,-,中型,-,,338
2022-01-01,大阪府,-,-,-,中型,-,,1050
2022-01-01,兵庫県,-,-,-,中型,-,,732
2022-01-01,奈良県,-,-,-,中型,-,,147
2022-01-01,和歌山県,-,-,-,中型,-,,134
2022-01-01,鳥取県,-,-,-,中型,-,,79
2022-01-01,島根県,-,-,-,中型,-,,140
2022-01-01,岡山県,-,-,-,中型,-,,261
2022-01-01,広島県,-,-,-,中型,-,,432
2022-01-01,山口県,-,-,-,中型,-,,209
2022-01-01,徳島県,-,-,-,中型,-,,118
2022-01-01,香川県,-,-,-,中型,-,,163
2022-01-01,愛媛県,-,-,-,中型,-,,213
2022-01-01,高知県,-,-,-,中型,-,,113
2022-01-01,福岡県,-,-,-,中型,-,,568
2022-01-01,佐賀県,-,-,-,中型,-,,115
2022-01-01,長崎県,-,-,-,中型,-,,174
2022-01-01,熊本県,-,-,-,中型,-,,166
2022-01-01,大分県,-,-,-,中型,-,,163
2022-01-01,宮崎県,-,-,-,中型,-,,172
2022-01-01,鹿児島県,-,-,-,中型,-,,276
2022-01-01,沖縄県,-,-,-,中型,-,,255
2022-02-01,北海道,-,-,-,中型,-,,802
2022-02-01,青森県,-,-,-,中型,-,,196
2022-02-01,岩手県,-,-,-,中型,-,,188
2022-02-01,宮城県,-,-,-,中型,-,,303
2022-02-01,秋田県,-,-,-,中型,-,,151
2022-02-01,山形県,-,-,-,中型,-,,198
2022-02-01,福島県,-,-,-,中型,-,,260
2022-02-01,茨城県,-,-,-,中型,-,,392
2022-02-01,栃木県,-,-,-,中型,-,,263
2022-02-01,群馬県,-,-,-,中型,-,,225
2022-02-01,埼玉県,-,-,-,中型,-,,836
2022-02-01,千葉県,-,-,-,中型,-,,651
2022-02-01,東京都,-,-,-,中型,-,,1393
2022-02-01,神奈川県,-,-,-,中型,-,,970
2022-02-01,新潟県,-,-,-,中型,-,,322
2022-02-01,山梨県,-,-,-,中型,-,,112
2022-02-01,長野県,-,-,-,中型,-,,270
2022-02-01,富山県,-,-,-,中型,-,,140
2022-02-01,石川県,-,-,-,中型,-,,128
2022-02-01,福井県,-,-,-,中型,-,,122
2022-02-01,岐阜県,-,-,-,中型,-,,216
2022-02-01,静岡県,-,-,-,中型,-,,491
2022-02-01,愛知県,-,-,-,中型,-,,763
2022-02-01,三重県,-,-,-,中型,-,,241
2022-02-01,滋賀県,-,-,-,中型,-,,167
2022-02-01,京都府,-,-,-,中型,-,,340
2022-02-01,大阪府,-,-,-,中型,-,,1054
2022-02-01,兵庫県,-,-,-,中型,-,,730
2022-02-01,奈良県,-,-,-,中型,-,,148
2022-02-01,和歌山県,-,-,-,中型,-,,132
2022-02-01,鳥取県,-,-,-,中型,-,,79
2022-02-01,島根県,-,-,-,中型,-,,139
2022-02-01,岡山県,-,-,-,中型,-,,261
2022-02-01,広島県,-,-,-,中型,-,,433
2022-02-01,山口県,-,-,-,中型,-,,209
2022-02-01,徳島県,-,-,-,中型,-,,118
2022-02-01,香川県,-,-,-,中型,-,,164
2022-02-01,愛媛県,-,-,-,中型,-,,213
2022-02-01,高知県,-,-,-,中型,-,,113
2022-02-01,福岡県,-,-,-,中型,-,,566
2022-02-01,佐賀県,-,-,-,中型,-,,114
2022-02-01,長崎県,-,-,-,中型,-,,172
2022-02-01,熊本県,-,-,-,中型,-,,166
2022-02-01,大分県,-,-,-,中型,-,,163
2022-02-01,宮崎県,-,-,-,中型,-,,172
2022-02-01,鹿児島県,-,-,-,中型,-,,275
2022-02-01,沖縄県,-,-,-,中型,-,,255
2022-03-01,北海道,-,-,-,中型,-,,800
2022-03-01,青森県,-,-,-,中型,-,,195
2022-03-01,岩手県,-,-,-,中型,-,,187
2022-03-01,宮城県,-,-,-,中型,-,,302
2022-03-01,秋田県,-,-,-,中型,-,,149
2022-03-01,山形県,-,-,-,中型,-,,198
2022-03-01,福島県,-,-,-,中型,-,,256
2022-03-01,茨城県,-,-,-,中型,-,,394
2022-03-01,栃木県,-,-,-,中型,-,,264
2022-03-01,群馬県,-,-,-,中型,-,,226
2022-03-01,埼玉県,-,-,-,中型,-,,838
2022-03-01,千葉県,-,-,-,中型,-,,651
2022-03-01,東京都,-,-,-,中型,-,,1396
2022-03-01,神奈川県,-,-,-,中型,-,,976
2022-03-01,新潟県,-,-,-,中型,-,,322
2022-03-01,山梨県,-,-,-,中型,-,,112
2022-03-01,長野県,-,-,-,中型,-,,265
2022-03-01,富山県,-,-,-,中型,-,,140
2022-03-01,石川県,-,-,-,中型,-,,127
2022-03-01,福井県,-,-,-,中型,-,,122
2022-03-01,岐阜県,-,-,-,中型,-,,215
2022-03-01,静岡県,-,-,-,中型,-,,489
2022-03-01,愛知県,-,-,-,中型,-,,768
2022-03-01,三重県,-,-,-,中型,-,,242
2022-03-01,滋賀県,-,-,-,中型,-,,166
2022-03-01,京都府,-,-,-,中型,-,,341
2022-03-01,大阪府,-,-,-,中型,-,,1055
2022-03-01,兵庫県,-,-,-,中型,-,,732
2022-03-01,奈良県,-,-,-,中型,-,,148
2022-03-01,和歌山県,-,-,-,中型,-,,134
2022-03-01,鳥取県,-,-,-,中型,-,,80
2022-03-01,島根県,-,-,-,中型,-,,138
2022-03-01,岡山県,-,-,-,中型,-,,261
2022-03-01,広島県,-,-,-,中型,-,,434
2022-03-01,山口県,-,-,-,中型,-,,210
2022-03-01,徳島県,-,-,-,中型,-,,118
2022-03-01,香川県,-,-,-,中型,-,,165
2022-03-01,愛媛県,-,-,-,中型,-,,217
2022-03-01,高知県,-,-,-,中型,-,,112
2022-03-01,福岡県,-,-,-,中型,-,,570
2022-03-01,佐賀県,-,-,-,中型,-,,114
2022-03-01,長崎県,-,-,-,中型,-,,172
2022-03-01,熊本県,-,-,-,中型,-,,165
2022-03-01,大分県,-,-,-,中型,-,,163
2022-03-01,宮崎県,-,-,-,中型,-,,173
2022-03-01,鹿児島県,-,-,-,中型,-,,276
2022-03-01,沖縄県,-,-,-,中型,-,,256
2022-04-01,北海道,-,-,-,中型,-,,800
2022-04-01,青森県,-,-,-,中型,-,,195
2022-04-01,岩手県,-,-,-,中型,-,,187
2022-04-01,宮城県,-,-,-,中型,-,,306
2022-04-01,秋田県,-,-,-,中型,-,,149
2022-04-01,山形県,-,-,-,中型,-,,198
2022-04-01,福島県,-,-,-,中型,-,,257
2022-04-01,茨城県,-,-,-,中型,-,,396
2022-04-01,栃木県,-,-,-,中型,-,,267
2022-04-01,群馬県,-,-,-,中型,-,,226
2022-04-01,埼玉県,-,-,-,中型,-,,841
2022-04-01,千葉県,-,-,-,中型,-,,654
2022-04-01,東京都,-,-,-,中型,-,,1395
2022-04-01,神奈川県,-,-,-,中型,-,,975
2022-04-01,新潟県,-,-,-,中型,-,,324
2022-04-01,山梨県,-,-,-,中型,-,,111
2022-04-01,長野県,-,-,-,中型,-,,264
2022-04-01,富山県,-,-,-,中型,-,,139
2022-04-01,石川県,-,-,-,中型,-,,127
2022-04-01,福井県,-,-,-,中型,-,,122
2022-04-01,岐阜県,-,-,-,中型,-,,215
2022-04-01,静岡県,-,-,-,中型,-,,489
2022-04-01,愛知県,-,-,-,中型,-,,766
2022-04-01,三重県,-,-,-,中型,-,,242
2022-04-01,滋賀県,-,-,-,中型,-,,165
2022-04-01,京都府,-,-,-,中型,-,,341
2022-04-01,大阪府,-,-,-,中型,-,,1062
2022-04-01,兵庫県,-,-,-,中型,-,,735
2022-04-01,奈良県,-,-,-,中型,-,,148
2022-04-01,和歌山県,-,-,-,中型,-,,134
2022-04-01,鳥取県,-,-,-,中型,-,,80
2022-04-01,島根県,-,-,-,中型,-,,137
2022-04-01,岡山県,-,-,-,中型,-,,261
2022-04-01,広島県,-,-,-,中型,-,,436
2022-04-01,山口県,-,-,-,中型,-,,209
2022-04-01,徳島県,-,-,-,中型,-,,119
2022-04-01,香川県,-,-,-,中型,-,,165
2022-04-01,愛媛県,-,-,-,中型,-,,217
2022-04-01,高知県,-,-,-,中型,-,,111
2022-04-01,福岡県,-,-,-,中型,-,,572
2022-04-01,佐賀県,-,-,-,中型,-,,114
2022-04-01,長崎県,-,-,-,中型,-,,170
2022-04-01,熊本県,-,-,-,中型,-,,167
2022-04-01,大分県,-,-,-,中型,-,,164
2022-04-01,宮崎県,-,-,-,中型,-,,173
2022-04-01,鹿児島県,-,-,-,中型,-,,276
2022-04-01,沖縄県,-,-,-,中型,-,,255
2022-05-01,北海道,-,-,-,中型,-,,799
2022-05-01,青森県,-,-,-,中型,-,,195
2022-05-01,岩手県,-,-,-,中型,-,,187
2022-05-01,宮城県,-,-,-,中型,-,,306
2022-05-01,秋田県,-,-,-,中型,-,,149
2022-05-01,山形県,-,-,-,中型,-,,198
2022-05-01,福島県,-,-,-,中型,-,,259
2022-05-01,茨城県,-,-,-,中型,-,,397
2022-05-01,栃木県,-,-,-,中型,-,,267
2022-05-01,群馬県,-,-,-,中型,-,,226
2022-05-01,埼玉県,-,-,-,中型,-,,843
2022-05-01,千葉県,-,-,-,中型,-,,656
2022-05-01,東京都,-,-,-,中型,-,,1397
2022-05-01,神奈川県,-,-,-,中型,-,,977
2022-05-01,新潟県,-,-,-,中型,-,,323
2022-05-01,山梨県,-,-,-,中型,-,,111
2022-05-01,長野県,-,-,-,中型,-,,266
2022-05-01,富山県,-,-,-,中型,-,,139
2022-05-01,石川県,-,-,-,中型,-,,127
2022-05-01,福井県,-,-,-,中型,-,,122
2022-05-01,岐阜県,-,-,-,中型,-,,217
2022-05-01,静岡県,-,-,-,中型,-,,489
2022-05-01,愛知県,-,-,-,中型,-,,770
2022-05-01,三重県,-,-,-,中型,-,,242
2022-05-01,滋賀県,-,-,-,中型,-,,166
2022-05-01,京都府,-,-,-,中型,-,,341
2022-05-01,大阪府,-,-,-,中型,-,,1061
2022-05-01,兵庫県,-,-,-,中型,-,,736
2022-05-01,奈良県,-,-,-,中型,-,,148
2022-05-01,和歌山県,-,-,-,中型,-,,135
2022-05-01,鳥取県,-,-,-,中型,-,,80
2022-05-01,島根県,-,-,-,中型,-,,137
2022-05-01,岡山県,-,-,-,中型,-,,261
2022-05-01,広島県,-,-,-,中型,-,,438
2022-05-01,山口県,-,-,-,中型,-,,210
2022-05-01,徳島県,-,-,-,中型,-,,118
2022-05-01,香川県,-,-,-,中型,-,,165
2022-05-01,愛媛県,-,-,-,中型,-,,217
2022-05-01,高知県,-,-,-,中型,-,,112
2022-05-01,福岡県,-,-,-,中型,-,,572
2022-05-01,佐賀県,-,-,-,中型,-,,114
2022-05-01,長崎県,-,-,-,中型,-,,171
2022-05-01,熊本県,-,-,-,中型,-,,170
2022-05-01,大分県,-,-,-,中型,-,,164
2022-05-01,宮崎県,-,-,-,中型,-,,171
2022-05-01,鹿児島県,-,-,-,中型,-,,276
2022-05-01,沖縄県,-,-,-,中型,-,,255
2022-06-01,北海道,-,-,-,中型,-,,796
2022-06-01,青森県,-,-,-,中型,-,,195
2022-06-01,岩手県,-,-,-,中型,-,,190
2022-06-01,宮城県,-,-,-,中型,-,,306
2022-06-01,秋田県,-,-,-,中型,-,,148
2022-06-01,山形県,-,-,-,中型,-,,199
2022-06-01,福島県,-,-,-,中型,-,,259
2022-06-01,茨城県,-,-,-,中型,-,,394
2022-06-01,栃木県,-,-,-,中型,-,,266
2022-06-01,群馬県,-,-,-,中型,-,,226
2022-06-01,埼玉県,-,-,-,中型,-,,844
2022-06-01,千葉県,-,-,-,中型,-,,651
2022-06-01,東京都,-,-,-,中型,-,,1398
2022-06-01,神奈川県,-,-,-,中型,-,,977
2022-06-01,新潟県,-,-,-,中型,-,,321
2022-06-01,山梨県,-,-,-,中型,-,,111
2022-06-01,長野県,-,-,-,中型,-,,267
2022-06-01,富山県,-,-,-,中型,-,,139
2022-06-01,石川県,-,-,-,中型,-,,127
2022-06-01,福井県,-,-,-,中型,-,,125
2022-06-01,岐阜県,-,-,-,中型,-,,219
2022-06-01,静岡県,-,-,-,中型,-,,488
2022-06-01,愛知県,-,-,-,中型,-,,773
2022-06-01,三重県,-,-,-,中型,-,,242
2022-06-01,滋賀県,-,-,-,中型,-,,165
2022-06-01,京都府,-,-,-,中型,-,,342
2022-06-01,大阪府,-,-,-,中型,-,,1063
2022-06-01,兵庫県,-,-,-,中型,-,,733
2022-06-01,奈良県,-,-,-,中型,-,,148
2022-06-01,和歌山県,-,-,-,中型,-,,137
2022-06-01,鳥取県,-,-,-,中型,-,,81
2022-06-01,島根県,-,-,-,中型,-,,137
2022-06-01,岡山県,-,-,-,中型,-,,261
2022-06-01,広島県,-,-,-,中型,-,,437
2022-06-01,山口県,-,-,-,中型,-,,210
2022-06-01,徳島県,-,-,-,中型,-,,118
2022-06-01,香川県,-,-,-,中型,-,,165
2022-06-01,愛媛県,-,-,-,中型,-,,217
2022-06-01,高知県,-,-,-,中型,-,,112
2022-06-01,福岡県,-,-,-,中型,-,,575
2022-06-01,佐賀県,-,-,-,中型,-,,114
2022-06-01,長崎県,-,-,-,中型,-,,171
2022-06-01,熊本県,-,-,-,中型,-,,170
2022-06-01,大分県,-,-,-,中型,-,,164
2022-06-01,宮崎県,-,-,-,中型,-,,170
2022-06-01,鹿児島県,-,-,-,中型,-,,276
2022-06-01,沖縄県,-,-,-,中型,-,,255
2022-07-01,北海道,-,-,-,中型,-,,793
2022-07-01,青森県,-,-,-,中型,-,,195
2022-07-01,岩手県,-,-,-,中型,-,,190
2022-07-01,宮城県,-,-,-,中型,-,,307
2022-07-01,秋田県,-,-,-,中型,-,,148
2022-07-01,山形県,-,-,-,中型,-,,199
2022-07-01,福島県,-,-,-,中型,-,,260
2022-07-01,茨城県,-,-,-,中型,-,,396
2022-07-01,栃木県,-,-,-,中型,-,,267
2022-07-01,群馬県,-,-,-,中型,-,,221
2022-07-01,埼玉県,-,-,-,中型,-,,843
2022-07-01,千葉県,-,-,-,中型,-,,647
2022-07-01,東京都,-,-,-,中型,-,,1400
2022-07-01,神奈川県,-,-,-,中型,-,,978
2022-07-01,新潟県,-,-,-,中型,-,,323
2022-07-01,山梨県,-,-,-,中型,-,,112
2022-07-01,長野県,-,-,-,中型,-,,267
2022-07-01,富山県,-,-,-,中型,-,,139
2022-07-01,石川県,-,-,-,中型,-,,127
2022-07-01,福井県,-,-,-,中型,-,,124
2022-07-01,岐阜県,-,-,-,中型,-,,219
2022-07-01,静岡県,-,-,-,中型,-,,489
2022-07-01,愛知県,-,-,-,中型,-,,775
2022-07-01,三重県,-,-,-,中型,-,,241
2022-07-01,滋賀県,-,-,-,中型,-,,165
2022-07-01,京都府,-,-,-,中型,-,,343
2022-07-01,大阪府,-,-,-,中型,-,,1060
2022-07-01,兵庫県,-,-,-,中型,-,,736
2022-07-01,奈良県,-,-,-,中型,-,,149
2022-07-01,和歌山県,-,-,-,中型,-,,136
2022-07-01,鳥取県,-,-,-,中型,-,,81
2022-07-01,島根県,-,-,-,中型,-,,137
2022-07-01,岡山県,-,-,-,中型,-,,261
2022-07-01,広島県,-,-,-,中型,-,,436
2022-07-01,山口県,-,-,-,中型,-,,210
2022-07-01,徳島県,-,-,-,中型,-,,118
2022-07-01,香川県,-,-,-,中型,-,,162
2022-07-01,愛媛県,-,-,-,中型,-,,218
2022-07-01,高知県,-,-,-,中型,-,,112
2022-07-01,福岡県,-,-,-,中型,-,,577
2022-07-01,佐賀県,-,-,-,中型,-,,114
2022-07-01,長崎県,-,-,-,中型,-,,170
2022-07-01,熊本県,-,-,-,中型,-,,170
2022-07-01,大分県,-,-,-,中型,-,,164
2022-07-01,宮崎県,-,-,-,中型,-,,171
2022-07-01,鹿児島県,-,-,-,中型,-,,275
2022-07-01,沖縄県,-,-,-,中型,-,,256
2022-08-01,北海道,-,-,-,中型,-,,791
2022-08-01,青森県,-,-,-,中型,-,,195
2022-08-01,岩手県,-,-,-,中型,-,,190
2022-08-01,宮城県,-,-,-,中型,-,,319
2022-08-01,秋田県,-,-,-,中型,-,,148
2022-08-01,山形県,-,-,-,中型,-,,200
2022-08-01,福島県,-,-,-,中型,-,,265
2022-08-01,茨城県,-,-,-,中型,-,,397
2022-08-01,栃木県,-,-,-,中型,-,,267
2022-08-01,群馬県,-,-,-,中型,-,,221
2022-08-01,埼玉県,-,-,-,中型,-,,845
2022-08-01,千葉県,-,-,-,中型,-,,649
2022-08-01,東京都,-,-,-,中型,-,,1400
2022-08-01,神奈川県,-,-,-,中型,-,,973
2022-08-01,新潟県,-,-,-,中型,-,,322
2022-08-01,山梨県,-,-,-,中型,-,,112
2022-08-01,長野県,-,-,-,中型,-,,266
2022-08-01,富山県,-,-,-,中型,-,,139
2022-08-01,石川県,-,-,-,中型,-,,129
2022-08-01,福井県,-,-,-,中型,-,,124
2022-08-01,岐阜県,-,-,-,中型,-,,220
2022-08-01,静岡県,-,-,-,中型,-,,491
2022-08-01,愛知県,-,-,-,中型,-,,777
2022-08-01,三重県,-,-,-,中型,-,,241
2022-08-01,滋賀県,-,-,-,中型,-,,164
2022-08-01,京都府,-,-,-,中型,-,,342
2022-08-01,大阪府,-,-,-,中型,-,,1065
2022-08-01,兵庫県,-,-,-,中型,-,,734
2022-08-01,奈良県,-,-,-,中型,-,,148
2022-08-01,和歌山県,-,-,-,中型,-,,136
2022-08-01,鳥取県,-,-,-,中型,-,,80
2022-08-01,島根県,-,-,-,中型,-,,136
2022-08-01,岡山県,-,-,-,中型,-,,262
2022-08-01,広島県,-,-,-,中型,-,,439
2022-08-01,山口県,-,-,-,中型,-,,210
2022-08-01,徳島県,-,-,-,中型,-,,118
2022-08-01,香川県,-,-,-,中型,-,,160
2022-08-01,愛媛県,-,-,-,中型,-,,218
2022-08-01,高知県,-,-,-,中型,-,,111
2022-08-01,福岡県,-,-,-,中型,-,,576
2022-08-01,佐賀県,-,-,-,中型,-,,113
2022-08-01,長崎県,-,-,-,中型,-,,170
2022-08-01,熊本県,-,-,-,中型,-,,170
2022-08-01,大分県,-,-,-,中型,-,,163
2022-08-01,宮崎県,-,-,-,中型,-,,170
2022-08-01,鹿児島県,-,-,-,中型,-,,273
2022-08-01,沖縄県,-,-,-,中型,-,,253
2022-09-01,北海道,-,-,-,中型,-,,788
2022-09-01,青森県,-,-,-,中型,-,,195
2022-09-01,岩手県,-,-,-,中型,-,,190
2022-09-01,宮城県,-,-,-,中型,-,,319
2022-09-01,秋田県,-,-,-,中型,-,,148
2022-09-01,山形県,-,-,-,中型,-,,200
2022-09-01,福島県,-,-,-,中型,-,,265
2022-09-01,茨城県,-,-,-,中型,-,,397
2022-09-01,栃木県,-,-,-,中型,-,,267
2022-09-01,群馬県,-,-,-,中型,-,,221
2022-09-01,埼玉県,-,-,-,中型,-,,848
2022-09-01,千葉県,-,-,-,中型,-,,654
2022-09-01,東京都,-,-,-,中型,-,,1403
2022-09-01,神奈川県,-,-,-,中型,-,,973
2022-09-01,新潟県,-,-,-,中型,-,,331
2022-09-01,山梨県,-,-,-,中型,-,,112
2022-09-01,長野県,-,-,-,中型,-,,267
2022-09-01,富山県,-,-,-,中型,-,,139
2022-09-01,石川県,-,-,-,中型,-,,129
2022-09-01,福井県,-,-,-,中型,-,,125
2022-09-01,岐阜県,-,-,-,中型,-,,219
2022-09-01,静岡県,-,-,-,中型,-,,493
2022-09-01,愛知県,-,-,-,中型,-,,778
2022-09-01,三重県,-,-,-,中型,-,,240
2022-09-01,滋賀県,-,-,-,中型,-,,164
2022-09-01,京都府,-,-,-,中型,-,,344
2022-09-01,大阪府,-,-,-,中型,-,,1067
2022-09-01,兵庫県,-,-,-,中型,-,,734
2022-09-01,奈良県,-,-,-,中型,-,,146
2022-09-01,和歌山県,-,-,-,中型,-,,136
2022-09-01,鳥取県,-,-,-,中型,-,,80
2022-09-01,島根県,-,-,-,中型,-,,137
2022-09-01,岡山県,-,-,-,中型,-,,261
2022-09-01,広島県,-,-,-,中型,-,,440
2022-09-01,山口県,-,-,-,中型,-,,210
2022-09-01,徳島県,-,-,-,中型,-,,117
2022-09-01,香川県,-,-,-,中型,-,,158
2022-09-01,愛媛県,-,-,-,中型,-,,217
2022-09-01,高知県,-,-,-,中型,-,,112
2022-09-01,福岡県,-,-,-,中型,-,,581
2022-09-01,佐賀県,-,-,-,中型,-,,112
2022-09-01,長崎県,-,-,-,中型,-,,170
2022-09-01,熊本県,-,-,-,中型,-,,171
2022-09-01,大分県,-,-,-,中型,-,,163
2022-09-01,宮崎県,-,-,-,中型,-,,170
2022-09-01,鹿児島県,-,-,-,中型,-,,274
2022-09-01,沖縄県,-,-,-,中型,-,,252
2022-10-01,北海道,-,-,-,中型,-,,795
2022-10-01,青森県,-,-,-,中型,-,,195
2022-10-01,岩手県,-,-,-,中型,-,,190
2022-10-01,宮城県,-,-,-,中型,-,,318
2022-10-01,秋田県,-,-,-,中型,-,,146
2022-10-01,山形県,-,-,-,中型,-,,200
2022-10-01,福島県,-,-,-,中型,-,,264
2022-10-01,茨城県,-,-,-,中型,-,,396
2022-10-01,栃木県,-,-,-,中型,-,,267
2022-10-01,群馬県,-,-,-,中型,-,,221
2022-10-01,埼玉県,-,-,-,中型,-,,849
2022-10-01,千葉県,-,-,-,中型,-,,660
2022-10-01,東京都,-,-,-,中型,-,,1405
2022-10-01,神奈川県,-,-,-,中型,-,,976
2022-10-01,新潟県,-,-,-,中型,-,,340
2022-10-01,山梨県,-,-,-,中型,-,,112
2022-10-01,長野県,-,-,-,中型,-,,266
2022-10-01,富山県,-,-,-,中型,-,,139
2022-10-01,石川県,-,-,-,中型,-,,125
2022-10-01,福井県,-,-,-,中型,-,,129
2022-10-01,岐阜県,-,-,-,中型,-,,232
2022-10-01,静岡県,-,-,-,中型,-,,498
2022-10-01,愛知県,-,-,-,中型,-,,776
2022-10-01,三重県,-,-,-,中型,-,,239
2022-10-01,滋賀県,-,-,-,中型,-,,166
2022-10-01,京都府,-,-,-,中型,-,,339
2022-10-01,大阪府,-,-,-,中型,-,,1065
2022-10-01,兵庫県,-,-,-,中型,-,,733
2022-10-01,奈良県,-,-,-,中型,-,,148
2022-10-01,和歌山県,-,-,-,中型,-,,147
2022-10-01,鳥取県,-,-,-,中型,-,,80
2022-10-01,島根県,-,-,-,中型,-,,137
2022-10-01,岡山県,-,-,-,中型,-,,259
2022-10-01,広島県,-,-,-,中型,-,,440
2022-10-01,山口県,-,-,-,中型,-,,210
2022-10-01,徳島県,-,-,-,中型,-,,117
2022-10-01,香川県,-,-,-,中型,-,,163
2022-10-01,愛媛県,-,-,-,中型,-,,218
2022-10-01,高知県,-,-,-,中型,-,,112
2022-10-01,福岡県,-,-,-,中型,-,,582
2022-10-01,佐賀県,-,-,-,中型,-,,113
2022-10-01,長崎県,-,-,-,中型,-,,170
2022-10-01,熊本県,-,-,-,中型,-,,177
2022-10-01,大分県,-,-,-,中型,-,,164
2022-10-01,宮崎県,-,-,-,中型,-,,170
2022-10-01,鹿児島県,-,-,-,中型,-,,273
2022-10-01,沖縄県,-,-,-,中型,-,,253
2022-11-01,北海道,-,-,-,中型,-,,797
2022-11-01,青森県,-,-,-,中型,-,,194
2022-11-01,岩手県,-,-,-,中型,-,,190
2022-11-01,宮城県,-,-,-,中型,-,,317
2022-11-01,秋田県,-,-,-,中型,-,,147
2022-11-01,山形県,-,-,-,中型,-,,197
2022-11-01,福島県,-,-,-,中型,-,,264
2022-11-01,茨城県,-,-,-,中型,-,,394
2022-11-01,栃木県,-,-,-,中型,-,,268
2022-11-01,群馬県,-,-,-,中型,-,,216
2022-11-01,埼玉県,-,-,-,中型,-,,849
2022-11-01,千葉県,-,-,-,中型,-,,661
2022-11-01,東京都,-,-,-,中型,-,,1410
2022-11-01,神奈川県,-,-,-,中型,-,,975
2022-11-01,新潟県,-,-,-,中型,-,,340
2022-11-01,山梨県,-,-,-,中型,-,,112
2022-11-01,長野県,-,-,-,中型,-,,267
2022-11-01,富山県,-,-,-,中型,-,,139
2022-11-01,石川県,-,-,-,中型,-,,125
2022-11-01,福井県,-,-,-,中型,-,,128
2022-11-01,岐阜県,-,-,-,中型,-,,233
2022-11-01,静岡県,-,-,-,中型,-,,499
2022-11-01,愛知県,-,-,-,中型,-,,777
2022-11-01,三重県,-,-,-,中型,-,,239
2022-11-01,滋賀県,-,-,-,中型,-,,166
2022-11-01,京都府,-,-,-,中型,-,,340
2022-11-01,大阪府,-,-,-,中型,-,,1066
2022-11-01,兵庫県,-,-,-,中型,-,,734
2022-11-01,奈良県,-,-,-,中型,-,,148
2022-11-01,和歌山県,-,-,-,中型,-,,146
2022-11-01,鳥取県,-,-,-,中型,-,,86
2022-11-01,島根県,-,-,-,中型,-,,138
2022-11-01,岡山県,-,-,-,中型,-,,258
2022-11-01,広島県,-,-,-,中型,-,,441
2022-11-01,山口県,-,-,-,中型,-,,210
2022-11-01,徳島県,-,-,-,中型,-,,116
2022-11-01,香川県,-,-,-,中型,-,,163
2022-11-01,愛媛県,-,-,-,中型,-,,219
2022-11-01,高知県,-,-,-,中型,-,,111
2022-11-01,福岡県,-,-,-,中型,-,,581
2022-11-01,佐賀県,-,-,-,中型,-,,113
2022-11-01,長崎県,-,-,-,中型,-,,169
2022-11-01,熊本県,-,-,-,中型,-,,176
2022-11-01,大分県,-,-,-,中型,-,,164
2022-11-01,宮崎県,-,-,-,中型,-,,170
2022-11-01,鹿児島県,-,-,-,中型,-,,274
2022-11-01,沖縄県,-,-,-,中型,-,,252
2022-12-01,北海道,-,-,-,中型,-,,799
2022-12-01,青森県,-,-,-,中型,-,,193
2022-12-01,岩手県,-,-,-,中型,-,,187
2022-12-01,宮城県,-,-,-,中型,-,,318
2022-12-01,秋田県,-,-,-,中型,-,,147
2022-12-01,山形県,-,-,-,中型,-,,197
2022-12-01,福島県,-,-,-,中型,-,,264
2022-12-01,茨城県,-,-,-,中型,-,,398
2022-12-01,栃木県,-,-,-,中型,-,,269
2022-12-01,群馬県,-,-,-,中型,-,,217
2022-12-01,埼玉県,-,-,-,中型,-,,852
2022-12-01,千葉県,-,-,-,中型,-,,662
2022-12-01,東京都,-,-,-,中型,-,,1417
2022-12-01,神奈川県,-,-,-,中型,-,,972
2022-12-01,新潟県,-,-,-,中型,-,,340
2022-12-01,山梨県,-,-,-,中型,-,,114
2022-12-01,長野県,-,-,-,中型,-,,267
2022-12-01,富山県,-,-,-,中型,-,,139
2022-12-01,石川県,-,-,-,中型,-,,125
2022-12-01,福井県,-,-,-,中型,-,,128
2022-12-01,岐阜県,-,-,-,中型,-,,233
2022-12-01,静岡県,-,-,-,中型,-,,497
2022-12-01,愛知県,-,-,-,中型,-,,776
2022-12-01,三重県,-,-,-,中型,-,,238
2022-12-01,滋賀県,-,-,-,中型,-,,167
2022-12-01,京都府,-,-,-,中型,-,,339
2022-12-01,大阪府,-,-,-,中型,-,,1068
2022-12-01,兵庫県,-,-,-,中型,-,,735
2022-12-01,奈良県,-,-,-,中型,-,,148
2022-12-01,和歌山県,-,-,-,中型,-,,146
2022-12-01,鳥取県,-,-,-,中型,-,,86
2022-12-01,島根県,-,-,-,中型,-,,138
2022-12-01,岡山県,-,-,-,中型,-,,258
2022-12-01,広島県,-,-,-,中型,-,,440
2022-12-01,山口県,-,-,-,中型,-,,211
2022-12-01,徳島県,-,-,-,中型,-,,115
2022-12-01,香川県,-,-,-,中型,-,,165
2022-12-01,愛媛県,-,-,-,中型,-,,219
2022-12-01,高知県,-,-,-,中型,-,,110
2022-12-01,福岡県,-,-,-,中型,-,,579
2022-12-01,佐賀県,-,-,-,中型,-,,113
2022-12-01,長崎県,-,-,-,中型,-,,169
2022-12-01,熊本県,-,-,-,中型,-,,174
2022-12-01,大分県,-,-,-,中型,-,,164
2022-12-01,宮崎県,-,-,-,中型,-,,169
2022-12-01,鹿児島県,-,-,-,中型,-,,258
2022-12-01,沖縄県,-,-,-,中型,-,,252
2023-01-01,北海道,-,-,-,中型,-,,799
2023-01-01,青森県,-,-,-,中型,-,,193
2023-01-01,岩手県,-,-,-,中型,-,,185
2023-01-01,宮城県,-,-,-,中型,-,,317
2023-01-01,秋田県,-,-,-,中型,-,,148
2023-01-01,山形県,-,-,-,中型,-,,198
2023-01-01,福島県,-,-,-,中型,-,,264
2023-01-01,茨城県,-,-,-,中型,-,,397
2023-01-01,栃木県,-,-,-,中型,-,,269
2023-01-01,群馬県,-,-,-,中型,-,,216
2023-01-01,埼玉県,-,-,-,中型,-,,852
2023-01-01,千葉県,-,-,-,中型,-,,663
2023-01-01,東京都,-,-,-,中型,-,,1414
2023-01-01,神奈川県,-,-,-,中型,-,,968
2023-01-01,新潟県,-,-,-,中型,-,,339
2023-01-01,山梨県,-,-,-,中型,-,,114
2023-01-01,長野県,-,-,-,中型,-,,267
2023-01-01,富山県,-,-,-,中型,-,,139
2023-01-01,石川県,-,-,-,中型,-,,125
2023-01-01,福井県,-,-,-,中型,-,,128
2023-01-01,岐阜県,-,-,-,中型,-,,233
2023-01-01,静岡県,-,-,-,中型,-,,494
2023-01-01,愛知県,-,-,-,中型,-,,774
2023-01-01,三重県,-,-,-,中型,-,,236
2023-01-01,滋賀県,-,-,-,中型,-,,166
2023-01-01,京都府,-,-,-,中型,-,,339
2023-01-01,大阪府,-,-,-,中型,-,,1062
2023-01-01,兵庫県,-,-,-,中型,-,,735
2023-01-01,奈良県,-,-,-,中型,-,,147
2023-01-01,和歌山県,-,-,-,中型,-,,145
2023-01-01,鳥取県,-,-,-,中型,-,,85
2023-01-01,島根県,-,-,-,中型,-,,138
2023-01-01,岡山県,-,-,-,中型,-,,257
2023-01-01,広島県,-,-,-,中型,-,,437
2023-01-01,山口県,-,-,-,中型,-,,211
2023-01-01,徳島県,-,-,-,中型,-,,114
2023-01-01,香川県,-,-,-,中型,-,,165
2023-01-01,愛媛県,-,-,-,中型,-,,215
2023-01-01,高知県,-,-,-,中型,-,,110
2023-01-01,福岡県,-,-,-,中型,-,,580
2023-01-01,佐賀県,-,-,-,中型,-,,112
2023-01-01,長崎県,-,-,-,中型,-,,168
2023-01-01,熊本県,-,-,-,中型,-,,173
2023-01-01,大分県,-,-,-,中型,-,,164
2023-01-01,宮崎県,-,-,-,中型,-,,170
2023-01-01,鹿児島県,-,-,-,中型,-,,258
2023-01-01,沖縄県,-,-,-,中型,-,,252
2023-02-01,北海道,-,-,-,中型,-,,801
2023-02-01,青森県,-,-,-,中型,-,,192
2023-02-01,岩手県,-,-,-,中型,-,,185
2023-02-01,宮城県,-,-,-,中型,-,,317
2023-02-01,秋田県,-,-,-,中型,-,,148
2023-02-01,山形県,-,-,-,中型,-,,198
2023-02-01,福島県,-,-,-,中型,-,,263
2023-02-01,茨城県,-,-,-,中型,-,,397
2023-02-01,栃木県,-,-,-,中型,-,,270
2023-02-01,群馬県,-,-,-,中型,-,,215
2023-02-01,埼玉県,-,-,-,中型,-,,847
2023-02-01,千葉県,-,-,-,中型,-,,660
2023-02-01,東京都,-,-,-,中型,-,,1408
2023-02-01,神奈川県,-,-,-,中型,-,,963
2023-02-01,新潟県,-,-,-,中型,-,,338
2023-02-01,山梨県,-,-,-,中型,-,,114
2023-02-01,長野県,-,-,-,中型,-,,267
2023-02-01,富山県,-,-,-,中型,-,,139
2023-02-01,石川県,-,-,-,中型,-,,124
2023-02-01,福井県,-,-,-,中型,-,,128
2023-02-01,岐阜県,-,-,-,中型,-,,234
2023-02-01,静岡県,-,-,-,中型,-,,494
2023-02-01,愛知県,-,-,-,中型,-,,769
2023-02-01,三重県,-,-,-,中型,-,,237
2023-02-01,滋賀県,-,-,-,中型,-,,165
2023-02-01,京都府,-,-,-,中型,-,,339
2023-02-01,大阪府,-,-,-,中型,-,,1072
2023-02-01,兵庫県,-,-,-,中型,-,,733
2023-02-01,奈良県,-,-,-,中型,-,,147
2023-02-01,和歌山県,-,-,-,中型,-,,145
2023-02-01,鳥取県,-,-,-,中型,-,,74
2023-02-01,島根県,-,-,-,中型,-,,138
2023-02-01,岡山県,-,-,-,中型,-,,257
2023-02-01,広島県,-,-,-,中型,-,,440
2023-02-01,山口県,-,-,-,中型,-,,211
2023-02-01,徳島県,-,-,-,中型,-,,114
2023-02-01,香川県,-,-,-,中型,-,,164
2023-02-01,愛媛県,-,-,-,中型,-,,215
2023-02-01,高知県,-,-,-,中型,-,,110
2023-02-01,福岡県,-,-,-,中型,-,,583
2023-02-01,佐賀県,-,-,-,中型,-,,113
2023-02-01,長崎県,-,-,-,中型,-,,168
2023-02-01,熊本県,-,-,-,中型,-,,173
2023-02-01,大分県,-,-,-,中型,-,,161
2023-02-01,宮崎県,-,-,-,中型,-,,167
2023-02-01,鹿児島県,-,-,-,中型,-,,259
2023-02-01,沖縄県,-,-,-,中型,-,,255
2023-03-01,北海道,-,-,-,中型,-,,802
2023-03-01,青森県,-,-,-,中型,-,,192
2023-03-01,岩手県,-,-,-,中型,-,,186
2023-03-01,宮城県,-,-,-,中型,-,,315
2023-03-01,秋田県,-,-,-,中型,-,,148
2023-03-01,山形県,-,-,-,中型,-,,198
2023-03-01,福島県,-,-,-,中型,-,,267
2023-03-01,茨城県,-,-,-,中型,-,,397
2023-03-01,栃木県,-,-,-,中型,-,,268
2023-03-01,群馬県,-,-,-,中型,-,,220
2023-03-01,埼玉県,-,-,-,中型,-,,849
2023-03-01,千葉県,-,-,-,中型,-,,658
2023-03-01,東京都,-,-,-,中型,-,,1408
2023-03-01,神奈川県,-,-,-,中型,-,,964
2023-03-01,新潟県,-,-,-,中型,-,,339
2023-03-01,山梨県,-,-,-,中型,-,,114
2023-03-01,長野県,-,-,-,中型,-,,266
2023-03-01,富山県,-,-,-,中型,-,,139
2023-03-01,石川県,-,-,-,中型,-,,126
2023-03-01,福井県,-,-,-,中型,-,,127
2023-03-01,岐阜県,-,-,-,中型,-,,234
2023-03-01,静岡県,-,-,-,中型,-,,491
2023-03-01,愛知県,-,-,-,中型,-,,771
2023-03-01,三重県,-,-,-,中型,-,,237
2023-03-01,滋賀県,-,-,-,中型,-,,165
2023-03-01,京都府,-,-,-,中型,-,,340
2023-03-01,大阪府,-,-,-,中型,-,,1066
2023-03-01,兵庫県,-,-,-,中型,-,,730
2023-03-01,奈良県,-,-,-,中型,-,,147
2023-03-01,和歌山県,-,-,-,中型,-,,144
2023-03-01,鳥取県,-,-,-,中型,-,,74
2023-03-01,島根県,-,-,-,中型,-,,138
2023-03-01,岡山県,-,-,-,中型,-,,257
2023-03-01,広島県,-,-,-,中型,-,,439
2023-03-01,山口県,-,-,-,中型,-,,211
2023-03-01,徳島県,-,-,-,中型,-,,114
2023-03-01,香川県,-,-,-,中型,-,,166
2023-03-01,愛媛県,-,-,-,中型,-,,215
2023-03-01,高知県,-,-,-,中型,-,,105
2023-03-01,福岡県,-,-,-,中型,-,,584
2023-03-01,佐賀県,-,-,-,中型,-,,115
2023-03-01,長崎県,-,-,-,中型,-,,167
2023-03-01,熊本県,-,-,-,中型,-,,173
2023-03-01,大分県,-,-,-,中型,-,,160
2023-03-01,宮崎県,-,-,-,中型,-,,166
2023-03-01,鹿児島県,-,-,-,中型,-,,259
2023-03-01,沖縄県,-,-,-,中型,-,,255
2023-04-01,北海道,-,-,-,中型,-,,800
2023-04-01,青森県,-,-,-,中型,-,,194
2023-04-01,岩手県,-,-,-,中型,-,,188
2023-04-01,宮城県,-,-,-,中型,-,,317
2023-04-01,秋田県,-,-,-,中型,-,,148
2023-04-01,山形県,-,-,-,中型,-,,197
2023-04-01,福島県,-,-,-,中型,-,,270
2023-04-01,茨城県,-,-,-,中型,-,,398
2023-04-01,栃木県,-,-,-,中型,-,,270
2023-04-01,群馬県,-,-,-,中型,-,,221
2023-04-01,埼玉県,-,-,-,中型,-,,849
2023-04-01,千葉県,-,-,-,中型,-,,661
2023-04-01,東京都,-,-,-,中型,-,,1408
2023-04-01,神奈川県,-,-,-,中型,-,,966
2023-04-01,新潟県,-,-,-,中型,-,,338
2023-04-01,山梨県,-,-,-,中型,-,,114
2023-04-01,長野県,-,-,-,中型,-,,267
2023-04-01,富山県,-,-,-,中型,-,,139
2023-04-01,石川県,-,-,-,中型,-,,126
2023-04-01,福井県,-,-,-,中型,-,,127
2023-04-01,岐阜県,-,-,-,中型,-,,235
2023-04-01,静岡県,-,-,-,中型,-,,493
2023-04-01,愛知県,-,-,-,中型,-,,771
2023-04-01,三重県,-,-,-,中型,-,,236
2023-04-01,滋賀県,-,-,-,中型,-,,165
2023-04-01,京都府,-,-,-,中型,-,,339
2023-04-01,大阪府,-,-,-,中型,-,,1062
2023-04-01,兵庫県,-,-,-,中型,-,,733
2023-04-01,奈良県,-,-,-,中型,-,,147
2023-04-01,和歌山県,-,-,-,中型,-,,143
2023-04-01,鳥取県,-,-,-,中型,-,,74
2023-04-01,島根県,-,-,-,中型,-,,130
2023-04-01,岡山県,-,-,-,中型,-,,258
2023-04-01,広島県,-,-,-,中型,-,,440
2023-04-01,山口県,-,-,-,中型,-,,210
2023-04-01,徳島県,-,-,-,中型,-,,114
2023-04-01,香川県,-,-,-,中型,-,,166
2023-04-01,愛媛県,-,-,-,中型,-,,215
2023-04-01,高知県,-,-,-,中型,-,,104
2023-04-01,福岡県,-,-,-,中型,-,,583
2023-04-01,佐賀県,-,-,-,中型,-,,109
2023-04-01,長崎県,-,-,-,中型,-,,166
2023-04-01,熊本県,-,-,-,中型,-,,174
2023-04-01,大分県,-,-,-,中型,-,,160
2023-04-01,宮崎県,-,-,-,中型,-,,166
2023-04-01,鹿児島県,-,-,-,中型,-,,260
2023-04-01,沖縄県,-,-,-,中型,-,,255
2023-05-01,北海道,-,-,-,中型,-,,802
2023-05-01,青森県,-,-,-,中型,-,,194
2023-05-01,岩手県,-,-,-,中型,-,,188
2023-05-01,宮城県,-,-,-,中型,-,,317
2023-05-01,秋田県,-,-,-,中型,-,,148
2023-05-01,山形県,-,-,-,中型,-,,197
2023-05-01,福島県,-,-,-,中型,-,,270
2023-05-01,茨城県,-,-,-,中型,-,,395
2023-05-01,栃木県,-,-,-,中型,-,,269
2023-05-01,群馬県,-,-,-,中型,-,,221
2023-05-01,埼玉県,-,-,-,中型,-,,849
2023-05-01,千葉県,-,-,-,中型,-,,664
2023-05-01,東京都,-,-,-,中型,-,,1411
2023-05-01,神奈川県,-,-,-,中型,-,,965
2023-05-01,新潟県,-,-,-,中型,-,,338
2023-05-01,山梨県,-,-,-,中型,-,,114
2023-05-01,長野県,-,-,-,中型,-,,268
2023-05-01,富山県,-,-,-,中型,-,,140
2023-05-01,石川県,-,-,-,中型,-,,127
2023-05-01,福井県,-,-,-,中型,-,,127
2023-05-01,岐阜県,-,-,-,中型,-,,235
2023-05-01,静岡県,-,-,-,中型,-,,495
2023-05-01,愛知県,-,-,-,中型,-,,771
2023-05-01,三重県,-,-,-,中型,-,,236
2023-05-01,滋賀県,-,-,-,中型,-,,165
2023-05-01,京都府,-,-,-,中型,-,,338
2023-05-01,大阪府,-,-,-,中型,-,,1060
2023-05-01,兵庫県,-,-,-,中型,-,,734
2023-05-01,奈良県,-,-,-,中型,-,,147
2023-05-01,和歌山県,-,-,-,中型,-,,143
2023-05-01,鳥取県,-,-,-,中型,-,,74
2023-05-01,島根県,-,-,-,中型,-,,130
2023-05-01,岡山県,-,-,-,中型,-,,257
2023-05-01,広島県,-,-,-,中型,-,,439
2023-05-01,山口県,-,-,-,中型,-,,211
2023-05-01,徳島県,-,-,-,中型,-,,114
2023-05-01,香川県,-,-,-,中型,-,,168
2023-05-01,愛媛県,-,-,-,中型,-,,215
2023-05-01,高知県,-,-,-,中型,-,,104
2023-05-01,福岡県,-,-,-,中型,-,,581
2023-05-01,佐賀県,-,-,-,中型,-,,110
2023-05-01,長崎県,-,-,-,中型,-,,167
2023-05-01,熊本県,-,-,-,中型,-,,172
2023-05-01,大分県,-,-,-,中型,-,,159
2023-05-01,宮崎県,-,-,-,中型,-,,165
2023-05-01,鹿児島県,-,-,-,中型,-,,260
2023-05-01,沖縄県,-,-,-,中型,-,,255
2023-06-01,北海道,-,-,-,中型,-,,802
2023-06-01,青森県,-,-,-,中型,-,,193
2023-06-01,岩手県,-,-,-,中型,-,,188
2023-06-01,宮城県,-,-,-,中型,-,,317
2023-06-01,秋田県,-,-,-,中型,-,,148
2023-06-01,山形県,-,-,-,中型,-,,197
2023-06-01,福島県,-,-,-,中型,-,,270
2023-06-01,茨城県,-,-,-,中型,-,,395
2023-06-01,栃木県,-,-,-,中型,-,,269
2023-06-01,群馬県,-,-,-,中型,-,,220
2023-06-01,埼玉県,-,-,-,中型,-,,851
2023-06-01,千葉県,-,-,-,中型,-,,666
2023-06-01,東京都,-,-,-,中型,-,,1409
2023-06-01,神奈川県,-,-,-,中型,-,,962
2023-06-01,新潟県,-,-,-,中型,-,,338
2023-06-01,山梨県,-,-,-,中型,-,,113
2023-06-01,長野県,-,-,-,中型,-,,269
2023-06-01,富山県,-,-,-,中型,-,,140
2023-06-01,石川県,-,-,-,中型,-,,128
2023-06-01,福井県,-,-,-,中型,-,,127
2023-06-01,岐阜県,-,-,-,中型,-,,234
2023-06-01,静岡県,-,-,-,中型,-,,496
2023-06-01,愛知県,-,-,-,中型,-,,773
2023-06-01,三重県,-,-,-,中型,-,,238
2023-06-01,滋賀県,-,-,-,中型,-,,164
2023-06-01,京都府,-,-,-,中型,-,,337
2023-06-01,大阪府,-,-,-,中型,-,,1057
2023-06-01,兵庫県,-,-,-,中型,-,,734
2023-06-01,奈良県,-,-,-,中型,-,,147
2023-06-01,和歌山県,-,-,-,中型,-,,142
2023-06-01,鳥取県,-,-,-,中型,-,,73
2023-06-01,島根県,-,-,-,中型,-,,130
2023-06-01,岡山県,-,-,-,中型,-,,256
2023-06-01,広島県,-,-,-,中型,-,,438
2023-06-01,山口県,-,-,-,中型,-,,212
2023-06-01,徳島県,-,-,-,中型,-,,114
2023-06-01,香川県,-,-,-,中型,-,,166
2023-06-01,愛媛県,-,-,-,中型,-,,215
2023-06-01,高知県,-,-,-,中型,-,,104
2023-06-01,福岡県,-,-,-,中型,-,,579
2023-06-01,佐賀県,-,-,-,中型,-,,109
2023-06-01,長崎県,-,-,-,中型,-,,167
2023-06-01,熊本県,-,-,-,中型,-,,172
2023-06-01,大分県,-,-,-,中型,-,,161
2023-06-01,宮崎県,-,-,-,中型,-,,165
2023-06-01,鹿児島県,-,-,-,中型,-,,259
2023-06-01,沖縄県,-,-,-,中型,-,,254
2023-07-01,北海道,-,-,-,中型,-,,803
2023-07-01,青森県,-,-,-,中型,-,,193
2023-07-01,岩手県,-,-,-,中型,-,,188
2023-07-01,宮城県,-,-,-,中型,-,,316
2023-07-01,秋田県,-,-,-,中型,-,,147
2023-07-01,山形県,-,-,-,中型,-,,196
2023-07-01,福島県,-,-,-,中型,-,,271
2023-07-01,茨城県,-,-,-,中型,-,,397
2023-07-01,栃木県,-,-,-,中型,-,,266
2023-07-01,群馬県,-,-,-,中型,-,,225
2023-07-01,埼玉県,-,-,-,中型,-,,852
2023-07-01,千葉県,-,-,-,中型,-,,666
2023-07-01,東京都,-,-,-,中型,-,,1409
2023-07-01,神奈川県,-,-,-,中型,-,,962
2023-07-01,新潟県,-,-,-,中型,-,,338
2023-07-01,山梨県,-,-,-,中型,-,,113
2023-07-01,長野県,-,-,-,中型,-,,273
2023-07-01,富山県,-,-,-,中型,-,,141
2023-07-01,石川県,-,-,-,中型,-,,128
2023-07-01,福井県,-,-,-,中型,-,,127
2023-07-01,岐阜県,-,-,-,中型,-,,233
2023-07-01,静岡県,-,-,-,中型,-,,497
2023-07-01,愛知県,-,-,-,中型,-,,772
2023-07-01,三重県,-,-,-,中型,-,,240
2023-07-01,滋賀県,-,-,-,中型,-,,165
2023-07-01,京都府,-,-,-,中型,-,,338
2023-07-01,大阪府,-,-,-,中型,-,,1060
2023-07-01,兵庫県,-,-,-,中型,-,,735
2023-07-01,奈良県,-,-,-,中型,-,,147
2023-07-01,和歌山県,-,-,-,中型,-,,141
2023-07-01,鳥取県,-,-,-,中型,-,,73
2023-07-01,島根県,-,-,-,中型,-,,131
2023-07-01,岡山県,-,-,-,中型,-,,255
2023-07-01,広島県,-,-,-,中型,-,,437
2023-07-01,山口県,-,-,-,中型,-,,211
2023-07-01,徳島県,-,-,-,中型,-,,114
2023-07-01,香川県,-,-,-,中型,-,,166
2023-07-01,愛媛県,-,-,-,中型,-,,214
2023-07-01,高知県,-,-,-,中型,-,,106
2023-07-01,福岡県,-,-,-,中型,-,,580
2023-07-01,佐賀県,-,-,-,中型,-,,109
2023-07-01,長崎県,-,-,-,中型,-,,170
2023-07-01,熊本県,-,-,-,中型,-,,175
2023-07-01,大分県,-,-,-,中型,-,,161
2023-07-01,宮崎県,-,-,-,中型,-,,165
2023-07-01,鹿児島県,-,-,-,中型,-,,269
2023-07-01,沖縄県,-,-,-,中型,-,,254
2023-08-01,北海道,-,-,-,中型,-,,800
2023-08-01,青森県,-,-,-,中型,-,,195
2023-08-01,岩手県,-,-,-,中型,-,,188
2023-08-01,宮城県,-,-,-,中型,-,,314
2023-08-01,秋田県,-,-,-,中型,-,,147
2023-08-01,山形県,-,-,-,中型,-,,196
2023-08-01,福島県,-,-,-,中型,-,,273
2023-08-01,茨城県,-,-,-,中型,-,,397
2023-08-01,栃木県,-,-,-,中型,-,,266
2023-08-01,群馬県,-,-,-,中型,-,,225
2023-08-01,埼玉県,-,-,-,中型,-,,849
2023-08-01,千葉県,-,-,-,中型,-,,666
2023-08-01,東京都,-,-,-,中型,-,,1409
2023-08-01,神奈川県,-,-,-,中型,-,,965
2023-08-01,新潟県,-,-,-,中型,-,,339
2023-08-01,山梨県,-,-,-,中型,-,,113
2023-08-01,長野県,-,-,-,中型,-,,272
2023-08-01,富山県,-,-,-,中型,-,,139
2023-08-01,石川県,-,-,-,中型,-,,127
2023-08-01,福井県,-,-,-,中型,-,,127
2023-08-01,岐阜県,-,-,-,中型,-,,232
2023-08-01,静岡県,-,-,-,中型,-,,498
2023-08-01,愛知県,-,-,-,中型,-,,767
2023-08-01,三重県,-,-,-,中型,-,,238
2023-08-01,滋賀県,-,-,-,中型,-,,165
2023-08-01,京都府,-,-,-,中型,-,,338
2023-08-01,大阪府,-,-,-,中型,-,,1057
2023-08-01,兵庫県,-,-,-,中型,-,,727
2023-08-01,奈良県,-,-,-,中型,-,,147
2023-08-01,和歌山県,-,-,-,中型,-,,142
2023-08-01,鳥取県,-,-,-,中型,-,,73
2023-08-01,島根県,-,-,-,中型,-,,131
2023-08-01,岡山県,-,-,-,中型,-,,255
2023-08-01,広島県,-,-,-,中型,-,,437
2023-08-01,山口県,-,-,-,中型,-,,211
2023-08-01,徳島県,-,-,-,中型,-,,114
2023-08-01,香川県,-,-,-,中型,-,,167
2023-08-01,愛媛県,-,-,-,中型,-,,214
2023-08-01,高知県,-,-,-,中型,-,,106
2023-08-01,福岡県,-,-,-,中型,-,,582
2023-08-01,佐賀県,-,-,-,中型,-,,109
2023-08-01,長崎県,-,-,-,中型,-,,173
2023-08-01,熊本県,-,-,-,中型,-,,175
2023-08-01,大分県,-,-,-,中型,-,,161
2023-08-01,宮崎県,-,-,-,中型,-,,165
2023-08-01,鹿児島県,-,-,-,中型,-,,269
2023-08-01,沖縄県,-,-,-,中型,-,,250
2023-09-01,北海道,-,-,-,中型,-,,801
2023-09-01,青森県,-,-,-,中型,-,,194
2023-09-01,岩手県,-,-,-,中型,-,,188
2023-09-01,宮城県,-,-,-,中型,-,,315
2023-09-01,秋田県,-,-,-,中型,-,,147
2023-09-01,山形県,-,-,-,中型,-,,196
2023-09-01,福島県,-,-,-,中型,-,,274
2023-09-01,茨城県,-,-,-,中型,-,,396
2023-09-01,栃木県,-,-,-,中型,-,,266
2023-09-01,群馬県,-,-,-,中型,-,,225
2023-09-01,埼玉県,-,-,-,中型,-,,851
2023-09-01,千葉県,-,-,-,中型,-,,671
2023-09-01,東京都,-,-,-,中型,-,,1416
2023-09-01,神奈川県,-,-,-,中型,-,,967
2023-09-01,新潟県,-,-,-,中型,-,,336
2023-09-01,山梨県,-,-,-,中型,-,,113
2023-09-01,長野県,-,-,-,中型,-,,273
2023-09-01,富山県,-,-,-,中型,-,,139
2023-09-01,石川県,-,-,-,中型,-,,127
2023-09-01,福井県,-,-,-,中型,-,,127
2023-09-01,岐阜県,-,-,-,中型,-,,232
2023-09-01,静岡県,-,-,-,中型,-,,500
2023-09-01,愛知県,-,-,-,中型,-,,770
2023-09-01,三重県,-,-,-,中型,-,,237
2023-09-01,滋賀県,-,-,-,中型,-,,165
2023-09-01,京都府,-,-,-,中型,-,,337
2023-09-01,大阪府,-,-,-,中型,-,,1061
2023-09-01,兵庫県,-,-,-,中型,-,,727
2023-09-01,奈良県,-,-,-,中型,-,,148
2023-09-01,和歌山県,-,-,-,中型,-,,142
2023-09-01,鳥取県,-,-,-,中型,-,,73
2023-09-01,島根県,-,-,-,中型,-,,131
2023-09-01,岡山県,-,-,-,中型,-,,255
2023-09-01,広島県,-,-,-,中型,-,,436
2023-09-01,山口県,-,-,-,中型,-,,210
2023-09-01,徳島県,-,-,-,中型,-,,114
2023-09-01,香川県,-,-,-,中型,-,,167
2023-09-01,愛媛県,-,-,-,中型,-,,215
2023-09-01,高知県,-,-,-,中型,-,,104
2023-09-01,福岡県,-,-,-,中型,-,,580
2023-09-01,佐賀県,-,-,-,中型,-,,109
2023-09-01,長崎県,-,-,-,中型,-,,171
2023-09-01,熊本県,-,-,-,中型,-,,175
2023-09-01,大分県,-,-,-,中型,-,,162
2023-09-01,宮崎県,-,-,-,中型,-,,165
2023-09-01,鹿児島県,-,-,-,中型,-,,271
2023-09-01,沖縄県,-,-,-,中型,-,,250
2023-10-01,北海道,-,-,-,中型,-,,800
2023-10-01,青森県,-,-,-,中型,-,,183
2023-10-01,岩手県,-,-,-,中型,-,,188
2023-10-01,宮城県,-,-,-,中型,-,,314
2023-10-01,秋田県,-,-,-,中型,-,,147
2023-10-01,山形県,-,-,-,中型,-,,198
2023-10-01,福島県,-,-,-,中型,-,,275
2023-10-01,茨城県,-,-,-,中型,-,,398
2023-10-01,栃木県,-,-,-,中型,-,,267
2023-10-01,群馬県,-,-,-,中型,-,,225
2023-10-01,埼玉県,-,-,-,中型,-,,851
2023-10-01,千葉県,-,-,-,中型,-,,671
2023-10-01,東京都,-,-,-,中型,-,,1416
2023-10-01,神奈川県,-,-,-,中型,-,,965
2023-10-01,新潟県,-,-,-,中型,-,,335
2023-10-01,山梨県,-,-,-,中型,-,,114
2023-10-01,長野県,-,-,-,中型,-,,276
2023-10-01,富山県,-,-,-,中型,-,,138
2023-10-01,石川県,-,-,-,中型,-,,127
2023-10-01,福井県,-,-,-,中型,-,,127
2023-10-01,岐阜県,-,-,-,中型,-,,232
2023-10-01,静岡県,-,-,-,中型,-,,505
2023-10-01,愛知県,-,-,-,中型,-,,769
2023-10-01,三重県,-,-,-,中型,-,,237
2023-10-01,滋賀県,-,-,-,中型,-,,167
2023-10-01,京都府,-,-,-,中型,-,,339
2023-10-01,大阪府,-,-,-,中型,-,,1063
2023-10-01,兵庫県,-,-,-,中型,-,,726
2023-10-01,奈良県,-,-,-,中型,-,,148
2023-10-01,和歌山県,-,-,-,中型,-,,142
2023-10-01,鳥取県,-,-,-,中型,-,,74
2023-10-01,島根県,-,-,-,中型,-,,131
2023-10-01,岡山県,-,-,-,中型,-,,255
2023-10-01,広島県,-,-,-,中型,-,,434
2023-10-01,山口県,-,-,-,中型,-,,211
2023-10-01,徳島県,-,-,-,中型,-,,114
2023-10-01,香川県,-,-,-,中型,-,,168
2023-10-01,愛媛県,-,-,-,中型,-,,216
2023-10-01,高知県,-,-,-,中型,-,,104
2023-10-01,福岡県,-,-,-,中型,-,,582
2023-10-01,佐賀県,-,-,-,中型,-,,109
2023-10-01,長崎県,-,-,-,中型,-,,173
2023-10-01,熊本県,-,-,-,中型,-,,175
2023-10-01,大分県,-,-,-,中型,-,,162
2023-10-01,宮崎県,-,-,-,中型,-,,165
2023-10-01,鹿児島県,-,-,-,中型,-,,271
2023-10-01,沖縄県,-,-,-,中型,-,,250
2023-11-01,北海道,-,-,-,中型,-,,801
2023-11-01,青森県,-,-,-,中型,-,,185
2023-11-01,岩手県,-,-,-,中型,-,,189
2023-11-01,宮城県,-,-,-,中型,-,,316
2023-11-01,秋田県,-,-,-,中型,-,,147
2023-11-01,山形県,-,-,-,中型,-,,198
2023-11-01,福島県,-,-,-,中型,-,,274
2023-11-01,茨城県,-,-,-,中型,-,,400
2023-11-01,栃木県,-,-,-,中型,-,,268
2023-11-01,群馬県,-,-,-,中型,-,,226
2023-11-01,埼玉県,-,-,-,中型,-,,851
2023-11-01,千葉県,-,-,-,中型,-,,672
2023-11-01,東京都,-,-,-,中型,-,,1422
2023-11-01,神奈川県,-,-,-,中型,-,,965
2023-11-01,新潟県,-,-,-,中型,-,,335
2023-11-01,山梨県,-,-,-,中型,-,,114
2023-11-01,長野県,-,-,-,中型,-,,276
2023-11-01,富山県,-,-,-,中型,-,,139
2023-11-01,石川県,-,-,-,中型,-,,127
2023-11-01,福井県,-,-,-,中型,-,,127
2023-11-01,岐阜県,-,-,-,中型,-,,221
2023-11-01,静岡県,-,-,-,中型,-,,507
2023-11-01,愛知県,-,-,-,中型,-,,770
2023-11-01,三重県,-,-,-,中型,-,,237
2023-11-01,滋賀県,-,-,-,中型,-,,166
2023-11-01,京都府,-,-,-,中型,-,,340
2023-11-01,大阪府,-,-,-,中型,-,,1069
2023-11-01,兵庫県,-,-,-,中型,-,,722
2023-11-01,奈良県,-,-,-,中型,-,,148
2023-11-01,和歌山県,-,-,-,中型,-,,143
2023-11-01,鳥取県,-,-,-,中型,-,,75
2023-11-01,島根県,-,-,-,中型,-,,131
2023-11-01,岡山県,-,-,-,中型,-,,256
2023-11-01,広島県,-,-,-,中型,-,,435
2023-11-01,山口県,-,-,-,中型,-,,211
2023-11-01,徳島県,-,-,-,中型,-,,114
2023-11-01,香川県,-,-,-,中型,-,,168
2023-11-01,愛媛県,-,-,-,中型,-,,217
2023-11-01,高知県,-,-,-,中型,-,,103
2023-11-01,福岡県,-,-,-,中型,-,,583
2023-11-01,佐賀県,-,-,-,中型,-,,109
2023-11-01,長崎県,-,-,-,中型,-,,174
2023-11-01,熊本県,-,-,-,中型,-,,175
2023-11-01,大分県,-,-,-,中型,-,,162
2023-11-01,宮崎県,-,-,-,中型,-,,165
2023-11-01,鹿児島県,-,-,-,中型,-,,271
2023-11-01,沖縄県,-,-,-,中型,-,,250
2023-12-01,北海道,-,-,-,中型,-,,802
2023-12-01,青森県,-,-,-,中型,-,,186
2023-12-01,岩手県,-,-,-,中型,-,,187
2023-12-01,宮城県,-,-,-,中型,-,,318
2023-12-01,秋田県,-,-,-,中型,-,,147
2023-12-01,山形県,-,-,-,中型,-,,198
2023-12-01,福島県,-,-,-,中型,-,,275
2023-12-01,茨城県,-,-,-,中型,-,,400
2023-12-01,栃木県,-,-,-,中型,-,,268
2023-12-01,群馬県,-,-,-,中型,-,,227
2023-12-01,埼玉県,-,-,-,中型,-,,856
2023-12-01,千葉県,-,-,-,中型,-,,674
2023-12-01,東京都,-,-,-,中型,-,,1423
2023-12-01,神奈川県,-,-,-,中型,-,,965
2023-12-01,新潟県,-,-,-,中型,-,,334
2023-12-01,山梨県,-,-,-,中型,-,,115
2023-12-01,長野県,-,-,-,中型,-,,275
2023-12-01,富山県,-,-,-,中型,-,,139
2023-12-01,石川県,-,-,-,中型,-,,127
2023-12-01,福井県,-,-,-,中型,-,,128
2023-12-01,岐阜県,-,-,-,中型,-,,221
2023-12-01,静岡県,-,-,-,中型,-,,507
2023-12-01,愛知県,-,-,-,中型,-,,769
2023-12-01,三重県,-,-,-,中型,-,,237
2023-12-01,滋賀県,-,-,-,中型,-,,167
2023-12-01,京都府,-,-,-,中型,-,,340
2023-12-01,大阪府,-,-,-,中型,-,,1072
2023-12-01,兵庫県,-,-,-,中型,-,,722
2023-12-01,奈良県,-,-,-,中型,-,,149
2023-12-01,和歌山県,-,-,-,中型,-,,143
2023-12-01,鳥取県,-,-,-,中型,-,,76
2023-12-01,島根県,-,-,-,中型,-,,131
2023-12-01,岡山県,-,-,-,中型,-,,255
2023-12-01,広島県,-,-,-,中型,-,,436
2023-12-01,山口県,-,-,-,中型,-,,211
2023-12-01,徳島県,-,-,-,中型,-,,114
2023-12-01,香川県,-,-,-,中型,-,,167
2023-12-01,愛媛県,-,-,-,中型,-,,217
2023-12-01,高知県,-,-,-,中型,-,,101
2023-12-01,福岡県,-,-,-,中型,-,,584
2023-12-01,佐賀県,-,-,-,中型,-,,109
2023-12-01,長崎県,-,-,-,中型,-,,174
2023-12-01,熊本県,-,-,-,中型,-,,176
2023-12-01,大分県,-,-,-,中型,-,,162
2023-12-01,宮崎県,-,-,-,中型,-,,165
2023-12-01,鹿児島県,-,-,-,中型,-,,271
2023-12-01,沖縄県,-,-,-,中型,-,,249
2024-01-01,北海道,-,-,-,中型,-,,799
2024-01-01,青森県,-,-,-,中型,-,,186
2024-01-01,岩手県,-,-,-,中型,-,,187
2024-01-01,宮城県,-,-,-,中型,-,,316
2024-01-01,秋田県,-,-,-,中型,-,,147
2024-01-01,山形県,-,-,-,中型,-,,198
2024-01-01,福島県,-,-,-,中型,-,,275
2024-01-01,茨城県,-,-,-,中型,-,,400
2024-01-01,栃木県,-,-,-,中型,-,,268
2024-01-01,群馬県,-,-,-,中型,-,,227
2024-01-01,埼玉県,-,-,-,中型,-,,856
2024-01-01,千葉県,-,-,-,中型,-,,673
2024-01-01,東京都,-,-,-,中型,-,,1423
2024-01-01,神奈川県,-,-,-,中型,-,,962
2024-01-01,新潟県,-,-,-,中型,-,,333
2024-01-01,山梨県,-,-,-,中型,-,,115
2024-01-01,長野県,-,-,-,中型,-,,275
2024-01-01,富山県,-,-,-,中型,-,,139
2024-01-01,石川県,-,-,-,中型,-,,127
2024-01-01,福井県,-,-,-,中型,-,,129
2024-01-01,岐阜県,-,-,-,中型,-,,223
2024-01-01,静岡県,-,-,-,中型,-,,503
2024-01-01,愛知県,-,-,-,中型,-,,765
2024-01-01,三重県,-,-,-,中型,-,,237
2024-01-01,滋賀県,-,-,-,中型,-,,167
2024-01-01,京都府,-,-,-,中型,-,,340
2024-01-01,大阪府,-,-,-,中型,-,,1073
2024-01-01,兵庫県,-,-,-,中型,-,,710
2024-01-01,奈良県,-,-,-,中型,-,,150
2024-01-01,和歌山県,-,-,-,中型,-,,142
2024-01-01,鳥取県,-,-,-,中型,-,,71
2024-01-01,島根県,-,-,-,中型,-,,131
2024-01-01,岡山県,-,-,-,中型,-,,255
2024-01-01,広島県,-,-,-,中型,-,,438
2024-01-01,山口県,-,-,-,中型,-,,211
2024-01-01,徳島県,-,-,-,中型,-,,114
2024-01-01,香川県,-,-,-,中型,-,,167
2024-01-01,愛媛県,-,-,-,中型,-,,217
2024-01-01,高知県,-,-,-,中型,-,,101
2024-01-01,福岡県,-,-,-,中型,-,,584
2024-01-01,佐賀県,-,-,-,中型,-,,108
2024-01-01,長崎県,-,-,-,中型,-,,173
2024-01-01,熊本県,-,-,-,中型,-,,176
2024-01-01,大分県,-,-,-,中型,-,,159
2024-01-01,宮崎県,-,-,-,中型,-,,165
2024-01-01,鹿児島県,-,-,-,中型,-,,272
2024-01-01,沖縄県,-,-,-,中型,-,,249
2024-02-01,北海道,-,-,-,中型,-,,799
2024-02-01,青森県,-,-,-,中型,-,,186
2024-02-01,岩手県,-,-,-,中型,-,,187
2024-02-01,宮城県,-,-,-,中型,-,,316
2024-02-01,秋田県,-,-,-,中型,-,,147
2024-02-01,山形県,-,-,-,中型,-,,198
2024-02-01,福島県,-,-,-,中型,-,,275
2024-02-01,茨城県,-,-,-,中型,-,,402
2024-02-01,栃木県,-,-,-,中型,-,,271
2024-02-01,群馬県,-,-,-,中型,-,,231
2024-02-01,埼玉県,-,-,-,中型,-,,857
2024-02-01,千葉県,-,-,-,中型,-,,674
2024-02-01,東京都,-,-,-,中型,-,,1429
2024-02-01,神奈川県,-,-,-,中型,-,,961
2024-02-01,新潟県,-,-,-,中型,-,,333
2024-02-01,山梨県,-,-,-,中型,-,,114
2024-02-01,長野県,-,-,-,中型,-,,275
2024-02-01,富山県,-,-,-,中型,-,,138
2024-02-01,石川県,-,-,-,中型,-,,126
2024-02-01,福井県,-,-,-,中型,-,,130
2024-02-01,岐阜県,-,-,-,中型,-,,224
2024-02-01,静岡県,-,-,-,中型,-,,503
2024-02-01,愛知県,-,-,-,中型,-,,761
2024-02-01,三重県,-,-,-,中型,-,,238
2024-02-01,滋賀県,-,-,-,中型,-,,168
2024-02-01,京都府,-,-,-,中型,-,,339
2024-02-01,大阪府,-,-,-,中型,-,,1075
2024-02-01,兵庫県,-,-,-,中型,-,,711
2024-02-01,奈良県,-,-,-,中型,-,,150
2024-02-01,和歌山県,-,-,-,中型,-,,141
2024-02-01,鳥取県,-,-,-,中型,-,,70
2024-02-01,島根県,-,-,-,中型,-,,129
2024-02-01,岡山県,-,-,-,中型,-,,256
2024-02-01,広島県,-,-,-,中型,-,,438
2024-02-01,山口県,-,-,-,中型,-,,211
2024-02-01,徳島県,-,-,-,中型,-,,114
2024-02-01,香川県,-,-,-,中型,-,,167
2024-02-01,愛媛県,-,-,-,中型,-,,208
2024-02-01,高知県,-,-,-,中型,-,,101
2024-02-01,福岡県,-,-,-,中型,-,,584
2024-02-01,佐賀県,-,-,-,中型,-,,107
2024-02-01,長崎県,-,-,-,中型,-,,168
2024-02-01,熊本県,-,-,-,中型,-,,178
2024-02-01,大分県,-,-,-,中型,-,,161
2024-02-01,宮崎県,-,-,-,中型,-,,165
2024-02-01,鹿児島県,-,-,-,中型,-,,272
2024-02-01,沖縄県,-,-,-,中型,-,,249
2024-03-01,北海道,-,-,-,中型,-,,800
2024-03-01,青森県,-,-,-,中型,-,,186
2024-03-01,岩手県,-,-,-,中型,-,,186
2024-03-01,宮城県,-,-,-,中型,-,,315
2024-03-01,秋田県,-,-,-,中型,-,,147
2024-03-01,山形県,-,-,-,中型,-,,198
2024-03-01,福島県,-,-,-,中型,-,,275
2024-03-01,茨城県,-,-,-,中型,-,,401
2024-03-01,栃木県,-,-,-,中型,-,,269
2024-03-01,群馬県,-,-,-,中型,-,,233
2024-03-01,埼玉県,-,-,-,中型,-,,854
2024-03-01,千葉県,-,-,-,中型,-,,677
2024-03-01,東京都,-,-,-,中型,-,,1433
2024-03-01,神奈川県,-,-,-,中型,-,,960
2024-03-01,新潟県,-,-,-,中型,-,,332
2024-03-01,山梨県,-,-,-,中型,-,,114
2024-03-01,長野県,-,-,-,中型,-,,275
2024-03-01,富山県,-,-,-,中型,-,,138
2024-03-01,石川県,-,-,-,中型,-,,123
2024-03-01,福井県,-,-,-,中型,-,,129
2024-03-01,岐阜県,-,-,-,中型,-,,224
2024-03-01,静岡県,-,-,-,中型,-,,501
2024-03-01,愛知県,-,-,-,中型,-,,762
2024-03-01,三重県,-,-,-,中型,-,,238
2024-03-01,滋賀県,-,-,-,中型,-,,168
2024-03-01,京都府,-,-,-,中型,-,,345
2024-03-01,大阪府,-,-,-,中型,-,,1083
2024-03-01,兵庫県,-,-,-,中型,-,,716
2024-03-01,奈良県,-,-,-,中型,-,,152
2024-03-01,和歌山県,-,-,-,中型,-,,143
2024-03-01,鳥取県,-,-,-,中型,-,,70
2024-03-01,島根県,-,-,-,中型,-,,131
2024-03-01,岡山県,-,-,-,中型,-,,256
2024-03-01,広島県,-,-,-,中型,-,,437
2024-03-01,山口県,-,-,-,中型,-,,211
2024-03-01,徳島県,-,-,-,中型,-,,114
2024-03-01,香川県,-,-,-,中型,-,,169
2024-03-01,愛媛県,-,-,-,中型,-,,210
2024-03-01,高知県,-,-,-,中型,-,,101
2024-03-01,福岡県,-,-,-,中型,-,,585
2024-03-01,佐賀県,-,-,-,中型,-,,104
2024-03-01,長崎県,-,-,-,中型,-,,168
2024-03-01,熊本県,-,-,-,中型,-,,178
2024-03-01,大分県,-,-,-,中型,-,,161
2024-03-01,宮崎県,-,-,-,中型,-,,167
2024-03-01,鹿児島県,-,-,-,中型,-,,272
2024-03-01,沖縄県,-,-,-,中型,-,,250
2024-04-01,北海道,-,-,-,中型,-,,797
2024-04-01,青森県,-,-,-,中型,-,,185
2024-04-01,岩手県,-,-,-,中型,-,,186
2024-04-01,宮城県,-,-,-,中型,-,,316
2024-04-01,秋田県,-,-,-,中型,-,,147
2024-04-01,山形県,-,-,-,中型,-,,197
2024-04-01,福島県,-,-,-,中型,-,,274
2024-04-01,茨城県,-,-,-,中型,-,,401
2024-04-01,栃木県,-,-,-,中型,-,,270
2024-04-01,群馬県,-,-,-,中型,-,,233
2024-04-01,埼玉県,-,-,-,中型,-,,853
2024-04-01,千葉県,-,-,-,中型,-,,678
2024-04-01,東京都,-,-,-,中型,-,,1432
2024-04-01,神奈川県,-,-,-,中型,-,,962
2024-04-01,新潟県,-,-,-,中型,-,,331
2024-04-01,山梨県,-,-,-,中型,-,,114
2024-04-01,長野県,-,-,-,中型,-,,274
2024-04-01,富山県,-,-,-,中型,-,,139
2024-04-01,石川県,-,-,-,中型,-,,124
2024-04-01,福井県,-,-,-,中型,-,,127
2024-04-01,岐阜県,-,-,-,中型,-,,226
2024-04-01,静岡県,-,-,-,中型,-,,502
2024-04-01,愛知県,-,-,-,中型,-,,767
2024-04-01,三重県,-,-,-,中型,-,,238
2024-04-01,滋賀県,-,-,-,中型,-,,172
2024-04-01,京都府,-,-,-,中型,-,,346
2024-04-01,大阪府,-,-,-,中型,-,,1085
2024-04-01,兵庫県,-,-,-,中型,-,,719
2024-04-01,奈良県,-,-,-,中型,-,,152
2024-04-01,和歌山県,-,-,-,中型,-,,143
2024-04-01,鳥取県,-,-,-,中型,-,,72
2024-04-01,島根県,-,-,-,中型,-,,131
2024-04-01,岡山県,-,-,-,中型,-,,256
2024-04-01,広島県,-,-,-,中型,-,,435
2024-04-01,山口県,-,-,-,中型,-,,212
2024-04-01,徳島県,-,-,-,中型,-,,114
2024-04-01,香川県,-,-,-,中型,-,,170
2024-04-01,愛媛県,-,-,-,中型,-,,210
2024-04-01,高知県,-,-,-,中型,-,,101
2024-04-01,福岡県,-,-,-,中型,-,,586
2024-04-01,佐賀県,-,-,-,中型,-,,103
2024-04-01,長崎県,-,-,-,中型,-,,169
2024-04-01,熊本県,-,-,-,中型,-,,178
2024-04-01,大分県,-,-,-,中型,-,,161
2024-04-01,宮崎県,-,-,-,中型,-,,167
2024-04-01,鹿児島県,-,-,-,中型,-,,272
2024-04-01,沖縄県,-,-,-,中型,-,,250
2024-05-01,北海道,-,-,-,中型,-,,799
2024-05-01,青森県,-,-,-,中型,-,,184
2024-05-01,岩手県,-,-,-,中型,-,,186
2024-05-01,宮城県,-,-,-,中型,-,,313
2024-05-01,秋田県,-,-,-,中型,-,,146
2024-05-01,山形県,-,-,-,中型,-,,195
2024-05-01,福島県,-,-,-,中型,-,,274
2024-05-01,茨城県,-,-,-,中型,-,,401
2024-05-01,栃木県,-,-,-,中型,-,,272
2024-05-01,群馬県,-,-,-,中型,-,,237
2024-05-01,埼玉県,-,-,-,中型,-,,857
2024-05-01,千葉県,-,-,-,中型,-,,680
2024-05-01,東京都,-,-,-,中型,-,,1433
2024-05-01,神奈川県,-,-,-,中型,-,,962
2024-05-01,新潟県,-,-,-,中型,-,,333
2024-05-01,山梨県,-,-,-,中型,-,,114
2024-05-01,長野県,-,-,-,中型,-,,274
2024-05-01,富山県,-,-,-,中型,-,,139
2024-05-01,石川県,-,-,-,中型,-,,124
2024-05-01,福井県,-,-,-,中型,-,,127
2024-05-01,岐阜県,-,-,-,中型,-,,224
2024-05-01,静岡県,-,-,-,中型,-,,501
2024-05-01,愛知県,-,-,-,中型,-,,768
2024-05-01,三重県,-,-,-,中型,-,,236
2024-05-01,滋賀県,-,-,-,中型,-,,172
2024-05-01,京都府,-,-,-,中型,-,,346
2024-05-01,大阪府,-,-,-,中型,-,,1077
2024-05-01,兵庫県,-,-,-,中型,-,,711
2024-05-01,奈良県,-,-,-,中型,-,,152
2024-05-01,和歌山県,-,-,-,中型,-,,141
2024-05-01,鳥取県,-,-,-,中型,-,,73
2024-05-01,島根県,-,-,-,中型,-,,131
2024-05-01,岡山県,-,-,-,中型,-,,257
2024-05-01,広島県,-,-,-,中型,-,,434
2024-05-01,山口県,-,-,-,中型,-,,212
2024-05-01,徳島県,-,-,-,中型,-,,114
2024-05-01,香川県,-,-,-,中型,-,,170
2024-05-01,愛媛県,-,-,-,中型,-,,210
2024-05-01,高知県,-,-,-,中型,-,,101
2024-05-01,福岡県,-,-,-,中型,-,,585
2024-05-01,佐賀県,-,-,-,中型,-,,103
2024-05-01,長崎県,-,-,-,中型,-,,169
2024-05-01,熊本県,-,-,-,中型,-,,179
2024-05-01,大分県,-,-,-,中型,-,,161
2024-05-01,宮崎県,-,-,-,中型,-,,168
2024-05-01,鹿児島県,-,-,-,中型,-,,272
2024-05-01,沖縄県,-,-,-,中型,-,,247
2024-06-01,北海道,-,-,-,中型,-,,791
2024-06-01,青森県,-,-,-,中型,-,,184
2024-06-01,岩手県,-,-,-,中型,-,,186
2024-06-01,宮城県,-,-,-,中型,-,,313
2024-06-01,秋田県,-,-,-,中型,-,,147
2024-06-01,山形県,-,-,-,中型,-,,193
2024-06-01,福島県,-,-,-,中型,-,,275
2024-06-01,茨城県,-,-,-,中型,-,,401
2024-06-01,栃木県,-,-,-,中型,-,,272
2024-06-01,群馬県,-,-,-,中型,-,,237
2024-06-01,埼玉県,-,-,-,中型,-,,862
2024-06-01,千葉県,-,-,-,中型,-,,679
2024-06-01,東京都,-,-,-,中型,-,,1430
2024-06-01,神奈川県,-,-,-,中型,-,,960
2024-06-01,新潟県,-,-,-,中型,-,,335
2024-06-01,山梨県,-,-,-,中型,-,,114
2024-06-01,長野県,-,-,-,中型,-,,274
2024-06-01,富山県,-,-,-,中型,-,,140
2024-06-01,石川県,-,-,-,中型,-,,124
2024-06-01,福井県,-,-,-,中型,-,,126
2024-06-01,岐阜県,-,-,-,中型,-,,227
2024-06-01,静岡県,-,-,-,中型,-,,500
2024-06-01,愛知県,-,-,-,中型,-,,766
2024-06-01,三重県,-,-,-,中型,-,,238
2024-06-01,滋賀県,-,-,-,中型,-,,170
2024-06-01,京都府,-,-,-,中型,-,,349
2024-06-01,大阪府,-,-,-,中型,-,,1079
2024-06-01,兵庫県,-,-,-,中型,-,,710
2024-06-01,奈良県,-,-,-,中型,-,,154
2024-06-01,和歌山県,-,-,-,中型,-,,141
2024-06-01,鳥取県,-,-,-,中型,-,,74
2024-06-01,島根県,-,-,-,中型,-,,132
2024-06-01,岡山県,-,-,-,中型,-,,264
2024-06-01,広島県,-,-,-,中型,-,,434
2024-06-01,山口県,-,-,-,中型,-,,212
2024-06-01,徳島県,-,-,-,中型,-,,114
2024-06-01,香川県,-,-,-,中型,-,,170
2024-06-01,愛媛県,-,-,-,中型,-,,209
2024-06-01,高知県,-,-,-,中型,-,,102
2024-06-01,福岡県,-,-,-,中型,-,,586
2024-06-01,佐賀県,-,-,-,中型,-,,103
2024-06-01,長崎県,-,-,-,中型,-,,168
2024-06-01,熊本県,-,-,-,中型,-,,179
2024-06-01,大分県,-,-,-,中型,-,,164
2024-06-01,宮崎県,-,-,-,中型,-,,168
2024-06-01,鹿児島県,-,-,-,中型,-,,272
2024-06-01,沖縄県,-,-,-,中型,-,,246
2024-07-01,北海道,-,-,-,中型,-,,788
2024-07-01,青森県,-,-,-,中型,-,,184
2024-07-01,岩手県,-,-,-,中型,-,,186
2024-07-01,宮城県,-,-,-,中型,-,,312
2024-07-01,秋田県,-,-,-,中型,-,,145
2024-07-01,山形県,-,-,-,中型,-,,195
2024-07-01,福島県,-,-,-,中型,-,,275
2024-07-01,茨城県,-,-,-,中型,-,,401
2024-07-01,栃木県,-,-,-,中型,-,,272
2024-07-01,群馬県,-,-,-,中型,-,,236
2024-07-01,埼玉県,-,-,-,中型,-,,861
2024-07-01,千葉県,-,-,-,中型,-,,682
2024-07-01,東京都,-,-,-,中型,-,,1431
2024-07-01,神奈川県,-,-,-,中型,-,,961
2024-07-01,新潟県,-,-,-,中型,-,,335
2024-07-01,山梨県,-,-,-,中型,-,,114
2024-07-01,長野県,-,-,-,中型,-,,274
2024-07-01,富山県,-,-,-,中型,-,,140
2024-07-01,石川県,-,-,-,中型,-,,123
2024-07-01,福井県,-,-,-,中型,-,,126
2024-07-01,岐阜県,-,-,-,中型,-,,227
2024-07-01,静岡県,-,-,-,中型,-,,501
2024-07-01,愛知県,-,-,-,中型,-,,771
2024-07-01,三重県,-,-,-,中型,-,,238
2024-07-01,滋賀県,-,-,-,中型,-,,170
2024-07-01,京都府,-,-,-,中型,-,,346
2024-07-01,大阪府,-,-,-,中型,-,,1080
2024-07-01,兵庫県,-,-,-,中型,-,,707
2024-07-01,奈良県,-,-,-,中型,-,,157
2024-07-01,和歌山県,-,-,-,中型,-,,141
2024-07-01,鳥取県,-,-,-,中型,-,,72
2024-07-01,島根県,-,-,-,中型,-,,132
2024-07-01,岡山県,-,-,-,中型,-,,264
2024-07-01,広島県,-,-,-,中型,-,,433
2024-07-01,山口県,-,-,-,中型,-,,212
2024-07-01,徳島県,-,-,-,中型,-,,114
2024-07-01,香川県,-,-,-,中型,-,,170
2024-07-01,愛媛県,-,-,-,中型,-,,207
2024-07-01,高知県,-,-,-,中型,-,,102
2024-07-01,福岡県,-,-,-,中型,-,,586
2024-07-01,佐賀県,-,-,-,中型,-,,102
2024-07-01,長崎県,-,-,-,中型,-,,168
2024-07-01,熊本県,-,-,-,中型,-,,183
2024-07-01,大分県,-,-,-,中型,-,,164
2024-07-01,宮崎県,-,-,-,中型,-,,168
2024-07-01,鹿児島県,-,-,-,中型,-,,272
2024-07-01,沖縄県,-,-,-,中型,-,,246
2024-08-01,北海道,-,-,-,中型,-,,793
2024-08-01,青森県,-,-,-,中型,-,,185
2024-08-01,岩手県,-,-,-,中型,-,,186
2024-08-01,宮城県,-,-,-,中型,-,,314
2024-08-01,秋田県,-,-,-,中型,-,,145
2024-08-01,山形県,-,-,-,中型,-,,196
2024-08-01,福島県,-,-,-,中型,-,,275
2024-08-01,茨城県,-,-,-,中型,-,,402
2024-08-01,栃木県,-,-,-,中型,-,,272
2024-08-01,群馬県,-,-,-,中型,-,,236
2024-08-01,埼玉県,-,-,-,中型,-,,858
2024-08-01,千葉県,-,-,-,中型,-,,682
2024-08-01,東京都,-,-,-,中型,-,,1430
2024-08-01,神奈川県,-,-,-,中型,-,,960
2024-08-01,新潟県,-,-,-,中型,-,,335
2024-08-01,山梨県,-,-,-,中型,-,,114
2024-08-01,長野県,-,-,-,中型,-,,274
2024-08-01,富山県,-,-,-,中型,-,,140
2024-08-01,石川県,-,-,-,中型,-,,123
2024-08-01,福井県,-,-,-,中型,-,,125
2024-08-01,岐阜県,-,-,-,中型,-,,227
2024-08-01,静岡県,-,-,-,中型,-,,503
2024-08-01,愛知県,-,-,-,中型,-,,773
2024-08-01,三重県,-,-,-,中型,-,,237
2024-08-01,滋賀県,-,-,-,中型,-,,169
2024-08-01,京都府,-,-,-,中型,-,,346
2024-08-01,大阪府,-,-,-,中型,-,,1079
2024-08-01,兵庫県,-,-,-,中型,-,,708
2024-08-01,奈良県,-,-,-,中型,-,,156
2024-08-01,和歌山県,-,-,-,中型,-,,140
2024-08-01,鳥取県,-,-,-,中型,-,,72
2024-08-01,島根県,-,-,-,中型,-,,132
2024-08-01,岡山県,-,-,-,中型,-,,263
2024-08-01,広島県,-,-,-,中型,-,,432
2024-08-01,山口県,-,-,-,中型,-,,211
2024-08-01,徳島県,-,-,-,中型,-,,114
2024-08-01,香川県,-,-,-,中型,-,,169
2024-08-01,愛媛県,-,-,-,中型,-,,207
2024-08-01,高知県,-,-,-,中型,-,,101
2024-08-01,福岡県,-,-,-,中型,-,,581
2024-08-01,佐賀県,-,-,-,中型,-,,102
2024-08-01,長崎県,-,-,-,中型,-,,165
2024-08-01,熊本県,-,-,-,中型,-,,183
2024-08-01,大分県,-,-,-,中型,-,,164
2024-08-01,宮崎県,-,-,-,中型,-,,168
2024-08-01,鹿児島県,-,-,-,中型,-,,272
2024-08-01,沖縄県,-,-,-,中型,-,,246
2024-09-01,北海道,-,-,-,中型,-,,773
2024-09-01,青森県,-,-,-,中型,-,,185
2024-09-01,岩手県,-,-,-,中型,-,,186
2024-09-01,宮城県,-,-,-,中型,-,,314
2024-09-01,秋田県,-,-,-,中型,-,,145
2024-09-01,山形県,-,-,-,中型,-,,196
2024-09-01,福島県,-,-,-,中型,-,,274
2024-09-01,茨城県,-,-,-,中型,-,,402
2024-09-01,栃木県,-,-,-,中型,-,,274
2024-09-01,群馬県,-,-,-,中型,-,,236
2024-09-01,埼玉県,-,-,-,中型,-,,862
2024-09-01,千葉県,-,-,-,中型,-,,684
2024-09-01,東京都,-,-,-,中型,-,,1430
2024-09-01,神奈川県,-,-,-,中型,-,,961
2024-09-01,新潟県,-,-,-,中型,-,,332
2024-09-01,山梨県,-,-,-,中型,-,,112
2024-09-01,長野県,-,-,-,中型,-,,274
2024-09-01,富山県,-,-,-,中型,-,,140
2024-09-01,石川県,-,-,-,中型,-,,123
2024-09-01,福井県,-,-,-,中型,-,,126
2024-09-01,岐阜県,-,-,-,中型,-,,227
2024-09-01,静岡県,-,-,-,中型,-,,503
2024-09-01,愛知県,-,-,-,中型,-,,773
2024-09-01,三重県,-,-,-,中型,-,,232
2024-09-01,滋賀県,-,-,-,中型,-,,168
2024-09-01,京都府,-,-,-,中型,-,,347
2024-09-01,大阪府,-,-,-,中型,-,,1081
2024-09-01,兵庫県,-,-,-,中型,-,,708
2024-09-01,奈良県,-,-,-,中型,-,,155
2024-09-01,和歌山県,-,-,-,中型,-,,140
2024-09-01,鳥取県,-,-,-,中型,-,,72
2024-09-01,島根県,-,-,-,中型,-,,132
2024-09-01,岡山県,-,-,-,中型,-,,266
2024-09-01,広島県,-,-,-,中型,-,,433
2024-09-01,山口県,-,-,-,中型,-,,211
2024-09-01,徳島県,-,-,-,中型,-,,114
2024-09-01,香川県,-,-,-,中型,-,,162
2024-09-01,愛媛県,-,-,-,中型,-,,208
2024-09-01,高知県,-,-,-,中型,-,,101
2024-09-01,福岡県,-,-,-,中型,-,,575
2024-09-01,佐賀県,-,-,-,中型,-,,102
2024-09-01,長崎県,-,-,-,中型,-,,165
2024-09-01,熊本県,-,-,-,中型,-,,181
2024-09-01,大分県,-,-,-,中型,-,,163
2024-09-01,宮崎県,-,-,-,中型,-,,168
2024-09-01,鹿児島県,-,-,-,中型,-,,271
2024-09-01,沖縄県,-,-,-,中型,-,,246
2013-09-01,北海道,-,-,-,小型,-,,175
2013-09-01,青森県,-,-,-,小型,-,,30
2013-09-01,岩手県,-,-,-,小型,-,,44
2013-09-01,宮城県,-,-,-,小型,-,,37
2013-09-01,秋田県,-,-,-,小型,-,,10
2013-09-01,山形県,-,-,-,小型,-,,30
2013-09-01,福島県,-,-,-,小型,-,,103
2013-09-01,茨城県,-,-,-,小型,-,,56
2013-09-01,栃木県,-,-,-,小型,-,,41
2013-09-01,群馬県,-,-,-,小型,-,,31
2013-09-01,埼玉県,-,-,-,小型,-,,244
2013-09-01,千葉県,-,-,-,小型,-,,254
2013-09-01,東京都,-,-,-,小型,-,,905
2013-09-01,神奈川県,-,-,-,小型,-,,358
2013-09-01,新潟県,-,-,-,小型,-,,77
2013-09-01,山梨県,-,-,-,小型,-,,10
2013-09-01,長野県,-,-,-,小型,-,,16
2013-09-01,富山県,-,-,-,小型,-,,20
2013-09-01,石川県,-,-,-,小型,-,,48
2013-09-01,福井県,-,-,-,小型,-,,18
2013-09-01,岐阜県,-,-,-,小型,-,,36
2013-09-01,静岡県,-,-,-,小型,-,,100
2013-09-01,愛知県,-,-,-,小型,-,,99
2013-09-01,三重県,-,-,-,小型,-,,18
2013-09-01,滋賀県,-,-,-,小型,-,,24
2013-09-01,京都府,-,-,-,小型,-,,69
2013-09-01,大阪府,-,-,-,小型,-,,199
2013-09-01,兵庫県,-,-,-,小型,-,,146
2013-09-01,奈良県,-,-,-,小型,-,,41
2013-09-01,和歌山県,-,-,-,小型,-,,11
2013-09-01,鳥取県,-,-,-,小型,-,,8
2013-09-01,島根県,-,-,-,小型,-,,33
2013-09-01,岡山県,-,-,-,小型,-,,94
2013-09-01,広島県,-,-,-,小型,-,,60
2013-09-01,山口県,-,-,-,小型,-,,34
2013-09-01,徳島県,-,-,-,小型,-,,24
2013-09-01,香川県,-,-,-,小型,-,,7
2013-09-01,愛媛県,-,-,-,小型,-,,35
2013-09-01,高知県,-,-,-,小型,-,,38
2013-09-01,福岡県,-,-,-,小型,-,,83
2013-09-01,佐賀県,-,-,-,小型,-,,19
2013-09-01,長崎県,-,-,-,小型,-,,50
2013-09-01,熊本県,-,-,-,小型,-,,87
2013-09-01,大分県,-,-,-,小型,-,,40
2013-09-01,宮崎県,-,-,-,小型,-,,26
2013-09-01,鹿児島県,-,-,-,小型,-,,74
2013-09-01,沖縄県,-,-,-,小型,-,,11
2013-10-01,北海道,-,-,-,小型,-,,177
2013-10-01,青森県,-,-,-,小型,-,,30
2013-10-01,岩手県,-,-,-,小型,-,,44
2013-10-01,宮城県,-,-,-,小型,-,,37
2013-10-01,秋田県,-,-,-,小型,-,,10
2013-10-01,山形県,-,-,-,小型,-,,30
2013-10-01,福島県,-,-,-,小型,-,,103
2013-10-01,茨城県,-,-,-,小型,-,,55
2013-10-01,栃木県,-,-,-,小型,-,,41
2013-10-01,群馬県,-,-,-,小型,-,,31
2013-10-01,埼玉県,-,-,-,小型,-,,245
2013-10-01,千葉県,-,-,-,小型,-,,253
2013-10-01,東京都,-,-,-,小型,-,,909
2013-10-01,神奈川県,-,-,-,小型,-,,358
2013-10-01,新潟県,-,-,-,小型,-,,77
2013-10-01,山梨県,-,-,-,小型,-,,10
2013-10-01,長野県,-,-,-,小型,-,,16
2013-10-01,富山県,-,-,-,小型,-,,20
2013-10-01,石川県,-,-,-,小型,-,,47
2013-10-01,福井県,-,-,-,小型,-,,17
2013-10-01,岐阜県,-,-,-,小型,-,,36
2013-10-01,静岡県,-,-,-,小型,-,,100
2013-10-01,愛知県,-,-,-,小型,-,,99
2013-10-01,三重県,-,-,-,小型,-,,18
2013-10-01,滋賀県,-,-,-,小型,-,,24
2013-10-01,京都府,-,-,-,小型,-,,69
2013-10-01,大阪府,-,-,-,小型,-,,202
2013-10-01,兵庫県,-,-,-,小型,-,,146
2013-10-01,奈良県,-,-,-,小型,-,,41
2013-10-01,和歌山県,-,-,-,小型,-,,11
2013-10-01,鳥取県,-,-,-,小型,-,,8
2013-10-01,島根県,-,-,-,小型,-,,33
2013-10-01,岡山県,-,-,-,小型,-,,94
2013-10-01,広島県,-,-,-,小型,-,,61
2013-10-01,山口県,-,-,-,小型,-,,34
2013-10-01,徳島県,-,-,-,小型,-,,24
2013-10-01,香川県,-,-,-,小型,-,,7
2013-10-01,愛媛県,-,-,-,小型,-,,35
2013-10-01,高知県,-,-,-,小型,-,,38
2013-10-01,福岡県,-,-,-,小型,-,,83
2013-10-01,佐賀県,-,-,-,小型,-,,19
2013-10-01,長崎県,-,-,-,小型,-,,50
2013-10-01,熊本県,-,-,-,小型,-,,82
2013-10-01,大分県,-,-,-,小型,-,,41
2013-10-01,宮崎県,-,-,-,小型,-,,26
2013-10-01,鹿児島県,-,-,-,小型,-,,74
2013-10-01,沖縄県,-,-,-,小型,-,,11
2013-11-01,北海道,-,-,-,小型,-,,188
2013-11-01,青森県,-,-,-,小型,-,,35
2013-11-01,岩手県,-,-,-,小型,-,,48
2013-11-01,宮城県,-,-,-,小型,-,,41
2013-11-01,秋田県,-,-,-,小型,-,,11
2013-11-01,山形県,-,-,-,小型,-,,28
2013-11-01,福島県,-,-,-,小型,-,,106
2013-11-01,茨城県,-,-,-,小型,-,,64
2013-11-01,栃木県,-,-,-,小型,-,,41
2013-11-01,群馬県,-,-,-,小型,-,,32
2013-11-01,埼玉県,-,-,-,小型,-,,254
2013-11-01,千葉県,-,-,-,小型,-,,260
2013-11-01,東京都,-,-,-,小型,-,,927
2013-11-01,神奈川県,-,-,-,小型,-,,371
2013-11-01,新潟県,-,-,-,小型,-,,81
2013-11-01,山梨県,-,-,-,小型,-,,10
2013-11-01,長野県,-,-,-,小型,-,,19
2013-11-01,富山県,-,-,-,小型,-,,22
2013-11-01,石川県,-,-,-,小型,-,,53
2013-11-01,福井県,-,-,-,小型,-,,17
2013-11-01,岐阜県,-,-,-,小型,-,,38
2013-11-01,静岡県,-,-,-,小型,-,,105
2013-11-01,愛知県,-,-,-,小型,-,,112
2013-11-01,三重県,-,-,-,小型,-,,18
2013-11-01,滋賀県,-,-,-,小型,-,,23
2013-11-01,京都府,-,-,-,小型,-,,70
2013-11-01,大阪府,-,-,-,小型,-,,210
2013-11-01,兵庫県,-,-,-,小型,-,,150
2013-11-01,奈良県,-,-,-,小型,-,,42
2013-11-01,和歌山県,-,-,-,小型,-,,13
2013-11-01,鳥取県,-,-,-,小型,-,,8
2013-11-01,島根県,-,-,-,小型,-,,34
2013-11-01,岡山県,-,-,-,小型,-,,95
2013-11-01,広島県,-,-,-,小型,-,,61
2013-11-01,山口県,-,-,-,小型,-,,35
2013-11-01,徳島県,-,-,-,小型,-,,27
2013-11-01,香川県,-,-,-,小型,-,,7
2013-11-01,愛媛県,-,-,-,小型,-,,36
2013-11-01,高知県,-,-,-,小型,-,,39
2013-11-01,福岡県,-,-,-,小型,-,,86
2013-11-01,佐賀県,-,-,-,小型,-,,19
2013-11-01,長崎県,-,-,-,小型,-,,53
2013-11-01,熊本県,-,-,-,小型,-,,81
2013-11-01,大分県,-,-,-,小型,-,,43
2013-11-01,宮崎県,-,-,-,小型,-,,27
2013-11-01,鹿児島県,-,-,-,小型,-,,77
2013-11-01,沖縄県,-,-,-,小型,-,,10
2013-12-01,北海道,-,-,-,小型,-,,188
2013-12-01,青森県,-,-,-,小型,-,,35
2013-12-01,岩手県,-,-,-,小型,-,,48
2013-12-01,宮城県,-,-,-,小型,-,,42
2013-12-01,秋田県,-,-,-,小型,-,,11
2013-12-01,山形県,-,-,-,小型,-,,28
2013-12-01,福島県,-,-,-,小型,-,,106
2013-12-01,茨城県,-,-,-,小型,-,,64
2013-12-01,栃木県,-,-,-,小型,-,,41
2013-12-01,群馬県,-,-,-,小型,-,,28
2013-12-01,埼玉県,-,-,-,小型,-,,257
2013-12-01,千葉県,-,-,-,小型,-,,261
2013-12-01,東京都,-,-,-,小型,-,,936
2013-12-01,神奈川県,-,-,-,小型,-,,374
2013-12-01,新潟県,-,-,-,小型,-,,81
2013-12-01,山梨県,-,-,-,小型,-,,10
2013-12-01,長野県,-,-,-,小型,-,,19
2013-12-01,富山県,-,-,-,小型,-,,22
2013-12-01,石川県,-,-,-,小型,-,,53
2013-12-01,福井県,-,-,-,小型,-,,17
2013-12-01,岐阜県,-,-,-,小型,-,,38
2013-12-01,静岡県,-,-,-,小型,-,,107
2013-12-01,愛知県,-,-,-,小型,-,,112
2013-12-01,三重県,-,-,-,小型,-,,18
2013-12-01,滋賀県,-,-,-,小型,-,,24
2013-12-01,京都府,-,-,-,小型,-,,71
2013-12-01,大阪府,-,-,-,小型,-,,211
2013-12-01,兵庫県,-,-,-,小型,-,,149
2013-12-01,奈良県,-,-,-,小型,-,,42
2013-12-01,和歌山県,-,-,-,小型,-,,12
2013-12-01,鳥取県,-,-,-,小型,-,,8
2013-12-01,島根県,-,-,-,小型,-,,34
2013-12-01,岡山県,-,-,-,小型,-,,94
2013-12-01,広島県,-,-,-,小型,-,,61
2013-12-01,山口県,-,-,-,小型,-,,35
2013-12-01,徳島県,-,-,-,小型,-,,29
2013-12-01,香川県,-,-,-,小型,-,,7
2013-12-01,愛媛県,-,-,-,小型,-,,36
2013-12-01,高知県,-,-,-,小型,-,,40
2013-12-01,福岡県,-,-,-,小型,-,,90
2013-12-01,佐賀県,-,-,-,小型,-,,19
2013-12-01,長崎県,-,-,-,小型,-,,54
2013-12-01,熊本県,-,-,-,小型,-,,81
2013-12-01,大分県,-,-,-,小型,-,,38
2013-12-01,宮崎県,-,-,-,小型,-,,27
2013-12-01,鹿児島県,-,-,-,小型,-,,76
2013-12-01,沖縄県,-,-,-,小型,-,,10
2014-01-01,北海道,-,-,-,小型,-,,193
2014-01-01,青森県,-,-,-,小型,-,,33
2014-01-01,岩手県,-,-,-,小型,-,,48
2014-01-01,宮城県,-,-,-,小型,-,,43
2014-01-01,秋田県,-,-,-,小型,-,,11
2014-01-01,山形県,-,-,-,小型,-,,29
2014-01-01,福島県,-,-,-,小型,-,,104
2014-01-01,茨城県,-,-,-,小型,-,,63
2014-01-01,栃木県,-,-,-,小型,-,,41
2014-01-01,群馬県,-,-,-,小型,-,,27
2014-01-01,埼玉県,-,-,-,小型,-,,256
2014-01-01,千葉県,-,-,-,小型,-,,259
2014-01-01,東京都,-,-,-,小型,-,,935
2014-01-01,神奈川県,-,-,-,小型,-,,393
2014-01-01,新潟県,-,-,-,小型,-,,80
2014-01-01,山梨県,-,-,-,小型,-,,10
2014-01-01,長野県,-,-,-,小型,-,,20
2014-01-01,富山県,-,-,-,小型,-,,23
2014-01-01,石川県,-,-,-,小型,-,,54
2014-01-01,福井県,-,-,-,小型,-,,17
2014-01-01,岐阜県,-,-,-,小型,-,,39
2014-01-01,静岡県,-,-,-,小型,-,,107
2014-01-01,愛知県,-,-,-,小型,-,,113
2014-01-01,三重県,-,-,-,小型,-,,18
2014-01-01,滋賀県,-,-,-,小型,-,,19
2014-01-01,京都府,-,-,-,小型,-,,70
2014-01-01,大阪府,-,-,-,小型,-,,208
2014-01-01,兵庫県,-,-,-,小型,-,,147
2014-01-01,奈良県,-,-,-,小型,-,,39
2014-01-01,和歌山県,-,-,-,小型,-,,12
2014-01-01,鳥取県,-,-,-,小型,-,,9
2014-01-01,島根県,-,-,-,小型,-,,34
2014-01-01,岡山県,-,-,-,小型,-,,94
2014-01-01,広島県,-,-,-,小型,-,,61
2014-01-01,山口県,-,-,-,小型,-,,35
2014-01-01,徳島県,-,-,-,小型,-,,30
2014-01-01,香川県,-,-,-,小型,-,,7
2014-01-01,愛媛県,-,-,-,小型,-,,37
2014-01-01,高知県,-,-,-,小型,-,,41
2014-01-01,福岡県,-,-,-,小型,-,,90
2014-01-01,佐賀県,-,-,-,小型,-,,19
2014-01-01,長崎県,-,-,-,小型,-,,55
2014-01-01,熊本県,-,-,-,小型,-,,82
2014-01-01,大分県,-,-,-,小型,-,,38
2014-01-01,宮崎県,-,-,-,小型,-,,27
2014-01-01,鹿児島県,-,-,-,小型,-,,77
2014-01-01,沖縄県,-,-,-,小型,-,,10
2014-02-01,北海道,-,-,-,小型,-,,199
2014-02-01,青森県,-,-,-,小型,-,,33
2014-02-01,岩手県,-,-,-,小型,-,,48
2014-02-01,宮城県,-,-,-,小型,-,,43
2014-02-01,秋田県,-,-,-,小型,-,,11
2014-02-01,山形県,-,-,-,小型,-,,29
2014-02-01,福島県,-,-,-,小型,-,,104
2014-02-01,茨城県,-,-,-,小型,-,,64
2014-02-01,栃木県,-,-,-,小型,-,,41
2014-02-01,群馬県,-,-,-,小型,-,,27
2014-02-01,埼玉県,-,-,-,小型,-,,251
2014-02-01,千葉県,-,-,-,小型,-,,258
2014-02-01,東京都,-,-,-,小型,-,,933
2014-02-01,神奈川県,-,-,-,小型,-,,393
2014-02-01,新潟県,-,-,-,小型,-,,78
2014-02-01,山梨県,-,-,-,小型,-,,10
2014-02-01,長野県,-,-,-,小型,-,,20
2014-02-01,富山県,-,-,-,小型,-,,23
2014-02-01,石川県,-,-,-,小型,-,,54
2014-02-01,福井県,-,-,-,小型,-,,17
2014-02-01,岐阜県,-,-,-,小型,-,,39
2014-02-01,静岡県,-,-,-,小型,-,,106
2014-02-01,愛知県,-,-,-,小型,-,,113
2014-02-01,三重県,-,-,-,小型,-,,18
2014-02-01,滋賀県,-,-,-,小型,-,,19
2014-02-01,京都府,-,-,-,小型,-,,69
2014-02-01,大阪府,-,-,-,小型,-,,208
2014-02-01,兵庫県,-,-,-,小型,-,,150
2014-02-01,奈良県,-,-,-,小型,-,,40
2014-02-01,和歌山県,-,-,-,小型,-,,12
2014-02-01,鳥取県,-,-,-,小型,-,,9
2014-02-01,島根県,-,-,-,小型,-,,34
2014-02-01,岡山県,-,-,-,小型,-,,94
2014-02-01,広島県,-,-,-,小型,-,,60
2014-02-01,山口県,-,-,-,小型,-,,35
2014-02-01,徳島県,-,-,-,小型,-,,30
2014-02-01,香川県,-,-,-,小型,-,,7
2014-02-01,愛媛県,-,-,-,小型,-,,37
2014-02-01,高知県,-,-,-,小型,-,,41
2014-02-01,福岡県,-,-,-,小型,-,,89
2014-02-01,佐賀県,-,-,-,小型,-,,19
2014-02-01,長崎県,-,-,-,小型,-,,55
2014-02-01,熊本県,-,-,-,小型,-,,83
2014-02-01,大分県,-,-,-,小型,-,,38
2014-02-01,宮崎県,-,-,-,小型,-,,27
2014-02-01,鹿児島県,-,-,-,小型,-,,77
2014-02-01,沖縄県,-,-,-,小型,-,,10
2014-03-01,北海道,-,-,-,小型,-,,199
2014-03-01,青森県,-,-,-,小型,-,,29
2014-03-01,岩手県,-,-,-,小型,-,,48
2014-03-01,宮城県,-,-,-,小型,-,,43
2014-03-01,秋田県,-,-,-,小型,-,,11
2014-03-01,山形県,-,-,-,小型,-,,29
2014-03-01,福島県,-,-,-,小型,-,,104
2014-03-01,茨城県,-,-,-,小型,-,,64
2014-03-01,栃木県,-,-,-,小型,-,,42
2014-03-01,群馬県,-,-,-,小型,-,,26
2014-03-01,埼玉県,-,-,-,小型,-,,252
2014-03-01,千葉県,-,-,-,小型,-,,256
2014-03-01,東京都,-,-,-,小型,-,,942
2014-03-01,神奈川県,-,-,-,小型,-,,400
2014-03-01,新潟県,-,-,-,小型,-,,78
2014-03-01,山梨県,-,-,-,小型,-,,10
2014-03-01,長野県,-,-,-,小型,-,,20
2014-03-01,富山県,-,-,-,小型,-,,23
2014-03-01,石川県,-,-,-,小型,-,,54
2014-03-01,福井県,-,-,-,小型,-,,17
2014-03-01,岐阜県,-,-,-,小型,-,,39
2014-03-01,静岡県,-,-,-,小型,-,,105
2014-03-01,愛知県,-,-,-,小型,-,,114
2014-03-01,三重県,-,-,-,小型,-,,18
2014-03-01,滋賀県,-,-,-,小型,-,,19
2014-03-01,京都府,-,-,-,小型,-,,69
2014-03-01,大阪府,-,-,-,小型,-,,208
2014-03-01,兵庫県,-,-,-,小型,-,,150
2014-03-01,奈良県,-,-,-,小型,-,,40
2014-03-01,和歌山県,-,-,-,小型,-,,13
2014-03-01,鳥取県,-,-,-,小型,-,,9
2014-03-01,島根県,-,-,-,小型,-,,34
2014-03-01,岡山県,-,-,-,小型,-,,96
2014-03-01,広島県,-,-,-,小型,-,,60
2014-03-01,山口県,-,-,-,小型,-,,35
2014-03-01,徳島県,-,-,-,小型,-,,30
2014-03-01,香川県,-,-,-,小型,-,,7
2014-03-01,愛媛県,-,-,-,小型,-,,37
2014-03-01,高知県,-,-,-,小型,-,,41
2014-03-01,福岡県,-,-,-,小型,-,,91
2014-03-01,佐賀県,-,-,-,小型,-,,19
2014-03-01,長崎県,-,-,-,小型,-,,55
2014-03-01,熊本県,-,-,-,小型,-,,81
2014-03-01,大分県,-,-,-,小型,-,,38
2014-03-01,宮崎県,-,-,-,小型,-,,27
2014-03-01,鹿児島県,-,-,-,小型,-,,77
2014-03-01,沖縄県,-,-,-,小型,-,,10
2014-04-01,北海道,-,-,-,小型,-,,201
2014-04-01,青森県,-,-,-,小型,-,,29
2014-04-01,岩手県,-,-,-,小型,-,,48
2014-04-01,宮城県,-,-,-,小型,-,,43
2014-04-01,秋田県,-,-,-,小型,-,,12
2014-04-01,山形県,-,-,-,小型,-,,29
2014-04-01,福島県,-,-,-,小型,-,,104
2014-04-01,茨城県,-,-,-,小型,-,,64
2014-04-01,栃木県,-,-,-,小型,-,,43
2014-04-01,群馬県,-,-,-,小型,-,,27
2014-04-01,埼玉県,-,-,-,小型,-,,255
2014-04-01,千葉県,-,-,-,小型,-,,262
2014-04-01,東京都,-,-,-,小型,-,,961
2014-04-01,神奈川県,-,-,-,小型,-,,403
2014-04-01,新潟県,-,-,-,小型,-,,78
2014-04-01,山梨県,-,-,-,小型,-,,10
2014-04-01,長野県,-,-,-,小型,-,,20
2014-04-01,富山県,-,-,-,小型,-,,23
2014-04-01,石川県,-,-,-,小型,-,,54
2014-04-01,福井県,-,-,-,小型,-,,17
2014-04-01,岐阜県,-,-,-,小型,-,,39
2014-04-01,静岡県,-,-,-,小型,-,,105
2014-04-01,愛知県,-,-,-,小型,-,,115
2014-04-01,三重県,-,-,-,小型,-,,18
2014-04-01,滋賀県,-,-,-,小型,-,,19
2014-04-01,京都府,-,-,-,小型,-,,69
2014-04-01,大阪府,-,-,-,小型,-,,213
2014-04-01,兵庫県,-,-,-,小型,-,,151
2014-04-01,奈良県,-,-,-,小型,-,,41
2014-04-01,和歌山県,-,-,-,小型,-,,14
2014-04-01,鳥取県,-,-,-,小型,-,,9
2014-04-01,島根県,-,-,-,小型,-,,34
2014-04-01,岡山県,-,-,-,小型,-,,96
2014-04-01,広島県,-,-,-,小型,-,,60
2014-04-01,山口県,-,-,-,小型,-,,35
2014-04-01,徳島県,-,-,-,小型,-,,30
2014-04-01,香川県,-,-,-,小型,-,,7
2014-04-01,愛媛県,-,-,-,小型,-,,38
2014-04-01,高知県,-,-,-,小型,-,,41
2014-04-01,福岡県,-,-,-,小型,-,,88
2014-04-01,佐賀県,-,-,-,小型,-,,19
2014-04-01,長崎県,-,-,-,小型,-,,51
2014-04-01,熊本県,-,-,-,小型,-,,83
2014-04-01,大分県,-,-,-,小型,-,,38
2014-04-01,宮崎県,-,-,-,小型,-,,27
2014-04-01,鹿児島県,-,-,-,小型,-,,78
2014-04-01,沖縄県,-,-,-,小型,-,,10
2014-05-01,北海道,-,-,-,小型,-,,203
2014-05-01,青森県,-,-,-,小型,-,,29
2014-05-01,岩手県,-,-,-,小型,-,,43
2014-05-01,宮城県,-,-,-,小型,-,,43
2014-05-01,秋田県,-,-,-,小型,-,,12
2014-05-01,山形県,-,-,-,小型,-,,29
2014-05-01,福島県,-,-,-,小型,-,,104
2014-05-01,茨城県,-,-,-,小型,-,,64
2014-05-01,栃木県,-,-,-,小型,-,,43
2014-05-01,群馬県,-,-,-,小型,-,,27
2014-05-01,埼玉県,-,-,-,小型,-,,258
2014-05-01,千葉県,-,-,-,小型,-,,263
2014-05-01,東京都,-,-,-,小型,-,,972
2014-05-01,神奈川県,-,-,-,小型,-,,406
2014-05-01,新潟県,-,-,-,小型,-,,78
2014-05-01,山梨県,-,-,-,小型,-,,10
2014-05-01,長野県,-,-,-,小型,-,,20
2014-05-01,富山県,-,-,-,小型,-,,23
2014-05-01,石川県,-,-,-,小型,-,,54
2014-05-01,福井県,-,-,-,小型,-,,17
2014-05-01,岐阜県,-,-,-,小型,-,,39
2014-05-01,静岡県,-,-,-,小型,-,,105
2014-05-01,愛知県,-,-,-,小型,-,,114
2014-05-01,三重県,-,-,-,小型,-,,17
2014-05-01,滋賀県,-,-,-,小型,-,,19
2014-05-01,京都府,-,-,-,小型,-,,68
2014-05-01,大阪府,-,-,-,小型,-,,214
2014-05-01,兵庫県,-,-,-,小型,-,,151
2014-05-01,奈良県,-,-,-,小型,-,,41
2014-05-01,和歌山県,-,-,-,小型,-,,13
2014-05-01,鳥取県,-,-,-,小型,-,,9
2014-05-01,島根県,-,-,-,小型,-,,34
2014-05-01,岡山県,-,-,-,小型,-,,96
2014-05-01,広島県,-,-,-,小型,-,,60
2014-05-01,山口県,-,-,-,小型,-,,36
2014-05-01,徳島県,-,-,-,小型,-,,30
2014-05-01,香川県,-,-,-,小型,-,,7
2014-05-01,愛媛県,-,-,-,小型,-,,39
2014-05-01,高知県,-,-,-,小型,-,,42
2014-05-01,福岡県,-,-,-,小型,-,,88
2014-05-01,佐賀県,-,-,-,小型,-,,19
2014-05-01,長崎県,-,-,-,小型,-,,51
2014-05-01,熊本県,-,-,-,小型,-,,83
2014-05-01,大分県,-,-,-,小型,-,,37
2014-05-01,宮崎県,-,-,-,小型,-,,27
2014-05-01,鹿児島県,-,-,-,小型,-,,78
2014-05-01,沖縄県,-,-,-,小型,-,,10
2014-06-01,北海道,-,-,-,小型,-,,200
2014-06-01,青森県,-,-,-,小型,-,,29
2014-06-01,岩手県,-,-,-,小型,-,,43
2014-06-01,宮城県,-,-,-,小型,-,,43
2014-06-01,秋田県,-,-,-,小型,-,,12
2014-06-01,山形県,-,-,-,小型,-,,30
2014-06-01,福島県,-,-,-,小型,-,,105
2014-06-01,茨城県,-,-,-,小型,-,,63
2014-06-01,栃木県,-,-,-,小型,-,,43
2014-06-01,群馬県,-,-,-,小型,-,,25
2014-06-01,埼玉県,-,-,-,小型,-,,263
2014-06-01,千葉県,-,-,-,小型,-,,261
2014-06-01,東京都,-,-,-,小型,-,,980
2014-06-01,神奈川県,-,-,-,小型,-,,404
2014-06-01,新潟県,-,-,-,小型,-,,79
2014-06-01,山梨県,-,-,-,小型,-,,10
2014-06-01,長野県,-,-,-,小型,-,,21
2014-06-01,富山県,-,-,-,小型,-,,23
2014-06-01,石川県,-,-,-,小型,-,,54
2014-06-01,福井県,-,-,-,小型,-,,17
2014-06-01,岐阜県,-,-,-,小型,-,,37
2014-06-01,静岡県,-,-,-,小型,-,,104
2014-06-01,愛知県,-,-,-,小型,-,,117
2014-06-01,三重県,-,-,-,小型,-,,17
2014-06-01,滋賀県,-,-,-,小型,-,,19
2014-06-01,京都府,-,-,-,小型,-,,69
2014-06-01,大阪府,-,-,-,小型,-,,213
2014-06-01,兵庫県,-,-,-,小型,-,,153
2014-06-01,奈良県,-,-,-,小型,-,,41
2014-06-01,和歌山県,-,-,-,小型,-,,13
2014-06-01,鳥取県,-,-,-,小型,-,,9
2014-06-01,島根県,-,-,-,小型,-,,31
2014-06-01,岡山県,-,-,-,小型,-,,95
2014-06-01,広島県,-,-,-,小型,-,,58
2014-06-01,山口県,-,-,-,小型,-,,35
2014-06-01,徳島県,-,-,-,小型,-,,30
2014-06-01,香川県,-,-,-,小型,-,,7
2014-06-01,愛媛県,-,-,-,小型,-,,39
2014-06-01,高知県,-,-,-,小型,-,,42
2014-06-01,福岡県,-,-,-,小型,-,,87
2014-06-01,佐賀県,-,-,-,小型,-,,18
2014-06-01,長崎県,-,-,-,小型,-,,50
2014-06-01,熊本県,-,-,-,小型,-,,83
2014-06-01,大分県,-,-,-,小型,-,,38
2014-06-01,宮崎県,-,-,-,小型,-,,27
2014-06-01,鹿児島県,-,-,-,小型,-,,78
2014-06-01,沖縄県,-,-,-,小型,-,,9
2014-07-01,北海道,-,-,-,小型,-,,203
2014-07-01,青森県,-,-,-,小型,-,,30
2014-07-01,岩手県,-,-,-,小型,-,,43
2014-07-01,宮城県,-,-,-,小型,-,,43
2014-07-01,秋田県,-,-,-,小型,-,,12
2014-07-01,山形県,-,-,-,小型,-,,30
2014-07-01,福島県,-,-,-,小型,-,,105
2014-07-01,茨城県,-,-,-,小型,-,,64
2014-07-01,栃木県,-,-,-,小型,-,,41
2014-07-01,群馬県,-,-,-,小型,-,,25
2014-07-01,埼玉県,-,-,-,小型,-,,261
2014-07-01,千葉県,-,-,-,小型,-,,261
2014-07-01,東京都,-,-,-,小型,-,,995
2014-07-01,神奈川県,-,-,-,小型,-,,406
2014-07-01,新潟県,-,-,-,小型,-,,78
2014-07-01,山梨県,-,-,-,小型,-,,10
2014-07-01,長野県,-,-,-,小型,-,,20
2014-07-01,富山県,-,-,-,小型,-,,23
2014-07-01,石川県,-,-,-,小型,-,,54
2014-07-01,福井県,-,-,-,小型,-,,17
2014-07-01,岐阜県,-,-,-,小型,-,,37
2014-07-01,静岡県,-,-,-,小型,-,,101
2014-07-01,愛知県,-,-,-,小型,-,,120
2014-07-01,三重県,-,-,-,小型,-,,17
2014-07-01,滋賀県,-,-,-,小型,-,,19
2014-07-01,京都府,-,-,-,小型,-,,69
2014-07-01,大阪府,-,-,-,小型,-,,215
2014-07-01,兵庫県,-,-,-,小型,-,,155
2014-07-01,奈良県,-,-,-,小型,-,,41
2014-07-01,和歌山県,-,-,-,小型,-,,14
2014-07-01,鳥取県,-,-,-,小型,-,,9
2014-07-01,島根県,-,-,-,小型,-,,31
2014-07-01,岡山県,-,-,-,小型,-,,94
2014-07-01,広島県,-,-,-,小型,-,,58
2014-07-01,山口県,-,-,-,小型,-,,37
2014-07-01,徳島県,-,-,-,小型,-,,30
2014-07-01,香川県,-,-,-,小型,-,,7
2014-07-01,愛媛県,-,-,-,小型,-,,39
2014-07-01,高知県,-,-,-,小型,-,,42
2014-07-01,福岡県,-,-,-,小型,-,,87
2014-07-01,佐賀県,-,-,-,小型,-,,18
2014-07-01,長崎県,-,-,-,小型,-,,50
2014-07-01,熊本県,-,-,-,小型,-,,83
2014-07-01,大分県,-,-,-,小型,-,,38
2014-07-01,宮崎県,-,-,-,小型,-,,27
2014-07-01,鹿児島県,-,-,-,小型,-,,79
2014-07-01,沖縄県,-,-,-,小型,-,,10
2014-08-01,北海道,-,-,-,小型,-,,205
2014-08-01,青森県,-,-,-,小型,-,,30
2014-08-01,岩手県,-,-,-,小型,-,,43
2014-08-01,宮城県,-,-,-,小型,-,,43
2014-08-01,秋田県,-,-,-,小型,-,,12
2014-08-01,山形県,-,-,-,小型,-,,30
2014-08-01,福島県,-,-,-,小型,-,,105
2014-08-01,茨城県,-,-,-,小型,-,,64
2014-08-01,栃木県,-,-,-,小型,-,,41
2014-08-01,群馬県,-,-,-,小型,-,,25
2014-08-01,埼玉県,-,-,-,小型,-,,264
2014-08-01,千葉県,-,-,-,小型,-,,263
2014-08-01,東京都,-,-,-,小型,-,,1012
2014-08-01,神奈川県,-,-,-,小型,-,,408
2014-08-01,新潟県,-,-,-,小型,-,,76
2014-08-01,山梨県,-,-,-,小型,-,,10
2014-08-01,長野県,-,-,-,小型,-,,20
2014-08-01,富山県,-,-,-,小型,-,,23
2014-08-01,石川県,-,-,-,小型,-,,54
2014-08-01,福井県,-,-,-,小型,-,,16
2014-08-01,岐阜県,-,-,-,小型,-,,37
2014-08-01,静岡県,-,-,-,小型,-,,102
2014-08-01,愛知県,-,-,-,小型,-,,123
2014-08-01,三重県,-,-,-,小型,-,,17
2014-08-01,滋賀県,-,-,-,小型,-,,19
2014-08-01,京都府,-,-,-,小型,-,,69
2014-08-01,大阪府,-,-,-,小型,-,,215
2014-08-01,兵庫県,-,-,-,小型,-,,154
2014-08-01,奈良県,-,-,-,小型,-,,41
2014-08-01,和歌山県,-,-,-,小型,-,,14
2014-08-01,鳥取県,-,-,-,小型,-,,9
2014-08-01,島根県,-,-,-,小型,-,,31
2014-08-01,岡山県,-,-,-,小型,-,,92
2014-08-01,広島県,-,-,-,小型,-,,58
2014-08-01,山口県,-,-,-,小型,-,,37
2014-08-01,徳島県,-,-,-,小型,-,,30
2014-08-01,香川県,-,-,-,小型,-,,8
2014-08-01,愛媛県,-,-,-,小型,-,,39
2014-08-01,高知県,-,-,-,小型,-,,42
2014-08-01,福岡県,-,-,-,小型,-,,87
2014-08-01,佐賀県,-,-,-,小型,-,,18
2014-08-01,長崎県,-,-,-,小型,-,,50
2014-08-01,熊本県,-,-,-,小型,-,,83
2014-08-01,大分県,-,-,-,小型,-,,38
2014-08-01,宮崎県,-,-,-,小型,-,,27
2014-08-01,鹿児島県,-,-,-,小型,-,,79
2014-08-01,沖縄県,-,-,-,小型,-,,10
2014-09-01,北海道,-,-,-,小型,-,,206
2014-09-01,青森県,-,-,-,小型,-,,30
2014-09-01,岩手県,-,-,-,小型,-,,43
2014-09-01,宮城県,-,-,-,小型,-,,43
2014-09-01,秋田県,-,-,-,小型,-,,12
2014-09-01,山形県,-,-,-,小型,-,,30
2014-09-01,福島県,-,-,-,小型,-,,105
2014-09-01,茨城県,-,-,-,小型,-,,64
2014-09-01,栃木県,-,-,-,小型,-,,41
2014-09-01,群馬県,-,-,-,小型,-,,25
2014-09-01,埼玉県,-,-,-,小型,-,,263
2014-09-01,千葉県,-,-,-,小型,-,,263
2014-09-01,東京都,-,-,-,小型,-,,1021
2014-09-01,神奈川県,-,-,-,小型,-,,412
2014-09-01,新潟県,-,-,-,小型,-,,76
2014-09-01,山梨県,-,-,-,小型,-,,10
2014-09-01,長野県,-,-,-,小型,-,,20
2014-09-01,富山県,-,-,-,小型,-,,23
2014-09-01,石川県,-,-,-,小型,-,,54
2014-09-01,福井県,-,-,-,小型,-,,16
2014-09-01,岐阜県,-,-,-,小型,-,,37
2014-09-01,静岡県,-,-,-,小型,-,,102
2014-09-01,愛知県,-,-,-,小型,-,,126
2014-09-01,三重県,-,-,-,小型,-,,17
2014-09-01,滋賀県,-,-,-,小型,-,,19
2014-09-01,京都府,-,-,-,小型,-,,69
2014-09-01,大阪府,-,-,-,小型,-,,217
2014-09-01,兵庫県,-,-,-,小型,-,,153
2014-09-01,奈良県,-,-,-,小型,-,,41
2014-09-01,和歌山県,-,-,-,小型,-,,14
2014-09-01,鳥取県,-,-,-,小型,-,,10
2014-09-01,島根県,-,-,-,小型,-,,31
2014-09-01,岡山県,-,-,-,小型,-,,91
2014-09-01,広島県,-,-,-,小型,-,,58
2014-09-01,山口県,-,-,-,小型,-,,37
2014-09-01,徳島県,-,-,-,小型,-,,30
2014-09-01,香川県,-,-,-,小型,-,,8
2014-09-01,愛媛県,-,-,-,小型,-,,38
2014-09-01,高知県,-,-,-,小型,-,,42
2014-09-01,福岡県,-,-,-,小型,-,,87
2014-09-01,佐賀県,-,-,-,小型,-,,18
2014-09-01,長崎県,-,-,-,小型,-,,50
2014-09-01,熊本県,-,-,-,小型,-,,84
2014-09-01,大分県,-,-,-,小型,-,,38
2014-09-01,宮崎県,-,-,-,小型,-,,27
2014-09-01,鹿児島県,-,-,-,小型,-,,79
2014-09-01,沖縄県,-,-,-,小型,-,,10
2014-10-01,北海道,-,-,-,小型,-,,207
2014-10-01,青森県,-,-,-,小型,-,,30
2014-10-01,岩手県,-,-,-,小型,-,,43
2014-10-01,宮城県,-,-,-,小型,-,,43
2014-10-01,秋田県,-,-,-,小型,-,,12
2014-10-01,山形県,-,-,-,小型,-,,31
2014-10-01,福島県,-,-,-,小型,-,,105
2014-10-01,茨城県,-,-,-,小型,-,,64
2014-10-01,栃木県,-,-,-,小型,-,,41
2014-10-01,群馬県,-,-,-,小型,-,,25
2014-10-01,埼玉県,-,-,-,小型,-,,265
2014-10-01,千葉県,-,-,-,小型,-,,261
2014-10-01,東京都,-,-,-,小型,-,,1039
2014-10-01,神奈川県,-,-,-,小型,-,,421
2014-10-01,新潟県,-,-,-,小型,-,,76
2014-10-01,山梨県,-,-,-,小型,-,,10
2014-10-01,長野県,-,-,-,小型,-,,20
2014-10-01,富山県,-,-,-,小型,-,,23
2014-10-01,石川県,-,-,-,小型,-,,54
2014-10-01,福井県,-,-,-,小型,-,,16
2014-10-01,岐阜県,-,-,-,小型,-,,37
2014-10-01,静岡県,-,-,-,小型,-,,102
2014-10-01,愛知県,-,-,-,小型,-,,128
2014-10-01,三重県,-,-,-,小型,-,,17
2014-10-01,滋賀県,-,-,-,小型,-,,19
2014-10-01,京都府,-,-,-,小型,-,,69
2014-10-01,大阪府,-,-,-,小型,-,,218
2014-10-01,兵庫県,-,-,-,小型,-,,155
2014-10-01,奈良県,-,-,-,小型,-,,40
2014-10-01,和歌山県,-,-,-,小型,-,,14
2014-10-01,鳥取県,-,-,-,小型,-,,10
2014-10-01,島根県,-,-,-,小型,-,,31
2014-10-01,岡山県,-,-,-,小型,-,,92
2014-10-01,広島県,-,-,-,小型,-,,58
2014-10-01,山口県,-,-,-,小型,-,,37
2014-10-01,徳島県,-,-,-,小型,-,,30
2014-10-01,香川県,-,-,-,小型,-,,8
2014-10-01,愛媛県,-,-,-,小型,-,,38
2014-10-01,高知県,-,-,-,小型,-,,42
2014-10-01,福岡県,-,-,-,小型,-,,87
2014-10-01,佐賀県,-,-,-,小型,-,,16
2014-10-01,長崎県,-,-,-,小型,-,,50
2014-10-01,熊本県,-,-,-,小型,-,,85
2014-10-01,大分県,-,-,-,小型,-,,38
2014-10-01,宮崎県,-,-,-,小型,-,,27
2014-10-01,鹿児島県,-,-,-,小型,-,,77
2014-10-01,沖縄県,-,-,-,小型,-,,10
2014-11-01,北海道,-,-,-,小型,-,,210
2014-11-01,青森県,-,-,-,小型,-,,30
2014-11-01,岩手県,-,-,-,小型,-,,43
2014-11-01,宮城県,-,-,-,小型,-,,43
2014-11-01,秋田県,-,-,-,小型,-,,12
2014-11-01,山形県,-,-,-,小型,-,,31
2014-11-01,福島県,-,-,-,小型,-,,106
2014-11-01,茨城県,-,-,-,小型,-,,65
2014-11-01,栃木県,-,-,-,小型,-,,40
2014-11-01,群馬県,-,-,-,小型,-,,27
2014-11-01,埼玉県,-,-,-,小型,-,,268
2014-11-01,千葉県,-,-,-,小型,-,,258
2014-11-01,東京都,-,-,-,小型,-,,1046
2014-11-01,神奈川県,-,-,-,小型,-,,422
2014-11-01,新潟県,-,-,-,小型,-,,76
2014-11-01,山梨県,-,-,-,小型,-,,11
2014-11-01,長野県,-,-,-,小型,-,,20
2014-11-01,富山県,-,-,-,小型,-,,23
2014-11-01,石川県,-,-,-,小型,-,,52
2014-11-01,福井県,-,-,-,小型,-,,16
2014-11-01,岐阜県,-,-,-,小型,-,,37
2014-11-01,静岡県,-,-,-,小型,-,,103
2014-11-01,愛知県,-,-,-,小型,-,,128
2014-11-01,三重県,-,-,-,小型,-,,17
2014-11-01,滋賀県,-,-,-,小型,-,,19
2014-11-01,京都府,-,-,-,小型,-,,71
2014-11-01,大阪府,-,-,-,小型,-,,218
2014-11-01,兵庫県,-,-,-,小型,-,,156
2014-11-01,奈良県,-,-,-,小型,-,,40
2014-11-01,和歌山県,-,-,-,小型,-,,14
2014-11-01,鳥取県,-,-,-,小型,-,,11
2014-11-01,島根県,-,-,-,小型,-,,31
2014-11-01,岡山県,-,-,-,小型,-,,93
2014-11-01,広島県,-,-,-,小型,-,,58
2014-11-01,山口県,-,-,-,小型,-,,37
2014-11-01,徳島県,-,-,-,小型,-,,30
2014-11-01,香川県,-,-,-,小型,-,,7
2014-11-01,愛媛県,-,-,-,小型,-,,38
2014-11-01,高知県,-,-,-,小型,-,,42
2014-11-01,福岡県,-,-,-,小型,-,,87
2014-11-01,佐賀県,-,-,-,小型,-,,16
2014-11-01,長崎県,-,-,-,小型,-,,50
2014-11-01,熊本県,-,-,-,小型,-,,86
2014-11-01,大分県,-,-,-,小型,-,,38
2014-11-01,宮崎県,-,-,-,小型,-,,27
2014-11-01,鹿児島県,-,-,-,小型,-,,77
2014-11-01,沖縄県,-,-,-,小型,-,,10
2014-12-01,北海道,-,-,-,小型,-,,214
2014-12-01,青森県,-,-,-,小型,-,,30
2014-12-01,岩手県,-,-,-,小型,-,,43
2014-12-01,宮城県,-,-,-,小型,-,,43
2014-12-01,秋田県,-,-,-,小型,-,,12
2014-12-01,山形県,-,-,-,小型,-,,31
2014-12-01,福島県,-,-,-,小型,-,,106
2014-12-01,茨城県,-,-,-,小型,-,,65
2014-12-01,栃木県,-,-,-,小型,-,,41
2014-12-01,群馬県,-,-,-,小型,-,,30
2014-12-01,埼玉県,-,-,-,小型,-,,273
2014-12-01,千葉県,-,-,-,小型,-,,260
2014-12-01,東京都,-,-,-,小型,-,,1059
2014-12-01,神奈川県,-,-,-,小型,-,,424
2014-12-01,新潟県,-,-,-,小型,-,,76
2014-12-01,山梨県,-,-,-,小型,-,,11
2014-12-01,長野県,-,-,-,小型,-,,20
2014-12-01,富山県,-,-,-,小型,-,,23
2014-12-01,石川県,-,-,-,小型,-,,52
2014-12-01,福井県,-,-,-,小型,-,,16
2014-12-01,岐阜県,-,-,-,小型,-,,37
2014-12-01,静岡県,-,-,-,小型,-,,103
2014-12-01,愛知県,-,-,-,小型,-,,129
2014-12-01,三重県,-,-,-,小型,-,,17
2014-12-01,滋賀県,-,-,-,小型,-,,19
2014-12-01,京都府,-,-,-,小型,-,,71
2014-12-01,大阪府,-,-,-,小型,-,,219
2014-12-01,兵庫県,-,-,-,小型,-,,144
2014-12-01,奈良県,-,-,-,小型,-,,40
2014-12-01,和歌山県,-,-,-,小型,-,,14
2014-12-01,鳥取県,-,-,-,小型,-,,11
2014-12-01,島根県,-,-,-,小型,-,,31
2014-12-01,岡山県,-,-,-,小型,-,,95
2014-12-01,広島県,-,-,-,小型,-,,58
2014-12-01,山口県,-,-,-,小型,-,,37
2014-12-01,徳島県,-,-,-,小型,-,,30
2014-12-01,香川県,-,-,-,小型,-,,7
2014-12-01,愛媛県,-,-,-,小型,-,,38
2014-12-01,高知県,-,-,-,小型,-,,43
2014-12-01,福岡県,-,-,-,小型,-,,87
2014-12-01,佐賀県,-,-,-,小型,-,,16
2014-12-01,長崎県,-,-,-,小型,-,,50
2014-12-01,熊本県,-,-,-,小型,-,,86
2014-12-01,大分県,-,-,-,小型,-,,38
2014-12-01,宮崎県,-,-,-,小型,-,,32
2014-12-01,鹿児島県,-,-,-,小型,-,,80
2014-12-01,沖縄県,-,-,-,小型,-,,10
2015-01-01,北海道,-,-,-,小型,-,,215
2015-01-01,青森県,-,-,-,小型,-,,30
2015-01-01,岩手県,-,-,-,小型,-,,43
2015-01-01,宮城県,-,-,-,小型,-,,43
2015-01-01,秋田県,-,-,-,小型,-,,12
2015-01-01,山形県,-,-,-,小型,-,,31
2015-01-01,福島県,-,-,-,小型,-,,107
2015-01-01,茨城県,-,-,-,小型,-,,65
2015-01-01,栃木県,-,-,-,小型,-,,41
2015-01-01,群馬県,-,-,-,小型,-,,30
2015-01-01,埼玉県,-,-,-,小型,-,,272
2015-01-01,千葉県,-,-,-,小型,-,,260
2015-01-01,東京都,-,-,-,小型,-,,1065
2015-01-01,神奈川県,-,-,-,小型,-,,426
2015-01-01,新潟県,-,-,-,小型,-,,76
2015-01-01,山梨県,-,-,-,小型,-,,11
2015-01-01,長野県,-,-,-,小型,-,,20
2015-01-01,富山県,-,-,-,小型,-,,23
2015-01-01,石川県,-,-,-,小型,-,,52
2015-01-01,福井県,-,-,-,小型,-,,16
2015-01-01,岐阜県,-,-,-,小型,-,,37
2015-01-01,静岡県,-,-,-,小型,-,,104
2015-01-01,愛知県,-,-,-,小型,-,,130
2015-01-01,三重県,-,-,-,小型,-,,17
2015-01-01,滋賀県,-,-,-,小型,-,,19
2015-01-01,京都府,-,-,-,小型,-,,71
2015-01-01,大阪府,-,-,-,小型,-,,218
2015-01-01,兵庫県,-,-,-,小型,-,,144
2015-01-01,奈良県,-,-,-,小型,-,,40
2015-01-01,和歌山県,-,-,-,小型,-,,14
2015-01-01,鳥取県,-,-,-,小型,-,,11
2015-01-01,島根県,-,-,-,小型,-,,31
2015-01-01,岡山県,-,-,-,小型,-,,95
2015-01-01,広島県,-,-,-,小型,-,,59
2015-01-01,山口県,-,-,-,小型,-,,37
2015-01-01,徳島県,-,-,-,小型,-,,30
2015-01-01,香川県,-,-,-,小型,-,,7
2015-01-01,愛媛県,-,-,-,小型,-,,38
2015-01-01,高知県,-,-,-,小型,-,,44
2015-01-01,福岡県,-,-,-,小型,-,,86
2015-01-01,佐賀県,-,-,-,小型,-,,16
2015-01-01,長崎県,-,-,-,小型,-,,50
2015-01-01,熊本県,-,-,-,小型,-,,90
2015-01-01,大分県,-,-,-,小型,-,,38
2015-01-01,宮崎県,-,-,-,小型,-,,32
2015-01-01,鹿児島県,-,-,-,小型,-,,80
2015-01-01,沖縄県,-,-,-,小型,-,,10
2015-02-01,北海道,-,-,-,小型,-,,218
2015-02-01,青森県,-,-,-,小型,-,,31
2015-02-01,岩手県,-,-,-,小型,-,,45
2015-02-01,宮城県,-,-,-,小型,-,,43
2015-02-01,秋田県,-,-,-,小型,-,,13
2015-02-01,山形県,-,-,-,小型,-,,31
2015-02-01,福島県,-,-,-,小型,-,,107
2015-02-01,茨城県,-,-,-,小型,-,,66
2015-02-01,栃木県,-,-,-,小型,-,,41
2015-02-01,群馬県,-,-,-,小型,-,,29
2015-02-01,埼玉県,-,-,-,小型,-,,274
2015-02-01,千葉県,-,-,-,小型,-,,261
2015-02-01,東京都,-,-,-,小型,-,,1074
2015-02-01,神奈川県,-,-,-,小型,-,,430
2015-02-01,新潟県,-,-,-,小型,-,,77
2015-02-01,山梨県,-,-,-,小型,-,,11
2015-02-01,長野県,-,-,-,小型,-,,20
2015-02-01,富山県,-,-,-,小型,-,,23
2015-02-01,石川県,-,-,-,小型,-,,55
2015-02-01,福井県,-,-,-,小型,-,,16
2015-02-01,岐阜県,-,-,-,小型,-,,37
2015-02-01,静岡県,-,-,-,小型,-,,103
2015-02-01,愛知県,-,-,-,小型,-,,130
2015-02-01,三重県,-,-,-,小型,-,,17
2015-02-01,滋賀県,-,-,-,小型,-,,19
2015-02-01,京都府,-,-,-,小型,-,,71
2015-02-01,大阪府,-,-,-,小型,-,,220
2015-02-01,兵庫県,-,-,-,小型,-,,144
2015-02-01,奈良県,-,-,-,小型,-,,40
2015-02-01,和歌山県,-,-,-,小型,-,,14
2015-02-01,鳥取県,-,-,-,小型,-,,11
2015-02-01,島根県,-,-,-,小型,-,,32
2015-02-01,岡山県,-,-,-,小型,-,,95
2015-02-01,広島県,-,-,-,小型,-,,59
2015-02-01,山口県,-,-,-,小型,-,,37
2015-02-01,徳島県,-,-,-,小型,-,,30
2015-02-01,香川県,-,-,-,小型,-,,7
2015-02-01,愛媛県,-,-,-,小型,-,,38
2015-02-01,高知県,-,-,-,小型,-,,45
2015-02-01,福岡県,-,-,-,小型,-,,80
2015-02-01,佐賀県,-,-,-,小型,-,,18
2015-02-01,長崎県,-,-,-,小型,-,,50
2015-02-01,熊本県,-,-,-,小型,-,,92
2015-02-01,大分県,-,-,-,小型,-,,38
2015-02-01,宮崎県,-,-,-,小型,-,,33
2015-02-01,鹿児島県,-,-,-,小型,-,,81
2015-02-01,沖縄県,-,-,-,小型,-,,10
2015-03-01,北海道,-,-,-,小型,-,,221
2015-03-01,青森県,-,-,-,小型,-,,31
2015-03-01,岩手県,-,-,-,小型,-,,45
2015-03-01,宮城県,-,-,-,小型,-,,42
2015-03-01,秋田県,-,-,-,小型,-,,13
2015-03-01,山形県,-,-,-,小型,-,,32
2015-03-01,福島県,-,-,-,小型,-,,107
2015-03-01,茨城県,-,-,-,小型,-,,66
2015-03-01,栃木県,-,-,-,小型,-,,41
2015-03-01,群馬県,-,-,-,小型,-,,29
2015-03-01,埼玉県,-,-,-,小型,-,,276
2015-03-01,千葉県,-,-,-,小型,-,,262
2015-03-01,東京都,-,-,-,小型,-,,1076
2015-03-01,神奈川県,-,-,-,小型,-,,409
2015-03-01,新潟県,-,-,-,小型,-,,77
2015-03-01,山梨県,-,-,-,小型,-,,11
2015-03-01,長野県,-,-,-,小型,-,,20
2015-03-01,富山県,-,-,-,小型,-,,23
2015-03-01,石川県,-,-,-,小型,-,,55
2015-03-01,福井県,-,-,-,小型,-,,16
2015-03-01,岐阜県,-,-,-,小型,-,,37
2015-03-01,静岡県,-,-,-,小型,-,,103
2015-03-01,愛知県,-,-,-,小型,-,,129
2015-03-01,三重県,-,-,-,小型,-,,17
2015-03-01,滋賀県,-,-,-,小型,-,,19
2015-03-01,京都府,-,-,-,小型,-,,71
2015-03-01,大阪府,-,-,-,小型,-,,220
2015-03-01,兵庫県,-,-,-,小型,-,,143
2015-03-01,奈良県,-,-,-,小型,-,,41
2015-03-01,和歌山県,-,-,-,小型,-,,14
2015-03-01,鳥取県,-,-,-,小型,-,,11
2015-03-01,島根県,-,-,-,小型,-,,32
2015-03-01,岡山県,-,-,-,小型,-,,94
2015-03-01,広島県,-,-,-,小型,-,,59
2015-03-01,山口県,-,-,-,小型,-,,37
2015-03-01,徳島県,-,-,-,小型,-,,30
2015-03-01,香川県,-,-,-,小型,-,,7
2015-03-01,愛媛県,-,-,-,小型,-,,38
2015-03-01,高知県,-,-,-,小型,-,,45
2015-03-01,福岡県,-,-,-,小型,-,,80
2015-03-01,佐賀県,-,-,-,小型,-,,18
2015-03-01,長崎県,-,-,-,小型,-,,50
2015-03-01,熊本県,-,-,-,小型,-,,92
2015-03-01,大分県,-,-,-,小型,-,,38
2015-03-01,宮崎県,-,-,-,小型,-,,33
2015-03-01,鹿児島県,-,-,-,小型,-,,81
2015-03-01,沖縄県,-,-,-,小型,-,,10
2015-04-01,北海道,-,-,-,小型,-,,221
2015-04-01,青森県,-,-,-,小型,-,,31
2015-04-01,岩手県,-,-,-,小型,-,,45
2015-04-01,宮城県,-,-,-,小型,-,,41
2015-04-01,秋田県,-,-,-,小型,-,,13
2015-04-01,山形県,-,-,-,小型,-,,32
2015-04-01,福島県,-,-,-,小型,-,,107
2015-04-01,茨城県,-,-,-,小型,-,,67
2015-04-01,栃木県,-,-,-,小型,-,,45
2015-04-01,群馬県,-,-,-,小型,-,,29
2015-04-01,埼玉県,-,-,-,小型,-,,275
2015-04-01,千葉県,-,-,-,小型,-,,260
2015-04-01,東京都,-,-,-,小型,-,,1076
2015-04-01,神奈川県,-,-,-,小型,-,,405
2015-04-01,新潟県,-,-,-,小型,-,,77
2015-04-01,山梨県,-,-,-,小型,-,,11
2015-04-01,長野県,-,-,-,小型,-,,20
2015-04-01,富山県,-,-,-,小型,-,,23
2015-04-01,石川県,-,-,-,小型,-,,55
2015-04-01,福井県,-,-,-,小型,-,,16
2015-04-01,岐阜県,-,-,-,小型,-,,37
2015-04-01,静岡県,-,-,-,小型,-,,103
2015-04-01,愛知県,-,-,-,小型,-,,125
2015-04-01,三重県,-,-,-,小型,-,,17
2015-04-01,滋賀県,-,-,-,小型,-,,19
2015-04-01,京都府,-,-,-,小型,-,,71
2015-04-01,大阪府,-,-,-,小型,-,,218
2015-04-01,兵庫県,-,-,-,小型,-,,143
2015-04-01,奈良県,-,-,-,小型,-,,41
2015-04-01,和歌山県,-,-,-,小型,-,,14
2015-04-01,鳥取県,-,-,-,小型,-,,11
2015-04-01,島根県,-,-,-,小型,-,,29
2015-04-01,岡山県,-,-,-,小型,-,,94
2015-04-01,広島県,-,-,-,小型,-,,59
2015-04-01,山口県,-,-,-,小型,-,,36
2015-04-01,徳島県,-,-,-,小型,-,,30
2015-04-01,香川県,-,-,-,小型,-,,7
2015-04-01,愛媛県,-,-,-,小型,-,,38
2015-04-01,高知県,-,-,-,小型,-,,46
2015-04-01,福岡県,-,-,-,小型,-,,79
2015-04-01,佐賀県,-,-,-,小型,-,,18
2015-04-01,長崎県,-,-,-,小型,-,,50
2015-04-01,熊本県,-,-,-,小型,-,,97
2015-04-01,大分県,-,-,-,小型,-,,36
2015-04-01,宮崎県,-,-,-,小型,-,,32
2015-04-01,鹿児島県,-,-,-,小型,-,,81
2015-04-01,沖縄県,-,-,-,小型,-,,10
2015-05-01,北海道,-,-,-,小型,-,,227
2015-05-01,青森県,-,-,-,小型,-,,30
2015-05-01,岩手県,-,-,-,小型,-,,45
2015-05-01,宮城県,-,-,-,小型,-,,41
2015-05-01,秋田県,-,-,-,小型,-,,13
2015-05-01,山形県,-,-,-,小型,-,,32
2015-05-01,福島県,-,-,-,小型,-,,106
2015-05-01,茨城県,-,-,-,小型,-,,67
2015-05-01,栃木県,-,-,-,小型,-,,44
2015-05-01,群馬県,-,-,-,小型,-,,29
2015-05-01,埼玉県,-,-,-,小型,-,,274
2015-05-01,千葉県,-,-,-,小型,-,,262
2015-05-01,東京都,-,-,-,小型,-,,1082
2015-05-01,神奈川県,-,-,-,小型,-,,406
2015-05-01,新潟県,-,-,-,小型,-,,84
2015-05-01,山梨県,-,-,-,小型,-,,11
2015-05-01,長野県,-,-,-,小型,-,,22
2015-05-01,富山県,-,-,-,小型,-,,23
2015-05-01,石川県,-,-,-,小型,-,,51
2015-05-01,福井県,-,-,-,小型,-,,16
2015-05-01,岐阜県,-,-,-,小型,-,,37
2015-05-01,静岡県,-,-,-,小型,-,,101
2015-05-01,愛知県,-,-,-,小型,-,,124
2015-05-01,三重県,-,-,-,小型,-,,17
2015-05-01,滋賀県,-,-,-,小型,-,,19
2015-05-01,京都府,-,-,-,小型,-,,71
2015-05-01,大阪府,-,-,-,小型,-,,219
2015-05-01,兵庫県,-,-,-,小型,-,,142
2015-05-01,奈良県,-,-,-,小型,-,,42
2015-05-01,和歌山県,-,-,-,小型,-,,14
2015-05-01,鳥取県,-,-,-,小型,-,,11
2015-05-01,島根県,-,-,-,小型,-,,29
2015-05-01,岡山県,-,-,-,小型,-,,94
2015-05-01,広島県,-,-,-,小型,-,,58
2015-05-01,山口県,-,-,-,小型,-,,35
2015-05-01,徳島県,-,-,-,小型,-,,30
2015-05-01,香川県,-,-,-,小型,-,,7
2015-05-01,愛媛県,-,-,-,小型,-,,38
2015-05-01,高知県,-,-,-,小型,-,,46
2015-05-01,福岡県,-,-,-,小型,-,,80
2015-05-01,佐賀県,-,-,-,小型,-,,17
2015-05-01,長崎県,-,-,-,小型,-,,55
2015-05-01,熊本県,-,-,-,小型,-,,97
2015-05-01,大分県,-,-,-,小型,-,,37
2015-05-01,宮崎県,-,-,-,小型,-,,31
2015-05-01,鹿児島県,-,-,-,小型,-,,80
2015-05-01,沖縄県,-,-,-,小型,-,,10
2015-06-01,北海道,-,-,-,小型,-,,230
2015-06-01,青森県,-,-,-,小型,-,,30
2015-06-01,岩手県,-,-,-,小型,-,,45
2015-06-01,宮城県,-,-,-,小型,-,,41
2015-06-01,秋田県,-,-,-,小型,-,,13
2015-06-01,山形県,-,-,-,小型,-,,32
2015-06-01,福島県,-,-,-,小型,-,,106
2015-06-01,茨城県,-,-,-,小型,-,,67
2015-06-01,栃木県,-,-,-,小型,-,,44
2015-06-01,群馬県,-,-,-,小型,-,,29
2015-06-01,埼玉県,-,-,-,小型,-,,275
2015-06-01,千葉県,-,-,-,小型,-,,263
2015-06-01,東京都,-,-,-,小型,-,,1091
2015-06-01,神奈川県,-,-,-,小型,-,,410
2015-06-01,新潟県,-,-,-,小型,-,,84
2015-06-01,山梨県,-,-,-,小型,-,,11
2015-06-01,長野県,-,-,-,小型,-,,23
2015-06-01,富山県,-,-,-,小型,-,,23
2015-06-01,石川県,-,-,-,小型,-,,50
2015-06-01,福井県,-,-,-,小型,-,,16
2015-06-01,岐阜県,-,-,-,小型,-,,38
2015-06-01,静岡県,-,-,-,小型,-,,104
2015-06-01,愛知県,-,-,-,小型,-,,125
2015-06-01,三重県,-,-,-,小型,-,,17
2015-06-01,滋賀県,-,-,-,小型,-,,19
2015-06-01,京都府,-,-,-,小型,-,,70
2015-06-01,大阪府,-,-,-,小型,-,,218
2015-06-01,兵庫県,-,-,-,小型,-,,147
2015-06-01,奈良県,-,-,-,小型,-,,42
2015-06-01,和歌山県,-,-,-,小型,-,,14
2015-06-01,鳥取県,-,-,-,小型,-,,11
2015-06-01,島根県,-,-,-,小型,-,,29
2015-06-01,岡山県,-,-,-,小型,-,,94
2015-06-01,広島県,-,-,-,小型,-,,60
2015-06-01,山口県,-,-,-,小型,-,,34
2015-06-01,徳島県,-,-,-,小型,-,,31
2015-06-01,香川県,-,-,-,小型,-,,7
2015-06-01,愛媛県,-,-,-,小型,-,,38
2015-06-01,高知県,-,-,-,小型,-,,45
2015-06-01,福岡県,-,-,-,小型,-,,83
2015-06-01,佐賀県,-,-,-,小型,-,,18
2015-06-01,長崎県,-,-,-,小型,-,,55
2015-06-01,熊本県,-,-,-,小型,-,,98
2015-06-01,大分県,-,-,-,小型,-,,39
2015-06-01,宮崎県,-,-,-,小型,-,,31
2015-06-01,鹿児島県,-,-,-,小型,-,,80
2015-06-01,沖縄県,-,-,-,小型,-,,10
2015-07-01,北海道,-,-,-,小型,-,,234
2015-07-01,青森県,-,-,-,小型,-,,31
2015-07-01,岩手県,-,-,-,小型,-,,45
2015-07-01,宮城県,-,-,-,小型,-,,43
2015-07-01,秋田県,-,-,-,小型,-,,14
2015-07-01,山形県,-,-,-,小型,-,,32
2015-07-01,福島県,-,-,-,小型,-,,106
2015-07-01,茨城県,-,-,-,小型,-,,69
2015-07-01,栃木県,-,-,-,小型,-,,44
2015-07-01,群馬県,-,-,-,小型,-,,29
2015-07-01,埼玉県,-,-,-,小型,-,,275
2015-07-01,千葉県,-,-,-,小型,-,,263
2015-07-01,東京都,-,-,-,小型,-,,1105
2015-07-01,神奈川県,-,-,-,小型,-,,415
2015-07-01,新潟県,-,-,-,小型,-,,84
2015-07-01,山梨県,-,-,-,小型,-,,11
2015-07-01,長野県,-,-,-,小型,-,,24
2015-07-01,富山県,-,-,-,小型,-,,23
2015-07-01,石川県,-,-,-,小型,-,,50
2015-07-01,福井県,-,-,-,小型,-,,16
2015-07-01,岐阜県,-,-,-,小型,-,,38
2015-07-01,静岡県,-,-,-,小型,-,,105
2015-07-01,愛知県,-,-,-,小型,-,,125
2015-07-01,三重県,-,-,-,小型,-,,17
2015-07-01,滋賀県,-,-,-,小型,-,,20
2015-07-01,京都府,-,-,-,小型,-,,77
2015-07-01,大阪府,-,-,-,小型,-,,216
2015-07-01,兵庫県,-,-,-,小型,-,,147
2015-07-01,奈良県,-,-,-,小型,-,,42
2015-07-01,和歌山県,-,-,-,小型,-,,14
2015-07-01,鳥取県,-,-,-,小型,-,,11
2015-07-01,島根県,-,-,-,小型,-,,29
2015-07-01,岡山県,-,-,-,小型,-,,95
2015-07-01,広島県,-,-,-,小型,-,,59
2015-07-01,山口県,-,-,-,小型,-,,34
2015-07-01,徳島県,-,-,-,小型,-,,31
2015-07-01,香川県,-,-,-,小型,-,,7
2015-07-01,愛媛県,-,-,-,小型,-,,38
2015-07-01,高知県,-,-,-,小型,-,,45
2015-07-01,福岡県,-,-,-,小型,-,,84
2015-07-01,佐賀県,-,-,-,小型,-,,18
2015-07-01,長崎県,-,-,-,小型,-,,55
2015-07-01,熊本県,-,-,-,小型,-,,97
2015-07-01,大分県,-,-,-,小型,-,,39
2015-07-01,宮崎県,-,-,-,小型,-,,31
2015-07-01,鹿児島県,-,-,-,小型,-,,81
2015-07-01,沖縄県,-,-,-,小型,-,,10
2015-08-01,北海道,-,-,-,小型,-,,234
2015-08-01,青森県,-,-,-,小型,-,,31
2015-08-01,岩手県,-,-,-,小型,-,,45
2015-08-01,宮城県,-,-,-,小型,-,,41
2015-08-01,秋田県,-,-,-,小型,-,,14
2015-08-01,山形県,-,-,-,小型,-,,32
2015-08-01,福島県,-,-,-,小型,-,,106
2015-08-01,茨城県,-,-,-,小型,-,,69
2015-08-01,栃木県,-,-,-,小型,-,,44
2015-08-01,群馬県,-,-,-,小型,-,,29
2015-08-01,埼玉県,-,-,-,小型,-,,271
2015-08-01,千葉県,-,-,-,小型,-,,261
2015-08-01,東京都,-,-,-,小型,-,,1104
2015-08-01,神奈川県,-,-,-,小型,-,,418
2015-08-01,新潟県,-,-,-,小型,-,,84
2015-08-01,山梨県,-,-,-,小型,-,,11
2015-08-01,長野県,-,-,-,小型,-,,24
2015-08-01,富山県,-,-,-,小型,-,,23
2015-08-01,石川県,-,-,-,小型,-,,50
2015-08-01,福井県,-,-,-,小型,-,,16
2015-08-01,岐阜県,-,-,-,小型,-,,38
2015-08-01,静岡県,-,-,-,小型,-,,105
2015-08-01,愛知県,-,-,-,小型,-,,125
2015-08-01,三重県,-,-,-,小型,-,,17
2015-08-01,滋賀県,-,-,-,小型,-,,20
2015-08-01,京都府,-,-,-,小型,-,,78
2015-08-01,大阪府,-,-,-,小型,-,,216
2015-08-01,兵庫県,-,-,-,小型,-,,148
2015-08-01,奈良県,-,-,-,小型,-,,42
2015-08-01,和歌山県,-,-,-,小型,-,,14
2015-08-01,鳥取県,-,-,-,小型,-,,11
2015-08-01,島根県,-,-,-,小型,-,,29
2015-08-01,岡山県,-,-,-,小型,-,,95
2015-08-01,広島県,-,-,-,小型,-,,59
2015-08-01,山口県,-,-,-,小型,-,,34
2015-08-01,徳島県,-,-,-,小型,-,,31
2015-08-01,香川県,-,-,-,小型,-,,7
2015-08-01,愛媛県,-,-,-,小型,-,,38
2015-08-01,高知県,-,-,-,小型,-,,45
2015-08-01,福岡県,-,-,-,小型,-,,84
2015-08-01,佐賀県,-,-,-,小型,-,,18
2015-08-01,長崎県,-,-,-,小型,-,,55
2015-08-01,熊本県,-,-,-,小型,-,,97
2015-08-01,大分県,-,-,-,小型,-,,39
2015-08-01,宮崎県,-,-,-,小型,-,,31
2015-08-01,鹿児島県,-,-,-,小型,-,,81
2015-08-01,沖縄県,-,-,-,小型,-,,10
2015-09-01,北海道,-,-,-,小型,-,,234
2015-09-01,青森県,-,-,-,小型,-,,31
2015-09-01,岩手県,-,-,-,小型,-,,45
2015-09-01,宮城県,-,-,-,小型,-,,41
2015-09-01,秋田県,-,-,-,小型,-,,14
2015-09-01,山形県,-,-,-,小型,-,,32
2015-09-01,福島県,-,-,-,小型,-,,106
2015-09-01,茨城県,-,-,-,小型,-,,69
2015-09-01,栃木県,-,-,-,小型,-,,44
2015-09-01,群馬県,-,-,-,小型,-,,29
2015-09-01,埼玉県,-,-,-,小型,-,,273
2015-09-01,千葉県,-,-,-,小型,-,,263
2015-09-01,東京都,-,-,-,小型,-,,1107
2015-09-01,神奈川県,-,-,-,小型,-,,418
2015-09-01,新潟県,-,-,-,小型,-,,84
2015-09-01,山梨県,-,-,-,小型,-,,11
2015-09-01,長野県,-,-,-,小型,-,,24
2015-09-01,富山県,-,-,-,小型,-,,23
2015-09-01,石川県,-,-,-,小型,-,,50
2015-09-01,福井県,-,-,-,小型,-,,16
2015-09-01,岐阜県,-,-,-,小型,-,,38
2015-09-01,静岡県,-,-,-,小型,-,,105
2015-09-01,愛知県,-,-,-,小型,-,,126
2015-09-01,三重県,-,-,-,小型,-,,17
2015-09-01,滋賀県,-,-,-,小型,-,,20
2015-09-01,京都府,-,-,-,小型,-,,78
2015-09-01,大阪府,-,-,-,小型,-,,217
2015-09-01,兵庫県,-,-,-,小型,-,,147
2015-09-01,奈良県,-,-,-,小型,-,,42
2015-09-01,和歌山県,-,-,-,小型,-,,14
2015-09-01,鳥取県,-,-,-,小型,-,,11
2015-09-01,島根県,-,-,-,小型,-,,29
2015-09-01,岡山県,-,-,-,小型,-,,95
2015-09-01,広島県,-,-,-,小型,-,,59
2015-09-01,山口県,-,-,-,小型,-,,34
2015-09-01,徳島県,-,-,-,小型,-,,31
2015-09-01,香川県,-,-,-,小型,-,,7
2015-09-01,愛媛県,-,-,-,小型,-,,38
2015-09-01,高知県,-,-,-,小型,-,,45
2015-09-01,福岡県,-,-,-,小型,-,,84
2015-09-01,佐賀県,-,-,-,小型,-,,18
2015-09-01,長崎県,-,-,-,小型,-,,55
2015-09-01,熊本県,-,-,-,小型,-,,97
2015-09-01,大分県,-,-,-,小型,-,,39
2015-09-01,宮崎県,-,-,-,小型,-,,31
2015-09-01,鹿児島県,-,-,-,小型,-,,81
2015-09-01,沖縄県,-,-,-,小型,-,,10
2015-10-01,北海道,-,-,-,小型,-,,234
2015-10-01,青森県,-,-,-,小型,-,,31
2015-10-01,岩手県,-,-,-,小型,-,,47
2015-10-01,宮城県,-,-,-,小型,-,,41
2015-10-01,秋田県,-,-,-,小型,-,,14
2015-10-01,山形県,-,-,-,小型,-,,32
2015-10-01,福島県,-,-,-,小型,-,,106
2015-10-01,茨城県,-,-,-,小型,-,,68
2015-10-01,栃木県,-,-,-,小型,-,,44
2015-10-01,群馬県,-,-,-,小型,-,,28
2015-10-01,埼玉県,-,-,-,小型,-,,270
2015-10-01,千葉県,-,-,-,小型,-,,264
2015-10-01,東京都,-,-,-,小型,-,,1108
2015-10-01,神奈川県,-,-,-,小型,-,,417
2015-10-01,新潟県,-,-,-,小型,-,,84
2015-10-01,山梨県,-,-,-,小型,-,,11
2015-10-01,長野県,-,-,-,小型,-,,24
2015-10-01,富山県,-,-,-,小型,-,,23
2015-10-01,石川県,-,-,-,小型,-,,50
2015-10-01,福井県,-,-,-,小型,-,,16
2015-10-01,岐阜県,-,-,-,小型,-,,38
2015-10-01,静岡県,-,-,-,小型,-,,106
2015-10-01,愛知県,-,-,-,小型,-,,127
2015-10-01,三重県,-,-,-,小型,-,,16
2015-10-01,滋賀県,-,-,-,小型,-,,20
2015-10-01,京都府,-,-,-,小型,-,,78
2015-10-01,大阪府,-,-,-,小型,-,,226
2015-10-01,兵庫県,-,-,-,小型,-,,147
2015-10-01,奈良県,-,-,-,小型,-,,42
2015-10-01,和歌山県,-,-,-,小型,-,,14
2015-10-01,鳥取県,-,-,-,小型,-,,11
2015-10-01,島根県,-,-,-,小型,-,,29
2015-10-01,岡山県,-,-,-,小型,-,,95
2015-10-01,広島県,-,-,-,小型,-,,59
2015-10-01,山口県,-,-,-,小型,-,,34
2015-10-01,徳島県,-,-,-,小型,-,,31
2015-10-01,香川県,-,-,-,小型,-,,7
2015-10-01,愛媛県,-,-,-,小型,-,,38
2015-10-01,高知県,-,-,-,小型,-,,45
2015-10-01,福岡県,-,-,-,小型,-,,84
2015-10-01,佐賀県,-,-,-,小型,-,,19
2015-10-01,長崎県,-,-,-,小型,-,,55
2015-10-01,熊本県,-,-,-,小型,-,,93
2015-10-01,大分県,-,-,-,小型,-,,39
2015-10-01,宮崎県,-,-,-,小型,-,,31
2015-10-01,鹿児島県,-,-,-,小型,-,,81
2015-10-01,沖縄県,-,-,-,小型,-,,10
2015-11-01,北海道,-,-,-,小型,-,,232
2015-11-01,青森県,-,-,-,小型,-,,29
2015-11-01,岩手県,-,-,-,小型,-,,47
2015-11-01,宮城県,-,-,-,小型,-,,41
2015-11-01,秋田県,-,-,-,小型,-,,14
2015-11-01,山形県,-,-,-,小型,-,,32
2015-11-01,福島県,-,-,-,小型,-,,106
2015-11-01,茨城県,-,-,-,小型,-,,69
2015-11-01,栃木県,-,-,-,小型,-,,44
2015-11-01,群馬県,-,-,-,小型,-,,28
2015-11-01,埼玉県,-,-,-,小型,-,,272
2015-11-01,千葉県,-,-,-,小型,-,,266
2015-11-01,東京都,-,-,-,小型,-,,1109
2015-11-01,神奈川県,-,-,-,小型,-,,417
2015-11-01,新潟県,-,-,-,小型,-,,84
2015-11-01,山梨県,-,-,-,小型,-,,11
2015-11-01,長野県,-,-,-,小型,-,,24
2015-11-01,富山県,-,-,-,小型,-,,23
2015-11-01,石川県,-,-,-,小型,-,,50
2015-11-01,福井県,-,-,-,小型,-,,16
2015-11-01,岐阜県,-,-,-,小型,-,,38
2015-11-01,静岡県,-,-,-,小型,-,,106
2015-11-01,愛知県,-,-,-,小型,-,,130
2015-11-01,三重県,-,-,-,小型,-,,16
2015-11-01,滋賀県,-,-,-,小型,-,,20
2015-11-01,京都府,-,-,-,小型,-,,78
2015-11-01,大阪府,-,-,-,小型,-,,227
2015-11-01,兵庫県,-,-,-,小型,-,,147
2015-11-01,奈良県,-,-,-,小型,-,,42
2015-11-01,和歌山県,-,-,-,小型,-,,14
2015-11-01,鳥取県,-,-,-,小型,-,,11
2015-11-01,島根県,-,-,-,小型,-,,29
2015-11-01,岡山県,-,-,-,小型,-,,90
2015-11-01,広島県,-,-,-,小型,-,,57
2015-11-01,山口県,-,-,-,小型,-,,34
2015-11-01,徳島県,-,-,-,小型,-,,31
2015-11-01,香川県,-,-,-,小型,-,,8
2015-11-01,愛媛県,-,-,-,小型,-,,38
2015-11-01,高知県,-,-,-,小型,-,,45
2015-11-01,福岡県,-,-,-,小型,-,,84
2015-11-01,佐賀県,-,-,-,小型,-,,19
2015-11-01,長崎県,-,-,-,小型,-,,55
2015-11-01,熊本県,-,-,-,小型,-,,93
2015-11-01,大分県,-,-,-,小型,-,,39
2015-11-01,宮崎県,-,-,-,小型,-,,31
2015-11-01,鹿児島県,-,-,-,小型,-,,80
2015-11-01,沖縄県,-,-,-,小型,-,,10
2015-12-01,北海道,-,-,-,小型,-,,231
2015-12-01,青森県,-,-,-,小型,-,,28
2015-12-01,岩手県,-,-,-,小型,-,,47
2015-12-01,宮城県,-,-,-,小型,-,,41
2015-12-01,秋田県,-,-,-,小型,-,,14
2015-12-01,山形県,-,-,-,小型,-,,32
2015-12-01,福島県,-,-,-,小型,-,,106
2015-12-01,茨城県,-,-,-,小型,-,,67
2015-12-01,栃木県,-,-,-,小型,-,,44
2015-12-01,群馬県,-,-,-,小型,-,,28
2015-12-01,埼玉県,-,-,-,小型,-,,271
2015-12-01,千葉県,-,-,-,小型,-,,265
2015-12-01,東京都,-,-,-,小型,-,,1112
2015-12-01,神奈川県,-,-,-,小型,-,,419
2015-12-01,新潟県,-,-,-,小型,-,,84
2015-12-01,山梨県,-,-,-,小型,-,,10
2015-12-01,長野県,-,-,-,小型,-,,24
2015-12-01,富山県,-,-,-,小型,-,,23
2015-12-01,石川県,-,-,-,小型,-,,50
2015-12-01,福井県,-,-,-,小型,-,,16
2015-12-01,岐阜県,-,-,-,小型,-,,38
2015-12-01,静岡県,-,-,-,小型,-,,108
2015-12-01,愛知県,-,-,-,小型,-,,132
2015-12-01,三重県,-,-,-,小型,-,,16
2015-12-01,滋賀県,-,-,-,小型,-,,20
2015-12-01,京都府,-,-,-,小型,-,,78
2015-12-01,大阪府,-,-,-,小型,-,,227
2015-12-01,兵庫県,-,-,-,小型,-,,145
2015-12-01,奈良県,-,-,-,小型,-,,41
2015-12-01,和歌山県,-,-,-,小型,-,,14
2015-12-01,鳥取県,-,-,-,小型,-,,11
2015-12-01,島根県,-,-,-,小型,-,,29
2015-12-01,岡山県,-,-,-,小型,-,,90
2015-12-01,広島県,-,-,-,小型,-,,57
2015-12-01,山口県,-,-,-,小型,-,,34
2015-12-01,徳島県,-,-,-,小型,-,,33
2015-12-01,香川県,-,-,-,小型,-,,8
2015-12-01,愛媛県,-,-,-,小型,-,,38
2015-12-01,高知県,-,-,-,小型,-,,43
2015-12-01,福岡県,-,-,-,小型,-,,81
2015-12-01,佐賀県,-,-,-,小型,-,,19
2015-12-01,長崎県,-,-,-,小型,-,,55
2015-12-01,熊本県,-,-,-,小型,-,,92
2015-12-01,大分県,-,-,-,小型,-,,39
2015-12-01,宮崎県,-,-,-,小型,-,,31
2015-12-01,鹿児島県,-,-,-,小型,-,,80
2015-12-01,沖縄県,-,-,-,小型,-,,10
2016-01-01,北海道,-,-,-,小型,-,,230
2016-01-01,青森県,-,-,-,小型,-,,28
2016-01-01,岩手県,-,-,-,小型,-,,47
2016-01-01,宮城県,-,-,-,小型,-,,42
2016-01-01,秋田県,-,-,-,小型,-,,14
2016-01-01,山形県,-,-,-,小型,-,,32
2016-01-01,福島県,-,-,-,小型,-,,106
2016-01-01,茨城県,-,-,-,小型,-,,67
2016-01-01,栃木県,-,-,-,小型,-,,44
2016-01-01,群馬県,-,-,-,小型,-,,28
2016-01-01,埼玉県,-,-,-,小型,-,,273
2016-01-01,千葉県,-,-,-,小型,-,,265
2016-01-01,東京都,-,-,-,小型,-,,1112
2016-01-01,神奈川県,-,-,-,小型,-,,418
2016-01-01,新潟県,-,-,-,小型,-,,81
2016-01-01,山梨県,-,-,-,小型,-,,10
2016-01-01,長野県,-,-,-,小型,-,,27
2016-01-01,富山県,-,-,-,小型,-,,23
2016-01-01,石川県,-,-,-,小型,-,,50
2016-01-01,福井県,-,-,-,小型,-,,16
2016-01-01,岐阜県,-,-,-,小型,-,,39
2016-01-01,静岡県,-,-,-,小型,-,,107
2016-01-01,愛知県,-,-,-,小型,-,,134
2016-01-01,三重県,-,-,-,小型,-,,16
2016-01-01,滋賀県,-,-,-,小型,-,,20
2016-01-01,京都府,-,-,-,小型,-,,78
2016-01-01,大阪府,-,-,-,小型,-,,228
2016-01-01,兵庫県,-,-,-,小型,-,,145
2016-01-01,奈良県,-,-,-,小型,-,,41
2016-01-01,和歌山県,-,-,-,小型,-,,14
2016-01-01,鳥取県,-,-,-,小型,-,,10
2016-01-01,島根県,-,-,-,小型,-,,31
2016-01-01,岡山県,-,-,-,小型,-,,90
2016-01-01,広島県,-,-,-,小型,-,,57
2016-01-01,山口県,-,-,-,小型,-,,33
2016-01-01,徳島県,-,-,-,小型,-,,34
2016-01-01,香川県,-,-,-,小型,-,,8
2016-01-01,愛媛県,-,-,-,小型,-,,39
2016-01-01,高知県,-,-,-,小型,-,,42
2016-01-01,福岡県,-,-,-,小型,-,,82
2016-01-01,佐賀県,-,-,-,小型,-,,19
2016-01-01,長崎県,-,-,-,小型,-,,55
2016-01-01,熊本県,-,-,-,小型,-,,95
2016-01-01,大分県,-,-,-,小型,-,,40
2016-01-01,宮崎県,-,-,-,小型,-,,32
2016-01-01,鹿児島県,-,-,-,小型,-,,82
2016-01-01,沖縄県,-,-,-,小型,-,,10
2016-02-01,北海道,-,-,-,小型,-,,231
2016-02-01,青森県,-,-,-,小型,-,,28
2016-02-01,岩手県,-,-,-,小型,-,,47
2016-02-01,宮城県,-,-,-,小型,-,,44
2016-02-01,秋田県,-,-,-,小型,-,,14
2016-02-01,山形県,-,-,-,小型,-,,32
2016-02-01,福島県,-,-,-,小型,-,,107
2016-02-01,茨城県,-,-,-,小型,-,,66
2016-02-01,栃木県,-,-,-,小型,-,,44
2016-02-01,群馬県,-,-,-,小型,-,,28
2016-02-01,埼玉県,-,-,-,小型,-,,270
2016-02-01,千葉県,-,-,-,小型,-,,265
2016-02-01,東京都,-,-,-,小型,-,,1110
2016-02-01,神奈川県,-,-,-,小型,-,,419
2016-02-01,新潟県,-,-,-,小型,-,,81
2016-02-01,山梨県,-,-,-,小型,-,,10
2016-02-01,長野県,-,-,-,小型,-,,27
2016-02-01,富山県,-,-,-,小型,-,,23
2016-02-01,石川県,-,-,-,小型,-,,50
2016-02-01,福井県,-,-,-,小型,-,,16
2016-02-01,岐阜県,-,-,-,小型,-,,39
2016-02-01,静岡県,-,-,-,小型,-,,108
2016-02-01,愛知県,-,-,-,小型,-,,134
2016-02-01,三重県,-,-,-,小型,-,,16
2016-02-01,滋賀県,-,-,-,小型,-,,20
2016-02-01,京都府,-,-,-,小型,-,,77
2016-02-01,大阪府,-,-,-,小型,-,,228
2016-02-01,兵庫県,-,-,-,小型,-,,145
2016-02-01,奈良県,-,-,-,小型,-,,41
2016-02-01,和歌山県,-,-,-,小型,-,,14
2016-02-01,鳥取県,-,-,-,小型,-,,10
2016-02-01,島根県,-,-,-,小型,-,,31
2016-02-01,岡山県,-,-,-,小型,-,,84
2016-02-01,広島県,-,-,-,小型,-,,57
2016-02-01,山口県,-,-,-,小型,-,,33
2016-02-01,徳島県,-,-,-,小型,-,,34
2016-02-01,香川県,-,-,-,小型,-,,8
2016-02-01,愛媛県,-,-,-,小型,-,,39
2016-02-01,高知県,-,-,-,小型,-,,43
2016-02-01,福岡県,-,-,-,小型,-,,84
2016-02-01,佐賀県,-,-,-,小型,-,,19
2016-02-01,長崎県,-,-,-,小型,-,,55
2016-02-01,熊本県,-,-,-,小型,-,,95
2016-02-01,大分県,-,-,-,小型,-,,40
2016-02-01,宮崎県,-,-,-,小型,-,,32
2016-02-01,鹿児島県,-,-,-,小型,-,,82
2016-02-01,沖縄県,-,-,-,小型,-,,10
2016-03-01,北海道,-,-,-,小型,-,,231
2016-03-01,青森県,-,-,-,小型,-,,28
2016-03-01,岩手県,-,-,-,小型,-,,47
2016-03-01,宮城県,-,-,-,小型,-,,44
2016-03-01,秋田県,-,-,-,小型,-,,14
2016-03-01,山形県,-,-,-,小型,-,,31
2016-03-01,福島県,-,-,-,小型,-,,107
2016-03-01,茨城県,-,-,-,小型,-,,68
2016-03-01,栃木県,-,-,-,小型,-,,44
2016-03-01,群馬県,-,-,-,小型,-,,28
2016-03-01,埼玉県,-,-,-,小型,-,,272
2016-03-01,千葉県,-,-,-,小型,-,,270
2016-03-01,東京都,-,-,-,小型,-,,1152
2016-03-01,神奈川県,-,-,-,小型,-,,424
2016-03-01,新潟県,-,-,-,小型,-,,81
2016-03-01,山梨県,-,-,-,小型,-,,10
2016-03-01,長野県,-,-,-,小型,-,,27
2016-03-01,富山県,-,-,-,小型,-,,23
2016-03-01,石川県,-,-,-,小型,-,,49
2016-03-01,福井県,-,-,-,小型,-,,16
2016-03-01,岐阜県,-,-,-,小型,-,,39
2016-03-01,静岡県,-,-,-,小型,-,,108
2016-03-01,愛知県,-,-,-,小型,-,,137
2016-03-01,三重県,-,-,-,小型,-,,16
2016-03-01,滋賀県,-,-,-,小型,-,,20
2016-03-01,京都府,-,-,-,小型,-,,77
2016-03-01,大阪府,-,-,-,小型,-,,230
2016-03-01,兵庫県,-,-,-,小型,-,,146
2016-03-01,奈良県,-,-,-,小型,-,,41
2016-03-01,和歌山県,-,-,-,小型,-,,14
2016-03-01,鳥取県,-,-,-,小型,-,,10
2016-03-01,島根県,-,-,-,小型,-,,31
2016-03-01,岡山県,-,-,-,小型,-,,89
2016-03-01,広島県,-,-,-,小型,-,,57
2016-03-01,山口県,-,-,-,小型,-,,33
2016-03-01,徳島県,-,-,-,小型,-,,34
2016-03-01,香川県,-,-,-,小型,-,,8
2016-03-01,愛媛県,-,-,-,小型,-,,39
2016-03-01,高知県,-,-,-,小型,-,,43
2016-03-01,福岡県,-,-,-,小型,-,,85
2016-03-01,佐賀県,-,-,-,小型,-,,19
2016-03-01,長崎県,-,-,-,小型,-,,55
2016-03-01,熊本県,-,-,-,小型,-,,95
2016-03-01,大分県,-,-,-,小型,-,,40
2016-03-01,宮崎県,-,-,-,小型,-,,32
2016-03-01,鹿児島県,-,-,-,小型,-,,82
2016-03-01,沖縄県,-,-,-,小型,-,,10
2016-04-01,北海道,-,-,-,小型,-,,231
2016-04-01,青森県,-,-,-,小型,-,,28
2016-04-01,岩手県,-,-,-,小型,-,,47
2016-04-01,宮城県,-,-,-,小型,-,,44
2016-04-01,秋田県,-,-,-,小型,-,,14
2016-04-01,山形県,-,-,-,小型,-,,32
2016-04-01,福島県,-,-,-,小型,-,,107
2016-04-01,茨城県,-,-,-,小型,-,,68
2016-04-01,栃木県,-,-,-,小型,-,,44
2016-04-01,群馬県,-,-,-,小型,-,,28
2016-04-01,埼玉県,-,-,-,小型,-,,273
2016-04-01,千葉県,-,-,-,小型,-,,273
2016-04-01,東京都,-,-,-,小型,-,,1158
2016-04-01,神奈川県,-,-,-,小型,-,,427
2016-04-01,新潟県,-,-,-,小型,-,,81
2016-04-01,山梨県,-,-,-,小型,-,,10
2016-04-01,長野県,-,-,-,小型,-,,28
2016-04-01,富山県,-,-,-,小型,-,,23
2016-04-01,石川県,-,-,-,小型,-,,49
2016-04-01,福井県,-,-,-,小型,-,,16
2016-04-01,岐阜県,-,-,-,小型,-,,39
2016-04-01,静岡県,-,-,-,小型,-,,108
2016-04-01,愛知県,-,-,-,小型,-,,137
2016-04-01,三重県,-,-,-,小型,-,,16
2016-04-01,滋賀県,-,-,-,小型,-,,20
2016-04-01,京都府,-,-,-,小型,-,,77
2016-04-01,大阪府,-,-,-,小型,-,,232
2016-04-01,兵庫県,-,-,-,小型,-,,146
2016-04-01,奈良県,-,-,-,小型,-,,41
2016-04-01,和歌山県,-,-,-,小型,-,,14
2016-04-01,鳥取県,-,-,-,小型,-,,10
2016-04-01,島根県,-,-,-,小型,-,,31
2016-04-01,岡山県,-,-,-,小型,-,,85
2016-04-01,広島県,-,-,-,小型,-,,57
2016-04-01,山口県,-,-,-,小型,-,,33
2016-04-01,徳島県,-,-,-,小型,-,,34
2016-04-01,香川県,-,-,-,小型,-,,8
2016-04-01,愛媛県,-,-,-,小型,-,,38
2016-04-01,高知県,-,-,-,小型,-,,44
2016-04-01,福岡県,-,-,-,小型,-,,85
2016-04-01,佐賀県,-,-,-,小型,-,,19
2016-04-01,長崎県,-,-,-,小型,-,,55
2016-04-01,熊本県,-,-,-,小型,-,,95
2016-04-01,大分県,-,-,-,小型,-,,41
2016-04-01,宮崎県,-,-,-,小型,-,,32
2016-04-01,鹿児島県,-,-,-,小型,-,,82
2016-04-01,沖縄県,-,-,-,小型,-,,10
2016-05-01,北海道,-,-,-,小型,-,,228
2016-05-01,青森県,-,-,-,小型,-,,28
2016-05-01,岩手県,-,-,-,小型,-,,46
2016-05-01,宮城県,-,-,-,小型,-,,45
2016-05-01,秋田県,-,-,-,小型,-,,12
2016-05-01,山形県,-,-,-,小型,-,,32
2016-05-01,福島県,-,-,-,小型,-,,104
2016-05-01,茨城県,-,-,-,小型,-,,68
2016-05-01,栃木県,-,-,-,小型,-,,43
2016-05-01,群馬県,-,-,-,小型,-,,28
2016-05-01,埼玉県,-,-,-,小型,-,,271
2016-05-01,千葉県,-,-,-,小型,-,,273
2016-05-01,東京都,-,-,-,小型,-,,1168
2016-05-01,神奈川県,-,-,-,小型,-,,423
2016-05-01,新潟県,-,-,-,小型,-,,79
2016-05-01,山梨県,-,-,-,小型,-,,10
2016-05-01,長野県,-,-,-,小型,-,,27
2016-05-01,富山県,-,-,-,小型,-,,23
2016-05-01,石川県,-,-,-,小型,-,,48
2016-05-01,福井県,-,-,-,小型,-,,16
2016-05-01,岐阜県,-,-,-,小型,-,,39
2016-05-01,静岡県,-,-,-,小型,-,,109
2016-05-01,愛知県,-,-,-,小型,-,,137
2016-05-01,三重県,-,-,-,小型,-,,16
2016-05-01,滋賀県,-,-,-,小型,-,,20
2016-05-01,京都府,-,-,-,小型,-,,76
2016-05-01,大阪府,-,-,-,小型,-,,230
2016-05-01,兵庫県,-,-,-,小型,-,,147
2016-05-01,奈良県,-,-,-,小型,-,,40
2016-05-01,和歌山県,-,-,-,小型,-,,28
2016-05-01,鳥取県,-,-,-,小型,-,,10
2016-05-01,島根県,-,-,-,小型,-,,31
2016-05-01,岡山県,-,-,-,小型,-,,85
2016-05-01,広島県,-,-,-,小型,-,,57
2016-05-01,山口県,-,-,-,小型,-,,33
2016-05-01,徳島県,-,-,-,小型,-,,34
2016-05-01,香川県,-,-,-,小型,-,,8
2016-05-01,愛媛県,-,-,-,小型,-,,38
2016-05-01,高知県,-,-,-,小型,-,,47
2016-05-01,福岡県,-,-,-,小型,-,,85
2016-05-01,佐賀県,-,-,-,小型,-,,19
2016-05-01,長崎県,-,-,-,小型,-,,55
2016-05-01,熊本県,-,-,-,小型,-,,96
2016-05-01,大分県,-,-,-,小型,-,,41
2016-05-01,宮崎県,-,-,-,小型,-,,32
2016-05-01,鹿児島県,-,-,-,小型,-,,82
2016-05-01,沖縄県,-,-,-,小型,-,,10
2016-06-01,北海道,-,-,-,小型,-,,230
2016-06-01,青森県,-,-,-,小型,-,,28
2016-06-01,岩手県,-,-,-,小型,-,,46
2016-06-01,宮城県,-,-,-,小型,-,,46
2016-06-01,秋田県,-,-,-,小型,-,,12
2016-06-01,山形県,-,-,-,小型,-,,32
2016-06-01,福島県,-,-,-,小型,-,,105
2016-06-01,茨城県,-,-,-,小型,-,,68
2016-06-01,栃木県,-,-,-,小型,-,,43
2016-06-01,群馬県,-,-,-,小型,-,,28
2016-06-01,埼玉県,-,-,-,小型,-,,270
2016-06-01,千葉県,-,-,-,小型,-,,273
2016-06-01,東京都,-,-,-,小型,-,,1186
2016-06-01,神奈川県,-,-,-,小型,-,,426
2016-06-01,新潟県,-,-,-,小型,-,,80
2016-06-01,山梨県,-,-,-,小型,-,,10
2016-06-01,長野県,-,-,-,小型,-,,27
2016-06-01,富山県,-,-,-,小型,-,,23
2016-06-01,石川県,-,-,-,小型,-,,48
2016-06-01,福井県,-,-,-,小型,-,,16
2016-06-01,岐阜県,-,-,-,小型,-,,39
2016-06-01,静岡県,-,-,-,小型,-,,107
2016-06-01,愛知県,-,-,-,小型,-,,142
2016-06-01,三重県,-,-,-,小型,-,,16
2016-06-01,滋賀県,-,-,-,小型,-,,20
2016-06-01,京都府,-,-,-,小型,-,,77
2016-06-01,大阪府,-,-,-,小型,-,,234
2016-06-01,兵庫県,-,-,-,小型,-,,146
2016-06-01,奈良県,-,-,-,小型,-,,40
2016-06-01,和歌山県,-,-,-,小型,-,,28
2016-06-01,鳥取県,-,-,-,小型,-,,10
2016-06-01,島根県,-,-,-,小型,-,,32
2016-06-01,岡山県,-,-,-,小型,-,,85
2016-06-01,広島県,-,-,-,小型,-,,58
2016-06-01,山口県,-,-,-,小型,-,,33
2016-06-01,徳島県,-,-,-,小型,-,,34
2016-06-01,香川県,-,-,-,小型,-,,8
2016-06-01,愛媛県,-,-,-,小型,-,,38
2016-06-01,高知県,-,-,-,小型,-,,47
2016-06-01,福岡県,-,-,-,小型,-,,86
2016-06-01,佐賀県,-,-,-,小型,-,,20
2016-06-01,長崎県,-,-,-,小型,-,,55
2016-06-01,熊本県,-,-,-,小型,-,,96
2016-06-01,大分県,-,-,-,小型,-,,41
2016-06-01,宮崎県,-,-,-,小型,-,,32
2016-06-01,鹿児島県,-,-,-,小型,-,,82
2016-06-01,沖縄県,-,-,-,小型,-,,10
2016-07-01,北海道,-,-,-,小型,-,,230
2016-07-01,青森県,-,-,-,小型,-,,28
2016-07-01,岩手県,-,-,-,小型,-,,46
2016-07-01,宮城県,-,-,-,小型,-,,47
2016-07-01,秋田県,-,-,-,小型,-,,12
2016-07-01,山形県,-,-,-,小型,-,,32
2016-07-01,福島県,-,-,-,小型,-,,105
2016-07-01,茨城県,-,-,-,小型,-,,69
2016-07-01,栃木県,-,-,-,小型,-,,43
2016-07-01,群馬県,-,-,-,小型,-,,28
2016-07-01,埼玉県,-,-,-,小型,-,,271
2016-07-01,千葉県,-,-,-,小型,-,,274
2016-07-01,東京都,-,-,-,小型,-,,1190
2016-07-01,神奈川県,-,-,-,小型,-,,430
2016-07-01,新潟県,-,-,-,小型,-,,80
2016-07-01,山梨県,-,-,-,小型,-,,9
2016-07-01,長野県,-,-,-,小型,-,,27
2016-07-01,富山県,-,-,-,小型,-,,23
2016-07-01,石川県,-,-,-,小型,-,,48
2016-07-01,福井県,-,-,-,小型,-,,16
2016-07-01,岐阜県,-,-,-,小型,-,,39
2016-07-01,静岡県,-,-,-,小型,-,,109
2016-07-01,愛知県,-,-,-,小型,-,,143
2016-07-01,三重県,-,-,-,小型,-,,16
2016-07-01,滋賀県,-,-,-,小型,-,,20
2016-07-01,京都府,-,-,-,小型,-,,77
2016-07-01,大阪府,-,-,-,小型,-,,235
2016-07-01,兵庫県,-,-,-,小型,-,,146
2016-07-01,奈良県,-,-,-,小型,-,,40
2016-07-01,和歌山県,-,-,-,小型,-,,28
2016-07-01,鳥取県,-,-,-,小型,-,,10
2016-07-01,島根県,-,-,-,小型,-,,32
2016-07-01,岡山県,-,-,-,小型,-,,85
2016-07-01,広島県,-,-,-,小型,-,,57
2016-07-01,山口県,-,-,-,小型,-,,33
2016-07-01,徳島県,-,-,-,小型,-,,34
2016-07-01,香川県,-,-,-,小型,-,,8
2016-07-01,愛媛県,-,-,-,小型,-,,38
2016-07-01,高知県,-,-,-,小型,-,,47
2016-07-01,福岡県,-,-,-,小型,-,,89
2016-07-01,佐賀県,-,-,-,小型,-,,20
2016-07-01,長崎県,-,-,-,小型,-,,55
2016-07-01,熊本県,-,-,-,小型,-,,96
2016-07-01,大分県,-,-,-,小型,-,,41
2016-07-01,宮崎県,-,-,-,小型,-,,32
2016-07-01,鹿児島県,-,-,-,小型,-,,82
2016-07-01,沖縄県,-,-,-,小型,-,,10
2016-08-01,北海道,-,-,-,小型,-,,229
2016-08-01,青森県,-,-,-,小型,-,,28
2016-08-01,岩手県,-,-,-,小型,-,,46
2016-08-01,宮城県,-,-,-,小型,-,,47
2016-08-01,秋田県,-,-,-,小型,-,,12
2016-08-01,山形県,-,-,-,小型,-,,32
2016-08-01,福島県,-,-,-,小型,-,,105
2016-08-01,茨城県,-,-,-,小型,-,,69
2016-08-01,栃木県,-,-,-,小型,-,,39
2016-08-01,群馬県,-,-,-,小型,-,,28
2016-08-01,埼玉県,-,-,-,小型,-,,269
2016-08-01,千葉県,-,-,-,小型,-,,274
2016-08-01,東京都,-,-,-,小型,-,,1175
2016-08-01,神奈川県,-,-,-,小型,-,,431
2016-08-01,新潟県,-,-,-,小型,-,,81
2016-08-01,山梨県,-,-,-,小型,-,,9
2016-08-01,長野県,-,-,-,小型,-,,27
2016-08-01,富山県,-,-,-,小型,-,,23
2016-08-01,石川県,-,-,-,小型,-,,48
2016-08-01,福井県,-,-,-,小型,-,,16
2016-08-01,岐阜県,-,-,-,小型,-,,39
2016-08-01,静岡県,-,-,-,小型,-,,109
2016-08-01,愛知県,-,-,-,小型,-,,144
2016-08-01,三重県,-,-,-,小型,-,,16
2016-08-01,滋賀県,-,-,-,小型,-,,20
2016-08-01,京都府,-,-,-,小型,-,,77
2016-08-01,大阪府,-,-,-,小型,-,,236
2016-08-01,兵庫県,-,-,-,小型,-,,146
2016-08-01,奈良県,-,-,-,小型,-,,40
2016-08-01,和歌山県,-,-,-,小型,-,,28
2016-08-01,鳥取県,-,-,-,小型,-,,10
2016-08-01,島根県,-,-,-,小型,-,,32
2016-08-01,岡山県,-,-,-,小型,-,,84
2016-08-01,広島県,-,-,-,小型,-,,57
2016-08-01,山口県,-,-,-,小型,-,,33
2016-08-01,徳島県,-,-,-,小型,-,,34
2016-08-01,香川県,-,-,-,小型,-,,8
2016-08-01,愛媛県,-,-,-,小型,-,,38
2016-08-01,高知県,-,-,-,小型,-,,46
2016-08-01,福岡県,-,-,-,小型,-,,90
2016-08-01,佐賀県,-,-,-,小型,-,,19
2016-08-01,長崎県,-,-,-,小型,-,,55
2016-08-01,熊本県,-,-,-,小型,-,,96
2016-08-01,大分県,-,-,-,小型,-,,41
2016-08-01,宮崎県,-,-,-,小型,-,,32
2016-08-01,鹿児島県,-,-,-,小型,-,,82
2016-08-01,沖縄県,-,-,-,小型,-,,9
2016-09-01,北海道,-,-,-,小型,-,,232
2016-09-01,青森県,-,-,-,小型,-,,28
2016-09-01,岩手県,-,-,-,小型,-,,46
2016-09-01,宮城県,-,-,-,小型,-,,46
2016-09-01,秋田県,-,-,-,小型,-,,12
2016-09-01,山形県,-,-,-,小型,-,,32
2016-09-01,福島県,-,-,-,小型,-,,105
2016-09-01,茨城県,-,-,-,小型,-,,70
2016-09-01,栃木県,-,-,-,小型,-,,39
2016-09-01,群馬県,-,-,-,小型,-,,28
2016-09-01,埼玉県,-,-,-,小型,-,,270
2016-09-01,千葉県,-,-,-,小型,-,,274
2016-09-01,東京都,-,-,-,小型,-,,1179
2016-09-01,神奈川県,-,-,-,小型,-,,429
2016-09-01,新潟県,-,-,-,小型,-,,84
2016-09-01,山梨県,-,-,-,小型,-,,9
2016-09-01,長野県,-,-,-,小型,-,,27
2016-09-01,富山県,-,-,-,小型,-,,22
2016-09-01,石川県,-,-,-,小型,-,,50
2016-09-01,福井県,-,-,-,小型,-,,16
2016-09-01,岐阜県,-,-,-,小型,-,,39
2016-09-01,静岡県,-,-,-,小型,-,,109
2016-09-01,愛知県,-,-,-,小型,-,,147
2016-09-01,三重県,-,-,-,小型,-,,18
2016-09-01,滋賀県,-,-,-,小型,-,,22
2016-09-01,京都府,-,-,-,小型,-,,79
2016-09-01,大阪府,-,-,-,小型,-,,237
2016-09-01,兵庫県,-,-,-,小型,-,,146
2016-09-01,奈良県,-,-,-,小型,-,,40
2016-09-01,和歌山県,-,-,-,小型,-,,28
2016-09-01,鳥取県,-,-,-,小型,-,,10
2016-09-01,島根県,-,-,-,小型,-,,32
2016-09-01,岡山県,-,-,-,小型,-,,85
2016-09-01,広島県,-,-,-,小型,-,,69
2016-09-01,山口県,-,-,-,小型,-,,32
2016-09-01,徳島県,-,-,-,小型,-,,34
2016-09-01,香川県,-,-,-,小型,-,,8
2016-09-01,愛媛県,-,-,-,小型,-,,38
2016-09-01,高知県,-,-,-,小型,-,,47
2016-09-01,福岡県,-,-,-,小型,-,,95
2016-09-01,佐賀県,-,-,-,小型,-,,19
2016-09-01,長崎県,-,-,-,小型,-,,55
2016-09-01,熊本県,-,-,-,小型,-,,96
2016-09-01,大分県,-,-,-,小型,-,,41
2016-09-01,宮崎県,-,-,-,小型,-,,32
2016-09-01,鹿児島県,-,-,-,小型,-,,84
2016-09-01,沖縄県,-,-,-,小型,-,,9
2016-10-01,北海道,-,-,-,小型,-,,231
2016-10-01,青森県,-,-,-,小型,-,,28
2016-10-01,岩手県,-,-,-,小型,-,,46
2016-10-01,宮城県,-,-,-,小型,-,,46
2016-10-01,秋田県,-,-,-,小型,-,,12
2016-10-01,山形県,-,-,-,小型,-,,32
2016-10-01,福島県,-,-,-,小型,-,,105
2016-10-01,茨城県,-,-,-,小型,-,,70
2016-10-01,栃木県,-,-,-,小型,-,,39
2016-10-01,群馬県,-,-,-,小型,-,,28
2016-10-01,埼玉県,-,-,-,小型,-,,272
2016-10-01,千葉県,-,-,-,小型,-,,274
2016-10-01,東京都,-,-,-,小型,-,,1182
2016-10-01,神奈川県,-,-,-,小型,-,,430
2016-10-01,新潟県,-,-,-,小型,-,,86
2016-10-01,山梨県,-,-,-,小型,-,,9
2016-10-01,長野県,-,-,-,小型,-,,27
2016-10-01,富山県,-,-,-,小型,-,,22
2016-10-01,石川県,-,-,-,小型,-,,50
2016-10-01,福井県,-,-,-,小型,-,,16
2016-10-01,岐阜県,-,-,-,小型,-,,39
2016-10-01,静岡県,-,-,-,小型,-,,108
2016-10-01,愛知県,-,-,-,小型,-,,149
2016-10-01,三重県,-,-,-,小型,-,,18
2016-10-01,滋賀県,-,-,-,小型,-,,22
2016-10-01,京都府,-,-,-,小型,-,,79
2016-10-01,大阪府,-,-,-,小型,-,,238
2016-10-01,兵庫県,-,-,-,小型,-,,146
2016-10-01,奈良県,-,-,-,小型,-,,40
2016-10-01,和歌山県,-,-,-,小型,-,,30
2016-10-01,鳥取県,-,-,-,小型,-,,10
2016-10-01,島根県,-,-,-,小型,-,,32
2016-10-01,岡山県,-,-,-,小型,-,,85
2016-10-01,広島県,-,-,-,小型,-,,69
2016-10-01,山口県,-,-,-,小型,-,,32
2016-10-01,徳島県,-,-,-,小型,-,,34
2016-10-01,香川県,-,-,-,小型,-,,8
2016-10-01,愛媛県,-,-,-,小型,-,,38
2016-10-01,高知県,-,-,-,小型,-,,47
2016-10-01,福岡県,-,-,-,小型,-,,95
2016-10-01,佐賀県,-,-,-,小型,-,,19
2016-10-01,長崎県,-,-,-,小型,-,,55
2016-10-01,熊本県,-,-,-,小型,-,,96
2016-10-01,大分県,-,-,-,小型,-,,41
2016-10-01,宮崎県,-,-,-,小型,-,,32
2016-10-01,鹿児島県,-,-,-,小型,-,,84
2016-10-01,沖縄県,-,-,-,小型,-,,9
2016-11-01,北海道,-,-,-,小型,-,,232
2016-11-01,青森県,-,-,-,小型,-,,28
2016-11-01,岩手県,-,-,-,小型,-,,46
2016-11-01,宮城県,-,-,-,小型,-,,46
2016-11-01,秋田県,-,-,-,小型,-,,12
2016-11-01,山形県,-,-,-,小型,-,,32
2016-11-01,福島県,-,-,-,小型,-,,105
2016-11-01,茨城県,-,-,-,小型,-,,70
2016-11-01,栃木県,-,-,-,小型,-,,39
2016-11-01,群馬県,-,-,-,小型,-,,28
2016-11-01,埼玉県,-,-,-,小型,-,,271
2016-11-01,千葉県,-,-,-,小型,-,,275
2016-11-01,東京都,-,-,-,小型,-,,1185
2016-11-01,神奈川県,-,-,-,小型,-,,432
2016-11-01,新潟県,-,-,-,小型,-,,86
2016-11-01,山梨県,-,-,-,小型,-,,9
2016-11-01,長野県,-,-,-,小型,-,,27
2016-11-01,富山県,-,-,-,小型,-,,22
2016-11-01,石川県,-,-,-,小型,-,,50
2016-11-01,福井県,-,-,-,小型,-,,16
2016-11-01,岐阜県,-,-,-,小型,-,,39
2016-11-01,静岡県,-,-,-,小型,-,,110
2016-11-01,愛知県,-,-,-,小型,-,,151
2016-11-01,三重県,-,-,-,小型,-,,18
2016-11-01,滋賀県,-,-,-,小型,-,,22
2016-11-01,京都府,-,-,-,小型,-,,79
2016-11-01,大阪府,-,-,-,小型,-,,240
2016-11-01,兵庫県,-,-,-,小型,-,,146
2016-11-01,奈良県,-,-,-,小型,-,,40
2016-11-01,和歌山県,-,-,-,小型,-,,30
2016-11-01,鳥取県,-,-,-,小型,-,,10
2016-11-01,島根県,-,-,-,小型,-,,32
2016-11-01,岡山県,-,-,-,小型,-,,85
2016-11-01,広島県,-,-,-,小型,-,,69
2016-11-01,山口県,-,-,-,小型,-,,32
2016-11-01,徳島県,-,-,-,小型,-,,34
2016-11-01,香川県,-,-,-,小型,-,,8
2016-11-01,愛媛県,-,-,-,小型,-,,38
2016-11-01,高知県,-,-,-,小型,-,,50
2016-11-01,福岡県,-,-,-,小型,-,,96
2016-11-01,佐賀県,-,-,-,小型,-,,19
2016-11-01,長崎県,-,-,-,小型,-,,55
2016-11-01,熊本県,-,-,-,小型,-,,96
2016-11-01,大分県,-,-,-,小型,-,,42
2016-11-01,宮崎県,-,-,-,小型,-,,31
2016-11-01,鹿児島県,-,-,-,小型,-,,84
2016-11-01,沖縄県,-,-,-,小型,-,,9
2016-12-01,北海道,-,-,-,小型,-,,239
2016-12-01,青森県,-,-,-,小型,-,,28
2016-12-01,岩手県,-,-,-,小型,-,,47
2016-12-01,宮城県,-,-,-,小型,-,,49
2016-12-01,秋田県,-,-,-,小型,-,,14
2016-12-01,山形県,-,-,-,小型,-,,31
2016-12-01,福島県,-,-,-,小型,-,,106
2016-12-01,茨城県,-,-,-,小型,-,,70
2016-12-01,栃木県,-,-,-,小型,-,,41
2016-12-01,群馬県,-,-,-,小型,-,,27
2016-12-01,埼玉県,-,-,-,小型,-,,271
2016-12-01,千葉県,-,-,-,小型,-,,277
2016-12-01,東京都,-,-,-,小型,-,,1197
2016-12-01,神奈川県,-,-,-,小型,-,,437
2016-12-01,新潟県,-,-,-,小型,-,,86
2016-12-01,山梨県,-,-,-,小型,-,,12
2016-12-01,長野県,-,-,-,小型,-,,26
2016-12-01,富山県,-,-,-,小型,-,,21
2016-12-01,石川県,-,-,-,小型,-,,50
2016-12-01,福井県,-,-,-,小型,-,,16
2016-12-01,岐阜県,-,-,-,小型,-,,39
2016-12-01,静岡県,-,-,-,小型,-,,110
2016-12-01,愛知県,-,-,-,小型,-,,154
2016-12-01,三重県,-,-,-,小型,-,,18
2016-12-01,滋賀県,-,-,-,小型,-,,23
2016-12-01,京都府,-,-,-,小型,-,,80
2016-12-01,大阪府,-,-,-,小型,-,,239
2016-12-01,兵庫県,-,-,-,小型,-,,147
2016-12-01,奈良県,-,-,-,小型,-,,39
2016-12-01,和歌山県,-,-,-,小型,-,,30
2016-12-01,鳥取県,-,-,-,小型,-,,10
2016-12-01,島根県,-,-,-,小型,-,,32
2016-12-01,岡山県,-,-,-,小型,-,,85
2016-12-01,広島県,-,-,-,小型,-,,69
2016-12-01,山口県,-,-,-,小型,-,,33
2016-12-01,徳島県,-,-,-,小型,-,,38
2016-12-01,香川県,-,-,-,小型,-,,9
2016-12-01,愛媛県,-,-,-,小型,-,,37
2016-12-01,高知県,-,-,-,小型,-,,49
2016-12-01,福岡県,-,-,-,小型,-,,94
2016-12-01,佐賀県,-,-,-,小型,-,,19
2016-12-01,長崎県,-,-,-,小型,-,,52
2016-12-01,熊本県,-,-,-,小型,-,,98
2016-12-01,大分県,-,-,-,小型,-,,40
2016-12-01,宮崎県,-,-,-,小型,-,,31
2016-12-01,鹿児島県,-,-,-,小型,-,,86
2016-12-01,沖縄県,-,-,-,小型,-,,9
2017-01-01,北海道,-,-,-,小型,-,,240
2017-01-01,青森県,-,-,-,小型,-,,28
2017-01-01,岩手県,-,-,-,小型,-,,47
2017-01-01,宮城県,-,-,-,小型,-,,50
2017-01-01,秋田県,-,-,-,小型,-,,14
2017-01-01,山形県,-,-,-,小型,-,,31
2017-01-01,福島県,-,-,-,小型,-,,106
2017-01-01,茨城県,-,-,-,小型,-,,70
2017-01-01,栃木県,-,-,-,小型,-,,41
2017-01-01,群馬県,-,-,-,小型,-,,27
2017-01-01,埼玉県,-,-,-,小型,-,,269
2017-01-01,千葉県,-,-,-,小型,-,,277
2017-01-01,東京都,-,-,-,小型,-,,1199
2017-01-01,神奈川県,-,-,-,小型,-,,437
2017-01-01,新潟県,-,-,-,小型,-,,86
2017-01-01,山梨県,-,-,-,小型,-,,12
2017-01-01,長野県,-,-,-,小型,-,,26
2017-01-01,富山県,-,-,-,小型,-,,21
2017-01-01,石川県,-,-,-,小型,-,,50
2017-01-01,福井県,-,-,-,小型,-,,16
2017-01-01,岐阜県,-,-,-,小型,-,,39
2017-01-01,静岡県,-,-,-,小型,-,,110
2017-01-01,愛知県,-,-,-,小型,-,,155
2017-01-01,三重県,-,-,-,小型,-,,23
2017-01-01,滋賀県,-,-,-,小型,-,,23
2017-01-01,京都府,-,-,-,小型,-,,79
2017-01-01,大阪府,-,-,-,小型,-,,239
2017-01-01,兵庫県,-,-,-,小型,-,,148
2017-01-01,奈良県,-,-,-,小型,-,,39
2017-01-01,和歌山県,-,-,-,小型,-,,30
2017-01-01,鳥取県,-,-,-,小型,-,,10
2017-01-01,島根県,-,-,-,小型,-,,32
2017-01-01,岡山県,-,-,-,小型,-,,86
2017-01-01,広島県,-,-,-,小型,-,,68
2017-01-01,山口県,-,-,-,小型,-,,33
2017-01-01,徳島県,-,-,-,小型,-,,38
2017-01-01,香川県,-,-,-,小型,-,,9
2017-01-01,愛媛県,-,-,-,小型,-,,37
2017-01-01,高知県,-,-,-,小型,-,,49
2017-01-01,福岡県,-,-,-,小型,-,,94
2017-01-01,佐賀県,-,-,-,小型,-,,19
2017-01-01,長崎県,-,-,-,小型,-,,52
2017-01-01,熊本県,-,-,-,小型,-,,98
2017-01-01,大分県,-,-,-,小型,-,,40
2017-01-01,宮崎県,-,-,-,小型,-,,31
2017-01-01,鹿児島県,-,-,-,小型,-,,86
2017-01-01,沖縄県,-,-,-,小型,-,,9
2017-02-01,北海道,-,-,-,小型,-,,240
2017-02-01,青森県,-,-,-,小型,-,,28
2017-02-01,岩手県,-,-,-,小型,-,,47
2017-02-01,宮城県,-,-,-,小型,-,,50
2017-02-01,秋田県,-,-,-,小型,-,,14
2017-02-01,山形県,-,-,-,小型,-,,31
2017-02-01,福島県,-,-,-,小型,-,,106
2017-02-01,茨城県,-,-,-,小型,-,,70
2017-02-01,栃木県,-,-,-,小型,-,,41
2017-02-01,群馬県,-,-,-,小型,-,,27
2017-02-01,埼玉県,-,-,-,小型,-,,270
2017-02-01,千葉県,-,-,-,小型,-,,277
2017-02-01,東京都,-,-,-,小型,-,,1200
2017-02-01,神奈川県,-,-,-,小型,-,,438
2017-02-01,新潟県,-,-,-,小型,-,,86
2017-02-01,山梨県,-,-,-,小型,-,,12
2017-02-01,長野県,-,-,-,小型,-,,26
2017-02-01,富山県,-,-,-,小型,-,,21
2017-02-01,石川県,-,-,-,小型,-,,49
2017-02-01,福井県,-,-,-,小型,-,,16
2017-02-01,岐阜県,-,-,-,小型,-,,39
2017-02-01,静岡県,-,-,-,小型,-,,113
2017-02-01,愛知県,-,-,-,小型,-,,155
2017-02-01,三重県,-,-,-,小型,-,,23
2017-02-01,滋賀県,-,-,-,小型,-,,23
2017-02-01,京都府,-,-,-,小型,-,,79
2017-02-01,大阪府,-,-,-,小型,-,,239
2017-02-01,兵庫県,-,-,-,小型,-,,146
2017-02-01,奈良県,-,-,-,小型,-,,40
2017-02-01,和歌山県,-,-,-,小型,-,,30
2017-02-01,鳥取県,-,-,-,小型,-,,10
2017-02-01,島根県,-,-,-,小型,-,,32
2017-02-01,岡山県,-,-,-,小型,-,,87
2017-02-01,広島県,-,-,-,小型,-,,68
2017-02-01,山口県,-,-,-,小型,-,,33
2017-02-01,徳島県,-,-,-,小型,-,,38
2017-02-01,香川県,-,-,-,小型,-,,9
2017-02-01,愛媛県,-,-,-,小型,-,,37
2017-02-01,高知県,-,-,-,小型,-,,49
2017-02-01,福岡県,-,-,-,小型,-,,94
2017-02-01,佐賀県,-,-,-,小型,-,,19
2017-02-01,長崎県,-,-,-,小型,-,,52
2017-02-01,熊本県,-,-,-,小型,-,,96
2017-02-01,大分県,-,-,-,小型,-,,40
2017-02-01,宮崎県,-,-,-,小型,-,,31
2017-02-01,鹿児島県,-,-,-,小型,-,,86
2017-02-01,沖縄県,-,-,-,小型,-,,9
2017-03-01,北海道,-,-,-,小型,-,,241
2017-03-01,青森県,-,-,-,小型,-,,28
2017-03-01,岩手県,-,-,-,小型,-,,47
2017-03-01,宮城県,-,-,-,小型,-,,50
2017-03-01,秋田県,-,-,-,小型,-,,15
2017-03-01,山形県,-,-,-,小型,-,,31
2017-03-01,福島県,-,-,-,小型,-,,106
2017-03-01,茨城県,-,-,-,小型,-,,70
2017-03-01,栃木県,-,-,-,小型,-,,40
2017-03-01,群馬県,-,-,-,小型,-,,27
2017-03-01,埼玉県,-,-,-,小型,-,,273
2017-03-01,千葉県,-,-,-,小型,-,,279
2017-03-01,東京都,-,-,-,小型,-,,1206
2017-03-01,神奈川県,-,-,-,小型,-,,442
2017-03-01,新潟県,-,-,-,小型,-,,86
2017-03-01,山梨県,-,-,-,小型,-,,12
2017-03-01,長野県,-,-,-,小型,-,,26
2017-03-01,富山県,-,-,-,小型,-,,21
2017-03-01,石川県,-,-,-,小型,-,,49
2017-03-01,福井県,-,-,-,小型,-,,16
2017-03-01,岐阜県,-,-,-,小型,-,,39
2017-03-01,静岡県,-,-,-,小型,-,,113
2017-03-01,愛知県,-,-,-,小型,-,,157
2017-03-01,三重県,-,-,-,小型,-,,23
2017-03-01,滋賀県,-,-,-,小型,-,,23
2017-03-01,京都府,-,-,-,小型,-,,79
2017-03-01,大阪府,-,-,-,小型,-,,241
2017-03-01,兵庫県,-,-,-,小型,-,,147
2017-03-01,奈良県,-,-,-,小型,-,,41
2017-03-01,和歌山県,-,-,-,小型,-,,30
2017-03-01,鳥取県,-,-,-,小型,-,,9
2017-03-01,島根県,-,-,-,小型,-,,32
2017-03-01,岡山県,-,-,-,小型,-,,79
2017-03-01,広島県,-,-,-,小型,-,,68
2017-03-01,山口県,-,-,-,小型,-,,33
2017-03-01,徳島県,-,-,-,小型,-,,38
2017-03-01,香川県,-,-,-,小型,-,,9
2017-03-01,愛媛県,-,-,-,小型,-,,37
2017-03-01,高知県,-,-,-,小型,-,,49
2017-03-01,福岡県,-,-,-,小型,-,,93
2017-03-01,佐賀県,-,-,-,小型,-,,19
2017-03-01,長崎県,-,-,-,小型,-,,52
2017-03-01,熊本県,-,-,-,小型,-,,96
2017-03-01,大分県,-,-,-,小型,-,,40
2017-03-01,宮崎県,-,-,-,小型,-,,31
2017-03-01,鹿児島県,-,-,-,小型,-,,86
2017-03-01,沖縄県,-,-,-,小型,-,,9
2017-04-01,北海道,-,-,-,小型,-,,243
2017-04-01,青森県,-,-,-,小型,-,,28
2017-04-01,岩手県,-,-,-,小型,-,,47
2017-04-01,宮城県,-,-,-,小型,-,,52
2017-04-01,秋田県,-,-,-,小型,-,,15
2017-04-01,山形県,-,-,-,小型,-,,31
2017-04-01,福島県,-,-,-,小型,-,,106
2017-04-01,茨城県,-,-,-,小型,-,,70
2017-04-01,栃木県,-,-,-,小型,-,,40
2017-04-01,群馬県,-,-,-,小型,-,,27
2017-04-01,埼玉県,-,-,-,小型,-,,272
2017-04-01,千葉県,-,-,-,小型,-,,281
2017-04-01,東京都,-,-,-,小型,-,,1212
2017-04-01,神奈川県,-,-,-,小型,-,,441
2017-04-01,新潟県,-,-,-,小型,-,,84
2017-04-01,山梨県,-,-,-,小型,-,,15
2017-04-01,長野県,-,-,-,小型,-,,26
2017-04-01,富山県,-,-,-,小型,-,,21
2017-04-01,石川県,-,-,-,小型,-,,50
2017-04-01,福井県,-,-,-,小型,-,,16
2017-04-01,岐阜県,-,-,-,小型,-,,39
2017-04-01,静岡県,-,-,-,小型,-,,114
2017-04-01,愛知県,-,-,-,小型,-,,157
2017-04-01,三重県,-,-,-,小型,-,,23
2017-04-01,滋賀県,-,-,-,小型,-,,23
2017-04-01,京都府,-,-,-,小型,-,,79
2017-04-01,大阪府,-,-,-,小型,-,,244
2017-04-01,兵庫県,-,-,-,小型,-,,147
2017-04-01,奈良県,-,-,-,小型,-,,41
2017-04-01,和歌山県,-,-,-,小型,-,,30
2017-04-01,鳥取県,-,-,-,小型,-,,9
2017-04-01,島根県,-,-,-,小型,-,,32
2017-04-01,岡山県,-,-,-,小型,-,,79
2017-04-01,広島県,-,-,-,小型,-,,69
2017-04-01,山口県,-,-,-,小型,-,,33
2017-04-01,徳島県,-,-,-,小型,-,,38
2017-04-01,香川県,-,-,-,小型,-,,9
2017-04-01,愛媛県,-,-,-,小型,-,,37
2017-04-01,高知県,-,-,-,小型,-,,49
2017-04-01,福岡県,-,-,-,小型,-,,93
2017-04-01,佐賀県,-,-,-,小型,-,,19
2017-04-01,長崎県,-,-,-,小型,-,,52
2017-04-01,熊本県,-,-,-,小型,-,,96
2017-04-01,大分県,-,-,-,小型,-,,40
2017-04-01,宮崎県,-,-,-,小型,-,,31
2017-04-01,鹿児島県,-,-,-,小型,-,,86
2017-04-01,沖縄県,-,-,-,小型,-,,9
2017-05-01,北海道,-,-,-,小型,-,,243
2017-05-01,青森県,-,-,-,小型,-,,28
2017-05-01,岩手県,-,-,-,小型,-,,47
2017-05-01,宮城県,-,-,-,小型,-,,52
2017-05-01,秋田県,-,-,-,小型,-,,15
2017-05-01,山形県,-,-,-,小型,-,,31
2017-05-01,福島県,-,-,-,小型,-,,106
2017-05-01,茨城県,-,-,-,小型,-,,70
2017-05-01,栃木県,-,-,-,小型,-,,40
2017-05-01,群馬県,-,-,-,小型,-,,27
2017-05-01,埼玉県,-,-,-,小型,-,,272
2017-05-01,千葉県,-,-,-,小型,-,,281
2017-05-01,東京都,-,-,-,小型,-,,1213
2017-05-01,神奈川県,-,-,-,小型,-,,441
2017-05-01,新潟県,-,-,-,小型,-,,84
2017-05-01,山梨県,-,-,-,小型,-,,15
2017-05-01,長野県,-,-,-,小型,-,,26
2017-05-01,富山県,-,-,-,小型,-,,21
2017-05-01,石川県,-,-,-,小型,-,,50
2017-05-01,福井県,-,-,-,小型,-,,16
2017-05-01,岐阜県,-,-,-,小型,-,,39
2017-05-01,静岡県,-,-,-,小型,-,,114
2017-05-01,愛知県,-,-,-,小型,-,,158
2017-05-01,三重県,-,-,-,小型,-,,23
2017-05-01,滋賀県,-,-,-,小型,-,,23
2017-05-01,京都府,-,-,-,小型,-,,79
2017-05-01,大阪府,-,-,-,小型,-,,244
2017-05-01,兵庫県,-,-,-,小型,-,,147
2017-05-01,奈良県,-,-,-,小型,-,,41
2017-05-01,和歌山県,-,-,-,小型,-,,30
2017-05-01,鳥取県,-,-,-,小型,-,,9
2017-05-01,島根県,-,-,-,小型,-,,32
2017-05-01,岡山県,-,-,-,小型,-,,79
2017-05-01,広島県,-,-,-,小型,-,,69
2017-05-01,山口県,-,-,-,小型,-,,33
2017-05-01,徳島県,-,-,-,小型,-,,38
2017-05-01,香川県,-,-,-,小型,-,,9
2017-05-01,愛媛県,-,-,-,小型,-,,37
2017-05-01,高知県,-,-,-,小型,-,,49
2017-05-01,福岡県,-,-,-,小型,-,,93
2017-05-01,佐賀県,-,-,-,小型,-,,19
2017-05-01,長崎県,-,-,-,小型,-,,52
2017-05-01,熊本県,-,-,-,小型,-,,96
2017-05-01,大分県,-,-,-,小型,-,,40
2017-05-01,宮崎県,-,-,-,小型,-,,31
2017-05-01,鹿児島県,-,-,-,小型,-,,86
2017-05-01,沖縄県,-,-,-,小型,-,,8
2017-06-01,北海道,-,-,-,小型,-,,241
2017-06-01,青森県,-,-,-,小型,-,,28
2017-06-01,岩手県,-,-,-,小型,-,,47
2017-06-01,宮城県,-,-,-,小型,-,,52
2017-06-01,秋田県,-,-,-,小型,-,,14
2017-06-01,山形県,-,-,-,小型,-,,31
2017-06-01,福島県,-,-,-,小型,-,,106
2017-06-01,茨城県,-,-,-,小型,-,,70
2017-06-01,栃木県,-,-,-,小型,-,,40
2017-06-01,群馬県,-,-,-,小型,-,,27
2017-06-01,埼玉県,-,-,-,小型,-,,273
2017-06-01,千葉県,-,-,-,小型,-,,281
2017-06-01,東京都,-,-,-,小型,-,,1216
2017-06-01,神奈川県,-,-,-,小型,-,,442
2017-06-01,新潟県,-,-,-,小型,-,,84
2017-06-01,山梨県,-,-,-,小型,-,,15
2017-06-01,長野県,-,-,-,小型,-,,26
2017-06-01,富山県,-,-,-,小型,-,,21
2017-06-01,石川県,-,-,-,小型,-,,50
2017-06-01,福井県,-,-,-,小型,-,,16
2017-06-01,岐阜県,-,-,-,小型,-,,39
2017-06-01,静岡県,-,-,-,小型,-,,114
2017-06-01,愛知県,-,-,-,小型,-,,158
2017-06-01,三重県,-,-,-,小型,-,,23
2017-06-01,滋賀県,-,-,-,小型,-,,23
2017-06-01,京都府,-,-,-,小型,-,,79
2017-06-01,大阪府,-,-,-,小型,-,,243
2017-06-01,兵庫県,-,-,-,小型,-,,147
2017-06-01,奈良県,-,-,-,小型,-,,42
2017-06-01,和歌山県,-,-,-,小型,-,,30
2017-06-01,鳥取県,-,-,-,小型,-,,9
2017-06-01,島根県,-,-,-,小型,-,,31
2017-06-01,岡山県,-,-,-,小型,-,,79
2017-06-01,広島県,-,-,-,小型,-,,69
2017-06-01,山口県,-,-,-,小型,-,,33
2017-06-01,徳島県,-,-,-,小型,-,,38
2017-06-01,香川県,-,-,-,小型,-,,9
2017-06-01,愛媛県,-,-,-,小型,-,,37
2017-06-01,高知県,-,-,-,小型,-,,49
2017-06-01,福岡県,-,-,-,小型,-,,94
2017-06-01,佐賀県,-,-,-,小型,-,,19
2017-06-01,長崎県,-,-,-,小型,-,,52
2017-06-01,熊本県,-,-,-,小型,-,,96
2017-06-01,大分県,-,-,-,小型,-,,40
2017-06-01,宮崎県,-,-,-,小型,-,,31
2017-06-01,鹿児島県,-,-,-,小型,-,,86
2017-06-01,沖縄県,-,-,-,小型,-,,8
2017-07-01,北海道,-,-,-,小型,-,,240
2017-07-01,青森県,-,-,-,小型,-,,28
2017-07-01,岩手県,-,-,-,小型,-,,47
2017-07-01,宮城県,-,-,-,小型,-,,52
2017-07-01,秋田県,-,-,-,小型,-,,14
2017-07-01,山形県,-,-,-,小型,-,,31
2017-07-01,福島県,-,-,-,小型,-,,106
2017-07-01,茨城県,-,-,-,小型,-,,71
2017-07-01,栃木県,-,-,-,小型,-,,39
2017-07-01,群馬県,-,-,-,小型,-,,27
2017-07-01,埼玉県,-,-,-,小型,-,,274
2017-07-01,千葉県,-,-,-,小型,-,,279
2017-07-01,東京都,-,-,-,小型,-,,1219
2017-07-01,神奈川県,-,-,-,小型,-,,442
2017-07-01,新潟県,-,-,-,小型,-,,84
2017-07-01,山梨県,-,-,-,小型,-,,15
2017-07-01,長野県,-,-,-,小型,-,,26
2017-07-01,富山県,-,-,-,小型,-,,21
2017-07-01,石川県,-,-,-,小型,-,,49
2017-07-01,福井県,-,-,-,小型,-,,16
2017-07-01,岐阜県,-,-,-,小型,-,,39
2017-07-01,静岡県,-,-,-,小型,-,,114
2017-07-01,愛知県,-,-,-,小型,-,,159
2017-07-01,三重県,-,-,-,小型,-,,23
2017-07-01,滋賀県,-,-,-,小型,-,,23
2017-07-01,京都府,-,-,-,小型,-,,80
2017-07-01,大阪府,-,-,-,小型,-,,243
2017-07-01,兵庫県,-,-,-,小型,-,,147
2017-07-01,奈良県,-,-,-,小型,-,,42
2017-07-01,和歌山県,-,-,-,小型,-,,30
2017-07-01,鳥取県,-,-,-,小型,-,,9
2017-07-01,島根県,-,-,-,小型,-,,31
2017-07-01,岡山県,-,-,-,小型,-,,79
2017-07-01,広島県,-,-,-,小型,-,,69
2017-07-01,山口県,-,-,-,小型,-,,33
2017-07-01,徳島県,-,-,-,小型,-,,38
2017-07-01,香川県,-,-,-,小型,-,,9
2017-07-01,愛媛県,-,-,-,小型,-,,37
2017-07-01,高知県,-,-,-,小型,-,,49
2017-07-01,福岡県,-,-,-,小型,-,,95
2017-07-01,佐賀県,-,-,-,小型,-,,19
2017-07-01,長崎県,-,-,-,小型,-,,52
2017-07-01,熊本県,-,-,-,小型,-,,96
2017-07-01,大分県,-,-,-,小型,-,,40
2017-07-01,宮崎県,-,-,-,小型,-,,32
2017-07-01,鹿児島県,-,-,-,小型,-,,86
2017-07-01,沖縄県,-,-,-,小型,-,,8
2017-08-01,北海道,-,-,-,小型,-,,239
2017-08-01,青森県,-,-,-,小型,-,,28
2017-08-01,岩手県,-,-,-,小型,-,,47
2017-08-01,宮城県,-,-,-,小型,-,,53
2017-08-01,秋田県,-,-,-,小型,-,,14
2017-08-01,山形県,-,-,-,小型,-,,31
2017-08-01,福島県,-,-,-,小型,-,,106
2017-08-01,茨城県,-,-,-,小型,-,,71
2017-08-01,栃木県,-,-,-,小型,-,,39
2017-08-01,群馬県,-,-,-,小型,-,,27
2017-08-01,埼玉県,-,-,-,小型,-,,275
2017-08-01,千葉県,-,-,-,小型,-,,273
2017-08-01,東京都,-,-,-,小型,-,,1219
2017-08-01,神奈川県,-,-,-,小型,-,,442
2017-08-01,新潟県,-,-,-,小型,-,,84
2017-08-01,山梨県,-,-,-,小型,-,,15
2017-08-01,長野県,-,-,-,小型,-,,26
2017-08-01,富山県,-,-,-,小型,-,,21
2017-08-01,石川県,-,-,-,小型,-,,49
2017-08-01,福井県,-,-,-,小型,-,,16
2017-08-01,岐阜県,-,-,-,小型,-,,39
2017-08-01,静岡県,-,-,-,小型,-,,114
2017-08-01,愛知県,-,-,-,小型,-,,159
2017-08-01,三重県,-,-,-,小型,-,,23
2017-08-01,滋賀県,-,-,-,小型,-,,24
2017-08-01,京都府,-,-,-,小型,-,,80
2017-08-01,大阪府,-,-,-,小型,-,,238
2017-08-01,兵庫県,-,-,-,小型,-,,152
2017-08-01,奈良県,-,-,-,小型,-,,42
2017-08-01,和歌山県,-,-,-,小型,-,,30
2017-08-01,鳥取県,-,-,-,小型,-,,9
2017-08-01,島根県,-,-,-,小型,-,,31
2017-08-01,岡山県,-,-,-,小型,-,,82
2017-08-01,広島県,-,-,-,小型,-,,73
2017-08-01,山口県,-,-,-,小型,-,,33
2017-08-01,徳島県,-,-,-,小型,-,,38
2017-08-01,香川県,-,-,-,小型,-,,9
2017-08-01,愛媛県,-,-,-,小型,-,,37
2017-08-01,高知県,-,-,-,小型,-,,49
2017-08-01,福岡県,-,-,-,小型,-,,95
2017-08-01,佐賀県,-,-,-,小型,-,,19
2017-08-01,長崎県,-,-,-,小型,-,,59
2017-08-01,熊本県,-,-,-,小型,-,,94
2017-08-01,大分県,-,-,-,小型,-,,40
2017-08-01,宮崎県,-,-,-,小型,-,,32
2017-08-01,鹿児島県,-,-,-,小型,-,,92
2017-08-01,沖縄県,-,-,-,小型,-,,8
2017-09-01,北海道,-,-,-,小型,-,,240
2017-09-01,青森県,-,-,-,小型,-,,28
2017-09-01,岩手県,-,-,-,小型,-,,47
2017-09-01,宮城県,-,-,-,小型,-,,53
2017-09-01,秋田県,-,-,-,小型,-,,14
2017-09-01,山形県,-,-,-,小型,-,,31
2017-09-01,福島県,-,-,-,小型,-,,106
2017-09-01,茨城県,-,-,-,小型,-,,71
2017-09-01,栃木県,-,-,-,小型,-,,39
2017-09-01,群馬県,-,-,-,小型,-,,28
2017-09-01,埼玉県,-,-,-,小型,-,,271
2017-09-01,千葉県,-,-,-,小型,-,,274
2017-09-01,東京都,-,-,-,小型,-,,1214
2017-09-01,神奈川県,-,-,-,小型,-,,442
2017-09-01,新潟県,-,-,-,小型,-,,84
2017-09-01,山梨県,-,-,-,小型,-,,16
2017-09-01,長野県,-,-,-,小型,-,,26
2017-09-01,富山県,-,-,-,小型,-,,21
2017-09-01,石川県,-,-,-,小型,-,,49
2017-09-01,福井県,-,-,-,小型,-,,17
2017-09-01,岐阜県,-,-,-,小型,-,,39
2017-09-01,静岡県,-,-,-,小型,-,,114
2017-09-01,愛知県,-,-,-,小型,-,,159
2017-09-01,三重県,-,-,-,小型,-,,23
2017-09-01,滋賀県,-,-,-,小型,-,,24
2017-09-01,京都府,-,-,-,小型,-,,80
2017-09-01,大阪府,-,-,-,小型,-,,238
2017-09-01,兵庫県,-,-,-,小型,-,,153
2017-09-01,奈良県,-,-,-,小型,-,,42
2017-09-01,和歌山県,-,-,-,小型,-,,30
2017-09-01,鳥取県,-,-,-,小型,-,,14
2017-09-01,島根県,-,-,-,小型,-,,31
2017-09-01,岡山県,-,-,-,小型,-,,84
2017-09-01,広島県,-,-,-,小型,-,,73
2017-09-01,山口県,-,-,-,小型,-,,33
2017-09-01,徳島県,-,-,-,小型,-,,38
2017-09-01,香川県,-,-,-,小型,-,,9
2017-09-01,愛媛県,-,-,-,小型,-,,37
2017-09-01,高知県,-,-,-,小型,-,,49
2017-09-01,福岡県,-,-,-,小型,-,,95
2017-09-01,佐賀県,-,-,-,小型,-,,19
2017-09-01,長崎県,-,-,-,小型,-,,59
2017-09-01,熊本県,-,-,-,小型,-,,94
2017-09-01,大分県,-,-,-,小型,-,,40
2017-09-01,宮崎県,-,-,-,小型,-,,32
2017-09-01,鹿児島県,-,-,-,小型,-,,91
2017-09-01,沖縄県,-,-,-,小型,-,,8
2017-10-01,北海道,-,-,-,小型,-,,240
2017-10-01,青森県,-,-,-,小型,-,,28
2017-10-01,岩手県,-,-,-,小型,-,,47
2017-10-01,宮城県,-,-,-,小型,-,,53
2017-10-01,秋田県,-,-,-,小型,-,,14
2017-10-01,山形県,-,-,-,小型,-,,31
2017-10-01,福島県,-,-,-,小型,-,,105
2017-10-01,茨城県,-,-,-,小型,-,,72
2017-10-01,栃木県,-,-,-,小型,-,,39
2017-10-01,群馬県,-,-,-,小型,-,,28
2017-10-01,埼玉県,-,-,-,小型,-,,271
2017-10-01,千葉県,-,-,-,小型,-,,274
2017-10-01,東京都,-,-,-,小型,-,,1222
2017-10-01,神奈川県,-,-,-,小型,-,,443
2017-10-01,新潟県,-,-,-,小型,-,,84
2017-10-01,山梨県,-,-,-,小型,-,,15
2017-10-01,長野県,-,-,-,小型,-,,26
2017-10-01,富山県,-,-,-,小型,-,,21
2017-10-01,石川県,-,-,-,小型,-,,49
2017-10-01,福井県,-,-,-,小型,-,,17
2017-10-01,岐阜県,-,-,-,小型,-,,37
2017-10-01,静岡県,-,-,-,小型,-,,114
2017-10-01,愛知県,-,-,-,小型,-,,162
2017-10-01,三重県,-,-,-,小型,-,,23
2017-10-01,滋賀県,-,-,-,小型,-,,23
2017-10-01,京都府,-,-,-,小型,-,,80
2017-10-01,大阪府,-,-,-,小型,-,,239
2017-10-01,兵庫県,-,-,-,小型,-,,153
2017-10-01,奈良県,-,-,-,小型,-,,42
2017-10-01,和歌山県,-,-,-,小型,-,,30
2017-10-01,鳥取県,-,-,-,小型,-,,14
2017-10-01,島根県,-,-,-,小型,-,,31
2017-10-01,岡山県,-,-,-,小型,-,,84
2017-10-01,広島県,-,-,-,小型,-,,73
2017-10-01,山口県,-,-,-,小型,-,,33
2017-10-01,徳島県,-,-,-,小型,-,,38
2017-10-01,香川県,-,-,-,小型,-,,9
2017-10-01,愛媛県,-,-,-,小型,-,,37
2017-10-01,高知県,-,-,-,小型,-,,49
2017-10-01,福岡県,-,-,-,小型,-,,96
2017-10-01,佐賀県,-,-,-,小型,-,,19
2017-10-01,長崎県,-,-,-,小型,-,,58
2017-10-01,熊本県,-,-,-,小型,-,,93
2017-10-01,大分県,-,-,-,小型,-,,40
2017-10-01,宮崎県,-,-,-,小型,-,,29
2017-10-01,鹿児島県,-,-,-,小型,-,,91
2017-10-01,沖縄県,-,-,-,小型,-,,8
2017-11-01,北海道,-,-,-,小型,-,,240
2017-11-01,青森県,-,-,-,小型,-,,28
2017-11-01,岩手県,-,-,-,小型,-,,47
2017-11-01,宮城県,-,-,-,小型,-,,54
2017-11-01,秋田県,-,-,-,小型,-,,14
2017-11-01,山形県,-,-,-,小型,-,,31
2017-11-01,福島県,-,-,-,小型,-,,105
2017-11-01,茨城県,-,-,-,小型,-,,72
2017-11-01,栃木県,-,-,-,小型,-,,39
2017-11-01,群馬県,-,-,-,小型,-,,28
2017-11-01,埼玉県,-,-,-,小型,-,,271
2017-11-01,千葉県,-,-,-,小型,-,,273
2017-11-01,東京都,-,-,-,小型,-,,1233
2017-11-01,神奈川県,-,-,-,小型,-,,451
2017-11-01,新潟県,-,-,-,小型,-,,84
2017-11-01,山梨県,-,-,-,小型,-,,15
2017-11-01,長野県,-,-,-,小型,-,,26
2017-11-01,富山県,-,-,-,小型,-,,21
2017-11-01,石川県,-,-,-,小型,-,,49
2017-11-01,福井県,-,-,-,小型,-,,17
2017-11-01,岐阜県,-,-,-,小型,-,,37
2017-11-01,静岡県,-,-,-,小型,-,,113
2017-11-01,愛知県,-,-,-,小型,-,,161
2017-11-01,三重県,-,-,-,小型,-,,23
2017-11-01,滋賀県,-,-,-,小型,-,,23
2017-11-01,京都府,-,-,-,小型,-,,80
2017-11-01,大阪府,-,-,-,小型,-,,239
2017-11-01,兵庫県,-,-,-,小型,-,,153
2017-11-01,奈良県,-,-,-,小型,-,,40
2017-11-01,和歌山県,-,-,-,小型,-,,30
2017-11-01,鳥取県,-,-,-,小型,-,,14
2017-11-01,島根県,-,-,-,小型,-,,32
2017-11-01,岡山県,-,-,-,小型,-,,84
2017-11-01,広島県,-,-,-,小型,-,,73
2017-11-01,山口県,-,-,-,小型,-,,33
2017-11-01,徳島県,-,-,-,小型,-,,38
2017-11-01,香川県,-,-,-,小型,-,,9
2017-11-01,愛媛県,-,-,-,小型,-,,37
2017-11-01,高知県,-,-,-,小型,-,,49
2017-11-01,福岡県,-,-,-,小型,-,,95
2017-11-01,佐賀県,-,-,-,小型,-,,19
2017-11-01,長崎県,-,-,-,小型,-,,58
2017-11-01,熊本県,-,-,-,小型,-,,92
2017-11-01,大分県,-,-,-,小型,-,,40
2017-11-01,宮崎県,-,-,-,小型,-,,29
2017-11-01,鹿児島県,-,-,-,小型,-,,91
2017-11-01,沖縄県,-,-,-,小型,-,,8
2017-12-01,北海道,-,-,-,小型,-,,241
2017-12-01,青森県,-,-,-,小型,-,,28
2017-12-01,岩手県,-,-,-,小型,-,,48
2017-12-01,宮城県,-,-,-,小型,-,,55
2017-12-01,秋田県,-,-,-,小型,-,,13
2017-12-01,山形県,-,-,-,小型,-,,31
2017-12-01,福島県,-,-,-,小型,-,,105
2017-12-01,茨城県,-,-,-,小型,-,,73
2017-12-01,栃木県,-,-,-,小型,-,,38
2017-12-01,群馬県,-,-,-,小型,-,,28
2017-12-01,埼玉県,-,-,-,小型,-,,272
2017-12-01,千葉県,-,-,-,小型,-,,275
2017-12-01,東京都,-,-,-,小型,-,,1235
2017-12-01,神奈川県,-,-,-,小型,-,,449
2017-12-01,新潟県,-,-,-,小型,-,,82
2017-12-01,山梨県,-,-,-,小型,-,,15
2017-12-01,長野県,-,-,-,小型,-,,26
2017-12-01,富山県,-,-,-,小型,-,,21
2017-12-01,石川県,-,-,-,小型,-,,50
2017-12-01,福井県,-,-,-,小型,-,,17
2017-12-01,岐阜県,-,-,-,小型,-,,37
2017-12-01,静岡県,-,-,-,小型,-,,114
2017-12-01,愛知県,-,-,-,小型,-,,162
2017-12-01,三重県,-,-,-,小型,-,,23
2017-12-01,滋賀県,-,-,-,小型,-,,25
2017-12-01,京都府,-,-,-,小型,-,,80
2017-12-01,大阪府,-,-,-,小型,-,,241
2017-12-01,兵庫県,-,-,-,小型,-,,153
2017-12-01,奈良県,-,-,-,小型,-,,40
2017-12-01,和歌山県,-,-,-,小型,-,,30
2017-12-01,鳥取県,-,-,-,小型,-,,14
2017-12-01,島根県,-,-,-,小型,-,,32
2017-12-01,岡山県,-,-,-,小型,-,,84
2017-12-01,広島県,-,-,-,小型,-,,77
2017-12-01,山口県,-,-,-,小型,-,,33
2017-12-01,徳島県,-,-,-,小型,-,,38
2017-12-01,香川県,-,-,-,小型,-,,9
2017-12-01,愛媛県,-,-,-,小型,-,,37
2017-12-01,高知県,-,-,-,小型,-,,49
2017-12-01,福岡県,-,-,-,小型,-,,95
2017-12-01,佐賀県,-,-,-,小型,-,,19
2017-12-01,長崎県,-,-,-,小型,-,,58
2017-12-01,熊本県,-,-,-,小型,-,,92
2017-12-01,大分県,-,-,-,小型,-,,40
2017-12-01,宮崎県,-,-,-,小型,-,,29
2017-12-01,鹿児島県,-,-,-,小型,-,,91
2017-12-01,沖縄県,-,-,-,小型,-,,8
2018-01-01,北海道,-,-,-,小型,-,,234
2018-01-01,青森県,-,-,-,小型,-,,27
2018-01-01,岩手県,-,-,-,小型,-,,49
2018-01-01,宮城県,-,-,-,小型,-,,56
2018-01-01,秋田県,-,-,-,小型,-,,13
2018-01-01,山形県,-,-,-,小型,-,,31
2018-01-01,福島県,-,-,-,小型,-,,100
2018-01-01,茨城県,-,-,-,小型,-,,75
2018-01-01,栃木県,-,-,-,小型,-,,38
2018-01-01,群馬県,-,-,-,小型,-,,32
2018-01-01,埼玉県,-,-,-,小型,-,,273
2018-01-01,千葉県,-,-,-,小型,-,,275
2018-01-01,東京都,-,-,-,小型,-,,1235
2018-01-01,神奈川県,-,-,-,小型,-,,439
2018-01-01,新潟県,-,-,-,小型,-,,83
2018-01-01,山梨県,-,-,-,小型,-,,15
2018-01-01,長野県,-,-,-,小型,-,,28
2018-01-01,富山県,-,-,-,小型,-,,22
2018-01-01,石川県,-,-,-,小型,-,,50
2018-01-01,福井県,-,-,-,小型,-,,16
2018-01-01,岐阜県,-,-,-,小型,-,,40
2018-01-01,静岡県,-,-,-,小型,-,,114
2018-01-01,愛知県,-,-,-,小型,-,,159
2018-01-01,三重県,-,-,-,小型,-,,23
2018-01-01,滋賀県,-,-,-,小型,-,,24
2018-01-01,京都府,-,-,-,小型,-,,83
2018-01-01,大阪府,-,-,-,小型,-,,240
2018-01-01,兵庫県,-,-,-,小型,-,,154
2018-01-01,奈良県,-,-,-,小型,-,,41
2018-01-01,和歌山県,-,-,-,小型,-,,29
2018-01-01,鳥取県,-,-,-,小型,-,,14
2018-01-01,島根県,-,-,-,小型,-,,35
2018-01-01,岡山県,-,-,-,小型,-,,84
2018-01-01,広島県,-,-,-,小型,-,,77
2018-01-01,山口県,-,-,-,小型,-,,33
2018-01-01,徳島県,-,-,-,小型,-,,36
2018-01-01,香川県,-,-,-,小型,-,,9
2018-01-01,愛媛県,-,-,-,小型,-,,38
2018-01-01,高知県,-,-,-,小型,-,,52
2018-01-01,福岡県,-,-,-,小型,-,,96
2018-01-01,佐賀県,-,-,-,小型,-,,19
2018-01-01,長崎県,-,-,-,小型,-,,60
2018-01-01,熊本県,-,-,-,小型,-,,91
2018-01-01,大分県,-,-,-,小型,-,,41
2018-01-01,宮崎県,-,-,-,小型,-,,30
2018-01-01,鹿児島県,-,-,-,小型,-,,92
2018-01-01,沖縄県,-,-,-,小型,-,,8
2018-02-01,北海道,-,-,-,小型,-,,234
2018-02-01,青森県,-,-,-,小型,-,,27
2018-02-01,岩手県,-,-,-,小型,-,,51
2018-02-01,宮城県,-,-,-,小型,-,,57
2018-02-01,秋田県,-,-,-,小型,-,,13
2018-02-01,山形県,-,-,-,小型,-,,31
2018-02-01,福島県,-,-,-,小型,-,,100
2018-02-01,茨城県,-,-,-,小型,-,,75
2018-02-01,栃木県,-,-,-,小型,-,,39
2018-02-01,群馬県,-,-,-,小型,-,,32
2018-02-01,埼玉県,-,-,-,小型,-,,273
2018-02-01,千葉県,-,-,-,小型,-,,275
2018-02-01,東京都,-,-,-,小型,-,,1231
2018-02-01,神奈川県,-,-,-,小型,-,,438
2018-02-01,新潟県,-,-,-,小型,-,,83
2018-02-01,山梨県,-,-,-,小型,-,,15
2018-02-01,長野県,-,-,-,小型,-,,28
2018-02-01,富山県,-,-,-,小型,-,,22
2018-02-01,石川県,-,-,-,小型,-,,50
2018-02-01,福井県,-,-,-,小型,-,,16
2018-02-01,岐阜県,-,-,-,小型,-,,40
2018-02-01,静岡県,-,-,-,小型,-,,114
2018-02-01,愛知県,-,-,-,小型,-,,162
2018-02-01,三重県,-,-,-,小型,-,,21
2018-02-01,滋賀県,-,-,-,小型,-,,24
2018-02-01,京都府,-,-,-,小型,-,,82
2018-02-01,大阪府,-,-,-,小型,-,,240
2018-02-01,兵庫県,-,-,-,小型,-,,154
2018-02-01,奈良県,-,-,-,小型,-,,40
2018-02-01,和歌山県,-,-,-,小型,-,,29
2018-02-01,鳥取県,-,-,-,小型,-,,14
2018-02-01,島根県,-,-,-,小型,-,,35
2018-02-01,岡山県,-,-,-,小型,-,,82
2018-02-01,広島県,-,-,-,小型,-,,77
2018-02-01,山口県,-,-,-,小型,-,,33
2018-02-01,徳島県,-,-,-,小型,-,,36
2018-02-01,香川県,-,-,-,小型,-,,9
2018-02-01,愛媛県,-,-,-,小型,-,,38
2018-02-01,高知県,-,-,-,小型,-,,52
2018-02-01,福岡県,-,-,-,小型,-,,96
2018-02-01,佐賀県,-,-,-,小型,-,,19
2018-02-01,長崎県,-,-,-,小型,-,,60
2018-02-01,熊本県,-,-,-,小型,-,,91
2018-02-01,大分県,-,-,-,小型,-,,41
2018-02-01,宮崎県,-,-,-,小型,-,,30
2018-02-01,鹿児島県,-,-,-,小型,-,,92
2018-02-01,沖縄県,-,-,-,小型,-,,8
2018-03-01,北海道,-,-,-,小型,-,,234
2018-03-01,青森県,-,-,-,小型,-,,27
2018-03-01,岩手県,-,-,-,小型,-,,51
2018-03-01,宮城県,-,-,-,小型,-,,56
2018-03-01,秋田県,-,-,-,小型,-,,13
2018-03-01,山形県,-,-,-,小型,-,,31
2018-03-01,福島県,-,-,-,小型,-,,100
2018-03-01,茨城県,-,-,-,小型,-,,75
2018-03-01,栃木県,-,-,-,小型,-,,38
2018-03-01,群馬県,-,-,-,小型,-,,31
2018-03-01,埼玉県,-,-,-,小型,-,,274
2018-03-01,千葉県,-,-,-,小型,-,,275
2018-03-01,東京都,-,-,-,小型,-,,1237
2018-03-01,神奈川県,-,-,-,小型,-,,440
2018-03-01,新潟県,-,-,-,小型,-,,83
2018-03-01,山梨県,-,-,-,小型,-,,15
2018-03-01,長野県,-,-,-,小型,-,,28
2018-03-01,富山県,-,-,-,小型,-,,22
2018-03-01,石川県,-,-,-,小型,-,,50
2018-03-01,福井県,-,-,-,小型,-,,12
2018-03-01,岐阜県,-,-,-,小型,-,,40
2018-03-01,静岡県,-,-,-,小型,-,,115
2018-03-01,愛知県,-,-,-,小型,-,,159
2018-03-01,三重県,-,-,-,小型,-,,21
2018-03-01,滋賀県,-,-,-,小型,-,,24
2018-03-01,京都府,-,-,-,小型,-,,82
2018-03-01,大阪府,-,-,-,小型,-,,242
2018-03-01,兵庫県,-,-,-,小型,-,,154
2018-03-01,奈良県,-,-,-,小型,-,,41
2018-03-01,和歌山県,-,-,-,小型,-,,29
2018-03-01,鳥取県,-,-,-,小型,-,,14
2018-03-01,島根県,-,-,-,小型,-,,36
2018-03-01,岡山県,-,-,-,小型,-,,82
2018-03-01,広島県,-,-,-,小型,-,,76
2018-03-01,山口県,-,-,-,小型,-,,32
2018-03-01,徳島県,-,-,-,小型,-,,36
2018-03-01,香川県,-,-,-,小型,-,,9
2018-03-01,愛媛県,-,-,-,小型,-,,38
2018-03-01,高知県,-,-,-,小型,-,,52
2018-03-01,福岡県,-,-,-,小型,-,,96
2018-03-01,佐賀県,-,-,-,小型,-,,19
2018-03-01,長崎県,-,-,-,小型,-,,60
2018-03-01,熊本県,-,-,-,小型,-,,91
2018-03-01,大分県,-,-,-,小型,-,,41
2018-03-01,宮崎県,-,-,-,小型,-,,30
2018-03-01,鹿児島県,-,-,-,小型,-,,92
2018-03-01,沖縄県,-,-,-,小型,-,,8
2018-04-01,北海道,-,-,-,小型,-,,238
2018-04-01,青森県,-,-,-,小型,-,,27
2018-04-01,岩手県,-,-,-,小型,-,,51
2018-04-01,宮城県,-,-,-,小型,-,,57
2018-04-01,秋田県,-,-,-,小型,-,,13
2018-04-01,山形県,-,-,-,小型,-,,31
2018-04-01,福島県,-,-,-,小型,-,,100
2018-04-01,茨城県,-,-,-,小型,-,,73
2018-04-01,栃木県,-,-,-,小型,-,,38
2018-04-01,群馬県,-,-,-,小型,-,,31
2018-04-01,埼玉県,-,-,-,小型,-,,273
2018-04-01,千葉県,-,-,-,小型,-,,273
2018-04-01,東京都,-,-,-,小型,-,,1248
2018-04-01,神奈川県,-,-,-,小型,-,,439
2018-04-01,新潟県,-,-,-,小型,-,,83
2018-04-01,山梨県,-,-,-,小型,-,,15
2018-04-01,長野県,-,-,-,小型,-,,28
2018-04-01,富山県,-,-,-,小型,-,,22
2018-04-01,石川県,-,-,-,小型,-,,50
2018-04-01,福井県,-,-,-,小型,-,,12
2018-04-01,岐阜県,-,-,-,小型,-,,40
2018-04-01,静岡県,-,-,-,小型,-,,115
2018-04-01,愛知県,-,-,-,小型,-,,159
2018-04-01,三重県,-,-,-,小型,-,,21
2018-04-01,滋賀県,-,-,-,小型,-,,24
2018-04-01,京都府,-,-,-,小型,-,,82
2018-04-01,大阪府,-,-,-,小型,-,,242
2018-04-01,兵庫県,-,-,-,小型,-,,155
2018-04-01,奈良県,-,-,-,小型,-,,41
2018-04-01,和歌山県,-,-,-,小型,-,,29
2018-04-01,鳥取県,-,-,-,小型,-,,14
2018-04-01,島根県,-,-,-,小型,-,,36
2018-04-01,岡山県,-,-,-,小型,-,,83
2018-04-01,広島県,-,-,-,小型,-,,77
2018-04-01,山口県,-,-,-,小型,-,,32
2018-04-01,徳島県,-,-,-,小型,-,,36
2018-04-01,香川県,-,-,-,小型,-,,9
2018-04-01,愛媛県,-,-,-,小型,-,,38
2018-04-01,高知県,-,-,-,小型,-,,52
2018-04-01,福岡県,-,-,-,小型,-,,96
2018-04-01,佐賀県,-,-,-,小型,-,,19
2018-04-01,長崎県,-,-,-,小型,-,,60
2018-04-01,熊本県,-,-,-,小型,-,,91
2018-04-01,大分県,-,-,-,小型,-,,41
2018-04-01,宮崎県,-,-,-,小型,-,,30
2018-04-01,鹿児島県,-,-,-,小型,-,,92
2018-04-01,沖縄県,-,-,-,小型,-,,8
2018-05-01,北海道,-,-,-,小型,-,,238
2018-05-01,青森県,-,-,-,小型,-,,27
2018-05-01,岩手県,-,-,-,小型,-,,51
2018-05-01,宮城県,-,-,-,小型,-,,57
2018-05-01,秋田県,-,-,-,小型,-,,13
2018-05-01,山形県,-,-,-,小型,-,,31
2018-05-01,福島県,-,-,-,小型,-,,100
2018-05-01,茨城県,-,-,-,小型,-,,74
2018-05-01,栃木県,-,-,-,小型,-,,38
2018-05-01,群馬県,-,-,-,小型,-,,31
2018-05-01,埼玉県,-,-,-,小型,-,,273
2018-05-01,千葉県,-,-,-,小型,-,,269
2018-05-01,東京都,-,-,-,小型,-,,1234
2018-05-01,神奈川県,-,-,-,小型,-,,444
2018-05-01,新潟県,-,-,-,小型,-,,83
2018-05-01,山梨県,-,-,-,小型,-,,15
2018-05-01,長野県,-,-,-,小型,-,,28
2018-05-01,富山県,-,-,-,小型,-,,22
2018-05-01,石川県,-,-,-,小型,-,,50
2018-05-01,福井県,-,-,-,小型,-,,13
2018-05-01,岐阜県,-,-,-,小型,-,,40
2018-05-01,静岡県,-,-,-,小型,-,,115
2018-05-01,愛知県,-,-,-,小型,-,,158
2018-05-01,三重県,-,-,-,小型,-,,21
2018-05-01,滋賀県,-,-,-,小型,-,,25
2018-05-01,京都府,-,-,-,小型,-,,81
2018-05-01,大阪府,-,-,-,小型,-,,244
2018-05-01,兵庫県,-,-,-,小型,-,,155
2018-05-01,奈良県,-,-,-,小型,-,,41
2018-05-01,和歌山県,-,-,-,小型,-,,29
2018-05-01,鳥取県,-,-,-,小型,-,,14
2018-05-01,島根県,-,-,-,小型,-,,36
2018-05-01,岡山県,-,-,-,小型,-,,83
2018-05-01,広島県,-,-,-,小型,-,,77
2018-05-01,山口県,-,-,-,小型,-,,32
2018-05-01,徳島県,-,-,-,小型,-,,36
2018-05-01,香川県,-,-,-,小型,-,,10
2018-05-01,愛媛県,-,-,-,小型,-,,38
2018-05-01,高知県,-,-,-,小型,-,,53
2018-05-01,福岡県,-,-,-,小型,-,,96
2018-05-01,佐賀県,-,-,-,小型,-,,19
2018-05-01,長崎県,-,-,-,小型,-,,60
2018-05-01,熊本県,-,-,-,小型,-,,91
2018-05-01,大分県,-,-,-,小型,-,,41
2018-05-01,宮崎県,-,-,-,小型,-,,30
2018-05-01,鹿児島県,-,-,-,小型,-,,92
2018-05-01,沖縄県,-,-,-,小型,-,,8
2018-06-01,北海道,-,-,-,小型,-,,238
2018-06-01,青森県,-,-,-,小型,-,,27
2018-06-01,岩手県,-,-,-,小型,-,,51
2018-06-01,宮城県,-,-,-,小型,-,,58
2018-06-01,秋田県,-,-,-,小型,-,,13
2018-06-01,山形県,-,-,-,小型,-,,31
2018-06-01,福島県,-,-,-,小型,-,,101
2018-06-01,茨城県,-,-,-,小型,-,,74
2018-06-01,栃木県,-,-,-,小型,-,,37
2018-06-01,群馬県,-,-,-,小型,-,,31
2018-06-01,埼玉県,-,-,-,小型,-,,274
2018-06-01,千葉県,-,-,-,小型,-,,269
2018-06-01,東京都,-,-,-,小型,-,,1237
2018-06-01,神奈川県,-,-,-,小型,-,,449
2018-06-01,新潟県,-,-,-,小型,-,,83
2018-06-01,山梨県,-,-,-,小型,-,,15
2018-06-01,長野県,-,-,-,小型,-,,28
2018-06-01,富山県,-,-,-,小型,-,,22
2018-06-01,石川県,-,-,-,小型,-,,50
2018-06-01,福井県,-,-,-,小型,-,,13
2018-06-01,岐阜県,-,-,-,小型,-,,40
2018-06-01,静岡県,-,-,-,小型,-,,116
2018-06-01,愛知県,-,-,-,小型,-,,158
2018-06-01,三重県,-,-,-,小型,-,,21
2018-06-01,滋賀県,-,-,-,小型,-,,25
2018-06-01,京都府,-,-,-,小型,-,,83
2018-06-01,大阪府,-,-,-,小型,-,,244
2018-06-01,兵庫県,-,-,-,小型,-,,154
2018-06-01,奈良県,-,-,-,小型,-,,41
2018-06-01,和歌山県,-,-,-,小型,-,,29
2018-06-01,鳥取県,-,-,-,小型,-,,14
2018-06-01,島根県,-,-,-,小型,-,,36
2018-06-01,岡山県,-,-,-,小型,-,,83
2018-06-01,広島県,-,-,-,小型,-,,78
2018-06-01,山口県,-,-,-,小型,-,,32
2018-06-01,徳島県,-,-,-,小型,-,,36
2018-06-01,香川県,-,-,-,小型,-,,10
2018-06-01,愛媛県,-,-,-,小型,-,,38
2018-06-01,高知県,-,-,-,小型,-,,53
2018-06-01,福岡県,-,-,-,小型,-,,96
2018-06-01,佐賀県,-,-,-,小型,-,,19
2018-06-01,長崎県,-,-,-,小型,-,,60
2018-06-01,熊本県,-,-,-,小型,-,,90
2018-06-01,大分県,-,-,-,小型,-,,41
2018-06-01,宮崎県,-,-,-,小型,-,,30
2018-06-01,鹿児島県,-,-,-,小型,-,,92
2018-06-01,沖縄県,-,-,-,小型,-,,8
2018-07-01,北海道,-,-,-,小型,-,,238
2018-07-01,青森県,-,-,-,小型,-,,27
2018-07-01,岩手県,-,-,-,小型,-,,51
2018-07-01,宮城県,-,-,-,小型,-,,58
2018-07-01,秋田県,-,-,-,小型,-,,13
2018-07-01,山形県,-,-,-,小型,-,,31
2018-07-01,福島県,-,-,-,小型,-,,104
2018-07-01,茨城県,-,-,-,小型,-,,74
2018-07-01,栃木県,-,-,-,小型,-,,37
2018-07-01,群馬県,-,-,-,小型,-,,31
2018-07-01,埼玉県,-,-,-,小型,-,,275
2018-07-01,千葉県,-,-,-,小型,-,,269
2018-07-01,東京都,-,-,-,小型,-,,1240
2018-07-01,神奈川県,-,-,-,小型,-,,451
2018-07-01,新潟県,-,-,-,小型,-,,83
2018-07-01,山梨県,-,-,-,小型,-,,15
2018-07-01,長野県,-,-,-,小型,-,,28
2018-07-01,富山県,-,-,-,小型,-,,22
2018-07-01,石川県,-,-,-,小型,-,,49
2018-07-01,福井県,-,-,-,小型,-,,13
2018-07-01,岐阜県,-,-,-,小型,-,,40
2018-07-01,静岡県,-,-,-,小型,-,,116
2018-07-01,愛知県,-,-,-,小型,-,,158
2018-07-01,三重県,-,-,-,小型,-,,21
2018-07-01,滋賀県,-,-,-,小型,-,,25
2018-07-01,京都府,-,-,-,小型,-,,85
2018-07-01,大阪府,-,-,-,小型,-,,244
2018-07-01,兵庫県,-,-,-,小型,-,,154
2018-07-01,奈良県,-,-,-,小型,-,,41
2018-07-01,和歌山県,-,-,-,小型,-,,30
2018-07-01,鳥取県,-,-,-,小型,-,,14
2018-07-01,島根県,-,-,-,小型,-,,36
2018-07-01,岡山県,-,-,-,小型,-,,83
2018-07-01,広島県,-,-,-,小型,-,,78
2018-07-01,山口県,-,-,-,小型,-,,32
2018-07-01,徳島県,-,-,-,小型,-,,36
2018-07-01,香川県,-,-,-,小型,-,,10
2018-07-01,愛媛県,-,-,-,小型,-,,38
2018-07-01,高知県,-,-,-,小型,-,,53
2018-07-01,福岡県,-,-,-,小型,-,,96
2018-07-01,佐賀県,-,-,-,小型,-,,19
2018-07-01,長崎県,-,-,-,小型,-,,60
2018-07-01,熊本県,-,-,-,小型,-,,90
2018-07-01,大分県,-,-,-,小型,-,,41
2018-07-01,宮崎県,-,-,-,小型,-,,30
2018-07-01,鹿児島県,-,-,-,小型,-,,92
2018-07-01,沖縄県,-,-,-,小型,-,,7
2018-08-01,北海道,-,-,-,小型,-,,238
2018-08-01,青森県,-,-,-,小型,-,,27
2018-08-01,岩手県,-,-,-,小型,-,,51
2018-08-01,宮城県,-,-,-,小型,-,,58
2018-08-01,秋田県,-,-,-,小型,-,,13
2018-08-01,山形県,-,-,-,小型,-,,31
2018-08-01,福島県,-,-,-,小型,-,,104
2018-08-01,茨城県,-,-,-,小型,-,,74
2018-08-01,栃木県,-,-,-,小型,-,,37
2018-08-01,群馬県,-,-,-,小型,-,,31
2018-08-01,埼玉県,-,-,-,小型,-,,276
2018-08-01,千葉県,-,-,-,小型,-,,268
2018-08-01,東京都,-,-,-,小型,-,,1247
2018-08-01,神奈川県,-,-,-,小型,-,,453
2018-08-01,新潟県,-,-,-,小型,-,,83
2018-08-01,山梨県,-,-,-,小型,-,,15
2018-08-01,長野県,-,-,-,小型,-,,28
2018-08-01,富山県,-,-,-,小型,-,,22
2018-08-01,石川県,-,-,-,小型,-,,49
2018-08-01,福井県,-,-,-,小型,-,,13
2018-08-01,岐阜県,-,-,-,小型,-,,40
2018-08-01,静岡県,-,-,-,小型,-,,116
2018-08-01,愛知県,-,-,-,小型,-,,157
2018-08-01,三重県,-,-,-,小型,-,,22
2018-08-01,滋賀県,-,-,-,小型,-,,25
2018-08-01,京都府,-,-,-,小型,-,,86
2018-08-01,大阪府,-,-,-,小型,-,,244
2018-08-01,兵庫県,-,-,-,小型,-,,153
2018-08-01,奈良県,-,-,-,小型,-,,41
2018-08-01,和歌山県,-,-,-,小型,-,,30
2018-08-01,鳥取県,-,-,-,小型,-,,14
2018-08-01,島根県,-,-,-,小型,-,,36
2018-08-01,岡山県,-,-,-,小型,-,,84
2018-08-01,広島県,-,-,-,小型,-,,78
2018-08-01,山口県,-,-,-,小型,-,,32
2018-08-01,徳島県,-,-,-,小型,-,,36
2018-08-01,香川県,-,-,-,小型,-,,10
2018-08-01,愛媛県,-,-,-,小型,-,,38
2018-08-01,高知県,-,-,-,小型,-,,53
2018-08-01,福岡県,-,-,-,小型,-,,96
2018-08-01,佐賀県,-,-,-,小型,-,,20
2018-08-01,長崎県,-,-,-,小型,-,,60
2018-08-01,熊本県,-,-,-,小型,-,,89
2018-08-01,大分県,-,-,-,小型,-,,41
2018-08-01,宮崎県,-,-,-,小型,-,,30
2018-08-01,鹿児島県,-,-,-,小型,-,,92
2018-08-01,沖縄県,-,-,-,小型,-,,7
2018-09-01,北海道,-,-,-,小型,-,,238
2018-09-01,青森県,-,-,-,小型,-,,27
2018-09-01,岩手県,-,-,-,小型,-,,51
2018-09-01,宮城県,-,-,-,小型,-,,57
2018-09-01,秋田県,-,-,-,小型,-,,13
2018-09-01,山形県,-,-,-,小型,-,,31
2018-09-01,福島県,-,-,-,小型,-,,104
2018-09-01,茨城県,-,-,-,小型,-,,74
2018-09-01,栃木県,-,-,-,小型,-,,37
2018-09-01,群馬県,-,-,-,小型,-,,31
2018-09-01,埼玉県,-,-,-,小型,-,,275
2018-09-01,千葉県,-,-,-,小型,-,,266
2018-09-01,東京都,-,-,-,小型,-,,1253
2018-09-01,神奈川県,-,-,-,小型,-,,454
2018-09-01,新潟県,-,-,-,小型,-,,83
2018-09-01,山梨県,-,-,-,小型,-,,15
2018-09-01,長野県,-,-,-,小型,-,,28
2018-09-01,富山県,-,-,-,小型,-,,22
2018-09-01,石川県,-,-,-,小型,-,,49
2018-09-01,福井県,-,-,-,小型,-,,13
2018-09-01,岐阜県,-,-,-,小型,-,,40
2018-09-01,静岡県,-,-,-,小型,-,,118
2018-09-01,愛知県,-,-,-,小型,-,,158
2018-09-01,三重県,-,-,-,小型,-,,22
2018-09-01,滋賀県,-,-,-,小型,-,,25
2018-09-01,京都府,-,-,-,小型,-,,87
2018-09-01,大阪府,-,-,-,小型,-,,244
2018-09-01,兵庫県,-,-,-,小型,-,,153
2018-09-01,奈良県,-,-,-,小型,-,,41
2018-09-01,和歌山県,-,-,-,小型,-,,30
2018-09-01,鳥取県,-,-,-,小型,-,,14
2018-09-01,島根県,-,-,-,小型,-,,36
2018-09-01,岡山県,-,-,-,小型,-,,84
2018-09-01,広島県,-,-,-,小型,-,,78
2018-09-01,山口県,-,-,-,小型,-,,32
2018-09-01,徳島県,-,-,-,小型,-,,36
2018-09-01,香川県,-,-,-,小型,-,,10
2018-09-01,愛媛県,-,-,-,小型,-,,38
2018-09-01,高知県,-,-,-,小型,-,,48
2018-09-01,福岡県,-,-,-,小型,-,,132
2018-09-01,佐賀県,-,-,-,小型,-,,20
2018-09-01,長崎県,-,-,-,小型,-,,60
2018-09-01,熊本県,-,-,-,小型,-,,89
2018-09-01,大分県,-,-,-,小型,-,,41
2018-09-01,宮崎県,-,-,-,小型,-,,30
2018-09-01,鹿児島県,-,-,-,小型,-,,86
2018-09-01,沖縄県,-,-,-,小型,-,,7
2018-10-01,北海道,-,-,-,小型,-,,239
2018-10-01,青森県,-,-,-,小型,-,,24
2018-10-01,岩手県,-,-,-,小型,-,,51
2018-10-01,宮城県,-,-,-,小型,-,,58
2018-10-01,秋田県,-,-,-,小型,-,,13
2018-10-01,山形県,-,-,-,小型,-,,31
2018-10-01,福島県,-,-,-,小型,-,,104
2018-10-01,茨城県,-,-,-,小型,-,,75
2018-10-01,栃木県,-,-,-,小型,-,,37
2018-10-01,群馬県,-,-,-,小型,-,,31
2018-10-01,埼玉県,-,-,-,小型,-,,276
2018-10-01,千葉県,-,-,-,小型,-,,267
2018-10-01,東京都,-,-,-,小型,-,,1267
2018-10-01,神奈川県,-,-,-,小型,-,,461
2018-10-01,新潟県,-,-,-,小型,-,,83
2018-10-01,山梨県,-,-,-,小型,-,,15
2018-10-01,長野県,-,-,-,小型,-,,28
2018-10-01,富山県,-,-,-,小型,-,,22
2018-10-01,石川県,-,-,-,小型,-,,49
2018-10-01,福井県,-,-,-,小型,-,,13
2018-10-01,岐阜県,-,-,-,小型,-,,40
2018-10-01,静岡県,-,-,-,小型,-,,119
2018-10-01,愛知県,-,-,-,小型,-,,158
2018-10-01,三重県,-,-,-,小型,-,,22
2018-10-01,滋賀県,-,-,-,小型,-,,25
2018-10-01,京都府,-,-,-,小型,-,,87
2018-10-01,大阪府,-,-,-,小型,-,,247
2018-10-01,兵庫県,-,-,-,小型,-,,153
2018-10-01,奈良県,-,-,-,小型,-,,41
2018-10-01,和歌山県,-,-,-,小型,-,,30
2018-10-01,鳥取県,-,-,-,小型,-,,14
2018-10-01,島根県,-,-,-,小型,-,,36
2018-10-01,岡山県,-,-,-,小型,-,,84
2018-10-01,広島県,-,-,-,小型,-,,78
2018-10-01,山口県,-,-,-,小型,-,,30
2018-10-01,徳島県,-,-,-,小型,-,,36
2018-10-01,香川県,-,-,-,小型,-,,10
2018-10-01,愛媛県,-,-,-,小型,-,,38
2018-10-01,高知県,-,-,-,小型,-,,48
2018-10-01,福岡県,-,-,-,小型,-,,133
2018-10-01,佐賀県,-,-,-,小型,-,,20
2018-10-01,長崎県,-,-,-,小型,-,,60
2018-10-01,熊本県,-,-,-,小型,-,,89
2018-10-01,大分県,-,-,-,小型,-,,41
2018-10-01,宮崎県,-,-,-,小型,-,,30
2018-10-01,鹿児島県,-,-,-,小型,-,,86
2018-10-01,沖縄県,-,-,-,小型,-,,7
2018-11-01,北海道,-,-,-,小型,-,,239
2018-11-01,青森県,-,-,-,小型,-,,18
2018-11-01,岩手県,-,-,-,小型,-,,51
2018-11-01,宮城県,-,-,-,小型,-,,60
2018-11-01,秋田県,-,-,-,小型,-,,13
2018-11-01,山形県,-,-,-,小型,-,,31
2018-11-01,福島県,-,-,-,小型,-,,104
2018-11-01,茨城県,-,-,-,小型,-,,75
2018-11-01,栃木県,-,-,-,小型,-,,37
2018-11-01,群馬県,-,-,-,小型,-,,31
2018-11-01,埼玉県,-,-,-,小型,-,,277
2018-11-01,千葉県,-,-,-,小型,-,,268
2018-11-01,東京都,-,-,-,小型,-,,1276
2018-11-01,神奈川県,-,-,-,小型,-,,464
2018-11-01,新潟県,-,-,-,小型,-,,83
2018-11-01,山梨県,-,-,-,小型,-,,15
2018-11-01,長野県,-,-,-,小型,-,,32
2018-11-01,富山県,-,-,-,小型,-,,22
2018-11-01,石川県,-,-,-,小型,-,,49
2018-11-01,福井県,-,-,-,小型,-,,13
2018-11-01,岐阜県,-,-,-,小型,-,,39
2018-11-01,静岡県,-,-,-,小型,-,,120
2018-11-01,愛知県,-,-,-,小型,-,,158
2018-11-01,三重県,-,-,-,小型,-,,22
2018-11-01,滋賀県,-,-,-,小型,-,,25
2018-11-01,京都府,-,-,-,小型,-,,88
2018-11-01,大阪府,-,-,-,小型,-,,250
2018-11-01,兵庫県,-,-,-,小型,-,,156
2018-11-01,奈良県,-,-,-,小型,-,,41
2018-11-01,和歌山県,-,-,-,小型,-,,28
2018-11-01,鳥取県,-,-,-,小型,-,,14
2018-11-01,島根県,-,-,-,小型,-,,38
2018-11-01,岡山県,-,-,-,小型,-,,85
2018-11-01,広島県,-,-,-,小型,-,,78
2018-11-01,山口県,-,-,-,小型,-,,30
2018-11-01,徳島県,-,-,-,小型,-,,36
2018-11-01,香川県,-,-,-,小型,-,,10
2018-11-01,愛媛県,-,-,-,小型,-,,38
2018-11-01,高知県,-,-,-,小型,-,,49
2018-11-01,福岡県,-,-,-,小型,-,,136
2018-11-01,佐賀県,-,-,-,小型,-,,20
2018-11-01,長崎県,-,-,-,小型,-,,60
2018-11-01,熊本県,-,-,-,小型,-,,104
2018-11-01,大分県,-,-,-,小型,-,,46
2018-11-01,宮崎県,-,-,-,小型,-,,33
2018-11-01,鹿児島県,-,-,-,小型,-,,86
2018-11-01,沖縄県,-,-,-,小型,-,,9
2018-12-01,北海道,-,-,-,小型,-,,239
2018-12-01,青森県,-,-,-,小型,-,,18
2018-12-01,岩手県,-,-,-,小型,-,,51
2018-12-01,宮城県,-,-,-,小型,-,,61
2018-12-01,秋田県,-,-,-,小型,-,,13
2018-12-01,山形県,-,-,-,小型,-,,31
2018-12-01,福島県,-,-,-,小型,-,,105
2018-12-01,茨城県,-,-,-,小型,-,,75
2018-12-01,栃木県,-,-,-,小型,-,,37
2018-12-01,群馬県,-,-,-,小型,-,,31
2018-12-01,埼玉県,-,-,-,小型,-,,277
2018-12-01,千葉県,-,-,-,小型,-,,268
2018-12-01,東京都,-,-,-,小型,-,,1278
2018-12-01,神奈川県,-,-,-,小型,-,,466
2018-12-01,新潟県,-,-,-,小型,-,,84
2018-12-01,山梨県,-,-,-,小型,-,,15
2018-12-01,長野県,-,-,-,小型,-,,32
2018-12-01,富山県,-,-,-,小型,-,,22
2018-12-01,石川県,-,-,-,小型,-,,49
2018-12-01,福井県,-,-,-,小型,-,,13
2018-12-01,岐阜県,-,-,-,小型,-,,39
2018-12-01,静岡県,-,-,-,小型,-,,120
2018-12-01,愛知県,-,-,-,小型,-,,160
2018-12-01,三重県,-,-,-,小型,-,,22
2018-12-01,滋賀県,-,-,-,小型,-,,25
2018-12-01,京都府,-,-,-,小型,-,,88
2018-12-01,大阪府,-,-,-,小型,-,,250
2018-12-01,兵庫県,-,-,-,小型,-,,156
2018-12-01,奈良県,-,-,-,小型,-,,41
2018-12-01,和歌山県,-,-,-,小型,-,,29
2018-12-01,鳥取県,-,-,-,小型,-,,14
2018-12-01,島根県,-,-,-,小型,-,,40
2018-12-01,岡山県,-,-,-,小型,-,,85
2018-12-01,広島県,-,-,-,小型,-,,82
2018-12-01,山口県,-,-,-,小型,-,,30
2018-12-01,徳島県,-,-,-,小型,-,,36
2018-12-01,香川県,-,-,-,小型,-,,10
2018-12-01,愛媛県,-,-,-,小型,-,,38
2018-12-01,高知県,-,-,-,小型,-,,49
2018-12-01,福岡県,-,-,-,小型,-,,136
2018-12-01,佐賀県,-,-,-,小型,-,,20
2018-12-01,長崎県,-,-,-,小型,-,,60
2018-12-01,熊本県,-,-,-,小型,-,,104
2018-12-01,大分県,-,-,-,小型,-,,46
2018-12-01,宮崎県,-,-,-,小型,-,,33
2018-12-01,鹿児島県,-,-,-,小型,-,,86
2018-12-01,沖縄県,-,-,-,小型,-,,9
2019-01-01,北海道,-,-,-,小型,-,,239
2019-01-01,青森県,-,-,-,小型,-,,18
2019-01-01,岩手県,-,-,-,小型,-,,51
2019-01-01,宮城県,-,-,-,小型,-,,61
2019-01-01,秋田県,-,-,-,小型,-,,13
2019-01-01,山形県,-,-,-,小型,-,,32
2019-01-01,福島県,-,-,-,小型,-,,105
2019-01-01,茨城県,-,-,-,小型,-,,75
2019-01-01,栃木県,-,-,-,小型,-,,35
2019-01-01,群馬県,-,-,-,小型,-,,31
2019-01-01,埼玉県,-,-,-,小型,-,,277
2019-01-01,千葉県,-,-,-,小型,-,,268
2019-01-01,東京都,-,-,-,小型,-,,1280
2019-01-01,神奈川県,-,-,-,小型,-,,459
2019-01-01,新潟県,-,-,-,小型,-,,84
2019-01-01,山梨県,-,-,-,小型,-,,15
2019-01-01,長野県,-,-,-,小型,-,,33
2019-01-01,富山県,-,-,-,小型,-,,22
2019-01-01,石川県,-,-,-,小型,-,,49
2019-01-01,福井県,-,-,-,小型,-,,13
2019-01-01,岐阜県,-,-,-,小型,-,,39
2019-01-01,静岡県,-,-,-,小型,-,,118
2019-01-01,愛知県,-,-,-,小型,-,,155
2019-01-01,三重県,-,-,-,小型,-,,16
2019-01-01,滋賀県,-,-,-,小型,-,,25
2019-01-01,京都府,-,-,-,小型,-,,89
2019-01-01,大阪府,-,-,-,小型,-,,248
2019-01-01,兵庫県,-,-,-,小型,-,,156
2019-01-01,奈良県,-,-,-,小型,-,,41
2019-01-01,和歌山県,-,-,-,小型,-,,29
2019-01-01,鳥取県,-,-,-,小型,-,,14
2019-01-01,島根県,-,-,-,小型,-,,40
2019-01-01,岡山県,-,-,-,小型,-,,85
2019-01-01,広島県,-,-,-,小型,-,,82
2019-01-01,山口県,-,-,-,小型,-,,30
2019-01-01,徳島県,-,-,-,小型,-,,36
2019-01-01,香川県,-,-,-,小型,-,,10
2019-01-01,愛媛県,-,-,-,小型,-,,38
2019-01-01,高知県,-,-,-,小型,-,,49
2019-01-01,福岡県,-,-,-,小型,-,,135
2019-01-01,佐賀県,-,-,-,小型,-,,20
2019-01-01,長崎県,-,-,-,小型,-,,60
2019-01-01,熊本県,-,-,-,小型,-,,105
2019-01-01,大分県,-,-,-,小型,-,,46
2019-01-01,宮崎県,-,-,-,小型,-,,33
2019-01-01,鹿児島県,-,-,-,小型,-,,83
2019-01-01,沖縄県,-,-,-,小型,-,,10
2019-02-01,北海道,-,-,-,小型,-,,239
2019-02-01,青森県,-,-,-,小型,-,,18
2019-02-01,岩手県,-,-,-,小型,-,,51
2019-02-01,宮城県,-,-,-,小型,-,,61
2019-02-01,秋田県,-,-,-,小型,-,,13
2019-02-01,山形県,-,-,-,小型,-,,32
2019-02-01,福島県,-,-,-,小型,-,,105
2019-02-01,茨城県,-,-,-,小型,-,,75
2019-02-01,栃木県,-,-,-,小型,-,,35
2019-02-01,群馬県,-,-,-,小型,-,,29
2019-02-01,埼玉県,-,-,-,小型,-,,278
2019-02-01,千葉県,-,-,-,小型,-,,268
2019-02-01,東京都,-,-,-,小型,-,,1281
2019-02-01,神奈川県,-,-,-,小型,-,,462
2019-02-01,新潟県,-,-,-,小型,-,,84
2019-02-01,山梨県,-,-,-,小型,-,,15
2019-02-01,長野県,-,-,-,小型,-,,33
2019-02-01,富山県,-,-,-,小型,-,,22
2019-02-01,石川県,-,-,-,小型,-,,48
2019-02-01,福井県,-,-,-,小型,-,,13
2019-02-01,岐阜県,-,-,-,小型,-,,37
2019-02-01,静岡県,-,-,-,小型,-,,118
2019-02-01,愛知県,-,-,-,小型,-,,155
2019-02-01,三重県,-,-,-,小型,-,,16
2019-02-01,滋賀県,-,-,-,小型,-,,25
2019-02-01,京都府,-,-,-,小型,-,,89
2019-02-01,大阪府,-,-,-,小型,-,,249
2019-02-01,兵庫県,-,-,-,小型,-,,156
2019-02-01,奈良県,-,-,-,小型,-,,41
2019-02-01,和歌山県,-,-,-,小型,-,,29
2019-02-01,鳥取県,-,-,-,小型,-,,14
2019-02-01,島根県,-,-,-,小型,-,,40
2019-02-01,岡山県,-,-,-,小型,-,,84
2019-02-01,広島県,-,-,-,小型,-,,75
2019-02-01,山口県,-,-,-,小型,-,,29
2019-02-01,徳島県,-,-,-,小型,-,,36
2019-02-01,香川県,-,-,-,小型,-,,10
2019-02-01,愛媛県,-,-,-,小型,-,,38
2019-02-01,高知県,-,-,-,小型,-,,49
2019-02-01,福岡県,-,-,-,小型,-,,134
2019-02-01,佐賀県,-,-,-,小型,-,,20
2019-02-01,長崎県,-,-,-,小型,-,,60
2019-02-01,熊本県,-,-,-,小型,-,,105
2019-02-01,大分県,-,-,-,小型,-,,46
2019-02-01,宮崎県,-,-,-,小型,-,,33
2019-02-01,鹿児島県,-,-,-,小型,-,,83
2019-02-01,沖縄県,-,-,-,小型,-,,10
2019-03-01,北海道,-,-,-,小型,-,,239
2019-03-01,青森県,-,-,-,小型,-,,18
2019-03-01,岩手県,-,-,-,小型,-,,51
2019-03-01,宮城県,-,-,-,小型,-,,60
2019-03-01,秋田県,-,-,-,小型,-,,13
2019-03-01,山形県,-,-,-,小型,-,,32
2019-03-01,福島県,-,-,-,小型,-,,104
2019-03-01,茨城県,-,-,-,小型,-,,75
2019-03-01,栃木県,-,-,-,小型,-,,35
2019-03-01,群馬県,-,-,-,小型,-,,29
2019-03-01,埼玉県,-,-,-,小型,-,,276
2019-03-01,千葉県,-,-,-,小型,-,,268
2019-03-01,東京都,-,-,-,小型,-,,1284
2019-03-01,神奈川県,-,-,-,小型,-,,468
2019-03-01,新潟県,-,-,-,小型,-,,85
2019-03-01,山梨県,-,-,-,小型,-,,15
2019-03-01,長野県,-,-,-,小型,-,,33
2019-03-01,富山県,-,-,-,小型,-,,22
2019-03-01,石川県,-,-,-,小型,-,,48
2019-03-01,福井県,-,-,-,小型,-,,13
2019-03-01,岐阜県,-,-,-,小型,-,,36
2019-03-01,静岡県,-,-,-,小型,-,,118
2019-03-01,愛知県,-,-,-,小型,-,,155
2019-03-01,三重県,-,-,-,小型,-,,16
2019-03-01,滋賀県,-,-,-,小型,-,,25
2019-03-01,京都府,-,-,-,小型,-,,90
2019-03-01,大阪府,-,-,-,小型,-,,255
2019-03-01,兵庫県,-,-,-,小型,-,,157
2019-03-01,奈良県,-,-,-,小型,-,,41
2019-03-01,和歌山県,-,-,-,小型,-,,29
2019-03-01,鳥取県,-,-,-,小型,-,,14
2019-03-01,島根県,-,-,-,小型,-,,40
2019-03-01,岡山県,-,-,-,小型,-,,85
2019-03-01,広島県,-,-,-,小型,-,,74
2019-03-01,山口県,-,-,-,小型,-,,29
2019-03-01,徳島県,-,-,-,小型,-,,36
2019-03-01,香川県,-,-,-,小型,-,,10
2019-03-01,愛媛県,-,-,-,小型,-,,38
2019-03-01,高知県,-,-,-,小型,-,,48
2019-03-01,福岡県,-,-,-,小型,-,,132
2019-03-01,佐賀県,-,-,-,小型,-,,20
2019-03-01,長崎県,-,-,-,小型,-,,60
2019-03-01,熊本県,-,-,-,小型,-,,105
2019-03-01,大分県,-,-,-,小型,-,,46
2019-03-01,宮崎県,-,-,-,小型,-,,33
2019-03-01,鹿児島県,-,-,-,小型,-,,83
2019-03-01,沖縄県,-,-,-,小型,-,,11
2019-04-01,北海道,-,-,-,小型,-,,239
2019-04-01,青森県,-,-,-,小型,-,,18
2019-04-01,岩手県,-,-,-,小型,-,,51
2019-04-01,宮城県,-,-,-,小型,-,,59
2019-04-01,秋田県,-,-,-,小型,-,,13
2019-04-01,山形県,-,-,-,小型,-,,32
2019-04-01,福島県,-,-,-,小型,-,,104
2019-04-01,茨城県,-,-,-,小型,-,,75
2019-04-01,栃木県,-,-,-,小型,-,,35
2019-04-01,群馬県,-,-,-,小型,-,,29
2019-04-01,埼玉県,-,-,-,小型,-,,276
2019-04-01,千葉県,-,-,-,小型,-,,268
2019-04-01,東京都,-,-,-,小型,-,,1291
2019-04-01,神奈川県,-,-,-,小型,-,,472
2019-04-01,新潟県,-,-,-,小型,-,,85
2019-04-01,山梨県,-,-,-,小型,-,,15
2019-04-01,長野県,-,-,-,小型,-,,33
2019-04-01,富山県,-,-,-,小型,-,,22
2019-04-01,石川県,-,-,-,小型,-,,48
2019-04-01,福井県,-,-,-,小型,-,,13
2019-04-01,岐阜県,-,-,-,小型,-,,36
2019-04-01,静岡県,-,-,-,小型,-,,119
2019-04-01,愛知県,-,-,-,小型,-,,154
2019-04-01,三重県,-,-,-,小型,-,,16
2019-04-01,滋賀県,-,-,-,小型,-,,25
2019-04-01,京都府,-,-,-,小型,-,,90
2019-04-01,大阪府,-,-,-,小型,-,,258
2019-04-01,兵庫県,-,-,-,小型,-,,156
2019-04-01,奈良県,-,-,-,小型,-,,41
2019-04-01,和歌山県,-,-,-,小型,-,,29
2019-04-01,鳥取県,-,-,-,小型,-,,14
2019-04-01,島根県,-,-,-,小型,-,,40
2019-04-01,岡山県,-,-,-,小型,-,,84
2019-04-01,広島県,-,-,-,小型,-,,74
2019-04-01,山口県,-,-,-,小型,-,,29
2019-04-01,徳島県,-,-,-,小型,-,,36
2019-04-01,香川県,-,-,-,小型,-,,10
2019-04-01,愛媛県,-,-,-,小型,-,,38
2019-04-01,高知県,-,-,-,小型,-,,48
2019-04-01,福岡県,-,-,-,小型,-,,131
2019-04-01,佐賀県,-,-,-,小型,-,,20
2019-04-01,長崎県,-,-,-,小型,-,,60
2019-04-01,熊本県,-,-,-,小型,-,,105
2019-04-01,大分県,-,-,-,小型,-,,46
2019-04-01,宮崎県,-,-,-,小型,-,,33
2019-04-01,鹿児島県,-,-,-,小型,-,,83
2019-04-01,沖縄県,-,-,-,小型,-,,11
2019-05-01,北海道,-,-,-,小型,-,,235
2019-05-01,青森県,-,-,-,小型,-,,16
2019-05-01,岩手県,-,-,-,小型,-,,51
2019-05-01,宮城県,-,-,-,小型,-,,58
2019-05-01,秋田県,-,-,-,小型,-,,13
2019-05-01,山形県,-,-,-,小型,-,,31
2019-05-01,福島県,-,-,-,小型,-,,102
2019-05-01,茨城県,-,-,-,小型,-,,72
2019-05-01,栃木県,-,-,-,小型,-,,34
2019-05-01,群馬県,-,-,-,小型,-,,28
2019-05-01,埼玉県,-,-,-,小型,-,,274
2019-05-01,千葉県,-,-,-,小型,-,,264
2019-05-01,東京都,-,-,-,小型,-,,1289
2019-05-01,神奈川県,-,-,-,小型,-,,468
2019-05-01,新潟県,-,-,-,小型,-,,82
2019-05-01,山梨県,-,-,-,小型,-,,15
2019-05-01,長野県,-,-,-,小型,-,,35
2019-05-01,富山県,-,-,-,小型,-,,21
2019-05-01,石川県,-,-,-,小型,-,,46
2019-05-01,福井県,-,-,-,小型,-,,13
2019-05-01,岐阜県,-,-,-,小型,-,,35
2019-05-01,静岡県,-,-,-,小型,-,,117
2019-05-01,愛知県,-,-,-,小型,-,,152
2019-05-01,三重県,-,-,-,小型,-,,16
2019-05-01,滋賀県,-,-,-,小型,-,,25
2019-05-01,京都府,-,-,-,小型,-,,90
2019-05-01,大阪府,-,-,-,小型,-,,260
2019-05-01,兵庫県,-,-,-,小型,-,,153
2019-05-01,奈良県,-,-,-,小型,-,,42
2019-05-01,和歌山県,-,-,-,小型,-,,28
2019-05-01,鳥取県,-,-,-,小型,-,,14
2019-05-01,島根県,-,-,-,小型,-,,40
2019-05-01,岡山県,-,-,-,小型,-,,85
2019-05-01,広島県,-,-,-,小型,-,,73
2019-05-01,山口県,-,-,-,小型,-,,29
2019-05-01,徳島県,-,-,-,小型,-,,35
2019-05-01,香川県,-,-,-,小型,-,,9
2019-05-01,愛媛県,-,-,-,小型,-,,37
2019-05-01,高知県,-,-,-,小型,-,,48
2019-05-01,福岡県,-,-,-,小型,-,,133
2019-05-01,佐賀県,-,-,-,小型,-,,17
2019-05-01,長崎県,-,-,-,小型,-,,56
2019-05-01,熊本県,-,-,-,小型,-,,105
2019-05-01,大分県,-,-,-,小型,-,,44
2019-05-01,宮崎県,-,-,-,小型,-,,33
2019-05-01,鹿児島県,-,-,-,小型,-,,81
2019-05-01,沖縄県,-,-,-,小型,-,,11
2019-06-01,北海道,-,-,-,小型,-,,235
2019-06-01,青森県,-,-,-,小型,-,,16
2019-06-01,岩手県,-,-,-,小型,-,,51
2019-06-01,宮城県,-,-,-,小型,-,,58
2019-06-01,秋田県,-,-,-,小型,-,,13
2019-06-01,山形県,-,-,-,小型,-,,31
2019-06-01,福島県,-,-,-,小型,-,,103
2019-06-01,茨城県,-,-,-,小型,-,,71
2019-06-01,栃木県,-,-,-,小型,-,,34
2019-06-01,群馬県,-,-,-,小型,-,,28
2019-06-01,埼玉県,-,-,-,小型,-,,271
2019-06-01,千葉県,-,-,-,小型,-,,263
2019-06-01,東京都,-,-,-,小型,-,,1291
2019-06-01,神奈川県,-,-,-,小型,-,,471
2019-06-01,新潟県,-,-,-,小型,-,,82
2019-06-01,山梨県,-,-,-,小型,-,,15
2019-06-01,長野県,-,-,-,小型,-,,35
2019-06-01,富山県,-,-,-,小型,-,,21
2019-06-01,石川県,-,-,-,小型,-,,46
2019-06-01,福井県,-,-,-,小型,-,,13
2019-06-01,岐阜県,-,-,-,小型,-,,35
2019-06-01,静岡県,-,-,-,小型,-,,118
2019-06-01,愛知県,-,-,-,小型,-,,152
2019-06-01,三重県,-,-,-,小型,-,,16
2019-06-01,滋賀県,-,-,-,小型,-,,25
2019-06-01,京都府,-,-,-,小型,-,,89
2019-06-01,大阪府,-,-,-,小型,-,,261
2019-06-01,兵庫県,-,-,-,小型,-,,154
2019-06-01,奈良県,-,-,-,小型,-,,42
2019-06-01,和歌山県,-,-,-,小型,-,,28
2019-06-01,鳥取県,-,-,-,小型,-,,14
2019-06-01,島根県,-,-,-,小型,-,,40
2019-06-01,岡山県,-,-,-,小型,-,,86
2019-06-01,広島県,-,-,-,小型,-,,73
2019-06-01,山口県,-,-,-,小型,-,,29
2019-06-01,徳島県,-,-,-,小型,-,,35
2019-06-01,香川県,-,-,-,小型,-,,9
2019-06-01,愛媛県,-,-,-,小型,-,,37
2019-06-01,高知県,-,-,-,小型,-,,48
2019-06-01,福岡県,-,-,-,小型,-,,133
2019-06-01,佐賀県,-,-,-,小型,-,,17
2019-06-01,長崎県,-,-,-,小型,-,,56
2019-06-01,熊本県,-,-,-,小型,-,,105
2019-06-01,大分県,-,-,-,小型,-,,44
2019-06-01,宮崎県,-,-,-,小型,-,,33
2019-06-01,鹿児島県,-,-,-,小型,-,,81
2019-06-01,沖縄県,-,-,-,小型,-,,11
2019-07-01,北海道,-,-,-,小型,-,,234
2019-07-01,青森県,-,-,-,小型,-,,16
2019-07-01,岩手県,-,-,-,小型,-,,51
2019-07-01,宮城県,-,-,-,小型,-,,58
2019-07-01,秋田県,-,-,-,小型,-,,13
2019-07-01,山形県,-,-,-,小型,-,,30
2019-07-01,福島県,-,-,-,小型,-,,103
2019-07-01,茨城県,-,-,-,小型,-,,71
2019-07-01,栃木県,-,-,-,小型,-,,32
2019-07-01,群馬県,-,-,-,小型,-,,28
2019-07-01,埼玉県,-,-,-,小型,-,,271
2019-07-01,千葉県,-,-,-,小型,-,,263
2019-07-01,東京都,-,-,-,小型,-,,1292
2019-07-01,神奈川県,-,-,-,小型,-,,471
2019-07-01,新潟県,-,-,-,小型,-,,79
2019-07-01,山梨県,-,-,-,小型,-,,15
2019-07-01,長野県,-,-,-,小型,-,,35
2019-07-01,富山県,-,-,-,小型,-,,21
2019-07-01,石川県,-,-,-,小型,-,,46
2019-07-01,福井県,-,-,-,小型,-,,13
2019-07-01,岐阜県,-,-,-,小型,-,,35
2019-07-01,静岡県,-,-,-,小型,-,,118
2019-07-01,愛知県,-,-,-,小型,-,,153
2019-07-01,三重県,-,-,-,小型,-,,16
2019-07-01,滋賀県,-,-,-,小型,-,,26
2019-07-01,京都府,-,-,-,小型,-,,90
2019-07-01,大阪府,-,-,-,小型,-,,260
2019-07-01,兵庫県,-,-,-,小型,-,,154
2019-07-01,奈良県,-,-,-,小型,-,,43
2019-07-01,和歌山県,-,-,-,小型,-,,28
2019-07-01,鳥取県,-,-,-,小型,-,,14
2019-07-01,島根県,-,-,-,小型,-,,40
2019-07-01,岡山県,-,-,-,小型,-,,86
2019-07-01,広島県,-,-,-,小型,-,,73
2019-07-01,山口県,-,-,-,小型,-,,29
2019-07-01,徳島県,-,-,-,小型,-,,35
2019-07-01,香川県,-,-,-,小型,-,,9
2019-07-01,愛媛県,-,-,-,小型,-,,37
2019-07-01,高知県,-,-,-,小型,-,,48
2019-07-01,福岡県,-,-,-,小型,-,,133
2019-07-01,佐賀県,-,-,-,小型,-,,17
2019-07-01,長崎県,-,-,-,小型,-,,56
2019-07-01,熊本県,-,-,-,小型,-,,105
2019-07-01,大分県,-,-,-,小型,-,,44
2019-07-01,宮崎県,-,-,-,小型,-,,33
2019-07-01,鹿児島県,-,-,-,小型,-,,81
2019-07-01,沖縄県,-,-,-,小型,-,,11
2019-08-01,北海道,-,-,-,小型,-,,235
2019-08-01,青森県,-,-,-,小型,-,,16
2019-08-01,岩手県,-,-,-,小型,-,,51
2019-08-01,宮城県,-,-,-,小型,-,,58
2019-08-01,秋田県,-,-,-,小型,-,,13
2019-08-01,山形県,-,-,-,小型,-,,30
2019-08-01,福島県,-,-,-,小型,-,,103
2019-08-01,茨城県,-,-,-,小型,-,,71
2019-08-01,栃木県,-,-,-,小型,-,,32
2019-08-01,群馬県,-,-,-,小型,-,,28
2019-08-01,埼玉県,-,-,-,小型,-,,268
2019-08-01,千葉県,-,-,-,小型,-,,260
2019-08-01,東京都,-,-,-,小型,-,,1303
2019-08-01,神奈川県,-,-,-,小型,-,,471
2019-08-01,新潟県,-,-,-,小型,-,,79
2019-08-01,山梨県,-,-,-,小型,-,,15
2019-08-01,長野県,-,-,-,小型,-,,35
2019-08-01,富山県,-,-,-,小型,-,,21
2019-08-01,石川県,-,-,-,小型,-,,46
2019-08-01,福井県,-,-,-,小型,-,,13
2019-08-01,岐阜県,-,-,-,小型,-,,35
2019-08-01,静岡県,-,-,-,小型,-,,118
2019-08-01,愛知県,-,-,-,小型,-,,150
2019-08-01,三重県,-,-,-,小型,-,,16
2019-08-01,滋賀県,-,-,-,小型,-,,26
2019-08-01,京都府,-,-,-,小型,-,,89
2019-08-01,大阪府,-,-,-,小型,-,,260
2019-08-01,兵庫県,-,-,-,小型,-,,155
2019-08-01,奈良県,-,-,-,小型,-,,43
2019-08-01,和歌山県,-,-,-,小型,-,,28
2019-08-01,鳥取県,-,-,-,小型,-,,13
2019-08-01,島根県,-,-,-,小型,-,,40
2019-08-01,岡山県,-,-,-,小型,-,,86
2019-08-01,広島県,-,-,-,小型,-,,73
2019-08-01,山口県,-,-,-,小型,-,,29
2019-08-01,徳島県,-,-,-,小型,-,,35
2019-08-01,香川県,-,-,-,小型,-,,9
2019-08-01,愛媛県,-,-,-,小型,-,,37
2019-08-01,高知県,-,-,-,小型,-,,49
2019-08-01,福岡県,-,-,-,小型,-,,133
2019-08-01,佐賀県,-,-,-,小型,-,,17
2019-08-01,長崎県,-,-,-,小型,-,,56
2019-08-01,熊本県,-,-,-,小型,-,,103
2019-08-01,大分県,-,-,-,小型,-,,44
2019-08-01,宮崎県,-,-,-,小型,-,,33
2019-08-01,鹿児島県,-,-,-,小型,-,,81
2019-08-01,沖縄県,-,-,-,小型,-,,11
2019-09-01,北海道,-,-,-,小型,-,,235
2019-09-01,青森県,-,-,-,小型,-,,16
2019-09-01,岩手県,-,-,-,小型,-,,51
2019-09-01,宮城県,-,-,-,小型,-,,55
2019-09-01,秋田県,-,-,-,小型,-,,13
2019-09-01,山形県,-,-,-,小型,-,,30
2019-09-01,福島県,-,-,-,小型,-,,103
2019-09-01,茨城県,-,-,-,小型,-,,71
2019-09-01,栃木県,-,-,-,小型,-,,33
2019-09-01,群馬県,-,-,-,小型,-,,28
2019-09-01,埼玉県,-,-,-,小型,-,,267
2019-09-01,千葉県,-,-,-,小型,-,,260
2019-09-01,東京都,-,-,-,小型,-,,1309
2019-09-01,神奈川県,-,-,-,小型,-,,472
2019-09-01,新潟県,-,-,-,小型,-,,80
2019-09-01,山梨県,-,-,-,小型,-,,15
2019-09-01,長野県,-,-,-,小型,-,,35
2019-09-01,富山県,-,-,-,小型,-,,21
2019-09-01,石川県,-,-,-,小型,-,,46
2019-09-01,福井県,-,-,-,小型,-,,13
2019-09-01,岐阜県,-,-,-,小型,-,,35
2019-09-01,静岡県,-,-,-,小型,-,,118
2019-09-01,愛知県,-,-,-,小型,-,,151
2019-09-01,三重県,-,-,-,小型,-,,16
2019-09-01,滋賀県,-,-,-,小型,-,,26
2019-09-01,京都府,-,-,-,小型,-,,89
2019-09-01,大阪府,-,-,-,小型,-,,261
2019-09-01,兵庫県,-,-,-,小型,-,,155
2019-09-01,奈良県,-,-,-,小型,-,,43
2019-09-01,和歌山県,-,-,-,小型,-,,28
2019-09-01,鳥取県,-,-,-,小型,-,,13
2019-09-01,島根県,-,-,-,小型,-,,40
2019-09-01,岡山県,-,-,-,小型,-,,86
2019-09-01,広島県,-,-,-,小型,-,,73
2019-09-01,山口県,-,-,-,小型,-,,29
2019-09-01,徳島県,-,-,-,小型,-,,35
2019-09-01,香川県,-,-,-,小型,-,,9
2019-09-01,愛媛県,-,-,-,小型,-,,37
2019-09-01,高知県,-,-,-,小型,-,,49
2019-09-01,福岡県,-,-,-,小型,-,,133
2019-09-01,佐賀県,-,-,-,小型,-,,17
2019-09-01,長崎県,-,-,-,小型,-,,56
2019-09-01,熊本県,-,-,-,小型,-,,102
2019-09-01,大分県,-,-,-,小型,-,,44
2019-09-01,宮崎県,-,-,-,小型,-,,32
2019-09-01,鹿児島県,-,-,-,小型,-,,81
2019-09-01,沖縄県,-,-,-,小型,-,,11
2019-10-01,北海道,-,-,-,小型,-,,235
2019-10-01,青森県,-,-,-,小型,-,,16
2019-10-01,岩手県,-,-,-,小型,-,,51
2019-10-01,宮城県,-,-,-,小型,-,,54
2019-10-01,秋田県,-,-,-,小型,-,,13
2019-10-01,山形県,-,-,-,小型,-,,30
2019-10-01,福島県,-,-,-,小型,-,,103
2019-10-01,茨城県,-,-,-,小型,-,,72
2019-10-01,栃木県,-,-,-,小型,-,,33
2019-10-01,群馬県,-,-,-,小型,-,,28
2019-10-01,埼玉県,-,-,-,小型,-,,266
2019-10-01,千葉県,-,-,-,小型,-,,259
2019-10-01,東京都,-,-,-,小型,-,,1309
2019-10-01,神奈川県,-,-,-,小型,-,,471
2019-10-01,新潟県,-,-,-,小型,-,,80
2019-10-01,山梨県,-,-,-,小型,-,,15
2019-10-01,長野県,-,-,-,小型,-,,35
2019-10-01,富山県,-,-,-,小型,-,,21
2019-10-01,石川県,-,-,-,小型,-,,47
2019-10-01,福井県,-,-,-,小型,-,,13
2019-10-01,岐阜県,-,-,-,小型,-,,35
2019-10-01,静岡県,-,-,-,小型,-,,118
2019-10-01,愛知県,-,-,-,小型,-,,151
2019-10-01,三重県,-,-,-,小型,-,,16
2019-10-01,滋賀県,-,-,-,小型,-,,26
2019-10-01,京都府,-,-,-,小型,-,,88
2019-10-01,大阪府,-,-,-,小型,-,,260
2019-10-01,兵庫県,-,-,-,小型,-,,154
2019-10-01,奈良県,-,-,-,小型,-,,42
2019-10-01,和歌山県,-,-,-,小型,-,,28
2019-10-01,鳥取県,-,-,-,小型,-,,13
2019-10-01,島根県,-,-,-,小型,-,,40
2019-10-01,岡山県,-,-,-,小型,-,,85
2019-10-01,広島県,-,-,-,小型,-,,73
2019-10-01,山口県,-,-,-,小型,-,,29
2019-10-01,徳島県,-,-,-,小型,-,,35
2019-10-01,香川県,-,-,-,小型,-,,9
2019-10-01,愛媛県,-,-,-,小型,-,,37
2019-10-01,高知県,-,-,-,小型,-,,49
2019-10-01,福岡県,-,-,-,小型,-,,133
2019-10-01,佐賀県,-,-,-,小型,-,,17
2019-10-01,長崎県,-,-,-,小型,-,,56
2019-10-01,熊本県,-,-,-,小型,-,,103
2019-10-01,大分県,-,-,-,小型,-,,44
2019-10-01,宮崎県,-,-,-,小型,-,,32
2019-10-01,鹿児島県,-,-,-,小型,-,,81
2019-10-01,沖縄県,-,-,-,小型,-,,11
2019-11-01,北海道,-,-,-,小型,-,,235
2019-11-01,青森県,-,-,-,小型,-,,16
2019-11-01,岩手県,-,-,-,小型,-,,51
2019-11-01,宮城県,-,-,-,小型,-,,54
2019-11-01,秋田県,-,-,-,小型,-,,13
2019-11-01,山形県,-,-,-,小型,-,,28
2019-11-01,福島県,-,-,-,小型,-,,103
2019-11-01,茨城県,-,-,-,小型,-,,72
2019-11-01,栃木県,-,-,-,小型,-,,32
2019-11-01,群馬県,-,-,-,小型,-,,29
2019-11-01,埼玉県,-,-,-,小型,-,,266
2019-11-01,千葉県,-,-,-,小型,-,,259
2019-11-01,東京都,-,-,-,小型,-,,1314
2019-11-01,神奈川県,-,-,-,小型,-,,479
2019-11-01,新潟県,-,-,-,小型,-,,80
2019-11-01,山梨県,-,-,-,小型,-,,15
2019-11-01,長野県,-,-,-,小型,-,,35
2019-11-01,富山県,-,-,-,小型,-,,23
2019-11-01,石川県,-,-,-,小型,-,,47
2019-11-01,福井県,-,-,-,小型,-,,13
2019-11-01,岐阜県,-,-,-,小型,-,,35
2019-11-01,静岡県,-,-,-,小型,-,,119
2019-11-01,愛知県,-,-,-,小型,-,,151
2019-11-01,三重県,-,-,-,小型,-,,16
2019-11-01,滋賀県,-,-,-,小型,-,,26
2019-11-01,京都府,-,-,-,小型,-,,88
2019-11-01,大阪府,-,-,-,小型,-,,261
2019-11-01,兵庫県,-,-,-,小型,-,,154
2019-11-01,奈良県,-,-,-,小型,-,,43
2019-11-01,和歌山県,-,-,-,小型,-,,28
2019-11-01,鳥取県,-,-,-,小型,-,,13
2019-11-01,島根県,-,-,-,小型,-,,41
2019-11-01,岡山県,-,-,-,小型,-,,85
2019-11-01,広島県,-,-,-,小型,-,,74
2019-11-01,山口県,-,-,-,小型,-,,29
2019-11-01,徳島県,-,-,-,小型,-,,35
2019-11-01,香川県,-,-,-,小型,-,,9
2019-11-01,愛媛県,-,-,-,小型,-,,36
2019-11-01,高知県,-,-,-,小型,-,,48
2019-11-01,福岡県,-,-,-,小型,-,,133
2019-11-01,佐賀県,-,-,-,小型,-,,17
2019-11-01,長崎県,-,-,-,小型,-,,56
2019-11-01,熊本県,-,-,-,小型,-,,103
2019-11-01,大分県,-,-,-,小型,-,,44
2019-11-01,宮崎県,-,-,-,小型,-,,32
2019-11-01,鹿児島県,-,-,-,小型,-,,81
2019-11-01,沖縄県,-,-,-,小型,-,,11
2019-12-01,北海道,-,-,-,小型,-,,232
2019-12-01,青森県,-,-,-,小型,-,,16
2019-12-01,岩手県,-,-,-,小型,-,,50
2019-12-01,宮城県,-,-,-,小型,-,,54
2019-12-01,秋田県,-,-,-,小型,-,,13
2019-12-01,山形県,-,-,-,小型,-,,26
2019-12-01,福島県,-,-,-,小型,-,,103
2019-12-01,茨城県,-,-,-,小型,-,,69
2019-12-01,栃木県,-,-,-,小型,-,,31
2019-12-01,群馬県,-,-,-,小型,-,,29
2019-12-01,埼玉県,-,-,-,小型,-,,266
2019-12-01,千葉県,-,-,-,小型,-,,259
2019-12-01,東京都,-,-,-,小型,-,,1303
2019-12-01,神奈川県,-,-,-,小型,-,,469
2019-12-01,新潟県,-,-,-,小型,-,,80
2019-12-01,山梨県,-,-,-,小型,-,,15
2019-12-01,長野県,-,-,-,小型,-,,34
2019-12-01,富山県,-,-,-,小型,-,,23
2019-12-01,石川県,-,-,-,小型,-,,45
2019-12-01,福井県,-,-,-,小型,-,,13
2019-12-01,岐阜県,-,-,-,小型,-,,34
2019-12-01,静岡県,-,-,-,小型,-,,119
2019-12-01,愛知県,-,-,-,小型,-,,150
2019-12-01,三重県,-,-,-,小型,-,,16
2019-12-01,滋賀県,-,-,-,小型,-,,20
2019-12-01,京都府,-,-,-,小型,-,,88
2019-12-01,大阪府,-,-,-,小型,-,,265
2019-12-01,兵庫県,-,-,-,小型,-,,155
2019-12-01,奈良県,-,-,-,小型,-,,43
2019-12-01,和歌山県,-,-,-,小型,-,,28
2019-12-01,鳥取県,-,-,-,小型,-,,13
2019-12-01,島根県,-,-,-,小型,-,,40
2019-12-01,岡山県,-,-,-,小型,-,,85
2019-12-01,広島県,-,-,-,小型,-,,73
2019-12-01,山口県,-,-,-,小型,-,,28
2019-12-01,徳島県,-,-,-,小型,-,,34
2019-12-01,香川県,-,-,-,小型,-,,9
2019-12-01,愛媛県,-,-,-,小型,-,,35
2019-12-01,高知県,-,-,-,小型,-,,47
2019-12-01,福岡県,-,-,-,小型,-,,133
2019-12-01,佐賀県,-,-,-,小型,-,,17
2019-12-01,長崎県,-,-,-,小型,-,,55
2019-12-01,熊本県,-,-,-,小型,-,,102
2019-12-01,大分県,-,-,-,小型,-,,43
2019-12-01,宮崎県,-,-,-,小型,-,,32
2019-12-01,鹿児島県,-,-,-,小型,-,,79
2019-12-01,沖縄県,-,-,-,小型,-,,11
2020-01-01,北海道,-,-,-,小型,-,,232
2020-01-01,青森県,-,-,-,小型,-,,16
2020-01-01,岩手県,-,-,-,小型,-,,50
2020-01-01,宮城県,-,-,-,小型,-,,53
2020-01-01,秋田県,-,-,-,小型,-,,13
2020-01-01,山形県,-,-,-,小型,-,,26
2020-01-01,福島県,-,-,-,小型,-,,103
2020-01-01,茨城県,-,-,-,小型,-,,69
2020-01-01,栃木県,-,-,-,小型,-,,31
2020-01-01,群馬県,-,-,-,小型,-,,28
2020-01-01,埼玉県,-,-,-,小型,-,,266
2020-01-01,千葉県,-,-,-,小型,-,,258
2020-01-01,東京都,-,-,-,小型,-,,1305
2020-01-01,神奈川県,-,-,-,小型,-,,467
2020-01-01,新潟県,-,-,-,小型,-,,80
2020-01-01,山梨県,-,-,-,小型,-,,15
2020-01-01,長野県,-,-,-,小型,-,,34
2020-01-01,富山県,-,-,-,小型,-,,23
2020-01-01,石川県,-,-,-,小型,-,,46
2020-01-01,福井県,-,-,-,小型,-,,13
2020-01-01,岐阜県,-,-,-,小型,-,,34
2020-01-01,静岡県,-,-,-,小型,-,,119
2020-01-01,愛知県,-,-,-,小型,-,,149
2020-01-01,三重県,-,-,-,小型,-,,16
2020-01-01,滋賀県,-,-,-,小型,-,,20
2020-01-01,京都府,-,-,-,小型,-,,88
2020-01-01,大阪府,-,-,-,小型,-,,265
2020-01-01,兵庫県,-,-,-,小型,-,,155
2020-01-01,奈良県,-,-,-,小型,-,,43
2020-01-01,和歌山県,-,-,-,小型,-,,28
2020-01-01,鳥取県,-,-,-,小型,-,,13
2020-01-01,島根県,-,-,-,小型,-,,40
2020-01-01,岡山県,-,-,-,小型,-,,85
2020-01-01,広島県,-,-,-,小型,-,,70
2020-01-01,山口県,-,-,-,小型,-,,28
2020-01-01,徳島県,-,-,-,小型,-,,34
2020-01-01,香川県,-,-,-,小型,-,,9
2020-01-01,愛媛県,-,-,-,小型,-,,35
2020-01-01,高知県,-,-,-,小型,-,,47
2020-01-01,福岡県,-,-,-,小型,-,,133
2020-01-01,佐賀県,-,-,-,小型,-,,17
2020-01-01,長崎県,-,-,-,小型,-,,55
2020-01-01,熊本県,-,-,-,小型,-,,101
2020-01-01,大分県,-,-,-,小型,-,,41
2020-01-01,宮崎県,-,-,-,小型,-,,32
2020-01-01,鹿児島県,-,-,-,小型,-,,79
2020-01-01,沖縄県,-,-,-,小型,-,,11
2020-02-01,北海道,-,-,-,小型,-,,231
2020-02-01,青森県,-,-,-,小型,-,,16
2020-02-01,岩手県,-,-,-,小型,-,,50
2020-02-01,宮城県,-,-,-,小型,-,,53
2020-02-01,秋田県,-,-,-,小型,-,,13
2020-02-01,山形県,-,-,-,小型,-,,26
2020-02-01,福島県,-,-,-,小型,-,,103
2020-02-01,茨城県,-,-,-,小型,-,,69
2020-02-01,栃木県,-,-,-,小型,-,,31
2020-02-01,群馬県,-,-,-,小型,-,,28
2020-02-01,埼玉県,-,-,-,小型,-,,266
2020-02-01,千葉県,-,-,-,小型,-,,258
2020-02-01,東京都,-,-,-,小型,-,,1303
2020-02-01,神奈川県,-,-,-,小型,-,,464
2020-02-01,新潟県,-,-,-,小型,-,,79
2020-02-01,山梨県,-,-,-,小型,-,,15
2020-02-01,長野県,-,-,-,小型,-,,34
2020-02-01,富山県,-,-,-,小型,-,,23
2020-02-01,石川県,-,-,-,小型,-,,47
2020-02-01,福井県,-,-,-,小型,-,,13
2020-02-01,岐阜県,-,-,-,小型,-,,34
2020-02-01,静岡県,-,-,-,小型,-,,119
2020-02-01,愛知県,-,-,-,小型,-,,149
2020-02-01,三重県,-,-,-,小型,-,,16
2020-02-01,滋賀県,-,-,-,小型,-,,20
2020-02-01,京都府,-,-,-,小型,-,,87
2020-02-01,大阪府,-,-,-,小型,-,,264
2020-02-01,兵庫県,-,-,-,小型,-,,155
2020-02-01,奈良県,-,-,-,小型,-,,43
2020-02-01,和歌山県,-,-,-,小型,-,,28
2020-02-01,鳥取県,-,-,-,小型,-,,13
2020-02-01,島根県,-,-,-,小型,-,,40
2020-02-01,岡山県,-,-,-,小型,-,,85
2020-02-01,広島県,-,-,-,小型,-,,70
2020-02-01,山口県,-,-,-,小型,-,,28
2020-02-01,徳島県,-,-,-,小型,-,,34
2020-02-01,香川県,-,-,-,小型,-,,9
2020-02-01,愛媛県,-,-,-,小型,-,,35
2020-02-01,高知県,-,-,-,小型,-,,47
2020-02-01,福岡県,-,-,-,小型,-,,133
2020-02-01,佐賀県,-,-,-,小型,-,,17
2020-02-01,長崎県,-,-,-,小型,-,,55
2020-02-01,熊本県,-,-,-,小型,-,,101
2020-02-01,大分県,-,-,-,小型,-,,41
2020-02-01,宮崎県,-,-,-,小型,-,,32
2020-02-01,鹿児島県,-,-,-,小型,-,,80
2020-02-01,沖縄県,-,-,-,小型,-,,11
2020-03-01,北海道,-,-,-,小型,-,,231
2020-03-01,青森県,-,-,-,小型,-,,16
2020-03-01,岩手県,-,-,-,小型,-,,50
2020-03-01,宮城県,-,-,-,小型,-,,53
2020-03-01,秋田県,-,-,-,小型,-,,13
2020-03-01,山形県,-,-,-,小型,-,,26
2020-03-01,福島県,-,-,-,小型,-,,103
2020-03-01,茨城県,-,-,-,小型,-,,68
2020-03-01,栃木県,-,-,-,小型,-,,31
2020-03-01,群馬県,-,-,-,小型,-,,28
2020-03-01,埼玉県,-,-,-,小型,-,,269
2020-03-01,千葉県,-,-,-,小型,-,,258
2020-03-01,東京都,-,-,-,小型,-,,1315
2020-03-01,神奈川県,-,-,-,小型,-,,471
2020-03-01,新潟県,-,-,-,小型,-,,79
2020-03-01,山梨県,-,-,-,小型,-,,15
2020-03-01,長野県,-,-,-,小型,-,,34
2020-03-01,富山県,-,-,-,小型,-,,23
2020-03-01,石川県,-,-,-,小型,-,,47
2020-03-01,福井県,-,-,-,小型,-,,13
2020-03-01,岐阜県,-,-,-,小型,-,,34
2020-03-01,静岡県,-,-,-,小型,-,,119
2020-03-01,愛知県,-,-,-,小型,-,,149
2020-03-01,三重県,-,-,-,小型,-,,16
2020-03-01,滋賀県,-,-,-,小型,-,,20
2020-03-01,京都府,-,-,-,小型,-,,85
2020-03-01,大阪府,-,-,-,小型,-,,264
2020-03-01,兵庫県,-,-,-,小型,-,,155
2020-03-01,奈良県,-,-,-,小型,-,,43
2020-03-01,和歌山県,-,-,-,小型,-,,28
2020-03-01,鳥取県,-,-,-,小型,-,,13
2020-03-01,島根県,-,-,-,小型,-,,40
2020-03-01,岡山県,-,-,-,小型,-,,85
2020-03-01,広島県,-,-,-,小型,-,,70
2020-03-01,山口県,-,-,-,小型,-,,28
2020-03-01,徳島県,-,-,-,小型,-,,34
2020-03-01,香川県,-,-,-,小型,-,,9
2020-03-01,愛媛県,-,-,-,小型,-,,35
2020-03-01,高知県,-,-,-,小型,-,,47
2020-03-01,福岡県,-,-,-,小型,-,,133
2020-03-01,佐賀県,-,-,-,小型,-,,17
2020-03-01,長崎県,-,-,-,小型,-,,55
2020-03-01,熊本県,-,-,-,小型,-,,100
2020-03-01,大分県,-,-,-,小型,-,,41
2020-03-01,宮崎県,-,-,-,小型,-,,32
2020-03-01,鹿児島県,-,-,-,小型,-,,80
2020-03-01,沖縄県,-,-,-,小型,-,,11
2020-04-01,北海道,-,-,-,小型,-,,233
2020-04-01,青森県,-,-,-,小型,-,,16
2020-04-01,岩手県,-,-,-,小型,-,,50
2020-04-01,宮城県,-,-,-,小型,-,,53
2020-04-01,秋田県,-,-,-,小型,-,,13
2020-04-01,山形県,-,-,-,小型,-,,27
2020-04-01,福島県,-,-,-,小型,-,,103
2020-04-01,茨城県,-,-,-,小型,-,,68
2020-04-01,栃木県,-,-,-,小型,-,,31
2020-04-01,群馬県,-,-,-,小型,-,,28
2020-04-01,埼玉県,-,-,-,小型,-,,267
2020-04-01,千葉県,-,-,-,小型,-,,258
2020-04-01,東京都,-,-,-,小型,-,,1324
2020-04-01,神奈川県,-,-,-,小型,-,,478
2020-04-01,新潟県,-,-,-,小型,-,,79
2020-04-01,山梨県,-,-,-,小型,-,,15
2020-04-01,長野県,-,-,-,小型,-,,34
2020-04-01,富山県,-,-,-,小型,-,,23
2020-04-01,石川県,-,-,-,小型,-,,47
2020-04-01,福井県,-,-,-,小型,-,,13
2020-04-01,岐阜県,-,-,-,小型,-,,34
2020-04-01,静岡県,-,-,-,小型,-,,119
2020-04-01,愛知県,-,-,-,小型,-,,148
2020-04-01,三重県,-,-,-,小型,-,,16
2020-04-01,滋賀県,-,-,-,小型,-,,20
2020-04-01,京都府,-,-,-,小型,-,,86
2020-04-01,大阪府,-,-,-,小型,-,,262
2020-04-01,兵庫県,-,-,-,小型,-,,155
2020-04-01,奈良県,-,-,-,小型,-,,43
2020-04-01,和歌山県,-,-,-,小型,-,,28
2020-04-01,鳥取県,-,-,-,小型,-,,13
2020-04-01,島根県,-,-,-,小型,-,,40
2020-04-01,岡山県,-,-,-,小型,-,,83
2020-04-01,広島県,-,-,-,小型,-,,70
2020-04-01,山口県,-,-,-,小型,-,,28
2020-04-01,徳島県,-,-,-,小型,-,,34
2020-04-01,香川県,-,-,-,小型,-,,9
2020-04-01,愛媛県,-,-,-,小型,-,,35
2020-04-01,高知県,-,-,-,小型,-,,47
2020-04-01,福岡県,-,-,-,小型,-,,133
2020-04-01,佐賀県,-,-,-,小型,-,,17
2020-04-01,長崎県,-,-,-,小型,-,,55
2020-04-01,熊本県,-,-,-,小型,-,,100
2020-04-01,大分県,-,-,-,小型,-,,41
2020-04-01,宮崎県,-,-,-,小型,-,,32
2020-04-01,鹿児島県,-,-,-,小型,-,,80
2020-04-01,沖縄県,-,-,-,小型,-,,11
2020-05-01,北海道,-,-,-,小型,-,,233
2020-05-01,青森県,-,-,-,小型,-,,16
2020-05-01,岩手県,-,-,-,小型,-,,50
2020-05-01,宮城県,-,-,-,小型,-,,53
2020-05-01,秋田県,-,-,-,小型,-,,13
2020-05-01,山形県,-,-,-,小型,-,,27
2020-05-01,福島県,-,-,-,小型,-,,103
2020-05-01,茨城県,-,-,-,小型,-,,68
2020-05-01,栃木県,-,-,-,小型,-,,31
2020-05-01,群馬県,-,-,-,小型,-,,28
2020-05-01,埼玉県,-,-,-,小型,-,,267
2020-05-01,千葉県,-,-,-,小型,-,,259
2020-05-01,東京都,-,-,-,小型,-,,1334
2020-05-01,神奈川県,-,-,-,小型,-,,478
2020-05-01,新潟県,-,-,-,小型,-,,79
2020-05-01,山梨県,-,-,-,小型,-,,15
2020-05-01,長野県,-,-,-,小型,-,,34
2020-05-01,富山県,-,-,-,小型,-,,23
2020-05-01,石川県,-,-,-,小型,-,,47
2020-05-01,福井県,-,-,-,小型,-,,13
2020-05-01,岐阜県,-,-,-,小型,-,,34
2020-05-01,静岡県,-,-,-,小型,-,,119
2020-05-01,愛知県,-,-,-,小型,-,,148
2020-05-01,三重県,-,-,-,小型,-,,16
2020-05-01,滋賀県,-,-,-,小型,-,,20
2020-05-01,京都府,-,-,-,小型,-,,85
2020-05-01,大阪府,-,-,-,小型,-,,262
2020-05-01,兵庫県,-,-,-,小型,-,,154
2020-05-01,奈良県,-,-,-,小型,-,,43
2020-05-01,和歌山県,-,-,-,小型,-,,28
2020-05-01,鳥取県,-,-,-,小型,-,,13
2020-05-01,島根県,-,-,-,小型,-,,40
2020-05-01,岡山県,-,-,-,小型,-,,82
2020-05-01,広島県,-,-,-,小型,-,,70
2020-05-01,山口県,-,-,-,小型,-,,28
2020-05-01,徳島県,-,-,-,小型,-,,34
2020-05-01,香川県,-,-,-,小型,-,,9
2020-05-01,愛媛県,-,-,-,小型,-,,35
2020-05-01,高知県,-,-,-,小型,-,,47
2020-05-01,福岡県,-,-,-,小型,-,,133
2020-05-01,佐賀県,-,-,-,小型,-,,17
2020-05-01,長崎県,-,-,-,小型,-,,55
2020-05-01,熊本県,-,-,-,小型,-,,100
2020-05-01,大分県,-,-,-,小型,-,,41
2020-05-01,宮崎県,-,-,-,小型,-,,32
2020-05-01,鹿児島県,-,-,-,小型,-,,80
2020-05-01,沖縄県,-,-,-,小型,-,,11
2020-06-01,北海道,-,-,-,小型,-,,233
2020-06-01,青森県,-,-,-,小型,-,,16
2020-06-01,岩手県,-,-,-,小型,-,,50
2020-06-01,宮城県,-,-,-,小型,-,,53
2020-06-01,秋田県,-,-,-,小型,-,,13
2020-06-01,山形県,-,-,-,小型,-,,27
2020-06-01,福島県,-,-,-,小型,-,,103
2020-06-01,茨城県,-,-,-,小型,-,,68
2020-06-01,栃木県,-,-,-,小型,-,,31
2020-06-01,群馬県,-,-,-,小型,-,,28
2020-06-01,埼玉県,-,-,-,小型,-,,267
2020-06-01,千葉県,-,-,-,小型,-,,259
2020-06-01,東京都,-,-,-,小型,-,,1336
2020-06-01,神奈川県,-,-,-,小型,-,,480
2020-06-01,新潟県,-,-,-,小型,-,,79
2020-06-01,山梨県,-,-,-,小型,-,,15
2020-06-01,長野県,-,-,-,小型,-,,34
2020-06-01,富山県,-,-,-,小型,-,,23
2020-06-01,石川県,-,-,-,小型,-,,46
2020-06-01,福井県,-,-,-,小型,-,,13
2020-06-01,岐阜県,-,-,-,小型,-,,34
2020-06-01,静岡県,-,-,-,小型,-,,119
2020-06-01,愛知県,-,-,-,小型,-,,147
2020-06-01,三重県,-,-,-,小型,-,,17
2020-06-01,滋賀県,-,-,-,小型,-,,20
2020-06-01,京都府,-,-,-,小型,-,,86
2020-06-01,大阪府,-,-,-,小型,-,,262
2020-06-01,兵庫県,-,-,-,小型,-,,154
2020-06-01,奈良県,-,-,-,小型,-,,43
2020-06-01,和歌山県,-,-,-,小型,-,,28
2020-06-01,鳥取県,-,-,-,小型,-,,13
2020-06-01,島根県,-,-,-,小型,-,,40
2020-06-01,岡山県,-,-,-,小型,-,,83
2020-06-01,広島県,-,-,-,小型,-,,69
2020-06-01,山口県,-,-,-,小型,-,,28
2020-06-01,徳島県,-,-,-,小型,-,,34
2020-06-01,香川県,-,-,-,小型,-,,9
2020-06-01,愛媛県,-,-,-,小型,-,,36
2020-06-01,高知県,-,-,-,小型,-,,49
2020-06-01,福岡県,-,-,-,小型,-,,141
2020-06-01,佐賀県,-,-,-,小型,-,,17
2020-06-01,長崎県,-,-,-,小型,-,,55
2020-06-01,熊本県,-,-,-,小型,-,,100
2020-06-01,大分県,-,-,-,小型,-,,41
2020-06-01,宮崎県,-,-,-,小型,-,,32
2020-06-01,鹿児島県,-,-,-,小型,-,,80
2020-06-01,沖縄県,-,-,-,小型,-,,11
2020-07-01,北海道,-,-,-,小型,-,,234
2020-07-01,青森県,-,-,-,小型,-,,16
2020-07-01,岩手県,-,-,-,小型,-,,50
2020-07-01,宮城県,-,-,-,小型,-,,53
2020-07-01,秋田県,-,-,-,小型,-,,13
2020-07-01,山形県,-,-,-,小型,-,,27
2020-07-01,福島県,-,-,-,小型,-,,103
2020-07-01,茨城県,-,-,-,小型,-,,68
2020-07-01,栃木県,-,-,-,小型,-,,31
2020-07-01,群馬県,-,-,-,小型,-,,28
2020-07-01,埼玉県,-,-,-,小型,-,,267
2020-07-01,千葉県,-,-,-,小型,-,,259
2020-07-01,東京都,-,-,-,小型,-,,1343
2020-07-01,神奈川県,-,-,-,小型,-,,480
2020-07-01,新潟県,-,-,-,小型,-,,79
2020-07-01,山梨県,-,-,-,小型,-,,15
2020-07-01,長野県,-,-,-,小型,-,,34
2020-07-01,富山県,-,-,-,小型,-,,23
2020-07-01,石川県,-,-,-,小型,-,,47
2020-07-01,福井県,-,-,-,小型,-,,13
2020-07-01,岐阜県,-,-,-,小型,-,,34
2020-07-01,静岡県,-,-,-,小型,-,,120
2020-07-01,愛知県,-,-,-,小型,-,,147
2020-07-01,三重県,-,-,-,小型,-,,17
2020-07-01,滋賀県,-,-,-,小型,-,,20
2020-07-01,京都府,-,-,-,小型,-,,86
2020-07-01,大阪府,-,-,-,小型,-,,264
2020-07-01,兵庫県,-,-,-,小型,-,,153
2020-07-01,奈良県,-,-,-,小型,-,,42
2020-07-01,和歌山県,-,-,-,小型,-,,28
2020-07-01,鳥取県,-,-,-,小型,-,,14
2020-07-01,島根県,-,-,-,小型,-,,39
2020-07-01,岡山県,-,-,-,小型,-,,83
2020-07-01,広島県,-,-,-,小型,-,,69
2020-07-01,山口県,-,-,-,小型,-,,28
2020-07-01,徳島県,-,-,-,小型,-,,34
2020-07-01,香川県,-,-,-,小型,-,,9
2020-07-01,愛媛県,-,-,-,小型,-,,36
2020-07-01,高知県,-,-,-,小型,-,,46
2020-07-01,福岡県,-,-,-,小型,-,,146
2020-07-01,佐賀県,-,-,-,小型,-,,18
2020-07-01,長崎県,-,-,-,小型,-,,56
2020-07-01,熊本県,-,-,-,小型,-,,100
2020-07-01,大分県,-,-,-,小型,-,,41
2020-07-01,宮崎県,-,-,-,小型,-,,32
2020-07-01,鹿児島県,-,-,-,小型,-,,81
2020-07-01,沖縄県,-,-,-,小型,-,,11
2020-08-01,北海道,-,-,-,小型,-,,240
2020-08-01,青森県,-,-,-,小型,-,,16
2020-08-01,岩手県,-,-,-,小型,-,,50
2020-08-01,宮城県,-,-,-,小型,-,,52
2020-08-01,秋田県,-,-,-,小型,-,,13
2020-08-01,山形県,-,-,-,小型,-,,28
2020-08-01,福島県,-,-,-,小型,-,,104
2020-08-01,茨城県,-,-,-,小型,-,,67
2020-08-01,栃木県,-,-,-,小型,-,,32
2020-08-01,群馬県,-,-,-,小型,-,,28
2020-08-01,埼玉県,-,-,-,小型,-,,265
2020-08-01,千葉県,-,-,-,小型,-,,259
2020-08-01,東京都,-,-,-,小型,-,,1342
2020-08-01,神奈川県,-,-,-,小型,-,,481
2020-08-01,新潟県,-,-,-,小型,-,,81
2020-08-01,山梨県,-,-,-,小型,-,,16
2020-08-01,長野県,-,-,-,小型,-,,33
2020-08-01,富山県,-,-,-,小型,-,,24
2020-08-01,石川県,-,-,-,小型,-,,48
2020-08-01,福井県,-,-,-,小型,-,,13
2020-08-01,岐阜県,-,-,-,小型,-,,35
2020-08-01,静岡県,-,-,-,小型,-,,121
2020-08-01,愛知県,-,-,-,小型,-,,147
2020-08-01,三重県,-,-,-,小型,-,,17
2020-08-01,滋賀県,-,-,-,小型,-,,21
2020-08-01,京都府,-,-,-,小型,-,,86
2020-08-01,大阪府,-,-,-,小型,-,,263
2020-08-01,兵庫県,-,-,-,小型,-,,155
2020-08-01,奈良県,-,-,-,小型,-,,42
2020-08-01,和歌山県,-,-,-,小型,-,,31
2020-08-01,鳥取県,-,-,-,小型,-,,16
2020-08-01,島根県,-,-,-,小型,-,,39
2020-08-01,岡山県,-,-,-,小型,-,,83
2020-08-01,広島県,-,-,-,小型,-,,71
2020-08-01,山口県,-,-,-,小型,-,,29
2020-08-01,徳島県,-,-,-,小型,-,,34
2020-08-01,香川県,-,-,-,小型,-,,9
2020-08-01,愛媛県,-,-,-,小型,-,,39
2020-08-01,高知県,-,-,-,小型,-,,47
2020-08-01,福岡県,-,-,-,小型,-,,150
2020-08-01,佐賀県,-,-,-,小型,-,,18
2020-08-01,長崎県,-,-,-,小型,-,,58
2020-08-01,熊本県,-,-,-,小型,-,,104
2020-08-01,大分県,-,-,-,小型,-,,45
2020-08-01,宮崎県,-,-,-,小型,-,,32
2020-08-01,鹿児島県,-,-,-,小型,-,,80
2020-08-01,沖縄県,-,-,-,小型,-,,10
2020-09-01,北海道,-,-,-,小型,-,,241
2020-09-01,青森県,-,-,-,小型,-,,16
2020-09-01,岩手県,-,-,-,小型,-,,50
2020-09-01,宮城県,-,-,-,小型,-,,51
2020-09-01,秋田県,-,-,-,小型,-,,12
2020-09-01,山形県,-,-,-,小型,-,,28
2020-09-01,福島県,-,-,-,小型,-,,104
2020-09-01,茨城県,-,-,-,小型,-,,66
2020-09-01,栃木県,-,-,-,小型,-,,32
2020-09-01,群馬県,-,-,-,小型,-,,29
2020-09-01,埼玉県,-,-,-,小型,-,,264
2020-09-01,千葉県,-,-,-,小型,-,,259
2020-09-01,東京都,-,-,-,小型,-,,1342
2020-09-01,神奈川県,-,-,-,小型,-,,485
2020-09-01,新潟県,-,-,-,小型,-,,81
2020-09-01,山梨県,-,-,-,小型,-,,16
2020-09-01,長野県,-,-,-,小型,-,,33
2020-09-01,富山県,-,-,-,小型,-,,24
2020-09-01,石川県,-,-,-,小型,-,,49
2020-09-01,福井県,-,-,-,小型,-,,13
2020-09-01,岐阜県,-,-,-,小型,-,,35
2020-09-01,静岡県,-,-,-,小型,-,,123
2020-09-01,愛知県,-,-,-,小型,-,,147
2020-09-01,三重県,-,-,-,小型,-,,17
2020-09-01,滋賀県,-,-,-,小型,-,,21
2020-09-01,京都府,-,-,-,小型,-,,87
2020-09-01,大阪府,-,-,-,小型,-,,265
2020-09-01,兵庫県,-,-,-,小型,-,,155
2020-09-01,奈良県,-,-,-,小型,-,,42
2020-09-01,和歌山県,-,-,-,小型,-,,31
2020-09-01,鳥取県,-,-,-,小型,-,,16
2020-09-01,島根県,-,-,-,小型,-,,39
2020-09-01,岡山県,-,-,-,小型,-,,84
2020-09-01,広島県,-,-,-,小型,-,,70
2020-09-01,山口県,-,-,-,小型,-,,29
2020-09-01,徳島県,-,-,-,小型,-,,34
2020-09-01,香川県,-,-,-,小型,-,,9
2020-09-01,愛媛県,-,-,-,小型,-,,34
2020-09-01,高知県,-,-,-,小型,-,,47
2020-09-01,福岡県,-,-,-,小型,-,,150
2020-09-01,佐賀県,-,-,-,小型,-,,18
2020-09-01,長崎県,-,-,-,小型,-,,58
2020-09-01,熊本県,-,-,-,小型,-,,104
2020-09-01,大分県,-,-,-,小型,-,,45
2020-09-01,宮崎県,-,-,-,小型,-,,32
2020-09-01,鹿児島県,-,-,-,小型,-,,80
2020-09-01,沖縄県,-,-,-,小型,-,,10
2020-10-01,北海道,-,-,-,小型,-,,242
2020-10-01,青森県,-,-,-,小型,-,,16
2020-10-01,岩手県,-,-,-,小型,-,,50
2020-10-01,宮城県,-,-,-,小型,-,,52
2020-10-01,秋田県,-,-,-,小型,-,,12
2020-10-01,山形県,-,-,-,小型,-,,28
2020-10-01,福島県,-,-,-,小型,-,,104
2020-10-01,茨城県,-,-,-,小型,-,,66
2020-10-01,栃木県,-,-,-,小型,-,,32
2020-10-01,群馬県,-,-,-,小型,-,,29
2020-10-01,埼玉県,-,-,-,小型,-,,265
2020-10-01,千葉県,-,-,-,小型,-,,258
2020-10-01,東京都,-,-,-,小型,-,,1347
2020-10-01,神奈川県,-,-,-,小型,-,,488
2020-10-01,新潟県,-,-,-,小型,-,,81
2020-10-01,山梨県,-,-,-,小型,-,,16
2020-10-01,長野県,-,-,-,小型,-,,33
2020-10-01,富山県,-,-,-,小型,-,,24
2020-10-01,石川県,-,-,-,小型,-,,49
2020-10-01,福井県,-,-,-,小型,-,,13
2020-10-01,岐阜県,-,-,-,小型,-,,35
2020-10-01,静岡県,-,-,-,小型,-,,124
2020-10-01,愛知県,-,-,-,小型,-,,148
2020-10-01,三重県,-,-,-,小型,-,,17
2020-10-01,滋賀県,-,-,-,小型,-,,21
2020-10-01,京都府,-,-,-,小型,-,,87
2020-10-01,大阪府,-,-,-,小型,-,,266
2020-10-01,兵庫県,-,-,-,小型,-,,155
2020-10-01,奈良県,-,-,-,小型,-,,43
2020-10-01,和歌山県,-,-,-,小型,-,,31
2020-10-01,鳥取県,-,-,-,小型,-,,16
2020-10-01,島根県,-,-,-,小型,-,,39
2020-10-01,岡山県,-,-,-,小型,-,,84
2020-10-01,広島県,-,-,-,小型,-,,70
2020-10-01,山口県,-,-,-,小型,-,,28
2020-10-01,徳島県,-,-,-,小型,-,,34
2020-10-01,香川県,-,-,-,小型,-,,9
2020-10-01,愛媛県,-,-,-,小型,-,,34
2020-10-01,高知県,-,-,-,小型,-,,47
2020-10-01,福岡県,-,-,-,小型,-,,151
2020-10-01,佐賀県,-,-,-,小型,-,,18
2020-10-01,長崎県,-,-,-,小型,-,,58
2020-10-01,熊本県,-,-,-,小型,-,,105
2020-10-01,大分県,-,-,-,小型,-,,45
2020-10-01,宮崎県,-,-,-,小型,-,,31
2020-10-01,鹿児島県,-,-,-,小型,-,,80
2020-10-01,沖縄県,-,-,-,小型,-,,10
2020-11-01,北海道,-,-,-,小型,-,,242
2020-11-01,青森県,-,-,-,小型,-,,16
2020-11-01,岩手県,-,-,-,小型,-,,50
2020-11-01,宮城県,-,-,-,小型,-,,53
2020-11-01,秋田県,-,-,-,小型,-,,12
2020-11-01,山形県,-,-,-,小型,-,,29
2020-11-01,福島県,-,-,-,小型,-,,104
2020-11-01,茨城県,-,-,-,小型,-,,66
2020-11-01,栃木県,-,-,-,小型,-,,32
2020-11-01,群馬県,-,-,-,小型,-,,29
2020-11-01,埼玉県,-,-,-,小型,-,,267
2020-11-01,千葉県,-,-,-,小型,-,,258
2020-11-01,東京都,-,-,-,小型,-,,1355
2020-11-01,神奈川県,-,-,-,小型,-,,490
2020-11-01,新潟県,-,-,-,小型,-,,83
2020-11-01,山梨県,-,-,-,小型,-,,16
2020-11-01,長野県,-,-,-,小型,-,,33
2020-11-01,富山県,-,-,-,小型,-,,24
2020-11-01,石川県,-,-,-,小型,-,,49
2020-11-01,福井県,-,-,-,小型,-,,13
2020-11-01,岐阜県,-,-,-,小型,-,,35
2020-11-01,静岡県,-,-,-,小型,-,,125
2020-11-01,愛知県,-,-,-,小型,-,,149
2020-11-01,三重県,-,-,-,小型,-,,17
2020-11-01,滋賀県,-,-,-,小型,-,,21
2020-11-01,京都府,-,-,-,小型,-,,87
2020-11-01,大阪府,-,-,-,小型,-,,266
2020-11-01,兵庫県,-,-,-,小型,-,,153
2020-11-01,奈良県,-,-,-,小型,-,,43
2020-11-01,和歌山県,-,-,-,小型,-,,31
2020-11-01,鳥取県,-,-,-,小型,-,,16
2020-11-01,島根県,-,-,-,小型,-,,39
2020-11-01,岡山県,-,-,-,小型,-,,84
2020-11-01,広島県,-,-,-,小型,-,,70
2020-11-01,山口県,-,-,-,小型,-,,28
2020-11-01,徳島県,-,-,-,小型,-,,34
2020-11-01,香川県,-,-,-,小型,-,,9
2020-11-01,愛媛県,-,-,-,小型,-,,34
2020-11-01,高知県,-,-,-,小型,-,,47
2020-11-01,福岡県,-,-,-,小型,-,,150
2020-11-01,佐賀県,-,-,-,小型,-,,18
2020-11-01,長崎県,-,-,-,小型,-,,58
2020-11-01,熊本県,-,-,-,小型,-,,105
2020-11-01,大分県,-,-,-,小型,-,,44
2020-11-01,宮崎県,-,-,-,小型,-,,31
2020-11-01,鹿児島県,-,-,-,小型,-,,80
2020-11-01,沖縄県,-,-,-,小型,-,,10
2020-12-01,北海道,-,-,-,小型,-,,244
2020-12-01,青森県,-,-,-,小型,-,,16
2020-12-01,岩手県,-,-,-,小型,-,,50
2020-12-01,宮城県,-,-,-,小型,-,,53
2020-12-01,秋田県,-,-,-,小型,-,,12
2020-12-01,山形県,-,-,-,小型,-,,29
2020-12-01,福島県,-,-,-,小型,-,,104
2020-12-01,茨城県,-,-,-,小型,-,,66
2020-12-01,栃木県,-,-,-,小型,-,,32
2020-12-01,群馬県,-,-,-,小型,-,,29
2020-12-01,埼玉県,-,-,-,小型,-,,267
2020-12-01,千葉県,-,-,-,小型,-,,261
2020-12-01,東京都,-,-,-,小型,-,,1358
2020-12-01,神奈川県,-,-,-,小型,-,,491
2020-12-01,新潟県,-,-,-,小型,-,,83
2020-12-01,山梨県,-,-,-,小型,-,,16
2020-12-01,長野県,-,-,-,小型,-,,33
2020-12-01,富山県,-,-,-,小型,-,,24
2020-12-01,石川県,-,-,-,小型,-,,49
2020-12-01,福井県,-,-,-,小型,-,,13
2020-12-01,岐阜県,-,-,-,小型,-,,35
2020-12-01,静岡県,-,-,-,小型,-,,124
2020-12-01,愛知県,-,-,-,小型,-,,149
2020-12-01,三重県,-,-,-,小型,-,,18
2020-12-01,滋賀県,-,-,-,小型,-,,21
2020-12-01,京都府,-,-,-,小型,-,,87
2020-12-01,大阪府,-,-,-,小型,-,,267
2020-12-01,兵庫県,-,-,-,小型,-,,153
2020-12-01,奈良県,-,-,-,小型,-,,43
2020-12-01,和歌山県,-,-,-,小型,-,,31
2020-12-01,鳥取県,-,-,-,小型,-,,16
2020-12-01,島根県,-,-,-,小型,-,,39
2020-12-01,岡山県,-,-,-,小型,-,,83
2020-12-01,広島県,-,-,-,小型,-,,70
2020-12-01,山口県,-,-,-,小型,-,,28
2020-12-01,徳島県,-,-,-,小型,-,,34
2020-12-01,香川県,-,-,-,小型,-,,9
2020-12-01,愛媛県,-,-,-,小型,-,,34
2020-12-01,高知県,-,-,-,小型,-,,47
2020-12-01,福岡県,-,-,-,小型,-,,150
2020-12-01,佐賀県,-,-,-,小型,-,,18
2020-12-01,長崎県,-,-,-,小型,-,,59
2020-12-01,熊本県,-,-,-,小型,-,,105
2020-12-01,大分県,-,-,-,小型,-,,44
2020-12-01,宮崎県,-,-,-,小型,-,,31
2020-12-01,鹿児島県,-,-,-,小型,-,,80
2020-12-01,沖縄県,-,-,-,小型,-,,10
2021-01-01,北海道,-,-,-,小型,-,,243
2021-01-01,青森県,-,-,-,小型,-,,16
2021-01-01,岩手県,-,-,-,小型,-,,50
2021-01-01,宮城県,-,-,-,小型,-,,53
2021-01-01,秋田県,-,-,-,小型,-,,12
2021-01-01,山形県,-,-,-,小型,-,,29
2021-01-01,福島県,-,-,-,小型,-,,104
2021-01-01,茨城県,-,-,-,小型,-,,66
2021-01-01,栃木県,-,-,-,小型,-,,32
2021-01-01,群馬県,-,-,-,小型,-,,29
2021-01-01,埼玉県,-,-,-,小型,-,,266
2021-01-01,千葉県,-,-,-,小型,-,,261
2021-01-01,東京都,-,-,-,小型,-,,1349
2021-01-01,神奈川県,-,-,-,小型,-,,490
2021-01-01,新潟県,-,-,-,小型,-,,83
2021-01-01,山梨県,-,-,-,小型,-,,16
2021-01-01,長野県,-,-,-,小型,-,,33
2021-01-01,富山県,-,-,-,小型,-,,24
2021-01-01,石川県,-,-,-,小型,-,,49
2021-01-01,福井県,-,-,-,小型,-,,13
2021-01-01,岐阜県,-,-,-,小型,-,,35
2021-01-01,静岡県,-,-,-,小型,-,,123
2021-01-01,愛知県,-,-,-,小型,-,,149
2021-01-01,三重県,-,-,-,小型,-,,18
2021-01-01,滋賀県,-,-,-,小型,-,,21
2021-01-01,京都府,-,-,-,小型,-,,87
2021-01-01,大阪府,-,-,-,小型,-,,266
2021-01-01,兵庫県,-,-,-,小型,-,,152
2021-01-01,奈良県,-,-,-,小型,-,,43
2021-01-01,和歌山県,-,-,-,小型,-,,31
2021-01-01,鳥取県,-,-,-,小型,-,,16
2021-01-01,島根県,-,-,-,小型,-,,39
2021-01-01,岡山県,-,-,-,小型,-,,83
2021-01-01,広島県,-,-,-,小型,-,,70
2021-01-01,山口県,-,-,-,小型,-,,28
2021-01-01,徳島県,-,-,-,小型,-,,34
2021-01-01,香川県,-,-,-,小型,-,,9
2021-01-01,愛媛県,-,-,-,小型,-,,35
2021-01-01,高知県,-,-,-,小型,-,,47
2021-01-01,福岡県,-,-,-,小型,-,,150
2021-01-01,佐賀県,-,-,-,小型,-,,18
2021-01-01,長崎県,-,-,-,小型,-,,59
2021-01-01,熊本県,-,-,-,小型,-,,105
2021-01-01,大分県,-,-,-,小型,-,,44
2021-01-01,宮崎県,-,-,-,小型,-,,31
2021-01-01,鹿児島県,-,-,-,小型,-,,80
2021-01-01,沖縄県,-,-,-,小型,-,,10
2021-02-01,北海道,-,-,-,小型,-,,243
2021-02-01,青森県,-,-,-,小型,-,,16
2021-02-01,岩手県,-,-,-,小型,-,,50
2021-02-01,宮城県,-,-,-,小型,-,,54
2021-02-01,秋田県,-,-,-,小型,-,,12
2021-02-01,山形県,-,-,-,小型,-,,29
2021-02-01,福島県,-,-,-,小型,-,,104
2021-02-01,茨城県,-,-,-,小型,-,,66
2021-02-01,栃木県,-,-,-,小型,-,,32
2021-02-01,群馬県,-,-,-,小型,-,,30
2021-02-01,埼玉県,-,-,-,小型,-,,274
2021-02-01,千葉県,-,-,-,小型,-,,266
2021-02-01,東京都,-,-,-,小型,-,,1371
2021-02-01,神奈川県,-,-,-,小型,-,,503
2021-02-01,新潟県,-,-,-,小型,-,,83
2021-02-01,山梨県,-,-,-,小型,-,,17
2021-02-01,長野県,-,-,-,小型,-,,33
2021-02-01,富山県,-,-,-,小型,-,,24
2021-02-01,石川県,-,-,-,小型,-,,49
2021-02-01,福井県,-,-,-,小型,-,,13
2021-02-01,岐阜県,-,-,-,小型,-,,37
2021-02-01,静岡県,-,-,-,小型,-,,125
2021-02-01,愛知県,-,-,-,小型,-,,152
2021-02-01,三重県,-,-,-,小型,-,,18
2021-02-01,滋賀県,-,-,-,小型,-,,21
2021-02-01,京都府,-,-,-,小型,-,,89
2021-02-01,大阪府,-,-,-,小型,-,,278
2021-02-01,兵庫県,-,-,-,小型,-,,156
2021-02-01,奈良県,-,-,-,小型,-,,45
2021-02-01,和歌山県,-,-,-,小型,-,,31
2021-02-01,鳥取県,-,-,-,小型,-,,16
2021-02-01,島根県,-,-,-,小型,-,,39
2021-02-01,岡山県,-,-,-,小型,-,,83
2021-02-01,広島県,-,-,-,小型,-,,70
2021-02-01,山口県,-,-,-,小型,-,,28
2021-02-01,徳島県,-,-,-,小型,-,,34
2021-02-01,香川県,-,-,-,小型,-,,9
2021-02-01,愛媛県,-,-,-,小型,-,,35
2021-02-01,高知県,-,-,-,小型,-,,47
2021-02-01,福岡県,-,-,-,小型,-,,151
2021-02-01,佐賀県,-,-,-,小型,-,,18
2021-02-01,長崎県,-,-,-,小型,-,,58
2021-02-01,熊本県,-,-,-,小型,-,,105
2021-02-01,大分県,-,-,-,小型,-,,44
2021-02-01,宮崎県,-,-,-,小型,-,,31
2021-02-01,鹿児島県,-,-,-,小型,-,,80
2021-02-01,沖縄県,-,-,-,小型,-,,10
2021-03-01,北海道,-,-,-,小型,-,,244
2021-03-01,青森県,-,-,-,小型,-,,16
2021-03-01,岩手県,-,-,-,小型,-,,50
2021-03-01,宮城県,-,-,-,小型,-,,54
2021-03-01,秋田県,-,-,-,小型,-,,12
2021-03-01,山形県,-,-,-,小型,-,,29
2021-03-01,福島県,-,-,-,小型,-,,104
2021-03-01,茨城県,-,-,-,小型,-,,66
2021-03-01,栃木県,-,-,-,小型,-,,32
2021-03-01,群馬県,-,-,-,小型,-,,30
2021-03-01,埼玉県,-,-,-,小型,-,,276
2021-03-01,千葉県,-,-,-,小型,-,,266
2021-03-01,東京都,-,-,-,小型,-,,1377
2021-03-01,神奈川県,-,-,-,小型,-,,508
2021-03-01,新潟県,-,-,-,小型,-,,83
2021-03-01,山梨県,-,-,-,小型,-,,17
2021-03-01,長野県,-,-,-,小型,-,,33
2021-03-01,富山県,-,-,-,小型,-,,24
2021-03-01,石川県,-,-,-,小型,-,,49
2021-03-01,福井県,-,-,-,小型,-,,13
2021-03-01,岐阜県,-,-,-,小型,-,,37
2021-03-01,静岡県,-,-,-,小型,-,,125
2021-03-01,愛知県,-,-,-,小型,-,,152
2021-03-01,三重県,-,-,-,小型,-,,18
2021-03-01,滋賀県,-,-,-,小型,-,,22
2021-03-01,京都府,-,-,-,小型,-,,90
2021-03-01,大阪府,-,-,-,小型,-,,279
2021-03-01,兵庫県,-,-,-,小型,-,,157
2021-03-01,奈良県,-,-,-,小型,-,,45
2021-03-01,和歌山県,-,-,-,小型,-,,31
2021-03-01,鳥取県,-,-,-,小型,-,,16
2021-03-01,島根県,-,-,-,小型,-,,39
2021-03-01,岡山県,-,-,-,小型,-,,83
2021-03-01,広島県,-,-,-,小型,-,,70
2021-03-01,山口県,-,-,-,小型,-,,28
2021-03-01,徳島県,-,-,-,小型,-,,34
2021-03-01,香川県,-,-,-,小型,-,,9
2021-03-01,愛媛県,-,-,-,小型,-,,35
2021-03-01,高知県,-,-,-,小型,-,,47
2021-03-01,福岡県,-,-,-,小型,-,,151
2021-03-01,佐賀県,-,-,-,小型,-,,18
2021-03-01,長崎県,-,-,-,小型,-,,57
2021-03-01,熊本県,-,-,-,小型,-,,103
2021-03-01,大分県,-,-,-,小型,-,,44
2021-03-01,宮崎県,-,-,-,小型,-,,31
2021-03-01,鹿児島県,-,-,-,小型,-,,80
2021-03-01,沖縄県,-,-,-,小型,-,,10
2021-04-01,北海道,-,-,-,小型,-,,244
2021-04-01,青森県,-,-,-,小型,-,,16
2021-04-01,岩手県,-,-,-,小型,-,,50
2021-04-01,宮城県,-,-,-,小型,-,,54
2021-04-01,秋田県,-,-,-,小型,-,,12
2021-04-01,山形県,-,-,-,小型,-,,29
2021-04-01,福島県,-,-,-,小型,-,,104
2021-04-01,茨城県,-,-,-,小型,-,,66
2021-04-01,栃木県,-,-,-,小型,-,,32
2021-04-01,群馬県,-,-,-,小型,-,,30
2021-04-01,埼玉県,-,-,-,小型,-,,277
2021-04-01,千葉県,-,-,-,小型,-,,266
2021-04-01,東京都,-,-,-,小型,-,,1381
2021-04-01,神奈川県,-,-,-,小型,-,,509
2021-04-01,新潟県,-,-,-,小型,-,,83
2021-04-01,山梨県,-,-,-,小型,-,,17
2021-04-01,長野県,-,-,-,小型,-,,33
2021-04-01,富山県,-,-,-,小型,-,,24
2021-04-01,石川県,-,-,-,小型,-,,49
2021-04-01,福井県,-,-,-,小型,-,,13
2021-04-01,岐阜県,-,-,-,小型,-,,37
2021-04-01,静岡県,-,-,-,小型,-,,126
2021-04-01,愛知県,-,-,-,小型,-,,153
2021-04-01,三重県,-,-,-,小型,-,,18
2021-04-01,滋賀県,-,-,-,小型,-,,22
2021-04-01,京都府,-,-,-,小型,-,,90
2021-04-01,大阪府,-,-,-,小型,-,,280
2021-04-01,兵庫県,-,-,-,小型,-,,157
2021-04-01,奈良県,-,-,-,小型,-,,45
2021-04-01,和歌山県,-,-,-,小型,-,,31
2021-04-01,鳥取県,-,-,-,小型,-,,16
2021-04-01,島根県,-,-,-,小型,-,,39
2021-04-01,岡山県,-,-,-,小型,-,,83
2021-04-01,広島県,-,-,-,小型,-,,70
2021-04-01,山口県,-,-,-,小型,-,,28
2021-04-01,徳島県,-,-,-,小型,-,,34
2021-04-01,香川県,-,-,-,小型,-,,9
2021-04-01,愛媛県,-,-,-,小型,-,,35
2021-04-01,高知県,-,-,-,小型,-,,47
2021-04-01,福岡県,-,-,-,小型,-,,152
2021-04-01,佐賀県,-,-,-,小型,-,,18
2021-04-01,長崎県,-,-,-,小型,-,,57
2021-04-01,熊本県,-,-,-,小型,-,,106
2021-04-01,大分県,-,-,-,小型,-,,44
2021-04-01,宮崎県,-,-,-,小型,-,,31
2021-04-01,鹿児島県,-,-,-,小型,-,,80
2021-04-01,沖縄県,-,-,-,小型,-,,10
2021-05-01,北海道,-,-,-,小型,-,,244
2021-05-01,青森県,-,-,-,小型,-,,16
2021-05-01,岩手県,-,-,-,小型,-,,51
2021-05-01,宮城県,-,-,-,小型,-,,53
2021-05-01,秋田県,-,-,-,小型,-,,12
2021-05-01,山形県,-,-,-,小型,-,,29
2021-05-01,福島県,-,-,-,小型,-,,104
2021-05-01,茨城県,-,-,-,小型,-,,65
2021-05-01,栃木県,-,-,-,小型,-,,32
2021-05-01,群馬県,-,-,-,小型,-,,30
2021-05-01,埼玉県,-,-,-,小型,-,,279
2021-05-01,千葉県,-,-,-,小型,-,,266
2021-05-01,東京都,-,-,-,小型,-,,1387
2021-05-01,神奈川県,-,-,-,小型,-,,512
2021-05-01,新潟県,-,-,-,小型,-,,83
2021-05-01,山梨県,-,-,-,小型,-,,17
2021-05-01,長野県,-,-,-,小型,-,,33
2021-05-01,富山県,-,-,-,小型,-,,24
2021-05-01,石川県,-,-,-,小型,-,,49
2021-05-01,福井県,-,-,-,小型,-,,13
2021-05-01,岐阜県,-,-,-,小型,-,,37
2021-05-01,静岡県,-,-,-,小型,-,,126
2021-05-01,愛知県,-,-,-,小型,-,,150
2021-05-01,三重県,-,-,-,小型,-,,18
2021-05-01,滋賀県,-,-,-,小型,-,,22
2021-05-01,京都府,-,-,-,小型,-,,89
2021-05-01,大阪府,-,-,-,小型,-,,286
2021-05-01,兵庫県,-,-,-,小型,-,,157
2021-05-01,奈良県,-,-,-,小型,-,,45
2021-05-01,和歌山県,-,-,-,小型,-,,31
2021-05-01,鳥取県,-,-,-,小型,-,,16
2021-05-01,島根県,-,-,-,小型,-,,39
2021-05-01,岡山県,-,-,-,小型,-,,83
2021-05-01,広島県,-,-,-,小型,-,,71
2021-05-01,山口県,-,-,-,小型,-,,28
2021-05-01,徳島県,-,-,-,小型,-,,34
2021-05-01,香川県,-,-,-,小型,-,,9
2021-05-01,愛媛県,-,-,-,小型,-,,35
2021-05-01,高知県,-,-,-,小型,-,,47
2021-05-01,福岡県,-,-,-,小型,-,,150
2021-05-01,佐賀県,-,-,-,小型,-,,18
2021-05-01,長崎県,-,-,-,小型,-,,57
2021-05-01,熊本県,-,-,-,小型,-,,106
2021-05-01,大分県,-,-,-,小型,-,,44
2021-05-01,宮崎県,-,-,-,小型,-,,31
2021-05-01,鹿児島県,-,-,-,小型,-,,80
2021-05-01,沖縄県,-,-,-,小型,-,,10
2021-06-01,北海道,-,-,-,小型,-,,243
2021-06-01,青森県,-,-,-,小型,-,,16
2021-06-01,岩手県,-,-,-,小型,-,,51
2021-06-01,宮城県,-,-,-,小型,-,,53
2021-06-01,秋田県,-,-,-,小型,-,,12
2021-06-01,山形県,-,-,-,小型,-,,29
2021-06-01,福島県,-,-,-,小型,-,,104
2021-06-01,茨城県,-,-,-,小型,-,,65
2021-06-01,栃木県,-,-,-,小型,-,,32
2021-06-01,群馬県,-,-,-,小型,-,,30
2021-06-01,埼玉県,-,-,-,小型,-,,279
2021-06-01,千葉県,-,-,-,小型,-,,266
2021-06-01,東京都,-,-,-,小型,-,,1394
2021-06-01,神奈川県,-,-,-,小型,-,,514
2021-06-01,新潟県,-,-,-,小型,-,,83
2021-06-01,山梨県,-,-,-,小型,-,,17
2021-06-01,長野県,-,-,-,小型,-,,33
2021-06-01,富山県,-,-,-,小型,-,,19
2021-06-01,石川県,-,-,-,小型,-,,48
2021-06-01,福井県,-,-,-,小型,-,,13
2021-06-01,岐阜県,-,-,-,小型,-,,37
2021-06-01,静岡県,-,-,-,小型,-,,126
2021-06-01,愛知県,-,-,-,小型,-,,150
2021-06-01,三重県,-,-,-,小型,-,,19
2021-06-01,滋賀県,-,-,-,小型,-,,22
2021-06-01,京都府,-,-,-,小型,-,,89
2021-06-01,大阪府,-,-,-,小型,-,,286
2021-06-01,兵庫県,-,-,-,小型,-,,159
2021-06-01,奈良県,-,-,-,小型,-,,46
2021-06-01,和歌山県,-,-,-,小型,-,,31
2021-06-01,鳥取県,-,-,-,小型,-,,16
2021-06-01,島根県,-,-,-,小型,-,,39
2021-06-01,岡山県,-,-,-,小型,-,,83
2021-06-01,広島県,-,-,-,小型,-,,69
2021-06-01,山口県,-,-,-,小型,-,,28
2021-06-01,徳島県,-,-,-,小型,-,,34
2021-06-01,香川県,-,-,-,小型,-,,9
2021-06-01,愛媛県,-,-,-,小型,-,,35
2021-06-01,高知県,-,-,-,小型,-,,47
2021-06-01,福岡県,-,-,-,小型,-,,150
2021-06-01,佐賀県,-,-,-,小型,-,,18
2021-06-01,長崎県,-,-,-,小型,-,,57
2021-06-01,熊本県,-,-,-,小型,-,,105
2021-06-01,大分県,-,-,-,小型,-,,44
2021-06-01,宮崎県,-,-,-,小型,-,,31
2021-06-01,鹿児島県,-,-,-,小型,-,,80
2021-06-01,沖縄県,-,-,-,小型,-,,10
2021-07-01,北海道,-,-,-,小型,-,,245
2021-07-01,青森県,-,-,-,小型,-,,16
2021-07-01,岩手県,-,-,-,小型,-,,51
2021-07-01,宮城県,-,-,-,小型,-,,53
2021-07-01,秋田県,-,-,-,小型,-,,12
2021-07-01,山形県,-,-,-,小型,-,,29
2021-07-01,福島県,-,-,-,小型,-,,104
2021-07-01,茨城県,-,-,-,小型,-,,66
2021-07-01,栃木県,-,-,-,小型,-,,32
2021-07-01,群馬県,-,-,-,小型,-,,30
2021-07-01,埼玉県,-,-,-,小型,-,,280
2021-07-01,千葉県,-,-,-,小型,-,,267
2021-07-01,東京都,-,-,-,小型,-,,1404
2021-07-01,神奈川県,-,-,-,小型,-,,514
2021-07-01,新潟県,-,-,-,小型,-,,84
2021-07-01,山梨県,-,-,-,小型,-,,17
2021-07-01,長野県,-,-,-,小型,-,,33
2021-07-01,富山県,-,-,-,小型,-,,19
2021-07-01,石川県,-,-,-,小型,-,,48
2021-07-01,福井県,-,-,-,小型,-,,13
2021-07-01,岐阜県,-,-,-,小型,-,,37
2021-07-01,静岡県,-,-,-,小型,-,,126
2021-07-01,愛知県,-,-,-,小型,-,,150
2021-07-01,三重県,-,-,-,小型,-,,18
2021-07-01,滋賀県,-,-,-,小型,-,,21
2021-07-01,京都府,-,-,-,小型,-,,89
2021-07-01,大阪府,-,-,-,小型,-,,286
2021-07-01,兵庫県,-,-,-,小型,-,,159
2021-07-01,奈良県,-,-,-,小型,-,,46
2021-07-01,和歌山県,-,-,-,小型,-,,31
2021-07-01,鳥取県,-,-,-,小型,-,,16
2021-07-01,島根県,-,-,-,小型,-,,39
2021-07-01,岡山県,-,-,-,小型,-,,83
2021-07-01,広島県,-,-,-,小型,-,,69
2021-07-01,山口県,-,-,-,小型,-,,28
2021-07-01,徳島県,-,-,-,小型,-,,34
2021-07-01,香川県,-,-,-,小型,-,,9
2021-07-01,愛媛県,-,-,-,小型,-,,33
2021-07-01,高知県,-,-,-,小型,-,,47
2021-07-01,福岡県,-,-,-,小型,-,,150
2021-07-01,佐賀県,-,-,-,小型,-,,18
2021-07-01,長崎県,-,-,-,小型,-,,58
2021-07-01,熊本県,-,-,-,小型,-,,106
2021-07-01,大分県,-,-,-,小型,-,,44
2021-07-01,宮崎県,-,-,-,小型,-,,31
2021-07-01,鹿児島県,-,-,-,小型,-,,80
2021-07-01,沖縄県,-,-,-,小型,-,,10
2021-08-01,北海道,-,-,-,小型,-,,245
2021-08-01,青森県,-,-,-,小型,-,,16
2021-08-01,岩手県,-,-,-,小型,-,,51
2021-08-01,宮城県,-,-,-,小型,-,,52
2021-08-01,秋田県,-,-,-,小型,-,,11
2021-08-01,山形県,-,-,-,小型,-,,29
2021-08-01,福島県,-,-,-,小型,-,,104
2021-08-01,茨城県,-,-,-,小型,-,,66
2021-08-01,栃木県,-,-,-,小型,-,,32
2021-08-01,群馬県,-,-,-,小型,-,,30
2021-08-01,埼玉県,-,-,-,小型,-,,281
2021-08-01,千葉県,-,-,-,小型,-,,262
2021-08-01,東京都,-,-,-,小型,-,,1408
2021-08-01,神奈川県,-,-,-,小型,-,,510
2021-08-01,新潟県,-,-,-,小型,-,,84
2021-08-01,山梨県,-,-,-,小型,-,,16
2021-08-01,長野県,-,-,-,小型,-,,32
2021-08-01,富山県,-,-,-,小型,-,,19
2021-08-01,石川県,-,-,-,小型,-,,46
2021-08-01,福井県,-,-,-,小型,-,,13
2021-08-01,岐阜県,-,-,-,小型,-,,36
2021-08-01,静岡県,-,-,-,小型,-,,126
2021-08-01,愛知県,-,-,-,小型,-,,150
2021-08-01,三重県,-,-,-,小型,-,,20
2021-08-01,滋賀県,-,-,-,小型,-,,21
2021-08-01,京都府,-,-,-,小型,-,,89
2021-08-01,大阪府,-,-,-,小型,-,,287
2021-08-01,兵庫県,-,-,-,小型,-,,158
2021-08-01,奈良県,-,-,-,小型,-,,47
2021-08-01,和歌山県,-,-,-,小型,-,,31
2021-08-01,鳥取県,-,-,-,小型,-,,16
2021-08-01,島根県,-,-,-,小型,-,,37
2021-08-01,岡山県,-,-,-,小型,-,,83
2021-08-01,広島県,-,-,-,小型,-,,68
2021-08-01,山口県,-,-,-,小型,-,,25
2021-08-01,徳島県,-,-,-,小型,-,,33
2021-08-01,香川県,-,-,-,小型,-,,8
2021-08-01,愛媛県,-,-,-,小型,-,,32
2021-08-01,高知県,-,-,-,小型,-,,47
2021-08-01,福岡県,-,-,-,小型,-,,150
2021-08-01,佐賀県,-,-,-,小型,-,,18
2021-08-01,長崎県,-,-,-,小型,-,,59
2021-08-01,熊本県,-,-,-,小型,-,,105
2021-08-01,大分県,-,-,-,小型,-,,43
2021-08-01,宮崎県,-,-,-,小型,-,,30
2021-08-01,鹿児島県,-,-,-,小型,-,,79
2021-08-01,沖縄県,-,-,-,小型,-,,10
2021-09-01,北海道,-,-,-,小型,-,,245
2021-09-01,青森県,-,-,-,小型,-,,16
2021-09-01,岩手県,-,-,-,小型,-,,51
2021-09-01,宮城県,-,-,-,小型,-,,52
2021-09-01,秋田県,-,-,-,小型,-,,11
2021-09-01,山形県,-,-,-,小型,-,,29
2021-09-01,福島県,-,-,-,小型,-,,104
2021-09-01,茨城県,-,-,-,小型,-,,66
2021-09-01,栃木県,-,-,-,小型,-,,32
2021-09-01,群馬県,-,-,-,小型,-,,30
2021-09-01,埼玉県,-,-,-,小型,-,,279
2021-09-01,千葉県,-,-,-,小型,-,,262
2021-09-01,東京都,-,-,-,小型,-,,1415
2021-09-01,神奈川県,-,-,-,小型,-,,510
2021-09-01,新潟県,-,-,-,小型,-,,84
2021-09-01,山梨県,-,-,-,小型,-,,16
2021-09-01,長野県,-,-,-,小型,-,,32
2021-09-01,富山県,-,-,-,小型,-,,19
2021-09-01,石川県,-,-,-,小型,-,,46
2021-09-01,福井県,-,-,-,小型,-,,13
2021-09-01,岐阜県,-,-,-,小型,-,,36
2021-09-01,静岡県,-,-,-,小型,-,,127
2021-09-01,愛知県,-,-,-,小型,-,,150
2021-09-01,三重県,-,-,-,小型,-,,20
2021-09-01,滋賀県,-,-,-,小型,-,,21
2021-09-01,京都府,-,-,-,小型,-,,88
2021-09-01,大阪府,-,-,-,小型,-,,288
2021-09-01,兵庫県,-,-,-,小型,-,,159
2021-09-01,奈良県,-,-,-,小型,-,,47
2021-09-01,和歌山県,-,-,-,小型,-,,31
2021-09-01,鳥取県,-,-,-,小型,-,,16
2021-09-01,島根県,-,-,-,小型,-,,37
2021-09-01,岡山県,-,-,-,小型,-,,83
2021-09-01,広島県,-,-,-,小型,-,,68
2021-09-01,山口県,-,-,-,小型,-,,25
2021-09-01,徳島県,-,-,-,小型,-,,33
2021-09-01,香川県,-,-,-,小型,-,,8
2021-09-01,愛媛県,-,-,-,小型,-,,32
2021-09-01,高知県,-,-,-,小型,-,,47
2021-09-01,福岡県,-,-,-,小型,-,,150
2021-09-01,佐賀県,-,-,-,小型,-,,18
2021-09-01,長崎県,-,-,-,小型,-,,59
2021-09-01,熊本県,-,-,-,小型,-,,105
2021-09-01,大分県,-,-,-,小型,-,,43
2021-09-01,宮崎県,-,-,-,小型,-,,30
2021-09-01,鹿児島県,-,-,-,小型,-,,79
2021-09-01,沖縄県,-,-,-,小型,-,,10
2021-10-01,北海道,-,-,-,小型,-,,245
2021-10-01,青森県,-,-,-,小型,-,,16
2021-10-01,岩手県,-,-,-,小型,-,,51
2021-10-01,宮城県,-,-,-,小型,-,,52
2021-10-01,秋田県,-,-,-,小型,-,,11
2021-10-01,山形県,-,-,-,小型,-,,29
2021-10-01,福島県,-,-,-,小型,-,,104
2021-10-01,茨城県,-,-,-,小型,-,,66
2021-10-01,栃木県,-,-,-,小型,-,,32
2021-10-01,群馬県,-,-,-,小型,-,,29
2021-10-01,埼玉県,-,-,-,小型,-,,280
2021-10-01,千葉県,-,-,-,小型,-,,264
2021-10-01,東京都,-,-,-,小型,-,,1422
2021-10-01,神奈川県,-,-,-,小型,-,,510
2021-10-01,新潟県,-,-,-,小型,-,,84
2021-10-01,山梨県,-,-,-,小型,-,,16
2021-10-01,長野県,-,-,-,小型,-,,32
2021-10-01,富山県,-,-,-,小型,-,,19
2021-10-01,石川県,-,-,-,小型,-,,46
2021-10-01,福井県,-,-,-,小型,-,,13
2021-10-01,岐阜県,-,-,-,小型,-,,36
2021-10-01,静岡県,-,-,-,小型,-,,128
2021-10-01,愛知県,-,-,-,小型,-,,152
2021-10-01,三重県,-,-,-,小型,-,,20
2021-10-01,滋賀県,-,-,-,小型,-,,21
2021-10-01,京都府,-,-,-,小型,-,,88
2021-10-01,大阪府,-,-,-,小型,-,,290
2021-10-01,兵庫県,-,-,-,小型,-,,161
2021-10-01,奈良県,-,-,-,小型,-,,46
2021-10-01,和歌山県,-,-,-,小型,-,,31
2021-10-01,鳥取県,-,-,-,小型,-,,17
2021-10-01,島根県,-,-,-,小型,-,,37
2021-10-01,岡山県,-,-,-,小型,-,,83
2021-10-01,広島県,-,-,-,小型,-,,68
2021-10-01,山口県,-,-,-,小型,-,,25
2021-10-01,徳島県,-,-,-,小型,-,,33
2021-10-01,香川県,-,-,-,小型,-,,8
2021-10-01,愛媛県,-,-,-,小型,-,,32
2021-10-01,高知県,-,-,-,小型,-,,47
2021-10-01,福岡県,-,-,-,小型,-,,150
2021-10-01,佐賀県,-,-,-,小型,-,,17
2021-10-01,長崎県,-,-,-,小型,-,,59
2021-10-01,熊本県,-,-,-,小型,-,,105
2021-10-01,大分県,-,-,-,小型,-,,43
2021-10-01,宮崎県,-,-,-,小型,-,,30
2021-10-01,鹿児島県,-,-,-,小型,-,,78
2021-10-01,沖縄県,-,-,-,小型,-,,10
2021-11-01,北海道,-,-,-,小型,-,,246
2021-11-01,青森県,-,-,-,小型,-,,16
2021-11-01,岩手県,-,-,-,小型,-,,51
2021-11-01,宮城県,-,-,-,小型,-,,52
2021-11-01,秋田県,-,-,-,小型,-,,11
2021-11-01,山形県,-,-,-,小型,-,,29
2021-11-01,福島県,-,-,-,小型,-,,105
2021-11-01,茨城県,-,-,-,小型,-,,66
2021-11-01,栃木県,-,-,-,小型,-,,32
2021-11-01,群馬県,-,-,-,小型,-,,29
2021-11-01,埼玉県,-,-,-,小型,-,,281
2021-11-01,千葉県,-,-,-,小型,-,,267
2021-11-01,東京都,-,-,-,小型,-,,1424
2021-11-01,神奈川県,-,-,-,小型,-,,514
2021-11-01,新潟県,-,-,-,小型,-,,84
2021-11-01,山梨県,-,-,-,小型,-,,15
2021-11-01,長野県,-,-,-,小型,-,,32
2021-11-01,富山県,-,-,-,小型,-,,19
2021-11-01,石川県,-,-,-,小型,-,,46
2021-11-01,福井県,-,-,-,小型,-,,13
2021-11-01,岐阜県,-,-,-,小型,-,,36
2021-11-01,静岡県,-,-,-,小型,-,,128
2021-11-01,愛知県,-,-,-,小型,-,,152
2021-11-01,三重県,-,-,-,小型,-,,21
2021-11-01,滋賀県,-,-,-,小型,-,,21
2021-11-01,京都府,-,-,-,小型,-,,88
2021-11-01,大阪府,-,-,-,小型,-,,289
2021-11-01,兵庫県,-,-,-,小型,-,,160
2021-11-01,奈良県,-,-,-,小型,-,,46
2021-11-01,和歌山県,-,-,-,小型,-,,31
2021-11-01,鳥取県,-,-,-,小型,-,,17
2021-11-01,島根県,-,-,-,小型,-,,37
2021-11-01,岡山県,-,-,-,小型,-,,83
2021-11-01,広島県,-,-,-,小型,-,,67
2021-11-01,山口県,-,-,-,小型,-,,25
2021-11-01,徳島県,-,-,-,小型,-,,33
2021-11-01,香川県,-,-,-,小型,-,,8
2021-11-01,愛媛県,-,-,-,小型,-,,32
2021-11-01,高知県,-,-,-,小型,-,,47
2021-11-01,福岡県,-,-,-,小型,-,,150
2021-11-01,佐賀県,-,-,-,小型,-,,17
2021-11-01,長崎県,-,-,-,小型,-,,59
2021-11-01,熊本県,-,-,-,小型,-,,105
2021-11-01,大分県,-,-,-,小型,-,,43
2021-11-01,宮崎県,-,-,-,小型,-,,30
2021-11-01,鹿児島県,-,-,-,小型,-,,78
2021-11-01,沖縄県,-,-,-,小型,-,,10
2021-12-01,北海道,-,-,-,小型,-,,246
2021-12-01,青森県,-,-,-,小型,-,,16
2021-12-01,岩手県,-,-,-,小型,-,,51
2021-12-01,宮城県,-,-,-,小型,-,,52
2021-12-01,秋田県,-,-,-,小型,-,,11
2021-12-01,山形県,-,-,-,小型,-,,29
2021-12-01,福島県,-,-,-,小型,-,,105
2021-12-01,茨城県,-,-,-,小型,-,,66
2021-12-01,栃木県,-,-,-,小型,-,,32
2021-12-01,群馬県,-,-,-,小型,-,,29
2021-12-01,埼玉県,-,-,-,小型,-,,282
2021-12-01,千葉県,-,-,-,小型,-,,269
2021-12-01,東京都,-,-,-,小型,-,,1426
2021-12-01,神奈川県,-,-,-,小型,-,,516
2021-12-01,新潟県,-,-,-,小型,-,,84
2021-12-01,山梨県,-,-,-,小型,-,,15
2021-12-01,長野県,-,-,-,小型,-,,32
2021-12-01,富山県,-,-,-,小型,-,,19
2021-12-01,石川県,-,-,-,小型,-,,46
2021-12-01,福井県,-,-,-,小型,-,,15
2021-12-01,岐阜県,-,-,-,小型,-,,36
2021-12-01,静岡県,-,-,-,小型,-,,128
2021-12-01,愛知県,-,-,-,小型,-,,152
2021-12-01,三重県,-,-,-,小型,-,,22
2021-12-01,滋賀県,-,-,-,小型,-,,21
2021-12-01,京都府,-,-,-,小型,-,,88
2021-12-01,大阪府,-,-,-,小型,-,,291
2021-12-01,兵庫県,-,-,-,小型,-,,161
2021-12-01,奈良県,-,-,-,小型,-,,46
2021-12-01,和歌山県,-,-,-,小型,-,,31
2021-12-01,鳥取県,-,-,-,小型,-,,17
2021-12-01,島根県,-,-,-,小型,-,,37
2021-12-01,岡山県,-,-,-,小型,-,,82
2021-12-01,広島県,-,-,-,小型,-,,67
2021-12-01,山口県,-,-,-,小型,-,,25
2021-12-01,徳島県,-,-,-,小型,-,,33
2021-12-01,香川県,-,-,-,小型,-,,8
2021-12-01,愛媛県,-,-,-,小型,-,,32
2021-12-01,高知県,-,-,-,小型,-,,47
2021-12-01,福岡県,-,-,-,小型,-,,151
2021-12-01,佐賀県,-,-,-,小型,-,,17
2021-12-01,長崎県,-,-,-,小型,-,,59
2021-12-01,熊本県,-,-,-,小型,-,,105
2021-12-01,大分県,-,-,-,小型,-,,43
2021-12-01,宮崎県,-,-,-,小型,-,,30
2021-12-01,鹿児島県,-,-,-,小型,-,,78
2021-12-01,沖縄県,-,-,-,小型,-,,10
2022-01-01,北海道,-,-,-,小型,-,,246
2022-01-01,青森県,-,-,-,小型,-,,16
2022-01-01,岩手県,-,-,-,小型,-,,51
2022-01-01,宮城県,-,-,-,小型,-,,52
2022-01-01,秋田県,-,-,-,小型,-,,11
2022-01-01,山形県,-,-,-,小型,-,,29
2022-01-01,福島県,-,-,-,小型,-,,105
2022-01-01,茨城県,-,-,-,小型,-,,65
2022-01-01,栃木県,-,-,-,小型,-,,32
2022-01-01,群馬県,-,-,-,小型,-,,29
2022-01-01,埼玉県,-,-,-,小型,-,,281
2022-01-01,千葉県,-,-,-,小型,-,,266
2022-01-01,東京都,-,-,-,小型,-,,1425
2022-01-01,神奈川県,-,-,-,小型,-,,517
2022-01-01,新潟県,-,-,-,小型,-,,84
2022-01-01,山梨県,-,-,-,小型,-,,15
2022-01-01,長野県,-,-,-,小型,-,,32
2022-01-01,富山県,-,-,-,小型,-,,19
2022-01-01,石川県,-,-,-,小型,-,,46
2022-01-01,福井県,-,-,-,小型,-,,15
2022-01-01,岐阜県,-,-,-,小型,-,,36
2022-01-01,静岡県,-,-,-,小型,-,,127
2022-01-01,愛知県,-,-,-,小型,-,,153
2022-01-01,三重県,-,-,-,小型,-,,22
2022-01-01,滋賀県,-,-,-,小型,-,,20
2022-01-01,京都府,-,-,-,小型,-,,88
2022-01-01,大阪府,-,-,-,小型,-,,295
2022-01-01,兵庫県,-,-,-,小型,-,,161
2022-01-01,奈良県,-,-,-,小型,-,,46
2022-01-01,和歌山県,-,-,-,小型,-,,31
2022-01-01,鳥取県,-,-,-,小型,-,,17
2022-01-01,島根県,-,-,-,小型,-,,37
2022-01-01,岡山県,-,-,-,小型,-,,81
2022-01-01,広島県,-,-,-,小型,-,,67
2022-01-01,山口県,-,-,-,小型,-,,25
2022-01-01,徳島県,-,-,-,小型,-,,33
2022-01-01,香川県,-,-,-,小型,-,,8
2022-01-01,愛媛県,-,-,-,小型,-,,32
2022-01-01,高知県,-,-,-,小型,-,,47
2022-01-01,福岡県,-,-,-,小型,-,,151
2022-01-01,佐賀県,-,-,-,小型,-,,17
2022-01-01,長崎県,-,-,-,小型,-,,59
2022-01-01,熊本県,-,-,-,小型,-,,105
2022-01-01,大分県,-,-,-,小型,-,,44
2022-01-01,宮崎県,-,-,-,小型,-,,30
2022-01-01,鹿児島県,-,-,-,小型,-,,78
2022-01-01,沖縄県,-,-,-,小型,-,,11
2022-02-01,北海道,-,-,-,小型,-,,245
2022-02-01,青森県,-,-,-,小型,-,,16
2022-02-01,岩手県,-,-,-,小型,-,,51
2022-02-01,宮城県,-,-,-,小型,-,,52
2022-02-01,秋田県,-,-,-,小型,-,,11
2022-02-01,山形県,-,-,-,小型,-,,29
2022-02-01,福島県,-,-,-,小型,-,,105
2022-02-01,茨城県,-,-,-,小型,-,,65
2022-02-01,栃木県,-,-,-,小型,-,,32
2022-02-01,群馬県,-,-,-,小型,-,,29
2022-02-01,埼玉県,-,-,-,小型,-,,280
2022-02-01,千葉県,-,-,-,小型,-,,265
2022-02-01,東京都,-,-,-,小型,-,,1420
2022-02-01,神奈川県,-,-,-,小型,-,,516
2022-02-01,新潟県,-,-,-,小型,-,,83
2022-02-01,山梨県,-,-,-,小型,-,,15
2022-02-01,長野県,-,-,-,小型,-,,32
2022-02-01,富山県,-,-,-,小型,-,,19
2022-02-01,石川県,-,-,-,小型,-,,46
2022-02-01,福井県,-,-,-,小型,-,,15
2022-02-01,岐阜県,-,-,-,小型,-,,36
2022-02-01,静岡県,-,-,-,小型,-,,127
2022-02-01,愛知県,-,-,-,小型,-,,153
2022-02-01,三重県,-,-,-,小型,-,,22
2022-02-01,滋賀県,-,-,-,小型,-,,20
2022-02-01,京都府,-,-,-,小型,-,,89
2022-02-01,大阪府,-,-,-,小型,-,,297
2022-02-01,兵庫県,-,-,-,小型,-,,161
2022-02-01,奈良県,-,-,-,小型,-,,46
2022-02-01,和歌山県,-,-,-,小型,-,,31
2022-02-01,鳥取県,-,-,-,小型,-,,17
2022-02-01,島根県,-,-,-,小型,-,,37
2022-02-01,岡山県,-,-,-,小型,-,,81
2022-02-01,広島県,-,-,-,小型,-,,66
2022-02-01,山口県,-,-,-,小型,-,,25
2022-02-01,徳島県,-,-,-,小型,-,,33
2022-02-01,香川県,-,-,-,小型,-,,8
2022-02-01,愛媛県,-,-,-,小型,-,,32
2022-02-01,高知県,-,-,-,小型,-,,47
2022-02-01,福岡県,-,-,-,小型,-,,152
2022-02-01,佐賀県,-,-,-,小型,-,,17
2022-02-01,長崎県,-,-,-,小型,-,,59
2022-02-01,熊本県,-,-,-,小型,-,,105
2022-02-01,大分県,-,-,-,小型,-,,44
2022-02-01,宮崎県,-,-,-,小型,-,,30
2022-02-01,鹿児島県,-,-,-,小型,-,,78
2022-02-01,沖縄県,-,-,-,小型,-,,11
2022-03-01,北海道,-,-,-,小型,-,,245
2022-03-01,青森県,-,-,-,小型,-,,16
2022-03-01,岩手県,-,-,-,小型,-,,50
2022-03-01,宮城県,-,-,-,小型,-,,48
2022-03-01,秋田県,-,-,-,小型,-,,11
2022-03-01,山形県,-,-,-,小型,-,,29
2022-03-01,福島県,-,-,-,小型,-,,94
2022-03-01,茨城県,-,-,-,小型,-,,65
2022-03-01,栃木県,-,-,-,小型,-,,32
2022-03-01,群馬県,-,-,-,小型,-,,29
2022-03-01,埼玉県,-,-,-,小型,-,,284
2022-03-01,千葉県,-,-,-,小型,-,,266
2022-03-01,東京都,-,-,-,小型,-,,1430
2022-03-01,神奈川県,-,-,-,小型,-,,518
2022-03-01,新潟県,-,-,-,小型,-,,83
2022-03-01,山梨県,-,-,-,小型,-,,15
2022-03-01,長野県,-,-,-,小型,-,,32
2022-03-01,富山県,-,-,-,小型,-,,19
2022-03-01,石川県,-,-,-,小型,-,,45
2022-03-01,福井県,-,-,-,小型,-,,15
2022-03-01,岐阜県,-,-,-,小型,-,,36
2022-03-01,静岡県,-,-,-,小型,-,,127
2022-03-01,愛知県,-,-,-,小型,-,,154
2022-03-01,三重県,-,-,-,小型,-,,22
2022-03-01,滋賀県,-,-,-,小型,-,,20
2022-03-01,京都府,-,-,-,小型,-,,89
2022-03-01,大阪府,-,-,-,小型,-,,298
2022-03-01,兵庫県,-,-,-,小型,-,,162
2022-03-01,奈良県,-,-,-,小型,-,,46
2022-03-01,和歌山県,-,-,-,小型,-,,31
2022-03-01,鳥取県,-,-,-,小型,-,,17
2022-03-01,島根県,-,-,-,小型,-,,37
2022-03-01,岡山県,-,-,-,小型,-,,81
2022-03-01,広島県,-,-,-,小型,-,,66
2022-03-01,山口県,-,-,-,小型,-,,25
2022-03-01,徳島県,-,-,-,小型,-,,33
2022-03-01,香川県,-,-,-,小型,-,,8
2022-03-01,愛媛県,-,-,-,小型,-,,32
2022-03-01,高知県,-,-,-,小型,-,,47
2022-03-01,福岡県,-,-,-,小型,-,,152
2022-03-01,佐賀県,-,-,-,小型,-,,17
2022-03-01,長崎県,-,-,-,小型,-,,59
2022-03-01,熊本県,-,-,-,小型,-,,105
2022-03-01,大分県,-,-,-,小型,-,,44
2022-03-01,宮崎県,-,-,-,小型,-,,30
2022-03-01,鹿児島県,-,-,-,小型,-,,78
2022-03-01,沖縄県,-,-,-,小型,-,,11
2022-04-01,北海道,-,-,-,小型,-,,246
2022-04-01,青森県,-,-,-,小型,-,,17
2022-04-01,岩手県,-,-,-,小型,-,,49
2022-04-01,宮城県,-,-,-,小型,-,,48
2022-04-01,秋田県,-,-,-,小型,-,,11
2022-04-01,山形県,-,-,-,小型,-,,29
2022-04-01,福島県,-,-,-,小型,-,,95
2022-04-01,茨城県,-,-,-,小型,-,,66
2022-04-01,栃木県,-,-,-,小型,-,,33
2022-04-01,群馬県,-,-,-,小型,-,,29
2022-04-01,埼玉県,-,-,-,小型,-,,284
2022-04-01,千葉県,-,-,-,小型,-,,267
2022-04-01,東京都,-,-,-,小型,-,,1436
2022-04-01,神奈川県,-,-,-,小型,-,,518
2022-04-01,新潟県,-,-,-,小型,-,,83
2022-04-01,山梨県,-,-,-,小型,-,,15
2022-04-01,長野県,-,-,-,小型,-,,32
2022-04-01,富山県,-,-,-,小型,-,,19
2022-04-01,石川県,-,-,-,小型,-,,45
2022-04-01,福井県,-,-,-,小型,-,,15
2022-04-01,岐阜県,-,-,-,小型,-,,37
2022-04-01,静岡県,-,-,-,小型,-,,128
2022-04-01,愛知県,-,-,-,小型,-,,153
2022-04-01,三重県,-,-,-,小型,-,,22
2022-04-01,滋賀県,-,-,-,小型,-,,19
2022-04-01,京都府,-,-,-,小型,-,,89
2022-04-01,大阪府,-,-,-,小型,-,,300
2022-04-01,兵庫県,-,-,-,小型,-,,163
2022-04-01,奈良県,-,-,-,小型,-,,46
2022-04-01,和歌山県,-,-,-,小型,-,,31
2022-04-01,鳥取県,-,-,-,小型,-,,17
2022-04-01,島根県,-,-,-,小型,-,,37
2022-04-01,岡山県,-,-,-,小型,-,,81
2022-04-01,広島県,-,-,-,小型,-,,66
2022-04-01,山口県,-,-,-,小型,-,,25
2022-04-01,徳島県,-,-,-,小型,-,,33
2022-04-01,香川県,-,-,-,小型,-,,8
2022-04-01,愛媛県,-,-,-,小型,-,,32
2022-04-01,高知県,-,-,-,小型,-,,47
2022-04-01,福岡県,-,-,-,小型,-,,152
2022-04-01,佐賀県,-,-,-,小型,-,,18
2022-04-01,長崎県,-,-,-,小型,-,,59
2022-04-01,熊本県,-,-,-,小型,-,,105
2022-04-01,大分県,-,-,-,小型,-,,44
2022-04-01,宮崎県,-,-,-,小型,-,,30
2022-04-01,鹿児島県,-,-,-,小型,-,,78
2022-04-01,沖縄県,-,-,-,小型,-,,11
2022-05-01,北海道,-,-,-,小型,-,,246
2022-05-01,青森県,-,-,-,小型,-,,17
2022-05-01,岩手県,-,-,-,小型,-,,49
2022-05-01,宮城県,-,-,-,小型,-,,48
2022-05-01,秋田県,-,-,-,小型,-,,11
2022-05-01,山形県,-,-,-,小型,-,,29
2022-05-01,福島県,-,-,-,小型,-,,95
2022-05-01,茨城県,-,-,-,小型,-,,66
2022-05-01,栃木県,-,-,-,小型,-,,33
2022-05-01,群馬県,-,-,-,小型,-,,29
2022-05-01,埼玉県,-,-,-,小型,-,,286
2022-05-01,千葉県,-,-,-,小型,-,,266
2022-05-01,東京都,-,-,-,小型,-,,1432
2022-05-01,神奈川県,-,-,-,小型,-,,519
2022-05-01,新潟県,-,-,-,小型,-,,83
2022-05-01,山梨県,-,-,-,小型,-,,15
2022-05-01,長野県,-,-,-,小型,-,,32
2022-05-01,富山県,-,-,-,小型,-,,19
2022-05-01,石川県,-,-,-,小型,-,,45
2022-05-01,福井県,-,-,-,小型,-,,15
2022-05-01,岐阜県,-,-,-,小型,-,,37
2022-05-01,静岡県,-,-,-,小型,-,,128
2022-05-01,愛知県,-,-,-,小型,-,,153
2022-05-01,三重県,-,-,-,小型,-,,22
2022-05-01,滋賀県,-,-,-,小型,-,,19
2022-05-01,京都府,-,-,-,小型,-,,89
2022-05-01,大阪府,-,-,-,小型,-,,300
2022-05-01,兵庫県,-,-,-,小型,-,,163
2022-05-01,奈良県,-,-,-,小型,-,,46
2022-05-01,和歌山県,-,-,-,小型,-,,31
2022-05-01,鳥取県,-,-,-,小型,-,,17
2022-05-01,島根県,-,-,-,小型,-,,37
2022-05-01,岡山県,-,-,-,小型,-,,81
2022-05-01,広島県,-,-,-,小型,-,,66
2022-05-01,山口県,-,-,-,小型,-,,25
2022-05-01,徳島県,-,-,-,小型,-,,33
2022-05-01,香川県,-,-,-,小型,-,,8
2022-05-01,愛媛県,-,-,-,小型,-,,32
2022-05-01,高知県,-,-,-,小型,-,,47
2022-05-01,福岡県,-,-,-,小型,-,,152
2022-05-01,佐賀県,-,-,-,小型,-,,18
2022-05-01,長崎県,-,-,-,小型,-,,59
2022-05-01,熊本県,-,-,-,小型,-,,105
2022-05-01,大分県,-,-,-,小型,-,,44
2022-05-01,宮崎県,-,-,-,小型,-,,30
2022-05-01,鹿児島県,-,-,-,小型,-,,78
2022-05-01,沖縄県,-,-,-,小型,-,,11
2022-06-01,北海道,-,-,-,小型,-,,249
2022-06-01,青森県,-,-,-,小型,-,,17
2022-06-01,岩手県,-,-,-,小型,-,,49
2022-06-01,宮城県,-,-,-,小型,-,,48
2022-06-01,秋田県,-,-,-,小型,-,,11
2022-06-01,山形県,-,-,-,小型,-,,29
2022-06-01,福島県,-,-,-,小型,-,,95
2022-06-01,茨城県,-,-,-,小型,-,,67
2022-06-01,栃木県,-,-,-,小型,-,,33
2022-06-01,群馬県,-,-,-,小型,-,,29
2022-06-01,埼玉県,-,-,-,小型,-,,286
2022-06-01,千葉県,-,-,-,小型,-,,265
2022-06-01,東京都,-,-,-,小型,-,,1434
2022-06-01,神奈川県,-,-,-,小型,-,,521
2022-06-01,新潟県,-,-,-,小型,-,,83
2022-06-01,山梨県,-,-,-,小型,-,,15
2022-06-01,長野県,-,-,-,小型,-,,32
2022-06-01,富山県,-,-,-,小型,-,,19
2022-06-01,石川県,-,-,-,小型,-,,45
2022-06-01,福井県,-,-,-,小型,-,,15
2022-06-01,岐阜県,-,-,-,小型,-,,37
2022-06-01,静岡県,-,-,-,小型,-,,129
2022-06-01,愛知県,-,-,-,小型,-,,150
2022-06-01,三重県,-,-,-,小型,-,,22
2022-06-01,滋賀県,-,-,-,小型,-,,19
2022-06-01,京都府,-,-,-,小型,-,,89
2022-06-01,大阪府,-,-,-,小型,-,,300
2022-06-01,兵庫県,-,-,-,小型,-,,162
2022-06-01,奈良県,-,-,-,小型,-,,45
2022-06-01,和歌山県,-,-,-,小型,-,,31
2022-06-01,鳥取県,-,-,-,小型,-,,17
2022-06-01,島根県,-,-,-,小型,-,,37
2022-06-01,岡山県,-,-,-,小型,-,,77
2022-06-01,広島県,-,-,-,小型,-,,66
2022-06-01,山口県,-,-,-,小型,-,,25
2022-06-01,徳島県,-,-,-,小型,-,,33
2022-06-01,香川県,-,-,-,小型,-,,8
2022-06-01,愛媛県,-,-,-,小型,-,,32
2022-06-01,高知県,-,-,-,小型,-,,47
2022-06-01,福岡県,-,-,-,小型,-,,152
2022-06-01,佐賀県,-,-,-,小型,-,,18
2022-06-01,長崎県,-,-,-,小型,-,,59
2022-06-01,熊本県,-,-,-,小型,-,,105
2022-06-01,大分県,-,-,-,小型,-,,44
2022-06-01,宮崎県,-,-,-,小型,-,,30
2022-06-01,鹿児島県,-,-,-,小型,-,,78
2022-06-01,沖縄県,-,-,-,小型,-,,11
2022-07-01,北海道,-,-,-,小型,-,,249
2022-07-01,青森県,-,-,-,小型,-,,17
2022-07-01,岩手県,-,-,-,小型,-,,49
2022-07-01,宮城県,-,-,-,小型,-,,48
2022-07-01,秋田県,-,-,-,小型,-,,11
2022-07-01,山形県,-,-,-,小型,-,,29
2022-07-01,福島県,-,-,-,小型,-,,95
2022-07-01,茨城県,-,-,-,小型,-,,67
2022-07-01,栃木県,-,-,-,小型,-,,33
2022-07-01,群馬県,-,-,-,小型,-,,30
2022-07-01,埼玉県,-,-,-,小型,-,,288
2022-07-01,千葉県,-,-,-,小型,-,,265
2022-07-01,東京都,-,-,-,小型,-,,1434
2022-07-01,神奈川県,-,-,-,小型,-,,521
2022-07-01,新潟県,-,-,-,小型,-,,83
2022-07-01,山梨県,-,-,-,小型,-,,15
2022-07-01,長野県,-,-,-,小型,-,,32
2022-07-01,富山県,-,-,-,小型,-,,20
2022-07-01,石川県,-,-,-,小型,-,,45
2022-07-01,福井県,-,-,-,小型,-,,15
2022-07-01,岐阜県,-,-,-,小型,-,,38
2022-07-01,静岡県,-,-,-,小型,-,,130
2022-07-01,愛知県,-,-,-,小型,-,,149
2022-07-01,三重県,-,-,-,小型,-,,22
2022-07-01,滋賀県,-,-,-,小型,-,,19
2022-07-01,京都府,-,-,-,小型,-,,91
2022-07-01,大阪府,-,-,-,小型,-,,300
2022-07-01,兵庫県,-,-,-,小型,-,,162
2022-07-01,奈良県,-,-,-,小型,-,,45
2022-07-01,和歌山県,-,-,-,小型,-,,31
2022-07-01,鳥取県,-,-,-,小型,-,,17
2022-07-01,島根県,-,-,-,小型,-,,37
2022-07-01,岡山県,-,-,-,小型,-,,77
2022-07-01,広島県,-,-,-,小型,-,,65
2022-07-01,山口県,-,-,-,小型,-,,25
2022-07-01,徳島県,-,-,-,小型,-,,33
2022-07-01,香川県,-,-,-,小型,-,,8
2022-07-01,愛媛県,-,-,-,小型,-,,31
2022-07-01,高知県,-,-,-,小型,-,,48
2022-07-01,福岡県,-,-,-,小型,-,,152
2022-07-01,佐賀県,-,-,-,小型,-,,17
2022-07-01,長崎県,-,-,-,小型,-,,59
2022-07-01,熊本県,-,-,-,小型,-,,105
2022-07-01,大分県,-,-,-,小型,-,,44
2022-07-01,宮崎県,-,-,-,小型,-,,30
2022-07-01,鹿児島県,-,-,-,小型,-,,78
2022-07-01,沖縄県,-,-,-,小型,-,,11
2022-08-01,北海道,-,-,-,小型,-,,250
2022-08-01,青森県,-,-,-,小型,-,,19
2022-08-01,岩手県,-,-,-,小型,-,,49
2022-08-01,宮城県,-,-,-,小型,-,,50
2022-08-01,秋田県,-,-,-,小型,-,,12
2022-08-01,山形県,-,-,-,小型,-,,30
2022-08-01,福島県,-,-,-,小型,-,,93
2022-08-01,茨城県,-,-,-,小型,-,,72
2022-08-01,栃木県,-,-,-,小型,-,,34
2022-08-01,群馬県,-,-,-,小型,-,,30
2022-08-01,埼玉県,-,-,-,小型,-,,289
2022-08-01,千葉県,-,-,-,小型,-,,264
2022-08-01,東京都,-,-,-,小型,-,,1434
2022-08-01,神奈川県,-,-,-,小型,-,,527
2022-08-01,新潟県,-,-,-,小型,-,,86
2022-08-01,山梨県,-,-,-,小型,-,,16
2022-08-01,長野県,-,-,-,小型,-,,33
2022-08-01,富山県,-,-,-,小型,-,,27
2022-08-01,石川県,-,-,-,小型,-,,50
2022-08-01,福井県,-,-,-,小型,-,,15
2022-08-01,岐阜県,-,-,-,小型,-,,39
2022-08-01,静岡県,-,-,-,小型,-,,131
2022-08-01,愛知県,-,-,-,小型,-,,152
2022-08-01,三重県,-,-,-,小型,-,,23
2022-08-01,滋賀県,-,-,-,小型,-,,21
2022-08-01,京都府,-,-,-,小型,-,,92
2022-08-01,大阪府,-,-,-,小型,-,,301
2022-08-01,兵庫県,-,-,-,小型,-,,162
2022-08-01,奈良県,-,-,-,小型,-,,45
2022-08-01,和歌山県,-,-,-,小型,-,,32
2022-08-01,鳥取県,-,-,-,小型,-,,17
2022-08-01,島根県,-,-,-,小型,-,,35
2022-08-01,岡山県,-,-,-,小型,-,,77
2022-08-01,広島県,-,-,-,小型,-,,66
2022-08-01,山口県,-,-,-,小型,-,,24
2022-08-01,徳島県,-,-,-,小型,-,,33
2022-08-01,香川県,-,-,-,小型,-,,8
2022-08-01,愛媛県,-,-,-,小型,-,,32
2022-08-01,高知県,-,-,-,小型,-,,50
2022-08-01,福岡県,-,-,-,小型,-,,152
2022-08-01,佐賀県,-,-,-,小型,-,,18
2022-08-01,長崎県,-,-,-,小型,-,,59
2022-08-01,熊本県,-,-,-,小型,-,,106
2022-08-01,大分県,-,-,-,小型,-,,44
2022-08-01,宮崎県,-,-,-,小型,-,,30
2022-08-01,鹿児島県,-,-,-,小型,-,,78
2022-08-01,沖縄県,-,-,-,小型,-,,11
2022-09-01,北海道,-,-,-,小型,-,,250
2022-09-01,青森県,-,-,-,小型,-,,19
2022-09-01,岩手県,-,-,-,小型,-,,49
2022-09-01,宮城県,-,-,-,小型,-,,50
2022-09-01,秋田県,-,-,-,小型,-,,12
2022-09-01,山形県,-,-,-,小型,-,,30
2022-09-01,福島県,-,-,-,小型,-,,95
2022-09-01,茨城県,-,-,-,小型,-,,72
2022-09-01,栃木県,-,-,-,小型,-,,34
2022-09-01,群馬県,-,-,-,小型,-,,30
2022-09-01,埼玉県,-,-,-,小型,-,,288
2022-09-01,千葉県,-,-,-,小型,-,,263
2022-09-01,東京都,-,-,-,小型,-,,1438
2022-09-01,神奈川県,-,-,-,小型,-,,528
2022-09-01,新潟県,-,-,-,小型,-,,77
2022-09-01,山梨県,-,-,-,小型,-,,16
2022-09-01,長野県,-,-,-,小型,-,,33
2022-09-01,富山県,-,-,-,小型,-,,27
2022-09-01,石川県,-,-,-,小型,-,,50
2022-09-01,福井県,-,-,-,小型,-,,15
2022-09-01,岐阜県,-,-,-,小型,-,,39
2022-09-01,静岡県,-,-,-,小型,-,,131
2022-09-01,愛知県,-,-,-,小型,-,,151
2022-09-01,三重県,-,-,-,小型,-,,23
2022-09-01,滋賀県,-,-,-,小型,-,,22
2022-09-01,京都府,-,-,-,小型,-,,92
2022-09-01,大阪府,-,-,-,小型,-,,302
2022-09-01,兵庫県,-,-,-,小型,-,,162
2022-09-01,奈良県,-,-,-,小型,-,,45
2022-09-01,和歌山県,-,-,-,小型,-,,32
2022-09-01,鳥取県,-,-,-,小型,-,,17
2022-09-01,島根県,-,-,-,小型,-,,35
2022-09-01,岡山県,-,-,-,小型,-,,76
2022-09-01,広島県,-,-,-,小型,-,,66
2022-09-01,山口県,-,-,-,小型,-,,24
2022-09-01,徳島県,-,-,-,小型,-,,33
2022-09-01,香川県,-,-,-,小型,-,,8
2022-09-01,愛媛県,-,-,-,小型,-,,32
2022-09-01,高知県,-,-,-,小型,-,,50
2022-09-01,福岡県,-,-,-,小型,-,,152
2022-09-01,佐賀県,-,-,-,小型,-,,18
2022-09-01,長崎県,-,-,-,小型,-,,59
2022-09-01,熊本県,-,-,-,小型,-,,106
2022-09-01,大分県,-,-,-,小型,-,,44
2022-09-01,宮崎県,-,-,-,小型,-,,30
2022-09-01,鹿児島県,-,-,-,小型,-,,78
2022-09-01,沖縄県,-,-,-,小型,-,,11
2022-10-01,北海道,-,-,-,小型,-,,248
2022-10-01,青森県,-,-,-,小型,-,,19
2022-10-01,岩手県,-,-,-,小型,-,,49
2022-10-01,宮城県,-,-,-,小型,-,,50
2022-10-01,秋田県,-,-,-,小型,-,,12
2022-10-01,山形県,-,-,-,小型,-,,30
2022-10-01,福島県,-,-,-,小型,-,,95
2022-10-01,茨城県,-,-,-,小型,-,,71
2022-10-01,栃木県,-,-,-,小型,-,,34
2022-10-01,群馬県,-,-,-,小型,-,,30
2022-10-01,埼玉県,-,-,-,小型,-,,291
2022-10-01,千葉県,-,-,-,小型,-,,264
2022-10-01,東京都,-,-,-,小型,-,,1439
2022-10-01,神奈川県,-,-,-,小型,-,,526
2022-10-01,新潟県,-,-,-,小型,-,,76
2022-10-01,山梨県,-,-,-,小型,-,,16
2022-10-01,長野県,-,-,-,小型,-,,33
2022-10-01,富山県,-,-,-,小型,-,,27
2022-10-01,石川県,-,-,-,小型,-,,50
2022-10-01,福井県,-,-,-,小型,-,,15
2022-10-01,岐阜県,-,-,-,小型,-,,43
2022-10-01,静岡県,-,-,-,小型,-,,133
2022-10-01,愛知県,-,-,-,小型,-,,151
2022-10-01,三重県,-,-,-,小型,-,,24
2022-10-01,滋賀県,-,-,-,小型,-,,22
2022-10-01,京都府,-,-,-,小型,-,,90
2022-10-01,大阪府,-,-,-,小型,-,,306
2022-10-01,兵庫県,-,-,-,小型,-,,162
2022-10-01,奈良県,-,-,-,小型,-,,45
2022-10-01,和歌山県,-,-,-,小型,-,,33
2022-10-01,鳥取県,-,-,-,小型,-,,17
2022-10-01,島根県,-,-,-,小型,-,,35
2022-10-01,岡山県,-,-,-,小型,-,,76
2022-10-01,広島県,-,-,-,小型,-,,67
2022-10-01,山口県,-,-,-,小型,-,,24
2022-10-01,徳島県,-,-,-,小型,-,,33
2022-10-01,香川県,-,-,-,小型,-,,8
2022-10-01,愛媛県,-,-,-,小型,-,,32
2022-10-01,高知県,-,-,-,小型,-,,50
2022-10-01,福岡県,-,-,-,小型,-,,153
2022-10-01,佐賀県,-,-,-,小型,-,,18
2022-10-01,長崎県,-,-,-,小型,-,,59
2022-10-01,熊本県,-,-,-,小型,-,,106
2022-10-01,大分県,-,-,-,小型,-,,44
2022-10-01,宮崎県,-,-,-,小型,-,,30
2022-10-01,鹿児島県,-,-,-,小型,-,,78
2022-10-01,沖縄県,-,-,-,小型,-,,11
2022-11-01,北海道,-,-,-,小型,-,,249
2022-11-01,青森県,-,-,-,小型,-,,19
2022-11-01,岩手県,-,-,-,小型,-,,49
2022-11-01,宮城県,-,-,-,小型,-,,52
2022-11-01,秋田県,-,-,-,小型,-,,12
2022-11-01,山形県,-,-,-,小型,-,,30
2022-11-01,福島県,-,-,-,小型,-,,95
2022-11-01,茨城県,-,-,-,小型,-,,72
2022-11-01,栃木県,-,-,-,小型,-,,34
2022-11-01,群馬県,-,-,-,小型,-,,29
2022-11-01,埼玉県,-,-,-,小型,-,,292
2022-11-01,千葉県,-,-,-,小型,-,,264
2022-11-01,東京都,-,-,-,小型,-,,1443
2022-11-01,神奈川県,-,-,-,小型,-,,526
2022-11-01,新潟県,-,-,-,小型,-,,76
2022-11-01,山梨県,-,-,-,小型,-,,16
2022-11-01,長野県,-,-,-,小型,-,,34
2022-11-01,富山県,-,-,-,小型,-,,27
2022-11-01,石川県,-,-,-,小型,-,,50
2022-11-01,福井県,-,-,-,小型,-,,15
2022-11-01,岐阜県,-,-,-,小型,-,,43
2022-11-01,静岡県,-,-,-,小型,-,,135
2022-11-01,愛知県,-,-,-,小型,-,,153
2022-11-01,三重県,-,-,-,小型,-,,24
2022-11-01,滋賀県,-,-,-,小型,-,,21
2022-11-01,京都府,-,-,-,小型,-,,92
2022-11-01,大阪府,-,-,-,小型,-,,308
2022-11-01,兵庫県,-,-,-,小型,-,,163
2022-11-01,奈良県,-,-,-,小型,-,,45
2022-11-01,和歌山県,-,-,-,小型,-,,33
2022-11-01,鳥取県,-,-,-,小型,-,,18
2022-11-01,島根県,-,-,-,小型,-,,35
2022-11-01,岡山県,-,-,-,小型,-,,76
2022-11-01,広島県,-,-,-,小型,-,,68
2022-11-01,山口県,-,-,-,小型,-,,24
2022-11-01,徳島県,-,-,-,小型,-,,33
2022-11-01,香川県,-,-,-,小型,-,,8
2022-11-01,愛媛県,-,-,-,小型,-,,32
2022-11-01,高知県,-,-,-,小型,-,,50
2022-11-01,福岡県,-,-,-,小型,-,,155
2022-11-01,佐賀県,-,-,-,小型,-,,18
2022-11-01,長崎県,-,-,-,小型,-,,60
2022-11-01,熊本県,-,-,-,小型,-,,104
2022-11-01,大分県,-,-,-,小型,-,,44
2022-11-01,宮崎県,-,-,-,小型,-,,30
2022-11-01,鹿児島県,-,-,-,小型,-,,78
2022-11-01,沖縄県,-,-,-,小型,-,,13
2022-12-01,北海道,-,-,-,小型,-,,252
2022-12-01,青森県,-,-,-,小型,-,,19
2022-12-01,岩手県,-,-,-,小型,-,,49
2022-12-01,宮城県,-,-,-,小型,-,,52
2022-12-01,秋田県,-,-,-,小型,-,,12
2022-12-01,山形県,-,-,-,小型,-,,30
2022-12-01,福島県,-,-,-,小型,-,,97
2022-12-01,茨城県,-,-,-,小型,-,,72
2022-12-01,栃木県,-,-,-,小型,-,,34
2022-12-01,群馬県,-,-,-,小型,-,,29
2022-12-01,埼玉県,-,-,-,小型,-,,291
2022-12-01,千葉県,-,-,-,小型,-,,262
2022-12-01,東京都,-,-,-,小型,-,,1449
2022-12-01,神奈川県,-,-,-,小型,-,,530
2022-12-01,新潟県,-,-,-,小型,-,,75
2022-12-01,山梨県,-,-,-,小型,-,,16
2022-12-01,長野県,-,-,-,小型,-,,34
2022-12-01,富山県,-,-,-,小型,-,,27
2022-12-01,石川県,-,-,-,小型,-,,50
2022-12-01,福井県,-,-,-,小型,-,,15
2022-12-01,岐阜県,-,-,-,小型,-,,43
2022-12-01,静岡県,-,-,-,小型,-,,133
2022-12-01,愛知県,-,-,-,小型,-,,155
2022-12-01,三重県,-,-,-,小型,-,,24
2022-12-01,滋賀県,-,-,-,小型,-,,21
2022-12-01,京都府,-,-,-,小型,-,,92
2022-12-01,大阪府,-,-,-,小型,-,,310
2022-12-01,兵庫県,-,-,-,小型,-,,162
2022-12-01,奈良県,-,-,-,小型,-,,45
2022-12-01,和歌山県,-,-,-,小型,-,,34
2022-12-01,鳥取県,-,-,-,小型,-,,18
2022-12-01,島根県,-,-,-,小型,-,,35
2022-12-01,岡山県,-,-,-,小型,-,,76
2022-12-01,広島県,-,-,-,小型,-,,68
2022-12-01,山口県,-,-,-,小型,-,,24
2022-12-01,徳島県,-,-,-,小型,-,,33
2022-12-01,香川県,-,-,-,小型,-,,8
2022-12-01,愛媛県,-,-,-,小型,-,,29
2022-12-01,高知県,-,-,-,小型,-,,50
2022-12-01,福岡県,-,-,-,小型,-,,155
2022-12-01,佐賀県,-,-,-,小型,-,,18
2022-12-01,長崎県,-,-,-,小型,-,,60
2022-12-01,熊本県,-,-,-,小型,-,,104
2022-12-01,大分県,-,-,-,小型,-,,44
2022-12-01,宮崎県,-,-,-,小型,-,,30
2022-12-01,鹿児島県,-,-,-,小型,-,,78
2022-12-01,沖縄県,-,-,-,小型,-,,13
2023-01-01,北海道,-,-,-,小型,-,,252
2023-01-01,青森県,-,-,-,小型,-,,19
2023-01-01,岩手県,-,-,-,小型,-,,49
2023-01-01,宮城県,-,-,-,小型,-,,53
2023-01-01,秋田県,-,-,-,小型,-,,12
2023-01-01,山形県,-,-,-,小型,-,,30
2023-01-01,福島県,-,-,-,小型,-,,97
2023-01-01,茨城県,-,-,-,小型,-,,72
2023-01-01,栃木県,-,-,-,小型,-,,34
2023-01-01,群馬県,-,-,-,小型,-,,29
2023-01-01,埼玉県,-,-,-,小型,-,,290
2023-01-01,千葉県,-,-,-,小型,-,,260
2023-01-01,東京都,-,-,-,小型,-,,1450
2023-01-01,神奈川県,-,-,-,小型,-,,529
2023-01-01,新潟県,-,-,-,小型,-,,75
2023-01-01,山梨県,-,-,-,小型,-,,16
2023-01-01,長野県,-,-,-,小型,-,,34
2023-01-01,富山県,-,-,-,小型,-,,27
2023-01-01,石川県,-,-,-,小型,-,,50
2023-01-01,福井県,-,-,-,小型,-,,15
2023-01-01,岐阜県,-,-,-,小型,-,,43
2023-01-01,静岡県,-,-,-,小型,-,,133
2023-01-01,愛知県,-,-,-,小型,-,,155
2023-01-01,三重県,-,-,-,小型,-,,24
2023-01-01,滋賀県,-,-,-,小型,-,,21
2023-01-01,京都府,-,-,-,小型,-,,93
2023-01-01,大阪府,-,-,-,小型,-,,309
2023-01-01,兵庫県,-,-,-,小型,-,,161
2023-01-01,奈良県,-,-,-,小型,-,,46
2023-01-01,和歌山県,-,-,-,小型,-,,34
2023-01-01,鳥取県,-,-,-,小型,-,,18
2023-01-01,島根県,-,-,-,小型,-,,35
2023-01-01,岡山県,-,-,-,小型,-,,75
2023-01-01,広島県,-,-,-,小型,-,,68
2023-01-01,山口県,-,-,-,小型,-,,24
2023-01-01,徳島県,-,-,-,小型,-,,33
2023-01-01,香川県,-,-,-,小型,-,,8
2023-01-01,愛媛県,-,-,-,小型,-,,28
2023-01-01,高知県,-,-,-,小型,-,,50
2023-01-01,福岡県,-,-,-,小型,-,,154
2023-01-01,佐賀県,-,-,-,小型,-,,18
2023-01-01,長崎県,-,-,-,小型,-,,60
2023-01-01,熊本県,-,-,-,小型,-,,104
2023-01-01,大分県,-,-,-,小型,-,,44
2023-01-01,宮崎県,-,-,-,小型,-,,29
2023-01-01,鹿児島県,-,-,-,小型,-,,78
2023-01-01,沖縄県,-,-,-,小型,-,,13
2023-02-01,北海道,-,-,-,小型,-,,251
2023-02-01,青森県,-,-,-,小型,-,,19
2023-02-01,岩手県,-,-,-,小型,-,,49
2023-02-01,宮城県,-,-,-,小型,-,,53
2023-02-01,秋田県,-,-,-,小型,-,,12
2023-02-01,山形県,-,-,-,小型,-,,30
2023-02-01,福島県,-,-,-,小型,-,,97
2023-02-01,茨城県,-,-,-,小型,-,,73
2023-02-01,栃木県,-,-,-,小型,-,,34
2023-02-01,群馬県,-,-,-,小型,-,,29
2023-02-01,埼玉県,-,-,-,小型,-,,292
2023-02-01,千葉県,-,-,-,小型,-,,258
2023-02-01,東京都,-,-,-,小型,-,,1449
2023-02-01,神奈川県,-,-,-,小型,-,,530
2023-02-01,新潟県,-,-,-,小型,-,,75
2023-02-01,山梨県,-,-,-,小型,-,,16
2023-02-01,長野県,-,-,-,小型,-,,34
2023-02-01,富山県,-,-,-,小型,-,,27
2023-02-01,石川県,-,-,-,小型,-,,50
2023-02-01,福井県,-,-,-,小型,-,,15
2023-02-01,岐阜県,-,-,-,小型,-,,44
2023-02-01,静岡県,-,-,-,小型,-,,132
2023-02-01,愛知県,-,-,-,小型,-,,155
2023-02-01,三重県,-,-,-,小型,-,,25
2023-02-01,滋賀県,-,-,-,小型,-,,21
2023-02-01,京都府,-,-,-,小型,-,,92
2023-02-01,大阪府,-,-,-,小型,-,,309
2023-02-01,兵庫県,-,-,-,小型,-,,161
2023-02-01,奈良県,-,-,-,小型,-,,46
2023-02-01,和歌山県,-,-,-,小型,-,,34
2023-02-01,鳥取県,-,-,-,小型,-,,17
2023-02-01,島根県,-,-,-,小型,-,,35
2023-02-01,岡山県,-,-,-,小型,-,,75
2023-02-01,広島県,-,-,-,小型,-,,67
2023-02-01,山口県,-,-,-,小型,-,,24
2023-02-01,徳島県,-,-,-,小型,-,,33
2023-02-01,香川県,-,-,-,小型,-,,8
2023-02-01,愛媛県,-,-,-,小型,-,,28
2023-02-01,高知県,-,-,-,小型,-,,50
2023-02-01,福岡県,-,-,-,小型,-,,154
2023-02-01,佐賀県,-,-,-,小型,-,,18
2023-02-01,長崎県,-,-,-,小型,-,,60
2023-02-01,熊本県,-,-,-,小型,-,,104
2023-02-01,大分県,-,-,-,小型,-,,44
2023-02-01,宮崎県,-,-,-,小型,-,,29
2023-02-01,鹿児島県,-,-,-,小型,-,,78
2023-02-01,沖縄県,-,-,-,小型,-,,13
2023-03-01,北海道,-,-,-,小型,-,,252
2023-03-01,青森県,-,-,-,小型,-,,19
2023-03-01,岩手県,-,-,-,小型,-,,49
2023-03-01,宮城県,-,-,-,小型,-,,55
2023-03-01,秋田県,-,-,-,小型,-,,12
2023-03-01,山形県,-,-,-,小型,-,,30
2023-03-01,福島県,-,-,-,小型,-,,93
2023-03-01,茨城県,-,-,-,小型,-,,73
2023-03-01,栃木県,-,-,-,小型,-,,34
2023-03-01,群馬県,-,-,-,小型,-,,29
2023-03-01,埼玉県,-,-,-,小型,-,,292
2023-03-01,千葉県,-,-,-,小型,-,,262
2023-03-01,東京都,-,-,-,小型,-,,1459
2023-03-01,神奈川県,-,-,-,小型,-,,531
2023-03-01,新潟県,-,-,-,小型,-,,74
2023-03-01,山梨県,-,-,-,小型,-,,16
2023-03-01,長野県,-,-,-,小型,-,,34
2023-03-01,富山県,-,-,-,小型,-,,27
2023-03-01,石川県,-,-,-,小型,-,,50
2023-03-01,福井県,-,-,-,小型,-,,16
2023-03-01,岐阜県,-,-,-,小型,-,,44
2023-03-01,静岡県,-,-,-,小型,-,,131
2023-03-01,愛知県,-,-,-,小型,-,,155
2023-03-01,三重県,-,-,-,小型,-,,24
2023-03-01,滋賀県,-,-,-,小型,-,,21
2023-03-01,京都府,-,-,-,小型,-,,92
2023-03-01,大阪府,-,-,-,小型,-,,309
2023-03-01,兵庫県,-,-,-,小型,-,,160
2023-03-01,奈良県,-,-,-,小型,-,,46
2023-03-01,和歌山県,-,-,-,小型,-,,34
2023-03-01,鳥取県,-,-,-,小型,-,,17
2023-03-01,島根県,-,-,-,小型,-,,35
2023-03-01,岡山県,-,-,-,小型,-,,76
2023-03-01,広島県,-,-,-,小型,-,,67
2023-03-01,山口県,-,-,-,小型,-,,24
2023-03-01,徳島県,-,-,-,小型,-,,33
2023-03-01,香川県,-,-,-,小型,-,,8
2023-03-01,愛媛県,-,-,-,小型,-,,27
2023-03-01,高知県,-,-,-,小型,-,,50
2023-03-01,福岡県,-,-,-,小型,-,,155
2023-03-01,佐賀県,-,-,-,小型,-,,18
2023-03-01,長崎県,-,-,-,小型,-,,62
2023-03-01,熊本県,-,-,-,小型,-,,102
2023-03-01,大分県,-,-,-,小型,-,,44
2023-03-01,宮崎県,-,-,-,小型,-,,30
2023-03-01,鹿児島県,-,-,-,小型,-,,78
2023-03-01,沖縄県,-,-,-,小型,-,,13
2023-04-01,北海道,-,-,-,小型,-,,253
2023-04-01,青森県,-,-,-,小型,-,,20
2023-04-01,岩手県,-,-,-,小型,-,,46
2023-04-01,宮城県,-,-,-,小型,-,,53
2023-04-01,秋田県,-,-,-,小型,-,,12
2023-04-01,山形県,-,-,-,小型,-,,30
2023-04-01,福島県,-,-,-,小型,-,,93
2023-04-01,茨城県,-,-,-,小型,-,,74
2023-04-01,栃木県,-,-,-,小型,-,,34
2023-04-01,群馬県,-,-,-,小型,-,,31
2023-04-01,埼玉県,-,-,-,小型,-,,292
2023-04-01,千葉県,-,-,-,小型,-,,264
2023-04-01,東京都,-,-,-,小型,-,,1462
2023-04-01,神奈川県,-,-,-,小型,-,,531
2023-04-01,新潟県,-,-,-,小型,-,,74
2023-04-01,山梨県,-,-,-,小型,-,,16
2023-04-01,長野県,-,-,-,小型,-,,34
2023-04-01,富山県,-,-,-,小型,-,,27
2023-04-01,石川県,-,-,-,小型,-,,51
2023-04-01,福井県,-,-,-,小型,-,,16
2023-04-01,岐阜県,-,-,-,小型,-,,44
2023-04-01,静岡県,-,-,-,小型,-,,133
2023-04-01,愛知県,-,-,-,小型,-,,155
2023-04-01,三重県,-,-,-,小型,-,,24
2023-04-01,滋賀県,-,-,-,小型,-,,21
2023-04-01,京都府,-,-,-,小型,-,,92
2023-04-01,大阪府,-,-,-,小型,-,,308
2023-04-01,兵庫県,-,-,-,小型,-,,159
2023-04-01,奈良県,-,-,-,小型,-,,46
2023-04-01,和歌山県,-,-,-,小型,-,,34
2023-04-01,鳥取県,-,-,-,小型,-,,17
2023-04-01,島根県,-,-,-,小型,-,,35
2023-04-01,岡山県,-,-,-,小型,-,,77
2023-04-01,広島県,-,-,-,小型,-,,68
2023-04-01,山口県,-,-,-,小型,-,,24
2023-04-01,徳島県,-,-,-,小型,-,,33
2023-04-01,香川県,-,-,-,小型,-,,8
2023-04-01,愛媛県,-,-,-,小型,-,,27
2023-04-01,高知県,-,-,-,小型,-,,48
2023-04-01,福岡県,-,-,-,小型,-,,156
2023-04-01,佐賀県,-,-,-,小型,-,,24
2023-04-01,長崎県,-,-,-,小型,-,,62
2023-04-01,熊本県,-,-,-,小型,-,,101
2023-04-01,大分県,-,-,-,小型,-,,44
2023-04-01,宮崎県,-,-,-,小型,-,,30
2023-04-01,鹿児島県,-,-,-,小型,-,,79
2023-04-01,沖縄県,-,-,-,小型,-,,13
2023-05-01,北海道,-,-,-,小型,-,,252
2023-05-01,青森県,-,-,-,小型,-,,20
2023-05-01,岩手県,-,-,-,小型,-,,46
2023-05-01,宮城県,-,-,-,小型,-,,53
2023-05-01,秋田県,-,-,-,小型,-,,12
2023-05-01,山形県,-,-,-,小型,-,,30
2023-05-01,福島県,-,-,-,小型,-,,93
2023-05-01,茨城県,-,-,-,小型,-,,74
2023-05-01,栃木県,-,-,-,小型,-,,34
2023-05-01,群馬県,-,-,-,小型,-,,31
2023-05-01,埼玉県,-,-,-,小型,-,,294
2023-05-01,千葉県,-,-,-,小型,-,,263
2023-05-01,東京都,-,-,-,小型,-,,1467
2023-05-01,神奈川県,-,-,-,小型,-,,534
2023-05-01,新潟県,-,-,-,小型,-,,74
2023-05-01,山梨県,-,-,-,小型,-,,16
2023-05-01,長野県,-,-,-,小型,-,,34
2023-05-01,富山県,-,-,-,小型,-,,27
2023-05-01,石川県,-,-,-,小型,-,,51
2023-05-01,福井県,-,-,-,小型,-,,16
2023-05-01,岐阜県,-,-,-,小型,-,,44
2023-05-01,静岡県,-,-,-,小型,-,,133
2023-05-01,愛知県,-,-,-,小型,-,,155
2023-05-01,三重県,-,-,-,小型,-,,24
2023-05-01,滋賀県,-,-,-,小型,-,,21
2023-05-01,京都府,-,-,-,小型,-,,92
2023-05-01,大阪府,-,-,-,小型,-,,309
2023-05-01,兵庫県,-,-,-,小型,-,,158
2023-05-01,奈良県,-,-,-,小型,-,,46
2023-05-01,和歌山県,-,-,-,小型,-,,34
2023-05-01,鳥取県,-,-,-,小型,-,,17
2023-05-01,島根県,-,-,-,小型,-,,35
2023-05-01,岡山県,-,-,-,小型,-,,77
2023-05-01,広島県,-,-,-,小型,-,,68
2023-05-01,山口県,-,-,-,小型,-,,24
2023-05-01,徳島県,-,-,-,小型,-,,33
2023-05-01,香川県,-,-,-,小型,-,,8
2023-05-01,愛媛県,-,-,-,小型,-,,27
2023-05-01,高知県,-,-,-,小型,-,,48
2023-05-01,福岡県,-,-,-,小型,-,,155
2023-05-01,佐賀県,-,-,-,小型,-,,24
2023-05-01,長崎県,-,-,-,小型,-,,62
2023-05-01,熊本県,-,-,-,小型,-,,101
2023-05-01,大分県,-,-,-,小型,-,,44
2023-05-01,宮崎県,-,-,-,小型,-,,30
2023-05-01,鹿児島県,-,-,-,小型,-,,79
2023-05-01,沖縄県,-,-,-,小型,-,,13
2023-06-01,北海道,-,-,-,小型,-,,255
2023-06-01,青森県,-,-,-,小型,-,,20
2023-06-01,岩手県,-,-,-,小型,-,,46
2023-06-01,宮城県,-,-,-,小型,-,,53
2023-06-01,秋田県,-,-,-,小型,-,,12
2023-06-01,山形県,-,-,-,小型,-,,31
2023-06-01,福島県,-,-,-,小型,-,,93
2023-06-01,茨城県,-,-,-,小型,-,,74
2023-06-01,栃木県,-,-,-,小型,-,,34
2023-06-01,群馬県,-,-,-,小型,-,,31
2023-06-01,埼玉県,-,-,-,小型,-,,294
2023-06-01,千葉県,-,-,-,小型,-,,265
2023-06-01,東京都,-,-,-,小型,-,,1471
2023-06-01,神奈川県,-,-,-,小型,-,,534
2023-06-01,新潟県,-,-,-,小型,-,,74
2023-06-01,山梨県,-,-,-,小型,-,,16
2023-06-01,長野県,-,-,-,小型,-,,34
2023-06-01,富山県,-,-,-,小型,-,,27
2023-06-01,石川県,-,-,-,小型,-,,51
2023-06-01,福井県,-,-,-,小型,-,,16
2023-06-01,岐阜県,-,-,-,小型,-,,44
2023-06-01,静岡県,-,-,-,小型,-,,134
2023-06-01,愛知県,-,-,-,小型,-,,155
2023-06-01,三重県,-,-,-,小型,-,,24
2023-06-01,滋賀県,-,-,-,小型,-,,21
2023-06-01,京都府,-,-,-,小型,-,,93
2023-06-01,大阪府,-,-,-,小型,-,,308
2023-06-01,兵庫県,-,-,-,小型,-,,158
2023-06-01,奈良県,-,-,-,小型,-,,46
2023-06-01,和歌山県,-,-,-,小型,-,,34
2023-06-01,鳥取県,-,-,-,小型,-,,17
2023-06-01,島根県,-,-,-,小型,-,,35
2023-06-01,岡山県,-,-,-,小型,-,,76
2023-06-01,広島県,-,-,-,小型,-,,68
2023-06-01,山口県,-,-,-,小型,-,,24
2023-06-01,徳島県,-,-,-,小型,-,,33
2023-06-01,香川県,-,-,-,小型,-,,8
2023-06-01,愛媛県,-,-,-,小型,-,,27
2023-06-01,高知県,-,-,-,小型,-,,48
2023-06-01,福岡県,-,-,-,小型,-,,156
2023-06-01,佐賀県,-,-,-,小型,-,,25
2023-06-01,長崎県,-,-,-,小型,-,,62
2023-06-01,熊本県,-,-,-,小型,-,,101
2023-06-01,大分県,-,-,-,小型,-,,44
2023-06-01,宮崎県,-,-,-,小型,-,,30
2023-06-01,鹿児島県,-,-,-,小型,-,,79
2023-06-01,沖縄県,-,-,-,小型,-,,13
2023-07-01,北海道,-,-,-,小型,-,,257
2023-07-01,青森県,-,-,-,小型,-,,20
2023-07-01,岩手県,-,-,-,小型,-,,46
2023-07-01,宮城県,-,-,-,小型,-,,53
2023-07-01,秋田県,-,-,-,小型,-,,12
2023-07-01,山形県,-,-,-,小型,-,,31
2023-07-01,福島県,-,-,-,小型,-,,93
2023-07-01,茨城県,-,-,-,小型,-,,74
2023-07-01,栃木県,-,-,-,小型,-,,34
2023-07-01,群馬県,-,-,-,小型,-,,31
2023-07-01,埼玉県,-,-,-,小型,-,,293
2023-07-01,千葉県,-,-,-,小型,-,,266
2023-07-01,東京都,-,-,-,小型,-,,1471
2023-07-01,神奈川県,-,-,-,小型,-,,540
2023-07-01,新潟県,-,-,-,小型,-,,74
2023-07-01,山梨県,-,-,-,小型,-,,16
2023-07-01,長野県,-,-,-,小型,-,,32
2023-07-01,富山県,-,-,-,小型,-,,27
2023-07-01,石川県,-,-,-,小型,-,,51
2023-07-01,福井県,-,-,-,小型,-,,16
2023-07-01,岐阜県,-,-,-,小型,-,,45
2023-07-01,静岡県,-,-,-,小型,-,,135
2023-07-01,愛知県,-,-,-,小型,-,,155
2023-07-01,三重県,-,-,-,小型,-,,24
2023-07-01,滋賀県,-,-,-,小型,-,,21
2023-07-01,京都府,-,-,-,小型,-,,93
2023-07-01,大阪府,-,-,-,小型,-,,311
2023-07-01,兵庫県,-,-,-,小型,-,,159
2023-07-01,奈良県,-,-,-,小型,-,,46
2023-07-01,和歌山県,-,-,-,小型,-,,34
2023-07-01,鳥取県,-,-,-,小型,-,,17
2023-07-01,島根県,-,-,-,小型,-,,35
2023-07-01,岡山県,-,-,-,小型,-,,76
2023-07-01,広島県,-,-,-,小型,-,,67
2023-07-01,山口県,-,-,-,小型,-,,25
2023-07-01,徳島県,-,-,-,小型,-,,33
2023-07-01,香川県,-,-,-,小型,-,,8
2023-07-01,愛媛県,-,-,-,小型,-,,27
2023-07-01,高知県,-,-,-,小型,-,,48
2023-07-01,福岡県,-,-,-,小型,-,,156
2023-07-01,佐賀県,-,-,-,小型,-,,25
2023-07-01,長崎県,-,-,-,小型,-,,62
2023-07-01,熊本県,-,-,-,小型,-,,101
2023-07-01,大分県,-,-,-,小型,-,,44
2023-07-01,宮崎県,-,-,-,小型,-,,30
2023-07-01,鹿児島県,-,-,-,小型,-,,79
2023-07-01,沖縄県,-,-,-,小型,-,,13
2023-08-01,北海道,-,-,-,小型,-,,258
2023-08-01,青森県,-,-,-,小型,-,,20
2023-08-01,岩手県,-,-,-,小型,-,,46
2023-08-01,宮城県,-,-,-,小型,-,,53
2023-08-01,秋田県,-,-,-,小型,-,,12
2023-08-01,山形県,-,-,-,小型,-,,31
2023-08-01,福島県,-,-,-,小型,-,,93
2023-08-01,茨城県,-,-,-,小型,-,,74
2023-08-01,栃木県,-,-,-,小型,-,,34
2023-08-01,群馬県,-,-,-,小型,-,,31
2023-08-01,埼玉県,-,-,-,小型,-,,286
2023-08-01,千葉県,-,-,-,小型,-,,263
2023-08-01,東京都,-,-,-,小型,-,,1472
2023-08-01,神奈川県,-,-,-,小型,-,,538
2023-08-01,新潟県,-,-,-,小型,-,,74
2023-08-01,山梨県,-,-,-,小型,-,,16
2023-08-01,長野県,-,-,-,小型,-,,32
2023-08-01,富山県,-,-,-,小型,-,,27
2023-08-01,石川県,-,-,-,小型,-,,51
2023-08-01,福井県,-,-,-,小型,-,,16
2023-08-01,岐阜県,-,-,-,小型,-,,45
2023-08-01,静岡県,-,-,-,小型,-,,135
2023-08-01,愛知県,-,-,-,小型,-,,155
2023-08-01,三重県,-,-,-,小型,-,,24
2023-08-01,滋賀県,-,-,-,小型,-,,21
2023-08-01,京都府,-,-,-,小型,-,,93
2023-08-01,大阪府,-,-,-,小型,-,,313
2023-08-01,兵庫県,-,-,-,小型,-,,159
2023-08-01,奈良県,-,-,-,小型,-,,46
2023-08-01,和歌山県,-,-,-,小型,-,,34
2023-08-01,鳥取県,-,-,-,小型,-,,17
2023-08-01,島根県,-,-,-,小型,-,,35
2023-08-01,岡山県,-,-,-,小型,-,,76
2023-08-01,広島県,-,-,-,小型,-,,67
2023-08-01,山口県,-,-,-,小型,-,,25
2023-08-01,徳島県,-,-,-,小型,-,,33
2023-08-01,香川県,-,-,-,小型,-,,8
2023-08-01,愛媛県,-,-,-,小型,-,,27
2023-08-01,高知県,-,-,-,小型,-,,48
2023-08-01,福岡県,-,-,-,小型,-,,156
2023-08-01,佐賀県,-,-,-,小型,-,,25
2023-08-01,長崎県,-,-,-,小型,-,,61
2023-08-01,熊本県,-,-,-,小型,-,,101
2023-08-01,大分県,-,-,-,小型,-,,44
2023-08-01,宮崎県,-,-,-,小型,-,,30
2023-08-01,鹿児島県,-,-,-,小型,-,,79
2023-08-01,沖縄県,-,-,-,小型,-,,13
2023-09-01,北海道,-,-,-,小型,-,,259
2023-09-01,青森県,-,-,-,小型,-,,20
2023-09-01,岩手県,-,-,-,小型,-,,46
2023-09-01,宮城県,-,-,-,小型,-,,53
2023-09-01,秋田県,-,-,-,小型,-,,12
2023-09-01,山形県,-,-,-,小型,-,,31
2023-09-01,福島県,-,-,-,小型,-,,93
2023-09-01,茨城県,-,-,-,小型,-,,74
2023-09-01,栃木県,-,-,-,小型,-,,34
2023-09-01,群馬県,-,-,-,小型,-,,31
2023-09-01,埼玉県,-,-,-,小型,-,,286
2023-09-01,千葉県,-,-,-,小型,-,,263
2023-09-01,東京都,-,-,-,小型,-,,1476
2023-09-01,神奈川県,-,-,-,小型,-,,539
2023-09-01,新潟県,-,-,-,小型,-,,74
2023-09-01,山梨県,-,-,-,小型,-,,16
2023-09-01,長野県,-,-,-,小型,-,,32
2023-09-01,富山県,-,-,-,小型,-,,27
2023-09-01,石川県,-,-,-,小型,-,,50
2023-09-01,福井県,-,-,-,小型,-,,17
2023-09-01,岐阜県,-,-,-,小型,-,,45
2023-09-01,静岡県,-,-,-,小型,-,,135
2023-09-01,愛知県,-,-,-,小型,-,,155
2023-09-01,三重県,-,-,-,小型,-,,24
2023-09-01,滋賀県,-,-,-,小型,-,,21
2023-09-01,京都府,-,-,-,小型,-,,93
2023-09-01,大阪府,-,-,-,小型,-,,315
2023-09-01,兵庫県,-,-,-,小型,-,,159
2023-09-01,奈良県,-,-,-,小型,-,,46
2023-09-01,和歌山県,-,-,-,小型,-,,34
2023-09-01,鳥取県,-,-,-,小型,-,,17
2023-09-01,島根県,-,-,-,小型,-,,35
2023-09-01,岡山県,-,-,-,小型,-,,76
2023-09-01,広島県,-,-,-,小型,-,,67
2023-09-01,山口県,-,-,-,小型,-,,25
2023-09-01,徳島県,-,-,-,小型,-,,33
2023-09-01,香川県,-,-,-,小型,-,,8
2023-09-01,愛媛県,-,-,-,小型,-,,27
2023-09-01,高知県,-,-,-,小型,-,,51
2023-09-01,福岡県,-,-,-,小型,-,,155
2023-09-01,佐賀県,-,-,-,小型,-,,25
2023-09-01,長崎県,-,-,-,小型,-,,61
2023-09-01,熊本県,-,-,-,小型,-,,101
2023-09-01,大分県,-,-,-,小型,-,,44
2023-09-01,宮崎県,-,-,-,小型,-,,30
2023-09-01,鹿児島県,-,-,-,小型,-,,79
2023-09-01,沖縄県,-,-,-,小型,-,,13
2023-10-01,北海道,-,-,-,小型,-,,257
2023-10-01,青森県,-,-,-,小型,-,,21
2023-10-01,岩手県,-,-,-,小型,-,,46
2023-10-01,宮城県,-,-,-,小型,-,,51
2023-10-01,秋田県,-,-,-,小型,-,,12
2023-10-01,山形県,-,-,-,小型,-,,31
2023-10-01,福島県,-,-,-,小型,-,,93
2023-10-01,茨城県,-,-,-,小型,-,,73
2023-10-01,栃木県,-,-,-,小型,-,,33
2023-10-01,群馬県,-,-,-,小型,-,,31
2023-10-01,埼玉県,-,-,-,小型,-,,286
2023-10-01,千葉県,-,-,-,小型,-,,264
2023-10-01,東京都,-,-,-,小型,-,,1483
2023-10-01,神奈川県,-,-,-,小型,-,,539
2023-10-01,新潟県,-,-,-,小型,-,,74
2023-10-01,山梨県,-,-,-,小型,-,,16
2023-10-01,長野県,-,-,-,小型,-,,31
2023-10-01,富山県,-,-,-,小型,-,,27
2023-10-01,石川県,-,-,-,小型,-,,50
2023-10-01,福井県,-,-,-,小型,-,,16
2023-10-01,岐阜県,-,-,-,小型,-,,45
2023-10-01,静岡県,-,-,-,小型,-,,134
2023-10-01,愛知県,-,-,-,小型,-,,154
2023-10-01,三重県,-,-,-,小型,-,,24
2023-10-01,滋賀県,-,-,-,小型,-,,21
2023-10-01,京都府,-,-,-,小型,-,,94
2023-10-01,大阪府,-,-,-,小型,-,,312
2023-10-01,兵庫県,-,-,-,小型,-,,160
2023-10-01,奈良県,-,-,-,小型,-,,46
2023-10-01,和歌山県,-,-,-,小型,-,,34
2023-10-01,鳥取県,-,-,-,小型,-,,16
2023-10-01,島根県,-,-,-,小型,-,,35
2023-10-01,岡山県,-,-,-,小型,-,,75
2023-10-01,広島県,-,-,-,小型,-,,66
2023-10-01,山口県,-,-,-,小型,-,,25
2023-10-01,徳島県,-,-,-,小型,-,,33
2023-10-01,香川県,-,-,-,小型,-,,8
2023-10-01,愛媛県,-,-,-,小型,-,,27
2023-10-01,高知県,-,-,-,小型,-,,51
2023-10-01,福岡県,-,-,-,小型,-,,152
2023-10-01,佐賀県,-,-,-,小型,-,,25
2023-10-01,長崎県,-,-,-,小型,-,,60
2023-10-01,熊本県,-,-,-,小型,-,,100
2023-10-01,大分県,-,-,-,小型,-,,43
2023-10-01,宮崎県,-,-,-,小型,-,,30
2023-10-01,鹿児島県,-,-,-,小型,-,,79
2023-10-01,沖縄県,-,-,-,小型,-,,11
2023-11-01,北海道,-,-,-,小型,-,,257
2023-11-01,青森県,-,-,-,小型,-,,21
2023-11-01,岩手県,-,-,-,小型,-,,46
2023-11-01,宮城県,-,-,-,小型,-,,51
2023-11-01,秋田県,-,-,-,小型,-,,12
2023-11-01,山形県,-,-,-,小型,-,,31
2023-11-01,福島県,-,-,-,小型,-,,93
2023-11-01,茨城県,-,-,-,小型,-,,72
2023-11-01,栃木県,-,-,-,小型,-,,33
2023-11-01,群馬県,-,-,-,小型,-,,31
2023-11-01,埼玉県,-,-,-,小型,-,,285
2023-11-01,千葉県,-,-,-,小型,-,,264
2023-11-01,東京都,-,-,-,小型,-,,1483
2023-11-01,神奈川県,-,-,-,小型,-,,541
2023-11-01,新潟県,-,-,-,小型,-,,72
2023-11-01,山梨県,-,-,-,小型,-,,16
2023-11-01,長野県,-,-,-,小型,-,,31
2023-11-01,富山県,-,-,-,小型,-,,27
2023-11-01,石川県,-,-,-,小型,-,,51
2023-11-01,福井県,-,-,-,小型,-,,16
2023-11-01,岐阜県,-,-,-,小型,-,,45
2023-11-01,静岡県,-,-,-,小型,-,,134
2023-11-01,愛知県,-,-,-,小型,-,,155
2023-11-01,三重県,-,-,-,小型,-,,25
2023-11-01,滋賀県,-,-,-,小型,-,,22
2023-11-01,京都府,-,-,-,小型,-,,94
2023-11-01,大阪府,-,-,-,小型,-,,313
2023-11-01,兵庫県,-,-,-,小型,-,,160
2023-11-01,奈良県,-,-,-,小型,-,,45
2023-11-01,和歌山県,-,-,-,小型,-,,34
2023-11-01,鳥取県,-,-,-,小型,-,,16
2023-11-01,島根県,-,-,-,小型,-,,35
2023-11-01,岡山県,-,-,-,小型,-,,76
2023-11-01,広島県,-,-,-,小型,-,,66
2023-11-01,山口県,-,-,-,小型,-,,25
2023-11-01,徳島県,-,-,-,小型,-,,33
2023-11-01,香川県,-,-,-,小型,-,,8
2023-11-01,愛媛県,-,-,-,小型,-,,27
2023-11-01,高知県,-,-,-,小型,-,,51
2023-11-01,福岡県,-,-,-,小型,-,,151
2023-11-01,佐賀県,-,-,-,小型,-,,25
2023-11-01,長崎県,-,-,-,小型,-,,60
2023-11-01,熊本県,-,-,-,小型,-,,100
2023-11-01,大分県,-,-,-,小型,-,,43
2023-11-01,宮崎県,-,-,-,小型,-,,30
2023-11-01,鹿児島県,-,-,-,小型,-,,79
2023-11-01,沖縄県,-,-,-,小型,-,,11
2023-12-01,北海道,-,-,-,小型,-,,257
2023-12-01,青森県,-,-,-,小型,-,,21
2023-12-01,岩手県,-,-,-,小型,-,,46
2023-12-01,宮城県,-,-,-,小型,-,,51
2023-12-01,秋田県,-,-,-,小型,-,,12
2023-12-01,山形県,-,-,-,小型,-,,31
2023-12-01,福島県,-,-,-,小型,-,,93
2023-12-01,茨城県,-,-,-,小型,-,,73
2023-12-01,栃木県,-,-,-,小型,-,,33
2023-12-01,群馬県,-,-,-,小型,-,,31
2023-12-01,埼玉県,-,-,-,小型,-,,285
2023-12-01,千葉県,-,-,-,小型,-,,265
2023-12-01,東京都,-,-,-,小型,-,,1490
2023-12-01,神奈川県,-,-,-,小型,-,,541
2023-12-01,新潟県,-,-,-,小型,-,,72
2023-12-01,山梨県,-,-,-,小型,-,,16
2023-12-01,長野県,-,-,-,小型,-,,30
2023-12-01,富山県,-,-,-,小型,-,,27
2023-12-01,石川県,-,-,-,小型,-,,51
2023-12-01,福井県,-,-,-,小型,-,,16
2023-12-01,岐阜県,-,-,-,小型,-,,44
2023-12-01,静岡県,-,-,-,小型,-,,135
2023-12-01,愛知県,-,-,-,小型,-,,154
2023-12-01,三重県,-,-,-,小型,-,,25
2023-12-01,滋賀県,-,-,-,小型,-,,23
2023-12-01,京都府,-,-,-,小型,-,,96
2023-12-01,大阪府,-,-,-,小型,-,,313
2023-12-01,兵庫県,-,-,-,小型,-,,160
2023-12-01,奈良県,-,-,-,小型,-,,45
2023-12-01,和歌山県,-,-,-,小型,-,,34
2023-12-01,鳥取県,-,-,-,小型,-,,16
2023-12-01,島根県,-,-,-,小型,-,,35
2023-12-01,岡山県,-,-,-,小型,-,,76
2023-12-01,広島県,-,-,-,小型,-,,66
2023-12-01,山口県,-,-,-,小型,-,,25
2023-12-01,徳島県,-,-,-,小型,-,,33
2023-12-01,香川県,-,-,-,小型,-,,8
2023-12-01,愛媛県,-,-,-,小型,-,,27
2023-12-01,高知県,-,-,-,小型,-,,53
2023-12-01,福岡県,-,-,-,小型,-,,152
2023-12-01,佐賀県,-,-,-,小型,-,,25
2023-12-01,長崎県,-,-,-,小型,-,,60
2023-12-01,熊本県,-,-,-,小型,-,,100
2023-12-01,大分県,-,-,-,小型,-,,43
2023-12-01,宮崎県,-,-,-,小型,-,,30
2023-12-01,鹿児島県,-,-,-,小型,-,,79
2023-12-01,沖縄県,-,-,-,小型,-,,11
2024-01-01,北海道,-,-,-,小型,-,,256
2024-01-01,青森県,-,-,-,小型,-,,21
2024-01-01,岩手県,-,-,-,小型,-,,46
2024-01-01,宮城県,-,-,-,小型,-,,51
2024-01-01,秋田県,-,-,-,小型,-,,12
2024-01-01,山形県,-,-,-,小型,-,,31
2024-01-01,福島県,-,-,-,小型,-,,93
2024-01-01,茨城県,-,-,-,小型,-,,73
2024-01-01,栃木県,-,-,-,小型,-,,33
2024-01-01,群馬県,-,-,-,小型,-,,28
2024-01-01,埼玉県,-,-,-,小型,-,,284
2024-01-01,千葉県,-,-,-,小型,-,,265
2024-01-01,東京都,-,-,-,小型,-,,1488
2024-01-01,神奈川県,-,-,-,小型,-,,541
2024-01-01,新潟県,-,-,-,小型,-,,72
2024-01-01,山梨県,-,-,-,小型,-,,16
2024-01-01,長野県,-,-,-,小型,-,,30
2024-01-01,富山県,-,-,-,小型,-,,27
2024-01-01,石川県,-,-,-,小型,-,,51
2024-01-01,福井県,-,-,-,小型,-,,16
2024-01-01,岐阜県,-,-,-,小型,-,,44
2024-01-01,静岡県,-,-,-,小型,-,,135
2024-01-01,愛知県,-,-,-,小型,-,,154
2024-01-01,三重県,-,-,-,小型,-,,25
2024-01-01,滋賀県,-,-,-,小型,-,,23
2024-01-01,京都府,-,-,-,小型,-,,96
2024-01-01,大阪府,-,-,-,小型,-,,311
2024-01-01,兵庫県,-,-,-,小型,-,,160
2024-01-01,奈良県,-,-,-,小型,-,,45
2024-01-01,和歌山県,-,-,-,小型,-,,34
2024-01-01,鳥取県,-,-,-,小型,-,,16
2024-01-01,島根県,-,-,-,小型,-,,35
2024-01-01,岡山県,-,-,-,小型,-,,76
2024-01-01,広島県,-,-,-,小型,-,,66
2024-01-01,山口県,-,-,-,小型,-,,25
2024-01-01,徳島県,-,-,-,小型,-,,33
2024-01-01,香川県,-,-,-,小型,-,,8
2024-01-01,愛媛県,-,-,-,小型,-,,27
2024-01-01,高知県,-,-,-,小型,-,,53
2024-01-01,福岡県,-,-,-,小型,-,,152
2024-01-01,佐賀県,-,-,-,小型,-,,25
2024-01-01,長崎県,-,-,-,小型,-,,60
2024-01-01,熊本県,-,-,-,小型,-,,100
2024-01-01,大分県,-,-,-,小型,-,,43
2024-01-01,宮崎県,-,-,-,小型,-,,30
2024-01-01,鹿児島県,-,-,-,小型,-,,79
2024-01-01,沖縄県,-,-,-,小型,-,,11
2024-02-01,北海道,-,-,-,小型,-,,251
2024-02-01,青森県,-,-,-,小型,-,,21
2024-02-01,岩手県,-,-,-,小型,-,,46
2024-02-01,宮城県,-,-,-,小型,-,,50
2024-02-01,秋田県,-,-,-,小型,-,,12
2024-02-01,山形県,-,-,-,小型,-,,32
2024-02-01,福島県,-,-,-,小型,-,,93
2024-02-01,茨城県,-,-,-,小型,-,,72
2024-02-01,栃木県,-,-,-,小型,-,,33
2024-02-01,群馬県,-,-,-,小型,-,,27
2024-02-01,埼玉県,-,-,-,小型,-,,283
2024-02-01,千葉県,-,-,-,小型,-,,262
2024-02-01,東京都,-,-,-,小型,-,,1479
2024-02-01,神奈川県,-,-,-,小型,-,,539
2024-02-01,新潟県,-,-,-,小型,-,,71
2024-02-01,山梨県,-,-,-,小型,-,,16
2024-02-01,長野県,-,-,-,小型,-,,29
2024-02-01,富山県,-,-,-,小型,-,,27
2024-02-01,石川県,-,-,-,小型,-,,51
2024-02-01,福井県,-,-,-,小型,-,,16
2024-02-01,岐阜県,-,-,-,小型,-,,43
2024-02-01,静岡県,-,-,-,小型,-,,135
2024-02-01,愛知県,-,-,-,小型,-,,155
2024-02-01,三重県,-,-,-,小型,-,,25
2024-02-01,滋賀県,-,-,-,小型,-,,22
2024-02-01,京都府,-,-,-,小型,-,,96
2024-02-01,大阪府,-,-,-,小型,-,,308
2024-02-01,兵庫県,-,-,-,小型,-,,161
2024-02-01,奈良県,-,-,-,小型,-,,45
2024-02-01,和歌山県,-,-,-,小型,-,,33
2024-02-01,鳥取県,-,-,-,小型,-,,16
2024-02-01,島根県,-,-,-,小型,-,,35
2024-02-01,岡山県,-,-,-,小型,-,,76
2024-02-01,広島県,-,-,-,小型,-,,65
2024-02-01,山口県,-,-,-,小型,-,,25
2024-02-01,徳島県,-,-,-,小型,-,,32
2024-02-01,香川県,-,-,-,小型,-,,8
2024-02-01,愛媛県,-,-,-,小型,-,,27
2024-02-01,高知県,-,-,-,小型,-,,53
2024-02-01,福岡県,-,-,-,小型,-,,152
2024-02-01,佐賀県,-,-,-,小型,-,,25
2024-02-01,長崎県,-,-,-,小型,-,,59
2024-02-01,熊本県,-,-,-,小型,-,,100
2024-02-01,大分県,-,-,-,小型,-,,43
2024-02-01,宮崎県,-,-,-,小型,-,,30
2024-02-01,鹿児島県,-,-,-,小型,-,,78
2024-02-01,沖縄県,-,-,-,小型,-,,11
2024-03-01,北海道,-,-,-,小型,-,,251
2024-03-01,青森県,-,-,-,小型,-,,21
2024-03-01,岩手県,-,-,-,小型,-,,46
2024-03-01,宮城県,-,-,-,小型,-,,49
2024-03-01,秋田県,-,-,-,小型,-,,12
2024-03-01,山形県,-,-,-,小型,-,,32
2024-03-01,福島県,-,-,-,小型,-,,93
2024-03-01,茨城県,-,-,-,小型,-,,71
2024-03-01,栃木県,-,-,-,小型,-,,33
2024-03-01,群馬県,-,-,-,小型,-,,26
2024-03-01,埼玉県,-,-,-,小型,-,,278
2024-03-01,千葉県,-,-,-,小型,-,,262
2024-03-01,東京都,-,-,-,小型,-,,1448
2024-03-01,神奈川県,-,-,-,小型,-,,521
2024-03-01,新潟県,-,-,-,小型,-,,71
2024-03-01,山梨県,-,-,-,小型,-,,15
2024-03-01,長野県,-,-,-,小型,-,,29
2024-03-01,富山県,-,-,-,小型,-,,27
2024-03-01,石川県,-,-,-,小型,-,,53
2024-03-01,福井県,-,-,-,小型,-,,16
2024-03-01,岐阜県,-,-,-,小型,-,,40
2024-03-01,静岡県,-,-,-,小型,-,,133
2024-03-01,愛知県,-,-,-,小型,-,,148
2024-03-01,三重県,-,-,-,小型,-,,25
2024-03-01,滋賀県,-,-,-,小型,-,,21
2024-03-01,京都府,-,-,-,小型,-,,91
2024-03-01,大阪府,-,-,-,小型,-,,296
2024-03-01,兵庫県,-,-,-,小型,-,,155
2024-03-01,奈良県,-,-,-,小型,-,,44
2024-03-01,和歌山県,-,-,-,小型,-,,34
2024-03-01,鳥取県,-,-,-,小型,-,,16
2024-03-01,島根県,-,-,-,小型,-,,35
2024-03-01,岡山県,-,-,-,小型,-,,75
2024-03-01,広島県,-,-,-,小型,-,,64
2024-03-01,山口県,-,-,-,小型,-,,25
2024-03-01,徳島県,-,-,-,小型,-,,32
2024-03-01,香川県,-,-,-,小型,-,,8
2024-03-01,愛媛県,-,-,-,小型,-,,26
2024-03-01,高知県,-,-,-,小型,-,,53
2024-03-01,福岡県,-,-,-,小型,-,,152
2024-03-01,佐賀県,-,-,-,小型,-,,25
2024-03-01,長崎県,-,-,-,小型,-,,59
2024-03-01,熊本県,-,-,-,小型,-,,100
2024-03-01,大分県,-,-,-,小型,-,,43
2024-03-01,宮崎県,-,-,-,小型,-,,30
2024-03-01,鹿児島県,-,-,-,小型,-,,78
2024-03-01,沖縄県,-,-,-,小型,-,,11
2024-04-01,北海道,-,-,-,小型,-,,252
2024-04-01,青森県,-,-,-,小型,-,,21
2024-04-01,岩手県,-,-,-,小型,-,,46
2024-04-01,宮城県,-,-,-,小型,-,,49
2024-04-01,秋田県,-,-,-,小型,-,,12
2024-04-01,山形県,-,-,-,小型,-,,32
2024-04-01,福島県,-,-,-,小型,-,,91
2024-04-01,茨城県,-,-,-,小型,-,,71
2024-04-01,栃木県,-,-,-,小型,-,,33
2024-04-01,群馬県,-,-,-,小型,-,,26
2024-04-01,埼玉県,-,-,-,小型,-,,278
2024-04-01,千葉県,-,-,-,小型,-,,265
2024-04-01,東京都,-,-,-,小型,-,,1452
2024-04-01,神奈川県,-,-,-,小型,-,,523
2024-04-01,新潟県,-,-,-,小型,-,,71
2024-04-01,山梨県,-,-,-,小型,-,,15
2024-04-01,長野県,-,-,-,小型,-,,29
2024-04-01,富山県,-,-,-,小型,-,,27
2024-04-01,石川県,-,-,-,小型,-,,53
2024-04-01,福井県,-,-,-,小型,-,,16
2024-04-01,岐阜県,-,-,-,小型,-,,40
2024-04-01,静岡県,-,-,-,小型,-,,134
2024-04-01,愛知県,-,-,-,小型,-,,148
2024-04-01,三重県,-,-,-,小型,-,,25
2024-04-01,滋賀県,-,-,-,小型,-,,21
2024-04-01,京都府,-,-,-,小型,-,,93
2024-04-01,大阪府,-,-,-,小型,-,,297
2024-04-01,兵庫県,-,-,-,小型,-,,155
2024-04-01,奈良県,-,-,-,小型,-,,44
2024-04-01,和歌山県,-,-,-,小型,-,,34
2024-04-01,鳥取県,-,-,-,小型,-,,16
2024-04-01,島根県,-,-,-,小型,-,,35
2024-04-01,岡山県,-,-,-,小型,-,,75
2024-04-01,広島県,-,-,-,小型,-,,65
2024-04-01,山口県,-,-,-,小型,-,,25
2024-04-01,徳島県,-,-,-,小型,-,,32
2024-04-01,香川県,-,-,-,小型,-,,8
2024-04-01,愛媛県,-,-,-,小型,-,,26
2024-04-01,高知県,-,-,-,小型,-,,53
2024-04-01,福岡県,-,-,-,小型,-,,153
2024-04-01,佐賀県,-,-,-,小型,-,,25
2024-04-01,長崎県,-,-,-,小型,-,,59
2024-04-01,熊本県,-,-,-,小型,-,,100
2024-04-01,大分県,-,-,-,小型,-,,43
2024-04-01,宮崎県,-,-,-,小型,-,,30
2024-04-01,鹿児島県,-,-,-,小型,-,,78
2024-04-01,沖縄県,-,-,-,小型,-,,11
2024-05-01,北海道,-,-,-,小型,-,,252
2024-05-01,青森県,-,-,-,小型,-,,22
2024-05-01,岩手県,-,-,-,小型,-,,46
2024-05-01,宮城県,-,-,-,小型,-,,49
2024-05-01,秋田県,-,-,-,小型,-,,12
2024-05-01,山形県,-,-,-,小型,-,,32
2024-05-01,福島県,-,-,-,小型,-,,91
2024-05-01,茨城県,-,-,-,小型,-,,71
2024-05-01,栃木県,-,-,-,小型,-,,33
2024-05-01,群馬県,-,-,-,小型,-,,26
2024-05-01,埼玉県,-,-,-,小型,-,,279
2024-05-01,千葉県,-,-,-,小型,-,,265
2024-05-01,東京都,-,-,-,小型,-,,1458
2024-05-01,神奈川県,-,-,-,小型,-,,525
2024-05-01,新潟県,-,-,-,小型,-,,71
2024-05-01,山梨県,-,-,-,小型,-,,15
2024-05-01,長野県,-,-,-,小型,-,,29
2024-05-01,富山県,-,-,-,小型,-,,27
2024-05-01,石川県,-,-,-,小型,-,,53
2024-05-01,福井県,-,-,-,小型,-,,16
2024-05-01,岐阜県,-,-,-,小型,-,,40
2024-05-01,静岡県,-,-,-,小型,-,,133
2024-05-01,愛知県,-,-,-,小型,-,,148
2024-05-01,三重県,-,-,-,小型,-,,25
2024-05-01,滋賀県,-,-,-,小型,-,,21
2024-05-01,京都府,-,-,-,小型,-,,97
2024-05-01,大阪府,-,-,-,小型,-,,298
2024-05-01,兵庫県,-,-,-,小型,-,,156
2024-05-01,奈良県,-,-,-,小型,-,,44
2024-05-01,和歌山県,-,-,-,小型,-,,34
2024-05-01,鳥取県,-,-,-,小型,-,,16
2024-05-01,島根県,-,-,-,小型,-,,35
2024-05-01,岡山県,-,-,-,小型,-,,73
2024-05-01,広島県,-,-,-,小型,-,,65
2024-05-01,山口県,-,-,-,小型,-,,25
2024-05-01,徳島県,-,-,-,小型,-,,32
2024-05-01,香川県,-,-,-,小型,-,,8
2024-05-01,愛媛県,-,-,-,小型,-,,26
2024-05-01,高知県,-,-,-,小型,-,,53
2024-05-01,福岡県,-,-,-,小型,-,,153
2024-05-01,佐賀県,-,-,-,小型,-,,25
2024-05-01,長崎県,-,-,-,小型,-,,61
2024-05-01,熊本県,-,-,-,小型,-,,99
2024-05-01,大分県,-,-,-,小型,-,,43
2024-05-01,宮崎県,-,-,-,小型,-,,30
2024-05-01,鹿児島県,-,-,-,小型,-,,78
2024-05-01,沖縄県,-,-,-,小型,-,,11
2024-06-01,北海道,-,-,-,小型,-,,251
2024-06-01,青森県,-,-,-,小型,-,,21
2024-06-01,岩手県,-,-,-,小型,-,,46
2024-06-01,宮城県,-,-,-,小型,-,,49
2024-06-01,秋田県,-,-,-,小型,-,,11
2024-06-01,山形県,-,-,-,小型,-,,32
2024-06-01,福島県,-,-,-,小型,-,,91
2024-06-01,茨城県,-,-,-,小型,-,,71
2024-06-01,栃木県,-,-,-,小型,-,,33
2024-06-01,群馬県,-,-,-,小型,-,,26
2024-06-01,埼玉県,-,-,-,小型,-,,279
2024-06-01,千葉県,-,-,-,小型,-,,265
2024-06-01,東京都,-,-,-,小型,-,,1457
2024-06-01,神奈川県,-,-,-,小型,-,,529
2024-06-01,新潟県,-,-,-,小型,-,,71
2024-06-01,山梨県,-,-,-,小型,-,,15
2024-06-01,長野県,-,-,-,小型,-,,29
2024-06-01,富山県,-,-,-,小型,-,,27
2024-06-01,石川県,-,-,-,小型,-,,53
2024-06-01,福井県,-,-,-,小型,-,,16
2024-06-01,岐阜県,-,-,-,小型,-,,40
2024-06-01,静岡県,-,-,-,小型,-,,133
2024-06-01,愛知県,-,-,-,小型,-,,148
2024-06-01,三重県,-,-,-,小型,-,,25
2024-06-01,滋賀県,-,-,-,小型,-,,21
2024-06-01,京都府,-,-,-,小型,-,,97
2024-06-01,大阪府,-,-,-,小型,-,,300
2024-06-01,兵庫県,-,-,-,小型,-,,159
2024-06-01,奈良県,-,-,-,小型,-,,43
2024-06-01,和歌山県,-,-,-,小型,-,,34
2024-06-01,鳥取県,-,-,-,小型,-,,16
2024-06-01,島根県,-,-,-,小型,-,,38
2024-06-01,岡山県,-,-,-,小型,-,,79
2024-06-01,広島県,-,-,-,小型,-,,65
2024-06-01,山口県,-,-,-,小型,-,,25
2024-06-01,徳島県,-,-,-,小型,-,,32
2024-06-01,香川県,-,-,-,小型,-,,8
2024-06-01,愛媛県,-,-,-,小型,-,,26
2024-06-01,高知県,-,-,-,小型,-,,53
2024-06-01,福岡県,-,-,-,小型,-,,153
2024-06-01,佐賀県,-,-,-,小型,-,,25
2024-06-01,長崎県,-,-,-,小型,-,,61
2024-06-01,熊本県,-,-,-,小型,-,,99
2024-06-01,大分県,-,-,-,小型,-,,43
2024-06-01,宮崎県,-,-,-,小型,-,,30
2024-06-01,鹿児島県,-,-,-,小型,-,,78
2024-06-01,沖縄県,-,-,-,小型,-,,11
2024-07-01,北海道,-,-,-,小型,-,,253
2024-07-01,青森県,-,-,-,小型,-,,21
2024-07-01,岩手県,-,-,-,小型,-,,46
2024-07-01,宮城県,-,-,-,小型,-,,49
2024-07-01,秋田県,-,-,-,小型,-,,11
2024-07-01,山形県,-,-,-,小型,-,,32
2024-07-01,福島県,-,-,-,小型,-,,91
2024-07-01,茨城県,-,-,-,小型,-,,72
2024-07-01,栃木県,-,-,-,小型,-,,33
2024-07-01,群馬県,-,-,-,小型,-,,26
2024-07-01,埼玉県,-,-,-,小型,-,,283
2024-07-01,千葉県,-,-,-,小型,-,,264
2024-07-01,東京都,-,-,-,小型,-,,1460
2024-07-01,神奈川県,-,-,-,小型,-,,529
2024-07-01,新潟県,-,-,-,小型,-,,71
2024-07-01,山梨県,-,-,-,小型,-,,15
2024-07-01,長野県,-,-,-,小型,-,,29
2024-07-01,富山県,-,-,-,小型,-,,27
2024-07-01,石川県,-,-,-,小型,-,,53
2024-07-01,福井県,-,-,-,小型,-,,16
2024-07-01,岐阜県,-,-,-,小型,-,,39
2024-07-01,静岡県,-,-,-,小型,-,,132
2024-07-01,愛知県,-,-,-,小型,-,,148
2024-07-01,三重県,-,-,-,小型,-,,25
2024-07-01,滋賀県,-,-,-,小型,-,,21
2024-07-01,京都府,-,-,-,小型,-,,98
2024-07-01,大阪府,-,-,-,小型,-,,300
2024-07-01,兵庫県,-,-,-,小型,-,,160
2024-07-01,奈良県,-,-,-,小型,-,,43
2024-07-01,和歌山県,-,-,-,小型,-,,35
2024-07-01,鳥取県,-,-,-,小型,-,,18
2024-07-01,島根県,-,-,-,小型,-,,38
2024-07-01,岡山県,-,-,-,小型,-,,79
2024-07-01,広島県,-,-,-,小型,-,,65
2024-07-01,山口県,-,-,-,小型,-,,25
2024-07-01,徳島県,-,-,-,小型,-,,32
2024-07-01,香川県,-,-,-,小型,-,,8
2024-07-01,愛媛県,-,-,-,小型,-,,26
2024-07-01,高知県,-,-,-,小型,-,,53
2024-07-01,福岡県,-,-,-,小型,-,,154
2024-07-01,佐賀県,-,-,-,小型,-,,25
2024-07-01,長崎県,-,-,-,小型,-,,61
2024-07-01,熊本県,-,-,-,小型,-,,99
2024-07-01,大分県,-,-,-,小型,-,,44
2024-07-01,宮崎県,-,-,-,小型,-,,30
2024-07-01,鹿児島県,-,-,-,小型,-,,78
2024-07-01,沖縄県,-,-,-,小型,-,,11
2024-08-01,北海道,-,-,-,小型,-,,254
2024-08-01,青森県,-,-,-,小型,-,,21
2024-08-01,岩手県,-,-,-,小型,-,,46
2024-08-01,宮城県,-,-,-,小型,-,,49
2024-08-01,秋田県,-,-,-,小型,-,,11
2024-08-01,山形県,-,-,-,小型,-,,32
2024-08-01,福島県,-,-,-,小型,-,,91
2024-08-01,茨城県,-,-,-,小型,-,,72
2024-08-01,栃木県,-,-,-,小型,-,,33
2024-08-01,群馬県,-,-,-,小型,-,,26
2024-08-01,埼玉県,-,-,-,小型,-,,281
2024-08-01,千葉県,-,-,-,小型,-,,267
2024-08-01,東京都,-,-,-,小型,-,,1469
2024-08-01,神奈川県,-,-,-,小型,-,,529
2024-08-01,新潟県,-,-,-,小型,-,,71
2024-08-01,山梨県,-,-,-,小型,-,,15
2024-08-01,長野県,-,-,-,小型,-,,29
2024-08-01,富山県,-,-,-,小型,-,,27
2024-08-01,石川県,-,-,-,小型,-,,53
2024-08-01,福井県,-,-,-,小型,-,,16
2024-08-01,岐阜県,-,-,-,小型,-,,39
2024-08-01,静岡県,-,-,-,小型,-,,132
2024-08-01,愛知県,-,-,-,小型,-,,147
2024-08-01,三重県,-,-,-,小型,-,,25
2024-08-01,滋賀県,-,-,-,小型,-,,22
2024-08-01,京都府,-,-,-,小型,-,,98
2024-08-01,大阪府,-,-,-,小型,-,,299
2024-08-01,兵庫県,-,-,-,小型,-,,161
2024-08-01,奈良県,-,-,-,小型,-,,43
2024-08-01,和歌山県,-,-,-,小型,-,,35
2024-08-01,鳥取県,-,-,-,小型,-,,18
2024-08-01,島根県,-,-,-,小型,-,,38
2024-08-01,岡山県,-,-,-,小型,-,,79
2024-08-01,広島県,-,-,-,小型,-,,65
2024-08-01,山口県,-,-,-,小型,-,,25
2024-08-01,徳島県,-,-,-,小型,-,,32
2024-08-01,香川県,-,-,-,小型,-,,8
2024-08-01,愛媛県,-,-,-,小型,-,,26
2024-08-01,高知県,-,-,-,小型,-,,53
2024-08-01,福岡県,-,-,-,小型,-,,153
2024-08-01,佐賀県,-,-,-,小型,-,,25
2024-08-01,長崎県,-,-,-,小型,-,,61
2024-08-01,熊本県,-,-,-,小型,-,,99
2024-08-01,大分県,-,-,-,小型,-,,44
2024-08-01,宮崎県,-,-,-,小型,-,,30
2024-08-01,鹿児島県,-,-,-,小型,-,,78
2024-08-01,沖縄県,-,-,-,小型,-,,11
2024-09-01,北海道,-,-,-,小型,-,,252
2024-09-01,青森県,-,-,-,小型,-,,21
2024-09-01,岩手県,-,-,-,小型,-,,46
2024-09-01,宮城県,-,-,-,小型,-,,49
2024-09-01,秋田県,-,-,-,小型,-,,11
2024-09-01,山形県,-,-,-,小型,-,,32
2024-09-01,福島県,-,-,-,小型,-,,91
2024-09-01,茨城県,-,-,-,小型,-,,72
2024-09-01,栃木県,-,-,-,小型,-,,34
2024-09-01,群馬県,-,-,-,小型,-,,25
2024-09-01,埼玉県,-,-,-,小型,-,,282
2024-09-01,千葉県,-,-,-,小型,-,,271
2024-09-01,東京都,-,-,-,小型,-,,1476
2024-09-01,神奈川県,-,-,-,小型,-,,529
2024-09-01,新潟県,-,-,-,小型,-,,71
2024-09-01,山梨県,-,-,-,小型,-,,15
2024-09-01,長野県,-,-,-,小型,-,,29
2024-09-01,富山県,-,-,-,小型,-,,27
2024-09-01,石川県,-,-,-,小型,-,,53
2024-09-01,福井県,-,-,-,小型,-,,16
2024-09-01,岐阜県,-,-,-,小型,-,,39
2024-09-01,静岡県,-,-,-,小型,-,,133
2024-09-01,愛知県,-,-,-,小型,-,,147
2024-09-01,三重県,-,-,-,小型,-,,25
2024-09-01,滋賀県,-,-,-,小型,-,,22
2024-09-01,京都府,-,-,-,小型,-,,99
2024-09-01,大阪府,-,-,-,小型,-,,303
2024-09-01,兵庫県,-,-,-,小型,-,,161
2024-09-01,奈良県,-,-,-,小型,-,,43
2024-09-01,和歌山県,-,-,-,小型,-,,35
2024-09-01,鳥取県,-,-,-,小型,-,,18
2024-09-01,島根県,-,-,-,小型,-,,38
2024-09-01,岡山県,-,-,-,小型,-,,79
2024-09-01,広島県,-,-,-,小型,-,,65
2024-09-01,山口県,-,-,-,小型,-,,25
2024-09-01,徳島県,-,-,-,小型,-,,32
2024-09-01,香川県,-,-,-,小型,-,,8
2024-09-01,愛媛県,-,-,-,小型,-,,26
2024-09-01,高知県,-,-,-,小型,-,,53
2024-09-01,福岡県,-,-,-,小型,-,,152
2024-09-01,佐賀県,-,-,-,小型,-,,25
2024-09-01,長崎県,-,-,-,小型,-,,61
2024-09-01,熊本県,-,-,-,小型,-,,99
2024-09-01,大分県,-,-,-,小型,-,,44
2024-09-01,宮崎県,-,-,-,小型,-,,29
2024-09-01,鹿児島県,-,-,-,小型,-,,78
2024-09-01,沖縄県,-,-,-,小型,-,,10
@CsvOptions:,,,,,,,,
dataType=0,,,,,,,,
title=スーパーマーケット店舗数,,,,,,,,
searchPrefixDataIndex=4,,,,,,,,
searchPrefix=スーパーマーケット,,,,,,,,
dataReference=<ul><li><a target%3d'_blank' href%3d'http://www.j-sosm.jp/dl/index.html'>スーパーマーケット店舗数@一般社団法人全国スーパーマーケット協会</a></li></ul>,,,,,,,,
detailType=name,,,,,,,,
isMakeAutocompleteData=1,,,,,,,,
"chartMap[colors]=[[""10万店舗以上""",#ea5432,49999],#8c0a00,99999],"[""5万店舗以上""","[""1万店舗以上""",#ff781d,9999],"[""5000店舗以上""",#ff9d57,4999],"[""1000店舗以上""",#ffceab,999],"[""100店舗以上""",#f5deb3,99],"[""0店舗""",#dadada,0],"[""選択中""",#ffffff,0]]
chartMap[isShow]=1,,,,,,,,
chartName[isShow]=1,,,,,,,,
chartName[imageTooltip]=all,,,,,,,,
chartCity[isShow]=0,,,,,,,,
chartDate[isShow]=1
chartDate[elasticY]=1,,,,,,,,
chartDate[width]=1000,,,,,,,,
chartDate[format]=YYYY,,,,,,,,
chartYear[isShow]=1
chartSex[isShow]=0
chartSex[unit]=null,,,,,,,,
chartSex[chartType]=bar,,,,,,,,
chartSex[isLegend]=0,,,,,,,,
chartAge[isShow]=0
chartAge[unit]=null,,,,,,,,
chartCond[isShow]=1
chartJob[isShow]=0
chartJob[isPanGmap]=0,,,,,,,,
chartJob[isPanGmapMarker]=0,,,,,,,,
editUrl=https://docs.google.com/spreadsheets/d/1dg9_nG8NWGVQbt92CemQqwXzRDeT_x8Clw-OJOquNK8/edit?gid=1551926412#gid=1551926412
