年月,DI,未使用1,経営動向・景況感,現状・見通,変化,未使用4,ジョブカテゴリ,カウント
2011-04-01,売上高DI,-,経営動向,-,かなり減少,-,0,710
2011-04-01,売上高DI,-,経営動向,-,やや減少,-,0,4030
2011-04-01,売上高DI,-,経営動向,-,変わらない,-,0,2080
2011-04-01,売上高DI,-,経営動向,-,やや増加,-,0,2730
2011-04-01,売上高DI,-,経営動向,-,かなり増加,-,0,450
2011-05-01,売上高DI,-,経営動向,-,かなり減少,-,0,1210
2011-05-01,売上高DI,-,経営動向,-,やや減少,-,0,4630
2011-05-01,売上高DI,-,経営動向,-,変わらない,-,0,1820
2011-05-01,売上高DI,-,経営動向,-,やや増加,-,0,2110
2011-05-01,売上高DI,-,経営動向,-,かなり増加,-,0,220
2011-06-01,売上高DI,-,経営動向,-,かなり減少,-,0,850
2011-06-01,売上高DI,-,経営動向,-,やや減少,-,0,4370
2011-06-01,売上高DI,-,経営動向,-,変わらない,-,0,2440
2011-06-01,売上高DI,-,経営動向,-,やや増加,-,0,2030
2011-06-01,売上高DI,-,経営動向,-,かなり増加,-,0,310
2011-07-01,売上高DI,-,経営動向,-,かなり減少,-,0,590
2011-07-01,売上高DI,-,経営動向,-,やや減少,-,0,3290
2011-07-01,売上高DI,-,経営動向,-,変わらない,-,0,2300
2011-07-01,売上高DI,-,経営動向,-,やや増加,-,0,3490
2011-07-01,売上高DI,-,経営動向,-,かなり増加,-,0,330
2011-08-01,売上高DI,-,経営動向,-,かなり減少,-,0,890
2011-08-01,売上高DI,-,経営動向,-,やや減少,-,0,4950
2011-08-01,売上高DI,-,経営動向,-,変わらない,-,0,2110
2011-08-01,売上高DI,-,経営動向,-,やや増加,-,0,1850
2011-08-01,売上高DI,-,経営動向,-,かなり増加,-,0,190
2011-09-01,売上高DI,-,経営動向,-,かなり減少,-,0,1170
2011-09-01,売上高DI,-,経営動向,-,やや減少,-,0,4760
2011-09-01,売上高DI,-,経営動向,-,変わらない,-,0,2210
2011-09-01,売上高DI,-,経営動向,-,やや増加,-,0,1620
2011-09-01,売上高DI,-,経営動向,-,かなり増加,-,0,240
2011-10-01,売上高DI,-,経営動向,-,かなり減少,-,0,880
2011-10-01,売上高DI,-,経営動向,-,やや減少,-,0,4250
2011-10-01,売上高DI,-,経営動向,-,変わらない,-,0,2620
2011-10-01,売上高DI,-,経営動向,-,やや増加,-,0,1940
2011-10-01,売上高DI,-,経営動向,-,かなり増加,-,0,310
2011-11-01,売上高DI,-,経営動向,-,かなり減少,-,0,1360
2011-11-01,売上高DI,-,経営動向,-,やや減少,-,0,5320
2011-11-01,売上高DI,-,経営動向,-,変わらない,-,0,1730
2011-11-01,売上高DI,-,経営動向,-,やや増加,-,0,1420
2011-11-01,売上高DI,-,経営動向,-,かなり増加,-,0,170
2011-12-01,売上高DI,-,経営動向,-,かなり減少,-,0,880
2011-12-01,売上高DI,-,経営動向,-,やや減少,-,0,3440
2011-12-01,売上高DI,-,経営動向,-,変わらない,-,0,2460
2011-12-01,売上高DI,-,経営動向,-,やや増加,-,0,2910
2011-12-01,売上高DI,-,経営動向,-,かなり増加,-,0,320
2012-01-01,売上高DI,-,経営動向,-,かなり減少,-,0,810
2012-01-01,売上高DI,-,経営動向,-,やや減少,-,0,4660
2012-01-01,売上高DI,-,経営動向,-,変わらない,-,0,2530
2012-01-01,売上高DI,-,経営動向,-,やや増加,-,0,1720
2012-01-01,売上高DI,-,経営動向,-,かなり増加,-,0,280
2012-02-01,売上高DI,-,経営動向,-,かなり減少,-,0,660
2012-02-01,売上高DI,-,経営動向,-,やや減少,-,0,3420
2012-02-01,売上高DI,-,経営動向,-,変わらない,-,0,2390
2012-02-01,売上高DI,-,経営動向,-,やや増加,-,0,3060
2012-02-01,売上高DI,-,経営動向,-,かなり増加,-,0,470
2012-03-01,売上高DI,-,経営動向,-,かなり減少,-,0,2280
2012-03-01,売上高DI,-,経営動向,-,やや減少,-,0,4320
2012-03-01,売上高DI,-,経営動向,-,変わらない,-,0,1700
2012-03-01,売上高DI,-,経営動向,-,やや増加,-,0,1330
2012-03-01,売上高DI,-,経営動向,-,かなり増加,-,0,370
2012-04-01,売上高DI,-,経営動向,-,かなり減少,-,0,1270
2012-04-01,売上高DI,-,経営動向,-,やや減少,-,0,4510
2012-04-01,売上高DI,-,経営動向,-,変わらない,-,0,2190
2012-04-01,売上高DI,-,経営動向,-,やや増加,-,0,1830
2012-04-01,売上高DI,-,経営動向,-,かなり増加,-,0,200
2012-05-01,売上高DI,-,経営動向,-,かなり減少,-,0,830
2012-05-01,売上高DI,-,経営動向,-,やや減少,-,0,4130
2012-05-01,売上高DI,-,経営動向,-,変わらない,-,0,2500
2012-05-01,売上高DI,-,経営動向,-,やや増加,-,0,2270
2012-05-01,売上高DI,-,経営動向,-,かなり増加,-,0,270
2012-06-01,売上高DI,-,経営動向,-,かなり減少,-,0,840
2012-06-01,売上高DI,-,経営動向,-,やや減少,-,0,4660
2012-06-01,売上高DI,-,経営動向,-,変わらない,-,0,2080
2012-06-01,売上高DI,-,経営動向,-,やや増加,-,0,2180
2012-06-01,売上高DI,-,経営動向,-,かなり増加,-,0,230
2012-07-01,売上高DI,-,経営動向,-,かなり減少,-,0,1410
2012-07-01,売上高DI,-,経営動向,-,やや減少,-,0,5490
2012-07-01,売上高DI,-,経営動向,-,変わらない,-,0,1850
2012-07-01,売上高DI,-,経営動向,-,やや増加,-,0,1110
2012-07-01,売上高DI,-,経営動向,-,かなり増加,-,0,130
2012-08-01,売上高DI,-,経営動向,-,かなり減少,-,0,1040
2012-08-01,売上高DI,-,経営動向,-,やや減少,-,0,4840
2012-08-01,売上高DI,-,経営動向,-,変わらない,-,0,2350
2012-08-01,売上高DI,-,経営動向,-,やや増加,-,0,1590
2012-08-01,売上高DI,-,経営動向,-,かなり増加,-,0,170
2012-09-01,売上高DI,-,経営動向,-,かなり減少,-,0,920
2012-09-01,売上高DI,-,経営動向,-,やや減少,-,0,5210
2012-09-01,売上高DI,-,経営動向,-,変わらない,-,0,2380
2012-09-01,売上高DI,-,経営動向,-,やや増加,-,0,1240
2012-09-01,売上高DI,-,経営動向,-,かなり増加,-,0,250
2012-10-01,売上高DI,-,経営動向,-,かなり減少,-,0,1130
2012-10-01,売上高DI,-,経営動向,-,やや減少,-,0,5550
2012-10-01,売上高DI,-,経営動向,-,変わらない,-,0,2040
2012-10-01,売上高DI,-,経営動向,-,やや増加,-,0,1200
2012-10-01,売上高DI,-,経営動向,-,かなり増加,-,0,70
2012-11-01,売上高DI,-,経営動向,-,かなり減少,-,0,1170
2012-11-01,売上高DI,-,経営動向,-,やや減少,-,0,5270
2012-11-01,売上高DI,-,経営動向,-,変わらない,-,0,1720
2012-11-01,売上高DI,-,経営動向,-,やや増加,-,0,1610
2012-11-01,売上高DI,-,経営動向,-,かなり増加,-,0,220
2012-12-01,売上高DI,-,経営動向,-,かなり減少,-,0,1160
2012-12-01,売上高DI,-,経営動向,-,やや減少,-,0,4370
2012-12-01,売上高DI,-,経営動向,-,変わらない,-,0,2350
2012-12-01,売上高DI,-,経営動向,-,やや増加,-,0,1880
2012-12-01,売上高DI,-,経営動向,-,かなり増加,-,0,250
2013-01-01,売上高DI,-,経営動向,-,かなり減少,-,0,910
2013-01-01,売上高DI,-,経営動向,-,やや減少,-,0,5250
2013-01-01,売上高DI,-,経営動向,-,変わらない,-,0,2030
2013-01-01,売上高DI,-,経営動向,-,やや増加,-,0,1670
2013-01-01,売上高DI,-,経営動向,-,かなり増加,-,0,140
2013-02-01,売上高DI,-,経営動向,-,かなり減少,-,0,2050
2013-02-01,売上高DI,-,経営動向,-,やや減少,-,0,5450
2013-02-01,売上高DI,-,経営動向,-,変わらない,-,0,1640
2013-02-01,売上高DI,-,経営動向,-,やや増加,-,0,820
2013-02-01,売上高DI,-,経営動向,-,かなり増加,-,0,40
2013-03-01,売上高DI,-,経営動向,-,かなり減少,-,0,950
2013-03-01,売上高DI,-,経営動向,-,やや減少,-,0,4220
2013-03-01,売上高DI,-,経営動向,-,変わらない,-,0,2510
2013-03-01,売上高DI,-,経営動向,-,やや増加,-,0,2090
2013-03-01,売上高DI,-,経営動向,-,かなり増加,-,0,230
2013-04-01,売上高DI,-,経営動向,-,かなり減少,-,0,1350
2013-04-01,売上高DI,-,経営動向,-,やや減少,-,0,4980
2013-04-01,売上高DI,-,経営動向,-,変わらない,-,0,2100
2013-04-01,売上高DI,-,経営動向,-,やや増加,-,0,1500
2013-04-01,売上高DI,-,経営動向,-,かなり増加,-,0,70
2013-05-01,売上高DI,-,経営動向,-,かなり減少,-,0,1150
2013-05-01,売上高DI,-,経営動向,-,やや減少,-,0,4310
2013-05-01,売上高DI,-,経営動向,-,変わらない,-,0,2210
2013-05-01,売上高DI,-,経営動向,-,やや増加,-,0,2290
2013-05-01,売上高DI,-,経営動向,-,かなり増加,-,0,40
2013-06-01,売上高DI,-,経営動向,-,かなり減少,-,0,980
2013-06-01,売上高DI,-,経営動向,-,やや減少,-,0,3370
2013-06-01,売上高DI,-,経営動向,-,変わらない,-,0,2460
2013-06-01,売上高DI,-,経営動向,-,やや増加,-,0,2990
2013-06-01,売上高DI,-,経営動向,-,かなり増加,-,0,190
2013-07-01,売上高DI,-,経営動向,-,かなり減少,-,0,910
2013-07-01,売上高DI,-,経営動向,-,やや減少,-,0,3810
2013-07-01,売上高DI,-,経営動向,-,変わらない,-,0,2300
2013-07-01,売上高DI,-,経営動向,-,やや増加,-,0,2870
2013-07-01,売上高DI,-,経営動向,-,かなり増加,-,0,110
2013-08-01,売上高DI,-,経営動向,-,かなり減少,-,0,620
2013-08-01,売上高DI,-,経営動向,-,やや減少,-,0,3470
2013-08-01,売上高DI,-,経営動向,-,変わらない,-,0,2440
2013-08-01,売上高DI,-,経営動向,-,やや増加,-,0,3220
2013-08-01,売上高DI,-,経営動向,-,かなり増加,-,0,250
2013-09-01,売上高DI,-,経営動向,-,かなり減少,-,0,720
2013-09-01,売上高DI,-,経営動向,-,やや減少,-,0,2950
2013-09-01,売上高DI,-,経営動向,-,変わらない,-,0,2630
2013-09-01,売上高DI,-,経営動向,-,やや増加,-,0,3550
2013-09-01,売上高DI,-,経営動向,-,かなり増加,-,0,160
2013-10-01,売上高DI,-,経営動向,-,かなり減少,-,0,500
2013-10-01,売上高DI,-,経営動向,-,やや減少,-,0,2870
2013-10-01,売上高DI,-,経営動向,-,変わらない,-,0,2400
2013-10-01,売上高DI,-,経営動向,-,やや増加,-,0,3910
2013-10-01,売上高DI,-,経営動向,-,かなり増加,-,0,310
2013-11-01,売上高DI,-,経営動向,-,かなり減少,-,0,350
2013-11-01,売上高DI,-,経営動向,-,やや減少,-,0,2040
2013-11-01,売上高DI,-,経営動向,-,変わらない,-,0,2420
2013-11-01,売上高DI,-,経営動向,-,やや増加,-,0,4540
2013-11-01,売上高DI,-,経営動向,-,かなり増加,-,0,650
2013-12-01,売上高DI,-,経営動向,-,かなり減少,-,0,420
2013-12-01,売上高DI,-,経営動向,-,やや減少,-,0,2820
2013-12-01,売上高DI,-,経営動向,-,変わらない,-,0,2400
2013-12-01,売上高DI,-,経営動向,-,やや増加,-,0,4080
2013-12-01,売上高DI,-,経営動向,-,かなり増加,-,0,270
2014-01-01,売上高DI,-,経営動向,-,かなり減少,-,0,380
2014-01-01,売上高DI,-,経営動向,-,やや減少,-,0,2790
2014-01-01,売上高DI,-,経営動向,-,変わらない,-,0,2670
2014-01-01,売上高DI,-,経営動向,-,やや増加,-,0,4000
2014-01-01,売上高DI,-,経営動向,-,かなり増加,-,0,170
2014-02-01,売上高DI,-,経営動向,-,かなり減少,-,0,290
2014-02-01,売上高DI,-,経営動向,-,やや減少,-,0,2490
2014-02-01,売上高DI,-,経営動向,-,変わらない,-,0,2610
2014-02-01,売上高DI,-,経営動向,-,やや増加,-,0,4230
2014-02-01,売上高DI,-,経営動向,-,かなり増加,-,0,370
2014-03-01,売上高DI,-,経営動向,-,かなり減少,-,0,210
2014-03-01,売上高DI,-,経営動向,-,やや減少,-,0,1130
2014-03-01,売上高DI,-,経営動向,-,変わらない,-,0,1170
2014-03-01,売上高DI,-,経営動向,-,やや増加,-,0,5080
2014-03-01,売上高DI,-,経営動向,-,かなり増加,-,0,2420
2014-04-01,売上高DI,-,経営動向,-,かなり減少,-,0,1860
2014-04-01,売上高DI,-,経営動向,-,やや減少,-,0,4530
2014-04-01,売上高DI,-,経営動向,-,変わらない,-,0,1420
2014-04-01,売上高DI,-,経営動向,-,やや増加,-,0,2110
2014-04-01,売上高DI,-,経営動向,-,かなり増加,-,0,80
2014-05-01,売上高DI,-,経営動向,-,かなり減少,-,0,690
2014-05-01,売上高DI,-,経営動向,-,やや減少,-,0,3190
2014-05-01,売上高DI,-,経営動向,-,変わらない,-,0,1770
2014-05-01,売上高DI,-,経営動向,-,やや増加,-,0,3920
2014-05-01,売上高DI,-,経営動向,-,かなり増加,-,0,430
2014-06-01,売上高DI,-,経営動向,-,かなり減少,-,0,770
2014-06-01,売上高DI,-,経営動向,-,やや減少,-,0,2890
2014-06-01,売上高DI,-,経営動向,-,変わらない,-,0,2640
2014-06-01,売上高DI,-,経営動向,-,やや増加,-,0,3490
2014-06-01,売上高DI,-,経営動向,-,かなり増加,-,0,210
2014-07-01,売上高DI,-,経営動向,-,かなり減少,-,0,690
2014-07-01,売上高DI,-,経営動向,-,やや減少,-,0,3060
2014-07-01,売上高DI,-,経営動向,-,変わらない,-,0,2330
2014-07-01,売上高DI,-,経営動向,-,やや増加,-,0,3580
2014-07-01,売上高DI,-,経営動向,-,かなり増加,-,0,340
2014-08-01,売上高DI,-,経営動向,-,かなり減少,-,0,740
2014-08-01,売上高DI,-,経営動向,-,やや減少,-,0,2170
2014-08-01,売上高DI,-,経営動向,-,変わらない,-,0,2500
2014-08-01,売上高DI,-,経営動向,-,やや増加,-,0,4060
2014-08-01,売上高DI,-,経営動向,-,かなり増加,-,0,530
2014-09-01,売上高DI,-,経営動向,-,かなり減少,-,0,1050
2014-09-01,売上高DI,-,経営動向,-,やや減少,-,0,2860
2014-09-01,売上高DI,-,経営動向,-,変わらない,-,0,2680
2014-09-01,売上高DI,-,経営動向,-,やや増加,-,0,3230
2014-09-01,売上高DI,-,経営動向,-,かなり増加,-,0,180
2014-10-01,売上高DI,-,経営動向,-,かなり減少,-,0,860
2014-10-01,売上高DI,-,経営動向,-,やや減少,-,0,2840
2014-10-01,売上高DI,-,経営動向,-,変わらない,-,0,2840
2014-10-01,売上高DI,-,経営動向,-,やや増加,-,0,3290
2014-10-01,売上高DI,-,経営動向,-,かなり増加,-,0,180
2014-11-01,売上高DI,-,経営動向,-,かなり減少,-,0,790
2014-11-01,売上高DI,-,経営動向,-,やや減少,-,0,3150
2014-11-01,売上高DI,-,経営動向,-,変わらない,-,0,2920
2014-11-01,売上高DI,-,経営動向,-,やや増加,-,0,3060
2014-11-01,売上高DI,-,経営動向,-,かなり増加,-,0,90
2014-12-01,売上高DI,-,経営動向,-,かなり減少,-,0,1020
2014-12-01,売上高DI,-,経営動向,-,やや減少,-,0,2840
2014-12-01,売上高DI,-,経営動向,-,変わらない,-,0,2940
2014-12-01,売上高DI,-,経営動向,-,やや増加,-,0,3100
2014-12-01,売上高DI,-,経営動向,-,かなり増加,-,0,100
2015-01-01,売上高DI,-,経営動向,-,かなり減少,-,0,850
2015-01-01,売上高DI,-,経営動向,-,やや減少,-,0,2600
2015-01-01,売上高DI,-,経営動向,-,変わらない,-,0,2910
2015-01-01,売上高DI,-,経営動向,-,やや増加,-,0,3360
2015-01-01,売上高DI,-,経営動向,-,かなり増加,-,0,270
2015-02-01,売上高DI,-,経営動向,-,かなり減少,-,0,760
2015-02-01,売上高DI,-,経営動向,-,やや減少,-,0,2770
2015-02-01,売上高DI,-,経営動向,-,変わらない,-,0,2770
2015-02-01,売上高DI,-,経営動向,-,やや増加,-,0,3390
2015-02-01,売上高DI,-,経営動向,-,かなり増加,-,0,310
2015-03-01,売上高DI,-,経営動向,-,かなり減少,-,0,2440
2015-03-01,売上高DI,-,経営動向,-,やや減少,-,0,3690
2015-03-01,売上高DI,-,経営動向,-,変わらない,-,0,1730
2015-03-01,売上高DI,-,経営動向,-,やや増加,-,0,2000
2015-03-01,売上高DI,-,経営動向,-,かなり増加,-,0,130
2015-04-01,売上高DI,-,経営動向,-,かなり減少,-,0,270
2015-04-01,売上高DI,-,経営動向,-,やや減少,-,0,1280
2015-04-01,売上高DI,-,経営動向,-,変わらない,-,0,1550
2015-04-01,売上高DI,-,経営動向,-,やや増加,-,0,5490
2015-04-01,売上高DI,-,経営動向,-,かなり増加,-,0,1420
2015-05-01,売上高DI,-,経営動向,-,かなり減少,-,0,180
2015-05-01,売上高DI,-,経営動向,-,やや減少,-,0,1280
2015-05-01,売上高DI,-,経営動向,-,変わらない,-,0,1990
2015-05-01,売上高DI,-,経営動向,-,やや増加,-,0,5710
2015-05-01,売上高DI,-,経営動向,-,かなり増加,-,0,840
2015-06-01,売上高DI,-,経営動向,-,かなり減少,-,0,510
2015-06-01,売上高DI,-,経営動向,-,やや減少,-,0,2440
2015-06-01,売上高DI,-,経営動向,-,変わらない,-,0,3230
2015-06-01,売上高DI,-,経営動向,-,やや増加,-,0,3500
2015-06-01,売上高DI,-,経営動向,-,かなり増加,-,0,320
2015-07-01,売上高DI,-,経営動向,-,かなり減少,-,0,440
2015-07-01,売上高DI,-,経営動向,-,やや減少,-,0,1930
2015-07-01,売上高DI,-,経営動向,-,変わらない,-,0,3380
2015-07-01,売上高DI,-,経営動向,-,やや増加,-,0,4040
2015-07-01,売上高DI,-,経営動向,-,かなり増加,-,0,220
2015-08-01,売上高DI,-,経営動向,-,かなり減少,-,0,360
2015-08-01,売上高DI,-,経営動向,-,やや減少,-,0,1960
2015-08-01,売上高DI,-,経営動向,-,変わらない,-,0,3530
2015-08-01,売上高DI,-,経営動向,-,やや増加,-,0,3930
2015-08-01,売上高DI,-,経営動向,-,かなり増加,-,0,220
2015-09-01,売上高DI,-,経営動向,-,かなり減少,-,0,500
2015-09-01,売上高DI,-,経営動向,-,やや減少,-,0,1760
2015-09-01,売上高DI,-,経営動向,-,変わらない,-,0,3620
2015-09-01,売上高DI,-,経営動向,-,やや増加,-,0,3620
2015-09-01,売上高DI,-,経営動向,-,かなり増加,-,0,500
2015-10-01,売上高DI,-,経営動向,-,かなり減少,-,0,440
2015-10-01,売上高DI,-,経営動向,-,やや減少,-,0,2180
2015-10-01,売上高DI,-,経営動向,-,変わらない,-,0,3200
2015-10-01,売上高DI,-,経営動向,-,やや増加,-,0,3960
2015-10-01,売上高DI,-,経営動向,-,かなり増加,-,0,220
2015-11-01,売上高DI,-,経営動向,-,かなり減少,-,0,750
2015-11-01,売上高DI,-,経営動向,-,やや減少,-,0,2570
2015-11-01,売上高DI,-,経営動向,-,変わらない,-,0,3720
2015-11-01,売上高DI,-,経営動向,-,やや増加,-,0,2790
2015-11-01,売上高DI,-,経営動向,-,かなり増加,-,0,180
2015-12-01,売上高DI,-,経営動向,-,かなり減少,-,0,500
2015-12-01,売上高DI,-,経営動向,-,やや減少,-,0,2790
2015-12-01,売上高DI,-,経営動向,-,変わらない,-,0,3960
2015-12-01,売上高DI,-,経営動向,-,やや増加,-,0,2520
2015-12-01,売上高DI,-,経営動向,-,かなり増加,-,0,230
2016-01-01,売上高DI,-,経営動向,-,かなり減少,-,0,410
2016-01-01,売上高DI,-,経営動向,-,やや減少,-,0,1990
2016-01-01,売上高DI,-,経営動向,-,変わらない,-,0,3890
2016-01-01,売上高DI,-,経営動向,-,やや増加,-,0,3390
2016-01-01,売上高DI,-,経営動向,-,かなり増加,-,0,320
2016-02-01,売上高DI,-,経営動向,-,かなり減少,-,0,280
2016-02-01,売上高DI,-,経営動向,-,やや減少,-,0,1840
2016-02-01,売上高DI,-,経営動向,-,変わらない,-,0,3250
2016-02-01,売上高DI,-,経営動向,-,やや増加,-,0,4100
2016-02-01,売上高DI,-,経営動向,-,かなり増加,-,0,520
2016-03-01,売上高DI,-,経営動向,-,かなり減少,-,0,430
2016-03-01,売上高DI,-,経営動向,-,やや減少,-,0,3050
2016-03-01,売上高DI,-,経営動向,-,変わらない,-,0,3240
2016-03-01,売上高DI,-,経営動向,-,やや増加,-,0,3050
2016-03-01,売上高DI,-,経営動向,-,かなり増加,-,0,240
2016-04-01,売上高DI,-,経営動向,-,かなり減少,-,0,290
2016-04-01,売上高DI,-,経営動向,-,やや減少,-,0,3130
2016-04-01,売上高DI,-,経営動向,-,変わらない,-,0,3410
2016-04-01,売上高DI,-,経営動向,-,やや増加,-,0,2980
2016-04-01,売上高DI,-,経営動向,-,かなり増加,-,0,190
2016-05-01,売上高DI,-,経営動向,-,かなり減少,-,0,540
2016-05-01,売上高DI,-,経営動向,-,やや減少,-,0,4580
2016-05-01,売上高DI,-,経営動向,-,変わらない,-,0,2960
2016-05-01,売上高DI,-,経営動向,-,やや増加,-,0,1820
2016-05-01,売上高DI,-,経営動向,-,かなり増加,-,0,100
2016-06-01,売上高DI,-,経営動向,-,かなり減少,-,0,440
2016-06-01,売上高DI,-,経営動向,-,やや減少,-,0,3350
2016-06-01,売上高DI,-,経営動向,-,変わらない,-,0,3990
2016-06-01,売上高DI,-,経営動向,-,やや増加,-,0,2070
2016-06-01,売上高DI,-,経営動向,-,かなり増加,-,0,150
2016-07-01,売上高DI,-,経営動向,-,かなり減少,-,0,640
2016-07-01,売上高DI,-,経営動向,-,やや減少,-,0,3000
2016-07-01,売上高DI,-,経営動向,-,変わらない,-,0,3550
2016-07-01,売上高DI,-,経営動向,-,やや増加,-,0,2560
2016-07-01,売上高DI,-,経営動向,-,かなり増加,-,0,250
2016-08-01,売上高DI,-,経営動向,-,かなり減少,-,0,1260
2016-08-01,売上高DI,-,経営動向,-,やや減少,-,0,5150
2016-08-01,売上高DI,-,経営動向,-,変わらない,-,0,2330
2016-08-01,売上高DI,-,経営動向,-,やや増加,-,0,1170
2016-08-01,売上高DI,-,経営動向,-,かなり増加,-,0,100
2016-09-01,売上高DI,-,経営動向,-,かなり減少,-,0,1260
2016-09-01,売上高DI,-,経営動向,-,やや減少,-,0,4220
2016-09-01,売上高DI,-,経営動向,-,変わらない,-,0,3010
2016-09-01,売上高DI,-,経営動向,-,やや増加,-,0,1260
2016-09-01,売上高DI,-,経営動向,-,かなり増加,-,0,240
2016-10-01,売上高DI,-,経営動向,-,かなり減少,-,0,540
2016-10-01,売上高DI,-,経営動向,-,やや減少,-,0,2650
2016-10-01,売上高DI,-,経営動向,-,変わらない,-,0,3190
2016-10-01,売上高DI,-,経営動向,-,やや増加,-,0,3330
2016-10-01,売上高DI,-,経営動向,-,かなり増加,-,0,290
2016-11-01,売上高DI,-,経営動向,-,かなり減少,-,0,540
2016-11-01,売上高DI,-,経営動向,-,やや減少,-,0,2770
2016-11-01,売上高DI,-,経営動向,-,変わらない,-,0,3070
2016-11-01,売上高DI,-,経営動向,-,やや増加,-,0,3320
2016-11-01,売上高DI,-,経営動向,-,かなり増加,-,0,300
2016-12-01,売上高DI,-,経営動向,-,かなり減少,-,0,600
2016-12-01,売上高DI,-,経営動向,-,やや減少,-,0,3080
2016-12-01,売上高DI,-,経営動向,-,変わらない,-,0,3430
2016-12-01,売上高DI,-,経営動向,-,やや増加,-,0,2840
2016-12-01,売上高DI,-,経営動向,-,かなり増加,-,0,50
2017-01-01,売上高DI,-,経営動向,-,かなり減少,-,0,800
2017-01-01,売上高DI,-,経営動向,-,やや減少,-,0,3330
2017-01-01,売上高DI,-,経営動向,-,変わらない,-,0,3730
2017-01-01,売上高DI,-,経営動向,-,やや増加,-,0,2140
2017-01-01,売上高DI,-,経営動向,-,かなり増加,-,0,0
2017-02-01,売上高DI,-,経営動向,-,かなり減少,-,0,1520
2017-02-01,売上高DI,-,経営動向,-,やや減少,-,0,4900
2017-02-01,売上高DI,-,経営動向,-,変わらない,-,0,2630
2017-02-01,売上高DI,-,経営動向,-,やや増加,-,0,960
2017-02-01,売上高DI,-,経営動向,-,かなり増加,-,0,0
2017-03-01,売上高DI,-,経営動向,-,かなり減少,-,0,890
2017-03-01,売上高DI,-,経営動向,-,やや減少,-,0,4460
2017-03-01,売上高DI,-,経営動向,-,変わらない,-,0,2970
2017-03-01,売上高DI,-,経営動向,-,やや増加,-,0,1680
2017-03-01,売上高DI,-,経営動向,-,かなり増加,-,0,0
2017-04-01,売上高DI,-,経営動向,-,かなり減少,-,0,660
2017-04-01,売上高DI,-,経営動向,-,やや減少,-,0,3570
2017-04-01,売上高DI,-,経営動向,-,変わらない,-,0,3190
2017-04-01,売上高DI,-,経営動向,-,やや増加,-,0,2440
2017-04-01,売上高DI,-,経営動向,-,かなり増加,-,0,140
2017-05-01,売上高DI,-,経営動向,-,かなり減少,-,0,850
2017-05-01,売上高DI,-,経営動向,-,やや減少,-,0,4550
2017-05-01,売上高DI,-,経営動向,-,変わらない,-,0,2700
2017-05-01,売上高DI,-,経営動向,-,やや増加,-,0,1850
2017-05-01,売上高DI,-,経営動向,-,かなり増加,-,0,50
2017-06-01,売上高DI,-,経営動向,-,かなり減少,-,0,1070
2017-06-01,売上高DI,-,経営動向,-,やや減少,-,0,4070
2017-06-01,売上高DI,-,経営動向,-,変わらない,-,0,3220
2017-06-01,売上高DI,-,経営動向,-,やや増加,-,0,1530
2017-06-01,売上高DI,-,経営動向,-,かなり増加,-,0,110
2017-07-01,売上高DI,-,経営動向,-,かなり減少,-,0,1020
2017-07-01,売上高DI,-,経営動向,-,やや減少,-,0,4590
2017-07-01,売上高DI,-,経営動向,-,変わらない,-,0,2650
2017-07-01,売上高DI,-,経営動向,-,やや増加,-,0,1680
2017-07-01,売上高DI,-,経営動向,-,かなり増加,-,0,50
2017-08-01,売上高DI,-,経営動向,-,かなり減少,-,0,1030
2017-08-01,売上高DI,-,経営動向,-,やや減少,-,0,3730
2017-08-01,売上高DI,-,経営動向,-,変わらない,-,0,3330
2017-08-01,売上高DI,-,経営動向,-,やや増加,-,0,1760
2017-08-01,売上高DI,-,経営動向,-,かなり増加,-,0,150
2017-09-01,売上高DI,-,経営動向,-,かなり減少,-,0,970
2017-09-01,売上高DI,-,経営動向,-,やや減少,-,0,3420
2017-09-01,売上高DI,-,経営動向,-,変わらない,-,0,3110
2017-09-01,売上高DI,-,経営動向,-,やや増加,-,0,2400
2017-09-01,売上高DI,-,経営動向,-,かなり増加,-,0,100
2017-10-01,売上高DI,-,経営動向,-,かなり減少,-,0,1870
2017-10-01,売上高DI,-,経営動向,-,やや減少,-,0,4090
2017-10-01,売上高DI,-,経営動向,-,変わらない,-,0,3010
2017-10-01,売上高DI,-,経営動向,-,やや増加,-,0,930
2017-10-01,売上高DI,-,経営動向,-,かなり増加,-,0,100
2017-11-01,売上高DI,-,経営動向,-,かなり減少,-,0,1130
2017-11-01,売上高DI,-,経営動向,-,やや減少,-,0,3840
2017-11-01,売上高DI,-,経営動向,-,変わらない,-,0,3050
2017-11-01,売上高DI,-,経営動向,-,やや増加,-,0,1970
2017-11-01,売上高DI,-,経営動向,-,かなり増加,-,0,0
2017-12-01,売上高DI,-,経営動向,-,かなり減少,-,0,610
2017-12-01,売上高DI,-,経営動向,-,やや減少,-,0,3110
2017-12-01,売上高DI,-,経営動向,-,変わらない,-,0,3320
2017-12-01,売上高DI,-,経営動向,-,やや増加,-,0,2760
2017-12-01,売上高DI,-,経営動向,-,かなり増加,-,0,200
2018-01-01,売上高DI,-,経営動向,-,かなり減少,-,0,760
2018-01-01,売上高DI,-,経営動向,-,やや減少,-,0,2990
2018-01-01,売上高DI,-,経営動向,-,変わらない,-,0,3810
2018-01-01,売上高DI,-,経営動向,-,やや増加,-,0,2180
2018-01-01,売上高DI,-,経営動向,-,かなり増加,-,0,250
2018-02-01,売上高DI,-,経営動向,-,かなり減少,-,0,950
2018-02-01,売上高DI,-,経営動向,-,やや減少,-,0,3100
2018-02-01,売上高DI,-,経営動向,-,変わらない,-,0,3350
2018-02-01,売上高DI,-,経営動向,-,やや増加,-,0,2350
2018-02-01,売上高DI,-,経営動向,-,かなり増加,-,0,250
2018-03-01,売上高DI,-,経営動向,-,かなり減少,-,0,1090
2018-03-01,売上高DI,-,経営動向,-,やや減少,-,0,3680
2018-03-01,売上高DI,-,経営動向,-,変わらない,-,0,3030
2018-03-01,売上高DI,-,経営動向,-,やや増加,-,0,2040
2018-03-01,売上高DI,-,経営動向,-,かなり増加,-,0,150
2018-04-01,売上高DI,-,経営動向,-,かなり減少,-,0,1330
2018-04-01,売上高DI,-,経営動向,-,やや減少,-,0,4880
2018-04-01,売上高DI,-,経営動向,-,変わらない,-,0,2410
2018-04-01,売上高DI,-,経営動向,-,やや増加,-,0,1280
2018-04-01,売上高DI,-,経営動向,-,かなり増加,-,0,100
2018-05-01,売上高DI,-,経営動向,-,かなり減少,-,0,1650
2018-05-01,売上高DI,-,経営動向,-,やや減少,-,0,4700
2018-05-01,売上高DI,-,経営動向,-,変わらない,-,0,2500
2018-05-01,売上高DI,-,経営動向,-,やや増加,-,0,1050
2018-05-01,売上高DI,-,経営動向,-,かなり増加,-,0,100
2018-06-01,売上高DI,-,経営動向,-,かなり減少,-,0,1080
2018-06-01,売上高DI,-,経営動向,-,やや減少,-,0,3500
2018-06-01,売上高DI,-,経営動向,-,変わらない,-,0,2960
2018-06-01,売上高DI,-,経営動向,-,やや増加,-,0,2360
2018-06-01,売上高DI,-,経営動向,-,かなり増加,-,0,100
2018-07-01,売上高DI,-,経営動向,-,かなり減少,-,0,730
2018-07-01,売上高DI,-,経営動向,-,やや減少,-,0,3160
2018-07-01,売上高DI,-,経営動向,-,変わらない,-,0,2850
2018-07-01,売上高DI,-,経営動向,-,やや増加,-,0,2950
2018-07-01,売上高DI,-,経営動向,-,かなり増加,-,0,310
2018-08-01,売上高DI,-,経営動向,-,かなり減少,-,0,960
2018-08-01,売上高DI,-,経営動向,-,やや減少,-,0,3420
2018-08-01,売上高DI,-,経営動向,-,変わらない,-,0,2620
2018-08-01,売上高DI,-,経営動向,-,やや増加,-,0,2620
2018-08-01,売上高DI,-,経営動向,-,かなり増加,-,0,370
2018-09-01,売上高DI,-,経営動向,-,かなり減少,-,0,790
2018-09-01,売上高DI,-,経営動向,-,やや減少,-,0,2700
2018-09-01,売上高DI,-,経営動向,-,変わらない,-,0,2700
2018-09-01,売上高DI,-,経営動向,-,やや増加,-,0,3020
2018-09-01,売上高DI,-,経営動向,-,かなり増加,-,0,790
2018-10-01,売上高DI,-,経営動向,-,かなり減少,-,0,1080
2018-10-01,売上高DI,-,経営動向,-,やや減少,-,0,3170
2018-10-01,売上高DI,-,経営動向,-,変わらない,-,0,2960
2018-10-01,売上高DI,-,経営動向,-,やや増加,-,0,2260
2018-10-01,売上高DI,-,経営動向,-,かなり増加,-,0,540
2018-11-01,売上高DI,-,経営動向,-,かなり減少,-,0,1320
2018-11-01,売上高DI,-,経営動向,-,やや減少,-,0,4230
2018-11-01,売上高DI,-,経営動向,-,変わらない,-,0,2430
2018-11-01,売上高DI,-,経営動向,-,やや増加,-,0,1850
2018-11-01,売上高DI,-,経営動向,-,かなり増加,-,0,160
2018-12-01,売上高DI,-,経営動向,-,かなり減少,-,0,1560
2018-12-01,売上高DI,-,経営動向,-,やや減少,-,0,4000
2018-12-01,売上高DI,-,経営動向,-,変わらない,-,0,3000
2018-12-01,売上高DI,-,経営動向,-,やや増加,-,0,1220
2018-12-01,売上高DI,-,経営動向,-,かなり増加,-,0,220
2019-01-01,売上高DI,-,経営動向,-,かなり減少,-,0,1830
2019-01-01,売上高DI,-,経営動向,-,やや減少,-,0,4250
2019-01-01,売上高DI,-,経営動向,-,変わらない,-,0,2470
2019-01-01,売上高DI,-,経営動向,-,やや増加,-,0,1400
2019-01-01,売上高DI,-,経営動向,-,かなり増加,-,0,50
2019-02-01,売上高DI,-,経営動向,-,かなり減少,-,0,2020
2019-02-01,売上高DI,-,経営動向,-,やや減少,-,0,4460
2019-02-01,売上高DI,-,経営動向,-,変わらない,-,0,2230
2019-02-01,売上高DI,-,経営動向,-,やや増加,-,0,1240
2019-02-01,売上高DI,-,経営動向,-,かなり増加,-,0,50
2019-03-01,売上高DI,-,経営動向,-,かなり減少,-,0,1410
2019-03-01,売上高DI,-,経営動向,-,やや減少,-,0,3590
2019-03-01,売上高DI,-,経営動向,-,変わらない,-,0,2920
2019-03-01,売上高DI,-,経営動向,-,やや増加,-,0,1980
2019-03-01,売上高DI,-,経営動向,-,かなり増加,-,0,100
2019-04-01,売上高DI,-,経営動向,-,かなり減少,-,0,1130
2019-04-01,売上高DI,-,経営動向,-,やや減少,-,0,4030
2019-04-01,売上高DI,-,経営動向,-,変わらない,-,0,2740
2019-04-01,売上高DI,-,経営動向,-,やや増加,-,0,1990
2019-04-01,売上高DI,-,経営動向,-,かなり増加,-,0,110
2019-05-01,売上高DI,-,経営動向,-,かなり減少,-,0,1110
2019-05-01,売上高DI,-,経営動向,-,やや減少,-,0,3470
2019-05-01,売上高DI,-,経営動向,-,変わらない,-,0,3000
2019-05-01,売上高DI,-,経営動向,-,やや増加,-,0,2370
2019-05-01,売上高DI,-,経営動向,-,かなり増加,-,0,50
2019-06-01,売上高DI,-,経営動向,-,かなり減少,-,0,990
2019-06-01,売上高DI,-,経営動向,-,やや減少,-,0,3560
2019-06-01,売上高DI,-,経営動向,-,変わらない,-,0,2980
2019-06-01,売上高DI,-,経営動向,-,やや増加,-,0,2300
2019-06-01,売上高DI,-,経営動向,-,かなり増加,-,0,160
2019-07-01,売上高DI,-,経営動向,-,かなり減少,-,0,2730
2019-07-01,売上高DI,-,経営動向,-,やや減少,-,0,4700
2019-07-01,売上高DI,-,経営動向,-,変わらない,-,0,1690
2019-07-01,売上高DI,-,経営動向,-,やや増加,-,0,770
2019-07-01,売上高DI,-,経営動向,-,かなり増加,-,0,110
2019-08-01,売上高DI,-,経営動向,-,かなり減少,-,0,1710
2019-08-01,売上高DI,-,経営動向,-,やや減少,-,0,4000
2019-08-01,売上高DI,-,経営動向,-,変わらない,-,0,2470
2019-08-01,売上高DI,-,経営動向,-,やや増加,-,0,1710
2019-08-01,売上高DI,-,経営動向,-,かなり増加,-,0,120
2019-09-01,売上高DI,-,経営動向,-,かなり減少,-,0,1410
2019-09-01,売上高DI,-,経営動向,-,やや減少,-,0,3410
2019-09-01,売上高DI,-,経営動向,-,変わらない,-,0,2350
2019-09-01,売上高DI,-,経営動向,-,やや増加,-,0,2180
2019-09-01,売上高DI,-,経営動向,-,かなり増加,-,0,650
2019-10-01,売上高DI,-,経営動向,-,かなり減少,-,0,2120
2019-10-01,売上高DI,-,経営動向,-,やや減少,-,0,3750
2019-10-01,売上高DI,-,経営動向,-,変わらない,-,0,2500
2019-10-01,売上高DI,-,経営動向,-,やや増加,-,0,1360
2019-10-01,売上高DI,-,経営動向,-,かなり増加,-,0,270
2019-11-01,売上高DI,-,経営動向,-,かなり減少,-,0,1030
2019-11-01,売上高DI,-,経営動向,-,やや減少,-,0,3430
2019-11-01,売上高DI,-,経営動向,-,変わらない,-,0,2570
2019-11-01,売上高DI,-,経営動向,-,やや増加,-,0,2690
2019-11-01,売上高DI,-,経営動向,-,かなり増加,-,0,290
2019-12-01,売上高DI,-,経営動向,-,かなり減少,-,0,910
2019-12-01,売上高DI,-,経営動向,-,やや減少,-,0,3420
2019-12-01,売上高DI,-,経営動向,-,変わらない,-,0,3320
2019-12-01,売上高DI,-,経営動向,-,やや増加,-,0,2030
2019-12-01,売上高DI,-,経営動向,-,かなり増加,-,0,320
2020-01-01,売上高DI,-,経営動向,-,かなり減少,-,0,1260
2020-01-01,売上高DI,-,経営動向,-,やや減少,-,0,3610
2020-01-01,売上高DI,-,経営動向,-,変わらない,-,0,2900
2020-01-01,売上高DI,-,経営動向,-,やや増加,-,0,1970
2020-01-01,売上高DI,-,経営動向,-,かなり増加,-,0,270
2020-02-01,売上高DI,-,経営動向,-,かなり減少,-,0,280
2020-02-01,売上高DI,-,経営動向,-,やや減少,-,0,1350
2020-02-01,売上高DI,-,経営動向,-,変わらない,-,0,2080
2020-02-01,売上高DI,-,経営動向,-,やや増加,-,0,4490
2020-02-01,売上高DI,-,経営動向,-,かなり増加,-,0,1800
2020-03-01,売上高DI,-,経営動向,-,かなり減少,-,0,550
2020-03-01,売上高DI,-,経営動向,-,やや減少,-,0,1150
2020-03-01,売上高DI,-,経営動向,-,変わらない,-,0,1370
2020-03-01,売上高DI,-,経営動向,-,やや増加,-,0,4150
2020-03-01,売上高DI,-,経営動向,-,かなり増加,-,0,2790
2020-04-01,売上高DI,-,経営動向,-,かなり減少,-,0,770
2020-04-01,売上高DI,-,経営動向,-,やや減少,-,0,820
2020-04-01,売上高DI,-,経営動向,-,変わらない,-,0,600
2020-04-01,売上高DI,-,経営動向,-,やや増加,-,0,3550
2020-04-01,売上高DI,-,経営動向,-,かなり増加,-,0,4260
2020-05-01,売上高DI,-,経営動向,-,かなり減少,-,0,570
2020-05-01,売上高DI,-,経営動向,-,やや減少,-,0,630
2020-05-01,売上高DI,-,経営動向,-,変わらない,-,0,1020
2020-05-01,売上高DI,-,経営動向,-,やや増加,-,0,3520
2020-05-01,売上高DI,-,経営動向,-,かなり増加,-,0,4260
2020-06-01,売上高DI,-,経営動向,-,かなり減少,-,0,660
2020-06-01,売上高DI,-,経営動向,-,やや減少,-,0,1260
2020-06-01,売上高DI,-,経営動向,-,変わらない,-,0,1640
2020-06-01,売上高DI,-,経営動向,-,やや増加,-,0,4540
2020-06-01,売上高DI,-,経営動向,-,かなり増加,-,0,1910
2020-07-01,売上高DI,-,経営動向,-,かなり減少,-,0,660
2020-07-01,売上高DI,-,経営動向,-,やや減少,-,0,770
2020-07-01,売上高DI,-,経営動向,-,変わらない,-,0,1820
2020-07-01,売上高DI,-,経営動向,-,やや増加,-,0,4860
2020-07-01,売上高DI,-,経営動向,-,かなり増加,-,0,1880
2020-08-01,売上高DI,-,経営動向,-,かなり減少,-,0,710
2020-08-01,売上高DI,-,経営動向,-,やや減少,-,0,1150
2020-08-01,売上高DI,-,経営動向,-,変わらない,-,0,2080
2020-08-01,売上高DI,-,経営動向,-,やや増加,-,0,4430
2020-08-01,売上高DI,-,経営動向,-,かなり増加,-,0,1640
2020-09-01,売上高DI,-,経営動向,-,かなり減少,-,0,820
2020-09-01,売上高DI,-,経営動向,-,やや減少,-,0,2790
2020-09-01,売上高DI,-,経営動向,-,変わらない,-,0,2130
2020-09-01,売上高DI,-,経営動向,-,やや増加,-,0,3550
2020-09-01,売上高DI,-,経営動向,-,かなり増加,-,0,710
2020-10-01,売上高DI,-,経営動向,-,かなり減少,-,0,440
2020-10-01,売上高DI,-,経営動向,-,やや減少,-,0,1880
2020-10-01,売上高DI,-,経営動向,-,変わらない,-,0,2150
2020-10-01,売上高DI,-,経営動向,-,やや増加,-,0,4420
2020-10-01,売上高DI,-,経営動向,-,かなり増加,-,0,1100
2020-11-01,売上高DI,-,経営動向,-,かなり減少,-,0,500
2020-11-01,売上高DI,-,経営動向,-,やや減少,-,0,2120
2020-11-01,売上高DI,-,経営動向,-,変わらない,-,0,2350
2020-11-01,売上高DI,-,経営動向,-,やや増加,-,0,4130
2020-11-01,売上高DI,-,経営動向,-,かなり増加,-,0,890
2020-12-01,売上高DI,-,経営動向,-,かなり減少,-,0,730
2020-12-01,売上高DI,-,経営動向,-,やや減少,-,0,2010
2020-12-01,売上高DI,-,経営動向,-,変わらない,-,0,2460
2020-12-01,売上高DI,-,経営動向,-,やや増加,-,0,3910
2020-12-01,売上高DI,-,経営動向,-,かなり増加,-,0,890
2021-01-01,売上高DI,-,経営動向,-,かなり減少,-,0,700
2021-01-01,売上高DI,-,経営動向,-,やや減少,-,0,1140
2021-01-01,売上高DI,-,経営動向,-,変わらない,-,0,1890
2021-01-01,売上高DI,-,経営動向,-,やや増加,-,0,4540
2021-01-01,売上高DI,-,経営動向,-,かなり増加,-,0,1730
2021-02-01,売上高DI,-,経営動向,-,かなり減少,-,0,1360
2021-02-01,売上高DI,-,経営動向,-,やや減少,-,0,3370
2021-02-01,売上高DI,-,経営動向,-,変わらない,-,0,2770
2021-02-01,売上高DI,-,経営動向,-,やや増加,-,0,2280
2021-02-01,売上高DI,-,経営動向,-,かなり増加,-,0,220
2021-03-01,売上高DI,-,経営動向,-,かなり減少,-,0,2860
2021-03-01,売上高DI,-,経営動向,-,やや減少,-,0,4430
2021-03-01,売上高DI,-,経営動向,-,変わらない,-,0,1680
2021-03-01,売上高DI,-,経営動向,-,やや増加,-,0,860
2021-03-01,売上高DI,-,経営動向,-,かなり増加,-,0,160
2021-04-01,売上高DI,-,経営動向,-,かなり減少,-,0,3890
2021-04-01,売上高DI,-,経営動向,-,やや減少,-,0,3780
2021-04-01,売上高DI,-,経営動向,-,変わらない,-,0,830
2021-04-01,売上高DI,-,経営動向,-,やや増加,-,0,1280
2021-04-01,売上高DI,-,経営動向,-,かなり増加,-,0,220
2021-05-01,売上高DI,-,経営動向,-,かなり減少,-,0,2830
2021-05-01,売上高DI,-,経営動向,-,やや減少,-,0,4080
2021-05-01,売上高DI,-,経営動向,-,変わらない,-,0,1680
2021-05-01,売上高DI,-,経営動向,-,やや増加,-,0,1250
2021-05-01,売上高DI,-,経営動向,-,かなり増加,-,0,160
2021-06-01,売上高DI,-,経営動向,-,かなり減少,-,0,2050
2021-06-01,売上高DI,-,経営動向,-,やや減少,-,0,3300
2021-06-01,売上高DI,-,経営動向,-,変わらない,-,0,2610
2021-06-01,売上高DI,-,経営動向,-,やや増加,-,0,1880
2021-06-01,売上高DI,-,経営動向,-,かなり増加,-,0,170
2021-07-01,売上高DI,-,経営動向,-,かなり減少,-,0,1260
2021-07-01,売上高DI,-,経営動向,-,やや減少,-,0,3830
2021-07-01,売上高DI,-,経営動向,-,変わらない,-,0,2510
2021-07-01,売上高DI,-,経営動向,-,やや増加,-,0,2080
2021-07-01,売上高DI,-,経営動向,-,かなり増加,-,0,330
2021-08-01,売上高DI,-,経営動向,-,かなり減少,-,0,1520
2021-08-01,売上高DI,-,経営動向,-,やや減少,-,0,4620
2021-08-01,売上高DI,-,経営動向,-,変わらない,-,0,2450
2021-08-01,売上高DI,-,経営動向,-,やや増加,-,0,980
2021-08-01,売上高DI,-,経営動向,-,かなり増加,-,0,430
2021-09-01,売上高DI,-,経営動向,-,かなり減少,-,0,1140
2021-09-01,売上高DI,-,経営動向,-,やや減少,-,0,2810
2021-09-01,売上高DI,-,経営動向,-,変わらない,-,0,2920
2021-09-01,売上高DI,-,経営動向,-,やや増加,-,0,2540
2021-09-01,売上高DI,-,経営動向,-,かなり増加,-,0,590
2021-10-01,売上高DI,-,経営動向,-,かなり減少,-,0,1300
2021-10-01,売上高DI,-,経営動向,-,やや減少,-,0,3670
2021-10-01,売上高DI,-,経営動向,-,変わらない,-,0,2710
2021-10-01,売上高DI,-,経営動向,-,やや増加,-,0,2030
2021-10-01,売上高DI,-,経営動向,-,かなり増加,-,0,280
2021-11-01,売上高DI,-,経営動向,-,かなり減少,-,0,1720
2021-11-01,売上高DI,-,経営動向,-,やや減少,-,0,4440
2021-11-01,売上高DI,-,経営動向,-,変わらない,-,0,2440
2021-11-01,売上高DI,-,経営動向,-,やや増加,-,0,1060
2021-11-01,売上高DI,-,経営動向,-,かなり増加,-,0,330
2021-12-01,売上高DI,-,経営動向,-,かなり減少,-,0,1310
2021-12-01,売上高DI,-,経営動向,-,やや減少,-,0,4260
2021-12-01,売上高DI,-,経営動向,-,変わらない,-,0,2460
2021-12-01,売上高DI,-,経営動向,-,やや増加,-,0,1690
2021-12-01,売上高DI,-,経営動向,-,かなり増加,-,0,270
2022-01-01,売上高DI,-,経営動向,-,かなり減少,-,0,1260
2022-01-01,売上高DI,-,経営動向,-,やや減少,-,0,3880
2022-01-01,売上高DI,-,経営動向,-,変わらない,-,0,2460
2022-01-01,売上高DI,-,経営動向,-,やや増加,-,0,2080
2022-01-01,売上高DI,-,経営動向,-,かなり増加,-,0,330
2022-02-01,売上高DI,-,経営動向,-,かなり減少,-,0,760
2022-02-01,売上高DI,-,経営動向,-,やや減少,-,0,2820
2022-02-01,売上高DI,-,経営動向,-,変わらない,-,0,2650
2022-02-01,売上高DI,-,経営動向,-,やや増加,-,0,3060
2022-02-01,売上高DI,-,経営動向,-,かなり増加,-,0,710
2022-03-01,売上高DI,-,経営動向,-,かなり減少,-,0,460
2022-03-01,売上高DI,-,経営動向,-,やや減少,-,0,2970
2022-03-01,売上高DI,-,経営動向,-,変わらない,-,0,2740
2022-03-01,売上高DI,-,経営動向,-,やや増加,-,0,3370
2022-03-01,売上高DI,-,経営動向,-,かなり増加,-,0,460
2022-04-01,売上高DI,-,経営動向,-,かなり減少,-,0,980
2022-04-01,売上高DI,-,経営動向,-,やや減少,-,0,3530
2022-04-01,売上高DI,-,経営動向,-,変わらない,-,0,2720
2022-04-01,売上高DI,-,経営動向,-,やや増加,-,0,2390
2022-04-01,売上高DI,-,経営動向,-,かなり増加,-,0,380
2022-05-01,売上高DI,-,経営動向,-,かなり減少,-,0,1680
2022-05-01,売上高DI,-,経営動向,-,やや減少,-,0,4160
2022-05-01,売上高DI,-,経営動向,-,変わらない,-,0,2430
2022-05-01,売上高DI,-,経営動向,-,やや増加,-,0,1560
2022-05-01,売上高DI,-,経営動向,-,かなり増加,-,0,170
2022-06-01,売上高DI,-,経営動向,-,かなり減少,-,0,1540
2022-06-01,売上高DI,-,経営動向,-,やや減少,-,0,4510
2022-06-01,売上高DI,-,経営動向,-,変わらない,-,0,2580
2022-06-01,売上高DI,-,経営動向,-,やや増加,-,0,1150
2022-06-01,売上高DI,-,経営動向,-,かなり増加,-,0,220
2022-07-01,売上高DI,-,経営動向,-,かなり減少,-,0,800
2022-07-01,売上高DI,-,経営動向,-,やや減少,-,0,2950
2022-07-01,売上高DI,-,経営動向,-,変わらない,-,0,3070
2022-07-01,売上高DI,-,経営動向,-,やや増加,-,0,2900
2022-07-01,売上高DI,-,経営動向,-,かなり増加,-,0,280
2022-08-01,売上高DI,-,経営動向,-,かなり減少,-,0,1600
2022-08-01,売上高DI,-,経営動向,-,やや減少,-,0,4170
2022-08-01,売上高DI,-,経営動向,-,変わらない,-,0,1940
2022-08-01,売上高DI,-,経営動向,-,やや増加,-,0,2060
2022-08-01,売上高DI,-,経営動向,-,かなり増加,-,0,230
2022-09-01,売上高DI,-,経営動向,-,かなり減少,-,0,1280
2022-09-01,売上高DI,-,経営動向,-,やや減少,-,0,3940
2022-09-01,売上高DI,-,経営動向,-,変わらない,-,0,2670
2022-09-01,売上高DI,-,経営動向,-,やや増加,-,0,1670
2022-09-01,売上高DI,-,経営動向,-,かなり増加,-,0,440
2022-10-01,売上高DI,-,経営動向,-,かなり減少,-,0,620
2022-10-01,売上高DI,-,経営動向,-,やや減少,-,0,2600
2022-10-01,売上高DI,-,経営動向,-,変わらない,-,0,2710
2022-10-01,売上高DI,-,経営動向,-,やや増加,-,0,3620
2022-10-01,売上高DI,-,経営動向,-,かなり増加,-,0,450
2022-11-01,売上高DI,-,経営動向,-,かなり減少,-,0,510
2022-11-01,売上高DI,-,経営動向,-,やや減少,-,0,2340
2022-11-01,売上高DI,-,経営動向,-,変わらない,-,0,2340
2022-11-01,売上高DI,-,経営動向,-,やや増加,-,0,4400
2022-11-01,売上高DI,-,経営動向,-,かなり増加,-,0,400
2022-12-01,売上高DI,-,経営動向,-,かなり減少,-,0,220
2022-12-01,売上高DI,-,経営動向,-,やや減少,-,0,1780
2022-12-01,売上高DI,-,経営動向,-,変わらない,-,0,1720
2022-12-01,売上高DI,-,経営動向,-,やや増加,-,0,5500
2022-12-01,売上高DI,-,経営動向,-,かなり増加,-,0,780
2023-01-01,売上高DI,-,経営動向,-,かなり減少,-,0,860
2023-01-01,売上高DI,-,経営動向,-,やや減少,-,0,2320
2023-01-01,売上高DI,-,経営動向,-,変わらない,-,0,2920
2023-01-01,売上高DI,-,経営動向,-,やや増加,-,0,3460
2023-01-01,売上高DI,-,経営動向,-,かなり増加,-,0,430
2023-02-01,売上高DI,-,経営動向,-,かなり減少,-,0,1530
2023-02-01,売上高DI,-,経営動向,-,やや減少,-,0,3390
2023-02-01,売上高DI,-,経営動向,-,変わらない,-,0,2840
2023-02-01,売上高DI,-,経営動向,-,やや増加,-,0,1800
2023-02-01,売上高DI,-,経営動向,-,かなり増加,-,0,440
2023-03-01,売上高DI,-,経営動向,-,かなり減少,-,0,1040
2023-03-01,売上高DI,-,経営動向,-,やや減少,-,0,2300
2023-03-01,売上高DI,-,経営動向,-,変わらない,-,0,3060
2023-03-01,売上高DI,-,経営動向,-,やや増加,-,0,3390
2023-03-01,売上高DI,-,経営動向,-,かなり増加,-,0,220
2023-04-01,売上高DI,-,経営動向,-,かなり減少,-,0,510
2023-04-01,売上高DI,-,経営動向,-,やや減少,-,0,1830
2023-04-01,売上高DI,-,経営動向,-,変わらない,-,0,2690
2023-04-01,売上高DI,-,経営動向,-,やや増加,-,0,4340
2023-04-01,売上高DI,-,経営動向,-,かなり増加,-,0,630
2023-05-01,売上高DI,-,経営動向,-,かなり減少,-,0,730
2023-05-01,売上高DI,-,経営動向,-,やや減少,-,0,1920
2023-05-01,売上高DI,-,経営動向,-,変わらない,-,0,2490
2023-05-01,売上高DI,-,経営動向,-,やや増加,-,0,4410
2023-05-01,売上高DI,-,経営動向,-,かなり増加,-,0,450
2023-06-01,売上高DI,-,経営動向,-,かなり減少,-,0,620
2023-06-01,売上高DI,-,経営動向,-,やや減少,-,0,1630
2023-06-01,売上高DI,-,経営動向,-,変わらない,-,0,2700
2023-06-01,売上高DI,-,経営動向,-,やや増加,-,0,4330
2023-06-01,売上高DI,-,経営動向,-,かなり増加,-,0,730
2023-07-01,売上高DI,-,経営動向,-,かなり減少,-,0,390
2023-07-01,売上高DI,-,経営動向,-,やや減少,-,0,1400
2023-07-01,売上高DI,-,経営動向,-,変わらない,-,0,2640
2023-07-01,売上高DI,-,経営動向,-,やや増加,-,0,4270
2023-07-01,売上高DI,-,経営動向,-,かなり増加,-,0,1290
2023-08-01,売上高DI,-,経営動向,-,かなり減少,-,0,430
2023-08-01,売上高DI,-,経営動向,-,やや減少,-,0,1030
2023-08-01,売上高DI,-,経営動向,-,変わらない,-,0,2430
2023-08-01,売上高DI,-,経営動向,-,やや増加,-,0,4810
2023-08-01,売上高DI,-,経営動向,-,かなり増加,-,0,1300
2023-09-01,売上高DI,-,経営動向,-,かなり減少,-,0,400
2023-09-01,売上高DI,-,経営動向,-,やや減少,-,0,1860
2023-09-01,売上高DI,-,経営動向,-,変わらない,-,0,2090
2023-09-01,売上高DI,-,経営動向,-,やや増加,-,0,4750
2023-09-01,売上高DI,-,経営動向,-,かなり増加,-,0,900
2023-10-01,売上高DI,-,経営動向,-,かなり減少,-,0,180
2023-10-01,売上高DI,-,経営動向,-,やや減少,-,0,1680
2023-10-01,売上高DI,-,経営動向,-,変わらない,-,0,2460
2023-10-01,売上高DI,-,経営動向,-,やや増加,-,0,4550
2023-10-01,売上高DI,-,経営動向,-,かなり増加,-,0,1140
2023-11-01,売上高DI,-,経営動向,-,かなり減少,-,0,390
2023-11-01,売上高DI,-,経営動向,-,やや減少,-,0,1800
2023-11-01,売上高DI,-,経営動向,-,変わらない,-,0,2700
2023-11-01,売上高DI,-,経営動向,-,やや増加,-,0,4160
2023-11-01,売上高DI,-,経営動向,-,かなり増加,-,0,960
2023-12-01,売上高DI,-,経営動向,-,かなり減少,-,0,340
2023-12-01,売上高DI,-,経営動向,-,やや減少,-,0,1860
2023-12-01,売上高DI,-,経営動向,-,変わらない,-,0,2940
2023-12-01,売上高DI,-,経営動向,-,やや増加,-,0,3900
2023-12-01,売上高DI,-,経営動向,-,かなり増加,-,0,960
2024-01-01,売上高DI,-,経営動向,-,かなり減少,-,0,400
2024-01-01,売上高DI,-,経営動向,-,やや減少,-,0,2100
2024-01-01,売上高DI,-,経営動向,-,変わらない,-,0,3520
2024-01-01,売上高DI,-,経営動向,-,やや増加,-,0,3240
2024-01-01,売上高DI,-,経営動向,-,かなり増加,-,0,740
2024-02-01,売上高DI,-,経営動向,-,かなり減少,-,0,450
2024-02-01,売上高DI,-,経営動向,-,やや減少,-,0,1070
2024-02-01,売上高DI,-,経営動向,-,変わらない,-,0,2710
2024-02-01,売上高DI,-,経営動向,-,やや増加,-,0,4290
2024-02-01,売上高DI,-,経営動向,-,かなり増加,-,0,1470
2024-03-01,売上高DI,-,経営動向,-,かなり減少,-,0,230
2024-03-01,売上高DI,-,経営動向,-,やや減少,-,0,740
2024-03-01,売上高DI,-,経営動向,-,変わらない,-,0,3130
2024-03-01,売上高DI,-,経営動向,-,やや増加,-,0,4660
2024-03-01,売上高DI,-,経営動向,-,かなり増加,-,0,1250
2024-04-01,売上高DI,-,経営動向,-,かなり減少,-,0,370
2024-04-01,売上高DI,-,経営動向,-,やや減少,-,0,3020
2024-04-01,売上高DI,-,経営動向,-,変わらない,-,0,2960
2024-04-01,売上高DI,-,経営動向,-,やや増加,-,0,3020
2024-04-01,売上高DI,-,経営動向,-,かなり増加,-,0,620
2024-05-01,売上高DI,-,経営動向,-,かなり減少,-,0,400
2024-05-01,売上高DI,-,経営動向,-,やや減少,-,0,2830
2024-05-01,売上高DI,-,経営動向,-,変わらない,-,0,3760
2024-05-01,売上高DI,-,経営動向,-,やや増加,-,0,2430
2024-05-01,売上高DI,-,経営動向,-,かなり増加,-,0,580
2024-06-01,売上高DI,-,経営動向,-,かなり減少,-,0,230
2024-06-01,売上高DI,-,経営動向,-,やや減少,-,0,1830
2024-06-01,売上高DI,-,経営動向,-,変わらない,-,0,3260
2024-06-01,売上高DI,-,経営動向,-,やや増加,-,0,3830
2024-06-01,売上高DI,-,経営動向,-,かなり増加,-,0,860
2024-07-01,売上高DI,-,経営動向,-,かなり減少,-,0,1190
2024-07-01,売上高DI,-,経営動向,-,やや減少,-,0,3300
2024-07-01,売上高DI,-,経営動向,-,変わらない,-,0,2950
2024-07-01,売上高DI,-,経営動向,-,やや増加,-,0,2330
2024-07-01,売上高DI,-,経営動向,-,かなり増加,-,0,230
2024-08-01,売上高DI,-,経営動向,-,かなり減少,-,0,230
2024-08-01,売上高DI,-,経営動向,-,やや減少,-,0,1110
2024-08-01,売上高DI,-,経営動向,-,変わらない,-,0,3160
2024-08-01,売上高DI,-,経営動向,-,やや増加,-,0,4440
2024-08-01,売上高DI,-,経営動向,-,かなり増加,-,0,1050
2024-09-01,売上高DI,-,経営動向,-,かなり減少,-,0,310
2024-09-01,売上高DI,-,経営動向,-,やや減少,-,0,2300
2024-09-01,売上高DI,-,経営動向,-,変わらない,-,0,3290
2024-09-01,売上高DI,-,経営動向,-,やや増加,-,0,3660
2024-09-01,売上高DI,-,経営動向,-,かなり増加,-,0,430
2011-04-01,収益DI,-,経営動向,-,かなり減少,-,0,390
2011-04-01,収益DI,-,経営動向,-,やや減少,-,0,2630
2011-04-01,収益DI,-,経営動向,-,変わらない,-,0,2660
2011-04-01,収益DI,-,経営動向,-,やや増加,-,0,3600
2011-04-01,収益DI,-,経営動向,-,かなり増加,-,0,710
2011-05-01,収益DI,-,経営動向,-,かなり減少,-,0,740
2011-05-01,収益DI,-,経営動向,-,やや減少,-,0,3140
2011-05-01,収益DI,-,経営動向,-,変わらない,-,0,3170
2011-05-01,収益DI,-,経営動向,-,やや増加,-,0,2660
2011-05-01,収益DI,-,経営動向,-,かなり増加,-,0,290
2011-06-01,収益DI,-,経営動向,-,かなり減少,-,0,790
2011-06-01,収益DI,-,経営動向,-,やや減少,-,0,3180
2011-06-01,収益DI,-,経営動向,-,変わらない,-,0,3390
2011-06-01,収益DI,-,経営動向,-,やや増加,-,0,2260
2011-06-01,収益DI,-,経営動向,-,かなり増加,-,0,380
2011-07-01,収益DI,-,経営動向,-,かなり減少,-,0,460
2011-07-01,収益DI,-,経営動向,-,やや減少,-,0,2450
2011-07-01,収益DI,-,経営動向,-,変わらない,-,0,2880
2011-07-01,収益DI,-,経営動向,-,やや増加,-,0,3710
2011-07-01,収益DI,-,経営動向,-,かなり増加,-,0,500
2011-08-01,収益DI,-,経営動向,-,かなり減少,-,0,770
2011-08-01,収益DI,-,経営動向,-,やや減少,-,0,3800
2011-08-01,収益DI,-,経営動向,-,変わらない,-,0,2810
2011-08-01,収益DI,-,経営動向,-,やや増加,-,0,2300
2011-08-01,収益DI,-,経営動向,-,かなり増加,-,0,320
2011-09-01,収益DI,-,経営動向,-,かなり減少,-,0,770
2011-09-01,収益DI,-,経営動向,-,やや減少,-,0,3620
2011-09-01,収益DI,-,経営動向,-,変わらない,-,0,3100
2011-09-01,収益DI,-,経営動向,-,やや増加,-,0,2370
2011-09-01,収益DI,-,経営動向,-,かなり増加,-,0,140
2011-10-01,収益DI,-,経営動向,-,かなり減少,-,0,880
2011-10-01,収益DI,-,経営動向,-,やや減少,-,0,3500
2011-10-01,収益DI,-,経営動向,-,変わらない,-,0,3100
2011-10-01,収益DI,-,経営動向,-,やや増加,-,0,2240
2011-10-01,収益DI,-,経営動向,-,かなり増加,-,0,270
2011-11-01,収益DI,-,経営動向,-,かなり減少,-,0,920
2011-11-01,収益DI,-,経営動向,-,やや減少,-,0,4420
2011-11-01,収益DI,-,経営動向,-,変わらない,-,0,2930
2011-11-01,収益DI,-,経営動向,-,やや増加,-,0,1530
2011-11-01,収益DI,-,経営動向,-,かなり増加,-,0,200
2011-12-01,収益DI,-,経営動向,-,かなり減少,-,0,530
2011-12-01,収益DI,-,経営動向,-,やや減少,-,0,3400
2011-12-01,収益DI,-,経営動向,-,変わらない,-,0,2910
2011-12-01,収益DI,-,経営動向,-,やや増加,-,0,2840
2011-12-01,収益DI,-,経営動向,-,かなり増加,-,0,320
2012-01-01,収益DI,-,経営動向,-,かなり減少,-,0,730
2012-01-01,収益DI,-,経営動向,-,やや減少,-,0,3720
2012-01-01,収益DI,-,経営動向,-,変わらない,-,0,3220
2012-01-01,収益DI,-,経営動向,-,やや増加,-,0,2050
2012-01-01,収益DI,-,経営動向,-,かなり増加,-,0,280
2012-02-01,収益DI,-,経営動向,-,かなり減少,-,0,540
2012-02-01,収益DI,-,経営動向,-,やや減少,-,0,3110
2012-02-01,収益DI,-,経営動向,-,変わらない,-,0,3280
2012-02-01,収益DI,-,経営動向,-,やや増加,-,0,2780
2012-02-01,収益DI,-,経営動向,-,かなり増加,-,0,300
2012-03-01,収益DI,-,経営動向,-,かなり減少,-,,2020
2012-03-01,収益DI,-,経営動向,-,やや減少,-,,4180
2012-03-01,収益DI,-,経営動向,-,変わらない,-,,2290
2012-03-01,収益DI,-,経営動向,-,やや増加,-,,1230
2012-03-01,収益DI,-,経営動向,-,かなり増加,-,,270
2012-04-01,収益DI,-,経営動向,-,かなり減少,-,,1160
2012-04-01,収益DI,-,経営動向,-,やや減少,-,,4740
2012-04-01,収益DI,-,経営動向,-,変わらない,-,,2620
2012-04-01,収益DI,-,経営動向,-,やや増加,-,,1320
2012-04-01,収益DI,-,経営動向,-,かなり増加,-,,170
2012-05-01,収益DI,-,経営動向,-,かなり減少,-,,770
2012-05-01,収益DI,-,経営動向,-,やや減少,-,,4010
2012-05-01,収益DI,-,経営動向,-,変わらない,-,,3160
2012-05-01,収益DI,-,経営動向,-,やや増加,-,,1850
2012-05-01,収益DI,-,経営動向,-,かなり増加,-,,200
2012-06-01,収益DI,-,経営動向,-,かなり減少,-,,850
2012-06-01,収益DI,-,経営動向,-,やや減少,-,,4200
2012-06-01,収益DI,-,経営動向,-,変わらない,-,,2880
2012-06-01,収益DI,-,経営動向,-,やや増加,-,,1760
2012-06-01,収益DI,-,経営動向,-,かなり増加,-,,310
2012-07-01,収益DI,-,経営動向,-,かなり減少,-,,1260
2012-07-01,収益DI,-,経営動向,-,やや減少,-,,4740
2012-07-01,収益DI,-,経営動向,-,変わらない,-,,2700
2012-07-01,収益DI,-,経営動向,-,やや増加,-,,1190
2012-07-01,収益DI,-,経営動向,-,かなり増加,-,,100
2012-08-01,収益DI,-,経営動向,-,かなり減少,-,,840
2012-08-01,収益DI,-,経営動向,-,やや減少,-,,4480
2012-08-01,収益DI,-,経営動向,-,変わらない,-,,2690
2012-08-01,収益DI,-,経営動向,-,やや増加,-,,1750
2012-08-01,収益DI,-,経営動向,-,かなり増加,-,,240
2012-09-01,収益DI,-,経営動向,-,かなり減少,-,,980
2012-09-01,収益DI,-,経営動向,-,やや減少,-,,4860
2012-09-01,収益DI,-,経営動向,-,変わらない,-,,2570
2012-09-01,収益DI,-,経営動向,-,やや増加,-,,1410
2012-09-01,収益DI,-,経営動向,-,かなり増加,-,,180
2012-10-01,収益DI,-,経営動向,-,かなり減少,-,,1110
2012-10-01,収益DI,-,経営動向,-,やや減少,-,,4370
2012-10-01,収益DI,-,経営動向,-,変わらない,-,,3040
2012-10-01,収益DI,-,経営動向,-,やや増加,-,,1370
2012-10-01,収益DI,-,経営動向,-,かなり増加,-,,110
2012-11-01,収益DI,-,経営動向,-,かなり減少,-,,1000
2012-11-01,収益DI,-,経営動向,-,やや減少,-,,4930
2012-11-01,収益DI,-,経営動向,-,変わらない,-,,2190
2012-11-01,収益DI,-,経営動向,-,やや増加,-,,1630
2012-11-01,収益DI,-,経営動向,-,かなり増加,-,,260
2012-12-01,収益DI,-,経営動向,-,かなり減少,-,,920
2012-12-01,収益DI,-,経営動向,-,やや減少,-,,3960
2012-12-01,収益DI,-,経営動向,-,変わらない,-,,2860
2012-12-01,収益DI,-,経営動向,-,やや増加,-,,2050
2012-12-01,収益DI,-,経営動向,-,かなり増加,-,,220
2013-01-01,収益DI,-,経営動向,-,かなり減少,-,,950
2013-01-01,収益DI,-,経営動向,-,やや減少,-,,4760
2013-01-01,収益DI,-,経営動向,-,変わらない,-,,2420
2013-01-01,収益DI,-,経営動向,-,やや増加,-,,1650
2013-01-01,収益DI,-,経営動向,-,かなり増加,-,,220
2013-02-01,収益DI,-,経営動向,-,かなり減少,-,,1700
2013-02-01,収益DI,-,経営動向,-,やや減少,-,,4980
2013-02-01,収益DI,-,経営動向,-,変わらない,-,,2260
2013-02-01,収益DI,-,経営動向,-,やや増加,-,,980
2013-02-01,収益DI,-,経営動向,-,かなり増加,-,,80
2013-03-01,収益DI,-,経営動向,-,かなり減少,-,,880
2013-03-01,収益DI,-,経営動向,-,やや減少,-,,3650
2013-03-01,収益DI,-,経営動向,-,変わらない,-,,2850
2013-03-01,収益DI,-,経営動向,-,やや増加,-,,2420
2013-03-01,収益DI,-,経営動向,-,かなり増加,-,,190
2013-04-01,収益DI,-,経営動向,-,かなり減少,-,,1060
2013-04-01,収益DI,-,経営動向,-,やや減少,-,,4410
2013-04-01,収益DI,-,経営動向,-,変わらない,-,,2890
2013-04-01,収益DI,-,経営動向,-,やや増加,-,,1600
2013-04-01,収益DI,-,経営動向,-,かなり増加,-,,40
2013-05-01,収益DI,-,経営動向,-,かなり減少,-,,970
2013-05-01,収益DI,-,経営動向,-,やや減少,-,,3860
2013-05-01,収益DI,-,経営動向,-,変わらない,-,,3050
2013-05-01,収益DI,-,経営動向,-,やや増加,-,,2010
2013-05-01,収益DI,-,経営動向,-,かなり増加,-,,120
2013-06-01,収益DI,-,経営動向,-,かなり減少,-,,880
2013-06-01,収益DI,-,経営動向,-,やや減少,-,,3240
2013-06-01,収益DI,-,経営動向,-,変わらない,-,,3320
2013-06-01,収益DI,-,経営動向,-,やや増加,-,,2290
2013-06-01,収益DI,-,経営動向,-,かなり増加,-,,270
2013-07-01,収益DI,-,経営動向,-,かなり減少,-,,910
2013-07-01,収益DI,-,経営動向,-,やや減少,-,,3610
2013-07-01,収益DI,-,経営動向,-,変わらない,-,,3080
2013-07-01,収益DI,-,経営動向,-,やや増加,-,,2210
2013-07-01,収益DI,-,経営動向,-,かなり増加,-,,190
2013-08-01,収益DI,-,経営動向,-,かなり減少,-,,860
2013-08-01,収益DI,-,経営動向,-,やや減少,-,,2960
2013-08-01,収益DI,-,経営動向,-,変わらない,-,,3250
2013-08-01,収益DI,-,経営動向,-,やや増加,-,,2590
2013-08-01,収益DI,-,経営動向,-,かなり増加,-,,330
2013-09-01,収益DI,-,経営動向,-,かなり減少,-,,690
2013-09-01,収益DI,-,経営動向,-,やや減少,-,,3040
2013-09-01,収益DI,-,経営動向,-,変わらない,-,,3560
2013-09-01,収益DI,-,経営動向,-,やや増加,-,,2510
2013-09-01,収益DI,-,経営動向,-,かなり増加,-,,200
2013-10-01,収益DI,-,経営動向,-,かなり減少,-,,620
2013-10-01,収益DI,-,経営動向,-,やや減少,-,,2840
2013-10-01,収益DI,-,経営動向,-,変わらない,-,,3230
2013-10-01,収益DI,-,経営動向,-,やや増加,-,,3000
2013-10-01,収益DI,-,経営動向,-,かなり増加,-,,310
2013-11-01,収益DI,-,経営動向,-,かなり減少,-,,570
2013-11-01,収益DI,-,経営動向,-,やや減少,-,,2530
2013-11-01,収益DI,-,経営動向,-,変わらない,-,,3220
2013-11-01,収益DI,-,経営動向,-,やや増加,-,,3220
2013-11-01,収益DI,-,経営動向,-,かなり増加,-,,460
2013-12-01,収益DI,-,経営動向,-,かなり減少,-,,500
2013-12-01,収益DI,-,経営動向,-,やや減少,-,,2240
2013-12-01,収益DI,-,経営動向,-,変わらない,-,,3360
2013-12-01,収益DI,-,経営動向,-,やや増加,-,,3470
2013-12-01,収益DI,-,経営動向,-,かなり増加,-,,420
2014-01-01,収益DI,-,経営動向,-,かなり減少,-,,550
2014-01-01,収益DI,-,経営動向,-,やや減少,-,,2730
2014-01-01,収益DI,-,経営動向,-,変わらない,-,,3400
2014-01-01,収益DI,-,経営動向,-,やや増加,-,,2980
2014-01-01,収益DI,-,経営動向,-,かなり増加,-,,340
2014-02-01,収益DI,-,経営動向,-,かなり減少,-,,420
2014-02-01,収益DI,-,経営動向,-,やや減少,-,,2150
2014-02-01,収益DI,-,経営動向,-,変わらない,-,,3380
2014-02-01,収益DI,-,経営動向,-,やや増加,-,,3590
2014-02-01,収益DI,-,経営動向,-,かなり増加,-,,460
2014-03-01,収益DI,-,経営動向,-,かなり減少,-,,300
2014-03-01,収益DI,-,経営動向,-,やや減少,-,,1360
2014-03-01,収益DI,-,経営動向,-,変わらない,-,,2260
2014-03-01,収益DI,-,経営動向,-,やや増加,-,,4770
2014-03-01,収益DI,-,経営動向,-,かなり増加,-,,1320
2014-04-01,収益DI,-,経営動向,-,かなり減少,-,,1270
2014-04-01,収益DI,-,経営動向,-,やや減少,-,,3800
2014-04-01,収益DI,-,経営動向,-,変わらない,-,,2330
2014-04-01,収益DI,-,経営動向,-,やや増加,-,,2330
2014-04-01,収益DI,-,経営動向,-,かなり増加,-,,290
2014-05-01,収益DI,-,経営動向,-,かなり減少,-,,310
2014-05-01,収益DI,-,経営動向,-,やや減少,-,,2460
2014-05-01,収益DI,-,経営動向,-,変わらない,-,,2630
2014-05-01,収益DI,-,経営動向,-,やや増加,-,,3930
2014-05-01,収益DI,-,経営動向,-,かなり増加,-,,670
2014-06-01,収益DI,-,経営動向,-,かなり減少,-,,650
2014-06-01,収益DI,-,経営動向,-,やや減少,-,,2350
2014-06-01,収益DI,-,経営動向,-,変わらない,-,,2650
2014-06-01,収益DI,-,経営動向,-,やや増加,-,,3780
2014-06-01,収益DI,-,経営動向,-,かなり増加,-,,570
2014-07-01,収益DI,-,経営動向,-,かなり減少,-,,610
2014-07-01,収益DI,-,経営動向,-,やや減少,-,,2300
2014-07-01,収益DI,-,経営動向,-,変わらない,-,,2910
2014-07-01,収益DI,-,経営動向,-,やや増加,-,,3480
2014-07-01,収益DI,-,経営動向,-,かなり増加,-,,700
2014-08-01,収益DI,-,経営動向,-,かなり減少,-,,540
2014-08-01,収益DI,-,経営動向,-,やや減少,-,,1870
2014-08-01,収益DI,-,経営動向,-,変わらない,-,,2700
2014-08-01,収益DI,-,経営動向,-,やや増加,-,,4020
2014-08-01,収益DI,-,経営動向,-,かなり増加,-,,870
2014-09-01,収益DI,-,経営動向,-,かなり減少,-,,780
2014-09-01,収益DI,-,経営動向,-,やや減少,-,,2240
2014-09-01,収益DI,-,経営動向,-,変わらない,-,,2970
2014-09-01,収益DI,-,経営動向,-,やや増加,-,,3520
2014-09-01,収益DI,-,経営動向,-,かなり増加,-,,500
2014-10-01,収益DI,-,経営動向,-,かなり減少,-,,660
2014-10-01,収益DI,-,経営動向,-,やや減少,-,,2110
2014-10-01,収益DI,-,経営動向,-,変わらない,-,,3050
2014-10-01,収益DI,-,経営動向,-,やや増加,-,,3570
2014-10-01,収益DI,-,経営動向,-,かなり増加,-,,610
2014-11-01,収益DI,-,経営動向,-,かなり減少,-,,570
2014-11-01,収益DI,-,経営動向,-,やや減少,-,,2560
2014-11-01,収益DI,-,経営動向,-,変わらない,-,,3360
2014-11-01,収益DI,-,経営動向,-,やや増加,-,,3030
2014-11-01,収益DI,-,経営動向,-,かなり増加,-,,470
2014-12-01,収益DI,-,経営動向,-,かなり減少,-,,780
2014-12-01,収益DI,-,経営動向,-,やや減少,-,,2280
2014-12-01,収益DI,-,経営動向,-,変わらない,-,,3680
2014-12-01,収益DI,-,経営動向,-,やや増加,-,,2850
2014-12-01,収益DI,-,経営動向,-,かなり増加,-,,410
2015-01-01,収益DI,-,経営動向,-,かなり減少,-,,1060
2015-01-01,収益DI,-,経営動向,-,やや減少,-,,1970
2015-01-01,収益DI,-,経営動向,-,変わらない,-,,2980
2015-01-01,収益DI,-,経営動向,-,やや増加,-,,3350
2015-01-01,収益DI,-,経営動向,-,かなり増加,-,,640
2015-02-01,収益DI,-,経営動向,-,かなり減少,-,,950
2015-02-01,収益DI,-,経営動向,-,やや減少,-,,1950
2015-02-01,収益DI,-,経営動向,-,変わらない,-,,3230
2015-02-01,収益DI,-,経営動向,-,やや増加,-,,3410
2015-02-01,収益DI,-,経営動向,-,かなり増加,-,,450
2015-03-01,収益DI,-,経営動向,-,かなり減少,-,,1490
2015-03-01,収益DI,-,経営動向,-,やや減少,-,,3390
2015-03-01,収益DI,-,経営動向,-,変わらない,-,,2580
2015-03-01,収益DI,-,経営動向,-,やや増加,-,,2310
2015-03-01,収益DI,-,経営動向,-,かなり増加,-,,230
2015-04-01,収益DI,-,経営動向,-,かなり減少,-,,410
2015-04-01,収益DI,-,経営動向,-,やや減少,-,,1400
2015-04-01,収益DI,-,経営動向,-,変わらない,-,,2670
2015-04-01,収益DI,-,経営動向,-,やや増加,-,,4660
2015-04-01,収益DI,-,経営動向,-,かなり増加,-,,860
2015-05-01,収益DI,-,経営動向,-,かなり減少,-,,320
2015-05-01,収益DI,-,経営動向,-,やや減少,-,,1220
2015-05-01,収益DI,-,経営動向,-,変わらない,-,,3470
2015-05-01,収益DI,-,経営動向,-,やや増加,-,,4370
2015-05-01,収益DI,-,経営動向,-,かなり増加,-,,630
2015-06-01,収益DI,-,経営動向,-,かなり減少,-,,800
2015-06-01,収益DI,-,経営動向,-,やや減少,-,,2220
2015-06-01,収益DI,-,経営動向,-,変わらない,-,,3400
2015-06-01,収益DI,-,経営動向,-,やや増加,-,,3020
2015-06-01,収益DI,-,経営動向,-,かなり増加,-,,570
2015-07-01,収益DI,-,経営動向,-,かなり減少,-,,540
2015-07-01,収益DI,-,経営動向,-,やや減少,-,,2120
2015-07-01,収益DI,-,経営動向,-,変わらない,-,,3650
2015-07-01,収益DI,-,経営動向,-,やや増加,-,,3330
2015-07-01,収益DI,-,経営動向,-,かなり増加,-,,360
2015-08-01,収益DI,-,経営動向,-,かなり減少,-,,370
2015-08-01,収益DI,-,経営動向,-,やや減少,-,,2250
2015-08-01,収益DI,-,経営動向,-,変わらない,-,,3850
2015-08-01,収益DI,-,経営動向,-,やや増加,-,,3210
2015-08-01,収益DI,-,経営動向,-,かなり増加,-,,320
2015-09-01,収益DI,-,経営動向,-,かなり減少,-,,650
2015-09-01,収益DI,-,経営動向,-,やや減少,-,,1840
2015-09-01,収益DI,-,経営動向,-,変わらない,-,,4240
2015-09-01,収益DI,-,経営動向,-,やや増加,-,,2670
2015-09-01,収益DI,-,経営動向,-,かなり増加,-,,600
2015-10-01,収益DI,-,経営動向,-,かなり減少,-,,500
2015-10-01,収益DI,-,経営動向,-,やや減少,-,,2170
2015-10-01,収益DI,-,経営動向,-,変わらない,-,,3940
2015-10-01,収益DI,-,経営動向,-,やや増加,-,,3210
2015-10-01,収益DI,-,経営動向,-,かなり増加,-,,180
2015-11-01,収益DI,-,経営動向,-,かなり減少,-,,400
2015-11-01,収益DI,-,経営動向,-,やや減少,-,,3080
2015-11-01,収益DI,-,経営動向,-,変わらない,-,,3750
2015-11-01,収益DI,-,経営動向,-,やや増加,-,,2370
2015-11-01,収益DI,-,経営動向,-,かなり増加,-,,400
2015-12-01,収益DI,-,経営動向,-,かなり減少,-,,420
2015-12-01,収益DI,-,経営動向,-,やや減少,-,,2940
2015-12-01,収益DI,-,経営動向,-,変わらない,-,,4110
2015-12-01,収益DI,-,経営動向,-,やや増加,-,,2290
2015-12-01,収益DI,-,経営動向,-,かなり増加,-,,230
2016-01-01,収益DI,-,経営動向,-,かなり減少,-,,410
2016-01-01,収益DI,-,経営動向,-,やや減少,-,,1830
2016-01-01,収益DI,-,経営動向,-,変わらない,-,,3760
2016-01-01,収益DI,-,経営動向,-,やや増加,-,,3350
2016-01-01,収益DI,-,経営動向,-,かなり増加,-,,640
2016-02-01,収益DI,-,経営動向,-,かなり減少,-,,240
2016-02-01,収益DI,-,経営動向,-,やや減少,-,,1910
2016-02-01,収益DI,-,経営動向,-,変わらない,-,,3590
2016-02-01,収益DI,-,経営動向,-,やや増加,-,,3590
2016-02-01,収益DI,-,経営動向,-,かなり増加,-,,670
2016-03-01,収益DI,-,経営動向,-,かなり減少,-,,390
2016-03-01,収益DI,-,経営動向,-,やや減少,-,,2800
2016-03-01,収益DI,-,経営動向,-,変わらない,-,,3720
2016-03-01,収益DI,-,経営動向,-,やや増加,-,,2710
2016-03-01,収益DI,-,経営動向,-,かなり増加,-,,390
2016-04-01,収益DI,-,経営動向,-,かなり減少,-,,150
2016-04-01,収益DI,-,経営動向,-,やや減少,-,,2790
2016-04-01,収益DI,-,経営動向,-,変わらない,-,,3480
2016-04-01,収益DI,-,経営動向,-,やや増加,-,,3140
2016-04-01,収益DI,-,経営動向,-,かなり増加,-,,440
2016-05-01,収益DI,-,経営動向,-,かなり減少,-,,750
2016-05-01,収益DI,-,経営動向,-,やや減少,-,,3220
2016-05-01,収益DI,-,経営動向,-,変わらない,-,,3620
2016-05-01,収益DI,-,経営動向,-,やや増加,-,,2110
2016-05-01,収益DI,-,経営動向,-,かなり増加,-,,300
2016-06-01,収益DI,-,経営動向,-,かなり減少,-,,760
2016-06-01,収益DI,-,経営動向,-,やや減少,-,,3180
2016-06-01,収益DI,-,経営動向,-,変わらない,-,,3840
2016-06-01,収益DI,-,経営動向,-,やや増加,-,,2120
2016-06-01,収益DI,-,経営動向,-,かなり増加,-,,100
2016-07-01,収益DI,-,経営動向,-,かなり減少,-,,700
2016-07-01,収益DI,-,経営動向,-,やや減少,-,,2910
2016-07-01,収益DI,-,経営動向,-,変わらない,-,,3920
2016-07-01,収益DI,-,経営動向,-,やや増加,-,,2010
2016-07-01,収益DI,-,経営動向,-,かなり増加,-,,450
2016-08-01,収益DI,-,経営動向,-,かなり減少,-,,1090
2016-08-01,収益DI,-,経営動向,-,やや減少,-,,4230
2016-08-01,収益DI,-,経営動向,-,変わらない,-,,2890
2016-08-01,収益DI,-,経営動向,-,やや増加,-,,1490
2016-08-01,収益DI,-,経営動向,-,かなり増加,-,,300
2016-09-01,収益DI,-,経営動向,-,かなり減少,-,,1290
2016-09-01,収益DI,-,経営動向,-,やや減少,-,,3730
2016-09-01,収益DI,-,経営動向,-,変わらない,-,,3530
2016-09-01,収益DI,-,経営動向,-,やや増加,-,,1190
2016-09-01,収益DI,-,経営動向,-,かなり増加,-,,250
2016-10-01,収益DI,-,経営動向,-,かなり減少,-,,960
2016-10-01,収益DI,-,経営動向,-,やや減少,-,,2980
2016-10-01,収益DI,-,経営動向,-,変わらない,-,,3840
2016-10-01,収益DI,-,経営動向,-,やや増加,-,,2120
2016-10-01,収益DI,-,経営動向,-,かなり増加,-,,100
2016-11-01,収益DI,-,経営動向,-,かなり減少,-,,850
2016-11-01,収益DI,-,経営動向,-,やや減少,-,,3320
2016-11-01,収益DI,-,経営動向,-,変わらない,-,,3120
2016-11-01,収益DI,-,経営動向,-,やや増加,-,,2410
2016-11-01,収益DI,-,経営動向,-,かなり増加,-,,300
2016-12-01,収益DI,-,経営動向,-,かなり減少,-,,500
2016-12-01,収益DI,-,経営動向,-,やや減少,-,,3270
2016-12-01,収益DI,-,経営動向,-,変わらない,-,,3870
2016-12-01,収益DI,-,経営動向,-,やや増加,-,,2110
2016-12-01,収益DI,-,経営動向,-,かなり増加,-,,250
2017-01-01,収益DI,-,経営動向,-,かなり減少,-,,750
2017-01-01,収益DI,-,経営動向,-,やや減少,-,,3570
2017-01-01,収益DI,-,経営動向,-,変わらない,-,,3920
2017-01-01,収益DI,-,経営動向,-,やや増加,-,,1660
2017-01-01,収益DI,-,経営動向,-,かなり増加,-,,100
2017-02-01,収益DI,-,経営動向,-,かなり減少,-,,1220
2017-02-01,収益DI,-,経営動向,-,やや減少,-,,4310
2017-02-01,収益DI,-,経営動向,-,変わらない,-,,3450
2017-02-01,収益DI,-,経営動向,-,やや増加,-,,910
2017-02-01,収益DI,-,経営動向,-,かなり増加,-,,100
2017-03-01,収益DI,-,経営動向,-,かなり減少,-,,1010
2017-03-01,収益DI,-,経営動向,-,やや減少,-,,3970
2017-03-01,収益DI,-,経営動向,-,変わらない,-,,3520
2017-03-01,収益DI,-,経営動向,-,やや増加,-,,1460
2017-03-01,収益DI,-,経営動向,-,かなり増加,-,,50
2017-04-01,収益DI,-,経営動向,-,かなり減少,-,,970
2017-04-01,収益DI,-,経営動向,-,やや減少,-,,3480
2017-04-01,収益DI,-,経営動向,-,変わらない,-,,3480
2017-04-01,収益DI,-,経営動向,-,やや増加,-,,1880
2017-04-01,収益DI,-,経営動向,-,かなり増加,-,,190
2017-05-01,収益DI,-,経営動向,-,かなり減少,-,,960
2017-05-01,収益DI,-,経営動向,-,やや減少,-,,3750
2017-05-01,収益DI,-,経営動向,-,変わらない,-,,3510
2017-05-01,収益DI,-,経営動向,-,やや増加,-,,1540
2017-05-01,収益DI,-,経営動向,-,かなり増加,-,,240
2017-06-01,収益DI,-,経営動向,-,かなり減少,-,,980
2017-06-01,収益DI,-,経営動向,-,やや減少,-,,3790
2017-06-01,収益DI,-,経営動向,-,変わらない,-,,3510
2017-06-01,収益DI,-,経営動向,-,やや増加,-,,1490
2017-06-01,収益DI,-,経営動向,-,かなり増加,-,,230
2017-07-01,収益DI,-,経営動向,-,かなり減少,-,,1090
2017-07-01,収益DI,-,経営動向,-,やや減少,-,,3940
2017-07-01,収益DI,-,経営動向,-,変わらない,-,,3210
2017-07-01,収益DI,-,経営動向,-,やや増加,-,,1610
2017-07-01,収益DI,-,経営動向,-,かなり増加,-,,160
2017-08-01,収益DI,-,経営動向,-,かなり減少,-,,900
2017-08-01,収益DI,-,経営動向,-,やや減少,-,,3850
2017-08-01,収益DI,-,経営動向,-,変わらない,-,,3400
2017-08-01,収益DI,-,経営動向,-,やや増加,-,,1600
2017-08-01,収益DI,-,経営動向,-,かなり増加,-,,250
2017-09-01,収益DI,-,経営動向,-,かなり減少,-,,1140
2017-09-01,収益DI,-,経営動向,-,やや減少,-,,3580
2017-09-01,収益DI,-,経営動向,-,変わらない,-,,3060
2017-09-01,収益DI,-,経営動向,-,やや増加,-,,1970
2017-09-01,収益DI,-,経営動向,-,かなり増加,-,,260
2017-10-01,収益DI,-,経営動向,-,かなり減少,-,,1620
2017-10-01,収益DI,-,経営動向,-,やや減少,-,,3510
2017-10-01,収益DI,-,経営動向,-,変わらない,-,,3460
2017-10-01,収益DI,-,経営動向,-,やや増加,-,,1200
2017-10-01,収益DI,-,経営動向,-,かなり増加,-,,210
2017-11-01,収益DI,-,経営動向,-,かなり減少,-,,1140
2017-11-01,収益DI,-,経営動向,-,やや減少,-,,3630
2017-11-01,収益DI,-,経営動向,-,変わらない,-,,3180
2017-11-01,収益DI,-,経営動向,-,やや増加,-,,1840
2017-11-01,収益DI,-,経営動向,-,かなり増加,-,,200
2017-12-01,収益DI,-,経営動向,-,かなり減少,-,,880
2017-12-01,収益DI,-,経営動向,-,やや減少,-,,2680
2017-12-01,収益DI,-,経営動向,-,変わらない,-,,3970
2017-12-01,収益DI,-,経営動向,-,やや増加,-,,2320
2017-12-01,収益DI,-,経営動向,-,かなり増加,-,,150
2018-01-01,収益DI,-,経営動向,-,かなり減少,-,,830
2018-01-01,収益DI,-,経営動向,-,やや減少,-,,2900
2018-01-01,収益DI,-,経営動向,-,変わらない,-,,4090
2018-01-01,収益DI,-,経営動向,-,やや増加,-,,1870
2018-01-01,収益DI,-,経営動向,-,かなり増加,-,,310
2018-02-01,収益DI,-,経営動向,-,かなり減少,-,,770
2018-02-01,収益DI,-,経営動向,-,やや減少,-,,3010
2018-02-01,収益DI,-,経営動向,-,変わらない,-,,4130
2018-02-01,収益DI,-,経営動向,-,やや増加,-,,1630
2018-02-01,収益DI,-,経営動向,-,かなり増加,-,,460
2018-03-01,収益DI,-,経営動向,-,かなり減少,-,,870
2018-03-01,収益DI,-,経営動向,-,やや減少,-,,2960
2018-03-01,収益DI,-,経営動向,-,変わらない,-,,3780
2018-03-01,収益DI,-,経営動向,-,やや増加,-,,2090
2018-03-01,収益DI,-,経営動向,-,かなり増加,-,,310
2018-04-01,収益DI,-,経営動向,-,かなり減少,-,,950
2018-04-01,収益DI,-,経営動向,-,やや減少,-,,4230
2018-04-01,収益DI,-,経営動向,-,変わらない,-,,2840
2018-04-01,収益DI,-,経営動向,-,やや増加,-,,1640
2018-04-01,収益DI,-,経営動向,-,かなり増加,-,,350
2018-05-01,収益DI,-,経営動向,-,かなり減少,-,,1030
2018-05-01,収益DI,-,経営動向,-,やや減少,-,,3970
2018-05-01,収益DI,-,経営動向,-,変わらない,-,,3200
2018-05-01,収益DI,-,経営動向,-,やや増加,-,,1600
2018-05-01,収益DI,-,経営動向,-,かなり増加,-,,210
2018-06-01,収益DI,-,経営動向,-,かなり減少,-,,900
2018-06-01,収益DI,-,経営動向,-,やや減少,-,,3730
2018-06-01,収益DI,-,経営動向,-,変わらない,-,,3080
2018-06-01,収益DI,-,経営動向,-,やや増加,-,,2090
2018-06-01,収益DI,-,経営動向,-,かなり増加,-,,200
2018-07-01,収益DI,-,経営動向,-,かなり減少,-,,790
2018-07-01,収益DI,-,経営動向,-,やや減少,-,,3300
2018-07-01,収益DI,-,経営動向,-,変わらない,-,,3090
2018-07-01,収益DI,-,経営動向,-,やや増加,-,,2510
2018-07-01,収益DI,-,経営動向,-,かなり増加,-,,310
2018-08-01,収益DI,-,経営動向,-,かなり減少,-,,1200
2018-08-01,収益DI,-,経営動向,-,やや減少,-,,3440
2018-08-01,収益DI,-,経営動向,-,変わらない,-,,2900
2018-08-01,収益DI,-,経営動向,-,やや増加,-,,2300
2018-08-01,収益DI,-,経営動向,-,かなり増加,-,,160
2018-09-01,収益DI,-,経営動向,-,かなり減少,-,,650
2018-09-01,収益DI,-,経営動向,-,やや減少,-,,3230
2018-09-01,収益DI,-,経営動向,-,変わらない,-,,2900
2018-09-01,収益DI,-,経営動向,-,やや増加,-,,2630
2018-09-01,収益DI,-,経営動向,-,かなり増加,-,,590
2018-10-01,収益DI,-,経営動向,-,かなり減少,-,,1090
2018-10-01,収益DI,-,経営動向,-,やや減少,-,,3110
2018-10-01,収益DI,-,経営動向,-,変わらない,-,,3060
2018-10-01,収益DI,-,経営動向,-,やや増加,-,,2570
2018-10-01,収益DI,-,経営動向,-,かなり増加,-,,160
2018-11-01,収益DI,-,経営動向,-,かなり減少,-,,1200
2018-11-01,収益DI,-,経営動向,-,やや減少,-,,4180
2018-11-01,収益DI,-,経営動向,-,変わらない,-,,3040
2018-11-01,収益DI,-,経営動向,-,やや増加,-,,1250
2018-11-01,収益DI,-,経営動向,-,かなり増加,-,,330
2018-12-01,収益DI,-,経営動向,-,かなり減少,-,,1120
2018-12-01,収益DI,-,経営動向,-,やや減少,-,,3990
2018-12-01,収益DI,-,経営動向,-,変わらない,-,,3310
2018-12-01,収益DI,-,経営動向,-,やや増加,-,,1010
2018-12-01,収益DI,-,経営動向,-,かなり増加,-,,560
2019-01-01,収益DI,-,経営動向,-,かなり減少,-,,1480
2019-01-01,収益DI,-,経営動向,-,やや減少,-,,4120
2019-01-01,収益DI,-,経営動向,-,変わらない,-,,2420
2019-01-01,収益DI,-,経営動向,-,やや増加,-,,1700
2019-01-01,収益DI,-,経営動向,-,かなり増加,-,,270
2019-02-01,収益DI,-,経営動向,-,かなり減少,-,,1850
2019-02-01,収益DI,-,経営動向,-,やや減少,-,,4020
2019-02-01,収益DI,-,経営動向,-,変わらない,-,,2910
2019-02-01,収益DI,-,経営動向,-,やや増加,-,,1060
2019-02-01,収益DI,-,経営動向,-,かなり増加,-,,160
2019-03-01,収益DI,-,経営動向,-,かなり減少,-,,1050
2019-03-01,収益DI,-,経営動向,-,やや減少,-,,4000
2019-03-01,収益DI,-,経営動向,-,変わらない,-,,2790
2019-03-01,収益DI,-,経営動向,-,やや増加,-,,2000
2019-03-01,収益DI,-,経営動向,-,かなり増加,-,,160
2019-04-01,収益DI,-,経営動向,-,かなり減少,-,,1050
2019-04-01,収益DI,-,経営動向,-,やや減少,-,,3980
2019-04-01,収益DI,-,経営動向,-,変わらない,-,,3310
2019-04-01,収益DI,-,経営動向,-,やや増加,-,,1490
2019-04-01,収益DI,-,経営動向,-,かなり増加,-,,170
2019-05-01,収益DI,-,経営動向,-,かなり減少,-,,1120
2019-05-01,収益DI,-,経営動向,-,やや減少,-,,3800
2019-05-01,収益DI,-,経営動向,-,変わらない,-,,2890
2019-05-01,収益DI,-,経営動向,-,やや増加,-,,1980
2019-05-01,収益DI,-,経営動向,-,かなり増加,-,,210
2019-06-01,収益DI,-,経営動向,-,かなり減少,-,,740
2019-06-01,収益DI,-,経営動向,-,やや減少,-,,3330
2019-06-01,収益DI,-,経営動向,-,変わらない,-,,3440
2019-06-01,収益DI,-,経営動向,-,やや増加,-,,1850
2019-06-01,収益DI,-,経営動向,-,かなり増加,-,,630
2019-07-01,収益DI,-,経営動向,-,かなり減少,-,,1890
2019-07-01,収益DI,-,経営動向,-,やや減少,-,,4830
2019-07-01,収益DI,-,経営動向,-,変わらない,-,,2060
2019-07-01,収益DI,-,経営動向,-,やや増加,-,,1060
2019-07-01,収益DI,-,経営動向,-,かなり増加,-,,170
2019-08-01,収益DI,-,経営動向,-,かなり減少,-,,1330
2019-08-01,収益DI,-,経営動向,-,やや減少,-,,3430
2019-08-01,収益DI,-,経営動向,-,変わらない,-,,2830
2019-08-01,収益DI,-,経営動向,-,やや増加,-,,1810
2019-08-01,収益DI,-,経営動向,-,かなり増加,-,,600
2019-09-01,収益DI,-,経営動向,-,かなり減少,-,,1510
2019-09-01,収益DI,-,経営動向,-,やや減少,-,,3070
2019-09-01,収益DI,-,経営動向,-,変わらない,-,,3130
2019-09-01,収益DI,-,経営動向,-,やや増加,-,,1750
2019-09-01,収益DI,-,経営動向,-,かなり増加,-,,540
2019-10-01,収益DI,-,経営動向,-,かなり減少,-,,1480
2019-10-01,収益DI,-,経営動向,-,やや減少,-,,3960
2019-10-01,収益DI,-,経営動向,-,変わらない,-,,2860
2019-10-01,収益DI,-,経営動向,-,やや増加,-,,1430
2019-10-01,収益DI,-,経営動向,-,かなり増加,-,,270
2019-11-01,収益DI,-,経営動向,-,かなり減少,-,,700
2019-11-01,収益DI,-,経営動向,-,やや減少,-,,3550
2019-11-01,収益DI,-,経営動向,-,変わらない,-,,3660
2019-11-01,収益DI,-,経営動向,-,やや増加,-,,1690
2019-11-01,収益DI,-,経営動向,-,かなり増加,-,,410
2019-12-01,収益DI,-,経営動向,-,かなり減少,-,,660
2019-12-01,収益DI,-,経営動向,-,やや減少,-,,2950
2019-12-01,収益DI,-,経営動向,-,変わらない,-,,3830
2019-12-01,収益DI,-,経営動向,-,やや増加,-,,2240
2019-12-01,収益DI,-,経営動向,-,かなり増加,-,,330
2020-01-01,収益DI,-,経営動向,-,かなり減少,-,,960
2020-01-01,収益DI,-,経営動向,-,やや減少,-,,3310
2020-01-01,収益DI,-,経営動向,-,変わらない,-,,3430
2020-01-01,収益DI,-,経営動向,-,やや増加,-,,2080
2020-01-01,収益DI,-,経営動向,-,かなり増加,-,,220
2020-02-01,収益DI,-,経営動向,-,かなり減少,-,,460
2020-02-01,収益DI,-,経営動向,-,やや減少,-,,1260
2020-02-01,収益DI,-,経営動向,-,変わらない,-,,2740
2020-02-01,収益DI,-,経営動向,-,やや増加,-,,4000
2020-02-01,収益DI,-,経営動向,-,かなり増加,-,,1540
2020-03-01,収益DI,-,経営動向,-,かなり減少,-,,390
2020-03-01,収益DI,-,経営動向,-,やや減少,-,,1390
2020-03-01,収益DI,-,経営動向,-,変わらない,-,,1330
2020-03-01,収益DI,-,経営動向,-,やや増加,-,,4830
2020-03-01,収益DI,-,経営動向,-,かなり増加,-,,2060
2020-04-01,収益DI,-,経営動向,-,かなり減少,-,,610
2020-04-01,収益DI,-,経営動向,-,やや減少,-,,840
2020-04-01,収益DI,-,経営動向,-,変わらない,-,,1170
2020-04-01,収益DI,-,経営動向,-,やや増加,-,,3800
2020-04-01,収益DI,-,経営動向,-,かなり増加,-,,3580
2020-05-01,収益DI,-,経営動向,-,かなり減少,-,,400
2020-05-01,収益DI,-,経営動向,-,やや減少,-,,570
2020-05-01,収益DI,-,経営動向,-,変わらない,-,,1030
2020-05-01,収益DI,-,経営動向,-,やや増加,-,,3910
2020-05-01,収益DI,-,経営動向,-,かなり増加,-,,4080
2020-06-01,収益DI,-,経営動向,-,かなり減少,-,,550
2020-06-01,収益DI,-,経営動向,-,やや減少,-,,1220
2020-06-01,収益DI,-,経営動向,-,変わらない,-,,1270
2020-06-01,収益DI,-,経営動向,-,やや増加,-,,4590
2020-06-01,収益DI,-,経営動向,-,かなり増加,-,,2380
2020-07-01,収益DI,-,経営動向,-,かなり減少,-,,340
2020-07-01,収益DI,-,経営動向,-,やや減少,-,,1060
2020-07-01,収益DI,-,経営動向,-,変わらない,-,,1840
2020-07-01,収益DI,-,経営動向,-,やや増加,-,,4530
2020-07-01,収益DI,-,経営動向,-,かなり増加,-,,2230
2020-08-01,収益DI,-,経営動向,-,かなり減少,-,,500
2020-08-01,収益DI,-,経営動向,-,やや減少,-,,1440
2020-08-01,収益DI,-,経営動向,-,変わらない,-,,2220
2020-08-01,収益DI,-,経営動向,-,やや増加,-,,3940
2020-08-01,収益DI,-,経営動向,-,かなり増加,-,,1890
2020-09-01,収益DI,-,経営動向,-,かなり減少,-,,660
2020-09-01,収益DI,-,経営動向,-,やや減少,-,,1810
2020-09-01,収益DI,-,経営動向,-,変わらない,-,,2910
2020-09-01,収益DI,-,経営動向,-,やや増加,-,,3240
2020-09-01,収益DI,-,経営動向,-,かなり増加,-,,1370
2020-10-01,収益DI,-,経営動向,-,かなり減少,-,,450
2020-10-01,収益DI,-,経営動向,-,やや減少,-,,1070
2020-10-01,収益DI,-,経営動向,-,変わらない,-,,3280
2020-10-01,収益DI,-,経営動向,-,やや増加,-,,3670
2020-10-01,収益DI,-,経営動向,-,かなり増加,-,,1530
2020-11-01,収益DI,-,経営動向,-,かなり減少,-,,470
2020-11-01,収益DI,-,経営動向,-,やや減少,-,,1630
2020-11-01,収益DI,-,経営動向,-,変わらない,-,,2790
2020-11-01,収益DI,-,経営動向,-,やや増加,-,,3840
2020-11-01,収益DI,-,経営動向,-,かなり増加,-,,1280
2020-12-01,収益DI,-,経営動向,-,かなり減少,-,,680
2020-12-01,収益DI,-,経営動向,-,やや減少,-,,1530
2020-12-01,収益DI,-,経営動向,-,変わらない,-,,2560
2020-12-01,収益DI,-,経営動向,-,やや増加,-,,3920
2020-12-01,収益DI,-,経営動向,-,かなり増加,-,,1310
2021-01-01,収益DI,-,経営動向,-,かなり減少,-,,600
2021-01-01,収益DI,-,経営動向,-,やや減少,-,,1200
2021-01-01,収益DI,-,経営動向,-,変わらない,-,,2240
2021-01-01,収益DI,-,経営動向,-,やや増加,-,,4320
2021-01-01,収益DI,-,経営動向,-,かなり増加,-,,1640
2021-02-01,収益DI,-,経営動向,-,かなり減少,-,,1070
2021-02-01,収益DI,-,経営動向,-,やや減少,-,,2870
2021-02-01,収益DI,-,経営動向,-,変わらない,-,,2870
2021-02-01,収益DI,-,経営動向,-,やや増加,-,,2750
2021-02-01,収益DI,-,経営動向,-,かなり増加,-,,450
2021-03-01,収益DI,-,経営動向,-,かなり減少,-,,2570
2021-03-01,収益DI,-,経営動向,-,やや減少,-,,3910
2021-03-01,収益DI,-,経営動向,-,変わらない,-,,2350
2021-03-01,収益DI,-,経営動向,-,やや増加,-,,1060
2021-03-01,収益DI,-,経営動向,-,かなり増加,-,,110
2021-04-01,収益DI,-,経営動向,-,かなり減少,-,,3450
2021-04-01,収益DI,-,経営動向,-,やや減少,-,,3670
2021-04-01,収益DI,-,経営動向,-,変わらない,-,,1530
2021-04-01,収益DI,-,経営動向,-,やや増加,-,,1190
2021-04-01,収益DI,-,経営動向,-,かなり増加,-,,170
2021-05-01,収益DI,-,経営動向,-,かなり減少,-,,3020
2021-05-01,収益DI,-,経営動向,-,やや減少,-,,3850
2021-05-01,収益DI,-,経営動向,-,変わらない,-,,1980
2021-05-01,収益DI,-,経営動向,-,やや増加,-,,1040
2021-05-01,収益DI,-,経営動向,-,かなり増加,-,,110
2021-06-01,収益DI,-,経営動向,-,かなり減少,-,,2000
2021-06-01,収益DI,-,経営動向,-,やや減少,-,,3660
2021-06-01,収益DI,-,経営動向,-,変わらない,-,,2690
2021-06-01,収益DI,-,経営動向,-,やや増加,-,,1430
2021-06-01,収益DI,-,経営動向,-,かなり増加,-,,230
2021-07-01,収益DI,-,経営動向,-,かなり減少,-,,1560
2021-07-01,収益DI,-,経営動向,-,やや減少,-,,3610
2021-07-01,収益DI,-,経営動向,-,変わらない,-,,2940
2021-07-01,収益DI,-,経営動向,-,やや増加,-,,1610
2021-07-01,収益DI,-,経営動向,-,かなり増加,-,,280
2021-08-01,収益DI,-,経営動向,-,かなり減少,-,,1510
2021-08-01,収益DI,-,経営動向,-,やや減少,-,,3910
2021-08-01,収益DI,-,経営動向,-,変わらない,-,,2570
2021-08-01,収益DI,-,経営動向,-,やや増加,-,,1620
2021-08-01,収益DI,-,経営動向,-,かなり増加,-,,390
2021-09-01,収益DI,-,経営動向,-,かなり減少,-,,1320
2021-09-01,収益DI,-,経営動向,-,やや減少,-,,3460
2021-09-01,収益DI,-,経営動向,-,変わらない,-,,2580
2021-09-01,収益DI,-,経営動向,-,やや増加,-,,2140
2021-09-01,収益DI,-,経営動向,-,かなり増加,-,,490
2021-10-01,収益DI,-,経営動向,-,かなり減少,-,,1560
2021-10-01,収益DI,-,経営動向,-,やや減少,-,,3180
2021-10-01,収益DI,-,経営動向,-,変わらない,-,,2830
2021-10-01,収益DI,-,経営動向,-,やや増加,-,,1850
2021-10-01,収益DI,-,経営動向,-,かなり増加,-,,580
2021-11-01,収益DI,-,経営動向,-,かなり減少,-,,1700
2021-11-01,収益DI,-,経営動向,-,やや減少,-,,4320
2021-11-01,収益DI,-,経営動向,-,変わらない,-,,2730
2021-11-01,収益DI,-,経営動向,-,やや増加,-,,1080
2021-11-01,収益DI,-,経営動向,-,かなり増加,-,,170
2021-12-01,収益DI,-,経営動向,-,かなり減少,-,,1720
2021-12-01,収益DI,-,経営動向,-,やや減少,-,,3780
2021-12-01,収益DI,-,経営動向,-,変わらない,-,,2940
2021-12-01,収益DI,-,経営動向,-,やや増加,-,,1330
2021-12-01,収益DI,-,経営動向,-,かなり増加,-,,220
2022-01-01,収益DI,-,経営動向,-,かなり減少,-,,1500
2022-01-01,収益DI,-,経営動向,-,やや減少,-,,3940
2022-01-01,収益DI,-,経営動向,-,変わらない,-,,2560
2022-01-01,収益DI,-,経営動向,-,やや増加,-,,1560
2022-01-01,収益DI,-,経営動向,-,かなり増加,-,,440
2022-02-01,収益DI,-,経営動向,-,かなり減少,-,,1090
2022-02-01,収益DI,-,経営動向,-,やや減少,-,,2670
2022-02-01,収益DI,-,経営動向,-,変わらない,-,,2670
2022-02-01,収益DI,-,経営動向,-,やや増加,-,,2730
2022-02-01,収益DI,-,経営動向,-,かなり増加,-,,850
2022-03-01,収益DI,-,経営動向,-,かなり減少,-,,520
2022-03-01,収益DI,-,経営動向,-,やや減少,-,,2770
2022-03-01,収益DI,-,経営動向,-,変わらない,-,,3010
2022-03-01,収益DI,-,経営動向,-,やや増加,-,,3010
2022-03-01,収益DI,-,経営動向,-,かなり増加,-,,690
2022-04-01,収益DI,-,経営動向,-,かなり減少,-,,830
2022-04-01,収益DI,-,経営動向,-,やや減少,-,,3440
2022-04-01,収益DI,-,経営動向,-,変わらない,-,,3060
2022-04-01,収益DI,-,経営動向,-,やや増加,-,,1940
2022-04-01,収益DI,-,経営動向,-,かなり増加,-,,720
2022-05-01,収益DI,-,経営動向,-,かなり減少,-,,1710
2022-05-01,収益DI,-,経営動向,-,やや減少,-,,4290
2022-05-01,収益DI,-,経営動向,-,変わらない,-,,2710
2022-05-01,収益DI,-,経営動向,-,やや増加,-,,1000
2022-05-01,収益DI,-,経営動向,-,かなり増加,-,,290
2022-06-01,収益DI,-,経営動向,-,かなり減少,-,,940
2022-06-01,収益DI,-,経営動向,-,やや減少,-,,4780
2022-06-01,収益DI,-,経営動向,-,変わらない,-,,2830
2022-06-01,収益DI,-,経営動向,-,やや増加,-,,1060
2022-06-01,収益DI,-,経営動向,-,かなり増加,-,,390
2022-07-01,収益DI,-,経営動向,-,かなり減少,-,,1100
2022-07-01,収益DI,-,経営動向,-,やや減少,-,,2910
2022-07-01,収益DI,-,経営動向,-,変わらない,-,,2970
2022-07-01,収益DI,-,経営動向,-,やや増加,-,,2440
2022-07-01,収益DI,-,経営動向,-,かなり増加,-,,580
2022-08-01,収益DI,-,経営動向,-,かなり減少,-,,1750
2022-08-01,収益DI,-,経営動向,-,やや減少,-,,3680
2022-08-01,収益DI,-,経営動向,-,変わらない,-,,2510
2022-08-01,収益DI,-,経営動向,-,やや増加,-,,1750
2022-08-01,収益DI,-,経営動向,-,かなり増加,-,,290
2022-09-01,収益DI,-,経営動向,-,かなり減少,-,,1850
2022-09-01,収益DI,-,経営動向,-,やや減少,-,,3650
2022-09-01,収益DI,-,経営動向,-,変わらない,-,,2640
2022-09-01,収益DI,-,経営動向,-,やや増加,-,,1350
2022-09-01,収益DI,-,経営動向,-,かなり増加,-,,510
2022-10-01,収益DI,-,経営動向,-,かなり減少,-,,800
2022-10-01,収益DI,-,経営動向,-,やや減少,-,,3070
2022-10-01,収益DI,-,経営動向,-,変わらない,-,,3580
2022-10-01,収益DI,-,経営動向,-,やや増加,-,,1820
2022-10-01,収益DI,-,経営動向,-,かなり増加,-,,740
2022-11-01,収益DI,-,経営動向,-,かなり減少,-,,930
2022-11-01,収益DI,-,経営動向,-,やや減少,-,,2970
2022-11-01,収益DI,-,経営動向,-,変わらない,-,,2970
2022-11-01,収益DI,-,経営動向,-,やや増加,-,,2380
2022-11-01,収益DI,-,経営動向,-,かなり増加,-,,760
2022-12-01,収益DI,-,経営動向,-,かなり減少,-,,680
2022-12-01,収益DI,-,経営動向,-,やや減少,-,,1980
2022-12-01,収益DI,-,経営動向,-,変わらない,-,,3330
2022-12-01,収益DI,-,経営動向,-,やや増加,-,,2770
2022-12-01,収益DI,-,経営動向,-,かなり増加,-,,1240
2023-01-01,収益DI,-,経営動向,-,かなり減少,-,,920
2023-01-01,収益DI,-,経営動向,-,やや減少,-,,3030
2023-01-01,収益DI,-,経営動向,-,変わらない,-,,3410
2023-01-01,収益DI,-,経営動向,-,やや増加,-,,2220
2023-01-01,収益DI,-,経営動向,-,かなり増加,-,,430
2023-02-01,収益DI,-,経営動向,-,かなり減少,-,,1670
2023-02-01,収益DI,-,経営動向,-,やや減少,-,,3280
2023-02-01,収益DI,-,経営動向,-,変わらない,-,,3110
2023-02-01,収益DI,-,経営動向,-,やや増加,-,,1500
2023-02-01,収益DI,-,経営動向,-,かなり増加,-,,440
2023-03-01,収益DI,-,経営動向,-,かなり減少,-,,1240
2023-03-01,収益DI,-,経営動向,-,やや減少,-,,2810
2023-03-01,収益DI,-,経営動向,-,変わらない,-,,3600
2023-03-01,収益DI,-,経営動向,-,やや増加,-,,1850
2023-03-01,収益DI,-,経営動向,-,かなり増加,-,,510
2023-04-01,収益DI,-,経営動向,-,かなり減少,-,,690
2023-04-01,収益DI,-,経営動向,-,やや減少,-,,2200
2023-04-01,収益DI,-,経営動向,-,変わらない,-,,3290
2023-04-01,収益DI,-,経営動向,-,やや増加,-,,2890
2023-04-01,収益DI,-,経営動向,-,かなり増加,-,,920
2023-05-01,収益DI,-,経営動向,-,かなり減少,-,,690
2023-05-01,収益DI,-,経営動向,-,やや減少,-,,2000
2023-05-01,収益DI,-,経営動向,-,変わらない,-,,3260
2023-05-01,収益DI,-,経営動向,-,やや増加,-,,3090
2023-05-01,収益DI,-,経営動向,-,かなり増加,-,,970
2023-06-01,収益DI,-,経営動向,-,かなり減少,-,,910
2023-06-01,収益DI,-,経営動向,-,やや減少,-,,1940
2023-06-01,収益DI,-,経営動向,-,変わらない,-,,2970
2023-06-01,収益DI,-,経営動向,-,やや増加,-,,3310
2023-06-01,収益DI,-,経営動向,-,かなり増加,-,,860
2023-07-01,収益DI,-,経営動向,-,かなり減少,-,,340
2023-07-01,収益DI,-,経営動向,-,やや減少,-,,1760
2023-07-01,収益DI,-,経営動向,-,変わらない,-,,3520
2023-07-01,収益DI,-,経営動向,-,やや増加,-,,3240
2023-07-01,収益DI,-,経営動向,-,かなり増加,-,,1140
2023-08-01,収益DI,-,経営動向,-,かなり減少,-,,440
2023-08-01,収益DI,-,経営動向,-,やや減少,-,,1430
2023-08-01,収益DI,-,経営動向,-,変わらない,-,,3190
2023-08-01,収益DI,-,経営動向,-,やや増加,-,,3570
2023-08-01,収益DI,-,経営動向,-,かなり増加,-,,1370
2023-09-01,収益DI,-,経営動向,-,かなり減少,-,,230
2023-09-01,収益DI,-,経営動向,-,やや減少,-,,2240
2023-09-01,収益DI,-,経営動向,-,変わらない,-,,3100
2023-09-01,収益DI,-,経営動向,-,やや増加,-,,3100
2023-09-01,収益DI,-,経営動向,-,かなり増加,-,,1320
2023-10-01,収益DI,-,経営動向,-,かなり減少,-,,60
2023-10-01,収益DI,-,経営動向,-,やや減少,-,,1770
2023-10-01,収益DI,-,経営動向,-,変わらない,-,,3720
2023-10-01,収益DI,-,経営動向,-,やや増加,-,,2990
2023-10-01,収益DI,-,経営動向,-,かなり増加,-,,1460
2023-11-01,収益DI,-,経営動向,-,かなり減少,-,,170
2023-11-01,収益DI,-,経営動向,-,やや減少,-,,1760
2023-11-01,収益DI,-,経営動向,-,変わらない,-,,3470
2023-11-01,収益DI,-,経営動向,-,やや増加,-,,3130
2023-11-01,収益DI,-,経営動向,-,かなり増加,-,,1480
2023-12-01,収益DI,-,経営動向,-,かなり減少,-,,290
2023-12-01,収益DI,-,経営動向,-,やや減少,-,,1630
2023-12-01,収益DI,-,経営動向,-,変わらない,-,,3370
2023-12-01,収益DI,-,経営動向,-,やや増加,-,,3430
2023-12-01,収益DI,-,経営動向,-,かなり増加,-,,1280
2024-01-01,収益DI,-,経営動向,-,かなり減少,-,,340
2024-01-01,収益DI,-,経営動向,-,やや減少,-,,2070
2024-01-01,収益DI,-,経営動向,-,変わらない,-,,3220
2024-01-01,収益DI,-,経営動向,-,やや増加,-,,3330
2024-01-01,収益DI,-,経営動向,-,かなり増加,-,,1030
2024-02-01,収益DI,-,経営動向,-,かなり減少,-,,290
2024-02-01,収益DI,-,経営動向,-,やや減少,-,,1090
2024-02-01,収益DI,-,経営動向,-,変わらない,-,,3100
2024-02-01,収益DI,-,経営動向,-,やや増加,-,,4020
2024-02-01,収益DI,-,経営動向,-,かなり増加,-,,1490
2024-03-01,収益DI,-,経営動向,-,かなり減少,-,,120
2024-03-01,収益DI,-,経営動向,-,やや減少,-,,1160
2024-03-01,収益DI,-,経営動向,-,変わらない,-,,3310
2024-03-01,収益DI,-,経営動向,-,やや増加,-,,3720
2024-03-01,収益DI,-,経営動向,-,かなり増加,-,,1690
2024-04-01,収益DI,-,経営動向,-,かなり減少,-,,810
2024-04-01,収益DI,-,経営動向,-,やや減少,-,,3000
2024-04-01,収益DI,-,経営動向,-,変わらない,-,,2940
2024-04-01,収益DI,-,経営動向,-,やや増加,-,,2630
2024-04-01,収益DI,-,経営動向,-,かなり増加,-,,630
2024-05-01,収益DI,-,経営動向,-,かなり減少,-,,530
2024-05-01,収益DI,-,経営動向,-,やや減少,-,,3040
2024-05-01,収益DI,-,経営動向,-,変わらない,-,,3570
2024-05-01,収益DI,-,経営動向,-,やや増加,-,,2280
2024-05-01,収益DI,-,経営動向,-,かなり増加,-,,580
2024-06-01,収益DI,-,経営動向,-,かなり減少,-,,350
2024-06-01,収益DI,-,経営動向,-,やや減少,-,,2240
2024-06-01,収益DI,-,経営動向,-,変わらない,-,,3470
2024-06-01,収益DI,-,経営動向,-,やや増加,-,,2760
2024-06-01,収益DI,-,経営動向,-,かなり増加,-,,1180
2024-07-01,収益DI,-,経営動向,-,かなり減少,-,,1100
2024-07-01,収益DI,-,経営動向,-,やや減少,-,,3470
2024-07-01,収益DI,-,経営動向,-,変わらない,-,,3410
2024-07-01,収益DI,-,経営動向,-,やや増加,-,,1680
2024-07-01,収益DI,-,経営動向,-,かなり増加,-,,350
2024-08-01,収益DI,-,経営動向,-,かなり減少,-,,540
2024-08-01,収益DI,-,経営動向,-,やや減少,-,,1740
2024-08-01,収益DI,-,経営動向,-,変わらない,-,,3350
2024-08-01,収益DI,-,経営動向,-,やや増加,-,,3410
2024-08-01,収益DI,-,経営動向,-,かなり増加,-,,960
2024-09-01,収益DI,-,経営動向,-,かなり減少,-,,760
2024-09-01,収益DI,-,経営動向,-,やや減少,-,,2420
2024-09-01,収益DI,-,経営動向,-,変わらない,-,,3440
2024-09-01,収益DI,-,経営動向,-,やや増加,-,,2680
2024-09-01,収益DI,-,経営動向,-,かなり増加,-,,700
2012-05-01,生鮮品仕入原価DI,-,経営動向,-,かなり減少,-,,70
2012-05-01,生鮮品仕入原価DI,-,経営動向,-,やや減少,-,,1660
2012-05-01,生鮮品仕入原価DI,-,経営動向,-,変わらない,-,,6430
2012-05-01,生鮮品仕入原価DI,-,経営動向,-,やや増加,-,,1700
2012-05-01,生鮮品仕入原価DI,-,経営動向,-,かなり増加,-,,140
2012-06-01,生鮮品仕入原価DI,-,経営動向,-,かなり減少,-,,30
2012-06-01,生鮮品仕入原価DI,-,経営動向,-,やや減少,-,,1700
2012-06-01,生鮮品仕入原価DI,-,経営動向,-,変わらない,-,,6530
2012-06-01,生鮮品仕入原価DI,-,経営動向,-,やや増加,-,,1630
2012-06-01,生鮮品仕入原価DI,-,経営動向,-,かなり増加,-,,100
2012-07-01,生鮮品仕入原価DI,-,経営動向,-,かなり減少,-,,170
2012-07-01,生鮮品仕入原価DI,-,経営動向,-,やや減少,-,,2260
2012-07-01,生鮮品仕入原価DI,-,経営動向,-,変わらない,-,,6030
2012-07-01,生鮮品仕入原価DI,-,経営動向,-,やや増加,-,,1460
2012-07-01,生鮮品仕入原価DI,-,経営動向,-,かなり増加,-,,70
2012-08-01,生鮮品仕入原価DI,-,経営動向,-,かなり減少,-,,140
2012-08-01,生鮮品仕入原価DI,-,経営動向,-,やや減少,-,,1940
2012-08-01,生鮮品仕入原価DI,-,経営動向,-,変わらない,-,,6550
2012-08-01,生鮮品仕入原価DI,-,経営動向,-,やや増加,-,,1300
2012-08-01,生鮮品仕入原価DI,-,経営動向,-,かなり増加,-,,70
2012-09-01,生鮮品仕入原価DI,-,経営動向,-,かなり減少,-,,180
2012-09-01,生鮮品仕入原価DI,-,経営動向,-,やや減少,-,,2470
2012-09-01,生鮮品仕入原価DI,-,経営動向,-,変わらない,-,,6180
2012-09-01,生鮮品仕入原価DI,-,経営動向,-,やや増加,-,,1090
2012-09-01,生鮮品仕入原価DI,-,経営動向,-,かなり増加,-,,70
2012-10-01,生鮮品仕入原価DI,-,経営動向,-,かなり減少,-,,300
2012-10-01,生鮮品仕入原価DI,-,経営動向,-,やや減少,-,,2880
2012-10-01,生鮮品仕入原価DI,-,経営動向,-,変わらない,-,,6250
2012-10-01,生鮮品仕入原価DI,-,経営動向,-,やや増加,-,,490
2012-10-01,生鮮品仕入原価DI,-,経営動向,-,かなり増加,-,,70
2012-11-01,生鮮品仕入原価DI,-,経営動向,-,かなり減少,-,,150
2012-11-01,生鮮品仕入原価DI,-,経営動向,-,やや減少,-,,2070
2012-11-01,生鮮品仕入原価DI,-,経営動向,-,変わらない,-,,7110
2012-11-01,生鮮品仕入原価DI,-,経営動向,-,やや増加,-,,680
2012-11-01,生鮮品仕入原価DI,-,経営動向,-,かなり増加,-,,0
2012-12-01,生鮮品仕入原価DI,-,経営動向,-,かなり減少,-,,70
2012-12-01,生鮮品仕入原価DI,-,経営動向,-,やや減少,-,,1130
2012-12-01,生鮮品仕入原価DI,-,経営動向,-,変わらない,-,,5150
2012-12-01,生鮮品仕入原価DI,-,経営動向,-,やや増加,-,,3540
2012-12-01,生鮮品仕入原価DI,-,経営動向,-,かなり増加,-,,110
2013-01-01,生鮮品仕入原価DI,-,経営動向,-,かなり減少,-,,40
2013-01-01,生鮮品仕入原価DI,-,経営動向,-,やや減少,-,,1260
2013-01-01,生鮮品仕入原価DI,-,経営動向,-,変わらない,-,,5500
2013-01-01,生鮮品仕入原価DI,-,経営動向,-,やや増加,-,,2940
2013-01-01,生鮮品仕入原価DI,-,経営動向,-,かなり増加,-,,260
2013-02-01,生鮮品仕入原価DI,-,経営動向,-,かなり減少,-,,230
2013-02-01,生鮮品仕入原価DI,-,経営動向,-,やや減少,-,,1910
2013-02-01,生鮮品仕入原価DI,-,経営動向,-,変わらない,-,,6150
2013-02-01,生鮮品仕入原価DI,-,経営動向,-,やや増加,-,,1720
2013-02-01,生鮮品仕入原価DI,-,経営動向,-,かなり増加,-,,0
2013-03-01,生鮮品仕入原価DI,-,経営動向,-,かなり減少,-,,120
2013-03-01,生鮮品仕入原価DI,-,経営動向,-,やや減少,-,,2180
2013-03-01,生鮮品仕入原価DI,-,経営動向,-,変わらない,-,,6610
2013-03-01,生鮮品仕入原価DI,-,経営動向,-,やや増加,-,,1050
2013-03-01,生鮮品仕入原価DI,-,経営動向,-,かなり増加,-,,40
2013-04-01,生鮮品仕入原価DI,-,経営動向,-,かなり減少,-,,310
2013-04-01,生鮮品仕入原価DI,-,経営動向,-,やや減少,-,,1760
2013-04-01,生鮮品仕入原価DI,-,経営動向,-,変わらない,-,,6050
2013-04-01,生鮮品仕入原価DI,-,経営動向,-,やや増加,-,,1840
2013-04-01,生鮮品仕入原価DI,-,経営動向,-,かなり増加,-,,40
2013-05-01,生鮮品仕入原価DI,-,経営動向,-,かなり減少,-,,160
2013-05-01,生鮮品仕入原価DI,-,経営動向,-,やや減少,-,,1840
2013-05-01,生鮮品仕入原価DI,-,経営動向,-,変わらない,-,,5760
2013-05-01,生鮮品仕入原価DI,-,経営動向,-,やや増加,-,,2200
2013-05-01,生鮮品仕入原価DI,-,経営動向,-,かなり増加,-,,40
2013-06-01,生鮮品仕入原価DI,-,経営動向,-,かなり減少,-,,120
2013-06-01,生鮮品仕入原価DI,-,経営動向,-,やや減少,-,,930
2013-06-01,生鮮品仕入原価DI,-,経営動向,-,変わらない,-,,5330
2013-06-01,生鮮品仕入原価DI,-,経営動向,-,やや増加,-,,3470
2013-06-01,生鮮品仕入原価DI,-,経営動向,-,かなり増加,-,,150
2013-07-01,生鮮品仕入原価DI,-,経営動向,-,かなり減少,-,,0
2013-07-01,生鮮品仕入原価DI,-,経営動向,-,やや減少,-,,540
2013-07-01,生鮮品仕入原価DI,-,経営動向,-,変わらない,-,,4730
2013-07-01,生鮮品仕入原価DI,-,経営動向,-,やや増加,-,,4580
2013-07-01,生鮮品仕入原価DI,-,経営動向,-,かなり増加,-,,150
2013-08-01,生鮮品仕入原価DI,-,経営動向,-,かなり減少,-,,40
2013-08-01,生鮮品仕入原価DI,-,経営動向,-,やや減少,-,,290
2013-08-01,生鮮品仕入原価DI,-,経営動向,-,変わらない,-,,4400
2013-08-01,生鮮品仕入原価DI,-,経営動向,-,やや増加,-,,4810
2013-08-01,生鮮品仕入原価DI,-,経営動向,-,かなり増加,-,,460
2013-09-01,生鮮品仕入原価DI,-,経営動向,-,かなり減少,-,,120
2013-09-01,生鮮品仕入原価DI,-,経営動向,-,やや減少,-,,240
2013-09-01,生鮮品仕入原価DI,-,経営動向,-,変わらない,-,,3930
2013-09-01,生鮮品仕入原価DI,-,経営動向,-,やや増加,-,,5300
2013-09-01,生鮮品仕入原価DI,-,経営動向,-,かなり増加,-,,400
2013-10-01,生鮮品仕入原価DI,-,経営動向,-,かなり減少,-,,120
2013-10-01,生鮮品仕入原価DI,-,経営動向,-,やや減少,-,,390
2013-10-01,生鮮品仕入原価DI,-,経営動向,-,変わらない,-,,3550
2013-10-01,生鮮品仕入原価DI,-,経営動向,-,やや増加,-,,5120
2013-10-01,生鮮品仕入原価DI,-,経営動向,-,かなり増加,-,,820
2013-11-01,生鮮品仕入原価DI,-,経営動向,-,かなり減少,-,,0
2013-11-01,生鮮品仕入原価DI,-,経営動向,-,やや減少,-,,230
2013-11-01,生鮮品仕入原価DI,-,経営動向,-,変わらない,-,,3140
2013-11-01,生鮮品仕入原価DI,-,経営動向,-,やや増加,-,,5940
2013-11-01,生鮮品仕入原価DI,-,経営動向,-,かなり増加,-,,690
2013-12-01,生鮮品仕入原価DI,-,経営動向,-,かなり減少,-,,80
2013-12-01,生鮮品仕入原価DI,-,経営動向,-,やや減少,-,,270
2013-12-01,生鮮品仕入原価DI,-,経営動向,-,変わらない,-,,2960
2013-12-01,生鮮品仕入原価DI,-,経営動向,-,やや増加,-,,5880
2013-12-01,生鮮品仕入原価DI,-,経営動向,-,かなり増加,-,,820
2014-01-01,生鮮品仕入原価DI,-,経営動向,-,かなり減少,-,,40
2014-01-01,生鮮品仕入原価DI,-,経営動向,-,やや減少,-,,770
2014-01-01,生鮮品仕入原価DI,-,経営動向,-,変わらない,-,,4300
2014-01-01,生鮮品仕入原価DI,-,経営動向,-,やや増加,-,,4600
2014-01-01,生鮮品仕入原価DI,-,経営動向,-,かなり増加,-,,300
2014-02-01,生鮮品仕入原価DI,-,経営動向,-,かなり減少,-,,0
2014-02-01,生鮮品仕入原価DI,-,経営動向,-,やや減少,-,,330
2014-02-01,生鮮品仕入原価DI,-,経営動向,-,変わらない,-,,3770
2014-02-01,生鮮品仕入原価DI,-,経営動向,-,やや増加,-,,5520
2014-02-01,生鮮品仕入原価DI,-,経営動向,-,かなり増加,-,,380
2014-03-01,生鮮品仕入原価DI,-,経営動向,-,かなり減少,-,,40
2014-03-01,生鮮品仕入原価DI,-,経営動向,-,やや減少,-,,340
2014-03-01,生鮮品仕入原価DI,-,経営動向,-,変わらない,-,,4240
2014-03-01,生鮮品仕入原価DI,-,経営動向,-,やや増加,-,,5080
2014-03-01,生鮮品仕入原価DI,-,経営動向,-,かなり増加,-,,290
2014-04-01,生鮮品仕入原価DI,-,経営動向,-,かなり減少,-,,170
2014-04-01,生鮮品仕入原価DI,-,経営動向,-,やや減少,-,,750
2014-04-01,生鮮品仕入原価DI,-,経営動向,-,変わらない,-,,3970
2014-04-01,生鮮品仕入原価DI,-,経営動向,-,やや増加,-,,4730
2014-04-01,生鮮品仕入原価DI,-,経営動向,-,かなり増加,-,,380
2014-05-01,生鮮品仕入原価DI,-,経営動向,-,かなり減少,-,,40
2014-05-01,生鮮品仕入原価DI,-,経営動向,-,やや減少,-,,580
2014-05-01,生鮮品仕入原価DI,-,経営動向,-,変わらない,-,,3360
2014-05-01,生鮮品仕入原価DI,-,経営動向,-,やや増加,-,,5340
2014-05-01,生鮮品仕入原価DI,-,経営動向,-,かなり増加,-,,670
2014-06-01,生鮮品仕入原価DI,-,経営動向,-,かなり減少,-,,90
2014-06-01,生鮮品仕入原価DI,-,経営動向,-,やや減少,-,,670
2014-06-01,生鮮品仕入原価DI,-,経営動向,-,変わらない,-,,3640
2014-06-01,生鮮品仕入原価DI,-,経営動向,-,やや増加,-,,5240
2014-06-01,生鮮品仕入原価DI,-,経営動向,-,かなり増加,-,,360
2014-07-01,生鮮品仕入原価DI,-,経営動向,-,かなり減少,-,,40
2014-07-01,生鮮品仕入原価DI,-,経営動向,-,やや減少,-,,530
2014-07-01,生鮮品仕入原価DI,-,経営動向,-,変わらない,-,,3820
2014-07-01,生鮮品仕入原価DI,-,経営動向,-,やや増加,-,,5310
2014-07-01,生鮮品仕入原価DI,-,経営動向,-,かなり増加,-,,310
2014-08-01,生鮮品仕入原価DI,-,経営動向,-,かなり減少,-,,210
2014-08-01,生鮮品仕入原価DI,-,経営動向,-,やや減少,-,,300
2014-08-01,生鮮品仕入原価DI,-,経営動向,-,変わらない,-,,2580
2014-08-01,生鮮品仕入原価DI,-,経営動向,-,やや増加,-,,5970
2014-08-01,生鮮品仕入原価DI,-,経営動向,-,かなり増加,-,,930
2014-09-01,生鮮品仕入原価DI,-,経営動向,-,かなり減少,-,,90
2014-09-01,生鮮品仕入原価DI,-,経営動向,-,やや減少,-,,370
2014-09-01,生鮮品仕入原価DI,-,経営動向,-,変わらない,-,,3230
2014-09-01,生鮮品仕入原価DI,-,経営動向,-,やや増加,-,,5580
2014-09-01,生鮮品仕入原価DI,-,経営動向,-,かなり増加,-,,740
2014-10-01,生鮮品仕入原価DI,-,経営動向,-,かなり減少,-,,190
2014-10-01,生鮮品仕入原価DI,-,経営動向,-,やや減少,-,,840
2014-10-01,生鮮品仕入原価DI,-,経営動向,-,変わらない,-,,3860
2014-10-01,生鮮品仕入原価DI,-,経営動向,-,やや増加,-,,4840
2014-10-01,生鮮品仕入原価DI,-,経営動向,-,かなり増加,-,,280
2014-11-01,生鮮品仕入原価DI,-,経営動向,-,かなり減少,-,,240
2014-11-01,生鮮品仕入原価DI,-,経営動向,-,やや減少,-,,1740
2014-11-01,生鮮品仕入原価DI,-,経営動向,-,変わらない,-,,3960
2014-11-01,生鮮品仕入原価DI,-,経営動向,-,やや増加,-,,3480
2014-11-01,生鮮品仕入原価DI,-,経営動向,-,かなり増加,-,,580
2014-12-01,生鮮品仕入原価DI,-,経営動向,-,かなり減少,-,,210
2014-12-01,生鮮品仕入原価DI,-,経営動向,-,やや減少,-,,780
2014-12-01,生鮮品仕入原価DI,-,経営動向,-,変わらない,-,,3580
2014-12-01,生鮮品仕入原価DI,-,経営動向,-,やや増加,-,,4610
2014-12-01,生鮮品仕入原価DI,-,経営動向,-,かなり増加,-,,830
2015-01-01,生鮮品仕入原価DI,-,経営動向,-,かなり減少,-,,90
2015-01-01,生鮮品仕入原価DI,-,経営動向,-,やや減少,-,,510
2015-01-01,生鮮品仕入原価DI,-,経営動向,-,変わらない,-,,3940
2015-01-01,生鮮品仕入原価DI,-,経営動向,-,やや増加,-,,5190
2015-01-01,生鮮品仕入原価DI,-,経営動向,-,かなり増加,-,,280
2015-02-01,生鮮品仕入原価DI,-,経営動向,-,かなり減少,-,,90
2015-02-01,生鮮品仕入原価DI,-,経営動向,-,やや減少,-,,550
2015-02-01,生鮮品仕入原価DI,-,経営動向,-,変わらない,-,,3730
2015-02-01,生鮮品仕入原価DI,-,経営動向,-,やや増加,-,,5350
2015-02-01,生鮮品仕入原価DI,-,経営動向,-,かなり増加,-,,280
2015-03-01,生鮮品仕入原価DI,-,経営動向,-,かなり減少,-,,140
2015-03-01,生鮮品仕入原価DI,-,経営動向,-,やや減少,-,,590
2015-03-01,生鮮品仕入原価DI,-,経営動向,-,変わらない,-,,3450
2015-03-01,生鮮品仕入原価DI,-,経営動向,-,やや増加,-,,5500
2015-03-01,生鮮品仕入原価DI,-,経営動向,-,かなり増加,-,,320
2015-04-01,生鮮品仕入原価DI,-,経営動向,-,かなり減少,-,,50
2015-04-01,生鮮品仕入原価DI,-,経営動向,-,やや減少,-,,140
2015-04-01,生鮮品仕入原価DI,-,経営動向,-,変わらない,-,,2670
2015-04-01,生鮮品仕入原価DI,-,経営動向,-,やや増加,-,,6330
2015-04-01,生鮮品仕入原価DI,-,経営動向,-,かなり増加,-,,810
2015-05-01,生鮮品仕入原価DI,-,経営動向,-,かなり減少,-,,50
2015-05-01,生鮮品仕入原価DI,-,経営動向,-,やや減少,-,,270
2015-05-01,生鮮品仕入原価DI,-,経営動向,-,変わらない,-,,3050
2015-05-01,生鮮品仕入原価DI,-,経営動向,-,やや増加,-,,6050
2015-05-01,生鮮品仕入原価DI,-,経営動向,-,かなり増加,-,,590
2015-06-01,生鮮品仕入原価DI,-,経営動向,-,かなり減少,-,,90
2015-06-01,生鮮品仕入原価DI,-,経営動向,-,やや減少,-,,470
2015-06-01,生鮮品仕入原価DI,-,経営動向,-,変わらない,-,,3030
2015-06-01,生鮮品仕入原価DI,-,経営動向,-,やや増加,-,,5920
2015-06-01,生鮮品仕入原価DI,-,経営動向,-,かなり増加,-,,470
2015-07-01,生鮮品仕入原価DI,-,経営動向,-,かなり減少,-,,90
2015-07-01,生鮮品仕入原価DI,-,経営動向,-,やや減少,-,,320
2015-07-01,生鮮品仕入原価DI,-,経営動向,-,変わらない,-,,3380
2015-07-01,生鮮品仕入原価DI,-,経営動向,-,やや増加,-,,5800
2015-07-01,生鮮品仕入原価DI,-,経営動向,-,かなり増加,-,,410
2015-08-01,生鮮品仕入原価DI,-,経営動向,-,かなり減少,-,,50
2015-08-01,生鮮品仕入原価DI,-,経営動向,-,やや減少,-,,320
2015-08-01,生鮮品仕入原価DI,-,経営動向,-,変わらない,-,,3490
2015-08-01,生鮮品仕入原価DI,-,経営動向,-,やや増加,-,,5320
2015-08-01,生鮮品仕入原価DI,-,経営動向,-,かなり増加,-,,830
2015-09-01,生鮮品仕入原価DI,-,経営動向,-,かなり減少,-,,190
2015-09-01,生鮮品仕入原価DI,-,経営動向,-,やや減少,-,,330
2015-09-01,生鮮品仕入原価DI,-,経営動向,-,変わらない,-,,3400
2015-09-01,生鮮品仕入原価DI,-,経営動向,-,やや増加,-,,5630
2015-09-01,生鮮品仕入原価DI,-,経営動向,-,かなり増加,-,,470
2015-10-01,生鮮品仕入原価DI,-,経営動向,-,かなり減少,-,,90
2015-10-01,生鮮品仕入原価DI,-,経営動向,-,やや減少,-,,630
2015-10-01,生鮮品仕入原価DI,-,経営動向,-,変わらない,-,,3350
2015-10-01,生鮮品仕入原価DI,-,経営動向,-,やや増加,-,,5290
2015-10-01,生鮮品仕入原価DI,-,経営動向,-,かなり増加,-,,630
2015-11-01,生鮮品仕入原価DI,-,経営動向,-,かなり減少,-,,230
2015-11-01,生鮮品仕入原価DI,-,経営動向,-,やや減少,-,,950
2015-11-01,生鮮品仕入原価DI,-,経営動向,-,変わらない,-,,4770
2015-11-01,生鮮品仕入原価DI,-,経営動向,-,やや増加,-,,3740
2015-11-01,生鮮品仕入原価DI,-,経営動向,-,かなり増加,-,,320
2015-12-01,生鮮品仕入原価DI,-,経営動向,-,かなり減少,-,,90
2015-12-01,生鮮品仕入原価DI,-,経営動向,-,やや減少,-,,1300
2015-12-01,生鮮品仕入原価DI,-,経営動向,-,変わらない,-,,4310
2015-12-01,生鮮品仕入原価DI,-,経営動向,-,やや増加,-,,4030
2015-12-01,生鮮品仕入原価DI,-,経営動向,-,かなり増加,-,,280
2016-01-01,生鮮品仕入原価DI,-,経営動向,-,かなり減少,-,,90
2016-01-01,生鮮品仕入原価DI,-,経営動向,-,やや減少,-,,1200
2016-01-01,生鮮品仕入原価DI,-,経営動向,-,変わらない,-,,4680
2016-01-01,生鮮品仕入原価DI,-,経営動向,-,やや増加,-,,3700
2016-01-01,生鮮品仕入原価DI,-,経営動向,-,かなり増加,-,,320
2016-02-01,生鮮品仕入原価DI,-,経営動向,-,かなり減少,-,,50
2016-02-01,生鮮品仕入原価DI,-,経営動向,-,やや減少,-,,780
2016-02-01,生鮮品仕入原価DI,-,経営動向,-,変わらない,-,,4370
2016-02-01,生鮮品仕入原価DI,-,経営動向,-,やや増加,-,,4470
2016-02-01,生鮮品仕入原価DI,-,経営動向,-,かなり増加,-,,340
2016-03-01,生鮮品仕入原価DI,-,経営動向,-,かなり減少,-,,150
2016-03-01,生鮮品仕入原価DI,-,経営動向,-,やや減少,-,,490
2016-03-01,生鮮品仕入原価DI,-,経営動向,-,変わらない,-,,4630
2016-03-01,生鮮品仕入原価DI,-,経営動向,-,やや増加,-,,4290
2016-03-01,生鮮品仕入原価DI,-,経営動向,-,かなり増加,-,,440
2016-04-01,生鮮品仕入原価DI,-,経営動向,-,かなり減少,-,,50
2016-04-01,生鮮品仕入原価DI,-,経営動向,-,やや減少,-,,850
2016-04-01,生鮮品仕入原価DI,-,経営動向,-,変わらない,-,,5500
2016-04-01,生鮮品仕入原価DI,-,経営動向,-,やや増加,-,,3250
2016-04-01,生鮮品仕入原価DI,-,経営動向,-,かなり増加,-,,350
2016-05-01,生鮮品仕入原価DI,-,経営動向,-,かなり減少,-,,150
2016-05-01,生鮮品仕入原価DI,-,経営動向,-,やや減少,-,,1320
2016-05-01,生鮮品仕入原価DI,-,経営動向,-,変わらない,-,,5430
2016-05-01,生鮮品仕入原価DI,-,経営動向,-,やや増加,-,,2890
2016-05-01,生鮮品仕入原価DI,-,経営動向,-,かなり増加,-,,200
2016-06-01,生鮮品仕入原価DI,-,経営動向,-,かなり減少,-,,50
2016-06-01,生鮮品仕入原価DI,-,経営動向,-,やや減少,-,,1120
2016-06-01,生鮮品仕入原価DI,-,経営動向,-,変わらない,-,,5630
2016-06-01,生鮮品仕入原価DI,-,経営動向,-,やや増加,-,,3050
2016-06-01,生鮮品仕入原価DI,-,経営動向,-,かなり増加,-,,150
2016-07-01,生鮮品仕入原価DI,-,経営動向,-,かなり減少,-,,50
2016-07-01,生鮮品仕入原価DI,-,経営動向,-,やや減少,-,,870
2016-07-01,生鮮品仕入原価DI,-,経営動向,-,変わらない,-,,6480
2016-07-01,生鮮品仕入原価DI,-,経営動向,-,やや増加,-,,2350
2016-07-01,生鮮品仕入原価DI,-,経営動向,-,かなり増加,-,,260
2016-08-01,生鮮品仕入原価DI,-,経営動向,-,かなり減少,-,,150
2016-08-01,生鮮品仕入原価DI,-,経営動向,-,やや減少,-,,1460
2016-08-01,生鮮品仕入原価DI,-,経営動向,-,変わらない,-,,5130
2016-08-01,生鮮品仕入原価DI,-,経営動向,-,やや増加,-,,3020
2016-08-01,生鮮品仕入原価DI,-,経営動向,-,かなり増加,-,,250
2016-09-01,生鮮品仕入原価DI,-,経営動向,-,かなり減少,-,,100
2016-09-01,生鮮品仕入原価DI,-,経営動向,-,やや減少,-,,1090
2016-09-01,生鮮品仕入原価DI,-,経営動向,-,変わらない,-,,4580
2016-09-01,生鮮品仕入原価DI,-,経営動向,-,やや増加,-,,3680
2016-09-01,生鮮品仕入原価DI,-,経営動向,-,かなり増加,-,,550
2016-10-01,生鮮品仕入原価DI,-,経営動向,-,かなり減少,-,,100
2016-10-01,生鮮品仕入原価DI,-,経営動向,-,やや減少,-,,410
2016-10-01,生鮮品仕入原価DI,-,経営動向,-,変わらない,-,,3100
2016-10-01,生鮮品仕入原価DI,-,経営動向,-,やや増加,-,,5030
2016-10-01,生鮮品仕入原価DI,-,経営動向,-,かなり増加,-,,1370
2016-11-01,生鮮品仕入原価DI,-,経営動向,-,かなり減少,-,,50
2016-11-01,生鮮品仕入原価DI,-,経営動向,-,やや減少,-,,460
2016-11-01,生鮮品仕入原価DI,-,経営動向,-,変わらない,-,,3300
2016-11-01,生鮮品仕入原価DI,-,経営動向,-,やや増加,-,,5230
2016-11-01,生鮮品仕入原価DI,-,経営動向,-,かなり増加,-,,960
2016-12-01,生鮮品仕入原価DI,-,経営動向,-,かなり減少,-,,100
2016-12-01,生鮮品仕入原価DI,-,経営動向,-,やや減少,-,,620
2016-12-01,生鮮品仕入原価DI,-,経営動向,-,変わらない,-,,3850
2016-12-01,生鮮品仕入原価DI,-,経営動向,-,やや増加,-,,4920
2016-12-01,生鮮品仕入原価DI,-,経営動向,-,かなり増加,-,,510
2017-01-01,生鮮品仕入原価DI,-,経営動向,-,かなり減少,-,,210
2017-01-01,生鮮品仕入原価DI,-,経営動向,-,やや減少,-,,770
2017-01-01,生鮮品仕入原価DI,-,経営動向,-,変わらない,-,,4150
2017-01-01,生鮮品仕入原価DI,-,経営動向,-,やや増加,-,,4510
2017-01-01,生鮮品仕入原価DI,-,経営動向,-,かなり増加,-,,360
2017-02-01,生鮮品仕入原価DI,-,経営動向,-,かなり減少,-,,460
2017-02-01,生鮮品仕入原価DI,-,経営動向,-,やや減少,-,,1020
2017-02-01,生鮮品仕入原価DI,-,経営動向,-,変わらない,-,,5150
2017-02-01,生鮮品仕入原価DI,-,経営動向,-,やや増加,-,,3210
2017-02-01,生鮮品仕入原価DI,-,経営動向,-,かなり増加,-,,150
2017-03-01,生鮮品仕入原価DI,-,経営動向,-,かなり減少,-,,250
2017-03-01,生鮮品仕入原価DI,-,経営動向,-,やや減少,-,,1010
2017-03-01,生鮮品仕入原価DI,-,経営動向,-,変わらない,-,,5400
2017-03-01,生鮮品仕入原価DI,-,経営動向,-,やや増加,-,,3230
2017-03-01,生鮮品仕入原価DI,-,経営動向,-,かなり増加,-,,100
2017-04-01,生鮮品仕入原価DI,-,経営動向,-,かなり減少,-,,340
2017-04-01,生鮮品仕入原価DI,-,経営動向,-,やや減少,-,,730
2017-04-01,生鮮品仕入原価DI,-,経営動向,-,変わらない,-,,5920
2017-04-01,生鮮品仕入原価DI,-,経営動向,-,やや増加,-,,2910
2017-04-01,生鮮品仕入原価DI,-,経営動向,-,かなり増加,-,,100
2017-05-01,生鮮品仕入原価DI,-,経営動向,-,かなり減少,-,,290
2017-05-01,生鮮品仕入原価DI,-,経営動向,-,やや減少,-,,1170
2017-05-01,生鮮品仕入原価DI,-,経営動向,-,変わらない,-,,6050
2017-05-01,生鮮品仕入原価DI,-,経営動向,-,やや増加,-,,2390
2017-05-01,生鮮品仕入原価DI,-,経営動向,-,かなり増加,-,,100
2017-06-01,生鮮品仕入原価DI,-,経営動向,-,かなり減少,-,,290
2017-06-01,生鮮品仕入原価DI,-,経営動向,-,やや減少,-,,1490
2017-06-01,生鮮品仕入原価DI,-,経営動向,-,変わらない,-,,5630
2017-06-01,生鮮品仕入原価DI,-,経営動向,-,やや増加,-,,2410
2017-06-01,生鮮品仕入原価DI,-,経営動向,-,かなり増加,-,,170
2017-07-01,生鮮品仕入原価DI,-,経営動向,-,かなり減少,-,,470
2017-07-01,生鮮品仕入原価DI,-,経営動向,-,やや減少,-,,2180
2017-07-01,生鮮品仕入原価DI,-,経営動向,-,変わらない,-,,4920
2017-07-01,生鮮品仕入原価DI,-,経営動向,-,やや増加,-,,2280
2017-07-01,生鮮品仕入原価DI,-,経営動向,-,かなり増加,-,,160
2017-08-01,生鮮品仕入原価DI,-,経営動向,-,かなり減少,-,,300
2017-08-01,生鮮品仕入原価DI,-,経営動向,-,やや減少,-,,900
2017-08-01,生鮮品仕入原価DI,-,経営動向,-,変わらない,-,,4780
2017-08-01,生鮮品仕入原価DI,-,経営動向,-,やや増加,-,,3830
2017-08-01,生鮮品仕入原価DI,-,経営動向,-,かなり増加,-,,200
2017-09-01,生鮮品仕入原価DI,-,経営動向,-,かなり減少,-,,310
2017-09-01,生鮮品仕入原価DI,-,経営動向,-,やや減少,-,,1040
2017-09-01,生鮮品仕入原価DI,-,経営動向,-,変わらない,-,,5230
2017-09-01,生鮮品仕入原価DI,-,経営動向,-,やや増加,-,,3160
2017-09-01,生鮮品仕入原価DI,-,経営動向,-,かなり増加,-,,260
2017-10-01,生鮮品仕入原価DI,-,経営動向,-,かなり減少,-,,1000
2017-10-01,生鮮品仕入原価DI,-,経営動向,-,やや減少,-,,1420
2017-10-01,生鮮品仕入原価DI,-,経営動向,-,変わらない,-,,4470
2017-10-01,生鮮品仕入原価DI,-,経営動向,-,やや増加,-,,2790
2017-10-01,生鮮品仕入原価DI,-,経営動向,-,かなり増加,-,,320
2017-11-01,生鮮品仕入原価DI,-,経営動向,-,かなり減少,-,,350
2017-11-01,生鮮品仕入原価DI,-,経営動向,-,やや減少,-,,1260
2017-11-01,生鮮品仕入原価DI,-,経営動向,-,変わらない,-,,4470
2017-11-01,生鮮品仕入原価DI,-,経営動向,-,やや増加,-,,3620
2017-11-01,生鮮品仕入原価DI,-,経営動向,-,かなり増加,-,,300
2017-12-01,生鮮品仕入原価DI,-,経営動向,-,かなり減少,-,,100
2017-12-01,生鮮品仕入原価DI,-,経営動向,-,やや減少,-,,570
2017-12-01,生鮮品仕入原価DI,-,経営動向,-,変わらない,-,,3320
2017-12-01,生鮮品仕入原価DI,-,経営動向,-,やや増加,-,,5230
2017-12-01,生鮮品仕入原価DI,-,経営動向,-,かなり増加,-,,780
2018-01-01,生鮮品仕入原価DI,-,経営動向,-,かなり減少,-,,100
2018-01-01,生鮮品仕入原価DI,-,経営動向,-,やや減少,-,,470
2018-01-01,生鮮品仕入原価DI,-,経営動向,-,変わらない,-,,2640
2018-01-01,生鮮品仕入原価DI,-,経営動向,-,やや増加,-,,5650
2018-01-01,生鮮品仕入原価DI,-,経営動向,-,かなり増加,-,,1140
2018-02-01,生鮮品仕入原価DI,-,経営動向,-,かなり減少,-,,50
2018-02-01,生鮮品仕入原価DI,-,経営動向,-,やや減少,-,,460
2018-02-01,生鮮品仕入原価DI,-,経営動向,-,変わらない,-,,3600
2018-02-01,生鮮品仕入原価DI,-,経営動向,-,やや増加,-,,4970
2018-02-01,生鮮品仕入原価DI,-,経営動向,-,かなり増加,-,,910
2018-03-01,生鮮品仕入原価DI,-,経営動向,-,かなり減少,-,,260
2018-03-01,生鮮品仕入原価DI,-,経営動向,-,やや減少,-,,1120
2018-03-01,生鮮品仕入原価DI,-,経営動向,-,変わらない,-,,4950
2018-03-01,生鮮品仕入原価DI,-,経営動向,-,やや増加,-,,3520
2018-03-01,生鮮品仕入原価DI,-,経営動向,-,かなり増加,-,,150
2018-04-01,生鮮品仕入原価DI,-,経営動向,-,かなり減少,-,,410
2018-04-01,生鮮品仕入原価DI,-,経営動向,-,やや減少,-,,1980
2018-04-01,生鮮品仕入原価DI,-,経営動向,-,変わらない,-,,5430
2018-04-01,生鮮品仕入原価DI,-,経営動向,-,やや増加,-,,2080
2018-04-01,生鮮品仕入原価DI,-,経営動向,-,かなり増加,-,,100
2018-05-01,生鮮品仕入原価DI,-,経営動向,-,かなり減少,-,,210
2018-05-01,生鮮品仕入原価DI,-,経営動向,-,やや減少,-,,1950
2018-05-01,生鮮品仕入原価DI,-,経営動向,-,変わらない,-,,5440
2018-05-01,生鮮品仕入原価DI,-,経営動向,-,やや増加,-,,2150
2018-05-01,生鮮品仕入原価DI,-,経営動向,-,かなり増加,-,,260
2018-06-01,生鮮品仕入原価DI,-,経営動向,-,かなり減少,-,,150
2018-06-01,生鮮品仕入原価DI,-,経営動向,-,やや減少,-,,1700
2018-06-01,生鮮品仕入原価DI,-,経営動向,-,変わらない,-,,5400
2018-06-01,生鮮品仕入原価DI,-,経営動向,-,やや増加,-,,2500
2018-06-01,生鮮品仕入原価DI,-,経営動向,-,かなり増加,-,,250
2018-07-01,生鮮品仕入原価DI,-,経営動向,-,かなり減少,-,,50
2018-07-01,生鮮品仕入原価DI,-,経営動向,-,やや減少,-,,960
2018-07-01,生鮮品仕入原価DI,-,経営動向,-,変わらない,-,,4150
2018-07-01,生鮮品仕入原価DI,-,経営動向,-,やや増加,-,,4410
2018-07-01,生鮮品仕入原価DI,-,経営動向,-,かなり増加,-,,430
2018-08-01,生鮮品仕入原価DI,-,経営動向,-,かなり減少,-,,110
2018-08-01,生鮮品仕入原価DI,-,経営動向,-,やや減少,-,,770
2018-08-01,生鮮品仕入原価DI,-,経営動向,-,変わらない,-,,4150
2018-08-01,生鮮品仕入原価DI,-,経営動向,-,やや増加,-,,4540
2018-08-01,生鮮品仕入原価DI,-,経営動向,-,かなり増加,-,,440
2018-09-01,生鮮品仕入原価DI,-,経営動向,-,かなり減少,-,,220
2018-09-01,生鮮品仕入原価DI,-,経営動向,-,やや減少,-,,750
2018-09-01,生鮮品仕入原価DI,-,経営動向,-,変わらない,-,,4520
2018-09-01,生鮮品仕入原価DI,-,経営動向,-,やや増加,-,,4300
2018-09-01,生鮮品仕入原価DI,-,経営動向,-,かなり増加,-,,220
2018-10-01,生鮮品仕入原価DI,-,経営動向,-,かなり減少,-,,60
2018-10-01,生鮮品仕入原価DI,-,経営動向,-,やや減少,-,,550
2018-10-01,生鮮品仕入原価DI,-,経営動向,-,変わらない,-,,5520
2018-10-01,生鮮品仕入原価DI,-,経営動向,-,やや増加,-,,3700
2018-10-01,生鮮品仕入原価DI,-,経営動向,-,かなり増加,-,,170
2018-11-01,生鮮品仕入原価DI,-,経営動向,-,かなり減少,-,,380
2018-11-01,生鮮品仕入原価DI,-,経営動向,-,やや減少,-,,2260
2018-11-01,生鮮品仕入原価DI,-,経営動向,-,変わらない,-,,5160
2018-11-01,生鮮品仕入原価DI,-,経営動向,-,やや増加,-,,2200
2018-11-01,生鮮品仕入原価DI,-,経営動向,-,かなり増加,-,,0
2018-12-01,生鮮品仕入原価DI,-,経営動向,-,かなり減少,-,,850
2018-12-01,生鮮品仕入原価DI,-,経営動向,-,やや減少,-,,2710
2018-12-01,生鮮品仕入原価DI,-,経営動向,-,変わらない,-,,4580
2018-12-01,生鮮品仕入原価DI,-,経営動向,-,やや増加,-,,1860
2018-12-01,生鮮品仕入原価DI,-,経営動向,-,かなり増加,-,,0
2019-01-01,生鮮品仕入原価DI,-,経営動向,-,かなり減少,-,,710
2019-01-01,生鮮品仕入原価DI,-,経営動向,-,やや減少,-,,2990
2019-01-01,生鮮品仕入原価DI,-,経営動向,-,変わらない,-,,4620
2019-01-01,生鮮品仕入原価DI,-,経営動向,-,やや増加,-,,1630
2019-01-01,生鮮品仕入原価DI,-,経営動向,-,かなり増加,-,,50
2019-02-01,生鮮品仕入原価DI,-,経営動向,-,かなり減少,-,,590
2019-02-01,生鮮品仕入原価DI,-,経営動向,-,やや減少,-,,2830
2019-02-01,生鮮品仕入原価DI,-,経営動向,-,変わらない,-,,4920
2019-02-01,生鮮品仕入原価DI,-,経営動向,-,やや増加,-,,1600
2019-02-01,生鮮品仕入原価DI,-,経営動向,-,かなり増加,-,,50
2019-03-01,生鮮品仕入原価DI,-,経営動向,-,かなり減少,-,,420
2019-03-01,生鮮品仕入原価DI,-,経営動向,-,やや減少,-,,2490
2019-03-01,生鮮品仕入原価DI,-,経営動向,-,変わらない,-,,4970
2019-03-01,生鮮品仕入原価DI,-,経営動向,-,やや増加,-,,1850
2019-03-01,生鮮品仕入原価DI,-,経営動向,-,かなり増加,-,,260
2019-04-01,生鮮品仕入原価DI,-,経営動向,-,かなり減少,-,,220
2019-04-01,生鮮品仕入原価DI,-,経営動向,-,やや減少,-,,1420
2019-04-01,生鮮品仕入原価DI,-,経営動向,-,変わらない,-,,5790
2019-04-01,生鮮品仕入原価DI,-,経営動向,-,やや増加,-,,2350
2019-04-01,生鮮品仕入原価DI,-,経営動向,-,かなり増加,-,,220
2019-05-01,生鮮品仕入原価DI,-,経営動向,-,かなり減少,-,,210
2019-05-01,生鮮品仕入原価DI,-,経営動向,-,やや減少,-,,1230
2019-05-01,生鮮品仕入原価DI,-,経営動向,-,変わらない,-,,6100
2019-05-01,生鮮品仕入原価DI,-,経営動向,-,やや増加,-,,2250
2019-05-01,生鮮品仕入原価DI,-,経営動向,-,かなり増加,-,,210
2019-06-01,生鮮品仕入原価DI,-,経営動向,-,かなり減少,-,,210
2019-06-01,生鮮品仕入原価DI,-,経営動向,-,やや減少,-,,1380
2019-06-01,生鮮品仕入原価DI,-,経営動向,-,変わらない,-,,5800
2019-06-01,生鮮品仕入原価DI,-,経営動向,-,やや増加,-,,2550
2019-06-01,生鮮品仕入原価DI,-,経営動向,-,かなり増加,-,,50
2019-07-01,生鮮品仕入原価DI,-,経営動向,-,かなり減少,-,,390
2019-07-01,生鮮品仕入原価DI,-,経営動向,-,やや減少,-,,1840
2019-07-01,生鮮品仕入原価DI,-,経営動向,-,変わらない,-,,5030
2019-07-01,生鮮品仕入原価DI,-,経営動向,-,やや増加,-,,2680
2019-07-01,生鮮品仕入原価DI,-,経営動向,-,かなり増加,-,,60
2019-08-01,生鮮品仕入原価DI,-,経営動向,-,かなり減少,-,,300
2019-08-01,生鮮品仕入原価DI,-,経営動向,-,やや減少,-,,2010
2019-08-01,生鮮品仕入原価DI,-,経営動向,-,変わらない,-,,5490
2019-08-01,生鮮品仕入原価DI,-,経営動向,-,やや増加,-,,2130
2019-08-01,生鮮品仕入原価DI,-,経営動向,-,かなり増加,-,,60
2019-09-01,生鮮品仕入原価DI,-,経営動向,-,かなり減少,-,,480
2019-09-01,生鮮品仕入原価DI,-,経営動向,-,やや減少,-,,1690
2019-09-01,生鮮品仕入原価DI,-,経営動向,-,変わらない,-,,5120
2019-09-01,生鮮品仕入原価DI,-,経営動向,-,やや増加,-,,2590
2019-09-01,生鮮品仕入原価DI,-,経営動向,-,かなり増加,-,,120
2019-10-01,生鮮品仕入原価DI,-,経営動向,-,かなり減少,-,,280
2019-10-01,生鮮品仕入原価DI,-,経営動向,-,やや減少,-,,1830
2019-10-01,生鮮品仕入原価DI,-,経営動向,-,変わらない,-,,5720
2019-10-01,生鮮品仕入原価DI,-,経営動向,-,やや増加,-,,2060
2019-10-01,生鮮品仕入原価DI,-,経営動向,-,かなり増加,-,,110
2019-11-01,生鮮品仕入原価DI,-,経営動向,-,かなり減少,-,,60
2019-11-01,生鮮品仕入原価DI,-,経営動向,-,やや減少,-,,1550
2019-11-01,生鮮品仕入原価DI,-,経営動向,-,変わらない,-,,5480
2019-11-01,生鮮品仕入原価DI,-,経営動向,-,やや増加,-,,2620
2019-11-01,生鮮品仕入原価DI,-,経営動向,-,かなり増加,-,,300
2019-12-01,生鮮品仕入原価DI,-,経営動向,-,かなり減少,-,,110
2019-12-01,生鮮品仕入原価DI,-,経営動向,-,やや減少,-,,1390
2019-12-01,生鮮品仕入原価DI,-,経営動向,-,変わらない,-,,5670
2019-12-01,生鮮品仕入原価DI,-,経営動向,-,やや増加,-,,2830
2019-12-01,生鮮品仕入原価DI,-,経営動向,-,かなり増加,-,,0
2020-01-01,生鮮品仕入原価DI,-,経営動向,-,かなり減少,-,,340
2020-01-01,生鮮品仕入原価DI,-,経営動向,-,やや減少,-,,2600
2020-01-01,生鮮品仕入原価DI,-,経営動向,-,変わらない,-,,5650
2020-01-01,生鮮品仕入原価DI,-,経営動向,-,やや増加,-,,1410
2020-01-01,生鮮品仕入原価DI,-,経営動向,-,かなり増加,-,,0
2020-02-01,生鮮品仕入原価DI,-,経営動向,-,かなり減少,-,,110
2020-02-01,生鮮品仕入原価DI,-,経営動向,-,やや減少,-,,1260
2020-02-01,生鮮品仕入原価DI,-,経営動向,-,変わらない,-,,6380
2020-02-01,生鮮品仕入原価DI,-,経営動向,-,やや増加,-,,1840
2020-02-01,生鮮品仕入原価DI,-,経営動向,-,かなり増加,-,,400
2020-03-01,生鮮品仕入原価DI,-,経営動向,-,かなり減少,-,,280
2020-03-01,生鮮品仕入原価DI,-,経営動向,-,やや減少,-,,1280
2020-03-01,生鮮品仕入原価DI,-,経営動向,-,変わらない,-,,5140
2020-03-01,生鮮品仕入原価DI,-,経営動向,-,やや増加,-,,2850
2020-03-01,生鮮品仕入原価DI,-,経営動向,-,かなり増加,-,,450
2020-04-01,生鮮品仕入原価DI,-,経営動向,-,かなり減少,-,,110
2020-04-01,生鮮品仕入原価DI,-,経営動向,-,やや減少,-,,1010
2020-04-01,生鮮品仕入原価DI,-,経営動向,-,変わらない,-,,4660
2020-04-01,生鮮品仕入原価DI,-,経営動向,-,やや増加,-,,3310
2020-04-01,生鮮品仕入原価DI,-,経営動向,-,かなり増加,-,,900
2020-05-01,生鮮品仕入原価DI,-,経営動向,-,かなり減少,-,,60
2020-05-01,生鮮品仕入原価DI,-,経営動向,-,やや減少,-,,940
2020-05-01,生鮮品仕入原価DI,-,経営動向,-,変わらない,-,,5200
2020-05-01,生鮮品仕入原価DI,-,経営動向,-,やや増加,-,,2980
2020-05-01,生鮮品仕入原価DI,-,経営動向,-,かなり増加,-,,820
2020-06-01,生鮮品仕入原価DI,-,経営動向,-,かなり減少,-,,110
2020-06-01,生鮮品仕入原価DI,-,経営動向,-,やや減少,-,,620
2020-06-01,生鮮品仕入原価DI,-,経営動向,-,変わらない,-,,5510
2020-06-01,生鮮品仕入原価DI,-,経営動向,-,やや増加,-,,3200
2020-06-01,生鮮品仕入原価DI,-,経営動向,-,かなり増加,-,,560
2020-07-01,生鮮品仕入原価DI,-,経営動向,-,かなり減少,-,,110
2020-07-01,生鮮品仕入原価DI,-,経営動向,-,やや減少,-,,280
2020-07-01,生鮮品仕入原価DI,-,経営動向,-,変わらない,-,,3240
2020-07-01,生鮮品仕入原価DI,-,経営動向,-,やや増加,-,,5110
2020-07-01,生鮮品仕入原価DI,-,経営動向,-,かなり増加,-,,1250
2020-08-01,生鮮品仕入原価DI,-,経営動向,-,かなり減少,-,,110
2020-08-01,生鮮品仕入原価DI,-,経営動向,-,やや減少,-,,110
2020-08-01,生鮮品仕入原価DI,-,経営動向,-,変わらない,-,,3070
2020-08-01,生鮮品仕入原価DI,-,経営動向,-,やや増加,-,,5570
2020-08-01,生鮮品仕入原価DI,-,経営動向,-,かなり増加,-,,1140
2020-09-01,生鮮品仕入原価DI,-,経営動向,-,かなり減少,-,,0
2020-09-01,生鮮品仕入原価DI,-,経営動向,-,やや減少,-,,560
2020-09-01,生鮮品仕入原価DI,-,経営動向,-,変わらない,-,,5080
2020-09-01,生鮮品仕入原価DI,-,経営動向,-,やや増加,-,,3740
2020-09-01,生鮮品仕入原価DI,-,経営動向,-,かなり増加,-,,610
2020-10-01,生鮮品仕入原価DI,-,経営動向,-,かなり減少,-,,0
2020-10-01,生鮮品仕入原価DI,-,経営動向,-,やや減少,-,,340
2020-10-01,生鮮品仕入原価DI,-,経営動向,-,変わらない,-,,5830
2020-10-01,生鮮品仕入原価DI,-,経営動向,-,やや増加,-,,3310
2020-10-01,生鮮品仕入原価DI,-,経営動向,-,かなり増加,-,,510
2020-11-01,生鮮品仕入原価DI,-,経営動向,-,かなり減少,-,,350
2020-11-01,生鮮品仕入原価DI,-,経営動向,-,やや減少,-,,2440
2020-11-01,生鮮品仕入原価DI,-,経営動向,-,変わらない,-,,5120
2020-11-01,生鮮品仕入原価DI,-,経営動向,-,やや増加,-,,1860
2020-11-01,生鮮品仕入原価DI,-,経営動向,-,かなり増加,-,,230
2020-12-01,生鮮品仕入原価DI,-,経営動向,-,かなり減少,-,,110
2020-12-01,生鮮品仕入原価DI,-,経営動向,-,やや減少,-,,1700
2020-12-01,生鮮品仕入原価DI,-,経営動向,-,変わらない,-,,6190
2020-12-01,生鮮品仕入原価DI,-,経営動向,-,やや増加,-,,1530
2020-12-01,生鮮品仕入原価DI,-,経営動向,-,かなり増加,-,,450
2021-01-01,生鮮品仕入原価DI,-,経営動向,-,かなり減少,-,,0
2021-01-01,生鮮品仕入原価DI,-,経営動向,-,やや減少,-,,840
2021-01-01,生鮮品仕入原価DI,-,経営動向,-,変わらない,-,,6590
2021-01-01,生鮮品仕入原価DI,-,経営動向,-,やや増加,-,,1960
2021-01-01,生鮮品仕入原価DI,-,経営動向,-,かなり増加,-,,610
2021-02-01,生鮮品仕入原価DI,-,経営動向,-,かなり減少,-,,450
2021-02-01,生鮮品仕入原価DI,-,経営動向,-,やや減少,-,,1010
2021-02-01,生鮮品仕入原価DI,-,経営動向,-,変わらない,-,,6760
2021-02-01,生鮮品仕入原価DI,-,経営動向,-,やや増加,-,,1620
2021-02-01,生鮮品仕入原価DI,-,経営動向,-,かなり増加,-,,170
2021-03-01,生鮮品仕入原価DI,-,経営動向,-,かなり減少,-,,340
2021-03-01,生鮮品仕入原価DI,-,経営動向,-,やや減少,-,,1180
2021-03-01,生鮮品仕入原価DI,-,経営動向,-,変わらない,-,,6520
2021-03-01,生鮮品仕入原価DI,-,経営動向,-,やや増加,-,,1850
2021-03-01,生鮮品仕入原価DI,-,経営動向,-,かなり増加,-,,110
2021-04-01,生鮮品仕入原価DI,-,経営動向,-,かなり減少,-,,510
2021-04-01,生鮮品仕入原価DI,-,経営動向,-,やや減少,-,,1770
2021-04-01,生鮮品仕入原価DI,-,経営動向,-,変わらない,-,,6170
2021-04-01,生鮮品仕入原価DI,-,経営動向,-,やや増加,-,,1430
2021-04-01,生鮮品仕入原価DI,-,経営動向,-,かなり増加,-,,110
2021-05-01,生鮮品仕入原価DI,-,経営動向,-,かなり減少,-,,390
2021-05-01,生鮮品仕入原価DI,-,経営動向,-,やや減少,-,,1350
2021-05-01,生鮮品仕入原価DI,-,経営動向,-,変わらない,-,,5730
2021-05-01,生鮮品仕入原価DI,-,経営動向,-,やや増加,-,,2250
2021-05-01,生鮮品仕入原価DI,-,経営動向,-,かなり増加,-,,280
2021-06-01,生鮮品仕入原価DI,-,経営動向,-,かなり減少,-,,290
2021-06-01,生鮮品仕入原価DI,-,経営動向,-,やや減少,-,,1040
2021-06-01,生鮮品仕入原価DI,-,経営動向,-,変わらない,-,,5550
2021-06-01,生鮮品仕入原価DI,-,経営動向,-,やや増加,-,,2890
2021-06-01,生鮮品仕入原価DI,-,経営動向,-,かなり増加,-,,230
2021-07-01,生鮮品仕入原価DI,-,経営動向,-,かなり減少,-,,110
2021-07-01,生鮮品仕入原価DI,-,経営動向,-,やや減少,-,,1830
2021-07-01,生鮮品仕入原価DI,-,経営動向,-,変わらない,-,,5090
2021-07-01,生鮮品仕入原価DI,-,経営動向,-,やや増加,-,,2800
2021-07-01,生鮮品仕入原価DI,-,経営動向,-,かなり増加,-,,170
2021-08-01,生鮮品仕入原価DI,-,経営動向,-,かなり減少,-,,220
2021-08-01,生鮮品仕入原価DI,-,経営動向,-,やや減少,-,,1560
2021-08-01,生鮮品仕入原価DI,-,経営動向,-,変わらない,-,,4250
2021-08-01,生鮮品仕入原価DI,-,経営動向,-,やや増加,-,,3520
2021-08-01,生鮮品仕入原価DI,-,経営動向,-,かなり増加,-,,450
2021-09-01,生鮮品仕入原価DI,-,経営動向,-,かなり減少,-,,170
2021-09-01,生鮮品仕入原価DI,-,経営動向,-,やや減少,-,,720
2021-09-01,生鮮品仕入原価DI,-,経営動向,-,変わらない,-,,3780
2021-09-01,生鮮品仕入原価DI,-,経営動向,-,やや増加,-,,4720
2021-09-01,生鮮品仕入原価DI,-,経営動向,-,かなり増加,-,,610
2021-10-01,生鮮品仕入原価DI,-,経営動向,-,かなり減少,-,,300
2021-10-01,生鮮品仕入原価DI,-,経営動向,-,やや減少,-,,830
2021-10-01,生鮮品仕入原価DI,-,経営動向,-,変わらない,-,,4460
2021-10-01,生鮮品仕入原価DI,-,経営動向,-,やや増加,-,,3690
2021-10-01,生鮮品仕入原価DI,-,経営動向,-,かなり増加,-,,710
2021-11-01,生鮮品仕入原価DI,-,経営動向,-,かなり減少,-,,110
2021-11-01,生鮮品仕入原価DI,-,経営動向,-,やや減少,-,,1260
2021-11-01,生鮮品仕入原価DI,-,経営動向,-,変わらない,-,,3490
2021-11-01,生鮮品仕入原価DI,-,経営動向,-,やや増加,-,,4230
2021-11-01,生鮮品仕入原価DI,-,経営動向,-,かなり増加,-,,910
2021-12-01,生鮮品仕入原価DI,-,経営動向,-,かなり減少,-,,230
2021-12-01,生鮮品仕入原価DI,-,経営動向,-,やや減少,-,,960
2021-12-01,生鮮品仕入原価DI,-,経営動向,-,変わらない,-,,3280
2021-12-01,生鮮品仕入原価DI,-,経営動向,-,やや増加,-,,4970
2021-12-01,生鮮品仕入原価DI,-,経営動向,-,かなり増加,-,,560
2022-01-01,生鮮品仕入原価DI,-,経営動向,-,かなり減少,-,,230
2022-01-01,生鮮品仕入原価DI,-,経営動向,-,やや減少,-,,790
2022-01-01,生鮮品仕入原価DI,-,経営動向,-,変わらない,-,,3670
2022-01-01,生鮮品仕入原価DI,-,経営動向,-,やや増加,-,,4800
2022-01-01,生鮮品仕入原価DI,-,経営動向,-,かなり増加,-,,510
2022-02-01,生鮮品仕入原価DI,-,経営動向,-,かなり減少,-,,180
2022-02-01,生鮮品仕入原価DI,-,経営動向,-,やや減少,-,,610
2022-02-01,生鮮品仕入原価DI,-,経営動向,-,変わらない,-,,2870
2022-02-01,生鮮品仕入原価DI,-,経営動向,-,やや増加,-,,5120
2022-02-01,生鮮品仕入原価DI,-,経営動向,-,かなり増加,-,,1220
2022-03-01,生鮮品仕入原価DI,-,経営動向,-,かなり減少,-,,60
2022-03-01,生鮮品仕入原価DI,-,経営動向,-,やや減少,-,,480
2022-03-01,生鮮品仕入原価DI,-,経営動向,-,変わらない,-,,3230
2022-03-01,生鮮品仕入原価DI,-,経営動向,-,やや増加,-,,4970
2022-03-01,生鮮品仕入原価DI,-,経営動向,-,かなり増加,-,,1260
2022-04-01,生鮮品仕入原価DI,-,経営動向,-,かなり減少,-,,0
2022-04-01,生鮮品仕入原価DI,-,経営動向,-,やや減少,-,,450
2022-04-01,生鮮品仕入原価DI,-,経営動向,-,変わらない,-,,2580
2022-04-01,生鮮品仕入原価DI,-,経営動向,-,やや増加,-,,5790
2022-04-01,生鮮品仕入原価DI,-,経営動向,-,かなり増加,-,,1180
2022-05-01,生鮮品仕入原価DI,-,経営動向,-,かなり減少,-,,180
2022-05-01,生鮮品仕入原価DI,-,経営動向,-,やや減少,-,,540
2022-05-01,生鮮品仕入原価DI,-,経営動向,-,変わらない,-,,2280
2022-05-01,生鮮品仕入原価DI,-,経営動向,-,やや増加,-,,5510
2022-05-01,生鮮品仕入原価DI,-,経営動向,-,かなり増加,-,,1500
2022-06-01,生鮮品仕入原価DI,-,経営動向,-,かなり減少,-,,170
2022-06-01,生鮮品仕入原価DI,-,経営動向,-,やや減少,-,,800
2022-06-01,生鮮品仕入原価DI,-,経営動向,-,変わらない,-,,2170
2022-06-01,生鮮品仕入原価DI,-,経営動向,-,やや増加,-,,5430
2022-06-01,生鮮品仕入原価DI,-,経営動向,-,かなり増加,-,,1430
2022-07-01,生鮮品仕入原価DI,-,経営動向,-,かなり減少,-,,60
2022-07-01,生鮮品仕入原価DI,-,経営動向,-,やや減少,-,,470
2022-07-01,生鮮品仕入原価DI,-,経営動向,-,変わらない,-,,2490
2022-07-01,生鮮品仕入原価DI,-,経営動向,-,やや増加,-,,5500
2022-07-01,生鮮品仕入原価DI,-,経営動向,-,かなり増加,-,,1480
2022-08-01,生鮮品仕入原価DI,-,経営動向,-,かなり減少,-,,120
2022-08-01,生鮮品仕入原価DI,-,経営動向,-,やや減少,-,,420
2022-08-01,生鮮品仕入原価DI,-,経営動向,-,変わらない,-,,2140
2022-08-01,生鮮品仕入原価DI,-,経営動向,-,やや増加,-,,5710
2022-08-01,生鮮品仕入原価DI,-,経営動向,-,かなり増加,-,,1610
2022-09-01,生鮮品仕入原価DI,-,経営動向,-,かなり減少,-,,170
2022-09-01,生鮮品仕入原価DI,-,経営動向,-,やや減少,-,,800
2022-09-01,生鮮品仕入原価DI,-,経営動向,-,変わらない,-,,1880
2022-09-01,生鮮品仕入原価DI,-,経営動向,-,やや増加,-,,5680
2022-09-01,生鮮品仕入原価DI,-,経営動向,-,かなり増加,-,,1480
2022-10-01,生鮮品仕入原価DI,-,経営動向,-,かなり減少,-,,170
2022-10-01,生鮮品仕入原価DI,-,経営動向,-,やや減少,-,,290
2022-10-01,生鮮品仕入原価DI,-,経営動向,-,変わらない,-,,2090
2022-10-01,生鮮品仕入原価DI,-,経営動向,-,やや増加,-,,5520
2022-10-01,生鮮品仕入原価DI,-,経営動向,-,かなり増加,-,,1920
2022-11-01,生鮮品仕入原価DI,-,経営動向,-,かなり減少,-,,120
2022-11-01,生鮮品仕入原価DI,-,経営動向,-,やや減少,-,,410
2022-11-01,生鮮品仕入原価DI,-,経営動向,-,変わらない,-,,1710
2022-11-01,生鮮品仕入原価DI,-,経営動向,-,やや増加,-,,6290
2022-11-01,生鮮品仕入原価DI,-,経営動向,-,かなり増加,-,,1470
2022-12-01,生鮮品仕入原価DI,-,経営動向,-,かなり減少,-,,170
2022-12-01,生鮮品仕入原価DI,-,経営動向,-,やや減少,-,,280
2022-12-01,生鮮品仕入原価DI,-,経営動向,-,変わらない,-,,1520
2022-12-01,生鮮品仕入原価DI,-,経営動向,-,やや増加,-,,6460
2022-12-01,生鮮品仕入原価DI,-,経営動向,-,かなり増加,-,,1570
2023-01-01,生鮮品仕入原価DI,-,経営動向,-,かなり減少,-,,340
2023-01-01,生鮮品仕入原価DI,-,経営動向,-,やや減少,-,,450
2023-01-01,生鮮品仕入原価DI,-,経営動向,-,変わらない,-,,1300
2023-01-01,生鮮品仕入原価DI,-,経営動向,-,やや増加,-,,6270
2023-01-01,生鮮品仕入原価DI,-,経営動向,-,かなり増加,-,,1640
2023-02-01,生鮮品仕入原価DI,-,経営動向,-,かなり減少,-,,560
2023-02-01,生鮮品仕入原価DI,-,経営動向,-,やや減少,-,,670
2023-02-01,生鮮品仕入原価DI,-,経営動向,-,変わらない,-,,1570
2023-02-01,生鮮品仕入原価DI,-,経営動向,-,やや増加,-,,5510
2023-02-01,生鮮品仕入原価DI,-,経営動向,-,かなり増加,-,,1690
2023-03-01,生鮮品仕入原価DI,-,経営動向,-,かなり減少,-,,280
2023-03-01,生鮮品仕入原価DI,-,経営動向,-,やや減少,-,,560
2023-03-01,生鮮品仕入原価DI,-,経営動向,-,変わらない,-,,2000
2023-03-01,生鮮品仕入原価DI,-,経営動向,-,やや増加,-,,5560
2023-03-01,生鮮品仕入原価DI,-,経営動向,-,かなり増加,-,,1610
2023-04-01,生鮮品仕入原価DI,-,経営動向,-,かなり減少,-,,230
2023-04-01,生鮮品仕入原価DI,-,経営動向,-,やや減少,-,,640
2023-04-01,生鮮品仕入原価DI,-,経営動向,-,変わらない,-,,1740
2023-04-01,生鮮品仕入原価DI,-,経営動向,-,やや増加,-,,5930
2023-04-01,生鮮品仕入原価DI,-,経営動向,-,かなり増加,-,,1450
2023-05-01,生鮮品仕入原価DI,-,経営動向,-,かなり減少,-,,340
2023-05-01,生鮮品仕入原価DI,-,経営動向,-,やや減少,-,,630
2023-05-01,生鮮品仕入原価DI,-,経営動向,-,変わらない,-,,1900
2023-05-01,生鮮品仕入原価DI,-,経営動向,-,やや増加,-,,5920
2023-05-01,生鮮品仕入原価DI,-,経営動向,-,かなり増加,-,,1210
2023-06-01,生鮮品仕入原価DI,-,経営動向,-,かなり減少,-,,120
2023-06-01,生鮮品仕入原価DI,-,経営動向,-,やや減少,-,,410
2023-06-01,生鮮品仕入原価DI,-,経営動向,-,変わらない,-,,2380
2023-06-01,生鮮品仕入原価DI,-,経営動向,-,やや増加,-,,6100
2023-06-01,生鮮品仕入原価DI,-,経営動向,-,かなり増加,-,,990
2023-07-01,生鮮品仕入原価DI,-,経営動向,-,かなり減少,-,,60
2023-07-01,生鮮品仕入原価DI,-,経営動向,-,やや減少,-,,460
2023-07-01,生鮮品仕入原価DI,-,経営動向,-,変わらない,-,,1620
2023-07-01,生鮮品仕入原価DI,-,経営動向,-,やや増加,-,,6760
2023-07-01,生鮮品仕入原価DI,-,経営動向,-,かなり増加,-,,1100
2023-08-01,生鮮品仕入原価DI,-,経営動向,-,かなり減少,-,,170
2023-08-01,生鮮品仕入原価DI,-,経営動向,-,やや減少,-,,340
2023-08-01,生鮮品仕入原価DI,-,経営動向,-,変わらない,-,,1620
2023-08-01,生鮮品仕入原価DI,-,経営動向,-,やや増加,-,,6760
2023-08-01,生鮮品仕入原価DI,-,経営動向,-,かなり増加,-,,1120
2023-09-01,生鮮品仕入原価DI,-,経営動向,-,かなり減少,-,,120
2023-09-01,生鮮品仕入原価DI,-,経営動向,-,やや減少,-,,290
2023-09-01,生鮮品仕入原価DI,-,経営動向,-,変わらない,-,,1230
2023-09-01,生鮮品仕入原価DI,-,経営動向,-,やや増加,-,,6900
2023-09-01,生鮮品仕入原価DI,-,経営動向,-,かなり増加,-,,1460
2023-10-01,生鮮品仕入原価DI,-,経営動向,-,かなり減少,-,,0
2023-10-01,生鮮品仕入原価DI,-,経営動向,-,やや減少,-,,670
2023-10-01,生鮮品仕入原価DI,-,経営動向,-,変わらない,-,,1820
2023-10-01,生鮮品仕入原価DI,-,経営動向,-,やや増加,-,,6240
2023-10-01,生鮮品仕入原価DI,-,経営動向,-,かなり増加,-,,1270
2023-11-01,生鮮品仕入原価DI,-,経営動向,-,かなり減少,-,,170
2023-11-01,生鮮品仕入原価DI,-,経営動向,-,やや減少,-,,410
2023-11-01,生鮮品仕入原価DI,-,経営動向,-,変わらない,-,,2910
2023-11-01,生鮮品仕入原価DI,-,経営動向,-,やや増加,-,,5580
2023-11-01,生鮮品仕入原価DI,-,経営動向,-,かなり増加,-,,930
2023-12-01,生鮮品仕入原価DI,-,経営動向,-,かなり減少,-,,60
2023-12-01,生鮮品仕入原価DI,-,経営動向,-,やや減少,-,,290
2023-12-01,生鮮品仕入原価DI,-,経営動向,-,変わらない,-,,2440
2023-12-01,生鮮品仕入原価DI,-,経営動向,-,やや増加,-,,6450
2023-12-01,生鮮品仕入原価DI,-,経営動向,-,かなり増加,-,,760
2024-01-01,生鮮品仕入原価DI,-,経営動向,-,かなり減少,-,,0
2024-01-01,生鮮品仕入原価DI,-,経営動向,-,やや減少,-,,470
2024-01-01,生鮮品仕入原価DI,-,経営動向,-,変わらない,-,,3270
2024-01-01,生鮮品仕入原価DI,-,経営動向,-,やや増加,-,,5670
2024-01-01,生鮮品仕入原価DI,-,経営動向,-,かなり増加,-,,580
2024-02-01,生鮮品仕入原価DI,-,経営動向,-,かなり減少,-,,60
2024-02-01,生鮮品仕入原価DI,-,経営動向,-,やや減少,-,,230
2024-02-01,生鮮品仕入原価DI,-,経営動向,-,変わらない,-,,3020
2024-02-01,生鮮品仕入原価DI,-,経営動向,-,やや増加,-,,5700
2024-02-01,生鮮品仕入原価DI,-,経営動向,-,かなり増加,-,,990
2024-03-01,生鮮品仕入原価DI,-,経営動向,-,かなり減少,-,,60
2024-03-01,生鮮品仕入原価DI,-,経営動向,-,やや減少,-,,470
2024-03-01,生鮮品仕入原価DI,-,経営動向,-,変わらない,-,,1890
2024-03-01,生鮮品仕入原価DI,-,経営動向,-,やや増加,-,,6150
2024-03-01,生鮮品仕入原価DI,-,経営動向,-,かなり増加,-,,1420
2024-04-01,生鮮品仕入原価DI,-,経営動向,-,かなり減少,-,,0
2024-04-01,生鮮品仕入原価DI,-,経営動向,-,やや減少,-,,380
2024-04-01,生鮮品仕入原価DI,-,経営動向,-,変わらない,-,,2260
2024-04-01,生鮮品仕入原価DI,-,経営動向,-,やや増加,-,,6290
2024-04-01,生鮮品仕入原価DI,-,経営動向,-,かなり増加,-,,1070
2024-05-01,生鮮品仕入原価DI,-,経営動向,-,かなり減少,-,,60
2024-05-01,生鮮品仕入原価DI,-,経営動向,-,やや減少,-,,300
2024-05-01,生鮮品仕入原価DI,-,経営動向,-,変わらない,-,,2130
2024-05-01,生鮮品仕入原価DI,-,経営動向,-,やや増加,-,,6510
2024-05-01,生鮮品仕入原価DI,-,経営動向,-,かなり増加,-,,1010
2024-06-01,生鮮品仕入原価DI,-,経営動向,-,かなり減少,-,,120
2024-06-01,生鮮品仕入原価DI,-,経営動向,-,やや減少,-,,300
2024-06-01,生鮮品仕入原価DI,-,経営動向,-,変わらない,-,,2680
2024-06-01,生鮮品仕入原価DI,-,経営動向,-,やや増加,-,,6010
2024-06-01,生鮮品仕入原価DI,-,経営動向,-,かなり増加,-,,890
2024-07-01,生鮮品仕入原価DI,-,経営動向,-,かなり減少,-,,240
2024-07-01,生鮮品仕入原価DI,-,経営動向,-,やや減少,-,,530
2024-07-01,生鮮品仕入原価DI,-,経営動向,-,変わらない,-,,2410
2024-07-01,生鮮品仕入原価DI,-,経営動向,-,やや増加,-,,6180
2024-07-01,生鮮品仕入原価DI,-,経営動向,-,かなり増加,-,,650
2024-08-01,生鮮品仕入原価DI,-,経営動向,-,かなり減少,-,,0
2024-08-01,生鮮品仕入原価DI,-,経営動向,-,やや減少,-,,300
2024-08-01,生鮮品仕入原価DI,-,経営動向,-,変わらない,-,,1930
2024-08-01,生鮮品仕入原価DI,-,経営動向,-,やや増加,-,,6630
2024-08-01,生鮮品仕入原価DI,-,経営動向,-,かなり増加,-,,1140
2024-09-01,生鮮品仕入原価DI,-,経営動向,-,かなり減少,-,,130
2024-09-01,生鮮品仕入原価DI,-,経営動向,-,やや減少,-,,650
2024-09-01,生鮮品仕入原価DI,-,経営動向,-,変わらない,-,,1740
2024-09-01,生鮮品仕入原価DI,-,経営動向,-,やや増加,-,,6520
2024-09-01,生鮮品仕入原価DI,-,経営動向,-,かなり増加,-,,970
2012-05-01,食品仕入原価DI,-,経営動向,-,かなり減少,-,,70
2012-05-01,食品仕入原価DI,-,経営動向,-,やや減少,-,,1490
2012-05-01,食品仕入原価DI,-,経営動向,-,変わらない,-,,7020
2012-05-01,食品仕入原価DI,-,経営動向,-,やや増加,-,,1350
2012-05-01,食品仕入原価DI,-,経営動向,-,かなり増加,-,,70
2012-06-01,食品仕入原価DI,-,経営動向,-,かなり減少,-,,100
2012-06-01,食品仕入原価DI,-,経営動向,-,やや減少,-,,1310
2012-06-01,食品仕入原価DI,-,経営動向,-,変わらない,-,,7380
2012-06-01,食品仕入原価DI,-,経営動向,-,やや増加,-,,1100
2012-06-01,食品仕入原価DI,-,経営動向,-,かなり増加,-,,100
2012-07-01,食品仕入原価DI,-,経営動向,-,かなり減少,-,,140
2012-07-01,食品仕入原価DI,-,経営動向,-,やや減少,-,,1580
2012-07-01,食品仕入原価DI,-,経営動向,-,変わらない,-,,7350
2012-07-01,食品仕入原価DI,-,経営動向,-,やや増加,-,,860
2012-07-01,食品仕入原価DI,-,経営動向,-,かなり増加,-,,70
2012-08-01,食品仕入原価DI,-,経営動向,-,かなり減少,-,,140
2012-08-01,食品仕入原価DI,-,経営動向,-,やや減少,-,,1240
2012-08-01,食品仕入原価DI,-,経営動向,-,変わらない,-,,7380
2012-08-01,食品仕入原価DI,-,経営動向,-,やや増加,-,,1130
2012-08-01,食品仕入原価DI,-,経営動向,-,かなり増加,-,,110
2012-09-01,食品仕入原価DI,-,経営動向,-,かなり減少,-,,70
2012-09-01,食品仕入原価DI,-,経営動向,-,やや減少,-,,1550
2012-09-01,食品仕入原価DI,-,経営動向,-,変わらない,-,,7090
2012-09-01,食品仕入原価DI,-,経営動向,-,やや増加,-,,1220
2012-09-01,食品仕入原価DI,-,経営動向,-,かなり増加,-,,70
2012-10-01,食品仕入原価DI,-,経営動向,-,かなり減少,-,,70
2012-10-01,食品仕入原価DI,-,経営動向,-,やや減少,-,,1600
2012-10-01,食品仕入原価DI,-,経営動向,-,変わらない,-,,7210
2012-10-01,食品仕入原価DI,-,経営動向,-,やや増加,-,,1000
2012-10-01,食品仕入原価DI,-,経営動向,-,かなり増加,-,,110
2012-11-01,食品仕入原価DI,-,経営動向,-,かなり減少,-,,40
2012-11-01,食品仕入原価DI,-,経営動向,-,やや減少,-,,1750
2012-11-01,食品仕入原価DI,-,経営動向,-,変わらない,-,,7160
2012-11-01,食品仕入原価DI,-,経営動向,-,やや増加,-,,1010
2012-11-01,食品仕入原価DI,-,経営動向,-,かなり増加,-,,40
2012-12-01,食品仕入原価DI,-,経営動向,-,かなり減少,-,,70
2012-12-01,食品仕入原価DI,-,経営動向,-,やや減少,-,,1050
2012-12-01,食品仕入原価DI,-,経営動向,-,変わらない,-,,7600
2012-12-01,食品仕入原価DI,-,経営動向,-,やや増加,-,,1270
2012-12-01,食品仕入原価DI,-,経営動向,-,かなり増加,-,,0
2013-01-01,食品仕入原価DI,-,経営動向,-,かなり減少,-,,40
2013-01-01,食品仕入原価DI,-,経営動向,-,やや減少,-,,1180
2013-01-01,食品仕入原価DI,-,経営動向,-,変わらない,-,,7830
2013-01-01,食品仕入原価DI,-,経営動向,-,やや増加,-,,920
2013-01-01,食品仕入原価DI,-,経営動向,-,かなり増加,-,,40
2013-02-01,食品仕入原価DI,-,経営動向,-,かなり減少,-,,150
2013-02-01,食品仕入原価DI,-,経営動向,-,やや減少,-,,1170
2013-02-01,食品仕入原価DI,-,経営動向,-,変わらない,-,,7740
2013-02-01,食品仕入原価DI,-,経営動向,-,やや増加,-,,940
2013-02-01,食品仕入原価DI,-,経営動向,-,かなり増加,-,,0
2013-03-01,食品仕入原価DI,-,経営動向,-,かなり減少,-,,40
2013-03-01,食品仕入原価DI,-,経営動向,-,やや減少,-,,930
2013-03-01,食品仕入原価DI,-,経営動向,-,変わらない,-,,7570
2013-03-01,食品仕入原価DI,-,経営動向,-,やや増加,-,,1430
2013-03-01,食品仕入原価DI,-,経営動向,-,かなり増加,-,,40
2013-04-01,食品仕入原価DI,-,経営動向,-,かなり減少,-,,190
2013-04-01,食品仕入原価DI,-,経営動向,-,やや減少,-,,1150
2013-04-01,食品仕入原価DI,-,経営動向,-,変わらない,-,,6320
2013-04-01,食品仕入原価DI,-,経営動向,-,やや増加,-,,2340
2013-04-01,食品仕入原価DI,-,経営動向,-,かなり増加,-,,0
2013-05-01,食品仕入原価DI,-,経営動向,-,かなり減少,-,,40
2013-05-01,食品仕入原価DI,-,経営動向,-,やや減少,-,,1010
2013-05-01,食品仕入原価DI,-,経営動向,-,変わらない,-,,6070
2013-05-01,食品仕入原価DI,-,経営動向,-,やや増加,-,,2880
2013-05-01,食品仕入原価DI,-,経営動向,-,かなり増加,-,,0
2013-06-01,食品仕入原価DI,-,経営動向,-,かなり減少,-,,80
2013-06-01,食品仕入原価DI,-,経営動向,-,やや減少,-,,800
2013-06-01,食品仕入原価DI,-,経営動向,-,変わらない,-,,5290
2013-06-01,食品仕入原価DI,-,経営動向,-,やや増加,-,,3680
2013-06-01,食品仕入原価DI,-,経営動向,-,かなり増加,-,,150
2013-07-01,食品仕入原価DI,-,経営動向,-,かなり減少,-,,40
2013-07-01,食品仕入原価DI,-,経営動向,-,やや減少,-,,800
2013-07-01,食品仕入原価DI,-,経営動向,-,変わらない,-,,4790
2013-07-01,食品仕入原価DI,-,経営動向,-,やや増加,-,,4250
2013-07-01,食品仕入原価DI,-,経営動向,-,かなり増加,-,,110
2013-08-01,食品仕入原価DI,-,経営動向,-,かなり減少,-,,0
2013-08-01,食品仕入原価DI,-,経営動向,-,やや減少,-,,540
2013-08-01,食品仕入原価DI,-,経営動向,-,変わらない,-,,4980
2013-08-01,食品仕入原価DI,-,経営動向,-,やや増加,-,,4400
2013-08-01,食品仕入原価DI,-,経営動向,-,かなり増加,-,,80
2013-09-01,食品仕入原価DI,-,経営動向,-,かなり減少,-,,120
2013-09-01,食品仕入原価DI,-,経営動向,-,やや減少,-,,560
2013-09-01,食品仕入原価DI,-,経営動向,-,変わらない,-,,4460
2013-09-01,食品仕入原価DI,-,経営動向,-,やや増加,-,,4740
2013-09-01,食品仕入原価DI,-,経営動向,-,かなり増加,-,,120
2013-10-01,食品仕入原価DI,-,経営動向,-,かなり減少,-,,120
2013-10-01,食品仕入原価DI,-,経営動向,-,やや減少,-,,500
2013-10-01,食品仕入原価DI,-,経営動向,-,変わらない,-,,4460
2013-10-01,食品仕入原価DI,-,経営動向,-,やや増加,-,,4810
2013-10-01,食品仕入原価DI,-,経営動向,-,かなり増加,-,,120
2013-11-01,食品仕入原価DI,-,経営動向,-,かなり減少,-,,0
2013-11-01,食品仕入原価DI,-,経営動向,-,やや減少,-,,690
2013-11-01,食品仕入原価DI,-,経営動向,-,変わらない,-,,4200
2013-11-01,食品仕入原価DI,-,経営動向,-,やや増加,-,,4850
2013-11-01,食品仕入原価DI,-,経営動向,-,かなり増加,-,,270
2013-12-01,食品仕入原価DI,-,経営動向,-,かなり減少,-,,0
2013-12-01,食品仕入原価DI,-,経営動向,-,やや減少,-,,500
2013-12-01,食品仕入原価DI,-,経営動向,-,変わらない,-,,4270
2013-12-01,食品仕入原価DI,-,経営動向,-,やや増加,-,,5000
2013-12-01,食品仕入原価DI,-,経営動向,-,かなり増加,-,,230
2014-01-01,食品仕入原価DI,-,経営動向,-,かなり減少,-,,40
2014-01-01,食品仕入原価DI,-,経営動向,-,やや減少,-,,590
2014-01-01,食品仕入原価DI,-,経営動向,-,変わらない,-,,5020
2014-01-01,食品仕入原価DI,-,経営動向,-,やや増加,-,,4260
2014-01-01,食品仕入原価DI,-,経営動向,-,かなり増加,-,,80
2014-02-01,食品仕入原価DI,-,経営動向,-,かなり減少,-,,40
2014-02-01,食品仕入原価DI,-,経営動向,-,やや減少,-,,580
2014-02-01,食品仕入原価DI,-,経営動向,-,変わらない,-,,4960
2014-02-01,食品仕入原価DI,-,経営動向,-,やや増加,-,,4330
2014-02-01,食品仕入原価DI,-,経営動向,-,かなり増加,-,,80
2014-03-01,食品仕入原価DI,-,経営動向,-,かなり減少,-,,40
2014-03-01,食品仕入原価DI,-,経営動向,-,やや減少,-,,370
2014-03-01,食品仕入原価DI,-,経営動向,-,変わらない,-,,4440
2014-03-01,食品仕入原価DI,-,経営動向,-,やや増加,-,,4730
2014-03-01,食品仕入原価DI,-,経営動向,-,かなり増加,-,,410
2014-04-01,食品仕入原価DI,-,経営動向,-,かなり減少,-,,410
2014-04-01,食品仕入原価DI,-,経営動向,-,やや減少,-,,1200
2014-04-01,食品仕入原価DI,-,経営動向,-,変わらない,-,,4270
2014-04-01,食品仕入原価DI,-,経営動向,-,やや増加,-,,4070
2014-04-01,食品仕入原価DI,-,経営動向,-,かなり増加,-,,40
2014-05-01,食品仕入原価DI,-,経営動向,-,かなり減少,-,,270
2014-05-01,食品仕入原価DI,-,経営動向,-,やや減少,-,,760
2014-05-01,食品仕入原価DI,-,経営動向,-,変わらない,-,,4310
2014-05-01,食品仕入原価DI,-,経営動向,-,やや増加,-,,4530
2014-05-01,食品仕入原価DI,-,経営動向,-,かなり増加,-,,130
2014-06-01,食品仕入原価DI,-,経営動向,-,かなり減少,-,,130
2014-06-01,食品仕入原価DI,-,経営動向,-,やや減少,-,,970
2014-06-01,食品仕入原価DI,-,経営動向,-,変わらない,-,,4190
2014-06-01,食品仕入原価DI,-,経営動向,-,やや増加,-,,4490
2014-06-01,食品仕入原価DI,-,経営動向,-,かなり増加,-,,220
2014-07-01,食品仕入原価DI,-,経営動向,-,かなり減少,-,,90
2014-07-01,食品仕入原価DI,-,経営動向,-,やや減少,-,,790
2014-07-01,食品仕入原価DI,-,経営動向,-,変わらない,-,,4390
2014-07-01,食品仕入原価DI,-,経営動向,-,やや増加,-,,4610
2014-07-01,食品仕入原価DI,-,経営動向,-,かなり増加,-,,130
2014-08-01,食品仕入原価DI,-,経営動向,-,かなり減少,-,,170
2014-08-01,食品仕入原価DI,-,経営動向,-,やや減少,-,,510
2014-08-01,食品仕入原価DI,-,経営動向,-,変わらない,-,,4410
2014-08-01,食品仕入原価DI,-,経営動向,-,やや増加,-,,4790
2014-08-01,食品仕入原価DI,-,経営動向,-,かなり増加,-,,130
2014-09-01,食品仕入原価DI,-,経営動向,-,かなり減少,-,,230
2014-09-01,食品仕入原価DI,-,経営動向,-,やや減少,-,,500
2014-09-01,食品仕入原価DI,-,経営動向,-,変わらない,-,,4270
2014-09-01,食品仕入原価DI,-,経営動向,-,やや増加,-,,4860
2014-09-01,食品仕入原価DI,-,経営動向,-,かなり増加,-,,140
2014-10-01,食品仕入原価DI,-,経営動向,-,かなり減少,-,,180
2014-10-01,食品仕入原価DI,-,経営動向,-,やや減少,-,,740
2014-10-01,食品仕入原価DI,-,経営動向,-,変わらない,-,,4100
2014-10-01,食品仕入原価DI,-,経営動向,-,やや増加,-,,4840
2014-10-01,食品仕入原価DI,-,経営動向,-,かなり増加,-,,140
2014-11-01,食品仕入原価DI,-,経営動向,-,かなり減少,-,,240
2014-11-01,食品仕入原価DI,-,経営動向,-,やや減少,-,,520
2014-11-01,食品仕入原価DI,-,経営動向,-,変わらない,-,,4220
2014-11-01,食品仕入原価DI,-,経営動向,-,やや増加,-,,4740
2014-11-01,食品仕入原価DI,-,経営動向,-,かなり増加,-,,280
2014-12-01,食品仕入原価DI,-,経営動向,-,かなり減少,-,,260
2014-12-01,食品仕入原価DI,-,経営動向,-,やや減少,-,,360
2014-12-01,食品仕入原価DI,-,経営動向,-,変わらない,-,,3990
2014-12-01,食品仕入原価DI,-,経営動向,-,やや増加,-,,4970
2014-12-01,食品仕入原価DI,-,経営動向,-,かなり増加,-,,410
2015-01-01,食品仕入原価DI,-,経営動向,-,かなり減少,-,,90
2015-01-01,食品仕入原価DI,-,経営動向,-,やや減少,-,,460
2015-01-01,食品仕入原価DI,-,経営動向,-,変わらない,-,,3720
2015-01-01,食品仕入原価DI,-,経営動向,-,やや増加,-,,5370
2015-01-01,食品仕入原価DI,-,経営動向,-,かなり増加,-,,370
2015-02-01,食品仕入原価DI,-,経営動向,-,かなり減少,-,,180
2015-02-01,食品仕入原価DI,-,経営動向,-,やや減少,-,,500
2015-02-01,食品仕入原価DI,-,経営動向,-,変わらない,-,,3120
2015-02-01,食品仕入原価DI,-,経営動向,-,やや増加,-,,5920
2015-02-01,食品仕入原価DI,-,経営動向,-,かなり増加,-,,280
2015-03-01,食品仕入原価DI,-,経営動向,-,かなり減少,-,,590
2015-03-01,食品仕入原価DI,-,経営動向,-,やや減少,-,,590
2015-03-01,食品仕入原価DI,-,経営動向,-,変わらない,-,,3020
2015-03-01,食品仕入原価DI,-,経営動向,-,やや増加,-,,5540
2015-03-01,食品仕入原価DI,-,経営動向,-,かなり増加,-,,270
2015-04-01,食品仕入原価DI,-,経営動向,-,かなり減少,-,,90
2015-04-01,食品仕入原価DI,-,経営動向,-,やや減少,-,,90
2015-04-01,食品仕入原価DI,-,経営動向,-,変わらない,-,,2660
2015-04-01,食品仕入原価DI,-,経営動向,-,やや増加,-,,6670
2015-04-01,食品仕入原価DI,-,経営動向,-,かなり増加,-,,500
2015-05-01,食品仕入原価DI,-,経営動向,-,かなり減少,-,,140
2015-05-01,食品仕入原価DI,-,経営動向,-,やや減少,-,,230
2015-05-01,食品仕入原価DI,-,経営動向,-,変わらない,-,,2730
2015-05-01,食品仕入原価DI,-,経営動向,-,やや増加,-,,6500
2015-05-01,食品仕入原価DI,-,経営動向,-,かなり増加,-,,410
2015-06-01,食品仕入原価DI,-,経営動向,-,かなり減少,-,,140
2015-06-01,食品仕入原価DI,-,経営動向,-,やや減少,-,,330
2015-06-01,食品仕入原価DI,-,経営動向,-,変わらない,-,,2750
2015-06-01,食品仕入原価DI,-,経営動向,-,やや増加,-,,6400
2015-06-01,食品仕入原価DI,-,経営動向,-,かなり増加,-,,380
2015-07-01,食品仕入原価DI,-,経営動向,-,かなり減少,-,,130
2015-07-01,食品仕入原価DI,-,経営動向,-,やや減少,-,,360
2015-07-01,食品仕入原価DI,-,経営動向,-,変わらない,-,,3270
2015-07-01,食品仕入原価DI,-,経営動向,-,やや増加,-,,5920
2015-07-01,食品仕入原価DI,-,経営動向,-,かなり増加,-,,310
2015-08-01,食品仕入原価DI,-,経営動向,-,かなり減少,-,,180
2015-08-01,食品仕入原価DI,-,経営動向,-,やや減少,-,,500
2015-08-01,食品仕入原価DI,-,経営動向,-,変わらない,-,,3650
2015-08-01,食品仕入原価DI,-,経営動向,-,やや増加,-,,5390
2015-08-01,食品仕入原価DI,-,経営動向,-,かなり増加,-,,270
2015-09-01,食品仕入原価DI,-,経営動向,-,かなり減少,-,,230
2015-09-01,食品仕入原価DI,-,経営動向,-,やや減少,-,,370
2015-09-01,食品仕入原価DI,-,経営動向,-,変わらない,-,,4150
2015-09-01,食品仕入原価DI,-,経営動向,-,やや増加,-,,4980
2015-09-01,食品仕入原価DI,-,経営動向,-,かなり増加,-,,280
2015-10-01,食品仕入原価DI,-,経営動向,-,かなり減少,-,,230
2015-10-01,食品仕入原価DI,-,経営動向,-,やや減少,-,,360
2015-10-01,食品仕入原価DI,-,経営動向,-,変わらない,-,,3960
2015-10-01,食品仕入原価DI,-,経営動向,-,やや増加,-,,5090
2015-10-01,食品仕入原価DI,-,経営動向,-,かなり増加,-,,360
2015-11-01,食品仕入原価DI,-,経営動向,-,かなり減少,-,,130
2015-11-01,食品仕入原価DI,-,経営動向,-,やや減少,-,,400
2015-11-01,食品仕入原価DI,-,経営動向,-,変わらない,-,,4840
2015-11-01,食品仕入原価DI,-,経営動向,-,やや増加,-,,4390
2015-11-01,食品仕入原価DI,-,経営動向,-,かなり増加,-,,220
2015-12-01,食品仕入原価DI,-,経営動向,-,かなり減少,-,,90
2015-12-01,食品仕入原価DI,-,経営動向,-,やや減少,-,,550
2015-12-01,食品仕入原価DI,-,経営動向,-,変わらない,-,,4630
2015-12-01,食品仕入原価DI,-,経営動向,-,やや増加,-,,4450
2015-12-01,食品仕入原価DI,-,経営動向,-,かなり増加,-,,280
2016-01-01,食品仕入原価DI,-,経営動向,-,かなり減少,-,,50
2016-01-01,食品仕入原価DI,-,経営動向,-,やや減少,-,,500
2016-01-01,食品仕入原価DI,-,経営動向,-,変わらない,-,,5320
2016-01-01,食品仕入原価DI,-,経営動向,-,やや増加,-,,3900
2016-01-01,食品仕入原価DI,-,経営動向,-,かなり増加,-,,230
2016-02-01,食品仕入原価DI,-,経営動向,-,かなり減少,-,,50
2016-02-01,食品仕入原価DI,-,経営動向,-,やや減少,-,,340
2016-02-01,食品仕入原価DI,-,経営動向,-,変わらない,-,,4880
2016-02-01,食品仕入原価DI,-,経営動向,-,やや増加,-,,4400
2016-02-01,食品仕入原価DI,-,経営動向,-,かなり増加,-,,340
2016-03-01,食品仕入原価DI,-,経営動向,-,かなり減少,-,,150
2016-03-01,食品仕入原価DI,-,経営動向,-,やや減少,-,,390
2016-03-01,食品仕入原価DI,-,経営動向,-,変わらない,-,,5220
2016-03-01,食品仕入原価DI,-,経営動向,-,やや増加,-,,4050
2016-03-01,食品仕入原価DI,-,経営動向,-,かなり増加,-,,200
2016-04-01,食品仕入原価DI,-,経営動向,-,かなり減少,-,,50
2016-04-01,食品仕入原価DI,-,経営動向,-,やや減少,-,,750
2016-04-01,食品仕入原価DI,-,経営動向,-,変わらない,-,,5420
2016-04-01,食品仕入原価DI,-,経営動向,-,やや増加,-,,3530
2016-04-01,食品仕入原価DI,-,経営動向,-,かなり増加,-,,250
2016-05-01,食品仕入原価DI,-,経営動向,-,かなり減少,-,,100
2016-05-01,食品仕入原価DI,-,経営動向,-,やや減少,-,,810
2016-05-01,食品仕入原価DI,-,経営動向,-,変わらない,-,,6240
2016-05-01,食品仕入原価DI,-,経営動向,-,やや増加,-,,2740
2016-05-01,食品仕入原価DI,-,経営動向,-,かなり増加,-,,100
2016-06-01,食品仕入原価DI,-,経営動向,-,かなり減少,-,,100
2016-06-01,食品仕入原価DI,-,経営動向,-,やや減少,-,,910
2016-06-01,食品仕入原価DI,-,経営動向,-,変わらない,-,,6600
2016-06-01,食品仕入原価DI,-,経営動向,-,やや増加,-,,2340
2016-06-01,食品仕入原価DI,-,経営動向,-,かなり増加,-,,50
2016-07-01,食品仕入原価DI,-,経営動向,-,かなり減少,-,,50
2016-07-01,食品仕入原価DI,-,経営動向,-,やや減少,-,,660
2016-07-01,食品仕入原価DI,-,経営動向,-,変わらない,-,,6970
2016-07-01,食品仕入原価DI,-,経営動向,-,やや増加,-,,2120
2016-07-01,食品仕入原価DI,-,経営動向,-,かなり増加,-,,200
2016-08-01,食品仕入原価DI,-,経営動向,-,かなり減少,-,,50
2016-08-01,食品仕入原価DI,-,経営動向,-,やや減少,-,,1000
2016-08-01,食品仕入原価DI,-,経営動向,-,変わらない,-,,7150
2016-08-01,食品仕入原価DI,-,経営動向,-,やや増加,-,,1650
2016-08-01,食品仕入原価DI,-,経営動向,-,かなり増加,-,,150
2016-09-01,食品仕入原価DI,-,経営動向,-,かなり減少,-,,150
2016-09-01,食品仕入原価DI,-,経営動向,-,やや減少,-,,650
2016-09-01,食品仕入原価DI,-,経営動向,-,変わらない,-,,7660
2016-09-01,食品仕入原価DI,-,経営動向,-,やや増加,-,,1240
2016-09-01,食品仕入原価DI,-,経営動向,-,かなり増加,-,,300
2016-10-01,食品仕入原価DI,-,経営動向,-,かなり減少,-,,250
2016-10-01,食品仕入原価DI,-,経営動向,-,やや減少,-,,510
2016-10-01,食品仕入原価DI,-,経営動向,-,変わらない,-,,7070
2016-10-01,食品仕入原価DI,-,経営動向,-,やや増加,-,,2070
2016-10-01,食品仕入原価DI,-,経営動向,-,かなり増加,-,,100
2016-11-01,食品仕入原価DI,-,経営動向,-,かなり減少,-,,50
2016-11-01,食品仕入原価DI,-,経営動向,-,やや減少,-,,710
2016-11-01,食品仕入原価DI,-,経営動向,-,変わらない,-,,6870
2016-11-01,食品仕入原価DI,-,経営動向,-,やや増加,-,,2220
2016-11-01,食品仕入原価DI,-,経営動向,-,かなり増加,-,,150
2016-12-01,食品仕入原価DI,-,経営動向,-,かなり減少,-,,200
2016-12-01,食品仕入原価DI,-,経営動向,-,やや減少,-,,610
2016-12-01,食品仕入原価DI,-,経営動向,-,変わらない,-,,7510
2016-12-01,食品仕入原価DI,-,経営動向,-,やや増加,-,,1620
2016-12-01,食品仕入原価DI,-,経営動向,-,かなり増加,-,,50
2017-01-01,食品仕入原価DI,-,経営動向,-,かなり減少,-,,250
2017-01-01,食品仕入原価DI,-,経営動向,-,やや減少,-,,810
2017-01-01,食品仕入原価DI,-,経営動向,-,変わらない,-,,6720
2017-01-01,食品仕入原価DI,-,経営動向,-,やや増加,-,,2170
2017-01-01,食品仕入原価DI,-,経営動向,-,かなり増加,-,,50
2017-02-01,食品仕入原価DI,-,経営動向,-,かなり減少,-,,560
2017-02-01,食品仕入原価DI,-,経営動向,-,やや減少,-,,810
2017-02-01,食品仕入原価DI,-,経営動向,-,変わらない,-,,7010
2017-02-01,食品仕入原価DI,-,経営動向,-,やや増加,-,,1570
2017-02-01,食品仕入原価DI,-,経営動向,-,かなり増加,-,,50
2017-03-01,食品仕入原価DI,-,経営動向,-,かなり減少,-,,200
2017-03-01,食品仕入原価DI,-,経営動向,-,やや減少,-,,850
2017-03-01,食品仕入原価DI,-,経営動向,-,変わらない,-,,6930
2017-03-01,食品仕入原価DI,-,経営動向,-,やや増加,-,,1960
2017-03-01,食品仕入原価DI,-,経営動向,-,かなり増加,-,,50
2017-04-01,食品仕入原価DI,-,経営動向,-,かなり減少,-,,190
2017-04-01,食品仕入原価DI,-,経営動向,-,やや減少,-,,860
2017-04-01,食品仕入原価DI,-,経営動向,-,変わらない,-,,6700
2017-04-01,食品仕入原価DI,-,経営動向,-,やや増加,-,,2200
2017-04-01,食品仕入原価DI,-,経営動向,-,かなり増加,-,,50
2017-05-01,食品仕入原価DI,-,経営動向,-,かなり減少,-,,190
2017-05-01,食品仕入原価DI,-,経営動向,-,やや減少,-,,920
2017-05-01,食品仕入原価DI,-,経営動向,-,変わらない,-,,6500
2017-05-01,食品仕入原価DI,-,経営動向,-,やや増加,-,,2280
2017-05-01,食品仕入原価DI,-,経営動向,-,かなり増加,-,,100
2017-06-01,食品仕入原価DI,-,経営動向,-,かなり減少,-,,230
2017-06-01,食品仕入原価DI,-,経営動向,-,やや減少,-,,1020
2017-06-01,食品仕入原価DI,-,経営動向,-,変わらない,-,,6760
2017-06-01,食品仕入原価DI,-,経営動向,-,やや増加,-,,1990
2017-06-01,食品仕入原価DI,-,経営動向,-,かなり増加,-,,0
2017-07-01,食品仕入原価DI,-,経営動向,-,かなり減少,-,,150
2017-07-01,食品仕入原価DI,-,経営動向,-,やや減少,-,,1030
2017-07-01,食品仕入原価DI,-,経営動向,-,変わらない,-,,6770
2017-07-01,食品仕入原価DI,-,経営動向,-,やや増加,-,,2000
2017-07-01,食品仕入原価DI,-,経営動向,-,かなり増加,-,,50
2017-08-01,食品仕入原価DI,-,経営動向,-,かなり減少,-,,300
2017-08-01,食品仕入原価DI,-,経営動向,-,やや減少,-,,590
2017-08-01,食品仕入原価DI,-,経営動向,-,変わらない,-,,6980
2017-08-01,食品仕入原価DI,-,経営動向,-,やや増加,-,,2030
2017-08-01,食品仕入原価DI,-,経営動向,-,かなり増加,-,,100
2017-09-01,食品仕入原価DI,-,経営動向,-,かなり減少,-,,310
2017-09-01,食品仕入原価DI,-,経営動向,-,やや減少,-,,820
2017-09-01,食品仕入原価DI,-,経営動向,-,変わらない,-,,6340
2017-09-01,食品仕入原価DI,-,経営動向,-,やや増加,-,,2370
2017-09-01,食品仕入原価DI,-,経営動向,-,かなり増加,-,,150
2017-10-01,食品仕入原価DI,-,経営動向,-,かなり減少,-,,310
2017-10-01,食品仕入原価DI,-,経営動向,-,やや減少,-,,940
2017-10-01,食品仕入原価DI,-,経営動向,-,変わらない,-,,7020
2017-10-01,食品仕入原価DI,-,経営動向,-,やや増加,-,,1520
2017-10-01,食品仕入原価DI,-,経営動向,-,かなり増加,-,,210
2017-11-01,食品仕入原価DI,-,経営動向,-,かなり減少,-,,350
2017-11-01,食品仕入原価DI,-,経営動向,-,やや減少,-,,1140
2017-11-01,食品仕入原価DI,-,経営動向,-,変わらない,-,,6530
2017-11-01,食品仕入原価DI,-,経営動向,-,やや増加,-,,1830
2017-11-01,食品仕入原価DI,-,経営動向,-,かなり増加,-,,150
2017-12-01,食品仕入原価DI,-,経営動向,-,かなり減少,-,,210
2017-12-01,食品仕入原価DI,-,経営動向,-,やや減少,-,,820
2017-12-01,食品仕入原価DI,-,経営動向,-,変わらない,-,,6410
2017-12-01,食品仕入原価DI,-,経営動向,-,やや増加,-,,2410
2017-12-01,食品仕入原価DI,-,経営動向,-,かなり増加,-,,150
2018-01-01,食品仕入原価DI,-,経営動向,-,かなり減少,-,,310
2018-01-01,食品仕入原価DI,-,経営動向,-,やや減少,-,,620
2018-01-01,食品仕入原価DI,-,経営動向,-,変わらない,-,,6840
2018-01-01,食品仕入原価DI,-,経営動向,-,やや増加,-,,2020
2018-01-01,食品仕入原価DI,-,経営動向,-,かなり増加,-,,210
2018-02-01,食品仕入原価DI,-,経営動向,-,かなり減少,-,,200
2018-02-01,食品仕入原価DI,-,経営動向,-,やや減少,-,,810
2018-02-01,食品仕入原価DI,-,経営動向,-,変わらない,-,,6210
2018-02-01,食品仕入原価DI,-,経営動向,-,やや増加,-,,2680
2018-02-01,食品仕入原価DI,-,経営動向,-,かなり増加,-,,100
2018-03-01,食品仕入原価DI,-,経営動向,-,かなり減少,-,,360
2018-03-01,食品仕入原価DI,-,経営動向,-,やや減少,-,,810
2018-03-01,食品仕入原価DI,-,経営動向,-,変わらない,-,,6500
2018-03-01,食品仕入原価DI,-,経営動向,-,やや増加,-,,2280
2018-03-01,食品仕入原価DI,-,経営動向,-,かなり増加,-,,50
2018-04-01,食品仕入原価DI,-,経営動向,-,かなり減少,-,,350
2018-04-01,食品仕入原価DI,-,経営動向,-,やや減少,-,,600
2018-04-01,食品仕入原価DI,-,経営動向,-,変わらない,-,,6600
2018-04-01,食品仕入原価DI,-,経営動向,-,やや増加,-,,2300
2018-04-01,食品仕入原価DI,-,経営動向,-,かなり増加,-,,150
2018-05-01,食品仕入原価DI,-,経営動向,-,かなり減少,-,,200
2018-05-01,食品仕入原価DI,-,経営動向,-,やや減少,-,,970
2018-05-01,食品仕入原価DI,-,経営動向,-,変わらない,-,,6280
2018-05-01,食品仕入原価DI,-,経営動向,-,やや増加,-,,2450
2018-05-01,食品仕入原価DI,-,経営動向,-,かなり増加,-,,100
2018-06-01,食品仕入原価DI,-,経営動向,-,かなり減少,-,,250
2018-06-01,食品仕入原価DI,-,経営動向,-,やや減少,-,,550
2018-06-01,食品仕入原価DI,-,経営動向,-,変わらない,-,,6170
2018-06-01,食品仕入原価DI,-,経営動向,-,やや増加,-,,2840
2018-06-01,食品仕入原価DI,-,経営動向,-,かなり増加,-,,200
2018-07-01,食品仕入原価DI,-,経営動向,-,かなり減少,-,,110
2018-07-01,食品仕入原価DI,-,経営動向,-,やや減少,-,,740
2018-07-01,食品仕入原価DI,-,経営動向,-,変わらない,-,,6210
2018-07-01,食品仕入原価DI,-,経営動向,-,やや増加,-,,2840
2018-07-01,食品仕入原価DI,-,経営動向,-,かなり増加,-,,110
2018-08-01,食品仕入原価DI,-,経営動向,-,かなり減少,-,,220
2018-08-01,食品仕入原価DI,-,経営動向,-,やや減少,-,,980
2018-08-01,食品仕入原価DI,-,経営動向,-,変わらない,-,,6340
2018-08-01,食品仕入原価DI,-,経営動向,-,やや増加,-,,2300
2018-08-01,食品仕入原価DI,-,経営動向,-,かなり増加,-,,160
2018-09-01,食品仕入原価DI,-,経営動向,-,かなり減少,-,,210
2018-09-01,食品仕入原価DI,-,経営動向,-,やや減少,-,,750
2018-09-01,食品仕入原価DI,-,経営動向,-,変わらない,-,,6200
2018-09-01,食品仕入原価DI,-,経営動向,-,やや増加,-,,2670
2018-09-01,食品仕入原価DI,-,経営動向,-,かなり増加,-,,160
2018-10-01,食品仕入原価DI,-,経営動向,-,かなり減少,-,,160
2018-10-01,食品仕入原価DI,-,経営動向,-,やや減少,-,,820
2018-10-01,食品仕入原価DI,-,経営動向,-,変わらない,-,,6850
2018-10-01,食品仕入原価DI,-,経営動向,-,やや増加,-,,2120
2018-10-01,食品仕入原価DI,-,経営動向,-,かなり増加,-,,50
2018-11-01,食品仕入原価DI,-,経営動向,-,かなり減少,-,,270
2018-11-01,食品仕入原価DI,-,経営動向,-,やや減少,-,,700
2018-11-01,食品仕入原価DI,-,経営動向,-,変わらない,-,,7060
2018-11-01,食品仕入原価DI,-,経営動向,-,やや増加,-,,1930
2018-11-01,食品仕入原価DI,-,経営動向,-,かなり増加,-,,50
2018-12-01,食品仕入原価DI,-,経営動向,-,かなり減少,-,,220
2018-12-01,食品仕入原価DI,-,経営動向,-,やや減少,-,,960
2018-12-01,食品仕入原価DI,-,経営動向,-,変わらない,-,,6800
2018-12-01,食品仕入原価DI,-,経営動向,-,やや増加,-,,1910
2018-12-01,食品仕入原価DI,-,経営動向,-,かなり増加,-,,110
2019-01-01,食品仕入原価DI,-,経営動向,-,かなり減少,-,,320
2019-01-01,食品仕入原価DI,-,経営動向,-,やや減少,-,,1030
2019-01-01,食品仕入原価DI,-,経営動向,-,変わらない,-,,6760
2019-01-01,食品仕入原価DI,-,経営動向,-,やや増加,-,,1840
2019-01-01,食品仕入原価DI,-,経営動向,-,かなり増加,-,,50
2019-02-01,食品仕入原価DI,-,経営動向,-,かなり減少,-,,320
2019-02-01,食品仕入原価DI,-,経営動向,-,やや減少,-,,1470
2019-02-01,食品仕入原価DI,-,経営動向,-,変わらない,-,,5790
2019-02-01,食品仕入原価DI,-,経営動向,-,やや増加,-,,2370
2019-02-01,食品仕入原価DI,-,経営動向,-,かなり増加,-,,50
2019-03-01,食品仕入原価DI,-,経営動向,-,かなり減少,-,,320
2019-03-01,食品仕入原価DI,-,経営動向,-,やや減少,-,,900
2019-03-01,食品仕入原価DI,-,経営動向,-,変わらない,-,,5340
2019-03-01,食品仕入原価DI,-,経営動向,-,やや増加,-,,3170
2019-03-01,食品仕入原価DI,-,経営動向,-,かなり増加,-,,260
2019-04-01,食品仕入原価DI,-,経営動向,-,かなり減少,-,,270
2019-04-01,食品仕入原価DI,-,経営動向,-,やや減少,-,,870
2019-04-01,食品仕入原価DI,-,経営動向,-,変わらない,-,,4890
2019-04-01,食品仕入原価DI,-,経営動向,-,やや増加,-,,3750
2019-04-01,食品仕入原価DI,-,経営動向,-,かなり増加,-,,220
2019-05-01,食品仕入原価DI,-,経営動向,-,かなり減少,-,,210
2019-05-01,食品仕入原価DI,-,経営動向,-,やや減少,-,,960
2019-05-01,食品仕入原価DI,-,経営動向,-,変わらない,-,,5160
2019-05-01,食品仕入原価DI,-,経営動向,-,やや増加,-,,3460
2019-05-01,食品仕入原価DI,-,経営動向,-,かなり増加,-,,210
2019-06-01,食品仕入原価DI,-,経営動向,-,かなり減少,-,,260
2019-06-01,食品仕入原価DI,-,経営動向,-,やや減少,-,,1320
2019-06-01,食品仕入原価DI,-,経営動向,-,変わらない,-,,4810
2019-06-01,食品仕入原価DI,-,経営動向,-,やや増加,-,,3440
2019-06-01,食品仕入原価DI,-,経営動向,-,かなり増加,-,,160
2019-07-01,食品仕入原価DI,-,経営動向,-,かなり減少,-,,500
2019-07-01,食品仕入原価DI,-,経営動向,-,やや減少,-,,1330
2019-07-01,食品仕入原価DI,-,経営動向,-,変わらない,-,,4780
2019-07-01,食品仕入原価DI,-,経営動向,-,やや増加,-,,3330
2019-07-01,食品仕入原価DI,-,経営動向,-,かなり増加,-,,60
2019-08-01,食品仕入原価DI,-,経営動向,-,かなり減少,-,,180
2019-08-01,食品仕入原価DI,-,経営動向,-,やや減少,-,,1270
2019-08-01,食品仕入原価DI,-,経営動向,-,変わらない,-,,6120
2019-08-01,食品仕入原価DI,-,経営動向,-,やや増加,-,,2120
2019-08-01,食品仕入原価DI,-,経営動向,-,かなり増加,-,,300
2019-09-01,食品仕入原価DI,-,経営動向,-,かなり減少,-,,300
2019-09-01,食品仕入原価DI,-,経営動向,-,やや減少,-,,780
2019-09-01,食品仕入原価DI,-,経営動向,-,変わらない,-,,5900
2019-09-01,食品仕入原価DI,-,経営動向,-,やや増加,-,,2590
2019-09-01,食品仕入原価DI,-,経営動向,-,かなり増加,-,,420
2019-10-01,食品仕入原価DI,-,経営動向,-,かなり減少,-,,330
2019-10-01,食品仕入原価DI,-,経営動向,-,やや減少,-,,1060
2019-10-01,食品仕入原価DI,-,経営動向,-,変わらない,-,,5830
2019-10-01,食品仕入原価DI,-,経営動向,-,やや増加,-,,2390
2019-10-01,食品仕入原価DI,-,経営動向,-,かなり増加,-,,390
2019-11-01,食品仕入原価DI,-,経営動向,-,かなり減少,-,,290
2019-11-01,食品仕入原価DI,-,経営動向,-,やや減少,-,,990
2019-11-01,食品仕入原価DI,-,経営動向,-,変わらない,-,,5870
2019-11-01,食品仕入原価DI,-,経営動向,-,やや増加,-,,2730
2019-11-01,食品仕入原価DI,-,経営動向,-,かなり増加,-,,120
2019-12-01,食品仕入原価DI,-,経営動向,-,かなり減少,-,,280
2019-12-01,食品仕入原価DI,-,経営動向,-,やや減少,-,,990
2019-12-01,食品仕入原価DI,-,経営動向,-,変わらない,-,,6350
2019-12-01,食品仕入原価DI,-,経営動向,-,やや増加,-,,2320
2019-12-01,食品仕入原価DI,-,経営動向,-,かなり増加,-,,60
2020-01-01,食品仕入原価DI,-,経営動向,-,かなり減少,-,,450
2020-01-01,食品仕入原価DI,-,経営動向,-,やや減少,-,,1010
2020-01-01,食品仕入原価DI,-,経営動向,-,変わらない,-,,6480
2020-01-01,食品仕入原価DI,-,経営動向,-,やや増加,-,,2070
2020-01-01,食品仕入原価DI,-,経営動向,-,かなり増加,-,,0
2020-02-01,食品仕入原価DI,-,経営動向,-,かなり減少,-,,230
2020-02-01,食品仕入原価DI,-,経営動向,-,やや減少,-,,400
2020-02-01,食品仕入原価DI,-,経営動向,-,変わらない,-,,6880
2020-02-01,食品仕入原価DI,-,経営動向,-,やや増加,-,,1970
2020-02-01,食品仕入原価DI,-,経営動向,-,かなり増加,-,,520
2020-03-01,食品仕入原価DI,-,経営動向,-,かなり減少,-,,220
2020-03-01,食品仕入原価DI,-,経営動向,-,やや減少,-,,440
2020-03-01,食品仕入原価DI,-,経営動向,-,変わらない,-,,6610
2020-03-01,食品仕入原価DI,-,経営動向,-,やや増加,-,,2110
2020-03-01,食品仕入原価DI,-,経営動向,-,かなり増加,-,,610
2020-04-01,食品仕入原価DI,-,経営動向,-,かなり減少,-,,60
2020-04-01,食品仕入原価DI,-,経営動向,-,やや減少,-,,280
2020-04-01,食品仕入原価DI,-,経営動向,-,変わらない,-,,6200
2020-04-01,食品仕入原価DI,-,経営動向,-,やや増加,-,,2570
2020-04-01,食品仕入原価DI,-,経営動向,-,かなり増加,-,,890
2020-05-01,食品仕入原価DI,-,経営動向,-,かなり減少,-,,60
2020-05-01,食品仕入原価DI,-,経営動向,-,やや減少,-,,470
2020-05-01,食品仕入原価DI,-,経営動向,-,変わらない,-,,6630
2020-05-01,食品仕入原価DI,-,経営動向,-,やや増加,-,,2270
2020-05-01,食品仕入原価DI,-,経営動向,-,かなり増加,-,,580
2020-06-01,食品仕入原価DI,-,経営動向,-,かなり減少,-,,60
2020-06-01,食品仕入原価DI,-,経営動向,-,やや減少,-,,450
2020-06-01,食品仕入原価DI,-,経営動向,-,変わらない,-,,6870
2020-06-01,食品仕入原価DI,-,経営動向,-,やや増加,-,,2290
2020-06-01,食品仕入原価DI,-,経営動向,-,かなり増加,-,,340
2020-07-01,食品仕入原価DI,-,経営動向,-,かなり減少,-,,280
2020-07-01,食品仕入原価DI,-,経営動向,-,やや減少,-,,560
2020-07-01,食品仕入原価DI,-,経営動向,-,変わらない,-,,6690
2020-07-01,食品仕入原価DI,-,経営動向,-,やや増加,-,,2250
2020-07-01,食品仕入原価DI,-,経営動向,-,かなり増加,-,,220
2020-08-01,食品仕入原価DI,-,経営動向,-,かなり減少,-,,280
2020-08-01,食品仕入原価DI,-,経営動向,-,やや減少,-,,230
2020-08-01,食品仕入原価DI,-,経営動向,-,変わらない,-,,6890
2020-08-01,食品仕入原価DI,-,経営動向,-,やや増加,-,,2430
2020-08-01,食品仕入原価DI,-,経営動向,-,かなり増加,-,,170
2020-09-01,食品仕入原価DI,-,経営動向,-,かなり減少,-,,170
2020-09-01,食品仕入原価DI,-,経営動向,-,やや減少,-,,670
2020-09-01,食品仕入原価DI,-,経営動向,-,変わらない,-,,7330
2020-09-01,食品仕入原価DI,-,経営動向,-,やや増加,-,,1560
2020-09-01,食品仕入原価DI,-,経営動向,-,かなり増加,-,,280
2020-10-01,食品仕入原価DI,-,経営動向,-,かなり減少,-,,230
2020-10-01,食品仕入原価DI,-,経営動向,-,やや減少,-,,560
2020-10-01,食品仕入原価DI,-,経営動向,-,変わらない,-,,7340
2020-10-01,食品仕入原価DI,-,経営動向,-,やや増加,-,,1750
2020-10-01,食品仕入原価DI,-,経営動向,-,かなり増加,-,,110
2020-11-01,食品仕入原価DI,-,経営動向,-,かなり減少,-,,230
2020-11-01,食品仕入原価DI,-,経営動向,-,やや減少,-,,460
2020-11-01,食品仕入原価DI,-,経営動向,-,変わらない,-,,7760
2020-11-01,食品仕入原価DI,-,経営動向,-,やや増加,-,,1490
2020-11-01,食品仕入原価DI,-,経営動向,-,かなり増加,-,,60
2020-12-01,食品仕入原価DI,-,経営動向,-,かなり減少,-,,110
2020-12-01,食品仕入原価DI,-,経営動向,-,やや減少,-,,510
2020-12-01,食品仕入原価DI,-,経営動向,-,変わらない,-,,7840
2020-12-01,食品仕入原価DI,-,経営動向,-,やや増加,-,,1140
2020-12-01,食品仕入原価DI,-,経営動向,-,かなり増加,-,,400
2021-01-01,食品仕入原価DI,-,経営動向,-,かなり減少,-,,50
2021-01-01,食品仕入原価DI,-,経営動向,-,やや減少,-,,440
2021-01-01,食品仕入原価DI,-,経営動向,-,変わらない,-,,7760
2021-01-01,食品仕入原価DI,-,経営動向,-,やや増加,-,,1420
2021-01-01,食品仕入原価DI,-,経営動向,-,かなり増加,-,,330
2021-02-01,食品仕入原価DI,-,経営動向,-,かなり減少,-,,500
2021-02-01,食品仕入原価DI,-,経営動向,-,やや減少,-,,830
2021-02-01,食品仕入原価DI,-,経営動向,-,変わらない,-,,7280
2021-02-01,食品仕入原価DI,-,経営動向,-,やや増加,-,,1220
2021-02-01,食品仕入原価DI,-,経営動向,-,かなり増加,-,,170
2021-03-01,食品仕入原価DI,-,経営動向,-,かなり減少,-,,600
2021-03-01,食品仕入原価DI,-,経営動向,-,やや減少,-,,1150
2021-03-01,食品仕入原価DI,-,経営動向,-,変わらない,-,,7140
2021-03-01,食品仕入原価DI,-,経営動向,-,やや増加,-,,1100
2021-03-01,食品仕入原価DI,-,経営動向,-,かなり増加,-,,0
2021-04-01,食品仕入原価DI,-,経営動向,-,かなり減少,-,,730
2021-04-01,食品仕入原価DI,-,経営動向,-,やや減少,-,,1130
2021-04-01,食品仕入原価DI,-,経営動向,-,変わらない,-,,6550
2021-04-01,食品仕入原価DI,-,経営動向,-,やや増加,-,,1530
2021-04-01,食品仕入原価DI,-,経営動向,-,かなり増加,-,,60
2021-05-01,食品仕入原価DI,-,経営動向,-,かなり減少,-,,340
2021-05-01,食品仕入原価DI,-,経営動向,-,やや減少,-,,1010
2021-05-01,食品仕入原価DI,-,経営動向,-,変わらない,-,,6310
2021-05-01,食品仕入原価DI,-,経営動向,-,やや増加,-,,2230
2021-05-01,食品仕入原価DI,-,経営動向,-,かなり増加,-,,110
2021-06-01,食品仕入原価DI,-,経営動向,-,かなり減少,-,,290
2021-06-01,食品仕入原価DI,-,経営動向,-,やや減少,-,,570
2021-06-01,食品仕入原価DI,-,経営動向,-,変わらない,-,,6110
2021-06-01,食品仕入原価DI,-,経営動向,-,やや増加,-,,2800
2021-06-01,食品仕入原価DI,-,経営動向,-,かなり増加,-,,230
2021-07-01,食品仕入原価DI,-,経営動向,-,かなり減少,-,,170
2021-07-01,食品仕入原価DI,-,経営動向,-,やや減少,-,,680
2021-07-01,食品仕入原価DI,-,経営動向,-,変わらない,-,,5710
2021-07-01,食品仕入原価DI,-,経営動向,-,やや増加,-,,3220
2021-07-01,食品仕入原価DI,-,経営動向,-,かなり増加,-,,230
2021-08-01,食品仕入原価DI,-,経営動向,-,かなり減少,-,,110
2021-08-01,食品仕入原価DI,-,経営動向,-,やや減少,-,,1160
2021-08-01,食品仕入原価DI,-,経営動向,-,変わらない,-,,5470
2021-08-01,食品仕入原価DI,-,経営動向,-,やや増加,-,,3040
2021-08-01,食品仕入原価DI,-,経営動向,-,かなり増加,-,,220
2021-09-01,食品仕入原価DI,-,経営動向,-,かなり減少,-,,170
2021-09-01,食品仕入原価DI,-,経営動向,-,やや減少,-,,720
2021-09-01,食品仕入原価DI,-,経営動向,-,変わらない,-,,4700
2021-09-01,食品仕入原価DI,-,経営動向,-,やや増加,-,,4090
2021-09-01,食品仕入原価DI,-,経営動向,-,かなり増加,-,,330
2021-10-01,食品仕入原価DI,-,経営動向,-,かなり減少,-,,290
2021-10-01,食品仕入原価DI,-,経営動向,-,やや減少,-,,520
2021-10-01,食品仕入原価DI,-,経営動向,-,変わらない,-,,3990
2021-10-01,食品仕入原価DI,-,経営動向,-,やや増加,-,,4860
2021-10-01,食品仕入原価DI,-,経営動向,-,かなり増加,-,,350
2021-11-01,食品仕入原価DI,-,経営動向,-,かなり減少,-,,230
2021-11-01,食品仕入原価DI,-,経営動向,-,やや減少,-,,510
2021-11-01,食品仕入原価DI,-,経営動向,-,変わらない,-,,3470
2021-11-01,食品仕入原価DI,-,経営動向,-,やや増加,-,,5000
2021-11-01,食品仕入原価DI,-,経営動向,-,かなり増加,-,,800
2021-12-01,食品仕入原価DI,-,経営動向,-,かなり減少,-,,170
2021-12-01,食品仕入原価DI,-,経営動向,-,やや減少,-,,1180
2021-12-01,食品仕入原価DI,-,経営動向,-,変わらない,-,,3260
2021-12-01,食品仕入原価DI,-,経営動向,-,やや増加,-,,4780
2021-12-01,食品仕入原価DI,-,経営動向,-,かなり増加,-,,620
2022-01-01,食品仕入原価DI,-,経営動向,-,かなり減少,-,,170
2022-01-01,食品仕入原価DI,-,経営動向,-,やや減少,-,,560
2022-01-01,食品仕入原価DI,-,経営動向,-,変わらない,-,,3070
2022-01-01,食品仕入原価DI,-,経営動向,-,やや増加,-,,5530
2022-01-01,食品仕入原価DI,-,経営動向,-,かなり増加,-,,670
2022-02-01,食品仕入原価DI,-,経営動向,-,かなり減少,-,,180
2022-02-01,食品仕入原価DI,-,経営動向,-,やや減少,-,,420
2022-02-01,食品仕入原価DI,-,経営動向,-,変わらない,-,,2730
2022-02-01,食品仕入原価DI,-,経営動向,-,やや増加,-,,5390
2022-02-01,食品仕入原価DI,-,経営動向,-,かなり増加,-,,1270
2022-03-01,食品仕入原価DI,-,経営動向,-,かなり減少,-,,120
2022-03-01,食品仕入原価DI,-,経営動向,-,やや減少,-,,360
2022-03-01,食品仕入原価DI,-,経営動向,-,変わらない,-,,2510
2022-03-01,食品仕入原価DI,-,経営動向,-,やや増加,-,,5630
2022-03-01,食品仕入原価DI,-,経営動向,-,かなり増加,-,,1380
2022-04-01,食品仕入原価DI,-,経営動向,-,かなり減少,-,,60
2022-04-01,食品仕入原価DI,-,経営動向,-,やや減少,-,,450
2022-04-01,食品仕入原価DI,-,経営動向,-,変わらない,-,,1980
2022-04-01,食品仕入原価DI,-,経営動向,-,やや増加,-,,6100
2022-04-01,食品仕入原価DI,-,経営動向,-,かなり増加,-,,1410
2022-05-01,食品仕入原価DI,-,経営動向,-,かなり減少,-,,240
2022-05-01,食品仕入原価DI,-,経営動向,-,やや減少,-,,660
2022-05-01,食品仕入原価DI,-,経営動向,-,変わらない,-,,1800
2022-05-01,食品仕入原価DI,-,経営動向,-,やや増加,-,,5750
2022-05-01,食品仕入原価DI,-,経営動向,-,かなり増加,-,,1560
2022-06-01,食品仕入原価DI,-,経営動向,-,かなり減少,-,,400
2022-06-01,食品仕入原価DI,-,経営動向,-,やや減少,-,,570
2022-06-01,食品仕入原価DI,-,経営動向,-,変わらない,-,,1760
2022-06-01,食品仕入原価DI,-,経営動向,-,やや増加,-,,5800
2022-06-01,食品仕入原価DI,-,経営動向,-,かなり増加,-,,1480
2022-07-01,食品仕入原価DI,-,経営動向,-,かなり減少,-,,180
2022-07-01,食品仕入原価DI,-,経営動向,-,やや減少,-,,470
2022-07-01,食品仕入原価DI,-,経営動向,-,変わらない,-,,1710
2022-07-01,食品仕入原価DI,-,経営動向,-,やや増加,-,,5880
2022-07-01,食品仕入原価DI,-,経営動向,-,かなり増加,-,,1760
2022-08-01,食品仕入原価DI,-,経営動向,-,かなり減少,-,,180
2022-08-01,食品仕入原価DI,-,経営動向,-,やや減少,-,,420
2022-08-01,食品仕入原価DI,-,経営動向,-,変わらない,-,,1900
2022-08-01,食品仕入原価DI,-,経営動向,-,やや増加,-,,5650
2022-08-01,食品仕入原価DI,-,経営動向,-,かなり増加,-,,1850
2022-09-01,食品仕入原価DI,-,経営動向,-,かなり減少,-,,170
2022-09-01,食品仕入原価DI,-,経営動向,-,やや減少,-,,340
2022-09-01,食品仕入原価DI,-,経営動向,-,変わらない,-,,1660
2022-09-01,食品仕入原価DI,-,経営動向,-,やや増加,-,,6000
2022-09-01,食品仕入原価DI,-,経営動向,-,かなり増加,-,,1830
2022-10-01,食品仕入原価DI,-,経営動向,-,かなり減少,-,,230
2022-10-01,食品仕入原価DI,-,経営動向,-,やや減少,-,,350
2022-10-01,食品仕入原価DI,-,経営動向,-,変わらない,-,,1450
2022-10-01,食品仕入原価DI,-,経営動向,-,やや増加,-,,5870
2022-10-01,食品仕入原価DI,-,経営動向,-,かなり増加,-,,2090
2022-11-01,食品仕入原価DI,-,経営動向,-,かなり減少,-,,120
2022-11-01,食品仕入原価DI,-,経営動向,-,やや減少,-,,410
2022-11-01,食品仕入原価DI,-,経営動向,-,変わらない,-,,1120
2022-11-01,食品仕入原価DI,-,経営動向,-,やや増加,-,,6350
2022-11-01,食品仕入原価DI,-,経営動向,-,かなり増加,-,,2000
2022-12-01,食品仕入原価DI,-,経営動向,-,かなり減少,-,,170
2022-12-01,食品仕入原価DI,-,経営動向,-,やや減少,-,,280
2022-12-01,食品仕入原価DI,-,経営動向,-,変わらない,-,,1020
2022-12-01,食品仕入原価DI,-,経営動向,-,やや増加,-,,6550
2022-12-01,食品仕入原価DI,-,経営動向,-,かなり増加,-,,1980
2023-01-01,食品仕入原価DI,-,経営動向,-,かなり減少,-,,280
2023-01-01,食品仕入原価DI,-,経営動向,-,やや減少,-,,280
2023-01-01,食品仕入原価DI,-,経営動向,-,変わらない,-,,1170
2023-01-01,食品仕入原価DI,-,経営動向,-,やや増加,-,,5870
2023-01-01,食品仕入原価DI,-,経営動向,-,かなり増加,-,,2400
2023-02-01,食品仕入原価DI,-,経営動向,-,かなり減少,-,,340
2023-02-01,食品仕入原価DI,-,経営動向,-,やや減少,-,,340
2023-02-01,食品仕入原価DI,-,経営動向,-,変わらない,-,,1240
2023-02-01,食品仕入原価DI,-,経営動向,-,やや増加,-,,5840
2023-02-01,食品仕入原価DI,-,経営動向,-,かなり増加,-,,2250
2023-03-01,食品仕入原価DI,-,経営動向,-,かなり減少,-,,220
2023-03-01,食品仕入原価DI,-,経営動向,-,やや減少,-,,340
2023-03-01,食品仕入原価DI,-,経営動向,-,変わらない,-,,1400
2023-03-01,食品仕入原価DI,-,経営動向,-,やや増加,-,,5920
2023-03-01,食品仕入原価DI,-,経営動向,-,かなり増加,-,,2120
2023-04-01,食品仕入原価DI,-,経営動向,-,かなり減少,-,,350
2023-04-01,食品仕入原価DI,-,経営動向,-,やや減少,-,,180
2023-04-01,食品仕入原価DI,-,経営動向,-,変わらない,-,,1410
2023-04-01,食品仕入原価DI,-,経営動向,-,やや増加,-,,6290
2023-04-01,食品仕入原価DI,-,経営動向,-,かなり増加,-,,1760
2023-05-01,食品仕入原価DI,-,経営動向,-,かなり減少,-,,120
2023-05-01,食品仕入原価DI,-,経営動向,-,やや減少,-,,350
2023-05-01,食品仕入原価DI,-,経営動向,-,変わらない,-,,1450
2023-05-01,食品仕入原価DI,-,経営動向,-,やや増加,-,,5700
2023-05-01,食品仕入原価DI,-,経営動向,-,かなり増加,-,,2380
2023-06-01,食品仕入原価DI,-,経営動向,-,かなり減少,-,,120
2023-06-01,食品仕入原価DI,-,経営動向,-,やや減少,-,,240
2023-06-01,食品仕入原価DI,-,経営動向,-,変わらない,-,,1350
2023-06-01,食品仕入原価DI,-,経営動向,-,やや増加,-,,6180
2023-06-01,食品仕入原価DI,-,経営動向,-,かなり増加,-,,2120
2023-07-01,食品仕入原価DI,-,経営動向,-,かなり減少,-,,120
2023-07-01,食品仕入原価DI,-,経営動向,-,やや減少,-,,180
2023-07-01,食品仕入原価DI,-,経営動向,-,変わらない,-,,1640
2023-07-01,食品仕入原価DI,-,経営動向,-,やや増加,-,,6140
2023-07-01,食品仕入原価DI,-,経営動向,-,かなり増加,-,,1930
2023-08-01,食品仕入原価DI,-,経営動向,-,かなり減少,-,,170
2023-08-01,食品仕入原価DI,-,経営動向,-,やや減少,-,,110
2023-08-01,食品仕入原価DI,-,経営動向,-,変わらない,-,,1570
2023-08-01,食品仕入原価DI,-,経営動向,-,やや増加,-,,6120
2023-08-01,食品仕入原価DI,-,経営動向,-,かなり増加,-,,2020
2023-09-01,食品仕入原価DI,-,経営動向,-,かなり減少,-,,60
2023-09-01,食品仕入原価DI,-,経営動向,-,やや減少,-,,290
2023-09-01,食品仕入原価DI,-,経営動向,-,変わらない,-,,1050
2023-09-01,食品仕入原価DI,-,経営動向,-,やや増加,-,,6730
2023-09-01,食品仕入原価DI,-,経営動向,-,かなり増加,-,,1870
2023-10-01,食品仕入原価DI,-,経営動向,-,かなり減少,-,,60
2023-10-01,食品仕入原価DI,-,経営動向,-,やや減少,-,,180
2023-10-01,食品仕入原価DI,-,経営動向,-,変わらない,-,,1820
2023-10-01,食品仕入原価DI,-,経営動向,-,やや増加,-,,6060
2023-10-01,食品仕入原価DI,-,経営動向,-,かなり増加,-,,1880
2023-11-01,食品仕入原価DI,-,経営動向,-,かなり減少,-,,60
2023-11-01,食品仕入原価DI,-,経営動向,-,やや減少,-,,520
2023-11-01,食品仕入原価DI,-,経営動向,-,変わらない,-,,2030
2023-11-01,食品仕入原価DI,-,経営動向,-,やや増加,-,,5930
2023-11-01,食品仕入原価DI,-,経営動向,-,かなり増加,-,,1450
2023-12-01,食品仕入原価DI,-,経営動向,-,かなり減少,-,,60
2023-12-01,食品仕入原価DI,-,経営動向,-,やや減少,-,,350
2023-12-01,食品仕入原価DI,-,経営動向,-,変わらない,-,,1750
2023-12-01,食品仕入原価DI,-,経営動向,-,やや増加,-,,6490
2023-12-01,食品仕入原価DI,-,経営動向,-,かなり増加,-,,1350
2024-01-01,食品仕入原価DI,-,経営動向,-,かなり減少,-,,120
2024-01-01,食品仕入原価DI,-,経営動向,-,やや減少,-,,410
2024-01-01,食品仕入原価DI,-,経営動向,-,変わらない,-,,2590
2024-01-01,食品仕入原価DI,-,経営動向,-,やや増加,-,,5820
2024-01-01,食品仕入原価DI,-,経営動向,-,かなり増加,-,,1060
2024-02-01,食品仕入原価DI,-,経営動向,-,かなり減少,-,,60
2024-02-01,食品仕入原価DI,-,経営動向,-,やや減少,-,,290
2024-02-01,食品仕入原価DI,-,経営動向,-,変わらない,-,,1880
2024-02-01,食品仕入原価DI,-,経営動向,-,やや増加,-,,6470
2024-02-01,食品仕入原価DI,-,経営動向,-,かなり増加,-,,1290
2024-03-01,食品仕入原価DI,-,経営動向,-,かなり減少,-,,120
2024-03-01,食品仕入原価DI,-,経営動向,-,やや減少,-,,480
2024-03-01,食品仕入原価DI,-,経営動向,-,変わらない,-,,1500
2024-03-01,食品仕入原価DI,-,経営動向,-,やや増加,-,,6470
2024-03-01,食品仕入原価DI,-,経営動向,-,かなり増加,-,,1440
2024-04-01,食品仕入原価DI,-,経営動向,-,かなり減少,-,,0
2024-04-01,食品仕入原価DI,-,経営動向,-,やや減少,-,,190
2024-04-01,食品仕入原価DI,-,経営動向,-,変わらない,-,,2340
2024-04-01,食品仕入原価DI,-,経営動向,-,やや増加,-,,6330
2024-04-01,食品仕入原価DI,-,経営動向,-,かなり増加,-,,1140
2024-05-01,食品仕入原価DI,-,経営動向,-,かなり減少,-,,0
2024-05-01,食品仕入原価DI,-,経営動向,-,やや減少,-,,600
2024-05-01,食品仕入原価DI,-,経営動向,-,変わらない,-,,1990
2024-05-01,食品仕入原価DI,-,経営動向,-,やや増加,-,,6570
2024-05-01,食品仕入原価DI,-,経営動向,-,かなり増加,-,,840
2024-06-01,食品仕入原価DI,-,経営動向,-,かなり減少,-,,60
2024-06-01,食品仕入原価DI,-,経営動向,-,やや減少,-,,360
2024-06-01,食品仕入原価DI,-,経営動向,-,変わらない,-,,2180
2024-06-01,食品仕入原価DI,-,経営動向,-,やや増加,-,,6550
2024-06-01,食品仕入原価DI,-,経営動向,-,かなり増加,-,,850
2024-07-01,食品仕入原価DI,-,経営動向,-,かなり減少,-,,120
2024-07-01,食品仕入原価DI,-,経営動向,-,やや減少,-,,600
2024-07-01,食品仕入原価DI,-,経営動向,-,変わらない,-,,2400
2024-07-01,食品仕入原価DI,-,経営動向,-,やや増加,-,,6170
2024-07-01,食品仕入原価DI,-,経営動向,-,かなり増加,-,,720
2024-08-01,食品仕入原価DI,-,経営動向,-,かなり減少,-,,180
2024-08-01,食品仕入原価DI,-,経営動向,-,やや減少,-,,300
2024-08-01,食品仕入原価DI,-,経営動向,-,変わらない,-,,1890
2024-08-01,食品仕入原価DI,-,経営動向,-,やや増加,-,,6400
2024-08-01,食品仕入原価DI,-,経営動向,-,かなり増加,-,,1220
2024-09-01,食品仕入原価DI,-,経営動向,-,かなり減少,-,,260
2024-09-01,食品仕入原価DI,-,経営動向,-,やや減少,-,,660
2024-09-01,食品仕入原価DI,-,経営動向,-,変わらない,-,,1380
2024-09-01,食品仕入原価DI,-,経営動向,-,やや増加,-,,6780
2024-09-01,食品仕入原価DI,-,経営動向,-,かなり増加,-,,920
2011-04-01,販売価格DI,-,経営動向,-,かなり減少,-,,130
2011-04-01,販売価格DI,-,経営動向,-,やや減少,-,,1890
2011-04-01,販売価格DI,-,経営動向,-,変わらない,-,,6060
2011-04-01,販売価格DI,-,経営動向,-,やや増加,-,,1920
2011-04-01,販売価格DI,-,経営動向,-,かなり増加,-,,0
2011-05-01,販売価格DI,-,経営動向,-,かなり減少,-,,30
2011-05-01,販売価格DI,-,経営動向,-,やや減少,-,,2580
2011-05-01,販売価格DI,-,経営動向,-,変わらない,-,,6100
2011-05-01,販売価格DI,-,経営動向,-,やや増加,-,,1260
2011-05-01,販売価格DI,-,経営動向,-,かなり増加,-,,30
2011-06-01,販売価格DI,-,経営動向,-,かなり減少,-,,70
2011-06-01,販売価格DI,-,経営動向,-,やや減少,-,,2280
2011-06-01,販売価格DI,-,経営動向,-,変わらない,-,,6310
2011-06-01,販売価格DI,-,経営動向,-,やや増加,-,,1310
2011-06-01,販売価格DI,-,経営動向,-,かなり増加,-,,30
2011-07-01,販売価格DI,-,経営動向,-,かなり減少,-,,30
2011-07-01,販売価格DI,-,経営動向,-,やや減少,-,,1650
2011-07-01,販売価格DI,-,経営動向,-,変わらない,-,,6570
2011-07-01,販売価格DI,-,経営動向,-,やや増加,-,,1720
2011-07-01,販売価格DI,-,経営動向,-,かなり増加,-,,30
2011-08-01,販売価格DI,-,経営動向,-,かなり減少,-,,100
2011-08-01,販売価格DI,-,経営動向,-,やや減少,-,,2100
2011-08-01,販売価格DI,-,経営動向,-,変わらない,-,,6240
2011-08-01,販売価格DI,-,経営動向,-,やや増加,-,,1530
2011-08-01,販売価格DI,-,経営動向,-,かなり増加,-,,30
2011-09-01,販売価格DI,-,経営動向,-,かなり減少,-,,140
2011-09-01,販売価格DI,-,経営動向,-,やや減少,-,,2410
2011-09-01,販売価格DI,-,経営動向,-,変わらない,-,,5690
2011-09-01,販売価格DI,-,経営動向,-,やや増加,-,,1760
2011-09-01,販売価格DI,-,経営動向,-,かなり増加,-,,0
2011-10-01,販売価格DI,-,経営動向,-,かなり減少,-,,170
2011-10-01,販売価格DI,-,経営動向,-,やや減少,-,,2280
2011-10-01,販売価格DI,-,経営動向,-,変わらない,-,,6330
2011-10-01,販売価格DI,-,経営動向,-,やや増加,-,,1190
2011-10-01,販売価格DI,-,経営動向,-,かなり増加,-,,30
2011-11-01,販売価格DI,-,経営動向,-,かなり減少,-,,140
2011-11-01,販売価格DI,-,経営動向,-,やや減少,-,,3450
2011-11-01,販売価格DI,-,経営動向,-,変わらない,-,,5680
2011-11-01,販売価格DI,-,経営動向,-,やや増加,-,,710
2011-11-01,販売価格DI,-,経営動向,-,かなり増加,-,,30
2011-12-01,販売価格DI,-,経営動向,-,かなり減少,-,,250
2011-12-01,販売価格DI,-,経営動向,-,やや減少,-,,2220
2011-12-01,販売価格DI,-,経営動向,-,変わらない,-,,6230
2011-12-01,販売価格DI,-,経営動向,-,やや増加,-,,1270
2011-12-01,販売価格DI,-,経営動向,-,かなり増加,-,,40
2012-01-01,販売価格DI,-,経営動向,-,かなり減少,-,,90
2012-01-01,販売価格DI,-,経営動向,-,やや減少,-,,2060
2012-01-01,販売価格DI,-,経営動向,-,変わらない,-,,6700
2012-01-01,販売価格DI,-,経営動向,-,やや増加,-,,1030
2012-01-01,販売価格DI,-,経営動向,-,かなり増加,-,,120
2012-02-01,販売価格DI,-,経営動向,-,かなり減少,-,,100
2012-02-01,販売価格DI,-,経営動向,-,やや減少,-,,2460
2012-02-01,販売価格DI,-,経営動向,-,変わらない,-,,6180
2012-02-01,販売価格DI,-,経営動向,-,やや増加,-,,1260
2012-02-01,販売価格DI,-,経営動向,-,かなり増加,-,,0
2012-03-01,販売価格DI,-,経営動向,-,かなり減少,-,,310
2012-03-01,販売価格DI,-,経営動向,-,やや減少,-,,3020
2012-03-01,販売価格DI,-,経営動向,-,変わらない,-,,5900
2012-03-01,販売価格DI,-,経営動向,-,やや増加,-,,750
2012-03-01,販売価格DI,-,経営動向,-,かなり増加,-,,30
2012-04-01,販売価格DI,-,経営動向,-,かなり減少,-,,100
2012-04-01,販売価格DI,-,経営動向,-,やや減少,-,,3000
2012-04-01,販売価格DI,-,経営動向,-,変わらない,-,,6200
2012-04-01,販売価格DI,-,経営動向,-,やや増加,-,,690
2012-04-01,販売価格DI,-,経営動向,-,かなり増加,-,,0
2012-05-01,販売価格DI,-,経営動向,-,かなり減少,-,,170
2012-05-01,販売価格DI,-,経営動向,-,やや減少,-,,2770
2012-05-01,販売価格DI,-,経営動向,-,変わらない,-,,6030
2012-05-01,販売価格DI,-,経営動向,-,やや増加,-,,1030
2012-05-01,販売価格DI,-,経営動向,-,かなり増加,-,,0
2012-06-01,販売価格DI,-,経営動向,-,かなり減少,-,,170
2012-06-01,販売価格DI,-,経営動向,-,やや減少,-,,2890
2012-06-01,販売価格DI,-,経営動向,-,変わらない,-,,6210
2012-06-01,販売価格DI,-,経営動向,-,やや増加,-,,740
2012-06-01,販売価格DI,-,経営動向,-,かなり増加,-,,0
2012-07-01,販売価格DI,-,経営動向,-,かなり減少,-,,270
2012-07-01,販売価格DI,-,経営動向,-,やや減少,-,,3470
2012-07-01,販売価格DI,-,経営動向,-,変わらない,-,,5990
2012-07-01,販売価格DI,-,経営動向,-,やや増加,-,,270
2012-07-01,販売価格DI,-,経営動向,-,かなり増加,-,,0
2012-08-01,販売価格DI,-,経営動向,-,かなり減少,-,,170
2012-08-01,販売価格DI,-,経営動向,-,やや減少,-,,3400
2012-08-01,販売価格DI,-,経営動向,-,変わらない,-,,6110
2012-08-01,販売価格DI,-,経営動向,-,やや増加,-,,310
2012-08-01,販売価格DI,-,経営動向,-,かなり増加,-,,0
2012-09-01,販売価格DI,-,経営動向,-,かなり減少,-,,180
2012-09-01,販売価格DI,-,経営動向,-,やや減少,-,,3510
2012-09-01,販売価格DI,-,経営動向,-,変わらない,-,,5990
2012-09-01,販売価格DI,-,経営動向,-,やや増加,-,,320
2012-09-01,販売価格DI,-,経営動向,-,かなり増加,-,,0
2012-10-01,販売価格DI,-,経営動向,-,かなり減少,-,,250
2012-10-01,販売価格DI,-,経営動向,-,やや減少,-,,3770
2012-10-01,販売価格DI,-,経営動向,-,変わらない,-,,5540
2012-10-01,販売価格DI,-,経営動向,-,やや増加,-,,400
2012-10-01,販売価格DI,-,経営動向,-,かなり増加,-,,40
2012-11-01,販売価格DI,-,経営動向,-,かなり減少,-,,290
2012-11-01,販売価格DI,-,経営動向,-,やや減少,-,,3080
2012-11-01,販売価格DI,-,経営動向,-,変わらない,-,,6080
2012-11-01,販売価格DI,-,経営動向,-,やや増加,-,,510
2012-11-01,販売価格DI,-,経営動向,-,かなり増加,-,,40
2012-12-01,販売価格DI,-,経営動向,-,かなり減少,-,,140
2012-12-01,販売価格DI,-,経営動向,-,やや減少,-,,2510
2012-12-01,販売価格DI,-,経営動向,-,変わらない,-,,5840
2012-12-01,販売価格DI,-,経営動向,-,やや増加,-,,1510
2012-12-01,販売価格DI,-,経営動向,-,かなり増加,-,,0
2013-01-01,販売価格DI,-,経営動向,-,かなり減少,-,,220
2013-01-01,販売価格DI,-,経営動向,-,やや減少,-,,2680
2013-01-01,販売価格DI,-,経営動向,-,変わらない,-,,6160
2013-01-01,販売価格DI,-,経営動向,-,やや増加,-,,940
2013-01-01,販売価格DI,-,経営動向,-,かなり増加,-,,0
2013-02-01,販売価格DI,-,経営動向,-,かなり減少,-,,300
2013-02-01,販売価格DI,-,経営動向,-,やや減少,-,,3160
2013-02-01,販売価格DI,-,経営動向,-,変わらない,-,,5990
2013-02-01,販売価格DI,-,経営動向,-,やや増加,-,,560
2013-02-01,販売価格DI,-,経営動向,-,かなり増加,-,,0
2013-03-01,販売価格DI,-,経営動向,-,かなり減少,-,,190
2013-03-01,販売価格DI,-,経営動向,-,やや減少,-,,3140
2013-03-01,販売価格DI,-,経営動向,-,変わらない,-,,6250
2013-03-01,販売価格DI,-,経営動向,-,やや増加,-,,420
2013-03-01,販売価格DI,-,経営動向,-,かなり増加,-,,0
2013-04-01,販売価格DI,-,経営動向,-,かなり減少,-,,410
2013-04-01,販売価格DI,-,経営動向,-,やや減少,-,,3050
2013-04-01,販売価格DI,-,経営動向,-,変わらない,-,,5900
2013-04-01,販売価格DI,-,経営動向,-,やや増加,-,,640
2013-04-01,販売価格DI,-,経営動向,-,かなり増加,-,,0
2013-05-01,販売価格DI,-,経営動向,-,かなり減少,-,,310
2013-05-01,販売価格DI,-,経営動向,-,やや減少,-,,2490
2013-05-01,販売価格DI,-,経営動向,-,変わらない,-,,6320
2013-05-01,販売価格DI,-,経営動向,-,やや増加,-,,880
2013-05-01,販売価格DI,-,経営動向,-,かなり増加,-,,0
2013-06-01,販売価格DI,-,経営動向,-,かなり減少,-,,230
2013-06-01,販売価格DI,-,経営動向,-,やや減少,-,,1860
2013-06-01,販売価格DI,-,経営動向,-,変わらない,-,,6480
2013-06-01,販売価格DI,-,経営動向,-,やや増加,-,,1440
2013-06-01,販売価格DI,-,経営動向,-,かなり増加,-,,0
2013-07-01,販売価格DI,-,経営動向,-,かなり減少,-,,110
2013-07-01,販売価格DI,-,経営動向,-,やや減少,-,,1740
2013-07-01,販売価格DI,-,経営動向,-,変わらない,-,,6060
2013-07-01,販売価格DI,-,経営動向,-,やや増加,-,,1930
2013-07-01,販売価格DI,-,経営動向,-,かなり増加,-,,150
2013-08-01,販売価格DI,-,経営動向,-,かなり減少,-,,80
2013-08-01,販売価格DI,-,経営動向,-,やや減少,-,,1270
2013-08-01,販売価格DI,-,経営動向,-,変わらない,-,,6190
2013-08-01,販売価格DI,-,経営動向,-,やや増加,-,,2460
2013-08-01,販売価格DI,-,経営動向,-,かなり増加,-,,0
2013-09-01,販売価格DI,-,経営動向,-,かなり減少,-,,120
2013-09-01,販売価格DI,-,経営動向,-,やや減少,-,,1080
2013-09-01,販売価格DI,-,経営動向,-,変わらない,-,,5860
2013-09-01,販売価格DI,-,経営動向,-,やや増加,-,,2910
2013-09-01,販売価格DI,-,経営動向,-,かなり増加,-,,40
2013-10-01,販売価格DI,-,経営動向,-,かなり減少,-,,40
2013-10-01,販売価格DI,-,経営動向,-,やや減少,-,,1050
2013-10-01,販売価格DI,-,経営動向,-,変わらない,-,,5560
2013-10-01,販売価格DI,-,経営動向,-,やや増加,-,,3310
2013-10-01,販売価格DI,-,経営動向,-,かなり増加,-,,40
2013-11-01,販売価格DI,-,経営動向,-,かなり減少,-,,80
2013-11-01,販売価格DI,-,経営動向,-,やや減少,-,,1140
2013-11-01,販売価格DI,-,経営動向,-,変わらない,-,,4810
2013-11-01,販売価格DI,-,経営動向,-,やや増加,-,,3860
2013-11-01,販売価格DI,-,経営動向,-,かなり増加,-,,110
2013-12-01,販売価格DI,-,経営動向,-,かなり減少,-,,80
2013-12-01,販売価格DI,-,経営動向,-,やや減少,-,,870
2013-12-01,販売価格DI,-,経営動向,-,変わらない,-,,4710
2013-12-01,販売価格DI,-,経営動向,-,やや増加,-,,4300
2013-12-01,販売価格DI,-,経営動向,-,かなり増加,-,,40
2014-01-01,販売価格DI,-,経営動向,-,かなり減少,-,,80
2014-01-01,販売価格DI,-,経営動向,-,やや減少,-,,830
2014-01-01,販売価格DI,-,経営動向,-,変わらない,-,,5500
2014-01-01,販売価格DI,-,経営動向,-,やや増加,-,,3540
2014-01-01,販売価格DI,-,経営動向,-,かなり増加,-,,40
2014-02-01,販売価格DI,-,経営動向,-,かなり減少,-,,0
2014-02-01,販売価格DI,-,経営動向,-,やや減少,-,,1040
2014-02-01,販売価格DI,-,経営動向,-,変わらない,-,,5170
2014-02-01,販売価格DI,-,経営動向,-,やや増加,-,,3630
2014-02-01,販売価格DI,-,経営動向,-,かなり増加,-,,170
2014-03-01,販売価格DI,-,経営動向,-,かなり減少,-,,0
2014-03-01,販売価格DI,-,経営動向,-,やや減少,-,,860
2014-03-01,販売価格DI,-,経営動向,-,変わらない,-,,5290
2014-03-01,販売価格DI,-,経営動向,-,やや増加,-,,3400
2014-03-01,販売価格DI,-,経営動向,-,かなり増加,-,,450
2014-04-01,販売価格DI,-,経営動向,-,かなり減少,-,,160
2014-04-01,販売価格DI,-,経営動向,-,やや減少,-,,1190
2014-04-01,販売価格DI,-,経営動向,-,変わらない,-,,4390
2014-04-01,販売価格DI,-,経営動向,-,やや増加,-,,4180
2014-04-01,販売価格DI,-,経営動向,-,かなり増加,-,,80
2014-05-01,販売価格DI,-,経営動向,-,かなり減少,-,,0
2014-05-01,販売価格DI,-,経営動向,-,やや減少,-,,960
2014-05-01,販売価格DI,-,経営動向,-,変わらない,-,,4390
2014-05-01,販売価格DI,-,経営動向,-,やや増加,-,,4650
2014-05-01,販売価格DI,-,経営動向,-,かなり増加,-,,0
2014-06-01,販売価格DI,-,経営動向,-,かなり減少,-,,40
2014-06-01,販売価格DI,-,経営動向,-,やや減少,-,,740
2014-06-01,販売価格DI,-,経営動向,-,変わらない,-,,4170
2014-06-01,販売価格DI,-,経営動向,-,やや増加,-,,4960
2014-06-01,販売価格DI,-,経営動向,-,かなり増加,-,,90
2014-07-01,販売価格DI,-,経営動向,-,かなり減少,-,,40
2014-07-01,販売価格DI,-,経営動向,-,やや減少,-,,690
2014-07-01,販売価格DI,-,経営動向,-,変わらない,-,,4870
2014-07-01,販売価格DI,-,経営動向,-,やや増加,-,,4270
2014-07-01,販売価格DI,-,経営動向,-,かなり増加,-,,130
2014-08-01,販売価格DI,-,経営動向,-,かなり減少,-,,40
2014-08-01,販売価格DI,-,経営動向,-,やや減少,-,,460
2014-08-01,販売価格DI,-,経営動向,-,変わらない,-,,4270
2014-08-01,販売価格DI,-,経営動向,-,やや増加,-,,5150
2014-08-01,販売価格DI,-,経営動向,-,かなり増加,-,,80
2014-09-01,販売価格DI,-,経営動向,-,かなり減少,-,,0
2014-09-01,販売価格DI,-,経営動向,-,やや減少,-,,650
2014-09-01,販売価格DI,-,経営動向,-,変わらない,-,,4520
2014-09-01,販売価格DI,-,経営動向,-,やや増加,-,,4650
2014-09-01,販売価格DI,-,経営動向,-,かなり増加,-,,180
2014-10-01,販売価格DI,-,経営動向,-,かなり減少,-,,90
2014-10-01,販売価格DI,-,経営動向,-,やや減少,-,,910
2014-10-01,販売価格DI,-,経営動向,-,変わらない,-,,4860
2014-10-01,販売価格DI,-,経営動向,-,やや増加,-,,4090
2014-10-01,販売価格DI,-,経営動向,-,かなり増加,-,,50
2014-11-01,販売価格DI,-,経営動向,-,かなり減少,-,,90
2014-11-01,販売価格DI,-,経営動向,-,やや減少,-,,1030
2014-11-01,販売価格DI,-,経営動向,-,変わらない,-,,5310
2014-11-01,販売価格DI,-,経営動向,-,やや増加,-,,3520
2014-11-01,販売価格DI,-,経営動向,-,かなり増加,-,,50
2014-12-01,販売価格DI,-,経営動向,-,かなり減少,-,,0
2014-12-01,販売価格DI,-,経営動向,-,やや減少,-,,720
2014-12-01,販売価格DI,-,経営動向,-,変わらない,-,,4210
2014-12-01,販売価格DI,-,経営動向,-,やや増加,-,,5030
2014-12-01,販売価格DI,-,経営動向,-,かなり増加,-,,50
2015-01-01,販売価格DI,-,経営動向,-,かなり減少,-,,90
2015-01-01,販売価格DI,-,経営動向,-,やや減少,-,,360
2015-01-01,販売価格DI,-,経営動向,-,変わらない,-,,4930
2015-01-01,販売価格DI,-,経営動向,-,やや増加,-,,4520
2015-01-01,販売価格DI,-,経営動向,-,かなり増加,-,,90
2015-02-01,販売価格DI,-,経営動向,-,かなり減少,-,,90
2015-02-01,販売価格DI,-,経営動向,-,やや減少,-,,590
2015-02-01,販売価格DI,-,経営動向,-,変わらない,-,,4980
2015-02-01,販売価格DI,-,経営動向,-,やや増加,-,,4300
2015-02-01,販売価格DI,-,経営動向,-,かなり増加,-,,50
2015-03-01,販売価格DI,-,経営動向,-,かなり減少,-,,310
2015-03-01,販売価格DI,-,経営動向,-,やや減少,-,,1390
2015-03-01,販売価格DI,-,経営動向,-,変わらない,-,,4260
2015-03-01,販売価格DI,-,経営動向,-,やや増加,-,,3990
2015-03-01,販売価格DI,-,経営動向,-,かなり増加,-,,40
2015-04-01,販売価格DI,-,経営動向,-,かなり減少,-,,90
2015-04-01,販売価格DI,-,経営動向,-,やや減少,-,,400
2015-04-01,販売価格DI,-,経営動向,-,変わらない,-,,3480
2015-04-01,販売価格DI,-,経営動向,-,やや増加,-,,5710
2015-04-01,販売価格DI,-,経営動向,-,かなり増加,-,,310
2015-05-01,販売価格DI,-,経営動向,-,かなり減少,-,,0
2015-05-01,販売価格DI,-,経営動向,-,やや減少,-,,400
2015-05-01,販売価格DI,-,経営動向,-,変わらない,-,,3750
2015-05-01,販売価格DI,-,経営動向,-,やや増加,-,,5760
2015-05-01,販売価格DI,-,経営動向,-,かなり増加,-,,90
2015-06-01,販売価格DI,-,経営動向,-,かなり減少,-,,0
2015-06-01,販売価格DI,-,経営動向,-,やや減少,-,,470
2015-06-01,販売価格DI,-,経営動向,-,変わらない,-,,3850
2015-06-01,販売価格DI,-,経営動向,-,やや増加,-,,5680
2015-06-01,販売価格DI,-,経営動向,-,かなり増加,-,,0
2015-07-01,販売価格DI,-,経営動向,-,かなり減少,-,,0
2015-07-01,販売価格DI,-,経営動向,-,やや減少,-,,490
2015-07-01,販売価格DI,-,経営動向,-,変わらない,-,,4160
2015-07-01,販売価格DI,-,経営動向,-,やや増加,-,,5310
2015-07-01,販売価格DI,-,経営動向,-,かなり増加,-,,40
2015-08-01,販売価格DI,-,経営動向,-,かなり減少,-,,0
2015-08-01,販売価格DI,-,経営動向,-,やや減少,-,,320
2015-08-01,販売価格DI,-,経営動向,-,変わらない,-,,4500
2015-08-01,販売価格DI,-,経営動向,-,やや増加,-,,5000
2015-08-01,販売価格DI,-,経営動向,-,かなり増加,-,,180
2015-09-01,販売価格DI,-,経営動向,-,かなり減少,-,,50
2015-09-01,販売価格DI,-,経営動向,-,やや減少,-,,500
2015-09-01,販売価格DI,-,経営動向,-,変わらない,-,,4430
2015-09-01,販売価格DI,-,経営動向,-,やや増加,-,,4790
2015-09-01,販売価格DI,-,経営動向,-,かなり増加,-,,230
2015-10-01,販売価格DI,-,経営動向,-,かなり減少,-,,0
2015-10-01,販売価格DI,-,経営動向,-,やや減少,-,,540
2015-10-01,販売価格DI,-,経営動向,-,変わらない,-,,4660
2015-10-01,販売価格DI,-,経営動向,-,やや増加,-,,4570
2015-10-01,販売価格DI,-,経営動向,-,かなり増加,-,,220
2015-11-01,販売価格DI,-,経営動向,-,かなり減少,-,,40
2015-11-01,販売価格DI,-,経営動向,-,やや減少,-,,710
2015-11-01,販売価格DI,-,経営動向,-,変わらない,-,,5270
2015-11-01,販売価格DI,-,経営動向,-,やや増加,-,,3840
2015-11-01,販売価格DI,-,経営動向,-,かなり増加,-,,130
2015-12-01,販売価格DI,-,経営動向,-,かなり減少,-,,0
2015-12-01,販売価格DI,-,経営動向,-,やや減少,-,,910
2015-12-01,販売価格DI,-,経営動向,-,変わらない,-,,5110
2015-12-01,販売価格DI,-,経営動向,-,やや増加,-,,3930
2015-12-01,販売価格DI,-,経営動向,-,かなり増加,-,,50
2016-01-01,販売価格DI,-,経営動向,-,かなり減少,-,,50
2016-01-01,販売価格DI,-,経営動向,-,やや減少,-,,910
2016-01-01,販売価格DI,-,経営動向,-,変わらない,-,,5660
2016-01-01,販売価格DI,-,経営動向,-,やや増加,-,,3380
2016-01-01,販売価格DI,-,経営動向,-,かなり増加,-,,0
2016-02-01,販売価格DI,-,経営動向,-,かなり減少,-,,0
2016-02-01,販売価格DI,-,経営動向,-,やや減少,-,,710
2016-02-01,販売価格DI,-,経営動向,-,変わらない,-,,5330
2016-02-01,販売価格DI,-,経営動向,-,やや増加,-,,3950
2016-02-01,販売価格DI,-,経営動向,-,かなり増加,-,,0
2016-03-01,販売価格DI,-,経営動向,-,かなり減少,-,,0
2016-03-01,販売価格DI,-,経営動向,-,やや減少,-,,580
2016-03-01,販売価格DI,-,経営動向,-,変わらない,-,,6110
2016-03-01,販売価格DI,-,経営動向,-,やや増加,-,,3320
2016-03-01,販売価格DI,-,経営動向,-,かなり増加,-,,0
2016-04-01,販売価格DI,-,経営動向,-,かなり減少,-,,0
2016-04-01,販売価格DI,-,経営動向,-,やや減少,-,,1220
2016-04-01,販売価格DI,-,経営動向,-,変わらない,-,,5460
2016-04-01,販売価格DI,-,経営動向,-,やや増加,-,,3320
2016-04-01,販売価格DI,-,経営動向,-,かなり増加,-,,0
2016-05-01,販売価格DI,-,経営動向,-,かなり減少,-,,50
2016-05-01,販売価格DI,-,経営動向,-,やや減少,-,,1440
2016-05-01,販売価格DI,-,経営動向,-,変わらない,-,,6470
2016-05-01,販売価格DI,-,経営動向,-,やや増加,-,,2040
2016-05-01,販売価格DI,-,経営動向,-,かなり増加,-,,0
2016-06-01,販売価格DI,-,経営動向,-,かなり減少,-,,0
2016-06-01,販売価格DI,-,経営動向,-,やや減少,-,,1390
2016-06-01,販売価格DI,-,経営動向,-,変わらない,-,,6520
2016-06-01,販売価格DI,-,経営動向,-,やや増加,-,,2090
2016-06-01,販売価格DI,-,経営動向,-,かなり増加,-,,0
2016-07-01,販売価格DI,-,経営動向,-,かなり減少,-,,0
2016-07-01,販売価格DI,-,経営動向,-,やや減少,-,,1340
2016-07-01,販売価格DI,-,経営動向,-,変わらない,-,,6820
2016-07-01,販売価格DI,-,経営動向,-,やや増加,-,,1790
2016-07-01,販売価格DI,-,経営動向,-,かなり増加,-,,50
2016-08-01,販売価格DI,-,経営動向,-,かなり減少,-,,0
2016-08-01,販売価格DI,-,経営動向,-,やや減少,-,,2020
2016-08-01,販売価格DI,-,経営動向,-,変わらない,-,,6750
2016-08-01,販売価格DI,-,経営動向,-,やや増加,-,,1180
2016-08-01,販売価格DI,-,経営動向,-,かなり増加,-,,50
2016-09-01,販売価格DI,-,経営動向,-,かなり減少,-,,50
2016-09-01,販売価格DI,-,経営動向,-,やや減少,-,,1910
2016-09-01,販売価格DI,-,経営動向,-,変わらない,-,,6270
2016-09-01,販売価格DI,-,経営動向,-,やや増加,-,,1720
2016-09-01,販売価格DI,-,経営動向,-,かなり増加,-,,50
2016-10-01,販売価格DI,-,経営動向,-,かなり減少,-,,0
2016-10-01,販売価格DI,-,経営動向,-,やや減少,-,,1190
2016-10-01,販売価格DI,-,経営動向,-,変わらない,-,,5420
2016-10-01,販売価格DI,-,経営動向,-,やや増加,-,,3280
2016-10-01,販売価格DI,-,経営動向,-,かなり増加,-,,100
2016-11-01,販売価格DI,-,経営動向,-,かなり減少,-,,50
2016-11-01,販売価格DI,-,経営動向,-,やや減少,-,,600
2016-11-01,販売価格DI,-,経営動向,-,変わらない,-,,5820
2016-11-01,販売価格DI,-,経営動向,-,やや増加,-,,3380
2016-11-01,販売価格DI,-,経営動向,-,かなり増加,-,,150
2016-12-01,販売価格DI,-,経営動向,-,かなり減少,-,,0
2016-12-01,販売価格DI,-,経営動向,-,やや減少,-,,1200
2016-12-01,販売価格DI,-,経営動向,-,変わらない,-,,6150
2016-12-01,販売価格DI,-,経営動向,-,やや増加,-,,2600
2016-12-01,販売価格DI,-,経営動向,-,かなり増加,-,,50
2017-01-01,販売価格DI,-,経営動向,-,かなり減少,-,,0
2017-01-01,販売価格DI,-,経営動向,-,やや減少,-,,850
2017-01-01,販売価格DI,-,経営動向,-,変わらない,-,,7000
2017-01-01,販売価格DI,-,経営動向,-,やや増加,-,,2100
2017-01-01,販売価格DI,-,経営動向,-,かなり増加,-,,50
2017-02-01,販売価格DI,-,経営動向,-,かなり減少,-,,150
2017-02-01,販売価格DI,-,経営動向,-,やや減少,-,,1870
2017-02-01,販売価格DI,-,経営動向,-,変わらない,-,,6410
2017-02-01,販売価格DI,-,経営動向,-,やや増加,-,,1520
2017-02-01,販売価格DI,-,経営動向,-,かなり増加,-,,50
2017-03-01,販売価格DI,-,経営動向,-,かなり減少,-,,50
2017-03-01,販売価格DI,-,経営動向,-,やや減少,-,,2040
2017-03-01,販売価格DI,-,経営動向,-,変わらない,-,,5970
2017-03-01,販売価格DI,-,経営動向,-,やや増加,-,,1940
2017-03-01,販売価格DI,-,経営動向,-,かなり増加,-,,0
2017-04-01,販売価格DI,-,経営動向,-,かなり減少,-,,90
2017-04-01,販売価格DI,-,経営動向,-,やや減少,-,,1370
2017-04-01,販売価格DI,-,経営動向,-,変わらない,-,,6820
2017-04-01,販売価格DI,-,経営動向,-,やや増加,-,,1710
2017-04-01,販売価格DI,-,経営動向,-,かなり増加,-,,0
2017-05-01,販売価格DI,-,経営動向,-,かなり減少,-,,50
2017-05-01,販売価格DI,-,経営動向,-,やや減少,-,,1670
2017-05-01,販売価格DI,-,経営動向,-,変わらない,-,,6900
2017-05-01,販売価格DI,-,経営動向,-,やや増加,-,,1380
2017-05-01,販売価格DI,-,経営動向,-,かなり増加,-,,0
2017-06-01,販売価格DI,-,経営動向,-,かなり減少,-,,60
2017-06-01,販売価格DI,-,経営動向,-,やや減少,-,,1750
2017-06-01,販売価格DI,-,経営動向,-,変わらない,-,,6720
2017-06-01,販売価格DI,-,経営動向,-,やや増加,-,,1470
2017-06-01,販売価格DI,-,経営動向,-,かなり増加,-,,0
2017-07-01,販売価格DI,-,経営動向,-,かなり減少,-,,150
2017-07-01,販売価格DI,-,経営動向,-,やや減少,-,,2180
2017-07-01,販売価格DI,-,経営動向,-,変わらない,-,,6290
2017-07-01,販売価格DI,-,経営動向,-,やや増加,-,,1370
2017-07-01,販売価格DI,-,経営動向,-,かなり増加,-,,0
2017-08-01,販売価格DI,-,経営動向,-,かなり減少,-,,0
2017-08-01,販売価格DI,-,経営動向,-,やや減少,-,,1080
2017-08-01,販売価格DI,-,経営動向,-,変わらない,-,,6620
2017-08-01,販売価格DI,-,経営動向,-,やや増加,-,,2300
2017-08-01,販売価格DI,-,経営動向,-,かなり増加,-,,0
2017-09-01,販売価格DI,-,経営動向,-,かなり減少,-,,0
2017-09-01,販売価格DI,-,経営動向,-,やや減少,-,,1280
2017-09-01,販売価格DI,-,経営動向,-,変わらない,-,,6970
2017-09-01,販売価格DI,-,経営動向,-,やや増加,-,,1740
2017-09-01,販売価格DI,-,経営動向,-,かなり増加,-,,0
2017-10-01,販売価格DI,-,経営動向,-,かなり減少,-,,160
2017-10-01,販売価格DI,-,経営動向,-,やや減少,-,,2500
2017-10-01,販売価格DI,-,経営動向,-,変わらない,-,,6040
2017-10-01,販売価格DI,-,経営動向,-,やや増加,-,,1250
2017-10-01,販売価格DI,-,経営動向,-,かなり増加,-,,50
2017-11-01,販売価格DI,-,経営動向,-,かなり減少,-,,0
2017-11-01,販売価格DI,-,経営動向,-,やや減少,-,,1630
2017-11-01,販売価格DI,-,経営動向,-,変わらない,-,,6530
2017-11-01,販売価格DI,-,経営動向,-,やや増加,-,,1780
2017-11-01,販売価格DI,-,経営動向,-,かなり増加,-,,50
2017-12-01,販売価格DI,-,経営動向,-,かなり減少,-,,0
2017-12-01,販売価格DI,-,経営動向,-,やや減少,-,,920
2017-12-01,販売価格DI,-,経営動向,-,変わらない,-,,6170
2017-12-01,販売価格DI,-,経営動向,-,やや増加,-,,2810
2017-12-01,販売価格DI,-,経営動向,-,かなり増加,-,,100
2018-01-01,販売価格DI,-,経営動向,-,かなり減少,-,,0
2018-01-01,販売価格DI,-,経営動向,-,やや減少,-,,1020
2018-01-01,販売価格DI,-,経営動向,-,変わらない,-,,5580
2018-01-01,販売価格DI,-,経営動向,-,やや増加,-,,3250
2018-01-01,販売価格DI,-,経営動向,-,かなり増加,-,,150
2018-02-01,販売価格DI,-,経営動向,-,かなり減少,-,,0
2018-02-01,販売価格DI,-,経営動向,-,やや減少,-,,1050
2018-02-01,販売価格DI,-,経営動向,-,変わらない,-,,5400
2018-02-01,販売価格DI,-,経営動向,-,やや増加,-,,3450
2018-02-01,販売価格DI,-,経営動向,-,かなり増加,-,,100
2018-03-01,販売価格DI,-,経営動向,-,かなり減少,-,,0
2018-03-01,販売価格DI,-,経営動向,-,やや減少,-,,1250
2018-03-01,販売価格DI,-,経営動向,-,変わらない,-,,6400
2018-03-01,販売価格DI,-,経営動向,-,やや増加,-,,2300
2018-03-01,販売価格DI,-,経営動向,-,かなり増加,-,,50
2018-04-01,販売価格DI,-,経営動向,-,かなり減少,-,,50
2018-04-01,販売価格DI,-,経営動向,-,やや減少,-,,1940
2018-04-01,販売価格DI,-,経営動向,-,変わらない,-,,6670
2018-04-01,販売価格DI,-,経営動向,-,やや増加,-,,1290
2018-04-01,販売価格DI,-,経営動向,-,かなり増加,-,,50
2018-05-01,販売価格DI,-,経営動向,-,かなり減少,-,,0
2018-05-01,販売価格DI,-,経営動向,-,やや減少,-,,2070
2018-05-01,販売価格DI,-,経営動向,-,変わらない,-,,6770
2018-05-01,販売価格DI,-,経営動向,-,やや増加,-,,1160
2018-05-01,販売価格DI,-,経営動向,-,かなり増加,-,,0
2018-06-01,販売価格DI,-,経営動向,-,かなり減少,-,,50
2018-06-01,販売価格DI,-,経営動向,-,やや減少,-,,1710
2018-06-01,販売価格DI,-,経営動向,-,変わらない,-,,6390
2018-06-01,販売価格DI,-,経営動向,-,やや増加,-,,1850
2018-06-01,販売価格DI,-,経営動向,-,かなり増加,-,,0
2018-07-01,販売価格DI,-,経営動向,-,かなり減少,-,,0
2018-07-01,販売価格DI,-,経営動向,-,やや減少,-,,1550
2018-07-01,販売価格DI,-,経営動向,-,変わらない,-,,5750
2018-07-01,販売価格DI,-,経営動向,-,やや増加,-,,2690
2018-07-01,販売価格DI,-,経営動向,-,かなり増加,-,,0
2018-08-01,販売価格DI,-,経営動向,-,かなり減少,-,,0
2018-08-01,販売価格DI,-,経営動向,-,やや減少,-,,1120
2018-08-01,販売価格DI,-,経営動向,-,変わらない,-,,6630
2018-08-01,販売価格DI,-,経営動向,-,やや増加,-,,2140
2018-08-01,販売価格DI,-,経営動向,-,かなり増加,-,,110
2018-09-01,販売価格DI,-,経営動向,-,かなり減少,-,,0
2018-09-01,販売価格DI,-,経営動向,-,やや減少,-,,850
2018-09-01,販売価格DI,-,経営動向,-,変わらない,-,,5960
2018-09-01,販売価格DI,-,経営動向,-,やや増加,-,,3030
2018-09-01,販売価格DI,-,経営動向,-,かなり増加,-,,160
2018-10-01,販売価格DI,-,経営動向,-,かなり減少,-,,0
2018-10-01,販売価格DI,-,経営動向,-,やや減少,-,,970
2018-10-01,販売価格DI,-,経営動向,-,変わらない,-,,6510
2018-10-01,販売価格DI,-,経営動向,-,やや増加,-,,2470
2018-10-01,販売価格DI,-,経営動向,-,かなり増加,-,,50
2018-11-01,販売価格DI,-,経営動向,-,かなり減少,-,,160
2018-11-01,販売価格DI,-,経営動向,-,やや減少,-,,2060
2018-11-01,販売価格DI,-,経営動向,-,変わらない,-,,6610
2018-11-01,販売価格DI,-,経営動向,-,やや増加,-,,1160
2018-11-01,販売価格DI,-,経営動向,-,かなり増加,-,,0
2018-12-01,販売価格DI,-,経営動向,-,かなり減少,-,,170
2018-12-01,販売価格DI,-,経営動向,-,やや減少,-,,2570
2018-12-01,販売価格DI,-,経営動向,-,変わらない,-,,6090
2018-12-01,販売価格DI,-,経営動向,-,やや増加,-,,1170
2018-12-01,販売価格DI,-,経営動向,-,かなり増加,-,,0
2019-01-01,販売価格DI,-,経営動向,-,かなり減少,-,,110
2019-01-01,販売価格DI,-,経営動向,-,やや減少,-,,2630
2019-01-01,販売価格DI,-,経営動向,-,変わらない,-,,6180
2019-01-01,販売価格DI,-,経営動向,-,やや増加,-,,1080
2019-01-01,販売価格DI,-,経営動向,-,かなり増加,-,,0
2019-02-01,販売価格DI,-,経営動向,-,かなり減少,-,,100
2019-02-01,販売価格DI,-,経営動向,-,やや減少,-,,2550
2019-02-01,販売価格DI,-,経営動向,-,変わらない,-,,5940
2019-02-01,販売価格DI,-,経営動向,-,やや増加,-,,1410
2019-02-01,販売価格DI,-,経営動向,-,かなり増加,-,,0
2019-03-01,販売価格DI,-,経営動向,-,かなり減少,-,,50
2019-03-01,販売価格DI,-,経営動向,-,やや減少,-,,2460
2019-03-01,販売価格DI,-,経営動向,-,変わらない,-,,5810
2019-03-01,販売価格DI,-,経営動向,-,やや増加,-,,1680
2019-03-01,販売価格DI,-,経営動向,-,かなり増加,-,,0
2019-04-01,販売価格DI,-,経営動向,-,かなり減少,-,,0
2019-04-01,販売価格DI,-,経営動向,-,やや減少,-,,1140
2019-04-01,販売価格DI,-,経営動向,-,変わらない,-,,5890
2019-04-01,販売価格DI,-,経営動向,-,やや増加,-,,2970
2019-04-01,販売価格DI,-,経営動向,-,かなり増加,-,,0
2019-05-01,販売価格DI,-,経営動向,-,かなり減少,-,,0
2019-05-01,販売価格DI,-,経営動向,-,やや減少,-,,1100
2019-05-01,販売価格DI,-,経営動向,-,変わらない,-,,6020
2019-05-01,販売価格DI,-,経営動向,-,やや増加,-,,2880
2019-05-01,販売価格DI,-,経営動向,-,かなり増加,-,,0
2019-06-01,販売価格DI,-,経営動向,-,かなり減少,-,,0
2019-06-01,販売価格DI,-,経営動向,-,やや減少,-,,1260
2019-06-01,販売価格DI,-,経営動向,-,変わらない,-,,5970
2019-06-01,販売価格DI,-,経営動向,-,やや増加,-,,2720
2019-06-01,販売価格DI,-,経営動向,-,かなり増加,-,,50
2019-07-01,販売価格DI,-,経営動向,-,かなり減少,-,,110
2019-07-01,販売価格DI,-,経営動向,-,やや減少,-,,1600
2019-07-01,販売価格DI,-,経営動向,-,変わらない,-,,5860
2019-07-01,販売価格DI,-,経営動向,-,やや増加,-,,2430
2019-07-01,販売価格DI,-,経営動向,-,かなり増加,-,,0
2019-08-01,販売価格DI,-,経営動向,-,かなり減少,-,,0
2019-08-01,販売価格DI,-,経営動向,-,やや減少,-,,1780
2019-08-01,販売価格DI,-,経営動向,-,変わらない,-,,5920
2019-08-01,販売価格DI,-,経営動向,-,やや増加,-,,2250
2019-08-01,販売価格DI,-,経営動向,-,かなり増加,-,,60
2019-09-01,販売価格DI,-,経営動向,-,かなり減少,-,,0
2019-09-01,販売価格DI,-,経営動向,-,やや減少,-,,1350
2019-09-01,販売価格DI,-,経営動向,-,変わらない,-,,6120
2019-09-01,販売価格DI,-,経営動向,-,やや増加,-,,2530
2019-09-01,販売価格DI,-,経営動向,-,かなり増加,-,,0
2019-10-01,販売価格DI,-,経営動向,-,かなり減少,-,,160
2019-10-01,販売価格DI,-,経営動向,-,やや減少,-,,2280
2019-10-01,販売価格DI,-,経営動向,-,変わらない,-,,5650
2019-10-01,販売価格DI,-,経営動向,-,やや増加,-,,1790
2019-10-01,販売価格DI,-,経営動向,-,かなり増加,-,,110
2019-11-01,販売価格DI,-,経営動向,-,かなり減少,-,,60
2019-11-01,販売価格DI,-,経営動向,-,やや減少,-,,1310
2019-11-01,販売価格DI,-,経営動向,-,変わらない,-,,6630
2019-11-01,販売価格DI,-,経営動向,-,やや増加,-,,1890
2019-11-01,販売価格DI,-,経営動向,-,かなり増加,-,,110
2019-12-01,販売価格DI,-,経営動向,-,かなり減少,-,,160
2019-12-01,販売価格DI,-,経営動向,-,やや減少,-,,1340
2019-12-01,販売価格DI,-,経営動向,-,変わらない,-,,6630
2019-12-01,販売価格DI,-,経営動向,-,やや増加,-,,1820
2019-12-01,販売価格DI,-,経営動向,-,かなり増加,-,,50
2020-01-01,販売価格DI,-,経営動向,-,かなり減少,-,,60
2020-01-01,販売価格DI,-,経営動向,-,やや減少,-,,1610
2020-01-01,販売価格DI,-,経営動向,-,変わらない,-,,6780
2020-01-01,販売価格DI,-,経営動向,-,やや増加,-,,1500
2020-01-01,販売価格DI,-,経営動向,-,かなり増加,-,,60
2020-02-01,販売価格DI,-,経営動向,-,かなり減少,-,,60
2020-02-01,販売価格DI,-,経営動向,-,やや減少,-,,1070
2020-02-01,販売価格DI,-,経営動向,-,変わらない,-,,6890
2020-02-01,販売価格DI,-,経営動向,-,やや増加,-,,1920
2020-02-01,販売価格DI,-,経営動向,-,かなり増加,-,,60
2020-03-01,販売価格DI,-,経営動向,-,かなり減少,-,,110
2020-03-01,販売価格DI,-,経営動向,-,やや減少,-,,660
2020-03-01,販売価格DI,-,経営動向,-,変わらない,-,,6560
2020-03-01,販売価格DI,-,経営動向,-,やや増加,-,,2190
2020-03-01,販売価格DI,-,経営動向,-,かなり増加,-,,490
2020-04-01,販売価格DI,-,経営動向,-,かなり減少,-,,60
2020-04-01,販売価格DI,-,経営動向,-,やや減少,-,,390
2020-04-01,販売価格DI,-,経営動向,-,変わらない,-,,5520
2020-04-01,販売価格DI,-,経営動向,-,やや増加,-,,3480
2020-04-01,販売価格DI,-,経営動向,-,かなり増加,-,,550
2020-05-01,販売価格DI,-,経営動向,-,かなり減少,-,,60
2020-05-01,販売価格DI,-,経営動向,-,やや減少,-,,290
2020-05-01,販売価格DI,-,経営動向,-,変わらない,-,,5460
2020-05-01,販売価格DI,-,経営動向,-,やや増加,-,,3220
2020-05-01,販売価格DI,-,経営動向,-,かなり増加,-,,980
2020-06-01,販売価格DI,-,経営動向,-,かなり減少,-,,50
2020-06-01,販売価格DI,-,経営動向,-,やや減少,-,,270
2020-06-01,販売価格DI,-,経営動向,-,変わらない,-,,5440
2020-06-01,販売価格DI,-,経営動向,-,やや増加,-,,3680
2020-06-01,販売価格DI,-,経営動向,-,かなり増加,-,,550
2020-07-01,販売価格DI,-,経営動向,-,かなり減少,-,,60
2020-07-01,販売価格DI,-,経営動向,-,やや減少,-,,220
2020-07-01,販売価格DI,-,経営動向,-,変わらない,-,,5080
2020-07-01,販売価格DI,-,経営動向,-,やや増加,-,,4200
2020-07-01,販売価格DI,-,経営動向,-,かなり増加,-,,440
2020-08-01,販売価格DI,-,経営動向,-,かなり減少,-,,50
2020-08-01,販売価格DI,-,経営動向,-,やや減少,-,,440
2020-08-01,販売価格DI,-,経営動向,-,変わらない,-,,5570
2020-08-01,販売価格DI,-,経営動向,-,やや増加,-,,3500
2020-08-01,販売価格DI,-,経営動向,-,かなり増加,-,,440
2020-09-01,販売価格DI,-,経営動向,-,かなり減少,-,,50
2020-09-01,販売価格DI,-,経営動向,-,やや減少,-,,760
2020-09-01,販売価格DI,-,経営動向,-,変わらない,-,,6200
2020-09-01,販売価格DI,-,経営動向,-,やや増加,-,,2660
2020-09-01,販売価格DI,-,経営動向,-,かなり増加,-,,330
2020-10-01,販売価格DI,-,経営動向,-,かなり減少,-,,60
2020-10-01,販売価格DI,-,経営動向,-,やや減少,-,,330
2020-10-01,販売価格DI,-,経営動向,-,変わらない,-,,6060
2020-10-01,販売価格DI,-,経営動向,-,やや増加,-,,3280
2020-10-01,販売価格DI,-,経営動向,-,かなり増加,-,,280
2020-11-01,販売価格DI,-,経営動向,-,かなり減少,-,,170
2020-11-01,販売価格DI,-,経営動向,-,やや減少,-,,1080
2020-11-01,販売価格DI,-,経営動向,-,変わらない,-,,6140
2020-11-01,販売価格DI,-,経営動向,-,やや増加,-,,2390
2020-11-01,販売価格DI,-,経営動向,-,かなり増加,-,,230
2020-12-01,販売価格DI,-,経営動向,-,かなり減少,-,,170
2020-12-01,販売価格DI,-,経営動向,-,やや減少,-,,1360
2020-12-01,販売価格DI,-,経営動向,-,変わらない,-,,6670
2020-12-01,販売価格DI,-,経営動向,-,やや増加,-,,1530
2020-12-01,販売価格DI,-,経営動向,-,かなり増加,-,,280
2021-01-01,販売価格DI,-,経営動向,-,かなり減少,-,,50
2021-01-01,販売価格DI,-,経営動向,-,やや減少,-,,1140
2021-01-01,販売価格DI,-,経営動向,-,変わらない,-,,6760
2021-01-01,販売価格DI,-,経営動向,-,やや増加,-,,1840
2021-01-01,販売価格DI,-,経営動向,-,かなり増加,-,,220
2021-02-01,販売価格DI,-,経営動向,-,かなり減少,-,,50
2021-02-01,販売価格DI,-,経営動向,-,やや減少,-,,1040
2021-02-01,販売価格DI,-,経営動向,-,変わらない,-,,6390
2021-02-01,販売価格DI,-,経営動向,-,やや増加,-,,2300
2021-02-01,販売価格DI,-,経営動向,-,かなり増加,-,,220
2021-03-01,販売価格DI,-,経営動向,-,かなり減少,-,,50
2021-03-01,販売価格DI,-,経営動向,-,やや減少,-,,1680
2021-03-01,販売価格DI,-,経営動向,-,変わらない,-,,6520
2021-03-01,販売価格DI,-,経営動向,-,やや増加,-,,1740
2021-03-01,販売価格DI,-,経営動向,-,かなり増加,-,,0
2021-04-01,販売価格DI,-,経営動向,-,かなり減少,-,,330
2021-04-01,販売価格DI,-,経営動向,-,やや減少,-,,2280
2021-04-01,販売価格DI,-,経営動向,-,変わらない,-,,6330
2021-04-01,販売価格DI,-,経営動向,-,やや増加,-,,1060
2021-04-01,販売価格DI,-,経営動向,-,かなり増加,-,,0
2021-05-01,販売価格DI,-,経営動向,-,かなり減少,-,,330
2021-05-01,販売価格DI,-,経営動向,-,やや減少,-,,1790
2021-05-01,販売価格DI,-,経営動向,-,変わらない,-,,6850
2021-05-01,販売価格DI,-,経営動向,-,やや増加,-,,1030
2021-05-01,販売価格DI,-,経営動向,-,かなり増加,-,,0
2021-06-01,販売価格DI,-,経営動向,-,かなり減少,-,,400
2021-06-01,販売価格DI,-,経営動向,-,やや減少,-,,1930
2021-06-01,販売価格DI,-,経営動向,-,変わらない,-,,6420
2021-06-01,販売価格DI,-,経営動向,-,やや増加,-,,1250
2021-06-01,販売価格DI,-,経営動向,-,かなり増加,-,,0
2021-07-01,販売価格DI,-,経営動向,-,かなり減少,-,,170
2021-07-01,販売価格DI,-,経営動向,-,やや減少,-,,1840
2021-07-01,販売価格DI,-,経営動向,-,変わらない,-,,6650
2021-07-01,販売価格DI,-,経営動向,-,やや増加,-,,1340
2021-07-01,販売価格DI,-,経営動向,-,かなり増加,-,,0
2021-08-01,販売価格DI,-,経営動向,-,かなり減少,-,,50
2021-08-01,販売価格DI,-,経営動向,-,やや減少,-,,1620
2021-08-01,販売価格DI,-,経営動向,-,変わらない,-,,6760
2021-08-01,販売価格DI,-,経営動向,-,やや増加,-,,1510
2021-08-01,販売価格DI,-,経営動向,-,かなり増加,-,,50
2021-09-01,販売価格DI,-,経営動向,-,かなり減少,-,,0
2021-09-01,販売価格DI,-,経営動向,-,やや減少,-,,1030
2021-09-01,販売価格DI,-,経営動向,-,変わらない,-,,5950
2021-09-01,販売価格DI,-,経営動向,-,やや増加,-,,3030
2021-09-01,販売価格DI,-,経営動向,-,かなり増加,-,,0
2021-10-01,販売価格DI,-,経営動向,-,かなり減少,-,,0
2021-10-01,販売価格DI,-,経営動向,-,やや減少,-,,1080
2021-10-01,販売価格DI,-,経営動向,-,変わらない,-,,6190
2021-10-01,販売価格DI,-,経営動向,-,やや増加,-,,2670
2021-10-01,販売価格DI,-,経営動向,-,かなり増加,-,,60
2021-11-01,販売価格DI,-,経営動向,-,かなり減少,-,,0
2021-11-01,販売価格DI,-,経営動向,-,やや減少,-,,1060
2021-11-01,販売価格DI,-,経営動向,-,変わらない,-,,6000
2021-11-01,販売価格DI,-,経営動向,-,やや増加,-,,2940
2021-11-01,販売価格DI,-,経営動向,-,かなり増加,-,,0
2021-12-01,販売価格DI,-,経営動向,-,かなり減少,-,,60
2021-12-01,販売価格DI,-,経営動向,-,やや減少,-,,550
2021-12-01,販売価格DI,-,経営動向,-,変わらない,-,,5360
2021-12-01,販売価格DI,-,経営動向,-,やや増加,-,,3980
2021-12-01,販売価格DI,-,経営動向,-,かなり増加,-,,60
2022-01-01,販売価格DI,-,経営動向,-,かなり減少,-,,0
2022-01-01,販売価格DI,-,経営動向,-,やや減少,-,,560
2022-01-01,販売価格DI,-,経営動向,-,変わらない,-,,4330
2022-01-01,販売価格DI,-,経営動向,-,やや増加,-,,5110
2022-01-01,販売価格DI,-,経営動向,-,かなり増加,-,,0
2022-02-01,販売価格DI,-,経営動向,-,かなり減少,-,,0
2022-02-01,販売価格DI,-,経営動向,-,やや減少,-,,60
2022-02-01,販売価格DI,-,経営動向,-,変わらない,-,,4290
2022-02-01,販売価格DI,-,経営動向,-,やや増加,-,,5540
2022-02-01,販売価格DI,-,経営動向,-,かなり増加,-,,120
2022-03-01,販売価格DI,-,経営動向,-,かなり減少,-,,0
2022-03-01,販売価格DI,-,経営動向,-,やや減少,-,,120
2022-03-01,販売価格DI,-,経営動向,-,変わらない,-,,3580
2022-03-01,販売価格DI,-,経営動向,-,やや増加,-,,5780
2022-03-01,販売価格DI,-,経営動向,-,かなり増加,-,,520
2022-04-01,販売価格DI,-,経営動向,-,かなり減少,-,,0
2022-04-01,販売価格DI,-,経営動向,-,やや減少,-,,270
2022-04-01,販売価格DI,-,経営動向,-,変わらない,-,,2840
2022-04-01,販売価格DI,-,経営動向,-,やや増加,-,,6170
2022-04-01,販売価格DI,-,経営動向,-,かなり増加,-,,710
2022-05-01,販売価格DI,-,経営動向,-,かなり減少,-,,60
2022-05-01,販売価格DI,-,経営動向,-,やや減少,-,,350
2022-05-01,販売価格DI,-,経営動向,-,変わらない,-,,2830
2022-05-01,販売価格DI,-,経営動向,-,やや増加,-,,5950
2022-05-01,販売価格DI,-,経営動向,-,かなり増加,-,,810
2022-06-01,販売価格DI,-,経営動向,-,かなり減少,-,,0
2022-06-01,販売価格DI,-,経営動向,-,やや減少,-,,220
2022-06-01,販売価格DI,-,経営動向,-,変わらない,-,,2320
2022-06-01,販売価格DI,-,経営動向,-,やや増加,-,,6800
2022-06-01,販売価格DI,-,経営動向,-,かなり増加,-,,660
2022-07-01,販売価格DI,-,経営動向,-,かなり減少,-,,0
2022-07-01,販売価格DI,-,経営動向,-,やや減少,-,,170
2022-07-01,販売価格DI,-,経営動向,-,変わらない,-,,2510
2022-07-01,販売価格DI,-,経営動向,-,やや増加,-,,6630
2022-07-01,販売価格DI,-,経営動向,-,かなり増加,-,,690
2022-08-01,販売価格DI,-,経営動向,-,かなり減少,-,,60
2022-08-01,販売価格DI,-,経営動向,-,やや減少,-,,290
2022-08-01,販売価格DI,-,経営動向,-,変わらない,-,,1840
2022-08-01,販売価格DI,-,経営動向,-,やや増加,-,,7010
2022-08-01,販売価格DI,-,経営動向,-,かなり増加,-,,800
2022-09-01,販売価格DI,-,経営動向,-,かなり減少,-,,60
2022-09-01,販売価格DI,-,経営動向,-,やや減少,-,,170
2022-09-01,販売価格DI,-,経営動向,-,変わらない,-,,2280
2022-09-01,販売価格DI,-,経営動向,-,やや増加,-,,6610
2022-09-01,販売価格DI,-,経営動向,-,かなり増加,-,,890
2022-10-01,販売価格DI,-,経営動向,-,かなり減少,-,,0
2022-10-01,販売価格DI,-,経営動向,-,やや減少,-,,170
2022-10-01,販売価格DI,-,経営動向,-,変わらない,-,,1410
2022-10-01,販売価格DI,-,経営動向,-,やや増加,-,,7010
2022-10-01,販売価格DI,-,経営動向,-,かなり増加,-,,1410
2022-11-01,販売価格DI,-,経営動向,-,かなり減少,-,,0
2022-11-01,販売価格DI,-,経営動向,-,やや減少,-,,170
2022-11-01,販売価格DI,-,経営動向,-,変わらない,-,,1140
2022-11-01,販売価格DI,-,経営動向,-,やや増加,-,,7310
2022-11-01,販売価格DI,-,経営動向,-,かなり増加,-,,1370
2022-12-01,販売価格DI,-,経営動向,-,かなり減少,-,,0
2022-12-01,販売価格DI,-,経営動向,-,やや減少,-,,170
2022-12-01,販売価格DI,-,経営動向,-,変わらない,-,,1160
2022-12-01,販売価格DI,-,経営動向,-,やや増加,-,,7400
2022-12-01,販売価格DI,-,経営動向,-,かなり増加,-,,1270
2023-01-01,販売価格DI,-,経営動向,-,かなり減少,-,,0
2023-01-01,販売価格DI,-,経営動向,-,やや減少,-,,110
2023-01-01,販売価格DI,-,経営動向,-,変わらない,-,,1030
2023-01-01,販売価格DI,-,経営動向,-,やや増加,-,,7620
2023-01-01,販売価格DI,-,経営動向,-,かなり増加,-,,1240
2023-02-01,販売価格DI,-,経営動向,-,かなり減少,-,,0
2023-02-01,販売価格DI,-,経営動向,-,やや減少,-,,220
2023-02-01,販売価格DI,-,経営動向,-,変わらない,-,,1160
2023-02-01,販売価格DI,-,経営動向,-,やや増加,-,,7070
2023-02-01,販売価格DI,-,経営動向,-,かなり増加,-,,1550
2023-03-01,販売価格DI,-,経営動向,-,かなり減少,-,,0
2023-03-01,販売価格DI,-,経営動向,-,やや減少,-,,160
2023-03-01,販売価格DI,-,経営動向,-,変わらない,-,,1100
2023-03-01,販売価格DI,-,経営動向,-,やや増加,-,,7360
2023-03-01,販売価格DI,-,経営動向,-,かなり増加,-,,1370
2023-04-01,販売価格DI,-,経営動向,-,かなり減少,-,,0
2023-04-01,販売価格DI,-,経営動向,-,やや減少,-,,60
2023-04-01,販売価格DI,-,経営動向,-,変わらない,-,,1540
2023-04-01,販売価格DI,-,経営動向,-,やや増加,-,,6800
2023-04-01,販売価格DI,-,経営動向,-,かなり増加,-,,1600
2023-05-01,販売価格DI,-,経営動向,-,かなり減少,-,,60
2023-05-01,販売価格DI,-,経営動向,-,やや減少,-,,110
2023-05-01,販売価格DI,-,経営動向,-,変わらない,-,,1190
2023-05-01,販売価格DI,-,経営動向,-,やや増加,-,,7120
2023-05-01,販売価格DI,-,経営動向,-,かなり増加,-,,1530
2023-06-01,販売価格DI,-,経営動向,-,かなり減少,-,,0
2023-06-01,販売価格DI,-,経営動向,-,やや減少,-,,110
2023-06-01,販売価格DI,-,経営動向,-,変わらない,-,,1140
2023-06-01,販売価格DI,-,経営動向,-,やや増加,-,,7260
2023-06-01,販売価格DI,-,経営動向,-,かなり増加,-,,1490
2023-07-01,販売価格DI,-,経営動向,-,かなり減少,-,,0
2023-07-01,販売価格DI,-,経営動向,-,やや減少,-,,0
2023-07-01,販売価格DI,-,経営動向,-,変わらない,-,,1130
2023-07-01,販売価格DI,-,経営動向,-,やや増加,-,,7510
2023-07-01,販売価格DI,-,経営動向,-,かなり増加,-,,1360
2023-08-01,販売価格DI,-,経営動向,-,かなり減少,-,,0
2023-08-01,販売価格DI,-,経営動向,-,やや減少,-,,50
2023-08-01,販売価格DI,-,経営動向,-,変わらない,-,,1200
2023-08-01,販売価格DI,-,経営動向,-,やや増加,-,,7050
2023-08-01,販売価格DI,-,経営動向,-,かなり増加,-,,1690
2023-09-01,販売価格DI,-,経営動向,-,かなり減少,-,,0
2023-09-01,販売価格DI,-,経営動向,-,やや減少,-,,170
2023-09-01,販売価格DI,-,経営動向,-,変わらない,-,,860
2023-09-01,販売価格DI,-,経営動向,-,やや増加,-,,7140
2023-09-01,販売価格DI,-,経営動向,-,かなり増加,-,,1830
2023-10-01,販売価格DI,-,経営動向,-,かなり減少,-,,0
2023-10-01,販売価格DI,-,経営動向,-,やや減少,-,,60
2023-10-01,販売価格DI,-,経営動向,-,変わらない,-,,1360
2023-10-01,販売価格DI,-,経営動向,-,やや増加,-,,6800
2023-10-01,販売価格DI,-,経営動向,-,かなり増加,-,,1780
2023-11-01,販売価格DI,-,経営動向,-,かなり減少,-,,0
2023-11-01,販売価格DI,-,経営動向,-,やや減少,-,,170
2023-11-01,販売価格DI,-,経営動向,-,変わらない,-,,1520
2023-11-01,販売価格DI,-,経営動向,-,やや増加,-,,6910
2023-11-01,販売価格DI,-,経営動向,-,かなり増加,-,,1400
2023-12-01,販売価格DI,-,経営動向,-,かなり減少,-,,0
2023-12-01,販売価格DI,-,経営動向,-,やや減少,-,,0
2023-12-01,販売価格DI,-,経営動向,-,変わらない,-,,1800
2023-12-01,販売価格DI,-,経営動向,-,やや増加,-,,6850
2023-12-01,販売価格DI,-,経営動向,-,かなり増加,-,,1350
2024-01-01,販売価格DI,-,経営動向,-,かなり減少,-,,60
2024-01-01,販売価格DI,-,経営動向,-,やや減少,-,,60
2024-01-01,販売価格DI,-,経営動向,-,変わらない,-,,2590
2024-01-01,販売価格DI,-,経営動向,-,やや増加,-,,6440
2024-01-01,販売価格DI,-,経営動向,-,かなり増加,-,,860
2024-02-01,販売価格DI,-,経営動向,-,かなり減少,-,,0
2024-02-01,販売価格DI,-,経営動向,-,やや減少,-,,110
2024-02-01,販売価格DI,-,経営動向,-,変わらない,-,,2360
2024-02-01,販売価格DI,-,経営動向,-,やや増加,-,,6840
2024-02-01,販売価格DI,-,経営動向,-,かなり増加,-,,690
2024-03-01,販売価格DI,-,経営動向,-,かなり減少,-,,0
2024-03-01,販売価格DI,-,経営動向,-,やや減少,-,,110
2024-03-01,販売価格DI,-,経営動向,-,変わらない,-,,1950
2024-03-01,販売価格DI,-,経営動向,-,やや増加,-,,7010
2024-03-01,販売価格DI,-,経営動向,-,かなり増加,-,,920
2024-04-01,販売価格DI,-,経営動向,-,かなり減少,-,,0
2024-04-01,販売価格DI,-,経営動向,-,やや減少,-,,60
2024-04-01,販売価格DI,-,経営動向,-,変わらない,-,,2280
2024-04-01,販売価格DI,-,経営動向,-,やや増加,-,,6730
2024-04-01,販売価格DI,-,経営動向,-,かなり増加,-,,930
2024-05-01,販売価格DI,-,経営動向,-,かなり減少,-,,0
2024-05-01,販売価格DI,-,経営動向,-,やや減少,-,,230
2024-05-01,販売価格DI,-,経営動向,-,変わらない,-,,2200
2024-05-01,販売価格DI,-,経営動向,-,やや増加,-,,6990
2024-05-01,販売価格DI,-,経営動向,-,かなり増加,-,,580
2024-06-01,販売価格DI,-,経営動向,-,かなり減少,-,,0
2024-06-01,販売価格DI,-,経営動向,-,やや減少,-,,110
2024-06-01,販売価格DI,-,経営動向,-,変わらない,-,,2820
2024-06-01,販売価格DI,-,経営動向,-,やや増加,-,,6490
2024-06-01,販売価格DI,-,経営動向,-,かなり増加,-,,570
2024-07-01,販売価格DI,-,経営動向,-,かなり減少,-,,0
2024-07-01,販売価格DI,-,経営動向,-,やや減少,-,,290
2024-07-01,販売価格DI,-,経営動向,-,変わらない,-,,2800
2024-07-01,販売価格DI,-,経営動向,-,やや増加,-,,6690
2024-07-01,販売価格DI,-,経営動向,-,かなり増加,-,,230
2024-08-01,販売価格DI,-,経営動向,-,かなり減少,-,,0
2024-08-01,販売価格DI,-,経営動向,-,やや減少,-,,60
2024-08-01,販売価格DI,-,経営動向,-,変わらない,-,,2570
2024-08-01,販売価格DI,-,経営動向,-,やや増加,-,,6670
2024-08-01,販売価格DI,-,経営動向,-,かなり増加,-,,700
2024-09-01,販売価格DI,-,経営動向,-,かなり減少,-,,0
2024-09-01,販売価格DI,-,経営動向,-,やや減少,-,,310
2024-09-01,販売価格DI,-,経営動向,-,変わらない,-,,2550
2024-09-01,販売価格DI,-,経営動向,-,やや増加,-,,6650
2024-09-01,販売価格DI,-,経営動向,-,かなり増加,-,,500
2011-04-01,客単価DI,-,経営動向,-,かなり減少,-,,550
2011-04-01,客単価DI,-,経営動向,-,やや減少,-,,4320
2011-04-01,客単価DI,-,経営動向,-,変わらない,-,,3100
2011-04-01,客単価DI,-,経営動向,-,やや増加,-,,1940
2011-04-01,客単価DI,-,経営動向,-,かなり増加,-,,100
2011-05-01,客単価DI,-,経営動向,-,かなり減少,-,,260
2011-05-01,客単価DI,-,経営動向,-,やや減少,-,,4500
2011-05-01,客単価DI,-,経営動向,-,変わらない,-,,3510
2011-05-01,客単価DI,-,経営動向,-,やや増加,-,,1630
2011-05-01,客単価DI,-,経営動向,-,かなり増加,-,,100
2011-06-01,客単価DI,-,経営動向,-,かなり減少,-,,270
2011-06-01,客単価DI,-,経営動向,-,やや減少,-,,3640
2011-06-01,客単価DI,-,経営動向,-,変わらない,-,,3870
2011-06-01,客単価DI,-,経営動向,-,やや増加,-,,2090
2011-06-01,客単価DI,-,経営動向,-,かなり増加,-,,130
2011-07-01,客単価DI,-,経営動向,-,かなり減少,-,,160
2011-07-01,客単価DI,-,経営動向,-,やや減少,-,,2690
2011-07-01,客単価DI,-,経営動向,-,変わらない,-,,4520
2011-07-01,客単価DI,-,経営動向,-,やや増加,-,,2460
2011-07-01,客単価DI,-,経営動向,-,かなり増加,-,,160
2011-08-01,客単価DI,-,経営動向,-,かなり減少,-,,220
2011-08-01,客単価DI,-,経営動向,-,やや減少,-,,3480
2011-08-01,客単価DI,-,経営動向,-,変わらない,-,,3930
2011-08-01,客単価DI,-,経営動向,-,やや増加,-,,2200
2011-08-01,客単価DI,-,経営動向,-,かなり増加,-,,160
2011-09-01,客単価DI,-,経営動向,-,かなり減少,-,,350
2011-09-01,客単価DI,-,経営動向,-,やや減少,-,,3260
2011-09-01,客単価DI,-,経営動向,-,変わらない,-,,4240
2011-09-01,客単価DI,-,経営動向,-,やや増加,-,,2080
2011-09-01,客単価DI,-,経営動向,-,かなり増加,-,,70
2011-10-01,客単価DI,-,経営動向,-,かなり減少,-,,200
2011-10-01,客単価DI,-,経営動向,-,やや減少,-,,3800
2011-10-01,客単価DI,-,経営動向,-,変わらない,-,,3630
2011-10-01,客単価DI,-,経営動向,-,やや増加,-,,2270
2011-10-01,客単価DI,-,経営動向,-,かなり増加,-,,100
2011-11-01,客単価DI,-,経営動向,-,かなり減少,-,,310
2011-11-01,客単価DI,-,経営動向,-,やや減少,-,,4340
2011-11-01,客単価DI,-,経営動向,-,変わらない,-,,3630
2011-11-01,客単価DI,-,経営動向,-,やや増加,-,,1690
2011-11-01,客単価DI,-,経営動向,-,かなり増加,-,,30
2011-12-01,客単価DI,-,経営動向,-,かなり減少,-,,110
2011-12-01,客単価DI,-,経営動向,-,やや減少,-,,3350
2011-12-01,客単価DI,-,経営動向,-,変わらない,-,,3350
2011-12-01,客単価DI,-,経営動向,-,やや増加,-,,3060
2011-12-01,客単価DI,-,経営動向,-,かなり増加,-,,140
2012-01-01,客単価DI,-,経営動向,-,かなり減少,-,,120
2012-01-01,客単価DI,-,経営動向,-,やや減少,-,,3490
2012-01-01,客単価DI,-,経営動向,-,変わらない,-,,4360
2012-01-01,客単価DI,-,経営動向,-,やや増加,-,,1990
2012-01-01,客単価DI,-,経営動向,-,かなり増加,-,,30
2012-02-01,客単価DI,-,経営動向,-,かなり減少,-,,170
2012-02-01,客単価DI,-,経営動向,-,やや減少,-,,2780
2012-02-01,客単価DI,-,経営動向,-,変わらない,-,,4350
2012-02-01,客単価DI,-,経営動向,-,やや増加,-,,2610
2012-02-01,客単価DI,-,経営動向,-,かなり増加,-,,100
2012-03-01,客単価DI,-,経営動向,-,かなり減少,-,,710
2012-03-01,客単価DI,-,経営動向,-,やや減少,-,,3910
2012-03-01,客単価DI,-,経営動向,-,変わらない,-,,4050
2012-03-01,客単価DI,-,経営動向,-,やや増加,-,,1290
2012-03-01,客単価DI,-,経営動向,-,かなり増加,-,,30
2012-04-01,客単価DI,-,経営動向,-,かなり減少,-,,300
2012-04-01,客単価DI,-,経営動向,-,やや減少,-,,3130
2012-04-01,客単価DI,-,経営動向,-,変わらない,-,,3980
2012-04-01,客単価DI,-,経営動向,-,やや増加,-,,2470
2012-04-01,客単価DI,-,経営動向,-,かなり増加,-,,130
2012-05-01,客単価DI,-,経営動向,-,かなり減少,-,,270
2012-05-01,客単価DI,-,経営動向,-,やや減少,-,,3460
2012-05-01,客単価DI,-,経営動向,-,変わらない,-,,4550
2012-05-01,客単価DI,-,経営動向,-,やや増加,-,,1730
2012-05-01,客単価DI,-,経営動向,-,かなり増加,-,,0
2012-06-01,客単価DI,-,経営動向,-,かなり減少,-,,200
2012-06-01,客単価DI,-,経営動向,-,やや減少,-,,3500
2012-06-01,客単価DI,-,経営動向,-,変わらない,-,,4440
2012-06-01,客単価DI,-,経営動向,-,やや増加,-,,1820
2012-06-01,客単価DI,-,経営動向,-,かなり増加,-,,30
2012-07-01,客単価DI,-,経営動向,-,かなり減少,-,,410
2012-07-01,客単価DI,-,経営動向,-,やや減少,-,,4160
2012-07-01,客単価DI,-,経営動向,-,変わらない,-,,4160
2012-07-01,客単価DI,-,経営動向,-,やや増加,-,,1280
2012-07-01,客単価DI,-,経営動向,-,かなり増加,-,,0
2012-08-01,客単価DI,-,経営動向,-,かなり減少,-,,310
2012-08-01,客単価DI,-,経営動向,-,やや減少,-,,3830
2012-08-01,客単価DI,-,経営動向,-,変わらない,-,,4250
2012-08-01,客単価DI,-,経営動向,-,やや増加,-,,1500
2012-08-01,客単価DI,-,経営動向,-,かなり増加,-,,100
2012-09-01,客単価DI,-,経営動向,-,かなり減少,-,,390
2012-09-01,客単価DI,-,経営動向,-,やや減少,-,,4470
2012-09-01,客単価DI,-,経営動向,-,変わらない,-,,4080
2012-09-01,客単価DI,-,経営動向,-,やや増加,-,,990
2012-09-01,客単価DI,-,経営動向,-,かなり増加,-,,70
2012-10-01,客単価DI,-,経営動向,-,かなり減少,-,,470
2012-10-01,客単価DI,-,経営動向,-,やや減少,-,,4620
2012-10-01,客単価DI,-,経営動向,-,変わらない,-,,4110
2012-10-01,客単価DI,-,経営動向,-,やや増加,-,,760
2012-10-01,客単価DI,-,経営動向,-,かなり増加,-,,40
2012-11-01,客単価DI,-,経営動向,-,かなり減少,-,,370
2012-11-01,客単価DI,-,経営動向,-,やや減少,-,,3420
2012-11-01,客単価DI,-,経営動向,-,変わらない,-,,4520
2012-11-01,客単価DI,-,経営動向,-,やや増加,-,,1650
2012-11-01,客単価DI,-,経営動向,-,かなり増加,-,,40
2012-12-01,客単価DI,-,経営動向,-,かなり減少,-,,180
2012-12-01,客単価DI,-,経営動向,-,やや減少,-,,3060
2012-12-01,客単価DI,-,経営動向,-,変わらない,-,,4500
2012-12-01,客単価DI,-,経営動向,-,やや増加,-,,2190
2012-12-01,客単価DI,-,経営動向,-,かなり増加,-,,70
2013-01-01,客単価DI,-,経営動向,-,かなり減少,-,,330
2013-01-01,客単価DI,-,経営動向,-,やや減少,-,,3420
2013-01-01,客単価DI,-,経営動向,-,変わらない,-,,4870
2013-01-01,客単価DI,-,経営動向,-,やや増加,-,,1380
2013-01-01,客単価DI,-,経営動向,-,かなり増加,-,,0
2013-02-01,客単価DI,-,経営動向,-,かなり減少,-,,450
2013-02-01,客単価DI,-,経営動向,-,やや減少,-,,4200
2013-02-01,客単価DI,-,経営動向,-,変わらない,-,,4500
2013-02-01,客単価DI,-,経営動向,-,やや増加,-,,860
2013-02-01,客単価DI,-,経営動向,-,かなり増加,-,,0
2013-03-01,客単価DI,-,経営動向,-,かなり減少,-,,270
2013-03-01,客単価DI,-,経営動向,-,やや減少,-,,4370
2013-03-01,客単価DI,-,経営動向,-,変わらない,-,,3760
2013-03-01,客単価DI,-,経営動向,-,やや増加,-,,1560
2013-03-01,客単価DI,-,経営動向,-,かなり増加,-,,40
2013-04-01,客単価DI,-,経営動向,-,かなり減少,-,,530
2013-04-01,客単価DI,-,経営動向,-,やや減少,-,,4250
2013-04-01,客単価DI,-,経営動向,-,変わらない,-,,4320
2013-04-01,客単価DI,-,経営動向,-,やや増加,-,,900
2013-04-01,客単価DI,-,経営動向,-,かなり増加,-,,0
2013-05-01,客単価DI,-,経営動向,-,かなり減少,-,,230
2013-05-01,客単価DI,-,経営動向,-,やや減少,-,,4030
2013-05-01,客単価DI,-,経営動向,-,変わらない,-,,4410
2013-05-01,客単価DI,-,経営動向,-,やや増加,-,,1330
2013-05-01,客単価DI,-,経営動向,-,かなり増加,-,,0
2013-06-01,客単価DI,-,経営動向,-,かなり減少,-,,150
2013-06-01,客単価DI,-,経営動向,-,やや減少,-,,2880
2013-06-01,客単価DI,-,経営動向,-,変わらない,-,,4810
2013-06-01,客単価DI,-,経営動向,-,やや増加,-,,2120
2013-06-01,客単価DI,-,経営動向,-,かなり増加,-,,40
2013-07-01,客単価DI,-,経営動向,-,かなり減少,-,,110
2013-07-01,客単価DI,-,経営動向,-,やや減少,-,,2830
2013-07-01,客単価DI,-,経営動向,-,変わらない,-,,5020
2013-07-01,客単価DI,-,経営動向,-,やや増加,-,,2040
2013-07-01,客単価DI,-,経営動向,-,かなり増加,-,,0
2013-08-01,客単価DI,-,経営動向,-,かなり減少,-,,80
2013-08-01,客単価DI,-,経営動向,-,やや減少,-,,2100
2013-08-01,客単価DI,-,経営動向,-,変わらない,-,,4610
2013-08-01,客単価DI,-,経営動向,-,やや増加,-,,3090
2013-08-01,客単価DI,-,経営動向,-,かなり増加,-,,120
2013-09-01,客単価DI,-,経営動向,-,かなり減少,-,,40
2013-09-01,客単価DI,-,経営動向,-,やや減少,-,,1710
2013-09-01,客単価DI,-,経営動向,-,変わらない,-,,4060
2013-09-01,客単価DI,-,経営動向,-,やや増加,-,,4100
2013-09-01,客単価DI,-,経営動向,-,かなり増加,-,,80
2013-10-01,客単価DI,-,経営動向,-,かなり減少,-,,40
2013-10-01,客単価DI,-,経営動向,-,やや減少,-,,1420
2013-10-01,客単価DI,-,経営動向,-,変わらない,-,,4040
2013-10-01,客単価DI,-,経営動向,-,やや増加,-,,4270
2013-10-01,客単価DI,-,経営動向,-,かなり増加,-,,230
2013-11-01,客単価DI,-,経営動向,-,かなり減少,-,,0
2013-11-01,客単価DI,-,経営動向,-,やや減少,-,,1330
2013-11-01,客単価DI,-,経営動向,-,変わらない,-,,3880
2013-11-01,客単価DI,-,経営動向,-,やや増加,-,,4710
2013-11-01,客単価DI,-,経営動向,-,かなり増加,-,,80
2013-12-01,客単価DI,-,経営動向,-,かなり減少,-,,80
2013-12-01,客単価DI,-,経営動向,-,やや減少,-,,1780
2013-12-01,客単価DI,-,経営動向,-,変わらない,-,,3840
2013-12-01,客単価DI,-,経営動向,-,やや増加,-,,4190
2013-12-01,客単価DI,-,経営動向,-,かなり増加,-,,120
2014-01-01,客単価DI,-,経営動向,-,かなり減少,-,,170
2014-01-01,客単価DI,-,経営動向,-,やや減少,-,,1990
2014-01-01,客単価DI,-,経営動向,-,変わらない,-,,4150
2014-01-01,客単価DI,-,経営動向,-,やや増加,-,,3650
2014-01-01,客単価DI,-,経営動向,-,かなり増加,-,,40
2014-02-01,客単価DI,-,経営動向,-,かなり減少,-,,120
2014-02-01,客単価DI,-,経営動向,-,やや減少,-,,870
2014-02-01,客単価DI,-,経営動向,-,変わらない,-,,4020
2014-02-01,客単価DI,-,経営動向,-,やや増加,-,,4650
2014-02-01,客単価DI,-,経営動向,-,かなり増加,-,,330
2014-03-01,客単価DI,-,経営動向,-,かなり減少,-,,0
2014-03-01,客単価DI,-,経営動向,-,やや減少,-,,580
2014-03-01,客単価DI,-,経営動向,-,変わらない,-,,1810
2014-03-01,客単価DI,-,経営動向,-,やや増加,-,,5760
2014-03-01,客単価DI,-,経営動向,-,かなり増加,-,,1850
2014-04-01,客単価DI,-,経営動向,-,かなり減少,-,,240
2014-04-01,客単価DI,-,経営動向,-,やや減少,-,,3390
2014-04-01,客単価DI,-,経営動向,-,変わらない,-,,3390
2014-04-01,客単価DI,-,経営動向,-,やや増加,-,,2900
2014-04-01,客単価DI,-,経営動向,-,かなり増加,-,,80
2014-05-01,客単価DI,-,経営動向,-,かなり減少,-,,40
2014-05-01,客単価DI,-,経営動向,-,やや減少,-,,1890
2014-05-01,客単価DI,-,経営動向,-,変わらない,-,,3250
2014-05-01,客単価DI,-,経営動向,-,やや増加,-,,4740
2014-05-01,客単価DI,-,経営動向,-,かなり増加,-,,90
2014-06-01,客単価DI,-,経営動向,-,かなり減少,-,,130
2014-06-01,客単価DI,-,経営動向,-,やや減少,-,,1670
2014-06-01,客単価DI,-,経営動向,-,変わらない,-,,3030
2014-06-01,客単価DI,-,経営動向,-,やや増加,-,,4830
2014-06-01,客単価DI,-,経営動向,-,かなり増加,-,,340
2014-07-01,客単価DI,-,経営動向,-,かなり減少,-,,90
2014-07-01,客単価DI,-,経営動向,-,やや減少,-,,1630
2014-07-01,客単価DI,-,経営動向,-,変わらない,-,,3090
2014-07-01,客単価DI,-,経営動向,-,やや増加,-,,4980
2014-07-01,客単価DI,-,経営動向,-,かなり増加,-,,210
2014-08-01,客単価DI,-,経営動向,-,かなり減少,-,,40
2014-08-01,客単価DI,-,経営動向,-,やや減少,-,,1400
2014-08-01,客単価DI,-,経営動向,-,変わらない,-,,2720
2014-08-01,客単価DI,-,経営動向,-,やや増加,-,,5510
2014-08-01,客単価DI,-,経営動向,-,かなり増加,-,,330
2014-09-01,客単価DI,-,経営動向,-,かなり減少,-,,140
2014-09-01,客単価DI,-,経営動向,-,やや減少,-,,1790
2014-09-01,客単価DI,-,経営動向,-,変わらない,-,,3490
2014-09-01,客単価DI,-,経営動向,-,やや増加,-,,4500
2014-09-01,客単価DI,-,経営動向,-,かなり増加,-,,90
2014-10-01,客単価DI,-,経営動向,-,かなり減少,-,,320
2014-10-01,客単価DI,-,経営動向,-,やや減少,-,,1540
2014-10-01,客単価DI,-,経営動向,-,変わらない,-,,3570
2014-10-01,客単価DI,-,経営動向,-,やや増加,-,,4430
2014-10-01,客単価DI,-,経営動向,-,かなり増加,-,,140
2014-11-01,客単価DI,-,経営動向,-,かなり減少,-,,190
2014-11-01,客単価DI,-,経営動向,-,やや減少,-,,2230
2014-11-01,客単価DI,-,経営動向,-,変わらない,-,,3950
2014-11-01,客単価DI,-,経営動向,-,やや増加,-,,3440
2014-11-01,客単価DI,-,経営動向,-,かなり増加,-,,190
2014-12-01,客単価DI,-,経営動向,-,かなり減少,-,,0
2014-12-01,客単価DI,-,経営動向,-,やや減少,-,,1530
2014-12-01,客単価DI,-,経営動向,-,変わらない,-,,3420
2014-12-01,客単価DI,-,経営動向,-,やや増加,-,,4800
2014-12-01,客単価DI,-,経営動向,-,かなり増加,-,,260
2015-01-01,客単価DI,-,経営動向,-,かなり減少,-,,50
2015-01-01,客単価DI,-,経営動向,-,やや減少,-,,1940
2015-01-01,客単価DI,-,経営動向,-,変わらない,-,,3240
2015-01-01,客単価DI,-,経営動向,-,やや増加,-,,4590
2015-01-01,客単価DI,-,経営動向,-,かなり増加,-,,180
2015-02-01,客単価DI,-,経営動向,-,かなり減少,-,,400
2015-02-01,客単価DI,-,経営動向,-,やや減少,-,,2110
2015-02-01,客単価DI,-,経営動向,-,変わらない,-,,4040
2015-02-01,客単価DI,-,経営動向,-,やや増加,-,,3320
2015-02-01,客単価DI,-,経営動向,-,かなり増加,-,,130
2015-03-01,客単価DI,-,経営動向,-,かなり減少,-,,1110
2015-03-01,客単価DI,-,経営動向,-,やや減少,-,,3730
2015-03-01,客単価DI,-,経営動向,-,変わらない,-,,2930
2015-03-01,客単価DI,-,経営動向,-,やや増加,-,,2220
2015-03-01,客単価DI,-,経営動向,-,かなり増加,-,,0
2015-04-01,客単価DI,-,経営動向,-,かなり減少,-,,40
2015-04-01,客単価DI,-,経営動向,-,やや減少,-,,930
2015-04-01,客単価DI,-,経営動向,-,変わらない,-,,2800
2015-04-01,客単価DI,-,経営動向,-,やや増加,-,,5910
2015-04-01,客単価DI,-,経営動向,-,かなり増加,-,,310
2015-05-01,客単価DI,-,経営動向,-,かなり減少,-,,0
2015-05-01,客単価DI,-,経営動向,-,やや減少,-,,670
2015-05-01,客単価DI,-,経営動向,-,変わらない,-,,3160
2015-05-01,客単価DI,-,経営動向,-,やや増加,-,,6000
2015-05-01,客単価DI,-,経営動向,-,かなり増加,-,,180
2015-06-01,客単価DI,-,経営動向,-,かなり減少,-,,0
2015-06-01,客単価DI,-,経営動向,-,やや減少,-,,1480
2015-06-01,客単価DI,-,経営動向,-,変わらない,-,,3700
2015-06-01,客単価DI,-,経営動向,-,やや増加,-,,4770
2015-06-01,客単価DI,-,経営動向,-,かなり増加,-,,50
2015-07-01,客単価DI,-,経営動向,-,かなり減少,-,,0
2015-07-01,客単価DI,-,経営動向,-,やや減少,-,,1110
2015-07-01,客単価DI,-,経営動向,-,変わらない,-,,3600
2015-07-01,客単価DI,-,経営動向,-,やや増加,-,,5200
2015-07-01,客単価DI,-,経営動向,-,かなり増加,-,,90
2015-08-01,客単価DI,-,経営動向,-,かなり減少,-,,140
2015-08-01,客単価DI,-,経営動向,-,やや減少,-,,1000
2015-08-01,客単価DI,-,経営動向,-,変わらない,-,,3620
2015-08-01,客単価DI,-,経営動向,-,やや増加,-,,5020
2015-08-01,客単価DI,-,経営動向,-,かなり増加,-,,230
2015-09-01,客単価DI,-,経営動向,-,かなり減少,-,,50
2015-09-01,客単価DI,-,経営動向,-,やや減少,-,,1140
2015-09-01,客単価DI,-,経営動向,-,変わらない,-,,3380
2015-09-01,客単価DI,-,経営動向,-,やや増加,-,,5110
2015-09-01,客単価DI,-,経営動向,-,かなり増加,-,,320
2015-10-01,客単価DI,-,経営動向,-,かなり減少,-,,0
2015-10-01,客単価DI,-,経営動向,-,やや減少,-,,1260
2015-10-01,客単価DI,-,経営動向,-,変わらない,-,,3860
2015-10-01,客単価DI,-,経営動向,-,やや増加,-,,4800
2015-10-01,客単価DI,-,経営動向,-,かなり増加,-,,90
2015-11-01,客単価DI,-,経営動向,-,かなり減少,-,,0
2015-11-01,客単価DI,-,経営動向,-,やや減少,-,,1110
2015-11-01,客単価DI,-,経営動向,-,変わらない,-,,4760
2015-11-01,客単価DI,-,経営動向,-,やや増加,-,,4090
2015-11-01,客単価DI,-,経営動向,-,かなり増加,-,,40
2015-12-01,客単価DI,-,経営動向,-,かなり減少,-,,90
2015-12-01,客単価DI,-,経営動向,-,やや減少,-,,2850
2015-12-01,客単価DI,-,経営動向,-,変わらない,-,,4250
2015-12-01,客単価DI,-,経営動向,-,やや増加,-,,2810
2015-12-01,客単価DI,-,経営動向,-,かなり増加,-,,0
2016-01-01,客単価DI,-,経営動向,-,かなり減少,-,,50
2016-01-01,客単価DI,-,経営動向,-,やや減少,-,,1370
2016-01-01,客単価DI,-,経営動向,-,変わらない,-,,4470
2016-01-01,客単価DI,-,経営動向,-,やや増加,-,,3930
2016-01-01,客単価DI,-,経営動向,-,かなり増加,-,,180
2016-02-01,客単価DI,-,経営動向,-,かなり減少,-,,0
2016-02-01,客単価DI,-,経営動向,-,やや減少,-,,1660
2016-02-01,客単価DI,-,経営動向,-,変わらない,-,,4220
2016-02-01,客単価DI,-,経営動向,-,やや増加,-,,3980
2016-02-01,客単価DI,-,経営動向,-,かなり増加,-,,140
2016-03-01,客単価DI,-,経営動向,-,かなり減少,-,,50
2016-03-01,客単価DI,-,経営動向,-,やや減少,-,,1440
2016-03-01,客単価DI,-,経営動向,-,変わらない,-,,5140
2016-03-01,客単価DI,-,経営動向,-,やや増加,-,,3370
2016-03-01,客単価DI,-,経営動向,-,かなり増加,-,,0
2016-04-01,客単価DI,-,経営動向,-,かなり減少,-,,50
2016-04-01,客単価DI,-,経営動向,-,やや減少,-,,1310
2016-04-01,客単価DI,-,経営動向,-,変わらない,-,,4270
2016-04-01,客単価DI,-,経営動向,-,やや増加,-,,4370
2016-04-01,客単価DI,-,経営動向,-,かなり増加,-,,0
2016-05-01,客単価DI,-,経営動向,-,かなり減少,-,,0
2016-05-01,客単価DI,-,経営動向,-,やや減少,-,,1740
2016-05-01,客単価DI,-,経営動向,-,変わらない,-,,4680
2016-05-01,客単価DI,-,経営動向,-,やや増加,-,,3580
2016-05-01,客単価DI,-,経営動向,-,かなり増加,-,,0
2016-06-01,客単価DI,-,経営動向,-,かなり減少,-,,0
2016-06-01,客単価DI,-,経営動向,-,やや減少,-,,1390
2016-06-01,客単価DI,-,経営動向,-,変わらない,-,,5450
2016-06-01,客単価DI,-,経営動向,-,やや増加,-,,3120
2016-06-01,客単価DI,-,経営動向,-,かなり増加,-,,50
2016-07-01,客単価DI,-,経営動向,-,かなり減少,-,,50
2016-07-01,客単価DI,-,経営動向,-,やや減少,-,,2180
2016-07-01,客単価DI,-,経営動向,-,変わらない,-,,4600
2016-07-01,客単価DI,-,経営動向,-,やや増加,-,,3170
2016-07-01,客単価DI,-,経営動向,-,かなり増加,-,,0
2016-08-01,客単価DI,-,経営動向,-,かなり減少,-,,0
2016-08-01,客単価DI,-,経営動向,-,やや減少,-,,3070
2016-08-01,客単価DI,-,経営動向,-,変わらない,-,,5070
2016-08-01,客単価DI,-,経営動向,-,やや増加,-,,1850
2016-08-01,客単価DI,-,経営動向,-,かなり増加,-,,0
2016-09-01,客単価DI,-,経営動向,-,かなり減少,-,,200
2016-09-01,客単価DI,-,経営動向,-,やや減少,-,,3120
2016-09-01,客単価DI,-,経営動向,-,変わらない,-,,5270
2016-09-01,客単価DI,-,経営動向,-,やや増加,-,,1370
2016-09-01,客単価DI,-,経営動向,-,かなり増加,-,,50
2016-10-01,客単価DI,-,経営動向,-,かなり減少,-,,0
2016-10-01,客単価DI,-,経営動向,-,やや減少,-,,1630
2016-10-01,客単価DI,-,経営動向,-,変わらない,-,,4600
2016-10-01,客単価DI,-,経営動向,-,やや増加,-,,3710
2016-10-01,客単価DI,-,経営動向,-,かなり増加,-,,50
2016-11-01,客単価DI,-,経営動向,-,かなり減少,-,,0
2016-11-01,客単価DI,-,経営動向,-,やや減少,-,,1590
2016-11-01,客単価DI,-,経営動向,-,変わらない,-,,4280
2016-11-01,客単価DI,-,経営動向,-,やや増加,-,,4130
2016-11-01,客単価DI,-,経営動向,-,かなり増加,-,,0
2016-12-01,客単価DI,-,経営動向,-,かなり減少,-,,0
2016-12-01,客単価DI,-,経営動向,-,やや減少,-,,1840
2016-12-01,客単価DI,-,経営動向,-,変わらない,-,,4130
2016-12-01,客単価DI,-,経営動向,-,やや増加,-,,3980
2016-12-01,客単価DI,-,経営動向,-,かなり増加,-,,50
2017-01-01,客単価DI,-,経営動向,-,かなり減少,-,,0
2017-01-01,客単価DI,-,経営動向,-,やや減少,-,,1640
2017-01-01,客単価DI,-,経営動向,-,変わらない,-,,4730
2017-01-01,客単価DI,-,経営動向,-,やや増加,-,,3630
2017-01-01,客単価DI,-,経営動向,-,かなり増加,-,,0
2017-02-01,客単価DI,-,経営動向,-,かなり減少,-,,200
2017-02-01,客単価DI,-,経営動向,-,やや減少,-,,1720
2017-02-01,客単価DI,-,経営動向,-,変わらない,-,,4800
2017-02-01,客単価DI,-,経営動向,-,やや増加,-,,3230
2017-02-01,客単価DI,-,経営動向,-,かなり増加,-,,50
2017-03-01,客単価DI,-,経営動向,-,かなり減少,-,,0
2017-03-01,客単価DI,-,経営動向,-,やや減少,-,,2460
2017-03-01,客単価DI,-,経営動向,-,変わらない,-,,4780
2017-03-01,客単価DI,-,経営動向,-,やや増加,-,,2760
2017-03-01,客単価DI,-,経営動向,-,かなり増加,-,,0
2017-04-01,客単価DI,-,経営動向,-,かなり減少,-,,50
2017-04-01,客単価DI,-,経営動向,-,やや減少,-,,2040
2017-04-01,客単価DI,-,経営動向,-,変わらない,-,,5070
2017-04-01,客単価DI,-,経営動向,-,やや増加,-,,2840
2017-04-01,客単価DI,-,経営動向,-,かなり増加,-,,0
2017-05-01,客単価DI,-,経営動向,-,かなり減少,-,,50
2017-05-01,客単価DI,-,経営動向,-,やや減少,-,,3180
2017-05-01,客単価DI,-,経営動向,-,変わらない,-,,4790
2017-05-01,客単価DI,-,経営動向,-,やや増加,-,,1990
2017-05-01,客単価DI,-,経営動向,-,かなり増加,-,,0
2017-06-01,客単価DI,-,経営動向,-,かなり減少,-,,170
2017-06-01,客単価DI,-,経営動向,-,やや減少,-,,2690
2017-06-01,客単価DI,-,経営動向,-,変わらない,-,,5370
2017-06-01,客単価DI,-,経営動向,-,やや増加,-,,1770
2017-06-01,客単価DI,-,経営動向,-,かなり増加,-,,0
2017-07-01,客単価DI,-,経営動向,-,かなり減少,-,,100
2017-07-01,客単価DI,-,経営動向,-,やや減少,-,,2340
2017-07-01,客単価DI,-,経営動向,-,変わらない,-,,5580
2017-07-01,客単価DI,-,経営動向,-,やや増加,-,,1980
2017-07-01,客単価DI,-,経営動向,-,かなり増加,-,,0
2017-08-01,客単価DI,-,経営動向,-,かなり減少,-,,50
2017-08-01,客単価DI,-,経営動向,-,やや減少,-,,2300
2017-08-01,客単価DI,-,経営動向,-,変わらない,-,,5100
2017-08-01,客単価DI,-,経営動向,-,やや増加,-,,2550
2017-08-01,客単価DI,-,経営動向,-,かなり増加,-,,0
2017-09-01,客単価DI,-,経営動向,-,かなり減少,-,,160
2017-09-01,客単価DI,-,経営動向,-,やや減少,-,,2020
2017-09-01,客単価DI,-,経営動向,-,変わらない,-,,5130
2017-09-01,客単価DI,-,経営動向,-,やや増加,-,,2690
2017-09-01,客単価DI,-,経営動向,-,かなり増加,-,,0
2017-10-01,客単価DI,-,経営動向,-,かなり減少,-,,100
2017-10-01,客単価DI,-,経営動向,-,やや減少,-,,1620
2017-10-01,客単価DI,-,経営動向,-,変わらない,-,,5080
2017-10-01,客単価DI,-,経営動向,-,やや増加,-,,3090
2017-10-01,客単価DI,-,経営動向,-,かなり増加,-,,100
2017-11-01,客単価DI,-,経営動向,-,かなり減少,-,,50
2017-11-01,客単価DI,-,経営動向,-,やや減少,-,,2070
2017-11-01,客単価DI,-,経営動向,-,変わらない,-,,5070
2017-11-01,客単価DI,-,経営動向,-,やや増加,-,,2810
2017-11-01,客単価DI,-,経営動向,-,かなり増加,-,,0
2017-12-01,客単価DI,-,経営動向,-,かなり減少,-,,0
2017-12-01,客単価DI,-,経営動向,-,やや減少,-,,1550
2017-12-01,客単価DI,-,経営動向,-,変わらない,-,,4280
2017-12-01,客単価DI,-,経営動向,-,やや増加,-,,4120
2017-12-01,客単価DI,-,経営動向,-,かなり増加,-,,50
2018-01-01,客単価DI,-,経営動向,-,かなり減少,-,,50
2018-01-01,客単価DI,-,経営動向,-,やや減少,-,,1420
2018-01-01,客単価DI,-,経営動向,-,変わらない,-,,4310
2018-01-01,客単価DI,-,経営動向,-,やや増加,-,,4160
2018-01-01,客単価DI,-,経営動向,-,かなり増加,-,,50
2018-02-01,客単価DI,-,経営動向,-,かなり減少,-,,50
2018-02-01,客単価DI,-,経営動向,-,やや減少,-,,1060
2018-02-01,客単価DI,-,経営動向,-,変わらない,-,,3970
2018-02-01,客単価DI,-,経営動向,-,やや増加,-,,4670
2018-02-01,客単価DI,-,経営動向,-,かなり増加,-,,250
2018-03-01,客単価DI,-,経営動向,-,かなり減少,-,,200
2018-03-01,客単価DI,-,経営動向,-,やや減少,-,,1690
2018-03-01,客単価DI,-,経営動向,-,変わらない,-,,4730
2018-03-01,客単価DI,-,経営動向,-,やや増加,-,,3330
2018-03-01,客単価DI,-,経営動向,-,かなり増加,-,,50
2018-04-01,客単価DI,-,経営動向,-,かなり減少,-,,150
2018-04-01,客単価DI,-,経営動向,-,やや減少,-,,2910
2018-04-01,客単価DI,-,経営動向,-,変わらない,-,,4780
2018-04-01,客単価DI,-,経営動向,-,やや増加,-,,2170
2018-04-01,客単価DI,-,経営動向,-,かなり増加,-,,0
2018-05-01,客単価DI,-,経営動向,-,かなり減少,-,,150
2018-05-01,客単価DI,-,経営動向,-,やや減少,-,,2370
2018-05-01,客単価DI,-,経営動向,-,変わらない,-,,4750
2018-05-01,客単価DI,-,経営動向,-,やや増加,-,,2730
2018-05-01,客単価DI,-,経営動向,-,かなり増加,-,,0
2018-06-01,客単価DI,-,経営動向,-,かなり減少,-,,100
2018-06-01,客単価DI,-,経営動向,-,やや減少,-,,1620
2018-06-01,客単価DI,-,経営動向,-,変わらない,-,,4410
2018-06-01,客単価DI,-,経営動向,-,やや増加,-,,3820
2018-06-01,客単価DI,-,経営動向,-,かなり増加,-,,50
2018-07-01,客単価DI,-,経営動向,-,かなり減少,-,,50
2018-07-01,客単価DI,-,経営動向,-,やや減少,-,,1560
2018-07-01,客単価DI,-,経営動向,-,変わらない,-,,4220
2018-07-01,客単価DI,-,経営動向,-,やや増加,-,,4060
2018-07-01,客単価DI,-,経営動向,-,かなり増加,-,,100
2018-08-01,客単価DI,-,経営動向,-,かなり減少,-,,160
2018-08-01,客単価DI,-,経営動向,-,やや減少,-,,1510
2018-08-01,客単価DI,-,経営動向,-,変わらない,-,,4270
2018-08-01,客単価DI,-,経営動向,-,やや増加,-,,3840
2018-08-01,客単価DI,-,経営動向,-,かなり増加,-,,220
2018-09-01,客単価DI,-,経営動向,-,かなり減少,-,,110
2018-09-01,客単価DI,-,経営動向,-,やや減少,-,,1120
2018-09-01,客単価DI,-,経営動向,-,変わらない,-,,3240
2018-09-01,客単価DI,-,経営動向,-,やや増加,-,,5160
2018-09-01,客単価DI,-,経営動向,-,かなり増加,-,,370
2018-10-01,客単価DI,-,経営動向,-,かなり減少,-,,160
2018-10-01,客単価DI,-,経営動向,-,やや減少,-,,2380
2018-10-01,客単価DI,-,経営動向,-,変わらない,-,,4220
2018-10-01,客単価DI,-,経営動向,-,やや増加,-,,3240
2018-10-01,客単価DI,-,経営動向,-,かなり増加,-,,0
2018-11-01,客単価DI,-,経営動向,-,かなり減少,-,,160
2018-11-01,客単価DI,-,経営動向,-,やや減少,-,,3210
2018-11-01,客単価DI,-,経営動向,-,変わらない,-,,4890
2018-11-01,客単価DI,-,経営動向,-,やや増加,-,,1740
2018-11-01,客単価DI,-,経営動向,-,かなり増加,-,,0
2018-12-01,客単価DI,-,経営動向,-,かなり減少,-,,110
2018-12-01,客単価DI,-,経営動向,-,やや減少,-,,2850
2018-12-01,客単価DI,-,経営動向,-,変わらない,-,,4800
2018-12-01,客単価DI,-,経営動向,-,やや増加,-,,2120
2018-12-01,客単価DI,-,経営動向,-,かなり増加,-,,110
2019-01-01,客単価DI,-,経営動向,-,かなり減少,-,,110
2019-01-01,客単価DI,-,経営動向,-,やや減少,-,,4300
2019-01-01,客単価DI,-,経営動向,-,変わらない,-,,4250
2019-01-01,客単価DI,-,経営動向,-,やや増加,-,,1340
2019-01-01,客単価DI,-,経営動向,-,かなり増加,-,,0
2019-02-01,客単価DI,-,経営動向,-,かなり減少,-,,520
2019-02-01,客単価DI,-,経営動向,-,やや減少,-,,4500
2019-02-01,客単価DI,-,経営動向,-,変わらない,-,,3510
2019-02-01,客単価DI,-,経営動向,-,やや増加,-,,1470
2019-02-01,客単価DI,-,経営動向,-,かなり増加,-,,0
2019-03-01,客単価DI,-,経営動向,-,かなり減少,-,,160
2019-03-01,客単価DI,-,経営動向,-,やや減少,-,,3040
2019-03-01,客単価DI,-,経営動向,-,変わらない,-,,4970
2019-03-01,客単価DI,-,経営動向,-,やや増加,-,,1830
2019-03-01,客単価DI,-,経営動向,-,かなり増加,-,,0
2019-04-01,客単価DI,-,経営動向,-,かなり減少,-,,110
2019-04-01,客単価DI,-,経営動向,-,やや減少,-,,2380
2019-04-01,客単価DI,-,経営動向,-,変わらない,-,,4160
2019-04-01,客単価DI,-,経営動向,-,やや増加,-,,3240
2019-04-01,客単価DI,-,経営動向,-,かなり増加,-,,110
2019-05-01,客単価DI,-,経営動向,-,かなり減少,-,,100
2019-05-01,客単価DI,-,経営動向,-,やや減少,-,,2670
2019-05-01,客単価DI,-,経営動向,-,変わらない,-,,4550
2019-05-01,客単価DI,-,経営動向,-,やや増加,-,,2570
2019-05-01,客単価DI,-,経営動向,-,かなり増加,-,,100
2019-06-01,客単価DI,-,経営動向,-,かなり減少,-,,160
2019-06-01,客単価DI,-,経営動向,-,やや減少,-,,2530
2019-06-01,客単価DI,-,経営動向,-,変わらない,-,,4470
2019-06-01,客単価DI,-,経営動向,-,やや増加,-,,2840
2019-06-01,客単価DI,-,経営動向,-,かなり増加,-,,0
2019-07-01,客単価DI,-,経営動向,-,かなり減少,-,,270
2019-07-01,客単価DI,-,経営動向,-,やや減少,-,,3930
2019-07-01,客単価DI,-,経営動向,-,変わらない,-,,4430
2019-07-01,客単価DI,-,経営動向,-,やや増加,-,,1370
2019-07-01,客単価DI,-,経営動向,-,かなり増加,-,,0
2019-08-01,客単価DI,-,経営動向,-,かなり減少,-,,230
2019-08-01,客単価DI,-,経営動向,-,やや減少,-,,2220
2019-08-01,客単価DI,-,経営動向,-,変わらない,-,,4800
2019-08-01,客単価DI,-,経営動向,-,やや増加,-,,2750
2019-08-01,客単価DI,-,経営動向,-,かなり増加,-,,0
2019-09-01,客単価DI,-,経営動向,-,かなり減少,-,,300
2019-09-01,客単価DI,-,経営動向,-,やや減少,-,,3080
2019-09-01,客単価DI,-,経営動向,-,変わらない,-,,4670
2019-09-01,客単価DI,-,経営動向,-,やや増加,-,,1950
2019-09-01,客単価DI,-,経営動向,-,かなり増加,-,,0
2019-10-01,客単価DI,-,経営動向,-,かなり減少,-,,220
2019-10-01,客単価DI,-,経営動向,-,やや減少,-,,3040
2019-10-01,客単価DI,-,経営動向,-,変わらない,-,,4130
2019-10-01,客単価DI,-,経営動向,-,やや増加,-,,2500
2019-10-01,客単価DI,-,経営動向,-,かなり増加,-,,110
2019-11-01,客単価DI,-,経営動向,-,かなり減少,-,,230
2019-11-01,客単価DI,-,経営動向,-,やや減少,-,,2290
2019-11-01,客単価DI,-,経営動向,-,変わらない,-,,4340
2019-11-01,客単価DI,-,経営動向,-,やや増加,-,,2970
2019-11-01,客単価DI,-,経営動向,-,かなり増加,-,,170
2019-12-01,客単価DI,-,経営動向,-,かなり減少,-,,270
2019-12-01,客単価DI,-,経営動向,-,やや減少,-,,2940
2019-12-01,客単価DI,-,経営動向,-,変わらない,-,,4390
2019-12-01,客単価DI,-,経営動向,-,やや増加,-,,2410
2019-12-01,客単価DI,-,経営動向,-,かなり増加,-,,0
2020-01-01,客単価DI,-,経営動向,-,かなり減少,-,,220
2020-01-01,客単価DI,-,経営動向,-,やや減少,-,,3280
2020-01-01,客単価DI,-,経営動向,-,変わらない,-,,4330
2020-01-01,客単価DI,-,経営動向,-,やや増加,-,,2170
2020-01-01,客単価DI,-,経営動向,-,かなり増加,-,,0
2020-02-01,客単価DI,-,経営動向,-,かなり減少,-,,60
2020-02-01,客単価DI,-,経営動向,-,やや減少,-,,1920
2020-02-01,客単価DI,-,経営動向,-,変わらない,-,,4290
2020-02-01,客単価DI,-,経営動向,-,やや増加,-,,3390
2020-02-01,客単価DI,-,経営動向,-,かなり増加,-,,340
2020-03-01,客単価DI,-,経営動向,-,かなり減少,-,,160
2020-03-01,客単価DI,-,経営動向,-,やや減少,-,,1150
2020-03-01,客単価DI,-,経営動向,-,変わらない,-,,1810
2020-03-01,客単価DI,-,経営動向,-,やや増加,-,,4890
2020-03-01,客単価DI,-,経営動向,-,かなり増加,-,,1980
2020-04-01,客単価DI,-,経営動向,-,かなり減少,-,,60
2020-04-01,客単価DI,-,経営動向,-,やや減少,-,,440
2020-04-01,客単価DI,-,経営動向,-,変わらない,-,,780
2020-04-01,客単価DI,-,経営動向,-,やや増加,-,,4500
2020-04-01,客単価DI,-,経営動向,-,かなり増加,-,,4220
2020-05-01,客単価DI,-,経営動向,-,かなり減少,-,,60
2020-05-01,客単価DI,-,経営動向,-,やや減少,-,,520
2020-05-01,客単価DI,-,経営動向,-,変わらない,-,,750
2020-05-01,客単価DI,-,経営動向,-,やや増加,-,,3760
2020-05-01,客単価DI,-,経営動向,-,かなり増加,-,,4910
2020-06-01,客単価DI,-,経営動向,-,かなり減少,-,,110
2020-06-01,客単価DI,-,経営動向,-,やや減少,-,,380
2020-06-01,客単価DI,-,経営動向,-,変わらない,-,,1320
2020-06-01,客単価DI,-,経営動向,-,やや増加,-,,5220
2020-06-01,客単価DI,-,経営動向,-,かなり増加,-,,2970
2020-07-01,客単価DI,-,経営動向,-,かなり減少,-,,60
2020-07-01,客単価DI,-,経営動向,-,やや減少,-,,390
2020-07-01,客単価DI,-,経営動向,-,変わらない,-,,1440
2020-07-01,客単価DI,-,経営動向,-,やや増加,-,,5360
2020-07-01,客単価DI,-,経営動向,-,かなり増加,-,,2760
2020-08-01,客単価DI,-,経営動向,-,かなり減少,-,,110
2020-08-01,客単価DI,-,経営動向,-,やや減少,-,,660
2020-08-01,客単価DI,-,経営動向,-,変わらない,-,,1380
2020-08-01,客単価DI,-,経営動向,-,やや増加,-,,5190
2020-08-01,客単価DI,-,経営動向,-,かなり増加,-,,2650
2020-09-01,客単価DI,-,経営動向,-,かなり減少,-,,50
2020-09-01,客単価DI,-,経営動向,-,やや減少,-,,660
2020-09-01,客単価DI,-,経営動向,-,変わらない,-,,2030
2020-09-01,客単価DI,-,経営動向,-,やや増加,-,,5440
2020-09-01,客単価DI,-,経営動向,-,かなり増加,-,,1810
2020-10-01,客単価DI,-,経営動向,-,かなり減少,-,,0
2020-10-01,客単価DI,-,経営動向,-,やや減少,-,,440
2020-10-01,客単価DI,-,経営動向,-,変わらない,-,,2380
2020-10-01,客単価DI,-,経営動向,-,やや増加,-,,5410
2020-10-01,客単価DI,-,経営動向,-,かなり増加,-,,1770
2020-11-01,客単価DI,-,経営動向,-,かなり減少,-,,0
2020-11-01,客単価DI,-,経営動向,-,やや減少,-,,850
2020-11-01,客単価DI,-,経営動向,-,変わらない,-,,1690
2020-11-01,客単価DI,-,経営動向,-,やや増加,-,,5480
2020-11-01,客単価DI,-,経営動向,-,かなり増加,-,,1980
2020-12-01,客単価DI,-,経営動向,-,かなり減少,-,,110
2020-12-01,客単価DI,-,経営動向,-,やや減少,-,,780
2020-12-01,客単価DI,-,経営動向,-,変わらない,-,,1280
2020-12-01,客単価DI,-,経営動向,-,やや増加,-,,6090
2020-12-01,客単価DI,-,経営動向,-,かなり増加,-,,1730
2021-01-01,客単価DI,-,経営動向,-,かなり減少,-,,50
2021-01-01,客単価DI,-,経営動向,-,やや減少,-,,490
2021-01-01,客単価DI,-,経営動向,-,変わらない,-,,1630
2021-01-01,客単価DI,-,経営動向,-,やや増加,-,,4730
2021-01-01,客単価DI,-,経営動向,-,かなり増加,-,,3100
2021-02-01,客単価DI,-,経営動向,-,かなり減少,-,,160
2021-02-01,客単価DI,-,経営動向,-,やや減少,-,,920
2021-02-01,客単価DI,-,経営動向,-,変わらない,-,,2070
2021-02-01,客単価DI,-,経営動向,-,やや増加,-,,5110
2021-02-01,客単価DI,-,経営動向,-,かなり増加,-,,1740
2021-03-01,客単価DI,-,経営動向,-,かなり減少,-,,220
2021-03-01,客単価DI,-,経営動向,-,やや減少,-,,1890
2021-03-01,客単価DI,-,経営動向,-,変わらない,-,,4000
2021-03-01,客単価DI,-,経営動向,-,やや増加,-,,3780
2021-03-01,客単価DI,-,経営動向,-,かなり増加,-,,110
2021-04-01,客単価DI,-,経営動向,-,かなり減少,-,,2010
2021-04-01,客単価DI,-,経営動向,-,やや減少,-,,4080
2021-04-01,客単価DI,-,経営動向,-,変わらない,-,,2350
2021-04-01,客単価DI,-,経営動向,-,やや増加,-,,1400
2021-04-01,客単価DI,-,経営動向,-,かなり増加,-,,170
2021-05-01,客単価DI,-,経営動向,-,かなり減少,-,,1550
2021-05-01,客単価DI,-,経営動向,-,やや減少,-,,3870
2021-05-01,客単価DI,-,経営動向,-,変わらない,-,,3150
2021-05-01,客単価DI,-,経営動向,-,やや増加,-,,1440
2021-05-01,客単価DI,-,経営動向,-,かなり増加,-,,0
2021-06-01,客単価DI,-,経営動向,-,かなり減少,-,,910
2021-06-01,客単価DI,-,経営動向,-,やや減少,-,,3600
2021-06-01,客単価DI,-,経営動向,-,変わらない,-,,3770
2021-06-01,客単価DI,-,経営動向,-,やや増加,-,,1600
2021-06-01,客単価DI,-,経営動向,-,かなり増加,-,,110
2021-07-01,客単価DI,-,経営動向,-,かなり減少,-,,500
2021-07-01,客単価DI,-,経営動向,-,やや減少,-,,2930
2021-07-01,客単価DI,-,経営動向,-,変わらない,-,,4250
2021-07-01,客単価DI,-,経営動向,-,やや増加,-,,2210
2021-07-01,客単価DI,-,経営動向,-,かなり増加,-,,110
2021-08-01,客単価DI,-,経営動向,-,かなり減少,-,,330
2021-08-01,客単価DI,-,経営動向,-,やや減少,-,,2010
2021-08-01,客単価DI,-,経営動向,-,変わらない,-,,4130
2021-08-01,客単価DI,-,経営動向,-,やや増加,-,,3370
2021-08-01,客単価DI,-,経営動向,-,かなり増加,-,,160
2021-09-01,客単価DI,-,経営動向,-,かなり減少,-,,110
2021-09-01,客単価DI,-,経営動向,-,やや減少,-,,2490
2021-09-01,客単価DI,-,経営動向,-,変わらない,-,,3890
2021-09-01,客単価DI,-,経営動向,-,やや増加,-,,3410
2021-09-01,客単価DI,-,経営動向,-,かなり増加,-,,110
2021-10-01,客単価DI,-,経営動向,-,かなり減少,-,,60
2021-10-01,客単価DI,-,経営動向,-,やや減少,-,,2430
2021-10-01,客単価DI,-,経営動向,-,変わらない,-,,4240
2021-10-01,客単価DI,-,経営動向,-,やや増加,-,,3050
2021-10-01,客単価DI,-,経営動向,-,かなり増加,-,,230
2021-11-01,客単価DI,-,経営動向,-,かなり減少,-,,110
2021-11-01,客単価DI,-,経営動向,-,やや減少,-,,3020
2021-11-01,客単価DI,-,経営動向,-,変わらない,-,,4530
2021-11-01,客単価DI,-,経営動向,-,やや増加,-,,2230
2021-11-01,客単価DI,-,経営動向,-,かなり増加,-,,110
2021-12-01,客単価DI,-,経営動向,-,かなり減少,-,,160
2021-12-01,客単価DI,-,経営動向,-,やや減少,-,,2080
2021-12-01,客単価DI,-,経営動向,-,変わらない,-,,3990
2021-12-01,客単価DI,-,経営動向,-,やや増加,-,,3550
2021-12-01,客単価DI,-,経営動向,-,かなり増加,-,,220
2022-01-01,客単価DI,-,経営動向,-,かなり減少,-,,160
2022-01-01,客単価DI,-,経営動向,-,やや減少,-,,2680
2022-01-01,客単価DI,-,経営動向,-,変わらない,-,,3770
2022-01-01,客単価DI,-,経営動向,-,やや増加,-,,3170
2022-01-01,客単価DI,-,経営動向,-,かなり増加,-,,220
2022-02-01,客単価DI,-,経営動向,-,かなり減少,-,,0
2022-02-01,客単価DI,-,経営動向,-,やや減少,-,,1010
2022-02-01,客単価DI,-,経営動向,-,変わらない,-,,2960
2022-02-01,客単価DI,-,経営動向,-,やや増加,-,,5560
2022-02-01,客単価DI,-,経営動向,-,かなり増加,-,,470
2022-03-01,客単価DI,-,経営動向,-,かなり減少,-,,110
2022-03-01,客単価DI,-,経営動向,-,やや減少,-,,1310
2022-03-01,客単価DI,-,経営動向,-,変わらない,-,,3090
2022-03-01,客単価DI,-,経営動向,-,やや増加,-,,4910
2022-03-01,客単価DI,-,経営動向,-,かなり増加,-,,570
2022-04-01,客単価DI,-,経営動向,-,かなり減少,-,,0
2022-04-01,客単価DI,-,経営動向,-,やや減少,-,,1590
2022-04-01,客単価DI,-,経営動向,-,変わらない,-,,3080
2022-04-01,客単価DI,-,経営動向,-,やや増加,-,,4950
2022-04-01,客単価DI,-,経営動向,-,かなり増加,-,,380
2022-05-01,客単価DI,-,経営動向,-,かなり減少,-,,460
2022-05-01,客単価DI,-,経営動向,-,やや減少,-,,2300
2022-05-01,客単価DI,-,経営動向,-,変わらない,-,,3740
2022-05-01,客単価DI,-,経営動向,-,やや増加,-,,3160
2022-05-01,客単価DI,-,経営動向,-,かなり増加,-,,340
2022-06-01,客単価DI,-,経営動向,-,かなり減少,-,,110
2022-06-01,客単価DI,-,経営動向,-,やや減少,-,,2130
2022-06-01,客単価DI,-,経営動向,-,変わらない,-,,3880
2022-06-01,客単価DI,-,経営動向,-,やや増加,-,,3610
2022-06-01,客単価DI,-,経営動向,-,かなり増加,-,,270
2022-07-01,客単価DI,-,経営動向,-,かなり減少,-,,0
2022-07-01,客単価DI,-,経営動向,-,やや減少,-,,1200
2022-07-01,客単価DI,-,経営動向,-,変わらない,-,,3660
2022-07-01,客単価DI,-,経営動向,-,やや増加,-,,4740
2022-07-01,客単価DI,-,経営動向,-,かなり増加,-,,400
2022-08-01,客単価DI,-,経営動向,-,かなり減少,-,,170
2022-08-01,客単価DI,-,経営動向,-,やや減少,-,,1830
2022-08-01,客単価DI,-,経営動向,-,変わらない,-,,3660
2022-08-01,客単価DI,-,経営動向,-,やや増加,-,,3830
2022-08-01,客単価DI,-,経営動向,-,かなり増加,-,,510
2022-09-01,客単価DI,-,経営動向,-,かなり減少,-,,220
2022-09-01,客単価DI,-,経営動向,-,やや減少,-,,1330
2022-09-01,客単価DI,-,経営動向,-,変わらない,-,,3780
2022-09-01,客単価DI,-,経営動向,-,やや増加,-,,4170
2022-09-01,客単価DI,-,経営動向,-,かなり増加,-,,500
2022-10-01,客単価DI,-,経営動向,-,かなり減少,-,,60
2022-10-01,客単価DI,-,経営動向,-,やや減少,-,,730
2022-10-01,客単価DI,-,経営動向,-,変わらない,-,,3220
2022-10-01,客単価DI,-,経営動向,-,やや増加,-,,5540
2022-10-01,客単価DI,-,経営動向,-,かなり増加,-,,450
2022-11-01,客単価DI,-,経営動向,-,かなり減少,-,,0
2022-11-01,客単価DI,-,経営動向,-,やや減少,-,,910
2022-11-01,客単価DI,-,経営動向,-,変わらない,-,,2670
2022-11-01,客単価DI,-,経営動向,-,やや増加,-,,5910
2022-11-01,客単価DI,-,経営動向,-,かなり増加,-,,510
2022-12-01,客単価DI,-,経営動向,-,かなり減少,-,,0
2022-12-01,客単価DI,-,経営動向,-,やや減少,-,,730
2022-12-01,客単価DI,-,経営動向,-,変わらない,-,,1510
2022-12-01,客単価DI,-,経営動向,-,やや増加,-,,6930
2022-12-01,客単価DI,-,経営動向,-,かなり増加,-,,840
2023-01-01,客単価DI,-,経営動向,-,かなり減少,-,,50
2023-01-01,客単価DI,-,経営動向,-,やや減少,-,,1140
2023-01-01,客単価DI,-,経営動向,-,変わらない,-,,2660
2023-01-01,客単価DI,-,経営動向,-,やや増加,-,,5430
2023-01-01,客単価DI,-,経営動向,-,かなり増加,-,,710
2023-02-01,客単価DI,-,経営動向,-,かなり減少,-,,220
2023-02-01,客単価DI,-,経営動向,-,やや減少,-,,2200
2023-02-01,客単価DI,-,経営動向,-,変わらない,-,,3350
2023-02-01,客単価DI,-,経営動向,-,やや増加,-,,3960
2023-02-01,客単価DI,-,経営動向,-,かなり増加,-,,270
2023-03-01,客単価DI,-,経営動向,-,かなり減少,-,,160
2023-03-01,客単価DI,-,経営動向,-,やや減少,-,,1260
2023-03-01,客単価DI,-,経営動向,-,変わらない,-,,3880
2023-03-01,客単価DI,-,経営動向,-,やや増加,-,,4370
2023-03-01,客単価DI,-,経営動向,-,かなり増加,-,,330
2023-04-01,客単価DI,-,経営動向,-,かなり減少,-,,110
2023-04-01,客単価DI,-,経営動向,-,やや減少,-,,920
2023-04-01,客単価DI,-,経営動向,-,変わらない,-,,2360
2023-04-01,客単価DI,-,経営動向,-,やや増加,-,,6210
2023-04-01,客単価DI,-,経営動向,-,かなり増加,-,,400
2023-05-01,客単価DI,-,経営動向,-,かなり減少,-,,230
2023-05-01,客単価DI,-,経営動向,-,やや減少,-,,690
2023-05-01,客単価DI,-,経営動向,-,変わらない,-,,1830
2023-05-01,客単価DI,-,経営動向,-,やや増加,-,,6910
2023-05-01,客単価DI,-,経営動向,-,かなり増加,-,,340
2023-06-01,客単価DI,-,経営動向,-,かなり減少,-,,60
2023-06-01,客単価DI,-,経営動向,-,やや減少,-,,400
2023-06-01,客単価DI,-,経営動向,-,変わらない,-,,2160
2023-06-01,客単価DI,-,経営動向,-,やや増加,-,,6820
2023-06-01,客単価DI,-,経営動向,-,かなり増加,-,,570
2023-07-01,客単価DI,-,経営動向,-,かなり減少,-,,60
2023-07-01,客単価DI,-,経営動向,-,やや減少,-,,450
2023-07-01,客単価DI,-,経営動向,-,変わらない,-,,2430
2023-07-01,客単価DI,-,経営動向,-,やや増加,-,,6500
2023-07-01,客単価DI,-,経営動向,-,かなり増加,-,,560
2023-08-01,客単価DI,-,経営動向,-,かなり減少,-,,50
2023-08-01,客単価DI,-,経営動向,-,やや減少,-,,380
2023-08-01,客単価DI,-,経営動向,-,変わらない,-,,1850
2023-08-01,客単価DI,-,経営動向,-,やや増加,-,,6900
2023-08-01,客単価DI,-,経営動向,-,かなり増加,-,,820
2023-09-01,客単価DI,-,経営動向,-,かなり減少,-,,170
2023-09-01,客単価DI,-,経営動向,-,やや減少,-,,560
2023-09-01,客単価DI,-,経営動向,-,変わらない,-,,2880
2023-09-01,客単価DI,-,経営動向,-,やや増加,-,,5990
2023-09-01,客単価DI,-,経営動向,-,かなり増加,-,,400
2023-10-01,客単価DI,-,経営動向,-,かなり減少,-,,60
2023-10-01,客単価DI,-,経営動向,-,やや減少,-,,660
2023-10-01,客単価DI,-,経営動向,-,変わらない,-,,2930
2023-10-01,客単価DI,-,経営動向,-,やや増加,-,,5750
2023-10-01,客単価DI,-,経営動向,-,かなり増加,-,,600
2023-11-01,客単価DI,-,経営動向,-,かなり減少,-,,60
2023-11-01,客単価DI,-,経営動向,-,やや減少,-,,680
2023-11-01,客単価DI,-,経営動向,-,変わらない,-,,2730
2023-11-01,客単価DI,-,経営動向,-,やや増加,-,,6140
2023-11-01,客単価DI,-,経営動向,-,かなり増加,-,,400
2023-12-01,客単価DI,-,経営動向,-,かなり減少,-,,60
2023-12-01,客単価DI,-,経営動向,-,やや減少,-,,1140
2023-12-01,客単価DI,-,経営動向,-,変わらない,-,,2730
2023-12-01,客単価DI,-,経営動向,-,やや増加,-,,5740
2023-12-01,客単価DI,-,経営動向,-,かなり増加,-,,340
2024-01-01,客単価DI,-,経営動向,-,かなり減少,-,,170
2024-01-01,客単価DI,-,経営動向,-,やや減少,-,,970
2024-01-01,客単価DI,-,経営動向,-,変わらない,-,,3350
2024-01-01,客単価DI,-,経営動向,-,やや増加,-,,5340
2024-01-01,客単価DI,-,経営動向,-,かなり増加,-,,170
2024-02-01,客単価DI,-,経営動向,-,かなり減少,-,,110
2024-02-01,客単価DI,-,経営動向,-,やや減少,-,,850
2024-02-01,客単価DI,-,経営動向,-,変わらない,-,,3520
2024-02-01,客単価DI,-,経営動向,-,やや増加,-,,5060
2024-02-01,客単価DI,-,経営動向,-,かなり増加,-,,450
2024-03-01,客単価DI,-,経営動向,-,かなり減少,-,,0
2024-03-01,客単価DI,-,経営動向,-,やや減少,-,,510
2024-03-01,客単価DI,-,経営動向,-,変わらない,-,,2290
2024-03-01,客単価DI,-,経営動向,-,やや増加,-,,6400
2024-03-01,客単価DI,-,経営動向,-,かなり増加,-,,800
2024-04-01,客単価DI,-,経営動向,-,かなり減少,-,,60
2024-04-01,客単価DI,-,経営動向,-,やや減少,-,,1730
2024-04-01,客単価DI,-,経営動向,-,変わらない,-,,3330
2024-04-01,客単価DI,-,経営動向,-,やや増加,-,,4510
2024-04-01,客単価DI,-,経営動向,-,かなり増加,-,,370
2024-05-01,客単価DI,-,経営動向,-,かなり減少,-,,180
2024-05-01,客単価DI,-,経営動向,-,やや減少,-,,1660
2024-05-01,客単価DI,-,経営動向,-,変わらない,-,,3960
2024-05-01,客単価DI,-,経営動向,-,やや増加,-,,4020
2024-05-01,客単価DI,-,経営動向,-,かなり増加,-,,180
2024-06-01,客単価DI,-,経営動向,-,かなり減少,-,,60
2024-06-01,客単価DI,-,経営動向,-,やや減少,-,,1050
2024-06-01,客単価DI,-,経営動向,-,変わらない,-,,3630
2024-06-01,客単価DI,-,経営動向,-,やや増加,-,,4910
2024-06-01,客単価DI,-,経営動向,-,かなり増加,-,,350
2024-07-01,客単価DI,-,経営動向,-,かなり減少,-,,230
2024-07-01,客単価DI,-,経営動向,-,やや減少,-,,1880
2024-07-01,客単価DI,-,経営動向,-,変わらない,-,,3920
2024-07-01,客単価DI,-,経営動向,-,やや増加,-,,3860
2024-07-01,客単価DI,-,経営動向,-,かなり増加,-,,110
2024-08-01,客単価DI,-,経営動向,-,かなり減少,-,,0
2024-08-01,客単価DI,-,経営動向,-,やや減少,-,,760
2024-08-01,客単価DI,-,経営動向,-,変わらない,-,,3570
2024-08-01,客単価DI,-,経営動向,-,やや増加,-,,5150
2024-08-01,客単価DI,-,経営動向,-,かなり増加,-,,530
2024-09-01,客単価DI,-,経営動向,-,かなり減少,-,,0
2024-09-01,客単価DI,-,経営動向,-,やや減少,-,,1380
2024-09-01,客単価DI,-,経営動向,-,変わらない,-,,4210
2024-09-01,客単価DI,-,経営動向,-,やや増加,-,,3900
2024-09-01,客単価DI,-,経営動向,-,かなり増加,-,,500
2011-04-01,来客数DI,-,経営動向,-,かなり減少,-,,350
2011-04-01,来客数DI,-,経営動向,-,やや減少,-,,3550
2011-04-01,来客数DI,-,経営動向,-,変わらない,-,,2710
2011-04-01,来客数DI,-,経営動向,-,やや増加,-,,2940
2011-04-01,来客数DI,-,経営動向,-,かなり増加,-,,450
2011-05-01,来客数DI,-,経営動向,-,かなり減少,-,,700
2011-05-01,来客数DI,-,経営動向,-,やや減少,-,,4590
2011-05-01,来客数DI,-,経営動向,-,変わらない,-,,2930
2011-05-01,来客数DI,-,経営動向,-,やや増加,-,,1620
2011-05-01,来客数DI,-,経営動向,-,かなり増加,-,,160
2011-06-01,来客数DI,-,経営動向,-,かなり減少,-,,470
2011-06-01,来客数DI,-,経営動向,-,やや減少,-,,4300
2011-06-01,来客数DI,-,経営動向,-,変わらない,-,,3120
2011-06-01,来客数DI,-,経営動向,-,やや増加,-,,1910
2011-06-01,来客数DI,-,経営動向,-,かなり増加,-,,200
2011-07-01,来客数DI,-,経営動向,-,かなり減少,-,,330
2011-07-01,来客数DI,-,経営動向,-,やや減少,-,,3930
2011-07-01,来客数DI,-,経営動向,-,変わらない,-,,2620
2011-07-01,来客数DI,-,経営動向,-,やや増加,-,,2920
2011-07-01,来客数DI,-,経営動向,-,かなり増加,-,,200
2011-08-01,来客数DI,-,経営動向,-,かなり減少,-,,700
2011-08-01,来客数DI,-,経営動向,-,やや減少,-,,5080
2011-08-01,来客数DI,-,経営動向,-,変わらない,-,,2360
2011-08-01,来客数DI,-,経営動向,-,やや増加,-,,1630
2011-08-01,来客数DI,-,経営動向,-,かなり増加,-,,220
2011-09-01,来客数DI,-,経営動向,-,かなり減少,-,,760
2011-09-01,来客数DI,-,経営動向,-,やや減少,-,,4840
2011-09-01,来客数DI,-,経営動向,-,変わらない,-,,2730
2011-09-01,来客数DI,-,経営動向,-,やや増加,-,,1450
2011-09-01,来客数DI,-,経営動向,-,かなり増加,-,,210
2011-10-01,来客数DI,-,経営動向,-,かなり減少,-,,650
2011-10-01,来客数DI,-,経営動向,-,やや減少,-,,4640
2011-10-01,来客数DI,-,経営動向,-,変わらない,-,,2390
2011-10-01,来客数DI,-,経営動向,-,やや増加,-,,2180
2011-10-01,来客数DI,-,経営動向,-,かなり増加,-,,140
2011-11-01,来客数DI,-,経営動向,-,かなり減少,-,,840
2011-11-01,来客数DI,-,経営動向,-,やや減少,-,,4900
2011-11-01,来客数DI,-,経営動向,-,変わらない,-,,2570
2011-11-01,来客数DI,-,経営動向,-,やや増加,-,,1590
2011-11-01,来客数DI,-,経営動向,-,かなり増加,-,,100
2011-12-01,来客数DI,-,経営動向,-,かなり減少,-,,740
2011-12-01,来客数DI,-,経営動向,-,やや減少,-,,3960
2011-12-01,来客数DI,-,経営動向,-,変わらない,-,,3160
2011-12-01,来客数DI,-,経営動向,-,やや増加,-,,2000
2011-12-01,来客数DI,-,経営動向,-,かなり増加,-,,140
2012-01-01,来客数DI,-,経営動向,-,かなり減少,-,,500
2012-01-01,来客数DI,-,経営動向,-,やや減少,-,,4670
2012-01-01,来客数DI,-,経営動向,-,変わらない,-,,2920
2012-01-01,来客数DI,-,経営動向,-,やや増加,-,,1820
2012-01-01,来客数DI,-,経営動向,-,かなり増加,-,,90
2012-02-01,来客数DI,-,経営動向,-,かなり減少,-,,430
2012-02-01,来客数DI,-,経営動向,-,やや減少,-,,4230
2012-02-01,来客数DI,-,経営動向,-,変わらない,-,,2930
2012-02-01,来客数DI,-,経営動向,-,やや増加,-,,2230
2012-02-01,来客数DI,-,経営動向,-,かなり増加,-,,170
2012-03-01,来客数DI,-,経営動向,-,かなり減少,-,,1340
2012-03-01,来客数DI,-,経営動向,-,やや減少,-,,4760
2012-03-01,来客数DI,-,経営動向,-,変わらない,-,,2170
2012-03-01,来客数DI,-,経営動向,-,やや増加,-,,1410
2012-03-01,来客数DI,-,経営動向,-,かなり増加,-,,310
2012-04-01,来客数DI,-,経営動向,-,かなり減少,-,,850
2012-04-01,来客数DI,-,経営動向,-,やや減少,-,,5540
2012-04-01,来客数DI,-,経営動向,-,変わらない,-,,2230
2012-04-01,来客数DI,-,経営動向,-,やや増加,-,,1250
2012-04-01,来客数DI,-,経営動向,-,かなり増加,-,,130
2012-05-01,来客数DI,-,経営動向,-,かなり減少,-,,630
2012-05-01,来客数DI,-,経営動向,-,やや減少,-,,4330
2012-05-01,来客数DI,-,経営動向,-,変わらない,-,,2600
2012-05-01,来客数DI,-,経営動向,-,やや増加,-,,2230
2012-05-01,来客数DI,-,経営動向,-,かなり増加,-,,200
2012-06-01,来客数DI,-,経営動向,-,かなり減少,-,,810
2012-06-01,来客数DI,-,経営動向,-,やや減少,-,,4550
2012-06-01,来客数DI,-,経営動向,-,変わらない,-,,2590
2012-06-01,来客数DI,-,経営動向,-,やや増加,-,,1920
2012-06-01,来客数DI,-,経営動向,-,かなり増加,-,,130
2012-07-01,来客数DI,-,経営動向,-,かなり減少,-,,1150
2012-07-01,来客数DI,-,経営動向,-,やや減少,-,,5340
2012-07-01,来客数DI,-,経営動向,-,変わらない,-,,2360
2012-07-01,来客数DI,-,経営動向,-,やや増加,-,,1010
2012-07-01,来客数DI,-,経営動向,-,かなり増加,-,,140
2012-08-01,来客数DI,-,経営動向,-,かなり減少,-,,940
2012-08-01,来客数DI,-,経営動向,-,やや減少,-,,4580
2012-08-01,来客数DI,-,経営動向,-,変わらない,-,,2740
2012-08-01,来客数DI,-,経営動向,-,やや増加,-,,1600
2012-08-01,来客数DI,-,経営動向,-,かなり増加,-,,140
2012-09-01,来客数DI,-,経営動向,-,かなり減少,-,,600
2012-09-01,来客数DI,-,経営動向,-,やや減少,-,,4810
2012-09-01,来客数DI,-,経営動向,-,変わらない,-,,2860
2012-09-01,来客数DI,-,経営動向,-,やや増加,-,,1480
2012-09-01,来客数DI,-,経営動向,-,かなり増加,-,,250
2012-10-01,来客数DI,-,経営動向,-,かなり減少,-,,810
2012-10-01,来客数DI,-,経営動向,-,やや減少,-,,4540
2012-10-01,来客数DI,-,経営動向,-,変わらない,-,,3040
2012-10-01,来客数DI,-,経営動向,-,やや増加,-,,1500
2012-10-01,来客数DI,-,経営動向,-,かなり増加,-,,110
2012-11-01,来客数DI,-,経営動向,-,かなり減少,-,,890
2012-11-01,来客数DI,-,経営動向,-,やや減少,-,,5170
2012-11-01,来客数DI,-,経営動向,-,変わらない,-,,2800
2012-11-01,来客数DI,-,経営動向,-,やや増加,-,,1000
2012-11-01,来客数DI,-,経営動向,-,かなり増加,-,,150
2012-12-01,来客数DI,-,経営動向,-,かなり減少,-,,790
2012-12-01,来客数DI,-,経営動向,-,やや減少,-,,4320
2012-12-01,来客数DI,-,経営動向,-,変わらない,-,,2810
2012-12-01,来客数DI,-,経営動向,-,やや増加,-,,1940
2012-12-01,来客数DI,-,経営動向,-,かなり増加,-,,140
2013-01-01,来客数DI,-,経営動向,-,かなり減少,-,,730
2013-01-01,来客数DI,-,経営動向,-,やや減少,-,,5110
2013-01-01,来客数DI,-,経営動向,-,変わらない,-,,2700
2013-01-01,来客数DI,-,経営動向,-,やや増加,-,,1420
2013-01-01,来客数DI,-,経営動向,-,かなり増加,-,,40
2013-02-01,来客数DI,-,経営動向,-,かなり減少,-,,1410
2013-02-01,来客数DI,-,経営動向,-,やや減少,-,,5580
2013-02-01,来客数DI,-,経営動向,-,変わらない,-,,2270
2013-02-01,来客数DI,-,経営動向,-,やや増加,-,,710
2013-02-01,来客数DI,-,経営動向,-,かなり増加,-,,40
2013-03-01,来客数DI,-,経営動向,-,かなり減少,-,,760
2013-03-01,来客数DI,-,経営動向,-,やや減少,-,,4130
2013-03-01,来客数DI,-,経営動向,-,変わらない,-,,2920
2013-03-01,来客数DI,-,経営動向,-,やや増加,-,,2010
2013-03-01,来客数DI,-,経営動向,-,かなり増加,-,,190
2013-04-01,来客数DI,-,経営動向,-,かなり減少,-,,910
2013-04-01,来客数DI,-,経営動向,-,やや減少,-,,4360
2013-04-01,来客数DI,-,経営動向,-,変わらない,-,,2950
2013-04-01,来客数DI,-,経営動向,-,やや増加,-,,1700
2013-04-01,来客数DI,-,経営動向,-,かなり増加,-,,80
2013-05-01,来客数DI,-,経営動向,-,かなり減少,-,,500
2013-05-01,来客数DI,-,経営動向,-,やや減少,-,,4670
2013-05-01,来客数DI,-,経営動向,-,変わらない,-,,2910
2013-05-01,来客数DI,-,経営動向,-,やや増加,-,,1840
2013-05-01,来客数DI,-,経営動向,-,かなり増加,-,,80
2013-06-01,来客数DI,-,経営動向,-,かなり減少,-,,680
2013-06-01,来客数DI,-,経営動向,-,やや減少,-,,3350
2013-06-01,来客数DI,-,経営動向,-,変わらない,-,,3190
2013-06-01,来客数DI,-,経営動向,-,やや増加,-,,2700
2013-06-01,来客数DI,-,経営動向,-,かなり増加,-,,80
2013-07-01,来客数DI,-,経営動向,-,かなり減少,-,,650
2013-07-01,来客数DI,-,経営動向,-,やや減少,-,,3800
2013-07-01,来客数DI,-,経営動向,-,変わらない,-,,3120
2013-07-01,来客数DI,-,経営動向,-,やや増加,-,,2360
2013-07-01,来客数DI,-,経営動向,-,かなり増加,-,,80
2013-08-01,来客数DI,-,経営動向,-,かなり減少,-,,610
2013-08-01,来客数DI,-,経営動向,-,やや減少,-,,3930
2013-08-01,来客数DI,-,経営動向,-,変わらない,-,,3200
2013-08-01,来客数DI,-,経営動向,-,やや増加,-,,2170
2013-08-01,来客数DI,-,経営動向,-,かなり増加,-,,80
2013-09-01,来客数DI,-,経営動向,-,かなり減少,-,,560
2013-09-01,来客数DI,-,経営動向,-,やや減少,-,,4160
2013-09-01,来客数DI,-,経営動向,-,変わらない,-,,3160
2013-09-01,来客数DI,-,経営動向,-,やや増加,-,,2080
2013-09-01,来客数DI,-,経営動向,-,かなり増加,-,,40
2013-10-01,来客数DI,-,経営動向,-,かなり減少,-,,540
2013-10-01,来客数DI,-,経営動向,-,やや減少,-,,4240
2013-10-01,来客数DI,-,経営動向,-,変わらない,-,,2920
2013-10-01,来客数DI,-,経営動向,-,やや増加,-,,2260
2013-10-01,来客数DI,-,経営動向,-,かなり増加,-,,40
2013-11-01,来客数DI,-,経営動向,-,かなり減少,-,,150
2013-11-01,来客数DI,-,経営動向,-,やや減少,-,,2930
2013-11-01,来客数DI,-,経営動向,-,変わらない,-,,3270
2013-11-01,来客数DI,-,経営動向,-,やや増加,-,,3380
2013-11-01,来客数DI,-,経営動向,-,かなり増加,-,,270
2013-12-01,来客数DI,-,経営動向,-,かなり減少,-,,460
2013-12-01,来客数DI,-,経営動向,-,やや減少,-,,3140
2013-12-01,来客数DI,-,経営動向,-,変わらない,-,,3100
2013-12-01,来客数DI,-,経営動向,-,やや増加,-,,3140
2013-12-01,来客数DI,-,経営動向,-,かなり増加,-,,150
2014-01-01,来客数DI,-,経営動向,-,かなり減少,-,,330
2014-01-01,来客数DI,-,経営動向,-,やや減少,-,,3140
2014-01-01,来客数DI,-,経営動向,-,変わらない,-,,3510
2014-01-01,来客数DI,-,経営動向,-,やや増加,-,,3010
2014-01-01,来客数DI,-,経営動向,-,かなり増加,-,,0
2014-02-01,来客数DI,-,経営動向,-,かなり減少,-,,540
2014-02-01,来客数DI,-,経営動向,-,やや減少,-,,3650
2014-02-01,来客数DI,-,経営動向,-,変わらない,-,,3030
2014-02-01,来客数DI,-,経営動向,-,やや増加,-,,2700
2014-02-01,来客数DI,-,経営動向,-,かなり増加,-,,80
2014-03-01,来客数DI,-,経営動向,-,かなり減少,-,,370
2014-03-01,来客数DI,-,経営動向,-,やや減少,-,,2720
2014-03-01,来客数DI,-,経営動向,-,変わらない,-,,2670
2014-03-01,来客数DI,-,経営動向,-,やや増加,-,,3910
2014-03-01,来客数DI,-,経営動向,-,かなり増加,-,,330
2014-04-01,来客数DI,-,経営動向,-,かなり減少,-,,1540
2014-04-01,来客数DI,-,経営動向,-,やや減少,-,,4350
2014-04-01,来客数DI,-,経営動向,-,変わらない,-,,2720
2014-04-01,来客数DI,-,経営動向,-,やや増加,-,,1380
2014-04-01,来客数DI,-,経営動向,-,かなり増加,-,,0
2014-05-01,来客数DI,-,経営動向,-,かなり減少,-,,1040
2014-05-01,来客数DI,-,経営動向,-,やや減少,-,,3680
2014-05-01,来客数DI,-,経営動向,-,変わらない,-,,2640
2014-05-01,来客数DI,-,経営動向,-,やや増加,-,,2600
2014-05-01,来客数DI,-,経営動向,-,かなり増加,-,,40
2014-06-01,来客数DI,-,経営動向,-,かなり減少,-,,940
2014-06-01,来客数DI,-,経営動向,-,やや減少,-,,4490
2014-06-01,来客数DI,-,経営動向,-,変わらない,-,,2690
2014-06-01,来客数DI,-,経営動向,-,やや増加,-,,1840
2014-06-01,来客数DI,-,経営動向,-,かなり増加,-,,40
2014-07-01,来客数DI,-,経営動向,-,かなり減少,-,,1030
2014-07-01,来客数DI,-,経営動向,-,やや減少,-,,4590
2014-07-01,来客数DI,-,経営動向,-,変わらない,-,,2700
2014-07-01,来客数DI,-,経営動向,-,やや増加,-,,1630
2014-07-01,来客数DI,-,経営動向,-,かなり増加,-,,40
2014-08-01,来客数DI,-,経営動向,-,かなり減少,-,,1020
2014-08-01,来客数DI,-,経営動向,-,やや減少,-,,4220
2014-08-01,来客数DI,-,経営動向,-,変わらない,-,,3030
2014-08-01,来客数DI,-,経営動向,-,やや増加,-,,1720
2014-08-01,来客数DI,-,経営動向,-,かなり増加,-,,0
2014-09-01,来客数DI,-,経営動向,-,かなり減少,-,,1260
2014-09-01,来客数DI,-,経営動向,-,やや減少,-,,4100
2014-09-01,来客数DI,-,経営動向,-,変わらない,-,,2840
2014-09-01,来客数DI,-,経営動向,-,やや増加,-,,1710
2014-09-01,来客数DI,-,経営動向,-,かなり増加,-,,90
2014-10-01,来客数DI,-,経営動向,-,かなり減少,-,,1040
2014-10-01,来客数DI,-,経営動向,-,やや減少,-,,4010
2014-10-01,来客数DI,-,経営動向,-,変わらない,-,,3600
2014-10-01,来客数DI,-,経営動向,-,やや増加,-,,1310
2014-10-01,来客数DI,-,経営動向,-,かなり増加,-,,50
2014-11-01,来客数DI,-,経営動向,-,かなり減少,-,,1070
2014-11-01,来客数DI,-,経営動向,-,やや減少,-,,4000
2014-11-01,来客数DI,-,経営動向,-,変わらない,-,,3120
2014-11-01,来客数DI,-,経営動向,-,やや増加,-,,1810
2014-11-01,来客数DI,-,経営動向,-,かなり増加,-,,0
2014-12-01,来客数DI,-,経営動向,-,かなり減少,-,,1330
2014-12-01,来客数DI,-,経営動向,-,やや減少,-,,4690
2014-12-01,来客数DI,-,経営動向,-,変わらない,-,,2760
2014-12-01,来客数DI,-,経営動向,-,やや増加,-,,1220
2014-12-01,来客数DI,-,経営動向,-,かなり増加,-,,0
2015-01-01,来客数DI,-,経営動向,-,かなり減少,-,,1120
2015-01-01,来客数DI,-,経営動向,-,やや減少,-,,3900
2015-01-01,来客数DI,-,経営動向,-,変わらない,-,,3230
2015-01-01,来客数DI,-,経営動向,-,やや増加,-,,1750
2015-01-01,来客数DI,-,経営動向,-,かなり増加,-,,0
2015-02-01,来客数DI,-,経営動向,-,かなり減少,-,,720
2015-02-01,来客数DI,-,経営動向,-,やや減少,-,,3410
2015-02-01,来客数DI,-,経営動向,-,変わらない,-,,3230
2015-02-01,来客数DI,-,経営動向,-,やや増加,-,,2330
2015-02-01,来客数DI,-,経営動向,-,かなり増加,-,,310
2015-03-01,来客数DI,-,経営動向,-,かなり減少,-,,1070
2015-03-01,来客数DI,-,経営動向,-,やや減少,-,,4330
2015-03-01,来客数DI,-,経営動向,-,変わらない,-,,2500
2015-03-01,来客数DI,-,経営動向,-,やや増加,-,,2050
2015-03-01,来客数DI,-,経営動向,-,かなり増加,-,,40
2015-04-01,来客数DI,-,経営動向,-,かなり減少,-,,360
2015-04-01,来客数DI,-,経営動向,-,やや減少,-,,2040
2015-04-01,来客数DI,-,経営動向,-,変わらない,-,,3290
2015-04-01,来客数DI,-,経営動向,-,やや増加,-,,4000
2015-04-01,来客数DI,-,経営動向,-,かなり増加,-,,310
2015-05-01,来客数DI,-,経営動向,-,かなり減少,-,,440
2015-05-01,来客数DI,-,経営動向,-,やや減少,-,,2260
2015-05-01,来客数DI,-,経営動向,-,変わらない,-,,3230
2015-05-01,来客数DI,-,経営動向,-,やや増加,-,,3630
2015-05-01,来客数DI,-,経営動向,-,かなり増加,-,,440
2015-06-01,来客数DI,-,経営動向,-,かなり減少,-,,470
2015-06-01,来客数DI,-,経営動向,-,やや減少,-,,3490
2015-06-01,来客数DI,-,経営動向,-,変わらない,-,,3350
2015-06-01,来客数DI,-,経営動向,-,やや増加,-,,2560
2015-06-01,来客数DI,-,経営動向,-,かなり増加,-,,140
2015-07-01,来客数DI,-,経営動向,-,かなり減少,-,,580
2015-07-01,来客数DI,-,経営動向,-,やや減少,-,,3160
2015-07-01,来客数DI,-,経営動向,-,変わらない,-,,3690
2015-07-01,来客数DI,-,経営動向,-,やや増加,-,,2530
2015-07-01,来客数DI,-,経営動向,-,かなり増加,-,,40
2015-08-01,来客数DI,-,経営動向,-,かなり減少,-,,630
2015-08-01,来客数DI,-,経営動向,-,やや減少,-,,2790
2015-08-01,来客数DI,-,経営動向,-,変わらない,-,,3920
2015-08-01,来客数DI,-,経営動向,-,やや増加,-,,2570
2015-08-01,来客数DI,-,経営動向,-,かなり増加,-,,90
2015-09-01,来客数DI,-,経営動向,-,かなり減少,-,,680
2015-09-01,来客数DI,-,経営動向,-,やや減少,-,,3740
2015-09-01,来客数DI,-,経営動向,-,変わらない,-,,3420
2015-09-01,来客数DI,-,経営動向,-,やや増加,-,,2010
2015-09-01,来客数DI,-,経営動向,-,かなり増加,-,,140
2015-10-01,来客数DI,-,経営動向,-,かなり減少,-,,490
2015-10-01,来客数DI,-,経営動向,-,やや減少,-,,3300
2015-10-01,来客数DI,-,経営動向,-,変わらない,-,,3660
2015-10-01,来客数DI,-,経営動向,-,やや増加,-,,2410
2015-10-01,来客数DI,-,経営動向,-,かなり増加,-,,130
2015-11-01,来客数DI,-,経営動向,-,かなり減少,-,,940
2015-11-01,来客数DI,-,経営動向,-,やや減少,-,,3880
2015-11-01,来客数DI,-,経営動向,-,変わらない,-,,3530
2015-11-01,来客数DI,-,経営動向,-,やや増加,-,,1520
2015-11-01,来客数DI,-,経営動向,-,かなり増加,-,,130
2015-12-01,来客数DI,-,経営動向,-,かなり減少,-,,450
2015-12-01,来客数DI,-,経営動向,-,やや減少,-,,3330
2015-12-01,来客数DI,-,経営動向,-,変わらない,-,,3420
2015-12-01,来客数DI,-,経営動向,-,やや増加,-,,2610
2015-12-01,来客数DI,-,経営動向,-,かなり増加,-,,180
2016-01-01,来客数DI,-,経営動向,-,かなり減少,-,,410
2016-01-01,来客数DI,-,経営動向,-,やや減少,-,,3140
2016-01-01,来客数DI,-,経営動向,-,変わらない,-,,3950
2016-01-01,来客数DI,-,経営動向,-,やや増加,-,,2270
2016-01-01,来客数DI,-,経営動向,-,かなり増加,-,,230
2016-02-01,来客数DI,-,経営動向,-,かなり減少,-,,190
2016-02-01,来客数DI,-,経営動向,-,やや減少,-,,2610
2016-02-01,来客数DI,-,経営動向,-,変わらない,-,,3740
2016-02-01,来客数DI,-,経営動向,-,やや増加,-,,3270
2016-02-01,来客数DI,-,経営動向,-,かなり増加,-,,190
2016-03-01,来客数DI,-,経営動向,-,かなり減少,-,,430
2016-03-01,来客数DI,-,経営動向,-,やや減少,-,,3570
2016-03-01,来客数DI,-,経営動向,-,変わらない,-,,4050
2016-03-01,来客数DI,-,経営動向,-,やや増加,-,,1860
2016-03-01,来客数DI,-,経営動向,-,かなり増加,-,,100
2016-04-01,来客数DI,-,経営動向,-,かなり減少,-,,530
2016-04-01,来客数DI,-,経営動向,-,やや減少,-,,4030
2016-04-01,来客数DI,-,経営動向,-,変わらない,-,,3300
2016-04-01,来客数DI,-,経営動向,-,やや増加,-,,2040
2016-04-01,来客数DI,-,経営動向,-,かなり増加,-,,100
2016-05-01,来客数DI,-,経営動向,-,かなり減少,-,,590
2016-05-01,来客数DI,-,経営動向,-,やや減少,-,,4930
2016-05-01,来客数DI,-,経営動向,-,変わらない,-,,3150
2016-05-01,来客数DI,-,経営動向,-,やや増加,-,,1280
2016-05-01,来客数DI,-,経営動向,-,かなり増加,-,,50
2016-06-01,来客数DI,-,経営動向,-,かなり減少,-,,540
2016-06-01,来客数DI,-,経営動向,-,やや減少,-,,4600
2016-06-01,来客数DI,-,経営動向,-,変わらない,-,,3710
2016-06-01,来客数DI,-,経営動向,-,やや増加,-,,1090
2016-06-01,来客数DI,-,経営動向,-,かなり増加,-,,50
2016-07-01,来客数DI,-,経営動向,-,かなり減少,-,,450
2016-07-01,来客数DI,-,経営動向,-,やや減少,-,,3650
2016-07-01,来客数DI,-,経営動向,-,変わらない,-,,4250
2016-07-01,来客数DI,-,経営動向,-,やや増加,-,,1550
2016-07-01,来客数DI,-,経営動向,-,かなり増加,-,,100
2016-08-01,来客数DI,-,経営動向,-,かなり減少,-,,830
2016-08-01,来客数DI,-,経営動向,-,やや減少,-,,5320
2016-08-01,来客数DI,-,経営動向,-,変わらない,-,,2680
2016-08-01,来客数DI,-,経営動向,-,やや増加,-,,1120
2016-08-01,来客数DI,-,経営動向,-,かなり増加,-,,50
2016-09-01,来客数DI,-,経営動向,-,かなり減少,-,,780
2016-09-01,来客数DI,-,経営動向,-,やや減少,-,,4220
2016-09-01,来客数DI,-,経営動向,-,変わらない,-,,3590
2016-09-01,来客数DI,-,経営動向,-,やや増加,-,,1360
2016-09-01,来客数DI,-,経営動向,-,かなり増加,-,,50
2016-10-01,来客数DI,-,経営動向,-,かなり減少,-,,390
2016-10-01,来客数DI,-,経営動向,-,やや減少,-,,3740
2016-10-01,来客数DI,-,経営動向,-,変わらない,-,,3740
2016-10-01,来客数DI,-,経営動向,-,やや増加,-,,2120
2016-10-01,来客数DI,-,経営動向,-,かなり増加,-,,0
2016-11-01,来客数DI,-,経営動向,-,かなり減少,-,,450
2016-11-01,来客数DI,-,経営動向,-,やや減少,-,,3830
2016-11-01,来客数DI,-,経営動向,-,変わらない,-,,3280
2016-11-01,来客数DI,-,経営動向,-,やや増加,-,,2290
2016-11-01,来客数DI,-,経営動向,-,かなり増加,-,,150
2016-12-01,来客数DI,-,経営動向,-,かなり減少,-,,500
2016-12-01,来客数DI,-,経営動向,-,やや減少,-,,4580
2016-12-01,来客数DI,-,経営動向,-,変わらない,-,,3330
2016-12-01,来客数DI,-,経営動向,-,やや増加,-,,1590
2016-12-01,来客数DI,-,経営動向,-,かなり増加,-,,0
2017-01-01,来客数DI,-,経営動向,-,かなり減少,-,,850
2017-01-01,来客数DI,-,経営動向,-,やや減少,-,,4600
2017-01-01,来客数DI,-,経営動向,-,変わらない,-,,3500
2017-01-01,来客数DI,-,経営動向,-,やや増加,-,,1050
2017-01-01,来客数DI,-,経営動向,-,かなり増加,-,,0
2017-02-01,来客数DI,-,経営動向,-,かなり減少,-,,1370
2017-02-01,来客数DI,-,経営動向,-,やや減少,-,,5180
2017-02-01,来客数DI,-,経営動向,-,変わらない,-,,2990
2017-02-01,来客数DI,-,経営動向,-,やや増加,-,,460
2017-02-01,来客数DI,-,経営動向,-,かなり増加,-,,0
2017-03-01,来客数DI,-,経営動向,-,かなり減少,-,,1000
2017-03-01,来客数DI,-,経営動向,-,やや減少,-,,4680
2017-03-01,来客数DI,-,経営動向,-,変わらない,-,,3180
2017-03-01,来客数DI,-,経営動向,-,やや増加,-,,1140
2017-03-01,来客数DI,-,経営動向,-,かなり増加,-,,0
2017-04-01,来客数DI,-,経営動向,-,かなり減少,-,,760
2017-04-01,来客数DI,-,経営動向,-,やや減少,-,,3980
2017-04-01,来客数DI,-,経営動向,-,変わらない,-,,3930
2017-04-01,来客数DI,-,経営動向,-,やや増加,-,,1230
2017-04-01,来客数DI,-,経営動向,-,かなり増加,-,,90
2017-05-01,来客数DI,-,経営動向,-,かなり減少,-,,710
2017-05-01,来客数DI,-,経営動向,-,やや減少,-,,4050
2017-05-01,来客数DI,-,経営動向,-,変わらない,-,,3520
2017-05-01,来客数DI,-,経営動向,-,やや増加,-,,1670
2017-05-01,来客数DI,-,経営動向,-,かなり増加,-,,50
2017-06-01,来客数DI,-,経営動向,-,かなり減少,-,,740
2017-06-01,来客数DI,-,経営動向,-,やや減少,-,,4090
2017-06-01,来客数DI,-,経営動向,-,変わらない,-,,3690
2017-06-01,来客数DI,-,経営動向,-,やや増加,-,,1480
2017-06-01,来客数DI,-,経営動向,-,かなり増加,-,,0
2017-07-01,来客数DI,-,経営動向,-,かなり減少,-,,960
2017-07-01,来客数DI,-,経営動向,-,やや減少,-,,4820
2017-07-01,来客数DI,-,経営動向,-,変わらない,-,,2890
2017-07-01,来客数DI,-,経営動向,-,やや増加,-,,1320
2017-07-01,来客数DI,-,経営動向,-,かなり増加,-,,0
2017-08-01,来客数DI,-,経営動向,-,かなり減少,-,,890
2017-08-01,来客数DI,-,経営動向,-,やや減少,-,,3840
2017-08-01,来客数DI,-,経営動向,-,変わらない,-,,3890
2017-08-01,来客数DI,-,経営動向,-,やや増加,-,,1330
2017-08-01,来客数DI,-,経営動向,-,かなり増加,-,,50
2017-09-01,来客数DI,-,経営動向,-,かなり減少,-,,970
2017-09-01,来客数DI,-,経営動向,-,やや減少,-,,4000
2017-09-01,来客数DI,-,経営動向,-,変わらない,-,,3490
2017-09-01,来客数DI,-,経営動向,-,やや増加,-,,1440
2017-09-01,来客数DI,-,経営動向,-,かなり増加,-,,100
2017-10-01,来客数DI,-,経営動向,-,かなり減少,-,,1530
2017-10-01,来客数DI,-,経営動向,-,やや減少,-,,4950
2017-10-01,来客数DI,-,経営動向,-,変わらない,-,,2890
2017-10-01,来客数DI,-,経営動向,-,やや増加,-,,530
2017-10-01,来客数DI,-,経営動向,-,かなり増加,-,,110
2017-11-01,来客数DI,-,経営動向,-,かなり減少,-,,1080
2017-11-01,来客数DI,-,経営動向,-,やや減少,-,,4360
2017-11-01,来客数DI,-,経営動向,-,変わらない,-,,3480
2017-11-01,来客数DI,-,経営動向,-,やや増加,-,,1080
2017-11-01,来客数DI,-,経営動向,-,かなり増加,-,,0
2017-12-01,来客数DI,-,経営動向,-,かなり減少,-,,820
2017-12-01,来客数DI,-,経営動向,-,やや減少,-,,3980
2017-12-01,来客数DI,-,経営動向,-,変わらない,-,,3160
2017-12-01,来客数DI,-,経営動向,-,やや増加,-,,1940
2017-12-01,来客数DI,-,経営動向,-,かなり増加,-,,100
2018-01-01,来客数DI,-,経営動向,-,かなり減少,-,,1020
2018-01-01,来客数DI,-,経営動向,-,やや減少,-,,4260
2018-01-01,来客数DI,-,経営動向,-,変わらない,-,,3450
2018-01-01,来客数DI,-,経営動向,-,やや増加,-,,1220
2018-01-01,来客数DI,-,経営動向,-,かなり増加,-,,50
2018-02-01,来客数DI,-,経営動向,-,かなり減少,-,,1110
2018-02-01,来客数DI,-,経営動向,-,やや減少,-,,4720
2018-02-01,来客数DI,-,経営動向,-,変わらない,-,,3270
2018-02-01,来客数DI,-,経営動向,-,やや増加,-,,800
2018-02-01,来客数DI,-,経営動向,-,かなり増加,-,,100
2018-03-01,来客数DI,-,経営動向,-,かなり減少,-,,1150
2018-03-01,来客数DI,-,経営動向,-,やや減少,-,,4900
2018-03-01,来客数DI,-,経営動向,-,変わらない,-,,2950
2018-03-01,来客数DI,-,経営動向,-,やや増加,-,,900
2018-03-01,来客数DI,-,経営動向,-,かなり増加,-,,100
2018-04-01,来客数DI,-,経営動向,-,かなり減少,-,,1150
2018-04-01,来客数DI,-,経営動向,-,やや減少,-,,5350
2018-04-01,来客数DI,-,経営動向,-,変わらない,-,,2400
2018-04-01,来客数DI,-,経営動向,-,やや増加,-,,1050
2018-04-01,来客数DI,-,経営動向,-,かなり増加,-,,50
2018-05-01,来客数DI,-,経営動向,-,かなり減少,-,,1460
2018-05-01,来客数DI,-,経営動向,-,やや減少,-,,5100
2018-05-01,来客数DI,-,経営動向,-,変わらない,-,,2780
2018-05-01,来客数DI,-,経営動向,-,やや増加,-,,610
2018-05-01,来客数DI,-,経営動向,-,かなり増加,-,,50
2018-06-01,来客数DI,-,経営動向,-,かなり減少,-,,1370
2018-06-01,来客数DI,-,経営動向,-,やや減少,-,,4850
2018-06-01,来客数DI,-,経営動向,-,変わらない,-,,2840
2018-06-01,来客数DI,-,経営動向,-,やや増加,-,,880
2018-06-01,来客数DI,-,経営動向,-,かなり増加,-,,50
2018-07-01,来客数DI,-,経営動向,-,かなり減少,-,,630
2018-07-01,来客数DI,-,経営動向,-,やや減少,-,,4790
2018-07-01,来客数DI,-,経営動向,-,変わらない,-,,3180
2018-07-01,来客数DI,-,経営動向,-,やや増加,-,,1350
2018-07-01,来客数DI,-,経営動向,-,かなり増加,-,,50
2018-08-01,来客数DI,-,経営動向,-,かなり減少,-,,1080
2018-08-01,来客数DI,-,経営動向,-,やや減少,-,,4680
2018-08-01,来客数DI,-,経営動向,-,変わらない,-,,2850
2018-08-01,来客数DI,-,経営動向,-,やや増加,-,,1290
2018-08-01,来客数DI,-,経営動向,-,かなり増加,-,,110
2018-09-01,来客数DI,-,経営動向,-,かなり減少,-,,1020
2018-09-01,来客数DI,-,経営動向,-,やや減少,-,,4600
2018-09-01,来客数DI,-,経営動向,-,変わらない,-,,2890
2018-09-01,来客数DI,-,経営動向,-,やや増加,-,,1180
2018-09-01,来客数DI,-,経営動向,-,かなり増加,-,,320
2018-10-01,来客数DI,-,経営動向,-,かなり減少,-,,970
2018-10-01,来客数DI,-,経営動向,-,やや減少,-,,3710
2018-10-01,来客数DI,-,経営動向,-,変わらない,-,,3120
2018-10-01,来客数DI,-,経営動向,-,やや増加,-,,1880
2018-10-01,来客数DI,-,経営動向,-,かなり増加,-,,320
2018-11-01,来客数DI,-,経営動向,-,かなり減少,-,,1380
2018-11-01,来客数DI,-,経営動向,-,やや減少,-,,4790
2018-11-01,来客数DI,-,経営動向,-,変わらない,-,,2290
2018-11-01,来客数DI,-,経営動向,-,やや増加,-,,1380
2018-11-01,来客数DI,-,経営動向,-,かなり増加,-,,160
2018-12-01,来客数DI,-,経営動向,-,かなり減少,-,,1560
2018-12-01,来客数DI,-,経営動向,-,やや減少,-,,4360
2018-12-01,来客数DI,-,経営動向,-,変わらない,-,,3070
2018-12-01,来客数DI,-,経営動向,-,やや増加,-,,950
2018-12-01,来客数DI,-,経営動向,-,かなり増加,-,,60
2019-01-01,来客数DI,-,経営動向,-,かなり減少,-,,1620
2019-01-01,来客数DI,-,経営動向,-,やや減少,-,,3890
2019-01-01,来客数DI,-,経営動向,-,変わらない,-,,2810
2019-01-01,来客数DI,-,経営動向,-,やや増加,-,,1510
2019-01-01,来客数DI,-,経営動向,-,かなり増加,-,,160
2019-02-01,来客数DI,-,経営動向,-,かなり減少,-,,1300
2019-02-01,来客数DI,-,経営動向,-,やや減少,-,,4950
2019-02-01,来客数DI,-,経営動向,-,変わらない,-,,2240
2019-02-01,来客数DI,-,経営動向,-,やや増加,-,,1300
2019-02-01,来客数DI,-,経営動向,-,かなり増加,-,,210
2019-03-01,来客数DI,-,経営動向,-,かなり減少,-,,890
2019-03-01,来客数DI,-,経営動向,-,やや減少,-,,4110
2019-03-01,来客数DI,-,経営動向,-,変わらない,-,,3630
2019-03-01,来客数DI,-,経営動向,-,やや増加,-,,1210
2019-03-01,来客数DI,-,経営動向,-,かなり増加,-,,160
2019-04-01,来客数DI,-,経営動向,-,かなり減少,-,,1030
2019-04-01,来客数DI,-,経営動向,-,やや減少,-,,5000
2019-04-01,来客数DI,-,経営動向,-,変わらない,-,,2550
2019-04-01,来客数DI,-,経営動向,-,やや増加,-,,1200
2019-04-01,来客数DI,-,経営動向,-,かなり増加,-,,220
2019-05-01,来客数DI,-,経営動向,-,かなり減少,-,,990
2019-05-01,来客数DI,-,経営動向,-,やや減少,-,,4350
2019-05-01,来客数DI,-,経営動向,-,変わらない,-,,2670
2019-05-01,来客数DI,-,経営動向,-,やや増加,-,,1880
2019-05-01,来客数DI,-,経営動向,-,かなり増加,-,,100
2019-06-01,来客数DI,-,経営動向,-,かなり減少,-,,940
2019-06-01,来客数DI,-,経営動向,-,やや減少,-,,4140
2019-06-01,来客数DI,-,経営動向,-,変わらない,-,,3140
2019-06-01,来客数DI,-,経営動向,-,やや増加,-,,1620
2019-06-01,来客数DI,-,経営動向,-,かなり増加,-,,160
2019-07-01,来客数DI,-,経営動向,-,かなり減少,-,,1970
2019-07-01,来客数DI,-,経営動向,-,やや減少,-,,4920
2019-07-01,来客数DI,-,経営動向,-,変わらない,-,,2190
2019-07-01,来客数DI,-,経営動向,-,やや増加,-,,870
2019-07-01,来客数DI,-,経営動向,-,かなり増加,-,,50
2019-08-01,来客数DI,-,経営動向,-,かなり減少,-,,1460
2019-08-01,来客数DI,-,経営動向,-,やや減少,-,,4740
2019-08-01,来客数DI,-,経営動向,-,変わらない,-,,2510
2019-08-01,来客数DI,-,経営動向,-,やや増加,-,,1170
2019-08-01,来客数DI,-,経営動向,-,かなり増加,-,,120
2019-09-01,来客数DI,-,経営動向,-,かなり減少,-,,1130
2019-09-01,来客数DI,-,経営動向,-,やや減少,-,,3450
2019-09-01,来客数DI,-,経営動向,-,変わらない,-,,2980
2019-09-01,来客数DI,-,経営動向,-,やや増加,-,,2020
2019-09-01,来客数DI,-,経営動向,-,かなり増加,-,,420
2019-10-01,来客数DI,-,経営動向,-,かなり減少,-,,1680
2019-10-01,来客数DI,-,経営動向,-,やや減少,-,,4110
2019-10-01,来客数DI,-,経営動向,-,変わらない,-,,2970
2019-10-01,来客数DI,-,経営動向,-,やや増加,-,,1030
2019-10-01,来客数DI,-,経営動向,-,かなり増加,-,,220
2019-11-01,来客数DI,-,経営動向,-,かなり減少,-,,1150
2019-11-01,来客数DI,-,経営動向,-,やや減少,-,,3850
2019-11-01,来客数DI,-,経営動向,-,変わらない,-,,3330
2019-11-01,来客数DI,-,経営動向,-,やや増加,-,,1490
2019-11-01,来客数DI,-,経営動向,-,かなり増加,-,,170
2019-12-01,来客数DI,-,経営動向,-,かなり減少,-,,910
2019-12-01,来客数DI,-,経営動向,-,やや減少,-,,3740
2019-12-01,来客数DI,-,経営動向,-,変わらない,-,,2990
2019-12-01,来客数DI,-,経営動向,-,やや増加,-,,2090
2019-12-01,来客数DI,-,経営動向,-,かなり増加,-,,270
2020-01-01,来客数DI,-,経営動向,-,かなり減少,-,,1220
2020-01-01,来客数DI,-,経営動向,-,やや減少,-,,3500
2020-01-01,来客数DI,-,経営動向,-,変わらない,-,,3610
2020-01-01,来客数DI,-,経営動向,-,やや増加,-,,1440
2020-01-01,来客数DI,-,経営動向,-,かなり増加,-,,220
2020-02-01,来客数DI,-,経営動向,-,かなり減少,-,,510
2020-02-01,来客数DI,-,経営動向,-,やや減少,-,,1760
2020-02-01,来客数DI,-,経営動向,-,変わらない,-,,2730
2020-02-01,来客数DI,-,経営動向,-,やや増加,-,,4030
2020-02-01,来客数DI,-,経営動向,-,かなり増加,-,,970
2020-03-01,来客数DI,-,経営動向,-,かなり減少,-,,710
2020-03-01,来客数DI,-,経営動向,-,やや減少,-,,1870
2020-03-01,来客数DI,-,経営動向,-,変わらない,-,,2530
2020-03-01,来客数DI,-,経営動向,-,やや増加,-,,4010
2020-03-01,来客数DI,-,経営動向,-,かなり増加,-,,880
2020-04-01,来客数DI,-,経営動向,-,かなり減少,-,,1060
2020-04-01,来客数DI,-,経営動向,-,やや減少,-,,3020
2020-04-01,来客数DI,-,経営動向,-,変わらない,-,,2350
2020-04-01,来客数DI,-,経営動向,-,やや増加,-,,2680
2020-04-01,来客数DI,-,経営動向,-,かなり増加,-,,890
2020-05-01,来客数DI,-,経営動向,-,かなり減少,-,,1970
2020-05-01,来客数DI,-,経営動向,-,やや減少,-,,2950
2020-05-01,来客数DI,-,経営動向,-,変わらない,-,,2370
2020-05-01,来客数DI,-,経営動向,-,やや増加,-,,2200
2020-05-01,来客数DI,-,経営動向,-,かなり増加,-,,520
2020-06-01,来客数DI,-,経営動向,-,かなり減少,-,,1690
2020-06-01,来客数DI,-,経営動向,-,やや減少,-,,4040
2020-06-01,来客数DI,-,経営動向,-,変わらない,-,,2460
2020-06-01,来客数DI,-,経営動向,-,やや増加,-,,1420
2020-06-01,来客数DI,-,経営動向,-,かなり増加,-,,380
2020-07-01,来客数DI,-,経営動向,-,かなり減少,-,,1560
2020-07-01,来客数DI,-,経営動向,-,やや減少,-,,4410
2020-07-01,来客数DI,-,経営動向,-,変わらない,-,,2290
2020-07-01,来客数DI,-,経営動向,-,やや増加,-,,1560
2020-07-01,来客数DI,-,経営動向,-,かなり増加,-,,170
2020-08-01,来客数DI,-,経営動向,-,かなり減少,-,,1690
2020-08-01,来客数DI,-,経営動向,-,やや減少,-,,4260
2020-08-01,来客数DI,-,経営動向,-,変わらない,-,,2840
2020-08-01,来客数DI,-,経営動向,-,やや増加,-,,930
2020-08-01,来客数DI,-,経営動向,-,かなり増加,-,,270
2020-09-01,来客数DI,-,経営動向,-,かなり減少,-,,2050
2020-09-01,来客数DI,-,経営動向,-,やや減少,-,,5080
2020-09-01,来客数DI,-,経営動向,-,変わらない,-,,1890
2020-09-01,来客数DI,-,経営動向,-,やや増加,-,,860
2020-09-01,来客数DI,-,経営動向,-,かなり増加,-,,110
2020-10-01,来客数DI,-,経営動向,-,かなり減少,-,,1660
2020-10-01,来客数DI,-,経営動向,-,やや減少,-,,4480
2020-10-01,来客数DI,-,経営動向,-,変わらない,-,,2380
2020-10-01,来客数DI,-,経営動向,-,やや増加,-,,1270
2020-10-01,来客数DI,-,経営動向,-,かなり増加,-,,220
2020-11-01,来客数DI,-,経営動向,-,かなり減少,-,,1810
2020-11-01,来客数DI,-,経営動向,-,やや減少,-,,4800
2020-11-01,来客数DI,-,経営動向,-,変わらない,-,,2260
2020-11-01,来客数DI,-,経営動向,-,やや増加,-,,1020
2020-11-01,来客数DI,-,経営動向,-,かなり増加,-,,110
2020-12-01,来客数DI,-,経営動向,-,かなり減少,-,,2010
2020-12-01,来客数DI,-,経営動向,-,やや減少,-,,4690
2020-12-01,来客数DI,-,経営動向,-,変わらない,-,,2010
2020-12-01,来客数DI,-,経営動向,-,やや増加,-,,1010
2020-12-01,来客数DI,-,経営動向,-,かなり増加,-,,280
2021-01-01,来客数DI,-,経営動向,-,かなり減少,-,,2280
2021-01-01,来客数DI,-,経営動向,-,やや減少,-,,4840
2021-01-01,来客数DI,-,経営動向,-,変わらない,-,,1850
2021-01-01,来客数DI,-,経営動向,-,やや増加,-,,870
2021-01-01,来客数DI,-,経営動向,-,かなり増加,-,,160
2021-02-01,来客数DI,-,経営動向,-,かなり減少,-,,3370
2021-02-01,来客数DI,-,経営動向,-,やや減少,-,,4400
2021-02-01,来客数DI,-,経営動向,-,変わらない,-,,1680
2021-02-01,来客数DI,-,経営動向,-,やや増加,-,,430
2021-02-01,来客数DI,-,経営動向,-,かなり増加,-,,110
2021-03-01,来客数DI,-,経営動向,-,かなり減少,-,,2830
2021-03-01,来客数DI,-,経営動向,-,やや減少,-,,4950
2021-03-01,来客数DI,-,経営動向,-,変わらない,-,,1740
2021-03-01,来客数DI,-,経営動向,-,やや増加,-,,380
2021-03-01,来客数DI,-,経営動向,-,かなり増加,-,,110
2021-04-01,来客数DI,-,経営動向,-,かなり減少,-,,2130
2021-04-01,来客数DI,-,経営動向,-,やや減少,-,,4210
2021-04-01,来客数DI,-,経営動向,-,変わらない,-,,1570
2021-04-01,来客数DI,-,経営動向,-,やや増加,-,,1740
2021-04-01,来客数DI,-,経営動向,-,かなり増加,-,,340
2021-05-01,来客数DI,-,経営動向,-,かなり減少,-,,1830
2021-05-01,来客数DI,-,経営動向,-,やや減少,-,,3560
2021-05-01,来客数DI,-,経営動向,-,変わらない,-,,2560
2021-05-01,来客数DI,-,経営動向,-,やや増加,-,,1440
2021-05-01,来客数DI,-,経営動向,-,かなり増加,-,,610
2021-06-01,来客数DI,-,経営動向,-,かなり減少,-,,1320
2021-06-01,来客数DI,-,経営動向,-,やや減少,-,,3450
2021-06-01,来客数DI,-,経営動向,-,変わらない,-,,2640
2021-06-01,来客数DI,-,経営動向,-,やや増加,-,,2070
2021-06-01,来客数DI,-,経営動向,-,かなり増加,-,,520
2021-07-01,来客数DI,-,経営動向,-,かなり減少,-,,1330
2021-07-01,来客数DI,-,経営動向,-,やや減少,-,,3430
2021-07-01,来客数DI,-,経営動向,-,変わらない,-,,3150
2021-07-01,来客数DI,-,経営動向,-,やや増加,-,,1880
2021-07-01,来客数DI,-,経営動向,-,かなり増加,-,,220
2021-08-01,来客数DI,-,経営動向,-,かなり減少,-,,1690
2021-08-01,来客数DI,-,経営動向,-,やや減少,-,,4810
2021-08-01,来客数DI,-,経営動向,-,変わらない,-,,2130
2021-08-01,来客数DI,-,経営動向,-,やや増加,-,,1090
2021-08-01,来客数DI,-,経営動向,-,かなり増加,-,,270
2021-09-01,来客数DI,-,経営動向,-,かなり減少,-,,1150
2021-09-01,来客数DI,-,経営動向,-,やや減少,-,,3500
2021-09-01,来客数DI,-,経営動向,-,変わらない,-,,2790
2021-09-01,来客数DI,-,経営動向,-,やや増加,-,,2240
2021-09-01,来客数DI,-,経営動向,-,かなり増加,-,,330
2021-10-01,来客数DI,-,経営動向,-,かなり減少,-,,970
2021-10-01,来客数DI,-,経営動向,-,やや減少,-,,4380
2021-10-01,来客数DI,-,経営動向,-,変わらない,-,,2730
2021-10-01,来客数DI,-,経営動向,-,やや増加,-,,1760
2021-10-01,来客数DI,-,経営動向,-,かなり増加,-,,170
2021-11-01,来客数DI,-,経営動向,-,かなり減少,-,,1450
2021-11-01,来客数DI,-,経営動向,-,やや減少,-,,4360
2021-11-01,来客数DI,-,経営動向,-,変わらない,-,,2850
2021-11-01,来客数DI,-,経営動向,-,やや増加,-,,1170
2021-11-01,来客数DI,-,経営動向,-,かなり増加,-,,170
2021-12-01,来客数DI,-,経営動向,-,かなり減少,-,,1480
2021-12-01,来客数DI,-,経営動向,-,やや減少,-,,5110
2021-12-01,来客数DI,-,経営動向,-,変わらない,-,,2360
2021-12-01,来客数DI,-,経営動向,-,やや増加,-,,930
2021-12-01,来客数DI,-,経営動向,-,かなり増加,-,,110
2022-01-01,来客数DI,-,経営動向,-,かなり減少,-,,1090
2022-01-01,来客数DI,-,経営動向,-,やや減少,-,,4540
2022-01-01,来客数DI,-,経営動向,-,変わらない,-,,2730
2022-01-01,来客数DI,-,経営動向,-,やや増加,-,,1370
2022-01-01,来客数DI,-,経営動向,-,かなり増加,-,,270
2022-02-01,来客数DI,-,経営動向,-,かなり減少,-,,1240
2022-02-01,来客数DI,-,経営動向,-,やや減少,-,,4200
2022-02-01,来客数DI,-,経営動向,-,変わらない,-,,3140
2022-02-01,来客数DI,-,経営動向,-,やや増加,-,,1240
2022-02-01,来客数DI,-,経営動向,-,かなり増加,-,,180
2022-03-01,来客数DI,-,経営動向,-,かなり減少,-,,860
2022-03-01,来客数DI,-,経営動向,-,やや減少,-,,4310
2022-03-01,来客数DI,-,経営動向,-,変わらない,-,,3330
2022-03-01,来客数DI,-,経営動向,-,やや増加,-,,1380
2022-03-01,来客数DI,-,経営動向,-,かなり増加,-,,110
2022-04-01,来客数DI,-,経営動向,-,かなり減少,-,,1520
2022-04-01,来客数DI,-,経営動向,-,やや減少,-,,4670
2022-04-01,来客数DI,-,経営動向,-,変わらない,-,,2880
2022-04-01,来客数DI,-,経営動向,-,やや増加,-,,870
2022-04-01,来客数DI,-,経営動向,-,かなり増加,-,,50
2022-05-01,来客数DI,-,経営動向,-,かなり減少,-,,1790
2022-05-01,来客数DI,-,経営動向,-,やや減少,-,,4160
2022-05-01,来客数DI,-,経営動向,-,変わらない,-,,2720
2022-05-01,来客数DI,-,経営動向,-,やや増加,-,,1270
2022-05-01,来客数DI,-,経営動向,-,かなり増加,-,,60
2022-06-01,来客数DI,-,経営動向,-,かなり減少,-,,1480
2022-06-01,来客数DI,-,経営動向,-,やや減少,-,,5550
2022-06-01,来客数DI,-,経営動向,-,変わらない,-,,2090
2022-06-01,来客数DI,-,経営動向,-,やや増加,-,,820
2022-06-01,来客数DI,-,経営動向,-,かなり増加,-,,50
2022-07-01,来客数DI,-,経営動向,-,かなり減少,-,,1310
2022-07-01,来客数DI,-,経営動向,-,やや減少,-,,4690
2022-07-01,来客数DI,-,経営動向,-,変わらない,-,,2570
2022-07-01,来客数DI,-,経営動向,-,やや増加,-,,1310
2022-07-01,来客数DI,-,経営動向,-,かなり増加,-,,110
2022-08-01,来客数DI,-,経営動向,-,かなり減少,-,,1390
2022-08-01,来客数DI,-,経営動向,-,やや減少,-,,4680
2022-08-01,来客数DI,-,経営動向,-,変わらない,-,,2720
2022-08-01,来客数DI,-,経営動向,-,やや増加,-,,1210
2022-08-01,来客数DI,-,経営動向,-,かなり増加,-,,0
2022-09-01,来客数DI,-,経営動向,-,かなり減少,-,,1550
2022-09-01,来客数DI,-,経営動向,-,やや減少,-,,5190
2022-09-01,来客数DI,-,経営動向,-,変わらない,-,,2380
2022-09-01,来客数DI,-,経営動向,-,やや増加,-,,830
2022-09-01,来客数DI,-,経営動向,-,かなり増加,-,,60
2022-10-01,来客数DI,-,経営動向,-,かなり減少,-,,1140
2022-10-01,来客数DI,-,経営動向,-,やや減少,-,,3810
2022-10-01,来客数DI,-,経営動向,-,変わらない,-,,3300
2022-10-01,来客数DI,-,経営動向,-,やや増加,-,,1530
2022-10-01,来客数DI,-,経営動向,-,かなり増加,-,,230
2022-11-01,来客数DI,-,経営動向,-,かなり減少,-,,1130
2022-11-01,来客数DI,-,経営動向,-,やや減少,-,,3840
2022-11-01,来客数DI,-,経営動向,-,変わらない,-,,3280
2022-11-01,来客数DI,-,経営動向,-,やや増加,-,,1640
2022-11-01,来客数DI,-,経営動向,-,かなり増加,-,,110
2022-12-01,来客数DI,-,経営動向,-,かなり減少,-,,670
2022-12-01,来客数DI,-,経営動向,-,やや減少,-,,4130
2022-12-01,来客数DI,-,経営動向,-,変わらない,-,,3020
2022-12-01,来客数DI,-,経営動向,-,やや増加,-,,1960
2022-12-01,来客数DI,-,経営動向,-,かなり増加,-,,220
2023-01-01,来客数DI,-,経営動向,-,かなり減少,-,,1190
2023-01-01,来客数DI,-,経営動向,-,やや減少,-,,4380
2023-01-01,来客数DI,-,経営動向,-,変わらない,-,,2970
2023-01-01,来客数DI,-,経営動向,-,やや増加,-,,1410
2023-01-01,来客数DI,-,経営動向,-,かなり増加,-,,50
2023-02-01,来客数DI,-,経営動向,-,かなり減少,-,,1330
2023-02-01,来客数DI,-,経営動向,-,やや減少,-,,4530
2023-02-01,来客数DI,-,経営動向,-,変わらない,-,,2600
2023-02-01,来客数DI,-,経営動向,-,やや増加,-,,1380
2023-02-01,来客数DI,-,経営動向,-,かなり増加,-,,170
2023-03-01,来客数DI,-,経営動向,-,かなり減少,-,,1100
2023-03-01,来客数DI,-,経営動向,-,やや減少,-,,4070
2023-03-01,来客数DI,-,経営動向,-,変わらない,-,,3350
2023-03-01,来客数DI,-,経営動向,-,やや増加,-,,1370
2023-03-01,来客数DI,-,経営動向,-,かなり増加,-,,110
2023-04-01,来客数DI,-,経営動向,-,かなり減少,-,,980
2023-04-01,来客数DI,-,経営動向,-,やや減少,-,,3820
2023-04-01,来客数DI,-,経営動向,-,変わらない,-,,2950
2023-04-01,来客数DI,-,経営動向,-,やや増加,-,,2080
2023-04-01,来客数DI,-,経営動向,-,かなり増加,-,,170
2023-05-01,来客数DI,-,経営動向,-,かなり減少,-,,1140
2023-05-01,来客数DI,-,経営動向,-,やや減少,-,,3490
2023-05-01,来客数DI,-,経営動向,-,変わらない,-,,3430
2023-05-01,来客数DI,-,経営動向,-,やや増加,-,,1770
2023-05-01,来客数DI,-,経営動向,-,かなり増加,-,,170
2023-06-01,来客数DI,-,経営動向,-,かなり減少,-,,850
2023-06-01,来客数DI,-,経営動向,-,やや減少,-,,4350
2023-06-01,来客数DI,-,経営動向,-,変わらない,-,,2820
2023-06-01,来客数DI,-,経営動向,-,やや増加,-,,1920
2023-06-01,来客数DI,-,経営動向,-,かなり増加,-,,60
2023-07-01,来客数DI,-,経営動向,-,かなり減少,-,,630
2023-07-01,来客数DI,-,経営動向,-,やや減少,-,,3410
2023-07-01,来客数DI,-,経営動向,-,変わらない,-,,3410
2023-07-01,来客数DI,-,経営動向,-,やや増加,-,,2330
2023-07-01,来客数DI,-,経営動向,-,かなり増加,-,,230
2023-08-01,来客数DI,-,経営動向,-,かなり減少,-,,700
2023-08-01,来客数DI,-,経営動向,-,やや減少,-,,3350
2023-08-01,来客数DI,-,経営動向,-,変わらない,-,,2970
2023-08-01,来客数DI,-,経営動向,-,やや増加,-,,2700
2023-08-01,来客数DI,-,経営動向,-,かなり増加,-,,270
2023-09-01,来客数DI,-,経営動向,-,かなり減少,-,,630
2023-09-01,来客数DI,-,経営動向,-,やや減少,-,,3130
2023-09-01,来客数DI,-,経営動向,-,変わらない,-,,3520
2023-09-01,来客数DI,-,経営動向,-,やや増加,-,,2440
2023-09-01,来客数DI,-,経営動向,-,かなり増加,-,,280
2023-10-01,来客数DI,-,経営動向,-,かなり減少,-,,480
2023-10-01,来客数DI,-,経営動向,-,やや減少,-,,3570
2023-10-01,来客数DI,-,経営動向,-,変わらない,-,,3270
2023-10-01,来客数DI,-,経営動向,-,やや増加,-,,2320
2023-10-01,来客数DI,-,経営動向,-,かなり増加,-,,360
2023-11-01,来客数DI,-,経営動向,-,かなり減少,-,,850
2023-11-01,来客数DI,-,経営動向,-,やや減少,-,,3750
2023-11-01,来客数DI,-,経営動向,-,変わらない,-,,2780
2023-11-01,来客数DI,-,経営動向,-,やや増加,-,,2270
2023-11-01,来客数DI,-,経営動向,-,かなり増加,-,,340
2023-12-01,来客数DI,-,経営動向,-,かなり減少,-,,680
2023-12-01,来客数DI,-,経営動向,-,やや減少,-,,2990
2023-12-01,来客数DI,-,経営動向,-,変わらない,-,,3390
2023-12-01,来客数DI,-,経営動向,-,やや増加,-,,2540
2023-12-01,来客数DI,-,経営動向,-,かなり増加,-,,400
2024-01-01,来客数DI,-,経営動向,-,かなり減少,-,,510
2024-01-01,来客数DI,-,経営動向,-,やや減少,-,,3350
2024-01-01,来客数DI,-,経営動向,-,変わらない,-,,3300
2024-01-01,来客数DI,-,経営動向,-,やや増加,-,,2560
2024-01-01,来客数DI,-,経営動向,-,かなり増加,-,,280
2024-02-01,来客数DI,-,経営動向,-,かなり減少,-,,340
2024-02-01,来客数DI,-,経営動向,-,やや減少,-,,2730
2024-02-01,来客数DI,-,経営動向,-,変わらない,-,,2780
2024-02-01,来客数DI,-,経営動向,-,やや増加,-,,3520
2024-02-01,来客数DI,-,経営動向,-,かなり増加,-,,630
2024-03-01,来客数DI,-,経営動向,-,かなり減少,-,,400
2024-03-01,来客数DI,-,経営動向,-,やや減少,-,,3490
2024-03-01,来客数DI,-,経営動向,-,変わらない,-,,3370
2024-03-01,来客数DI,-,経営動向,-,やや増加,-,,2460
2024-03-01,来客数DI,-,経営動向,-,かなり増加,-,,290
2024-04-01,来客数DI,-,経営動向,-,かなり減少,-,,620
2024-04-01,来客数DI,-,経営動向,-,やや減少,-,,3700
2024-04-01,来客数DI,-,経営動向,-,変わらない,-,,3210
2024-04-01,来客数DI,-,経営動向,-,やや増加,-,,2160
2024-04-01,来客数DI,-,経営動向,-,かなり増加,-,,310
2024-05-01,来客数DI,-,経営動向,-,かなり減少,-,,470
2024-05-01,来客数DI,-,経営動向,-,やや減少,-,,3290
2024-05-01,来客数DI,-,経営動向,-,変わらない,-,,3760
2024-05-01,来客数DI,-,経営動向,-,やや増加,-,,2240
2024-05-01,来客数DI,-,経営動向,-,かなり増加,-,,240
2024-06-01,来客数DI,-,経営動向,-,かなり減少,-,,230
2024-06-01,来客数DI,-,経営動向,-,やや減少,-,,2570
2024-06-01,来客数DI,-,経営動向,-,変わらない,-,,4150
2024-06-01,来客数DI,-,経営動向,-,やや増加,-,,2810
2024-06-01,来客数DI,-,経営動向,-,かなり増加,-,,230
2024-07-01,来客数DI,-,経営動向,-,かなり減少,-,,800
2024-07-01,来客数DI,-,経営動向,-,やや減少,-,,4110
2024-07-01,来客数DI,-,経営動向,-,変わらない,-,,3310
2024-07-01,来客数DI,-,経営動向,-,やや増加,-,,1710
2024-07-01,来客数DI,-,経営動向,-,かなり増加,-,,60
2024-08-01,来客数DI,-,経営動向,-,かなり減少,-,,290
2024-08-01,来客数DI,-,経営動向,-,やや減少,-,,2160
2024-08-01,来客数DI,-,経営動向,-,変わらない,-,,4040
2024-08-01,来客数DI,-,経営動向,-,やや増加,-,,3270
2024-08-01,来客数DI,-,経営動向,-,かなり増加,-,,230
2024-09-01,来客数DI,-,経営動向,-,かなり減少,-,,500
2024-09-01,来客数DI,-,経営動向,-,やや減少,-,,2730
2024-09-01,来客数DI,-,経営動向,-,変わらない,-,,4160
2024-09-01,来客数DI,-,経営動向,-,やや増加,-,,2420
2024-09-01,来客数DI,-,経営動向,-,かなり増加,-,,190
2011-04-01,中核店舗景気判断DI,,景況感,現状,かなり不安,,,48
2011-04-01,中核店舗景気判断DI,,景況感,現状,やや不安,,,313
2011-04-01,中核店舗景気判断DI,,景況感,現状,変わらない,,,460
2011-04-01,中核店舗景気判断DI,,景況感,現状,やや明るい,,,173
2011-04-01,中核店舗景気判断DI,,景況感,現状,かなり明るい,,,6
2011-05-01,中核店舗景気判断DI,,景況感,現状,かなり不安,,,41
2011-05-01,中核店舗景気判断DI,,景況感,現状,やや不安,,,416
2011-05-01,中核店舗景気判断DI,,景況感,現状,変わらない,,,435
2011-05-01,中核店舗景気判断DI,,景況感,現状,やや明るい,,,101
2011-05-01,中核店舗景気判断DI,,景況感,現状,かなり明るい,,,6
2011-06-01,中核店舗景気判断DI,,景況感,現状,かなり不安,,,20
2011-06-01,中核店舗景気判断DI,,景況感,現状,やや不安,,,318
2011-06-01,中核店舗景気判断DI,,景況感,現状,変わらない,,,517
2011-06-01,中核店舗景気判断DI,,景況感,現状,やや明るい,,,132
2011-06-01,中核店舗景気判断DI,,景況感,現状,かなり明るい,,,13
2011-07-01,中核店舗景気判断DI,,景況感,現状,かなり不安,,,19
2011-07-01,中核店舗景気判断DI,,景況感,現状,やや不安,,,276
2011-07-01,中核店舗景気判断DI,,景況感,現状,変わらない,,,549
2011-07-01,中核店舗景気判断DI,,景況感,現状,やや明るい,,,156
2011-07-01,中核店舗景気判断DI,,景況感,現状,かなり明るい,,,0
2011-08-01,中核店舗景気判断DI,,景況感,現状,かなり不安,,,22
2011-08-01,中核店舗景気判断DI,,景況感,現状,やや不安,,,362
2011-08-01,中核店舗景気判断DI,,景況感,現状,変わらない,,,533
2011-08-01,中核店舗景気判断DI,,景況感,現状,やや明るい,,,79
2011-08-01,中核店舗景気判断DI,,景況感,現状,かなり明るい,,,3
2011-09-01,中核店舗景気判断DI,,景況感,現状,かなり不安,,,17
2011-09-01,中核店舗景気判断DI,,景況感,現状,やや不安,,,337
2011-09-01,中核店舗景気判断DI,,景況感,現状,変わらない,,,557
2011-09-01,中核店舗景気判断DI,,景況感,現状,やや明るい,,,79
2011-09-01,中核店舗景気判断DI,,景況感,現状,かなり明るい,,,10
2011-10-01,中核店舗景気判断DI,,景況感,現状,かなり不安,,,27
2011-10-01,中核店舗景気判断DI,,景況感,現状,やや不安,,,321
2011-10-01,中核店舗景気判断DI,,景況感,現状,変わらない,,,571
2011-10-01,中核店舗景気判断DI,,景況感,現状,やや明るい,,,71
2011-10-01,中核店舗景気判断DI,,景況感,現状,かなり明るい,,,10
2011-11-01,中核店舗景気判断DI,,景況感,現状,かなり不安,,,44
2011-11-01,中核店舗景気判断DI,,景況感,現状,やや不安,,,379
2011-11-01,中核店舗景気判断DI,,景況感,現状,変わらない,,,510
2011-11-01,中核店舗景気判断DI,,景況感,現状,やや明るい,,,67
2011-11-01,中核店舗景気判断DI,,景況感,現状,かなり明るい,,,0
2011-12-01,中核店舗景気判断DI,,景況感,現状,かなり不安,,,28
2011-12-01,中核店舗景気判断DI,,景況感,現状,やや不安,,,284
2011-12-01,中核店舗景気判断DI,,景況感,現状,変わらない,,,551
2011-12-01,中核店舗景気判断DI,,景況感,現状,やや明るい,,,133
2011-12-01,中核店舗景気判断DI,,景況感,現状,かなり明るい,,,4
2012-01-01,中核店舗景気判断DI,,景況感,現状,かなり不安,,,25
2012-01-01,中核店舗景気判断DI,,景況感,現状,やや不安,,,264
2012-01-01,中核店舗景気判断DI,,景況感,現状,変わらない,,,627
2012-01-01,中核店舗景気判断DI,,景況感,現状,やや明るい,,,78
2012-01-01,中核店舗景気判断DI,,景況感,現状,かなり明るい,,,6
2012-02-01,中核店舗景気判断DI,,景況感,現状,かなり不安,,,17
2012-02-01,中核店舗景気判断DI,,景況感,現状,やや不安,,,225
2012-02-01,中核店舗景気判断DI,,景況感,現状,変わらない,,,639
2012-02-01,中核店舗景気判断DI,,景況感,現状,やや明るい,,,109
2012-02-01,中核店舗景気判断DI,,景況感,現状,かなり明るい,,,10
2012-03-01,中核店舗景気判断DI,,景況感,現状,かなり不安,,,30
2012-03-01,中核店舗景気判断DI,,景況感,現状,やや不安,,,253
2012-03-01,中核店舗景気判断DI,,景況感,現状,変わらない,,,642
2012-03-01,中核店舗景気判断DI,,景況感,現状,やや明るい,,,74
2012-03-01,中核店舗景気判断DI,,景況感,現状,かなり明るい,,,0
2012-04-01,中核店舗景気判断DI,,景況感,現状,かなり不安,,,26
2012-04-01,中核店舗景気判断DI,,景況感,現状,やや不安,,,244
2012-04-01,中核店舗景気判断DI,,景況感,現状,変わらない,,,642
2012-04-01,中核店舗景気判断DI,,景況感,現状,やや明るい,,,81
2012-04-01,中核店舗景気判断DI,,景況感,現状,かなり明るい,,,7
2012-05-01,中核店舗景気判断DI,,景況感,現状,かなり不安,,,20
2012-05-01,中核店舗景気判断DI,,景況感,現状,やや不安,,,223
2012-05-01,中核店舗景気判断DI,,景況感,現状,変わらない,,,648
2012-05-01,中核店舗景気判断DI,,景況感,現状,やや明るい,,,110
2012-05-01,中核店舗景気判断DI,,景況感,現状,かなり明るい,,,0
2012-06-01,中核店舗景気判断DI,,景況感,現状,かなり不安,,,30
2012-06-01,中核店舗景気判断DI,,景況感,現状,やや不安,,,251
2012-06-01,中核店舗景気判断DI,,景況感,現状,変わらない,,,642
2012-06-01,中核店舗景気判断DI,,景況感,現状,やや明るい,,,74
2012-06-01,中核店舗景気判断DI,,景況感,現状,かなり明るい,,,3
2012-07-01,中核店舗景気判断DI,,景況感,現状,かなり不安,,,37
2012-07-01,中核店舗景気判断DI,,景況感,現状,やや不安,,,315
2012-07-01,中核店舗景気判断DI,,景況感,現状,変わらない,,,611
2012-07-01,中核店舗景気判断DI,,景況感,現状,やや明るい,,,37
2012-07-01,中核店舗景気判断DI,,景況感,現状,かなり明るい,,,0
2012-08-01,中核店舗景気判断DI,,景況感,現状,かなり不安,,,31
2012-08-01,中核店舗景気判断DI,,景況感,現状,やや不安,,,314
2012-08-01,中核店舗景気判断DI,,景況感,現状,変わらない,,,597
2012-08-01,中核店舗景気判断DI,,景況感,現状,やや明るい,,,59
2012-08-01,中核店舗景気判断DI,,景況感,現状,かなり明るい,,,0
2012-09-01,中核店舗景気判断DI,,景況感,現状,かなり不安,,,14
2012-09-01,中核店舗景気判断DI,,景況感,現状,やや不安,,,347
2012-09-01,中核店舗景気判断DI,,景況感,現状,変わらない,,,586
2012-09-01,中核店舗景気判断DI,,景況感,現状,やや明るい,,,53
2012-09-01,中核店舗景気判断DI,,景況感,現状,かなり明るい,,,0
2012-10-01,中核店舗景気判断DI,,景況感,現状,かなり不安,,,36
2012-10-01,中核店舗景気判断DI,,景況感,現状,やや不安,,,333
2012-10-01,中核店舗景気判断DI,,景況感,現状,変わらない,,,594
2012-10-01,中核店舗景気判断DI,,景況感,現状,やや明るい,,,36
2012-10-01,中核店舗景気判断DI,,景況感,現状,かなり明るい,,,0
2012-11-01,中核店舗景気判断DI,,景況感,現状,かなり不安,,,55
2012-11-01,中核店舗景気判断DI,,景況感,現状,やや不安,,,372
2012-11-01,中核店舗景気判断DI,,景況感,現状,変わらない,,,511
2012-11-01,中核店舗景気判断DI,,景況感,現状,やや明るい,,,58
2012-11-01,中核店舗景気判断DI,,景況感,現状,かなり明るい,,,4
2012-12-01,中核店舗景気判断DI,,景況感,現状,かなり不安,,,36
2012-12-01,中核店舗景気判断DI,,景況感,現状,やや不安,,,296
2012-12-01,中核店舗景気判断DI,,景況感,現状,変わらない,,,593
2012-12-01,中核店舗景気判断DI,,景況感,現状,やや明るい,,,75
2012-12-01,中核店舗景気判断DI,,景況感,現状,かなり明るい,,,0
2013-01-01,中核店舗景気判断DI,,景況感,現状,かなり不安,,,29
2013-01-01,中核店舗景気判断DI,,景況感,現状,やや不安,,,304
2013-01-01,中核店舗景気判断DI,,景況感,現状,変わらない,,,605
2013-01-01,中核店舗景気判断DI,,景況感,現状,やや明るい,,,58
2013-01-01,中核店舗景気判断DI,,景況感,現状,かなり明るい,,,4
2013-02-01,中核店舗景気判断DI,,景況感,現状,かなり不安,,,37
2013-02-01,中核店舗景気判断DI,,景況感,現状,やや不安,,,283
2013-02-01,中核店舗景気判断DI,,景況感,現状,変わらない,,,606
2013-02-01,中核店舗景気判断DI,,景況感,現状,やや明るい,,,74
2013-02-01,中核店舗景気判断DI,,景況感,現状,かなり明るい,,,0
2013-03-01,中核店舗景気判断DI,,景況感,現状,かなり不安,,,23
2013-03-01,中核店舗景気判断DI,,景況感,現状,やや不安,,,272
2013-03-01,中核店舗景気判断DI,,景況感,現状,変わらない,,,604
2013-03-01,中核店舗景気判断DI,,景況感,現状,やや明るい,,,98
2013-03-01,中核店舗景気判断DI,,景況感,現状,かなり明るい,,,4
2013-04-01,中核店舗景気判断DI,,景況感,現状,かなり不安,,,34
2013-04-01,中核店舗景気判断DI,,景況感,現状,やや不安,,,267
2013-04-01,中核店舗景気判断DI,,景況感,現状,変わらない,,,602
2013-04-01,中核店舗景気判断DI,,景況感,現状,やや明るい,,,98
2013-04-01,中核店舗景気判断DI,,景況感,現状,かなり明るい,,,0
2013-05-01,中核店舗景気判断DI,,景況感,現状,かなり不安,,,23
2013-05-01,中核店舗景気判断DI,,景況感,現状,やや不安,,,252
2013-05-01,中核店舗景気判断DI,,景況感,現状,変わらない,,,607
2013-05-01,中核店舗景気判断DI,,景況感,現状,やや明るい,,,115
2013-05-01,中核店舗景気判断DI,,景況感,現状,かなり明るい,,,4
2013-06-01,中核店舗景気判断DI,,景況感,現状,かなり不安,,,15
2013-06-01,中核店舗景気判断DI,,景況感,現状,やや不安,,,189
2013-06-01,中核店舗景気判断DI,,景況感,現状,変わらない,,,664
2013-06-01,中核店舗景気判断DI,,景況感,現状,やや明るい,,,132
2013-06-01,中核店舗景気判断DI,,景況感,現状,かなり明るい,,,0
2013-07-01,中核店舗景気判断DI,,景況感,現状,かなり不安,,,15
2013-07-01,中核店舗景気判断DI,,景況感,現状,やや不安,,,204
2013-07-01,中核店舗景気判断DI,,景況感,現状,変わらない,,,645
2013-07-01,中核店舗景気判断DI,,景況感,現状,やや明るい,,,136
2013-07-01,中核店舗景気判断DI,,景況感,現状,かなり明るい,,,0
2013-08-01,中核店舗景気判断DI,,景況感,現状,かなり不安,,,16
2013-08-01,中核店舗景気判断DI,,景況感,現状,やや不安,,,189
2013-08-01,中核店舗景気判断DI,,景況感,現状,変わらない,,,643
2013-08-01,中核店舗景気判断DI,,景況感,現状,やや明るい,,,148
2013-08-01,中核店舗景気判断DI,,景況感,現状,かなり明るい,,,4
2013-09-01,中核店舗景気判断DI,,景況感,現状,かなり不安,,,12
2013-09-01,中核店舗景気判断DI,,景況感,現状,やや不安,,,177
2013-09-01,中核店舗景気判断DI,,景況感,現状,変わらない,,,675
2013-09-01,中核店舗景気判断DI,,景況感,現状,やや明るい,,,137
2013-09-01,中核店舗景気判断DI,,景況感,現状,かなり明るい,,,0
2013-10-01,中核店舗景気判断DI,,景況感,現状,かなり不安,,,12
2013-10-01,中核店舗景気判断DI,,景況感,現状,やや不安,,,162
2013-10-01,中核店舗景気判断DI,,景況感,現状,変わらない,,,665
2013-10-01,中核店舗景気判断DI,,景況感,現状,やや明るい,,,158
2013-10-01,中核店舗景気判断DI,,景況感,現状,かなり明るい,,,4
2013-11-01,中核店舗景気判断DI,,景況感,現状,かなり不安,,,8
2013-11-01,中核店舗景気判断DI,,景況感,現状,やや不安,,,125
2013-11-01,中核店舗景気判断DI,,景況感,現状,変わらない,,,639
2013-11-01,中核店舗景気判断DI,,景況感,現状,やや明るい,,,224
2013-11-01,中核店舗景気判断DI,,景況感,現状,かなり明るい,,,4
2013-12-01,中核店舗景気判断DI,,景況感,現状,かなり不安,,,19
2013-12-01,中核店舗景気判断DI,,景況感,現状,やや不安,,,130
2013-12-01,中核店舗景気判断DI,,景況感,現状,変わらない,,,640
2013-12-01,中核店舗景気判断DI,,景況感,現状,やや明るい,,,203
2013-12-01,中核店舗景気判断DI,,景況感,現状,かなり明るい,,,8
2014-01-01,中核店舗景気判断DI,,景況感,現状,かなり不安,,,17
2014-01-01,中核店舗景気判断DI,,景況感,現状,やや不安,,,167
2014-01-01,中核店舗景気判断DI,,景況感,現状,変わらない,,,608
2014-01-01,中核店舗景気判断DI,,景況感,現状,やや明るい,,,204
2014-01-01,中核店舗景気判断DI,,景況感,現状,かなり明るい,,,4
2014-02-01,中核店舗景気判断DI,,景況感,現状,かなり不安,,,8
2014-02-01,中核店舗景気判断DI,,景況感,現状,やや不安,,,124
2014-02-01,中核店舗景気判断DI,,景況感,現状,変わらない,,,591
2014-02-01,中核店舗景気判断DI,,景況感,現状,やや明るい,,,269
2014-02-01,中核店舗景気判断DI,,景況感,現状,かなり明るい,,,8
2014-03-01,中核店舗景気判断DI,,景況感,現状,かなり不安,,,33
2014-03-01,中核店舗景気判断DI,,景況感,現状,やや不安,,,180
2014-03-01,中核店舗景気判断DI,,景況感,現状,変わらない,,,455
2014-03-01,中核店舗景気判断DI,,景況感,現状,やや明るい,,,287
2014-03-01,中核店舗景気判断DI,,景況感,現状,かなり明るい,,,45
2014-04-01,中核店舗景気判断DI,,景況感,現状,かなり不安,,,45
2014-04-01,中核店舗景気判断DI,,景況感,現状,やや不安,,,412
2014-04-01,中核店舗景気判断DI,,景況感,現状,変わらない,,,429
2014-04-01,中核店舗景気判断DI,,景況感,現状,やや明るい,,,114
2014-04-01,中核店舗景気判断DI,,景況感,現状,かなり明るい,,,0
2014-05-01,中核店舗景気判断DI,,景況感,現状,かなり不安,,,30
2014-05-01,中核店舗景気判断DI,,景況感,現状,やや不安,,,250
2014-05-01,中核店舗景気判断DI,,景況感,現状,変わらない,,,530
2014-05-01,中核店舗景気判断DI,,景況感,現状,やや明るい,,,181
2014-05-01,中核店舗景気判断DI,,景況感,現状,かなり明るい,,,9
2014-06-01,中核店舗景気判断DI,,景況感,現状,かなり不安,,,30
2014-06-01,中核店舗景気判断DI,,景況感,現状,やや不安,,,192
2014-06-01,中核店舗景気判断DI,,景況感,現状,変わらない,,,585
2014-06-01,中核店舗景気判断DI,,景況感,現状,やや明るい,,,184
2014-06-01,中核店舗景気判断DI,,景況感,現状,かなり明るい,,,9
2014-07-01,中核店舗景気判断DI,,景況感,現状,かなり不安,,,30
2014-07-01,中核店舗景気判断DI,,景況感,現状,やや不安,,,192
2014-07-01,中核店舗景気判断DI,,景況感,現状,変わらない,,,641
2014-07-01,中核店舗景気判断DI,,景況感,現状,やや明るい,,,132
2014-07-01,中核店舗景気判断DI,,景況感,現状,かなり明るい,,,4
2014-08-01,中核店舗景気判断DI,,景況感,現状,かなり不安,,,25
2014-08-01,中核店舗景気判断DI,,景況感,現状,やや不安,,,120
2014-08-01,中核店舗景気判断DI,,景況感,現状,変わらない,,,707
2014-08-01,中核店舗景気判断DI,,景況感,現状,やや明るい,,,145
2014-08-01,中核店舗景気判断DI,,景況感,現状,かなり明るい,,,4
2014-09-01,中核店舗景気判断DI,,景況感,現状,かなり不安,,,31
2014-09-01,中核店舗景気判断DI,,景況感,現状,やや不安,,,179
2014-09-01,中核店舗景気判断DI,,景況感,現状,変わらない,,,704
2014-09-01,中核店舗景気判断DI,,景況感,現状,やや明るい,,,81
2014-09-01,中核店舗景気判断DI,,景況感,現状,かなり明るい,,,4
2014-10-01,中核店舗景気判断DI,,景況感,現状,かなり不安,,,45
2014-10-01,中核店舗景気判断DI,,景況感,現状,やや不安,,,230
2014-10-01,中核店舗景気判断DI,,景況感,現状,変わらない,,,640
2014-10-01,中核店舗景気判断DI,,景況感,現状,やや明るい,,,81
2014-10-01,中核店舗景気判断DI,,景況感,現状,かなり明るい,,,5
2014-11-01,中核店舗景気判断DI,,景況感,現状,かなり不安,,,32
2014-11-01,中核店舗景気判断DI,,景況感,現状,やや不安,,,290
2014-11-01,中核店舗景気判断DI,,景況感,現状,変わらない,,,599
2014-11-01,中核店舗景気判断DI,,景況感,現状,やや明るい,,,74
2014-11-01,中核店舗景気判断DI,,景況感,現状,かなり明るい,,,5
2014-12-01,中核店舗景気判断DI,,景況感,現状,かなり不安,,,20
2014-12-01,中核店舗景気判断DI,,景況感,現状,やや不安,,,214
2014-12-01,中核店舗景気判断DI,,景況感,現状,変わらない,,,658
2014-12-01,中核店舗景気判断DI,,景況感,現状,やや明るい,,,107
2014-12-01,中核店舗景気判断DI,,景況感,現状,かなり明るい,,,0
2015-01-01,中核店舗景気判断DI,,景況感,現状,かなり不安,,,36
2015-01-01,中核店舗景気判断DI,,景況感,現状,やや不安,,,189
2015-01-01,中核店舗景気判断DI,,景況感,現状,変わらない,,,649
2015-01-01,中核店舗景気判断DI,,景況感,現状,やや明るい,,,126
2015-01-01,中核店舗景気判断DI,,景況感,現状,かなり明るい,,,0
2015-02-01,中核店舗景気判断DI,,景況感,現状,かなり不安,,,22
2015-02-01,中核店舗景気判断DI,,景況感,現状,やや不安,,,164
2015-02-01,中核店舗景気判断DI,,景況感,現状,変わらない,,,693
2015-02-01,中核店舗景気判断DI,,景況感,現状,やや明るい,,,120
2015-02-01,中核店舗景気判断DI,,景況感,現状,かなり明るい,,,0
2015-03-01,中核店舗景気判断DI,,景況感,現状,かなり不安,,,31
2015-03-01,中核店舗景気判断DI,,景況感,現状,やや不安,,,181
2015-03-01,中核店舗景気判断DI,,景況感,現状,変わらない,,,668
2015-03-01,中核店舗景気判断DI,,景況感,現状,やや明るい,,,111
2015-03-01,中核店舗景気判断DI,,景況感,現状,かなり明るい,,,9
2015-04-01,中核店舗景気判断DI,,景況感,現状,かなり不安,,,27
2015-04-01,中核店舗景気判断DI,,景況感,現状,やや不安,,,67
2015-04-01,中核店舗景気判断DI,,景況感,現状,変わらない,,,596
2015-04-01,中核店舗景気判断DI,,景況感,現状,やや明るい,,,298
2015-04-01,中核店舗景気判断DI,,景況感,現状,かなり明るい,,,13
2015-05-01,中核店舗景気判断DI,,景況感,現状,かなり不安,,,18
2015-05-01,中核店舗景気判断DI,,景況感,現状,やや不安,,,58
2015-05-01,中核店舗景気判断DI,,景況感,現状,変わらない,,,637
2015-05-01,中核店舗景気判断DI,,景況感,現状,やや明るい,,,283
2015-05-01,中核店舗景気判断DI,,景況感,現状,かなり明るい,,,4
2015-06-01,中核店舗景気判断DI,,景況感,現状,かなり不安,,,14
2015-06-01,中核店舗景気判断DI,,景況感,現状,やや不安,,,139
2015-06-01,中核店舗景気判断DI,,景況感,現状,変わらない,,,657
2015-06-01,中核店舗景気判断DI,,景況感,現状,やや明るい,,,181
2015-06-01,中核店舗景気判断DI,,景況感,現状,かなり明るい,,,9
2015-07-01,中核店舗景気判断DI,,景況感,現状,かなり不安,,,9
2015-07-01,中核店舗景気判断DI,,景況感,現状,やや不安,,,154
2015-07-01,中核店舗景気判断DI,,景況感,現状,変わらない,,,623
2015-07-01,中核店舗景気判断DI,,景況感,現状,やや明るい,,,215
2015-07-01,中核店舗景気判断DI,,景況感,現状,かなり明るい,,,0
2015-08-01,中核店舗景気判断DI,,景況感,現状,かなり不安,,,14
2015-08-01,中核店舗景気判断DI,,景況感,現状,やや不安,,,144
2015-08-01,中核店舗景気判断DI,,景況感,現状,変わらない,,,649
2015-08-01,中核店舗景気判断DI,,景況感,現状,やや明るい,,,189
2015-08-01,中核店舗景気判断DI,,景況感,現状,かなり明るい,,,5
2015-09-01,中核店舗景気判断DI,,景況感,現状,かなり不安,,,18
2015-09-01,中核店舗景気判断DI,,景況感,現状,やや不安,,,171
2015-09-01,中核店舗景気判断DI,,景況感,現状,変わらない,,,636
2015-09-01,中核店舗景気判断DI,,景況感,現状,やや明るい,,,175
2015-09-01,中核店舗景気判断DI,,景況感,現状,かなり明るい,,,0
2015-10-01,中核店舗景気判断DI,,景況感,現状,かなり不安,,,9
2015-10-01,中核店舗景気判断DI,,景況感,現状,やや不安,,,151
2015-10-01,中核店舗景気判断DI,,景況感,現状,変わらない,,,662
2015-10-01,中核店舗景気判断DI,,景況感,現状,やや明るい,,,178
2015-10-01,中核店舗景気判断DI,,景況感,現状,かなり明るい,,,0
2015-11-01,中核店舗景気判断DI,,景況感,現状,かなり不安,,,13
2015-11-01,中核店舗景気判断DI,,景況感,現状,やや不安,,,263
2015-11-01,中核店舗景気判断DI,,景況感,現状,変わらない,,,580
2015-11-01,中核店舗景気判断DI,,景況感,現状,やや明るい,,,143
2015-11-01,中核店舗景気判断DI,,景況感,現状,かなり明るい,,,0
2015-12-01,中核店舗景気判断DI,,景況感,現状,かなり不安,,,23
2015-12-01,中核店舗景気判断DI,,景況感,現状,やや不安,,,216
2015-12-01,中核店舗景気判断DI,,景況感,現状,変わらない,,,667
2015-12-01,中核店舗景気判断DI,,景況感,現状,やや明るい,,,86
2015-12-01,中核店舗景気判断DI,,景況感,現状,かなり明るい,,,9
2016-01-01,中核店舗景気判断DI,,景況感,現状,かなり不安,,,23
2016-01-01,中核店舗景気判断DI,,景況感,現状,やや不安,,,159
2016-01-01,中核店舗景気判断DI,,景況感,現状,変わらない,,,695
2016-01-01,中核店舗景気判断DI,,景況感,現状,やや明るい,,,118
2016-01-01,中核店舗景気判断DI,,景況感,現状,かなり明るい,,,5
2016-02-01,中核店舗景気判断DI,,景況感,現状,かなり不安,,,9
2016-02-01,中核店舗景気判断DI,,景況感,現状,やや不安,,,127
2016-02-01,中核店舗景気判断DI,,景況感,現状,変わらない,,,689
2016-02-01,中核店舗景気判断DI,,景況感,現状,やや明るい,,,170
2016-02-01,中核店舗景気判断DI,,景況感,現状,かなり明るい,,,5
2016-03-01,中核店舗景気判断DI,,景況感,現状,かなり不安,,,14
2016-03-01,中核店舗景気判断DI,,景況感,現状,やや不安,,,220
2016-03-01,中核店舗景気判断DI,,景況感,現状,変わらない,,,651
2016-03-01,中核店舗景気判断DI,,景況感,現状,やや明るい,,,115
2016-03-01,中核店舗景気判断DI,,景況感,現状,かなり明るい,,,0
2016-04-01,中核店舗景気判断DI,,景況感,現状,かなり不安,,,14
2016-04-01,中核店舗景気判断DI,,景況感,現状,やや不安,,,215
2016-04-01,中核店舗景気判断DI,,景況感,現状,変わらない,,,656
2016-04-01,中核店舗景気判断DI,,景況感,現状,やや明るい,,,115
2016-04-01,中核店舗景気判断DI,,景況感,現状,かなり明るい,,,0
2016-05-01,中核店舗景気判断DI,,景況感,現状,かなり不安,,,15
2016-05-01,中核店舗景気判断DI,,景況感,現状,やや不安,,,300
2016-05-01,中核店舗景気判断DI,,景況感,現状,変わらない,,,606
2016-05-01,中核店舗景気判断DI,,景況感,現状,やや明るい,,,79
2016-05-01,中核店舗景気判断DI,,景況感,現状,かなり明るい,,,0
2016-06-01,中核店舗景気判断DI,,景況感,現状,かなり不安,,,10
2016-06-01,中核店舗景気判断DI,,景況感,現状,やや不安,,,287
2016-06-01,中核店舗景気判断DI,,景況感,現状,変わらない,,,634
2016-06-01,中核店舗景気判断DI,,景況感,現状,やや明るい,,,69
2016-06-01,中核店舗景気判断DI,,景況感,現状,かなり明るい,,,0
2016-07-01,中核店舗景気判断DI,,景況感,現状,かなり不安,,,30
2016-07-01,中核店舗景気判断DI,,景況感,現状,やや不安,,,225
2016-07-01,中核店舗景気判断DI,,景況感,現状,変わらない,,,645
2016-07-01,中核店舗景気判断DI,,景況感,現状,やや明るい,,,100
2016-07-01,中核店舗景気判断DI,,景況感,現状,かなり明るい,,,0
2016-08-01,中核店舗景気判断DI,,景況感,現状,かなり不安,,,29
2016-08-01,中核店舗景気判断DI,,景況感,現状,やや不安,,,341
2016-08-01,中核店舗景気判断DI,,景況感,現状,変わらない,,,576
2016-08-01,中核店舗景気判断DI,,景況感,現状,やや明るい,,,49
2016-08-01,中核店舗景気判断DI,,景況感,現状,かなり明るい,,,5
2016-09-01,中核店舗景気判断DI,,景況感,現状,かなり不安,,,34
2016-09-01,中核店舗景気判断DI,,景況感,現状,やや不安,,,354
2016-09-01,中核店舗景気判断DI,,景況感,現状,変わらない,,,583
2016-09-01,中核店舗景気判断DI,,景況感,現状,やや明るい,,,24
2016-09-01,中核店舗景気判断DI,,景況感,現状,かなり明るい,,,5
2016-10-01,中核店舗景気判断DI,,景況感,現状,かなり不安,,,15
2016-10-01,中核店舗景気判断DI,,景況感,現状,やや不安,,,224
2016-10-01,中核店舗景気判断DI,,景況感,現状,変わらない,,,693
2016-10-01,中核店舗景気判断DI,,景況感,現状,やや明るい,,,68
2016-10-01,中核店舗景気判断DI,,景況感,現状,かなり明るい,,,0
2016-11-01,中核店舗景気判断DI,,景況感,現状,かなり不安,,,10
2016-11-01,中核店舗景気判断DI,,景況感,現状,やや不安,,,221
2016-11-01,中核店舗景気判断DI,,景況感,現状,変わらない,,,642
2016-11-01,中核店舗景気判断DI,,景況感,現状,やや明るい,,,127
2016-11-01,中核店舗景気判断DI,,景況感,現状,かなり明るい,,,0
2016-12-01,中核店舗景気判断DI,,景況感,現状,かなり不安,,,5
2016-12-01,中核店舗景気判断DI,,景況感,現状,やや不安,,,194
2016-12-01,中核店舗景気判断DI,,景況感,現状,変わらない,,,706
2016-12-01,中核店舗景気判断DI,,景況感,現状,やや明るい,,,95
2016-12-01,中核店舗景気判断DI,,景況感,現状,かなり明るい,,,0
2017-01-01,中核店舗景気判断DI,,景況感,現状,かなり不安,,,0
2017-01-01,中核店舗景気判断DI,,景況感,現状,やや不安,,,296
2017-01-01,中核店舗景気判断DI,,景況感,現状,変わらない,,,650
2017-01-01,中核店舗景気判断DI,,景況感,現状,やや明るい,,,54
2017-01-01,中核店舗景気判断DI,,景況感,現状,かなり明るい,,,0
2017-02-01,中核店舗景気判断DI,,景況感,現状,かなり不安,,,5
2017-02-01,中核店舗景気判断DI,,景況感,現状,やや不安,,,305
2017-02-01,中核店舗景気判断DI,,景況感,現状,変わらない,,,630
2017-02-01,中核店舗景気判断DI,,景況感,現状,やや明るい,,,60
2017-02-01,中核店舗景気判断DI,,景況感,現状,かなり明るい,,,0
2017-03-01,中核店舗景気判断DI,,景況感,現状,かなり不安,,,5
2017-03-01,中核店舗景気判断DI,,景況感,現状,やや不安,,,272
2017-03-01,中核店舗景気判断DI,,景況感,現状,変わらない,,,658
2017-03-01,中核店舗景気判断DI,,景況感,現状,やや明るい,,,59
2017-03-01,中核店舗景気判断DI,,景況感,現状,かなり明るい,,,5
2017-04-01,中核店舗景気判断DI,,景況感,現状,かなり不安,,,9
2017-04-01,中核店舗景気判断DI,,景況感,現状,やや不安,,,226
2017-04-01,中核店舗景気判断DI,,景況感,現状,変わらない,,,665
2017-04-01,中核店舗景気判断DI,,景況感,現状,やや明るい,,,99
2017-04-01,中核店舗景気判断DI,,景況感,現状,かなり明るい,,,0
2017-05-01,中核店舗景気判断DI,,景況感,現状,かなり不安,,,9
2017-05-01,中核店舗景気判断DI,,景況感,現状,やや不安,,,299
2017-05-01,中核店舗景気判断DI,,景況感,現状,変わらない,,,621
2017-05-01,中核店舗景気判断DI,,景況感,現状,やや明るい,,,71
2017-05-01,中核店舗景気判断DI,,景況感,現状,かなり明るい,,,0
2017-06-01,中核店舗景気判断DI,,景況感,現状,かなり不安,,,11
2017-06-01,中核店舗景気判断DI,,景況感,現状,やや不安,,,294
2017-06-01,中核店舗景気判断DI,,景況感,現状,変わらない,,,616
2017-06-01,中核店舗景気判断DI,,景況感,現状,やや明るい,,,79
2017-06-01,中核店舗景気判断DI,,景況感,現状,かなり明るい,,,0
2017-07-01,中核店舗景気判断DI,,景況感,現状,かなり不安,,,15
2017-07-01,中核店舗景気判断DI,,景況感,現状,やや不安,,,274
2017-07-01,中核店舗景気判断DI,,景況感,現状,変わらない,,,640
2017-07-01,中核店舗景気判断DI,,景況感,現状,やや明るい,,,71
2017-07-01,中核店舗景気判断DI,,景況感,現状,かなり明るい,,,0
2017-08-01,中核店舗景気判断DI,,景況感,現状,かなり不安,,,10
2017-08-01,中核店舗景気判断DI,,景況感,現状,やや不安,,,257
2017-08-01,中核店舗景気判断DI,,景況感,現状,変わらない,,,655
2017-08-01,中核店舗景気判断DI,,景況感,現状,やや明るい,,,78
2017-08-01,中核店舗景気判断DI,,景況感,現状,かなり明るい,,,0
2017-09-01,中核店舗景気判断DI,,景況感,現状,かなり不安,,,15
2017-09-01,中核店舗景気判断DI,,景況感,現状,やや不安,,,264
2017-09-01,中核店舗景気判断DI,,景況感,現状,変わらない,,,640
2017-09-01,中核店舗景気判断DI,,景況感,現状,やや明るい,,,71
2017-09-01,中核店舗景気判断DI,,景況感,現状,かなり明るい,,,10
2017-10-01,中核店舗景気判断DI,,景況感,現状,かなり不安,,,31
2017-10-01,中核店舗景気判断DI,,景況感,現状,やや不安,,,330
2017-10-01,中核店舗景気判断DI,,景況感,現状,変わらない,,,598
2017-10-01,中核店舗景気判断DI,,景況感,現状,やや明るい,,,41
2017-10-01,中核店舗景気判断DI,,景況感,現状,かなり明るい,,,0
2017-11-01,中核店舗景気判断DI,,景況感,現状,かなり不安,,,34
2017-11-01,中核店舗景気判断DI,,景況感,現状,やや不安,,,260
2017-11-01,中核店舗景気判断DI,,景況感,現状,変わらない,,,647
2017-11-01,中核店舗景気判断DI,,景況感,現状,やや明るい,,,59
2017-11-01,中核店舗景気判断DI,,景況感,現状,かなり明るい,,,0
2017-12-01,中核店舗景気判断DI,,景況感,現状,かなり不安,,,20
2017-12-01,中核店舗景気判断DI,,景況感,現状,やや不安,,,197
2017-12-01,中核店舗景気判断DI,,景況感,現状,変わらない,,,616
2017-12-01,中核店舗景気判断DI,,景況感,現状,やや明るい,,,152
2017-12-01,中核店舗景気判断DI,,景況感,現状,かなり明るい,,,15
2018-01-01,中核店舗景気判断DI,,景況感,現状,かなり不安,,,10
2018-01-01,中核店舗景気判断DI,,景況感,現状,やや不安,,,192
2018-01-01,中核店舗景気判断DI,,景況感,現状,変わらない,,,692
2018-01-01,中核店舗景気判断DI,,景況感,現状,やや明るい,,,101
2018-01-01,中核店舗景気判断DI,,景況感,現状,かなり明るい,,,5
2018-02-01,中核店舗景気判断DI,,景況感,現状,かなり不安,,,25
2018-02-01,中核店舗景気判断DI,,景況感,現状,やや不安,,,203
2018-02-01,中核店舗景気判断DI,,景況感,現状,変わらない,,,683
2018-02-01,中核店舗景気判断DI,,景況感,現状,やや明るい,,,89
2018-02-01,中核店舗景気判断DI,,景況感,現状,かなり明るい,,,0
2018-03-01,中核店舗景気判断DI,,景況感,現状,かなり不安,,,15
2018-03-01,中核店舗景気判断DI,,景況感,現状,やや不安,,,248
2018-03-01,中核店舗景気判断DI,,景況感,現状,変わらない,,,658
2018-03-01,中核店舗景気判断DI,,景況感,現状,やや明るい,,,79
2018-03-01,中核店舗景気判断DI,,景況感,現状,かなり明るい,,,0
2018-04-01,中核店舗景気判断DI,,景況感,現状,かなり不安,,,10
2018-04-01,中核店舗景気判断DI,,景況感,現状,やや不安,,,317
2018-04-01,中核店舗景気判断DI,,景況感,現状,変わらない,,,599
2018-04-01,中核店舗景気判断DI,,景況感,現状,やや明るい,,,69
2018-04-01,中核店舗景気判断DI,,景況感,現状,かなり明るい,,,5
2018-05-01,中核店舗景気判断DI,,景況感,現状,かなり不安,,,40
2018-05-01,中核店舗景気判断DI,,景況感,現状,やや不安,,,300
2018-05-01,中核店舗景気判断DI,,景況感,現状,変わらない,,,610
2018-05-01,中核店舗景気判断DI,,景況感,現状,やや明るい,,,50
2018-05-01,中核店舗景気判断DI,,景況感,現状,かなり明るい,,,0
2018-06-01,中核店舗景気判断DI,,景況感,現状,かなり不安,,,20
2018-06-01,中核店舗景気判断DI,,景況感,現状,やや不安,,,250
2018-06-01,中核店舗景気判断DI,,景況感,現状,変わらない,,,632
2018-06-01,中核店舗景気判断DI,,景況感,現状,やや明るい,,,93
2018-06-01,中核店舗景気判断DI,,景況感,現状,かなり明るい,,,5
2018-07-01,中核店舗景気判断DI,,景況感,現状,かなり不安,,,10
2018-07-01,中核店舗景気判断DI,,景況感,現状,やや不安,,,211
2018-07-01,中核店舗景気判断DI,,景況感,現状,変わらない,,,634
2018-07-01,中核店舗景気判断DI,,景況感,現状,やや明るい,,,139
2018-07-01,中核店舗景気判断DI,,景況感,現状,かなり明るい,,,5
2018-08-01,中核店舗景気判断DI,,景況感,現状,かなり不安,,,16
2018-08-01,中核店舗景気判断DI,,景況感,現状,やや不安,,,187
2018-08-01,中核店舗景気判断DI,,景況感,現状,変わらない,,,679
2018-08-01,中核店舗景気判断DI,,景況感,現状,やや明るい,,,112
2018-08-01,中核店舗景気判断DI,,景況感,現状,かなり明るい,,,5
2018-09-01,中核店舗景気判断DI,,景況感,現状,かなり不安,,,11
2018-09-01,中核店舗景気判断DI,,景況感,現状,やや不安,,,189
2018-09-01,中核店舗景気判断DI,,景況感,現状,変わらない,,,658
2018-09-01,中核店舗景気判断DI,,景況感,現状,やや明るい,,,126
2018-09-01,中核店舗景気判断DI,,景況感,現状,かなり明るい,,,16
2018-10-01,中核店舗景気判断DI,,景況感,現状,かなり不安,,,11
2018-10-01,中核店舗景気判断DI,,景況感,現状,やや不安,,,210
2018-10-01,中核店舗景気判断DI,,景況感,現状,変わらない,,,645
2018-10-01,中核店舗景気判断DI,,景況感,現状,やや明るい,,,118
2018-10-01,中核店舗景気判断DI,,景況感,現状,かなり明るい,,,16
2018-11-01,中核店舗景気判断DI,,景況感,現状,かなり不安,,,42
2018-11-01,中核店舗景気判断DI,,景況感,現状,やや不安,,,314
2018-11-01,中核店舗景気判断DI,,景況感,現状,変わらない,,,571
2018-11-01,中核店舗景気判断DI,,景況感,現状,やや明るい,,,73
2018-11-01,中核店舗景気判断DI,,景況感,現状,かなり明るい,,,0
2018-12-01,中核店舗景気判断DI,,景況感,現状,かなり不安,,,50
2018-12-01,中核店舗景気判断DI,,景況感,現状,やや不安,,,272
2018-12-01,中核店舗景気判断DI,,景況感,現状,変わらない,,,583
2018-12-01,中核店舗景気判断DI,,景況感,現状,やや明るい,,,83
2018-12-01,中核店舗景気判断DI,,景況感,現状,かなり明るい,,,11
2019-01-01,中核店舗景気判断DI,,景況感,現状,かなり不安,,,53
2019-01-01,中核店舗景気判断DI,,景況感,現状,やや不安,,,342
2019-01-01,中核店舗景気判断DI,,景況感,現状,変わらない,,,561
2019-01-01,中核店舗景気判断DI,,景況感,現状,やや明るい,,,43
2019-01-01,中核店舗景気判断DI,,景況感,現状,かなり明るい,,,0
2019-02-01,中核店舗景気判断DI,,景況感,現状,かなり不安,,,58
2019-02-01,中核店舗景気判断DI,,景況感,現状,やや不安,,,351
2019-02-01,中核店舗景気判断DI,,景況感,現状,変わらない,,,545
2019-02-01,中核店舗景気判断DI,,景況感,現状,やや明るい,,,42
2019-02-01,中核店舗景気判断DI,,景況感,現状,かなり明るい,,,5
2019-03-01,中核店舗景気判断DI,,景況感,現状,かなり不安,,,42
2019-03-01,中核店舗景気判断DI,,景況感,現状,やや不安,,,274
2019-03-01,中核店舗景気判断DI,,景況感,現状,変わらない,,,568
2019-03-01,中核店舗景気判断DI,,景況感,現状,やや明るい,,,105
2019-03-01,中核店舗景気判断DI,,景況感,現状,かなり明るい,,,11
2019-04-01,中核店舗景気判断DI,,景況感,現状,かなり不安,,,27
2019-04-01,中核店舗景気判断DI,,景況感,現状,やや不安,,,253
2019-04-01,中核店舗景気判断DI,,景況感,現状,変わらない,,,613
2019-04-01,中核店舗景気判断DI,,景況感,現状,やや明るい,,,108
2019-04-01,中核店舗景気判断DI,,景況感,現状,かなり明るい,,,0
2019-05-01,中核店舗景気判断DI,,景況感,現状,かなり不安,,,42
2019-05-01,中核店舗景気判断DI,,景況感,現状,やや不安,,,247
2019-05-01,中核店舗景気判断DI,,景況感,現状,変わらない,,,584
2019-05-01,中核店舗景気判断DI,,景況感,現状,やや明るい,,,121
2019-05-01,中核店舗景気判断DI,,景況感,現状,かなり明るい,,,5
2019-06-01,中核店舗景気判断DI,,景況感,現状,かなり不安,,,37
2019-06-01,中核店舗景気判断DI,,景況感,現状,やや不安,,,262
2019-06-01,中核店舗景気判断DI,,景況感,現状,変わらない,,,613
2019-06-01,中核店舗景気判断DI,,景況感,現状,やや明るい,,,89
2019-06-01,中核店舗景気判断DI,,景況感,現状,かなり明るい,,,0
2019-07-01,中核店舗景気判断DI,,景況感,現状,かなり不安,,,55
2019-07-01,中核店舗景気判断DI,,景況感,現状,やや不安,,,410
2019-07-01,中核店舗景気判断DI,,景況感,現状,変わらない,,,486
2019-07-01,中核店舗景気判断DI,,景況感,現状,やや明るい,,,49
2019-07-01,中核店舗景気判断DI,,景況感,現状,かなり明るい,,,0
2019-08-01,中核店舗景気判断DI,,景況感,現状,かなり不安,,,64
2019-08-01,中核店舗景気判断DI,,景況感,現状,やや不安,,,308
2019-08-01,中核店舗景気判断DI,,景況感,現状,変わらない,,,576
2019-08-01,中核店舗景気判断DI,,景況感,現状,やや明るい,,,52
2019-08-01,中核店舗景気判断DI,,景況感,現状,かなり明るい,,,0
2019-09-01,中核店舗景気判断DI,,景況感,現状,かなり不安,,,58
2019-09-01,中核店舗景気判断DI,,景況感,現状,やや不安,,,316
2019-09-01,中核店舗景気判断DI,,景況感,現状,変わらない,,,515
2019-09-01,中核店舗景気判断DI,,景況感,現状,やや明るい,,,99
2019-09-01,中核店舗景気判断DI,,景況感,現状,かなり明るい,,,12
2019-10-01,中核店舗景気判断DI,,景況感,現状,かなり不安,,,44
2019-10-01,中核店舗景気判断DI,,景況感,現状,やや不安,,,390
2019-10-01,中核店舗景気判断DI,,景況感,現状,変わらない,,,516
2019-10-01,中核店舗景気判断DI,,景況感,現状,やや明るい,,,44
2019-10-01,中核店舗景気判断DI,,景況感,現状,かなり明るい,,,5
2019-11-01,中核店舗景気判断DI,,景況感,現状,かなり不安,,,34
2019-11-01,中核店舗景気判断DI,,景況感,現状,やや不安,,,335
2019-11-01,中核店舗景気判断DI,,景況感,現状,変わらない,,,494
2019-11-01,中核店舗景気判断DI,,景況感,現状,やや明るい,,,125
2019-11-01,中核店舗景気判断DI,,景況感,現状,かなり明るい,,,11
2019-12-01,中核店舗景気判断DI,,景況感,現状,かなり不安,,,32
2019-12-01,中核店舗景気判断DI,,景況感,現状,やや不安,,,267
2019-12-01,中核店舗景気判断DI,,景況感,現状,変わらない,,,588
2019-12-01,中核店舗景気判断DI,,景況感,現状,やや明るい,,,107
2019-12-01,中核店舗景気判断DI,,景況感,現状,かなり明るい,,,5
2020-01-01,中核店舗景気判断DI,,景況感,現状,かなり不安,,,43
2020-01-01,中核店舗景気判断DI,,景況感,現状,やや不安,,,272
2020-01-01,中核店舗景気判断DI,,景況感,現状,変わらない,,,609
2020-01-01,中核店舗景気判断DI,,景況感,現状,やや明るい,,,76
2020-01-01,中核店舗景気判断DI,,景況感,現状,かなり明るい,,,0
2020-02-01,中核店舗景気判断DI,,景況感,現状,かなり不安,,,51
2020-02-01,中核店舗景気判断DI,,景況感,現状,やや不安,,,253
2020-02-01,中核店舗景気判断DI,,景況感,現状,変わらない,,,449
2020-02-01,中核店舗景気判断DI,,景況感,現状,やや明るい,,,225
2020-02-01,中核店舗景気判断DI,,景況感,現状,かなり明るい,,,22
2020-03-01,中核店舗景気判断DI,,景況感,現状,かなり不安,,,98
2020-03-01,中核店舗景気判断DI,,景況感,現状,やや不安,,,185
2020-03-01,中核店舗景気判断DI,,景況感,現状,変わらない,,,364
2020-03-01,中核店舗景気判断DI,,景況感,現状,やや明るい,,,304
2020-03-01,中核店舗景気判断DI,,景況感,現状,かなり明るい,,,49
2020-04-01,中核店舗景気判断DI,,景況感,現状,かなり不安,,,98
2020-04-01,中核店舗景気判断DI,,景況感,現状,やや不安,,,186
2020-04-01,中核店舗景気判断DI,,景況感,現状,変わらない,,,257
2020-04-01,中核店舗景気判断DI,,景況感,現状,やや明るい,,,350
2020-04-01,中核店舗景気判断DI,,景況感,現状,かなり明るい,,,109
2020-05-01,中核店舗景気判断DI,,景況感,現状,かなり不安,,,85
2020-05-01,中核店舗景気判断DI,,景況感,現状,やや不安,,,165
2020-05-01,中核店舗景気判断DI,,景況感,現状,変わらない,,,358
2020-05-01,中核店舗景気判断DI,,景況感,現状,やや明るい,,,324
2020-05-01,中核店舗景気判断DI,,景況感,現状,かなり明るい,,,68
2020-06-01,中核店舗景気判断DI,,景況感,現状,かなり不安,,,27
2020-06-01,中核店舗景気判断DI,,景況感,現状,やや不安,,,341
2020-06-01,中核店舗景気判断DI,,景況感,現状,変わらない,,,411
2020-06-01,中核店舗景気判断DI,,景況感,現状,やや明るい,,,205
2020-06-01,中核店舗景気判断DI,,景況感,現状,かなり明るい,,,16
2020-07-01,中核店舗景気判断DI,,景況感,現状,かなり不安,,,33
2020-07-01,中核店舗景気判断DI,,景況感,現状,やや不安,,,247
2020-07-01,中核店舗景気判断DI,,景況感,現状,変わらない,,,484
2020-07-01,中核店舗景気判断DI,,景況感,現状,やや明るい,,,225
2020-07-01,中核店舗景気判断DI,,景況感,現状,かなり明るい,,,11
2020-08-01,中核店舗景気判断DI,,景況感,現状,かなり不安,,,38
2020-08-01,中核店舗景気判断DI,,景況感,現状,やや不安,,,297
2020-08-01,中核店舗景気判断DI,,景況感,現状,変わらない,,,541
2020-08-01,中核店舗景気判断DI,,景況感,現状,やや明るい,,,124
2020-08-01,中核店舗景気判断DI,,景況感,現状,かなり明るい,,,0
2020-09-01,中核店舗景気判断DI,,景況感,現状,かなり不安,,,27
2020-09-01,中核店舗景気判断DI,,景況感,現状,やや不安,,,333
2020-09-01,中核店舗景気判断DI,,景況感,現状,変わらない,,,532
2020-09-01,中核店舗景気判断DI,,景況感,現状,やや明るい,,,108
2020-09-01,中核店舗景気判断DI,,景況感,現状,かなり明るい,,,0
2020-10-01,中核店舗景気判断DI,,景況感,現状,かなり不安,,,27
2020-10-01,中核店舗景気判断DI,,景況感,現状,やや不安,,,293
2020-10-01,中核店舗景気判断DI,,景況感,現状,変わらない,,,538
2020-10-01,中核店舗景気判断DI,,景況感,現状,やや明るい,,,136
2020-10-01,中核店舗景気判断DI,,景況感,現状,かなり明るい,,,5
2020-11-01,中核店舗景気判断DI,,景況感,現状,かなり不安,,,22
2020-11-01,中核店舗景気判断DI,,景況感,現状,やや不安,,,304
2020-11-01,中核店舗景気判断DI,,景況感,現状,変わらない,,,569
2020-11-01,中核店舗景気判断DI,,景況感,現状,やや明るい,,,99
2020-11-01,中核店舗景気判断DI,,景況感,現状,かなり明るい,,,6
2020-12-01,中核店舗景気判断DI,,景況感,現状,かなり不安,,,22
2020-12-01,中核店舗景気判断DI,,景況感,現状,やや不安,,,280
2020-12-01,中核店舗景気判断DI,,景況感,現状,変わらない,,,577
2020-12-01,中核店舗景気判断DI,,景況感,現状,やや明るい,,,115
2020-12-01,中核店舗景気判断DI,,景況感,現状,かなり明るい,,,5
2021-01-01,中核店舗景気判断DI,,景況感,現状,かなり不安,,,43
2021-01-01,中核店舗景気判断DI,,景況感,現状,やや不安,,,218
2021-01-01,中核店舗景気判断DI,,景況感,現状,変わらない,,,553
2021-01-01,中核店舗景気判断DI,,景況感,現状,やや明るい,,,181
2021-01-01,中核店舗景気判断DI,,景況感,現状,かなり明るい,,,5
2021-02-01,中核店舗景気判断DI,,景況感,現状,かなり不安,,,32
2021-02-01,中核店舗景気判断DI,,景況感,現状,やや不安,,,366
2021-02-01,中核店舗景気判断DI,,景況感,現状,変わらない,,,559
2021-02-01,中核店舗景気判断DI,,景況感,現状,やや明るい,,,43
2021-02-01,中核店舗景気判断DI,,景況感,現状,かなり明るい,,,0
2021-03-01,中核店舗景気判断DI,,景況感,現状,かなり不安,,,59
2021-03-01,中核店舗景気判断DI,,景況感,現状,やや不安,,,419
2021-03-01,中核店舗景気判断DI,,景況感,現状,変わらない,,,484
2021-03-01,中核店舗景気判断DI,,景況感,現状,やや明るい,,,32
2021-03-01,中核店舗景気判断DI,,景況感,現状,かなり明るい,,,5
2021-04-01,中核店舗景気判断DI,,景況感,現状,かなり不安,,,83
2021-04-01,中核店舗景気判断DI,,景況感,現状,やや不安,,,406
2021-04-01,中核店舗景気判断DI,,景況感,現状,変わらない,,,450
2021-04-01,中核店舗景気判断DI,,景況感,現状,やや明るい,,,61
2021-04-01,中核店舗景気判断DI,,景況感,現状,かなり明るい,,,0
2021-05-01,中核店舗景気判断DI,,景況感,現状,かなり不安,,,80
2021-05-01,中核店舗景気判断DI,,景況感,現状,やや不安,,,348
2021-05-01,中核店舗景気判断DI,,景況感,現状,変わらない,,,508
2021-05-01,中核店舗景気判断DI,,景況感,現状,やや明るい,,,64
2021-05-01,中核店舗景気判断DI,,景況感,現状,かなり明るい,,,0
2021-06-01,中核店舗景気判断DI,,景況感,現状,かなり不安,,,50
2021-06-01,中核店舗景気判断DI,,景況感,現状,やや不安,,,324
2021-06-01,中核店舗景気判断DI,,景況感,現状,変わらない,,,547
2021-06-01,中核店舗景気判断DI,,景況感,現状,やや明るい,,,78
2021-06-01,中核店舗景気判断DI,,景況感,現状,かなり明るい,,,0
2021-07-01,中核店舗景気判断DI,,景況感,現状,かなり不安,,,43
2021-07-01,中核店舗景気判断DI,,景況感,現状,やや不安,,,321
2021-07-01,中核店舗景気判断DI,,景況感,現状,変わらない,,,549
2021-07-01,中核店舗景気判断DI,,景況感,現状,やや明るい,,,87
2021-07-01,中核店舗景気判断DI,,景況感,現状,かなり明るい,,,0
2021-08-01,中核店舗景気判断DI,,景況感,現状,かなり不安,,,48
2021-08-01,中核店舗景気判断DI,,景況感,現状,やや不安,,,317
2021-08-01,中核店舗景気判断DI,,景況感,現状,変わらない,,,575
2021-08-01,中核店舗景気判断DI,,景況感,現状,やや明るい,,,59
2021-08-01,中核店舗景気判断DI,,景況感,現状,かなり明るい,,,0
2021-09-01,中核店舗景気判断DI,,景況感,現状,かなり不安,,,59
2021-09-01,中核店舗景気判断DI,,景況感,現状,やや不安,,,270
2021-09-01,中核店舗景気判断DI,,景況感,現状,変わらない,,,578
2021-09-01,中核店舗景気判断DI,,景況感,現状,やや明るい,,,92
2021-09-01,中核店舗景気判断DI,,景況感,現状,かなり明るい,,,0
2021-10-01,中核店舗景気判断DI,,景況感,現状,かなり不安,,,56
2021-10-01,中核店舗景気判断DI,,景況感,現状,やや不安,,,303
2021-10-01,中核店舗景気判断DI,,景況感,現状,変わらない,,,562
2021-10-01,中核店舗景気判断DI,,景況感,現状,やや明るい,,,73
2021-10-01,中核店舗景気判断DI,,景況感,現状,かなり明るい,,,6
2021-11-01,中核店舗景気判断DI,,景況感,現状,かなり不安,,,72
2021-11-01,中核店舗景気判断DI,,景況感,現状,やや不安,,,344
2021-11-01,中核店舗景気判断DI,,景況感,現状,変わらない,,,522
2021-11-01,中核店舗景気判断DI,,景況感,現状,やや明るい,,,44
2021-11-01,中核店舗景気判断DI,,景況感,現状,かなり明るい,,,17
2021-12-01,中核店舗景気判断DI,,景況感,現状,かなり不安,,,59
2021-12-01,中核店舗景気判断DI,,景況感,現状,やや不安,,,389
2021-12-01,中核店舗景気判断DI,,景況感,現状,変わらない,,,481
2021-12-01,中核店舗景気判断DI,,景況感,現状,やや明るい,,,65
2021-12-01,中核店舗景気判断DI,,景況感,現状,かなり明るい,,,5
2022-01-01,中核店舗景気判断DI,,景況感,現状,かなり不安,,,38
2022-01-01,中核店舗景気判断DI,,景況感,現状,やや不安,,,353
2022-01-01,中核店舗景気判断DI,,景況感,現状,変わらない,,,511
2022-01-01,中核店舗景気判断DI,,景況感,現状,やや明るい,,,98
2022-01-01,中核店舗景気判断DI,,景況感,現状,かなり明るい,,,0
2022-02-01,中核店舗景気判断DI,,景況感,現状,かなり不安,,,29
2022-02-01,中核店舗景気判断DI,,景況感,現状,やや不安,,,256
2022-02-01,中核店舗景気判断DI,,景況感,現状,変わらない,,,581
2022-02-01,中核店舗景気判断DI,,景況感,現状,やや明るい,,,128
2022-02-01,中核店舗景気判断DI,,景況感,現状,かなり明るい,,,6
2022-03-01,中核店舗景気判断DI,,景況感,現状,かなり不安,,,23
2022-03-01,中核店舗景気判断DI,,景況感,現状,やや不安,,,266
2022-03-01,中核店舗景気判断DI,,景況感,現状,変わらない,,,571
2022-03-01,中核店舗景気判断DI,,景況感,現状,やや明るい,,,130
2022-03-01,中核店舗景気判断DI,,景況感,現状,かなり明るい,,,11
2022-04-01,中核店舗景気判断DI,,景況感,現状,かなり不安,,,38
2022-04-01,中核店舗景気判断DI,,景況感,現状,やや不安,,,362
2022-04-01,中核店舗景気判断DI,,景況感,現状,変わらない,,,492
2022-04-01,中核店舗景気判断DI,,景況感,現状,やや明るい,,,108
2022-04-01,中核店舗景気判断DI,,景況感,現状,かなり明るい,,,0
2022-05-01,中核店舗景気判断DI,,景況感,現状,かなり不安,,,56
2022-05-01,中核店舗景気判断DI,,景況感,現状,やや不安,,,418
2022-05-01,中核店舗景気判断DI,,景況感,現状,変わらない,,,452
2022-05-01,中核店舗景気判断DI,,景況感,現状,やや明るい,,,73
2022-05-01,中核店舗景気判断DI,,景況感,現状,かなり明るい,,,0
2022-06-01,中核店舗景気判断DI,,景況感,現状,かなり不安,,,55
2022-06-01,中核店舗景気判断DI,,景況感,現状,やや不安,,,464
2022-06-01,中核店舗景気判断DI,,景況感,現状,変わらない,,,437
2022-06-01,中核店舗景気判断DI,,景況感,現状,やや明るい,,,44
2022-06-01,中核店舗景気判断DI,,景況感,現状,かなり明るい,,,0
2022-07-01,中核店舗景気判断DI,,景況感,現状,かなり不安,,,34
2022-07-01,中核店舗景気判断DI,,景況感,現状,やや不安,,,341
2022-07-01,中核店舗景気判断DI,,景況感,現状,変わらない,,,520
2022-07-01,中核店舗景気判断DI,,景況感,現状,やや明るい,,,106
2022-07-01,中核店舗景気判断DI,,景況感,現状,かなり明るい,,,0
2022-08-01,中核店舗景気判断DI,,景況感,現状,かなり不安,,,74
2022-08-01,中核店舗景気判断DI,,景況感,現状,やや不安,,,352
2022-08-01,中核店舗景気判断DI,,景況感,現状,変わらない,,,489
2022-08-01,中核店舗景気判断DI,,景況感,現状,やや明るい,,,85
2022-08-01,中核店舗景気判断DI,,景況感,現状,かなり明るい,,,0
2022-09-01,中核店舗景気判断DI,,景況感,現状,かなり不安,,,49
2022-09-01,中核店舗景気判断DI,,景況感,現状,やや不安,,,385
2022-09-01,中核店舗景気判断DI,,景況感,現状,変わらない,,,516
2022-09-01,中核店舗景気判断DI,,景況感,現状,やや明るい,,,44
2022-09-01,中核店舗景気判断DI,,景況感,現状,かなり明るい,,,5
2022-10-01,中核店舗景気判断DI,,景況感,現状,かなり不安,,,45
2022-10-01,中核店舗景気判断DI,,景況感,現状,やや不安,,,260
2022-10-01,中核店舗景気判断DI,,景況感,現状,変わらない,,,559
2022-10-01,中核店舗景気判断DI,,景況感,現状,やや明るい,,,130
2022-10-01,中核店舗景気判断DI,,景況感,現状,かなり明るい,,,6
2022-11-01,中核店舗景気判断DI,,景況感,現状,かなり不安,,,51
2022-11-01,中核店舗景気判断DI,,景況感,現状,やや不安,,,273
2022-11-01,中核店舗景気判断DI,,景況感,現状,変わらない,,,540
2022-11-01,中核店舗景気判断DI,,景況感,現状,やや明るい,,,136
2022-11-01,中核店舗景気判断DI,,景況感,現状,かなり明るい,,,0
2022-12-01,中核店舗景気判断DI,,景況感,現状,かなり不安,,,27
2022-12-01,中核店舗景気判断DI,,景況感,現状,やや不安,,,220
2022-12-01,中核店舗景気判断DI,,景況感,現状,変わらない,,,538
2022-12-01,中核店舗景気判断DI,,景況感,現状,やや明るい,,,203
2022-12-01,中核店舗景気判断DI,,景況感,現状,かなり明るい,,,11
2023-01-01,中核店舗景気判断DI,,景況感,現状,かなり不安,,,53
2023-01-01,中核店舗景気判断DI,,景況感,現状,やや不安,,,261
2023-01-01,中核店舗景気判断DI,,景況感,現状,変わらない,,,548
2023-01-01,中核店舗景気判断DI,,景況感,現状,やや明るい,,,138
2023-01-01,中核店舗景気判断DI,,景況感,現状,かなり明るい,,,0
2023-02-01,中核店舗景気判断DI,,景況感,現状,かなり不安,,,60
2023-02-01,中核店舗景気判断DI,,景況感,現状,やや不安,,,372
2023-02-01,中核店舗景気判断DI,,景況感,現状,変わらない,,,492
2023-02-01,中核店舗景気判断DI,,景況感,現状,やや明るい,,,71
2023-02-01,中核店舗景気判断DI,,景況感,現状,かなり明るい,,,5
2023-03-01,中核店舗景気判断DI,,景況感,現状,かなり不安,,,27
2023-03-01,中核店舗景気判断DI,,景況感,現状,やや不安,,,276
2023-03-01,中核店舗景気判断DI,,景況感,現状,変わらない,,,589
2023-03-01,中核店舗景気判断DI,,景況感,現状,やや明るい,,,108
2023-03-01,中核店舗景気判断DI,,景況感,現状,かなり明るい,,,0
2023-04-01,中核店舗景気判断DI,,景況感,現状,かなり不安,,,17
2023-04-01,中核店舗景気判断DI,,景況感,現状,やや不安,,,202
2023-04-01,中核店舗景気判断DI,,景況感,現状,変わらない,,,596
2023-04-01,中核店舗景気判断DI,,景況感,現状,やや明るい,,,185
2023-04-01,中核店舗景気判断DI,,景況感,現状,かなり明るい,,,0
2023-05-01,中核店舗景気判断DI,,景況感,現状,かなり不安,,,17
2023-05-01,中核店舗景気判断DI,,景況感,現状,やや不安,,,153
2023-05-01,中核店舗景気判断DI,,景況感,現状,変わらない,,,667
2023-05-01,中核店舗景気判断DI,,景況感,現状,やや明るい,,,158
2023-05-01,中核店舗景気判断DI,,景況感,現状,かなり明るい,,,6
2023-06-01,中核店舗景気判断DI,,景況感,現状,かなり不安,,,28
2023-06-01,中核店舗景気判断DI,,景況感,現状,やや不安,,,174
2023-06-01,中核店舗景気判断DI,,景況感,現状,変わらない,,,590
2023-06-01,中核店舗景気判断DI,,景況感,現状,やや明るい,,,208
2023-06-01,中核店舗景気判断DI,,景況感,現状,かなり明るい,,,0
2023-07-01,中核店舗景気判断DI,,景況感,現状,かなり不安,,,17
2023-07-01,中核店舗景気判断DI,,景況感,現状,やや不安,,,110
2023-07-01,中核店舗景気判断DI,,景況感,現状,変わらない,,,635
2023-07-01,中核店舗景気判断DI,,景況感,現状,やや明るい,,,238
2023-07-01,中核店舗景気判断DI,,景況感,現状,かなり明るい,,,0
2023-08-01,中核店舗景気判断DI,,景況感,現状,かなり不安,,,16
2023-08-01,中核店舗景気判断DI,,景況感,現状,やや不安,,,133
2023-08-01,中核店舗景気判断DI,,景況感,現状,変わらない,,,617
2023-08-01,中核店舗景気判断DI,,景況感,現状,やや明るい,,,229
2023-08-01,中核店舗景気判断DI,,景況感,現状,かなり明るい,,,5
2023-09-01,中核店舗景気判断DI,,景況感,現状,かなり不安,,,17
2023-09-01,中核店舗景気判断DI,,景況感,現状,やや不安,,,140
2023-09-01,中核店舗景気判断DI,,景況感,現状,変わらない,,,640
2023-09-01,中核店舗景気判断DI,,景況感,現状,やや明るい,,,202
2023-09-01,中核店舗景気判断DI,,景況感,現状,かなり明るい,,,0
2023-10-01,中核店舗景気判断DI,,景況感,現状,かなり不安,,,0
2023-10-01,中核店舗景気判断DI,,景況感,現状,やや不安,,,152
2023-10-01,中核店舗景気判断DI,,景況感,現状,変わらない,,,684
2023-10-01,中核店舗景気判断DI,,景況感,現状,やや明るい,,,164
2023-10-01,中核店舗景気判断DI,,景況感,現状,かなり明るい,,,0
2023-11-01,中核店舗景気判断DI,,景況感,現状,かなり不安,,,6
2023-11-01,中核店舗景気判断DI,,景況感,現状,やや不安,,,127
2023-11-01,中核店舗景気判断DI,,景況感,現状,変わらない,,,685
2023-11-01,中核店舗景気判断DI,,景況感,現状,やや明るい,,,177
2023-11-01,中核店舗景気判断DI,,景況感,現状,かなり明るい,,,6
2023-12-01,中核店舗景気判断DI,,景況感,現状,かなり不安,,,6
2023-12-01,中核店舗景気判断DI,,景況感,現状,やや不安,,,140
2023-12-01,中核店舗景気判断DI,,景況感,現状,変わらない,,,654
2023-12-01,中核店舗景気判断DI,,景況感,現状,やや明るい,,,196
2023-12-01,中核店舗景気判断DI,,景況感,現状,かなり明るい,,,6
2024-01-01,中核店舗景気判断DI,,景況感,現状,かなり不安,,,17
2024-01-01,中核店舗景気判断DI,,景況感,現状,やや不安,,,152
2024-01-01,中核店舗景気判断DI,,景況感,現状,変わらない,,,697
2024-01-01,中核店舗景気判断DI,,景況感,現状,やや明るい,,,129
2024-01-01,中核店舗景気判断DI,,景況感,現状,かなり明るい,,,6
2024-02-01,中核店舗景気判断DI,,景況感,現状,かなり不安,,,11
2024-02-01,中核店舗景気判断DI,,景況感,現状,やや不安,,,90
2024-02-01,中核店舗景気判断DI,,景況感,現状,変わらない,,,734
2024-02-01,中核店舗景気判断DI,,景況感,現状,やや明るい,,,164
2024-02-01,中核店舗景気判断DI,,景況感,現状,かなり明るい,,,0
2024-03-01,中核店舗景気判断DI,,景況感,現状,かなり不安,,,6
2024-03-01,中核店舗景気判断DI,,景況感,現状,やや不安,,,113
2024-03-01,中核店舗景気判断DI,,景況感,現状,変わらない,,,638
2024-03-01,中核店舗景気判断DI,,景況感,現状,やや明るい,,,220
2024-03-01,中核店舗景気判断DI,,景況感,現状,かなり明るい,,,23
2024-04-01,中核店舗景気判断DI,,景況感,現状,かなり不安,,,12
2024-04-01,中核店舗景気判断DI,,景況感,現状,やや不安,,,262
2024-04-01,中核店舗景気判断DI,,景況感,現状,変わらない,,,628
2024-04-01,中核店舗景気判断DI,,景況感,現状,やや明るい,,,91
2024-04-01,中核店舗景気判断DI,,景況感,現状,かなり明るい,,,6
2024-05-01,中核店舗景気判断DI,,景況感,現状,かなり不安,,,23
2024-05-01,中核店舗景気判断DI,,景況感,現状,やや不安,,,270
2024-05-01,中核店舗景気判断DI,,景況感,現状,変わらない,,,632
2024-05-01,中核店舗景気判断DI,,景況感,現状,やや明るい,,,63
2024-05-01,中核店舗景気判断DI,,景況感,現状,かなり明るい,,,11
2024-06-01,中核店舗景気判断DI,,景況感,現状,かなり不安,,,6
2024-06-01,中核店舗景気判断DI,,景況感,現状,やや不安,,,193
2024-06-01,中核店舗景気判断DI,,景況感,現状,変わらない,,,665
2024-06-01,中核店舗景気判断DI,,景況感,現状,やや明るい,,,125
2024-06-01,中核店舗景気判断DI,,景況感,現状,かなり明るい,,,11
2024-07-01,中核店舗景気判断DI,,景況感,現状,かなり不安,,,28
2024-07-01,中核店舗景気判断DI,,景況感,現状,やや不安,,,232
2024-07-01,中核店舗景気判断DI,,景況感,現状,変わらない,,,650
2024-07-01,中核店舗景気判断DI,,景況感,現状,やや明るい,,,85
2024-07-01,中核店舗景気判断DI,,景況感,現状,かなり明るい,,,6
2024-08-01,中核店舗景気判断DI,,景況感,現状,かなり不安,,,6
2024-08-01,中核店舗景気判断DI,,景況感,現状,やや不安,,,163
2024-08-01,中核店舗景気判断DI,,景況感,現状,変わらない,,,622
2024-08-01,中核店舗景気判断DI,,景況感,現状,やや明るい,,,203
2024-08-01,中核店舗景気判断DI,,景況感,現状,かなり明るい,,,6
2024-09-01,中核店舗景気判断DI,,景況感,現状,かなり不安,,,6
2024-09-01,中核店舗景気判断DI,,景況感,現状,やや不安,,,198
2024-09-01,中核店舗景気判断DI,,景況感,現状,変わらない,,,704
2024-09-01,中核店舗景気判断DI,,景況感,現状,やや明るい,,,80
2024-09-01,中核店舗景気判断DI,,景況感,現状,かなり明るい,,,12
2011-04-01,中核店舗景気判断DI,,景況感,見通,かなり不安,,,49
2011-04-01,中核店舗景気判断DI,,景況感,見通,やや不安,,,434
2011-04-01,中核店舗景気判断DI,,景況感,見通,変わらない,,,417
2011-04-01,中核店舗景気判断DI,,景況感,見通,やや明るい,,,100
2011-04-01,中核店舗景気判断DI,,景況感,見通,かなり明るい,,,0
2011-05-01,中核店舗景気判断DI,,景況感,見通,かなり不安,,,60
2011-05-01,中核店舗景気判断DI,,景況感,見通,やや不安,,,461
2011-05-01,中核店舗景気判断DI,,景況感,見通,変わらない,,,413
2011-05-01,中核店舗景気判断DI,,景況感,見通,やや明るい,,,66
2011-05-01,中核店舗景気判断DI,,景況感,見通,かなり明るい,,,0
2011-06-01,中核店舗景気判断DI,,景況感,見通,かなり不安,,,37
2011-06-01,中核店舗景気判断DI,,景況感,見通,やや不安,,,378
2011-06-01,中核店舗景気判断DI,,景況感,見通,変わらない,,,462
2011-06-01,中核店舗景気判断DI,,景況感,見通,やや明るい,,,117
2011-06-01,中核店舗景気判断DI,,景況感,見通,かなり明るい,,,7
2011-07-01,中核店舗景気判断DI,,景況感,見通,かなり不安,,,23
2011-07-01,中核店舗景気判断DI,,景況感,見通,やや不安,,,377
2011-07-01,中核店舗景気判断DI,,景況感,見通,変わらない,,,511
2011-07-01,中核店舗景気判断DI,,景況感,見通,やや明るい,,,89
2011-07-01,中核店舗景気判断DI,,景況感,見通,かなり明るい,,,0
2011-08-01,中核店舗景気判断DI,,景況感,見通,かなり不安,,,32
2011-08-01,中核店舗景気判断DI,,景況感,見通,やや不安,,,438
2011-08-01,中核店舗景気判断DI,,景況感,見通,変わらない,,,476
2011-08-01,中核店舗景気判断DI,,景況感,見通,やや明るい,,,51
2011-08-01,中核店舗景気判断DI,,景況感,見通,かなり明るい,,,3
2011-09-01,中核店舗景気判断DI,,景況感,見通,かなり不安,,,34
2011-09-01,中核店舗景気判断DI,,景況感,見通,やや不安,,,393
2011-09-01,中核店舗景気判断DI,,景況感,見通,変わらない,,,486
2011-09-01,中核店舗景気判断DI,,景況感,見通,やや明るい,,,86
2011-09-01,中核店舗景気判断DI,,景況感,見通,かなり明るい,,,0
2011-10-01,中核店舗景気判断DI,,景況感,見通,かなり不安,,,41
2011-10-01,中核店舗景気判断DI,,景況感,見通,やや不安,,,395
2011-10-01,中核店舗景気判断DI,,景況感,見通,変わらない,,,507
2011-10-01,中核店舗景気判断DI,,景況感,見通,やや明るい,,,58
2011-10-01,中核店舗景気判断DI,,景況感,見通,かなり明るい,,,0
2011-11-01,中核店舗景気判断DI,,景況感,見通,かなり不安,,,64
2011-11-01,中核店舗景気判断DI,,景況感,見通,やや不安,,,422
2011-11-01,中核店舗景気判断DI,,景況感,見通,変わらない,,,453
2011-11-01,中核店舗景気判断DI,,景況感,見通,やや明るい,,,61
2011-11-01,中核店舗景気判断DI,,景況感,見通,かなり明るい,,,0
2011-12-01,中核店舗景気判断DI,,景況感,見通,かなり不安,,,39
2011-12-01,中核店舗景気判断DI,,景況感,見通,やや不安,,,377
2011-12-01,中核店舗景気判断DI,,景況感,見通,変わらない,,,521
2011-12-01,中核店舗景気判断DI,,景況感,見通,やや明るい,,,63
2011-12-01,中核店舗景気判断DI,,景況感,見通,かなり明るい,,,0
2012-01-01,中核店舗景気判断DI,,景況感,見通,かなり不安,,,31
2012-01-01,中核店舗景気判断DI,,景況感,見通,やや不安,,,353
2012-01-01,中核店舗景気判断DI,,景況感,見通,変わらない,,,544
2012-01-01,中核店舗景気判断DI,,景況感,見通,やや明るい,,,63
2012-01-01,中核店舗景気判断DI,,景況感,見通,かなり明るい,,,9
2012-02-01,中核店舗景気判断DI,,景況感,見通,かなり不安,,,27
2012-02-01,中核店舗景気判断DI,,景況感,見通,やや不安,,,296
2012-02-01,中核店舗景気判断DI,,景況感,見通,変わらない,,,575
2012-02-01,中核店舗景気判断DI,,景況感,見通,やや明るい,,,96
2012-02-01,中核店舗景気判断DI,,景況感,見通,かなり明るい,,,7
2012-03-01,中核店舗景気判断DI,,景況感,見通,かなり不安,,,31
2012-03-01,中核店舗景気判断DI,,景況感,見通,やや不安,,,329
2012-03-01,中核店舗景気判断DI,,景況感,見通,変わらない,,,549
2012-03-01,中核店舗景気判断DI,,景況感,見通,やや明るい,,,92
2012-03-01,中核店舗景気判断DI,,景況感,見通,かなり明るい,,,0
2012-04-01,中核店舗景気判断DI,,景況感,見通,かなり不安,,,33
2012-04-01,中核店舗景気判断DI,,景況感,見通,やや不安,,,272
2012-04-01,中核店舗景気判断DI,,景況感,見通,変わらない,,,600
2012-04-01,中核店舗景気判断DI,,景況感,見通,やや明るい,,,92
2012-04-01,中核店舗景気判断DI,,景況感,見通,かなり明るい,,,3
2012-05-01,中核店舗景気判断DI,,景況感,見通,かなり不安,,,37
2012-05-01,中核店舗景気判断DI,,景況感,見通,やや不安,,,293
2012-05-01,中核店舗景気判断DI,,景況感,見通,変わらない,,,580
2012-05-01,中核店舗景気判断DI,,景況感,見通,やや明るい,,,90
2012-05-01,中核店舗景気判断DI,,景況感,見通,かなり明るい,,,0
2012-06-01,中核店舗景気判断DI,,景況感,見通,かなり不安,,,43
2012-06-01,中核店舗景気判断DI,,景況感,見通,やや不安,,,341
2012-06-01,中核店舗景気判断DI,,景況感,見通,変わらない,,,555
2012-06-01,中核店舗景気判断DI,,景況感,見通,やや明るい,,,60
2012-06-01,中核店舗景気判断DI,,景況感,見通,かなり明るい,,,0
2012-07-01,中核店舗景気判断DI,,景況感,見通,かなり不安,,,60
2012-07-01,中核店舗景気判断DI,,景況感,見通,やや不安,,,359
2012-07-01,中核店舗景気判断DI,,景況感,見通,変わらない,,,550
2012-07-01,中核店舗景気判断DI,,景況感,見通,やや明るい,,,30
2012-07-01,中核店舗景気判断DI,,景況感,見通,かなり明るい,,,0
2012-08-01,中核店舗景気判断DI,,景況感,見通,かなり不安,,,55
2012-08-01,中核店舗景気判断DI,,景況感,見通,やや不安,,,386
2012-08-01,中核店舗景気判断DI,,景況感,見通,変わらない,,,517
2012-08-01,中核店舗景気判断DI,,景況感,見通,やや明るい,,,41
2012-08-01,中核店舗景気判断DI,,景況感,見通,かなり明るい,,,0
2012-09-01,中核店舗景気判断DI,,景況感,見通,かなり不安,,,35
2012-09-01,中核店舗景気判断DI,,景況感,見通,やや不安,,,412
2012-09-01,中核店舗景気判断DI,,景況感,見通,変わらない,,,525
2012-09-01,中核店舗景気判断DI,,景況感,見通,やや明るい,,,28
2012-09-01,中核店舗景気判断DI,,景況感,見通,かなり明るい,,,0
2012-10-01,中核店舗景気判断DI,,景況感,見通,かなり不安,,,47
2012-10-01,中核店舗景気判断DI,,景況感,見通,やや不安,,,442
2012-10-01,中核店舗景気判断DI,,景況感,見通,変わらない,,,478
2012-10-01,中核店舗景気判断DI,,景況感,見通,やや明るい,,,33
2012-10-01,中核店舗景気判断DI,,景況感,見通,かなり明るい,,,0
2012-11-01,中核店舗景気判断DI,,景況感,見通,かなり不安,,,55
2012-11-01,中核店舗景気判断DI,,景況感,見通,やや不安,,,451
2012-11-01,中核店舗景気判断DI,,景況感,見通,変わらない,,,458
2012-11-01,中核店舗景気判断DI,,景況感,見通,やや明るい,,,33
2012-11-01,中核店舗景気判断DI,,景況感,見通,かなり明るい,,,4
2012-12-01,中核店舗景気判断DI,,景況感,見通,かなり不安,,,54
2012-12-01,中核店舗景気判断DI,,景況感,見通,やや不安,,,355
2012-12-01,中核店舗景気判断DI,,景況感,見通,変わらない,,,523
2012-12-01,中核店舗景気判断DI,,景況感,見通,やや明るい,,,65
2012-12-01,中核店舗景気判断DI,,景況感,見通,かなり明るい,,,4
2013-01-01,中核店舗景気判断DI,,景況感,見通,かなり不安,,,58
2013-01-01,中核店舗景気判断DI,,景況感,見通,やや不安,,,337
2013-01-01,中核店舗景気判断DI,,景況感,見通,変わらない,,,518
2013-01-01,中核店舗景気判断DI,,景況感,見通,やや明るい,,,83
2013-01-01,中核店舗景気判断DI,,景況感,見通,かなり明るい,,,4
2013-02-01,中核店舗景気判断DI,,景況感,見通,かなり不安,,,60
2013-02-01,中核店舗景気判断DI,,景況感,見通,やや不安,,,306
2013-02-01,中核店舗景気判断DI,,景況感,見通,変わらない,,,541
2013-02-01,中核店舗景気判断DI,,景況感,見通,やや明るい,,,93
2013-02-01,中核店舗景気判断DI,,景況感,見通,かなり明るい,,,0
2013-03-01,中核店舗景気判断DI,,景況感,見通,かなり不安,,,34
2013-03-01,中核店舗景気判断DI,,景況感,見通,やや不安,,,307
2013-03-01,中核店舗景気判断DI,,景況感,見通,変わらない,,,549
2013-03-01,中核店舗景気判断DI,,景況感,見通,やや明るい,,,106
2013-03-01,中核店舗景気判断DI,,景況感,見通,かなり明るい,,,4
2013-04-01,中核店舗景気判断DI,,景況感,見通,かなり不安,,,37
2013-04-01,中核店舗景気判断DI,,景況感,見通,やや不安,,,262
2013-04-01,中核店舗景気判断DI,,景況感,見通,変わらない,,,584
2013-04-01,中核店舗景気判断DI,,景況感,見通,やや明るい,,,116
2013-04-01,中核店舗景気判断DI,,景況感,見通,かなり明るい,,,0
2013-05-01,中核店舗景気判断DI,,景況感,見通,かなり不安,,,34
2013-05-01,中核店舗景気判断DI,,景況感,見通,やや不安,,,293
2013-05-01,中核店舗景気判断DI,,景況感,見通,変わらない,,,559
2013-05-01,中核店舗景気判断DI,,景況感,見通,やや明るい,,,114
2013-05-01,中核店舗景気判断DI,,景況感,見通,かなり明るい,,,0
2013-06-01,中核店舗景気判断DI,,景況感,見通,かなり不安,,,26
2013-06-01,中核店舗景気判断DI,,景況感,見通,やや不安,,,257
2013-06-01,中核店舗景気判断DI,,景況感,見通,変わらない,,,589
2013-06-01,中核店舗景気判断DI,,景況感,見通,やや明るい,,,128
2013-06-01,中核店舗景気判断DI,,景況感,見通,かなり明るい,,,0
2013-07-01,中核店舗景気判断DI,,景況感,見通,かなり不安,,,30
2013-07-01,中核店舗景気判断DI,,景況感,見通,やや不安,,,249
2013-07-01,中核店舗景気判断DI,,景況感,見通,変わらない,,,634
2013-07-01,中核店舗景気判断DI,,景況感,見通,やや明るい,,,83
2013-07-01,中核店舗景気判断DI,,景況感,見通,かなり明るい,,,4
2013-08-01,中核店舗景気判断DI,,景況感,見通,かなり不安,,,29
2013-08-01,中核店舗景気判断DI,,景況感,見通,やや不安,,,230
2013-08-01,中核店舗景気判断DI,,景況感,見通,変わらない,,,639
2013-08-01,中核店舗景気判断DI,,景況感,見通,やや明るい,,,102
2013-08-01,中核店舗景気判断DI,,景況感,見通,かなり明るい,,,0
2013-09-01,中核店舗景気判断DI,,景況感,見通,かなり不安,,,40
2013-09-01,中核店舗景気判断DI,,景況感,見通,やや不安,,,244
2013-09-01,中核店舗景気判断DI,,景況感,見通,変わらない,,,592
2013-09-01,中核店舗景気判断DI,,景況感,見通,やや明るい,,,124
2013-09-01,中核店舗景気判断DI,,景況感,見通,かなり明るい,,,0
2013-10-01,中核店舗景気判断DI,,景況感,見通,かなり不安,,,34
2013-10-01,中核店舗景気判断DI,,景況感,見通,やや不安,,,234
2013-10-01,中核店舗景気判断DI,,景況感,見通,変わらない,,,609
2013-10-01,中核店舗景気判断DI,,景況感,見通,やや明るい,,,123
2013-10-01,中核店舗景気判断DI,,景況感,見通,かなり明るい,,,0
2013-11-01,中核店舗景気判断DI,,景況感,見通,かなり不安,,,19
2013-11-01,中核店舗景気判断DI,,景況感,見通,やや不安,,,178
2013-11-01,中核店舗景気判断DI,,景況感,見通,変わらない,,,629
2013-11-01,中核店舗景気判断DI,,景況感,見通,やや明るい,,,174
2013-11-01,中核店舗景気判断DI,,景況感,見通,かなり明るい,,,0
2013-12-01,中核店舗景気判断DI,,景況感,見通,かなり不安,,,27
2013-12-01,中核店舗景気判断DI,,景況感,見通,やや不安,,,215
2013-12-01,中核店舗景気判断DI,,景況感,見通,変わらない,,,586
2013-12-01,中核店舗景気判断DI,,景況感,見通,やや明るい,,,172
2013-12-01,中核店舗景気判断DI,,景況感,見通,かなり明るい,,,0
2014-01-01,中核店舗景気判断DI,,景況感,見通,かなり不安,,,29
2014-01-01,中核店舗景気判断DI,,景況感,見通,やや不安,,,302
2014-01-01,中核店舗景気判断DI,,景況感,見通,変わらない,,,525
2014-01-01,中核店舗景気判断DI,,景況感,見通,やや明るい,,,145
2014-01-01,中核店舗景気判断DI,,景況感,見通,かなり明るい,,,0
2014-02-01,中核店舗景気判断DI,,景況感,見通,かなり不安,,,49
2014-02-01,中核店舗景気判断DI,,景況感,見通,やや不安,,,428
2014-02-01,中核店舗景気判断DI,,景況感,見通,変わらない,,,416
2014-02-01,中核店舗景気判断DI,,景況感,見通,やや明るい,,,107
2014-02-01,中核店舗景気判断DI,,景況感,見通,かなり明るい,,,0
2014-03-01,中核店舗景気判断DI,,景況感,見通,かなり不安,,,98
2014-03-01,中核店舗景気判断DI,,景況感,見通,やや不安,,,525
2014-03-01,中核店舗景気判断DI,,景況感,見通,変わらない,,,336
2014-03-01,中核店舗景気判断DI,,景況感,見通,やや明るい,,,41
2014-03-01,中核店舗景気判断DI,,景況感,見通,かなり明るい,,,0
2014-04-01,中核店舗景気判断DI,,景況感,見通,かなり不安,,,45
2014-04-01,中核店舗景気判断DI,,景況感,見通,やや不安,,,386
2014-04-01,中核店舗景気判断DI,,景況感,見通,変わらない,,,467
2014-04-01,中核店舗景気判断DI,,景況感,見通,やや明るい,,,102
2014-04-01,中核店舗景気判断DI,,景況感,見通,かなり明るい,,,0
2014-05-01,中核店舗景気判断DI,,景況感,見通,かなり不安,,,52
2014-05-01,中核店舗景気判断DI,,景況感,見通,やや不安,,,262
2014-05-01,中核店舗景気判断DI,,景況感,見通,変わらない,,,545
2014-05-01,中核店舗景気判断DI,,景況感,見通,やや明るい,,,133
2014-05-01,中核店舗景気判断DI,,景況感,見通,かなり明るい,,,9
2014-06-01,中核店舗景気判断DI,,景況感,見通,かなり不安,,,34
2014-06-01,中核店舗景気判断DI,,景況感,見通,やや不安,,,245
2014-06-01,中核店舗景気判断DI,,景況感,見通,変わらない,,,609
2014-06-01,中核店舗景気判断DI,,景況感,見通,やや明るい,,,103
2014-06-01,中核店舗景気判断DI,,景況感,見通,かなり明るい,,,9
2014-07-01,中核店舗景気判断DI,,景況感,見通,かなり不安,,,30
2014-07-01,中核店舗景気判断DI,,景況感,見通,やや不安,,,243
2014-07-01,中核店舗景気判断DI,,景況感,見通,変わらない,,,613
2014-07-01,中核店舗景気判断DI,,景況感,見通,やや明るい,,,115
2014-07-01,中核店舗景気判断DI,,景況感,見通,かなり明るい,,,0
2014-08-01,中核店舗景気判断DI,,景況感,見通,かなり不安,,,29
2014-08-01,中核店舗景気判断DI,,景況感,見通,やや不安,,,214
2014-08-01,中核店舗景気判断DI,,景況感,見通,変わらない,,,671
2014-08-01,中核店舗景気判断DI,,景況感,見通,やや明るい,,,82
2014-08-01,中核店舗景気判断DI,,景況感,見通,かなり明るい,,,4
2014-09-01,中核店舗景気判断DI,,景況感,見通,かなり不安,,,49
2014-09-01,中核店舗景気判断DI,,景況感,見通,やや不安,,,281
2014-09-01,中核店舗景気判断DI,,景況感,見通,変わらない,,,603
2014-09-01,中核店舗景気判断DI,,景況感,見通,やや明るい,,,58
2014-09-01,中核店舗景気判断DI,,景況感,見通,かなり明るい,,,9
2014-10-01,中核店舗景気判断DI,,景況感,見通,かなり不安,,,58
2014-10-01,中核店舗景気判断DI,,景況感,見通,やや不安,,,309
2014-10-01,中核店舗景気判断DI,,景況感,見通,変わらない,,,561
2014-10-01,中核店舗景気判断DI,,景況感,見通,やや明るい,,,67
2014-10-01,中核店舗景気判断DI,,景況感,見通,かなり明るい,,,4
2014-11-01,中核店舗景気判断DI,,景況感,見通,かなり不安,,,51
2014-11-01,中核店舗景気判断DI,,景況感,見通,やや不安,,,347
2014-11-01,中核店舗景気判断DI,,景況感,見通,変わらない,,,542
2014-11-01,中核店舗景気判断DI,,景況感,見通,やや明るい,,,56
2014-11-01,中核店舗景気判断DI,,景況感,見通,かなり明るい,,,5
2014-12-01,中核店舗景気判断DI,,景況感,見通,かなり不安,,,25
2014-12-01,中核店舗景気判断DI,,景況感,見通,やや不安,,,315
2014-12-01,中核店舗景気判断DI,,景況感,見通,変わらない,,,594
2014-12-01,中核店舗景気判断DI,,景況感,見通,やや明るい,,,66
2014-12-01,中核店舗景気判断DI,,景況感,見通,かなり明るい,,,0
2015-01-01,中核店舗景気判断DI,,景況感,見通,かなり不安,,,40
2015-01-01,中核店舗景気判断DI,,景況感,見通,やや不安,,,281
2015-01-01,中核店舗景気判断DI,,景況感,見通,変わらない,,,589
2015-01-01,中核店舗景気判断DI,,景況感,見通,やや明るい,,,89
2015-01-01,中核店舗景気判断DI,,景況感,見通,かなり明るい,,,0
2015-02-01,中核店舗景気判断DI,,景況感,見通,かなり不安,,,27
2015-02-01,中核店舗景気判断DI,,景況感,見通,やや不安,,,258
2015-02-01,中核店舗景気判断DI,,景況感,見通,変わらない,,,631
2015-02-01,中核店舗景気判断DI,,景況感,見通,やや明るい,,,84
2015-02-01,中核店舗景気判断DI,,景況感,見通,かなり明るい,,,0
2015-03-01,中核店舗景気判断DI,,景況感,見通,かなり不安,,,27
2015-03-01,中核店舗景気判断DI,,景況感,見通,やや不安,,,226
2015-03-01,中核店舗景気判断DI,,景況感,見通,変わらない,,,606
2015-03-01,中核店舗景気判断DI,,景況感,見通,やや明るい,,,137
2015-03-01,中核店舗景気判断DI,,景況感,見通,かなり明るい,,,4
2015-04-01,中核店舗景気判断DI,,景況感,見通,かなり不安,,,27
2015-04-01,中核店舗景気判断DI,,景況感,見通,やや不安,,,128
2015-04-01,中核店舗景気判断DI,,景況感,見通,変わらない,,,593
2015-04-01,中核店舗景気判断DI,,景況感,見通,やや明るい,,,248
2015-04-01,中核店舗景気判断DI,,景況感,見通,かなり明るい,,,4
2015-05-01,中核店舗景気判断DI,,景況感,見通,かなり不安,,,22
2015-05-01,中核店舗景気判断DI,,景況感,見通,やや不安,,,129
2015-05-01,中核店舗景気判断DI,,景況感,見通,変わらない,,,631
2015-05-01,中核店舗景気判断DI,,景況感,見通,やや明るい,,,209
2015-05-01,中核店舗景気判断DI,,景況感,見通,かなり明るい,,,9
2015-06-01,中核店舗景気判断DI,,景況感,見通,かなり不安,,,18
2015-06-01,中核店舗景気判断DI,,景況感,見通,やや不安,,,194
2015-06-01,中核店舗景気判断DI,,景況感,見通,変わらない,,,622
2015-06-01,中核店舗景気判断DI,,景況感,見通,やや明るい,,,161
2015-06-01,中核店舗景気判断DI,,景況感,見通,かなり明るい,,,5
2015-07-01,中核店舗景気判断DI,,景況感,見通,かなり不安,,,13
2015-07-01,中核店舗景気判断DI,,景況感,見通,やや不安,,,179
2015-07-01,中核店舗景気判断DI,,景況感,見通,変わらない,,,629
2015-07-01,中核店舗景気判断DI,,景況感,見通,やや明るい,,,179
2015-07-01,中核店舗景気判断DI,,景況感,見通,かなり明るい,,,0
2015-08-01,中核店舗景気判断DI,,景況感,見通,かなり不安,,,27
2015-08-01,中核店舗景気判断DI,,景況感,見通,やや不安,,,193
2015-08-01,中核店舗景気判断DI,,景況感,見通,変わらない,,,650
2015-08-01,中核店舗景気判断DI,,景況感,見通,やや明るい,,,126
2015-08-01,中核店舗景気判断DI,,景況感,見通,かなり明るい,,,4
2015-09-01,中核店舗景気判断DI,,景況感,見通,かなり不安,,,23
2015-09-01,中核店舗景気判断DI,,景況感,見通,やや不安,,,220
2015-09-01,中核店舗景気判断DI,,景況感,見通,変わらない,,,638
2015-09-01,中核店舗景気判断DI,,景況感,見通,やや明るい,,,119
2015-09-01,中核店舗景気判断DI,,景況感,見通,かなり明るい,,,0
2015-10-01,中核店舗景気判断DI,,景況感,見通,かなり不安,,,13
2015-10-01,中核店舗景気判断DI,,景況感,見通,やや不安,,,249
2015-10-01,中核店舗景気判断DI,,景況感,見通,変わらない,,,596
2015-10-01,中核店舗景気判断DI,,景況感,見通,やや明るい,,,142
2015-10-01,中核店舗景気判断DI,,景況感,見通,かなり明るい,,,0
2015-11-01,中核店舗景気判断DI,,景況感,見通,かなり不安,,,22
2015-11-01,中核店舗景気判断DI,,景況感,見通,やや不安,,,308
2015-11-01,中核店舗景気判断DI,,景況感,見通,変わらない,,,554
2015-11-01,中核店舗景気判断DI,,景況感,見通,やや明るい,,,116
2015-11-01,中核店舗景気判断DI,,景況感,見通,かなり明るい,,,0
2015-12-01,中核店舗景気判断DI,,景況感,見通,かなり不安,,,32
2015-12-01,中核店舗景気判断DI,,景況感,見通,やや不安,,,239
2015-12-01,中核店舗景気判断DI,,景況感,見通,変わらない,,,671
2015-12-01,中核店舗景気判断DI,,景況感,見通,やや明るい,,,54
2015-12-01,中核店舗景気判断DI,,景況感,見通,かなり明るい,,,5
2016-01-01,中核店舗景気判断DI,,景況感,見通,かなり不安,,,23
2016-01-01,中核店舗景気判断DI,,景況感,見通,やや不安,,,239
2016-01-01,中核店舗景気判断DI,,景況感,見通,変わらない,,,651
2016-01-01,中核店舗景気判断DI,,景況感,見通,やや明るい,,,87
2016-01-01,中核店舗景気判断DI,,景況感,見通,かなり明るい,,,0
2016-02-01,中核店舗景気判断DI,,景況感,見通,かなり不安,,,19
2016-02-01,中核店舗景気判断DI,,景況感,見通,やや不安,,,201
2016-02-01,中核店舗景気判断DI,,景況感,見通,変わらない,,,682
2016-02-01,中核店舗景気判断DI,,景況感,見通,やや明るい,,,98
2016-02-01,中核店舗景気判断DI,,景況感,見通,かなり明るい,,,0
2016-03-01,中核店舗景気判断DI,,景況感,見通,かなり不安,,,33
2016-03-01,中核店舗景気判断DI,,景況感,見通,やや不安,,,258
2016-03-01,中核店舗景気判断DI,,景況感,見通,変わらない,,,632
2016-03-01,中核店舗景気判断DI,,景況感,見通,やや明るい,,,77
2016-03-01,中核店舗景気判断DI,,景況感,見通,かなり明るい,,,0
2016-04-01,中核店舗景気判断DI,,景況感,見通,かなり不安,,,43
2016-04-01,中核店舗景気判断DI,,景況感,見通,やや不安,,,262
2016-04-01,中核店舗景気判断DI,,景況感,見通,変わらない,,,619
2016-04-01,中核店舗景気判断DI,,景況感,見通,やや明るい,,,76
2016-04-01,中核店舗景気判断DI,,景況感,見通,かなり明るい,,,0
2016-05-01,中核店舗景気判断DI,,景況感,見通,かなり不安,,,39
2016-05-01,中核店舗景気判断DI,,景況感,見通,やや不安,,,286
2016-05-01,中核店舗景気判断DI,,景況感,見通,変わらない,,,601
2016-05-01,中核店舗景気判断DI,,景況感,見通,やや明るい,,,74
2016-05-01,中核店舗景気判断DI,,景況感,見通,かなり明るい,,,0
2016-06-01,中核店舗景気判断DI,,景況感,見通,かなり不安,,,25
2016-06-01,中核店舗景気判断DI,,景況感,見通,やや不安,,,308
2016-06-01,中核店舗景気判断DI,,景況感,見通,変わらない,,,617
2016-06-01,中核店舗景気判断DI,,景況感,見通,やや明るい,,,50
2016-06-01,中核店舗景気判断DI,,景況感,見通,かなり明るい,,,0
2016-07-01,中核店舗景気判断DI,,景況感,見通,かなり不安,,,34
2016-07-01,中核店舗景気判断DI,,景況感,見通,やや不安,,,296
2016-07-01,中核店舗景気判断DI,,景況感,見通,変わらない,,,611
2016-07-01,中核店舗景気判断DI,,景況感,見通,やや明るい,,,59
2016-07-01,中核店舗景気判断DI,,景況感,見通,かなり明るい,,,0
2016-08-01,中核店舗景気判断DI,,景況感,見通,かなり不安,,,44
2016-08-01,中核店舗景気判断DI,,景況感,見通,やや不安,,,359
2016-08-01,中核店舗景気判断DI,,景況感,見通,変わらない,,,568
2016-08-01,中核店舗景気判断DI,,景況感,見通,やや明るい,,,29
2016-08-01,中核店舗景気判断DI,,景況感,見通,かなり明るい,,,0
2016-09-01,中核店舗景気判断DI,,景況感,見通,かなり不安,,,39
2016-09-01,中核店舗景気判断DI,,景況感,見通,やや不安,,,359
2016-09-01,中核店舗景気判断DI,,景況感,見通,変わらない,,,578
2016-09-01,中核店舗景気判断DI,,景況感,見通,やや明るい,,,24
2016-09-01,中核店舗景気判断DI,,景況感,見通,かなり明るい,,,0
2016-10-01,中核店舗景気判断DI,,景況感,見通,かなり不安,,,25
2016-10-01,中核店舗景気判断DI,,景況感,見通,やや不安,,,291
2016-10-01,中核店舗景気判断DI,,景況感,見通,変わらない,,,650
2016-10-01,中核店舗景気判断DI,,景況感,見通,やや明るい,,,34
2016-10-01,中核店舗景気判断DI,,景況感,見通,かなり明るい,,,0
2016-11-01,中核店舗景気判断DI,,景況感,見通,かなり不安,,,29
2016-11-01,中核店舗景気判断DI,,景況感,見通,やや不安,,,255
2016-11-01,中核店舗景気判断DI,,景況感,見通,変わらない,,,657
2016-11-01,中核店舗景気判断DI,,景況感,見通,やや明るい,,,59
2016-11-01,中核店舗景気判断DI,,景況感,見通,かなり明るい,,,0
2016-12-01,中核店舗景気判断DI,,景況感,見通,かなり不安,,,10
2016-12-01,中核店舗景気判断DI,,景況感,見通,やや不安,,,277
2016-12-01,中核店舗景気判断DI,,景況感,見通,変わらない,,,653
2016-12-01,中核店舗景気判断DI,,景況感,見通,やや明るい,,,59
2016-12-01,中核店舗景気判断DI,,景況感,見通,かなり明るい,,,0
2017-01-01,中核店舗景気判断DI,,景況感,見通,かなり不安,,,5
2017-01-01,中核店舗景気判断DI,,景況感,見通,やや不安,,,305
2017-01-01,中核店舗景気判断DI,,景況感,見通,変わらない,,,640
2017-01-01,中核店舗景気判断DI,,景況感,見通,やや明るい,,,49
2017-01-01,中核店舗景気判断DI,,景況感,見通,かなり明るい,,,0
2017-02-01,中核店舗景気判断DI,,景況感,見通,かなり不安,,,25
2017-02-01,中核店舗景気判断DI,,景況感,見通,やや不安,,,290
2017-02-01,中核店舗景気判断DI,,景況感,見通,変わらない,,,630
2017-02-01,中核店舗景気判断DI,,景況感,見通,やや明るい,,,55
2017-02-01,中核店舗景気判断DI,,景況感,見通,かなり明るい,,,0
2017-03-01,中核店舗景気判断DI,,景況感,見通,かなり不安,,,25
2017-03-01,中核店舗景気判断DI,,景況感,見通,やや不安,,,281
2017-03-01,中核店舗景気判断DI,,景況感,見通,変わらない,,,635
2017-03-01,中核店舗景気判断DI,,景況感,見通,やや明るい,,,59
2017-03-01,中核店舗景気判断DI,,景況感,見通,かなり明るい,,,0
2017-04-01,中核店舗景気判断DI,,景況感,見通,かなり不安,,,14
2017-04-01,中核店舗景気判断DI,,景況感,見通,やや不安,,,271
2017-04-01,中核店舗景気判断DI,,景況感,見通,変わらない,,,662
2017-04-01,中核店舗景気判断DI,,景況感,見通,やや明るい,,,52
2017-04-01,中核店舗景気判断DI,,景況感,見通,かなり明るい,,,0
2017-05-01,中核店舗景気判断DI,,景況感,見通,かなり不安,,,28
2017-05-01,中核店舗景気判断DI,,景況感,見通,やや不安,,,332
2017-05-01,中核店舗景気判断DI,,景況感,見通,変わらない,,,597
2017-05-01,中核店舗景気判断DI,,景況感,見通,やや明るい,,,43
2017-05-01,中核店舗景気判断DI,,景況感,見通,かなり明るい,,,0
2017-06-01,中核店舗景気判断DI,,景況感,見通,かなり不安,,,23
2017-06-01,中核店舗景気判断DI,,景況感,見通,やや不安,,,316
2017-06-01,中核店舗景気判断DI,,景況感,見通,変わらない,,,616
2017-06-01,中核店舗景気判断DI,,景況感,見通,やや明るい,,,45
2017-06-01,中核店舗景気判断DI,,景況感,見通,かなり明るい,,,0
2017-07-01,中核店舗景気判断DI,,景況感,見通,かなり不安,,,26
2017-07-01,中核店舗景気判断DI,,景況感,見通,やや不安,,,318
2017-07-01,中核店舗景気判断DI,,景況感,見通,変わらない,,,605
2017-07-01,中核店舗景気判断DI,,景況感,見通,やや明るい,,,51
2017-07-01,中核店舗景気判断DI,,景況感,見通,かなり明るい,,,0
2017-08-01,中核店舗景気判断DI,,景況感,見通,かなり不安,,,19
2017-08-01,中核店舗景気判断DI,,景況感,見通,やや不安,,,320
2017-08-01,中核店舗景気判断DI,,景況感,見通,変わらない,,,617
2017-08-01,中核店舗景気判断DI,,景況感,見通,やや明るい,,,44
2017-08-01,中核店舗景気判断DI,,景況感,見通,かなり明るい,,,0
2017-09-01,中核店舗景気判断DI,,景況感,見通,かなり不安,,,26
2017-09-01,中核店舗景気判断DI,,景況感,見通,やや不安,,,327
2017-09-01,中核店舗景気判断DI,,景況感,見通,変わらない,,,597
2017-09-01,中核店舗景気判断DI,,景況感,見通,やや明るい,,,51
2017-09-01,中核店舗景気判断DI,,景況感,見通,かなり明るい,,,0
2017-10-01,中核店舗景気判断DI,,景況感,見通,かなり不安,,,36
2017-10-01,中核店舗景気判断DI,,景況感,見通,やや不安,,,361
2017-10-01,中核店舗景気判断DI,,景況感,見通,変わらない,,,567
2017-10-01,中核店舗景気判断DI,,景況感,見通,やや明るい,,,36
2017-10-01,中核店舗景気判断DI,,景況感,見通,かなり明るい,,,0
2017-11-01,中核店舗景気判断DI,,景況感,見通,かなり不安,,,30
2017-11-01,中核店舗景気判断DI,,景況感,見通,やや不安,,,315
2017-11-01,中核店舗景気判断DI,,景況感,見通,変わらない,,,606
2017-11-01,中核店舗景気判断DI,,景況感,見通,やや明るい,,,49
2017-11-01,中核店舗景気判断DI,,景況感,見通,かなり明るい,,,0
2017-12-01,中核店舗景気判断DI,,景況感,見通,かなり不安,,,20
2017-12-01,中核店舗景気判断DI,,景況感,見通,やや不安,,,239
2017-12-01,中核店舗景気判断DI,,景況感,見通,変わらない,,,624
2017-12-01,中核店舗景気判断DI,,景況感,見通,やや明るい,,,117
2017-12-01,中核店舗景気判断DI,,景況感,見通,かなり明るい,,,0
2018-01-01,中核店舗景気判断DI,,景況感,見通,かなり不安,,,15
2018-01-01,中核店舗景気判断DI,,景況感,見通,やや不安,,,237
2018-01-01,中核店舗景気判断DI,,景況感,見通,変わらない,,,646
2018-01-01,中核店舗景気判断DI,,景況感,見通,やや明るい,,,96
2018-01-01,中核店舗景気判断DI,,景況感,見通,かなり明るい,,,5
2018-02-01,中核店舗景気判断DI,,景況感,見通,かなり不安,,,25
2018-02-01,中核店舗景気判断DI,,景況感,見通,やや不安,,,198
2018-02-01,中核店舗景気判断DI,,景況感,見通,変わらない,,,713
2018-02-01,中核店舗景気判断DI,,景況感,見通,やや明るい,,,64
2018-02-01,中核店舗景気判断DI,,景況感,見通,かなり明るい,,,0
2018-03-01,中核店舗景気判断DI,,景況感,見通,かなり不安,,,20
2018-03-01,中核店舗景気判断DI,,景況感,見通,やや不安,,,286
2018-03-01,中核店舗景気判断DI,,景況感,見通,変わらない,,,635
2018-03-01,中核店舗景気判断DI,,景況感,見通,やや明るい,,,59
2018-03-01,中核店舗景気判断DI,,景況感,見通,かなり明るい,,,0
2018-04-01,中核店舗景気判断DI,,景況感,見通,かなり不安,,,25
2018-04-01,中核店舗景気判断DI,,景況感,見通,やや不安,,,338
2018-04-01,中核店舗景気判断DI,,景況感,見通,変わらない,,,572
2018-04-01,中核店舗景気判断DI,,景況感,見通,やや明るい,,,65
2018-04-01,中核店舗景気判断DI,,景況感,見通,かなり明るい,,,0
2018-05-01,中核店舗景気判断DI,,景況感,見通,かなり不安,,,50
2018-05-01,中核店舗景気判断DI,,景況感,見通,やや不安,,,350
2018-05-01,中核店舗景気判断DI,,景況感,見通,変わらない,,,545
2018-05-01,中核店舗景気判断DI,,景況感,見通,やや明るい,,,55
2018-05-01,中核店舗景気判断DI,,景況感,見通,かなり明るい,,,0
2018-06-01,中核店舗景気判断DI,,景況感,見通,かなり不安,,,25
2018-06-01,中核店舗景気判断DI,,景況感,見通,やや不安,,,281
2018-06-01,中核店舗景気判断DI,,景況感,見通,変わらない,,,606
2018-06-01,中核店舗景気判断DI,,景況感,見通,やや明るい,,,89
2018-06-01,中核店舗景気判断DI,,景況感,見通,かなり明るい,,,0
2018-07-01,中核店舗景気判断DI,,景況感,見通,かなり不安,,,15
2018-07-01,中核店舗景気判断DI,,景況感,見通,やや不安,,,232
2018-07-01,中核店舗景気判断DI,,景況感,見通,変わらない,,,649
2018-07-01,中核店舗景気判断DI,,景況感,見通,やや明るい,,,98
2018-07-01,中核店舗景気判断DI,,景況感,見通,かなり明るい,,,5
2018-08-01,中核店舗景気判断DI,,景況感,見通,かなり不安,,,22
2018-08-01,中核店舗景気判断DI,,景況感,見通,やや不安,,,238
2018-08-01,中核店舗景気判断DI,,景況感,見通,変わらない,,,659
2018-08-01,中核店舗景気判断DI,,景況感,見通,やや明るい,,,76
2018-08-01,中核店舗景気判断DI,,景況感,見通,かなり明るい,,,5
2018-09-01,中核店舗景気判断DI,,景況感,見通,かなり不安,,,16
2018-09-01,中核店舗景気判断DI,,景況感,見通,やや不安,,,205
2018-09-01,中核店舗景気判断DI,,景況感,見通,変わらない,,,663
2018-09-01,中核店舗景気判断DI,,景況感,見通,やや明るい,,,105
2018-09-01,中核店舗景気判断DI,,景況感,見通,かなり明るい,,,11
2018-10-01,中核店舗景気判断DI,,景況感,見通,かなり不安,,,22
2018-10-01,中核店舗景気判断DI,,景況感,見通,やや不安,,,238
2018-10-01,中核店舗景気判断DI,,景況感,見通,変わらない,,,632
2018-10-01,中核店舗景気判断DI,,景況感,見通,やや明るい,,,103
2018-10-01,中核店舗景気判断DI,,景況感,見通,かなり明るい,,,5
2018-11-01,中核店舗景気判断DI,,景況感,見通,かなり不安,,,47
2018-11-01,中核店舗景気判断DI,,景況感,見通,やや不安,,,366
2018-11-01,中核店舗景気判断DI,,景況感,見通,変わらない,,,518
2018-11-01,中核店舗景気判断DI,,景況感,見通,やや明るい,,,68
2018-11-01,中核店舗景気判断DI,,景況感,見通,かなり明るい,,,0
2018-12-01,中核店舗景気判断DI,,景況感,見通,かなり不安,,,56
2018-12-01,中核店舗景気判断DI,,景況感,見通,やや不安,,,302
2018-12-01,中核店舗景気判断DI,,景況感,見通,変わらない,,,570
2018-12-01,中核店舗景気判断DI,,景況感,見通,やや明るい,,,67
2018-12-01,中核店舗景気判断DI,,景況感,見通,かなり明るい,,,6
2019-01-01,中核店舗景気判断DI,,景況感,見通,かなり不安,,,59
2019-01-01,中核店舗景気判断DI,,景況感,見通,やや不安,,,349
2019-01-01,中核店舗景気判断DI,,景況感,見通,変わらない,,,548
2019-01-01,中核店舗景気判断DI,,景況感,見通,やや明るい,,,43
2019-01-01,中核店舗景気判断DI,,景況感,見通,かなり明るい,,,0
2019-02-01,中核店舗景気判断DI,,景況感,見通,かなり不安,,,73
2019-02-01,中核店舗景気判断DI,,景況感,見通,やや不安,,,325
2019-02-01,中核店舗景気判断DI,,景況感,見通,変わらない,,,534
2019-02-01,中核店舗景気判断DI,,景況感,見通,やや明るい,,,63
2019-02-01,中核店舗景気判断DI,,景況感,見通,かなり明るい,,,5
2019-03-01,中核店舗景気判断DI,,景況感,見通,かなり不安,,,63
2019-03-01,中核店舗景気判断DI,,景況感,見通,やや不安,,,311
2019-03-01,中核店舗景気判断DI,,景況感,見通,変わらない,,,542
2019-03-01,中核店舗景気判断DI,,景況感,見通,やや明るい,,,84
2019-03-01,中核店舗景気判断DI,,景況感,見通,かなり明るい,,,0
2019-04-01,中核店舗景気判断DI,,景況感,見通,かなり不安,,,43
2019-04-01,中核店舗景気判断DI,,景況感,見通,やや不安,,,281
2019-04-01,中核店舗景気判断DI,,景況感,見通,変わらない,,,595
2019-04-01,中核店舗景気判断DI,,景況感,見通,やや明るい,,,81
2019-04-01,中核店舗景気判断DI,,景況感,見通,かなり明るい,,,0
2019-05-01,中核店舗景気判断DI,,景況感,見通,かなり不安,,,59
2019-05-01,中核店舗景気判断DI,,景況感,見通,やや不安,,,250
2019-05-01,中核店舗景気判断DI,,景況感,見通,変わらない,,,601
2019-05-01,中核店舗景気判断DI,,景況感,見通,やや明るい,,,85
2019-05-01,中核店舗景気判断DI,,景況感,見通,かなり明るい,,,5
2019-06-01,中核店舗景気判断DI,,景況感,見通,かなり不安,,,58
2019-06-01,中核店舗景気判断DI,,景況感,見通,やや不安,,,300
2019-06-01,中核店舗景気判断DI,,景況感,見通,変わらない,,,563
2019-06-01,中核店舗景気判断DI,,景況感,見通,やや明るい,,,79
2019-06-01,中核店舗景気判断DI,,景況感,見通,かなり明るい,,,0
2019-07-01,中核店舗景気判断DI,,景況感,見通,かなり不安,,,87
2019-07-01,中核店舗景気判断DI,,景況感,見通,やや不安,,,372
2019-07-01,中核店舗景気判断DI,,景況感,見通,変わらない,,,497
2019-07-01,中核店舗景気判断DI,,景況感,見通,やや明るい,,,44
2019-07-01,中核店舗景気判断DI,,景況感,見通,かなり明るい,,,0
2019-08-01,中核店舗景気判断DI,,景況感,見通,かなり不安,,,82
2019-08-01,中核店舗景気判断DI,,景況感,見通,やや不安,,,421
2019-08-01,中核店舗景気判断DI,,景況感,見通,変わらない,,,456
2019-08-01,中核店舗景気判断DI,,景況感,見通,やや明るい,,,41
2019-08-01,中核店舗景気判断DI,,景況感,見通,かなり明るい,,,0
2019-09-01,中核店舗景気判断DI,,景況感,見通,かなり不安,,,82
2019-09-01,中核店舗景気判断DI,,景況感,見通,やや不安,,,429
2019-09-01,中核店舗景気判断DI,,景況感,見通,変わらない,,,412
2019-09-01,中核店舗景気判断DI,,景況感,見通,やや明るい,,,76
2019-09-01,中核店舗景気判断DI,,景況感,見通,かなり明るい,,,0
2019-10-01,中核店舗景気判断DI,,景況感,見通,かなり不安,,,44
2019-10-01,中核店舗景気判断DI,,景況感,見通,やや不安,,,437
2019-10-01,中核店舗景気判断DI,,景況感,見通,変わらない,,,486
2019-10-01,中核店舗景気判断DI,,景況感,見通,やや明るい,,,33
2019-10-01,中核店舗景気判断DI,,景況感,見通,かなり明るい,,,0
2019-11-01,中核店舗景気判断DI,,景況感,見通,かなり不安,,,34
2019-11-01,中核店舗景気判断DI,,景況感,見通,やや不安,,,364
2019-11-01,中核店舗景気判断DI,,景況感,見通,変わらない,,,500
2019-11-01,中核店舗景気判断DI,,景況感,見通,やや明るい,,,102
2019-11-01,中核店舗景気判断DI,,景況感,見通,かなり明るい,,,0
2019-12-01,中核店舗景気判断DI,,景況感,見通,かなり不安,,,27
2019-12-01,中核店舗景気判断DI,,景況感,見通,やや不安,,,337
2019-12-01,中核店舗景気判断DI,,景況感,見通,変わらない,,,588
2019-12-01,中核店舗景気判断DI,,景況感,見通,やや明るい,,,48
2019-12-01,中核店舗景気判断DI,,景況感,見通,かなり明るい,,,0
2020-01-01,中核店舗景気判断DI,,景況感,見通,かなり不安,,,38
2020-01-01,中核店舗景気判断DI,,景況感,見通,やや不安,,,359
2020-01-01,中核店舗景気判断DI,,景況感,見通,変わらない,,,560
2020-01-01,中核店舗景気判断DI,,景況感,見通,やや明るい,,,43
2020-01-01,中核店舗景気判断DI,,景況感,見通,かなり明るい,,,0
2020-02-01,中核店舗景気判断DI,,景況感,見通,かなり不安,,,101
2020-02-01,中核店舗景気判断DI,,景況感,見通,やや不安,,,371
2020-02-01,中核店舗景気判断DI,,景況感,見通,変わらない,,,399
2020-02-01,中核店舗景気判断DI,,景況感,見通,やや明るい,,,124
2020-02-01,中核店舗景気判断DI,,景況感,見通,かなり明るい,,,6
2020-03-01,中核店舗景気判断DI,,景況感,見通,かなり不安,,,191
2020-03-01,中核店舗景気判断DI,,景況感,見通,やや不安,,,301
2020-03-01,中核店舗景気判断DI,,景況感,見通,変わらない,,,361
2020-03-01,中核店舗景気判断DI,,景況感,見通,やや明るい,,,120
2020-03-01,中核店舗景気判断DI,,景況感,見通,かなり明るい,,,27
2020-04-01,中核店舗景気判断DI,,景況感,見通,かなり不安,,,169
2020-04-01,中核店舗景気判断DI,,景況感,見通,やや不安,,,333
2020-04-01,中核店舗景気判断DI,,景況感,見通,変わらない,,,301
2020-04-01,中核店舗景気判断DI,,景況感,見通,やや明るい,,,180
2020-04-01,中核店舗景気判断DI,,景況感,見通,かなり明るい,,,16
2020-05-01,中核店舗景気判断DI,,景況感,見通,かなり不安,,,143
2020-05-01,中核店舗景気判断DI,,景況感,見通,やや不安,,,406
2020-05-01,中核店舗景気判断DI,,景況感,見通,変わらない,,,343
2020-05-01,中核店舗景気判断DI,,景況感,見通,やや明るい,,,97
2020-05-01,中核店舗景気判断DI,,景況感,見通,かなり明るい,,,11
2020-06-01,中核店舗景気判断DI,,景況感,見通,かなり不安,,,87
2020-06-01,中核店舗景気判断DI,,景況感,見通,やや不安,,,457
2020-06-01,中核店舗景気判断DI,,景況感,見通,変わらない,,,386
2020-06-01,中核店舗景気判断DI,,景況感,見通,やや明るい,,,65
2020-06-01,中核店舗景気判断DI,,景況感,見通,かなり明るい,,,5
2020-07-01,中核店舗景気判断DI,,景況感,見通,かなり不安,,,88
2020-07-01,中核店舗景気判断DI,,景況感,見通,やや不安,,,359
2020-07-01,中核店舗景気判断DI,,景況感,見通,変わらない,,,442
2020-07-01,中核店舗景気判断DI,,景況感,見通,やや明るい,,,105
2020-07-01,中核店舗景気判断DI,,景況感,見通,かなり明るい,,,6
2020-08-01,中核店舗景気判断DI,,景況感,見通,かなり不安,,,65
2020-08-01,中核店舗景気判断DI,,景況感,見通,やや不安,,,422
2020-08-01,中核店舗景気判断DI,,景況感,見通,変わらない,,,443
2020-08-01,中核店舗景気判断DI,,景況感,見通,やや明るい,,,70
2020-08-01,中核店舗景気判断DI,,景況感,見通,かなり明るい,,,0
2020-09-01,中核店舗景気判断DI,,景況感,見通,かなり不安,,,54
2020-09-01,中核店舗景気判断DI,,景況感,見通,やや不安,,,446
2020-09-01,中核店舗景気判断DI,,景況感,見通,変わらない,,,446
2020-09-01,中核店舗景気判断DI,,景況感,見通,やや明るい,,,54
2020-09-01,中核店舗景気判断DI,,景況感,見通,かなり明るい,,,0
2020-10-01,中核店舗景気判断DI,,景況感,見通,かなり不安,,,33
2020-10-01,中核店舗景気判断DI,,景況感,見通,やや不安,,,429
2020-10-01,中核店舗景気判断DI,,景況感,見通,変わらない,,,473
2020-10-01,中核店舗景気判断DI,,景況感,見通,やや明るい,,,65
2020-10-01,中核店舗景気判断DI,,景況感,見通,かなり明るい,,,0
2020-11-01,中核店舗景気判断DI,,景況感,見通,かなり不安,,,44
2020-11-01,中核店舗景気判断DI,,景況感,見通,やや不安,,,431
2020-11-01,中核店舗景気判断DI,,景況感,見通,変わらない,,,464
2020-11-01,中核店舗景気判断DI,,景況感,見通,やや明るい,,,50
2020-11-01,中核店舗景気判断DI,,景況感,見通,かなり明るい,,,11
2020-12-01,中核店舗景気判断DI,,景況感,見通,かなり不安,,,66
2020-12-01,中核店舗景気判断DI,,景況感,見通,やや不安,,,398
2020-12-01,中核店舗景気判断DI,,景況感,見通,変わらない,,,481
2020-12-01,中核店舗景気判断DI,,景況感,見通,やや明るい,,,55
2020-12-01,中核店舗景気判断DI,,景況感,見通,かなり明るい,,,0
2021-01-01,中核店舗景気判断DI,,景況感,見通,かなり不安,,,59
2021-01-01,中核店舗景気判断DI,,景況感,見通,やや不安,,,358
2021-01-01,中核店舗景気判断DI,,景況感,見通,変わらない,,,529
2021-01-01,中核店舗景気判断DI,,景況感,見通,やや明るい,,,53
2021-01-01,中核店舗景気判断DI,,景況感,見通,かなり明るい,,,0
2021-02-01,中核店舗景気判断DI,,景況感,見通,かなり不安,,,71
2021-02-01,中核店舗景気判断DI,,景況感,見通,やや不安,,,467
2021-02-01,中核店舗景気判断DI,,景況感,見通,変わらない,,,424
2021-02-01,中核店舗景気判断DI,,景況感,見通,やや明るい,,,38
2021-02-01,中核店舗景気判断DI,,景況感,見通,かなり明るい,,,0
2021-03-01,中核店舗景気判断DI,,景況感,見通,かなり不安,,,118
2021-03-01,中核店舗景気判断DI,,景況感,見通,やや不安,,,441
2021-03-01,中核店舗景気判断DI,,景況感,見通,変わらない,,,419
2021-03-01,中核店舗景気判断DI,,景況感,見通,やや明るい,,,22
2021-03-01,中核店舗景気判断DI,,景況感,見通,かなり明るい,,,0
2021-04-01,中核店舗景気判断DI,,景況感,見通,かなり不安,,,122
2021-04-01,中核店舗景気判断DI,,景況感,見通,やや不安,,,459
2021-04-01,中核店舗景気判断DI,,景況感,見通,変わらない,,,370
2021-04-01,中核店舗景気判断DI,,景況感,見通,やや明るい,,,50
2021-04-01,中核店舗景気判断DI,,景況感,見通,かなり明るい,,,0
2021-05-01,中核店舗景気判断DI,,景況感,見通,かなり不安,,,86
2021-05-01,中核店舗景気判断DI,,景況感,見通,やや不安,,,396
2021-05-01,中核店舗景気判断DI,,景況感,見通,変わらない,,,455
2021-05-01,中核店舗景気判断DI,,景況感,見通,やや明るい,,,64
2021-05-01,中核店舗景気判断DI,,景況感,見通,かなり明るい,,,0
2021-06-01,中核店舗景気判断DI,,景況感,見通,かなり不安,,,73
2021-06-01,中核店舗景気判断DI,,景況感,見通,やや不安,,,388
2021-06-01,中核店舗景気判断DI,,景況感,見通,変わらない,,,489
2021-06-01,中核店舗景気判断DI,,景況感,見通,やや明るい,,,51
2021-06-01,中核店舗景気判断DI,,景況感,見通,かなり明るい,,,0
2021-07-01,中核店舗景気判断DI,,景況感,見通,かなり不安,,,65
2021-07-01,中核店舗景気判断DI,,景況感,見通,やや不安,,,397
2021-07-01,中核店舗景気判断DI,,景況感,見通,変わらない,,,511
2021-07-01,中核店舗景気判断DI,,景況感,見通,やや明るい,,,27
2021-07-01,中核店舗景気判断DI,,景況感,見通,かなり明るい,,,0
2021-08-01,中核店舗景気判断DI,,景況感,見通,かなり不安,,,64
2021-08-01,中核店舗景気判断DI,,景況感,見通,やや不安,,,396
2021-08-01,中核店舗景気判断DI,,景況感,見通,変わらない,,,519
2021-08-01,中核店舗景気判断DI,,景況感,見通,やや明るい,,,21
2021-08-01,中核店舗景気判断DI,,景況感,見通,かなり明るい,,,0
2021-09-01,中核店舗景気判断DI,,景況感,見通,かなり不安,,,86
2021-09-01,中核店舗景気判断DI,,景況感,見通,やや不安,,,362
2021-09-01,中核店舗景気判断DI,,景況感,見通,変わらない,,,508
2021-09-01,中核店舗景気判断DI,,景況感,見通,やや明るい,,,43
2021-09-01,中核店舗景気判断DI,,景況感,見通,かなり明るい,,,0
2021-10-01,中核店舗景気判断DI,,景況感,見通,かなり不安,,,62
2021-10-01,中核店舗景気判断DI,,景況感,見通,やや不安,,,412
2021-10-01,中核店舗景気判断DI,,景況感,見通,変わらない,,,475
2021-10-01,中核店舗景気判断DI,,景況感,見通,やや明るい,,,51
2021-10-01,中核店舗景気判断DI,,景況感,見通,かなり明るい,,,0
2021-11-01,中核店舗景気判断DI,,景況感,見通,かなり不安,,,66
2021-11-01,中核店舗景気判断DI,,景況感,見通,やや不安,,,478
2021-11-01,中核店舗景気判断DI,,景況感,見通,変わらない,,,418
2021-11-01,中核店舗景気判断DI,,景況感,見通,やや明るい,,,38
2021-11-01,中核店舗景気判断DI,,景況感,見通,かなり明るい,,,0
2021-12-01,中核店舗景気判断DI,,景況感,見通,かなり不安,,,87
2021-12-01,中核店舗景気判断DI,,景況感,見通,やや不安,,,478
2021-12-01,中核店舗景気判断DI,,景況感,見通,変わらない,,,402
2021-12-01,中核店舗景気判断DI,,景況感,見通,やや明るい,,,33
2021-12-01,中核店舗景気判断DI,,景況感,見通,かなり明るい,,,0
2022-01-01,中核店舗景気判断DI,,景況感,見通,かなり不安,,,49
2022-01-01,中核店舗景気判断DI,,景況感,見通,やや不安,,,413
2022-01-01,中核店舗景気判断DI,,景況感,見通,変わらない,,,484
2022-01-01,中核店舗景気判断DI,,景況感,見通,やや明るい,,,49
2022-01-01,中核店舗景気判断DI,,景況感,見通,かなり明るい,,,5
2022-02-01,中核店舗景気判断DI,,景況感,見通,かなり不安,,,53
2022-02-01,中核店舗景気判断DI,,景況感,見通,やや不安,,,406
2022-02-01,中核店舗景気判断DI,,景況感,見通,変わらない,,,476
2022-02-01,中核店舗景気判断DI,,景況感,見通,やや明るい,,,59
2022-02-01,中核店舗景気判断DI,,景況感,見通,かなり明るい,,,6
2022-03-01,中核店舗景気判断DI,,景況感,見通,かなり不安,,,51
2022-03-01,中核店舗景気判断DI,,景況感,見通,やや不安,,,418
2022-03-01,中核店舗景気判断DI,,景況感,見通,変わらない,,,475
2022-03-01,中核店舗景気判断DI,,景況感,見通,やや明るい,,,56
2022-03-01,中核店舗景気判断DI,,景況感,見通,かなり明るい,,,0
2022-04-01,中核店舗景気判断DI,,景況感,見通,かなり不安,,,65
2022-04-01,中核店舗景気判断DI,,景況感,見通,やや不安,,,476
2022-04-01,中核店舗景気判断DI,,景況感,見通,変わらない,,,389
2022-04-01,中核店舗景気判断DI,,景況感,見通,やや明るい,,,70
2022-04-01,中核店舗景気判断DI,,景況感,見通,かなり明るい,,,0
2022-05-01,中核店舗景気判断DI,,景況感,見通,かなり不安,,,90
2022-05-01,中核店舗景気判断DI,,景況感,見通,やや不安,,,486
2022-05-01,中核店舗景気判断DI,,景況感,見通,変わらない,,,373
2022-05-01,中核店舗景気判断DI,,景況感,見通,やや明るい,,,51
2022-05-01,中核店舗景気判断DI,,景況感,見通,かなり明るい,,,0
2022-06-01,中核店舗景気判断DI,,景況感,見通,かなり不安,,,104
2022-06-01,中核店舗景気判断DI,,景況感,見通,やや不安,,,497
2022-06-01,中核店舗景気判断DI,,景況感,見通,変わらない,,,372
2022-06-01,中核店舗景気判断DI,,景況感,見通,やや明るい,,,27
2022-06-01,中核店舗景気判断DI,,景況感,見通,かなり明るい,,,0
2022-07-01,中核店舗景気判断DI,,景況感,見通,かなり不安,,,61
2022-07-01,中核店舗景気判断DI,,景況感,見通,やや不安,,,425
2022-07-01,中核店舗景気判断DI,,景況感,見通,変わらない,,,464
2022-07-01,中核店舗景気判断DI,,景況感,見通,やや明るい,,,50
2022-07-01,中核店舗景気判断DI,,景況感,見通,かなり明るい,,,0
2022-08-01,中核店舗景気判断DI,,景況感,見通,かなり不安,,,86
2022-08-01,中核店舗景気判断DI,,景況感,見通,やや不安,,,423
2022-08-01,中核店舗景気判断DI,,景況感,見通,変わらない,,,446
2022-08-01,中核店舗景気判断DI,,景況感,見通,やや明るい,,,46
2022-08-01,中核店舗景気判断DI,,景況感,見通,かなり明るい,,,0
2022-09-01,中核店舗景気判断DI,,景況感,見通,かなり不安,,,71
2022-09-01,中核店舗景気判断DI,,景況感,見通,やや不安,,,440
2022-09-01,中核店舗景気判断DI,,景況感,見通,変わらない,,,445
2022-09-01,中核店舗景気判断DI,,景況感,見通,やや明るい,,,44
2022-09-01,中核店舗景気判断DI,,景況感,見通,かなり明るい,,,0
2022-10-01,中核店舗景気判断DI,,景況感,見通,かなり不安,,,61
2022-10-01,中核店舗景気判断DI,,景況感,見通,やや不安,,,380
2022-10-01,中核店舗景気判断DI,,景況感,見通,変わらない,,,475
2022-10-01,中核店舗景気判断DI,,景況感,見通,やや明るい,,,84
2022-10-01,中核店舗景気判断DI,,景況感,見通,かなり明るい,,,0
2022-11-01,中核店舗景気判断DI,,景況感,見通,かなり不安,,,51
2022-11-01,中核店舗景気判断DI,,景況感,見通,やや不安,,,404
2022-11-01,中核店舗景気判断DI,,景況感,見通,変わらない,,,483
2022-11-01,中核店舗景気判断DI,,景況感,見通,やや明るい,,,62
2022-11-01,中核店舗景気判断DI,,景況感,見通,かなり明るい,,,0
2022-12-01,中核店舗景気判断DI,,景況感,見通,かなり不安,,,33
2022-12-01,中核店舗景気判断DI,,景況感,見通,やや不安,,,364
2022-12-01,中核店舗景気判断DI,,景況感,見通,変わらない,,,516
2022-12-01,中核店舗景気判断DI,,景況感,見通,やや明るい,,,87
2022-12-01,中核店舗景気判断DI,,景況感,見通,かなり明るい,,,0
2023-01-01,中核店舗景気判断DI,,景況感,見通,かなり不安,,,64
2023-01-01,中核店舗景気判断DI,,景況感,見通,やや不安,,,388
2023-01-01,中核店舗景気判断DI,,景況感,見通,変わらない,,,468
2023-01-01,中核店舗景気判断DI,,景況感,見通,やや明るい,,,80
2023-01-01,中核店舗景気判断DI,,景況感,見通,かなり明るい,,,0
2023-02-01,中核店舗景気判断DI,,景況感,見通,かなり不安,,,93
2023-02-01,中核店舗景気判断DI,,景況感,見通,やや不安,,,437
2023-02-01,中核店舗景気判断DI,,景況感,見通,変わらない,,,415
2023-02-01,中核店舗景気判断DI,,景況感,見通,やや明るい,,,44
2023-02-01,中核店舗景気判断DI,,景況感,見通,かなり明るい,,,11
2023-03-01,中核店舗景気判断DI,,景況感,見通,かなり不安,,,65
2023-03-01,中核店舗景気判断DI,,景況感,見通,やや不安,,,368
2023-03-01,中核店舗景気判断DI,,景況感,見通,変わらない,,,492
2023-03-01,中核店舗景気判断DI,,景況感,見通,やや明るい,,,76
2023-03-01,中核店舗景気判断DI,,景況感,見通,かなり明るい,,,0
2023-04-01,中核店舗景気判断DI,,景況感,見通,かなり不安,,,34
2023-04-01,中核店舗景気判断DI,,景況感,見通,やや不安,,,275
2023-04-01,中核店舗景気判断DI,,景況感,見通,変わらない,,,556
2023-04-01,中核店舗景気判断DI,,景況感,見通,やや明るい,,,135
2023-04-01,中核店舗景気判断DI,,景況感,見通,かなり明るい,,,0
2023-05-01,中核店舗景気判断DI,,景況感,見通,かなり不安,,,40
2023-05-01,中核店舗景気判断DI,,景況感,見通,やや不安,,,282
2023-05-01,中核店舗景気判断DI,,景況感,見通,変わらない,,,565
2023-05-01,中核店舗景気判断DI,,景況感,見通,やや明るい,,,113
2023-05-01,中核店舗景気判断DI,,景況感,見通,かなり明るい,,,0
2023-06-01,中核店舗景気判断DI,,景況感,見通,かなり不安,,,39
2023-06-01,中核店舗景気判断DI,,景況感,見通,やや不安,,,264
2023-06-01,中核店舗景気判断DI,,景況感,見通,変わらない,,,551
2023-06-01,中核店舗景気判断DI,,景況感,見通,やや明るい,,,146
2023-06-01,中核店舗景気判断DI,,景況感,見通,かなり明るい,,,0
2023-07-01,中核店舗景気判断DI,,景況感,見通,かなり不安,,,28
2023-07-01,中核店舗景気判断DI,,景況感,見通,やや不安,,,193
2023-07-01,中核店舗景気判断DI,,景況感,見通,変わらない,,,619
2023-07-01,中核店舗景気判断DI,,景況感,見通,やや明るい,,,160
2023-07-01,中核店舗景気判断DI,,景況感,見通,かなり明るい,,,0
2023-08-01,中核店舗景気判断DI,,景況感,見通,かなり不安,,,21
2023-08-01,中核店舗景気判断DI,,景況感,見通,やや不安,,,262
2023-08-01,中核店舗景気判断DI,,景況感,見通,変わらない,,,594
2023-08-01,中核店舗景気判断DI,,景況感,見通,やや明るい,,,123
2023-08-01,中核店舗景気判断DI,,景況感,見通,かなり明るい,,,0
2023-09-01,中核店舗景気判断DI,,景況感,見通,かなり不安,,,23
2023-09-01,中核店舗景気判断DI,,景況感,見通,やや不安,,,254
2023-09-01,中核店舗景気判断DI,,景況感,見通,変わらない,,,588
2023-09-01,中核店舗景気判断DI,,景況感,見通,やや明るい,,,136
2023-09-01,中核店舗景気判断DI,,景況感,見通,かなり明るい,,,0
2023-10-01,中核店舗景気判断DI,,景況感,見通,かなり不安,,,0
2023-10-01,中核店舗景気判断DI,,景況感,見通,やや不安,,,228
2023-10-01,中核店舗景気判断DI,,景況感,見通,変わらない,,,661
2023-10-01,中核店舗景気判断DI,,景況感,見通,やや明るい,,,111
2023-10-01,中核店舗景気判断DI,,景況感,見通,かなり明るい,,,0
2023-11-01,中核店舗景気判断DI,,景況感,見通,かなり不安,,,17
2023-11-01,中核店舗景気判断DI,,景況感,見通,やや不安,,,199
2023-11-01,中核店舗景気判断DI,,景況感,見通,変わらない,,,641
2023-11-01,中核店舗景気判断DI,,景況感,見通,やや明るい,,,144
2023-11-01,中核店舗景気判断DI,,景況感,見通,かなり明るい,,,0
2023-12-01,中核店舗景気判断DI,,景況感,見通,かなり不安,,,11
2023-12-01,中核店舗景気判断DI,,景況感,見通,やや不安,,,209
2023-12-01,中核店舗景気判断DI,,景況感,見通,変わらない,,,655
2023-12-01,中核店舗景気判断DI,,景況感,見通,やや明るい,,,119
2023-12-01,中核店舗景気判断DI,,景況感,見通,かなり明るい,,,6
2024-01-01,中核店舗景気判断DI,,景況感,見通,かなり不安,,,17
2024-01-01,中核店舗景気判断DI,,景況感,見通,やや不安,,,198
2024-01-01,中核店舗景気判断DI,,景況感,見通,変わらない,,,672
2024-01-01,中核店舗景気判断DI,,景況感,見通,やや明るい,,,107
2024-01-01,中核店舗景気判断DI,,景況感,見通,かなり明るい,,,6
2024-02-01,中核店舗景気判断DI,,景況感,見通,かなり不安,,,11
2024-02-01,中核店舗景気判断DI,,景況感,見通,やや不安,,,175
2024-02-01,中核店舗景気判断DI,,景況感,見通,変わらない,,,684
2024-02-01,中核店舗景気判断DI,,景況感,見通,やや明るい,,,130
2024-02-01,中核店舗景気判断DI,,景況感,見通,かなり明るい,,,0
2024-03-01,中核店舗景気判断DI,,景況感,見通,かなり不安,,,11
2024-03-01,中核店舗景気判断DI,,景況感,見通,やや不安,,,164
2024-03-01,中核店舗景気判断DI,,景況感,見通,変わらない,,,695
2024-03-01,中核店舗景気判断DI,,景況感,見通,やや明るい,,,113
2024-03-01,中核店舗景気判断DI,,景況感,見通,かなり明るい,,,17
2024-04-01,中核店舗景気判断DI,,景況感,見通,かなり不安,,,6
2024-04-01,中核店舗景気判断DI,,景況感,見通,やや不安,,,329
2024-04-01,中核店舗景気判断DI,,景況感,見通,変わらない,,,591
2024-04-01,中核店舗景気判断DI,,景況感,見通,やや明るい,,,67
2024-04-01,中核店舗景気判断DI,,景況感,見通,かなり明るい,,,6
2024-05-01,中核店舗景気判断DI,,景況感,見通,かなり不安,,,34
2024-05-01,中核店舗景気判断DI,,景況感,見通,やや不安,,,333
2024-05-01,中核店舗景気判断DI,,景況感,見通,変わらない,,,580
2024-05-01,中核店舗景気判断DI,,景況感,見通,やや明るい,,,40
2024-05-01,中核店舗景気判断DI,,景況感,見通,かなり明るい,,,11
2024-06-01,中核店舗景気判断DI,,景況感,見通,かなり不安,,,17
2024-06-01,中核店舗景気判断DI,,景況感,見通,やや不安,,,250
2024-06-01,中核店舗景気判断DI,,景況感,見通,変わらない,,,653
2024-06-01,中核店舗景気判断DI,,景況感,見通,やや明るい,,,68
2024-06-01,中核店舗景気判断DI,,景況感,見通,かなり明るい,,,11
2024-07-01,中核店舗景気判断DI,,景況感,見通,かなり不安,,,11
2024-07-01,中核店舗景気判断DI,,景況感,見通,やや不安,,,345
2024-07-01,中核店舗景気判断DI,,景況感,見通,変わらない,,,576
2024-07-01,中核店舗景気判断DI,,景況感,見通,やや明るい,,,62
2024-07-01,中核店舗景気判断DI,,景況感,見通,かなり明るい,,,6
2024-08-01,中核店舗景気判断DI,,景況感,見通,かなり不安,,,18
2024-08-01,中核店舗景気判断DI,,景況感,見通,やや不安,,,218
2024-08-01,中核店舗景気判断DI,,景況感,見通,変わらない,,,647
2024-08-01,中核店舗景気判断DI,,景況感,見通,やや明るい,,,112
2024-08-01,中核店舗景気判断DI,,景況感,見通,かなり明るい,,,6
2024-09-01,中核店舗景気判断DI,,景況感,見通,かなり不安,,,19
2024-09-01,中核店舗景気判断DI,,景況感,見通,やや不安,,,315
2024-09-01,中核店舗景気判断DI,,景況感,見通,変わらない,,,586
2024-09-01,中核店舗景気判断DI,,景況感,見通,やや明るい,,,74
2024-09-01,中核店舗景気判断DI,,景況感,見通,かなり明るい,,,6
2011-04-01,消費者購買意欲DI,,景況感,現状,かなり消極的,,,38
2011-04-01,消費者購買意欲DI,,景況感,現状,やや消極的,,,419
2011-04-01,消費者購買意欲DI,,景況感,現状,変わらない,,,415
2011-04-01,消費者購買意欲DI,,景況感,現状,やや積極的,,,121
2011-04-01,消費者購買意欲DI,,景況感,現状,かなり積極的,,,6
2011-05-01,消費者購買意欲DI,,景況感,現状,かなり消極的,,,44
2011-05-01,消費者購買意欲DI,,景況感,現状,やや消極的,,,445
2011-05-01,消費者購買意欲DI,,景況感,現状,変わらない,,,426
2011-05-01,消費者購買意欲DI,,景況感,現状,やや積極的,,,79
2011-05-01,消費者購買意欲DI,,景況感,現状,かなり積極的,,,6
2011-06-01,消費者購買意欲DI,,景況感,現状,かなり消極的,,,23
2011-06-01,消費者購買意欲DI,,景況感,現状,やや消極的,,,358
2011-06-01,消費者購買意欲DI,,景況感,現状,変わらない,,,500
2011-06-01,消費者購買意欲DI,,景況感,現状,やや積極的,,,113
2011-06-01,消費者購買意欲DI,,景況感,現状,かなり積極的,,,7
2011-07-01,消費者購買意欲DI,,景況感,現状,かなり消極的,,,16
2011-07-01,消費者購買意欲DI,,景況感,現状,やや消極的,,,295
2011-07-01,消費者購買意欲DI,,景況感,現状,変わらない,,,555
2011-07-01,消費者購買意欲DI,,景況感,現状,やや積極的,,,133
2011-07-01,消費者購買意欲DI,,景況感,現状,かなり積極的,,,0
2011-08-01,消費者購買意欲DI,,景況感,現状,かなり消極的,,,19
2011-08-01,消費者購買意欲DI,,景況感,現状,やや消極的,,,359
2011-08-01,消費者購買意欲DI,,景況感,現状,変わらない,,,552
2011-08-01,消費者購買意欲DI,,景況感,現状,やや積極的,,,70
2011-08-01,消費者購買意欲DI,,景況感,現状,かなり積極的,,,0
2011-09-01,消費者購買意欲DI,,景況感,現状,かなり消極的,,,24
2011-09-01,消費者購買意欲DI,,景況感,現状,やや消極的,,,344
2011-09-01,消費者購買意欲DI,,景況感,現状,変わらない,,,546
2011-09-01,消費者購買意欲DI,,景況感,現状,やや積極的,,,76
2011-09-01,消費者購買意欲DI,,景況感,現状,かなり積極的,,,10
2011-10-01,消費者購買意欲DI,,景況感,現状,かなり消極的,,,30
2011-10-01,消費者購買意欲DI,,景況感,現状,やや消極的,,,314
2011-10-01,消費者購買意欲DI,,景況感,現状,変わらない,,,598
2011-10-01,消費者購買意欲DI,,景況感,現状,やや積極的,,,54
2011-10-01,消費者購買意欲DI,,景況感,現状,かなり積極的,,,3
2011-11-01,消費者購買意欲DI,,景況感,現状,かなり消極的,,,34
2011-11-01,消費者購買意欲DI,,景況感,現状,やや消極的,,,426
2011-11-01,消費者購買意欲DI,,景況感,現状,変わらない,,,500
2011-11-01,消費者購買意欲DI,,景況感,現状,やや積極的,,,40
2011-11-01,消費者購買意欲DI,,景況感,現状,かなり積極的,,,0
2011-12-01,消費者購買意欲DI,,景況感,現状,かなり消極的,,,21
2011-12-01,消費者購買意欲DI,,景況感,現状,やや消極的,,,303
2011-12-01,消費者購買意欲DI,,景況感,現状,変わらない,,,546
2011-12-01,消費者購買意欲DI,,景況感,現状,やや積極的,,,127
2011-12-01,消費者購買意欲DI,,景況感,現状,かなり積極的,,,4
2012-01-01,消費者購買意欲DI,,景況感,現状,かなり消極的,,,16
2012-01-01,消費者購買意欲DI,,景況感,現状,やや消極的,,,289
2012-01-01,消費者購買意欲DI,,景況感,現状,変わらない,,,624
2012-01-01,消費者購買意欲DI,,景況感,現状,やや積極的,,,71
2012-01-01,消費者購買意欲DI,,景況感,現状,かなり積極的,,,0
2012-02-01,消費者購買意欲DI,,景況感,現状,かなり消極的,,,13
2012-02-01,消費者購買意欲DI,,景況感,現状,やや消極的,,,252
2012-02-01,消費者購買意欲DI,,景況感,現状,変わらない,,,668
2012-02-01,消費者購買意欲DI,,景況感,現状,やや積極的,,,60
2012-02-01,消費者購買意欲DI,,景況感,現状,かなり積極的,,,7
2012-03-01,消費者購買意欲DI,,景況感,現状,かなり消極的,,,17
2012-03-01,消費者購買意欲DI,,景況感,現状,やや消極的,,,264
2012-03-01,消費者購買意欲DI,,景況感,現状,変わらない,,,666
2012-03-01,消費者購買意欲DI,,景況感,現状,やや積極的,,,54
2012-03-01,消費者購買意欲DI,,景況感,現状,かなり積極的,,,0
2012-04-01,消費者購買意欲DI,,景況感,現状,かなり消極的,,,10
2012-04-01,消費者購買意欲DI,,景況感,現状,やや消極的,,,267
2012-04-01,消費者購買意欲DI,,景況感,現状,変わらない,,,655
2012-04-01,消費者購買意欲DI,,景況感,現状,やや積極的,,,68
2012-04-01,消費者購買意欲DI,,景況感,現状,かなり積極的,,,0
2012-05-01,消費者購買意欲DI,,景況感,現状,かなり消極的,,,10
2012-05-01,消費者購買意欲DI,,景況感,現状,やや消極的,,,256
2012-05-01,消費者購買意欲DI,,景況感,現状,変わらない,,,681
2012-05-01,消費者購買意欲DI,,景況感,現状,やや積極的,,,53
2012-05-01,消費者購買意欲DI,,景況感,現状,かなり積極的,,,0
2012-06-01,消費者購買意欲DI,,景況感,現状,かなり消極的,,,17
2012-06-01,消費者購買意欲DI,,景況感,現状,やや消極的,,,261
2012-06-01,消費者購買意欲DI,,景況感,現状,変わらない,,,666
2012-06-01,消費者購買意欲DI,,景況感,現状,やや積極的,,,57
2012-06-01,消費者購買意欲DI,,景況感,現状,かなり積極的,,,0
2012-07-01,消費者購買意欲DI,,景況感,現状,かなり消極的,,,44
2012-07-01,消費者購買意欲DI,,景況感,現状,やや消極的,,,337
2012-07-01,消費者購買意欲DI,,景況感,現状,変わらない,,,593
2012-07-01,消費者購買意欲DI,,景況感,現状,やや積極的,,,24
2012-07-01,消費者購買意欲DI,,景況感,現状,かなり積極的,,,3
2012-08-01,消費者購買意欲DI,,景況感,現状,かなり消極的,,,17
2012-08-01,消費者購買意欲DI,,景況感,現状,やや消極的,,,338
2012-08-01,消費者購買意欲DI,,景況感,現状,変わらない,,,603
2012-08-01,消費者購買意欲DI,,景況感,現状,やや積極的,,,41
2012-08-01,消費者購買意欲DI,,景況感,現状,かなり積極的,,,0
2012-09-01,消費者購買意欲DI,,景況感,現状,かなり消極的,,,11
2012-09-01,消費者購買意欲DI,,景況感,現状,やや消極的,,,351
2012-09-01,消費者購買意欲DI,,景況感,現状,変わらない,,,611
2012-09-01,消費者購買意欲DI,,景況感,現状,やや積極的,,,28
2012-09-01,消費者購買意欲DI,,景況感,現状,かなり積極的,,,0
2012-10-01,消費者購買意欲DI,,景況感,現状,かなり消極的,,,25
2012-10-01,消費者購買意欲DI,,景況感,現状,やや消極的,,,391
2012-10-01,消費者購買意欲DI,,景況感,現状,変わらない,,,565
2012-10-01,消費者購買意欲DI,,景況感,現状,やや積極的,,,18
2012-10-01,消費者購買意欲DI,,景況感,現状,かなり積極的,,,0
2012-11-01,消費者購買意欲DI,,景況感,現状,かなり消極的,,,36
2012-11-01,消費者購買意欲DI,,景況感,現状,やや消極的,,,383
2012-11-01,消費者購買意欲DI,,景況感,現状,変わらない,,,555
2012-11-01,消費者購買意欲DI,,景況感,現状,やや積極的,,,26
2012-11-01,消費者購買意欲DI,,景況感,現状,かなり積極的,,,0
2012-12-01,消費者購買意欲DI,,景況感,現状,かなり消極的,,,25
2012-12-01,消費者購買意欲DI,,景況感,現状,やや消極的,,,357
2012-12-01,消費者購買意欲DI,,景況感,現状,変わらない,,,546
2012-12-01,消費者購買意欲DI,,景況感,現状,やや積極的,,,68
2012-12-01,消費者購買意欲DI,,景況感,現状,かなり積極的,,,4
2013-01-01,消費者購買意欲DI,,景況感,現状,かなり消極的,,,36
2013-01-01,消費者購買意欲DI,,景況感,現状,やや消極的,,,337
2013-01-01,消費者購買意欲DI,,景況感,現状,変わらない,,,598
2013-01-01,消費者購買意欲DI,,景況感,現状,やや積極的,,,29
2013-01-01,消費者購買意欲DI,,景況感,現状,かなり積極的,,,0
2013-02-01,消費者購買意欲DI,,景況感,現状,かなり消極的,,,49
2013-02-01,消費者購買意欲DI,,景況感,現状,やや消極的,,,295
2013-02-01,消費者購買意欲DI,,景況感,現状,変わらない,,,608
2013-02-01,消費者購買意欲DI,,景況感,現状,やや積極的,,,49
2013-02-01,消費者購買意欲DI,,景況感,現状,かなり積極的,,,0
2013-03-01,消費者購買意欲DI,,景況感,現状,かなり消極的,,,11
2013-03-01,消費者購買意欲DI,,景況感,現状,やや消極的,,,264
2013-03-01,消費者購買意欲DI,,景況感,現状,変わらない,,,653
2013-03-01,消費者購買意欲DI,,景況感,現状,やや積極的,,,72
2013-03-01,消費者購買意欲DI,,景況感,現状,かなり積極的,,,0
2013-04-01,消費者購買意欲DI,,景況感,現状,かなり消極的,,,26
2013-04-01,消費者購買意欲DI,,景況感,現状,やや消極的,,,229
2013-04-01,消費者購買意欲DI,,景況感,現状,変わらない,,,669
2013-04-01,消費者購買意欲DI,,景況感,現状,やや積極的,,,75
2013-04-01,消費者購買意欲DI,,景況感,現状,かなり積極的,,,0
2013-05-01,消費者購買意欲DI,,景況感,現状,かなり消極的,,,11
2013-05-01,消費者購買意欲DI,,景況感,現状,やや消極的,,,233
2013-05-01,消費者購買意欲DI,,景況感,現状,変わらない,,,676
2013-05-01,消費者購買意欲DI,,景況感,現状,やや積極的,,,76
2013-05-01,消費者購買意欲DI,,景況感,現状,かなり積極的,,,4
2013-06-01,消費者購買意欲DI,,景況感,現状,かなり消極的,,,19
2013-06-01,消費者購買意欲DI,,景況感,現状,やや消極的,,,182
2013-06-01,消費者購買意欲DI,,景況感,現状,変わらない,,,708
2013-06-01,消費者購買意欲DI,,景況感,現状,やや積極的,,,91
2013-06-01,消費者購買意欲DI,,景況感,現状,かなり積極的,,,0
2013-07-01,消費者購買意欲DI,,景況感,現状,かなり消極的,,,19
2013-07-01,消費者購買意欲DI,,景況感,現状,やや消極的,,,174
2013-07-01,消費者購買意欲DI,,景況感,現状,変わらない,,,702
2013-07-01,消費者購買意欲DI,,景況感,現状,やや積極的,,,106
2013-07-01,消費者購買意欲DI,,景況感,現状,かなり積極的,,,0
2013-08-01,消費者購買意欲DI,,景況感,現状,かなり消極的,,,20
2013-08-01,消費者購買意欲DI,,景況感,現状,やや消極的,,,151
2013-08-01,消費者購買意欲DI,,景況感,現状,変わらない,,,718
2013-08-01,消費者購買意欲DI,,景況感,現状,やや積極的,,,106
2013-08-01,消費者購買意欲DI,,景況感,現状,かなり積極的,,,4
2013-09-01,消費者購買意欲DI,,景況感,現状,かなり消極的,,,20
2013-09-01,消費者購買意欲DI,,景況感,現状,やや消極的,,,160
2013-09-01,消費者購買意欲DI,,景況感,現状,変わらない,,,716
2013-09-01,消費者購買意欲DI,,景況感,現状,やや積極的,,,100
2013-09-01,消費者購買意欲DI,,景況感,現状,かなり積極的,,,4
2013-10-01,消費者購買意欲DI,,景況感,現状,かなり消極的,,,19
2013-10-01,消費者購買意欲DI,,景況感,現状,やや消極的,,,135
2013-10-01,消費者購買意欲DI,,景況感,現状,変わらない,,,704
2013-10-01,消費者購買意欲DI,,景況感,現状,やや積極的,,,142
2013-10-01,消費者購買意欲DI,,景況感,現状,かなり積極的,,,0
2013-11-01,消費者購買意欲DI,,景況感,現状,かなり消極的,,,11
2013-11-01,消費者購買意欲DI,,景況感,現状,やや消極的,,,137
2013-11-01,消費者購買意欲DI,,景況感,現状,変わらない,,,639
2013-11-01,消費者購買意欲DI,,景況感,現状,やや積極的,,,209
2013-11-01,消費者購買意欲DI,,景況感,現状,かなり積極的,,,4
2013-12-01,消費者購買意欲DI,,景況感,現状,かなり消極的,,,8
2013-12-01,消費者購買意欲DI,,景況感,現状,やや消極的,,,141
2013-12-01,消費者購買意欲DI,,景況感,現状,変わらない,,,634
2013-12-01,消費者購買意欲DI,,景況感,現状,やや積極的,,,202
2013-12-01,消費者購買意欲DI,,景況感,現状,かなり積極的,,,15
2014-01-01,消費者購買意欲DI,,景況感,現状,かなり消極的,,,17
2014-01-01,消費者購買意欲DI,,景況感,現状,やや消極的,,,145
2014-01-01,消費者購買意欲DI,,景況感,現状,変わらない,,,639
2014-01-01,消費者購買意欲DI,,景況感,現状,やや積極的,,,191
2014-01-01,消費者購買意欲DI,,景況感,現状,かなり積極的,,,8
2014-02-01,消費者購買意欲DI,,景況感,現状,かなり消極的,,,4
2014-02-01,消費者購買意欲DI,,景況感,現状,やや消極的,,,87
2014-02-01,消費者購買意欲DI,,景況感,現状,変わらない,,,544
2014-02-01,消費者購買意欲DI,,景況感,現状,やや積極的,,,353
2014-02-01,消費者購買意欲DI,,景況感,現状,かなり積極的,,,12
2014-03-01,消費者購買意欲DI,,景況感,現状,かなり消極的,,,45
2014-03-01,消費者購買意欲DI,,景況感,現状,やや消極的,,,148
2014-03-01,消費者購買意欲DI,,景況感,現状,変わらない,,,324
2014-03-01,消費者購買意欲DI,,景況感,現状,やや積極的,,,389
2014-03-01,消費者購買意欲DI,,景況感,現状,かなり積極的,,,94
2014-04-01,消費者購買意欲DI,,景況感,現状,かなり消極的,,,73
2014-04-01,消費者購買意欲DI,,景況感,現状,やや消極的,,,482
2014-04-01,消費者購買意欲DI,,景況感,現状,変わらない,,,364
2014-04-01,消費者購買意欲DI,,景況感,現状,やや積極的,,,81
2014-04-01,消費者購買意欲DI,,景況感,現状,かなり積極的,,,0
2014-05-01,消費者購買意欲DI,,景況感,現状,かなり消極的,,,17
2014-05-01,消費者購買意欲DI,,景況感,現状,やや消極的,,,286
2014-05-01,消費者購買意欲DI,,景況感,現状,変わらない,,,543
2014-05-01,消費者購買意欲DI,,景況感,現状,やや積極的,,,150
2014-05-01,消費者購買意欲DI,,景況感,現状,かなり積極的,,,4
2014-06-01,消費者購買意欲DI,,景況感,現状,かなり消極的,,,17
2014-06-01,消費者購買意欲DI,,景況感,現状,やや消極的,,,210
2014-06-01,消費者購買意欲DI,,景況感,現状,変わらない,,,584
2014-06-01,消費者購買意欲DI,,景況感,現状,やや積極的,,,176
2014-06-01,消費者購買意欲DI,,景況感,現状,かなり積極的,,,13
2014-07-01,消費者購買意欲DI,,景況感,現状,かなり消極的,,,21
2014-07-01,消費者購買意欲DI,,景況感,現状,やや消極的,,,180
2014-07-01,消費者購買意欲DI,,景況感,現状,変わらない,,,661
2014-07-01,消費者購買意欲DI,,景況感,現状,やや積極的,,,129
2014-07-01,消費者購買意欲DI,,景況感,現状,かなり積極的,,,9
2014-08-01,消費者購買意欲DI,,景況感,現状,かなり消極的,,,17
2014-08-01,消費者購買意欲DI,,景況感,現状,やや消極的,,,149
2014-08-01,消費者購買意欲DI,,景況感,現状,変わらない,,,702
2014-08-01,消費者購買意欲DI,,景況感,現状,やや積極的,,,128
2014-08-01,消費者購買意欲DI,,景況感,現状,かなり積極的,,,4
2014-09-01,消費者購買意欲DI,,景況感,現状,かなり消極的,,,22
2014-09-01,消費者購買意欲DI,,景況感,現状,やや消極的,,,175
2014-09-01,消費者購買意欲DI,,景況感,現状,変わらない,,,740
2014-09-01,消費者購買意欲DI,,景況感,現状,やや積極的,,,63
2014-09-01,消費者購買意欲DI,,景況感,現状,かなり積極的,,,0
2014-10-01,消費者購買意欲DI,,景況感,現状,かなり消極的,,,32
2014-10-01,消費者購買意欲DI,,景況感,現状,やや消極的,,,230
2014-10-01,消費者購買意欲DI,,景況感,現状,変わらない,,,671
2014-10-01,消費者購買意欲DI,,景況感,現状,やや積極的,,,63
2014-10-01,消費者購買意欲DI,,景況感,現状,かなり積極的,,,5
2014-11-01,消費者購買意欲DI,,景況感,現状,かなり消極的,,,28
2014-11-01,消費者購買意欲DI,,景況感,現状,やや消極的,,,309
2014-11-01,消費者購買意欲DI,,景況感,現状,変わらない,,,576
2014-11-01,消費者購買意欲DI,,景況感,現状,やや積極的,,,83
2014-11-01,消費者購買意欲DI,,景況感,現状,かなり積極的,,,5
2014-12-01,消費者購買意欲DI,,景況感,現状,かなり消極的,,,20
2014-12-01,消費者購買意欲DI,,景況感,現状,やや消極的,,,245
2014-12-01,消費者購買意欲DI,,景況感,現状,変わらない,,,602
2014-12-01,消費者購買意欲DI,,景況感,現状,やや積極的,,,133
2014-12-01,消費者購買意欲DI,,景況感,現状,かなり積極的,,,0
2015-01-01,消費者購買意欲DI,,景況感,現状,かなり消極的,,,18
2015-01-01,消費者購買意欲DI,,景況感,現状,やや消極的,,,197
2015-01-01,消費者購買意欲DI,,景況感,現状,変わらない,,,686
2015-01-01,消費者購買意欲DI,,景況感,現状,やや積極的,,,99
2015-01-01,消費者購買意欲DI,,景況感,現状,かなり積極的,,,0
2015-02-01,消費者購買意欲DI,,景況感,現状,かなり消極的,,,13
2015-02-01,消費者購買意欲DI,,景況感,現状,やや消極的,,,160
2015-02-01,消費者購買意欲DI,,景況感,現状,変わらない,,,729
2015-02-01,消費者購買意欲DI,,景況感,現状,やや積極的,,,98
2015-02-01,消費者購買意欲DI,,景況感,現状,かなり積極的,,,0
2015-03-01,消費者購買意欲DI,,景況感,現状,かなり消極的,,,31
2015-03-01,消費者購買意欲DI,,景況感,現状,やや消極的,,,170
2015-03-01,消費者購買意欲DI,,景況感,現状,変わらない,,,714
2015-03-01,消費者購買意欲DI,,景況感,現状,やや積極的,,,80
2015-03-01,消費者購買意欲DI,,景況感,現状,かなり積極的,,,4
2015-04-01,消費者購買意欲DI,,景況感,現状,かなり消極的,,,13
2015-04-01,消費者購買意欲DI,,景況感,現状,やや消極的,,,84
2015-04-01,消費者購買意欲DI,,景況感,現状,変わらない,,,655
2015-04-01,消費者購買意欲DI,,景況感,現状,やや積極的,,,239
2015-04-01,消費者購買意欲DI,,景況感,現状,かなり積極的,,,9
2015-05-01,消費者購買意欲DI,,景況感,現状,かなり消極的,,,13
2015-05-01,消費者購買意欲DI,,景況感,現状,やや消極的,,,62
2015-05-01,消費者購買意欲DI,,景況感,現状,変わらない,,,676
2015-05-01,消費者購買意欲DI,,景況感,現状,やや積極的,,,244
2015-05-01,消費者購買意欲DI,,景況感,現状,かなり積極的,,,4
2015-06-01,消費者購買意欲DI,,景況感,現状,かなり消極的,,,5
2015-06-01,消費者購買意欲DI,,景況感,現状,やや消極的,,,125
2015-06-01,消費者購買意欲DI,,景況感,現状,変わらない,,,681
2015-06-01,消費者購買意欲DI,,景況感,現状,やや積極的,,,185
2015-06-01,消費者購買意欲DI,,景況感,現状,かなり積極的,,,5
2015-07-01,消費者購買意欲DI,,景況感,現状,かなり消極的,,,4
2015-07-01,消費者購買意欲DI,,景況感,現状,やや消極的,,,106
2015-07-01,消費者購買意欲DI,,景況感,現状,変わらない,,,687
2015-07-01,消費者購買意欲DI,,景況感,現状,やや積極的,,,198
2015-07-01,消費者購買意欲DI,,景況感,現状,かなり積極的,,,4
2015-08-01,消費者購買意欲DI,,景況感,現状,かなり消極的,,,14
2015-08-01,消費者購買意欲DI,,景況感,現状,やや消極的,,,109
2015-08-01,消費者購買意欲DI,,景況感,現状,変わらない,,,701
2015-08-01,消費者購買意欲DI,,景況感,現状,やや積極的,,,176
2015-08-01,消費者購買意欲DI,,景況感,現状,かなり積極的,,,0
2015-09-01,消費者購買意欲DI,,景況感,現状,かなり消極的,,,14
2015-09-01,消費者購買意欲DI,,景況感,現状,やや消極的,,,147
2015-09-01,消費者購買意欲DI,,景況感,現状,変わらない,,,710
2015-09-01,消費者購買意欲DI,,景況感,現状,やや積極的,,,129
2015-09-01,消費者購買意欲DI,,景況感,現状,かなり積極的,,,0
2015-10-01,消費者購買意欲DI,,景況感,現状,かなり消極的,,,4
2015-10-01,消費者購買意欲DI,,景況感,現状,やや消極的,,,133
2015-10-01,消費者購買意欲DI,,景況感,現状,変わらない,,,751
2015-10-01,消費者購買意欲DI,,景況感,現状,やや積極的,,,111
2015-10-01,消費者購買意欲DI,,景況感,現状,かなり積極的,,,0
2015-11-01,消費者購買意欲DI,,景況感,現状,かなり消極的,,,0
2015-11-01,消費者購買意欲DI,,景況感,現状,やや消極的,,,220
2015-11-01,消費者購買意欲DI,,景況感,現状,変わらない,,,677
2015-11-01,消費者購買意欲DI,,景況感,現状,やや積極的,,,103
2015-11-01,消費者購買意欲DI,,景況感,現状,かなり積極的,,,0
2015-12-01,消費者購買意欲DI,,景況感,現状,かなり消極的,,,14
2015-12-01,消費者購買意欲DI,,景況感,現状,やや消極的,,,198
2015-12-01,消費者購買意欲DI,,景況感,現状,変わらない,,,694
2015-12-01,消費者購買意欲DI,,景況感,現状,やや積極的,,,86
2015-12-01,消費者購買意欲DI,,景況感,現状,かなり積極的,,,9
2016-01-01,消費者購買意欲DI,,景況感,現状,かなり消極的,,,9
2016-01-01,消費者購買意欲DI,,景況感,現状,やや消極的,,,150
2016-01-01,消費者購買意欲DI,,景況感,現状,変わらない,,,709
2016-01-01,消費者購買意欲DI,,景況感,現状,やや積極的,,,132
2016-01-01,消費者購買意欲DI,,景況感,現状,かなり積極的,,,0
2016-02-01,消費者購買意欲DI,,景況感,現状,かなり消極的,,,0
2016-02-01,消費者購買意欲DI,,景況感,現状,やや消極的,,,136
2016-02-01,消費者購買意欲DI,,景況感,現状,変わらない,,,742
2016-02-01,消費者購買意欲DI,,景況感,現状,やや積極的,,,122
2016-02-01,消費者購買意欲DI,,景況感,現状,かなり積極的,,,0
2016-03-01,消費者購買意欲DI,,景況感,現状,かなり消極的,,,0
2016-03-01,消費者購買意欲DI,,景況感,現状,やや消極的,,,231
2016-03-01,消費者購買意欲DI,,景況感,現状,変わらない,,,688
2016-03-01,消費者購買意欲DI,,景況感,現状,やや積極的,,,82
2016-03-01,消費者購買意欲DI,,景況感,現状,かなり積極的,,,0
2016-04-01,消費者購買意欲DI,,景況感,現状,かなり消極的,,,10
2016-04-01,消費者購買意欲DI,,景況感,現状,やや消極的,,,167
2016-04-01,消費者購買意欲DI,,景況感,現状,変わらない,,,727
2016-04-01,消費者購買意欲DI,,景況感,現状,やや積極的,,,96
2016-04-01,消費者購買意欲DI,,景況感,現状,かなり積極的,,,0
2016-05-01,消費者購買意欲DI,,景況感,現状,かなり消極的,,,0
2016-05-01,消費者購買意欲DI,,景況感,現状,やや消極的,,,271
2016-05-01,消費者購買意欲DI,,景況感,現状,変わらない,,,680
2016-05-01,消費者購買意欲DI,,景況感,現状,やや積極的,,,49
2016-05-01,消費者購買意欲DI,,景況感,現状,かなり積極的,,,0
2016-06-01,消費者購買意欲DI,,景況感,現状,かなり消極的,,,0
2016-06-01,消費者購買意欲DI,,景況感,現状,やや消極的,,,243
2016-06-01,消費者購買意欲DI,,景況感,現状,変わらない,,,693
2016-06-01,消費者購買意欲DI,,景況感,現状,やや積極的,,,64
2016-06-01,消費者購買意欲DI,,景況感,現状,かなり積極的,,,0
2016-07-01,消費者購買意欲DI,,景況感,現状,かなり消極的,,,5
2016-07-01,消費者購買意欲DI,,景況感,現状,やや消極的,,,223
2016-07-01,消費者購買意欲DI,,景況感,現状,変わらない,,,713
2016-07-01,消費者購買意欲DI,,景況感,現状,やや積極的,,,59
2016-07-01,消費者購買意欲DI,,景況感,現状,かなり積極的,,,0
2016-08-01,消費者購買意欲DI,,景況感,現状,かなり消極的,,,15
2016-08-01,消費者購買意欲DI,,景況感,現状,やや消極的,,,341
2016-08-01,消費者購買意欲DI,,景況感,現状,変わらない,,,580
2016-08-01,消費者購買意欲DI,,景況感,現状,やや積極的,,,63
2016-08-01,消費者購買意欲DI,,景況感,現状,かなり積極的,,,0
2016-09-01,消費者購買意欲DI,,景況感,現状,かなり消極的,,,5
2016-09-01,消費者購買意欲DI,,景況感,現状,やや消極的,,,354
2016-09-01,消費者購買意欲DI,,景況感,現状,変わらない,,,607
2016-09-01,消費者購買意欲DI,,景況感,現状,やや積極的,,,34
2016-09-01,消費者購買意欲DI,,景況感,現状,かなり積極的,,,0
2016-10-01,消費者購買意欲DI,,景況感,現状,かなり消極的,,,0
2016-10-01,消費者購買意欲DI,,景況感,現状,やや消極的,,,238
2016-10-01,消費者購買意欲DI,,景況感,現状,変わらない,,,684
2016-10-01,消費者購買意欲DI,,景況感,現状,やや積極的,,,78
2016-10-01,消費者購買意欲DI,,景況感,現状,かなり積極的,,,0
2016-11-01,消費者購買意欲DI,,景況感,現状,かなり消極的,,,0
2016-11-01,消費者購買意欲DI,,景況感,現状,やや消極的,,,201
2016-11-01,消費者購買意欲DI,,景況感,現状,変わらない,,,701
2016-11-01,消費者購買意欲DI,,景況感,現状,やや積極的,,,98
2016-11-01,消費者購買意欲DI,,景況感,現状,かなり積極的,,,0
2016-12-01,消費者購買意欲DI,,景況感,現状,かなり消極的,,,0
2016-12-01,消費者購買意欲DI,,景況感,現状,やや消極的,,,188
2016-12-01,消費者購買意欲DI,,景況感,現状,変わらない,,,693
2016-12-01,消費者購買意欲DI,,景況感,現状,やや積極的,,,119
2016-12-01,消費者購買意欲DI,,景況感,現状,かなり積極的,,,0
2017-01-01,消費者購買意欲DI,,景況感,現状,かなり消極的,,,0
2017-01-01,消費者購買意欲DI,,景況感,現状,やや消極的,,,266
2017-01-01,消費者購買意欲DI,,景況感,現状,変わらない,,,685
2017-01-01,消費者購買意欲DI,,景況感,現状,やや積極的,,,49
2017-01-01,消費者購買意欲DI,,景況感,現状,かなり積極的,,,0
2017-02-01,消費者購買意欲DI,,景況感,現状,かなり消極的,,,10
2017-02-01,消費者購買意欲DI,,景況感,現状,やや消極的,,,295
2017-02-01,消費者購買意欲DI,,景況感,現状,変わらない,,,655
2017-02-01,消費者購買意欲DI,,景況感,現状,やや積極的,,,40
2017-02-01,消費者購買意欲DI,,景況感,現状,かなり積極的,,,0
2017-03-01,消費者購買意欲DI,,景況感,現状,かなり消極的,,,5
2017-03-01,消費者購買意欲DI,,景況感,現状,やや消極的,,,235
2017-03-01,消費者購買意欲DI,,景況感,現状,変わらない,,,716
2017-03-01,消費者購買意欲DI,,景況感,現状,やや積極的,,,44
2017-03-01,消費者購買意欲DI,,景況感,現状,かなり積極的,,,0
2017-04-01,消費者購買意欲DI,,景況感,現状,かなり消極的,,,9
2017-04-01,消費者購買意欲DI,,景況感,現状,やや消極的,,,236
2017-04-01,消費者購買意欲DI,,景況感,現状,変わらない,,,689
2017-04-01,消費者購買意欲DI,,景況感,現状,やや積極的,,,66
2017-04-01,消費者購買意欲DI,,景況感,現状,かなり積極的,,,0
2017-05-01,消費者購買意欲DI,,景況感,現状,かなり消極的,,,5
2017-05-01,消費者購買意欲DI,,景況感,現状,やや消極的,,,308
2017-05-01,消費者購買意欲DI,,景況感,現状,変わらない,,,626
2017-05-01,消費者購買意欲DI,,景況感,現状,やや積極的,,,62
2017-05-01,消費者購買意欲DI,,景況感,現状,かなり積極的,,,0
2017-06-01,消費者購買意欲DI,,景況感,現状,かなり消極的,,,6
2017-06-01,消費者購買意欲DI,,景況感,現状,やや消極的,,,260
2017-06-01,消費者購買意欲DI,,景況感,現状,変わらない,,,661
2017-06-01,消費者購買意欲DI,,景況感,現状,やや積極的,,,73
2017-06-01,消費者購買意欲DI,,景況感,現状,かなり積極的,,,0
2017-07-01,消費者購買意欲DI,,景況感,現状,かなり消極的,,,10
2017-07-01,消費者購買意欲DI,,景況感,現状,やや消極的,,,235
2017-07-01,消費者購買意欲DI,,景況感,現状,変わらない,,,694
2017-07-01,消費者購買意欲DI,,景況感,現状,やや積極的,,,61
2017-07-01,消費者購買意欲DI,,景況感,現状,かなり積極的,,,0
2017-08-01,消費者購買意欲DI,,景況感,現状,かなり消極的,,,0
2017-08-01,消費者購買意欲DI,,景況感,現状,やや消極的,,,267
2017-08-01,消費者購買意欲DI,,景況感,現状,変わらない,,,675
2017-08-01,消費者購買意欲DI,,景況感,現状,やや積極的,,,58
2017-08-01,消費者購買意欲DI,,景況感,現状,かなり積極的,,,0
2017-09-01,消費者購買意欲DI,,景況感,現状,かなり消極的,,,0
2017-09-01,消費者購買意欲DI,,景況感,現状,やや消極的,,,254
2017-09-01,消費者購買意欲DI,,景況感,現状,変わらない,,,685
2017-09-01,消費者購買意欲DI,,景況感,現状,やや積極的,,,51
2017-09-01,消費者購買意欲DI,,景況感,現状,かなり積極的,,,10
2017-10-01,消費者購買意欲DI,,景況感,現状,かなり消極的,,,5
2017-10-01,消費者購買意欲DI,,景況感,現状,やや消極的,,,304
2017-10-01,消費者購買意欲DI,,景況感,現状,変わらない,,,629
2017-10-01,消費者購買意欲DI,,景況感,現状,やや積極的,,,57
2017-10-01,消費者購買意欲DI,,景況感,現状,かなり積極的,,,5
2017-11-01,消費者購買意欲DI,,景況感,現状,かなり消極的,,,10
2017-11-01,消費者購買意欲DI,,景況感,現状,やや消極的,,,270
2017-11-01,消費者購買意欲DI,,景況感,現状,変わらない,,,657
2017-11-01,消費者購買意欲DI,,景況感,現状,やや積極的,,,64
2017-11-01,消費者購買意欲DI,,景況感,現状,かなり積極的,,,0
2017-12-01,消費者購買意欲DI,,景況感,現状,かなり消極的,,,5
2017-12-01,消費者購買意欲DI,,景況感,現状,やや消極的,,,187
2017-12-01,消費者購買意欲DI,,景況感,現状,変わらない,,,682
2017-12-01,消費者購買意欲DI,,景況感,現状,やや積極的,,,121
2017-12-01,消費者購買意欲DI,,景況感,現状,かなり積極的,,,5
2018-01-01,消費者購買意欲DI,,景況感,現状,かなり消極的,,,5
2018-01-01,消費者購買意欲DI,,景況感,現状,やや消極的,,,218
2018-01-01,消費者購買意欲DI,,景況感,現状,変わらない,,,716
2018-01-01,消費者購買意欲DI,,景況感,現状,やや積極的,,,56
2018-01-01,消費者購買意欲DI,,景況感,現状,かなり積極的,,,5
2018-02-01,消費者購買意欲DI,,景況感,現状,かなり消極的,,,10
2018-02-01,消費者購買意欲DI,,景況感,現状,やや消極的,,,213
2018-02-01,消費者購買意欲DI,,景況感,現状,変わらない,,,713
2018-02-01,消費者購買意欲DI,,景況感,現状,やや積極的,,,64
2018-02-01,消費者購買意欲DI,,景況感,現状,かなり積極的,,,0
2018-03-01,消費者購買意欲DI,,景況感,現状,かなり消極的,,,5
2018-03-01,消費者購買意欲DI,,景況感,現状,やや消極的,,,232
2018-03-01,消費者購買意欲DI,,景況感,現状,変わらない,,,714
2018-03-01,消費者購買意欲DI,,景況感,現状,やや積極的,,,49
2018-03-01,消費者購買意欲DI,,景況感,現状,かなり積極的,,,0
2018-04-01,消費者購買意欲DI,,景況感,現状,かなり消極的,,,5
2018-04-01,消費者購買意欲DI,,景況感,現状,やや消極的,,,312
2018-04-01,消費者購買意欲DI,,景況感,現状,変わらない,,,639
2018-04-01,消費者購買意欲DI,,景況感,現状,やや積極的,,,45
2018-04-01,消費者購買意欲DI,,景況感,現状,かなり積極的,,,0
2018-05-01,消費者購買意欲DI,,景況感,現状,かなり消極的,,,10
2018-05-01,消費者購買意欲DI,,景況感,現状,やや消極的,,,325
2018-05-01,消費者購買意欲DI,,景況感,現状,変わらない,,,630
2018-05-01,消費者購買意欲DI,,景況感,現状,やや積極的,,,35
2018-05-01,消費者購買意欲DI,,景況感,現状,かなり積極的,,,0
2018-06-01,消費者購買意欲DI,,景況感,現状,かなり消極的,,,0
2018-06-01,消費者購買意欲DI,,景況感,現状,やや消極的,,,281
2018-06-01,消費者購買意欲DI,,景況感,現状,変わらない,,,626
2018-06-01,消費者購買意欲DI,,景況感,現状,やや積極的,,,94
2018-06-01,消費者購買意欲DI,,景況感,現状,かなり積極的,,,0
2018-07-01,消費者購買意欲DI,,景況感,現状,かなり消極的,,,0
2018-07-01,消費者購買意欲DI,,景況感,現状,やや消極的,,,227
2018-07-01,消費者購買意欲DI,,景況感,現状,変わらない,,,634
2018-07-01,消費者購買意欲DI,,景況感,現状,やや積極的,,,134
2018-07-01,消費者購買意欲DI,,景況感,現状,かなり積極的,,,5
2018-08-01,消費者購買意欲DI,,景況感,現状,かなり消極的,,,11
2018-08-01,消費者購買意欲DI,,景況感,現状,やや消極的,,,166
2018-08-01,消費者購買意欲DI,,景況感,現状,変わらない,,,749
2018-08-01,消費者購買意欲DI,,景況感,現状,やや積極的,,,75
2018-08-01,消費者購買意欲DI,,景況感,現状,かなり積極的,,,0
2018-09-01,消費者購買意欲DI,,景況感,現状,かなり消極的,,,16
2018-09-01,消費者購買意欲DI,,景況感,現状,やや消極的,,,137
2018-09-01,消費者購買意欲DI,,景況感,現状,変わらない,,,732
2018-09-01,消費者購買意欲DI,,景況感,現状,やや積極的,,,105
2018-09-01,消費者購買意欲DI,,景況感,現状,かなり積極的,,,11
2018-10-01,消費者購買意欲DI,,景況感,現状,かなり消極的,,,11
2018-10-01,消費者購買意欲DI,,景況感,現状,やや消極的,,,210
2018-10-01,消費者購買意欲DI,,景況感,現状,変わらない,,,710
2018-10-01,消費者購買意欲DI,,景況感,現状,やや積極的,,,70
2018-10-01,消費者購買意欲DI,,景況感,現状,かなり積極的,,,0
2018-11-01,消費者購買意欲DI,,景況感,現状,かなり消極的,,,21
2018-11-01,消費者購買意欲DI,,景況感,現状,やや消極的,,,283
2018-11-01,消費者購買意欲DI,,景況感,現状,変わらない,,,639
2018-11-01,消費者購買意欲DI,,景況感,現状,やや積極的,,,52
2018-11-01,消費者購買意欲DI,,景況感,現状,かなり積極的,,,5
2018-12-01,消費者購買意欲DI,,景況感,現状,かなり消極的,,,17
2018-12-01,消費者購買意欲DI,,景況感,現状,やや消極的,,,283
2018-12-01,消費者購買意欲DI,,景況感,現状,変わらない,,,628
2018-12-01,消費者購買意欲DI,,景況感,現状,やや積極的,,,67
2018-12-01,消費者購買意欲DI,,景況感,現状,かなり積極的,,,6
2019-01-01,消費者購買意欲DI,,景況感,現状,かなり消極的,,,22
2019-01-01,消費者購買意欲DI,,景況感,現状,やや消極的,,,382
2019-01-01,消費者購買意欲DI,,景況感,現状,変わらない,,,548
2019-01-01,消費者購買意欲DI,,景況感,現状,やや積極的,,,48
2019-01-01,消費者購買意欲DI,,景況感,現状,かなり積極的,,,0
2019-02-01,消費者購買意欲DI,,景況感,現状,かなり消極的,,,26
2019-02-01,消費者購買意欲DI,,景況感,現状,やや消極的,,,361
2019-02-01,消費者購買意欲DI,,景況感,現状,変わらない,,,565
2019-02-01,消費者購買意欲DI,,景況感,現状,やや積極的,,,47
2019-02-01,消費者購買意欲DI,,景況感,現状,かなり積極的,,,0
2019-03-01,消費者購買意欲DI,,景況感,現状,かなり消極的,,,21
2019-03-01,消費者購買意欲DI,,景況感,現状,やや消極的,,,304
2019-03-01,消費者購買意欲DI,,景況感,現状,変わらない,,,607
2019-03-01,消費者購買意欲DI,,景況感,現状,やや積極的,,,68
2019-03-01,消費者購買意欲DI,,景況感,現状,かなり積極的,,,0
2019-04-01,消費者購買意欲DI,,景況感,現状,かなり消極的,,,22
2019-04-01,消費者購買意欲DI,,景況感,現状,やや消極的,,,226
2019-04-01,消費者購買意欲DI,,景況感,現状,変わらない,,,672
2019-04-01,消費者購買意欲DI,,景況感,現状,やや積極的,,,81
2019-04-01,消費者購買意欲DI,,景況感,現状,かなり積極的,,,0
2019-05-01,消費者購買意欲DI,,景況感,現状,かなり消極的,,,31
2019-05-01,消費者購買意欲DI,,景況感,現状,やや消極的,,,241
2019-05-01,消費者購買意欲DI,,景況感,現状,変わらない,,,644
2019-05-01,消費者購買意欲DI,,景況感,現状,やや積極的,,,84
2019-05-01,消費者購買意欲DI,,景況感,現状,かなり積極的,,,0
2019-06-01,消費者購買意欲DI,,景況感,現状,かなり消極的,,,26
2019-06-01,消費者購買意欲DI,,景況感,現状,やや消極的,,,293
2019-06-01,消費者購買意欲DI,,景況感,現状,変わらない,,,613
2019-06-01,消費者購買意欲DI,,景況感,現状,やや積極的,,,68
2019-06-01,消費者購買意欲DI,,景況感,現状,かなり積極的,,,0
2019-07-01,消費者購買意欲DI,,景況感,現状,かなり消極的,,,22
2019-07-01,消費者購買意欲DI,,景況感,現状,やや消極的,,,377
2019-07-01,消費者購買意欲DI,,景況感,現状,変わらない,,,557
2019-07-01,消費者購買意欲DI,,景況感,現状,やや積極的,,,44
2019-07-01,消費者購買意欲DI,,景況感,現状,かなり積極的,,,0
2019-08-01,消費者購買意欲DI,,景況感,現状,かなり消極的,,,41
2019-08-01,消費者購買意欲DI,,景況感,現状,やや消極的,,,343
2019-08-01,消費者購買意欲DI,,景況感,現状,変わらない,,,564
2019-08-01,消費者購買意欲DI,,景況感,現状,やや積極的,,,52
2019-08-01,消費者購買意欲DI,,景況感,現状,かなり積極的,,,0
2019-09-01,消費者購買意欲DI,,景況感,現状,かなり消極的,,,35
2019-09-01,消費者購買意欲DI,,景況感,現状,やや消極的,,,304
2019-09-01,消費者購買意欲DI,,景況感,現状,変わらない,,,497
2019-09-01,消費者購買意欲DI,,景況感,現状,やや積極的,,,146
2019-09-01,消費者購買意欲DI,,景況感,現状,かなり積極的,,,18
2019-10-01,消費者購買意欲DI,,景況感,現状,かなり消極的,,,38
2019-10-01,消費者購買意欲DI,,景況感,現状,やや消極的,,,401
2019-10-01,消費者購買意欲DI,,景況感,現状,変わらない,,,511
2019-10-01,消費者購買意欲DI,,景況感,現状,やや積極的,,,44
2019-10-01,消費者購買意欲DI,,景況感,現状,かなり積極的,,,5
2019-11-01,消費者購買意欲DI,,景況感,現状,かなり消極的,,,28
2019-11-01,消費者購買意欲DI,,景況感,現状,やや消極的,,,299
2019-11-01,消費者購買意欲DI,,景況感,現状,変わらない,,,633
2019-11-01,消費者購買意欲DI,,景況感,現状,やや積極的,,,28
2019-11-01,消費者購買意欲DI,,景況感,現状,かなり積極的,,,11
2019-12-01,消費者購買意欲DI,,景況感,現状,かなり消極的,,,16
2019-12-01,消費者購買意欲DI,,景況感,現状,やや消極的,,,282
2019-12-01,消費者購買意欲DI,,景況感,現状,変わらない,,,612
2019-12-01,消費者購買意欲DI,,景況感,現状,やや積極的,,,85
2019-12-01,消費者購買意欲DI,,景況感,現状,かなり積極的,,,5
2020-01-01,消費者購買意欲DI,,景況感,現状,かなり消極的,,,22
2020-01-01,消費者購買意欲DI,,景況感,現状,やや消極的,,,321
2020-01-01,消費者購買意欲DI,,景況感,現状,変わらない,,,609
2020-01-01,消費者購買意欲DI,,景況感,現状,やや積極的,,,49
2020-01-01,消費者購買意欲DI,,景況感,現状,かなり積極的,,,0
2020-02-01,消費者購買意欲DI,,景況感,現状,かなり消極的,,,11
2020-02-01,消費者購買意欲DI,,景況感,現状,やや消極的,,,185
2020-02-01,消費者購買意欲DI,,景況感,現状,変わらない,,,421
2020-02-01,消費者購買意欲DI,,景況感,現状,やや積極的,,,320
2020-02-01,消費者購買意欲DI,,景況感,現状,かなり積極的,,,62
2020-03-01,消費者購買意欲DI,,景況感,現状,かなり消極的,,,43
2020-03-01,消費者購買意欲DI,,景況感,現状,やや消極的,,,82
2020-03-01,消費者購買意欲DI,,景況感,現状,変わらない,,,217
2020-03-01,消費者購買意欲DI,,景況感,現状,やや積極的,,,467
2020-03-01,消費者購買意欲DI,,景況感,現状,かなり積極的,,,190
2020-04-01,消費者購買意欲DI,,景況感,現状,かなり消極的,,,38
2020-04-01,消費者購買意欲DI,,景況感,現状,やや消極的,,,71
2020-04-01,消費者購買意欲DI,,景況感,現状,変わらない,,,197
2020-04-01,消費者購買意欲DI,,景況感,現状,やや積極的,,,475
2020-04-01,消費者購買意欲DI,,景況感,現状,かなり積極的,,,219
2020-05-01,消費者購買意欲DI,,景況感,現状,かなり消極的,,,28
2020-05-01,消費者購買意欲DI,,景況感,現状,やや消極的,,,102
2020-05-01,消費者購買意欲DI,,景況感,現状,変わらない,,,295
2020-05-01,消費者購買意欲DI,,景況感,現状,やや積極的,,,472
2020-05-01,消費者購買意欲DI,,景況感,現状,かなり積極的,,,102
2020-06-01,消費者購買意欲DI,,景況感,現状,かなり消極的,,,11
2020-06-01,消費者購買意欲DI,,景況感,現状,やや消極的,,,258
2020-06-01,消費者購買意欲DI,,景況感,現状,変わらない,,,403
2020-06-01,消費者購買意欲DI,,景況感,現状,やや積極的,,,306
2020-06-01,消費者購買意欲DI,,景況感,現状,かなり積極的,,,22
2020-07-01,消費者購買意欲DI,,景況感,現状,かなり消極的,,,5
2020-07-01,消費者購買意欲DI,,景況感,現状,やや消極的,,,198
2020-07-01,消費者購買意欲DI,,景況感,現状,変わらない,,,544
2020-07-01,消費者購買意欲DI,,景況感,現状,やや積極的,,,242
2020-07-01,消費者購買意欲DI,,景況感,現状,かなり積極的,,,11
2020-08-01,消費者購買意欲DI,,景況感,現状,かなり消極的,,,22
2020-08-01,消費者購買意欲DI,,景況感,現状,やや消極的,,,243
2020-08-01,消費者購買意欲DI,,景況感,現状,変わらない,,,551
2020-08-01,消費者購買意欲DI,,景況感,現状,やや積極的,,,173
2020-08-01,消費者購買意欲DI,,景況感,現状,かなり積極的,,,11
2020-09-01,消費者購買意欲DI,,景況感,現状,かなり消極的,,,5
2020-09-01,消費者購買意欲DI,,景況感,現状,やや消極的,,,341
2020-09-01,消費者購買意欲DI,,景況感,現状,変わらない,,,519
2020-09-01,消費者購買意欲DI,,景況感,現状,やや積極的,,,130
2020-09-01,消費者購買意欲DI,,景況感,現状,かなり積極的,,,5
2020-10-01,消費者購買意欲DI,,景況感,現状,かなり消極的,,,11
2020-10-01,消費者購買意欲DI,,景況感,現状,やや消極的,,,277
2020-10-01,消費者購買意欲DI,,景況感,現状,変わらない,,,582
2020-10-01,消費者購買意欲DI,,景況感,現状,やや積極的,,,125
2020-10-01,消費者購買意欲DI,,景況感,現状,かなり積極的,,,5
2020-11-01,消費者購買意欲DI,,景況感,現状,かなり消極的,,,6
2020-11-01,消費者購買意欲DI,,景況感,現状,やや消極的,,,282
2020-11-01,消費者購買意欲DI,,景況感,現状,変わらない,,,547
2020-11-01,消費者購買意欲DI,,景況感,現状,やや積極的,,,160
2020-11-01,消費者購買意欲DI,,景況感,現状,かなり積極的,,,6
2020-12-01,消費者購買意欲DI,,景況感,現状,かなり消極的,,,0
2020-12-01,消費者購買意欲DI,,景況感,現状,やや消極的,,,264
2020-12-01,消費者購買意欲DI,,景況感,現状,変わらない,,,522
2020-12-01,消費者購買意欲DI,,景況感,現状,やや積極的,,,209
2020-12-01,消費者購買意欲DI,,景況感,現状,かなり積極的,,,5
2021-01-01,消費者購買意欲DI,,景況感,現状,かなり消極的,,,0
2021-01-01,消費者購買意欲DI,,景況感,現状,やや消極的,,,191
2021-01-01,消費者購買意欲DI,,景況感,現状,変わらない,,,638
2021-01-01,消費者購買意欲DI,,景況感,現状,やや積極的,,,165
2021-01-01,消費者購買意欲DI,,景況感,現状,かなり積極的,,,5
2021-02-01,消費者購買意欲DI,,景況感,現状,かなり消極的,,,5
2021-02-01,消費者購買意欲DI,,景況感,現状,やや消極的,,,317
2021-02-01,消費者購買意欲DI,,景況感,現状,変わらない,,,645
2021-02-01,消費者購買意欲DI,,景況感,現状,やや積極的,,,27
2021-02-01,消費者購買意欲DI,,景況感,現状,かなり積極的,,,5
2021-03-01,消費者購買意欲DI,,景況感,現状,かなり消極的,,,22
2021-03-01,消費者購買意欲DI,,景況感,現状,やや消極的,,,366
2021-03-01,消費者購買意欲DI,,景況感,現状,変わらない,,,570
2021-03-01,消費者購買意欲DI,,景況感,現状,やや積極的,,,43
2021-03-01,消費者購買意欲DI,,景況感,現状,かなり積極的,,,0
2021-04-01,消費者購買意欲DI,,景況感,現状,かなり消極的,,,33
2021-04-01,消費者購買意欲DI,,景況感,現状,やや消極的,,,417
2021-04-01,消費者購買意欲DI,,景況感,現状,変わらない,,,494
2021-04-01,消費者購買意欲DI,,景況感,現状,やや積極的,,,56
2021-04-01,消費者購買意欲DI,,景況感,現状,かなり積極的,,,0
2021-05-01,消費者購買意欲DI,,景況感,現状,かなり消極的,,,16
2021-05-01,消費者購買意欲DI,,景況感,現状,やや消極的,,,380
2021-05-01,消費者購買意欲DI,,景況感,現状,変わらない,,,519
2021-05-01,消費者購買意欲DI,,景況感,現状,やや積極的,,,86
2021-05-01,消費者購買意欲DI,,景況感,現状,かなり積極的,,,0
2021-06-01,消費者購買意欲DI,,景況感,現状,かなり消極的,,,28
2021-06-01,消費者購買意欲DI,,景況感,現状,やや消極的,,,313
2021-06-01,消費者購買意欲DI,,景況感,現状,変わらない,,,603
2021-06-01,消費者購買意欲DI,,景況感,現状,やや積極的,,,56
2021-06-01,消費者購買意欲DI,,景況感,現状,かなり積極的,,,0
2021-07-01,消費者購買意欲DI,,景況感,現状,かなり消極的,,,11
2021-07-01,消費者購買意欲DI,,景況感,現状,やや消極的,,,304
2021-07-01,消費者購買意欲DI,,景況感,現状,変わらない,,,614
2021-07-01,消費者購買意欲DI,,景況感,現状,やや積極的,,,71
2021-07-01,消費者購買意欲DI,,景況感,現状,かなり積極的,,,0
2021-08-01,消費者購買意欲DI,,景況感,現状,かなり消極的,,,11
2021-08-01,消費者購買意欲DI,,景況感,現状,やや消極的,,,283
2021-08-01,消費者購買意欲DI,,景況感,現状,変わらない,,,610
2021-08-01,消費者購買意欲DI,,景況感,現状,やや積極的,,,91
2021-08-01,消費者購買意欲DI,,景況感,現状,かなり積極的,,,5
2021-09-01,消費者購買意欲DI,,景況感,現状,かなり消極的,,,22
2021-09-01,消費者購買意欲DI,,景況感,現状,やや消極的,,,250
2021-09-01,消費者購買意欲DI,,景況感,現状,変わらない,,,647
2021-09-01,消費者購買意欲DI,,景況感,現状,やや積極的,,,76
2021-09-01,消費者購買意欲DI,,景況感,現状,かなり積極的,,,5
2021-10-01,消費者購買意欲DI,,景況感,現状,かなり消極的,,,28
2021-10-01,消費者購買意欲DI,,景況感,現状,やや消極的,,,331
2021-10-01,消費者購買意欲DI,,景況感,現状,変わらない,,,573
2021-10-01,消費者購買意欲DI,,景況感,現状,やや積極的,,,67
2021-10-01,消費者購買意欲DI,,景況感,現状,かなり積極的,,,0
2021-11-01,消費者購買意欲DI,,景況感,現状,かなり消極的,,,38
2021-11-01,消費者購買意欲DI,,景況感,現状,やや消極的,,,357
2021-11-01,消費者購買意欲DI,,景況感,現状,変わらない,,,555
2021-11-01,消費者購買意欲DI,,景況感,現状,やや積極的,,,44
2021-11-01,消費者購買意欲DI,,景況感,現状,かなり積極的,,,5
2021-12-01,消費者購買意欲DI,,景況感,現状,かなり消極的,,,38
2021-12-01,消費者購買意欲DI,,景況感,現状,やや消極的,,,357
2021-12-01,消費者購買意欲DI,,景況感,現状,変わらない,,,508
2021-12-01,消費者購買意欲DI,,景況感,現状,やや積極的,,,92
2021-12-01,消費者購買意欲DI,,景況感,現状,かなり積極的,,,5
2022-01-01,消費者購買意欲DI,,景況感,現状,かなり消極的,,,27
2022-01-01,消費者購買意欲DI,,景況感,現状,やや消極的,,,315
2022-01-01,消費者購買意欲DI,,景況感,現状,変わらない,,,560
2022-01-01,消費者購買意欲DI,,景況感,現状,やや積極的,,,98
2022-01-01,消費者購買意欲DI,,景況感,現状,かなり積極的,,,0
2022-02-01,消費者購買意欲DI,,景況感,現状,かなり消極的,,,18
2022-02-01,消費者購買意欲DI,,景況感,現状,やや消極的,,,234
2022-02-01,消費者購買意欲DI,,景況感,現状,変わらない,,,655
2022-02-01,消費者購買意欲DI,,景況感,現状,やや積極的,,,88
2022-02-01,消費者購買意欲DI,,景況感,現状,かなり積極的,,,6
2022-03-01,消費者購買意欲DI,,景況感,現状,かなり消極的,,,28
2022-03-01,消費者購買意欲DI,,景況感,現状,やや消極的,,,243
2022-03-01,消費者購買意欲DI,,景況感,現状,変わらない,,,644
2022-03-01,消費者購買意欲DI,,景況感,現状,やや積極的,,,79
2022-03-01,消費者購買意欲DI,,景況感,現状,かなり積極的,,,6
2022-04-01,消費者購買意欲DI,,景況感,現状,かなり消極的,,,27
2022-04-01,消費者購買意欲DI,,景況感,現状,やや消極的,,,351
2022-04-01,消費者購買意欲DI,,景況感,現状,変わらない,,,530
2022-04-01,消費者購買意欲DI,,景況感,現状,やや積極的,,,92
2022-04-01,消費者購買意欲DI,,景況感,現状,かなり積極的,,,0
2022-05-01,消費者購買意欲DI,,景況感,現状,かなり消極的,,,28
2022-05-01,消費者購買意欲DI,,景況感,現状,やや消極的,,,463
2022-05-01,消費者購買意欲DI,,景況感,現状,変わらない,,,458
2022-05-01,消費者購買意欲DI,,景況感,現状,やや積極的,,,51
2022-05-01,消費者購買意欲DI,,景況感,現状,かなり積極的,,,0
2022-06-01,消費者購買意欲DI,,景況感,現状,かなり消極的,,,27
2022-06-01,消費者購買意欲DI,,景況感,現状,やや消極的,,,514
2022-06-01,消費者購買意欲DI,,景況感,現状,変わらない,,,415
2022-06-01,消費者購買意欲DI,,景況感,現状,やや積極的,,,44
2022-06-01,消費者購買意欲DI,,景況感,現状,かなり積極的,,,0
2022-07-01,消費者購買意欲DI,,景況感,現状,かなり消極的,,,17
2022-07-01,消費者購買意欲DI,,景況感,現状,やや消極的,,,324
2022-07-01,消費者購買意欲DI,,景況感,現状,変わらない,,,553
2022-07-01,消費者購買意欲DI,,景況感,現状,やや積極的,,,101
2022-07-01,消費者購買意欲DI,,景況感,現状,かなり積極的,,,6
2022-08-01,消費者購買意欲DI,,景況感,現状,かなり消極的,,,40
2022-08-01,消費者購買意欲DI,,景況感,現状,やや消極的,,,379
2022-08-01,消費者購買意欲DI,,景況感,現状,変わらない,,,508
2022-08-01,消費者購買意欲DI,,景況感,現状,やや積極的,,,68
2022-08-01,消費者購買意欲DI,,景況感,現状,かなり積極的,,,6
2022-09-01,消費者購買意欲DI,,景況感,現状,かなり消極的,,,55
2022-09-01,消費者購買意欲DI,,景況感,現状,やや消極的,,,374
2022-09-01,消費者購買意欲DI,,景況感,現状,変わらない,,,538
2022-09-01,消費者購買意欲DI,,景況感,現状,やや積極的,,,22
2022-09-01,消費者購買意欲DI,,景況感,現状,かなり積極的,,,11
2022-10-01,消費者購買意欲DI,,景況感,現状,かなり消極的,,,17
2022-10-01,消費者購買意欲DI,,景況感,現状,やや消極的,,,300
2022-10-01,消費者購買意欲DI,,景況感,現状,変わらない,,,589
2022-10-01,消費者購買意欲DI,,景況感,現状,やや積極的,,,89
2022-10-01,消費者購買意欲DI,,景況感,現状,かなり積極的,,,6
2022-11-01,消費者購買意欲DI,,景況感,現状,かなり消極的,,,22
2022-11-01,消費者購買意欲DI,,景況感,現状,やや消極的,,,309
2022-11-01,消費者購買意欲DI,,景況感,現状,変わらない,,,567
2022-11-01,消費者購買意欲DI,,景況感,現状,やや積極的,,,101
2022-11-01,消費者購買意欲DI,,景況感,現状,かなり積極的,,,0
2022-12-01,消費者購買意欲DI,,景況感,現状,かなり消極的,,,11
2022-12-01,消費者購買意欲DI,,景況感,現状,やや消極的,,,280
2022-12-01,消費者購買意欲DI,,景況感,現状,変わらない,,,478
2022-12-01,消費者購買意欲DI,,景況感,現状,やや積極的,,,225
2022-12-01,消費者購買意欲DI,,景況感,現状,かなり積極的,,,5
2023-01-01,消費者購買意欲DI,,景況感,現状,かなり消極的,,,32
2023-01-01,消費者購買意欲DI,,景況感,現状,やや消極的,,,360
2023-01-01,消費者購買意欲DI,,景況感,現状,変わらない,,,497
2023-01-01,消費者購買意欲DI,,景況感,現状,やや積極的,,,111
2023-01-01,消費者購買意欲DI,,景況感,現状,かなり積極的,,,0
2023-02-01,消費者購買意欲DI,,景況感,現状,かなり消極的,,,33
2023-02-01,消費者購買意欲DI,,景況感,現状,やや消極的,,,457
2023-02-01,消費者購買意欲DI,,景況感,現状,変わらない,,,446
2023-02-01,消費者購買意欲DI,,景況感,現状,やや積極的,,,60
2023-02-01,消費者購買意欲DI,,景況感,現状,かなり積極的,,,5
2023-03-01,消費者購買意欲DI,,景況感,現状,かなり消極的,,,11
2023-03-01,消費者購買意欲DI,,景況感,現状,やや消極的,,,384
2023-03-01,消費者購買意欲DI,,景況感,現状,変わらない,,,524
2023-03-01,消費者購買意欲DI,,景況感,現状,やや積極的,,,81
2023-03-01,消費者購買意欲DI,,景況感,現状,かなり積極的,,,0
2023-04-01,消費者購買意欲DI,,景況感,現状,かなり消極的,,,17
2023-04-01,消費者購買意欲DI,,景況感,現状,やや消極的,,,258
2023-04-01,消費者購買意欲DI,,景況感,現状,変わらない,,,607
2023-04-01,消費者購買意欲DI,,景況感,現状,やや積極的,,,118
2023-04-01,消費者購買意欲DI,,景況感,現状,かなり積極的,,,0
2023-05-01,消費者購買意欲DI,,景況感,現状,かなり消極的,,,17
2023-05-01,消費者購買意欲DI,,景況感,現状,やや消極的,,,232
2023-05-01,消費者購買意欲DI,,景況感,現状,変わらない,,,644
2023-05-01,消費者購買意欲DI,,景況感,現状,やや積極的,,,102
2023-05-01,消費者購買意欲DI,,景況感,現状,かなり積極的,,,6
2023-06-01,消費者購買意欲DI,,景況感,現状,かなり消極的,,,17
2023-06-01,消費者購買意欲DI,,景況感,現状,やや消極的,,,264
2023-06-01,消費者購買意欲DI,,景況感,現状,変わらない,,,579
2023-06-01,消費者購買意欲DI,,景況感,現状,やや積極的,,,140
2023-06-01,消費者購買意欲DI,,景況感,現状,かなり積極的,,,0
2023-07-01,消費者購買意欲DI,,景況感,現状,かなり消極的,,,17
2023-07-01,消費者購買意欲DI,,景況感,現状,やや消極的,,,182
2023-07-01,消費者購買意欲DI,,景況感,現状,変わらない,,,652
2023-07-01,消費者購買意欲DI,,景況感,現状,やや積極的,,,149
2023-07-01,消費者購買意欲DI,,景況感,現状,かなり積極的,,,0
2023-08-01,消費者購買意欲DI,,景況感,現状,かなり消極的,,,11
2023-08-01,消費者購買意欲DI,,景況感,現状,やや消極的,,,170
2023-08-01,消費者購買意欲DI,,景況感,現状,変わらない,,,638
2023-08-01,消費者購買意欲DI,,景況感,現状,やや積極的,,,176
2023-08-01,消費者購買意欲DI,,景況感,現状,かなり積極的,,,5
2023-09-01,消費者購買意欲DI,,景況感,現状,かなり消極的,,,11
2023-09-01,消費者購買意欲DI,,景況感,現状,やや消極的,,,186
2023-09-01,消費者購買意欲DI,,景況感,現状,変わらない,,,650
2023-09-01,消費者購買意欲DI,,景況感,現状,やや積極的,,,153
2023-09-01,消費者購買意欲DI,,景況感,現状,かなり積極的,,,0
2023-10-01,消費者購買意欲DI,,景況感,現状,かなり消極的,,,0
2023-10-01,消費者購買意欲DI,,景況感,現状,やや消極的,,,181
2023-10-01,消費者購買意欲DI,,景況感,現状,変わらない,,,696
2023-10-01,消費者購買意欲DI,,景況感,現状,やや積極的,,,123
2023-10-01,消費者購買意欲DI,,景況感,現状,かなり積極的,,,0
2023-11-01,消費者購買意欲DI,,景況感,現状,かなり消極的,,,11
2023-11-01,消費者購買意欲DI,,景況感,現状,やや消極的,,,182
2023-11-01,消費者購買意欲DI,,景況感,現状,変わらない,,,657
2023-11-01,消費者購買意欲DI,,景況感,現状,やや積極的,,,149
2023-11-01,消費者購買意欲DI,,景況感,現状,かなり積極的,,,0
2023-12-01,消費者購買意欲DI,,景況感,現状,かなり消極的,,,6
2023-12-01,消費者購買意欲DI,,景況感,現状,やや消極的,,,162
2023-12-01,消費者購買意欲DI,,景況感,現状,変わらない,,,659
2023-12-01,消費者購買意欲DI,,景況感,現状,やや積極的,,,168
2023-12-01,消費者購買意欲DI,,景況感,現状,かなり積極的,,,6
2024-01-01,消費者購買意欲DI,,景況感,現状,かなり消極的,,,11
2024-01-01,消費者購買意欲DI,,景況感,現状,やや消極的,,,163
2024-01-01,消費者購買意欲DI,,景況感,現状,変わらない,,,680
2024-01-01,消費者購買意欲DI,,景況感,現状,やや積極的,,,140
2024-01-01,消費者購買意欲DI,,景況感,現状,かなり積極的,,,6
2024-02-01,消費者購買意欲DI,,景況感,現状,かなり消極的,,,6
2024-02-01,消費者購買意欲DI,,景況感,現状,やや消極的,,,163
2024-02-01,消費者購買意欲DI,,景況感,現状,変わらない,,,685
2024-02-01,消費者購買意欲DI,,景況感,現状,やや積極的,,,146
2024-02-01,消費者購買意欲DI,,景況感,現状,かなり積極的,,,0
2024-03-01,消費者購買意欲DI,,景況感,現状,かなり消極的,,,11
2024-03-01,消費者購買意欲DI,,景況感,現状,やや消極的,,,136
2024-03-01,消費者購買意欲DI,,景況感,現状,変わらない,,,670
2024-03-01,消費者購買意欲DI,,景況感,現状,やや積極的,,,170
2024-03-01,消費者購買意欲DI,,景況感,現状,かなり積極的,,,11
2024-04-01,消費者購買意欲DI,,景況感,現状,かなり消極的,,,12
2024-04-01,消費者購買意欲DI,,景況感,現状,やや消極的,,,299
2024-04-01,消費者購買意欲DI,,景況感,現状,変わらない,,,604
2024-04-01,消費者購買意欲DI,,景況感,現状,やや積極的,,,79
2024-04-01,消費者購買意欲DI,,景況感,現状,かなり積極的,,,6
2024-05-01,消費者購買意欲DI,,景況感,現状,かなり消極的,,,12
2024-05-01,消費者購買意欲DI,,景況感,現状,やや消極的,,,289
2024-05-01,消費者購買意欲DI,,景況感,現状,変わらない,,,653
2024-05-01,消費者購買意欲DI,,景況感,現状,やや積極的,,,35
2024-05-01,消費者購買意欲DI,,景況感,現状,かなり積極的,,,12
2024-06-01,消費者購買意欲DI,,景況感,現状,かなり消極的,,,0
2024-06-01,消費者購買意欲DI,,景況感,現状,やや消極的,,,216
2024-06-01,消費者購買意欲DI,,景況感,現状,変わらない,,,688
2024-06-01,消費者購買意欲DI,,景況感,現状,やや積極的,,,91
2024-06-01,消費者購買意欲DI,,景況感,現状,かなり積極的,,,6
2024-07-01,消費者購買意欲DI,,景況感,現状,かなり消極的,,,23
2024-07-01,消費者購買意欲DI,,景況感,現状,やや消極的,,,266
2024-07-01,消費者購買意欲DI,,景況感,現状,変わらない,,,644
2024-07-01,消費者購買意欲DI,,景況感,現状,やや積極的,,,62
2024-07-01,消費者購買意欲DI,,景況感,現状,かなり積極的,,,6
2024-08-01,消費者購買意欲DI,,景況感,現状,かなり消極的,,,6
2024-08-01,消費者購買意欲DI,,景況感,現状,やや消極的,,,174
2024-08-01,消費者購買意欲DI,,景況感,現状,変わらない,,,651
2024-08-01,消費者購買意欲DI,,景況感,現状,やや積極的,,,163
2024-08-01,消費者購買意欲DI,,景況感,現状,かなり積極的,,,6
2024-09-01,消費者購買意欲DI,,景況感,現状,かなり消極的,,,0
2024-09-01,消費者購買意欲DI,,景況感,現状,やや消極的,,,204
2024-09-01,消費者購買意欲DI,,景況感,現状,変わらない,,,673
2024-09-01,消費者購買意欲DI,,景況感,現状,やや積極的,,,117
2024-09-01,消費者購買意欲DI,,景況感,現状,かなり積極的,,,6
2011-04-01,消費者購買意欲DI,,景況感,見通,かなり消極的,,,19
2011-04-01,消費者購買意欲DI,,景況感,見通,やや消極的,,,484
2011-04-01,消費者購買意欲DI,,景況感,見通,変わらない,,,442
2011-04-01,消費者購買意欲DI,,景況感,見通,やや積極的,,,55
2011-04-01,消費者購買意欲DI,,景況感,見通,かなり積極的,,,0
2011-05-01,消費者購買意欲DI,,景況感,見通,かなり消極的,,,35
2011-05-01,消費者購買意欲DI,,景況感,見通,やや消極的,,,487
2011-05-01,消費者購買意欲DI,,景況感,見通,変わらない,,,421
2011-05-01,消費者購買意欲DI,,景況感,見通,やや積極的,,,57
2011-05-01,消費者購買意欲DI,,景況感,見通,かなり積極的,,,0
2011-06-01,消費者購買意欲DI,,景況感,見通,かなり消極的,,,20
2011-06-01,消費者購買意欲DI,,景況感,見通,やや消極的,,,376
2011-06-01,消費者購買意欲DI,,景況感,見通,変わらない,,,497
2011-06-01,消費者購買意欲DI,,景況感,見通,やや積極的,,,107
2011-06-01,消費者購買意欲DI,,景況感,見通,かなり積極的,,,0
2011-07-01,消費者購買意欲DI,,景況感,見通,かなり消極的,,,23
2011-07-01,消費者購買意欲DI,,景況感,見通,やや消極的,,,346
2011-07-01,消費者購買意欲DI,,景況感,見通,変わらない,,,549
2011-07-01,消費者購買意欲DI,,景況感,見通,やや積極的,,,82
2011-07-01,消費者購買意欲DI,,景況感,見通,かなり積極的,,,0
2011-08-01,消費者購買意欲DI,,景況感,見通,かなり消極的,,,16
2011-08-01,消費者購買意欲DI,,景況感,見通,やや消極的,,,427
2011-08-01,消費者購買意欲DI,,景況感,見通,変わらない,,,497
2011-08-01,消費者購買意欲DI,,景況感,見通,やや積極的,,,61
2011-08-01,消費者購買意欲DI,,景況感,見通,かなり積極的,,,0
2011-09-01,消費者購買意欲DI,,景況感,見通,かなり消極的,,,17
2011-09-01,消費者購買意欲DI,,景況感,見通,やや消極的,,,376
2011-09-01,消費者購買意欲DI,,景況感,見通,変わらない,,,517
2011-09-01,消費者購買意欲DI,,景況感,見通,やや積極的,,,90
2011-09-01,消費者購買意欲DI,,景況感,見通,かなり積極的,,,0
2011-10-01,消費者購買意欲DI,,景況感,見通,かなり消極的,,,44
2011-10-01,消費者購買意欲DI,,景況感,見通,やや消極的,,,361
2011-10-01,消費者購買意欲DI,,景況感,見通,変わらない,,,551
2011-10-01,消費者購買意欲DI,,景況感,見通,やや積極的,,,44
2011-10-01,消費者購買意欲DI,,景況感,見通,かなり積極的,,,0
2011-11-01,消費者購買意欲DI,,景況感,見通,かなり消極的,,,51
2011-11-01,消費者購買意欲DI,,景況感,見通,やや消極的,,,414
2011-11-01,消費者購買意欲DI,,景況感,見通,変わらない,,,481
2011-11-01,消費者購買意欲DI,,景況感,見通,やや積極的,,,54
2011-11-01,消費者購買意欲DI,,景況感,見通,かなり積極的,,,0
2011-12-01,消費者購買意欲DI,,景況感,見通,かなり消極的,,,25
2011-12-01,消費者購買意欲DI,,景況感,見通,やや消極的,,,325
2011-12-01,消費者購買意欲DI,,景況感,見通,変わらない,,,601
2011-12-01,消費者購買意欲DI,,景況感,見通,やや積極的,,,49
2011-12-01,消費者購買意欲DI,,景況感,見通,かなり積極的,,,0
2012-01-01,消費者購買意欲DI,,景況感,見通,かなり消極的,,,22
2012-01-01,消費者購買意欲DI,,景況感,見通,やや消極的,,,315
2012-01-01,消費者購買意欲DI,,景況感,見通,変わらない,,,611
2012-01-01,消費者購買意欲DI,,景況感,見通,やや積極的,,,53
2012-01-01,消費者購買意欲DI,,景況感,見通,かなり積極的,,,0
2012-02-01,消費者購買意欲DI,,景況感,見通,かなり消極的,,,17
2012-02-01,消費者購買意欲DI,,景況感,見通,やや消極的,,,253
2012-02-01,消費者購買意欲DI,,景況感,見通,変わらない,,,660
2012-02-01,消費者購買意欲DI,,景況感,見通,やや積極的,,,63
2012-02-01,消費者購買意欲DI,,景況感,見通,かなり積極的,,,7
2012-03-01,消費者購買意欲DI,,景況感,見通,かなり消極的,,,20
2012-03-01,消費者購買意欲DI,,景況感,見通,やや消極的,,,308
2012-03-01,消費者購買意欲DI,,景況感,見通,変わらない,,,603
2012-03-01,消費者購買意欲DI,,景況感,見通,やや積極的,,,68
2012-03-01,消費者購買意欲DI,,景況感,見通,かなり積極的,,,0
2012-04-01,消費者購買意欲DI,,景況感,見通,かなり消極的,,,23
2012-04-01,消費者購買意欲DI,,景況感,見通,やや消極的,,,266
2012-04-01,消費者購買意欲DI,,景況感,見通,変わらない,,,666
2012-04-01,消費者購買意欲DI,,景況感,見通,やや積極的,,,46
2012-04-01,消費者購買意欲DI,,景況感,見通,かなり積極的,,,0
2012-05-01,消費者購買意欲DI,,景況感,見通,かなり消極的,,,17
2012-05-01,消費者購買意欲DI,,景況感,見通,やや消極的,,,270
2012-05-01,消費者購買意欲DI,,景況感,見通,変わらない,,,667
2012-05-01,消費者購買意欲DI,,景況感,見通,やや積極的,,,47
2012-05-01,消費者購買意欲DI,,景況感,見通,かなり積極的,,,0
2012-06-01,消費者購買意欲DI,,景況感,見通,かなり消極的,,,23
2012-06-01,消費者購買意欲DI,,景況感,見通,やや消極的,,,338
2012-06-01,消費者購買意欲DI,,景況感,見通,変わらない,,,589
2012-06-01,消費者購買意欲DI,,景況感,見通,やや積極的,,,50
2012-06-01,消費者購買意欲DI,,景況感,見通,かなり積極的,,,0
2012-07-01,消費者購買意欲DI,,景況感,見通,かなり消極的,,,47
2012-07-01,消費者購買意欲DI,,景況感,見通,やや消極的,,,367
2012-07-01,消費者購買意欲DI,,景況感,見通,変わらない,,,566
2012-07-01,消費者購買意欲DI,,景況感,見通,やや積極的,,,20
2012-07-01,消費者購買意欲DI,,景況感,見通,かなり積極的,,,0
2012-08-01,消費者購買意欲DI,,景況感,見通,かなり消極的,,,28
2012-08-01,消費者購買意欲DI,,景況感,見通,やや消極的,,,379
2012-08-01,消費者購買意欲DI,,景況感,見通,変わらない,,,552
2012-08-01,消費者購買意欲DI,,景況感,見通,やや積極的,,,41
2012-08-01,消費者購買意欲DI,,景況感,見通,かなり積極的,,,0
2012-09-01,消費者購買意欲DI,,景況感,見通,かなり消極的,,,18
2012-09-01,消費者購買意欲DI,,景況感,見通,やや消極的,,,403
2012-09-01,消費者購買意欲DI,,景況感,見通,変わらない,,,551
2012-09-01,消費者購買意欲DI,,景況感,見通,やや積極的,,,28
2012-09-01,消費者購買意欲DI,,景況感,見通,かなり積極的,,,0
2012-10-01,消費者購買意欲DI,,景況感,見通,かなり消極的,,,18
2012-10-01,消費者購買意欲DI,,景況感,見通,やや消極的,,,431
2012-10-01,消費者購買意欲DI,,景況感,見通,変わらない,,,514
2012-10-01,消費者購買意欲DI,,景況感,見通,やや積極的,,,36
2012-10-01,消費者購買意欲DI,,景況感,見通,かなり積極的,,,0
2012-11-01,消費者購買意欲DI,,景況感,見通,かなり消極的,,,33
2012-11-01,消費者購買意欲DI,,景況感,見通,やや消極的,,,410
2012-11-01,消費者購買意欲DI,,景況感,見通,変わらない,,,520
2012-11-01,消費者購買意欲DI,,景況感,見通,やや積極的,,,37
2012-11-01,消費者購買意欲DI,,景況感,見通,かなり積極的,,,0
2012-12-01,消費者購買意欲DI,,景況感,見通,かなり消極的,,,32
2012-12-01,消費者購買意欲DI,,景況感,見通,やや消極的,,,406
2012-12-01,消費者購買意欲DI,,景況感,見通,変わらない,,,529
2012-12-01,消費者購買意欲DI,,景況感,見通,やや積極的,,,32
2012-12-01,消費者購買意欲DI,,景況感,見通,かなり積極的,,,0
2013-01-01,消費者購買意欲DI,,景況感,見通,かなり消極的,,,29
2013-01-01,消費者購買意欲DI,,景況感,見通,やや消極的,,,362
2013-01-01,消費者購買意欲DI,,景況感,見通,変わらない,,,554
2013-01-01,消費者購買意欲DI,,景況感,見通,やや積極的,,,51
2013-01-01,消費者購買意欲DI,,景況感,見通,かなり積極的,,,4
2013-02-01,消費者購買意欲DI,,景況感,見通,かなり消極的,,,41
2013-02-01,消費者購買意欲DI,,景況感,見通,やや消極的,,,299
2013-02-01,消費者購買意欲DI,,景況感,見通,変わらない,,,604
2013-02-01,消費者購買意欲DI,,景況感,見通,やや積極的,,,56
2013-02-01,消費者購買意欲DI,,景況感,見通,かなり積極的,,,0
2013-03-01,消費者購買意欲DI,,景況感,見通,かなり消極的,,,19
2013-03-01,消費者購買意欲DI,,景況感,見通,やや消極的,,,294
2013-03-01,消費者購買意欲DI,,景況感,見通,変わらない,,,611
2013-03-01,消費者購買意欲DI,,景況感,見通,やや積極的,,,75
2013-03-01,消費者購買意欲DI,,景況感,見通,かなり積極的,,,0
2013-04-01,消費者購買意欲DI,,景況感,見通,かなり消極的,,,26
2013-04-01,消費者購買意欲DI,,景況感,見通,やや消極的,,,217
2013-04-01,消費者購買意欲DI,,景況感,見通,変わらない,,,655
2013-04-01,消費者購買意欲DI,,景況感,見通,やや積極的,,,101
2013-04-01,消費者購買意欲DI,,景況感,見通,かなり積極的,,,0
2013-05-01,消費者購買意欲DI,,景況感,見通,かなり消極的,,,23
2013-05-01,消費者購買意欲DI,,景況感,見通,やや消極的,,,240
2013-05-01,消費者購買意欲DI,,景況感,見通,変わらない,,,656
2013-05-01,消費者購買意欲DI,,景況感,見通,やや積極的,,,80
2013-05-01,消費者購買意欲DI,,景況感,見通,かなり積極的,,,0
2013-06-01,消費者購買意欲DI,,景況感,見通,かなり消極的,,,30
2013-06-01,消費者購買意欲DI,,景況感,見通,やや消極的,,,220
2013-06-01,消費者購買意欲DI,,景況感,見通,変わらない,,,644
2013-06-01,消費者購買意欲DI,,景況感,見通,やや積極的,,,106
2013-06-01,消費者購買意欲DI,,景況感,見通,かなり積極的,,,0
2013-07-01,消費者購買意欲DI,,景況感,見通,かなり消極的,,,15
2013-07-01,消費者購買意欲DI,,景況感,見通,やや消極的,,,204
2013-07-01,消費者購買意欲DI,,景況感,見通,変わらない,,,687
2013-07-01,消費者購買意欲DI,,景況感,見通,やや積極的,,,94
2013-07-01,消費者購買意欲DI,,景況感,見通,かなり積極的,,,0
2013-08-01,消費者購買意欲DI,,景況感,見通,かなり消極的,,,24
2013-08-01,消費者購買意欲DI,,景況感,見通,やや消極的,,,229
2013-08-01,消費者購買意欲DI,,景況感,見通,変わらない,,,665
2013-08-01,消費者購買意欲DI,,景況感,見通,やや積極的,,,82
2013-08-01,消費者購買意欲DI,,景況感,見通,かなり積極的,,,0
2013-09-01,消費者購買意欲DI,,景況感,見通,かなり消極的,,,28
2013-09-01,消費者購買意欲DI,,景況感,見通,やや消極的,,,215
2013-09-01,消費者購買意欲DI,,景況感,見通,変わらない,,,653
2013-09-01,消費者購買意欲DI,,景況感,見通,やや積極的,,,104
2013-09-01,消費者購買意欲DI,,景況感,見通,かなり積極的,,,0
2013-10-01,消費者購買意欲DI,,景況感,見通,かなり消極的,,,23
2013-10-01,消費者購買意欲DI,,景況感,見通,やや消極的,,,176
2013-10-01,消費者購買意欲DI,,景況感,見通,変わらない,,,682
2013-10-01,消費者購買意欲DI,,景況感,見通,やや積極的,,,119
2013-10-01,消費者購買意欲DI,,景況感,見通,かなり積極的,,,0
2013-11-01,消費者購買意欲DI,,景況感,見通,かなり消極的,,,15
2013-11-01,消費者購買意欲DI,,景況感,見通,やや消極的,,,148
2013-11-01,消費者購買意欲DI,,景況感,見通,変わらない,,,670
2013-11-01,消費者購買意欲DI,,景況感,見通,やや積極的,,,167
2013-11-01,消費者購買意欲DI,,景況感,見通,かなり積極的,,,0
2013-12-01,消費者購買意欲DI,,景況感,見通,かなり消極的,,,19
2013-12-01,消費者購買意欲DI,,景況感,見通,やや消極的,,,198
2013-12-01,消費者購買意欲DI,,景況感,見通,変わらない,,,580
2013-12-01,消費者購買意欲DI,,景況感,見通,やや積極的,,,202
2013-12-01,消費者購買意欲DI,,景況感,見通,かなり積極的,,,0
2014-01-01,消費者購買意欲DI,,景況感,見通,かなり消極的,,,21
2014-01-01,消費者購買意欲DI,,景況感,見通,やや消極的,,,245
2014-01-01,消費者購買意欲DI,,景況感,見通,変わらない,,,544
2014-01-01,消費者購買意欲DI,,景況感,見通,やや積極的,,,191
2014-01-01,消費者購買意欲DI,,景況感,見通,かなり積極的,,,0
2014-02-01,消費者購買意欲DI,,景況感,見通,かなり消極的,,,58
2014-02-01,消費者購買意欲DI,,景況感,見通,やや消極的,,,461
2014-02-01,消費者購買意欲DI,,景況感,見通,変わらない,,,399
2014-02-01,消費者購買意欲DI,,景況感,見通,やや積極的,,,82
2014-02-01,消費者購買意欲DI,,景況感,見通,かなり積極的,,,0
2014-03-01,消費者購買意欲DI,,景況感,見通,かなり消極的,,,95
2014-03-01,消費者購買意欲DI,,景況感,見通,やや消極的,,,584
2014-03-01,消費者購買意欲DI,,景況感,見通,変わらない,,,272
2014-03-01,消費者購買意欲DI,,景況感,見通,やや積極的,,,49
2014-03-01,消費者購買意欲DI,,景況感,見通,かなり積極的,,,0
2014-04-01,消費者購買意欲DI,,景況感,見通,かなり消極的,,,29
2014-04-01,消費者購買意欲DI,,景況感,見通,やや消極的,,,404
2014-04-01,消費者購買意欲DI,,景況感,見通,変わらない,,,478
2014-04-01,消費者購買意欲DI,,景況感,見通,やや積極的,,,90
2014-04-01,消費者購買意欲DI,,景況感,見通,かなり積極的,,,0
2014-05-01,消費者購買意欲DI,,景況感,見通,かなり消極的,,,26
2014-05-01,消費者購買意欲DI,,景況感,見通,やや消極的,,,252
2014-05-01,消費者購買意欲DI,,景況感,見通,変わらない,,,577
2014-05-01,消費者購買意欲DI,,景況感,見通,やや積極的,,,137
2014-05-01,消費者購買意欲DI,,景況感,見通,かなり積極的,,,9
2014-06-01,消費者購買意欲DI,,景況感,見通,かなり消極的,,,22
2014-06-01,消費者購買意欲DI,,景況感,見通,やや消極的,,,190
2014-06-01,消費者購買意欲DI,,景況感,見通,変わらない,,,664
2014-06-01,消費者購買意欲DI,,景況感,見通,やや積極的,,,116
2014-06-01,消費者購買意欲DI,,景況感,見通,かなり積極的,,,9
2014-07-01,消費者購買意欲DI,,景況感,見通,かなり消極的,,,21
2014-07-01,消費者購買意欲DI,,景況感,見通,やや消極的,,,218
2014-07-01,消費者購買意欲DI,,景況感,見通,変わらない,,,662
2014-07-01,消費者購買意欲DI,,景況感,見通,やや積極的,,,98
2014-07-01,消費者購買意欲DI,,景況感,見通,かなり積極的,,,0
2014-08-01,消費者購買意欲DI,,景況感,見通,かなり消極的,,,16
2014-08-01,消費者購買意欲DI,,景況感,見通,やや消極的,,,198
2014-08-01,消費者購買意欲DI,,景況感,見通,変わらない,,,712
2014-08-01,消費者購買意欲DI,,景況感,見通,やや積極的,,,70
2014-08-01,消費者購買意欲DI,,景況感,見通,かなり積極的,,,4
2014-09-01,消費者購買意欲DI,,景況感,見通,かなり消極的,,,27
2014-09-01,消費者購買意欲DI,,景況感,見通,やや消極的,,,250
2014-09-01,消費者購買意欲DI,,景況感,見通,変わらない,,,661
2014-09-01,消費者購買意欲DI,,景況感,見通,やや積極的,,,63
2014-09-01,消費者購買意欲DI,,景況感,見通,かなり積極的,,,0
2014-10-01,消費者購買意欲DI,,景況感,見通,かなり消極的,,,27
2014-10-01,消費者購買意欲DI,,景況感,見通,やや消極的,,,283
2014-10-01,消費者購買意欲DI,,景況感,見通,変わらない,,,628
2014-10-01,消費者購買意欲DI,,景況感,見通,やや積極的,,,58
2014-10-01,消費者購買意欲DI,,景況感,見通,かなり積極的,,,4
2014-11-01,消費者購買意欲DI,,景況感,見通,かなり消極的,,,28
2014-11-01,消費者購買意欲DI,,景況感,見通,やや消極的,,,324
2014-11-01,消費者購買意欲DI,,景況感,見通,変わらない,,,593
2014-11-01,消費者購買意欲DI,,景況感,見通,やや積極的,,,56
2014-11-01,消費者購買意欲DI,,景況感,見通,かなり積極的,,,0
2014-12-01,消費者購買意欲DI,,景況感,見通,かなり消極的,,,30
2014-12-01,消費者購買意欲DI,,景況感,見通,やや消極的,,,330
2014-12-01,消費者購買意欲DI,,景況感,見通,変わらない,,,589
2014-12-01,消費者購買意欲DI,,景況感,見通,やや積極的,,,51
2014-12-01,消費者購買意欲DI,,景況感,見通,かなり積極的,,,0
2015-01-01,消費者購買意欲DI,,景況感,見通,かなり消極的,,,22
2015-01-01,消費者購買意欲DI,,景況感,見通,やや消極的,,,214
2015-01-01,消費者購買意欲DI,,景況感,見通,変わらない,,,705
2015-01-01,消費者購買意欲DI,,景況感,見通,やや積極的,,,58
2015-01-01,消費者購買意欲DI,,景況感,見通,かなり積極的,,,0
2015-02-01,消費者購買意欲DI,,景況感,見通,かなり消極的,,,22
2015-02-01,消費者購買意欲DI,,景況感,見通,やや消極的,,,196
2015-02-01,消費者購買意欲DI,,景況感,見通,変わらない,,,724
2015-02-01,消費者購買意欲DI,,景況感,見通,やや積極的,,,58
2015-02-01,消費者購買意欲DI,,景況感,見通,かなり積極的,,,0
2015-03-01,消費者購買意欲DI,,景況感,見通,かなり消極的,,,18
2015-03-01,消費者購買意欲DI,,景況感,見通,やや消極的,,,190
2015-03-01,消費者購買意欲DI,,景況感,見通,変わらない,,,695
2015-03-01,消費者購買意欲DI,,景況感,見通,やや積極的,,,93
2015-03-01,消費者購買意欲DI,,景況感,見通,かなり積極的,,,4
2015-04-01,消費者購買意欲DI,,景況感,見通,かなり消極的,,,9
2015-04-01,消費者購買意欲DI,,景況感,見通,やや消極的,,,110
2015-04-01,消費者購買意欲DI,,景況感,見通,変わらない,,,692
2015-04-01,消費者購買意欲DI,,景況感,見通,やや積極的,,,185
2015-04-01,消費者購買意欲DI,,景況感,見通,かなり積極的,,,4
2015-05-01,消費者購買意欲DI,,景況感,見通,かなり消極的,,,13
2015-05-01,消費者購買意欲DI,,景況感,見通,やや消極的,,,76
2015-05-01,消費者購買意欲DI,,景況感,見通,変わらない,,,742
2015-05-01,消費者購買意欲DI,,景況感,見通,やや積極的,,,160
2015-05-01,消費者購買意欲DI,,景況感,見通,かなり積極的,,,9
2015-06-01,消費者購買意欲DI,,景況感,見通,かなり消極的,,,5
2015-06-01,消費者購買意欲DI,,景況感,見通,やや消極的,,,138
2015-06-01,消費者購買意欲DI,,景況感,見通,変わらない,,,719
2015-06-01,消費者購買意欲DI,,景況感,見通,やや積極的,,,134
2015-06-01,消費者購買意欲DI,,景況感,見通,かなり積極的,,,5
2015-07-01,消費者購買意欲DI,,景況感,見通,かなり消極的,,,4
2015-07-01,消費者購買意欲DI,,景況感,見通,やや消極的,,,96
2015-07-01,消費者購買意欲DI,,景況感,見通,変わらない,,,737
2015-07-01,消費者購買意欲DI,,景況感,見通,やや積極的,,,162
2015-07-01,消費者購買意欲DI,,景況感,見通,かなり積極的,,,0
2015-08-01,消費者購買意欲DI,,景況感,見通,かなり消極的,,,14
2015-08-01,消費者購買意欲DI,,景況感,見通,やや消極的,,,149
2015-08-01,消費者購買意欲DI,,景況感,見通,変わらない,,,734
2015-08-01,消費者購買意欲DI,,景況感,見通,やや積極的,,,104
2015-08-01,消費者購買意欲DI,,景況感,見通,かなり積極的,,,0
2015-09-01,消費者購買意欲DI,,景況感,見通,かなり消極的,,,14
2015-09-01,消費者購買意欲DI,,景況感,見通,やや消極的,,,174
2015-09-01,消費者購買意欲DI,,景況感,見通,変わらない,,,720
2015-09-01,消費者購買意欲DI,,景況感,見通,やや積極的,,,92
2015-09-01,消費者購買意欲DI,,景況感,見通,かなり積極的,,,0
2015-10-01,消費者購買意欲DI,,景況感,見通,かなり消極的,,,4
2015-10-01,消費者購買意欲DI,,景況感,見通,やや消極的,,,174
2015-10-01,消費者購買意欲DI,,景況感,見通,変わらない,,,710
2015-10-01,消費者購買意欲DI,,景況感,見通,やや積極的,,,112
2015-10-01,消費者購買意欲DI,,景況感,見通,かなり積極的,,,0
2015-11-01,消費者購買意欲DI,,景況感,見通,かなり消極的,,,0
2015-11-01,消費者購買意欲DI,,景況感,見通,やや消極的,,,251
2015-11-01,消費者購買意欲DI,,景況感,見通,変わらない,,,682
2015-11-01,消費者購買意欲DI,,景況感,見通,やや積極的,,,67
2015-11-01,消費者購買意欲DI,,景況感,見通,かなり積極的,,,0
2015-12-01,消費者購買意欲DI,,景況感,見通,かなり消極的,,,14
2015-12-01,消費者購買意欲DI,,景況感,見通,やや消極的,,,252
2015-12-01,消費者購買意欲DI,,景況感,見通,変わらない,,,689
2015-12-01,消費者購買意欲DI,,景況感,見通,やや積極的,,,45
2015-12-01,消費者購買意欲DI,,景況感,見通,かなり積極的,,,0
2016-01-01,消費者購買意欲DI,,景況感,見通,かなり消極的,,,0
2016-01-01,消費者購買意欲DI,,景況感,見通,やや消極的,,,197
2016-01-01,消費者購買意欲DI,,景況感,見通,変わらない,,,729
2016-01-01,消費者購買意欲DI,,景況感,見通,やや積極的,,,73
2016-01-01,消費者購買意欲DI,,景況感,見通,かなり積極的,,,0
2016-02-01,消費者購買意欲DI,,景況感,見通,かなり消極的,,,0
2016-02-01,消費者購買意欲DI,,景況感,見通,やや消極的,,,178
2016-02-01,消費者購買意欲DI,,景況感,見通,変わらない,,,751
2016-02-01,消費者購買意欲DI,,景況感,見通,やや積極的,,,70
2016-02-01,消費者購買意欲DI,,景況感,見通,かなり積極的,,,0
2016-03-01,消費者購買意欲DI,,景況感,見通,かなり消極的,,,10
2016-03-01,消費者購買意欲DI,,景況感,見通,やや消極的,,,232
2016-03-01,消費者購買意欲DI,,景況感,見通,変わらない,,,700
2016-03-01,消費者購買意欲DI,,景況感,見通,やや積極的,,,58
2016-03-01,消費者購買意欲DI,,景況感,見通,かなり積極的,,,0
2016-04-01,消費者購買意欲DI,,景況感,見通,かなり消極的,,,24
2016-04-01,消費者購買意欲DI,,景況感,見通,やや消極的,,,224
2016-04-01,消費者購買意欲DI,,景況感,見通,変わらない,,,695
2016-04-01,消費者購買意欲DI,,景況感,見通,やや積極的,,,57
2016-04-01,消費者購買意欲DI,,景況感,見通,かなり積極的,,,0
2016-05-01,消費者購買意欲DI,,景況感,見通,かなり消極的,,,5
2016-05-01,消費者購買意欲DI,,景況感,見通,やや消極的,,,275
2016-05-01,消費者購買意欲DI,,景況感,見通,変わらない,,,676
2016-05-01,消費者購買意欲DI,,景況感,見通,やや積極的,,,44
2016-05-01,消費者購買意欲DI,,景況感,見通,かなり積極的,,,0
2016-06-01,消費者購買意欲DI,,景況感,見通,かなり消極的,,,0
2016-06-01,消費者購買意欲DI,,景況感,見通,やや消極的,,,287
2016-06-01,消費者購買意欲DI,,景況感,見通,変わらない,,,673
2016-06-01,消費者購買意欲DI,,景況感,見通,やや積極的,,,40
2016-06-01,消費者購買意欲DI,,景況感,見通,かなり積極的,,,0
2016-07-01,消費者購買意欲DI,,景況感,見通,かなり消極的,,,5
2016-07-01,消費者購買意欲DI,,景況感,見通,やや消極的,,,271
2016-07-01,消費者購買意欲DI,,景況感,見通,変わらない,,,690
2016-07-01,消費者購買意欲DI,,景況感,見通,やや積極的,,,34
2016-07-01,消費者購買意欲DI,,景況感,見通,かなり積極的,,,0
2016-08-01,消費者購買意欲DI,,景況感,見通,かなり消極的,,,15
2016-08-01,消費者購買意欲DI,,景況感,見通,やや消極的,,,364
2016-08-01,消費者購買意欲DI,,景況感,見通,変わらない,,,602
2016-08-01,消費者購買意欲DI,,景況感,見通,やや積極的,,,19
2016-08-01,消費者購買意欲DI,,景況感,見通,かなり積極的,,,0
2016-09-01,消費者購買意欲DI,,景況感,見通,かなり消極的,,,5
2016-09-01,消費者購買意欲DI,,景況感,見通,やや消極的,,,351
2016-09-01,消費者購買意欲DI,,景況感,見通,変わらない,,,629
2016-09-01,消費者購買意欲DI,,景況感,見通,やや積極的,,,15
2016-09-01,消費者購買意欲DI,,景況感,見通,かなり積極的,,,0
2016-10-01,消費者購買意欲DI,,景況感,見通,かなり消極的,,,0
2016-10-01,消費者購買意欲DI,,景況感,見通,やや消極的,,,263
2016-10-01,消費者購買意欲DI,,景況感,見通,変わらない,,,698
2016-10-01,消費者購買意欲DI,,景況感,見通,やや積極的,,,39
2016-10-01,消費者購買意欲DI,,景況感,見通,かなり積極的,,,0
2016-11-01,消費者購買意欲DI,,景況感,見通,かなり消極的,,,0
2016-11-01,消費者購買意欲DI,,景況感,見通,やや消極的,,,245
2016-11-01,消費者購買意欲DI,,景況感,見通,変わらない,,,706
2016-11-01,消費者購買意欲DI,,景況感,見通,やや積極的,,,49
2016-11-01,消費者購買意欲DI,,景況感,見通,かなり積極的,,,0
2016-12-01,消費者購買意欲DI,,景況感,見通,かなり消極的,,,5
2016-12-01,消費者購買意欲DI,,景況感,見通,やや消極的,,,252
2016-12-01,消費者購買意欲DI,,景況感,見通,変わらない,,,693
2016-12-01,消費者購買意欲DI,,景況感,見通,やや積極的,,,50
2016-12-01,消費者購買意欲DI,,景況感,見通,かなり積極的,,,0
2017-01-01,消費者購買意欲DI,,景況感,見通,かなり消極的,,,0
2017-01-01,消費者購買意欲DI,,景況感,見通,やや消極的,,,271
2017-01-01,消費者購買意欲DI,,景況感,見通,変わらない,,,700
2017-01-01,消費者購買意欲DI,,景況感,見通,やや積極的,,,30
2017-01-01,消費者購買意欲DI,,景況感,見通,かなり積極的,,,0
2017-02-01,消費者購買意欲DI,,景況感,見通,かなり消極的,,,15
2017-02-01,消費者購買意欲DI,,景況感,見通,やや消極的,,,250
2017-02-01,消費者購買意欲DI,,景況感,見通,変わらない,,,690
2017-02-01,消費者購買意欲DI,,景況感,見通,やや積極的,,,45
2017-02-01,消費者購買意欲DI,,景況感,見通,かなり積極的,,,0
2017-03-01,消費者購買意欲DI,,景況感,見通,かなり消極的,,,10
2017-03-01,消費者購買意欲DI,,景況感,見通,やや消極的,,,246
2017-03-01,消費者購買意欲DI,,景況感,見通,変わらない,,,709
2017-03-01,消費者購買意欲DI,,景況感,見通,やや積極的,,,34
2017-03-01,消費者購買意欲DI,,景況感,見通,かなり積極的,,,0
2017-04-01,消費者購買意欲DI,,景況感,見通,かなり消極的,,,14
2017-04-01,消費者購買意欲DI,,景況感,見通,やや消極的,,,242
2017-04-01,消費者購買意欲DI,,景況感,見通,変わらない,,,716
2017-04-01,消費者購買意欲DI,,景況感,見通,やや積極的,,,28
2017-04-01,消費者購買意欲DI,,景況感,見通,かなり積極的,,,0
2017-05-01,消費者購買意欲DI,,景況感,見通,かなり消極的,,,14
2017-05-01,消費者購買意欲DI,,景況感,見通,やや消極的,,,308
2017-05-01,消費者購買意欲DI,,景況感,見通,変わらない,,,645
2017-05-01,消費者購買意欲DI,,景況感,見通,やや積極的,,,33
2017-05-01,消費者購買意欲DI,,景況感,見通,かなり積極的,,,0
2017-06-01,消費者購買意欲DI,,景況感,見通,かなり消極的,,,11
2017-06-01,消費者購買意欲DI,,景況感,見通,やや消極的,,,288
2017-06-01,消費者購買意欲DI,,景況感,見通,変わらない,,,661
2017-06-01,消費者購買意欲DI,,景況感,見通,やや積極的,,,40
2017-06-01,消費者購買意欲DI,,景況感,見通,かなり積極的,,,0
2017-07-01,消費者購買意欲DI,,景況感,見通,かなり消極的,,,15
2017-07-01,消費者購買意欲DI,,景況感,見通,やや消極的,,,262
2017-07-01,消費者購買意欲DI,,景況感,見通,変わらない,,,677
2017-07-01,消費者購買意欲DI,,景況感,見通,やや積極的,,,46
2017-07-01,消費者購買意欲DI,,景況感,見通,かなり積極的,,,0
2017-08-01,消費者購買意欲DI,,景況感,見通,かなり消極的,,,10
2017-08-01,消費者購買意欲DI,,景況感,見通,やや消極的,,,301
2017-08-01,消費者購買意欲DI,,景況感,見通,変わらない,,,675
2017-08-01,消費者購買意欲DI,,景況感,見通,やや積極的,,,15
2017-08-01,消費者購買意欲DI,,景況感,見通,かなり積極的,,,0
2017-09-01,消費者購買意欲DI,,景況感,見通,かなり消極的,,,0
2017-09-01,消費者購買意欲DI,,景況感,見通,やや消極的,,,260
2017-09-01,消費者購買意欲DI,,景況感,見通,変わらない,,,714
2017-09-01,消費者購買意欲DI,,景況感,見通,やや積極的,,,26
2017-09-01,消費者購買意欲DI,,景況感,見通,かなり積極的,,,0
2017-10-01,消費者購買意欲DI,,景況感,見通,かなり消極的,,,0
2017-10-01,消費者購買意欲DI,,景況感,見通,やや消極的,,,309
2017-10-01,消費者購買意欲DI,,景況感,見通,変わらない,,,634
2017-10-01,消費者購買意欲DI,,景況感,見通,やや積極的,,,57
2017-10-01,消費者購買意欲DI,,景況感,見通,かなり積極的,,,0
2017-11-01,消費者購買意欲DI,,景況感,見通,かなり消極的,,,5
2017-11-01,消費者購買意欲DI,,景況感,見通,やや消極的,,,286
2017-11-01,消費者購買意欲DI,,景況感,見通,変わらない,,,670
2017-11-01,消費者購買意欲DI,,景況感,見通,やや積極的,,,39
2017-11-01,消費者購買意欲DI,,景況感,見通,かなり積極的,,,0
2017-12-01,消費者購買意欲DI,,景況感,見通,かなり消極的,,,5
2017-12-01,消費者購買意欲DI,,景況感,見通,やや消極的,,,197
2017-12-01,消費者購買意欲DI,,景況感,見通,変わらない,,,727
2017-12-01,消費者購買意欲DI,,景況感,見通,やや積極的,,,71
2017-12-01,消費者購買意欲DI,,景況感,見通,かなり積極的,,,0
2018-01-01,消費者購買意欲DI,,景況感,見通,かなり消極的,,,0
2018-01-01,消費者購買意欲DI,,景況感,見通,やや消極的,,,208
2018-01-01,消費者購買意欲DI,,景況感,見通,変わらない,,,736
2018-01-01,消費者購買意欲DI,,景況感,見通,やや積極的,,,51
2018-01-01,消費者購買意欲DI,,景況感,見通,かなり積極的,,,5
2018-02-01,消費者購買意欲DI,,景況感,見通,かなり消極的,,,0
2018-02-01,消費者購買意欲DI,,景況感,見通,やや消極的,,,198
2018-02-01,消費者購買意欲DI,,景況感,見通,変わらない,,,757
2018-02-01,消費者購買意欲DI,,景況感,見通,やや積極的,,,45
2018-02-01,消費者購買意欲DI,,景況感,見通,かなり積極的,,,0
2018-03-01,消費者購買意欲DI,,景況感,見通,かなり消極的,,,5
2018-03-01,消費者購買意欲DI,,景況感,見通,やや消極的,,,232
2018-03-01,消費者購買意欲DI,,景況感,見通,変わらない,,,744
2018-03-01,消費者購買意欲DI,,景況感,見通,やや積極的,,,20
2018-03-01,消費者購買意欲DI,,景況感,見通,かなり積極的,,,0
2018-04-01,消費者購買意欲DI,,景況感,見通,かなり消極的,,,5
2018-04-01,消費者購買意欲DI,,景況感,見通,やや消極的,,,289
2018-04-01,消費者購買意欲DI,,景況感,見通,変わらない,,,662
2018-04-01,消費者購買意欲DI,,景況感,見通,やや積極的,,,40
2018-04-01,消費者購買意欲DI,,景況感,見通,かなり積極的,,,5
2018-05-01,消費者購買意欲DI,,景況感,見通,かなり消極的,,,10
2018-05-01,消費者購買意欲DI,,景況感,見通,やや消極的,,,315
2018-05-01,消費者購買意欲DI,,景況感,見通,変わらない,,,645
2018-05-01,消費者購買意欲DI,,景況感,見通,やや積極的,,,30
2018-05-01,消費者購買意欲DI,,景況感,見通,かなり積極的,,,0
2018-06-01,消費者購買意欲DI,,景況感,見通,かなり消極的,,,0
2018-06-01,消費者購買意欲DI,,景況感,見通,やや消極的,,,272
2018-06-01,消費者購買意欲DI,,景況感,見通,変わらない,,,668
2018-06-01,消費者購買意欲DI,,景況感,見通,やや積極的,,,59
2018-06-01,消費者購買意欲DI,,景況感,見通,かなり積極的,,,0
2018-07-01,消費者購買意欲DI,,景況感,見通,かなり消極的,,,0
2018-07-01,消費者購買意欲DI,,景況感,見通,やや消極的,,,201
2018-07-01,消費者購買意欲DI,,景況感,見通,変わらない,,,727
2018-07-01,消費者購買意欲DI,,景況感,見通,やや積極的,,,67
2018-07-01,消費者購買意欲DI,,景況感,見通,かなり積極的,,,5
2018-08-01,消費者購買意欲DI,,景況感,見通,かなり消極的,,,5
2018-08-01,消費者購買意欲DI,,景況感,見通,やや消極的,,,178
2018-08-01,消費者購買意欲DI,,景況感,見通,変わらない,,,773
2018-08-01,消費者購買意欲DI,,景況感,見通,やや積極的,,,43
2018-08-01,消費者購買意欲DI,,景況感,見通,かなり積極的,,,0
2018-09-01,消費者購買意欲DI,,景況感,見通,かなり消極的,,,5
2018-09-01,消費者購買意欲DI,,景況感,見通,やや消極的,,,153
2018-09-01,消費者購買意欲DI,,景況感,見通,変わらない,,,768
2018-09-01,消費者購買意欲DI,,景況感,見通,やや積極的,,,74
2018-09-01,消費者購買意欲DI,,景況感,見通,かなり積極的,,,0
2018-10-01,消費者購買意欲DI,,景況感,見通,かなり消極的,,,11
2018-10-01,消費者購買意欲DI,,景況感,見通,やや消極的,,,189
2018-10-01,消費者購買意欲DI,,景況感,見通,変わらない,,,751
2018-10-01,消費者購買意欲DI,,景況感,見通,やや積極的,,,49
2018-10-01,消費者購買意欲DI,,景況感,見通,かなり積極的,,,0
2018-11-01,消費者購買意欲DI,,景況感,見通,かなり消極的,,,16
2018-11-01,消費者購買意欲DI,,景況感,見通,やや消極的,,,335
2018-11-01,消費者購買意欲DI,,景況感,見通,変わらない,,,576
2018-11-01,消費者購買意欲DI,,景況感,見通,やや積極的,,,68
2018-11-01,消費者購買意欲DI,,景況感,見通,かなり積極的,,,5
2018-12-01,消費者購買意欲DI,,景況感,見通,かなり消極的,,,22
2018-12-01,消費者購買意欲DI,,景況感,見通,やや消極的,,,341
2018-12-01,消費者購買意欲DI,,景況感,見通,変わらない,,,603
2018-12-01,消費者購買意欲DI,,景況感,見通,やや積極的,,,34
2018-12-01,消費者購買意欲DI,,景況感,見通,かなり積極的,,,0
2019-01-01,消費者購買意欲DI,,景況感,見通,かなり消極的,,,27
2019-01-01,消費者購買意欲DI,,景況感,見通,やや消極的,,,366
2019-01-01,消費者購買意欲DI,,景況感,見通,変わらない,,,559
2019-01-01,消費者購買意欲DI,,景況感,見通,やや積極的,,,48
2019-01-01,消費者購買意欲DI,,景況感,見通,かなり積極的,,,0
2019-02-01,消費者購買意欲DI,,景況感,見通,かなり消極的,,,26
2019-02-01,消費者購買意欲DI,,景況感,見通,やや消極的,,,332
2019-02-01,消費者購買意欲DI,,景況感,見通,変わらない,,,600
2019-02-01,消費者購買意欲DI,,景況感,見通,やや積極的,,,42
2019-02-01,消費者購買意欲DI,,景況感,見通,かなり積極的,,,0
2019-03-01,消費者購買意欲DI,,景況感,見通,かなり消極的,,,26
2019-03-01,消費者購買意欲DI,,景況感,見通,やや消極的,,,309
2019-03-01,消費者購買意欲DI,,景況感,見通,変わらない,,,607
2019-03-01,消費者購買意欲DI,,景況感,見通,やや積極的,,,58
2019-03-01,消費者購買意欲DI,,景況感,見通,かなり積極的,,,0
2019-04-01,消費者購買意欲DI,,景況感,見通,かなり消極的,,,22
2019-04-01,消費者購買意欲DI,,景況感,見通,やや消極的,,,265
2019-04-01,消費者購買意欲DI,,景況感,見通,変わらない,,,649
2019-04-01,消費者購買意欲DI,,景況感,見通,やや積極的,,,65
2019-04-01,消費者購買意欲DI,,景況感,見通,かなり積極的,,,0
2019-05-01,消費者購買意欲DI,,景況感,見通,かなり消極的,,,26
2019-05-01,消費者購買意欲DI,,景況感,見通,やや消極的,,,254
2019-05-01,消費者購買意欲DI,,景況感,見通,変わらない,,,667
2019-05-01,消費者購買意欲DI,,景況感,見通,やや積極的,,,53
2019-05-01,消費者購買意欲DI,,景況感,見通,かなり積極的,,,0
2019-06-01,消費者購買意欲DI,,景況感,見通,かなり消極的,,,32
2019-06-01,消費者購買意欲DI,,景況感,見通,やや消極的,,,305
2019-06-01,消費者購買意欲DI,,景況感,見通,変わらない,,,605
2019-06-01,消費者購買意欲DI,,景況感,見通,やや積極的,,,58
2019-06-01,消費者購買意欲DI,,景況感,見通,かなり積極的,,,0
2019-07-01,消費者購買意欲DI,,景況感,見通,かなり消極的,,,33
2019-07-01,消費者購買意欲DI,,景況感,見通,やや消極的,,,366
2019-07-01,消費者購買意欲DI,,景況感,見通,変わらない,,,568
2019-07-01,消費者購買意欲DI,,景況感,見通,やや積極的,,,33
2019-07-01,消費者購買意欲DI,,景況感,見通,かなり積極的,,,0
2019-08-01,消費者購買意欲DI,,景況感,見通,かなり消極的,,,52
2019-08-01,消費者購買意欲DI,,景況感,見通,やや消極的,,,413
2019-08-01,消費者購買意欲DI,,景況感,見通,変わらない,,,512
2019-08-01,消費者購買意欲DI,,景況感,見通,やや積極的,,,23
2019-08-01,消費者購買意欲DI,,景況感,見通,かなり積極的,,,0
2019-09-01,消費者購買意欲DI,,景況感,見通,かなり消極的,,,59
2019-09-01,消費者購買意欲DI,,景況感,見通,やや消極的,,,424
2019-09-01,消費者購買意欲DI,,景況感,見通,変わらない,,,453
2019-09-01,消費者購買意欲DI,,景況感,見通,やや積極的,,,59
2019-09-01,消費者購買意欲DI,,景況感,見通,かなり積極的,,,6
2019-10-01,消費者購買意欲DI,,景況感,見通,かなり消極的,,,22
2019-10-01,消費者購買意欲DI,,景況感,見通,やや消極的,,,421
2019-10-01,消費者購買意欲DI,,景況感,見通,変わらない,,,536
2019-10-01,消費者購買意欲DI,,景況感,見通,やや積極的,,,22
2019-10-01,消費者購買意欲DI,,景況感,見通,かなり積極的,,,0
2019-11-01,消費者購買意欲DI,,景況感,見通,かなり消極的,,,28
2019-11-01,消費者購買意欲DI,,景況感,見通,やや消極的,,,328
2019-11-01,消費者購買意欲DI,,景況感,見通,変わらない,,,610
2019-11-01,消費者購買意欲DI,,景況感,見通,やや積極的,,,34
2019-11-01,消費者購買意欲DI,,景況感,見通,かなり積極的,,,0
2019-12-01,消費者購買意欲DI,,景況感,見通,かなり消極的,,,21
2019-12-01,消費者購買意欲DI,,景況感,見通,やや消極的,,,346
2019-12-01,消費者購買意欲DI,,景況感,見通,変わらない,,,601
2019-12-01,消費者購買意欲DI,,景況感,見通,やや積極的,,,32
2019-12-01,消費者購買意欲DI,,景況感,見通,かなり積極的,,,0
2020-01-01,消費者購買意欲DI,,景況感,見通,かなり消極的,,,16
2020-01-01,消費者購買意欲DI,,景況感,見通,やや消極的,,,370
2020-01-01,消費者購買意欲DI,,景況感,見通,変わらない,,,582
2020-01-01,消費者購買意欲DI,,景況感,見通,やや積極的,,,33
2020-01-01,消費者購買意欲DI,,景況感,見通,かなり積極的,,,0
2020-02-01,消費者購買意欲DI,,景況感,見通,かなり消極的,,,45
2020-02-01,消費者購買意欲DI,,景況感,見通,やや消極的,,,303
2020-02-01,消費者購買意欲DI,,景況感,見通,変わらない,,,466
2020-02-01,消費者購買意欲DI,,景況感,見通,やや積極的,,,180
2020-02-01,消費者購買意欲DI,,景況感,見通,かなり積極的,,,6
2020-03-01,消費者購買意欲DI,,景況感,見通,かなり消極的,,,60
2020-03-01,消費者購買意欲DI,,景況感,見通,やや消極的,,,190
2020-03-01,消費者購買意欲DI,,景況感,見通,変わらない,,,402
2020-03-01,消費者購買意欲DI,,景況感,見通,やや積極的,,,261
2020-03-01,消費者購買意欲DI,,景況感,見通,かなり積極的,,,87
2020-04-01,消費者購買意欲DI,,景況感,見通,かなり消極的,,,77
2020-04-01,消費者購買意欲DI,,景況感,見通,やや消極的,,,246
2020-04-01,消費者購買意欲DI,,景況感,見通,変わらない,,,344
2020-04-01,消費者購買意欲DI,,景況感,見通,やや積極的,,,295
2020-04-01,消費者購買意欲DI,,景況感,見通,かなり積極的,,,38
2020-05-01,消費者購買意欲DI,,景況感,見通,かなり消極的,,,98
2020-05-01,消費者購買意欲DI,,景況感,見通,やや消極的,,,328
2020-05-01,消費者購買意欲DI,,景況感,見通,変わらない,,,385
2020-05-01,消費者購買意欲DI,,景況感,見通,やや積極的,,,167
2020-05-01,消費者購買意欲DI,,景況感,見通,かなり積極的,,,23
2020-06-01,消費者購買意欲DI,,景況感,見通,かなり消極的,,,65
2020-06-01,消費者購買意欲DI,,景況感,見通,やや消極的,,,389
2020-06-01,消費者購買意欲DI,,景況感,見通,変わらない,,,432
2020-06-01,消費者購買意欲DI,,景況感,見通,やや積極的,,,103
2020-06-01,消費者購買意欲DI,,景況感,見通,かなり積極的,,,11
2020-07-01,消費者購買意欲DI,,景況感,見通,かなり消極的,,,44
2020-07-01,消費者購買意欲DI,,景況感,見通,やや消極的,,,298
2020-07-01,消費者購買意欲DI,,景況感,見通,変わらない,,,530
2020-07-01,消費者購買意欲DI,,景況感,見通,やや積極的,,,116
2020-07-01,消費者購買意欲DI,,景況感,見通,かなり積極的,,,11
2020-08-01,消費者購買意欲DI,,景況感,見通,かなり消極的,,,54
2020-08-01,消費者購買意欲DI,,景況感,見通,やや消極的,,,324
2020-08-01,消費者購買意欲DI,,景況感,見通,変わらない,,,519
2020-08-01,消費者購買意欲DI,,景況感,見通,やや積極的,,,92
2020-08-01,消費者購買意欲DI,,景況感,見通,かなり積極的,,,11
2020-09-01,消費者購買意欲DI,,景況感,見通,かなり消極的,,,32
2020-09-01,消費者購買意欲DI,,景況感,見通,やや消極的,,,373
2020-09-01,消費者購買意欲DI,,景況感,見通,変わらない,,,497
2020-09-01,消費者購買意欲DI,,景況感,見通,やや積極的,,,92
2020-09-01,消費者購買意欲DI,,景況感,見通,かなり積極的,,,5
2020-10-01,消費者購買意欲DI,,景況感,見通,かなり消極的,,,11
2020-10-01,消費者購買意欲DI,,景況感,見通,やや消極的,,,361
2020-10-01,消費者購買意欲DI,,景況感,見通,変わらない,,,557
2020-10-01,消費者購買意欲DI,,景況感,見通,やや積極的,,,71
2020-10-01,消費者購買意欲DI,,景況感,見通,かなり積極的,,,0
2020-11-01,消費者購買意欲DI,,景況感,見通,かなり消極的,,,28
2020-11-01,消費者購買意欲DI,,景況感,見通,やや消極的,,,365
2020-11-01,消費者購買意欲DI,,景況感,見通,変わらない,,,530
2020-11-01,消費者購買意欲DI,,景況感,見通,やや積極的,,,72
2020-11-01,消費者購買意欲DI,,景況感,見通,かなり積極的,,,6
2020-12-01,消費者購買意欲DI,,景況感,見通,かなり消極的,,,33
2020-12-01,消費者購買意欲DI,,景況感,見通,やや消極的,,,335
2020-12-01,消費者購買意欲DI,,景況感,見通,変わらない,,,538
2020-12-01,消費者購買意欲DI,,景況感,見通,やや積極的,,,93
2020-12-01,消費者購買意欲DI,,景況感,見通,かなり積極的,,,0
2021-01-01,消費者購買意欲DI,,景況感,見通,かなり消極的,,,16
2021-01-01,消費者購買意欲DI,,景況感,見通,やや消極的,,,263
2021-01-01,消費者購買意欲DI,,景況感,見通,変わらない,,,651
2021-01-01,消費者購買意欲DI,,景況感,見通,やや積極的,,,70
2021-01-01,消費者購買意欲DI,,景況感,見通,かなり積極的,,,0
2021-02-01,消費者購買意欲DI,,景況感,見通,かなり消極的,,,16
2021-02-01,消費者購買意欲DI,,景況感,見通,やや消極的,,,418
2021-02-01,消費者購買意欲DI,,景況感,見通,変わらない,,,533
2021-02-01,消費者購買意欲DI,,景況感,見通,やや積極的,,,33
2021-02-01,消費者購買意欲DI,,景況感,見通,かなり積極的,,,0
2021-03-01,消費者購買意欲DI,,景況感,見通,かなり消極的,,,48
2021-03-01,消費者購買意欲DI,,景況感,見通,やや消極的,,,403
2021-03-01,消費者購買意欲DI,,景況感,見通,変わらない,,,522
2021-03-01,消費者購買意欲DI,,景況感,見通,やや積極的,,,27
2021-03-01,消費者購買意欲DI,,景況感,見通,かなり積極的,,,0
2021-04-01,消費者購買意欲DI,,景況感,見通,かなり消極的,,,44
2021-04-01,消費者購買意欲DI,,景況感,見通,やや消極的,,,442
2021-04-01,消費者購買意欲DI,,景況感,見通,変わらない,,,470
2021-04-01,消費者購買意欲DI,,景況感,見通,やや積極的,,,44
2021-04-01,消費者購買意欲DI,,景況感,見通,かなり積極的,,,0
2021-05-01,消費者購買意欲DI,,景況感,見通,かなり消極的,,,27
2021-05-01,消費者購買意欲DI,,景況感,見通,やや消極的,,,374
2021-05-01,消費者購買意欲DI,,景況感,見通,変わらない,,,535
2021-05-01,消費者購買意欲DI,,景況感,見通,やや積極的,,,64
2021-05-01,消費者購買意欲DI,,景況感,見通,かなり積極的,,,0
2021-06-01,消費者購買意欲DI,,景況感,見通,かなり消極的,,,34
2021-06-01,消費者購買意欲DI,,景況感,見通,やや消極的,,,348
2021-06-01,消費者購買意欲DI,,景況感,見通,変わらない,,,584
2021-06-01,消費者購買意欲DI,,景況感,見通,やや積極的,,,34
2021-06-01,消費者購買意欲DI,,景況感,見通,かなり積極的,,,0
2021-07-01,消費者購買意欲DI,,景況感,見通,かなり消極的,,,16
2021-07-01,消費者購買意欲DI,,景況感,見通,やや消極的,,,350
2021-07-01,消費者購買意欲DI,,景況感,見通,変わらない,,,607
2021-07-01,消費者購買意欲DI,,景況感,見通,やや積極的,,,27
2021-07-01,消費者購買意欲DI,,景況感,見通,かなり積極的,,,0
2021-08-01,消費者購買意欲DI,,景況感,見通,かなり消極的,,,16
2021-08-01,消費者購買意欲DI,,景況感,見通,やや消極的,,,305
2021-08-01,消費者購買意欲DI,,景況感,見通,変わらない,,,631
2021-08-01,消費者購買意欲DI,,景況感,見通,やや積極的,,,43
2021-08-01,消費者購買意欲DI,,景況感,見通,かなり積極的,,,5
2021-09-01,消費者購買意欲DI,,景況感,見通,かなり消極的,,,32
2021-09-01,消費者購買意欲DI,,景況感,見通,やや消極的,,,362
2021-09-01,消費者購買意欲DI,,景況感,見通,変わらない,,,573
2021-09-01,消費者購買意欲DI,,景況感,見通,やや積極的,,,27
2021-09-01,消費者購買意欲DI,,景況感,見通,かなり積極的,,,5
2021-10-01,消費者購買意欲DI,,景況感,見通,かなり消極的,,,34
2021-10-01,消費者購買意欲DI,,景況感,見通,やや消極的,,,365
2021-10-01,消費者購買意欲DI,,景況感,見通,変わらない,,,556
2021-10-01,消費者購買意欲DI,,景況感,見通,やや積極的,,,45
2021-10-01,消費者購買意欲DI,,景況感,見通,かなり積極的,,,0
2021-11-01,消費者購買意欲DI,,景況感,見通,かなり消極的,,,22
2021-11-01,消費者購買意欲DI,,景況感,見通,やや消極的,,,423
2021-11-01,消費者購買意欲DI,,景況感,見通,変わらない,,,511
2021-11-01,消費者購買意欲DI,,景況感,見通,やや積極的,,,44
2021-11-01,消費者購買意欲DI,,景況感,見通,かなり積極的,,,0
2021-12-01,消費者購買意欲DI,,景況感,見通,かなり消極的,,,27
2021-12-01,消費者購買意欲DI,,景況感,見通,やや消極的,,,451
2021-12-01,消費者購買意欲DI,,景況感,見通,変わらない,,,478
2021-12-01,消費者購買意欲DI,,景況感,見通,やや積極的,,,38
2021-12-01,消費者購買意欲DI,,景況感,見通,かなり積極的,,,5
2022-01-01,消費者購買意欲DI,,景況感,見通,かなり消極的,,,22
2022-01-01,消費者購買意欲DI,,景況感,見通,やや消極的,,,355
2022-01-01,消費者購買意欲DI,,景況感,見通,変わらない,,,557
2022-01-01,消費者購買意欲DI,,景況感,見通,やや積極的,,,60
2022-01-01,消費者購買意欲DI,,景況感,見通,かなり積極的,,,5
2022-02-01,消費者購買意欲DI,,景況感,見通,かなり消極的,,,12
2022-02-01,消費者購買意欲DI,,景況感,見通,やや消極的,,,382
2022-02-01,消費者購買意欲DI,,景況感,見通,変わらない,,,547
2022-02-01,消費者購買意欲DI,,景況感,見通,やや積極的,,,59
2022-02-01,消費者購買意欲DI,,景況感,見通,かなり積極的,,,0
2022-03-01,消費者購買意欲DI,,景況感,見通,かなり消極的,,,40
2022-03-01,消費者購買意欲DI,,景況感,見通,やや消極的,,,373
2022-03-01,消費者購買意欲DI,,景況感,見通,変わらない,,,554
2022-03-01,消費者購買意欲DI,,景況感,見通,やや積極的,,,34
2022-03-01,消費者購買意欲DI,,景況感,見通,かなり積極的,,,0
2022-04-01,消費者購買意欲DI,,景況感,見通,かなり消極的,,,43
2022-04-01,消費者購買意欲DI,,景況感,見通,やや消極的,,,470
2022-04-01,消費者購買意欲DI,,景況感,見通,変わらない,,,443
2022-04-01,消費者購買意欲DI,,景況感,見通,やや積極的,,,43
2022-04-01,消費者購買意欲DI,,景況感,見通,かなり積極的,,,0
2022-05-01,消費者購買意欲DI,,景況感,見通,かなり消極的,,,51
2022-05-01,消費者購買意欲DI,,景況感,見通,やや消極的,,,514
2022-05-01,消費者購買意欲DI,,景況感,見通,変わらない,,,395
2022-05-01,消費者購買意欲DI,,景況感,見通,やや積極的,,,40
2022-05-01,消費者購買意欲DI,,景況感,見通,かなり積極的,,,0
2022-06-01,消費者購買意欲DI,,景況感,見通,かなり消極的,,,49
2022-06-01,消費者購買意欲DI,,景況感,見通,やや消極的,,,552
2022-06-01,消費者購買意欲DI,,景況感,見通,変わらない,,,366
2022-06-01,消費者購買意欲DI,,景況感,見通,やや積極的,,,33
2022-06-01,消費者購買意欲DI,,景況感,見通,かなり積極的,,,0
2022-07-01,消費者購買意欲DI,,景況感,見通,かなり消極的,,,22
2022-07-01,消費者購買意欲DI,,景況感,見通,やや消極的,,,419
2022-07-01,消費者購買意欲DI,,景況感,見通,変わらない,,,497
2022-07-01,消費者購買意欲DI,,景況感,見通,やや積極的,,,56
2022-07-01,消費者購買意欲DI,,景況感,見通,かなり積極的,,,6
2022-08-01,消費者購買意欲DI,,景況感,見通,かなり消極的,,,57
2022-08-01,消費者購買意欲DI,,景況感,見通,やや消極的,,,415
2022-08-01,消費者購買意欲DI,,景況感,見通,変わらない,,,477
2022-08-01,消費者購買意欲DI,,景況感,見通,やや積極的,,,45
2022-08-01,消費者購買意欲DI,,景況感,見通,かなり積極的,,,6
2022-09-01,消費者購買意欲DI,,景況感,見通,かなり消極的,,,60
2022-09-01,消費者購買意欲DI,,景況感,見通,やや消極的,,,434
2022-09-01,消費者購買意欲DI,,景況感,見通,変わらない,,,473
2022-09-01,消費者購買意欲DI,,景況感,見通,やや積極的,,,27
2022-09-01,消費者購買意欲DI,,景況感,見通,かなり積極的,,,5
2022-10-01,消費者購買意欲DI,,景況感,見通,かなり消極的,,,17
2022-10-01,消費者購買意欲DI,,景況感,見通,やや消極的,,,408
2022-10-01,消費者購買意欲DI,,景況感,見通,変わらない,,,508
2022-10-01,消費者購買意欲DI,,景況感,見通,やや積極的,,,67
2022-10-01,消費者購買意欲DI,,景況感,見通,かなり積極的,,,0
2022-11-01,消費者購買意欲DI,,景況感,見通,かなり消極的,,,22
2022-11-01,消費者購買意欲DI,,景況感,見通,やや消極的,,,371
2022-11-01,消費者購買意欲DI,,景況感,見通,変わらない,,,551
2022-11-01,消費者購買意欲DI,,景況感,見通,やや積極的,,,56
2022-11-01,消費者購買意欲DI,,景況感,見通,かなり積極的,,,0
2022-12-01,消費者購買意欲DI,,景況感,見通,かなり消極的,,,11
2022-12-01,消費者購買意欲DI,,景況感,見通,やや消極的,,,396
2022-12-01,消費者購買意欲DI,,景況感,見通,変わらない,,,527
2022-12-01,消費者購買意欲DI,,景況感,見通,やや積極的,,,66
2022-12-01,消費者購買意欲DI,,景況感,見通,かなり積極的,,,0
2023-01-01,消費者購買意欲DI,,景況感,見通,かなり消極的,,,48
2023-01-01,消費者購買意欲DI,,景況感,見通,やや消極的,,,428
2023-01-01,消費者購買意欲DI,,景況感,見通,変わらない,,,449
2023-01-01,消費者購買意欲DI,,景況感,見通,やや積極的,,,75
2023-01-01,消費者購買意欲DI,,景況感,見通,かなり積極的,,,0
2023-02-01,消費者購買意欲DI,,景況感,見通,かなり消極的,,,49
2023-02-01,消費者購買意欲DI,,景況感,見通,やや消極的,,,457
2023-02-01,消費者購買意欲DI,,景況感,見通,変わらない,,,440
2023-02-01,消費者購買意欲DI,,景況感,見通,やや積極的,,,49
2023-02-01,消費者購買意欲DI,,景況感,見通,かなり積極的,,,5
2023-03-01,消費者購買意欲DI,,景況感,見通,かなり消極的,,,27
2023-03-01,消費者購買意欲DI,,景況感,見通,やや消極的,,,432
2023-03-01,消費者購買意欲DI,,景況感,見通,変わらない,,,486
2023-03-01,消費者購買意欲DI,,景況感,見通,やや積極的,,,54
2023-03-01,消費者購買意欲DI,,景況感,見通,かなり積極的,,,0
2023-04-01,消費者購買意欲DI,,景況感,見通,かなり消極的,,,34
2023-04-01,消費者購買意欲DI,,景況感,見通,やや消極的,,,303
2023-04-01,消費者購買意欲DI,,景況感,見通,変わらない,,,573
2023-04-01,消費者購買意欲DI,,景況感,見通,やや積極的,,,84
2023-04-01,消費者購買意欲DI,,景況感,見通,かなり積極的,,,6
2023-05-01,消費者購買意欲DI,,景況感,見通,かなり消極的,,,28
2023-05-01,消費者購買意欲DI,,景況感,見通,やや消極的,,,305
2023-05-01,消費者購買意欲DI,,景況感,見通,変わらない,,,571
2023-05-01,消費者購買意欲DI,,景況感,見通,やや積極的,,,96
2023-05-01,消費者購買意欲DI,,景況感,見通,かなり積極的,,,0
2023-06-01,消費者購買意欲DI,,景況感,見通,かなり消極的,,,17
2023-06-01,消費者購買意欲DI,,景況感,見通,やや消極的,,,281
2023-06-01,消費者購買意欲DI,,景況感,見通,変わらない,,,590
2023-06-01,消費者購買意欲DI,,景況感,見通,やや積極的,,,112
2023-06-01,消費者購買意欲DI,,景況感,見通,かなり積極的,,,0
2023-07-01,消費者購買意欲DI,,景況感,見通,かなり消極的,,,17
2023-07-01,消費者購買意欲DI,,景況感,見通,やや消極的,,,233
2023-07-01,消費者購買意欲DI,,景況感,見通,変わらない,,,611
2023-07-01,消費者購買意欲DI,,景況感,見通,やや積極的,,,139
2023-07-01,消費者購買意欲DI,,景況感,見通,かなり積極的,,,0
2023-08-01,消費者購買意欲DI,,景況感,見通,かなり消極的,,,16
2023-08-01,消費者購買意欲DI,,景況感,見通,やや消極的,,,246
2023-08-01,消費者購買意欲DI,,景況感,見通,変わらない,,,615
2023-08-01,消費者購買意欲DI,,景況感,見通,やや積極的,,,123
2023-08-01,消費者購買意欲DI,,景況感,見通,かなり積極的,,,0
2023-09-01,消費者購買意欲DI,,景況感,見通,かなり消極的,,,11
2023-09-01,消費者購買意欲DI,,景況感,見通,やや消極的,,,251
2023-09-01,消費者購買意欲DI,,景況感,見通,変わらない,,,611
2023-09-01,消費者購買意欲DI,,景況感,見通,やや積極的,,,126
2023-09-01,消費者購買意欲DI,,景況感,見通,かなり積極的,,,0
2023-10-01,消費者購買意欲DI,,景況感,見通,かなり消極的,,,0
2023-10-01,消費者購買意欲DI,,景況感,見通,やや消極的,,,205
2023-10-01,消費者購買意欲DI,,景況感,見通,変わらない,,,708
2023-10-01,消費者購買意欲DI,,景況感,見通,やや積極的,,,88
2023-10-01,消費者購買意欲DI,,景況感,見通,かなり積極的,,,0
2023-11-01,消費者購買意欲DI,,景況感,見通,かなり消極的,,,6
2023-11-01,消費者購買意欲DI,,景況感,見通,やや消極的,,,254
2023-11-01,消費者購買意欲DI,,景況感,見通,変わらない,,,646
2023-11-01,消費者購買意欲DI,,景況感,見通,やや積極的,,,94
2023-11-01,消費者購買意欲DI,,景況感,見通,かなり積極的,,,0
2023-12-01,消費者購買意欲DI,,景況感,見通,かなり消極的,,,11
2023-12-01,消費者購買意欲DI,,景況感,見通,やや消極的,,,197
2023-12-01,消費者購買意欲DI,,景況感,見通,変わらない,,,719
2023-12-01,消費者購買意欲DI,,景況感,見通,やや積極的,,,67
2023-12-01,消費者購買意欲DI,,景況感,見通,かなり積極的,,,6
2024-01-01,消費者購買意欲DI,,景況感,見通,かなり消極的,,,11
2024-01-01,消費者購買意欲DI,,景況感,見通,やや消極的,,,203
2024-01-01,消費者購買意欲DI,,景況感,見通,変わらない,,,695
2024-01-01,消費者購買意欲DI,,景況感,見通,やや積極的,,,85
2024-01-01,消費者購買意欲DI,,景況感,見通,かなり積極的,,,6
2024-02-01,消費者購買意欲DI,,景況感,見通,かなり消極的,,,6
2024-02-01,消費者購買意欲DI,,景況感,見通,やや消極的,,,186
2024-02-01,消費者購買意欲DI,,景況感,見通,変わらない,,,695
2024-02-01,消費者購買意欲DI,,景況感,見通,やや積極的,,,113
2024-02-01,消費者購買意欲DI,,景況感,見通,かなり積極的,,,0
2024-03-01,消費者購買意欲DI,,景況感,見通,かなり消極的,,,11
2024-03-01,消費者購買意欲DI,,景況感,見通,やや消極的,,,181
2024-03-01,消費者購買意欲DI,,景況感,見通,変わらない,,,706
2024-03-01,消費者購買意欲DI,,景況感,見通,やや積極的,,,96
2024-03-01,消費者購買意欲DI,,景況感,見通,かなり積極的,,,6
2024-04-01,消費者購買意欲DI,,景況感,見通,かなり消極的,,,6
2024-04-01,消費者購買意欲DI,,景況感,見通,やや消極的,,,305
2024-04-01,消費者購買意欲DI,,景況感,見通,変わらない,,,616
2024-04-01,消費者購買意欲DI,,景況感,見通,やや積極的,,,67
2024-04-01,消費者購買意欲DI,,景況感,見通,かなり積極的,,,6
2024-05-01,消費者購買意欲DI,,景況感,見通,かなり消極的,,,12
2024-05-01,消費者購買意欲DI,,景況感,見通,やや消極的,,,312
2024-05-01,消費者購買意欲DI,,景況感,見通,変わらない,,,624
2024-05-01,消費者購買意欲DI,,景況感,見通,やや積極的,,,40
2024-05-01,消費者購買意欲DI,,景況感,見通,かなり積極的,,,12
2024-06-01,消費者購買意欲DI,,景況感,見通,かなり消極的,,,0
2024-06-01,消費者購買意欲DI,,景況感,見通,やや消極的,,,256
2024-06-01,消費者購買意欲DI,,景況感,見通,変わらない,,,670
2024-06-01,消費者購買意欲DI,,景況感,見通,やや積極的,,,68
2024-06-01,消費者購買意欲DI,,景況感,見通,かなり積極的,,,6
2024-07-01,消費者購買意欲DI,,景況感,見通,かなり消極的,,,0
2024-07-01,消費者購買意欲DI,,景況感,見通,やや消極的,,,356
2024-07-01,消費者購買意欲DI,,景況感,見通,変わらない,,,588
2024-07-01,消費者購買意欲DI,,景況感,見通,やや積極的,,,51
2024-07-01,消費者購買意欲DI,,景況感,見通,かなり積極的,,,6
2024-08-01,消費者購買意欲DI,,景況感,見通,かなり消極的,,,6
2024-08-01,消費者購買意欲DI,,景況感,見通,やや消極的,,,216
2024-08-01,消費者購買意欲DI,,景況感,見通,変わらない,,,678
2024-08-01,消費者購買意欲DI,,景況感,見通,やや積極的,,,94
2024-08-01,消費者購買意欲DI,,景況感,見通,かなり積極的,,,6
2024-09-01,消費者購買意欲DI,,景況感,見通,かなり消極的,,,0
2024-09-01,消費者購買意欲DI,,景況感,見通,やや消極的,,,296
2024-09-01,消費者購買意欲DI,,景況感,見通,変わらない,,,611
2024-09-01,消費者購買意欲DI,,景況感,見通,やや積極的,,,86
2024-09-01,消費者購買意欲DI,,景況感,見通,かなり積極的,,,6
2011-04-01,周辺地域景気判断DI,,景況感,現状,かなり悪化,,,29
2011-04-01,周辺地域景気判断DI,,景況感,現状,やや悪化,,,419
2011-04-01,周辺地域景気判断DI,,景況感,現状,変わらない,,,502
2011-04-01,周辺地域景気判断DI,,景況感,現状,やや改善,,,51
2011-04-01,周辺地域景気判断DI,,景況感,現状,かなり改善,,,0
2011-05-01,周辺地域景気判断DI,,景況感,現状,かなり悪化,,,35
2011-05-01,周辺地域景気判断DI,,景況感,現状,やや悪化,,,404
2011-05-01,周辺地域景気判断DI,,景況感,現状,変わらない,,,530
2011-05-01,周辺地域景気判断DI,,景況感,現状,やや改善,,,28
2011-05-01,周辺地域景気判断DI,,景況感,現状,かなり改善,,,3
2011-06-01,周辺地域景気判断DI,,景況感,現状,かなり悪化,,,26
2011-06-01,周辺地域景気判断DI,,景況感,現状,やや悪化,,,325
2011-06-01,周辺地域景気判断DI,,景況感,現状,変わらない,,,603
2011-06-01,周辺地域景気判断DI,,景況感,現状,やや改善,,,46
2011-06-01,周辺地域景気判断DI,,景況感,現状,かなり改善,,,0
2011-07-01,周辺地域景気判断DI,,景況感,現状,かなり悪化,,,19
2011-07-01,周辺地域景気判断DI,,景況感,現状,やや悪化,,,260
2011-07-01,周辺地域景気判断DI,,景況感,現状,変わらない,,,656
2011-07-01,周辺地域景気判断DI,,景況感,現状,やや改善,,,65
2011-07-01,周辺地域景気判断DI,,景況感,現状,かなり改善,,,0
2011-08-01,周辺地域景気判断DI,,景況感,現状,かなり悪化,,,19
2011-08-01,周辺地域景気判断DI,,景況感,現状,やや悪化,,,295
2011-08-01,周辺地域景気判断DI,,景況感,現状,変わらない,,,667
2011-08-01,周辺地域景気判断DI,,景況感,現状,やや改善,,,19
2011-08-01,周辺地域景気判断DI,,景況感,現状,かなり改善,,,0
2011-09-01,周辺地域景気判断DI,,景況感,現状,かなり悪化,,,14
2011-09-01,周辺地域景気判断DI,,景況感,現状,やや悪化,,,282
2011-09-01,周辺地域景気判断DI,,景況感,現状,変わらない,,,674
2011-09-01,周辺地域景気判断DI,,景況感,現状,やや改善,,,31
2011-09-01,周辺地域景気判断DI,,景況感,現状,かなり改善,,,0
2011-10-01,周辺地域景気判断DI,,景況感,現状,かなり悪化,,,14
2011-10-01,周辺地域景気判断DI,,景況感,現状,やや悪化,,,297
2011-10-01,周辺地域景気判断DI,,景況感,現状,変わらない,,,659
2011-10-01,周辺地域景気判断DI,,景況感,現状,やや改善,,,30
2011-10-01,周辺地域景気判断DI,,景況感,現状,かなり改善,,,0
2011-11-01,周辺地域景気判断DI,,景況感,現状,かなり悪化,,,27
2011-11-01,周辺地域景気判断DI,,景況感,現状,やや悪化,,,356
2011-11-01,周辺地域景気判断DI,,景況感,現状,変わらない,,,597
2011-11-01,周辺地域景気判断DI,,景況感,現状,やや改善,,,20
2011-11-01,周辺地域景気判断DI,,景況感,現状,かなり改善,,,0
2011-12-01,周辺地域景気判断DI,,景況感,現状,かなり悪化,,,14
2011-12-01,周辺地域景気判断DI,,景況感,現状,やや悪化,,,243
2011-12-01,周辺地域景気判断DI,,景況感,現状,変わらない,,,708
2011-12-01,周辺地域景気判断DI,,景況感,現状,やや改善,,,35
2011-12-01,周辺地域景気判断DI,,景況感,現状,かなり改善,,,0
2012-01-01,周辺地域景気判断DI,,景況感,現状,かなり悪化,,,16
2012-01-01,周辺地域景気判断DI,,景況感,現状,やや悪化,,,239
2012-01-01,周辺地域景気判断DI,,景況感,現状,変わらない,,,720
2012-01-01,周辺地域景気判断DI,,景況感,現状,やや改善,,,25
2012-01-01,周辺地域景気判断DI,,景況感,現状,かなり改善,,,0
2012-02-01,周辺地域景気判断DI,,景況感,現状,かなり悪化,,,20
2012-02-01,周辺地域景気判断DI,,景況感,現状,やや悪化,,,196
2012-02-01,周辺地域景気判断DI,,景況感,現状,変わらない,,,744
2012-02-01,周辺地域景気判断DI,,景況感,現状,やや改善,,,40
2012-02-01,周辺地域景気判断DI,,景況感,現状,かなり改善,,,0
2012-03-01,周辺地域景気判断DI,,景況感,現状,かなり悪化,,,10
2012-03-01,周辺地域景気判断DI,,景況感,現状,やや悪化,,,242
2012-03-01,周辺地域景気判断DI,,景況感,現状,変わらない,,,727
2012-03-01,周辺地域景気判断DI,,景況感,現状,やや改善,,,20
2012-03-01,周辺地域景気判断DI,,景況感,現状,かなり改善,,,0
2012-04-01,周辺地域景気判断DI,,景況感,現状,かなり悪化,,,3
2012-04-01,周辺地域景気判断DI,,景況感,現状,やや悪化,,,232
2012-04-01,周辺地域景気判断DI,,景況感,現状,変わらない,,,735
2012-04-01,周辺地域景気判断DI,,景況感,現状,やや改善,,,29
2012-04-01,周辺地域景気判断DI,,景況感,現状,かなり改善,,,0
2012-05-01,周辺地域景気判断DI,,景況感,現状,かなり悪化,,,3
2012-05-01,周辺地域景気判断DI,,景況感,現状,やや悪化,,,193
2012-05-01,周辺地域景気判断DI,,景況感,現状,変わらない,,,783
2012-05-01,周辺地域景気判断DI,,景況感,現状,やや改善,,,20
2012-05-01,周辺地域景気判断DI,,景況感,現状,かなり改善,,,0
2012-06-01,周辺地域景気判断DI,,景況感,現状,かなり悪化,,,0
2012-06-01,周辺地域景気判断DI,,景況感,現状,やや悪化,,,215
2012-06-01,周辺地域景気判断DI,,景況感,現状,変わらない,,,742
2012-06-01,周辺地域景気判断DI,,景況感,現状,やや改善,,,44
2012-06-01,周辺地域景気判断DI,,景況感,現状,かなり改善,,,0
2012-07-01,周辺地域景気判断DI,,景況感,現状,かなり悪化,,,7
2012-07-01,周辺地域景気判断DI,,景況感,現状,やや悪化,,,277
2012-07-01,周辺地域景気判断DI,,景況感,現状,変わらない,,,713
2012-07-01,周辺地域景気判断DI,,景況感,現状,やや改善,,,3
2012-07-01,周辺地域景気判断DI,,景況感,現状,かなり改善,,,0
2012-08-01,周辺地域景気判断DI,,景況感,現状,かなり悪化,,,17
2012-08-01,周辺地域景気判断DI,,景況感,現状,やや悪化,,,250
2012-08-01,周辺地域景気判断DI,,景況感,現状,変わらない,,,715
2012-08-01,周辺地域景気判断DI,,景況感,現状,やや改善,,,17
2012-08-01,周辺地域景気判断DI,,景況感,現状,かなり改善,,,0
2012-09-01,周辺地域景気判断DI,,景況感,現状,かなり悪化,,,4
2012-09-01,周辺地域景気判断DI,,景況感,現状,やや悪化,,,250
2012-09-01,周辺地域景気判断DI,,景況感,現状,変わらない,,,736
2012-09-01,周辺地域景気判断DI,,景況感,現状,やや改善,,,11
2012-09-01,周辺地域景気判断DI,,景況感,現状,かなり改善,,,0
2012-10-01,周辺地域景気判断DI,,景況感,現状,かなり悪化,,,25
2012-10-01,周辺地域景気判断DI,,景況感,現状,やや悪化,,,308
2012-10-01,周辺地域景気判断DI,,景況感,現状,変わらない,,,663
2012-10-01,周辺地域景気判断DI,,景況感,現状,やや改善,,,4
2012-10-01,周辺地域景気判断DI,,景況感,現状,かなり改善,,,0
2012-11-01,周辺地域景気判断DI,,景況感,現状,かなり悪化,,,36
2012-11-01,周辺地域景気判断DI,,景況感,現状,やや悪化,,,347
2012-11-01,周辺地域景気判断DI,,景況感,現状,変わらない,,,613
2012-11-01,周辺地域景気判断DI,,景況感,現状,やや改善,,,4
2012-11-01,周辺地域景気判断DI,,景況感,現状,かなり改善,,,0
2012-12-01,周辺地域景気判断DI,,景況感,現状,かなり悪化,,,36
2012-12-01,周辺地域景気判断DI,,景況感,現状,やや悪化,,,288
2012-12-01,周辺地域景気判断DI,,景況感,現状,変わらない,,,658
2012-12-01,周辺地域景気判断DI,,景況感,現状,やや改善,,,18
2012-12-01,周辺地域景気判断DI,,景況感,現状,かなり改善,,,0
2013-01-01,周辺地域景気判断DI,,景況感,現状,かなり悪化,,,25
2013-01-01,周辺地域景気判断DI,,景況感,現状,やや悪化,,,239
2013-01-01,周辺地域景気判断DI,,景況感,現状,変わらない,,,714
2013-01-01,周辺地域景気判断DI,,景況感,現状,やや改善,,,22
2013-01-01,周辺地域景気判断DI,,景況感,現状,かなり改善,,,0
2013-02-01,周辺地域景気判断DI,,景況感,現状,かなり悪化,,,30
2013-02-01,周辺地域景気判断DI,,景況感,現状,やや悪化,,,190
2013-02-01,周辺地域景気判断DI,,景況感,現状,変わらない,,,758
2013-02-01,周辺地域景気判断DI,,景況感,現状,やや改善,,,22
2013-02-01,周辺地域景気判断DI,,景況感,現状,かなり改善,,,0
2013-03-01,周辺地域景気判断DI,,景況感,現状,かなり悪化,,,8
2013-03-01,周辺地域景気判断DI,,景況感,現状,やや悪化,,,200
2013-03-01,周辺地域景気判断DI,,景況感,現状,変わらない,,,762
2013-03-01,周辺地域景気判断DI,,景況感,現状,やや改善,,,30
2013-03-01,周辺地域景気判断DI,,景況感,現状,かなり改善,,,0
2013-04-01,周辺地域景気判断DI,,景況感,現状,かなり悪化,,,23
2013-04-01,周辺地域景気判断DI,,景況感,現状,やや悪化,,,180
2013-04-01,周辺地域景気判断DI,,景況感,現状,変わらない,,,763
2013-04-01,周辺地域景気判断DI,,景況感,現状,やや改善,,,34
2013-04-01,周辺地域景気判断DI,,景況感,現状,かなり改善,,,0
2013-05-01,周辺地域景気判断DI,,景況感,現状,かなり悪化,,,19
2013-05-01,周辺地域景気判断DI,,景況感,現状,やや悪化,,,180
2013-05-01,周辺地域景気判断DI,,景況感,現状,変わらない,,,751
2013-05-01,周辺地域景気判断DI,,景況感,現状,やや改善,,,50
2013-05-01,周辺地域景気判断DI,,景況感,現状,かなり改善,,,0
2013-06-01,周辺地域景気判断DI,,景況感,現状,かなり悪化,,,11
2013-06-01,周辺地域景気判断DI,,景況感,現状,やや悪化,,,151
2013-06-01,周辺地域景気判断DI,,景況感,現状,変わらない,,,800
2013-06-01,周辺地域景気判断DI,,景況感,現状,やや改善,,,38
2013-06-01,周辺地域景気判断DI,,景況感,現状,かなり改善,,,0
2013-07-01,周辺地域景気判断DI,,景況感,現状,かなり悪化,,,15
2013-07-01,周辺地域景気判断DI,,景況感,現状,やや悪化,,,133
2013-07-01,周辺地域景気判断DI,,景況感,現状,変わらない,,,792
2013-07-01,周辺地域景気判断DI,,景況感,現状,やや改善,,,61
2013-07-01,周辺地域景気判断DI,,景況感,現状,かなり改善,,,0
2013-08-01,周辺地域景気判断DI,,景況感,現状,かなり悪化,,,8
2013-08-01,周辺地域景気判断DI,,景況感,現状,やや悪化,,,131
2013-08-01,周辺地域景気判断DI,,景況感,現状,変わらない,,,803
2013-08-01,周辺地域景気判断DI,,景況感,現状,やや改善,,,57
2013-08-01,周辺地域景気判断DI,,景況感,現状,かなり改善,,,0
2013-09-01,周辺地域景気判断DI,,景況感,現状,かなり悪化,,,12
2013-09-01,周辺地域景気判断DI,,景況感,現状,やや悪化,,,140
2013-09-01,周辺地域景気判断DI,,景況感,現状,変わらない,,,792
2013-09-01,周辺地域景気判断DI,,景況感,現状,やや改善,,,56
2013-09-01,周辺地域景気判断DI,,景況感,現状,かなり改善,,,0
2013-10-01,周辺地域景気判断DI,,景況感,現状,かなり悪化,,,16
2013-10-01,周辺地域景気判断DI,,景況感,現状,やや悪化,,,112
2013-10-01,周辺地域景気判断DI,,景況感,現状,変わらない,,,826
2013-10-01,周辺地域景気判断DI,,景況感,現状,やや改善,,,47
2013-10-01,周辺地域景気判断DI,,景況感,現状,かなり改善,,,0
2013-11-01,周辺地域景気判断DI,,景況感,現状,かなり悪化,,,11
2013-11-01,周辺地域景気判断DI,,景況感,現状,やや悪化,,,99
2013-11-01,周辺地域景気判断DI,,景況感,現状,変わらない,,,787
2013-11-01,周辺地域景気判断DI,,景況感,現状,やや改善,,,99
2013-11-01,周辺地域景気判断DI,,景況感,現状,かなり改善,,,4
2013-12-01,周辺地域景気判断DI,,景況感,現状,かなり悪化,,,11
2013-12-01,周辺地域景気判断DI,,景況感,現状,やや悪化,,,92
2013-12-01,周辺地域景気判断DI,,景況感,現状,変わらない,,,785
2013-12-01,周辺地域景気判断DI,,景況感,現状,やや改善,,,111
2013-12-01,周辺地域景気判断DI,,景況感,現状,かなり改善,,,0
2014-01-01,周辺地域景気判断DI,,景況感,現状,かなり悪化,,,8
2014-01-01,周辺地域景気判断DI,,景況感,現状,やや悪化,,,110
2014-01-01,周辺地域景気判断DI,,景況感,現状,変わらない,,,785
2014-01-01,周辺地域景気判断DI,,景況感,現状,やや改善,,,97
2014-01-01,周辺地域景気判断DI,,景況感,現状,かなり改善,,,0
2014-02-01,周辺地域景気判断DI,,景況感,現状,かなり悪化,,,8
2014-02-01,周辺地域景気判断DI,,景況感,現状,やや悪化,,,95
2014-02-01,周辺地域景気判断DI,,景況感,現状,変わらない,,,768
2014-02-01,周辺地域景気判断DI,,景況感,現状,やや改善,,,129
2014-02-01,周辺地域景気判断DI,,景況感,現状,かなり改善,,,0
2014-03-01,周辺地域景気判断DI,,景況感,現状,かなり悪化,,,12
2014-03-01,周辺地域景気判断DI,,景況感,現状,やや悪化,,,140
2014-03-01,周辺地域景気判断DI,,景況感,現状,変わらない,,,650
2014-03-01,周辺地域景気判断DI,,景況感,現状,やや改善,,,169
2014-03-01,周辺地域景気判断DI,,景況感,現状,かなり改善,,,29
2014-04-01,周辺地域景気判断DI,,景況感,現状,かなり悪化,,,37
2014-04-01,周辺地域景気判断DI,,景況感,現状,やや悪化,,,290
2014-04-01,周辺地域景気判断DI,,景況感,現状,変わらない,,,624
2014-04-01,周辺地域景気判断DI,,景況感,現状,やや改善,,,49
2014-04-01,周辺地域景気判断DI,,景況感,現状,かなり改善,,,0
2014-05-01,周辺地域景気判断DI,,景況感,現状,かなり悪化,,,13
2014-05-01,周辺地域景気判断DI,,景況感,現状,やや悪化,,,172
2014-05-01,周辺地域景気判断DI,,景況感,現状,変わらない,,,738
2014-05-01,周辺地域景気判断DI,,景況感,現状,やや改善,,,77
2014-05-01,周辺地域景気判断DI,,景況感,現状,かなり改善,,,0
2014-06-01,周辺地域景気判断DI,,景況感,現状,かなり悪化,,,9
2014-06-01,周辺地域景気判断DI,,景況感,現状,やや悪化,,,142
2014-06-01,周辺地域景気判断DI,,景況感,現状,変わらない,,,742
2014-06-01,周辺地域景気判断DI,,景況感,現状,やや改善,,,107
2014-06-01,周辺地域景気判断DI,,景況感,現状,かなり改善,,,0
2014-07-01,周辺地域景気判断DI,,景況感,現状,かなり悪化,,,13
2014-07-01,周辺地域景気判断DI,,景況感,現状,やや悪化,,,124
2014-07-01,周辺地域景気判断DI,,景況感,現状,変わらない,,,786
2014-07-01,周辺地域景気判断DI,,景況感,現状,やや改善,,,77
2014-07-01,周辺地域景気判断DI,,景況感,現状,かなり改善,,,0
2014-08-01,周辺地域景気判断DI,,景況感,現状,かなり悪化,,,12
2014-08-01,周辺地域景気判断DI,,景況感,現状,やや悪化,,,95
2014-08-01,周辺地域景気判断DI,,景況感,現状,変わらない,,,831
2014-08-01,周辺地域景気判断DI,,景況感,現状,やや改善,,,62
2014-08-01,周辺地域景気判断DI,,景況感,現状,かなり改善,,,0
2014-09-01,周辺地域景気判断DI,,景況感,現状,かなり悪化,,,18
2014-09-01,周辺地域景気判断DI,,景況感,現状,やや悪化,,,148
2014-09-01,周辺地域景気判断DI,,景況感,現状,変わらない,,,807
2014-09-01,周辺地域景気判断DI,,景況感,現状,やや改善,,,27
2014-09-01,周辺地域景気判断DI,,景況感,現状,かなり改善,,,0
2014-10-01,周辺地域景気判断DI,,景況感,現状,かなり悪化,,,18
2014-10-01,周辺地域景気判断DI,,景況感,現状,やや悪化,,,176
2014-10-01,周辺地域景気判断DI,,景況感,現状,変わらない,,,765
2014-10-01,周辺地域景気判断DI,,景況感,現状,やや改善,,,36
2014-10-01,周辺地域景気判断DI,,景況感,現状,かなり改善,,,5
2014-11-01,周辺地域景気判断DI,,景況感,現状,かなり悪化,,,28
2014-11-01,周辺地域景気判断DI,,景況感,現状,やや悪化,,,221
2014-11-01,周辺地域景気判断DI,,景況感,現状,変わらない,,,700
2014-11-01,周辺地域景気判断DI,,景況感,現状,やや改善,,,46
2014-11-01,周辺地域景気判断DI,,景況感,現状,かなり改善,,,5
2014-12-01,周辺地域景気判断DI,,景況感,現状,かなり悪化,,,15
2014-12-01,周辺地域景気判断DI,,景況感,現状,やや悪化,,,179
2014-12-01,周辺地域景気判断DI,,景況感,現状,変わらない,,,760
2014-12-01,周辺地域景気判断DI,,景況感,現状,やや改善,,,46
2014-12-01,周辺地域景気判断DI,,景況感,現状,かなり改善,,,0
2015-01-01,周辺地域景気判断DI,,景況感,現状,かなり悪化,,,13
2015-01-01,周辺地域景気判断DI,,景況感,現状,やや悪化,,,152
2015-01-01,周辺地域景気判断DI,,景況感,現状,変わらない,,,776
2015-01-01,周辺地域景気判断DI,,景況感,現状,やや改善,,,58
2015-01-01,周辺地域景気判断DI,,景況感,現状,かなり改善,,,0
2015-02-01,周辺地域景気判断DI,,景況感,現状,かなり悪化,,,9
2015-02-01,周辺地域景気判断DI,,景況感,現状,やや悪化,,,131
2015-02-01,周辺地域景気判断DI,,景況感,現状,変わらない,,,811
2015-02-01,周辺地域景気判断DI,,景況感,現状,やや改善,,,50
2015-02-01,周辺地域景気判断DI,,景況感,現状,かなり改善,,,0
2015-03-01,周辺地域景気判断DI,,景況感,現状,かなり悪化,,,18
2015-03-01,周辺地域景気判断DI,,景況感,現状,やや悪化,,,94
2015-03-01,周辺地域景気判断DI,,景況感,現状,変わらない,,,834
2015-03-01,周辺地域景気判断DI,,景況感,現状,やや改善,,,54
2015-03-01,周辺地域景気判断DI,,景況感,現状,かなり改善,,,0
2015-04-01,周辺地域景気判断DI,,景況感,現状,かなり悪化,,,18
2015-04-01,周辺地域景気判断DI,,景況感,現状,やや悪化,,,76
2015-04-01,周辺地域景気判断DI,,景況感,現状,変わらない,,,804
2015-04-01,周辺地域景気判断DI,,景況感,現状,やや改善,,,103
2015-04-01,周辺地域景気判断DI,,景況感,現状,かなり改善,,,0
2015-05-01,周辺地域景気判断DI,,景況感,現状,かなり悪化,,,9
2015-05-01,周辺地域景気判断DI,,景況感,現状,やや悪化,,,67
2015-05-01,周辺地域景気判断DI,,景況感,現状,変わらない,,,777
2015-05-01,周辺地域景気判断DI,,景況感,現状,やや改善,,,147
2015-05-01,周辺地域景気判断DI,,景況感,現状,かなり改善,,,0
2015-06-01,周辺地域景気判断DI,,景況感,現状,かなり悪化,,,0
2015-06-01,周辺地域景気判断DI,,景況感,現状,やや悪化,,,74
2015-06-01,周辺地域景気判断DI,,景況感,現状,変わらない,,,828
2015-06-01,周辺地域景気判断DI,,景況感,現状,やや改善,,,98
2015-06-01,周辺地域景気判断DI,,景況感,現状,かなり改善,,,0
2015-07-01,周辺地域景気判断DI,,景況感,現状,かなり悪化,,,0
2015-07-01,周辺地域景気判断DI,,景況感,現状,やや悪化,,,83
2015-07-01,周辺地域景気判断DI,,景況感,現状,変わらない,,,829
2015-07-01,周辺地域景気判断DI,,景況感,現状,やや改善,,,88
2015-07-01,周辺地域景気判断DI,,景況感,現状,かなり改善,,,0
2015-08-01,周辺地域景気判断DI,,景況感,現状,かなり悪化,,,0
2015-08-01,周辺地域景気判断DI,,景況感,現状,やや悪化,,,113
2015-08-01,周辺地域景気判断DI,,景況感,現状,変わらない,,,810
2015-08-01,周辺地域景気判断DI,,景況感,現状,やや改善,,,77
2015-08-01,周辺地域景気判断DI,,景況感,現状,かなり改善,,,0
2015-09-01,周辺地域景気判断DI,,景況感,現状,かなり悪化,,,5
2015-09-01,周辺地域景気判断DI,,景況感,現状,やや悪化,,,112
2015-09-01,周辺地域景気判断DI,,景況感,現状,変わらない,,,846
2015-09-01,周辺地域景気判断DI,,景況感,現状,やや改善,,,37
2015-09-01,周辺地域景気判断DI,,景況感,現状,かなり改善,,,0
2015-10-01,周辺地域景気判断DI,,景況感,現状,かなり悪化,,,0
2015-10-01,周辺地域景気判断DI,,景況感,現状,やや悪化,,,116
2015-10-01,周辺地域景気判断DI,,景況感,現状,変わらない,,,844
2015-10-01,周辺地域景気判断DI,,景況感,現状,やや改善,,,40
2015-10-01,周辺地域景気判断DI,,景況感,現状,かなり改善,,,0
2015-11-01,周辺地域景気判断DI,,景況感,現状,かなり悪化,,,9
2015-11-01,周辺地域景気判断DI,,景況感,現状,やや悪化,,,138
2015-11-01,周辺地域景気判断DI,,景況感,現状,変わらない,,,817
2015-11-01,周辺地域景気判断DI,,景況感,現状,やや改善,,,36
2015-11-01,周辺地域景気判断DI,,景況感,現状,かなり改善,,,0
2015-12-01,周辺地域景気判断DI,,景況感,現状,かなり悪化,,,9
2015-12-01,周辺地域景気判断DI,,景況感,現状,やや悪化,,,149
2015-12-01,周辺地域景気判断DI,,景況感,現状,変わらない,,,797
2015-12-01,周辺地域景気判断DI,,景況感,現状,やや改善,,,45
2015-12-01,周辺地域景気判断DI,,景況感,現状,かなり改善,,,0
2016-01-01,周辺地域景気判断DI,,景況感,現状,かなり悪化,,,9
2016-01-01,周辺地域景気判断DI,,景況感,現状,やや悪化,,,138
2016-01-01,周辺地域景気判断DI,,景況感,現状,変わらない,,,817
2016-01-01,周辺地域景気判断DI,,景況感,現状,やや改善,,,37
2016-01-01,周辺地域景気判断DI,,景況感,現状,かなり改善,,,0
2016-02-01,周辺地域景気判断DI,,景況感,現状,かなり悪化,,,0
2016-02-01,周辺地域景気判断DI,,景況感,現状,やや悪化,,,131
2016-02-01,周辺地域景気判断DI,,景況感,現状,変わらない,,,817
2016-02-01,周辺地域景気判断DI,,景況感,現状,やや改善,,,52
2016-02-01,周辺地域景気判断DI,,景況感,現状,かなり改善,,,0
2016-03-01,周辺地域景気判断DI,,景況感,現状,かなり悪化,,,0
2016-03-01,周辺地域景気判断DI,,景況感,現状,やや悪化,,,135
2016-03-01,周辺地域景気判断DI,,景況感,現状,変わらない,,,821
2016-03-01,周辺地域景気判断DI,,景況感,現状,やや改善,,,43
2016-03-01,周辺地域景気判断DI,,景況感,現状,かなり改善,,,0
2016-04-01,周辺地域景気判断DI,,景況感,現状,かなり悪化,,,0
2016-04-01,周辺地域景気判断DI,,景況感,現状,やや悪化,,,144
2016-04-01,周辺地域景気判断DI,,景況感,現状,変わらない,,,823
2016-04-01,周辺地域景気判断DI,,景況感,現状,やや改善,,,33
2016-04-01,周辺地域景気判断DI,,景況感,現状,かなり改善,,,0
2016-05-01,周辺地域景気判断DI,,景況感,現状,かなり悪化,,,0
2016-05-01,周辺地域景気判断DI,,景況感,現状,やや悪化,,,189
2016-05-01,周辺地域景気判断DI,,景況感,現状,変わらない,,,786
2016-05-01,周辺地域景気判断DI,,景況感,現状,やや改善,,,25
2016-05-01,周辺地域景気判断DI,,景況感,現状,かなり改善,,,0
2016-06-01,周辺地域景気判断DI,,景況感,現状,かなり悪化,,,0
2016-06-01,周辺地域景気判断DI,,景況感,現状,やや悪化,,,198
2016-06-01,周辺地域景気判断DI,,景況感,現状,変わらない,,,792
2016-06-01,周辺地域景気判断DI,,景況感,現状,やや改善,,,10
2016-06-01,周辺地域景気判断DI,,景況感,現状,かなり改善,,,0
2016-07-01,周辺地域景気判断DI,,景況感,現状,かなり悪化,,,0
2016-07-01,周辺地域景気判断DI,,景況感,現状,やや悪化,,,204
2016-07-01,周辺地域景気判断DI,,景況感,現状,変わらない,,,771
2016-07-01,周辺地域景気判断DI,,景況感,現状,やや改善,,,25
2016-07-01,周辺地域景気判断DI,,景況感,現状,かなり改善,,,0
2016-08-01,周辺地域景気判断DI,,景況感,現状,かなり悪化,,,10
2016-08-01,周辺地域景気判断DI,,景況感,現状,やや悪化,,,254
2016-08-01,周辺地域景気判断DI,,景況感,現状,変わらない,,,717
2016-08-01,周辺地域景気判断DI,,景況感,現状,やや改善,,,15
2016-08-01,周辺地域景気判断DI,,景況感,現状,かなり改善,,,5
2016-09-01,周辺地域景気判断DI,,景況感,現状,かなり悪化,,,10
2016-09-01,周辺地域景気判断DI,,景況感,現状,やや悪化,,,254
2016-09-01,周辺地域景気判断DI,,景況感,現状,変わらない,,,727
2016-09-01,周辺地域景気判断DI,,景況感,現状,やや改善,,,10
2016-09-01,周辺地域景気判断DI,,景況感,現状,かなり改善,,,0
2016-10-01,周辺地域景気判断DI,,景況感,現状,かなり悪化,,,5
2016-10-01,周辺地域景気判断DI,,景況感,現状,やや悪化,,,167
2016-10-01,周辺地域景気判断DI,,景況感,現状,変わらない,,,799
2016-10-01,周辺地域景気判断DI,,景況感,現状,やや改善,,,29
2016-10-01,周辺地域景気判断DI,,景況感,現状,かなり改善,,,0
2016-11-01,周辺地域景気判断DI,,景況感,現状,かなり悪化,,,5
2016-11-01,周辺地域景気判断DI,,景況感,現状,やや悪化,,,143
2016-11-01,周辺地域景気判断DI,,景況感,現状,変わらない,,,828
2016-11-01,周辺地域景気判断DI,,景況感,現状,やや改善,,,25
2016-11-01,周辺地域景気判断DI,,景況感,現状,かなり改善,,,0
2016-12-01,周辺地域景気判断DI,,景況感,現状,かなり悪化,,,0
2016-12-01,周辺地域景気判断DI,,景況感,現状,やや悪化,,,129
2016-12-01,周辺地域景気判断DI,,景況感,現状,変わらない,,,842
2016-12-01,周辺地域景気判断DI,,景況感,現状,やや改善,,,30
2016-12-01,周辺地域景気判断DI,,景況感,現状,かなり改善,,,0
2017-01-01,周辺地域景気判断DI,,景況感,現状,かなり悪化,,,0
2017-01-01,周辺地域景気判断DI,,景況感,現状,やや悪化,,,164
2017-01-01,周辺地域景気判断DI,,景況感,現状,変わらない,,,811
2017-01-01,周辺地域景気判断DI,,景況感,現状,やや改善,,,25
2017-01-01,周辺地域景気判断DI,,景況感,現状,かなり改善,,,0
2017-02-01,周辺地域景気判断DI,,景況感,現状,かなり悪化,,,0
2017-02-01,周辺地域景気判断DI,,景況感,現状,やや悪化,,,171
2017-02-01,周辺地域景気判断DI,,景況感,現状,変わらない,,,809
2017-02-01,周辺地域景気判断DI,,景況感,現状,やや改善,,,20
2017-02-01,周辺地域景気判断DI,,景況感,現状,かなり改善,,,0
2017-03-01,周辺地域景気判断DI,,景況感,現状,かなり悪化,,,5
2017-03-01,周辺地域景気判断DI,,景況感,現状,やや悪化,,,167
2017-03-01,周辺地域景気判断DI,,景況感,現状,変わらない,,,799
2017-03-01,周辺地域景気判断DI,,景況感,現状,やや改善,,,25
2017-03-01,周辺地域景気判断DI,,景況感,現状,かなり改善,,,5
2017-04-01,周辺地域景気判断DI,,景況感,現状,かなり悪化,,,5
2017-04-01,周辺地域景気判断DI,,景況感,現状,やや悪化,,,137
2017-04-01,周辺地域景気判断DI,,景況感,現状,変わらない,,,839
2017-04-01,周辺地域景気判断DI,,景況感,現状,やや改善,,,19
2017-04-01,周辺地域景気判断DI,,景況感,現状,かなり改善,,,0
2017-05-01,周辺地域景気判断DI,,景況感,現状,かなり悪化,,,0
2017-05-01,周辺地域景気判断DI,,景況感,現状,やや悪化,,,183
2017-05-01,周辺地域景気判断DI,,景況感,現状,変わらない,,,803
2017-05-01,周辺地域景気判断DI,,景況感,現状,やや改善,,,14
2017-05-01,周辺地域景気判断DI,,景況感,現状,かなり改善,,,0
2017-06-01,周辺地域景気判断DI,,景況感,現状,かなり悪化,,,0
2017-06-01,周辺地域景気判断DI,,景況感,現状,やや悪化,,,170
2017-06-01,周辺地域景気判断DI,,景況感,現状,変わらない,,,807
2017-06-01,周辺地域景気判断DI,,景況感,現状,やや改善,,,23
2017-06-01,周辺地域景気判断DI,,景況感,現状,かなり改善,,,0
2017-07-01,周辺地域景気判断DI,,景況感,現状,かなり悪化,,,0
2017-07-01,周辺地域景気判断DI,,景況感,現状,やや悪化,,,162
2017-07-01,周辺地域景気判断DI,,景況感,現状,変わらない,,,812
2017-07-01,周辺地域景気判断DI,,景況感,現状,やや改善,,,25
2017-07-01,周辺地域景気判断DI,,景況感,現状,かなり改善,,,0
2017-08-01,周辺地域景気判断DI,,景況感,現状,かなり悪化,,,0
2017-08-01,周辺地域景気判断DI,,景況感,現状,やや悪化,,,175
2017-08-01,周辺地域景気判断DI,,景況感,現状,変わらない,,,811
2017-08-01,周辺地域景気判断DI,,景況感,現状,やや改善,,,15
2017-08-01,周辺地域景気判断DI,,景況感,現状,かなり改善,,,0
2017-09-01,周辺地域景気判断DI,,景況感,現状,かなり悪化,,,0
2017-09-01,周辺地域景気判断DI,,景況感,現状,やや悪化,,,133
2017-09-01,周辺地域景気判断DI,,景況感,現状,変わらない,,,847
2017-09-01,周辺地域景気判断DI,,景況感,現状,やや改善,,,20
2017-09-01,周辺地域景気判断DI,,景況感,現状,かなり改善,,,0
2017-10-01,周辺地域景気判断DI,,景況感,現状,かなり悪化,,,5
2017-10-01,周辺地域景気判断DI,,景況感,現状,やや悪化,,,167
2017-10-01,周辺地域景気判断DI,,景況感,現状,変わらない,,,807
2017-10-01,周辺地域景気判断DI,,景況感,現状,やや改善,,,21
2017-10-01,周辺地域景気判断DI,,景況感,現状,かなり改善,,,0
2017-11-01,周辺地域景気判断DI,,景況感,現状,かなり悪化,,,5
2017-11-01,周辺地域景気判断DI,,景況感,現状,やや悪化,,,154
2017-11-01,周辺地域景気判断DI,,景況感,現状,変わらない,,,821
2017-11-01,周辺地域景気判断DI,,景況感,現状,やや改善,,,20
2017-11-01,周辺地域景気判断DI,,景況感,現状,かなり改善,,,0
2017-12-01,周辺地域景気判断DI,,景況感,現状,かなり悪化,,,5
2017-12-01,周辺地域景気判断DI,,景況感,現状,やや悪化,,,75
2017-12-01,周辺地域景気判断DI,,景況感,現状,変わらない,,,859
2017-12-01,周辺地域景気判断DI,,景況感,現状,やや改善,,,60
2017-12-01,周辺地域景気判断DI,,景況感,現状,かなり改善,,,0
2018-01-01,周辺地域景気判断DI,,景況感,現状,かなり悪化,,,0
2018-01-01,周辺地域景気判断DI,,景況感,現状,やや悪化,,,132
2018-01-01,周辺地域景気判断DI,,景況感,現状,変わらない,,,843
2018-01-01,周辺地域景気判断DI,,景況感,現状,やや改善,,,25
2018-01-01,周辺地域景気判断DI,,景況感,現状,かなり改善,,,0
2018-02-01,周辺地域景気判断DI,,景況感,現状,かなり悪化,,,5
2018-02-01,周辺地域景気判断DI,,景況感,現状,やや悪化,,,124
2018-02-01,周辺地域景気判断DI,,景況感,現状,変わらない,,,851
2018-02-01,周辺地域景気判断DI,,景況感,現状,やや改善,,,20
2018-02-01,周辺地域景気判断DI,,景況感,現状,かなり改善,,,0
2018-03-01,周辺地域景気判断DI,,景況感,現状,かなり悪化,,,0
2018-03-01,周辺地域景気判断DI,,景況感,現状,やや悪化,,,150
2018-03-01,周辺地域景気判断DI,,景況感,現状,変わらない,,,830
2018-03-01,周辺地域景気判断DI,,景況感,現状,やや改善,,,20
2018-03-01,周辺地域景気判断DI,,景況感,現状,かなり改善,,,0
2018-04-01,周辺地域景気判断DI,,景況感,現状,かなり悪化,,,0
2018-04-01,周辺地域景気判断DI,,景況感,現状,やや悪化,,,174
2018-04-01,周辺地域景気判断DI,,景況感,現状,変わらない,,,801
2018-04-01,周辺地域景気判断DI,,景況感,現状,やや改善,,,25
2018-04-01,周辺地域景気判断DI,,景況感,現状,かなり改善,,,0
2018-05-01,周辺地域景気判断DI,,景況感,現状,かなり悪化,,,10
2018-05-01,周辺地域景気判断DI,,景況感,現状,やや悪化,,,172
2018-05-01,周辺地域景気判断DI,,景況感,現状,変わらない,,,808
2018-05-01,周辺地域景気判断DI,,景況感,現状,やや改善,,,10
2018-05-01,周辺地域景気判断DI,,景況感,現状,かなり改善,,,0
2018-06-01,周辺地域景気判断DI,,景況感,現状,かなり悪化,,,0
2018-06-01,周辺地域景気判断DI,,景況感,現状,やや悪化,,,153
2018-06-01,周辺地域景気判断DI,,景況感,現状,変わらない,,,817
2018-06-01,周辺地域景気判断DI,,景況感,現状,やや改善,,,30
2018-06-01,周辺地域景気判断DI,,景況感,現状,かなり改善,,,0
2018-07-01,周辺地域景気判断DI,,景況感,現状,かなり悪化,,,5
2018-07-01,周辺地域景気判断DI,,景況感,現状,やや悪化,,,141
2018-07-01,周辺地域景気判断DI,,景況感,現状,変わらない,,,818
2018-07-01,周辺地域景気判断DI,,景況感,現状,やや改善,,,31
2018-07-01,周辺地域景気判断DI,,景況感,現状,かなり改善,,,5
2018-08-01,周辺地域景気判断DI,,景況感,現状,かなり悪化,,,0
2018-08-01,周辺地域景気判断DI,,景況感,現状,やや悪化,,,118
2018-08-01,周辺地域景気判断DI,,景況感,現状,変わらない,,,849
2018-08-01,周辺地域景気判断DI,,景況感,現状,やや改善,,,27
2018-08-01,周辺地域景気判断DI,,景況感,現状,かなり改善,,,5
2018-09-01,周辺地域景気判断DI,,景況感,現状,かなり悪化,,,0
2018-09-01,周辺地域景気判断DI,,景況感,現状,やや悪化,,,106
2018-09-01,周辺地域景気判断DI,,景況感,現状,変わらない,,,872
2018-09-01,周辺地域景気判断DI,,景況感,現状,やや改善,,,21
2018-09-01,周辺地域景気判断DI,,景況感,現状,かなり改善,,,0
2018-10-01,周辺地域景気判断DI,,景況感,現状,かなり悪化,,,11
2018-10-01,周辺地域景気判断DI,,景況感,現状,やや悪化,,,119
2018-10-01,周辺地域景気判断DI,,景況感,現状,変わらない,,,859
2018-10-01,周辺地域景気判断DI,,景況感,現状,やや改善,,,5
2018-10-01,周辺地域景気判断DI,,景況感,現状,かなり改善,,,5
2018-11-01,周辺地域景気判断DI,,景況感,現状,かなり悪化,,,11
2018-11-01,周辺地域景気判断DI,,景況感,現状,やや悪化,,,189
2018-11-01,周辺地域景気判断DI,,景況感,現状,変わらない,,,789
2018-11-01,周辺地域景気判断DI,,景況感,現状,やや改善,,,11
2018-11-01,周辺地域景気判断DI,,景況感,現状,かなり改善,,,0
2018-12-01,周辺地域景気判断DI,,景況感,現状,かなり悪化,,,17
2018-12-01,周辺地域景気判断DI,,景況感,現状,やや悪化,,,179
2018-12-01,周辺地域景気判断DI,,景況感,現状,変わらない,,,782
2018-12-01,周辺地域景気判断DI,,景況感,現状,やや改善,,,22
2018-12-01,周辺地域景気判断DI,,景況感,現状,かなり改善,,,0
2019-01-01,周辺地域景気判断DI,,景況感,現状,かなり悪化,,,22
2019-01-01,周辺地域景気判断DI,,景況感,現状,やや悪化,,,237
2019-01-01,周辺地域景気判断DI,,景況感,現状,変わらない,,,731
2019-01-01,周辺地域景気判断DI,,景況感,現状,やや改善,,,11
2019-01-01,周辺地域景気判断DI,,景況感,現状,かなり改善,,,0
2019-02-01,周辺地域景気判断DI,,景況感,現状,かなり悪化,,,11
2019-02-01,周辺地域景気判断DI,,景況感,現状,やや悪化,,,250
2019-02-01,周辺地域景気判断DI,,景況感,現状,変わらない,,,734
2019-02-01,周辺地域景気判断DI,,景況感,現状,やや改善,,,5
2019-02-01,周辺地域景気判断DI,,景況感,現状,かなり改善,,,0
2019-03-01,周辺地域景気判断DI,,景況感,現状,かなり悪化,,,16
2019-03-01,周辺地域景気判断DI,,景況感,現状,やや悪化,,,206
2019-03-01,周辺地域景気判断DI,,景況感,現状,変わらない,,,751
2019-03-01,周辺地域景気判断DI,,景況感,現状,やや改善,,,26
2019-03-01,周辺地域景気判断DI,,景況感,現状,かなり改善,,,0
2019-04-01,周辺地域景気判断DI,,景況感,現状,かなり悪化,,,5
2019-04-01,周辺地域景気判断DI,,景況感,現状,やや悪化,,,191
2019-04-01,周辺地域景気判断DI,,景況感,現状,変わらない,,,787
2019-04-01,周辺地域景気判断DI,,景況感,現状,やや改善,,,16
2019-04-01,周辺地域景気判断DI,,景況感,現状,かなり改善,,,0
2019-05-01,周辺地域景気判断DI,,景況感,現状,かなり悪化,,,5
2019-05-01,周辺地域景気判断DI,,景況感,現状,やや悪化,,,225
2019-05-01,周辺地域景気判断DI,,景況感,現状,変わらない,,,728
2019-05-01,周辺地域景気判断DI,,景況感,現状,やや改善,,,42
2019-05-01,周辺地域景気判断DI,,景況感,現状,かなり改善,,,0
2019-06-01,周辺地域景気判断DI,,景況感,現状,かなり悪化,,,10
2019-06-01,周辺地域景気判断DI,,景況感,現状,やや悪化,,,215
2019-06-01,周辺地域景気判断DI,,景況感,現状,変わらない,,,759
2019-06-01,周辺地域景気判断DI,,景況感,現状,やや改善,,,16
2019-06-01,周辺地域景気判断DI,,景況感,現状,かなり改善,,,0
2019-07-01,周辺地域景気判断DI,,景況感,現状,かなり悪化,,,11
2019-07-01,周辺地域景気判断DI,,景況感,現状,やや悪化,,,287
2019-07-01,周辺地域景気判断DI,,景況感,現状,変わらない,,,685
2019-07-01,周辺地域景気判断DI,,景況感,現状,やや改善,,,17
2019-07-01,周辺地域景気判断DI,,景況感,現状,かなり改善,,,0
2019-08-01,周辺地域景気判断DI,,景況感,現状,かなり悪化,,,12
2019-08-01,周辺地域景気判断DI,,景況感,現状,やや悪化,,,287
2019-08-01,周辺地域景気判断DI,,景況感,現状,変わらない,,,696
2019-08-01,周辺地域景気判断DI,,景況感,現状,やや改善,,,6
2019-08-01,周辺地域景気判断DI,,景況感,現状,かなり改善,,,0
2019-09-01,周辺地域景気判断DI,,景況感,現状,かなり悪化,,,29
2019-09-01,周辺地域景気判断DI,,景況感,現状,やや悪化,,,257
2019-09-01,周辺地域景気判断DI,,景況感,現状,変わらない,,,678
2019-09-01,周辺地域景気判断DI,,景況感,現状,やや改善,,,35
2019-09-01,周辺地域景気判断DI,,景況感,現状,かなり改善,,,0
2019-10-01,周辺地域景気判断DI,,景況感,現状,かなり悪化,,,22
2019-10-01,周辺地域景気判断DI,,景況感,現状,やや悪化,,,311
2019-10-01,周辺地域景気判断DI,,景況感,現状,変わらない,,,656
2019-10-01,周辺地域景気判断DI,,景況感,現状,やや改善,,,11
2019-10-01,周辺地域景気判断DI,,景況感,現状,かなり改善,,,0
2019-11-01,周辺地域景気判断DI,,景況感,現状,かなり悪化,,,34
2019-11-01,周辺地域景気判断DI,,景況感,現状,やや悪化,,,249
2019-11-01,周辺地域景気判断DI,,景況感,現状,変わらない,,,706
2019-11-01,周辺地域景気判断DI,,景況感,現状,やや改善,,,11
2019-11-01,周辺地域景気判断DI,,景況感,現状,かなり改善,,,0
2019-12-01,周辺地域景気判断DI,,景況感,現状,かなり悪化,,,5
2019-12-01,周辺地域景気判断DI,,景況感,現状,やや悪化,,,225
2019-12-01,周辺地域景気判断DI,,景況感,現状,変わらない,,,765
2019-12-01,周辺地域景気判断DI,,景況感,現状,やや改善,,,5
2019-12-01,周辺地域景気判断DI,,景況感,現状,かなり改善,,,0
2020-01-01,周辺地域景気判断DI,,景況感,現状,かなり悪化,,,11
2020-01-01,周辺地域景気判断DI,,景況感,現状,やや悪化,,,220
2020-01-01,周辺地域景気判断DI,,景況感,現状,変わらない,,,753
2020-01-01,周辺地域景気判断DI,,景況感,現状,やや改善,,,16
2020-01-01,周辺地域景気判断DI,,景況感,現状,かなり改善,,,0
2020-02-01,周辺地域景気判断DI,,景況感,現状,かなり悪化,,,34
2020-02-01,周辺地域景気判断DI,,景況感,現状,やや悪化,,,237
2020-02-01,周辺地域景気判断DI,,景況感,現状,変わらない,,,655
2020-02-01,周辺地域景気判断DI,,景況感,現状,やや改善,,,73
2020-02-01,周辺地域景気判断DI,,景況感,現状,かなり改善,,,0
2020-03-01,周辺地域景気判断DI,,景況感,現状,かなり悪化,,,114
2020-03-01,周辺地域景気判断DI,,景況感,現状,やや悪化,,,321
2020-03-01,周辺地域景気判断DI,,景況感,現状,変わらない,,,451
2020-03-01,周辺地域景気判断DI,,景況感,現状,やや改善,,,98
2020-03-01,周辺地域景気判断DI,,景況感,現状,かなり改善,,,16
2020-04-01,周辺地域景気判断DI,,景況感,現状,かなり悪化,,,137
2020-04-01,周辺地域景気判断DI,,景況感,現状,やや悪化,,,268
2020-04-01,周辺地域景気判断DI,,景況感,現状,変わらない,,,497
2020-04-01,周辺地域景気判断DI,,景況感,現状,やや改善,,,71
2020-04-01,周辺地域景気判断DI,,景況感,現状,かなり改善,,,27
2020-05-01,周辺地域景気判断DI,,景況感,現状,かなり悪化,,,85
2020-05-01,周辺地域景気判断DI,,景況感,現状,やや悪化,,,261
2020-05-01,周辺地域景気判断DI,,景況感,現状,変わらない,,,534
2020-05-01,周辺地域景気判断DI,,景況感,現状,やや改善,,,97
2020-05-01,周辺地域景気判断DI,,景況感,現状,かなり改善,,,23
2020-06-01,周辺地域景気判断DI,,景況感,現状,かなり悪化,,,43
2020-06-01,周辺地域景気判断DI,,景況感,現状,やや悪化,,,303
2020-06-01,周辺地域景気判断DI,,景況感,現状,変わらない,,,616
2020-06-01,周辺地域景気判断DI,,景況感,現状,やや改善,,,32
2020-06-01,周辺地域景気判断DI,,景況感,現状,かなり改善,,,5
2020-07-01,周辺地域景気判断DI,,景況感,現状,かなり悪化,,,39
2020-07-01,周辺地域景気判断DI,,景況感,現状,やや悪化,,,293
2020-07-01,周辺地域景気判断DI,,景況感,現状,変わらない,,,608
2020-07-01,周辺地域景気判断DI,,景況感,現状,やや改善,,,50
2020-07-01,周辺地域景気判断DI,,景況感,現状,かなり改善,,,11
2020-08-01,周辺地域景気判断DI,,景況感,現状,かなり悪化,,,16
2020-08-01,周辺地域景気判断DI,,景況感,現状,やや悪化,,,297
2020-08-01,周辺地域景気判断DI,,景況感,現状,変わらない,,,654
2020-08-01,周辺地域景気判断DI,,景況感,現状,やや改善,,,32
2020-08-01,周辺地域景気判断DI,,景況感,現状,かなり改善,,,0
2020-09-01,周辺地域景気判断DI,,景況感,現状,かなり悪化,,,11
2020-09-01,周辺地域景気判断DI,,景況感,現状,やや悪化,,,299
2020-09-01,周辺地域景気判断DI,,景況感,現状,変わらない,,,652
2020-09-01,周辺地域景気判断DI,,景況感,現状,やや改善,,,38
2020-09-01,周辺地域景気判断DI,,景況感,現状,かなり改善,,,0
2020-10-01,周辺地域景気判断DI,,景況感,現状,かなり悪化,,,16
2020-10-01,周辺地域景気判断DI,,景況感,現状,やや悪化,,,262
2020-10-01,周辺地域景気判断DI,,景況感,現状,変わらない,,,678
2020-10-01,周辺地域景気判断DI,,景況感,現状,やや改善,,,44
2020-10-01,周辺地域景気判断DI,,景況感,現状,かなり改善,,,0
2020-11-01,周辺地域景気判断DI,,景況感,現状,かなり悪化,,,6
2020-11-01,周辺地域景気判断DI,,景況感,現状,やや悪化,,,331
2020-11-01,周辺地域景気判断DI,,景況感,現状,変わらない,,,646
2020-11-01,周辺地域景気判断DI,,景況感,現状,やや改善,,,17
2020-11-01,周辺地域景気判断DI,,景況感,現状,かなり改善,,,0
2020-12-01,周辺地域景気判断DI,,景況感,現状,かなり悪化,,,6
2020-12-01,周辺地域景気判断DI,,景況感,現状,やや悪化,,,300
2020-12-01,周辺地域景気判断DI,,景況感,現状,変わらない,,,672
2020-12-01,周辺地域景気判断DI,,景況感,現状,やや改善,,,17
2020-12-01,周辺地域景気判断DI,,景況感,現状,かなり改善,,,6
2021-01-01,周辺地域景気判断DI,,景況感,現状,かなり悪化,,,16
2021-01-01,周辺地域景気判断DI,,景況感,現状,やや悪化,,,245
2021-01-01,周辺地域景気判断DI,,景況感,現状,変わらない,,,723
2021-01-01,周辺地域景気判断DI,,景況感,現状,やや改善,,,16
2021-01-01,周辺地域景気判断DI,,景況感,現状,かなり改善,,,0
2021-02-01,周辺地域景気判断DI,,景況感,現状,かなり悪化,,,11
2021-02-01,周辺地域景気判断DI,,景況感,現状,やや悪化,,,273
2021-02-01,周辺地域景気判断DI,,景況感,現状,変わらない,,,716
2021-02-01,周辺地域景気判断DI,,景況感,現状,やや改善,,,0
2021-02-01,周辺地域景気判断DI,,景況感,現状,かなり改善,,,0
2021-03-01,周辺地域景気判断DI,,景況感,現状,かなり悪化,,,22
2021-03-01,周辺地域景気判断DI,,景況感,現状,やや悪化,,,364
2021-03-01,周辺地域景気判断DI,,景況感,現状,変わらない,,,592
2021-03-01,周辺地域景気判断DI,,景況感,現状,やや改善,,,22
2021-03-01,周辺地域景気判断DI,,景況感,現状,かなり改善,,,0
2021-04-01,周辺地域景気判断DI,,景況感,現状,かなり悪化,,,22
2021-04-01,周辺地域景気判断DI,,景況感,現状,やや悪化,,,394
2021-04-01,周辺地域景気判断DI,,景況感,現状,変わらない,,,556
2021-04-01,周辺地域景気判断DI,,景況感,現状,やや改善,,,28
2021-04-01,周辺地域景気判断DI,,景況感,現状,かなり改善,,,0
2021-05-01,周辺地域景気判断DI,,景況感,現状,かなり悪化,,,16
2021-05-01,周辺地域景気判断DI,,景況感,現状,やや悪化,,,369
2021-05-01,周辺地域景気判断DI,,景況感,現状,変わらない,,,594
2021-05-01,周辺地域景気判断DI,,景況感,現状,やや改善,,,21
2021-05-01,周辺地域景気判断DI,,景況感,現状,かなり改善,,,0
2021-06-01,周辺地域景気判断DI,,景況感,現状,かなり悪化,,,17
2021-06-01,周辺地域景気判断DI,,景況感,現状,やや悪化,,,292
2021-06-01,周辺地域景気判断DI,,景況感,現状,変わらない,,,680
2021-06-01,周辺地域景気判断DI,,景況感,現状,やや改善,,,11
2021-06-01,周辺地域景気判断DI,,景況感,現状,かなり改善,,,0
2021-07-01,周辺地域景気判断DI,,景況感,現状,かなり悪化,,,11
2021-07-01,周辺地域景気判断DI,,景況感,現状,やや悪化,,,290
2021-07-01,周辺地域景気判断DI,,景況感,現状,変わらない,,,678
2021-07-01,周辺地域景気判断DI,,景況感,現状,やや改善,,,22
2021-07-01,周辺地域景気判断DI,,景況感,現状,かなり改善,,,0
2021-08-01,周辺地域景気判断DI,,景況感,現状,かなり悪化,,,22
2021-08-01,周辺地域景気判断DI,,景況感,現状,やや悪化,,,312
2021-08-01,周辺地域景気判断DI,,景況感,現状,変わらない,,,656
2021-08-01,周辺地域景気判断DI,,景況感,現状,やや改善,,,11
2021-08-01,周辺地域景気判断DI,,景況感,現状,かなり改善,,,0
2021-09-01,周辺地域景気判断DI,,景況感,現状,かなり悪化,,,22
2021-09-01,周辺地域景気判断DI,,景況感,現状,やや悪化,,,228
2021-09-01,周辺地域景気判断DI,,景況感,現状,変わらない,,,707
2021-09-01,周辺地域景気判断DI,,景況感,現状,やや改善,,,43
2021-09-01,周辺地域景気判断DI,,景況感,現状,かなり改善,,,0
2021-10-01,周辺地域景気判断DI,,景況感,現状,かなり悪化,,,11
2021-10-01,周辺地域景気判断DI,,景況感,現状,やや悪化,,,247
2021-10-01,周辺地域景気判断DI,,景況感,現状,変わらない,,,730
2021-10-01,周辺地域景気判断DI,,景況感,現状,やや改善,,,11
2021-10-01,周辺地域景気判断DI,,景況感,現状,かなり改善,,,0
2021-11-01,周辺地域景気判断DI,,景況感,現状,かなり悪化,,,33
2021-11-01,周辺地域景気判断DI,,景況感,現状,やや悪化,,,293
2021-11-01,周辺地域景気判断DI,,景況感,現状,変わらない,,,635
2021-11-01,周辺地域景気判断DI,,景況感,現状,やや改善,,,39
2021-11-01,周辺地域景気判断DI,,景況感,現状,かなり改善,,,0
2021-12-01,周辺地域景気判断DI,,景況感,現状,かなり悪化,,,27
2021-12-01,周辺地域景気判断DI,,景況感,現状,やや悪化,,,319
2021-12-01,周辺地域景気判断DI,,景況感,現状,変わらない,,,616
2021-12-01,周辺地域景気判断DI,,景況感,現状,やや改善,,,38
2021-12-01,周辺地域景気判断DI,,景況感,現状,かなり改善,,,0
2022-01-01,周辺地域景気判断DI,,景況感,現状,かなり悪化,,,16
2022-01-01,周辺地域景気判断DI,,景況感,現状,やや悪化,,,324
2022-01-01,周辺地域景気判断DI,,景況感,現状,変わらない,,,643
2022-01-01,周辺地域景気判断DI,,景況感,現状,やや改善,,,16
2022-01-01,周辺地域景気判断DI,,景況感,現状,かなり改善,,,0
2022-02-01,周辺地域景気判断DI,,景況感,現状,かなり悪化,,,17
2022-02-01,周辺地域景気判断DI,,景況感,現状,やや悪化,,,227
2022-02-01,周辺地域景気判断DI,,景況感,現状,変わらない,,,727
2022-02-01,周辺地域景気判断DI,,景況感,現状,やや改善,,,29
2022-02-01,周辺地域景気判断DI,,景況感,現状,かなり改善,,,0
2022-03-01,周辺地域景気判断DI,,景況感,現状,かなり悪化,,,17
2022-03-01,周辺地域景気判断DI,,景況感,現状,やや悪化,,,254
2022-03-01,周辺地域景気判断DI,,景況感,現状,変わらない,,,712
2022-03-01,周辺地域景気判断DI,,景況感,現状,やや改善,,,17
2022-03-01,周辺地域景気判断DI,,景況感,現状,かなり改善,,,0
2022-04-01,周辺地域景気判断DI,,景況感,現状,かなり悪化,,,11
2022-04-01,周辺地域景気判断DI,,景況感,現状,やや悪化,,,258
2022-04-01,周辺地域景気判断DI,,景況感,現状,変わらない,,,692
2022-04-01,周辺地域景気判断DI,,景況感,現状,やや改善,,,38
2022-04-01,周辺地域景気判断DI,,景況感,現状,かなり改善,,,0
2022-05-01,周辺地域景気判断DI,,景況感,現状,かなり悪化,,,17
2022-05-01,周辺地域景気判断DI,,景況感,現状,やや悪化,,,350
2022-05-01,周辺地域景気判断DI,,景況感,現状,変わらない,,,588
2022-05-01,周辺地域景気判断DI,,景況感,現状,やや改善,,,45
2022-05-01,周辺地域景気判断DI,,景況感,現状,かなり改善,,,0
2022-06-01,周辺地域景気判断DI,,景況感,現状,かなり悪化,,,16
2022-06-01,周辺地域景気判断DI,,景況感,現状,やや悪化,,,399
2022-06-01,周辺地域景気判断DI,,景況感,現状,変わらない,,,557
2022-06-01,周辺地域景気判断DI,,景況感,現状,やや改善,,,27
2022-06-01,周辺地域景気判断DI,,景況感,現状,かなり改善,,,0
2022-07-01,周辺地域景気判断DI,,景況感,現状,かなり悪化,,,11
2022-07-01,周辺地域景気判断DI,,景況感,現状,やや悪化,,,298
2022-07-01,周辺地域景気判断DI,,景況感,現状,変わらない,,,657
2022-07-01,周辺地域景気判断DI,,景況感,現状,やや改善,,,34
2022-07-01,周辺地域景気判断DI,,景況感,現状,かなり改善,,,0
2022-08-01,周辺地域景気判断DI,,景況感,現状,かなり悪化,,,34
2022-08-01,周辺地域景気判断DI,,景況感,現状,やや悪化,,,303
2022-08-01,周辺地域景気判断DI,,景況感,現状,変わらない,,,617
2022-08-01,周辺地域景気判断DI,,景況感,現状,やや改善,,,40
2022-08-01,周辺地域景気判断DI,,景況感,現状,かなり改善,,,6
2022-09-01,周辺地域景気判断DI,,景況感,現状,かなり悪化,,,22
2022-09-01,周辺地域景気判断DI,,景況感,現状,やや悪化,,,381
2022-09-01,周辺地域景気判断DI,,景況感,現状,変わらない,,,580
2022-09-01,周辺地域景気判断DI,,景況感,現状,やや改善,,,17
2022-09-01,周辺地域景気判断DI,,景況感,現状,かなり改善,,,0
2022-10-01,周辺地域景気判断DI,,景況感,現状,かなり悪化,,,11
2022-10-01,周辺地域景気判断DI,,景況感,現状,やや悪化,,,300
2022-10-01,周辺地域景気判断DI,,景況感,現状,変わらない,,,628
2022-10-01,周辺地域景気判断DI,,景況感,現状,やや改善,,,61
2022-10-01,周辺地域景気判断DI,,景況感,現状,かなり改善,,,0
2022-11-01,周辺地域景気判断DI,,景況感,現状,かなり悪化,,,22
2022-11-01,周辺地域景気判断DI,,景況感,現状,やや悪化,,,303
2022-11-01,周辺地域景気判断DI,,景況感,現状,変わらない,,,624
2022-11-01,周辺地域景気判断DI,,景況感,現状,やや改善,,,51
2022-11-01,周辺地域景気判断DI,,景況感,現状,かなり改善,,,0
2022-12-01,周辺地域景気判断DI,,景況感,現状,かなり悪化,,,5
2022-12-01,周辺地域景気判断DI,,景況感,現状,やや悪化,,,250
2022-12-01,周辺地域景気判断DI,,景況感,現状,変わらない,,,674
2022-12-01,周辺地域景気判断DI,,景況感,現状,やや改善,,,71
2022-12-01,周辺地域景気判断DI,,景況感,現状,かなり改善,,,0
2023-01-01,周辺地域景気判断DI,,景況感,現状,かなり悪化,,,21
2023-01-01,周辺地域景気判断DI,,景況感,現状,やや悪化,,,293
2023-01-01,周辺地域景気判断DI,,景況感,現状,変わらない,,,633
2023-01-01,周辺地域景気判断DI,,景況感,現状,やや改善,,,48
2023-01-01,周辺地域景気判断DI,,景況感,現状,かなり改善,,,5
2023-02-01,周辺地域景気判断DI,,景況感,現状,かなり悪化,,,22
2023-02-01,周辺地域景気判断DI,,景況感,現状,やや悪化,,,359
2023-02-01,周辺地域景気判断DI,,景況感,現状,変わらない,,,598
2023-02-01,周辺地域景気判断DI,,景況感,現状,やや改善,,,22
2023-02-01,周辺地域景気判断DI,,景況感,現状,かなり改善,,,0
2023-03-01,周辺地域景気判断DI,,景況感,現状,かなり悪化,,,16
2023-03-01,周辺地域景気判断DI,,景況感,現状,やや悪化,,,250
2023-03-01,周辺地域景気判断DI,,景況感,現状,変わらない,,,690
2023-03-01,周辺地域景気判断DI,,景況感,現状,やや改善,,,43
2023-03-01,周辺地域景気判断DI,,景況感,現状,かなり改善,,,0
2023-04-01,周辺地域景気判断DI,,景況感,現状,かなり悪化,,,11
2023-04-01,周辺地域景気判断DI,,景況感,現状,やや悪化,,,163
2023-04-01,周辺地域景気判断DI,,景況感,現状,変わらない,,,747
2023-04-01,周辺地域景気判断DI,,景況感,現状,やや改善,,,73
2023-04-01,周辺地域景気判断DI,,景況感,現状,かなり改善,,,6
2023-05-01,周辺地域景気判断DI,,景況感,現状,かなり悪化,,,6
2023-05-01,周辺地域景気判断DI,,景況感,現状,やや悪化,,,141
2023-05-01,周辺地域景気判断DI,,景況感,現状,変わらない,,,791
2023-05-01,周辺地域景気判断DI,,景況感,現状,やや改善,,,62
2023-05-01,周辺地域景気判断DI,,景況感,現状,かなり改善,,,0
2023-06-01,周辺地域景気判断DI,,景況感,現状,かなり悪化,,,22
2023-06-01,周辺地域景気判断DI,,景況感,現状,やや悪化,,,140
2023-06-01,周辺地域景気判断DI,,景況感,現状,変わらない,,,730
2023-06-01,周辺地域景気判断DI,,景況感,現状,やや改善,,,96
2023-06-01,周辺地域景気判断DI,,景況感,現状,かなり改善,,,11
2023-07-01,周辺地域景気判断DI,,景況感,現状,かなり悪化,,,17
2023-07-01,周辺地域景気判断DI,,景況感,現状,やや悪化,,,94
2023-07-01,周辺地域景気判断DI,,景況感,現状,変わらない,,,762
2023-07-01,周辺地域景気判断DI,,景況感,現状,やや改善,,,122
2023-07-01,周辺地域景気判断DI,,景況感,現状,かなり改善,,,6
2023-08-01,周辺地域景気判断DI,,景況感,現状,かなり悪化,,,11
2023-08-01,周辺地域景気判断DI,,景況感,現状,やや悪化,,,86
2023-08-01,周辺地域景気判断DI,,景況感,現状,変わらない,,,791
2023-08-01,周辺地域景気判断DI,,景況感,現状,やや改善,,,107
2023-08-01,周辺地域景気判断DI,,景況感,現状,かなり改善,,,5
2023-09-01,周辺地域景気判断DI,,景況感,現状,かなり悪化,,,6
2023-09-01,周辺地域景気判断DI,,景況感,現状,やや悪化,,,107
2023-09-01,周辺地域景気判断DI,,景況感,現状,変わらない,,,770
2023-09-01,周辺地域景気判断DI,,景況感,現状,やや改善,,,118
2023-09-01,周辺地域景気判断DI,,景況感,現状,かなり改善,,,0
2023-10-01,周辺地域景気判断DI,,景況感,現状,かなり悪化,,,0
2023-10-01,周辺地域景気判断DI,,景況感,現状,やや悪化,,,107
2023-10-01,周辺地域景気判断DI,,景況感,現状,変わらない,,,817
2023-10-01,周辺地域景気判断DI,,景況感,現状,やや改善,,,77
2023-10-01,周辺地域景気判断DI,,景況感,現状,かなり改善,,,0
2023-11-01,周辺地域景気判断DI,,景況感,現状,かなり悪化,,,6
2023-11-01,周辺地域景気判断DI,,景況感,現状,やや悪化,,,94
2023-11-01,周辺地域景気判断DI,,景況感,現状,変わらない,,,812
2023-11-01,周辺地域景気判断DI,,景況感,現状,やや改善,,,88
2023-11-01,周辺地域景気判断DI,,景況感,現状,かなり改善,,,0
2023-12-01,周辺地域景気判断DI,,景況感,現状,かなり悪化,,,6
2023-12-01,周辺地域景気判断DI,,景況感,現状,やや悪化,,,73
2023-12-01,周辺地域景気判断DI,,景況感,現状,変わらない,,,838
2023-12-01,周辺地域景気判断DI,,景況感,現状,やや改善,,,84
2023-12-01,周辺地域景気判断DI,,景況感,現状,かなり改善,,,0
2024-01-01,周辺地域景気判断DI,,景況感,現状,かなり悪化,,,11
2024-01-01,周辺地域景気判断DI,,景況感,現状,やや悪化,,,73
2024-01-01,周辺地域景気判断DI,,景況感,現状,変わらない,,,842
2024-01-01,周辺地域景気判断DI,,景況感,現状,やや改善,,,68
2024-01-01,周辺地域景気判断DI,,景況感,現状,かなり改善,,,6
2024-02-01,周辺地域景気判断DI,,景況感,現状,かなり悪化,,,6
2024-02-01,周辺地域景気判断DI,,景況感,現状,やや悪化,,,96
2024-02-01,周辺地域景気判断DI,,景況感,現状,変わらない,,,831
2024-02-01,周辺地域景気判断DI,,景況感,現状,やや改善,,,62
2024-02-01,周辺地域景気判断DI,,景況感,現状,かなり改善,,,6
2024-03-01,周辺地域景気判断DI,,景況感,現状,かなり悪化,,,0
2024-03-01,周辺地域景気判断DI,,景況感,現状,やや悪化,,,73
2024-03-01,周辺地域景気判断DI,,景況感,現状,変わらない,,,836
2024-03-01,周辺地域景気判断DI,,景況感,現状,やや改善,,,79
2024-03-01,周辺地域景気判断DI,,景況感,現状,かなり改善,,,11
2024-04-01,周辺地域景気判断DI,,景況感,現状,かなり悪化,,,6
2024-04-01,周辺地域景気判断DI,,景況感,現状,やや悪化,,,167
2024-04-01,周辺地域景気判断DI,,景況感,現状,変わらない,,,772
2024-04-01,周辺地域景気判断DI,,景況感,現状,やや改善,,,49
2024-04-01,周辺地域景気判断DI,,景況感,現状,かなり改善,,,6
2024-05-01,周辺地域景気判断DI,,景況感,現状,かなり悪化,,,0
2024-05-01,周辺地域景気判断DI,,景況感,現状,やや悪化,,,184
2024-05-01,周辺地域景気判断DI,,景況感,現状,変わらない,,,770
2024-05-01,周辺地域景気判断DI,,景況感,現状,やや改善,,,46
2024-05-01,周辺地域景気判断DI,,景況感,現状,かなり改善,,,0
2024-06-01,周辺地域景気判断DI,,景況感,現状,かなり悪化,,,0
2024-06-01,周辺地域景気判断DI,,景況感,現状,やや悪化,,,144
2024-06-01,周辺地域景気判断DI,,景況感,現状,変わらない,,,816
2024-06-01,周辺地域景気判断DI,,景況感,現状,やや改善,,,40
2024-06-01,周辺地域景気判断DI,,景況感,現状,かなり改善,,,0
2024-07-01,周辺地域景気判断DI,,景況感,現状,かなり悪化,,,6
2024-07-01,周辺地域景気判断DI,,景況感,現状,やや悪化,,,181
2024-07-01,周辺地域景気判断DI,,景況感,現状,変わらない,,,774
2024-07-01,周辺地域景気判断DI,,景況感,現状,やや改善,,,40
2024-07-01,周辺地域景気判断DI,,景況感,現状,かなり改善,,,0
2024-08-01,周辺地域景気判断DI,,景況感,現状,かなり悪化,,,0
2024-08-01,周辺地域景気判断DI,,景況感,現状,やや悪化,,,135
2024-08-01,周辺地域景気判断DI,,景況感,現状,変わらない,,,801
2024-08-01,周辺地域景気判断DI,,景況感,現状,やや改善,,,64
2024-08-01,周辺地域景気判断DI,,景況感,現状,かなり改善,,,0
2024-09-01,周辺地域景気判断DI,,景況感,現状,かなり悪化,,,0
2024-09-01,周辺地域景気判断DI,,景況感,現状,やや悪化,,,108
2024-09-01,周辺地域景気判断DI,,景況感,現状,変わらない,,,867
2024-09-01,周辺地域景気判断DI,,景況感,現状,やや改善,,,25
2024-09-01,周辺地域景気判断DI,,景況感,現状,かなり改善,,,0
2011-04-01,周辺地域景気判断DI,,景況感,見通,かなり悪化,,,29
2011-04-01,周辺地域景気判断DI,,景況感,見通,やや悪化,,,445
2011-04-01,周辺地域景気判断DI,,景況感,見通,変わらない,,,494
2011-04-01,周辺地域景気判断DI,,景況感,見通,やや改善,,,32
2011-04-01,周辺地域景気判断DI,,景況感,見通,かなり改善,,,0
2011-05-01,周辺地域景気判断DI,,景況感,見通,かなり悪化,,,38
2011-05-01,周辺地域景気判断DI,,景況感,見通,やや悪化,,,407
2011-05-01,周辺地域景気判断DI,,景況感,見通,変わらない,,,521
2011-05-01,周辺地域景気判断DI,,景況感,見通,やや改善,,,35
2011-05-01,周辺地域景気判断DI,,景況感,見通,かなり改善,,,0
2011-06-01,周辺地域景気判断DI,,景況感,見通,かなり悪化,,,23
2011-06-01,周辺地域景気判断DI,,景況感,見通,やや悪化,,,341
2011-06-01,周辺地域景気判断DI,,景況感,見通,変わらない,,,599
2011-06-01,周辺地域景気判断DI,,景況感,見通,やや改善,,,37
2011-06-01,周辺地域景気判断DI,,景況感,見通,かなり改善,,,0
2011-07-01,周辺地域景気判断DI,,景況感,見通,かなり悪化,,,26
2011-07-01,周辺地域景気判断DI,,景況感,見通,やや悪化,,,321
2011-07-01,周辺地域景気判断DI,,景況感,見通,変わらない,,,610
2011-07-01,周辺地域景気判断DI,,景況感,見通,やや改善,,,43
2011-07-01,周辺地域景気判断DI,,景況感,見通,かなり改善,,,0
2011-08-01,周辺地域景気判断DI,,景況感,見通,かなり悪化,,,25
2011-08-01,周辺地域景気判断DI,,景況感,見通,やや悪化,,,324
2011-08-01,周辺地域景気判断DI,,景況感,見通,変わらない,,,629
2011-08-01,周辺地域景気判断DI,,景況感,見通,やや改善,,,22
2011-08-01,周辺地域景気判断DI,,景況感,見通,かなり改善,,,0
2011-09-01,周辺地域景気判断DI,,景況感,見通,かなり悪化,,,21
2011-09-01,周辺地域景気判断DI,,景況感,見通,やや悪化,,,307
2011-09-01,周辺地域景気判断DI,,景況感,見通,変わらない,,,631
2011-09-01,周辺地域景気判断DI,,景況感,見通,やや改善,,,41
2011-09-01,周辺地域景気判断DI,,景況感,見通,かなり改善,,,0
2011-10-01,周辺地域景気判断DI,,景況感,見通,かなり悪化,,,27
2011-10-01,周辺地域景気判断DI,,景況感,見通,やや悪化,,,306
2011-10-01,周辺地域景気判断DI,,景況感,見通,変わらない,,,646
2011-10-01,周辺地域景気判断DI,,景況感,見通,やや改善,,,20
2011-10-01,周辺地域景気判断DI,,景況感,見通,かなり改善,,,0
2011-11-01,周辺地域景気判断DI,,景況感,見通,かなり悪化,,,37
2011-11-01,周辺地域景気判断DI,,景況感,見通,やや悪化,,,364
2011-11-01,周辺地域景気判断DI,,景況感,見通,変わらない,,,576
2011-11-01,周辺地域景気判断DI,,景況感,見通,やや改善,,,24
2011-11-01,周辺地域景気判断DI,,景況感,見通,かなり改善,,,0
2011-12-01,周辺地域景気判断DI,,景況感,見通,かなり悪化,,,21
2011-12-01,周辺地域景気判断DI,,景況感,見通,やや悪化,,,293
2011-12-01,周辺地域景気判断DI,,景況感,見通,変わらない,,,657
2011-12-01,周辺地域景気判断DI,,景況感,見通,やや改善,,,28
2011-12-01,周辺地域景気判断DI,,景況感,見通,かなり改善,,,0
2012-01-01,周辺地域景気判断DI,,景況感,見通,かなり悪化,,,16
2012-01-01,周辺地域景気判断DI,,景況感,見通,やや悪化,,,299
2012-01-01,周辺地域景気判断DI,,景況感,見通,変わらない,,,645
2012-01-01,周辺地域景気判断DI,,景況感,見通,やや改善,,,40
2012-01-01,周辺地域景気判断DI,,景況感,見通,かなり改善,,,0
2012-02-01,周辺地域景気判断DI,,景況感,見通,かなり悪化,,,27
2012-02-01,周辺地域景気判断DI,,景況感,見通,やや悪化,,,199
2012-02-01,周辺地域景気判断DI,,景況感,見通,変わらない,,,731
2012-02-01,周辺地域景気判断DI,,景況感,見通,やや改善,,,43
2012-02-01,周辺地域景気判断DI,,景況感,見通,かなり改善,,,0
2012-03-01,周辺地域景気判断DI,,景況感,見通,かなり悪化,,,17
2012-03-01,周辺地域景気判断DI,,景況感,見通,やや悪化,,,246
2012-03-01,周辺地域景気判断DI,,景況感,見通,変わらない,,,706
2012-03-01,周辺地域景気判断DI,,景況感,見通,やや改善,,,31
2012-03-01,周辺地域景気判断DI,,景況感,見通,かなり改善,,,0
2012-04-01,周辺地域景気判断DI,,景況感,見通,かなり悪化,,,13
2012-04-01,周辺地域景気判断DI,,景況感,見通,やや悪化,,,234
2012-04-01,周辺地域景気判断DI,,景況感,見通,変わらない,,,717
2012-04-01,周辺地域景気判断DI,,景況感,見通,やや改善,,,36
2012-04-01,周辺地域景気判断DI,,景況感,見通,かなり改善,,,0
2012-05-01,周辺地域景気判断DI,,景況感,見通,かなり悪化,,,7
2012-05-01,周辺地域景気判断DI,,景況感,見通,やや悪化,,,227
2012-05-01,周辺地域景気判断DI,,景況感,見通,変わらない,,,739
2012-05-01,周辺地域景気判断DI,,景況感,見通,やや改善,,,27
2012-05-01,周辺地域景気判断DI,,景況感,見通,かなり改善,,,0
2012-06-01,周辺地域景気判断DI,,景況感,見通,かなり悪化,,,7
2012-06-01,周辺地域景気判断DI,,景況感,見通,やや悪化,,,276
2012-06-01,周辺地域景気判断DI,,景況感,見通,変わらない,,,687
2012-06-01,周辺地域景気判断DI,,景況感,見通,やや改善,,,30
2012-06-01,周辺地域景気判断DI,,景況感,見通,かなり改善,,,0
2012-07-01,周辺地域景気判断DI,,景況感,見通,かなり悪化,,,14
2012-07-01,周辺地域景気判断DI,,景況感,見通,やや悪化,,,301
2012-07-01,周辺地域景気判断DI,,景況感,見通,変わらない,,,676
2012-07-01,周辺地域景気判断DI,,景況感,見通,やや改善,,,10
2012-07-01,周辺地域景気判断DI,,景況感,見通,かなり改善,,,0
2012-08-01,周辺地域景気判断DI,,景況感,見通,かなり悪化,,,24
2012-08-01,周辺地域景気判断DI,,景況感,見通,やや悪化,,,292
2012-08-01,周辺地域景気判断DI,,景況感,見通,変わらない,,,674
2012-08-01,周辺地域景気判断DI,,景況感,見通,やや改善,,,10
2012-08-01,周辺地域景気判断DI,,景況感,見通,かなり改善,,,0
2012-09-01,周辺地域景気判断DI,,景況感,見通,かなり悪化,,,7
2012-09-01,周辺地域景気判断DI,,景況感,見通,やや悪化,,,311
2012-09-01,周辺地域景気判断DI,,景況感,見通,変わらない,,,668
2012-09-01,周辺地域景気判断DI,,景況感,見通,やや改善,,,14
2012-09-01,周辺地域景気判断DI,,景況感,見通,かなり改善,,,0
2012-10-01,周辺地域景気判断DI,,景況感,見通,かなり悪化,,,33
2012-10-01,周辺地域景気判断DI,,景況感,見通,やや悪化,,,341
2012-10-01,周辺地域景気判断DI,,景況感,見通,変わらない,,,623
2012-10-01,周辺地域景気判断DI,,景況感,見通,やや改善,,,4
2012-10-01,周辺地域景気判断DI,,景況感,見通,かなり改善,,,0
2012-11-01,周辺地域景気判断DI,,景況感,見通,かなり悪化,,,33
2012-11-01,周辺地域景気判断DI,,景況感,見通,やや悪化,,,377
2012-11-01,周辺地域景気判断DI,,景況感,見通,変わらない,,,586
2012-11-01,周辺地域景気判断DI,,景況感,見通,やや改善,,,4
2012-11-01,周辺地域景気判断DI,,景況感,見通,かなり改善,,,0
2012-12-01,周辺地域景気判断DI,,景況感,見通,かなり悪化,,,36
2012-12-01,周辺地域景気判断DI,,景況感,見通,やや悪化,,,299
2012-12-01,周辺地域景気判断DI,,景況感,見通,変わらない,,,619
2012-12-01,周辺地域景気判断DI,,景況感,見通,やや改善,,,47
2012-12-01,周辺地域景気判断DI,,景況感,見通,かなり改善,,,0
2013-01-01,周辺地域景気判断DI,,景況感,見通,かなり悪化,,,29
2013-01-01,周辺地域景気判断DI,,景況感,見通,やや悪化,,,261
2013-01-01,周辺地域景気判断DI,,景況感,見通,変わらない,,,667
2013-01-01,周辺地域景気判断DI,,景況感,見通,やや改善,,,43
2013-01-01,周辺地域景気判断DI,,景況感,見通,かなり改善,,,0
2013-02-01,周辺地域景気判断DI,,景況感,見通,かなり悪化,,,34
2013-02-01,周辺地域景気判断DI,,景況感,見通,やや悪化,,,201
2013-02-01,周辺地域景気判断DI,,景況感,見通,変わらない,,,728
2013-02-01,周辺地域景気判断DI,,景況感,見通,やや改善,,,37
2013-02-01,周辺地域景気判断DI,,景況感,見通,かなり改善,,,0
2013-03-01,周辺地域景気判断DI,,景況感,見通,かなり悪化,,,11
2013-03-01,周辺地域景気判断DI,,景況感,見通,やや悪化,,,204
2013-03-01,周辺地域景気判断DI,,景況感,見通,変わらない,,,725
2013-03-01,周辺地域景気判断DI,,景況感,見通,やや改善,,,60
2013-03-01,周辺地域景気判断DI,,景況感,見通,かなり改善,,,0
2013-04-01,周辺地域景気判断DI,,景況感,見通,かなり悪化,,,19
2013-04-01,周辺地域景気判断DI,,景況感,見通,やや悪化,,,184
2013-04-01,周辺地域景気判断DI,,景況感,見通,変わらない,,,738
2013-04-01,周辺地域景気判断DI,,景況感,見通,やや改善,,,60
2013-04-01,周辺地域景気判断DI,,景況感,見通,かなり改善,,,0
2013-05-01,周辺地域景気判断DI,,景況感,見通,かなり悪化,,,15
2013-05-01,周辺地域景気判断DI,,景況感,見通,やや悪化,,,187
2013-05-01,周辺地域景気判断DI,,景況感,見通,変わらない,,,744
2013-05-01,周辺地域景気判断DI,,景況感,見通,やや改善,,,53
2013-05-01,周辺地域景気判断DI,,景況感,見通,かなり改善,,,0
2013-06-01,周辺地域景気判断DI,,景況感,見通,かなり悪化,,,15
2013-06-01,周辺地域景気判断DI,,景況感,見通,やや悪化,,,196
2013-06-01,周辺地域景気判断DI,,景況感,見通,変わらない,,,743
2013-06-01,周辺地域景気判断DI,,景況感,見通,やや改善,,,45
2013-06-01,周辺地域景気判断DI,,景況感,見通,かなり改善,,,0
2013-07-01,周辺地域景気判断DI,,景況感,見通,かなり悪化,,,15
2013-07-01,周辺地域景気判断DI,,景況感,見通,やや悪化,,,171
2013-07-01,周辺地域景気判断DI,,景況感,見通,変わらない,,,753
2013-07-01,周辺地域景気判断DI,,景況感,見通,やや改善,,,61
2013-07-01,周辺地域景気判断DI,,景況感,見通,かなり改善,,,0
2013-08-01,周辺地域景気判断DI,,景況感,見通,かなり悪化,,,16
2013-08-01,周辺地域景気判断DI,,景況感,見通,やや悪化,,,156
2013-08-01,周辺地域景気判断DI,,景況感,見通,変わらない,,,775
2013-08-01,周辺地域景気判断DI,,景況感,見通,やや改善,,,53
2013-08-01,周辺地域景気判断DI,,景況感,見通,かなり改善,,,0
2013-09-01,周辺地域景気判断DI,,景況感,見通,かなり悪化,,,24
2013-09-01,周辺地域景気判断DI,,景況感,見通,やや悪化,,,171
2013-09-01,周辺地域景気判断DI,,景況感,見通,変わらない,,,737
2013-09-01,周辺地域景気判断DI,,景況感,見通,やや改善,,,68
2013-09-01,周辺地域景気判断DI,,景況感,見通,かなり改善,,,0
2013-10-01,周辺地域景気判断DI,,景況感,見通,かなり悪化,,,19
2013-10-01,周辺地域景気判断DI,,景況感,見通,やや悪化,,,142
2013-10-01,周辺地域景気判断DI,,景況感,見通,変わらない,,,788
2013-10-01,周辺地域景気判断DI,,景況感,見通,やや改善,,,50
2013-10-01,周辺地域景気判断DI,,景況感,見通,かなり改善,,,0
2013-11-01,周辺地域景気判断DI,,景況感,見通,かなり悪化,,,11
2013-11-01,周辺地域景気判断DI,,景況感,見通,やや悪化,,,125
2013-11-01,周辺地域景気判断DI,,景況感,見通,変わらない,,,777
2013-11-01,周辺地域景気判断DI,,景況感,見通,やや改善,,,87
2013-11-01,周辺地域景気判断DI,,景況感,見通,かなり改善,,,0
2013-12-01,周辺地域景気判断DI,,景況感,見通,かなり悪化,,,23
2013-12-01,周辺地域景気判断DI,,景況感,見通,やや悪化,,,142
2013-12-01,周辺地域景気判断DI,,景況感,見通,変わらない,,,724
2013-12-01,周辺地域景気判断DI,,景況感,見通,やや改善,,,107
2013-12-01,周辺地域景気判断DI,,景況感,見通,かなり改善,,,4
2014-01-01,周辺地域景気判断DI,,景況感,見通,かなり悪化,,,13
2014-01-01,周辺地域景気判断DI,,景況感,見通,やや悪化,,,176
2014-01-01,周辺地域景気判断DI,,景況感,見通,変わらない,,,711
2014-01-01,周辺地域景気判断DI,,景況感,見通,やや改善,,,100
2014-01-01,周辺地域景気判断DI,,景況感,見通,かなり改善,,,0
2014-02-01,周辺地域景気判断DI,,景況感,見通,かなり悪化,,,29
2014-02-01,周辺地域景気判断DI,,景況感,見通,やや悪化,,,277
2014-02-01,周辺地域景気判断DI,,景況感,見通,変わらない,,,649
2014-02-01,周辺地域景気判断DI,,景況感,見通,やや改善,,,45
2014-02-01,周辺地域景気判断DI,,景況感,見通,かなり改善,,,0
2014-03-01,周辺地域景気判断DI,,景況感,見通,かなり悪化,,,58
2014-03-01,周辺地域景気判断DI,,景況感,見通,やや悪化,,,355
2014-03-01,周辺地域景気判断DI,,景況感,見通,変わらない,,,545
2014-03-01,周辺地域景気判断DI,,景況感,見通,やや改善,,,41
2014-03-01,周辺地域景気判断DI,,景況感,見通,かなり改善,,,0
2014-04-01,周辺地域景気判断DI,,景況感,見通,かなり悪化,,,16
2014-04-01,周辺地域景気判断DI,,景況感,見通,やや悪化,,,278
2014-04-01,周辺地域景気判断DI,,景況感,見通,変わらない,,,657
2014-04-01,周辺地域景気判断DI,,景況感,見通,やや改善,,,49
2014-04-01,周辺地域景気判断DI,,景況感,見通,かなり改善,,,0
2014-05-01,周辺地域景気判断DI,,景況感,見通,かなり悪化,,,17
2014-05-01,周辺地域景気判断DI,,景況感,見通,やや悪化,,,168
2014-05-01,周辺地域景気判断DI,,景況感,見通,変わらない,,,728
2014-05-01,周辺地域景気判断DI,,景況感,見通,やや改善,,,86
2014-05-01,周辺地域景気判断DI,,景況感,見通,かなり改善,,,0
2014-06-01,周辺地域景気判断DI,,景況感,見通,かなり悪化,,,13
2014-06-01,周辺地域景気判断DI,,景況感,見通,やや悪化,,,150
2014-06-01,周辺地域景気判断DI,,景況感,見通,変わらない,,,778
2014-06-01,周辺地域景気判断DI,,景況感,見通,やや改善,,,60
2014-06-01,周辺地域景気判断DI,,景況感,見通,かなり改善,,,0
2014-07-01,周辺地域景気判断DI,,景況感,見通,かなり悪化,,,17
2014-07-01,周辺地域景気判断DI,,景況感,見通,やや悪化,,,134
2014-07-01,周辺地域景気判断DI,,景況感,見通,変わらない,,,793
2014-07-01,周辺地域景気判断DI,,景況感,見通,やや改善,,,56
2014-07-01,周辺地域景気判断DI,,景況感,見通,かなり改善,,,0
2014-08-01,周辺地域景気判断DI,,景況感,見通,かなり悪化,,,16
2014-08-01,周辺地域景気判断DI,,景況感,見通,やや悪化,,,144
2014-08-01,周辺地域景気判断DI,,景況感,見通,変わらない,,,794
2014-08-01,周辺地域景気判断DI,,景況感,見通,やや改善,,,45
2014-08-01,周辺地域景気判断DI,,景況感,見通,かなり改善,,,0
2014-09-01,周辺地域景気判断DI,,景況感,見通,かなり悪化,,,27
2014-09-01,周辺地域景気判断DI,,景況感,見通,やや悪化,,,192
2014-09-01,周辺地域景気判断DI,,景況感,見通,変わらない,,,772
2014-09-01,周辺地域景気判断DI,,景況感,見通,やや改善,,,9
2014-09-01,周辺地域景気判断DI,,景況感,見通,かなり改善,,,0
2014-10-01,周辺地域景気判断DI,,景況感,見通,かなり悪化,,,23
2014-10-01,周辺地域景気判断DI,,景況感,見通,やや悪化,,,194
2014-10-01,周辺地域景気判断DI,,景況感,見通,変わらない,,,734
2014-10-01,周辺地域景気判断DI,,景況感,見通,やや改善,,,45
2014-10-01,周辺地域景気判断DI,,景況感,見通,かなり改善,,,5
2014-11-01,周辺地域景気判断DI,,景況感,見通,かなり悪化,,,28
2014-11-01,周辺地域景気判断DI,,景況感,見通,やや悪化,,,267
2014-11-01,周辺地域景気判断DI,,景況感,見通,変わらない,,,650
2014-11-01,周辺地域景気判断DI,,景況感,見通,やや改善,,,55
2014-11-01,周辺地域景気判断DI,,景況感,見通,かなり改善,,,0
2014-12-01,周辺地域景気判断DI,,景況感,見通,かなり悪化,,,15
2014-12-01,周辺地域景気判断DI,,景況感,見通,やや悪化,,,203
2014-12-01,周辺地域景気判断DI,,景況感,見通,変わらない,,,746
2014-12-01,周辺地域景気判断DI,,景況感,見通,やや改善,,,36
2014-12-01,周辺地域景気判断DI,,景況感,見通,かなり改善,,,0
2015-01-01,周辺地域景気判断DI,,景況感,見通,かなり悪化,,,13
2015-01-01,周辺地域景気判断DI,,景況感,見通,やや悪化,,,170
2015-01-01,周辺地域景気判断DI,,景況感,見通,変わらない,,,780
2015-01-01,周辺地域景気判断DI,,景況感,見通,やや改善,,,36
2015-01-01,周辺地域景気判断DI,,景況感,見通,かなり改善,,,0
2015-02-01,周辺地域景気判断DI,,景況感,見通,かなり悪化,,,18
2015-02-01,周辺地域景気判断DI,,景況感,見通,やや悪化,,,158
2015-02-01,周辺地域景気判断DI,,景況感,見通,変わらない,,,788
2015-02-01,周辺地域景気判断DI,,景況感,見通,やや改善,,,36
2015-02-01,周辺地域景気判断DI,,景況感,見通,かなり改善,,,0
2015-03-01,周辺地域景気判断DI,,景況感,見通,かなり悪化,,,9
2015-03-01,周辺地域景気判断DI,,景況感,見通,やや悪化,,,116
2015-03-01,周辺地域景気判断DI,,景況感,見通,変わらない,,,813
2015-03-01,周辺地域景気判断DI,,景況感,見通,やや改善,,,62
2015-03-01,周辺地域景気判断DI,,景況感,見通,かなり改善,,,0
2015-04-01,周辺地域景気判断DI,,景況感,見通,かなり悪化,,,13
2015-04-01,周辺地域景気判断DI,,景況感,見通,やや悪化,,,102
2015-04-01,周辺地域景気判断DI,,景況感,見通,変わらない,,,804
2015-04-01,周辺地域景気判断DI,,景況感,見通,やや改善,,,80
2015-04-01,周辺地域景気判断DI,,景況感,見通,かなり改善,,,0
2015-05-01,周辺地域景気判断DI,,景況感,見通,かなり悪化,,,9
2015-05-01,周辺地域景気判断DI,,景況感,見通,やや悪化,,,108
2015-05-01,周辺地域景気判断DI,,景況感,見通,変わらない,,,776
2015-05-01,周辺地域景気判断DI,,景況感,見通,やや改善,,,108
2015-05-01,周辺地域景気判断DI,,景況感,見通,かなり改善,,,0
2015-06-01,周辺地域景気判断DI,,景況感,見通,かなり悪化,,,0
2015-06-01,周辺地域景気判断DI,,景況感,見通,やや悪化,,,106
2015-06-01,周辺地域景気判断DI,,景況感,見通,変わらない,,,806
2015-06-01,周辺地域景気判断DI,,景況感,見通,やや改善,,,88
2015-06-01,周辺地域景気判断DI,,景況感,見通,かなり改善,,,0
2015-07-01,周辺地域景気判断DI,,景況感,見通,かなり悪化,,,0
2015-07-01,周辺地域景気判断DI,,景況感,見通,やや悪化,,,100
2015-07-01,周辺地域景気判断DI,,景況感,見通,変わらない,,,812
2015-07-01,周辺地域景気判断DI,,景況感,見通,やや改善,,,87
2015-07-01,周辺地域景気判断DI,,景況感,見通,かなり改善,,,0
2015-08-01,周辺地域景気判断DI,,景況感,見通,かなり悪化,,,0
2015-08-01,周辺地域景気判断DI,,景況感,見通,やや悪化,,,145
2015-08-01,周辺地域景気判断DI,,景況感,見通,変わらない,,,805
2015-08-01,周辺地域景気判断DI,,景況感,見通,やや改善,,,50
2015-08-01,周辺地域景気判断DI,,景況感,見通,かなり改善,,,0
2015-09-01,周辺地域景気判断DI,,景況感,見通,かなり悪化,,,9
2015-09-01,周辺地域景気判断DI,,景況感,見通,やや悪化,,,126
2015-09-01,周辺地域景気判断DI,,景況感,見通,変わらない,,,828
2015-09-01,周辺地域景気判断DI,,景況感,見通,やや改善,,,37
2015-09-01,周辺地域景気判断DI,,景況感,見通,かなり改善,,,0
2015-10-01,周辺地域景気判断DI,,景況感,見通,かなり悪化,,,4
2015-10-01,周辺地域景気判断DI,,景況感,見通,やや悪化,,,165
2015-10-01,周辺地域景気判断DI,,景況感,見通,変わらない,,,790
2015-10-01,周辺地域景気判断DI,,景況感,見通,やや改善,,,40
2015-10-01,周辺地域景気判断DI,,景況感,見通,かなり改善,,,0
2015-11-01,周辺地域景気判断DI,,景況感,見通,かなり悪化,,,0
2015-11-01,周辺地域景気判断DI,,景況感,見通,やや悪化,,,174
2015-11-01,周辺地域景気判断DI,,景況感,見通,変わらない,,,786
2015-11-01,周辺地域景気判断DI,,景況感,見通,やや改善,,,40
2015-11-01,周辺地域景気判断DI,,景況感,見通,かなり改善,,,0
2015-12-01,周辺地域景気判断DI,,景況感,見通,かなり悪化,,,5
2015-12-01,周辺地域景気判断DI,,景況感,見通,やや悪化,,,144
2015-12-01,周辺地域景気判断DI,,景況感,見通,変わらない,,,815
2015-12-01,周辺地域景気判断DI,,景況感,見通,やや改善,,,36
2015-12-01,周辺地域景気判断DI,,景況感,見通,かなり改善,,,0
2016-01-01,周辺地域景気判断DI,,景況感,見通,かなり悪化,,,0
2016-01-01,周辺地域景気判断DI,,景況感,見通,やや悪化,,,176
2016-01-01,周辺地域景気判断DI,,景況感,見通,変わらない,,,787
2016-01-01,周辺地域景気判断DI,,景況感,見通,やや改善,,,37
2016-01-01,周辺地域景気判断DI,,景況感,見通,かなり改善,,,0
2016-02-01,周辺地域景気判断DI,,景況感,見通,かなり悪化,,,0
2016-02-01,周辺地域景気判断DI,,景況感,見通,やや悪化,,,150
2016-02-01,周辺地域景気判断DI,,景況感,見通,変わらない,,,808
2016-02-01,周辺地域景気判断DI,,景況感,見通,やや改善,,,42
2016-02-01,周辺地域景気判断DI,,景況感,見通,かなり改善,,,0
2016-03-01,周辺地域景気判断DI,,景況感,見通,かなり悪化,,,5
2016-03-01,周辺地域景気判断DI,,景況感,見通,やや悪化,,,164
2016-03-01,周辺地域景気判断DI,,景況感,見通,変わらない,,,802
2016-03-01,周辺地域景気判断DI,,景況感,見通,やや改善,,,29
2016-03-01,周辺地域景気判断DI,,景況感,見通,かなり改善,,,0
2016-04-01,周辺地域景気判断DI,,景況感,見通,かなり悪化,,,19
2016-04-01,周辺地域景気判断DI,,景況感,見通,やや悪化,,,134
2016-04-01,周辺地域景気判断DI,,景況感,見通,変わらない,,,813
2016-04-01,周辺地域景気判断DI,,景況感,見通,やや改善,,,33
2016-04-01,周辺地域景気判断DI,,景況感,見通,かなり改善,,,0
2016-05-01,周辺地域景気判断DI,,景況感,見通,かなり悪化,,,5
2016-05-01,周辺地域景気判断DI,,景況感,見通,やや悪化,,,199
2016-05-01,周辺地域景気判断DI,,景況感,見通,変わらない,,,776
2016-05-01,周辺地域景気判断DI,,景況感,見通,やや改善,,,20
2016-05-01,周辺地域景気判断DI,,景況感,見通,かなり改善,,,0
2016-06-01,周辺地域景気判断DI,,景況感,見通,かなり悪化,,,0
2016-06-01,周辺地域景気判断DI,,景況感,見通,やや悪化,,,193
2016-06-01,周辺地域景気判断DI,,景況感,見通,変わらない,,,802
2016-06-01,周辺地域景気判断DI,,景況感,見通,やや改善,,,5
2016-06-01,周辺地域景気判断DI,,景況感,見通,かなり改善,,,0
2016-07-01,周辺地域景気判断DI,,景況感,見通,かなり悪化,,,5
2016-07-01,周辺地域景気判断DI,,景況感,見通,やや悪化,,,224
2016-07-01,周辺地域景気判断DI,,景況感,見通,変わらない,,,751
2016-07-01,周辺地域景気判断DI,,景況感,見通,やや改善,,,20
2016-07-01,周辺地域景気判断DI,,景況感,見通,かなり改善,,,0
2016-08-01,周辺地域景気判断DI,,景況感,見通,かなり悪化,,,10
2016-08-01,周辺地域景気判断DI,,景況感,見通,やや悪化,,,277
2016-08-01,周辺地域景気判断DI,,景況感,見通,変わらない,,,694
2016-08-01,周辺地域景気判断DI,,景況感,見通,やや改善,,,19
2016-08-01,周辺地域景気判断DI,,景況感,見通,かなり改善,,,0
2016-09-01,周辺地域景気判断DI,,景況感,見通,かなり悪化,,,5
2016-09-01,周辺地域景気判断DI,,景況感,見通,やや悪化,,,255
2016-09-01,周辺地域景気判断DI,,景況感,見通,変わらない,,,740
2016-09-01,周辺地域景気判断DI,,景況感,見通,やや改善,,,0
2016-09-01,周辺地域景気判断DI,,景況感,見通,かなり改善,,,0
2016-10-01,周辺地域景気判断DI,,景況感,見通,かなり悪化,,,10
2016-10-01,周辺地域景気判断DI,,景況感,見通,やや悪化,,,186
2016-10-01,周辺地域景気判断DI,,景況感,見通,変わらない,,,794
2016-10-01,周辺地域景気判断DI,,景況感,見通,やや改善,,,10
2016-10-01,周辺地域景気判断DI,,景況感,見通,かなり改善,,,0
2016-11-01,周辺地域景気判断DI,,景況感,見通,かなり悪化,,,10
2016-11-01,周辺地域景気判断DI,,景況感,見通,やや悪化,,,163
2016-11-01,周辺地域景気判断DI,,景況感,見通,変わらない,,,802
2016-11-01,周辺地域景気判断DI,,景況感,見通,やや改善,,,25
2016-11-01,周辺地域景気判断DI,,景況感,見通,かなり改善,,,0
2016-12-01,周辺地域景気判断DI,,景況感,見通,かなり悪化,,,5
2016-12-01,周辺地域景気判断DI,,景況感,見通,やや悪化,,,168
2016-12-01,周辺地域景気判断DI,,景況感,見通,変わらない,,,797
2016-12-01,周辺地域景気判断DI,,景況感,見通,やや改善,,,30
2016-12-01,周辺地域景気判断DI,,景況感,見通,かなり改善,,,0
2017-01-01,周辺地域景気判断DI,,景況感,見通,かなり悪化,,,5
2017-01-01,周辺地域景気判断DI,,景況感,見通,やや悪化,,,179
2017-01-01,周辺地域景気判断DI,,景況感,見通,変わらない,,,791
2017-01-01,周辺地域景気判断DI,,景況感,見通,やや改善,,,25
2017-01-01,周辺地域景気判断DI,,景況感,見通,かなり改善,,,0
2017-02-01,周辺地域景気判断DI,,景況感,見通,かなり悪化,,,5
2017-02-01,周辺地域景気判断DI,,景況感,見通,やや悪化,,,190
2017-02-01,周辺地域景気判断DI,,景況感,見通,変わらない,,,785
2017-02-01,周辺地域景気判断DI,,景況感,見通,やや改善,,,20
2017-02-01,周辺地域景気判断DI,,景況感,見通,かなり改善,,,0
2017-03-01,周辺地域景気判断DI,,景況感,見通,かなり悪化,,,10
2017-03-01,周辺地域景気判断DI,,景況感,見通,やや悪化,,,179
2017-03-01,周辺地域景気判断DI,,景況感,見通,変わらない,,,796
2017-03-01,周辺地域景気判断DI,,景況感,見通,やや改善,,,10
2017-03-01,周辺地域景気判断DI,,景況感,見通,かなり改善,,,5
2017-04-01,周辺地域景気判断DI,,景況感,見通,かなり悪化,,,5
2017-04-01,周辺地域景気判断DI,,景況感,見通,やや悪化,,,152
2017-04-01,周辺地域景気判断DI,,景況感,見通,変わらない,,,829
2017-04-01,周辺地域景気判断DI,,景況感,見通,やや改善,,,14
2017-04-01,周辺地域景気判断DI,,景況感,見通,かなり改善,,,0
2017-05-01,周辺地域景気判断DI,,景況感,見通,かなり悪化,,,5
2017-05-01,周辺地域景気判断DI,,景況感,見通,やや悪化,,,212
2017-05-01,周辺地域景気判断DI,,景況感,見通,変わらない,,,755
2017-05-01,周辺地域景気判断DI,,景況感,見通,やや改善,,,29
2017-05-01,周辺地域景気判断DI,,景況感,見通,かなり改善,,,0
2017-06-01,周辺地域景気判断DI,,景況感,見通,かなり悪化,,,6
2017-06-01,周辺地域景気判断DI,,景況感,見通,やや悪化,,,176
2017-06-01,周辺地域景気判断DI,,景況感,見通,変わらない,,,801
2017-06-01,周辺地域景気判断DI,,景況感,見通,やや改善,,,17
2017-06-01,周辺地域景気判断DI,,景況感,見通,かなり改善,,,0
2017-07-01,周辺地域景気判断DI,,景況感,見通,かなり悪化,,,5
2017-07-01,周辺地域景気判断DI,,景況感,見通,やや悪化,,,190
2017-07-01,周辺地域景気判断DI,,景況感,見通,変わらない,,,779
2017-07-01,周辺地域景気判断DI,,景況感,見通,やや改善,,,26
2017-07-01,周辺地域景気判断DI,,景況感,見通,かなり改善,,,0
2017-08-01,周辺地域景気判断DI,,景況感,見通,かなり悪化,,,10
2017-08-01,周辺地域景気判断DI,,景況感,見通,やや悪化,,,184
2017-08-01,周辺地域景気判断DI,,景況感,見通,変わらない,,,791
2017-08-01,周辺地域景気判断DI,,景況感,見通,やや改善,,,15
2017-08-01,周辺地域景気判断DI,,景況感,見通,かなり改善,,,0
2017-09-01,周辺地域景気判断DI,,景況感,見通,かなり悪化,,,0
2017-09-01,周辺地域景気判断DI,,景況感,見通,やや悪化,,,138
2017-09-01,周辺地域景気判断DI,,景況感,見通,変わらない,,,832
2017-09-01,周辺地域景気判断DI,,景況感,見通,やや改善,,,31
2017-09-01,周辺地域景気判断DI,,景況感,見通,かなり改善,,,0
2017-10-01,周辺地域景気判断DI,,景況感,見通,かなり悪化,,,5
2017-10-01,周辺地域景気判断DI,,景況感,見通,やや悪化,,,182
2017-10-01,周辺地域景気判断DI,,景況感,見通,変わらない,,,781
2017-10-01,周辺地域景気判断DI,,景況感,見通,やや改善,,,31
2017-10-01,周辺地域景気判断DI,,景況感,見通,かなり改善,,,0
2017-11-01,周辺地域景気判断DI,,景況感,見通,かなり悪化,,,5
2017-11-01,周辺地域景気判断DI,,景況感,見通,やや悪化,,,179
2017-11-01,周辺地域景気判断DI,,景況感,見通,変わらない,,,796
2017-11-01,周辺地域景気判断DI,,景況感,見通,やや改善,,,20
2017-11-01,周辺地域景気判断DI,,景況感,見通,かなり改善,,,0
2017-12-01,周辺地域景気判断DI,,景況感,見通,かなり悪化,,,10
2017-12-01,周辺地域景気判断DI,,景況感,見通,やや悪化,,,90
2017-12-01,周辺地域景気判断DI,,景況感,見通,変わらない,,,864
2017-12-01,周辺地域景気判断DI,,景況感,見通,やや改善,,,35
2017-12-01,周辺地域景気判断DI,,景況感,見通,かなり改善,,,0
2018-01-01,周辺地域景気判断DI,,景況感,見通,かなり悪化,,,0
2018-01-01,周辺地域景気判断DI,,景況感,見通,やや悪化,,,137
2018-01-01,周辺地域景気判断DI,,景況感,見通,変わらない,,,832
2018-01-01,周辺地域景気判断DI,,景況感,見通,やや改善,,,30
2018-01-01,周辺地域景気判断DI,,景況感,見通,かなり改善,,,0
2018-02-01,周辺地域景気判断DI,,景況感,見通,かなり悪化,,,10
2018-02-01,周辺地域景気判断DI,,景況感,見通,やや悪化,,,124
2018-02-01,周辺地域景気判断DI,,景況感,見通,変わらない,,,846
2018-02-01,周辺地域景気判断DI,,景況感,見通,やや改善,,,20
2018-02-01,周辺地域景気判断DI,,景況感,見通,かなり改善,,,0
2018-03-01,周辺地域景気判断DI,,景況感,見通,かなり悪化,,,0
2018-03-01,周辺地域景気判断DI,,景況感,見通,やや悪化,,,175
2018-03-01,周辺地域景気判断DI,,景況感,見通,変わらない,,,805
2018-03-01,周辺地域景気判断DI,,景況感,見通,やや改善,,,20
2018-03-01,周辺地域景気判断DI,,景況感,見通,かなり改善,,,0
2018-04-01,周辺地域景気判断DI,,景況感,見通,かなり悪化,,,0
2018-04-01,周辺地域景気判断DI,,景況感,見通,やや悪化,,,180
2018-04-01,周辺地域景気判断DI,,景況感,見通,変わらない,,,785
2018-04-01,周辺地域景気判断DI,,景況感,見通,やや改善,,,35
2018-04-01,周辺地域景気判断DI,,景況感,見通,かなり改善,,,0
2018-05-01,周辺地域景気判断DI,,景況感,見通,かなり悪化,,,10
2018-05-01,周辺地域景気判断DI,,景況感,見通,やや悪化,,,187
2018-05-01,周辺地域景気判断DI,,景況感,見通,変わらない,,,788
2018-05-01,周辺地域景気判断DI,,景況感,見通,やや改善,,,15
2018-05-01,周辺地域景気判断DI,,景況感,見通,かなり改善,,,0
2018-06-01,周辺地域景気判断DI,,景況感,見通,かなり悪化,,,0
2018-06-01,周辺地域景気判断DI,,景況感,見通,やや悪化,,,169
2018-06-01,周辺地域景気判断DI,,景況感,見通,変わらない,,,801
2018-06-01,周辺地域景気判断DI,,景況感,見通,やや改善,,,30
2018-06-01,周辺地域景気判断DI,,景況感,見通,かなり改善,,,0
2018-07-01,周辺地域景気判断DI,,景況感,見通,かなり悪化,,,5
2018-07-01,周辺地域景気判断DI,,景況感,見通,やや悪化,,,141
2018-07-01,周辺地域景気判断DI,,景況感,見通,変わらない,,,822
2018-07-01,周辺地域景気判断DI,,景況感,見通,やや改善,,,26
2018-07-01,周辺地域景気判断DI,,景況感,見通,かなり改善,,,5
2018-08-01,周辺地域景気判断DI,,景況感,見通,かなり悪化,,,0
2018-08-01,周辺地域景気判断DI,,景況感,見通,やや悪化,,,124
2018-08-01,周辺地域景気判断DI,,景況感,見通,変わらない,,,854
2018-08-01,周辺地域景気判断DI,,景況感,見通,やや改善,,,16
2018-08-01,周辺地域景気判断DI,,景況感,見通,かなり改善,,,5
2018-09-01,周辺地域景気判断DI,,景況感,見通,かなり悪化,,,0
2018-09-01,周辺地域景気判断DI,,景況感,見通,やや悪化,,,122
2018-09-01,周辺地域景気判断DI,,景況感,見通,変わらない,,,851
2018-09-01,周辺地域景気判断DI,,景況感,見通,やや改善,,,27
2018-09-01,周辺地域景気判断DI,,景況感,見通,かなり改善,,,0
2018-10-01,周辺地域景気判断DI,,景況感,見通,かなり悪化,,,11
2018-10-01,周辺地域景気判断DI,,景況感,見通,やや悪化,,,130
2018-10-01,周辺地域景気判断DI,,景況感,見通,変わらない,,,842
2018-10-01,周辺地域景気判断DI,,景況感,見通,やや改善,,,11
2018-10-01,周辺地域景気判断DI,,景況感,見通,かなり改善,,,5
2018-11-01,周辺地域景気判断DI,,景況感,見通,かなり悪化,,,16
2018-11-01,周辺地域景気判断DI,,景況感,見通,やや悪化,,,221
2018-11-01,周辺地域景気判断DI,,景況感,見通,変わらない,,,747
2018-11-01,周辺地域景気判断DI,,景況感,見通,やや改善,,,16
2018-11-01,周辺地域景気判断DI,,景況感,見通,かなり改善,,,0
2018-12-01,周辺地域景気判断DI,,景況感,見通,かなり悪化,,,17
2018-12-01,周辺地域景気判断DI,,景況感,見通,やや悪化,,,219
2018-12-01,周辺地域景気判断DI,,景況感,見通,変わらない,,,747
2018-12-01,周辺地域景気判断DI,,景況感,見通,やや改善,,,17
2018-12-01,周辺地域景気判断DI,,景況感,見通,かなり改善,,,0
2019-01-01,周辺地域景気判断DI,,景況感,見通,かなり悪化,,,22
2019-01-01,周辺地域景気判断DI,,景況感,見通,やや悪化,,,247
2019-01-01,周辺地域景気判断DI,,景況感,見通,変わらない,,,726
2019-01-01,周辺地域景気判断DI,,景況感,見通,やや改善,,,5
2019-01-01,周辺地域景気判断DI,,景況感,見通,かなり改善,,,0
2019-02-01,周辺地域景気判断DI,,景況感,見通,かなり悪化,,,21
2019-02-01,周辺地域景気判断DI,,景況感,見通,やや悪化,,,229
2019-02-01,周辺地域景気判断DI,,景況感,見通,変わらない,,,734
2019-02-01,周辺地域景気判断DI,,景況感,見通,やや改善,,,16
2019-02-01,周辺地域景気判断DI,,景況感,見通,かなり改善,,,0
2019-03-01,周辺地域景気判断DI,,景況感,見通,かなり悪化,,,27
2019-03-01,周辺地域景気判断DI,,景況感,見通,やや悪化,,,218
2019-03-01,周辺地域景気判断DI,,景況感,見通,変わらない,,,734
2019-03-01,周辺地域景気判断DI,,景況感,見通,やや改善,,,21
2019-03-01,周辺地域景気判断DI,,景況感,見通,かなり改善,,,0
2019-04-01,周辺地域景気判断DI,,景況感,見通,かなり悪化,,,11
2019-04-01,周辺地域景気判断DI,,景況感,見通,やや悪化,,,212
2019-04-01,周辺地域景気判断DI,,景況感,見通,変わらない,,,761
2019-04-01,周辺地域景気判断DI,,景況感,見通,やや改善,,,16
2019-04-01,周辺地域景気判断DI,,景況感,見通,かなり改善,,,0
2019-05-01,周辺地域景気判断DI,,景況感,見通,かなり悪化,,,5
2019-05-01,周辺地域景気判断DI,,景況感,見通,やや悪化,,,243
2019-05-01,周辺地域景気判断DI,,景況感,見通,変わらない,,,714
2019-05-01,周辺地域景気判断DI,,景況感,見通,やや改善,,,37
2019-05-01,周辺地域景気判断DI,,景況感,見通,かなり改善,,,0
2019-06-01,周辺地域景気判断DI,,景況感,見通,かなり悪化,,,11
2019-06-01,周辺地域景気判断DI,,景況感,見通,やや悪化,,,247
2019-06-01,周辺地域景気判断DI,,景況感,見通,変わらない,,,726
2019-06-01,周辺地域景気判断DI,,景況感,見通,やや改善,,,16
2019-06-01,周辺地域景気判断DI,,景況感,見通,かなり改善,,,0
2019-07-01,周辺地域景気判断DI,,景況感,見通,かなり悪化,,,22
2019-07-01,周辺地域景気判断DI,,景況感,見通,やや悪化,,,304
2019-07-01,周辺地域景気判断DI,,景況感,見通,変わらない,,,663
2019-07-01,周辺地域景気判断DI,,景況感,見通,やや改善,,,11
2019-07-01,周辺地域景気判断DI,,景況感,見通,かなり改善,,,0
2019-08-01,周辺地域景気判断DI,,景況感,見通,かなり悪化,,,29
2019-08-01,周辺地域景気判断DI,,景況感,見通,やや悪化,,,345
2019-08-01,周辺地域景気判断DI,,景況感,見通,変わらない,,,614
2019-08-01,周辺地域景気判断DI,,景況感,見通,やや改善,,,12
2019-08-01,周辺地域景気判断DI,,景況感,見通,かなり改善,,,0
2019-09-01,周辺地域景気判断DI,,景況感,見通,かなり悪化,,,35
2019-09-01,周辺地域景気判断DI,,景況感,見通,やや悪化,,,324
2019-09-01,周辺地域景気判断DI,,景況感,見通,変わらない,,,606
2019-09-01,周辺地域景気判断DI,,景況感,見通,やや改善,,,35
2019-09-01,周辺地域景気判断DI,,景況感,見通,かなり改善,,,0
2019-10-01,周辺地域景気判断DI,,景況感,見通,かなり悪化,,,11
2019-10-01,周辺地域景気判断DI,,景況感,見通,やや悪化,,,344
2019-10-01,周辺地域景気判断DI,,景況感,見通,変わらない,,,639
2019-10-01,周辺地域景気判断DI,,景況感,見通,やや改善,,,6
2019-10-01,周辺地域景気判断DI,,景況感,見通,かなり改善,,,0
2019-11-01,周辺地域景気判断DI,,景況感,見通,かなり悪化,,,23
2019-11-01,周辺地域景気判断DI,,景況感,見通,やや悪化,,,269
2019-11-01,周辺地域景気判断DI,,景況感,見通,変わらない,,,691
2019-11-01,周辺地域景気判断DI,,景況感,見通,やや改善,,,17
2019-11-01,周辺地域景気判断DI,,景況感,見通,かなり改善,,,0
2019-12-01,周辺地域景気判断DI,,景況感,見通,かなり悪化,,,5
2019-12-01,周辺地域景気判断DI,,景況感,見通,やや悪化,,,269
2019-12-01,周辺地域景気判断DI,,景況感,見通,変わらない,,,715
2019-12-01,周辺地域景気判断DI,,景況感,見通,やや改善,,,11
2019-12-01,周辺地域景気判断DI,,景況感,見通,かなり改善,,,0
2020-01-01,周辺地域景気判断DI,,景況感,見通,かなり悪化,,,22
2020-01-01,周辺地域景気判断DI,,景況感,見通,やや悪化,,,253
2020-01-01,周辺地域景気判断DI,,景況感,見通,変わらない,,,709
2020-01-01,周辺地域景気判断DI,,景況感,見通,やや改善,,,16
2020-01-01,周辺地域景気判断DI,,景況感,見通,かなり改善,,,0
2020-02-01,周辺地域景気判断DI,,景況感,見通,かなり悪化,,,90
2020-02-01,周辺地域景気判断DI,,景況感,見通,やや悪化,,,305
2020-02-01,周辺地域景気判断DI,,景況感,見通,変わらない,,,542
2020-02-01,周辺地域景気判断DI,,景況感,見通,やや改善,,,62
2020-02-01,周辺地域景気判断DI,,景況感,見通,かなり改善,,,0
2020-03-01,周辺地域景気判断DI,,景況感,見通,かなり悪化,,,223
2020-03-01,周辺地域景気判断DI,,景況感,見通,やや悪化,,,304
2020-03-01,周辺地域景気判断DI,,景況感,見通,変わらない,,,424
2020-03-01,周辺地域景気判断DI,,景況感,見通,やや改善,,,43
2020-03-01,周辺地域景気判断DI,,景況感,見通,かなり改善,,,5
2020-04-01,周辺地域景気判断DI,,景況感,見通,かなり悪化,,,191
2020-04-01,周辺地域景気判断DI,,景況感,見通,やや悪化,,,350
2020-04-01,周辺地域景気判断DI,,景況感,見通,変わらない,,,393
2020-04-01,周辺地域景気判断DI,,景況感,見通,やや改善,,,60
2020-04-01,周辺地域景気判断DI,,景況感,見通,かなり改善,,,5
2020-05-01,周辺地域景気判断DI,,景況感,見通,かなり悪化,,,137
2020-05-01,周辺地域景気判断DI,,景況感,見通,やや悪化,,,383
2020-05-01,周辺地域景気判断DI,,景況感,見通,変わらない,,,423
2020-05-01,周辺地域景気判断DI,,景況感,見通,やや改善,,,51
2020-05-01,周辺地域景気判断DI,,景況感,見通,かなり改善,,,6
2020-06-01,周辺地域景気判断DI,,景況感,見通,かなり悪化,,,71
2020-06-01,周辺地域景気判断DI,,景況感,見通,やや悪化,,,413
2020-06-01,周辺地域景気判断DI,,景況感,見通,変わらない,,,505
2020-06-01,周辺地域景気判断DI,,景況感,見通,やや改善,,,11
2020-06-01,周辺地域景気判断DI,,景況感,見通,かなり改善,,,0
2020-07-01,周辺地域景気判断DI,,景況感,見通,かなり悪化,,,78
2020-07-01,周辺地域景気判断DI,,景況感,見通,やや悪化,,,333
2020-07-01,周辺地域景気判断DI,,景況感,見通,変わらない,,,550
2020-07-01,周辺地域景気判断DI,,景況感,見通,やや改善,,,33
2020-07-01,周辺地域景気判断DI,,景況感,見通,かなり改善,,,6
2020-08-01,周辺地域景気判断DI,,景況感,見通,かなり悪化,,,49
2020-08-01,周辺地域景気判断DI,,景況感,見通,やや悪化,,,368
2020-08-01,周辺地域景気判断DI,,景況感,見通,変わらない,,,568
2020-08-01,周辺地域景気判断DI,,景況感,見通,やや改善,,,16
2020-08-01,周辺地域景気判断DI,,景況感,見通,かなり改善,,,0
2020-09-01,周辺地域景気判断DI,,景況感,見通,かなり悪化,,,27
2020-09-01,周辺地域景気判断DI,,景況感,見通,やや悪化,,,359
2020-09-01,周辺地域景気判断DI,,景況感,見通,変わらない,,,582
2020-09-01,周辺地域景気判断DI,,景況感,見通,やや改善,,,33
2020-09-01,周辺地域景気判断DI,,景況感,見通,かなり改善,,,0
2020-10-01,周辺地域景気判断DI,,景況感,見通,かなり悪化,,,11
2020-10-01,周辺地域景気判断DI,,景況感,見通,やや悪化,,,352
2020-10-01,周辺地域景気判断DI,,景況感,見通,変わらない,,,626
2020-10-01,周辺地域景気判断DI,,景況感,見通,やや改善,,,11
2020-10-01,周辺地域景気判断DI,,景況感,見通,かなり改善,,,0
2020-11-01,周辺地域景気判断DI,,景況感,見通,かなり悪化,,,17
2020-11-01,周辺地域景気判断DI,,景況感,見通,やや悪化,,,408
2020-11-01,周辺地域景気判断DI,,景況感,見通,変わらない,,,559
2020-11-01,周辺地域景気判断DI,,景況感,見通,やや改善,,,17
2020-11-01,周辺地域景気判断DI,,景況感,見通,かなり改善,,,0
2020-12-01,周辺地域景気判断DI,,景況感,見通,かなり悪化,,,33
2020-12-01,周辺地域景気判断DI,,景況感,見通,やや悪化,,,400
2020-12-01,周辺地域景気判断DI,,景況感,見通,変わらない,,,556
2020-12-01,周辺地域景気判断DI,,景況感,見通,やや改善,,,11
2020-12-01,周辺地域景気判断DI,,景況感,見通,かなり改善,,,0
2021-01-01,周辺地域景気判断DI,,景況感,見通,かなり悪化,,,32
2021-01-01,周辺地域景気判断DI,,景況感,見通,やや悪化,,,364
2021-01-01,周辺地域景気判断DI,,景況感,見通,変わらない,,,588
2021-01-01,周辺地域景気判断DI,,景況感,見通,やや改善,,,16
2021-01-01,周辺地域景気判断DI,,景況感,見通,かなり改善,,,0
2021-02-01,周辺地域景気判断DI,,景況感,見通,かなり悪化,,,6
2021-02-01,周辺地域景気判断DI,,景況感,見通,やや悪化,,,425
2021-02-01,周辺地域景気判断DI,,景況感,見通,変わらない,,,564
2021-02-01,周辺地域景気判断DI,,景況感,見通,やや改善,,,6
2021-02-01,周辺地域景気判断DI,,景況感,見通,かなり改善,,,0
2021-03-01,周辺地域景気判断DI,,景況感,見通,かなり悪化,,,32
2021-03-01,周辺地域景気判断DI,,景況感,見通,やや悪化,,,395
2021-03-01,周辺地域景気判断DI,,景況感,見通,変わらない,,,562
2021-03-01,周辺地域景気判断DI,,景況感,見通,やや改善,,,11
2021-03-01,周辺地域景気判断DI,,景況感,見通,かなり改善,,,0
2021-04-01,周辺地域景気判断DI,,景況感,見通,かなり悪化,,,50
2021-04-01,周辺地域景気判断DI,,景況感,見通,やや悪化,,,431
2021-04-01,周辺地域景気判断DI,,景況感,見通,変わらない,,,486
2021-04-01,周辺地域景気判断DI,,景況感,見通,やや改善,,,33
2021-04-01,周辺地域景気判断DI,,景況感,見通,かなり改善,,,0
2021-05-01,周辺地域景気判断DI,,景況感,見通,かなり悪化,,,43
2021-05-01,周辺地域景気判断DI,,景況感,見通,やや悪化,,,364
2021-05-01,周辺地域景気判断DI,,景況感,見通,変わらない,,,578
2021-05-01,周辺地域景気判断DI,,景況感,見通,やや改善,,,16
2021-05-01,周辺地域景気判断DI,,景況感,見通,かなり改善,,,0
2021-06-01,周辺地域景気判断DI,,景況感,見通,かなり悪化,,,28
2021-06-01,周辺地域景気判断DI,,景況感,見通,やや悪化,,,326
2021-06-01,周辺地域景気判断DI,,景況感,見通,変わらない,,,629
2021-06-01,周辺地域景気判断DI,,景況感,見通,やや改善,,,17
2021-06-01,周辺地域景気判断DI,,景況感,見通,かなり改善,,,0
2021-07-01,周辺地域景気判断DI,,景況感,見通,かなり悪化,,,22
2021-07-01,周辺地域景気判断DI,,景況感,見通,やや悪化,,,355
2021-07-01,周辺地域景気判断DI,,景況感,見通,変わらない,,,617
2021-07-01,周辺地域景気判断DI,,景況感,見通,やや改善,,,5
2021-07-01,周辺地域景気判断DI,,景況感,見通,かなり改善,,,0
2021-08-01,周辺地域景気判断DI,,景況感,見通,かなり悪化,,,27
2021-08-01,周辺地域景気判断DI,,景況感,見通,やや悪化,,,360
2021-08-01,周辺地域景気判断DI,,景況感,見通,変わらない,,,602
2021-08-01,周辺地域景気判断DI,,景況感,見通,やや改善,,,11
2021-08-01,周辺地域景気判断DI,,景況感,見通,かなり改善,,,0
2021-09-01,周辺地域景気判断DI,,景況感,見通,かなり悪化,,,22
2021-09-01,周辺地域景気判断DI,,景況感,見通,やや悪化,,,315
2021-09-01,周辺地域景気判断DI,,景況感,見通,変わらない,,,625
2021-09-01,周辺地域景気判断DI,,景況感,見通,やや改善,,,38
2021-09-01,周辺地域景気判断DI,,景況感,見通,かなり改善,,,0
2021-10-01,周辺地域景気判断DI,,景況感,見通,かなり悪化,,,17
2021-10-01,周辺地域景気判断DI,,景況感,見通,やや悪化,,,298
2021-10-01,周辺地域景気判断DI,,景況感,見通,変わらない,,,663
2021-10-01,周辺地域景気判断DI,,景況感,見通,やや改善,,,22
2021-10-01,周辺地域景気判断DI,,景況感,見通,かなり改善,,,0
2021-11-01,周辺地域景気判断DI,,景況感,見通,かなり悪化,,,22
2021-11-01,周辺地域景気判断DI,,景況感,見通,やや悪化,,,354
2021-11-01,周辺地域景気判断DI,,景況感,見通,変わらない,,,586
2021-11-01,周辺地域景気判断DI,,景況感,見通,やや改善,,,39
2021-11-01,周辺地域景気判断DI,,景況感,見通,かなり改善,,,0
2021-12-01,周辺地域景気判断DI,,景況感,見通,かなり悪化,,,22
2021-12-01,周辺地域景気判断DI,,景況感,見通,やや悪化,,,357
2021-12-01,周辺地域景気判断DI,,景況感,見通,変わらない,,,589
2021-12-01,周辺地域景気判断DI,,景況感,見通,やや改善,,,32
2021-12-01,周辺地域景気判断DI,,景況感,見通,かなり改善,,,0
2022-01-01,周辺地域景気判断DI,,景況感,見通,かなり悪化,,,16
2022-01-01,周辺地域景気判断DI,,景況感,見通,やや悪化,,,364
2022-01-01,周辺地域景気判断DI,,景況感,見通,変わらない,,,609
2022-01-01,周辺地域景気判断DI,,景況感,見通,やや改善,,,11
2022-01-01,周辺地域景気判断DI,,景況感,見通,かなり改善,,,0
2022-02-01,周辺地域景気判断DI,,景況感,見通,かなり悪化,,,12
2022-02-01,周辺地域景気判断DI,,景況感,見通,やや悪化,,,353
2022-02-01,周辺地域景気判断DI,,景況感,見通,変わらない,,,606
2022-02-01,周辺地域景気判断DI,,景況感,見通,やや改善,,,29
2022-02-01,周辺地域景気判断DI,,景況感,見通,かなり改善,,,0
2022-03-01,周辺地域景気判断DI,,景況感,見通,かなり悪化,,,23
2022-03-01,周辺地域景気判断DI,,景況感,見通,やや悪化,,,316
2022-03-01,周辺地域景気判断DI,,景況感,見通,変わらない,,,638
2022-03-01,周辺地域景気判断DI,,景況感,見通,やや改善,,,23
2022-03-01,周辺地域景気判断DI,,景況感,見通,かなり改善,,,0
2022-04-01,周辺地域景気判断DI,,景況感,見通,かなり悪化,,,28
2022-04-01,周辺地域景気判断DI,,景況感,見通,やや悪化,,,315
2022-04-01,周辺地域景気判断DI,,景況感,見通,変わらない,,,613
2022-04-01,周辺地域景気判断DI,,景況感,見通,やや改善,,,44
2022-04-01,周辺地域景気判断DI,,景況感,見通,かなり改善,,,0
2022-05-01,周辺地域景気判断DI,,景況感,見通,かなり悪化,,,28
2022-05-01,周辺地域景気判断DI,,景況感,見通,やや悪化,,,373
2022-05-01,周辺地域景気判断DI,,景況感,見通,変わらない,,,571
2022-05-01,周辺地域景気判断DI,,景況感,見通,やや改善,,,28
2022-05-01,周辺地域景気判断DI,,景況感,見通,かなり改善,,,0
2022-06-01,周辺地域景気判断DI,,景況感,見通,かなり悪化,,,38
2022-06-01,周辺地域景気判断DI,,景況感,見通,やや悪化,,,448
2022-06-01,周辺地域景気判断DI,,景況感,見通,変わらない,,,497
2022-06-01,周辺地域景気判断DI,,景況感,見通,やや改善,,,16
2022-06-01,周辺地域景気判断DI,,景況感,見通,かなり改善,,,0
2022-07-01,周辺地域景気判断DI,,景況感,見通,かなり悪化,,,17
2022-07-01,周辺地域景気判断DI,,景況感,見通,やや悪化,,,354
2022-07-01,周辺地域景気判断DI,,景況感,見通,変わらない,,,607
2022-07-01,周辺地域景気判断DI,,景況感,見通,やや改善,,,22
2022-07-01,周辺地域景気判断DI,,景況感,見通,かなり改善,,,0
2022-08-01,周辺地域景気判断DI,,景況感,見通,かなり悪化,,,46
2022-08-01,周辺地域景気判断DI,,景況感,見通,やや悪化,,,339
2022-08-01,周辺地域景気判断DI,,景況感,見通,変わらない,,,580
2022-08-01,周辺地域景気判断DI,,景況感,見通,やや改善,,,34
2022-08-01,周辺地域景気判断DI,,景況感,見通,かなり改善,,,0
2022-09-01,周辺地域景気判断DI,,景況感,見通,かなり悪化,,,22
2022-09-01,周辺地域景気判断DI,,景況感,見通,やや悪化,,,425
2022-09-01,周辺地域景気判断DI,,景況感,見通,変わらない,,,530
2022-09-01,周辺地域景気判断DI,,景況感,見通,やや改善,,,22
2022-09-01,周辺地域景気判断DI,,景況感,見通,かなり改善,,,0
2022-10-01,周辺地域景気判断DI,,景況感,見通,かなり悪化,,,17
2022-10-01,周辺地域景気判断DI,,景況感,見通,やや悪化,,,361
2022-10-01,周辺地域景気判断DI,,景況感,見通,変わらない,,,572
2022-10-01,周辺地域景気判断DI,,景況感,見通,やや改善,,,50
2022-10-01,周辺地域景気判断DI,,景況感,見通,かなり改善,,,0
2022-11-01,周辺地域景気判断DI,,景況感,見通,かなり悪化,,,28
2022-11-01,周辺地域景気判断DI,,景況感,見通,やや悪化,,,382
2022-11-01,周辺地域景気判断DI,,景況感,見通,変わらない,,,556
2022-11-01,周辺地域景気判断DI,,景況感,見通,やや改善,,,34
2022-11-01,周辺地域景気判断DI,,景況感,見通,かなり改善,,,0
2022-12-01,周辺地域景気判断DI,,景況感,見通,かなり悪化,,,5
2022-12-01,周辺地域景気判断DI,,景況感,見通,やや悪化,,,326
2022-12-01,周辺地域景気判断DI,,景況感,見通,変わらない,,,636
2022-12-01,周辺地域景気判断DI,,景況感,見通,やや改善,,,33
2022-12-01,周辺地域景気判断DI,,景況感,見通,かなり改善,,,0
2023-01-01,周辺地域景気判断DI,,景況感,見通,かなり悪化,,,21
2023-01-01,周辺地域景気判断DI,,景況感,見通,やや悪化,,,390
2023-01-01,周辺地域景気判断DI,,景況感,見通,変わらない,,,545
2023-01-01,周辺地域景気判断DI,,景況感,見通,やや改善,,,37
2023-01-01,周辺地域景気判断DI,,景況感,見通,かなり改善,,,5
2023-02-01,周辺地域景気判断DI,,景況感,見通,かなり悪化,,,38
2023-02-01,周辺地域景気判断DI,,景況感,見通,やや悪化,,,348
2023-02-01,周辺地域景気判断DI,,景況感,見通,変わらない,,,582
2023-02-01,周辺地域景気判断DI,,景況感,見通,やや改善,,,33
2023-02-01,周辺地域景気判断DI,,景況感,見通,かなり改善,,,0
2023-03-01,周辺地域景気判断DI,,景況感,見通,かなり悪化,,,22
2023-03-01,周辺地域景気判断DI,,景況感,見通,やや悪化,,,261
2023-03-01,周辺地域景気判断DI,,景況感,見通,変わらない,,,663
2023-03-01,周辺地域景気判断DI,,景況感,見通,やや改善,,,54
2023-03-01,周辺地域景気判断DI,,景況感,見通,かなり改善,,,0
2023-04-01,周辺地域景気判断DI,,景況感,見通,かなり悪化,,,11
2023-04-01,周辺地域景気判断DI,,景況感,見通,やや悪化,,,185
2023-04-01,周辺地域景気判断DI,,景況感,見通,変わらない,,,713
2023-04-01,周辺地域景気判断DI,,景況感,見通,やや改善,,,84
2023-04-01,周辺地域景気判断DI,,景況感,見通,かなり改善,,,6
2023-05-01,周辺地域景気判断DI,,景況感,見通,かなり悪化,,,11
2023-05-01,周辺地域景気判断DI,,景況感,見通,やや悪化,,,181
2023-05-01,周辺地域景気判断DI,,景況感,見通,変わらない,,,729
2023-05-01,周辺地域景気判断DI,,景況感,見通,やや改善,,,79
2023-05-01,周辺地域景気判断DI,,景況感,見通,かなり改善,,,0
2023-06-01,周辺地域景気判断DI,,景況感,見通,かなり悪化,,,22
2023-06-01,周辺地域景気判断DI,,景況感,見通,やや悪化,,,174
2023-06-01,周辺地域景気判断DI,,景況感,見通,変わらない,,,669
2023-06-01,周辺地域景気判断DI,,景況感,見通,やや改善,,,124
2023-06-01,周辺地域景気判断DI,,景況感,見通,かなり改善,,,11
2023-07-01,周辺地域景気判断DI,,景況感,見通,かなり悪化,,,17
2023-07-01,周辺地域景気判断DI,,景況感,見通,やや悪化,,,127
2023-07-01,周辺地域景気判断DI,,景況感,見通,変わらない,,,735
2023-07-01,周辺地域景気判断DI,,景況感,見通,やや改善,,,116
2023-07-01,周辺地域景気判断DI,,景況感,見通,かなり改善,,,6
2023-08-01,周辺地域景気判断DI,,景況感,見通,かなり悪化,,,11
2023-08-01,周辺地域景気判断DI,,景況感,見通,やや悪化,,,130
2023-08-01,周辺地域景気判断DI,,景況感,見通,変わらない,,,778
2023-08-01,周辺地域景気判断DI,,景況感,見通,やや改善,,,76
2023-08-01,周辺地域景気判断DI,,景況感,見通,かなり改善,,,5
2023-09-01,周辺地域景気判断DI,,景況感,見通,かなり悪化,,,6
2023-09-01,周辺地域景気判断DI,,景況感,見通,やや悪化,,,159
2023-09-01,周辺地域景気判断DI,,景況感,見通,変わらない,,,739
2023-09-01,周辺地域景気判断DI,,景況感,見通,やや改善,,,97
2023-09-01,周辺地域景気判断DI,,景況感,見通,かなり改善,,,0
2023-10-01,周辺地域景気判断DI,,景況感,見通,かなり悪化,,,0
2023-10-01,周辺地域景気判断DI,,景況感,見通,やや悪化,,,160
2023-10-01,周辺地域景気判断DI,,景況感,見通,変わらない,,,775
2023-10-01,周辺地域景気判断DI,,景況感,見通,やや改善,,,65
2023-10-01,周辺地域景気判断DI,,景況感,見通,かなり改善,,,0
2023-11-01,周辺地域景気判断DI,,景況感,見通,かなり悪化,,,0
2023-11-01,周辺地域景気判断DI,,景況感,見通,やや悪化,,,149
2023-11-01,周辺地域景気判断DI,,景況感,見通,変わらない,,,768
2023-11-01,周辺地域景気判断DI,,景況感,見通,やや改善,,,83
2023-11-01,周辺地域景気判断DI,,景況感,見通,かなり改善,,,0
2023-12-01,周辺地域景気判断DI,,景況感,見通,かなり悪化,,,6
2023-12-01,周辺地域景気判断DI,,景況感,見通,やや悪化,,,107
2023-12-01,周辺地域景気判断DI,,景況感,見通,変わらない,,,825
2023-12-01,周辺地域景気判断DI,,景況感,見通,やや改善,,,62
2023-12-01,周辺地域景気判断DI,,景況感,見通,かなり改善,,,0
2024-01-01,周辺地域景気判断DI,,景況感,見通,かなり悪化,,,11
2024-01-01,周辺地域景気判断DI,,景況感,見通,やや悪化,,,102
2024-01-01,周辺地域景気判断DI,,景況感,見通,変わらない,,,818
2024-01-01,周辺地域景気判断DI,,景況感,見通,やや改善,,,63
2024-01-01,周辺地域景気判断DI,,景況感,見通,かなり改善,,,6
2024-02-01,周辺地域景気判断DI,,景況感,見通,かなり悪化,,,6
2024-02-01,周辺地域景気判断DI,,景況感,見通,やや悪化,,,136
2024-02-01,周辺地域景気判断DI,,景況感,見通,変わらない,,,802
2024-02-01,周辺地域景気判断DI,,景況感,見通,やや改善,,,51
2024-02-01,周辺地域景気判断DI,,景況感,見通,かなり改善,,,6
2024-03-01,周辺地域景気判断DI,,景況感,見通,かなり悪化,,,0
2024-03-01,周辺地域景気判断DI,,景況感,見通,やや悪化,,,124
2024-03-01,周辺地域景気判断DI,,景況感,見通,変わらない,,,797
2024-03-01,周辺地域景気判断DI,,景況感,見通,やや改善,,,73
2024-03-01,周辺地域景気判断DI,,景況感,見通,かなり改善,,,6
2024-04-01,周辺地域景気判断DI,,景況感,見通,かなり悪化,,,6
2024-04-01,周辺地域景気判断DI,,景況感,見通,やや悪化,,,166
2024-04-01,周辺地域景気判断DI,,景況感,見通,変わらない,,,767
2024-04-01,周辺地域景気判断DI,,景況感,見通,やや改善,,,55
2024-04-01,周辺地域景気判断DI,,景況感,見通,かなり改善,,,6
2024-05-01,周辺地域景気判断DI,,景況感,見通,かなり悪化,,,0
2024-05-01,周辺地域景気判断DI,,景況感,見通,やや悪化,,,208
2024-05-01,周辺地域景気判断DI,,景況感,見通,変わらない,,,740
2024-05-01,周辺地域景気判断DI,,景況感,見通,やや改善,,,52
2024-05-01,周辺地域景気判断DI,,景況感,見通,かなり改善,,,0
2024-06-01,周辺地域景気判断DI,,景況感,見通,かなり悪化,,,6
2024-06-01,周辺地域景気判断DI,,景況感,見通,やや悪化,,,167
2024-06-01,周辺地域景気判断DI,,景況感,見通,変わらない,,,793
2024-06-01,周辺地域景気判断DI,,景況感,見通,やや改善,,,34
2024-06-01,周辺地域景気判断DI,,景況感,見通,かなり改善,,,0
2024-07-01,周辺地域景気判断DI,,景況感,見通,かなり悪化,,,0
2024-07-01,周辺地域景気判断DI,,景況感,見通,やや悪化,,,243
2024-07-01,周辺地域景気判断DI,,景況感,見通,変わらない,,,723
2024-07-01,周辺地域景気判断DI,,景況感,見通,やや改善,,,34
2024-07-01,周辺地域景気判断DI,,景況感,見通,かなり改善,,,0
2024-08-01,周辺地域景気判断DI,,景況感,見通,かなり悪化,,,0
2024-08-01,周辺地域景気判断DI,,景況感,見通,やや悪化,,,188
2024-08-01,周辺地域景気判断DI,,景況感,見通,変わらない,,,765
2024-08-01,周辺地域景気判断DI,,景況感,見通,やや改善,,,47
2024-08-01,周辺地域景気判断DI,,景況感,見通,かなり改善,,,0
2024-09-01,周辺地域景気判断DI,,景況感,見通,かなり悪化,,,0
2024-09-01,周辺地域景気判断DI,,景況感,見通,やや悪化,,,197
2024-09-01,周辺地域景気判断DI,,景況感,見通,変わらない,,,764
2024-09-01,周辺地域景気判断DI,,景況感,見通,やや改善,,,38
2024-09-01,周辺地域景気判断DI,,景況感,見通,かなり改善,,,0
2011-04-01,周辺地域競合状況DI,,景況感,現状,かなり厳しい,,,51
2011-04-01,周辺地域競合状況DI,,景況感,現状,やや厳しい,,,220
2011-04-01,周辺地域競合状況DI,,景況感,現状,変わらない,,,681
2011-04-01,周辺地域競合状況DI,,景況感,現状,やや緩和,,,42
2011-04-01,周辺地域競合状況DI,,景況感,現状,かなり緩和,,,6
2011-05-01,周辺地域競合状況DI,,景況感,現状,かなり厳しい,,,60
2011-05-01,周辺地域競合状況DI,,景況感,現状,やや厳しい,,,309
2011-05-01,周辺地域競合状況DI,,景況感,現状,変わらない,,,599
2011-05-01,周辺地域競合状況DI,,景況感,現状,やや緩和,,,22
2011-05-01,周辺地域競合状況DI,,景況感,現状,かなり緩和,,,9
2011-06-01,周辺地域競合状況DI,,景況感,現状,かなり厳しい,,,66
2011-06-01,周辺地域競合状況DI,,景況感,現状,やや厳しい,,,319
2011-06-01,周辺地域競合状況DI,,景況感,現状,変わらない,,,578
2011-06-01,周辺地域競合状況DI,,景況感,現状,やや緩和,,,30
2011-06-01,周辺地域競合状況DI,,景況感,現状,かなり緩和,,,7
2011-07-01,周辺地域競合状況DI,,景況感,現状,かなり厳しい,,,49
2011-07-01,周辺地域競合状況DI,,景況感,現状,やや厳しい,,,256
2011-07-01,周辺地域競合状況DI,,景況感,現状,変わらない,,,679
2011-07-01,周辺地域競合状況DI,,景況感,現状,やや緩和,,,16
2011-07-01,周辺地域競合状況DI,,景況感,現状,かなり緩和,,,0
2011-08-01,周辺地域競合状況DI,,景況感,現状,かなり厳しい,,,48
2011-08-01,周辺地域競合状況DI,,景況感,現状,やや厳しい,,,308
2011-08-01,周辺地域競合状況DI,,景況感,現状,変わらない,,,632
2011-08-01,周辺地域競合状況DI,,景況感,現状,やや緩和,,,10
2011-08-01,周辺地域競合状況DI,,景況感,現状,かなり緩和,,,3
2011-09-01,周辺地域競合状況DI,,景況感,現状,かなり厳しい,,,72
2011-09-01,周辺地域競合状況DI,,景況感,現状,やや厳しい,,,292
2011-09-01,周辺地域競合状況DI,,景況感,現状,変わらない,,,615
2011-09-01,周辺地域競合状況DI,,景況感,現状,やや緩和,,,14
2011-09-01,周辺地域競合状況DI,,景況感,現状,かなり緩和,,,7
2011-10-01,周辺地域競合状況DI,,景況感,現状,かなり厳しい,,,57
2011-10-01,周辺地域競合状況DI,,景況感,現状,やや厳しい,,,304
2011-10-01,周辺地域競合状況DI,,景況感,現状,変わらない,,,618
2011-10-01,周辺地域競合状況DI,,景況感,現状,やや緩和,,,17
2011-10-01,周辺地域競合状況DI,,景況感,現状,かなり緩和,,,3
2011-11-01,周辺地域競合状況DI,,景況感,現状,かなり厳しい,,,94
2011-11-01,周辺地域競合状況DI,,景況感,現状,やや厳しい,,,323
2011-11-01,周辺地域競合状況DI,,景況感,現状,変わらない,,,566
2011-11-01,周辺地域競合状況DI,,景況感,現状,やや緩和,,,13
2011-11-01,周辺地域競合状況DI,,景況感,現状,かなり緩和,,,3
2011-12-01,周辺地域競合状況DI,,景況感,現状,かなり厳しい,,,67
2011-12-01,周辺地域競合状況DI,,景況感,現状,やや厳しい,,,326
2011-12-01,周辺地域競合状況DI,,景況感,現状,変わらない,,,589
2011-12-01,周辺地域競合状況DI,,景況感,現状,やや緩和,,,18
2011-12-01,周辺地域競合状況DI,,景況感,現状,かなり緩和,,,0
2012-01-01,周辺地域競合状況DI,,景況感,現状,かなり厳しい,,,65
2012-01-01,周辺地域競合状況DI,,景況感,現状,やや厳しい,,,295
2012-01-01,周辺地域競合状況DI,,景況感,現状,変わらない,,,624
2012-01-01,周辺地域競合状況DI,,景況感,現状,やや緩和,,,12
2012-01-01,周辺地域競合状況DI,,景況感,現状,かなり緩和,,,3
2012-02-01,周辺地域競合状況DI,,景況感,現状,かなり厳しい,,,60
2012-02-01,周辺地域競合状況DI,,景況感,現状,やや厳しい,,,222
2012-02-01,周辺地域競合状況DI,,景況感,現状,変わらない,,,685
2012-02-01,周辺地域競合状況DI,,景況感,現状,やや緩和,,,33
2012-02-01,周辺地域競合状況DI,,景況感,現状,かなり緩和,,,0
2012-03-01,周辺地域競合状況DI,,景況感,現状,かなり厳しい,,,47
2012-03-01,周辺地域競合状況DI,,景況感,現状,やや厳しい,,,280
2012-03-01,周辺地域競合状況DI,,景況感,現状,変わらない,,,669
2012-03-01,周辺地域競合状況DI,,景況感,現状,やや緩和,,,3
2012-03-01,周辺地域競合状況DI,,景況感,現状,かなり緩和,,,0
2012-04-01,周辺地域競合状況DI,,景況感,現状,かなり厳しい,,,46
2012-04-01,周辺地域競合状況DI,,景況感,現状,やや厳しい,,,280
2012-04-01,周辺地域競合状況DI,,景況感,現状,変わらない,,,664
2012-04-01,周辺地域競合状況DI,,景況感,現状,やや緩和,,,10
2012-04-01,周辺地域競合状況DI,,景況感,現状,かなり緩和,,,0
2012-05-01,周辺地域競合状況DI,,景況感,現状,かなり厳しい,,,33
2012-05-01,周辺地域競合状況DI,,景況感,現状,やや厳しい,,,256
2012-05-01,周辺地域競合状況DI,,景況感,現状,変わらない,,,694
2012-05-01,周辺地域競合状況DI,,景況感,現状,やや緩和,,,17
2012-05-01,周辺地域競合状況DI,,景況感,現状,かなり緩和,,,0
2012-06-01,周辺地域競合状況DI,,景況感,現状,かなり厳しい,,,40
2012-06-01,周辺地域競合状況DI,,景況感,現状,やや厳しい,,,309
2012-06-01,周辺地域競合状況DI,,景況感,現状,変わらない,,,634
2012-06-01,周辺地域競合状況DI,,景況感,現状,やや緩和,,,17
2012-06-01,周辺地域競合状況DI,,景況感,現状,かなり緩和,,,0
2012-07-01,周辺地域競合状況DI,,景況感,現状,かなり厳しい,,,47
2012-07-01,周辺地域競合状況DI,,景況感,現状,やや厳しい,,,292
2012-07-01,周辺地域競合状況DI,,景況感,現状,変わらない,,,644
2012-07-01,周辺地域競合状況DI,,景況感,現状,やや緩和,,,17
2012-07-01,周辺地域競合状況DI,,景況感,現状,かなり緩和,,,0
2012-08-01,周辺地域競合状況DI,,景況感,現状,かなり厳しい,,,55
2012-08-01,周辺地域競合状況DI,,景況感,現状,やや厳しい,,,324
2012-08-01,周辺地域競合状況DI,,景況感,現状,変わらない,,,603
2012-08-01,周辺地域競合状況DI,,景況感,現状,やや緩和,,,17
2012-08-01,周辺地域競合状況DI,,景況感,現状,かなり緩和,,,0
2012-09-01,周辺地域競合状況DI,,景況感,現状,かなり厳しい,,,60
2012-09-01,周辺地域競合状況DI,,景況感,現状,やや厳しい,,,298
2012-09-01,周辺地域競合状況DI,,景況感,現状,変わらない,,,621
2012-09-01,周辺地域競合状況DI,,景況感,現状,やや緩和,,,21
2012-09-01,周辺地域競合状況DI,,景況感,現状,かなり緩和,,,0
2012-10-01,周辺地域競合状況DI,,景況感,現状,かなり厳しい,,,76
2012-10-01,周辺地域競合状況DI,,景況感,現状,やや厳しい,,,322
2012-10-01,周辺地域競合状況DI,,景況感,現状,変わらない,,,598
2012-10-01,周辺地域競合状況DI,,景況感,現状,やや緩和,,,4
2012-10-01,周辺地域競合状況DI,,景況感,現状,かなり緩和,,,0
2012-11-01,周辺地域競合状況DI,,景況感,現状,かなり厳しい,,,77
2012-11-01,周辺地域競合状況DI,,景況感,現状,やや厳しい,,,332
2012-11-01,周辺地域競合状況DI,,景況感,現状,変わらない,,,584
2012-11-01,周辺地域競合状況DI,,景況感,現状,やや緩和,,,7
2012-11-01,周辺地域競合状況DI,,景況感,現状,かなり緩和,,,0
2012-12-01,周辺地域競合状況DI,,景況感,現状,かなり厳しい,,,86
2012-12-01,周辺地域競合状況DI,,景況感,現状,やや厳しい,,,286
2012-12-01,周辺地域競合状況DI,,景況感,現状,変わらない,,,614
2012-12-01,周辺地域競合状況DI,,景況感,現状,やや緩和,,,14
2012-12-01,周辺地域競合状況DI,,景況感,現状,かなり緩和,,,0
2013-01-01,周辺地域競合状況DI,,景況感,現状,かなり厳しい,,,83
2013-01-01,周辺地域競合状況DI,,景況感,現状,やや厳しい,,,261
2013-01-01,周辺地域競合状況DI,,景況感,現状,変わらない,,,638
2013-01-01,周辺地域競合状況DI,,景況感,現状,やや緩和,,,18
2013-01-01,周辺地域競合状況DI,,景況感,現状,かなり緩和,,,0
2013-02-01,周辺地域競合状況DI,,景況感,現状,かなり厳しい,,,67
2013-02-01,周辺地域競合状況DI,,景況感,現状,やや厳しい,,,290
2013-02-01,周辺地域競合状況DI,,景況感,現状,変わらない,,,625
2013-02-01,周辺地域競合状況DI,,景況感,現状,やや緩和,,,15
2013-02-01,周辺地域競合状況DI,,景況感,現状,かなり緩和,,,4
2013-03-01,周辺地域競合状況DI,,景況感,現状,かなり厳しい,,,64
2013-03-01,周辺地域競合状況DI,,景況感,現状,やや厳しい,,,275
2013-03-01,周辺地域競合状況DI,,景況感,現状,変わらない,,,649
2013-03-01,周辺地域競合状況DI,,景況感,現状,やや緩和,,,11
2013-03-01,周辺地域競合状況DI,,景況感,現状,かなり緩和,,,0
2013-04-01,周辺地域競合状況DI,,景況感,現状,かなり厳しい,,,75
2013-04-01,周辺地域競合状況DI,,景況感,現状,やや厳しい,,,274
2013-04-01,周辺地域競合状況DI,,景況感,現状,変わらない,,,643
2013-04-01,周辺地域競合状況DI,,景況感,現状,やや緩和,,,8
2013-04-01,周辺地域競合状況DI,,景況感,現状,かなり緩和,,,0
2013-05-01,周辺地域競合状況DI,,景況感,現状,かなり厳しい,,,53
2013-05-01,周辺地域競合状況DI,,景況感,現状,やや厳しい,,,256
2013-05-01,周辺地域競合状況DI,,景況感,現状,変わらない,,,676
2013-05-01,周辺地域競合状況DI,,景況感,現状,やや緩和,,,15
2013-05-01,周辺地域競合状況DI,,景況感,現状,かなり緩和,,,0
2013-06-01,周辺地域競合状況DI,,景況感,現状,かなり厳しい,,,49
2013-06-01,周辺地域競合状況DI,,景況感,現状,やや厳しい,,,215
2013-06-01,周辺地域競合状況DI,,景況感,現状,変わらない,,,721
2013-06-01,周辺地域競合状況DI,,景況感,現状,やや緩和,,,15
2013-06-01,周辺地域競合状況DI,,景況感,現状,かなり緩和,,,0
2013-07-01,周辺地域競合状況DI,,景況感,現状,かなり厳しい,,,38
2013-07-01,周辺地域競合状況DI,,景況感,現状,やや厳しい,,,234
2013-07-01,周辺地域競合状況DI,,景況感,現状,変わらない,,,709
2013-07-01,周辺地域競合状況DI,,景況感,現状,やや緩和,,,19
2013-07-01,周辺地域競合状況DI,,景況感,現状,かなり緩和,,,0
2013-08-01,周辺地域競合状況DI,,景況感,現状,かなり厳しい,,,41
2013-08-01,周辺地域競合状況DI,,景況感,現状,やや厳しい,,,225
2013-08-01,周辺地域競合状況DI,,景況感,現状,変わらない,,,705
2013-08-01,周辺地域競合状況DI,,景況感,現状,やや緩和,,,29
2013-08-01,周辺地域競合状況DI,,景況感,現状,かなり緩和,,,0
2013-09-01,周辺地域競合状況DI,,景況感,現状,かなり厳しい,,,24
2013-09-01,周辺地域競合状況DI,,景況感,現状,やや厳しい,,,229
2013-09-01,周辺地域競合状況DI,,景況感,現状,変わらない,,,731
2013-09-01,周辺地域競合状況DI,,景況感,現状,やや緩和,,,16
2013-09-01,周辺地域競合状況DI,,景況感,現状,かなり緩和,,,0
2013-10-01,周辺地域競合状況DI,,景況感,現状,かなり厳しい,,,42
2013-10-01,周辺地域競合状況DI,,景況感,現状,やや厳しい,,,242
2013-10-01,周辺地域競合状況DI,,景況感,現状,変わらない,,,708
2013-10-01,周辺地域競合状況DI,,景況感,現状,やや緩和,,,8
2013-10-01,周辺地域競合状況DI,,景況感,現状,かなり緩和,,,0
2013-11-01,周辺地域競合状況DI,,景況感,現状,かなり厳しい,,,49
2013-11-01,周辺地域競合状況DI,,景況感,現状,やや厳しい,,,228
2013-11-01,周辺地域競合状況DI,,景況感,現状,変わらない,,,684
2013-11-01,周辺地域競合状況DI,,景況感,現状,やや緩和,,,38
2013-11-01,周辺地域競合状況DI,,景況感,現状,かなり緩和,,,0
2013-12-01,周辺地域競合状況DI,,景況感,現状,かなり厳しい,,,46
2013-12-01,周辺地域競合状況DI,,景況感,現状,やや厳しい,,,221
2013-12-01,周辺地域競合状況DI,,景況感,現状,変わらない,,,714
2013-12-01,周辺地域競合状況DI,,景況感,現状,やや緩和,,,19
2013-12-01,周辺地域競合状況DI,,景況感,現状,かなり緩和,,,0
2014-01-01,周辺地域競合状況DI,,景況感,現状,かなり厳しい,,,41
2014-01-01,周辺地域競合状況DI,,景況感,現状,やや厳しい,,,203
2014-01-01,周辺地域競合状況DI,,景況感,現状,変わらない,,,705
2014-01-01,周辺地域競合状況DI,,景況感,現状,やや緩和,,,50
2014-01-01,周辺地域競合状況DI,,景況感,現状,かなり緩和,,,0
2014-02-01,周辺地域競合状況DI,,景況感,現状,かなり厳しい,,,33
2014-02-01,周辺地域競合状況DI,,景況感,現状,やや厳しい,,,183
2014-02-01,周辺地域競合状況DI,,景況感,現状,変わらない,,,730
2014-02-01,周辺地域競合状況DI,,景況感,現状,やや緩和,,,54
2014-02-01,周辺地域競合状況DI,,景況感,現状,かなり緩和,,,0
2014-03-01,周辺地域競合状況DI,,景況感,現状,かなり厳しい,,,33
2014-03-01,周辺地域競合状況DI,,景況感,現状,やや厳しい,,,221
2014-03-01,周辺地域競合状況DI,,景況感,現状,変わらない,,,689
2014-03-01,周辺地域競合状況DI,,景況感,現状,やや緩和,,,53
2014-03-01,周辺地域競合状況DI,,景況感,現状,かなり緩和,,,4
2014-04-01,周辺地域競合状況DI,,景況感,現状,かなり厳しい,,,49
2014-04-01,周辺地域競合状況DI,,景況感,現状,やや厳しい,,,324
2014-04-01,周辺地域競合状況DI,,景況感,現状,変わらない,,,611
2014-04-01,周辺地域競合状況DI,,景況感,現状,やや緩和,,,16
2014-04-01,周辺地域競合状況DI,,景況感,現状,かなり緩和,,,0
2014-05-01,周辺地域競合状況DI,,景況感,現状,かなり厳しい,,,60
2014-05-01,周辺地域競合状況DI,,景況感,現状,やや厳しい,,,189
2014-05-01,周辺地域競合状況DI,,景況感,現状,変わらない,,,730
2014-05-01,周辺地域競合状況DI,,景況感,現状,やや緩和,,,17
2014-05-01,周辺地域競合状況DI,,景況感,現状,かなり緩和,,,4
2014-06-01,周辺地域競合状況DI,,景況感,現状,かなり厳しい,,,43
2014-06-01,周辺地域競合状況DI,,景況感,現状,やや厳しい,,,214
2014-06-01,周辺地域競合状況DI,,景況感,現状,変わらない,,,709
2014-06-01,周辺地域競合状況DI,,景況感,現状,やや緩和,,,30
2014-06-01,周辺地域競合状況DI,,景況感,現状,かなり緩和,,,4
2014-07-01,周辺地域競合状況DI,,景況感,現状,かなり厳しい,,,47
2014-07-01,周辺地域競合状況DI,,景況感,現状,やや厳しい,,,191
2014-07-01,周辺地域競合状況DI,,景況感,現状,変わらない,,,745
2014-07-01,周辺地域競合状況DI,,景況感,現状,やや緩和,,,13
2014-07-01,周辺地域競合状況DI,,景況感,現状,かなり緩和,,,4
2014-08-01,周辺地域競合状況DI,,景況感,現状,かなり厳しい,,,45
2014-08-01,周辺地域競合状況DI,,景況感,現状,やや厳しい,,,193
2014-08-01,周辺地域競合状況DI,,景況感,現状,変わらない,,,733
2014-08-01,周辺地域競合状況DI,,景況感,現状,やや緩和,,,29
2014-08-01,周辺地域競合状況DI,,景況感,現状,かなり緩和,,,0
2014-09-01,周辺地域競合状況DI,,景況感,現状,かなり厳しい,,,63
2014-09-01,周辺地域競合状況DI,,景況感,現状,やや厳しい,,,184
2014-09-01,周辺地域競合状況DI,,景況感,現状,変わらない,,,726
2014-09-01,周辺地域競合状況DI,,景況感,現状,やや緩和,,,27
2014-09-01,周辺地域競合状況DI,,景況感,現状,かなり緩和,,,0
2014-10-01,周辺地域競合状況DI,,景況感,現状,かなり厳しい,,,59
2014-10-01,周辺地域競合状況DI,,景況感,現状,やや厳しい,,,225
2014-10-01,周辺地域競合状況DI,,景況感,現状,変わらない,,,689
2014-10-01,周辺地域競合状況DI,,景況感,現状,やや緩和,,,23
2014-10-01,周辺地域競合状況DI,,景況感,現状,かなり緩和,,,5
2014-11-01,周辺地域競合状況DI,,景況感,現状,かなり厳しい,,,60
2014-11-01,周辺地域競合状況DI,,景況感,現状,やや厳しい,,,253
2014-11-01,周辺地域競合状況DI,,景況感,現状,変わらない,,,664
2014-11-01,周辺地域競合状況DI,,景況感,現状,やや緩和,,,23
2014-11-01,周辺地域競合状況DI,,景況感,現状,かなり緩和,,,0
2014-12-01,周辺地域競合状況DI,,景況感,現状,かなり厳しい,,,56
2014-12-01,周辺地域競合状況DI,,景況感,現状,やや厳しい,,,277
2014-12-01,周辺地域競合状況DI,,景況感,現状,変わらない,,,641
2014-12-01,周辺地域競合状況DI,,景況感,現状,やや緩和,,,26
2014-12-01,周辺地域競合状況DI,,景況感,現状,かなり緩和,,,0
2015-01-01,周辺地域競合状況DI,,景況感,現状,かなり厳しい,,,49
2015-01-01,周辺地域競合状況DI,,景況感,現状,やや厳しい,,,206
2015-01-01,周辺地域競合状況DI,,景況感,現状,変わらない,,,717
2015-01-01,周辺地域競合状況DI,,景況感,現状,やや緩和,,,27
2015-01-01,周辺地域競合状況DI,,景況感,現状,かなり緩和,,,0
2015-02-01,周辺地域競合状況DI,,景況感,現状,かなり厳しい,,,53
2015-02-01,周辺地域競合状況DI,,景況感,現状,やや厳しい,,,227
2015-02-01,周辺地域競合状況DI,,景況感,現状,変わらない,,,698
2015-02-01,周辺地域競合状況DI,,景況感,現状,やや緩和,,,22
2015-02-01,周辺地域競合状況DI,,景況感,現状,かなり緩和,,,0
2015-03-01,周辺地域競合状況DI,,景況感,現状,かなり厳しい,,,31
2015-03-01,周辺地域競合状況DI,,景況感,現状,やや厳しい,,,181
2015-03-01,周辺地域競合状況DI,,景況感,現状,変わらない,,,761
2015-03-01,周辺地域競合状況DI,,景況感,現状,やや緩和,,,27
2015-03-01,周辺地域競合状況DI,,景況感,現状,かなり緩和,,,0
2015-04-01,周辺地域競合状況DI,,景況感,現状,かなり厳しい,,,40
2015-04-01,周辺地域競合状況DI,,景況感,現状,やや厳しい,,,142
2015-04-01,周辺地域競合状況DI,,景況感,現状,変わらない,,,743
2015-04-01,周辺地域競合状況DI,,景況感,現状,やや緩和,,,75
2015-04-01,周辺地域競合状況DI,,景況感,現状,かなり緩和,,,0
2015-05-01,周辺地域競合状況DI,,景況感,現状,かなり厳しい,,,27
2015-05-01,周辺地域競合状況DI,,景況感,現状,やや厳しい,,,156
2015-05-01,周辺地域競合状況DI,,景況感,現状,変わらない,,,742
2015-05-01,周辺地域競合状況DI,,景況感,現状,やや緩和,,,76
2015-05-01,周辺地域競合状況DI,,景況感,現状,かなり緩和,,,0
2015-06-01,周辺地域競合状況DI,,景況感,現状,かなり厳しい,,,14
2015-06-01,周辺地域競合状況DI,,景況感,現状,やや厳しい,,,190
2015-06-01,周辺地域競合状況DI,,景況感,現状,変わらない,,,755
2015-06-01,周辺地域競合状況DI,,景況感,現状,やや緩和,,,42
2015-06-01,周辺地域競合状況DI,,景況感,現状,かなり緩和,,,0
2015-07-01,周辺地域競合状況DI,,景況感,現状,かなり厳しい,,,26
2015-07-01,周辺地域競合状況DI,,景況感,現状,やや厳しい,,,193
2015-07-01,周辺地域競合状況DI,,景況感,現状,変わらない,,,732
2015-07-01,周辺地域競合状況DI,,景況感,現状,やや緩和,,,48
2015-07-01,周辺地域競合状況DI,,景況感,現状,かなり緩和,,,0
2015-08-01,周辺地域競合状況DI,,景況感,現状,かなり厳しい,,,36
2015-08-01,周辺地域競合状況DI,,景況感,現状,やや厳しい,,,189
2015-08-01,周辺地域競合状況DI,,景況感,現状,変わらない,,,721
2015-08-01,周辺地域競合状況DI,,景況感,現状,やや緩和,,,50
2015-08-01,周辺地域競合状況DI,,景況感,現状,かなり緩和,,,5
2015-09-01,周辺地域競合状況DI,,景況感,現状,かなり厳しい,,,37
2015-09-01,周辺地域競合状況DI,,景況感,現状,やや厳しい,,,207
2015-09-01,周辺地域競合状況DI,,景況感,現状,変わらない,,,719
2015-09-01,周辺地域競合状況DI,,景況感,現状,やや緩和,,,37
2015-09-01,周辺地域競合状況DI,,景況感,現状,かなり緩和,,,0
2015-10-01,周辺地域競合状況DI,,景況感,現状,かなり厳しい,,,44
2015-10-01,周辺地域競合状況DI,,景況感,現状,やや厳しい,,,227
2015-10-01,周辺地域競合状況DI,,景況感,現状,変わらない,,,698
2015-10-01,周辺地域競合状況DI,,景況感,現状,やや緩和,,,27
2015-10-01,周辺地域競合状況DI,,景況感,現状,かなり緩和,,,4
2015-11-01,周辺地域競合状況DI,,景況感,現状,かなり厳しい,,,58
2015-11-01,周辺地域競合状況DI,,景況感,現状,やや厳しい,,,272
2015-11-01,周辺地域競合状況DI,,景況感,現状,変わらない,,,647
2015-11-01,周辺地域競合状況DI,,景況感,現状,やや緩和,,,22
2015-11-01,周辺地域競合状況DI,,景況感,現状,かなり緩和,,,0
2015-12-01,周辺地域競合状況DI,,景況感,現状,かなり厳しい,,,41
2015-12-01,周辺地域競合状況DI,,景況感,現状,やや厳しい,,,234
2015-12-01,周辺地域競合状況DI,,景況感,現状,変わらない,,,698
2015-12-01,周辺地域競合状況DI,,景況感,現状,やや緩和,,,27
2015-12-01,周辺地域競合状況DI,,景況感,現状,かなり緩和,,,0
2016-01-01,周辺地域競合状況DI,,景況感,現状,かなり厳しい,,,27
2016-01-01,周辺地域競合状況DI,,景況感,現状,やや厳しい,,,214
2016-01-01,周辺地域競合状況DI,,景況感,現状,変わらない,,,736
2016-01-01,周辺地域競合状況DI,,景況感,現状,やや緩和,,,23
2016-01-01,周辺地域競合状況DI,,景況感,現状,かなり緩和,,,0
2016-02-01,周辺地域競合状況DI,,景況感,現状,かなり厳しい,,,23
2016-02-01,周辺地域競合状況DI,,景況感,現状,やや厳しい,,,197
2016-02-01,周辺地域競合状況DI,,景況感,現状,変わらない,,,746
2016-02-01,周辺地域競合状況DI,,景況感,現状,やや緩和,,,28
2016-02-01,周辺地域競合状況DI,,景況感,現状,かなり緩和,,,5
2016-03-01,周辺地域競合状況DI,,景況感,現状,かなり厳しい,,,29
2016-03-01,周辺地域競合状況DI,,景況感,現状,やや厳しい,,,244
2016-03-01,周辺地域競合状況DI,,景況感,現状,変わらない,,,694
2016-03-01,周辺地域競合状況DI,,景況感,現状,やや緩和,,,33
2016-03-01,周辺地域競合状況DI,,景況感,現状,かなり緩和,,,0
2016-04-01,周辺地域競合状況DI,,景況感,現状,かなり厳しい,,,19
2016-04-01,周辺地域競合状況DI,,景況感,現状,やや厳しい,,,258
2016-04-01,周辺地域競合状況DI,,景況感,現状,変わらない,,,694
2016-04-01,周辺地域競合状況DI,,景況感,現状,やや緩和,,,29
2016-04-01,周辺地域競合状況DI,,景況感,現状,かなり緩和,,,0
2016-05-01,周辺地域競合状況DI,,景況感,現状,かなり厳しい,,,30
2016-05-01,周辺地域競合状況DI,,景況感,現状,やや厳しい,,,291
2016-05-01,周辺地域競合状況DI,,景況感,現状,変わらない,,,680
2016-05-01,周辺地域競合状況DI,,景況感,現状,やや緩和,,,0
2016-05-01,周辺地域競合状況DI,,景況感,現状,かなり緩和,,,0
2016-06-01,周辺地域競合状況DI,,景況感,現状,かなり厳しい,,,10
2016-06-01,周辺地域競合状況DI,,景況感,現状,やや厳しい,,,272
2016-06-01,周辺地域競合状況DI,,景況感,現状,変わらない,,,703
2016-06-01,周辺地域競合状況DI,,景況感,現状,やや緩和,,,15
2016-06-01,周辺地域競合状況DI,,景況感,現状,かなり緩和,,,0
2016-07-01,周辺地域競合状況DI,,景況感,現状,かなり厳しい,,,35
2016-07-01,周辺地域競合状況DI,,景況感,現状,やや厳しい,,,252
2016-07-01,周辺地域競合状況DI,,景況感,現状,変わらない,,,703
2016-07-01,周辺地域競合状況DI,,景況感,現状,やや緩和,,,5
2016-07-01,周辺地域競合状況DI,,景況感,現状,かなり緩和,,,5
2016-08-01,周辺地域競合状況DI,,景況感,現状,かなり厳しい,,,29
2016-08-01,周辺地域競合状況DI,,景況感,現状,やや厳しい,,,312
2016-08-01,周辺地域競合状況DI,,景況感,現状,変わらない,,,644
2016-08-01,周辺地域競合状況DI,,景況感,現状,やや緩和,,,10
2016-08-01,周辺地域競合状況DI,,景況感,現状,かなり緩和,,,5
2016-09-01,周辺地域競合状況DI,,景況感,現状,かなり厳しい,,,24
2016-09-01,周辺地域競合状況DI,,景況感,現状,やや厳しい,,,267
2016-09-01,周辺地域競合状況DI,,景況感,現状,変わらない,,,699
2016-09-01,周辺地域競合状況DI,,景況感,現状,やや緩和,,,10
2016-09-01,周辺地域競合状況DI,,景況感,現状,かなり緩和,,,0
2016-10-01,周辺地域競合状況DI,,景況感,現状,かなり厳しい,,,29
2016-10-01,周辺地域競合状況DI,,景況感,現状,やや厳しい,,,252
2016-10-01,周辺地域競合状況DI,,景況感,現状,変わらない,,,704
2016-10-01,周辺地域競合状況DI,,景況感,現状,やや緩和,,,15
2016-10-01,周辺地域競合状況DI,,景況感,現状,かなり緩和,,,0
2016-11-01,周辺地域競合状況DI,,景況感,現状,かなり厳しい,,,44
2016-11-01,周辺地域競合状況DI,,景況感,現状,やや厳しい,,,275
2016-11-01,周辺地域競合状況DI,,景況感,現状,変わらない,,,667
2016-11-01,周辺地域競合状況DI,,景況感,現状,やや緩和,,,10
2016-11-01,周辺地域競合状況DI,,景況感,現状,かなり緩和,,,5
2016-12-01,周辺地域競合状況DI,,景況感,現状,かなり厳しい,,,25
2016-12-01,周辺地域競合状況DI,,景況感,現状,やや厳しい,,,254
2016-12-01,周辺地域競合状況DI,,景況感,現状,変わらない,,,697
2016-12-01,周辺地域競合状況DI,,景況感,現状,やや緩和,,,20
2016-12-01,周辺地域競合状況DI,,景況感,現状,かなり緩和,,,5
2017-01-01,周辺地域競合状況DI,,景況感,現状,かなり厳しい,,,39
2017-01-01,周辺地域競合状況DI,,景況感,現状,やや厳しい,,,300
2017-01-01,周辺地域競合状況DI,,景況感,現状,変わらない,,,635
2017-01-01,周辺地域競合状況DI,,景況感,現状,やや緩和,,,25
2017-01-01,周辺地域競合状況DI,,景況感,現状,かなり緩和,,,0
2017-02-01,周辺地域競合状況DI,,景況感,現状,かなり厳しい,,,30
2017-02-01,周辺地域競合状況DI,,景況感,現状,やや厳しい,,,295
2017-02-01,周辺地域競合状況DI,,景況感,現状,変わらない,,,660
2017-02-01,周辺地域競合状況DI,,景況感,現状,やや緩和,,,15
2017-02-01,周辺地域競合状況DI,,景況感,現状,かなり緩和,,,0
2017-03-01,周辺地域競合状況DI,,景況感,現状,かなり厳しい,,,20
2017-03-01,周辺地域競合状況DI,,景況感,現状,やや厳しい,,,275
2017-03-01,周辺地域競合状況DI,,景況感,現状,変わらない,,,667
2017-03-01,周辺地域競合状況DI,,景況感,現状,やや緩和,,,39
2017-03-01,周辺地域競合状況DI,,景況感,現状,かなり緩和,,,0
2017-04-01,周辺地域競合状況DI,,景況感,現状,かなり厳しい,,,38
2017-04-01,周辺地域競合状況DI,,景況感,現状,やや厳しい,,,283
2017-04-01,周辺地域競合状況DI,,景況感,現状,変わらない,,,642
2017-04-01,周辺地域競合状況DI,,景況感,現状,やや緩和,,,33
2017-04-01,周辺地域競合状況DI,,景況感,現状,かなり緩和,,,5
2017-05-01,周辺地域競合状況DI,,景況感,現状,かなり厳しい,,,43
2017-05-01,周辺地域競合状況DI,,景況感,現状,やや厳しい,,,303
2017-05-01,周辺地域競合状況DI,,景況感,現状,変わらない,,,611
2017-05-01,周辺地域競合状況DI,,景況感,現状,やや緩和,,,43
2017-05-01,周辺地域競合状況DI,,景況感,現状,かなり緩和,,,0
2017-06-01,周辺地域競合状況DI,,景況感,現状,かなり厳しい,,,40
2017-06-01,周辺地域競合状況DI,,景況感,現状,やや厳しい,,,288
2017-06-01,周辺地域競合状況DI,,景況感,現状,変わらない,,,638
2017-06-01,周辺地域競合状況DI,,景況感,現状,やや緩和,,,34
2017-06-01,周辺地域競合状況DI,,景況感,現状,かなり緩和,,,0
2017-07-01,周辺地域競合状況DI,,景況感,現状,かなり厳しい,,,46
2017-07-01,周辺地域競合状況DI,,景況感,現状,やや厳しい,,,289
2017-07-01,周辺地域競合状況DI,,景況感,現状,変わらない,,,629
2017-07-01,周辺地域競合状況DI,,景況感,現状,やや緩和,,,36
2017-07-01,周辺地域競合状況DI,,景況感,現状,かなり緩和,,,0
2017-08-01,周辺地域競合状況DI,,景況感,現状,かなり厳しい,,,49
2017-08-01,周辺地域競合状況DI,,景況感,現状,やや厳しい,,,296
2017-08-01,周辺地域競合状況DI,,景況感,現状,変わらない,,,621
2017-08-01,周辺地域競合状況DI,,景況感,現状,やや緩和,,,34
2017-08-01,周辺地域競合状況DI,,景況感,現状,かなり緩和,,,0
2017-09-01,周辺地域競合状況DI,,景況感,現状,かなり厳しい,,,46
2017-09-01,周辺地域競合状況DI,,景況感,現状,やや厳しい,,,305
2017-09-01,周辺地域競合状況DI,,景況感,現状,変わらない,,,609
2017-09-01,周辺地域競合状況DI,,景況感,現状,やや緩和,,,41
2017-09-01,周辺地域競合状況DI,,景況感,現状,かなり緩和,,,0
2017-10-01,周辺地域競合状況DI,,景況感,現状,かなり厳しい,,,41
2017-10-01,周辺地域競合状況DI,,景況感,現状,やや厳しい,,,304
2017-10-01,周辺地域競合状況DI,,景況感,現状,変わらない,,,634
2017-10-01,周辺地域競合状況DI,,景況感,現状,やや緩和,,,21
2017-10-01,周辺地域競合状況DI,,景況感,現状,かなり緩和,,,0
2017-11-01,周辺地域競合状況DI,,景況感,現状,かなり厳しい,,,49
2017-11-01,周辺地域競合状況DI,,景況感,現状,やや厳しい,,,328
2017-11-01,周辺地域競合状況DI,,景況感,現状,変わらない,,,608
2017-11-01,周辺地域競合状況DI,,景況感,現状,やや緩和,,,15
2017-11-01,周辺地域競合状況DI,,景況感,現状,かなり緩和,,,0
2017-12-01,周辺地域競合状況DI,,景況感,現状,かなり厳しい,,,30
2017-12-01,周辺地域競合状況DI,,景況感,現状,やや厳しい,,,251
2017-12-01,周辺地域競合状況DI,,景況感,現状,変わらない,,,714
2017-12-01,周辺地域競合状況DI,,景況感,現状,やや緩和,,,5
2017-12-01,周辺地域競合状況DI,,景況感,現状,かなり緩和,,,0
2018-01-01,周辺地域競合状況DI,,景況感,現状,かなり厳しい,,,20
2018-01-01,周辺地域競合状況DI,,景況感,現状,やや厳しい,,,299
2018-01-01,周辺地域競合状況DI,,景況感,現状,変わらない,,,660
2018-01-01,周辺地域競合状況DI,,景況感,現状,やや緩和,,,15
2018-01-01,周辺地域競合状況DI,,景況感,現状,かなり緩和,,,5
2018-02-01,周辺地域競合状況DI,,景況感,現状,かなり厳しい,,,45
2018-02-01,周辺地域競合状況DI,,景況感,現状,やや厳しい,,,264
2018-02-01,周辺地域競合状況DI,,景況感,現状,変わらない,,,662
2018-02-01,周辺地域競合状況DI,,景況感,現状,やや緩和,,,30
2018-02-01,周辺地域競合状況DI,,景況感,現状,かなり緩和,,,0
2018-03-01,周辺地域競合状況DI,,景況感,現状,かなり厳しい,,,34
2018-03-01,周辺地域競合状況DI,,景況感,現状,やや厳しい,,,281
2018-03-01,周辺地域競合状況DI,,景況感,現状,変わらない,,,660
2018-03-01,周辺地域競合状況DI,,景況感,現状,やや緩和,,,25
2018-03-01,周辺地域競合状況DI,,景況感,現状,かなり緩和,,,0
2018-04-01,周辺地域競合状況DI,,景況感,現状,かなり厳しい,,,45
2018-04-01,周辺地域競合状況DI,,景況感,現状,やや厳しい,,,332
2018-04-01,周辺地域競合状況DI,,景況感,現状,変わらない,,,614
2018-04-01,周辺地域競合状況DI,,景況感,現状,やや緩和,,,10
2018-04-01,周辺地域競合状況DI,,景況感,現状,かなり緩和,,,0
2018-05-01,周辺地域競合状況DI,,景況感,現状,かなり厳しい,,,40
2018-05-01,周辺地域競合状況DI,,景況感,現状,やや厳しい,,,335
2018-05-01,周辺地域競合状況DI,,景況感,現状,変わらない,,,605
2018-05-01,周辺地域競合状況DI,,景況感,現状,やや緩和,,,20
2018-05-01,周辺地域競合状況DI,,景況感,現状,かなり緩和,,,0
2018-06-01,周辺地域競合状況DI,,景況感,現状,かなり厳しい,,,39
2018-06-01,周辺地域競合状況DI,,景況感,現状,やや厳しい,,,304
2018-06-01,周辺地域競合状況DI,,景況感,現状,変わらない,,,632
2018-06-01,周辺地域競合状況DI,,景況感,現状,やや緩和,,,20
2018-06-01,周辺地域競合状況DI,,景況感,現状,かなり緩和,,,5
2018-07-01,周辺地域競合状況DI,,景況感,現状,かなり厳しい,,,36
2018-07-01,周辺地域競合状況DI,,景況感,現状,やや厳しい,,,242
2018-07-01,周辺地域競合状況DI,,景況感,現状,変わらない,,,696
2018-07-01,周辺地域競合状況DI,,景況感,現状,やや緩和,,,21
2018-07-01,周辺地域競合状況DI,,景況感,現状,かなり緩和,,,5
2018-08-01,周辺地域競合状況DI,,景況感,現状,かなり厳しい,,,37
2018-08-01,周辺地域競合状況DI,,景況感,現状,やや厳しい,,,241
2018-08-01,周辺地域競合状況DI,,景況感,現状,変わらない,,,701
2018-08-01,周辺地域競合状況DI,,景況感,現状,やや緩和,,,21
2018-08-01,周辺地域競合状況DI,,景況感,現状,かなり緩和,,,0
2018-09-01,周辺地域競合状況DI,,景況感,現状,かなり厳しい,,,32
2018-09-01,周辺地域競合状況DI,,景況感,現状,やや厳しい,,,216
2018-09-01,周辺地域競合状況DI,,景況感,現状,変わらない,,,716
2018-09-01,周辺地域競合状況DI,,景況感,現状,やや緩和,,,37
2018-09-01,周辺地域競合状況DI,,景況感,現状,かなり緩和,,,0
2018-10-01,周辺地域競合状況DI,,景況感,現状,かなり厳しい,,,48
2018-10-01,周辺地域競合状況DI,,景況感,現状,やや厳しい,,,289
2018-10-01,周辺地域競合状況DI,,景況感,現状,変わらない,,,626
2018-10-01,周辺地域競合状況DI,,景況感,現状,やや緩和,,,32
2018-10-01,周辺地域競合状況DI,,景況感,現状,かなり緩和,,,5
2018-11-01,周辺地域競合状況DI,,景況感,現状,かなり厳しい,,,63
2018-11-01,周辺地域競合状況DI,,景況感,現状,やや厳しい,,,347
2018-11-01,周辺地域競合状況DI,,景況感,現状,変わらない,,,563
2018-11-01,周辺地域競合状況DI,,景況感,現状,やや緩和,,,26
2018-11-01,周辺地域競合状況DI,,景況感,現状,かなり緩和,,,0
2018-12-01,周辺地域競合状況DI,,景況感,現状,かなり厳しい,,,67
2018-12-01,周辺地域競合状況DI,,景況感,現状,やや厳しい,,,309
2018-12-01,周辺地域競合状況DI,,景況感,現状,変わらない,,,596
2018-12-01,周辺地域競合状況DI,,景況感,現状,やや緩和,,,28
2018-12-01,周辺地域競合状況DI,,景況感,現状,かなり緩和,,,0
2019-01-01,周辺地域競合状況DI,,景況感,現状,かなり厳しい,,,59
2019-01-01,周辺地域競合状況DI,,景況感,現状,やや厳しい,,,317
2019-01-01,周辺地域競合状況DI,,景況感,現状,変わらない,,,602
2019-01-01,周辺地域競合状況DI,,景況感,現状,やや緩和,,,22
2019-01-01,周辺地域競合状況DI,,景況感,現状,かなり緩和,,,0
2019-02-01,周辺地域競合状況DI,,景況感,現状,かなり厳しい,,,63
2019-02-01,周辺地域競合状況DI,,景況感,現状,やや厳しい,,,351
2019-02-01,周辺地域競合状況DI,,景況感,現状,変わらない,,,560
2019-02-01,周辺地域競合状況DI,,景況感,現状,やや緩和,,,26
2019-02-01,周辺地域競合状況DI,,景況感,現状,かなり緩和,,,0
2019-03-01,周辺地域競合状況DI,,景況感,現状,かなり厳しい,,,47
2019-03-01,周辺地域競合状況DI,,景況感,現状,やや厳しい,,,286
2019-03-01,周辺地域競合状況DI,,景況感,現状,変わらない,,,641
2019-03-01,周辺地域競合状況DI,,景況感,現状,やや緩和,,,26
2019-03-01,周辺地域競合状況DI,,景況感,現状,かなり緩和,,,0
2019-04-01,周辺地域競合状況DI,,景況感,現状,かなり厳しい,,,54
2019-04-01,周辺地域競合状況DI,,景況感,現状,やや厳しい,,,237
2019-04-01,周辺地域競合状況DI,,景況感,現状,変わらない,,,677
2019-04-01,周辺地域競合状況DI,,景況感,現状,やや緩和,,,32
2019-04-01,周辺地域競合状況DI,,景況感,現状,かなり緩和,,,0
2019-05-01,周辺地域競合状況DI,,景況感,現状,かなり厳しい,,,74
2019-05-01,周辺地域競合状況DI,,景況感,現状,やや厳しい,,,253
2019-05-01,周辺地域競合状況DI,,景況感,現状,変わらない,,,632
2019-05-01,周辺地域競合状況DI,,景況感,現状,やや緩和,,,42
2019-05-01,周辺地域競合状況DI,,景況感,現状,かなり緩和,,,0
2019-06-01,周辺地域競合状況DI,,景況感,現状,かなり厳しい,,,68
2019-06-01,周辺地域競合状況DI,,景況感,現状,やや厳しい,,,295
2019-06-01,周辺地域競合状況DI,,景況感,現状,変わらない,,,600
2019-06-01,周辺地域競合状況DI,,景況感,現状,やや緩和,,,37
2019-06-01,周辺地域競合状況DI,,景況感,現状,かなり緩和,,,0
2019-07-01,周辺地域競合状況DI,,景況感,現状,かなり厳しい,,,82
2019-07-01,周辺地域競合状況DI,,景況感,現状,やや厳しい,,,328
2019-07-01,周辺地域競合状況DI,,景況感,現状,変わらない,,,568
2019-07-01,周辺地域競合状況DI,,景況感,現状,やや緩和,,,22
2019-07-01,周辺地域競合状況DI,,景況感,現状,かなり緩和,,,0
2019-08-01,周辺地域競合状況DI,,景況感,現状,かなり厳しい,,,81
2019-08-01,周辺地域競合状況DI,,景況感,現状,やや厳しい,,,331
2019-08-01,周辺地域競合状況DI,,景況感,現状,変わらない,,,570
2019-08-01,周辺地域競合状況DI,,景況感,現状,やや緩和,,,17
2019-08-01,周辺地域競合状況DI,,景況感,現状,かなり緩和,,,0
2019-09-01,周辺地域競合状況DI,,景況感,現状,かなり厳しい,,,88
2019-09-01,周辺地域競合状況DI,,景況感,現状,やや厳しい,,,275
2019-09-01,周辺地域競合状況DI,,景況感,現状,変わらない,,,596
2019-09-01,周辺地域競合状況DI,,景況感,現状,やや緩和,,,41
2019-09-01,周辺地域競合状況DI,,景況感,現状,かなり緩和,,,0
2019-10-01,周辺地域競合状況DI,,景況感,現状,かなり厳しい,,,82
2019-10-01,周辺地域競合状況DI,,景況感,現状,やや厳しい,,,311
2019-10-01,周辺地域競合状況DI,,景況感,現状,変わらない,,,579
2019-10-01,周辺地域競合状況DI,,景況感,現状,やや緩和,,,27
2019-10-01,周辺地域競合状況DI,,景況感,現状,かなり緩和,,,0
2019-11-01,周辺地域競合状況DI,,景況感,現状,かなり厳しい,,,68
2019-11-01,周辺地域競合状況DI,,景況感,現状,やや厳しい,,,305
2019-11-01,周辺地域競合状況DI,,景況感,現状,変わらない,,,605
2019-11-01,周辺地域競合状況DI,,景況感,現状,やや緩和,,,23
2019-11-01,周辺地域競合状況DI,,景況感,現状,かなり緩和,,,0
2019-12-01,周辺地域競合状況DI,,景況感,現状,かなり厳しい,,,64
2019-12-01,周辺地域競合状況DI,,景況感,現状,やや厳しい,,,266
2019-12-01,周辺地域競合状況DI,,景況感,現状,変わらない,,,654
2019-12-01,周辺地域競合状況DI,,景況感,現状,やや緩和,,,16
2019-12-01,周辺地域競合状況DI,,景況感,現状,かなり緩和,,,0
2020-01-01,周辺地域競合状況DI,,景況感,現状,かなり厳しい,,,65
2020-01-01,周辺地域競合状況DI,,景況感,現状,やや厳しい,,,266
2020-01-01,周辺地域競合状況DI,,景況感,現状,変わらない,,,647
2020-01-01,周辺地域競合状況DI,,景況感,現状,やや緩和,,,22
2020-01-01,周辺地域競合状況DI,,景況感,現状,かなり緩和,,,0
2020-02-01,周辺地域競合状況DI,,景況感,現状,かなり厳しい,,,51
2020-02-01,周辺地域競合状況DI,,景況感,現状,やや厳しい,,,213
2020-02-01,周辺地域競合状況DI,,景況感,現状,変わらない,,,685
2020-02-01,周辺地域競合状況DI,,景況感,現状,やや緩和,,,45
2020-02-01,周辺地域競合状況DI,,景況感,現状,かなり緩和,,,6
2020-03-01,周辺地域競合状況DI,,景況感,現状,かなり厳しい,,,54
2020-03-01,周辺地域競合状況DI,,景況感,現状,やや厳しい,,,163
2020-03-01,周辺地域競合状況DI,,景況感,現状,変わらない,,,739
2020-03-01,周辺地域競合状況DI,,景況感,現状,やや緩和,,,33
2020-03-01,周辺地域競合状況DI,,景況感,現状,かなり緩和,,,11
2020-04-01,周辺地域競合状況DI,,景況感,現状,かなり厳しい,,,49
2020-04-01,周辺地域競合状況DI,,景況感,現状,やや厳しい,,,120
2020-04-01,周辺地域競合状況DI,,景況感,現状,変わらない,,,749
2020-04-01,周辺地域競合状況DI,,景況感,現状,やや緩和,,,71
2020-04-01,周辺地域競合状況DI,,景況感,現状,かなり緩和,,,11
2020-05-01,周辺地域競合状況DI,,景況感,現状,かなり厳しい,,,34
2020-05-01,周辺地域競合状況DI,,景況感,現状,やや厳しい,,,96
2020-05-01,周辺地域競合状況DI,,景況感,現状,変わらない,,,785
2020-05-01,周辺地域競合状況DI,,景況感,現状,やや緩和,,,73
2020-05-01,周辺地域競合状況DI,,景況感,現状,かなり緩和,,,11
2020-06-01,周辺地域競合状況DI,,景況感,現状,かなり厳しい,,,27
2020-06-01,周辺地域競合状況DI,,景況感,現状,やや厳しい,,,194
2020-06-01,周辺地域競合状況DI,,景況感,現状,変わらない,,,742
2020-06-01,周辺地域競合状況DI,,景況感,現状,やや緩和,,,38
2020-06-01,周辺地域競合状況DI,,景況感,現状,かなり緩和,,,0
2020-07-01,周辺地域競合状況DI,,景況感,現状,かなり厳しい,,,16
2020-07-01,周辺地域競合状況DI,,景況感,現状,やや厳しい,,,159
2020-07-01,周辺地域競合状況DI,,景況感,現状,変わらない,,,797
2020-07-01,周辺地域競合状況DI,,景況感,現状,やや緩和,,,27
2020-07-01,周辺地域競合状況DI,,景況感,現状,かなり緩和,,,0
2020-08-01,周辺地域競合状況DI,,景況感,現状,かなり厳しい,,,38
2020-08-01,周辺地域競合状況DI,,景況感,現状,やや厳しい,,,184
2020-08-01,周辺地域競合状況DI,,景況感,現状,変わらない,,,741
2020-08-01,周辺地域競合状況DI,,景況感,現状,やや緩和,,,38
2020-08-01,周辺地域競合状況DI,,景況感,現状,かなり緩和,,,0
2020-09-01,周辺地域競合状況DI,,景況感,現状,かなり厳しい,,,32
2020-09-01,周辺地域競合状況DI,,景況感,現状,やや厳しい,,,222
2020-09-01,周辺地域競合状況DI,,景況感,現状,変わらない,,,708
2020-09-01,周辺地域競合状況DI,,景況感,現状,やや緩和,,,38
2020-09-01,周辺地域競合状況DI,,景況感,現状,かなり緩和,,,0
2020-10-01,周辺地域競合状況DI,,景況感,現状,かなり厳しい,,,27
2020-10-01,周辺地域競合状況DI,,景況感,現状,やや厳しい,,,234
2020-10-01,周辺地域競合状況DI,,景況感,現状,変わらない,,,723
2020-10-01,周辺地域競合状況DI,,景況感,現状,やや緩和,,,16
2020-10-01,周辺地域競合状況DI,,景況感,現状,かなり緩和,,,0
2020-11-01,周辺地域競合状況DI,,景況感,現状,かなり厳しい,,,22
2020-11-01,周辺地域競合状況DI,,景況感,現状,やや厳しい,,,254
2020-11-01,周辺地域競合状況DI,,景況感,現状,変わらない,,,702
2020-11-01,周辺地域競合状況DI,,景況感,現状,やや緩和,,,22
2020-11-01,周辺地域競合状況DI,,景況感,現状,かなり緩和,,,0
2020-12-01,周辺地域競合状況DI,,景況感,現状,かなり厳しい,,,27
2020-12-01,周辺地域競合状況DI,,景況感,現状,やや厳しい,,,209
2020-12-01,周辺地域競合状況DI,,景況感,現状,変わらない,,,736
2020-12-01,周辺地域競合状況DI,,景況感,現状,やや緩和,,,27
2020-12-01,周辺地域競合状況DI,,景況感,現状,かなり緩和,,,0
2021-01-01,周辺地域競合状況DI,,景況感,現状,かなり厳しい,,,32
2021-01-01,周辺地域競合状況DI,,景況感,現状,やや厳しい,,,170
2021-01-01,周辺地域競合状況DI,,景況感,現状,変わらない,,,787
2021-01-01,周辺地域競合状況DI,,景況感,現状,やや緩和,,,11
2021-01-01,周辺地域競合状況DI,,景況感,現状,かなり緩和,,,0
2021-02-01,周辺地域競合状況DI,,景況感,現状,かなり厳しい,,,22
2021-02-01,周辺地域競合状況DI,,景況感,現状,やや厳しい,,,216
2021-02-01,周辺地域競合状況DI,,景況感,現状,変わらない,,,757
2021-02-01,周辺地域競合状況DI,,景況感,現状,やや緩和,,,5
2021-02-01,周辺地域競合状況DI,,景況感,現状,かなり緩和,,,0
2021-03-01,周辺地域競合状況DI,,景況感,現状,かなり厳しい,,,33
2021-03-01,周辺地域競合状況DI,,景況感,現状,やや厳しい,,,266
2021-03-01,周辺地域競合状況DI,,景況感,現状,変わらない,,,701
2021-03-01,周辺地域競合状況DI,,景況感,現状,やや緩和,,,0
2021-03-01,周辺地域競合状況DI,,景況感,現状,かなり緩和,,,0
2021-04-01,周辺地域競合状況DI,,景況感,現状,かなり厳しい,,,39
2021-04-01,周辺地域競合状況DI,,景況感,現状,やや厳しい,,,232
2021-04-01,周辺地域競合状況DI,,景況感,現状,変わらない,,,724
2021-04-01,周辺地域競合状況DI,,景況感,現状,やや緩和,,,6
2021-04-01,周辺地域競合状況DI,,景況感,現状,かなり緩和,,,0
2021-05-01,周辺地域競合状況DI,,景況感,現状,かなり厳しい,,,37
2021-05-01,周辺地域競合状況DI,,景況感,現状,やや厳しい,,,262
2021-05-01,周辺地域競合状況DI,,景況感,現状,変わらない,,,684
2021-05-01,周辺地域競合状況DI,,景況感,現状,やや緩和,,,16
2021-05-01,周辺地域競合状況DI,,景況感,現状,かなり緩和,,,0
2021-06-01,周辺地域競合状況DI,,景況感,現状,かなり厳しい,,,50
2021-06-01,周辺地域競合状況DI,,景況感,現状,やや厳しい,,,257
2021-06-01,周辺地域競合状況DI,,景況感,現状,変わらない,,,682
2021-06-01,周辺地域競合状況DI,,景況感,現状,やや緩和,,,11
2021-06-01,周辺地域競合状況DI,,景況感,現状,かなり緩和,,,0
2021-07-01,周辺地域競合状況DI,,景況感,現状,かなり厳しい,,,38
2021-07-01,周辺地域競合状況DI,,景況感,現状,やや厳しい,,,240
2021-07-01,周辺地域競合状況DI,,景況感,現状,変わらない,,,716
2021-07-01,周辺地域競合状況DI,,景況感,現状,やや緩和,,,5
2021-07-01,周辺地域競合状況DI,,景況感,現状,かなり緩和,,,0
2021-08-01,周辺地域競合状況DI,,景況感,現状,かなり厳しい,,,43
2021-08-01,周辺地域競合状況DI,,景況感,現状,やや厳しい,,,258
2021-08-01,周辺地域競合状況DI,,景況感,現状,変わらない,,,694
2021-08-01,周辺地域競合状況DI,,景況感,現状,やや緩和,,,5
2021-08-01,周辺地域競合状況DI,,景況感,現状,かなり緩和,,,0
2021-09-01,周辺地域競合状況DI,,景況感,現状,かなり厳しい,,,54
2021-09-01,周辺地域競合状況DI,,景況感,現状,やや厳しい,,,222
2021-09-01,周辺地域競合状況DI,,景況感,現状,変わらない,,,708
2021-09-01,周辺地域競合状況DI,,景況感,現状,やや緩和,,,11
2021-09-01,周辺地域競合状況DI,,景況感,現状,かなり緩和,,,5
2021-10-01,周辺地域競合状況DI,,景況感,現状,かなり厳しい,,,28
2021-10-01,周辺地域競合状況DI,,景況感,現状,やや厳しい,,,292
2021-10-01,周辺地域競合状況DI,,景況感,現状,変わらない,,,652
2021-10-01,周辺地域競合状況DI,,景況感,現状,やや緩和,,,22
2021-10-01,周辺地域競合状況DI,,景況感,現状,かなり緩和,,,6
2021-11-01,周辺地域競合状況DI,,景況感,現状,かなり厳しい,,,49
2021-11-01,周辺地域競合状況DI,,景況感,現状,やや厳しい,,,313
2021-11-01,周辺地域競合状況DI,,景況感,現状,変わらない,,,615
2021-11-01,周辺地域競合状況DI,,景況感,現状,やや緩和,,,22
2021-11-01,周辺地域競合状況DI,,景況感,現状,かなり緩和,,,0
2021-12-01,周辺地域競合状況DI,,景況感,現状,かなり厳しい,,,54
2021-12-01,周辺地域競合状況DI,,景況感,現状,やや厳しい,,,286
2021-12-01,周辺地域競合状況DI,,景況感,現状,変わらない,,,649
2021-12-01,周辺地域競合状況DI,,景況感,現状,やや緩和,,,11
2021-12-01,周辺地域競合状況DI,,景況感,現状,かなり緩和,,,0
2022-01-01,周辺地域競合状況DI,,景況感,現状,かなり厳しい,,,49
2022-01-01,周辺地域競合状況DI,,景況感,現状,やや厳しい,,,286
2022-01-01,周辺地域競合状況DI,,景況感,現状,変わらない,,,649
2022-01-01,周辺地域競合状況DI,,景況感,現状,やや緩和,,,16
2022-01-01,周辺地域競合状況DI,,景況感,現状,かなり緩和,,,0
2022-02-01,周辺地域競合状況DI,,景況感,現状,かなり厳しい,,,35
2022-02-01,周辺地域競合状況DI,,景況感,現状,やや厳しい,,,250
2022-02-01,周辺地域競合状況DI,,景況感,現状,変わらない,,,698
2022-02-01,周辺地域競合状況DI,,景況感,現状,やや緩和,,,17
2022-02-01,周辺地域競合状況DI,,景況感,現状,かなり緩和,,,0
2022-03-01,周辺地域競合状況DI,,景況感,現状,かなり厳しい,,,23
2022-03-01,周辺地域競合状況DI,,景況感,現状,やや厳しい,,,266
2022-03-01,周辺地域競合状況DI,,景況感,現状,変わらない,,,684
2022-03-01,周辺地域競合状況DI,,景況感,現状,やや緩和,,,28
2022-03-01,周辺地域競合状況DI,,景況感,現状,かなり緩和,,,0
2022-04-01,周辺地域競合状況DI,,景況感,現状,かなり厳しい,,,22
2022-04-01,周辺地域競合状況DI,,景況感,現状,やや厳しい,,,254
2022-04-01,周辺地域競合状況DI,,景況感,現状,変わらない,,,697
2022-04-01,周辺地域競合状況DI,,景況感,現状,やや緩和,,,27
2022-04-01,周辺地域競合状況DI,,景況感,現状,かなり緩和,,,0
2022-05-01,周辺地域競合状況DI,,景況感,現状,かなり厳しい,,,34
2022-05-01,周辺地域競合状況DI,,景況感,現状,やや厳しい,,,277
2022-05-01,周辺地域競合状況DI,,景況感,現状,変わらない,,,667
2022-05-01,周辺地域競合状況DI,,景況感,現状,やや緩和,,,23
2022-05-01,周辺地域競合状況DI,,景況感,現状,かなり緩和,,,0
2022-06-01,周辺地域競合状況DI,,景況感,現状,かなり厳しい,,,38
2022-06-01,周辺地域競合状況DI,,景況感,現状,やや厳しい,,,301
2022-06-01,周辺地域競合状況DI,,景況感,現状,変わらない,,,639
2022-06-01,周辺地域競合状況DI,,景況感,現状,やや緩和,,,22
2022-06-01,周辺地域競合状況DI,,景況感,現状,かなり緩和,,,0
2022-07-01,周辺地域競合状況DI,,景況感,現状,かなり厳しい,,,34
2022-07-01,周辺地域競合状況DI,,景況感,現状,やや厳しい,,,246
2022-07-01,周辺地域競合状況DI,,景況感,現状,変わらない,,,682
2022-07-01,周辺地域競合状況DI,,景況感,現状,やや緩和,,,39
2022-07-01,周辺地域競合状況DI,,景況感,現状,かなり緩和,,,0
2022-08-01,周辺地域競合状況DI,,景況感,現状,かなり厳しい,,,51
2022-08-01,周辺地域競合状況DI,,景況感,現状,やや厳しい,,,227
2022-08-01,周辺地域競合状況DI,,景況感,現状,変わらない,,,676
2022-08-01,周辺地域競合状況DI,,景況感,現状,やや緩和,,,40
2022-08-01,周辺地域競合状況DI,,景況感,現状,かなり緩和,,,6
2022-09-01,周辺地域競合状況DI,,景況感,現状,かなり厳しい,,,60
2022-09-01,周辺地域競合状況DI,,景況感,現状,やや厳しい,,,291
2022-09-01,周辺地域競合状況DI,,景況感,現状,変わらない,,,621
2022-09-01,周辺地域競合状況DI,,景況感,現状,やや緩和,,,27
2022-09-01,周辺地域競合状況DI,,景況感,現状,かなり緩和,,,0
2022-10-01,周辺地域競合状況DI,,景況感,現状,かなり厳しい,,,44
2022-10-01,周辺地域競合状況DI,,景況感,現状,やや厳しい,,,278
2022-10-01,周辺地域競合状況DI,,景況感,現状,変わらない,,,622
2022-10-01,周辺地域競合状況DI,,景況感,現状,やや緩和,,,56
2022-10-01,周辺地域競合状況DI,,景況感,現状,かなり緩和,,,0
2022-11-01,周辺地域競合状況DI,,景況感,現状,かなり厳しい,,,62
2022-11-01,周辺地域競合状況DI,,景況感,現状,やや厳しい,,,275
2022-11-01,周辺地域競合状況DI,,景況感,現状,変わらない,,,624
2022-11-01,周辺地域競合状況DI,,景況感,現状,やや緩和,,,39
2022-11-01,周辺地域競合状況DI,,景況感,現状,かなり緩和,,,0
2022-12-01,周辺地域競合状況DI,,景況感,現状,かなり厳しい,,,49
2022-12-01,周辺地域競合状況DI,,景況感,現状,やや厳しい,,,219
2022-12-01,周辺地域競合状況DI,,景況感,現状,変わらない,,,705
2022-12-01,周辺地域競合状況DI,,景況感,現状,やや緩和,,,27
2022-12-01,周辺地域競合状況DI,,景況感,現状,かなり緩和,,,0
2023-01-01,周辺地域競合状況DI,,景況感,現状,かなり厳しい,,,37
2023-01-01,周辺地域競合状況DI,,景況感,現状,やや厳しい,,,245
2023-01-01,周辺地域競合状況DI,,景況感,現状,変わらない,,,676
2023-01-01,周辺地域競合状況DI,,景況感,現状,やや緩和,,,37
2023-01-01,周辺地域競合状況DI,,景況感,現状,かなり緩和,,,5
2023-02-01,周辺地域競合状況DI,,景況感,現状,かなり厳しい,,,33
2023-02-01,周辺地域競合状況DI,,景況感,現状,やや厳しい,,,288
2023-02-01,周辺地域競合状況DI,,景況感,現状,変わらない,,,658
2023-02-01,周辺地域競合状況DI,,景況感,現状,やや緩和,,,16
2023-02-01,周辺地域競合状況DI,,景況感,現状,かなり緩和,,,5
2023-03-01,周辺地域競合状況DI,,景況感,現状,かなり厳しい,,,32
2023-03-01,周辺地域競合状況DI,,景況感,現状,やや厳しい,,,265
2023-03-01,周辺地域競合状況DI,,景況感,現状,変わらない,,,676
2023-03-01,周辺地域競合状況DI,,景況感,現状,やや緩和,,,27
2023-03-01,周辺地域競合状況DI,,景況感,現状,かなり緩和,,,0
2023-04-01,周辺地域競合状況DI,,景況感,現状,かなり厳しい,,,23
2023-04-01,周辺地域競合状況DI,,景況感,現状,やや厳しい,,,227
2023-04-01,周辺地域競合状況DI,,景況感,現状,変わらない,,,710
2023-04-01,周辺地域競合状況DI,,景況感,現状,やや緩和,,,28
2023-04-01,周辺地域競合状況DI,,景況感,現状,かなり緩和,,,11
2023-05-01,周辺地域競合状況DI,,景況感,現状,かなり厳しい,,,34
2023-05-01,周辺地域競合状況DI,,景況感,現状,やや厳しい,,,181
2023-05-01,周辺地域競合状況DI,,景況感,現状,変わらない,,,757
2023-05-01,周辺地域競合状況DI,,景況感,現状,やや緩和,,,17
2023-05-01,周辺地域競合状況DI,,景況感,現状,かなり緩和,,,11
2023-06-01,周辺地域競合状況DI,,景況感,現状,かなり厳しい,,,39
2023-06-01,周辺地域競合状況DI,,景況感,現状,やや厳しい,,,202
2023-06-01,周辺地域競合状況DI,,景況感,現状,変わらない,,,708
2023-06-01,周辺地域競合状況DI,,景況感,現状,やや緩和,,,45
2023-06-01,周辺地域競合状況DI,,景況感,現状,かなり緩和,,,6
2023-07-01,周辺地域競合状況DI,,景況感,現状,かなり厳しい,,,17
2023-07-01,周辺地域競合状況DI,,景況感,現状,やや厳しい,,,193
2023-07-01,周辺地域競合状況DI,,景況感,現状,変わらない,,,718
2023-07-01,周辺地域競合状況DI,,景況感,現状,やや緩和,,,61
2023-07-01,周辺地域競合状況DI,,景況感,現状,かなり緩和,,,11
2023-08-01,周辺地域競合状況DI,,景況感,現状,かなり厳しい,,,21
2023-08-01,周辺地域競合状況DI,,景況感,現状,やや厳しい,,,160
2023-08-01,周辺地域競合状況DI,,景況感,現状,変わらない,,,777
2023-08-01,周辺地域競合状況DI,,景況感,現状,やや緩和,,,37
2023-08-01,周辺地域競合状況DI,,景況感,現状,かなり緩和,,,5
2023-09-01,周辺地域競合状況DI,,景況感,現状,かなり厳しい,,,17
2023-09-01,周辺地域競合状況DI,,景況感,現状,やや厳しい,,,130
2023-09-01,周辺地域競合状況DI,,景況感,現状,変わらない,,,785
2023-09-01,周辺地域競合状況DI,,景況感,現状,やや緩和,,,68
2023-09-01,周辺地域競合状況DI,,景況感,現状,かなり緩和,,,0
2023-10-01,周辺地域競合状況DI,,景況感,現状,かなり厳しい,,,6
2023-10-01,周辺地域競合状況DI,,景況感,現状,やや厳しい,,,159
2023-10-01,周辺地域競合状況DI,,景況感,現状,変わらない,,,782
2023-10-01,周辺地域競合状況DI,,景況感,現状,やや緩和,,,53
2023-10-01,周辺地域競合状況DI,,景況感,現状,かなり緩和,,,0
2023-11-01,周辺地域競合状況DI,,景況感,現状,かなり厳しい,,,17
2023-11-01,周辺地域競合状況DI,,景況感,現状,やや厳しい,,,210
2023-11-01,周辺地域競合状況DI,,景況感,現状,変わらない,,,713
2023-11-01,周辺地域競合状況DI,,景況感,現状,やや緩和,,,55
2023-11-01,周辺地域競合状況DI,,景況感,現状,かなり緩和,,,6
2023-12-01,周辺地域競合状況DI,,景況感,現状,かなり厳しい,,,17
2023-12-01,周辺地域競合状況DI,,景況感,現状,やや厳しい,,,146
2023-12-01,周辺地域競合状況DI,,景況感,現状,変わらない,,,787
2023-12-01,周辺地域競合状況DI,,景況感,現状,やや緩和,,,45
2023-12-01,周辺地域競合状況DI,,景況感,現状,かなり緩和,,,6
2024-01-01,周辺地域競合状況DI,,景況感,現状,かなり厳しい,,,28
2024-01-01,周辺地域競合状況DI,,景況感,現状,やや厳しい,,,157
2024-01-01,周辺地域競合状況DI,,景況感,現状,変わらない,,,787
2024-01-01,周辺地域競合状況DI,,景況感,現状,やや緩和,,,28
2024-01-01,周辺地域競合状況DI,,景況感,現状,かなり緩和,,,0
2024-02-01,周辺地域競合状況DI,,景況感,現状,かなり厳しい,,,17
2024-02-01,周辺地域競合状況DI,,景況感,現状,やや厳しい,,,157
2024-02-01,周辺地域競合状況DI,,景況感,現状,変わらない,,,803
2024-02-01,周辺地域競合状況DI,,景況感,現状,やや緩和,,,17
2024-02-01,周辺地域競合状況DI,,景況感,現状,かなり緩和,,,6
2024-03-01,周辺地域競合状況DI,,景況感,現状,かなり厳しい,,,28
2024-03-01,周辺地域競合状況DI,,景況感,現状,やや厳しい,,,181
2024-03-01,周辺地域競合状況DI,,景況感,現状,変わらない,,,729
2024-03-01,周辺地域競合状況DI,,景況感,現状,やや緩和,,,51
2024-03-01,周辺地域競合状況DI,,景況感,現状,かなり緩和,,,11
2024-04-01,周辺地域競合状況DI,,景況感,現状,かなり厳しい,,,31
2024-04-01,周辺地域競合状況DI,,景況感,現状,やや厳しい,,,204
2024-04-01,周辺地域競合状況DI,,景況感,現状,変わらない,,,716
2024-04-01,周辺地域競合状況DI,,景況感,現状,やや緩和,,,49
2024-04-01,周辺地域競合状況DI,,景況感,現状,かなり緩和,,,0
2024-05-01,周辺地域競合状況DI,,景況感,現状,かなり厳しい,,,23
2024-05-01,周辺地域競合状況DI,,景況感,現状,やや厳しい,,,207
2024-05-01,周辺地域競合状況DI,,景況感,現状,変わらない,,,736
2024-05-01,周辺地域競合状況DI,,景況感,現状,やや緩和,,,29
2024-05-01,周辺地域競合状況DI,,景況感,現状,かなり緩和,,,6
2024-06-01,周辺地域競合状況DI,,景況感,現状,かなり厳しい,,,6
2024-06-01,周辺地域競合状況DI,,景況感,現状,やや厳しい,,,199
2024-06-01,周辺地域競合状況DI,,景況感,現状,変わらない,,,767
2024-06-01,周辺地域競合状況DI,,景況感,現状,やや緩和,,,28
2024-06-01,周辺地域競合状況DI,,景況感,現状,かなり緩和,,,0
2024-07-01,周辺地域競合状況DI,,景況感,現状,かなり厳しい,,,11
2024-07-01,周辺地域競合状況DI,,景況感,現状,やや厳しい,,,217
2024-07-01,周辺地域競合状況DI,,景況感,現状,変わらない,,,749
2024-07-01,周辺地域競合状況DI,,景況感,現状,やや緩和,,,23
2024-07-01,周辺地域競合状況DI,,景況感,現状,かなり緩和,,,0
2024-08-01,周辺地域競合状況DI,,景況感,現状,かなり厳しい,,,12
2024-08-01,周辺地域競合状況DI,,景況感,現状,やや厳しい,,,157
2024-08-01,周辺地域競合状況DI,,景況感,現状,変わらない,,,797
2024-08-01,周辺地域競合状況DI,,景況感,現状,やや緩和,,,35
2024-08-01,周辺地域競合状況DI,,景況感,現状,かなり緩和,,,0
2024-09-01,周辺地域競合状況DI,,景況感,現状,かなり厳しい,,,6
2024-09-01,周辺地域競合状況DI,,景況感,現状,やや厳しい,,,142
2024-09-01,周辺地域競合状況DI,,景況感,現状,変わらない,,,821
2024-09-01,周辺地域競合状況DI,,景況感,現状,やや緩和,,,31
2024-09-01,周辺地域競合状況DI,,景況感,現状,かなり緩和,,,0
2011-04-01,周辺地域競合状況DI,,景況感,見通,かなり厳しい,,,71
2011-04-01,周辺地域競合状況DI,,景況感,見通,やや厳しい,,,277
2011-04-01,周辺地域競合状況DI,,景況感,見通,変わらない,,,632
2011-04-01,周辺地域競合状況DI,,景況感,見通,やや緩和,,,16
2011-04-01,周辺地域競合状況DI,,景況感,見通,かなり緩和,,,3
2011-05-01,周辺地域競合状況DI,,景況感,見通,かなり厳しい,,,98
2011-05-01,周辺地域競合状況DI,,景況感,見通,やや厳しい,,,322
2011-05-01,周辺地域競合状況DI,,景況感,見通,変わらない,,,562
2011-05-01,周辺地域競合状況DI,,景況感,見通,やや緩和,,,19
2011-05-01,周辺地域競合状況DI,,景況感,見通,かなり緩和,,,0
2011-06-01,周辺地域競合状況DI,,景況感,見通,かなり厳しい,,,84
2011-06-01,周辺地域競合状況DI,,景況感,見通,やや厳しい,,,346
2011-06-01,周辺地域競合状況DI,,景況感,見通,変わらない,,,547
2011-06-01,周辺地域競合状況DI,,景況感,見通,やや緩和,,,20
2011-06-01,周辺地域競合状況DI,,景況感,見通,かなり緩和,,,3
2011-07-01,周辺地域競合状況DI,,景況感,見通,かなり厳しい,,,59
2011-07-01,周辺地域競合状況DI,,景況感,見通,やや厳しい,,,320
2011-07-01,周辺地域競合状況DI,,景況感,見通,変わらない,,,608
2011-07-01,周辺地域競合状況DI,,景況感,見通,やや緩和,,,13
2011-07-01,周辺地域競合状況DI,,景況感,見通,かなり緩和,,,0
2011-08-01,周辺地域競合状況DI,,景況感,見通,かなり厳しい,,,70
2011-08-01,周辺地域競合状況DI,,景況感,見通,やや厳しい,,,352
2011-08-01,周辺地域競合状況DI,,景況感,見通,変わらない,,,568
2011-08-01,周辺地域競合状況DI,,景況感,見通,やや緩和,,,6
2011-08-01,周辺地域競合状況DI,,景況感,見通,かなり緩和,,,3
2011-09-01,周辺地域競合状況DI,,景況感,見通,かなり厳しい,,,90
2011-09-01,周辺地域競合状況DI,,景況感,見通,やや厳しい,,,334
2011-09-01,周辺地域競合状況DI,,景況感,見通,変わらない,,,562
2011-09-01,周辺地域競合状況DI,,景況感,見通,やや緩和,,,14
2011-09-01,周辺地域競合状況DI,,景況感,見通,かなり緩和,,,0
2011-10-01,周辺地域競合状況DI,,景況感,見通,かなり厳しい,,,68
2011-10-01,周辺地域競合状況DI,,景況感,見通,やや厳しい,,,374
2011-10-01,周辺地域競合状況DI,,景況感,見通,変わらない,,,551
2011-10-01,周辺地域競合状況DI,,景況感,見通,やや緩和,,,7
2011-10-01,周辺地域競合状況DI,,景況感,見通,かなり緩和,,,0
2011-11-01,周辺地域競合状況DI,,景況感,見通,かなり厳しい,,,101
2011-11-01,周辺地域競合状況DI,,景況感,見通,やや厳しい,,,385
2011-11-01,周辺地域競合状況DI,,景況感,見通,変わらない,,,503
2011-11-01,周辺地域競合状況DI,,景況感,見通,やや緩和,,,10
2011-11-01,周辺地域競合状況DI,,景況感,見通,かなり緩和,,,0
2011-12-01,周辺地域競合状況DI,,景況感,見通,かなり厳しい,,,70
2011-12-01,周辺地域競合状況DI,,景況感,見通,やや厳しい,,,349
2011-12-01,周辺地域競合状況DI,,景況感,見通,変わらない,,,567
2011-12-01,周辺地域競合状況DI,,景況感,見通,やや緩和,,,14
2011-12-01,周辺地域競合状況DI,,景況感,見通,かなり緩和,,,0
2012-01-01,周辺地域競合状況DI,,景況感,見通,かなり厳しい,,,72
2012-01-01,周辺地域競合状況DI,,景況感,見通,やや厳しい,,,346
2012-01-01,周辺地域競合状況DI,,景況感,見通,変わらない,,,564
2012-01-01,周辺地域競合状況DI,,景況感,見通,やや緩和,,,16
2012-01-01,周辺地域競合状況DI,,景況感,見通,かなり緩和,,,3
2012-02-01,周辺地域競合状況DI,,景況感,見通,かなり厳しい,,,73
2012-02-01,周辺地域競合状況DI,,景況感,見通,やや厳しい,,,281
2012-02-01,周辺地域競合状況DI,,景況感,見通,変わらない,,,619
2012-02-01,周辺地域競合状況DI,,景況感,見通,やや緩和,,,26
2012-02-01,周辺地域競合状況DI,,景況感,見通,かなり緩和,,,0
2012-03-01,周辺地域競合状況DI,,景況感,見通,かなり厳しい,,,81
2012-03-01,周辺地域競合状況DI,,景況感,見通,やや厳しい,,,297
2012-03-01,周辺地域競合状況DI,,景況感,見通,変わらない,,,605
2012-03-01,周辺地域競合状況DI,,景況感,見通,やや緩和,,,17
2012-03-01,周辺地域競合状況DI,,景況感,見通,かなり緩和,,,0
2012-04-01,周辺地域競合状況DI,,景況感,見通,かなり厳しい,,,82
2012-04-01,周辺地域競合状況DI,,景況感,見通,やや厳しい,,,302
2012-04-01,周辺地域競合状況DI,,景況感,見通,変わらない,,,597
2012-04-01,周辺地域競合状況DI,,景況感,見通,やや緩和,,,20
2012-04-01,周辺地域競合状況DI,,景況感,見通,かなり緩和,,,0
2012-05-01,周辺地域競合状況DI,,景況感,見通,かなり厳しい,,,70
2012-05-01,周辺地域競合状況DI,,景況感,見通,やや厳しい,,,293
2012-05-01,周辺地域競合状況DI,,景況感,見通,変わらない,,,623
2012-05-01,周辺地域競合状況DI,,景況感,見通,やや緩和,,,13
2012-05-01,周辺地域競合状況DI,,景況感,見通,かなり緩和,,,0
2012-06-01,周辺地域競合状況DI,,景況感,見通,かなり厳しい,,,77
2012-06-01,周辺地域競合状況DI,,景況感,見通,やや厳しい,,,346
2012-06-01,周辺地域競合状況DI,,景況感,見通,変わらない,,,567
2012-06-01,周辺地域競合状況DI,,景況感,見通,やや緩和,,,10
2012-06-01,周辺地域競合状況DI,,景況感,見通,かなり緩和,,,0
2012-07-01,周辺地域競合状況DI,,景況感,見通,かなり厳しい,,,81
2012-07-01,周辺地域競合状況DI,,景況感,見通,やや厳しい,,,329
2012-07-01,周辺地域競合状況DI,,景況感,見通,変わらない,,,581
2012-07-01,周辺地域競合状況DI,,景況感,見通,やや緩和,,,10
2012-07-01,周辺地域競合状況DI,,景況感,見通,かなり緩和,,,0
2012-08-01,周辺地域競合状況DI,,景況感,見通,かなり厳しい,,,93
2012-08-01,周辺地域競合状況DI,,景況感,見通,やや厳しい,,,359
2012-08-01,周辺地域競合状況DI,,景況感,見通,変わらない,,,521
2012-08-01,周辺地域競合状況DI,,景況感,見通,やや緩和,,,28
2012-08-01,周辺地域競合状況DI,,景況感,見通,かなり緩和,,,0
2012-09-01,周辺地域競合状況DI,,景況感,見通,かなり厳しい,,,88
2012-09-01,周辺地域競合状況DI,,景況感,見通,やや厳しい,,,356
2012-09-01,周辺地域競合状況DI,,景況感,見通,変わらない,,,542
2012-09-01,周辺地域競合状況DI,,景況感,見通,やや緩和,,,14
2012-09-01,周辺地域競合状況DI,,景況感,見通,かなり緩和,,,0
2012-10-01,周辺地域競合状況DI,,景況感,見通,かなり厳しい,,,112
2012-10-01,周辺地域競合状況DI,,景況感,見通,やや厳しい,,,333
2012-10-01,周辺地域競合状況DI,,景況感,見通,変わらない,,,543
2012-10-01,周辺地域競合状況DI,,景況感,見通,やや緩和,,,7
2012-10-01,周辺地域競合状況DI,,景況感,見通,かなり緩和,,,4
2012-11-01,周辺地域競合状況DI,,景況感,見通,かなり厳しい,,,106
2012-11-01,周辺地域競合状況DI,,景況感,見通,やや厳しい,,,322
2012-11-01,周辺地域競合状況DI,,景況感,見通,変わらない,,,564
2012-11-01,周辺地域競合状況DI,,景況感,見通,やや緩和,,,7
2012-11-01,周辺地域競合状況DI,,景況感,見通,かなり緩和,,,0
2012-12-01,周辺地域競合状況DI,,景況感,見通,かなり厳しい,,,104
2012-12-01,周辺地域競合状況DI,,景況感,見通,やや厳しい,,,305
2012-12-01,周辺地域競合状況DI,,景況感,見通,変わらない,,,577
2012-12-01,周辺地域競合状況DI,,景況感,見通,やや緩和,,,14
2012-12-01,周辺地域競合状況DI,,景況感,見通,かなり緩和,,,0
2013-01-01,周辺地域競合状況DI,,景況感,見通,かなり厳しい,,,112
2013-01-01,周辺地域競合状況DI,,景況感,見通,やや厳しい,,,330
2013-01-01,周辺地域競合状況DI,,景況感,見通,変わらない,,,536
2013-01-01,周辺地域競合状況DI,,景況感,見通,やや緩和,,,22
2013-01-01,周辺地域競合状況DI,,景況感,見通,かなり緩和,,,0
2013-02-01,周辺地域競合状況DI,,景況感,見通,かなり厳しい,,,78
2013-02-01,周辺地域競合状況DI,,景況感,見通,やや厳しい,,,310
2013-02-01,周辺地域競合状況DI,,景況感,見通,変わらない,,,590
2013-02-01,周辺地域競合状況DI,,景況感,見通,やや緩和,,,19
2013-02-01,周辺地域競合状況DI,,景況感,見通,かなり緩和,,,4
2013-03-01,周辺地域競合状況DI,,景況感,見通,かなり厳しい,,,83
2013-03-01,周辺地域競合状況DI,,景況感,見通,やや厳しい,,,313
2013-03-01,周辺地域競合状況DI,,景況感,見通,変わらない,,,589
2013-03-01,周辺地域競合状況DI,,景況感,見通,やや緩和,,,15
2013-03-01,周辺地域競合状況DI,,景況感,見通,かなり緩和,,,0
2013-04-01,周辺地域競合状況DI,,景況感,見通,かなり厳しい,,,86
2013-04-01,周辺地域競合状況DI,,景況感,見通,やや厳しい,,,301
2013-04-01,周辺地域競合状況DI,,景況感,見通,変わらない,,,605
2013-04-01,周辺地域競合状況DI,,景況感,見通,やや緩和,,,8
2013-04-01,周辺地域競合状況DI,,景況感,見通,かなり緩和,,,0
2013-05-01,周辺地域競合状況DI,,景況感,見通,かなり厳しい,,,65
2013-05-01,周辺地域競合状況DI,,景況感,見通,やや厳しい,,,297
2013-05-01,周辺地域競合状況DI,,景況感,見通,変わらない,,,627
2013-05-01,周辺地域競合状況DI,,景況感,見通,やや緩和,,,11
2013-05-01,周辺地域競合状況DI,,景況感,見通,かなり緩和,,,0
2013-06-01,周辺地域競合状況DI,,景況感,見通,かなり厳しい,,,64
2013-06-01,周辺地域競合状況DI,,景況感,見通,やや厳しい,,,264
2013-06-01,周辺地域競合状況DI,,景況感,見通,変わらない,,,660
2013-06-01,周辺地域競合状況DI,,景況感,見通,やや緩和,,,11
2013-06-01,周辺地域競合状況DI,,景況感,見通,かなり緩和,,,0
2013-07-01,周辺地域競合状況DI,,景況感,見通,かなり厳しい,,,72
2013-07-01,周辺地域競合状況DI,,景況感,見通,やや厳しい,,,291
2013-07-01,周辺地域競合状況DI,,景況感,見通,変わらない,,,630
2013-07-01,周辺地域競合状況DI,,景況感,見通,やや緩和,,,8
2013-07-01,周辺地域競合状況DI,,景況感,見通,かなり緩和,,,0
2013-08-01,周辺地域競合状況DI,,景況感,見通,かなり厳しい,,,74
2013-08-01,周辺地域競合状況DI,,景況感,見通,やや厳しい,,,283
2013-08-01,周辺地域競合状況DI,,景況感,見通,変わらない,,,631
2013-08-01,周辺地域競合状況DI,,景況感,見通,やや緩和,,,12
2013-08-01,周辺地域競合状況DI,,景況感,見通,かなり緩和,,,0
2013-09-01,周辺地域競合状況DI,,景況感,見通,かなり厳しい,,,76
2013-09-01,周辺地域競合状況DI,,景況感,見通,やや厳しい,,,259
2013-09-01,周辺地域競合状況DI,,景況感,見通,変わらない,,,645
2013-09-01,周辺地域競合状況DI,,景況感,見通,やや緩和,,,20
2013-09-01,周辺地域競合状況DI,,景況感,見通,かなり緩和,,,0
2013-10-01,周辺地域競合状況DI,,景況感,見通,かなり厳しい,,,77
2013-10-01,周辺地域競合状況DI,,景況感,見通,やや厳しい,,,299
2013-10-01,周辺地域競合状況DI,,景況感,見通,変わらない,,,617
2013-10-01,周辺地域競合状況DI,,景況感,見通,やや緩和,,,8
2013-10-01,周辺地域競合状況DI,,景況感,見通,かなり緩和,,,0
2013-11-01,周辺地域競合状況DI,,景況感,見通,かなり厳しい,,,64
2013-11-01,周辺地域競合状況DI,,景況感,見通,やや厳しい,,,277
2013-11-01,周辺地域競合状況DI,,景況感,見通,変わらない,,,633
2013-11-01,周辺地域競合状況DI,,景況感,見通,やや緩和,,,27
2013-11-01,周辺地域競合状況DI,,景況感,見通,かなり緩和,,,0
2013-12-01,周辺地域競合状況DI,,景況感,見通,かなり厳しい,,,77
2013-12-01,周辺地域競合状況DI,,景況感,見通,やや厳しい,,,226
2013-12-01,周辺地域競合状況DI,,景況感,見通,変わらない,,,678
2013-12-01,周辺地域競合状況DI,,景況感,見通,やや緩和,,,19
2013-12-01,周辺地域競合状況DI,,景況感,見通,かなり緩和,,,0
2014-01-01,周辺地域競合状況DI,,景況感,見通,かなり厳しい,,,66
2014-01-01,周辺地域競合状況DI,,景況感,見通,やや厳しい,,,273
2014-01-01,周辺地域競合状況DI,,景況感,見通,変わらない,,,624
2014-01-01,周辺地域競合状況DI,,景況感,見通,やや緩和,,,37
2014-01-01,周辺地域競合状況DI,,景況感,見通,かなり緩和,,,0
2014-02-01,周辺地域競合状況DI,,景況感,見通,かなり厳しい,,,66
2014-02-01,周辺地域競合状況DI,,景況感,見通,やや厳しい,,,280
2014-02-01,周辺地域競合状況DI,,景況感,見通,変わらない,,,638
2014-02-01,周辺地域競合状況DI,,景況感,見通,やや緩和,,,12
2014-02-01,周辺地域競合状況DI,,景況感,見通,かなり緩和,,,4
2014-03-01,周辺地域競合状況DI,,景況感,見通,かなり厳しい,,,61
2014-03-01,周辺地域競合状況DI,,景況感,見通,やや厳しい,,,299
2014-03-01,周辺地域競合状況DI,,景況感,見通,変わらない,,,619
2014-03-01,周辺地域競合状況DI,,景況感,見通,やや緩和,,,20
2014-03-01,周辺地域競合状況DI,,景況感,見通,かなり緩和,,,0
2014-04-01,周辺地域競合状況DI,,景況感,見通,かなり厳しい,,,69
2014-04-01,周辺地域競合状況DI,,景況感,見通,やや厳しい,,,312
2014-04-01,周辺地域競合状況DI,,景況感,見通,変わらない,,,599
2014-04-01,周辺地域競合状況DI,,景況感,見通,やや緩和,,,20
2014-04-01,周辺地域競合状況DI,,景況感,見通,かなり緩和,,,0
2014-05-01,周辺地域競合状況DI,,景況感,見通,かなり厳しい,,,85
2014-05-01,周辺地域競合状況DI,,景況感,見通,やや厳しい,,,209
2014-05-01,周辺地域競合状況DI,,景況感,見通,変わらない,,,697
2014-05-01,周辺地域競合状況DI,,景況感,見通,やや緩和,,,4
2014-05-01,周辺地域競合状況DI,,景況感,見通,かなり緩和,,,4
2014-06-01,周辺地域競合状況DI,,景況感,見通,かなり厳しい,,,73
2014-06-01,周辺地域競合状況DI,,景況感,見通,やや厳しい,,,261
2014-06-01,周辺地域競合状況DI,,景況感,見通,変わらない,,,641
2014-06-01,周辺地域競合状況DI,,景況感,見通,やや緩和,,,21
2014-06-01,周辺地域競合状況DI,,景況感,見通,かなり緩和,,,4
2014-07-01,周辺地域競合状況DI,,景況感,見通,かなり厳しい,,,72
2014-07-01,周辺地域競合状況DI,,景況感,見通,やや厳しい,,,217
2014-07-01,周辺地域競合状況DI,,景況感,見通,変わらない,,,698
2014-07-01,周辺地域競合状況DI,,景況感,見通,やや緩和,,,13
2014-07-01,周辺地域競合状況DI,,景況感,見通,かなり緩和,,,0
2014-08-01,周辺地域競合状況DI,,景況感,見通,かなり厳しい,,,70
2014-08-01,周辺地域競合状況DI,,景況感,見通,やや厳しい,,,246
2014-08-01,周辺地域競合状況DI,,景況感,見通,変わらない,,,668
2014-08-01,周辺地域競合状況DI,,景況感,見通,やや緩和,,,16
2014-08-01,周辺地域競合状況DI,,景況感,見通,かなり緩和,,,0
2014-09-01,周辺地域競合状況DI,,景況感,見通,かなり厳しい,,,94
2014-09-01,周辺地域競合状況DI,,景況感,見通,やや厳しい,,,246
2014-09-01,周辺地域競合状況DI,,景況感,見通,変わらない,,,643
2014-09-01,周辺地域競合状況DI,,景況感,見通,やや緩和,,,18
2014-09-01,周辺地域競合状況DI,,景況感,見通,かなり緩和,,,0
2014-10-01,周辺地域競合状況DI,,景況感,見通,かなり厳しい,,,81
2014-10-01,周辺地域競合状況DI,,景況感,見通,やや厳しい,,,287
2014-10-01,周辺地域競合状況DI,,景況感,見通,変わらない,,,610
2014-10-01,周辺地域競合状況DI,,景況感,見通,やや緩和,,,18
2014-10-01,周辺地域競合状況DI,,景況感,見通,かなり緩和,,,4
2014-11-01,周辺地域競合状況DI,,景況感,見通,かなり厳しい,,,88
2014-11-01,周辺地域競合状況DI,,景況感,見通,やや厳しい,,,281
2014-11-01,周辺地域競合状況DI,,景況感,見通,変わらない,,,608
2014-11-01,周辺地域競合状況DI,,景況感,見通,やや緩和,,,23
2014-11-01,周辺地域競合状況DI,,景況感,見通,かなり緩和,,,0
2014-12-01,周辺地域競合状況DI,,景況感,見通,かなり厳しい,,,81
2014-12-01,周辺地域競合状況DI,,景況感,見通,やや厳しい,,,310
2014-12-01,周辺地域競合状況DI,,景況感,見通,変わらない,,,594
2014-12-01,周辺地域競合状況DI,,景況感,見通,やや緩和,,,15
2014-12-01,周辺地域競合状況DI,,景況感,見通,かなり緩和,,,0
2015-01-01,周辺地域競合状況DI,,景況感,見通,かなり厳しい,,,49
2015-01-01,周辺地域競合状況DI,,景況感,見通,やや厳しい,,,233
2015-01-01,周辺地域競合状況DI,,景況感,見通,変わらない,,,709
2015-01-01,周辺地域競合状況DI,,景況感,見通,やや緩和,,,9
2015-01-01,周辺地域競合状況DI,,景況感,見通,かなり緩和,,,0
2015-02-01,周辺地域競合状況DI,,景況感,見通,かなり厳しい,,,76
2015-02-01,周辺地域競合状況DI,,景況感,見通,やや厳しい,,,262
2015-02-01,周辺地域競合状況DI,,景況感,見通,変わらない,,,662
2015-02-01,周辺地域競合状況DI,,景況感,見通,やや緩和,,,0
2015-02-01,周辺地域競合状況DI,,景況感,見通,かなり緩和,,,0
2015-03-01,周辺地域競合状況DI,,景況感,見通,かなり厳しい,,,44
2015-03-01,周辺地域競合状況DI,,景況感,見通,やや厳しい,,,242
2015-03-01,周辺地域競合状況DI,,景況感,見通,変わらない,,,692
2015-03-01,周辺地域競合状況DI,,景況感,見通,やや緩和,,,22
2015-03-01,周辺地域競合状況DI,,景況感,見通,かなり緩和,,,0
2015-04-01,周辺地域競合状況DI,,景況感,見通,かなり厳しい,,,53
2015-04-01,周辺地域競合状況DI,,景況感,見通,やや厳しい,,,181
2015-04-01,周辺地域競合状況DI,,景況感,見通,変わらない,,,708
2015-04-01,周辺地域競合状況DI,,景況感,見通,やや緩和,,,58
2015-04-01,周辺地域競合状況DI,,景況感,見通,かなり緩和,,,0
2015-05-01,周辺地域競合状況DI,,景況感,見通,かなり厳しい,,,53
2015-05-01,周辺地域競合状況DI,,景況感,見通,やや厳しい,,,178
2015-05-01,周辺地域競合状況DI,,景況感,見通,変わらない,,,724
2015-05-01,周辺地域競合状況DI,,景況感,見通,やや緩和,,,44
2015-05-01,周辺地域競合状況DI,,景況感,見通,かなり緩和,,,0
2015-06-01,周辺地域競合状況DI,,景況感,見通,かなり厳しい,,,37
2015-06-01,周辺地域競合状況DI,,景況感,見通,やや厳しい,,,198
2015-06-01,周辺地域競合状況DI,,景況感,見通,変わらない,,,728
2015-06-01,周辺地域競合状況DI,,景況感,見通,やや緩和,,,37
2015-06-01,周辺地域競合状況DI,,景況感,見通,かなり緩和,,,0
2015-07-01,周辺地域競合状況DI,,景況感,見通,かなり厳しい,,,48
2015-07-01,周辺地域競合状況DI,,景況感,見通,やや厳しい,,,231
2015-07-01,周辺地域競合状況DI,,景況感,見通,変わらない,,,690
2015-07-01,周辺地域競合状況DI,,景況感,見通,やや緩和,,,26
2015-07-01,周辺地域競合状況DI,,景況感,見通,かなり緩和,,,4
2015-08-01,周辺地域競合状況DI,,景況感,見通,かなり厳しい,,,72
2015-08-01,周辺地域競合状況DI,,景況感,見通,やや厳しい,,,220
2015-08-01,周辺地域競合状況DI,,景況感,見通,変わらない,,,664
2015-08-01,周辺地域競合状況DI,,景況感,見通,やや緩和,,,40
2015-08-01,周辺地域競合状況DI,,景況感,見通,かなり緩和,,,4
2015-09-01,周辺地域競合状況DI,,景況感,見通,かなり厳しい,,,55
2015-09-01,周辺地域競合状況DI,,景況感,見通,やや厳しい,,,257
2015-09-01,周辺地域競合状況DI,,景況感,見通,変わらない,,,651
2015-09-01,周辺地域競合状況DI,,景況感,見通,やや緩和,,,37
2015-09-01,周辺地域競合状況DI,,景況感,見通,かなり緩和,,,0
2015-10-01,周辺地域競合状況DI,,景況感,見通,かなり厳しい,,,58
2015-10-01,周辺地域競合状況DI,,景況感,見通,やや厳しい,,,284
2015-10-01,周辺地域競合状況DI,,景況感,見通,変わらない,,,640
2015-10-01,周辺地域競合状況DI,,景況感,見通,やや緩和,,,13
2015-10-01,周辺地域競合状況DI,,景況感,見通,かなり緩和,,,4
2015-11-01,周辺地域競合状況DI,,景況感,見通,かなり厳しい,,,58
2015-11-01,周辺地域競合状況DI,,景況感,見通,やや厳しい,,,317
2015-11-01,周辺地域競合状況DI,,景況感,見通,変わらない,,,603
2015-11-01,周辺地域競合状況DI,,景況感,見通,やや緩和,,,22
2015-11-01,周辺地域競合状況DI,,景況感,見通,かなり緩和,,,0
2015-12-01,周辺地域競合状況DI,,景況感,見通,かなり厳しい,,,41
2015-12-01,周辺地域競合状況DI,,景況感,見通,やや厳しい,,,261
2015-12-01,周辺地域競合状況DI,,景況感,見通,変わらない,,,680
2015-12-01,周辺地域競合状況DI,,景況感,見通,やや緩和,,,18
2015-12-01,周辺地域競合状況DI,,景況感,見通,かなり緩和,,,0
2016-01-01,周辺地域競合状況DI,,景況感,見通,かなり厳しい,,,37
2016-01-01,周辺地域競合状況DI,,景況感,見通,やや厳しい,,,234
2016-01-01,周辺地域競合状況DI,,景況感,見通,変わらない,,,716
2016-01-01,周辺地域競合状況DI,,景況感,見通,やや緩和,,,14
2016-01-01,周辺地域競合状況DI,,景況感,見通,かなり緩和,,,0
2016-02-01,周辺地域競合状況DI,,景況感,見通,かなり厳しい,,,42
2016-02-01,周辺地域競合状況DI,,景況感,見通,やや厳しい,,,243
2016-02-01,周辺地域競合状況DI,,景況感,見通,変わらない,,,687
2016-02-01,周辺地域競合状況DI,,景況感,見通,やや緩和,,,23
2016-02-01,周辺地域競合状況DI,,景況感,見通,かなり緩和,,,5
2016-03-01,周辺地域競合状況DI,,景況感,見通,かなり厳しい,,,58
2016-03-01,周辺地域競合状況DI,,景況感,見通,やや厳しい,,,240
2016-03-01,周辺地域競合状況DI,,景況感,見通,変わらない,,,678
2016-03-01,周辺地域競合状況DI,,景況感,見通,やや緩和,,,24
2016-03-01,周辺地域競合状況DI,,景況感,見通,かなり緩和,,,0
2016-04-01,周辺地域競合状況DI,,景況感,見通,かなり厳しい,,,57
2016-04-01,周辺地域競合状況DI,,景況感,見通,やや厳しい,,,252
2016-04-01,周辺地域競合状況DI,,景況感,見通,変わらない,,,662
2016-04-01,周辺地域競合状況DI,,景況感,見通,やや緩和,,,29
2016-04-01,周辺地域競合状況DI,,景況感,見通,かなり緩和,,,0
2016-05-01,周辺地域競合状況DI,,景況感,見通,かなり厳しい,,,54
2016-05-01,周辺地域競合状況DI,,景況感,見通,やや厳しい,,,299
2016-05-01,周辺地域競合状況DI,,景況感,見通,変わらない,,,647
2016-05-01,周辺地域競合状況DI,,景況感,見通,やや緩和,,,0
2016-05-01,周辺地域競合状況DI,,景況感,見通,かなり緩和,,,0
2016-06-01,周辺地域競合状況DI,,景況感,見通,かなり厳しい,,,30
2016-06-01,周辺地域競合状況DI,,景況感,見通,やや厳しい,,,337
2016-06-01,周辺地域競合状況DI,,景況感,見通,変わらない,,,624
2016-06-01,周辺地域競合状況DI,,景況感,見通,やや緩和,,,10
2016-06-01,周辺地域競合状況DI,,景況感,見通,かなり緩和,,,0
2016-07-01,周辺地域競合状況DI,,景況感,見通,かなり厳しい,,,49
2016-07-01,周辺地域競合状況DI,,景況感,見通,やや厳しい,,,315
2016-07-01,周辺地域競合状況DI,,景況感,見通,変わらない,,,621
2016-07-01,周辺地域競合状況DI,,景況感,見通,やや緩和,,,15
2016-07-01,周辺地域競合状況DI,,景況感,見通,かなり緩和,,,0
2016-08-01,周辺地域競合状況DI,,景況感,見通,かなり厳しい,,,73
2016-08-01,周辺地域競合状況DI,,景況感,見通,やや厳しい,,,316
2016-08-01,周辺地域競合状況DI,,景況感,見通,変わらない,,,602
2016-08-01,周辺地域競合状況DI,,景況感,見通,やや緩和,,,10
2016-08-01,周辺地域競合状況DI,,景況感,見通,かなり緩和,,,0
2016-09-01,周辺地域競合状況DI,,景況感,見通,かなり厳しい,,,73
2016-09-01,周辺地域競合状況DI,,景況感,見通,やや厳しい,,,257
2016-09-01,周辺地域競合状況DI,,景況感,見通,変わらない,,,665
2016-09-01,周辺地域競合状況DI,,景況感,見通,やや緩和,,,5
2016-09-01,周辺地域競合状況DI,,景況感,見通,かなり緩和,,,0
2016-10-01,周辺地域競合状況DI,,景況感,見通,かなり厳しい,,,59
2016-10-01,周辺地域競合状況DI,,景況感,見通,やや厳しい,,,259
2016-10-01,周辺地域競合状況DI,,景況感,見通,変わらない,,,668
2016-10-01,周辺地域競合状況DI,,景況感,見通,やや緩和,,,15
2016-10-01,周辺地域競合状況DI,,景況感,見通,かなり緩和,,,0
2016-11-01,周辺地域競合状況DI,,景況感,見通,かなり厳しい,,,49
2016-11-01,周辺地域競合状況DI,,景況感,見通,やや厳しい,,,314
2016-11-01,周辺地域競合状況DI,,景況感,見通,変わらない,,,623
2016-11-01,周辺地域競合状況DI,,景況感,見通,やや緩和,,,15
2016-11-01,周辺地域競合状況DI,,景況感,見通,かなり緩和,,,0
2016-12-01,周辺地域競合状況DI,,景況感,見通,かなり厳しい,,,25
2016-12-01,周辺地域競合状況DI,,景況感,見通,やや厳しい,,,303
2016-12-01,周辺地域競合状況DI,,景況感,見通,変わらない,,,652
2016-12-01,周辺地域競合状況DI,,景況感,見通,やや緩和,,,20
2016-12-01,周辺地域競合状況DI,,景況感,見通,かなり緩和,,,0
2017-01-01,周辺地域競合状況DI,,景況感,見通,かなり厳しい,,,44
2017-01-01,周辺地域競合状況DI,,景況感,見通,やや厳しい,,,296
2017-01-01,周辺地域競合状況DI,,景況感,見通,変わらない,,,640
2017-01-01,周辺地域競合状況DI,,景況感,見通,やや緩和,,,20
2017-01-01,周辺地域競合状況DI,,景況感,見通,かなり緩和,,,0
2017-02-01,周辺地域競合状況DI,,景況感,見通,かなり厳しい,,,40
2017-02-01,周辺地域競合状況DI,,景況感,見通,やや厳しい,,,320
2017-02-01,周辺地域競合状況DI,,景況感,見通,変わらない,,,620
2017-02-01,周辺地域競合状況DI,,景況感,見通,やや緩和,,,20
2017-02-01,周辺地域競合状況DI,,景況感,見通,かなり緩和,,,0
2017-03-01,周辺地域競合状況DI,,景況感,見通,かなり厳しい,,,44
2017-03-01,周辺地域競合状況DI,,景況感,見通,やや厳しい,,,291
2017-03-01,周辺地域競合状況DI,,景況感,見通,変わらない,,,631
2017-03-01,周辺地域競合状況DI,,景況感,見通,やや緩和,,,34
2017-03-01,周辺地域競合状況DI,,景況感,見通,かなり緩和,,,0
2017-04-01,周辺地域競合状況DI,,景況感,見通,かなり厳しい,,,57
2017-04-01,周辺地域競合状況DI,,景況感,見通,やや厳しい,,,284
2017-04-01,周辺地域競合状況DI,,景況感,見通,変わらない,,,640
2017-04-01,周辺地域競合状況DI,,景況感,見通,やや緩和,,,19
2017-04-01,周辺地域競合状況DI,,景況感,見通,かなり緩和,,,0
2017-05-01,周辺地域競合状況DI,,景況感,見通,かなり厳しい,,,62
2017-05-01,周辺地域競合状況DI,,景況感,見通,やや厳しい,,,308
2017-05-01,周辺地域競合状況DI,,景況感,見通,変わらない,,,611
2017-05-01,周辺地域競合状況DI,,景況感,見通,やや緩和,,,19
2017-05-01,周辺地域競合状況DI,,景況感,見通,かなり緩和,,,0
2017-06-01,周辺地域競合状況DI,,景況感,見通,かなり厳しい,,,45
2017-06-01,周辺地域競合状況DI,,景況感,見通,やや厳しい,,,316
2017-06-01,周辺地域競合状況DI,,景況感,見通,変わらない,,,621
2017-06-01,周辺地域競合状況DI,,景況感,見通,やや緩和,,,17
2017-06-01,周辺地域競合状況DI,,景況感,見通,かなり緩和,,,0
2017-07-01,周辺地域競合状況DI,,景況感,見通,かなり厳しい,,,67
2017-07-01,周辺地域競合状況DI,,景況感,見通,やや厳しい,,,313
2017-07-01,周辺地域競合状況DI,,景況感,見通,変わらない,,,605
2017-07-01,周辺地域競合状況DI,,景況感,見通,やや緩和,,,15
2017-07-01,周辺地域競合状況DI,,景況感,見通,かなり緩和,,,0
2017-08-01,周辺地域競合状況DI,,景況感,見通,かなり厳しい,,,58
2017-08-01,周辺地域競合状況DI,,景況感,見通,やや厳しい,,,340
2017-08-01,周辺地域競合状況DI,,景況感,見通,変わらない,,,578
2017-08-01,周辺地域競合状況DI,,景況感,見通,やや緩和,,,24
2017-08-01,周辺地域競合状況DI,,景況感,見通,かなり緩和,,,0
2017-09-01,周辺地域競合状況DI,,景況感,見通,かなり厳しい,,,71
2017-09-01,周辺地域競合状況DI,,景況感,見通,やや厳しい,,,340
2017-09-01,周辺地域競合状況DI,,景況感,見通,変わらない,,,574
2017-09-01,周辺地域競合状況DI,,景況感,見通,やや緩和,,,15
2017-09-01,周辺地域競合状況DI,,景況感,見通,かなり緩和,,,0
2017-10-01,周辺地域競合状況DI,,景況感,見通,かなり厳しい,,,62
2017-10-01,周辺地域競合状況DI,,景況感,見通,やや厳しい,,,330
2017-10-01,周辺地域競合状況DI,,景況感,見通,変わらない,,,593
2017-10-01,周辺地域競合状況DI,,景況感,見通,やや緩和,,,15
2017-10-01,周辺地域競合状況DI,,景況感,見通,かなり緩和,,,0
2017-11-01,周辺地域競合状況DI,,景況感,見通,かなり厳しい,,,59
2017-11-01,周辺地域競合状況DI,,景況感,見通,やや厳しい,,,350
2017-11-01,周辺地域競合状況DI,,景況感,見通,変わらない,,,581
2017-11-01,周辺地域競合状況DI,,景況感,見通,やや緩和,,,10
2017-11-01,周辺地域競合状況DI,,景況感,見通,かなり緩和,,,0
2017-12-01,周辺地域競合状況DI,,景況感,見通,かなり厳しい,,,50
2017-12-01,周辺地域競合状況DI,,景況感,見通,やや厳しい,,,256
2017-12-01,周辺地域競合状況DI,,景況感,見通,変わらない,,,693
2017-12-01,周辺地域競合状況DI,,景況感,見通,やや緩和,,,0
2017-12-01,周辺地域競合状況DI,,景況感,見通,かなり緩和,,,0
2018-01-01,周辺地域競合状況DI,,景況感,見通,かなり厳しい,,,36
2018-01-01,周辺地域競合状況DI,,景況感,見通,やや厳しい,,,315
2018-01-01,周辺地域競合状況DI,,景況感,見通,変わらない,,,635
2018-01-01,周辺地域競合状況DI,,景況感,見通,やや緩和,,,10
2018-01-01,周辺地域競合状況DI,,景況感,見通,かなり緩和,,,5
2018-02-01,周辺地域競合状況DI,,景況感,見通,かなり厳しい,,,50
2018-02-01,周辺地域競合状況DI,,景況感,見通,やや厳しい,,,308
2018-02-01,周辺地域競合状況DI,,景況感,見通,変わらない,,,622
2018-02-01,周辺地域競合状況DI,,景況感,見通,やや緩和,,,20
2018-02-01,周辺地域競合状況DI,,景況感,見通,かなり緩和,,,0
2018-03-01,周辺地域競合状況DI,,景況感,見通,かなり厳しい,,,39
2018-03-01,周辺地域競合状況DI,,景況感,見通,やや厳しい,,,345
2018-03-01,周辺地域競合状況DI,,景況感,見通,変わらない,,,601
2018-03-01,周辺地域競合状況DI,,景況感,見通,やや緩和,,,15
2018-03-01,周辺地域競合状況DI,,景況感,見通,かなり緩和,,,0
2018-04-01,周辺地域競合状況DI,,景況感,見通,かなり厳しい,,,65
2018-04-01,周辺地域競合状況DI,,景況感,見通,やや厳しい,,,363
2018-04-01,周辺地域競合状況DI,,景況感,見通,変わらない,,,562
2018-04-01,周辺地域競合状況DI,,景況感,見通,やや緩和,,,10
2018-04-01,周辺地域競合状況DI,,景況感,見通,かなり緩和,,,0
2018-05-01,周辺地域競合状況DI,,景況感,見通,かなり厳しい,,,65
2018-05-01,周辺地域競合状況DI,,景況感,見通,やや厳しい,,,335
2018-05-01,周辺地域競合状況DI,,景況感,見通,変わらない,,,590
2018-05-01,周辺地域競合状況DI,,景況感,見通,やや緩和,,,10
2018-05-01,周辺地域競合状況DI,,景況感,見通,かなり緩和,,,0
2018-06-01,周辺地域競合状況DI,,景況感,見通,かなり厳しい,,,49
2018-06-01,周辺地域競合状況DI,,景況感,見通,やや厳しい,,,296
2018-06-01,周辺地域競合状況DI,,景況感,見通,変わらない,,,631
2018-06-01,周辺地域競合状況DI,,景況感,見通,やや緩和,,,25
2018-06-01,周辺地域競合状況DI,,景況感,見通,かなり緩和,,,0
2018-07-01,周辺地域競合状況DI,,景況感,見通,かなり厳しい,,,41
2018-07-01,周辺地域競合状況DI,,景況感,見通,やや厳しい,,,273
2018-07-01,周辺地域競合状況DI,,景況感,見通,変わらない,,,660
2018-07-01,周辺地域競合状況DI,,景況感,見通,やや緩和,,,26
2018-07-01,周辺地域競合状況DI,,景況感,見通,かなり緩和,,,0
2018-08-01,周辺地域競合状況DI,,景況感,見通,かなり厳しい,,,59
2018-08-01,周辺地域競合状況DI,,景況感,見通,やや厳しい,,,258
2018-08-01,周辺地域競合状況DI,,景況感,見通,変わらない,,,661
2018-08-01,周辺地域競合状況DI,,景況感,見通,やや緩和,,,22
2018-08-01,周辺地域競合状況DI,,景況感,見通,かなり緩和,,,0
2018-09-01,周辺地域競合状況DI,,景況感,見通,かなり厳しい,,,58
2018-09-01,周辺地域競合状況DI,,景況感,見通,やや厳しい,,,226
2018-09-01,周辺地域競合状況DI,,景況感,見通,変わらない,,,679
2018-09-01,周辺地域競合状況DI,,景況感,見通,やや緩和,,,37
2018-09-01,周辺地域競合状況DI,,景況感,見通,かなり緩和,,,0
2018-10-01,周辺地域競合状況DI,,景況感,見通,かなり厳しい,,,65
2018-10-01,周辺地域競合状況DI,,景況感,見通,やや厳しい,,,306
2018-10-01,周辺地域競合状況DI,,景況感,見通,変わらない,,,597
2018-10-01,周辺地域競合状況DI,,景況感,見通,やや緩和,,,32
2018-10-01,周辺地域競合状況DI,,景況感,見通,かなり緩和,,,0
2018-11-01,周辺地域競合状況DI,,景況感,見通,かなり厳しい,,,95
2018-11-01,周辺地域競合状況DI,,景況感,見通,やや厳しい,,,321
2018-11-01,周辺地域競合状況DI,,景況感,見通,変わらない,,,568
2018-11-01,周辺地域競合状況DI,,景況感,見通,やや緩和,,,16
2018-11-01,周辺地域競合状況DI,,景況感,見通,かなり緩和,,,0
2018-12-01,周辺地域競合状況DI,,景況感,見通,かなり厳しい,,,73
2018-12-01,周辺地域競合状況DI,,景況感,見通,やや厳しい,,,316
2018-12-01,周辺地域競合状況DI,,景況感,見通,変わらない,,,588
2018-12-01,周辺地域競合状況DI,,景況感,見通,やや緩和,,,23
2018-12-01,周辺地域競合状況DI,,景況感,見通,かなり緩和,,,0
2019-01-01,周辺地域競合状況DI,,景況感,見通,かなり厳しい,,,65
2019-01-01,周辺地域競合状況DI,,景況感,見通,やや厳しい,,,355
2019-01-01,周辺地域競合状況DI,,景況感,見通,変わらない,,,559
2019-01-01,周辺地域競合状況DI,,景況感,見通,やや緩和,,,22
2019-01-01,周辺地域競合状況DI,,景況感,見通,かなり緩和,,,0
2019-02-01,周辺地域競合状況DI,,景況感,見通,かなり厳しい,,,89
2019-02-01,周辺地域競合状況DI,,景況感,見通,やや厳しい,,,346
2019-02-01,周辺地域競合状況DI,,景況感,見通,変わらない,,,524
2019-02-01,周辺地域競合状況DI,,景況感,見通,やや緩和,,,42
2019-02-01,周辺地域競合状況DI,,景況感,見通,かなり緩和,,,0
2019-03-01,周辺地域競合状況DI,,景況感,見通,かなり厳しい,,,94
2019-03-01,周辺地域競合状況DI,,景況感,見通,やや厳しい,,,302
2019-03-01,周辺地域競合状況DI,,景況感,見通,変わらない,,,573
2019-03-01,周辺地域競合状況DI,,景況感,見通,やや緩和,,,31
2019-03-01,周辺地域競合状況DI,,景況感,見通,かなり緩和,,,0
2019-04-01,周辺地域競合状況DI,,景況感,見通,かなり厳しい,,,65
2019-04-01,周辺地域競合状況DI,,景況感,見通,やや厳しい,,,253
2019-04-01,周辺地域競合状況DI,,景況感,見通,変わらない,,,651
2019-04-01,周辺地域競合状況DI,,景況感,見通,やや緩和,,,32
2019-04-01,周辺地域競合状況DI,,景況感,見通,かなり緩和,,,0
2019-05-01,周辺地域競合状況DI,,景況感,見通,かなり厳しい,,,79
2019-05-01,周辺地域競合状況DI,,景況感,見通,やや厳しい,,,259
2019-05-01,周辺地域競合状況DI,,景況感,見通,変わらない,,,635
2019-05-01,周辺地域競合状況DI,,景況感,見通,やや緩和,,,26
2019-05-01,周辺地域競合状況DI,,景況感,見通,かなり緩和,,,0
2019-06-01,周辺地域競合状況DI,,景況感,見通,かなり厳しい,,,79
2019-06-01,周辺地域競合状況DI,,景況感,見通,やや厳しい,,,296
2019-06-01,周辺地域競合状況DI,,景況感,見通,変わらない,,,593
2019-06-01,周辺地域競合状況DI,,景況感,見通,やや緩和,,,32
2019-06-01,周辺地域競合状況DI,,景況感,見通,かなり緩和,,,0
2019-07-01,周辺地域競合状況DI,,景況感,見通,かなり厳しい,,,87
2019-07-01,周辺地域競合状況DI,,景況感,見通,やや厳しい,,,328
2019-07-01,周辺地域競合状況DI,,景況感,見通,変わらない,,,563
2019-07-01,周辺地域競合状況DI,,景況感,見通,やや緩和,,,22
2019-07-01,周辺地域競合状況DI,,景況感,見通,かなり緩和,,,0
2019-08-01,周辺地域競合状況DI,,景況感,見通,かなり厳しい,,,64
2019-08-01,周辺地域競合状況DI,,景況感,見通,やや厳しい,,,366
2019-08-01,周辺地域競合状況DI,,景況感,見通,変わらない,,,552
2019-08-01,周辺地域競合状況DI,,景況感,見通,やや緩和,,,17
2019-08-01,周辺地域競合状況DI,,景況感,見通,かなり緩和,,,0
2019-09-01,周辺地域競合状況DI,,景況感,見通,かなり厳しい,,,101
2019-09-01,周辺地域競合状況DI,,景況感,見通,やや厳しい,,,363
2019-09-01,周辺地域競合状況DI,,景況感,見通,変わらない,,,500
2019-09-01,周辺地域競合状況DI,,景況感,見通,やや緩和,,,36
2019-09-01,周辺地域競合状況DI,,景況感,見通,かなり緩和,,,0
2019-10-01,周辺地域競合状況DI,,景況感,見通,かなり厳しい,,,71
2019-10-01,周辺地域競合状況DI,,景況感,見通,やや厳しい,,,344
2019-10-01,周辺地域競合状況DI,,景況感,見通,変わらない,,,563
2019-10-01,周辺地域競合状況DI,,景況感,見通,やや緩和,,,22
2019-10-01,周辺地域競合状況DI,,景況感,見通,かなり緩和,,,0
2019-11-01,周辺地域競合状況DI,,景況感,見通,かなり厳しい,,,62
2019-11-01,周辺地域競合状況DI,,景況感,見通,やや厳しい,,,322
2019-11-01,周辺地域競合状況DI,,景況感,見通,変わらない,,,593
2019-11-01,周辺地域競合状況DI,,景況感,見通,やや緩和,,,23
2019-11-01,周辺地域競合状況DI,,景況感,見通,かなり緩和,,,0
2019-12-01,周辺地域競合状況DI,,景況感,見通,かなり厳しい,,,74
2019-12-01,周辺地域競合状況DI,,景況感,見通,やや厳しい,,,266
2019-12-01,周辺地域競合状況DI,,景況感,見通,変わらない,,,644
2019-12-01,周辺地域競合状況DI,,景況感,見通,やや緩和,,,16
2019-12-01,周辺地域競合状況DI,,景況感,見通,かなり緩和,,,0
2020-01-01,周辺地域競合状況DI,,景況感,見通,かなり厳しい,,,82
2020-01-01,周辺地域競合状況DI,,景況感,見通,やや厳しい,,,266
2020-01-01,周辺地域競合状況DI,,景況感,見通,変わらない,,,630
2020-01-01,周辺地域競合状況DI,,景況感,見通,やや緩和,,,22
2020-01-01,周辺地域競合状況DI,,景況感,見通,かなり緩和,,,0
2020-02-01,周辺地域競合状況DI,,景況感,見通,かなり厳しい,,,73
2020-02-01,周辺地域競合状況DI,,景況感,見通,やや厳しい,,,230
2020-02-01,周辺地域競合状況DI,,景況感,見通,変わらない,,,657
2020-02-01,周辺地域競合状況DI,,景況感,見通,やや緩和,,,39
2020-02-01,周辺地域競合状況DI,,景況感,見通,かなり緩和,,,0
2020-03-01,周辺地域競合状況DI,,景況感,見通,かなり厳しい,,,71
2020-03-01,周辺地域競合状況DI,,景況感,見通,やや厳しい,,,202
2020-03-01,周辺地域競合状況DI,,景況感,見通,変わらない,,,683
2020-03-01,周辺地域競合状況DI,,景況感,見通,やや緩和,,,38
2020-03-01,周辺地域競合状況DI,,景況感,見通,かなり緩和,,,5
2020-04-01,周辺地域競合状況DI,,景況感,見通,かなり厳しい,,,55
2020-04-01,周辺地域競合状況DI,,景況感,見通,やや厳しい,,,197
2020-04-01,周辺地域競合状況DI,,景況感,見通,変わらない,,,705
2020-04-01,周辺地域競合状況DI,,景況感,見通,やや緩和,,,38
2020-04-01,周辺地域競合状況DI,,景況感,見通,かなり緩和,,,5
2020-05-01,周辺地域競合状況DI,,景況感,見通,かなり厳しい,,,45
2020-05-01,周辺地域競合状況DI,,景況感,見通,やや厳しい,,,256
2020-05-01,周辺地域競合状況DI,,景況感,見通,変わらない,,,665
2020-05-01,周辺地域競合状況DI,,景況感,見通,やや緩和,,,23
2020-05-01,周辺地域競合状況DI,,景況感,見通,かなり緩和,,,11
2020-06-01,周辺地域競合状況DI,,景況感,見通,かなり厳しい,,,32
2020-06-01,周辺地域競合状況DI,,景況感,見通,やや厳しい,,,265
2020-06-01,周辺地域競合状況DI,,景況感,見通,変わらない,,,692
2020-06-01,周辺地域競合状況DI,,景況感,見通,やや緩和,,,11
2020-06-01,周辺地域競合状況DI,,景況感,見通,かなり緩和,,,0
2020-07-01,周辺地域競合状況DI,,景況感,見通,かなり厳しい,,,39
2020-07-01,周辺地域競合状況DI,,景況感,見通,やや厳しい,,,210
2020-07-01,周辺地域競合状況DI,,景況感,見通,変わらない,,,735
2020-07-01,周辺地域競合状況DI,,景況感,見通,やや緩和,,,17
2020-07-01,周辺地域競合状況DI,,景況感,見通,かなり緩和,,,0
2020-08-01,周辺地域競合状況DI,,景況感,見通,かなり厳しい,,,59
2020-08-01,周辺地域競合状況DI,,景況感,見通,やや厳しい,,,195
2020-08-01,周辺地域競合状況DI,,景況感,見通,変わらない,,,719
2020-08-01,周辺地域競合状況DI,,景況感,見通,やや緩和,,,27
2020-08-01,周辺地域競合状況DI,,景況感,見通,かなり緩和,,,0
2020-09-01,周辺地域競合状況DI,,景況感,見通,かなり厳しい,,,38
2020-09-01,周辺地域競合状況DI,,景況感,見通,やや厳しい,,,249
2020-09-01,周辺地域競合状況DI,,景況感,見通,変わらない,,,676
2020-09-01,周辺地域競合状況DI,,景況感,見通,やや緩和,,,38
2020-09-01,周辺地域競合状況DI,,景況感,見通,かなり緩和,,,0
2020-10-01,周辺地域競合状況DI,,景況感,見通,かなり厳しい,,,27
2020-10-01,周辺地域競合状況DI,,景況感,見通,やや厳しい,,,250
2020-10-01,周辺地域競合状況DI,,景況感,見通,変わらない,,,712
2020-10-01,周辺地域競合状況DI,,景況感,見通,やや緩和,,,11
2020-10-01,周辺地域競合状況DI,,景況感,見通,かなり緩和,,,0
2020-11-01,周辺地域競合状況DI,,景況感,見通,かなり厳しい,,,28
2020-11-01,周辺地域競合状況DI,,景況感,見通,やや厳しい,,,271
2020-11-01,周辺地域競合状況DI,,景況感,見通,変わらない,,,680
2020-11-01,周辺地域競合状況DI,,景況感,見通,やや緩和,,,22
2020-11-01,周辺地域競合状況DI,,景況感,見通,かなり緩和,,,0
2020-12-01,周辺地域競合状況DI,,景況感,見通,かなり厳しい,,,44
2020-12-01,周辺地域競合状況DI,,景況感,見通,やや厳しい,,,269
2020-12-01,周辺地域競合状況DI,,景況感,見通,変わらない,,,681
2020-12-01,周辺地域競合状況DI,,景況感,見通,やや緩和,,,5
2020-12-01,周辺地域競合状況DI,,景況感,見通,かなり緩和,,,0
2021-01-01,周辺地域競合状況DI,,景況感,見通,かなり厳しい,,,48
2021-01-01,周辺地域競合状況DI,,景況感,見通,やや厳しい,,,230
2021-01-01,周辺地域競合状況DI,,景況感,見通,変わらない,,,711
2021-01-01,周辺地域競合状況DI,,景況感,見通,やや緩和,,,11
2021-01-01,周辺地域競合状況DI,,景況感,見通,かなり緩和,,,0
2021-02-01,周辺地域競合状況DI,,景況感,見通,かなり厳しい,,,27
2021-02-01,周辺地域競合状況DI,,景況感,見通,やや厳しい,,,295
2021-02-01,周辺地域競合状況DI,,景況感,見通,変わらない,,,672
2021-02-01,周辺地域競合状況DI,,景況感,見通,やや緩和,,,5
2021-02-01,周辺地域競合状況DI,,景況感,見通,かなり緩和,,,0
2021-03-01,周辺地域競合状況DI,,景況感,見通,かなり厳しい,,,49
2021-03-01,周辺地域競合状況DI,,景況感,見通,やや厳しい,,,283
2021-03-01,周辺地域競合状況DI,,景況感,見通,変わらない,,,658
2021-03-01,周辺地域競合状況DI,,景況感,見通,やや緩和,,,11
2021-03-01,周辺地域競合状況DI,,景況感,見通,かなり緩和,,,0
2021-04-01,周辺地域競合状況DI,,景況感,見通,かなり厳しい,,,49
2021-04-01,周辺地域競合状況DI,,景況感,見通,やや厳しい,,,297
2021-04-01,周辺地域競合状況DI,,景況感,見通,変わらない,,,643
2021-04-01,周辺地域競合状況DI,,景況感,見通,やや緩和,,,11
2021-04-01,周辺地域競合状況DI,,景況感,見通,かなり緩和,,,0
2021-05-01,周辺地域競合状況DI,,景況感,見通,かなり厳しい,,,48
2021-05-01,周辺地域競合状況DI,,景況感,見通,やや厳しい,,,278
2021-05-01,周辺地域競合状況DI,,景況感,見通,変わらない,,,658
2021-05-01,周辺地域競合状況DI,,景況感,見通,やや緩和,,,16
2021-05-01,周辺地域競合状況DI,,景況感,見通,かなり緩和,,,0
2021-06-01,周辺地域競合状況DI,,景況感,見通,かなり厳しい,,,67
2021-06-01,周辺地域競合状況DI,,景況感,見通,やや厳しい,,,268
2021-06-01,周辺地域競合状況DI,,景況感,見通,変わらない,,,654
2021-06-01,周辺地域競合状況DI,,景況感,見通,やや緩和,,,11
2021-06-01,周辺地域競合状況DI,,景況感,見通,かなり緩和,,,0
2021-07-01,周辺地域競合状況DI,,景況感,見通,かなり厳しい,,,49
2021-07-01,周辺地域競合状況DI,,景況感,見通,やや厳しい,,,279
2021-07-01,周辺地域競合状況DI,,景況感,見通,変わらない,,,667
2021-07-01,周辺地域競合状況DI,,景況感,見通,やや緩和,,,5
2021-07-01,周辺地域競合状況DI,,景況感,見通,かなり緩和,,,0
2021-08-01,周辺地域競合状況DI,,景況感,見通,かなり厳しい,,,54
2021-08-01,周辺地域競合状況DI,,景況感,見通,やや厳しい,,,280
2021-08-01,周辺地域競合状況DI,,景況感,見通,変わらない,,,651
2021-08-01,周辺地域競合状況DI,,景況感,見通,やや緩和,,,16
2021-08-01,周辺地域競合状況DI,,景況感,見通,かなり緩和,,,0
2021-09-01,周辺地域競合状況DI,,景況感,見通,かなり厳しい,,,54
2021-09-01,周辺地域競合状況DI,,景況感,見通,やや厳しい,,,270
2021-09-01,周辺地域競合状況DI,,景況感,見通,変わらない,,,659
2021-09-01,周辺地域競合状況DI,,景況感,見通,やや緩和,,,16
2021-09-01,周辺地域競合状況DI,,景況感,見通,かなり緩和,,,0
2021-10-01,周辺地域競合状況DI,,景況感,見通,かなり厳しい,,,45
2021-10-01,周辺地域競合状況DI,,景況感,見通,やや厳しい,,,326
2021-10-01,周辺地域競合状況DI,,景況感,見通,変わらない,,,612
2021-10-01,周辺地域競合状況DI,,景況感,見通,やや緩和,,,17
2021-10-01,周辺地域競合状況DI,,景況感,見通,かなり緩和,,,0
2021-11-01,周辺地域競合状況DI,,景況感,見通,かなり厳しい,,,66
2021-11-01,周辺地域競合状況DI,,景況感,見通,やや厳しい,,,352
2021-11-01,周辺地域競合状況DI,,景況感,見通,変わらない,,,566
2021-11-01,周辺地域競合状況DI,,景況感,見通,やや緩和,,,16
2021-11-01,周辺地域競合状況DI,,景況感,見通,かなり緩和,,,0
2021-12-01,周辺地域競合状況DI,,景況感,見通,かなり厳しい,,,76
2021-12-01,周辺地域競合状況DI,,景況感,見通,やや厳しい,,,319
2021-12-01,周辺地域競合状況DI,,景況感,見通,変わらない,,,595
2021-12-01,周辺地域競合状況DI,,景況感,見通,やや緩和,,,11
2021-12-01,周辺地域競合状況DI,,景況感,見通,かなり緩和,,,0
2022-01-01,周辺地域競合状況DI,,景況感,見通,かなり厳しい,,,65
2022-01-01,周辺地域競合状況DI,,景況感,見通,やや厳しい,,,319
2022-01-01,周辺地域競合状況DI,,景況感,見通,変わらない,,,605
2022-01-01,周辺地域競合状況DI,,景況感,見通,やや緩和,,,11
2022-01-01,周辺地域競合状況DI,,景況感,見通,かなり緩和,,,0
2022-02-01,周辺地域競合状況DI,,景況感,見通,かなり厳しい,,,47
2022-02-01,周辺地域競合状況DI,,景況感,見通,やや厳しい,,,300
2022-02-01,周辺地域競合状況DI,,景況感,見通,変わらない,,,629
2022-02-01,周辺地域競合状況DI,,景況感,見通,やや緩和,,,24
2022-02-01,周辺地域競合状況DI,,景況感,見通,かなり緩和,,,0
2022-03-01,周辺地域競合状況DI,,景況感,見通,かなり厳しい,,,45
2022-03-01,周辺地域競合状況DI,,景況感,見通,やや厳しい,,,328
2022-03-01,周辺地域競合状況DI,,景況感,見通,変わらない,,,605
2022-03-01,周辺地域競合状況DI,,景況感,見通,やや緩和,,,23
2022-03-01,周辺地域競合状況DI,,景況感,見通,かなり緩和,,,0
2022-04-01,周辺地域競合状況DI,,景況感,見通,かなり厳しい,,,49
2022-04-01,周辺地域競合状況DI,,景況感,見通,やや厳しい,,,265
2022-04-01,周辺地域競合状況DI,,景況感,見通,変わらない,,,665
2022-04-01,周辺地域競合状況DI,,景況感,見通,やや緩和,,,22
2022-04-01,周辺地域競合状況DI,,景況感,見通,かなり緩和,,,0
2022-05-01,周辺地域競合状況DI,,景況感,見通,かなり厳しい,,,40
2022-05-01,周辺地域競合状況DI,,景況感,見通,やや厳しい,,,284
2022-05-01,周辺地域競合状況DI,,景況感,見通,変わらない,,,659
2022-05-01,周辺地域競合状況DI,,景況感,見通,やや緩和,,,17
2022-05-01,周辺地域競合状況DI,,景況感,見通,かなり緩和,,,0
2022-06-01,周辺地域競合状況DI,,景況感,見通,かなり厳しい,,,60
2022-06-01,周辺地域競合状況DI,,景況感,見通,やや厳しい,,,306
2022-06-01,周辺地域競合状況DI,,景況感,見通,変わらない,,,628
2022-06-01,周辺地域競合状況DI,,景況感,見通,やや緩和,,,5
2022-06-01,周辺地域競合状況DI,,景況感,見通,かなり緩和,,,0
2022-07-01,周辺地域競合状況DI,,景況感,見通,かなり厳しい,,,50
2022-07-01,周辺地域競合状況DI,,景況感,見通,やや厳しい,,,313
2022-07-01,周辺地域競合状況DI,,景況感,見通,変わらない,,,626
2022-07-01,周辺地域競合状況DI,,景況感,見通,やや緩和,,,11
2022-07-01,周辺地域競合状況DI,,景況感,見通,かなり緩和,,,0
2022-08-01,周辺地域競合状況DI,,景況感,見通,かなり厳しい,,,63
2022-08-01,周辺地域競合状況DI,,景況感,見通,やや厳しい,,,257
2022-08-01,周辺地域競合状況DI,,景況感,見通,変わらない,,,651
2022-08-01,周辺地域競合状況DI,,景況感,見通,やや緩和,,,29
2022-08-01,周辺地域競合状況DI,,景況感,見通,かなり緩和,,,0
2022-09-01,周辺地域競合状況DI,,景況感,見通,かなり厳しい,,,71
2022-09-01,周辺地域競合状況DI,,景況感,見通,やや厳しい,,,302
2022-09-01,周辺地域競合状況DI,,景況感,見通,変わらない,,,604
2022-09-01,周辺地域競合状況DI,,景況感,見通,やや緩和,,,22
2022-09-01,周辺地域競合状況DI,,景況感,見通,かなり緩和,,,0
2022-10-01,周辺地域競合状況DI,,景況感,見通,かなり厳しい,,,56
2022-10-01,周辺地域競合状況DI,,景況感,見通,やや厳しい,,,306
2022-10-01,周辺地域競合状況DI,,景況感,見通,変わらない,,,606
2022-10-01,周辺地域競合状況DI,,景況感,見通,やや緩和,,,33
2022-10-01,周辺地域競合状況DI,,景況感,見通,かなり緩和,,,0
2022-11-01,周辺地域競合状況DI,,景況感,見通,かなり厳しい,,,68
2022-11-01,周辺地域競合状況DI,,景況感,見通,やや厳しい,,,305
2022-11-01,周辺地域競合状況DI,,景況感,見通,変わらない,,,599
2022-11-01,周辺地域競合状況DI,,景況感,見通,やや緩和,,,28
2022-11-01,周辺地域競合状況DI,,景況感,見通,かなり緩和,,,0
2022-12-01,周辺地域競合状況DI,,景況感,見通,かなり厳しい,,,38
2022-12-01,周辺地域競合状況DI,,景況感,見通,やや厳しい,,,273
2022-12-01,周辺地域競合状況DI,,景況感,見通,変わらない,,,672
2022-12-01,周辺地域競合状況DI,,景況感,見通,やや緩和,,,16
2022-12-01,周辺地域競合状況DI,,景況感,見通,かなり緩和,,,0
2023-01-01,周辺地域競合状況DI,,景況感,見通,かなり厳しい,,,32
2023-01-01,周辺地域競合状況DI,,景況感,見通,やや厳しい,,,330
2023-01-01,周辺地域競合状況DI,,景況感,見通,変わらない,,,612
2023-01-01,周辺地域競合状況DI,,景況感,見通,やや緩和,,,21
2023-01-01,周辺地域競合状況DI,,景況感,見通,かなり緩和,,,5
2023-02-01,周辺地域競合状況DI,,景況感,見通,かなり厳しい,,,49
2023-02-01,周辺地域競合状況DI,,景況感,見通,やや厳しい,,,332
2023-02-01,周辺地域競合状況DI,,景況感,見通,変わらない,,,598
2023-02-01,周辺地域競合状況DI,,景況感,見通,やや緩和,,,16
2023-02-01,周辺地域競合状況DI,,景況感,見通,かなり緩和,,,5
2023-03-01,周辺地域競合状況DI,,景況感,見通,かなり厳しい,,,43
2023-03-01,周辺地域競合状況DI,,景況感,見通,やや厳しい,,,324
2023-03-01,周辺地域競合状況DI,,景況感,見通,変わらない,,,616
2023-03-01,周辺地域競合状況DI,,景況感,見通,やや緩和,,,16
2023-03-01,周辺地域競合状況DI,,景況感,見通,かなり緩和,,,0
2023-04-01,周辺地域競合状況DI,,景況感,見通,かなり厳しい,,,34
2023-04-01,周辺地域競合状況DI,,景況感,見通,やや厳しい,,,254
2023-04-01,周辺地域競合状況DI,,景況感,見通,変わらない,,,678
2023-04-01,周辺地域競合状況DI,,景況感,見通,やや緩和,,,28
2023-04-01,周辺地域競合状況DI,,景況感,見通,かなり緩和,,,6
2023-05-01,周辺地域競合状況DI,,景況感,見通,かなり厳しい,,,40
2023-05-01,周辺地域競合状況DI,,景況感,見通,やや厳しい,,,226
2023-05-01,周辺地域競合状況DI,,景況感,見通,変わらない,,,706
2023-05-01,周辺地域競合状況DI,,景況感,見通,やや緩和,,,23
2023-05-01,周辺地域競合状況DI,,景況感,見通,かなり緩和,,,6
2023-06-01,周辺地域競合状況DI,,景況感,見通,かなり厳しい,,,51
2023-06-01,周辺地域競合状況DI,,景況感,見通,やや厳しい,,,213
2023-06-01,周辺地域競合状況DI,,景況感,見通,変わらない,,,685
2023-06-01,周辺地域競合状況DI,,景況感,見通,やや緩和,,,45
2023-06-01,周辺地域競合状況DI,,景況感,見通,かなり緩和,,,6
2023-07-01,周辺地域競合状況DI,,景況感,見通,かなり厳しい,,,33
2023-07-01,周辺地域競合状況DI,,景況感,見通,やや厳しい,,,243
2023-07-01,周辺地域競合状況DI,,景況感,見通,変わらない,,,674
2023-07-01,周辺地域競合状況DI,,景況感,見通,やや緩和,,,39
2023-07-01,周辺地域競合状況DI,,景況感,見通,かなり緩和,,,11
2023-08-01,周辺地域競合状況DI,,景況感,見通,かなり厳しい,,,27
2023-08-01,周辺地域競合状況DI,,景況感,見通,やや厳しい,,,203
2023-08-01,周辺地域競合状況DI,,景況感,見通,変わらない,,,727
2023-08-01,周辺地域競合状況DI,,景況感,見通,やや緩和,,,37
2023-08-01,周辺地域競合状況DI,,景況感,見通,かなり緩和,,,5
2023-09-01,周辺地域競合状況DI,,景況感,見通,かなり厳しい,,,28
2023-09-01,周辺地域競合状況DI,,景況感,見通,やや厳しい,,,210
2023-09-01,周辺地域競合状況DI,,景況感,見通,変わらない,,,705
2023-09-01,周辺地域競合状況DI,,景況感,見通,やや緩和,,,57
2023-09-01,周辺地域競合状況DI,,景況感,見通,かなり緩和,,,0
2023-10-01,周辺地域競合状況DI,,景況感,見通,かなり厳しい,,,23
2023-10-01,周辺地域競合状況DI,,景況感,見通,やや厳しい,,,181
2023-10-01,周辺地域競合状況DI,,景況感,見通,変わらない,,,749
2023-10-01,周辺地域競合状況DI,,景況感,見通,やや緩和,,,47
2023-10-01,周辺地域競合状況DI,,景況感,見通,かなり緩和,,,0
2023-11-01,周辺地域競合状況DI,,景況感,見通,かなり厳しい,,,33
2023-11-01,周辺地域競合状況DI,,景況感,見通,やや厳しい,,,227
2023-11-01,周辺地域競合状況DI,,景況感,見通,変わらない,,,696
2023-11-01,周辺地域競合状況DI,,景況感,見通,やや緩和,,,44
2023-11-01,周辺地域競合状況DI,,景況感,見通,かなり緩和,,,0
2023-12-01,周辺地域競合状況DI,,景況感,見通,かなり厳しい,,,34
2023-12-01,周辺地域競合状況DI,,景況感,見通,やや厳しい,,,202
2023-12-01,周辺地域競合状況DI,,景況感,見通,変わらない,,,713
2023-12-01,周辺地域競合状況DI,,景況感,見通,やや緩和,,,45
2023-12-01,周辺地域競合状況DI,,景況感,見通,かなり緩和,,,6
2024-01-01,周辺地域競合状況DI,,景況感,見通,かなり厳しい,,,51
2024-01-01,周辺地域競合状況DI,,景況感,見通,やや厳しい,,,181
2024-01-01,周辺地域競合状況DI,,景況感,見通,変わらない,,,734
2024-01-01,周辺地域競合状況DI,,景況感,見通,やや緩和,,,34
2024-01-01,周辺地域競合状況DI,,景況感,見通,かなり緩和,,,0
2024-02-01,周辺地域競合状況DI,,景況感,見通,かなり厳しい,,,28
2024-02-01,周辺地域競合状況DI,,景況感,見通,やや厳しい,,,199
2024-02-01,周辺地域競合状況DI,,景況感,見通,変わらない,,,750
2024-02-01,周辺地域競合状況DI,,景況感,見通,やや緩和,,,23
2024-02-01,周辺地域競合状況DI,,景況感,見通,かなり緩和,,,0
2024-03-01,周辺地域競合状況DI,,景況感,見通,かなり厳しい,,,34
2024-03-01,周辺地域競合状況DI,,景況感,見通,やや厳しい,,,181
2024-03-01,周辺地域競合状況DI,,景況感,見通,変わらない,,,729
2024-03-01,周辺地域競合状況DI,,景況感,見通,やや緩和,,,51
2024-03-01,周辺地域競合状況DI,,景況感,見通,かなり緩和,,,6
2024-04-01,周辺地域競合状況DI,,景況感,見通,かなり厳しい,,,37
2024-04-01,周辺地域競合状況DI,,景況感,見通,やや厳しい,,,232
2024-04-01,周辺地域競合状況DI,,景況感,見通,変わらない,,,689
2024-04-01,周辺地域競合状況DI,,景況感,見通,やや緩和,,,43
2024-04-01,周辺地域競合状況DI,,景況感,見通,かなり緩和,,,0
2024-05-01,周辺地域競合状況DI,,景況感,見通,かなり厳しい,,,35
2024-05-01,周辺地域競合状況DI,,景況感,見通,やや厳しい,,,260
2024-05-01,周辺地域競合状況DI,,景況感,見通,変わらない,,,676
2024-05-01,周辺地域競合状況DI,,景況感,見通,やや緩和,,,23
2024-05-01,周辺地域競合状況DI,,景況感,見通,かなり緩和,,,6
2024-06-01,周辺地域競合状況DI,,景況感,見通,かなり厳しい,,,28
2024-06-01,周辺地域競合状況DI,,景況感,見通,やや厳しい,,,227
2024-06-01,周辺地域競合状況DI,,景況感,見通,変わらない,,,733
2024-06-01,周辺地域競合状況DI,,景況感,見通,やや緩和,,,11
2024-06-01,周辺地域競合状況DI,,景況感,見通,かなり緩和,,,0
2024-07-01,周辺地域競合状況DI,,景況感,見通,かなり厳しい,,,23
2024-07-01,周辺地域競合状況DI,,景況感,見通,やや厳しい,,,256
2024-07-01,周辺地域競合状況DI,,景況感,見通,変わらない,,,705
2024-07-01,周辺地域競合状況DI,,景況感,見通,やや緩和,,,17
2024-07-01,周辺地域競合状況DI,,景況感,見通,かなり緩和,,,0
2024-08-01,周辺地域競合状況DI,,景況感,見通,かなり厳しい,,,29
2024-08-01,周辺地域競合状況DI,,景況感,見通,やや厳しい,,,222
2024-08-01,周辺地域競合状況DI,,景況感,見通,変わらない,,,737
2024-08-01,周辺地域競合状況DI,,景況感,見通,やや緩和,,,12
2024-08-01,周辺地域競合状況DI,,景況感,見通,かなり緩和,,,0
2024-09-01,周辺地域競合状況DI,,景況感,見通,かなり厳しい,,,37
2024-09-01,周辺地域競合状況DI,,景況感,見通,やや厳しい,,,198
2024-09-01,周辺地域競合状況DI,,景況感,見通,変わらない,,,753
2024-09-01,周辺地域競合状況DI,,景況感,見通,やや緩和,,,12
2024-09-01,周辺地域競合状況DI,,景況感,見通,かなり緩和,,,0
@CsvOptions:,,,,,,,,
dataType=0,,,,,,,,
title=スーパーマーケット経営動向(DI) 単位:100.0％,,,,,,,,
searchPrefixDataIndex=4,,,,,,,,
searchPrefix=スーパーマーケット,,,,,,,,
dataReference=<ul><li><a target%3d'_blank' href%3d'http://www.j-sosm.jp/dl/index.html'>スーパーマーケット 経営動向・景況感 調査結果@一般社団法人全国スーパーマーケット協会</a></li></ul>,,,,,,,,
detailType=name,,,,,,,,
isMakeAutocompleteData=1,,,,,,,,
chartMap[isShow]=0,,,,,,,,
chartName[isShow]=1,,,,,,,,
chartName[imagePath]=@tube,,,,,,,,
chartName[imageTooltip]=all,,,,,,,,
chartCity[isShow]=0,,,,,,,,
chartDate[isShow]=1,,,,,,,,
chartDate[elasticY]=1,,,,,,,,
chartDate[width]=1000,,,,,,,,
chartDate[format]=YYYY,,,,,,,,
chartYear[isShow]=1,,,,,,,,
chartSex[isShow]=1,,,,,,,,
chartSex[unit]=null,,,,,,,,
chartSex[chartType]=bar,,,,,,,,
chartSex[isLegend]=0,,,,,,,,
chartAge[isShow]=1,,,,,,,,
chartAge[unit]=null,,,,,,,,
chartCond[isShow]=1,,,,,,,,
chartJob[isShow]=0,,,,,,,,
chartJob[isPanGmap]=0,,,,,,,,
chartJob[isPanGmapMarker]=0,,,,,,,,
editUrl=https://docs.google.com/spreadsheets/d/1kt3TyZR2gsVUSyIAkl-6Yy6-L7ZOzYhpgXyIUiDztfI/edit?gid=362450162#gid=362450162
